$MeshFormat
2.2 0 8
$EndMeshFormat
$PhysicalNames
1
3 1 "tissue"
$EndPhysicalNames
$Nodes
1292
1 0 0 0.08
2 0 0 0
3 0 0.08 0.08
4 0 0.08 0
5 0.08 0 0.08
6 0.08 0 0
7 0.08 0.08 0.08
8 0.08 0.08 0
9 0 0 0.01142857142857141
10 0 0 0.0228571428571428
11 0 0 0.03428571428571419
12 0 0 0.04571428571428559
13 0 0 0.05714285714285704
14 0 0 0.06857142857142852
15 0 0.01056082327946047 0.08
16 0 0.02110208150627583 0.08
17 0 0.03087420452769446 0.08
18 0 0.03999999999999995 0.08
19 0 0.04912579547230544 0.08
20 0 0.05889791849372401 0.08
21 0 0.06943917672053947 0.08
22 0 0.08 0.01142857142857141
23 0 0.08 0.0228571428571428
24 0 0.08 0.03428571428571419
25 0 0.08 0.04571428571428559
26 0 0.08 0.05714285714285704
27 0 0.08 0.06857142857142852
28 0 0.01142857142857141 0
29 0 0.0228571428571428 0
30 0 0.03428571428571419 0
31 0 0.04571428571428559 0
32 0 0.05714285714285704 0
33 0 0.06857142857142852 0
34 0.08 0 0.01142857142857141
35 0.08 0 0.0228571428571428
36 0.08 0 0.03428571428571419
37 0.08 0 0.04571428571428559
38 0.08 0 0.05714285714285704
39 0.08 0 0.06857142857142852
40 0.08 0.01056082327946047 0.08
41 0.08 0.02110208150627583 0.08
42 0.08 0.03087420452769446 0.08
43 0.08 0.03999999999999995 0.08
44 0.08 0.04912579547230544 0.08
45 0.08 0.05889791849372401 0.08
46 0.08 0.06943917672053947 0.08
47 0.08 0.08 0.01142857142857141
48 0.08 0.08 0.0228571428571428
49 0.08 0.08 0.03428571428571419
50 0.08 0.08 0.04571428571428559
51 0.08 0.08 0.05714285714285704
52 0.08 0.08 0.06857142857142852
53 0.08 0.01142857142857141 0
54 0.08 0.0228571428571428 0
55 0.08 0.03428571428571419 0
56 0.08 0.04571428571428559 0
57 0.08 0.05714285714285704 0
58 0.08 0.06857142857142852 0
59 0.01142857142857141 0 0
60 0.0228571428571428 0 0
61 0.03428571428571419 0 0
62 0.04571428571428559 0 0
63 0.05714285714285704 0 0
64 0.06857142857142852 0 0
65 0.01056082327946047 0 0.08
66 0.02110208150627583 0 0.08
67 0.03087420452769446 0 0.08
68 0.03999999999999995 0 0.08
69 0.04912579547230544 0 0.08
70 0.05889791849372401 0 0.08
71 0.06943917672053947 0 0.08
72 0.01142857142857141 0.08 0
73 0.0228571428571428 0.08 0
74 0.03428571428571419 0.08 0
75 0.04571428571428559 0.08 0
76 0.05714285714285704 0.08 0
77 0.06857142857142852 0.08 0
78 0.01056082327946047 0.08 0.08
79 0.02110208150627583 0.08 0.08
80 0.03087420452769446 0.08 0.08
81 0.03999999999999995 0.08 0.08
82 0.04912579547230544 0.08 0.08
83 0.05889791849372401 0.08 0.08
84 0.06943917672053947 0.08 0.08
85 0 0.03921674775225657 0.01076252367818045
86 0 0.04417605227514511 0.0719927971865485
87 0 0.06996909340914348 0.03991082957416321
88 0 0.009839881477952452 0.03983771557858587
89 0 0.02598814301698514 0.07181696125289358
90 0 0.06986585845774383 0.06370511887208
91 0 0.01761908867747987 0.0102083378650456
92 0 0.06299170938203544 0.009758192771830463
93 0 0.01100030396679226 0.06294595196432864
94 0 0.06979822062419007 0.0515604072731501
95 0 0.05960762929364237 0.04556441657177092
96 0 0.05968980133079357 0.03387906184367507
97 0 0.04954850863762243 0.03974012018076211
98 0 0.04937598283855645 0.05101664129333443
99 0 0.03990842577440749 0.04541398697510056
100 0 0.03953323726105148 0.03414009851278521
101 0 0.03980342271631596 0.05587026498398374
102 0 0.0306218670146204 0.05076128544293503
103 0 0.04891305219653345 0.06319572165669145
104 0 0.05923336461255438 0.05722217714912764
105 0 0.05853854566263301 0.06824116973573913
106 0 0.03068550298696587 0.0619231331113467
107 0 0.02100379737215606 0.05599256583560415
108 0 0.0207406904837738 0.04511103565628556
109 0 0.0491413206854506 0.02840603023255091
110 0 0.03873510141019608 0.0229690925109652
111 0 0.02902548702463313 0.02873799320696666
112 0 0.02854527718353363 0.01729991313241104
113 0 0.01840359339333758 0.02313927311497237
114 0 0.05882412176934188 0.02089112548010373
115 0 0.01043077888344576 0.0511240686486578
116 0 0.07010256681389217 0.02857142857142849
117 0 0.05190913172782297 0.009999119423731809
118 0 0.01644307668898248 0.07185461392659333
119 0 0.03543710226384721 0.07209682929124248
120 0 0.07078523198754942 0.01709762530076716
121 0 0.008861052816308713 0.01741880995296498
122 0 0.02980040908316282 0.03974093661486687
123 0 0.009096081748247095 0.02860470274285175
124 0 0.01948435720185115 0.0341952761524215
125 0 0.03999999999999992 0.06482704257399011
126 0 0.02857142857142849 0.007531930488475377
127 0 0.06640295433869187 0.07229438612475494
128 0 0.04756528466901362 0.01860557826510642
129 0 0.008308105880629198 0.008308105880629198
130 0 0.0716918941193708 0.008308105880629205
131 0 0.02102416480637637 0.06490664521815329
132 0 0.007600840787047041 0.0726743988924701
133 0 0.05197814208460987 0.07308441644305888
134 0 0.07359245231964495 0.07330605173424172
135 0.08 0.03921674775225653 0.01076252367818047
136 0.08 0.04417605227514512 0.0719927971865485
137 0.08 0.06996909340914348 0.03991082957416321
138 0.08 0.009839881477952447 0.0398377155785859
139 0.08 0.02598814301698514 0.07181696125289358
140 0.08 0.06986585845774385 0.06370511887208
141 0.08 0.06299170938203541 0.009758192771830463
142 0.08 0.01761908867747986 0.01020833786504562
143 0.08 0.01100030396679227 0.06294595196432866
144 0.08 0.06979822062419007 0.05156040727315009
145 0.08 0.05960762929364238 0.04556441657177092
146 0.08 0.05968980133079355 0.03387906184367506
147 0.08 0.04954850863762243 0.03974012018076214
148 0.08 0.04937598283855647 0.05101664129333445
149 0.08 0.03990842577440751 0.04541398697510059
150 0.08 0.03953323726105147 0.03414009851278525
151 0.08 0.03980342271631597 0.05587026498398377
152 0.08 0.03062186701462042 0.05076128544293507
153 0.08 0.04891305219653347 0.06319572165669146
154 0.08 0.05923336461255441 0.05722217714912765
155 0.08 0.05853854566263306 0.06824116973573913
156 0.08 0.03068550298696589 0.06192313311134673
157 0.08 0.02100379737215608 0.05599256583560418
158 0.08 0.02074069048377381 0.0451110356562856
159 0.08 0.04914132068545057 0.02840603023255093
160 0.08 0.03873510141019603 0.02296909251096524
161 0.08 0.02902548702463311 0.02873799320696672
162 0.08 0.0285452771835336 0.0172999131324111
163 0.08 0.01840359339333755 0.02313927311497244
164 0.08 0.05882412176934185 0.02089112548010372
165 0.08 0.01043077888344577 0.05112406864865782
166 0.08 0.07010256681389217 0.02857142857142849
167 0.08 0.05190913172782294 0.009999119423731811
168 0.08 0.01644307668898249 0.07185461392659334
169 0.08 0.03543710226384721 0.07209682929124248
170 0.08 0.07078523198754941 0.01709762530076716
171 0.08 0.008861052816308695 0.01741880995296499
172 0.08 0.02980040908316283 0.03974093661486692
173 0.08 0.009096081748247064 0.02860470274285176
174 0.08 0.01948435720185113 0.03419527615242155
175 0.08 0.03999999999999992 0.06482704257399013
176 0.08 0.02857142857142849 0.007531930488475432
177 0.08 0.06640295433869192 0.07229438612475494
178 0.08 0.04756528466901359 0.01860557826510643
179 0.08 0.008308105880629198 0.008308105880629198
180 0.08 0.07169189411937078 0.008308105880629217
181 0.08 0.02102416480637637 0.0649066452181533
182 0.08 0.007600840787047045 0.0726743988924701
183 0.08 0.0519781420846099 0.07308441644305888
184 0.08 0.07359245231964497 0.07330605173424171
185 0.03928560119149512 0 0.01069064511470513
186 0.04415567925111355 0 0.07200455955745733
187 0.06996909340914348 0 0.03991082957416321
188 0.01006801885384053 0 0.03980207510884927
189 0.02598814301698514 0 0.07181696125289358
190 0.06967995764841087 0 0.06371891522716402
191 0.06308059125764416 0 0.009706321097604578
192 0.009352214209164274 0 0.01722067401175905
193 0.01100030396679225 0 0.06294595196432863
194 0.06957490951838168 0 0.05159805936847323
195 0.05937808313842142 0 0.04560604462380058
196 0.05977420513368387 0 0.03386069783105354
197 0.04957827142031718 0 0.03971119949605957
198 0.04915035797221584 0 0.05105411189069808
199 0.03987578209379987 0 0.04541541196054408
200 0.03962766573528033 0 0.03405160633279231
201 0.03976037795849124 0 0.05587674758111827
202 0.03062186701462041 0 0.05076128544293501
203 0.04863507259112065 0 0.06323466595075408
204 0.05897523763331618 0 0.05725830393438483
205 0.058255908401132 0 0.06822155587555799
206 0.03068111066473885 0 0.06192379460085021
207 0.02100306531845155 0 0.05599267608385472
208 0.02078612631181887 0 0.04508983046581738
209 0.04928834364770558 0 0.02836413625738795
210 0.03885162301721288 0 0.02285575678439285
211 0.02937400456086793 0 0.02856682682530229
212 0.02833533367555088 0 0.01675805346418207
213 0.05888300183060865 0 0.02086692503378445
214 0.07010256681389217 0 0.02857142857142849
215 0.01047625240848386 0 0.05111461274666543
216 0.05196054292186086 0 0.009964915399357625
217 0.009692710586641446 0 0.02857139221613498
218 0.01644307668898248 0 0.07185461392659333
219 0.03543710226384721 0 0.07209682929124246
220 0.0707916425949732 0 0.01709432493457663
221 0.01799073062481774 0 0.01005195548366483
222 0.02992751877875072 0 0.03965872301734996
223 0.01900411010219319 0 0.02253937984629198
224 0.01980874819901878 0 0.03403803791329097
225 0.03999999999999992 0 0.06482704257399011
226 0.06621444972609589 0 0.07228834793635482
227 0.02857142857142849 0 0.007406440014477853
228 0.04765382252177662 0 0.0185484757179256
229 0.008308105880629198 0 0.008308105880629198
230 0.07169189411937078 0 0.008308105880629212
231 0.02102313993119005 0 0.06490679956570408
232 0.00760084078704704 0 0.0726743988924701
233 0.07353896583079797 0 0.07330716004376799
234 0.05185590394042048 0 0.07315499066851189
235 0.03928560119149512 0.08 0.01069064511470513
236 0.04415567925111355 0.08 0.07200455955745733
237 0.06996909340914348 0.08 0.03991082957416321
238 0.01006801885384053 0.08 0.03980207510884927
239 0.02598814301698514 0.08 0.07181696125289358
240 0.06967995764841087 0.08 0.06371891522716402
241 0.06308059125764416 0.08 0.009706321097604578
242 0.009352214209164274 0.08 0.01722067401175905
243 0.01100030396679225 0.08 0.06294595196432863
244 0.06957490951838168 0.08 0.05159805936847323
245 0.05937808313842142 0.08 0.04560604462380058
246 0.05977420513368387 0.08 0.03386069783105354
247 0.04957827142031718 0.08 0.03971119949605957
248 0.04915035797221584 0.08 0.05105411189069808
249 0.03987578209379987 0.08 0.04541541196054408
250 0.03962766573528033 0.08 0.03405160633279231
251 0.03976037795849124 0.08 0.05587674758111827
252 0.03062186701462041 0.08 0.05076128544293501
253 0.04863507259112065 0.08 0.06323466595075408
254 0.05897523763331618 0.08 0.05725830393438483
255 0.058255908401132 0.08 0.06822155587555799
256 0.03068111066473885 0.08 0.06192379460085021
257 0.02100306531845155 0.08 0.05599267608385472
258 0.02078612631181887 0.08 0.04508983046581738
259 0.04928834364770558 0.08 0.02836413625738795
260 0.03885162301721288 0.08 0.02285575678439285
261 0.02937400456086793 0.08 0.02856682682530229
262 0.02833533367555088 0.08 0.01675805346418207
263 0.05888300183060865 0.08 0.02086692503378445
264 0.07010256681389217 0.08 0.02857142857142849
265 0.01047625240848386 0.08 0.05111461274666543
266 0.05196054292186086 0.08 0.009964915399357625
267 0.009692710586641446 0.08 0.02857139221613498
268 0.01644307668898248 0.08 0.07185461392659333
269 0.03543710226384721 0.08 0.07209682929124246
270 0.0707916425949732 0.08 0.01709432493457663
271 0.01799073062481774 0.08 0.01005195548366483
272 0.02992751877875072 0.08 0.03965872301734996
273 0.01900411010219319 0.08 0.02253937984629198
274 0.01980874819901878 0.08 0.03403803791329097
275 0.03999999999999992 0.08 0.06482704257399011
276 0.06621444972609589 0.08 0.07228834793635482
277 0.02857142857142849 0.08 0.007406440014477853
278 0.04765382252177662 0.08 0.0185484757179256
279 0.008308105880629198 0.08 0.008308105880629198
280 0.07169189411937078 0.08 0.008308105880629212
281 0.02102313993119005 0.08 0.06490679956570408
282 0.00760084078704704 0.08 0.0726743988924701
283 0.07353896583079797 0.08 0.07330716004376799
284 0.05185590394042048 0.08 0.07315499066851189
285 0.03968603227271831 0.01120631394864601 0
286 0.03924866340513807 0.06921627484340812 0
287 0.06996909340914348 0.03991082957416321 0
288 0.009832045981348942 0.03970789698035988 0
289 0.06326395504321899 0.07038824724804711 0
290 0.009488628167187436 0.06282848820243485 0
291 0.01654597073959284 0.00959808939497016 0
292 0.06308102438485394 0.009702845874423403 0
293 0.07007138906245147 0.05150288011676855 0
294 0.059748025009289 0.04566260228272959 0
295 0.05981959522979228 0.0338384873465892 0
296 0.04941196411529885 0.03957065597486042 0
297 0.04907629956861571 0.05114643066511834 0
298 0.03890690905076548 0.04534287160196766 0
299 0.03908514547128197 0.0334403086292893 0
300 0.02863176159473192 0.03925830571783795 0
301 0.02845299613481785 0.05125696558589866 0
302 0.02938803726867848 0.0280423072973384 0
303 0.05887815322415665 0.05897198754341813 0
304 0.04923850754393504 0.02811614401469072 0
305 0.05891238610446035 0.02081831024646269 0
306 0.03861156594106974 0.05689375182039947 0
307 0.02854269451330996 0.06298975506157725 0
308 0.05199282214135293 0.06995342540918363 0
309 0.009671902593086599 0.05127291488789339 0
310 0.07005638327919013 0.02845970298939489 0
311 0.05206720146847735 0.0100310742764457 0
312 0.009609657611929567 0.02822641417063546 0
313 0.02718571232720957 0.01026571979273125 0
314 0.03934056161968633 0.0229689707886085 0
315 0.07079803478519263 0.06290601301536822 0
316 0.07079093255516165 0.01708721784410493 0
317 0.01800257421457324 0.06996034091351225 0
318 0.009150185861511164 0.01714285714285711 0
319 0.02033913025274002 0.02070712809265555 0
320 0.01894014685806829 0.05723851882266071 0
321 0.01948208552543465 0.04512264828464783 0
322 0.01971532399044331 0.03312473359751196 0
323 0.04770901831846128 0.06114404282022846 0
324 0.02857142857142849 0.07260041097849343 0
325 0.04784893780185548 0.01862816265497072 0
326 0.07169189411937073 0.07169189411937073 0
327 0.008308105880629198 0.008308105880629198 0
328 0.008308105880629212 0.07169189411937078 0
329 0.0716918941193708 0.008308105880629205 0
330 0.03118789474820655 0.01863808798399594 0
331 0.0456063473410685 0.07299182420524948 0.08
332 0.04527981008153266 0.007482716007276386 0.08
333 0.007155518638065142 0.04608128186356093 0.08
334 0.07306952784103199 0.04561257531185735 0.08
335 0.00818303874710642 0.02598814301698514 0.08
336 0.07213706206993627 0.02656001754852453 0.08
337 0.02627023623202664 0.07231065814437715 0.08
338 0.0262920075628574 0.008016690443583283 0.08
339 0.07098678927213299 0.06563815232344525 0.08
340 0.009818430536900562 0.06284000045238076 0.08
341 0.06416854760713173 0.008795952098864556 0.08
342 0.07259195124242618 0.03401461928225245 0.08
343 0.06547814196628082 0.03981497842272205 0.08
344 0.06581313868199169 0.03070348986574755 0.08
345 0.0653692171137147 0.02345552683982046 0.08
346 0.06015931581381624 0.0270504795085055 0.08
347 0.05971209776563832 0.03256343288390479 0.08
348 0.05539769371082518 0.02979686114603148 0.08
349 0.0552211714598984 0.03485285942696537 0.08
350 0.05095574555469096 0.03222513659326261 0.08
351 0.05081128315711181 0.03722803175970048 0.08
352 0.04655565591596091 0.0346117692329631 0.08
353 0.0464199269540272 0.03960915632384725 0.08
354 0.04216043598242817 0.03699205229478081 0.08
355 0.04202443764288728 0.04199005665185222 0.08
356 0.0506817021303988 0.04222632877226064 0.08
357 0.03776424814100724 0.03937298585554437 0.08
358 0.03757021854584493 0.04460566316320791 0.08
359 0.04229570727993039 0.03199563857656099 0.08
360 0.04188860474377706 0.04698811775323269 0.08
361 0.03335809722219102 0.04179313529443973 0.08
362 0.03350236348033298 0.03676241767267395 0.08
363 0.03314049386623835 0.04676537936900212 0.08
364 0.02910549072184799 0.03914458977614445 0.08
365 0.0292436033908143 0.0341388385948533 0.08
366 0.05106287978894027 0.0272260579993698 0.08
367 0.02484665739939249 0.03652120620426361 0.08
368 0.0236012306339619 0.04180422485325586 0.08
369 0.02498314252933593 0.03152200565558863 0.08
370 0.02937981726344558 0.02914072981761575 0.08
371 0.0251194074452604 0.02652369143784594 0.08
372 0.02951604547721589 0.0241425633220601 0.08
373 0.02070674707941003 0.03395521872998022 0.08
374 0.02530042391967761 0.02145231159620739 0.08
375 0.03377645030211195 0.02675959414674284 0.08
376 0.03391267797779782 0.0217614528607038 0.08
377 0.03817308106876322 0.02437848512839117 0.08
378 0.03830930917781489 0.01938034978383829 0.08
379 0.04256850790565411 0.02199515986125589 0.08
380 0.05944034499411331 0.02090598162468534 0.08
381 0.02085900929378345 0.02390660609988466 0.08
382 0.02095526021019633 0.01882242010030477 0.08
383 0.03404890224343918 0.0167633068637841 0.08
384 0.03601046111810291 0.00757214181991079 0.08
385 0.04267950675353461 0.01704158408400661 0.08
386 0.04699390073152504 0.01962165829591712 0.08
387 0.05943327942891135 0.03756590563045914 0.08
388 0.0723081844071109 0.018227038419961 0.08
389 0.01515373046983763 0.02149116662370699 0.08
390 0.0155869216976658 0.01483335963790374 0.08
391 0.007002021621015136 0.03350087383722988 0.08
392 0.01452185803371917 0.03981497842272205 0.08
393 0.03396017874075415 0.07261631424553762 0.08
394 0.04007168410925115 0.06579842713054312 0.08
395 0.03065431531460524 0.06584141855021346 0.08
396 0.0232142139597078 0.06553149057380311 0.08
397 0.02687146687230809 0.06012321265964501 0.08
398 0.03256343288390479 0.05971209776563832 0.08
399 0.02090598162468535 0.0594403449941133 0.08
400 0.02410648238753155 0.05503341966343837 0.08
401 0.01866577938121546 0.05458395483776088 0.08
402 0.02166212786049687 0.05032021134091937 0.08
403 0.01650910206382527 0.0498443301417432 0.08
404 0.006963048267254941 0.05338430715973398 0.08
405 0.02697281013219598 0.05104975120695369 0.08
406 0.0197583031072092 0.04590401036560164 0.08
407 0.01662663643374321 0.07101109419696555 0.08
408 0.01598812155400237 0.02709816425988471 0.08
409 0.02960062162856201 0.05541199548508687 0.08
410 0.03482683761354929 0.05527479548255797 0.08
411 0.03754793310431494 0.05912694040760112 0.08
412 0.03984931489479052 0.05506951404024568 0.08
413 0.04254305040399686 0.05885902284775705 0.08
414 0.04484733188221963 0.05482705532177316 0.08
415 0.04755202313847141 0.05889885361802941 0.08
416 0.04983798796534285 0.05449839329188264 0.08
417 0.05254845794796685 0.05869780578795995 0.08
418 0.05484134711638603 0.05423666162680374 0.08
419 0.0576278811737856 0.05848743116319797 0.08
420 0.0598537501613278 0.05397210456470976 0.08
421 0.05526211427149428 0.06296186492346488 0.08
422 0.05711461481258539 0.04977805832872287 0.08
423 0.06210520254103608 0.04947958524275797 0.08
424 0.06552074981736469 0.05363818903326218 0.08
425 0.0595436560587937 0.04556140382209609 0.08
426 0.05210041772175193 0.07274180137411175 0.08
427 0.04674835795877424 0.04980797810329811 0.08
428 0.06248819600048283 0.06345382968965048 0.08
429 0.04461226237166795 0.06337453126863325 0.08
430 0.04689593453681955 0.014366259229716 0.08
431 0.05145113961844634 0.01714352806809339 0.08
432 0.05134701430496161 0.01122923318745436 0.08
433 0.05758432928109704 0.01469518548458467 0.08
434 0.0373834875996916 0.05019334607773257 0.08
435 0.06536953463475068 0.07164453480616254 0.08
436 0.07277467043476533 0.05251463790841596 0.08
437 0.02642410079704918 0.01540201686435926 0.08
438 0.013997257792305 0.0448121501423276 0.08
439 0.06394569964633202 0.04476276215086472 0.08
440 0.05216999090767892 0.05005283696146268 0.08
441 0.03776349453689948 0.01415295199381942 0.08
442 0.02975990311976105 0.01913919358327276 0.08
443 0.02069445754850302 0.02911784641469744 0.08
444 0.02058209787367778 0.03861343476464466 0.08
445 0.03363994808745131 0.03175883200161729 0.08
446 0.02887055735914135 0.04396259771398098 0.08
447 0.04243349146678094 0.02699553035978121 0.08
448 0.03789992334500412 0.03437641888786458 0.08
449 0.03803669004814546 0.02937688925502475 0.08
450 0.05026479942381444 0.06313950316258461 0.08
451 0.04628504060707365 0.04460701491136701 0.08
452 0.008855630369122286 0.01813728069712804 0.08
453 0.04668739553854258 0.02961801269847863 0.08
454 0.04682418998096784 0.02460466287719267 0.08
455 0.05111419690872552 0.0222416324687663 0.08
456 0.05464376434840426 0.04512408936099901 0.08
457 0.05477862475996503 0.03983776763009979 0.08
458 0.01609407751915882 0.05900089525410543 0.08
459 0.055375117552138 0.02453566587476345 0.08
460 0.02507119580835937 0.04683170095249257 0.08
461 0.009236630518076862 0.009194388811861017 0.08
462 0.03211922958611634 0.05125036904500406 0.08
463 0.06366911662142132 0.03538132775611143 0.08
464 0.035534622428897 0.06362470475635959 0.08
465 0.06757403163577 0.0481831934947092 0.08
466 0.01335409945497614 0.05405009285425967 0.08
467 0.04819619100935764 0.06782529282149669 0.08
468 0.0649187265865819 0.01639265809172521 0.08
469 0.017308758621745 0.00763516511535184 0.08
470 0.01148813254733247 0.04939501002015104 0.08
471 0.05724708958582888 0.007702290799707779 0.08
472 0.05807367204678428 0.06851323721666873 0.08
473 0.06284683822666257 0.05760693324808254 0.08
474 0.03121112737867328 0.01135277661281519 0.08
475 0.04214341941585061 0.05137720225925644 0.08
476 0.06136436545338608 0.04163557470562923 0.08
477 0.01772609659801657 0.06409008313201255 0.08
478 0.05287962296724191 0.06723912928156904 0.08
479 0.01708882408230469 0.03653295504966497 0.08
480 0.01647148169758889 0.03184593293033905 0.08
481 0.05010577119046598 0.04636364962187749 0.08
482 0.0550459357489208 0.01996069977635217 0.08
483 0.06874361398035191 0.05848311178959229 0.08
484 0.01194314035820897 0.03039013889824573 0.08
485 0.01275094614175134 0.03530939358151573 0.08
486 0.07180577255356065 0.008996078648335206 0.08
487 0.04199982034510227 0.01216147630482912 0.08
488 0.07254689802021848 0.07254374282535396 0.08
489 0.0179851915528338 0.04178335752331058 0.08
490 0.007694572923814612 0.07230542707618538 0.08
491 0.04366098135757798 0.06775240829976314 0.08
492 0.0399263372543959 0.0711779831908963 0.08
493 0.05237952558767052 0.005282847998887705 0.08
494 0.0294428715564437 0.04795762795408458 0.08
495 0.02131340977790274 0.01294193043230058 0.08
496 0.009415768448030605 0.0398100853523331 0.08
497 0.07117948097468556 0.03979873605260875 0.08
498 0.06818622301889718 0.04347929543927945 0.08
499 0.03602942756958068 0.06781176957471001 0.08
500 0.06774636589736112 0.03594263027588845 0.08
501 0.05788054803506561 0.04202939083021413 0.08
502 0.04019194572463961 0.06189705595666735 0.08
503 0.03039601401240246 0.01554850559780867 0.08
504 0.04071896431285142 0.04018276296924797 0.04087871496638228
505 0.02820767839713913 0.02648640650281579 0.0562682298316637
506 0.05215043860014432 0.0245563465622015 0.05609415627960102
507 0.02804801330416957 0.05096072155547159 0.05906786886806228
508 0.052076125107483 0.05266382308899663 0.05564887793381722
509 0.05972238331468495 0.03968276995273941 0.06247095505877701
510 0.04259812144749846 0.03912925825251116 0.06204089692801182
511 0.03894951817823647 0.06124084817152518 0.0644180869486828
512 0.02043364651380456 0.03813038213104369 0.06288320287299461
513 0.03524007965751577 0.05966816656581411 0.0420049782744555
514 0.05836169657171081 0.05190953644356848 0.03209286278879612
515 0.06048320053770354 0.03888179948192109 0.04209069176709161
516 0.01946655648745665 0.04870079134535021 0.03713158079402007
517 0.0248450183062979 0.02210243052221348 0.0296912578945691
518 0.04164860013688975 0.02099143176980621 0.04558800071850145
519 0.05093113838632152 0.02787007059689314 0.02351292760730893
520 0.03530305336797094 0.0487399336111457 0.02020329036988986
521 0.06021703325426411 0.01385571416472744 0.03869050020868647
522 0.0384109211674354 0.02236880228798292 0.06259945339322814
523 0.02201851191849274 0.0395040938671888 0.04946085893136983
524 0.03950902205131623 0.04948659036710547 0.05001395029691093
525 0.04976817669083913 0.04982304523925465 0.06877272515812874
526 0.05024282530495518 0.06607035233273501 0.06628971214094416
527 0.06509863576282496 0.05456165064590741 0.0665412545896967
528 0.03954118641997197 0.03146626810906811 0.04917453907007219
529 0.05145239670346095 0.04045355286128722 0.05280327850526414
530 0.02932033396914231 0.031608028254572 0.06903209817888209
531 0.02070823195131144 0.06252461133710016 0.04696180748055812
532 0.05104262423157521 0.03204254622308543 0.06708268083198402
533 0.01927781823172395 0.05181494921213373 0.06766606562771703
534 0.02480688849504667 0.06307763453085397 0.06305340893437175
535 0.0606608402561211 0.04597873669284092 0.05112870395676664
536 0.04754991354132153 0.03029428494172773 0.04317303298627803
537 0.02062656530221763 0.02518560343504739 0.06759456631829976
538 0.01443249701813641 0.02734049651376069 0.05528877785897388
539 0.0300875205464166 0.01408508633802193 0.06857586831689379
540 0.05110000867120318 0.0509042793439508 0.04496557052627284
541 0.06315415037172493 0.05845544976380843 0.03976365064441514
542 0.03650692533980918 0.04885076130349104 0.06812600779955315
543 0.06618716282239295 0.02536544223847582 0.063475090195466
544 0.05230321209679335 0.009910437459818957 0.06600824637463547
545 0.01513154830483905 0.04570194574880784 0.05641956403113163
546 0.06586463290439748 0.02331823083788303 0.04877519685536057
547 0.02274929875441531 0.0633543521305641 0.02836608539857969
548 0.03074528287602203 0.05118491669503758 0.04451194727284035
549 0.02999632634740435 0.03662060577658847 0.02951699090087285
550 0.04204177616247973 0.06111986453327922 0.05262722531374091
551 0.03059171152779988 0.03033832499116061 0.04120337015535797
552 0.03870660260425875 0.02983310219739839 0.03225129057873071
553 0.02766701422868492 0.01688559839774472 0.04430172303260298
554 0.01860672434774733 0.01449438983970367 0.0576676586332464
555 0.03346686633879776 0.01275986392553681 0.05598214262752874
556 0.0505357829395133 0.04240121519673606 0.03401331576965878
557 0.04252138919334084 0.05054529719901228 0.03579639942665661
558 0.03166439730599237 0.02325726245517015 0.01948271071459745
559 0.01695226653977008 0.0332009258036894 0.0367134032468939
560 0.01823037147697475 0.04461402238935275 0.01624543184552584
561 0.03214500443498185 0.03739733581012307 0.05823068827102768
562 0.06398093834385767 0.0414827036830844 0.0160193834186272
563 0.04854977470057364 0.06242317517160899 0.03791223356284664
564 0.03788682435881944 0.06282522939035542 0.02779809833573177
565 0.02699428598654223 0.04376043471915909 0.06968027097367704
566 0.05823220763763014 0.03252784315940338 0.05395115739401623
567 0.03242122707882761 0.06011161969955597 0.05323629911081389
568 0.04073135782460211 0.04040119058191141 0.02828087323189474
569 0.04935521469382192 0.04783536762678157 0.02390092890901921
570 0.06343433455830021 0.01485612405219499 0.05630823983902901
571 0.06068859602636509 0.06623355018193854 0.05714374918927161
572 0.0367227678695484 0.01294973483026771 0.02801946495800796
573 0.04123321138684525 0.02059992004226677 0.0534589299806538
574 0.03294959272522575 0.04047858242211058 0.04690284541041681
575 0.03284620976727355 0.04536570198990059 0.03538616260438846
576 0.06709948887983101 0.04402187216895614 0.07034527271695415
577 0.02843602531472559 0.05569776792840028 0.07049980685294158
578 0.04038480522681932 0.03295524046687697 0.0701003805166269
579 0.05187053028264107 0.01506036042394905 0.04746519816017331
580 0.04259393109997859 0.05406439664773877 0.06075707062251769
581 0.01820259920743482 0.03374227660080361 0.02126995473411675
582 0.04781648486797336 0.02252683365483572 0.03509839243080767
583 0.05622654332789297 0.03003533621625142 0.03328885203932389
584 0.06652215398763751 0.03853837383497317 0.03098037500937242
585 0.04721823671995921 0.0403213227181976 0.07117223341108719
586 0.02149926327713257 0.02842864597727638 0.04700644471739494
587 0.04633784083105563 0.0560587414228897 0.07035888287645911
588 0.04503366389249474 0.00867705517631261 0.05888948243271698
589 0.04570681272236522 0.02969927089194087 0.05746365581702957
590 0.05587290454621927 0.04585770227811582 0.07077120442045763
591 0.06100271421582597 0.03443860939858662 0.07046816413068534
592 0.07195585957404466 0.03635286064966992 0.0613267578941995
593 0.0129492611198827 0.03161039472646913 0.06955414667374787
594 0.04743361909215561 0.0397020144450685 0.04291757872944849
595 0.02991883727920151 0.068395859596819 0.07238452895589509
596 0.03516251409289877 0.07165636763897602 0.05852766501974262
597 0.04192618101785929 0.070398709769455 0.07047270549159911
598 0.0170229719400901 0.06277978564994015 0.07258092366781428
599 0.04748744529586273 0.02229852886718509 0.07095290556882256
600 0.02050708139873723 0.04678101557371983 0.04662460132258778
601 0.05195148745824356 0.06528643342038216 0.04924493006664581
602 0.04639452368699309 0.07067574271897349 0.05671511674232354
603 0.0631158079387978 0.04810914597297538 0.04075531742354038
604 0.03499098890219579 0.0264463819339622 0.07067637722461156
605 0.04010586367106291 0.03999607239560596 0.05328741236363996
606 0.03266292342842686 0.02307432197635012 0.04937915948045225
607 0.03873684744489227 0.01232904664637625 0.06636373439660428
608 0.05518757771663873 0.04766224831833465 0.05962275450276319
609 0.04088447401843871 0.03038823052140301 0.04257113379005861
610 0.01065983311736129 0.02150214837622399 0.04198110818212582
611 0.03670482723712268 0.03969603490195438 0.07030116253788708
612 0.06866278757411023 0.04629376458585645 0.05976968825159771
613 0.0700642139873674 0.03628250292912923 0.05162450241492763
614 0.04308839731454295 0.009864530701349402 0.05018023007725674
615 0.05827857056613198 0.02317692686270352 0.07042903648993934
616 0.03398800473677204 0.06888038797002051 0.05071980537304494
617 0.008584718048720427 0.06247719806122188 0.05949776354074229
618 0.04964929479947064 0.03900732083684173 0.06062435140166988
619 0.04871121482615069 0.03253524721462514 0.05219154124991991
620 0.03596951020085114 0.03091767464858949 0.05952842528309948
621 0.04521543080966749 0.05534365203463147 0.04480338658224577
622 0.04544184051154496 0.03346422645920635 0.03423203753694094
623 0.01726994848839155 0.01331843432431663 0.0716694329502329
624 0.02316992523813258 0.036238682444034 0.07196777208192752
625 0.0239156443320262 0.0381602064778989 0.03877127244670036
626 0.04321696984318151 0.03936587253299866 0.01100973172862303
627 0.02367780897049633 0.03284126060856714 0.05738254714125656
628 0.03750547902290795 0.05701102343784594 0.07312689108800988
629 0.06211053267513045 0.05925063082408564 0.01706612726174357
630 0.05445780476069023 0.05439400027080561 0.07463657967614833
631 0.03364405902801591 0.01043668863419562 0.03815328181678043
632 0.01367292786096544 0.0375088962285011 0.05575992338999539
633 0.01261482695658891 0.03975890708667269 0.04360303038159972
634 0.03555896640169471 0.04773331730450064 0.05740218529268915
635 0.05564307868342623 0.02658632032444653 0.04736177837743182
636 0.03140649250839758 0.05798968763954164 0.06038341651433807
637 0.03074460185938603 0.03033996235544847 0.05061645469893733
638 0.02135040151344215 0.05596143979598656 0.05484019285602292
639 0.008211677816486617 0.05408279451999231 0.04892818177474527
640 0.01454707860495474 0.05934875338583305 0.03362400896291719
641 0.03906098980104415 0.05271282461317118 0.04307866024524062
642 0.01404726754489163 0.04141781242064085 0.06756688559093281
643 0.009366604726342927 0.04205247252612057 0.06065628770174025
644 0.0469633811744073 0.06005629030134908 0.06165310802393026
645 0.03277646596639179 0.05574623976996217 0.0324396877450601
646 0.02676032478196599 0.05927013412340838 0.03869114436858067
647 0.06714320733892931 0.01837670490094859 0.02589390859085004
648 0.02289045494321261 0.04381107975168303 0.0582055875690671
649 0.03423382688946005 0.02453940222870262 0.0370896200721411
650 0.05957957340144009 0.03174707121271753 0.06407363780311383
651 0.04252907365517895 0.04945629867928539 0.07340325328284074
652 0.04574052461424456 0.06595668275545807 0.04280971117921615
653 0.03270750339589612 0.01927549518404289 0.05707411931105346
654 0.005882335757559207 0.04425568425375628 0.05319400011649855
655 0.04363651185836123 0.01158139893059197 0.03710910705377594
656 0.06570344978440339 0.05624104829999918 0.05760079771393561
657 0.07100556075917189 0.05427646997863454 0.04599606903288013
658 0.02515476939798071 0.02798633435745038 0.07016688303037587
659 0.04753050975304246 0.02058525680725755 0.04609329590081269
660 0.07090182560504872 0.02779485746627471 0.03809928642237193
661 0.06671198672763211 0.06893721935815518 0.07167741060447189
662 0.0491097753044716 0.04833176711541055 0.05287041436240598
663 0.02509893034552823 0.0483227055612999 0.02233867210112422
664 0.01050008842771584 0.03223679133752755 0.0608973766493482
665 0.05185667549288791 0.03819334439062845 0.02045996845838535
666 0.0684748851496903 0.009950034768793111 0.0708001104062396
667 0.03801448359373345 0.03321939118065632 0.0199218165699104
668 0.04658806838952754 0.01555541953493122 0.06223375937947553
669 0.0551672302532971 0.0195679906447422 0.06076215516911751
670 0.05933213984328991 0.06951488602345859 0.0305721155602873
671 0.04527895673057013 0.04513786721641003 0.05878593861365777
672 0.03668708143066512 0.01564298523663534 0.07327398725588202
673 0.02835190214563943 0.02534824791764725 0.06446445168567908
674 0.02188802300255531 0.0562362392800154 0.06172948532102979
675 0.05608536482600458 0.04270978686662521 0.04779801420711107
676 0.03815446218478666 0.05517443358375731 0.05472270308365999
677 0.04713178007122028 0.05939661900765476 0.01144121257121306
678 0.03035593909085137 0.0491988985309073 0.07396242950819235
679 0.07226201102717976 0.05378569748454475 0.03482386233227357
680 0.01213230296463927 0.01166202555642949 0.0123458418685978
681 0.04453002371835026 0.04580257970269616 0.04474506907907325
682 0.06945736108196852 0.00943238796936857 0.04583871680325309
683 0.03490400481110944 0.03617889613911904 0.03573273310382108
684 0.03192454456564613 0.02944647250924125 0.03058616500696739
685 0.008698353039651241 0.01688373140713919 0.06300019934142721
686 0.05453078239461158 0.05761923699714105 0.04643062894010917
687 0.05385586050691956 0.05324509440724521 0.06260636136593192
688 0.02614935859595624 0.06985664987547002 0.05246853218117001
689 0.02725261089325222 0.04475705611926825 0.05187456991977463
690 0.03279677960305191 0.07114653010426299 0.03577062631162035
691 0.03186825323756712 0.04123902262569536 0.06426496105933867
692 0.02903670079150408 0.03795895661577132 0.0131185476070516
693 0.02268226435444594 0.03882290325913776 0.03116866768936393
694 0.04762788030096372 0.01065626861362605 0.0224835551677945
695 0.04142576087282147 0.02454522817314083 0.07441890825391308
696 0.04363977602208084 0.0355528862033994 0.04538765569083392
697 0.02981990840440826 0.06724259899631074 0.01168036618390319
698 0.05904547313586433 0.04580404581161851 0.06414932872317954
699 0.06103880974199741 0.05211940650091838 0.04774734181672895
700 0.06148248610197576 0.02395924359882827 0.0573509312307086
701 0.02666558984554248 0.01485185979854381 0.05252992776518929
702 0.01982465016722941 0.02195109786450203 0.054512468245711
703 0.02453647233256258 0.0199873489597484 0.06043295744127172
704 0.05875844069047432 0.03987169732207051 0.05452044167325455
705 0.02898081818277509 0.04963064636640278 0.06719380743705096
706 0.03426118904349374 0.05550756173145657 0.0480778951191678
707 0.01353347551417043 0.03119339435877432 0.04453311298819782
708 0.02085931179744599 0.01405078544133264 0.03769456116644453
709 0.04309750342881094 0.04530002242720763 0.06478422697404859
710 0.05301256024172173 0.06174339287485923 0.0238742445711104
711 0.02048766009643638 0.05444194019224627 0.04063138207249722
712 0.06958474865918343 0.03780455551129838 0.04131618748321553
713 0.04526442988833614 0.01522299865578814 0.06959575870682734
714 0.009478636971376766 0.04415864115294316 0.03326942562866486
715 0.0229794934271869 0.03178640523940778 0.06507556120954903
716 0.0730828050890328 0.02704813961896083 0.07158550347874294
717 0.05969483968205617 0.04938136247184836 0.07472100736126353
718 0.02699781527197477 0.008520959948507534 0.04650397320230612
719 0.06772158524271024 0.03077280155971692 0.05812922936669323
720 0.03257459446130437 0.04924999919612463 0.05205905721032047
721 0.0322874689465384 0.007878990249374215 0.07380763490977613
722 0.02696056551307024 0.01278010800909828 0.06056252937068402
723 0.02680824892146775 0.05097269917266294 0.03751433827356454
724 0.02139765600613133 0.02680320463450213 0.06038893585256708
725 0.0533208813536106 0.0363106467489229 0.0732246414189749
726 0.05072894696301827 0.03151330784799549 0.05903926843227438
727 0.03387142149491119 0.01456497377310984 0.04837955147980743
728 0.02431166098552076 0.0199094646677531 0.07127217482949848
729 0.04618721464262325 0.02945956354531466 0.0716360188441524
730 0.03695913099192819 0.06409190487239323 0.07508138821804138
731 0.01122713083816061 0.01934111330155799 0.05285374343166388
732 0.0560833558618301 0.05204800026120489 0.03968291922907442
733 0.0517077445378995 0.06416370405251615 0.05802333136394817
734 0.02316598367021547 0.04794659717183984 0.0741068493676704
735 0.05040189208873175 0.04876720594580489 0.03620620718146685
736 0.00829851155723552 0.05117638576581022 0.07110232614574956
737 0.05542956812077649 0.0361735052316445 0.04971579252342844
738 0.04477043262137873 0.04414857300774893 0.03784317850400495
739 0.03993783798947944 0.01633918387263914 0.05941838995652139
740 0.02879900837100948 0.03778106389657117 0.07472926112997466
741 0.05798159352964859 0.01962618877277358 0.05161423679158563
742 0.01805356463864798 0.04600554985344522 0.06286905619024727
743 0.008694292510451441 0.05164356393161165 0.05962645890148779
744 0.01360890389422013 0.04945300254100377 0.04179915500139256
745 0.05164320431477676 0.06200680008339101 0.07336819186200895
746 0.03641874522150863 0.06207312304788699 0.0576696844406163
747 0.06330664516151004 0.03950372946261754 0.07450799733460563
748 0.04626656552367322 0.02856316502939834 0.06470212139171556
749 0.03709463885719428 0.02430269869772219 0.05589355675717184
750 0.04288195342762239 0.02673434767764016 0.04646701846251587
751 0.04214307720825101 0.02230239988396248 0.02182399377406094
752 0.04604133041751472 0.03800989277691649 0.05565640241244595
753 0.04992315720254479 0.04454773479925418 0.0749114995804747
754 0.04511614078872613 0.05211165440805615 0.05431026302411718
755 0.01334249582891956 0.0681151911218186 0.01291312342957434
756 0.04414942217103597 0.03327239066131542 0.02665632165404817
757 0.05387398195615304 0.01630041113338747 0.07395583762835757
758 0.05553683117818335 0.02999874140770551 0.04184660617826211
759 0.05329219421553957 0.02271563237179513 0.04316308806966402
760 0.05507358003409915 0.04247712732014078 0.03948972831369493
761 0.009313683306649442 0.02056037570975253 0.07195103781347795
762 0.05239085474502186 0.0284545717824609 0.07289402659020608
763 0.05302886869319273 0.03611543286889721 0.03779728244696445
764 0.03276515331969011 0.05444959221100722 0.03930776637201348
765 0.02119528670504621 0.06908126240282501 0.03823414291504848
766 0.02688794007362167 0.03804199399233719 0.0636656425098532
767 0.03769481734194121 0.03619950684020988 0.0454387525483005
768 0.04470477081886563 0.02915010110414004 0.03722232230185447
769 0.02879125614033516 0.03363501357083998 0.03531169177634006
770 0.01693723926845792 0.07001668653474782 0.05757108876230993
771 0.05299155959021038 0.01041760984551668 0.05599957398220096
772 0.03374210722616278 0.03361761633168248 0.07364154593066367
773 0.02790197120125727 0.0536236406696596 0.05183657695239766
774 0.05806832715521783 0.0608634749851768 0.06587548221796993
775 0.04041787752076598 0.008043919734397924 0.0735962385833789
776 0.04368426391375668 0.07101422129758268 0.03261502240493627
777 0.05217648111672354 0.07071286532780716 0.03831640289344291
778 0.06070781848100705 0.05997134247795709 0.05027151518988686
779 0.05829753187074759 0.05156813909133159 0.05535673498968623
780 0.03959535441771372 0.04160295342650654 0.04738811871471404
781 0.02486977770185837 0.0238507914413942 0.04005333260100022
782 0.06826282788082888 0.02138079385414309 0.05611797534289414
783 0.01260307620182957 0.02524769687514574 0.03189262589635142
784 0.06705166177698138 0.05116845264332696 0.07365404937231551
785 0.07227954861540688 0.05344702701033945 0.06475085296314528
786 0.04964915085991662 0.02766518678537617 0.0316481798858644
787 0.04868639240386793 0.07008196885459748 0.07377248790560176
788 0.06186808545805319 0.03979787773505493 0.04917216558307858
789 0.02940878743353889 0.04462666375418413 0.04119457327716667
790 0.04467367617737505 0.006912715973955723 0.06734789178232946
791 0.05711047889661063 0.03753365411352342 0.06779649635782929
792 0.03909796917578872 0.0543241676772806 0.06765691898636292
793 0.03025426112203815 0.02351360009701675 0.04310374139471455
794 0.03929016240134107 0.01934911547161019 0.03695290377175024
795 0.03765645252268536 0.0477866020884157 0.03013623801678934
796 0.01796314597410559 0.02742882754088586 0.07504203004932326
797 0.006516701044365275 0.03552252450647061 0.04838066384220033
798 0.04510820926410892 0.06435264026723306 0.07368681454581261
799 0.02203658787016002 0.06993574307682261 0.07051011577158474
800 0.01054371111135981 0.07017875072748786 0.06884782287176479
801 0.05845578160198689 0.04420970749436198 0.02541868924053097
802 0.03025566159649758 0.01856553851553748 0.03608393995742298
803 0.04589791509228643 0.03591243429706117 0.06637090935480212
804 0.03590093228523553 0.05215911629696936 0.06097578755883943
805 0.01593567477371828 0.05314953655840215 0.07397715459264624
806 0.04371297733155728 0.0578080642373474 0.03909104798782113
807 0.04931798170583347 0.05512705111509231 0.03241208379938632
808 0.05610507529803873 0.02125461341435638 0.03013321310618395
809 0.02934820768817709 0.03184793968930413 0.06142917722777053
810 0.02295109200411512 0.03121614788232302 0.0304994121445795
811 0.06158140637308724 0.02500024804628474 0.04378978989373799
812 0.02447486047577518 0.03458773061406721 0.04457814176187381
813 0.04140921432614664 0.04227732513294039 0.07469294706441773
814 0.03600091312542163 0.04632651942612923 0.0752403095366998
815 0.05064084468035043 0.03498206724126993 0.03057912001567831
816 0.05984101518382096 0.0314632183997194 0.02471856645082544
817 0.05387221251499247 0.02999211166388063 0.01101085301649525
818 0.06090333261412288 0.04509893814539735 0.05839994186266293
819 0.05941513598791899 0.03183826418469181 0.04737923189683988
820 0.02062650684732669 0.04221657702623426 0.069053123307598
821 0.0629714214293205 0.01922163994485959 0.06512127108440596
822 0.03375290765391613 0.04229937541363563 0.05265566924881573
823 0.05082324358239989 0.01662742427868989 0.03984293463766937
824 0.03543051480212967 0.03600118806773242 0.06453106981728358
825 0.06946061351631878 0.06598309275305006 0.04989450691495703
826 0.04780795507921855 0.05022790288268959 0.06071622221055239
827 0.04862289978675169 0.009905431413702093 0.07411807430991281
828 0.04803567521575261 0.01756647420628918 0.05483941048408588
829 0.03953083900551467 0.03476736600121073 0.05691679082023304
830 0.01897636738953361 0.03284782380007331 0.05110691362212195
831 0.03495709896675358 0.04163093569633685 0.04117640996612507
832 0.02968523724904759 0.06431130089467975 0.04483993083887534
833 0.0354397049172579 0.02916728628409591 0.06536293520570807
834 0.06438893301494782 0.03812967400610086 0.05832846345764275
835 0.03885794099146733 0.04327154304922107 0.03529686535086516
836 0.04429670949897279 0.0630551056395732 0.06723543065125437
837 0.01175787843783877 0.05188773299799482 0.02695277111718218
838 0.06668894177267304 0.04417275746978394 0.04689742106713341
839 0.03036322606030544 0.01781602018007037 0.07528480682552419
840 0.02403506470388782 0.01119239845218864 0.07375228015503137
841 0.05449006358318607 0.04922206398872588 0.05046108326361677
842 0.04859809215994697 0.05098949680186237 0.07539158193486724
843 0.04605318890000382 0.02458390840889237 0.05165056581420872
844 0.05066817948009082 0.05802246817011603 0.06703339874393183
845 0.01654204567495865 0.04204488769069311 0.05096045911481779
846 0.01897906740366152 0.0417272064749397 0.04371098104274734
847 0.02179041806200296 0.05552785611620897 0.07495279697032581
848 0.04565716945641115 0.05080824792688639 0.04073357296835984
849 0.04202917928315493 0.02570866991306853 0.01107861632975042
850 0.04433410782073028 0.03576354795989073 0.07556806240708715
851 0.03275202196116565 0.06268306009899526 0.0633082752631447
852 0.02083975934695105 0.05035702384773103 0.05930553746884624
853 0.01802307321880692 0.01276452653621582 0.04839187585231218
854 0.04926267278090834 0.05880722886852369 0.0518017726186059
855 0.02860528033307855 0.03174838665811469 0.02296277120023207
856 0.02501590968914206 0.06157470343150272 0.07467423550732846
857 0.060693334756579 0.03497275987219083 0.03547866887201008
858 0.01738352728361319 0.03270245696252135 0.05865983636459009
859 0.03605231795328689 0.01006271821963646 0.01267751110060037
860 0.03238163263684525 0.05850347376458612 0.07520170992961095
861 0.0626985120941278 0.05656243032368499 0.07416767241806446
862 0.0420577727043253 0.05911265579417864 0.05810950072853049
863 0.04283620965794508 0.01746159153534143 0.07552643916773301
864 0.03418394947025057 0.04058123973445013 0.02311371765921462
865 0.04613707971447198 0.06370823844577556 0.05503383530787357
866 0.009391214070962632 0.06740527153091508 0.04557455996318958
867 0.0622085813385697 0.01068272525820926 0.009397934535695117
868 0.03529035878416883 0.02953887668608078 0.0461263317584629
869 0.06125849335510226 0.07060561026602648 0.04579626019312933
870 0.02134363534592204 0.0210705477043181 0.04626906377765271
871 0.05446940372407405 0.04204028894145484 0.06428250445563918
872 0.02626485820605949 0.02325692197879322 0.05092734717353656
873 0.02260530448191537 0.06321215028748879 0.05619064448782529
874 0.0450961392509201 0.04535508023406343 0.03127373398667019
875 0.02572666289260574 0.04427299866735061 0.03507749319388345
876 0.05363127563315404 0.0354081558614321 0.05607191520213983
877 0.06945029891156144 0.01827059386565676 0.03869700290982487
878 0.06026289470340437 0.009438113045830416 0.02613035704503723
879 0.04222783797365352 0.06901141515078166 0.04976847583717177
880 0.07016238719065228 0.0502440788948002 0.05363319523918288
881 0.05776820133828324 0.008029393055462642 0.0736002048883389
882 0.06162776732375945 0.009791876154676025 0.06384065810814614
883 0.04527398670056048 0.04036132261461178 0.04930665541219963
884 0.01655198800557726 0.03047946555233888 0.06488682570415923
885 0.04026166940445688 0.03533723855080764 0.03164998262063284
886 0.07010832218342138 0.03702132578370444 0.07289298696914469
887 0.0671602640349851 0.02097672510473671 0.07230121548402388
888 0.02969644933197618 0.03835476953529877 0.05123205251148088
889 0.07059919275301296 0.06310137458480139 0.06514266431748073
890 0.03781531987198389 0.06775996167596129 0.06447477401791714
891 0.02986646706880283 0.04336224172976821 0.05787781497171754
892 0.03513471305513669 0.02229676317374656 0.03010576373931919
893 0.02601849904758335 0.07241958216467106 0.06072765627964154
894 0.05834804291745252 0.04468147518569546 0.03428686346198583
895 0.03552464345352967 0.03596597563139785 0.05142495148513377
896 0.03404768666564167 0.05821221694024172 0.06745132178992583
897 0.04051387461515825 0.05659676809073407 0.0319763990447128
898 0.01731828105055634 0.01925842304676526 0.06449146527235956
899 0.034524330151749 0.02053317072719676 0.06702745999582981
900 0.06521253215954705 0.03846051544437714 0.06800691975131297
901 0.03767429807338347 0.01892838749988197 0.04918031763503838
902 0.01170999996049267 0.0688909666111675 0.02701391317838177
903 0.05688421816746525 0.02994467244111783 0.06916439564114092
904 0.05446041343568937 0.04639438030520981 0.01181698115933001
905 0.06385151113767056 0.03564235629241311 0.06319887802730612
906 0.05351640355469051 0.07203545366994682 0.06056461837550122
907 0.00776584792366179 0.03456790269058065 0.0383553709828728
908 0.04387471151085046 0.02272972527030034 0.05865496630987326
909 0.03517188447104608 0.02925629744762747 0.05334091748641472
910 0.02259763539605383 0.04922154908946794 0.05350508745202247
911 0.01640359621849027 0.05050336025440588 0.05209396343944863
912 0.02705590356818188 0.05595252195640856 0.04453948520051961
913 0.04924593520211638 0.02336293363644863 0.06146804274502323
914 0.07218935751224501 0.06828318395770341 0.03888118296891622
915 0.0553016441021651 0.06286358106045596 0.04163640881362964
916 0.02397181827571778 0.03101029618373659 0.03944598462615821
917 0.0180288352911547 0.02598071922182402 0.04111664374758391
918 0.03695655383701107 0.06202264184754533 0.04970164767218373
919 0.05066595850445003 0.02960752604227116 0.03779095868441885
920 0.05601458056500937 0.02431057581283754 0.03703241780326363
921 0.02179131692014141 0.05750411678605968 0.06837459162189227
922 0.02478860605024469 0.0495166221474338 0.04286555200018656
923 0.03671553233612763 0.05062864464866185 0.03581776889080099
924 0.02954523570066428 0.05761120371646235 0.02407983922872745
925 0.01592647795201412 0.05372550170976901 0.0601689029666326
926 0.01421147620108416 0.0568165699344064 0.06665552463356321
927 0.008236581750052849 0.06017331896558034 0.0723236973038649
928 0.04757486081801221 0.05468236391735904 0.06397116640151013
929 0.041047164379155 0.03276673605267704 0.06360348060259687
930 0.01252148854183563 0.01231304214856761 0.02896296849849199
931 0.01720662591053607 0.04637770858704609 0.07447394760797099
932 0.0167491900696286 0.03955666583167472 0.07503255116192133
933 0.02522448869060473 0.0451172022280577 0.06344972558372132
934 0.02691858886832925 0.05806824488813525 0.05724994404292932
935 0.0702978933407479 0.03012630641726759 0.04615104383065933
936 0.04107922595032699 0.0492739206837034 0.0569099780648943
937 0.02606168624369719 0.04198636821912587 0.04561136308277416
938 0.04209024543964391 0.03920977161117046 0.06875878880622993
939 0.009324140530050946 0.008682267934165395 0.05701637443643378
940 0.0254001629714133 0.02982751652380799 0.05205522962574397
941 0.0305441670896428 0.04009204350562136 0.03563729776646162
942 0.02975057100855158 0.04362617150709094 0.02910332183462671
943 0.02514799431163721 0.03938209857950186 0.02388161645626447
944 0.02354997337630882 0.05527293690553688 0.03125238323273159
945 0.0651608048007488 0.04304044299623714 0.06399302470211925
946 0.05041033990745485 0.04517790578568141 0.04175828218033661
947 0.04200105544641587 0.01407934195089344 0.0436573507213528
948 0.05060358375945333 0.007847578624741268 0.04394050715777572
949 0.03595796672164726 0.04097436705930478 0.05848824471406184
950 0.04540089020191914 0.02431002351605471 0.04121071787959991
951 0.06460045133311758 0.04945198291723322 0.06256466632801064
952 0.04518334769946428 0.03940398055986194 0.03213948290429482
953 0.02476045308695549 0.006594412037276509 0.06608607055965242
954 0.04270760926935909 0.05448978879935777 0.07539726417974141
955 0.03282192689154999 0.04410470497711264 0.07025199250291098
956 0.04019384176113642 0.06389947208736219 0.03681253803852454
957 0.05001666755784534 0.0445568565001298 0.04800744975876886
958 0.07109413991659923 0.02910433130660564 0.02686055269418471
959 0.06935479409618955 0.02884781113561278 0.01326333250561378
960 0.07220345192356376 0.01654310498859905 0.06486447007422934
961 0.02957725150744916 0.06481037329759377 0.05748961446762567
962 0.04896818074674181 0.05457392882207875 0.04894613480897068
963 0.0416238906109405 0.02838039087600335 0.05363694911176016
964 0.03394978577087936 0.04648291571655373 0.04665050300360001
965 0.04260013147855365 0.05603480087477171 0.05042339089709322
966 0.03006214777753214 0.02678514685638765 0.07520387961356034
967 0.05306944962517585 0.02923928264229906 0.05257581000319898
968 0.02787100067773421 0.0623350637754171 0.06881878698802531
969 0.03495022004572328 0.007330477619472892 0.04940250602273738
970 0.03007819071613393 0.006624234201770211 0.05715182585467947
971 0.03768297071335476 0.007772138333826995 0.05935820093766431
972 0.03719335385004185 0.0287800806141966 0.07550405302267135
973 0.05887158480322466 0.02511777219686406 0.06398624447357339
974 0.02014270223956738 0.03768370798061127 0.05486759761402601
975 0.02305912535174465 0.04176720638719323 0.07551194881331799
976 0.07125354692422417 0.009011940079491352 0.05710077192960447
977 0.03542671007737715 0.04029992351089996 0.03093714700727858
978 0.03597860322356057 0.03451449291316798 0.02774375497601671
979 0.04210142369300655 0.04696317491692321 0.02490925058530885
980 0.01973020852872314 0.02670425474151178 0.009773227398951362
981 0.0306793723755589 0.04997623915987984 0.03133387832577327
982 0.02854974845897615 0.02666509936226737 0.03542660004890407
983 0.01708476522896397 0.06214280711490973 0.06191989762044994
984 0.04444641185757629 0.04469772178554262 0.05243269850805435
985 0.01401660547636262 0.04818248961131025 0.06761893411550049
986 0.0634981713249711 0.02782684466567033 0.07450346544553821
987 0.03214824604641391 0.06250872864105704 0.03459726062649392
988 0.06639829956397596 0.0516868142131454 0.02396351418478962
989 0.04458634549313277 0.05608864169586156 0.0234312039303053
990 0.06001631215331489 0.00829353362953966 0.05076138676967593
991 0.04043699478984748 0.06590354565631683 0.05577287969483933
992 0.04970392412007679 0.07305482033004949 0.04604841478775697
993 0.04500847494757654 0.06927121117680816 0.02107916676996732
994 0.04398683704193927 0.01718761662560216 0.04970975630198202
995 0.03941997013732663 0.01423439336493369 0.05418447164703056
996 0.01878664561879402 0.03478966118191697 0.0433950256567933
997 0.01733288197037855 0.04101507456375217 0.03636614058687896
998 0.02918916421899636 0.04396051549668861 0.07607975181016438
999 0.01709386955513652 0.03371453656834269 0.07529877218200243
1000 0.04809643009863909 0.0428722320303902 0.06507027546883243
1001 0.04291661284722757 0.03485031944971467 0.04014609156166668
1002 0.05764839531641171 0.05771783435862804 0.05800497937052904
1003 0.02477265898010077 0.03127145019177236 0.0756963063695828
1004 0.05237323118571185 0.02287340579226244 0.07467719065168843
1005 0.06619188920540714 0.04254703719317521 0.0540361200675996
1006 0.006080505550680072 0.03584865237764507 0.0568981860460992
1007 0.05038591012337568 0.05605455384711538 0.04085833564375735
1008 0.04889958455220679 0.0601566207957601 0.04451067237634308
1009 0.02987558407641594 0.03752545718899359 0.04238836339244535
1010 0.01030746529603494 0.03679792274914887 0.07313006147506972
1011 0.03764064304889964 0.04314861378592969 0.06436226340831248
1012 0.0354350457020901 0.02995498831822585 0.0376974787290818
1013 0.02658735448443346 0.0607595171338869 0.05097579944300482
1014 0.03629398463128526 0.02192610277863953 0.07518815799344424
1015 0.03284936785505816 0.05480791475236217 0.05609944552327885
1016 0.06082812975529426 0.01755130499574206 0.07422792761552729
1017 0.03939490025417228 0.03647466669071586 0.07563858400820714
1018 0.01701583753616062 0.04060182245621004 0.05888946418199392
1019 0.03721602317017222 0.05178975544991634 0.07514791909757051
1020 0.04473246356752546 0.02204860905764129 0.06534609593121891
1021 0.04268515433465083 0.03540893916917046 0.05120075328125848
1022 0.07378347616035759 0.04370021831590081 0.0522504810942831
1023 0.04915909363870262 0.03969232995119446 0.07606413137459113
1024 0.03330012362913758 0.02645558987098913 0.06018434308682867
1025 0.03364783514150287 0.0534940239439172 0.07054129526774494
1026 0.01812061200667267 0.05759944082236033 0.02051900720144196
1027 0.06533701944880067 0.03387004822076339 0.07511161965222209
1028 0.06525650528232507 0.03559815143121532 0.04659460193470522
1029 0.06294865212992992 0.01666411664585944 0.04690697517904545
1030 0.0509996997887015 0.01245843081611924 0.03220600558883757
1031 0.02986351464952767 0.07110137367415147 0.02548524685606969
1032 0.04042676027907251 0.07286309804969861 0.04107165177449213
1033 0.07328254474423498 0.04316073369340169 0.06607353344811681
1034 0.05270509114952617 0.03465585026313565 0.04357102891426505
1035 0.04125961506331175 0.06061987237098911 0.04509158982753701
1036 0.06997313268086668 0.07198590901058434 0.05873905578363244
1037 0.02570888069845904 0.01148616622439254 0.02400845404520996
1038 0.04515573405977377 0.04923184238013123 0.01581643301616921
1039 0.03496002483556371 0.01862563484595729 0.04260464579850828
1040 0.0404764138149057 0.006086885647698308 0.04122998457623516
1041 0.007431452015140798 0.02686253865124041 0.04844064819437002
1042 0.01383536301815664 0.02489381905602035 0.06183759479094152
1043 0.04374232934798571 0.06444152921374539 0.06132569497804927
1044 0.02631002697139541 0.05285776342002099 0.01044280359401687
1045 0.0301274512630036 0.07298777240456392 0.04436542009836659
1046 0.03622156399034027 0.06372165076065409 0.0694644967068604
1047 0.05865493312839985 0.02666862491575455 0.05247709296347569
1048 0.02993798935388377 0.06759458028189948 0.0648880631643005
1049 0.0305619208450473 0.03269572890766352 0.0553920885666811
1050 0.04110221051519643 0.05935727812498032 0.07077848881836492
1051 0.007182891543930216 0.04445412322354844 0.06738623682689332
1052 0.006582310377341814 0.03626630385902894 0.06645474949271916
1053 0.01739170598530148 0.03587702089734524 0.06913167171301443
1054 0.05209640982973609 0.02474163354616818 0.06718882574076397
1055 0.03248339538168352 0.04667591613876643 0.0633031843675
1056 0.04525167302265353 0.05046554008677021 0.04806221624895763
1057 0.02500662532949638 0.05158389108155365 0.07022146573027727
1058 0.05541141935599986 0.04112136799478575 0.05882207588409515
1059 0.05102623710675825 0.03757557649604431 0.06669799797246391
1060 0.02756905226031816 0.02834083855985447 0.04610290575147581
1061 0.05205050084568434 0.02287395193564595 0.05028679301475543
1062 0.05652845945588129 0.02927244500747143 0.05854941866899373
1063 0.05866492124627132 0.04408590664788669 0.07586130653588931
1064 0.06093393231282523 0.04260223266936755 0.06986685047942122
1065 0.02054718051229791 0.0541999129140118 0.04781204701678647
1066 0.01480141816357273 0.05937433338864583 0.0531223614034694
1067 0.06259632453145481 0.03068950155950646 0.0405647568486516
1068 0.05892300599075559 0.03529268586431451 0.05874472158243638
1069 0.01545329941332188 0.03691833003658047 0.04889604259325744
1070 0.04731801650246172 0.03898096592562277 0.03733422268569939
1071 0.01090545389353818 0.03490764127137963 0.02854068154404822
1072 0.03720628380132443 0.02465306905651757 0.04290955341742912
1073 0.01549314687851784 0.02618945130731754 0.04899082000908533
1074 0.05501614610294649 0.04553554090148548 0.05414538871187655
1075 0.01737389319727839 0.02132528013536293 0.07375001514955164
1076 0.008160962775703169 0.02696635981240908 0.06637012490038836
1077 0.03543890645246726 0.07260878517074772 0.0741718126015785
1078 0.04959080209078152 0.02677918714945105 0.04729223446921405
1079 0.008738194154347708 0.01075841536861095 0.04352527530416243
1080 0.04075924075185778 0.04322030789617196 0.05813981948811335
1081 0.04370070907290143 0.01685106274046808 0.03037330392428191
1082 0.0433016524473778 0.02548211265973611 0.03024086307407318
1083 0.04049582590391561 0.02751624543156825 0.06104809732406598
1084 0.0518590568170942 0.05785237549821077 0.06060382720761139
1085 0.02297628589844266 0.01455996122051795 0.06588042221617309
1086 0.02093495493351661 0.02615386181116972 0.035245939715608
1087 0.01277601414543727 0.03552324402617506 0.01031483769906862
1088 0.02079247217826702 0.04361142581451796 0.05302110145595627
1089 0.03333510900109138 0.07417824606230571 0.06614157318768531
1090 0.05428654620275087 0.0478443998392613 0.07608513630929618
1091 0.05796082267580761 0.03241686150517681 0.07544965880715519
1092 0.05794992105370683 0.07320206147260803 0.07029347478438687
1093 0.04489432063489173 0.01793241240183438 0.03854768985593768
1094 0.04185382880077951 0.03034580222890157 0.0757736186397908
1095 0.04461347763916744 0.05081372404057583 0.02961681461566285
1096 0.03712790516402246 0.05724282244028949 0.06156429337306719
1097 0.06677130205167327 0.03166567561874911 0.06664808591243149
1098 0.06284946588294205 0.03533112718211705 0.05315626705636736
1099 0.05356163986740885 0.02793281567888332 0.0629675334248565
1100 0.03335344070228201 0.04891693456786093 0.03996550752630369
1101 0.05770221934465807 0.03943048189736485 0.07479310505667199
1102 0.0640858912782076 0.04500581525232904 0.07580982034997247
1103 0.07144239574372947 0.04294587624400159 0.07482015215520915
1104 0.009387129366716401 0.01016446121834473 0.07021599080911768
1105 0.03906606500517774 0.04634988748925713 0.04097723370594157
1106 0.03773339480044631 0.05655029504345609 0.03729008233629213
1107 0.03663364832687748 0.03442034484345056 0.04081706858908967
1108 0.06256227849271834 0.04867490340780942 0.06871607636641439
1109 0.07229014778878835 0.05861498037752299 0.07314971268129836
1110 0.03430652508389728 0.01440102447391455 0.06235770502920984
1111 0.006669447746493399 0.02713033497114503 0.05698316574048851
1112 0.02684457439640929 0.04887340148959331 0.0475881738428713
1113 0.06057954110436174 0.04462444430144835 0.04545788394288222
1114 0.06366860011421871 0.0494718259113171 0.05622241616911777
1115 0.04712973075636924 0.03417158445739245 0.06193914580262834
1116 0.04003387991081702 0.04862962783410888 0.06219149644170758
1117 0.07305909198285565 0.02743386386399783 0.05371394589957522
1118 0.07236288104078716 0.01806282269883231 0.04854253899897348
1119 0.04781317515017044 0.03494409013192729 0.07154337849428463
1120 0.0198045708390898 0.03049788597996181 0.07056974471025966
1121 0.02996628034820128 0.02284274203895322 0.07025977099402597
1122 0.04529038306542316 0.03102966950851726 0.04819897933536799
1123 0.01310606073349076 0.05883821875761867 0.04277379916353176
1124 0.02291553619097027 0.02504737272621338 0.07496693496613917
1125 0.04699168670876301 0.02472435144410904 0.0761289095581248
1126 0.05970932295783319 0.05176020795666879 0.06208559957161949
1127 0.02099057953482419 0.02806702615056532 0.05415227382936656
1128 0.05517607329259058 0.06003454795492234 0.03349948809827357
1129 0.04859380806486566 0.03623460000704701 0.04769638180661215
1130 0.05587800013984378 0.03887751443064397 0.03071258218628333
1131 0.05413916434211252 0.05967646198528456 0.05395498058371188
1132 0.02736810773369677 0.05634974324764205 0.06488012851455714
1133 0.01223966883677532 0.04625741020905955 0.04887343401192601
1134 0.02597703952225605 0.03847543218491914 0.05598494524538757
1135 0.05721027157960734 0.0522900435056006 0.06829300433317957
1136 0.04916207272681866 0.01815836839097297 0.07598167650113676
1137 0.06819072555167827 0.04817777013394509 0.06690037554509221
1138 0.07305283331271427 0.04911314221455825 0.0725239898025643
1139 0.03998058462025495 0.03247069802187507 0.03690682270490064
1140 0.04020954976158213 0.02594264798571966 0.03696121427858155
1141 0.04049425334813115 0.02096894850798956 0.07011462965216336
1142 0.06525926570133668 0.0598270823371655 0.02912118648548104
1143 0.0706566730446358 0.07004316314609473 0.02401527036914672
1144 0.04235898732582441 0.006705415684051782 0.03104821766976433
1145 0.06338567169718248 0.0257917603230801 0.03335955856454573
1146 0.01982505580421623 0.07236797870594888 0.04775594651774404
1147 0.04775574715994731 0.01111652167567695 0.009465995392702067
1148 0.01995171155964867 0.02229038948095846 0.0211801658012112
1149 0.04042036424554034 0.05959725599096779 0.07639969575007151
1150 0.06890446548639351 0.06860869550004779 0.01118704484592655
1151 0.01184708811016607 0.03249893350250528 0.05261433823163786
1152 0.07301034239630601 0.02622226625450335 0.06183155979280946
1153 0.03676115340914712 0.06627565722041415 0.04306971760792115
1154 0.05578844987543147 0.01845428440548269 0.06787354803582395
1155 0.03992875795739415 0.04488207460193034 0.06993703820533162
1156 0.04711494251754963 0.0629159777744097 0.030585065884417
1157 0.05614293685864301 0.04755871497216792 0.04499298788496262
1158 0.02619119489616344 0.01490958586401394 0.01013957215387973
1159 0.02051704385571981 0.06040911048892448 0.0376602259983381
1160 0.05384498174099485 0.04276604842184681 0.07618655048495439
1161 0.008842087671974058 0.04084536861051671 0.02006022760629107
1162 0.0620784300111847 0.03063596617164583 0.05874816497962578
1163 0.03453412271924881 0.04016431202688129 0.07553059359567466
1164 0.04082176665986832 0.02677947020238481 0.06841735316720986
1165 0.03878924278069432 0.02505781915389336 0.04973034462356738
1166 0.05239132569342745 0.04714487672596152 0.03008404928345982
1167 0.05572243577557491 0.0535601298540644 0.02285060706112206
1168 0.04881445437074199 0.02069215371403239 0.02732283322909997
1169 0.05431941920514818 0.07226831757149436 0.05255698210434055
1170 0.05439767426700445 0.03501701804889738 0.06259518008235056
1171 0.01497564714376293 0.02576904807272278 0.0692712127242016
1172 0.04564642650554307 0.04533380256477821 0.07063245539278729
1173 0.01039811178966967 0.04444686522441682 0.07446761256818228
1174 0.04698778414480902 0.05844726529222045 0.07603291347386286
1175 0.02699214407013212 0.05273785214394233 0.07604012631151649
1176 0.04132180771823817 0.06739451437795109 0.07629527265052766
1177 0.07330332205995922 0.04555366946340125 0.03902997822874967
1178 0.02203326921326422 0.04722758783095613 0.06790368112473279
1179 0.006577257335783208 0.04434133743934605 0.04394037242963954
1180 0.0169467232283043 0.008727441337669874 0.06331540738318966
1181 0.05060240485778034 0.04443643759326429 0.05810453312884582
1182 0.03711161026081564 0.0541149512373952 0.02609919644615433
1183 0.05322757304668319 0.04747259245132404 0.0648331239475741
1184 0.03727010183967512 0.02838581925344483 0.02567889295180045
1185 0.04530715831569864 0.0327890274295895 0.01833533697326434
1186 0.0432110881307467 0.0579562712270503 0.06482254644813948
1187 0.02345086968475652 0.04450882459186509 0.04027974071908408
1188 0.02183221868550147 0.04668079610595238 0.03023910835406538
1189 0.06489351552697141 0.0295092089493383 0.05207487352868913
1190 0.06898619345421006 0.05227150887701953 0.01132709223730122
1191 0.06292747693607344 0.02669776987926112 0.06835010153839377
1192 0.04354947153017915 0.04091021013246596 0.0209952711394177
1193 0.02397128060941778 0.05107005151063902 0.06463361734451603
1194 0.03090263636594706 0.03808817136018536 0.06929639900001856
1195 0.04840970322229277 0.04136458782810258 0.02718234901036997
1196 0.0498889797873523 0.01811085675810309 0.06634516600180243
1197 0.04353855065855364 0.05080146384807987 0.06691871283939882
1198 0.04791933942272766 0.03445053862871951 0.04051073307549921
1199 0.05514723195033554 0.05479708241411442 0.05100604876713806
1200 0.0406847130223607 0.01788278627659953 0.06515154353939769
1201 0.04748272781057351 0.0574014230922435 0.05701822823751224
1202 0.02890003226910385 0.01832829792695471 0.0645497506297312
1203 0.04568127946526633 0.06133205959204484 0.04853801367352469
1204 0.03269389194902456 0.05349511971509395 0.06510431887996923
1205 0.05593628344904904 0.06906361409791655 0.01214049798695807
1206 0.05289711416747071 0.03968715006063245 0.04502847002974177
1207 0.04503067118404647 0.07276087610591525 0.06468195761132209
1208 0.07220511045154498 0.04451484887931224 0.02408368244683711
1209 0.05195359570514826 0.04212927113271218 0.07024303910141136
1210 0.07158246999425809 0.008847869312981885 0.0172149418637388
1211 0.009442279003492813 0.0512702466788862 0.00980966036509193
1212 0.03692028429602622 0.05835131625576052 0.01715922434874377
1213 0.03605438243972116 0.04750501164057251 0.008529844814126133
1214 0.04531934797418218 0.04542896920668542 0.07598637636600075
1215 0.01376447862437034 0.03627748418352443 0.06403741583073214
1216 0.05039951484386947 0.03237877571978585 0.07625659923896622
1217 0.02160977209231808 0.007591596759762001 0.05391108310573128
1218 0.01661948562802005 0.04215308934928072 0.02580124058141134
1219 0.01274755283729603 0.02749051086821467 0.07507513716649311
1220 0.006001702231433505 0.03010038432423275 0.07370133010140563
1221 0.05516535448825288 0.0194450113577167 0.01929461317227784
1222 0.03823035008120908 0.04487960564429502 0.053070551242477
1223 0.05774056986487434 0.06084350039116629 0.07476834733103507
1224 0.0106424269203429 0.04026021613146333 0.05162770876126633
1225 0.05753305829843101 0.02496435730457651 0.07577361288825779
1226 0.0336467136475746 0.006579159061893285 0.06598860542598461
1227 0.006903311436167845 0.05285500722573678 0.03777770671150331
1228 0.05205084675905032 0.03151960385279391 0.04737744268020416
1229 0.0315473167978067 0.03354954867298155 0.0462735615178402
1230 0.0259031002188291 0.0346170247666711 0.0499995167370462
1231 0.009857189575328816 0.02382330994103505 0.01621599568318992
1232 0.07141990512394876 0.00823108879457762 0.03337860960818428
1233 0.04110029711953905 0.03784907698325592 0.03565510722841848
1234 0.0653803276162663 0.04731141424391497 0.03318377213768144
1235 0.05602691530941088 0.06678851413531872 0.07400098783789322
1236 0.005466556381397945 0.07274717129827606 0.03518250086613697
1237 0.007216678453683759 0.07269570744470746 0.05695170114133269
1238 0.04478905203153381 0.07206043229764814 0.008053132486077587
1239 0.006459125864941917 0.006081734362710077 0.01924102221239294
1240 0.04641384622206116 0.004119727789854579 0.07589390053911249
1241 0.03746824430783299 0.005340734001251857 0.005064034095294102
1242 0.07449346563551167 0.04263787062957943 0.005903310189010508
1243 0.005726087922306738 0.006398404301331918 0.03369206329608478
1244 0.06678009012257458 0.07560576878965011 0.07626544658805441
1245 0.0649527383821832 0.07484162859610713 0.005230737744923513
1246 0.01638840752651219 0.07518542722488299 0.07543775486608922
1247 0.05139961844307005 0.07588019536671806 0.07660142467094685
1248 0.02393100067535293 0.004320451177915401 0.07575117435550471
1249 0.07556069363195587 0.03582858667833962 0.07633135682439778
1250 0.07503579324493595 0.07496650981349165 0.01429504604421487
1251 0.07509477876221819 0.06199152931196706 0.005158434152712595
1252 0.005311718138653075 0.06514054535876708 0.005309531492410136
1253 0.07251471068504645 0.01821476948577919 0.006828523303445777
1254 0.006328217119185518 0.02604861516897646 0.005565178445036894
1255 0.004947120016062363 0.005110354221935141 0.06612129520366031
1256 0.004594545754277468 0.05093244463033725 0.07635167583749761
1257 0.0194993218423601 0.07416797384753714 0.006311609146768396
1258 0.01762458415573761 0.005516232075792118 0.005343287671441876
1259 0.07650818748565359 0.04710371436388949 0.07623101057809602
1260 0.07471618743653266 0.005678830735271853 0.06621137612417755
1261 0.003791565662234445 0.0668477402499235 0.07597145383467266
1262 0.005441861949072585 0.07489616346876121 0.01546951966510887
1263 0.004453670448142997 0.03778656697013975 0.07631358729172526
1264 0.005560535414924941 0.07516661049546224 0.07499129974183519
1265 0.005374233672446159 0.03697191100381092 0.004904510617804603
1266 0.006183415602468319 0.07428805323887538 0.005922703210801829
1267 0.07494579408472338 0.03120557621635435 0.004829989218190409
1268 0.02601020621751232 0.07556423387134062 0.07589817822722843
1269 0.004887655797653778 0.07516603391994134 0.02576459946918738
1270 0.05491654230061024 0.07488719131350842 0.005308480620848454
1271 0.005042371015862854 0.07530762619740157 0.0661789182739909
1272 0.07375677437118805 0.01471103415932843 0.07441415199877437
1273 0.07436058020301875 0.07282258673450241 0.06767132203015838
1274 0.02827815196287958 0.00540009103823844 0.004239139486401216
1275 0.06704674004996165 0.004709564871995856 0.07598194866659391
1276 0.04400676011893578 0.07513656316839155 0.07610121782234283
1277 0.05251655366345306 0.003466283218520705 0.07650674679433127
1278 0.01403698678032561 0.005904344494202881 0.07568478689931053
1279 0.003820698063604723 0.04544219369487206 0.07604771523646632
1280 0.07635786966484115 0.05284286497834144 0.07649250550317174
1281 0.004511139286098522 0.01347682517992572 0.07554063767451025
1282 0.07273929617525478 0.006799841909488734 0.006826677184012313
1283 0.07474535187647068 0.07451076659136219 0.04964168860769886
1284 0.004871186166315006 0.01530279251658984 0.005607212526291571
1285 0.005953138196369982 0.00577099402316505 0.006044720052846357
1286 0.07436296008631198 0.07416796324279738 0.005611564317839294
1287 0.07440802340661849 0.06759695537203769 0.07453570811026324
1288 0.07471231180041372 0.00553471717152025 0.07538470548130688
1289 0.07523230836468964 0.05183256253703737 0.0048720534229025
1290 0.03200957022532474 0.07471130876658875 0.005010007450198539
1291 0.07481522734528945 0.07448935710405542 0.07533608191750019
1292 0.00532257299925776 0.005472626837058305 0.07502605203915198
$EndNodes
$Elements
6038
1 4 2 1 1 657 603 838 699
2 4 2 1 1 524 706 641 964
3 4 2 1 1 603 838 699 1113
4 4 2 1 1 671 510 618 1000
5 4 2 1 1 799 983 598 800
6 4 2 1 1 671 618 510 752
7 4 2 1 1 675 704 529 737
8 4 2 1 1 558 692 667 849
9 4 2 1 1 1180 685 554 939
10 4 2 1 1 1215 632 858 664
11 4 2 1 1 782 1189 700 719
12 4 2 1 1 505 627 724 809
13 4 2 1 1 649 892 802 982
14 4 2 1 1 553 701 606 872
15 4 2 1 1 787 526 597 1207
16 4 2 1 1 577 860 856 1175
17 4 2 1 1 488 1291 46 1287
18 4 2 1 1 937 1230 1009 888
19 4 2 1 1 1009 1230 937 812
20 4 2 1 1 667 692 626 849
21 4 2 1 1 512 820 766 933
22 4 2 1 1 638 674 507 934
23 4 2 1 1 673 833 604 899
24 4 2 1 1 528 609 1122 750
25 4 2 1 1 1291 46 7 488
26 4 2 1 1 833 899 673 1024
27 4 2 1 1 703 702 898 724
28 4 2 1 1 1141 604 1164 899
29 4 2 1 1 1278 65 461 1292
30 4 2 1 1 505 749 606 909
31 4 2 1 1 766 820 512 624
32 4 2 1 1 595 730 395 860
33 4 2 1 1 331 491 492 1176
34 4 2 1 1 1284 327 318 680
35 4 2 1 1 528 1122 609 696
36 4 2 1 1 670 541 869 915
37 4 2 1 1 534 921 674 1132
38 4 2 1 1 1292 461 1278 1104
39 4 2 1 1 524 720 706 964
40 4 2 1 1 1141 604 899 1014
41 4 2 1 1 524 754 676 936
42 4 2 1 1 577 856 847 1175
43 4 2 1 1 959 1253 176 142
44 4 2 1 1 1257 324 697 317
45 4 2 1 1 423 717 420 861
46 4 2 1 1 606 701 553 727
47 4 2 1 1 561 620 1049 829
48 4 2 1 1 526 774 733 906
49 4 2 1 1 1156 670 993 776
50 4 2 1 1 513 646 764 912
51 4 2 1 1 692 302 849 558
52 4 2 1 1 48 47 170 1250
53 4 2 1 1 1003 796 1120 1124
54 4 2 1 1 461 65 1 1292
55 4 2 1 1 537 673 658 728
56 4 2 1 1 619 1021 963 589
57 4 2 1 1 121 1239 129 680
58 4 2 1 1 1141 604 1014 695
59 4 2 1 1 382 728 623 1075
60 4 2 1 1 535 818 779 1074
61 4 2 1 1 1273 177 184 1287
62 4 2 1 1 741 811 635 1047
63 4 2 1 1 1141 604 695 1164
64 4 2 1 1 1237 617 866 770
65 4 2 1 1 676 754 580 936
66 4 2 1 1 561 895 829 1049
67 4 2 1 1 726 1099 748 913
68 4 2 1 1 587 836 745 844
69 4 2 1 1 535 779 841 1074
70 4 2 1 1 510 803 618 1000
71 4 2 1 1 530 824 772 833
72 4 2 1 1 353 850 813 1023
73 4 2 1 1 620 829 824 929
74 4 2 1 1 1258 327 680 291
75 4 2 1 1 756 885 568 978
76 4 2 1 1 752 1021 619 589
77 4 2 1 1 96 837 640 1227
78 4 2 1 1 507 689 648 910
79 4 2 1 1 889 1287 1273 661
80 4 2 1 1 504 767 780 831
81 4 2 1 1 510 829 824 949
82 4 2 1 1 582 919 759 920
83 4 2 1 1 824 829 510 929
84 4 2 1 1 507 852 638 910
85 4 2 1 1 1239 229 680 192
86 4 2 1 1 510 938 803 1000
87 4 2 1 1 601 733 602 865
88 4 2 1 1 643 632 1018 1215
89 4 2 1 1 642 1051 1010 1173
90 4 2 1 1 537 658 673 715
91 4 2 1 1 638 507 674 852
92 4 2 1 1 791 900 591 905
93 4 2 1 1 490 1261 21 1264
94 4 2 1 1 650 791 591 905
95 4 2 1 1 995 727 653 901
96 4 2 1 1 837 902 96 640
97 4 2 1 1 1264 490 1261 800
98 4 2 1 1 513 832 646 912
99 4 2 1 1 589 829 1021 963
100 4 2 1 1 700 741 506 1047
101 4 2 1 1 585 803 938 1000
102 4 2 1 1 21 3 490 1264
103 4 2 1 1 210 1037 572 859
104 4 2 1 1 750 536 609 1122
105 4 2 1 1 533 852 1193 742
106 4 2 1 1 505 724 627 1127
107 4 2 1 1 660 958 877 1145
108 4 2 1 1 551 683 769 1009
109 4 2 1 1 692 849 302 299
110 4 2 1 1 1064 591 1101 791
111 4 2 1 1 1273 283 661 1291
112 4 2 1 1 1291 283 52 1273
113 4 2 1 1 587 798 745 836
114 4 2 1 1 631 553 727 1039
115 4 2 1 1 520 942 795 981
116 4 2 1 1 715 724 627 809
117 4 2 1 1 604 833 673 530
118 4 2 1 1 355 850 813 353
119 4 2 1 1 889 1287 661 1109
120 4 2 1 1 528 696 609 767
121 4 2 1 1 546 700 741 782
122 4 2 1 1 516 600 846 1187
123 4 2 1 1 283 52 7 1291
124 4 2 1 1 1013 1065 912 773
125 4 2 1 1 759 536 919 950
126 4 2 1 1 657 778 656 825
127 4 2 1 1 408 389 335 1219
128 4 2 1 1 598 926 800 983
129 4 2 1 1 526 745 798 836
130 4 2 1 1 769 683 941 1009
131 4 2 1 1 658 728 673 1121
132 4 2 1 1 646 723 645 764
133 4 2 1 1 305 1253 310 959
134 4 2 1 1 673 715 809 724
135 4 2 1 1 1003 796 1124 443
136 4 2 1 1 506 1047 741 1061
137 4 2 1 1 420 861 717 630
138 4 2 1 1 532 726 748 1115
139 4 2 1 1 654 743 643 545
140 4 2 1 1 460 678 494 998
141 4 2 1 1 291 318 327 680
142 4 2 1 1 506 828 741 669
143 4 2 1 1 620 829 909 1049
144 4 2 1 1 895 909 829 1049
145 4 2 1 1 689 964 937 1112
146 4 2 1 1 505 673 809 724
147 4 2 1 1 591 725 903 1091
148 4 2 1 1 559 633 707 996
149 4 2 1 1 578 772 824 833
150 4 2 1 1 1064 1101 591 747
151 4 2 1 1 464 395 730 860
152 4 2 1 1 589 829 752 1021
153 4 2 1 1 494 678 460 1175
154 4 2 1 1 743 926 617 927
155 4 2 1 1 574 780 767 831
156 4 2 1 1 278 259 260 993
157 4 2 1 1 507 773 638 934
158 4 2 1 1 574 689 822 964
159 4 2 1 1 505 872 606 653
160 4 2 1 1 567 706 676 1015
161 4 2 1 1 507 638 773 910
162 4 2 1 1 514 735 732 807
163 4 2 1 1 720 822 689 964
164 4 2 1 1 1164 972 1094 578
165 4 2 1 1 1257 328 1266 72
166 4 2 1 1 582 759 919 950
167 4 2 1 1 460 734 678 998
168 4 2 1 1 524 641 965 1056
169 4 2 1 1 766 820 565 933
170 4 2 1 1 513 706 832 912
171 4 2 1 1 543 700 821 973
172 4 2 1 1 553 708 631 718
173 4 2 1 1 601 865 879 1203
174 4 2 1 1 750 536 1122 1078
175 4 2 1 1 4 72 1266 328
176 4 2 1 1 712 838 613 1022
177 4 2 1 1 660 584 150 958
178 4 2 1 1 236 787 597 1207
179 4 2 1 1 550 918 879 1035
180 4 2 1 1 565 691 933 1055
181 4 2 1 1 516 922 600 1187
182 4 2 1 1 561 620 829 824
183 4 2 1 1 1257 328 755 1266
184 4 2 1 1 1253 329 1282 867
185 4 2 1 1 512 742 820 933
186 4 2 1 1 652 806 1008 1035
187 4 2 1 1 507 648 689 891
188 4 2 1 1 937 964 789 1112
189 4 2 1 1 1105 524 780 681
190 4 2 1 1 622 1082 786 768
191 4 2 1 1 1272 960 168 182
192 4 2 1 1 631 708 553 802
193 4 2 1 1 534 968 921 1132
194 4 2 1 1 678 734 460 1175
195 4 2 1 1 1253 329 53 1282
196 4 2 1 1 524 681 641 1056
197 4 2 1 1 765 1123 640 1159
198 4 2 1 1 719 1097 905 1162
199 4 2 1 1 129 1284 91 680
200 4 2 1 1 706 965 524 641
201 4 2 1 1 905 1097 650 1162
202 4 2 1 1 606 553 793 1039
203 4 2 1 1 329 6 53 1282
204 4 2 1 1 651 814 360 1019
205 4 2 1 1 763 622 815 919
206 4 2 1 1 606 727 553 1039
207 4 2 1 1 676 706 524 720
208 4 2 1 1 899 1141 522 1164
209 4 2 1 1 565 820 766 624
210 4 2 1 1 262 1257 277 697
211 4 2 1 1 28 1285 327 1284
212 4 2 1 1 651 814 542 1155
213 4 2 1 1 624 820 512 1053
214 4 2 1 1 1284 1285 327 680
215 4 2 1 1 1204 792 896 1025
216 4 2 1 1 536 609 768 950
217 4 2 1 1 779 818 608 1074
218 4 2 1 1 543 719 700 1162
219 4 2 1 1 28 1285 1284 129
220 4 2 1 1 970 701 718 1217
221 4 2 1 1 561 809 766 1134
222 4 2 1 1 805 921 533 926
223 4 2 1 1 552 683 684 1012
224 4 2 1 1 601 854 865 1203
225 4 2 1 1 114 1026 837 1211
226 4 2 1 1 1245 326 1286 1150
227 4 2 1 1 1245 326 77 1286
228 4 2 1 1 396 595 856 799
229 4 2 1 1 618 1000 803 1059
230 4 2 1 1 529 1129 957 1206
231 4 2 1 1 550 879 918 991
232 4 2 1 1 967 1047 506 1061
233 4 2 1 1 691 766 565 933
234 4 2 1 1 505 909 606 637
235 4 2 1 1 622 1082 768 552
236 4 2 1 1 591 900 791 1064
237 4 2 1 1 689 822 720 891
238 4 2 1 1 855 864 978 667
239 4 2 1 1 237 869 670 914
240 4 2 1 1 672 378 863 1014
241 4 2 1 1 670 869 541 914
242 4 2 1 1 548 706 641 764
243 4 2 1 1 540 686 699 732
244 4 2 1 1 691 891 766 933
245 4 2 1 1 618 803 510 1115
246 4 2 1 1 526 745 836 844
247 4 2 1 1 614 901 727 995
248 4 2 1 1 710 993 670 1205
249 4 2 1 1 803 1000 585 1059
250 4 2 1 1 720 706 773 1015
251 4 2 1 1 590 791 1064 1101
252 4 2 1 1 669 1154 882 821
253 4 2 1 1 1286 8 326 77
254 4 2 1 1 358 814 813 1163
255 4 2 1 1 578 604 972 772
256 4 2 1 1 534 598 921 968
257 4 2 1 1 591 725 1091 1101
258 4 2 1 1 458 805 598 847
259 4 2 1 1 573 995 739 653
260 4 2 1 1 1288 5 40 486
261 4 2 1 1 532 791 725 903
262 4 2 1 1 601 571 733 1131
263 4 2 1 1 748 1099 726 532
264 4 2 1 1 462 814 678 1019
265 4 2 1 1 657 778 825 541
266 4 2 1 1 423 784 717 861
267 4 2 1 1 606 793 553 872
268 4 2 1 1 578 604 772 833
269 4 2 1 1 913 828 908 506
270 4 2 1 1 529 737 704 876
271 4 2 1 1 566 704 737 876
272 4 2 1 1 1013 1065 773 638
273 4 2 1 1 672 863 713 1141
274 4 2 1 1 1272 1288 40 486
275 4 2 1 1 509 900 791 905
276 4 2 1 1 734 931 533 1178
277 4 2 1 1 762 903 1091 1225
278 4 2 1 1 507 648 852 910
279 4 2 1 1 600 846 845 1133
280 4 2 1 1 748 726 589 1115
281 4 2 1 1 1043 733 644 865
282 4 2 1 1 355 850 353 354
283 4 2 1 1 1272 1288 486 666
284 4 2 1 1 1135 1108 861 717
285 4 2 1 1 1 15 461 1292
286 4 2 1 1 540 699 686 1199
287 4 2 1 1 891 933 691 1055
288 4 2 1 1 1204 1096 896 792
289 4 2 1 1 529 619 752 1129
290 4 2 1 1 1272 960 182 666
291 4 2 1 1 928 1201 826 580
292 4 2 1 1 772 833 604 530
293 4 2 1 1 360 813 651 1214
294 4 2 1 1 14 1292 232 1255
295 4 2 1 1 299 626 692 849
296 4 2 1 1 1183 1181 1000 826
297 4 2 1 1 1258 229 221 680
298 4 2 1 1 604 673 899 1121
299 4 2 1 1 1281 1292 461 15
300 4 2 1 1 553 718 631 727
301 4 2 1 1 1156 993 670 710
302 4 2 1 1 1183 1181 826 608
303 4 2 1 1 1003 796 443 999
304 4 2 1 1 583 816 857 1145
305 4 2 1 1 640 866 765 902
306 4 2 1 1 533 852 674 1193
307 4 2 1 1 570 821 700 669
308 4 2 1 1 749 739 522 653
309 4 2 1 1 899 1014 672 1141
310 4 2 1 1 558 692 302 980
311 4 2 1 1 831 941 683 1009
312 4 2 1 1 505 702 724 1127
313 4 2 1 1 768 919 536 950
314 4 2 1 1 674 921 534 983
315 4 2 1 1 128 837 1161 1211
316 4 2 1 1 561 766 809 824
317 4 2 1 1 605 822 895 949
318 4 2 1 1 697 755 547 1031
319 4 2 1 1 550 676 746 918
320 4 2 1 1 553 701 718 727
321 4 2 1 1 1281 1292 1104 461
322 4 2 1 1 957 1129 594 1206
323 4 2 1 1 683 831 504 835
324 4 2 1 1 574 937 689 964
325 4 2 1 1 523 812 937 1230
326 4 2 1 1 730 411 860 1149
327 4 2 1 1 238 866 765 1146
328 4 2 1 1 7 84 1291 488
329 4 2 1 1 627 724 715 858
330 4 2 1 1 889 1287 1109 177
331 4 2 1 1 520 979 864 1192
332 4 2 1 1 913 828 506 669
333 4 2 1 1 899 1024 833 522
334 4 2 1 1 641 706 548 964
335 4 2 1 1 515 758 763 857
336 4 2 1 1 114 1026 1211 755
337 4 2 1 1 1244 1291 84 488
338 4 2 1 1 762 903 725 1091
339 4 2 1 1 262 1257 697 755
340 4 2 1 1 670 869 777 915
341 4 2 1 1 532 725 762 903
342 4 2 1 1 1244 1291 488 661
343 4 2 1 1 529 704 675 1074
344 4 2 1 1 1264 1261 21 134
345 4 2 1 1 252 616 596 688
346 4 2 1 1 684 769 549 810
347 4 2 1 1 676 706 567 918
348 4 2 1 1 729 1125 762 1216
349 4 2 1 1 689 648 910 1088
350 4 2 1 1 602 601 865 879
351 4 2 1 1 134 1264 1261 800
352 4 2 1 1 812 846 625 996
353 4 2 1 1 545 742 852 925
354 4 2 1 1 318 680 980 1231
355 4 2 1 1 638 934 1013 873
356 4 2 1 1 530 772 1003 966
357 4 2 1 1 358 813 357 1163
358 4 2 1 1 609 536 696 1122
359 4 2 1 1 551 683 1009 1107
360 4 2 1 1 706 720 676 1015
361 4 2 1 1 622 1082 552 756
362 4 2 1 1 548 789 964 1112
363 4 2 1 1 523 937 888 1230
364 4 2 1 1 649 552 684 1012
365 4 2 1 1 605 895 829 949
366 4 2 1 1 1261 800 490 927
367 4 2 1 1 528 609 750 868
368 4 2 1 1 552 622 756 885
369 4 2 1 1 724 884 858 1042
370 4 2 1 1 856 860 397 1175
371 4 2 1 1 986 1091 903 1225
372 4 2 1 1 529 737 1129 1206
373 4 2 1 1 504 683 835 1233
374 4 2 1 1 813 850 585 1023
375 4 2 1 1 580 862 644 1201
376 4 2 1 1 366 762 1125 1216
377 4 2 1 1 568 977 864 978
378 4 2 1 1 704 675 788 737
379 4 2 1 1 893 873 688 961
380 4 2 1 1 591 747 900 1064
381 4 2 1 1 499 464 395 730
382 4 2 1 1 462 678 860 1019
383 4 2 1 1 1105 524 681 641
384 4 2 1 1 1250 280 1286 1150
385 4 2 1 1 1164 1094 972 695
386 4 2 1 1 251 616 879 596
387 4 2 1 1 524 676 754 965
388 4 2 1 1 1250 280 47 1286
389 4 2 1 1 1286 47 8 280
390 4 2 1 1 653 1024 899 522
391 4 2 1 1 638 1013 934 773
392 4 2 1 1 528 767 609 868
393 4 2 1 1 511 792 896 1096
394 4 2 1 1 1210 230 1282 34
395 4 2 1 1 541 699 686 732
396 4 2 1 1 681 848 641 1056
397 4 2 1 1 504 831 780 1105
398 4 2 1 1 812 830 586 1230
399 4 2 1 1 730 411 1149 502
400 4 2 1 1 172 712 660 935
401 4 2 1 1 580 826 754 1201
402 4 2 1 1 516 600 744 846
403 4 2 1 1 812 846 996 523
404 4 2 1 1 506 741 828 1061
405 4 2 1 1 609 536 768 1001
406 4 2 1 1 582 919 768 950
407 4 2 1 1 357 813 1017 1163
408 4 2 1 1 1237 617 770 800
409 4 2 1 1 505 627 940 1127
410 4 2 1 1 733 774 571 906
411 4 2 1 1 507 689 720 891
412 4 2 1 1 744 911 600 1065
413 4 2 1 1 1204 792 1025 542
414 4 2 1 1 765 866 640 1123
415 4 2 1 1 715 766 512 624
416 4 2 1 1 741 828 771 669
417 4 2 1 1 586 781 916 1060
418 4 2 1 1 512 715 624 1053
419 4 2 1 1 764 1100 981 923
420 4 2 1 1 561 829 949 824
421 4 2 1 1 490 598 340 927
422 4 2 1 1 537 728 658 1124
423 4 2 1 1 586 916 812 1060
424 4 2 1 1 702 1042 731 898
425 4 2 1 1 822 895 574 780
426 4 2 1 1 683 769 684 1012
427 4 2 1 1 536 759 758 1078
428 4 2 1 1 758 759 635 1078
429 4 2 1 1 813 814 611 1163
430 4 2 1 1 901 1072 606 1165
431 4 2 1 1 812 846 523 937
432 4 2 1 1 238 765 866 902
433 4 2 1 1 627 858 715 512
434 4 2 1 1 530 772 740 1003
435 4 2 1 1 672 713 607 1200
436 4 2 1 1 627 766 715 809
437 4 2 1 1 583 857 1067 1145
438 4 2 1 1 542 804 792 1116
439 4 2 1 1 653 673 899 1024
440 4 2 1 1 901 1039 606 1072
441 4 2 1 1 507 720 689 773
442 4 2 1 1 812 830 996 586
443 4 2 1 1 518 1039 901 1072
444 4 2 1 1 221 1037 1158 680
445 4 2 1 1 901 995 573 653
446 4 2 1 1 536 1078 758 1228
447 4 2 1 1 758 1078 635 1228
448 4 2 1 1 374 839 728 966
449 4 2 1 1 812 846 937 625
450 4 2 1 1 580 754 862 1201
451 4 2 1 1 230 34 6 1282
452 4 2 1 1 1244 283 1291 661
453 4 2 1 1 366 762 1004 1125
454 4 2 1 1 1206 1034 1129 594
455 4 2 1 1 586 702 870 872
456 4 2 1 1 769 982 684 1012
457 4 2 1 1 212 1037 859 1158
458 4 2 1 1 373 444 624 999
459 4 2 1 1 798 1046 836 1050
460 4 2 1 1 798 1046 1050 730
461 4 2 1 1 700 669 821 973
462 4 2 1 1 191 1282 867 1210
463 4 2 1 1 636 567 746 1015
464 4 2 1 1 1266 1252 33 328
465 4 2 1 1 561 766 691 891
466 4 2 1 1 98 99 97 1179
467 4 2 1 1 1266 33 4 328
468 4 2 1 1 355 850 354 1017
469 4 2 1 1 530 715 658 624
470 4 2 1 1 505 606 872 637
471 4 2 1 1 911 852 925 545
472 4 2 1 1 1206 1129 1034 737
473 4 2 1 1 544 669 771 668
474 4 2 1 1 529 619 1129 737
475 4 2 1 1 648 933 742 512
476 4 2 1 1 598 847 805 921
477 4 2 1 1 401 805 458 847
478 4 2 1 1 353 1023 813 1214
479 4 2 1 1 619 752 726 876
480 4 2 1 1 552 768 622 1139
481 4 2 1 1 720 964 689 1112
482 4 2 1 1 121 129 91 680
483 4 2 1 1 595 395 856 860
484 4 2 1 1 700 1047 506 1062
485 4 2 1 1 612 880 153 1022
486 4 2 1 1 509 871 791 1064
487 4 2 1 1 557 848 641 1105
488 4 2 1 1 617 90 927 800
489 4 2 1 1 211 631 572 1037
490 4 2 1 1 518 1072 901 1165
491 4 2 1 1 1266 1252 328 755
492 4 2 1 1 678 705 542 955
493 4 2 1 1 1118 546 660 877
494 4 2 1 1 635 811 741 759
495 4 2 1 1 599 729 695 1125
496 4 2 1 1 611 1017 813 1163
497 4 2 1 1 548 764 641 1100
498 4 2 1 1 734 805 533 931
499 4 2 1 1 838 1022 712 1177
500 4 2 1 1 396 595 799 337
501 4 2 1 1 712 857 660 1067
502 4 2 1 1 601 571 1131 778
503 4 2 1 1 888 937 574 1009
504 4 2 1 1 362 740 1163 772
505 4 2 1 1 773 910 1065 1112
506 4 2 1 1 1239 229 1285 680
507 4 2 1 1 617 105 927 90
508 4 2 1 1 1239 229 9 1285
509 4 2 1 1 858 884 664 1042
510 4 2 1 1 529 957 675 1206
511 4 2 1 1 575 789 723 875
512 4 2 1 1 367 624 444 975
513 4 2 1 1 259 776 670 777
514 4 2 1 1 1291 1287 488 661
515 4 2 1 1 612 785 153 880
516 4 2 1 1 529 619 737 876
517 4 2 1 1 1204 792 542 804
518 4 2 1 1 759 823 659 950
519 4 2 1 1 623 840 218 953
520 4 2 1 1 546 811 741 1047
521 4 2 1 1 540 686 732 1007
522 4 2 1 1 769 916 810 982
523 4 2 1 1 639 866 617 1066
524 4 2 1 1 831 964 780 1105
525 4 2 1 1 618 510 752 1115
526 4 2 1 1 245 254 248 1169
527 4 2 1 1 535 704 675 788
528 4 2 1 1 1118 660 546 935
529 4 2 1 1 474 672 721 839
530 4 2 1 1 506 1047 967 1062
531 4 2 1 1 211 708 631 1037
532 4 2 1 1 535 704 818 1074
533 4 2 1 1 799 983 800 770
534 4 2 1 1 621 1008 806 1035
535 4 2 1 1 631 802 553 1039
536 4 2 1 1 535 675 704 1074
537 4 2 1 1 780 831 574 964
538 4 2 1 1 567 636 746 961
539 4 2 1 1 542 1116 792 1197
540 4 2 1 1 792 580 1096 1186
541 4 2 1 1 931 985 533 1178
542 4 2 1 1 540 962 841 1199
543 4 2 1 1 237 825 244 869
544 4 2 1 1 1285 9 2 229
545 4 2 1 1 1121 1014 839 899
546 4 2 1 1 736 926 743 927
547 4 2 1 1 601 733 571 1169
548 4 2 1 1 1278 65 1292 232
549 4 2 1 1 715 766 627 512
550 4 2 1 1 510 709 671 1080
551 4 2 1 1 444 367 373 624
552 4 2 1 1 687 779 608 508
553 4 2 1 1 232 1292 1278 1104
554 4 2 1 1 604 899 833 1164
555 4 2 1 1 567 746 676 918
556 4 2 1 1 941 789 1009 831
557 4 2 1 1 575 723 789 1100
558 4 2 1 1 114 1026 755 902
559 4 2 1 1 629 710 670 1205
560 4 2 1 1 600 516 711 922
561 4 2 1 1 390 1278 1104 623
562 4 2 1 1 262 1257 755 271
563 4 2 1 1 838 515 788 1113
564 4 2 1 1 831 1009 683 1107
565 4 2 1 1 766 809 627 1134
566 4 2 1 1 513 832 706 918
567 4 2 1 1 635 1047 967 1061
568 4 2 1 1 564 956 690 987
569 4 2 1 1 512 884 715 1053
570 4 2 1 1 540 841 699 1199
571 4 2 1 1 561 691 766 824
572 4 2 1 1 889 1287 177 1273
573 4 2 1 1 956 987 897 1106
574 4 2 1 1 724 702 505 703
575 4 2 1 1 542 705 678 1025
576 4 2 1 1 507 804 1055 634
577 4 2 1 1 262 755 697 1031
578 4 2 1 1 1141 863 1014 672
579 4 2 1 1 1141 1014 863 695
580 4 2 1 1 753 1090 481 1160
581 4 2 1 1 1264 27 3 282
582 4 2 1 1 783 708 517 1086
583 4 2 1 1 660 811 546 935
584 4 2 1 1 535 699 838 1113
585 4 2 1 1 520 663 692 864
586 4 2 1 1 652 806 1035 956
587 4 2 1 1 911 852 545 910
588 4 2 1 1 365 740 772 1003
589 4 2 1 1 779 1074 508 841
590 4 2 1 1 540 662 841 962
591 4 2 1 1 708 718 553 853
592 4 2 1 1 510 671 752 1080
593 4 2 1 1 676 720 524 634
594 4 2 1 1 567 934 636 961
595 4 2 1 1 103 643 654 743
596 4 2 1 1 229 192 221 680
597 4 2 1 1 517 802 892 982
598 4 2 1 1 540 686 962 1199
599 4 2 1 1 551 982 769 1012
600 4 2 1 1 625 916 769 1009
601 4 2 1 1 509 791 650 905
602 4 2 1 1 509 698 818 1058
603 4 2 1 1 608 818 698 1058
604 4 2 1 1 673 653 899 1202
605 4 2 1 1 519 849 817 1221
606 4 2 1 1 791 871 590 1064
607 4 2 1 1 519 786 583 815
608 4 2 1 1 506 741 700 669
609 4 2 1 1 507 773 689 910
610 4 2 1 1 764 981 1100 723
611 4 2 1 1 995 653 727 555
612 4 2 1 1 201 614 969 971
613 4 2 1 1 847 856 397 1175
614 4 2 1 1 819 935 811 1067
615 4 2 1 1 561 766 891 1134
616 4 2 1 1 570 741 700 782
617 4 2 1 1 1271 1264 282 27
618 4 2 1 1 552 1012 649 1140
619 4 2 1 1 916 996 812 625
620 4 2 1 1 611 578 938 1017
621 4 2 1 1 962 965 854 1203
622 4 2 1 1 740 367 624 1003
623 4 2 1 1 603 515 894 1234
624 4 2 1 1 621 965 962 1203
625 4 2 1 1 626 864 667 1192
626 4 2 1 1 615 986 903 1225
627 4 2 1 1 407 799 598 800
628 4 2 1 1 1271 1264 800 282
629 4 2 1 1 1260 960 666 182
630 4 2 1 1 683 551 769 1012
631 4 2 1 1 1242 135 562 959
632 4 2 1 1 1222 964 524 780
633 4 2 1 1 835 683 941 977
634 4 2 1 1 676 746 567 1015
635 4 2 1 1 963 1021 619 1122
636 4 2 1 1 611 578 1017 772
637 4 2 1 1 872 703 505 702
638 4 2 1 1 872 703 702 701
639 4 2 1 1 71 1288 1275 486
640 4 2 1 1 760 735 556 946
641 4 2 1 1 565 933 705 1055
642 4 2 1 1 902 866 96 640
643 4 2 1 1 795 835 575 977
644 4 2 1 1 486 1288 1275 666
645 4 2 1 1 911 852 910 638
646 4 2 1 1 846 996 633 997
647 4 2 1 1 1273 240 1036 661
648 4 2 1 1 600 523 689 1088
649 4 2 1 1 1248 953 189 218
650 4 2 1 1 672 899 839 1014
651 4 2 1 1 441 775 672 863
652 4 2 1 1 911 852 638 925
653 4 2 1 1 597 798 836 526
654 4 2 1 1 510 671 709 1000
655 4 2 1 1 529 619 876 752
656 4 2 1 1 648 1134 689 891
657 4 2 1 1 621 965 641 1056
658 4 2 1 1 818 834 704 1005
659 4 2 1 1 658 1003 530 624
660 4 2 1 1 96 97 109 1227
661 4 2 1 1 1135 861 1108 527
662 4 2 1 1 402 805 734 931
663 4 2 1 1 557 738 735 848
664 4 2 1 1 760 763 1130 857
665 4 2 1 1 531 711 646 912
666 4 2 1 1 399 847 598 856
667 4 2 1 1 299 300 302 692
668 4 2 1 1 625 941 693 875
669 4 2 1 1 246 777 670 869
670 4 2 1 1 482 757 1004 1225
671 4 2 1 1 411 410 860 1149
672 4 2 1 1 427 651 475 954
673 4 2 1 1 649 802 793 982
674 4 2 1 1 576 945 1137 1033
675 4 2 1 1 71 1288 486 5
676 4 2 1 1 326 289 315 1150
677 4 2 1 1 546 741 700 1047
678 4 2 1 1 1121 1014 899 604
679 4 2 1 1 582 823 759 950
680 4 2 1 1 526 644 733 1084
681 4 2 1 1 689 773 720 1112
682 4 2 1 1 535 818 704 1005
683 4 2 1 1 1120 1124 796 537
684 4 2 1 1 427 842 651 954
685 4 2 1 1 650 591 1191 1097
686 4 2 1 1 1180 554 685 898
687 4 2 1 1 86 18 1263 1279
688 4 2 1 1 640 516 944 711
689 4 2 1 1 617 105 90 104
690 4 2 1 1 715 1053 884 1120
691 4 2 1 1 113 1239 680 930
692 4 2 1 1 842 1172 525 753
693 4 2 1 1 611 578 772 824
694 4 2 1 1 879 918 1153 1035
695 4 2 1 1 375 972 1014 966
696 4 2 1 1 640 516 711 744
697 4 2 1 1 529 675 737 1206
698 4 2 1 1 835 683 977 1233
699 4 2 1 1 774 906 526 1092
700 4 2 1 1 599 1020 1141 1164
701 4 2 1 1 530 673 715 809
702 4 2 1 1 599 1141 695 1164
703 4 2 1 1 706 720 548 964
704 4 2 1 1 591 725 1101 791
705 4 2 1 1 578 729 748 803
706 4 2 1 1 611 578 824 938
707 4 2 1 1 652 806 956 563
708 4 2 1 1 625 769 941 1009
709 4 2 1 1 507 933 648 891
710 4 2 1 1 1257 324 1290 697
711 4 2 1 1 795 575 942 977
712 4 2 1 1 550 746 676 862
713 4 2 1 1 552 684 683 978
714 4 2 1 1 591 725 791 903
715 4 2 1 1 1239 229 192 9
716 4 2 1 1 537 658 715 1120
717 4 2 1 1 584 660 712 857
718 4 2 1 1 565 705 678 955
719 4 2 1 1 580 804 792 1096
720 4 2 1 1 1222 964 780 822
721 4 2 1 1 564 776 690 956
722 4 2 1 1 625 997 996 846
723 4 2 1 1 1257 324 73 1290
724 4 2 1 1 610 917 707 1073
725 4 2 1 1 286 1290 1238 74
726 4 2 1 1 636 1015 746 1096
727 4 2 1 1 402 734 805 847
728 4 2 1 1 586 707 830 996
729 4 2 1 1 805 847 533 921
730 4 2 1 1 324 1290 74 73
731 4 2 1 1 847 856 577 921
732 4 2 1 1 507 648 933 852
733 4 2 1 1 538 724 858 1042
734 4 2 1 1 606 653 749 505
735 4 2 1 1 928 1201 580 644
736 4 2 1 1 262 273 755 1031
737 4 2 1 1 702 1073 870 731
738 4 2 1 1 531 765 866 1146
739 4 2 1 1 617 105 104 743
740 4 2 1 1 572 802 794 892
741 4 2 1 1 687 608 779 1126
742 4 2 1 1 1238 993 697 677
743 4 2 1 1 969 971 614 995
744 4 2 1 1 868 909 606 1165
745 4 2 1 1 286 1290 74 324
746 4 2 1 1 443 1003 999 373
747 4 2 1 1 868 909 895 637
748 4 2 1 1 1251 293 1289 1190
749 4 2 1 1 1254 980 1231 318
750 4 2 1 1 760 735 946 732
751 4 2 1 1 1251 293 57 1289
752 4 2 1 1 523 600 937 846
753 4 2 1 1 513 764 646 987
754 4 2 1 1 552 622 885 1139
755 4 2 1 1 580 792 804 1116
756 4 2 1 1 556 735 738 946
757 4 2 1 1 293 1242 56 1289
758 4 2 1 1 737 876 619 967
759 4 2 1 1 572 802 631 794
760 4 2 1 1 746 1015 676 1096
761 4 2 1 1 528 1021 963 1122
762 4 2 1 1 692 864 663 943
763 4 2 1 1 542 1019 792 1025
764 4 2 1 1 735 738 557 874
765 4 2 1 1 773 1065 910 638
766 4 2 1 1 1136 757 432 827
767 4 2 1 1 612 951 656 1114
768 4 2 1 1 915 601 1008 686
769 4 2 1 1 769 916 551 1009
770 4 2 1 1 587 651 1197 525
771 4 2 1 1 616 1013 688 832
772 4 2 1 1 542 709 1116 1197
773 4 2 1 1 499 730 395 1077
774 4 2 1 1 769 810 684 982
775 4 2 1 1 362 740 772 365
776 4 2 1 1 1172 1197 525 709
777 4 2 1 1 624 932 444 975
778 4 2 1 1 1136 432 757 431
779 4 2 1 1 985 925 742 743
780 4 2 1 1 933 507 1055 891
781 4 2 1 1 560 1161 837 1211
782 4 2 1 1 622 919 763 1198
783 4 2 1 1 1276 597 787 1176
784 4 2 1 1 643 664 632 1215
785 4 2 1 1 276 240 283 661
786 4 2 1 1 163 647 959 1210
787 4 2 1 1 924 944 645 987
788 4 2 1 1 660 546 811 877
789 4 2 1 1 607 899 672 1200
790 4 2 1 1 543 650 1097 1162
791 4 2 1 1 616 1013 961 688
792 4 2 1 1 519 786 756 1082
793 4 2 1 1 550 1035 879 1203
794 4 2 1 1 767 574 895 780
795 4 2 1 1 507 933 705 1193
796 4 2 1 1 949 891 634 822
797 4 2 1 1 382 623 728 840
798 4 2 1 1 660 158 935 1118
799 4 2 1 1 793 802 781 982
800 4 2 1 1 632 974 845 1018
801 4 2 1 1 293 56 57 1289
802 4 2 1 1 320 697 307 317
803 4 2 1 1 868 606 909 637
804 4 2 1 1 792 1019 628 1025
805 4 2 1 1 490 598 927 800
806 4 2 1 1 507 852 933 1193
807 4 2 1 1 444 932 624 999
808 4 2 1 1 651 814 813 360
809 4 2 1 1 61 60 227 1274
810 4 2 1 1 548 964 720 1112
811 4 2 1 1 293 1242 1289 1190
812 4 2 1 1 505 673 703 653
813 4 2 1 1 949 891 822 561
814 4 2 1 1 673 899 1121 1202
815 4 2 1 1 505 703 673 724
816 4 2 1 1 524 706 676 965
817 4 2 1 1 749 739 653 573
818 4 2 1 1 587 842 651 525
819 4 2 1 1 630 1135 861 717
820 4 2 1 1 1260 233 1288 666
821 4 2 1 1 540 732 735 1007
822 4 2 1 1 656 778 571 825
823 4 2 1 1 505 872 702 1127
824 4 2 1 1 516 997 714 1188
825 4 2 1 1 628 860 410 1149
826 4 2 1 1 1010 1051 642 1052
827 4 2 1 1 574 789 937 964
828 4 2 1 1 912 1065 922 1112
829 4 2 1 1 570 700 741 669
830 4 2 1 1 517 892 684 982
831 4 2 1 1 689 910 773 1112
832 4 2 1 1 508 687 779 1002
833 4 2 1 1 770 281 243 800
834 4 2 1 1 559 633 996 997
835 4 2 1 1 79 1268 239 80
836 4 2 1 1 1292 65 1 232
837 4 2 1 1 262 1257 271 277
838 4 2 1 1 1260 233 39 1288
839 4 2 1 1 572 558 859 1037
840 4 2 1 1 748 1054 913 1099
841 4 2 1 1 395 730 595 1077
842 4 2 1 1 548 773 720 706
843 4 2 1 1 600 711 516 744
844 4 2 1 1 556 738 735 874
845 4 2 1 1 307 324 317 697
846 4 2 1 1 740 624 367 975
847 4 2 1 1 577 921 856 968
848 4 2 1 1 522 833 899 1164
849 4 2 1 1 673 715 658 530
850 4 2 1 1 786 815 622 919
851 4 2 1 1 616 918 879 991
852 4 2 1 1 799 983 770 534
853 4 2 1 1 587 844 745 630
854 4 2 1 1 842 1172 651 525
855 4 2 1 1 460 975 734 998
856 4 2 1 1 700 719 543 782
857 4 2 1 1 702 1042 898 724
858 4 2 1 1 355 850 1017 813
859 4 2 1 1 5 39 233 1288
860 4 2 1 1 523 600 846 845
861 4 2 1 1 835 941 683 831
862 4 2 1 1 201 971 588 614
863 4 2 1 1 557 735 874 1095
864 4 2 1 1 71 1288 5 233
865 4 2 1 1 128 114 837 1211
866 4 2 1 1 549 810 693 943
867 4 2 1 1 557 923 835 1105
868 4 2 1 1 1275 1288 233 666
869 4 2 1 1 1170 1099 1062 650
870 4 2 1 1 915 652 1008 601
871 4 2 1 1 1189 613 1117 935
872 4 2 1 1 660 150 584 712
873 4 2 1 1 650 1191 591 903
874 4 2 1 1 534 851 636 961
875 4 2 1 1 373 624 367 1003
876 4 2 1 1 760 515 675 1206
877 4 2 1 1 671 826 1000 1181
878 4 2 1 1 1238 993 677 1205
879 4 2 1 1 651 814 1155 813
880 4 2 1 1 539 721 672 839
881 4 2 1 1 600 922 1065 1112
882 4 2 1 1 1260 233 666 190
883 4 2 1 1 825 778 571 869
884 4 2 1 1 520 663 942 981
885 4 2 1 1 662 540 841 957
886 4 2 1 1 422 717 1090 630
887 4 2 1 1 1284 91 680 1231
888 4 2 1 1 1042 1111 538 731
889 4 2 1 1 941 1009 789 625
890 4 2 1 1 533 847 734 1057
891 4 2 1 1 515 763 758 1034
892 4 2 1 1 1242 562 135 1190
893 4 2 1 1 985 925 743 926
894 4 2 1 1 859 1037 558 1158
895 4 2 1 1 287 562 295 959
896 4 2 1 1 1120 1124 537 658
897 4 2 1 1 1291 184 46 1287
898 4 2 1 1 45 1287 1109 339
899 4 2 1 1 1183 1181 608 871
900 4 2 1 1 540 732 699 1157
901 4 2 1 1 552 885 756 978
902 4 2 1 1 717 784 423 1102
903 4 2 1 1 286 1290 324 697
904 4 2 1 1 512 1018 858 1215
905 4 2 1 1 604 1014 972 966
906 4 2 1 1 505 940 872 1127
907 4 2 1 1 862 1096 580 1186
908 4 2 1 1 580 754 676 862
909 4 2 1 1 1272 960 666 887
910 4 2 1 1 210 1037 859 212
911 4 2 1 1 564 924 645 987
912 4 2 1 1 624 1120 715 658
913 4 2 1 1 128 837 109 1161
914 4 2 1 1 543 973 650 1162
915 4 2 1 1 1170 1062 1099 726
916 4 2 1 1 1014 379 863 695
917 4 2 1 1 1049 505 627 940
918 4 2 1 1 1253 1210 959 867
919 4 2 1 1 836 890 511 1046
920 4 2 1 1 574 888 1009 1229
921 4 2 1 1 534 636 934 961
922 4 2 1 1 657 603 699 541
923 4 2 1 1 723 875 789 1187
924 4 2 1 1 1030 1081 694 1144
925 4 2 1 1 598 921 805 926
926 4 2 1 1 299 692 626 1213
927 4 2 1 1 958 163 174 647
928 4 2 1 1 373 999 624 1003
929 4 2 1 1 551 1012 683 1107
930 4 2 1 1 448 972 1017 1094
931 4 2 1 1 1273 177 140 184
932 4 2 1 1 114 1026 902 837
933 4 2 1 1 526 844 644 1084
934 4 2 1 1 673 537 715 724
935 4 2 1 1 586 781 870 917
936 4 2 1 1 841 957 540 1157
937 4 2 1 1 903 986 591 1091
938 4 2 1 1 448 972 772 1017
939 4 2 1 1 221 1037 680 223
940 4 2 1 1 1013 1065 638 531
941 4 2 1 1 678 705 565 1057
942 4 2 1 1 748 1020 599 1164
943 4 2 1 1 339 1287 1109 661
944 4 2 1 1 726 752 619 589
945 4 2 1 1 532 748 729 803
946 4 2 1 1 105 736 743 927
947 4 2 1 1 14 1292 1255 132
948 4 2 1 1 912 513 706 764
949 4 2 1 1 1282 1210 1253 867
950 4 2 1 1 543 1097 719 1162
951 4 2 1 1 412 628 954 1019
952 4 2 1 1 1248 953 721 189
953 4 2 1 1 650 905 591 1097
954 4 2 1 1 534 636 851 1132
955 4 2 1 1 676 524 936 634
956 4 2 1 1 549 769 693 810
957 4 2 1 1 672 1141 713 1200
958 4 2 1 1 555 739 971 995
959 4 2 1 1 647 867 1221 959
960 4 2 1 1 515 760 763 1206
961 4 2 1 1 518 750 1072 1165
962 4 2 1 1 1177 1208 1234 679
963 4 2 1 1 1108 1064 1102 717
964 4 2 1 1 1003 796 999 1120
965 4 2 1 1 765 902 1031 547
966 4 2 1 1 709 671 1080 1116
967 4 2 1 1 1108 1102 1064 576
968 4 2 1 1 586 702 872 1127
969 4 2 1 1 701 727 606 653
970 4 2 1 1 958 174 163 161
971 4 2 1 1 625 875 789 941
972 4 2 1 1 804 936 634 676
973 4 2 1 1 601 652 1008 1203
974 4 2 1 1 613 712 149 935
975 4 2 1 1 813 938 850 1017
976 4 2 1 1 552 756 1082 1184
977 4 2 1 1 1292 232 1255 1104
978 4 2 1 1 630 587 844 525
979 4 2 1 1 474 672 839 383
980 4 2 1 1 583 857 816 1130
981 4 2 1 1 635 741 1047 1061
982 4 2 1 1 648 545 742 852
983 4 2 1 1 691 565 955 1055
984 4 2 1 1 1251 326 1286 58
985 4 2 1 1 542 651 1155 1197
986 4 2 1 1 58 8 326 1286
987 4 2 1 1 1183 1181 871 1000
988 4 2 1 1 513 646 832 987
989 4 2 1 1 320 697 317 755
990 4 2 1 1 777 1128 563 1156
991 4 2 1 1 523 600 845 1088
992 4 2 1 1 458 598 805 927
993 4 2 1 1 355 353 813 1214
994 4 2 1 1 830 974 627 1230
995 4 2 1 1 458 598 399 847
996 4 2 1 1 783 111 124 122
997 4 2 1 1 571 774 661 1092
998 4 2 1 1 412 954 628 1149
999 4 2 1 1 278 1238 1205 993
1000 4 2 1 1 820 985 931 1178
1001 4 2 1 1 513 806 956 1035
1002 4 2 1 1 1142 164 629 1143
1003 4 2 1 1 673 1121 604 530
1004 4 2 1 1 545 648 742 1018
1005 4 2 1 1 615 1016 986 1225
1006 4 2 1 1 509 871 698 1058
1007 4 2 1 1 609 696 536 1001
1008 4 2 1 1 1003 966 658 530
1009 4 2 1 1 691 611 824 1011
1010 4 2 1 1 770 799 893 281
1011 4 2 1 1 875 941 693 942
1012 4 2 1 1 586 916 781 917
1013 4 2 1 1 507 891 634 1055
1014 4 2 1 1 536 950 759 1078
1015 4 2 1 1 760 735 732 894
1016 4 2 1 1 1253 329 867 316
1017 4 2 1 1 405 494 460 1175
1018 4 2 1 1 698 871 608 1058
1019 4 2 1 1 363 678 462 814
1020 4 2 1 1 1062 876 1170 1068
1021 4 2 1 1 575 835 831 941
1022 4 2 1 1 104 639 617 743
1023 4 2 1 1 1222 949 605 1080
1024 4 2 1 1 632 858 664 1151
1025 4 2 1 1 667 756 568 978
1026 4 2 1 1 806 956 897 1106
1027 4 2 1 1 448 449 972 1094
1028 4 2 1 1 672 775 713 863
1029 4 2 1 1 376 966 375 1014
1030 4 2 1 1 595 1046 890 1077
1031 4 2 1 1 505 749 1024 653
1032 4 2 1 1 532 748 803 1115
1033 4 2 1 1 805 985 736 926
1034 4 2 1 1 514 807 732 1128
1035 4 2 1 1 584 801 816 1130
1036 4 2 1 1 1062 1170 876 726
1037 4 2 1 1 622 1082 756 786
1038 4 2 1 1 542 651 792 1019
1039 4 2 1 1 782 1189 719 1117
1040 4 2 1 1 675 515 760 1113
1041 4 2 1 1 533 805 734 847
1042 4 2 1 1 889 177 1109 155
1043 4 2 1 1 1135 844 630 774
1044 4 2 1 1 517 708 783 930
1045 4 2 1 1 567 773 934 1013
1046 4 2 1 1 624 1120 658 1003
1047 4 2 1 1 515 675 788 1113
1048 4 2 1 1 515 763 760 857
1049 4 2 1 1 579 659 947 994
1050 4 2 1 1 868 909 1165 528
1051 4 2 1 1 510 929 829 1115
1052 4 2 1 1 591 1027 986 1097
1053 4 2 1 1 532 1054 748 1099
1054 4 2 1 1 896 968 860 1046
1055 4 2 1 1 651 427 360 1214
1056 4 2 1 1 829 929 589 1115
1057 4 2 1 1 715 766 530 809
1058 4 2 1 1 655 1081 794 1093
1059 4 2 1 1 1225 1016 345 380
1060 4 2 1 1 568 864 667 978
1061 4 2 1 1 664 538 1042 1111
1062 4 2 1 1 494 678 363 998
1063 4 2 1 1 1251 326 1150 1286
1064 4 2 1 1 526 836 644 844
1065 4 2 1 1 723 764 646 912
1066 4 2 1 1 791 900 509 1064
1067 4 2 1 1 561 1049 809 1134
1068 4 2 1 1 687 1126 774 1135
1069 4 2 1 1 239 1077 595 1089
1070 4 2 1 1 615 1004 757 1225
1071 4 2 1 1 628 896 792 1025
1072 4 2 1 1 597 1046 730 1077
1073 4 2 1 1 675 957 841 1157
1074 4 2 1 1 760 735 894 556
1075 4 2 1 1 669 882 1154 544
1076 4 2 1 1 514 894 603 732
1077 4 2 1 1 1054 973 903 615
1078 4 2 1 1 527 1109 889 861
1079 4 2 1 1 510 709 938 1000
1080 4 2 1 1 1225 345 1016 986
1081 4 2 1 1 822 561 895 949
1082 4 2 1 1 683 684 549 978
1083 4 2 1 1 1268 595 239 1077
1084 4 2 1 1 571 906 774 1092
1085 4 2 1 1 704 818 509 834
1086 4 2 1 1 1170 871 509 1058
1087 4 2 1 1 983 921 598 926
1088 4 2 1 1 1269 242 1262 23
1089 4 2 1 1 443 1003 373 369
1090 4 2 1 1 382 495 623 840
1091 4 2 1 1 557 641 923 1105
1092 4 2 1 1 545 648 1018 1088
1093 4 2 1 1 1043 733 865 602
1094 4 2 1 1 509 698 871 1064
1095 4 2 1 1 853 702 870 731
1096 4 2 1 1 574 822 689 888
1097 4 2 1 1 456 481 1090 1160
1098 4 2 1 1 305 1221 1147 867
1099 4 2 1 1 323 1238 677 1205
1100 4 2 1 1 704 1098 1005 834
1101 4 2 1 1 323 1238 286 677
1102 4 2 1 1 513 987 832 1153
1103 4 2 1 1 557 923 641 1106
1104 4 2 1 1 318 680 319 980
1105 4 2 1 1 640 837 902 1026
1106 4 2 1 1 365 1003 772 966
1107 4 2 1 1 520 864 795 942
1108 4 2 1 1 916 586 996 917
1109 4 2 1 1 681 641 848 1105
1110 4 2 1 1 320 697 755 1044
1111 4 2 1 1 597 890 836 1046
1112 4 2 1 1 565 766 691 1194
1113 4 2 1 1 515 758 857 1067
1114 4 2 1 1 513 987 956 1106
1115 4 2 1 1 427 651 842 1214
1116 4 2 1 1 631 708 222 718
1117 4 2 1 1 618 671 1181 752
1118 4 2 1 1 1258 327 1285 680
1119 4 2 1 1 448 445 772 972
1120 4 2 1 1 889 774 527 861
1121 4 2 1 1 542 955 705 1055
1122 4 2 1 1 541 1128 732 915
1123 4 2 1 1 734 847 402 1175
1124 4 2 1 1 1260 960 182 143
1125 4 2 1 1 532 803 729 1119
1126 4 2 1 1 826 928 687 1084
1127 4 2 1 1 1189 811 819 935
1128 4 2 1 1 543 650 973 1191
1129 4 2 1 1 512 858 715 884
1130 4 2 1 1 768 919 622 1198
1131 4 2 1 1 1258 327 59 1285
1132 4 2 1 1 410 628 412 1019
1133 4 2 1 1 390 761 623 1104
1134 4 2 1 1 1179 1224 654 797
1135 4 2 1 1 850 1023 352 1216
1136 4 2 1 1 607 713 672 775
1137 4 2 1 1 623 761 390 1075
1138 4 2 1 1 652 806 563 1008
1139 4 2 1 1 1119 938 578 850
1140 4 2 1 1 678 734 565 998
1141 4 2 1 1 59 2 1285 327
1142 4 2 1 1 448 449 445 972
1143 4 2 1 1 28 1285 129 2
1144 4 2 1 1 533 852 742 925
1145 4 2 1 1 129 1285 1284 680
1146 4 2 1 1 583 763 758 857
1147 4 2 1 1 1239 223 680 930
1148 4 2 1 1 545 743 742 925
1149 4 2 1 1 619 876 726 967
1150 4 2 1 1 123 1239 930 1243
1151 4 2 1 1 885 977 683 1233
1152 4 2 1 1 928 1201 644 1084
1153 4 2 1 1 142 179 171 1210
1154 4 2 1 1 705 955 565 1055
1155 4 2 1 1 1254 318 1284 29
1156 4 2 1 1 538 858 664 1042
1157 4 2 1 1 636 851 746 961
1158 4 2 1 1 648 891 766 1134
1159 4 2 1 1 523 974 830 1230
1160 4 2 1 1 535 841 675 1074
1161 4 2 1 1 96 837 1227 109
1162 4 2 1 1 1267 135 1242 959
1163 4 2 1 1 571 1002 778 656
1164 4 2 1 1 1238 993 235 697
1165 4 2 1 1 739 995 555 653
1166 4 2 1 1 670 777 776 1156
1167 4 2 1 1 481 842 1090 753
1168 4 2 1 1 599 1054 1004 1154
1169 4 2 1 1 1272 41 40 168
1170 4 2 1 1 678 565 734 1057
1171 4 2 1 1 571 661 1036 1092
1172 4 2 1 1 557 897 795 923
1173 4 2 1 1 1254 318 1231 1284
1174 4 2 1 1 1170 509 871 791
1175 4 2 1 1 658 1121 673 530
1176 4 2 1 1 723 981 875 1188
1177 4 2 1 1 551 1072 1012 868
1178 4 2 1 1 402 403 805 931
1179 4 2 1 1 660 1067 857 1145
1180 4 2 1 1 586 872 940 1127
1181 4 2 1 1 557 848 806 641
1182 4 2 1 1 548 641 964 1100
1183 4 2 1 1 584 816 857 1130
1184 4 2 1 1 551 1072 649 1012
1185 4 2 1 1 96 1236 866 902
1186 4 2 1 1 423 420 424 861
1187 4 2 1 1 546 782 741 1029
1188 4 2 1 1 1267 135 959 176
1189 4 2 1 1 29 28 318 1284
1190 4 2 1 1 615 903 762 1225
1191 4 2 1 1 511 746 890 1043
1192 4 2 1 1 484 485 480 999
1193 4 2 1 1 853 702 731 554
1194 4 2 1 1 625 693 941 769
1195 4 2 1 1 868 1107 551 1229
1196 4 2 1 1 785 183 1138 153
1197 4 2 1 1 252 616 688 1045
1198 4 2 1 1 637 895 868 1229
1199 4 2 1 1 530 1003 740 624
1200 4 2 1 1 1284 327 28 318
1201 4 2 1 1 961 1013 934 873
1202 4 2 1 1 218 623 1278 840
1203 4 2 1 1 683 504 831 1107
1204 4 2 1 1 569 979 1038 1192
1205 4 2 1 1 556 894 760 1130
1206 4 2 1 1 759 950 659 1078
1207 4 2 1 1 651 542 792 1197
1208 4 2 1 1 983 598 921 534
1209 4 2 1 1 1092 571 254 1036
1210 4 2 1 1 1068 1098 834 1162
1211 4 2 1 1 481 1090 842 440
1212 4 2 1 1 1071 1231 1161 581
1213 4 2 1 1 611 938 824 1011
1214 4 2 1 1 868 895 767 1229
1215 4 2 1 1 410 412 628 1149
1216 4 2 1 1 660 161 174 958
1217 4 2 1 1 112 1071 110 111
1218 4 2 1 1 507 1015 804 634
1219 4 2 1 1 625 812 916 1009
1220 4 2 1 1 870 872 702 701
1221 4 2 1 1 49 1143 48 166
1222 4 2 1 1 528 767 868 895
1223 4 2 1 1 531 873 638 1013
1224 4 2 1 1 566 876 1062 1068
1225 4 2 1 1 579 771 741 828
1226 4 2 1 1 801 904 569 1167
1227 4 2 1 1 540 735 848 1007
1228 4 2 1 1 636 534 934 1132
1229 4 2 1 1 915 652 601 777
1230 4 2 1 1 544 668 713 1196
1231 4 2 1 1 648 766 891 933
1232 4 2 1 1 568 952 756 1195
1233 4 2 1 1 527 784 1108 1137
1234 4 2 1 1 357 813 355 1017
1235 4 2 1 1 601 854 733 865
1236 4 2 1 1 318 1284 680 1231
1237 4 2 1 1 600 911 845 1088
1238 4 2 1 1 670 1128 777 1156
1239 4 2 1 1 520 864 626 1192
1240 4 2 1 1 511 792 1096 1186
1241 4 2 1 1 1170 871 1058 618
1242 4 2 1 1 237 1283 914 50
1243 4 2 1 1 545 845 911 1088
1244 4 2 1 1 518 1093 950 659
1245 4 2 1 1 244 50 51 1283
1246 4 2 1 1 565 624 766 1194
1247 4 2 1 1 538 724 702 1127
1248 4 2 1 1 542 1155 709 1197
1249 4 2 1 1 543 700 782 821
1250 4 2 1 1 699 841 540 1157
1251 4 2 1 1 515 1028 838 788
1252 4 2 1 1 639 1123 744 1227
1253 4 2 1 1 597 890 1046 1077
1254 4 2 1 1 897 987 645 1106
1255 4 2 1 1 51 244 1283 1036
1256 4 2 1 1 450 798 745 1174
1257 4 2 1 1 534 799 598 968
1258 4 2 1 1 562 817 295 959
1259 4 2 1 1 609 1012 868 1107
1260 4 2 1 1 244 825 1283 1036
1261 4 2 1 1 505 749 909 1024
1262 4 2 1 1 578 604 833 1164
1263 4 2 1 1 1092 254 571 906
1264 4 2 1 1 601 686 854 1008
1265 4 2 1 1 237 1283 50 244
1266 4 2 1 1 600 744 846 1133
1267 4 2 1 1 585 1214 1172 813
1268 4 2 1 1 591 791 650 903
1269 4 2 1 1 450 787 745 798
1270 4 2 1 1 773 1065 912 1112
1271 4 2 1 1 551 649 793 982
1272 4 2 1 1 443 1003 371 1124
1273 4 2 1 1 617 90 800 1237
1274 4 2 1 1 723 789 922 1187
1275 4 2 1 1 297 626 296 904
1276 4 2 1 1 578 604 1164 972
1277 4 2 1 1 711 744 600 1065
1278 4 2 1 1 648 545 910 1088
1279 4 2 1 1 329 64 6 1282
1280 4 2 1 1 867 1282 64 329
1281 4 2 1 1 831 835 575 1105
1282 4 2 1 1 586 781 1060 870
1283 4 2 1 1 481 842 753 1214
1284 4 2 1 1 297 626 298 296
1285 4 2 1 1 625 937 812 1009
1286 4 2 1 1 672 899 607 539
1287 4 2 1 1 704 1005 1098 788
1288 4 2 1 1 591 900 1027 1097
1289 4 2 1 1 511 746 851 890
1290 4 2 1 1 16 15 1281 452
1291 4 2 1 1 402 805 401 847
1292 4 2 1 1 1020 1083 748 908
1293 4 2 1 1 829 895 561 949
1294 4 2 1 1 585 1214 753 1172
1295 4 2 1 1 805 985 926 533
1296 4 2 1 1 580 644 862 1186
1297 4 2 1 1 1230 1060 1229 637
1298 4 2 1 1 376 966 1014 839
1299 4 2 1 1 606 1072 868 1165
1300 4 2 1 1 735 848 738 946
1301 4 2 1 1 509 650 791 1170
1302 4 2 1 1 971 614 995 588
1303 4 2 1 1 857 1067 712 515
1304 4 2 1 1 1282 1253 1210 179
1305 4 2 1 1 657 778 541 699
1306 4 2 1 1 520 1038 979 1192
1307 4 2 1 1 15 1281 452 461
1308 4 2 1 1 854 962 754 965
1309 4 2 1 1 549 693 769 941
1310 4 2 1 1 550 879 865 1203
1311 4 2 1 1 588 607 739 971
1312 4 2 1 1 766 933 648 512
1313 4 2 1 1 511 1050 792 1186
1314 4 2 1 1 662 826 1181 508
1315 4 2 1 1 583 763 815 919
1316 4 2 1 1 643 742 545 743
1317 4 2 1 1 760 1130 763 556
1318 4 2 1 1 363 678 814 998
1319 4 2 1 1 1172 1000 938 709
1320 4 2 1 1 585 850 813 938
1321 4 2 1 1 453 729 850 1216
1322 4 2 1 1 1003 1124 1120 658
1323 4 2 1 1 452 461 1281 1104
1324 4 2 1 1 410 860 628 1019
1325 4 2 1 1 555 971 739 1110
1326 4 2 1 1 683 549 684 769
1327 4 2 1 1 360 475 651 1019
1328 4 2 1 1 621 1007 806 1008
1329 4 2 1 1 748 589 726 913
1330 4 2 1 1 644 580 928 1186
1331 4 2 1 1 645 723 646 944
1332 4 2 1 1 875 997 625 1187
1333 4 2 1 1 653 1110 739 522
1334 4 2 1 1 509 1068 650 1170
1335 4 2 1 1 650 1068 1062 1170
1336 4 2 1 1 850 938 578 1017
1337 4 2 1 1 163 959 142 1210
1338 4 2 1 1 198 990 195 948
1339 4 2 1 1 864 855 943 692
1340 4 2 1 1 715 858 724 884
1341 4 2 1 1 674 926 921 983
1342 4 2 1 1 452 1281 761 1104
1343 4 2 1 1 746 991 890 1043
1344 4 2 1 1 649 794 802 892
1345 4 2 1 1 726 752 618 876
1346 4 2 1 1 504 1107 683 1233
1347 4 2 1 1 854 965 550 1203
1348 4 2 1 1 510 949 824 1011
1349 4 2 1 1 749 901 1165 573
1350 4 2 1 1 893 873 961 534
1351 4 2 1 1 752 829 589 1115
1352 4 2 1 1 837 1026 560 1211
1353 4 2 1 1 851 968 896 1046
1354 4 2 1 1 635 819 758 1228
1355 4 2 1 1 513 956 806 1106
1356 4 2 1 1 1281 16 452 761
1357 4 2 1 1 627 1049 1134 809
1358 4 2 1 1 434 814 462 1019
1359 4 2 1 1 1259 436 1280 1138
1360 4 2 1 1 1259 436 44 1280
1361 4 2 1 1 916 996 586 812
1362 4 2 1 1 551 1072 868 793
1363 4 2 1 1 1230 1229 1060 812
1364 4 2 1 1 779 656 778 1002
1365 4 2 1 1 554 703 702 898
1366 4 2 1 1 516 714 744 837
1367 4 2 1 1 645 923 764 981
1368 4 2 1 1 830 858 627 974
1369 4 2 1 1 745 787 526 798
1370 4 2 1 1 529 662 984 1181
1371 4 2 1 1 1280 44 45 436
1372 4 2 1 1 291 319 318 680
1373 4 2 1 1 589 908 748 1083
1374 4 2 1 1 126 1254 1087 1231
1375 4 2 1 1 1261 20 21 127
1376 4 2 1 1 566 876 737 967
1377 4 2 1 1 401 458 399 847
1378 4 2 1 1 812 830 1230 523
1379 4 2 1 1 150 584 712 1177
1380 4 2 1 1 1289 56 57 167
1381 4 2 1 1 1269 120 23 1262
1382 4 2 1 1 557 835 738 1105
1383 4 2 1 1 1244 283 661 276
1384 4 2 1 1 632 858 830 974
1385 4 2 1 1 607 1110 899 1200
1386 4 2 1 1 436 45 1280 1109
1387 4 2 1 1 505 1024 673 653
1388 4 2 1 1 1280 436 1109 1138
1389 4 2 1 1 645 764 723 981
1390 4 2 1 1 510 824 938 1011
1391 4 2 1 1 922 937 789 1112
1392 4 2 1 1 707 586 917 996
1393 4 2 1 1 601 879 602 992
1394 4 2 1 1 377 695 379 1014
1395 4 2 1 1 407 477 598 799
1396 4 2 1 1 171 34 35 1210
1397 4 2 1 1 333 18 19 1279
1398 4 2 1 1 553 793 781 870
1399 4 2 1 1 1279 1256 19 333
1400 4 2 1 1 701 727 653 555
1401 4 2 1 1 798 1046 730 597
1402 4 2 1 1 868 1072 750 1165
1403 4 2 1 1 364 740 367 975
1404 4 2 1 1 504 1070 1233 738
1405 4 2 1 1 504 1070 738 594
1406 4 2 1 1 827 544 881 234
1407 4 2 1 1 575 875 723 981
1408 4 2 1 1 224 1037 930 708
1409 4 2 1 1 453 850 729 1094
1410 4 2 1 1 670 1143 629 1205
1411 4 2 1 1 531 1123 765 1159
1412 4 2 1 1 567 636 934 1015
1413 4 2 1 1 1279 333 18 496
1414 4 2 1 1 909 1024 620 1049
1415 4 2 1 1 524 780 681 984
1416 4 2 1 1 245 777 246 869
1417 4 2 1 1 464 411 398 860
1418 4 2 1 1 505 1024 909 1049
1419 4 2 1 1 123 1239 1243 10
1420 4 2 1 1 703 701 653 722
1421 4 2 1 1 789 723 548 1100
1422 4 2 1 1 1063 1090 590 1160
1423 4 2 1 1 339 1287 661 488
1424 4 2 1 1 798 1046 597 836
1425 4 2 1 1 550 676 918 965
1426 4 2 1 1 1253 1210 179 142
1427 4 2 1 1 300 302 692 980
1428 4 2 1 1 845 846 633 1133
1429 4 2 1 1 606 872 701 653
1430 4 2 1 1 517 1037 930 1148
1431 4 2 1 1 357 355 354 1017
1432 4 2 1 1 1279 1256 133 19
1433 4 2 1 1 594 1129 696 1198
1434 4 2 1 1 211 631 1144 572
1435 4 2 1 1 913 1054 669 1099
1436 4 2 1 1 669 506 913 1099
1437 4 2 1 1 646 764 645 987
1438 4 2 1 1 516 922 723 711
1439 4 2 1 1 259 670 776 993
1440 4 2 1 1 578 748 729 1164
1441 4 2 1 1 333 496 1279 1173
1442 4 2 1 1 358 360 813 814
1443 4 2 1 1 705 1057 1132 1193
1444 4 2 1 1 533 921 847 1057
1445 4 2 1 1 1222 964 822 720
1446 4 2 1 1 747 1091 387 1101
1447 4 2 1 1 921 1132 1057 1193
1448 4 2 1 1 516 846 744 997
1449 4 2 1 1 1215 858 632 1018
1450 4 2 1 1 9 1239 129 121
1451 4 2 1 1 669 1062 506 1099
1452 4 2 1 1 618 752 726 1115
1453 4 2 1 1 800 926 617 983
1454 4 2 1 1 65 1278 469 66
1455 4 2 1 1 237 1283 244 825
1456 4 2 1 1 779 699 841 1199
1457 4 2 1 1 728 839 539 1121
1458 4 2 1 1 516 744 714 997
1459 4 2 1 1 1239 223 930 217
1460 4 2 1 1 557 738 848 1105
1461 4 2 1 1 409 397 860 1175
1462 4 2 1 1 1253 1210 142 959
1463 4 2 1 1 612 785 656 951
1464 4 2 1 1 729 803 578 1119
1465 4 2 1 1 469 1278 65 461
1466 4 2 1 1 552 683 1012 1139
1467 4 2 1 1 249 1032 616 1045
1468 4 2 1 1 868 909 528 895
1469 4 2 1 1 594 957 883 1129
1470 4 2 1 1 422 420 717 630
1471 4 2 1 1 1135 844 774 687
1472 4 2 1 1 601 1008 854 1203
1473 4 2 1 1 543 700 973 1162
1474 4 2 1 1 1110 522 899 1200
1475 4 2 1 1 510 829 752 1115
1476 4 2 1 1 834 1068 704 1098
1477 4 2 1 1 1154 973 669 1054
1478 4 2 1 1 395 595 337 1077
1479 4 2 1 1 1222 964 720 524
1480 4 2 1 1 749 901 573 653
1481 4 2 1 1 668 1020 908 1200
1482 4 2 1 1 1290 235 697 1238
1483 4 2 1 1 1248 1278 66 469
1484 4 2 1 1 687 1002 774 1126
1485 4 2 1 1 907 997 714 633
1486 4 2 1 1 839 474 437 840
1487 4 2 1 1 649 684 552 892
1488 4 2 1 1 441 721 672 775
1489 4 2 1 1 305 1221 867 959
1490 4 2 1 1 789 548 723 922
1491 4 2 1 1 651 792 587 1197
1492 4 2 1 1 915 601 686 778
1493 4 2 1 1 586 830 707 1073
1494 4 2 1 1 390 1278 623 469
1495 4 2 1 1 1248 1278 469 840
1496 4 2 1 1 325 817 849 1147
1497 4 2 1 1 835 941 575 977
1498 4 2 1 1 579 828 659 994
1499 4 2 1 1 515 763 1034 1206
1500 4 2 1 1 1148 1158 1037 680
1501 4 2 1 1 527 1109 861 784
1502 4 2 1 1 768 786 622 919
1503 4 2 1 1 551 1107 1009 1229
1504 4 2 1 1 1278 623 469 840
1505 4 2 1 1 1260 960 143 976
1506 4 2 1 1 876 967 566 1062
1507 4 2 1 1 583 857 758 1067
1508 4 2 1 1 484 485 999 1010
1509 4 2 1 1 749 739 573 908
1510 4 2 1 1 856 799 477 396
1511 4 2 1 1 825 778 869 541
1512 4 2 1 1 180 47 8 1286
1513 4 2 1 1 131 1076 685 1111
1514 4 2 1 1 703 673 1202 653
1515 4 2 1 1 249 879 616 1032
1516 4 2 1 1 740 975 364 998
1517 4 2 1 1 558 667 692 855
1518 4 2 1 1 595 1048 799 1089
1519 4 2 1 1 263 670 993 1205
1520 4 2 1 1 218 1104 623 1180
1521 4 2 1 1 638 911 925 1066
1522 4 2 1 1 453 850 352 1216
1523 4 2 1 1 263 1143 670 1205
1524 4 2 1 1 535 841 699 1157
1525 4 2 1 1 708 783 917 1086
1526 4 2 1 1 535 704 788 1005
1527 4 2 1 1 527 774 1126 1135
1528 4 2 1 1 655 1040 631 1144
1529 4 2 1 1 169 592 716 886
1530 4 2 1 1 695 604 972 1164
1531 4 2 1 1 521 647 808 1145
1532 4 2 1 1 1119 938 850 585
1533 4 2 1 1 211 222 631 708
1534 4 2 1 1 655 823 948 1030
1535 4 2 1 1 1272 182 1288 666
1536 4 2 1 1 1254 980 318 312
1537 4 2 1 1 1108 590 1064 717
1538 4 2 1 1 883 957 529 1129
1539 4 2 1 1 504 696 767 1001
1540 4 2 1 1 527 1109 784 785
1541 4 2 1 1 548 922 789 1112
1542 4 2 1 1 632 1018 845 545
1543 4 2 1 1 745 798 587 1174
1544 4 2 1 1 747 1091 1101 591
1545 4 2 1 1 774 1092 526 1235
1546 4 2 1 1 260 697 993 1031
1547 4 2 1 1 437 728 374 839
1548 4 2 1 1 543 1097 650 1191
1549 4 2 1 1 587 792 651 954
1550 4 2 1 1 601 733 854 1131
1551 4 2 1 1 223 211 212 1037
1552 4 2 1 1 804 936 676 580
1553 4 2 1 1 729 748 532 1054
1554 4 2 1 1 151 613 592 1022
1555 4 2 1 1 109 128 114 837
1556 4 2 1 1 130 33 4 1266
1557 4 2 1 1 557 641 806 1106
1558 4 2 1 1 774 630 1223 745
1559 4 2 1 1 856 477 799 598
1560 4 2 1 1 96 837 109 114
1561 4 2 1 1 1240 493 1277 827
1562 4 2 1 1 594 1034 1129 1198
1563 4 2 1 1 749 739 908 522
1564 4 2 1 1 611 824 772 1194
1565 4 2 1 1 637 505 1049 940
1566 4 2 1 1 730 1046 595 1077
1567 4 2 1 1 648 910 545 852
1568 4 2 1 1 1121 1014 604 966
1569 4 2 1 1 111 1071 783 1231
1570 4 2 1 1 1154 973 1054 615
1571 4 2 1 1 1240 493 69 1277
1572 4 2 1 1 599 748 729 1054
1573 4 2 1 1 974 1134 627 1230
1574 4 2 1 1 1145 584 660 958
1575 4 2 1 1 811 819 635 1047
1576 4 2 1 1 622 815 756 952
1577 4 2 1 1 624 1053 715 1120
1578 4 2 1 1 235 260 697 993
1579 4 2 1 1 574 767 895 1229
1580 4 2 1 1 651 542 814 1019
1581 4 2 1 1 600 910 911 1088
1582 4 2 1 1 1277 70 493 69
1583 4 2 1 1 535 699 1113 1157
1584 4 2 1 1 662 826 508 754
1585 4 2 1 1 653 1110 899 1202
1586 4 2 1 1 537 715 724 884
1587 4 2 1 1 766 1134 627 512
1588 4 2 1 1 421 419 417 1223
1589 4 2 1 1 637 1049 505 909
1590 4 2 1 1 739 971 607 1110
1591 4 2 1 1 587 836 844 1186
1592 4 2 1 1 599 1020 1054 1196
1593 4 2 1 1 864 942 663 943
1594 4 2 1 1 779 508 1074 608
1595 4 2 1 1 689 1134 888 891
1596 4 2 1 1 885 977 568 978
1597 4 2 1 1 950 794 1072 1140
1598 4 2 1 1 535 788 675 1113
1599 4 2 1 1 578 803 748 929
1600 4 2 1 1 94 617 1237 90
1601 4 2 1 1 540 962 686 1007
1602 4 2 1 1 842 954 414 1174
1603 4 2 1 1 530 766 715 624
1604 4 2 1 1 662 826 754 671
1605 4 2 1 1 609 950 750 1072
1606 4 2 1 1 783 1071 581 1231
1607 4 2 1 1 434 360 814 1019
1608 4 2 1 1 933 1055 507 705
1609 4 2 1 1 579 828 741 1061
1610 4 2 1 1 383 378 672 1014
1611 4 2 1 1 932 1010 392 1173
1612 4 2 1 1 744 846 633 997
1613 4 2 1 1 513 641 806 1035
1614 4 2 1 1 806 641 621 1035
1615 4 2 1 1 343 747 886 1027
1616 4 2 1 1 320 1044 755 1211
1617 4 2 1 1 849 1158 859 558
1618 4 2 1 1 568 835 795 977
1619 4 2 1 1 809 620 1024 1049
1620 4 2 1 1 539 839 672 899
1621 4 2 1 1 588 971 739 995
1622 4 2 1 1 816 1221 817 959
1623 4 2 1 1 760 946 675 1157
1624 4 2 1 1 321 692 560 1087
1625 4 2 1 1 881 70 493 1277
1626 4 2 1 1 609 950 1072 1140
1627 4 2 1 1 962 1008 621 1203
1628 4 2 1 1 601 915 869 778
1629 4 2 1 1 646 547 765 987
1630 4 2 1 1 256 281 257 893
1631 4 2 1 1 678 1019 542 1025
1632 4 2 1 1 1157 946 957 540
1633 4 2 1 1 671 984 662 1181
1634 4 2 1 1 1049 627 505 809
1635 4 2 1 1 1277 827 493 881
1636 4 2 1 1 794 1081 892 1082
1637 4 2 1 1 536 1034 1129 1228
1638 4 2 1 1 561 888 1134 891
1639 4 2 1 1 429 1149 1176 798
1640 4 2 1 1 1024 1083 833 522
1641 4 2 1 1 615 887 821 1191
1642 4 2 1 1 674 638 852 925
1643 4 2 1 1 579 1029 990 521
1644 4 2 1 1 557 807 735 1095
1645 4 2 1 1 795 897 645 923
1646 4 2 1 1 1157 957 946 675
1647 4 2 1 1 855 978 864 549
1648 4 2 1 1 668 771 588 828
1649 4 2 1 1 1121 1014 966 839
1650 4 2 1 1 566 704 1068 1098
1651 4 2 1 1 575 835 795 923
1652 4 2 1 1 429 1176 1149 502
1653 4 2 1 1 513 832 918 1153
1654 4 2 1 1 579 659 823 947
1655 4 2 1 1 850 1119 1023 1216
1656 4 2 1 1 540 848 735 946
1657 4 2 1 1 1007 1128 732 807
1658 4 2 1 1 363 494 462 678
1659 4 2 1 1 511 836 1046 1050
1660 4 2 1 1 651 842 587 954
1661 4 2 1 1 530 824 766 1194
1662 4 2 1 1 732 735 1007 807
1663 4 2 1 1 1201 965 854 754
1664 4 2 1 1 612 656 880 1114
1665 4 2 1 1 631 718 222 969
1666 4 2 1 1 599 1020 748 1054
1667 4 2 1 1 549 693 941 942
1668 4 2 1 1 536 696 1122 1129
1669 4 2 1 1 763 919 758 1034
1670 4 2 1 1 717 861 784 1108
1671 4 2 1 1 599 1054 1154 1196
1672 4 2 1 1 545 911 910 1088
1673 4 2 1 1 81 82 331 1276
1674 4 2 1 1 656 785 612 880
1675 4 2 1 1 644 844 836 1186
1676 4 2 1 1 608 826 687 508
1677 4 2 1 1 1247 1276 331 82
1678 4 2 1 1 126 91 1254 1231
1679 4 2 1 1 903 973 650 1191
1680 4 2 1 1 553 872 793 870
1681 4 2 1 1 608 871 698 1183
1682 4 2 1 1 530 673 809 833
1683 4 2 1 1 513 918 706 1035
1684 4 2 1 1 678 542 1019 814
1685 4 2 1 1 511 862 746 1043
1686 4 2 1 1 246 670 237 869
1687 4 2 1 1 812 1229 1009 1230
1688 4 2 1 1 294 295 287 562
1689 4 2 1 1 706 764 548 912
1690 4 2 1 1 532 1115 1059 1170
1691 4 2 1 1 989 1167 1038 677
1692 4 2 1 1 854 1008 962 1203
1693 4 2 1 1 383 672 839 1014
1694 4 2 1 1 1247 1276 787 331
1695 4 2 1 1 950 1072 794 518
1696 4 2 1 1 390 382 623 1075
1697 4 2 1 1 1038 1167 989 569
1698 4 2 1 1 598 926 805 927
1699 4 2 1 1 595 856 799 968
1700 4 2 1 1 848 1007 735 807
1701 4 2 1 1 541 915 670 1128
1702 4 2 1 1 676 804 580 1096
1703 4 2 1 1 919 1034 763 1198
1704 4 2 1 1 477 399 598 856
1705 4 2 1 1 811 1067 1145 920
1706 4 2 1 1 515 838 1028 712
1707 4 2 1 1 657 880 838 1022
1708 4 2 1 1 849 1158 558 302
1709 4 2 1 1 706 918 676 965
1710 4 2 1 1 793 802 649 1039
1711 4 2 1 1 766 824 691 1194
1712 4 2 1 1 559 996 916 625
1713 4 2 1 1 676 862 754 965
1714 4 2 1 1 504 1001 767 1107
1715 4 2 1 1 321 560 692 1044
1716 4 2 1 1 965 641 706 1035
1717 4 2 1 1 781 793 553 802
1718 4 2 1 1 86 1010 1051 1173
1719 4 2 1 1 609 767 696 1001
1720 4 2 1 1 470 438 333 1173
1721 4 2 1 1 676 550 862 965
1722 4 2 1 1 691 824 611 1194
1723 4 2 1 1 190 226 233 666
1724 4 2 1 1 689 648 1088 1134
1725 4 2 1 1 664 1042 1076 1111
1726 4 2 1 1 576 1033 900 945
1727 4 2 1 1 811 877 546 1029
1728 4 2 1 1 565 1057 705 1178
1729 4 2 1 1 1046 1048 890 851
1730 4 2 1 1 605 949 829 1080
1731 4 2 1 1 492 1276 1077 81
1732 4 2 1 1 557 738 835 874
1733 4 2 1 1 299 300 692 1213
1734 4 2 1 1 675 1113 760 1157
1735 4 2 1 1 662 962 754 508
1736 4 2 1 1 1254 980 312 1087
1737 4 2 1 1 613 712 935 1028
1738 4 2 1 1 509 905 650 1068
1739 4 2 1 1 677 1213 1038 1212
1740 4 2 1 1 707 1041 610 1073
1741 4 2 1 1 294 562 287 1190
1742 4 2 1 1 519 756 751 1082
1743 4 2 1 1 674 934 534 1132
1744 4 2 1 1 284 1207 1092 787
1745 4 2 1 1 510 929 803 938
1746 4 2 1 1 492 1276 81 331
1747 4 2 1 1 590 1090 753 1160
1748 4 2 1 1 445 365 362 772
1749 4 2 1 1 522 908 1020 1200
1750 4 2 1 1 837 96 902 114
1751 4 2 1 1 513 706 764 641
1752 4 2 1 1 1105 524 641 964
1753 4 2 1 1 787 1276 1176 331
1754 4 2 1 1 406 931 734 975
1755 4 2 1 1 767 1107 868 1229
1756 4 2 1 1 668 908 739 1200
1757 4 2 1 1 531 866 765 1123
1758 4 2 1 1 505 809 1024 1049
1759 4 2 1 1 1226 1110 539 607
1760 4 2 1 1 756 885 622 952
1761 4 2 1 1 579 823 659 759
1762 4 2 1 1 516 875 723 1187
1763 4 2 1 1 1275 70 71 341
1764 4 2 1 1 1226 722 1110 970
1765 4 2 1 1 520 981 795 1182
1766 4 2 1 1 475 954 651 1019
1767 4 2 1 1 510 752 829 1080
1768 4 2 1 1 691 824 949 1011
1769 4 2 1 1 516 723 875 1188
1770 4 2 1 1 361 998 814 1163
1771 4 2 1 1 612 1033 785 1137
1772 4 2 1 1 111 907 783 1071
1773 4 2 1 1 592 1022 612 1033
1774 4 2 1 1 510 824 929 938
1775 4 2 1 1 685 898 623 1180
1776 4 2 1 1 551 1072 793 649
1777 4 2 1 1 578 929 748 1164
1778 4 2 1 1 599 1004 757 1154
1779 4 2 1 1 509 704 834 1068
1780 4 2 1 1 536 1129 1122 1228
1781 4 2 1 1 597 787 798 526
1782 4 2 1 1 843 963 619 1122
1783 4 2 1 1 856 921 598 968
1784 4 2 1 1 823 659 950 1093
1785 4 2 1 1 1275 71 486 341
1786 4 2 1 1 849 1147 817 1221
1787 4 2 1 1 474 672 383 441
1788 4 2 1 1 639 911 744 1065
1789 4 2 1 1 424 784 423 861
1790 4 2 1 1 549 684 855 978
1791 4 2 1 1 881 70 1275 341
1792 4 2 1 1 305 1221 959 817
1793 4 2 1 1 905 1068 834 1162
1794 4 2 1 1 722 653 555 701
1795 4 2 1 1 566 967 737 819
1796 4 2 1 1 588 607 971 790
1797 4 2 1 1 903 986 615 1191
1798 4 2 1 1 687 928 844 1084
1799 4 2 1 1 427 414 842 954
1800 4 2 1 1 657 1022 838 1177
1801 4 2 1 1 210 1037 212 211
1802 4 2 1 1 551 916 812 1009
1803 4 2 1 1 1055 1204 804 507
1804 4 2 1 1 780 883 681 984
1805 4 2 1 1 539 839 899 1121
1806 4 2 1 1 1258 680 221 1158
1807 4 2 1 1 580 792 1116 1197
1808 4 2 1 1 442 437 374 839
1809 4 2 1 1 1240 790 775 827
1810 4 2 1 1 1196 1054 913 1020
1811 4 2 1 1 610 870 917 1073
1812 4 2 1 1 551 793 781 982
1813 4 2 1 1 1248 953 218 840
1814 4 2 1 1 1275 341 486 666
1815 4 2 1 1 605 829 752 1080
1816 4 2 1 1 585 1214 813 1023
1817 4 2 1 1 172 149 712 935
1818 4 2 1 1 689 888 822 891
1819 4 2 1 1 915 652 777 563
1820 4 2 1 1 635 759 758 811
1821 4 2 1 1 1222 949 1080 634
1822 4 2 1 1 1145 584 958 816
1823 4 2 1 1 1043 733 602 526
1824 4 2 1 1 402 734 406 931
1825 4 2 1 1 320 697 1044 307
1826 4 2 1 1 197 655 948 1030
1827 4 2 1 1 517 892 802 1037
1828 4 2 1 1 551 649 982 1012
1829 4 2 1 1 1004 1054 615 1154
1830 4 2 1 1 251 616 596 252
1831 4 2 1 1 603 541 514 732
1832 4 2 1 1 65 218 1278 66
1833 4 2 1 1 341 666 1275 881
1834 4 2 1 1 513 706 641 1035
1835 4 2 1 1 319 680 291 1158
1836 4 2 1 1 1276 597 1176 1077
1837 4 2 1 1 578 1017 972 1094
1838 4 2 1 1 1196 913 1054 669
1839 4 2 1 1 1217 701 718 853
1840 4 2 1 1 781 551 916 1060
1841 4 2 1 1 804 936 580 1116
1842 4 2 1 1 96 1123 640 866
1843 4 2 1 1 860 896 577 968
1844 4 2 1 1 1020 1083 908 522
1845 4 2 1 1 751 1082 756 1184
1846 4 2 1 1 826 687 525 1183
1847 4 2 1 1 879 1035 652 1203
1848 4 2 1 1 153 880 785 154
1849 4 2 1 1 644 1043 836 526
1850 4 2 1 1 112 1071 111 1231
1851 4 2 1 1 569 904 665 1038
1852 4 2 1 1 511 1046 896 1050
1853 4 2 1 1 533 674 925 926
1854 4 2 1 1 562 959 135 1208
1855 4 2 1 1 42 43 1249 342
1856 4 2 1 1 460 406 734 975
1857 4 2 1 1 224 708 211 1037
1858 4 2 1 1 540 662 962 1056
1859 4 2 1 1 305 1221 817 1147
1860 4 2 1 1 1249 42 342 716
1861 4 2 1 1 741 782 570 1029
1862 4 2 1 1 733 906 571 1169
1863 4 2 1 1 828 843 659 994
1864 4 2 1 1 578 772 972 1017
1865 4 2 1 1 447 695 377 972
1866 4 2 1 1 857 894 760 515
1867 4 2 1 1 635 759 741 1061
1868 4 2 1 1 342 1249 716 886
1869 4 2 1 1 396 595 337 395
1870 4 2 1 1 1201 965 754 862
1871 4 2 1 1 570 782 700 821
1872 4 2 1 1 974 1018 648 1088
1873 4 2 1 1 786 920 919 582
1874 4 2 1 1 1092 787 1207 526
1875 4 2 1 1 541 686 699 778
1876 4 2 1 1 538 664 858 1151
1877 4 2 1 1 609 868 767 1107
1878 4 2 1 1 855 978 684 1184
1879 4 2 1 1 224 930 1037 223
1880 4 2 1 1 579 741 771 990
1881 4 2 1 1 552 885 683 1139
1882 4 2 1 1 547 944 640 1026
1883 4 2 1 1 540 957 662 1056
1884 4 2 1 1 626 692 667 864
1885 4 2 1 1 270 241 280 1150
1886 4 2 1 1 726 967 876 1062
1887 4 2 1 1 829 528 1021 963
1888 4 2 1 1 382 728 1075 1124
1889 4 2 1 1 541 732 686 915
1890 4 2 1 1 1101 1209 791 725
1891 4 2 1 1 640 944 547 1159
1892 4 2 1 1 675 946 760 1206
1893 4 2 1 1 1056 754 984 662
1894 4 2 1 1 772 824 530 1194
1895 4 2 1 1 742 1018 648 512
1896 4 2 1 1 570 882 821 669
1897 4 2 1 1 1282 64 6 230
1898 4 2 1 1 627 1049 940 1230
1899 4 2 1 1 627 1049 1230 1134
1900 4 2 1 1 1241 313 1274 859
1901 4 2 1 1 770 799 281 800
1902 4 2 1 1 705 1057 577 1132
1903 4 2 1 1 550 746 862 991
1904 4 2 1 1 528 963 750 1122
1905 4 2 1 1 822 720 634 1222
1906 4 2 1 1 792 954 628 1019
1907 4 2 1 1 651 954 792 1019
1908 4 2 1 1 729 578 850 1119
1909 4 2 1 1 1241 313 61 1274
1910 4 2 1 1 635 759 1061 1078
1911 4 2 1 1 497 498 334 1103
1912 4 2 1 1 644 844 928 1084
1913 4 2 1 1 351 352 1023 1216
1914 4 2 1 1 912 706 832 1013
1915 4 2 1 1 556 763 760 1070
1916 4 2 1 1 61 60 1274 313
1917 4 2 1 1 325 817 1147 305
1918 4 2 1 1 714 744 633 997
1919 4 2 1 1 686 915 1007 1008
1920 4 2 1 1 701 703 702 554
1921 4 2 1 1 556 760 946 1070
1922 4 2 1 1 712 1067 1028 515
1923 4 2 1 1 549 769 683 941
1924 4 2 1 1 810 982 916 1086
1925 4 2 1 1 748 908 589 913
1926 4 2 1 1 528 868 750 1165
1927 4 2 1 1 616 1013 832 567
1928 4 2 1 1 434 363 462 814
1929 4 2 1 1 634 804 1055 1116
1930 4 2 1 1 862 991 746 1043
1931 4 2 1 1 570 1029 782 1118
1932 4 2 1 1 795 835 568 874
1933 4 2 1 1 1145 584 816 857
1934 4 2 1 1 524 965 754 1056
1935 4 2 1 1 438 496 333 1173
1936 4 2 1 1 699 732 603 1157
1937 4 2 1 1 1258 1274 60 313
1938 4 2 1 1 523 1134 689 1088
1939 4 2 1 1 804 936 1116 634
1940 4 2 1 1 1268 239 595 799
1941 4 2 1 1 621 641 848 1056
1942 4 2 1 1 1258 1274 313 1158
1943 4 2 1 1 966 1124 1003 658
1944 4 2 1 1 606 1039 793 1072
1945 4 2 1 1 573 843 994 518
1946 4 2 1 1 674 507 1193 852
1947 4 2 1 1 321 560 1044 1211
1948 4 2 1 1 520 663 864 942
1949 4 2 1 1 482 1016 757 1225
1950 4 2 1 1 1092 906 1207 253
1951 4 2 1 1 617 639 104 866
1952 4 2 1 1 598 856 847 921
1953 4 2 1 1 600 1065 910 1112
1954 4 2 1 1 313 1274 859 1158
1955 4 2 1 1 594 760 763 1070
1956 4 2 1 1 592 905 719 1097
1957 4 2 1 1 254 571 906 1169
1958 4 2 1 1 566 1098 1068 1162
1959 4 2 1 1 566 1047 967 819
1960 4 2 1 1 300 1044 321 692
1961 4 2 1 1 826 525 687 928
1962 4 2 1 1 156 716 592 1152
1963 4 2 1 1 760 894 857 1130
1964 4 2 1 1 653 899 1110 522
1965 4 2 1 1 579 521 823 759
1966 4 2 1 1 643 1018 632 545
1967 4 2 1 1 660 877 158 1118
1968 4 2 1 1 1273 240 661 283
1969 4 2 1 1 605 895 822 780
1970 4 2 1 1 907 610 1041 122
1971 4 2 1 1 314 1158 285 859
1972 4 2 1 1 1273 1287 1291 661
1973 4 2 1 1 908 913 748 1020
1974 4 2 1 1 574 822 888 895
1975 4 2 1 1 504 767 696 780
1976 4 2 1 1 923 981 575 1100
1977 4 2 1 1 669 913 668 1196
1978 4 2 1 1 150 660 172 712
1979 4 2 1 1 512 884 1053 1215
1980 4 2 1 1 608 1181 826 508
1981 4 2 1 1 621 540 962 1056
1982 4 2 1 1 529 1181 984 752
1983 4 2 1 1 608 698 818 1126
1984 4 2 1 1 722 970 555 1110
1985 4 2 1 1 734 975 565 998
1986 4 2 1 1 587 1197 928 525
1987 4 2 1 1 728 966 839 1121
1988 4 2 1 1 616 1013 567 961
1989 4 2 1 1 208 718 708 853
1990 4 2 1 1 532 726 1115 1170
1991 4 2 1 1 535 841 779 699
1992 4 2 1 1 509 834 818 945
1993 4 2 1 1 365 772 445 966
1994 4 2 1 1 266 1238 1270 1205
1995 4 2 1 1 688 770 257 1146
1996 4 2 1 1 767 1001 609 1107
1997 4 2 1 1 130 1252 1266 755
1998 4 2 1 1 1140 794 1072 649
1999 4 2 1 1 967 1061 843 1078
2000 4 2 1 1 478 745 450 787
2001 4 2 1 1 662 957 529 984
2002 4 2 1 1 619 1021 752 1129
2003 4 2 1 1 536 919 768 1198
2004 4 2 1 1 619 967 726 589
2005 4 2 1 1 587 630 745 1174
2006 4 2 1 1 1074 818 1058 704
2007 4 2 1 1 52 1273 240 51
2008 4 2 1 1 684 982 649 1012
2009 4 2 1 1 1172 1197 709 1155
2010 4 2 1 1 662 826 671 1181
2011 4 2 1 1 731 870 610 1073
2012 4 2 1 1 596 851 890 1048
2013 4 2 1 1 799 1048 893 1089
2014 4 2 1 1 353 451 1023 1214
2015 4 2 1 1 1119 938 585 803
2016 4 2 1 1 387 1027 347 1091
2017 4 2 1 1 191 1282 1210 230
2018 4 2 1 1 234 70 1277 69
2019 4 2 1 1 377 379 378 1014
2020 4 2 1 1 533 921 674 926
2021 4 2 1 1 184 1291 52 1273
2022 4 2 1 1 172 660 158 935
2023 4 2 1 1 619 967 843 1078
2024 4 2 1 1 651 360 427 475
2025 4 2 1 1 567 746 918 616
2026 4 2 1 1 447 695 972 1094
2027 4 2 1 1 898 1171 1075 537
2028 4 2 1 1 1226 1110 607 971
2029 4 2 1 1 523 1134 974 1230
2030 4 2 1 1 750 536 1078 950
2031 4 2 1 1 505 809 673 1024
2032 4 2 1 1 521 948 823 1030
2033 4 2 1 1 1211 1161 85 1087
2034 4 2 1 1 427 475 414 954
2035 4 2 1 1 5 39 1288 182
2036 4 2 1 1 627 858 830 1127
2037 4 2 1 1 1287 184 46 177
2038 4 2 1 1 553 802 793 1039
2039 4 2 1 1 668 1020 713 1196
2040 4 2 1 1 913 1020 668 1196
2041 4 2 1 1 208 853 708 1079
2042 4 2 1 1 571 601 869 778
2043 4 2 1 1 52 240 1273 283
2044 4 2 1 1 628 954 792 1050
2045 4 2 1 1 587 792 954 1050
2046 4 2 1 1 388 41 40 1272
2047 4 2 1 1 827 544 234 790
2048 4 2 1 1 575 831 789 941
2049 4 2 1 1 822 634 720 891
2050 4 2 1 1 603 699 541 732
2051 4 2 1 1 599 1154 757 1196
2052 4 2 1 1 719 700 1162 1189
2053 4 2 1 1 912 832 531 1013
2054 4 2 1 1 813 611 938 1017
2055 4 2 1 1 280 8 1286 77
2056 4 2 1 1 659 994 843 518
2057 4 2 1 1 750 536 950 609
2058 4 2 1 1 537 1075 728 1124
2059 4 2 1 1 592 834 719 905
2060 4 2 1 1 1145 584 857 660
2061 4 2 1 1 631 969 222 1040
2062 4 2 1 1 1110 539 899 1202
2063 4 2 1 1 1020 1083 522 1164
2064 4 2 1 1 591 986 903 1191
2065 4 2 1 1 559 707 633 907
2066 4 2 1 1 577 896 860 1025
2067 4 2 1 1 574 937 789 1009
2068 4 2 1 1 530 809 766 824
2069 4 2 1 1 1021 767 780 696
2070 4 2 1 1 526 774 844 1084
2071 4 2 1 1 601 869 915 777
2072 4 2 1 1 278 1238 993 235
2073 4 2 1 1 559 917 916 996
2074 4 2 1 1 805 985 533 931
2075 4 2 1 1 528 909 1165 963
2076 4 2 1 1 1290 277 74 73
2077 4 2 1 1 566 704 1098 737
2078 4 2 1 1 572 631 655 794
2079 4 2 1 1 841 957 675 1074
2080 4 2 1 1 523 689 1134 888
2081 4 2 1 1 388 40 486 1272
2082 4 2 1 1 230 1210 191 220
2083 4 2 1 1 511 890 836 1043
2084 4 2 1 1 582 823 950 1093
2085 4 2 1 1 355 451 353 1214
2086 4 2 1 1 767 1009 831 1107
2087 4 2 1 1 720 773 548 1112
2088 4 2 1 1 278 1238 235 266
2089 4 2 1 1 557 848 735 807
2090 4 2 1 1 130 1252 755 92
2091 4 2 1 1 536 1034 919 1198
2092 4 2 1 1 686 962 854 1008
2093 4 2 1 1 799 856 598 968
2094 4 2 1 1 388 716 41 1272
2095 4 2 1 1 680 91 113 1231
2096 4 2 1 1 760 1113 603 1157
2097 4 2 1 1 779 1002 687 1126
2098 4 2 1 1 676 580 862 1096
2099 4 2 1 1 579 741 759 1061
2100 4 2 1 1 388 716 1272 887
2101 4 2 1 1 453 359 850 1094
2102 4 2 1 1 628 860 896 1025
2103 4 2 1 1 537 796 1075 1124
2104 4 2 1 1 516 723 922 1187
2105 4 2 1 1 893 873 534 770
2106 4 2 1 1 363 814 361 998
2107 4 2 1 1 675 515 737 1206
2108 4 2 1 1 710 629 1142 1167
2109 4 2 1 1 568 885 756 952
2110 4 2 1 1 589 748 929 1083
2111 4 2 1 1 758 759 536 919
2112 4 2 1 1 573 843 828 994
2113 4 2 1 1 492 499 393 1077
2114 4 2 1 1 1199 1002 1131 508
2115 4 2 1 1 600 922 711 1065
2116 4 2 1 1 843 518 1165 750
2117 4 2 1 1 929 1083 748 1164
2118 4 2 1 1 427 842 481 1214
2119 4 2 1 1 514 735 807 1166
2120 4 2 1 1 1265 85 1087 1211
2121 4 2 1 1 788 838 613 1028
2122 4 2 1 1 370 371 1003 966
2123 4 2 1 1 703 537 728 673
2124 4 2 1 1 1199 1131 1002 778
2125 4 2 1 1 565 734 1057 1178
2126 4 2 1 1 714 907 100 1071
2127 4 2 1 1 634 1055 1011 1116
2128 4 2 1 1 671 662 984 754
2129 4 2 1 1 422 420 423 717
2130 4 2 1 1 149 712 613 1022
2131 4 2 1 1 468 1272 486 666
2132 4 2 1 1 547 755 697 1026
2133 4 2 1 1 624 565 820 975
2134 4 2 1 1 748 589 929 1115
2135 4 2 1 1 379 863 695 1125
2136 4 2 1 1 1001 594 696 1198
2137 4 2 1 1 844 928 587 1186
2138 4 2 1 1 574 888 689 937
2139 4 2 1 1 681 504 780 1105
2140 4 2 1 1 600 689 523 937
2141 4 2 1 1 537 898 728 1075
2142 4 2 1 1 453 359 352 850
2143 4 2 1 1 756 952 815 1195
2144 4 2 1 1 495 390 382 623
2145 4 2 1 1 811 1145 1067 660
2146 4 2 1 1 584 894 857 515
2147 4 2 1 1 579 994 947 614
2148 4 2 1 1 468 1272 666 887
2149 4 2 1 1 591 900 747 1027
2150 4 2 1 1 489 932 931 975
2151 4 2 1 1 402 1175 460 734
2152 4 2 1 1 460 1175 402 405
2153 4 2 1 1 557 835 795 874
2154 4 2 1 1 568 1233 977 885
2155 4 2 1 1 675 737 515 788
2156 4 2 1 1 1291 52 7 184
2157 4 2 1 1 896 1046 628 1050
2158 4 2 1 1 962 508 841 1199
2159 4 2 1 1 738 848 681 946
2160 4 2 1 1 977 1233 568 835
2161 4 2 1 1 536 758 919 1034
2162 4 2 1 1 347 1027 986 1091
2163 4 2 1 1 311 63 867 1147
2164 4 2 1 1 806 557 897 807
2165 4 2 1 1 551 781 793 1060
2166 4 2 1 1 791 1059 725 1209
2167 4 2 1 1 1021 1129 883 752
2168 4 2 1 1 841 962 662 508
2169 4 2 1 1 381 1075 796 1124
2170 4 2 1 1 164 1142 988 679
2171 4 2 1 1 575 789 875 941
2172 4 2 1 1 559 997 996 625
2173 4 2 1 1 1009 1107 767 1229
2174 4 2 1 1 739 653 555 1110
2175 4 2 1 1 640 516 744 837
2176 4 2 1 1 541 869 915 778
2177 4 2 1 1 86 125 103 1051
2178 4 2 1 1 484 1010 999 1219
2179 4 2 1 1 311 62 63 1147
2180 4 2 1 1 27 26 243 1271
2181 4 2 1 1 1271 243 27 282
2182 4 2 1 1 583 758 920 1067
2183 4 2 1 1 268 799 1246 800
2184 4 2 1 1 684 810 549 855
2185 4 2 1 1 621 641 965 1035
2186 4 2 1 1 662 529 1074 1181
2187 4 2 1 1 526 733 774 1084
2188 4 2 1 1 555 971 969 995
2189 4 2 1 1 243 282 1271 800
2190 4 2 1 1 112 126 1087 1231
2191 4 2 1 1 429 1149 798 1174
2192 4 2 1 1 519 756 786 815
2193 4 2 1 1 153 612 1022 1033
2194 4 2 1 1 630 587 525 842
2195 4 2 1 1 583 815 763 1130
2196 4 2 1 1 170 180 141 1150
2197 4 2 1 1 1271 1237 26 243
2198 4 2 1 1 748 929 803 1115
2199 4 2 1 1 590 871 698 1064
2200 4 2 1 1 960 1272 716 887
2201 4 2 1 1 612 834 818 1005
2202 4 2 1 1 1271 1237 243 800
2203 4 2 1 1 76 1270 75 308
2204 4 2 1 1 508 687 1002 1084
2205 4 2 1 1 889 1273 140 1036
2206 4 2 1 1 517 930 783 1148
2207 4 2 1 1 627 940 830 1230
2208 4 2 1 1 944 981 723 1188
2209 4 2 1 1 868 551 1107 1012
2210 4 2 1 1 1231 1087 1161 581
2211 4 2 1 1 529 1058 1074 1181
2212 4 2 1 1 1090 425 1063 717
2213 4 2 1 1 561 822 888 891
2214 4 2 1 1 629 677 303 904
2215 4 2 1 1 525 1000 826 1183
2216 4 2 1 1 113 1239 930 123
2217 4 2 1 1 574 831 789 964
2218 4 2 1 1 226 70 71 1275
2219 4 2 1 1 362 448 772 1017
2220 4 2 1 1 259 670 246 777
2221 4 2 1 1 658 966 728 1121
2222 4 2 1 1 618 1000 871 1181
2223 4 2 1 1 846 600 937 1187
2224 4 2 1 1 795 942 864 977
2225 4 2 1 1 462 678 494 1175
2226 4 2 1 1 660 811 935 1067
2227 4 2 1 1 591 905 900 1097
2228 4 2 1 1 760 732 946 1157
2229 4 2 1 1 904 295 562 817
2230 4 2 1 1 398 411 410 860
2231 4 2 1 1 1231 1161 1087 112
2232 4 2 1 1 513 764 987 1106
2233 4 2 1 1 904 665 801 569
2234 4 2 1 1 726 1115 752 589
2235 4 2 1 1 585 1214 1023 753
2236 4 2 1 1 410 462 860 1019
2237 4 2 1 1 549 855 810 943
2238 4 2 1 1 413 1149 429 1174
2239 4 2 1 1 289 1270 1205 1245
2240 4 2 1 1 445 362 448 772
2241 4 2 1 1 1263 1173 496 1010
2242 4 2 1 1 1119 938 803 578
2243 4 2 1 1 303 677 629 1205
2244 4 2 1 1 352 850 353 1023
2245 4 2 1 1 289 1270 1245 76
2246 4 2 1 1 1257 328 317 755
2247 4 2 1 1 511 896 851 1096
2248 4 2 1 1 851 896 636 1096
2249 4 2 1 1 686 1007 962 1008
2250 4 2 1 1 591 1097 986 1191
2251 4 2 1 1 644 928 844 1186
2252 4 2 1 1 539 839 728 840
2253 4 2 1 1 506 669 700 1062
2254 4 2 1 1 480 484 999 1219
2255 4 2 1 1 621 962 1007 1008
2256 4 2 1 1 1204 1096 792 804
2257 4 2 1 1 164 1142 679 146
2258 4 2 1 1 723 575 981 1100
2259 4 2 1 1 552 1082 892 1184
2260 4 2 1 1 572 655 631 1144
2261 4 2 1 1 139 41 42 716
2262 4 2 1 1 1190 1150 303 629
2263 4 2 1 1 1090 425 717 422
2264 4 2 1 1 225 588 971 790
2265 4 2 1 1 678 860 1019 1025
2266 4 2 1 1 570 771 882 669
2267 4 2 1 1 251 879 602 596
2268 4 2 1 1 734 820 931 1178
2269 4 2 1 1 111 100 907 1071
2270 4 2 1 1 670 710 1128 1156
2271 4 2 1 1 583 763 857 1130
2272 4 2 1 1 1270 1238 75 308
2273 4 2 1 1 569 904 1038 1167
2274 4 2 1 1 286 306 677 697
2275 4 2 1 1 563 806 1007 1008
2276 4 2 1 1 58 8 1286 180
2277 4 2 1 1 904 801 665 562
2278 4 2 1 1 468 887 666 1016
2279 4 2 1 1 615 757 1016 1225
2280 4 2 1 1 824 833 620 929
2281 4 2 1 1 749 1165 909 963
2282 4 2 1 1 1270 1238 308 1205
2283 4 2 1 1 1099 726 506 913
2284 4 2 1 1 533 674 921 1193
2285 4 2 1 1 544 669 668 1196
2286 4 2 1 1 542 705 1025 1204
2287 4 2 1 1 535 818 1005 1114
2288 4 2 1 1 182 168 143 960
2289 4 2 1 1 960 716 1272 168
2290 4 2 1 1 730 502 1149 1176
2291 4 2 1 1 1207 836 890 1043
2292 4 2 1 1 899 1110 607 539
2293 4 2 1 1 1099 506 726 1062
2294 4 2 1 1 728 839 437 840
2295 4 2 1 1 583 786 519 808
2296 4 2 1 1 1269 242 23 267
2297 4 2 1 1 774 1126 1002 656
2298 4 2 1 1 1269 242 267 902
2299 4 2 1 1 688 832 1045 616
2300 4 2 1 1 620 909 829 963
2301 4 2 1 1 594 946 760 1070
2302 4 2 1 1 447 379 377 695
2303 4 2 1 1 540 681 848 946
2304 4 2 1 1 567 773 706 1015
2305 4 2 1 1 705 1193 1132 507
2306 4 2 1 1 1119 762 725 1216
2307 4 2 1 1 540 681 957 1056
2308 4 2 1 1 558 855 692 980
2309 4 2 1 1 814 998 955 1163
2310 4 2 1 1 1190 303 1150 315
2311 4 2 1 1 511 851 746 1096
2312 4 2 1 1 746 851 636 1096
2313 4 2 1 1 263 670 259 993
2314 4 2 1 1 1234 515 712 603
2315 4 2 1 1 712 515 1234 584
2316 4 2 1 1 518 794 1039 1072
2317 4 2 1 1 649 1039 794 1072
2318 4 2 1 1 808 816 583 1145
2319 4 2 1 1 556 952 815 1070
2320 4 2 1 1 300 1044 692 1213
2321 4 2 1 1 239 595 799 1089
2322 4 2 1 1 791 903 532 1170
2323 4 2 1 1 199 201 614 969
2324 4 2 1 1 550 865 854 1203
2325 4 2 1 1 843 1165 518 573
2326 4 2 1 1 594 763 760 1206
2327 4 2 1 1 267 24 23 1269
2328 4 2 1 1 552 683 885 978
2329 4 2 1 1 1269 1236 267 24
2330 4 2 1 1 861 774 527 1135
2331 4 2 1 1 1222 949 634 822
2332 4 2 1 1 789 937 625 1009
2333 4 2 1 1 211 1144 631 200
2334 4 2 1 1 677 993 697 1212
2335 4 2 1 1 605 883 780 984
2336 4 2 1 1 479 485 932 999
2337 4 2 1 1 618 871 1058 1181
2338 4 2 1 1 712 1177 1234 603
2339 4 2 1 1 754 962 662 1056
2340 4 2 1 1 692 855 667 864
2341 4 2 1 1 1269 1236 902 267
2342 4 2 1 1 128 109 110 1161
2343 4 2 1 1 815 952 622 1070
2344 4 2 1 1 574 831 767 1009
2345 4 2 1 1 659 950 750 1078
2346 4 2 1 1 611 691 955 1011
2347 4 2 1 1 1100 831 1105 964
2348 4 2 1 1 80 337 1268 1077
2349 4 2 1 1 816 817 1221 519
2350 4 2 1 1 529 1058 876 704
2351 4 2 1 1 240 661 276 1092
2352 4 2 1 1 79 337 1268 80
2353 4 2 1 1 529 1074 1058 704
2354 4 2 1 1 568 795 864 977
2355 4 2 1 1 1083 829 589 963
2356 4 2 1 1 490 598 800 407
2357 4 2 1 1 744 1065 711 1123
2358 4 2 1 1 635 811 758 819
2359 4 2 1 1 779 778 699 1199
2360 4 2 1 1 1234 1177 712 584
2361 4 2 1 1 1268 1246 337 79
2362 4 2 1 1 305 1253 959 867
2363 4 2 1 1 640 944 837 1026
2364 4 2 1 1 955 998 740 1163
2365 4 2 1 1 687 608 1126 1183
2366 4 2 1 1 517 684 810 982
2367 4 2 1 1 961 934 1013 567
2368 4 2 1 1 1211 85 1161 128
2369 4 2 1 1 623 898 761 1075
2370 4 2 1 1 609 768 950 1140
2371 4 2 1 1 1268 1246 799 337
2372 4 2 1 1 572 892 751 558
2373 4 2 1 1 1119 762 1216 729
2374 4 2 1 1 642 1010 932 1173
2375 4 2 1 1 532 762 729 1054
2376 4 2 1 1 823 947 659 1093
2377 4 2 1 1 503 383 474 839
2378 4 2 1 1 657 603 1177 838
2379 4 2 1 1 725 1023 457 1160
2380 4 2 1 1 889 774 861 661
2381 4 2 1 1 896 968 851 1132
2382 4 2 1 1 600 911 744 1133
2383 4 2 1 1 769 810 916 625
2384 4 2 1 1 687 826 608 1183
2385 4 2 1 1 252 1045 688 1146
2386 4 2 1 1 468 1272 887 388
2387 4 2 1 1 1260 960 976 666
2388 4 2 1 1 606 909 749 1165
2389 4 2 1 1 262 697 260 1031
2390 4 2 1 1 928 1201 1084 826
2391 4 2 1 1 337 1268 595 799
2392 4 2 1 1 679 603 541 1234
2393 4 2 1 1 470 931 1173 805
2394 4 2 1 1 659 843 828 1061
2395 4 2 1 1 719 834 1098 1162
2396 4 2 1 1 340 598 407 477
2397 4 2 1 1 366 1004 455 1125
2398 4 2 1 1 640 744 1123 1227
2399 4 2 1 1 351 457 725 1023
2400 4 2 1 1 879 1032 652 1153
2401 4 2 1 1 428 661 861 1223
2402 4 2 1 1 595 860 968 1046
2403 4 2 1 1 727 901 606 653
2404 4 2 1 1 343 886 500 1027
2405 4 2 1 1 564 1031 993 1212
2406 4 2 1 1 565 705 933 1178
2407 4 2 1 1 679 603 657 541
2408 4 2 1 1 337 595 1268 1077
2409 4 2 1 1 525 753 1090 842
2410 4 2 1 1 760 515 603 1113
2411 4 2 1 1 621 540 1056 848
2412 4 2 1 1 358 434 360 814
2413 4 2 1 1 685 1076 1042 1111
2414 4 2 1 1 521 808 647 878
2415 4 2 1 1 540 848 681 1056
2416 4 2 1 1 19 20 1256 133
2417 4 2 1 1 1246 282 800 1264
2418 4 2 1 1 1035 1153 879 652
2419 4 2 1 1 685 1111 1042 731
2420 4 2 1 1 1253 310 1267 54
2421 4 2 1 1 616 1032 879 1153
2422 4 2 1 1 750 868 609 1072
2423 4 2 1 1 915 652 563 1008
2424 4 2 1 1 534 851 968 1132
2425 4 2 1 1 214 220 213 1210
2426 4 2 1 1 708 917 781 1086
2427 4 2 1 1 1253 310 959 1267
2428 4 2 1 1 532 803 1059 1115
2429 4 2 1 1 310 54 55 1267
2430 4 2 1 1 287 1267 55 1242
2431 4 2 1 1 287 1267 1242 959
2432 4 2 1 1 602 526 906 1207
2433 4 2 1 1 540 946 735 732
2434 4 2 1 1 842 1172 753 1214
2435 4 2 1 1 358 361 814 1163
2436 4 2 1 1 781 708 870 917
2437 4 2 1 1 768 1001 536 1198
2438 4 2 1 1 612 592 1033 945
2439 4 2 1 1 805 926 736 927
2440 4 2 1 1 725 457 1101 1160
2441 4 2 1 1 509 818 698 945
2442 4 2 1 1 536 758 1034 1228
2443 4 2 1 1 90 1237 1271 800
2444 4 2 1 1 636 896 851 1132
2445 4 2 1 1 607 672 721 775
2446 4 2 1 1 662 957 841 1074
2447 4 2 1 1 1095 1166 735 874
2448 4 2 1 1 616 991 879 596
2449 4 2 1 1 608 818 779 1126
2450 4 2 1 1 835 738 952 874
2451 4 2 1 1 21 3 1264 134
2452 4 2 1 1 692 581 855 943
2453 4 2 1 1 279 22 4 1266
2454 4 2 1 1 557 795 835 923
2455 4 2 1 1 886 1027 900 1097
2456 4 2 1 1 561 888 895 1049
2457 4 2 1 1 767 831 504 1107
2458 4 2 1 1 750 950 518 1072
2459 4 2 1 1 213 1147 694 867
2460 4 2 1 1 606 901 727 1039
2461 4 2 1 1 1266 1262 279 22
2462 4 2 1 1 884 1053 593 1120
2463 4 2 1 1 303 629 904 1190
2464 4 2 1 1 590 1063 717 1090
2465 4 2 1 1 14 1292 1 232
2466 4 2 1 1 1021 767 696 528
2467 4 2 1 1 686 915 732 1007
2468 4 2 1 1 1016 882 881 1154
2469 4 2 1 1 723 548 764 912
2470 4 2 1 1 730 860 628 1149
2471 4 2 1 1 596 851 746 890
2472 4 2 1 1 549 864 977 978
2473 4 2 1 1 592 834 905 945
2474 4 2 1 1 981 520 924 1182
2475 4 2 1 1 1101 1209 725 1160
2476 4 2 1 1 577 705 1132 1204
2477 4 2 1 1 999 1010 593 1219
2478 4 2 1 1 525 1090 753 590
2479 4 2 1 1 632 664 643 1006
2480 4 2 1 1 1050 1149 954 1174
2481 4 2 1 1 1095 735 1166 807
2482 4 2 1 1 174 877 647 1232
2483 4 2 1 1 542 1055 705 1204
2484 4 2 1 1 897 956 564 987
2485 4 2 1 1 944 981 1188 663
2486 4 2 1 1 219 206 189 1226
2487 4 2 1 1 297 626 1038 1213
2488 4 2 1 1 784 861 527 1108
2489 4 2 1 1 582 808 823 1030
2490 4 2 1 1 1266 1262 755 279
2491 4 2 1 1 1044 306 1212 1213
2492 4 2 1 1 513 918 1035 1153
2493 4 2 1 1 366 455 454 1125
2494 4 2 1 1 843 963 750 1165
2495 4 2 1 1 516 997 875 1187
2496 4 2 1 1 1251 141 1150 1190
2497 4 2 1 1 608 1058 871 1181
2498 4 2 1 1 30 31 1265 288
2499 4 2 1 1 1101 1209 1160 590
2500 4 2 1 1 1208 1177 584 150
2501 4 2 1 1 312 1265 30 1254
2502 4 2 1 1 907 997 1071 714
2503 4 2 1 1 875 997 693 625
2504 4 2 1 1 613 719 834 1098
2505 4 2 1 1 1023 1160 725 1209
2506 4 2 1 1 821 1016 615 1154
2507 4 2 1 1 321 1211 288 1087
2508 4 2 1 1 621 848 806 1007
2509 4 2 1 1 1276 597 1077 236
2510 4 2 1 1 196 1030 521 878
2511 4 2 1 1 618 1059 803 1115
2512 4 2 1 1 677 1213 1212 306
2513 4 2 1 1 1189 1117 613 719
2514 4 2 1 1 650 903 791 1170
2515 4 2 1 1 811 741 759 1029
2516 4 2 1 1 573 963 843 1165
2517 4 2 1 1 899 1141 672 1200
2518 4 2 1 1 1246 282 1264 78
2519 4 2 1 1 561 888 822 895
2520 4 2 1 1 611 814 955 1163
2521 4 2 1 1 519 786 1082 1168
2522 4 2 1 1 676 1015 720 634
2523 4 2 1 1 556 815 763 1070
2524 4 2 1 1 1212 306 697 677
2525 4 2 1 1 999 1053 1010 932
2526 4 2 1 1 849 1158 302 314
2527 4 2 1 1 670 710 629 1142
2528 4 2 1 1 621 540 848 1007
2529 4 2 1 1 127 800 1261 927
2530 4 2 1 1 288 1211 321 309
2531 4 2 1 1 1061 659 579 828
2532 4 2 1 1 1016 1154 881 757
2533 4 2 1 1 681 984 957 1056
2534 4 2 1 1 681 848 738 1105
2535 4 2 1 1 1237 770 243 800
2536 4 2 1 1 751 756 667 1184
2537 4 2 1 1 636 1015 804 507
2538 4 2 1 1 720 524 634 1222
2539 4 2 1 1 174 647 173 1232
2540 4 2 1 1 1061 579 659 759
2541 4 2 1 1 312 1265 1254 1087
2542 4 2 1 1 637 895 888 1049
2543 4 2 1 1 1235 428 421 1223
2544 4 2 1 1 707 917 586 1073
2545 4 2 1 1 425 1063 717 1102
2546 4 2 1 1 542 814 678 955
2547 4 2 1 1 358 355 357 813
2548 4 2 1 1 504 1070 594 1001
2549 4 2 1 1 351 457 349 725
2550 4 2 1 1 85 1211 1265 31
2551 4 2 1 1 1265 1211 288 31
2552 4 2 1 1 821 973 615 1191
2553 4 2 1 1 950 794 582 1093
2554 4 2 1 1 763 815 622 1070
2555 4 2 1 1 519 816 808 1221
2556 4 2 1 1 496 485 391 1010
2557 4 2 1 1 607 721 672 539
2558 4 2 1 1 640 516 837 944
2559 4 2 1 1 521 877 647 1145
2560 4 2 1 1 288 1265 1087 1211
2561 4 2 1 1 402 847 400 1175
2562 4 2 1 1 1021 767 528 895
2563 4 2 1 1 1021 767 895 780
2564 4 2 1 1 402 406 403 931
2565 4 2 1 1 504 1070 1001 1233
2566 4 2 1 1 745 787 478 1235
2567 4 2 1 1 1074 1058 818 608
2568 4 2 1 1 574 822 780 964
2569 4 2 1 1 628 860 730 1046
2570 4 2 1 1 524 984 681 1056
2571 4 2 1 1 901 994 947 518
2572 4 2 1 1 594 946 681 957
2573 4 2 1 1 507 720 773 1015
2574 4 2 1 1 519 583 808 816
2575 4 2 1 1 1056 984 754 524
2576 4 2 1 1 224 211 223 1037
2577 4 2 1 1 86 1051 1010 1052
2578 4 2 1 1 587 954 842 1174
2579 4 2 1 1 586 870 702 1073
2580 4 2 1 1 3 490 1264 78
2581 4 2 1 1 1169 602 733 906
2582 4 2 1 1 635 967 1047 819
2583 4 2 1 1 1169 733 602 601
2584 4 2 1 1 1044 1212 306 697
2585 4 2 1 1 1030 1093 1081 655
2586 4 2 1 1 711 922 912 1065
2587 4 2 1 1 754 965 962 1056
2588 4 2 1 1 519 815 583 816
2589 4 2 1 1 788 1098 704 737
2590 4 2 1 1 529 957 662 1074
2591 4 2 1 1 680 113 91 121
2592 4 2 1 1 583 815 786 919
2593 4 2 1 1 695 1094 729 1164
2594 4 2 1 1 544 790 713 668
2595 4 2 1 1 986 1027 591 1091
2596 4 2 1 1 349 725 457 1101
2597 4 2 1 1 843 967 506 1061
2598 4 2 1 1 1246 1264 490 78
2599 4 2 1 1 416 842 414 1174
2600 4 2 1 1 771 828 668 669
2601 4 2 1 1 904 295 817 296
2602 4 2 1 1 508 1002 779 1199
2603 4 2 1 1 742 985 820 1178
2604 4 2 1 1 249 616 252 1045
2605 4 2 1 1 523 689 888 937
2606 4 2 1 1 552 978 756 1184
2607 4 2 1 1 924 987 564 1031
2608 4 2 1 1 898 1171 537 1042
2609 4 2 1 1 1027 387 343 747
2610 4 2 1 1 1257 271 279 755
2611 4 2 1 1 1135 1183 590 525
2612 4 2 1 1 527 785 951 656
2613 4 2 1 1 508 826 687 1084
2614 4 2 1 1 385 487 441 863
2615 4 2 1 1 96 1236 902 116
2616 4 2 1 1 519 1168 751 1221
2617 4 2 1 1 881 1154 882 544
2618 4 2 1 1 1246 1264 800 490
2619 4 2 1 1 240 1036 661 1092
2620 4 2 1 1 1105 524 964 780
2621 4 2 1 1 712 1067 935 1028
2622 4 2 1 1 652 992 777 1032
2623 4 2 1 1 681 883 780 594
2624 4 2 1 1 1248 218 1278 840
2625 4 2 1 1 707 996 633 1069
2626 4 2 1 1 730 1149 798 1176
2627 4 2 1 1 217 10 11 1243
2628 4 2 1 1 510 938 709 1011
2629 4 2 1 1 553 781 708 870
2630 4 2 1 1 687 1183 1135 525
2631 4 2 1 1 627 724 858 1127
2632 4 2 1 1 252 688 596 893
2633 4 2 1 1 1243 1239 217 10
2634 4 2 1 1 379 695 447 1125
2635 4 2 1 1 674 1132 1193 507
2636 4 2 1 1 556 738 874 952
2637 4 2 1 1 750 963 843 1122
2638 4 2 1 1 772 1163 611 1194
2639 4 2 1 1 527 1108 951 1137
2640 4 2 1 1 512 642 1018 1215
2641 4 2 1 1 587 1050 954 1174
2642 4 2 1 1 677 1213 306 297
2643 4 2 1 1 845 846 523 1069
2644 4 2 1 1 467 787 450 798
2645 4 2 1 1 1119 762 729 532
2646 4 2 1 1 719 613 592 1117
2647 4 2 1 1 829 895 605 1021
2648 4 2 1 1 618 1059 1115 1170
2649 4 2 1 1 273 1031 274 902
2650 4 2 1 1 1243 1239 930 217
2651 4 2 1 1 45 1287 339 46
2652 4 2 1 1 529 883 1129 752
2653 4 2 1 1 547 944 924 987
2654 4 2 1 1 160 135 959 1208
2655 4 2 1 1 111 113 112 1231
2656 4 2 1 1 985 925 926 533
2657 4 2 1 1 695 972 604 1014
2658 4 2 1 1 741 771 570 669
2659 4 2 1 1 821 887 615 1016
2660 4 2 1 1 122 610 124 783
2661 4 2 1 1 339 1287 488 46
2662 4 2 1 1 487 827 775 863
2663 4 2 1 1 516 714 837 1188
2664 4 2 1 1 775 827 713 863
2665 4 2 1 1 17 18 391 1263
2666 4 2 1 1 855 517 684 810
2667 4 2 1 1 379 385 378 863
2668 4 2 1 1 67 189 66 1248
2669 4 2 1 1 196 948 521 1030
2670 4 2 1 1 1016 882 1154 821
2671 4 2 1 1 407 396 477 799
2672 4 2 1 1 538 830 858 1127
2673 4 2 1 1 566 1068 1062 1162
2674 4 2 1 1 729 1094 578 1164
2675 4 2 1 1 1135 844 687 525
2676 4 2 1 1 528 696 1021 1122
2677 4 2 1 1 725 1091 349 1216
2678 4 2 1 1 918 965 706 1035
2679 4 2 1 1 582 1140 794 950
2680 4 2 1 1 601 879 652 1203
2681 4 2 1 1 575 795 942 981
2682 4 2 1 1 740 1163 772 1194
2683 4 2 1 1 802 892 572 1037
2684 4 2 1 1 938 1172 813 585
2685 4 2 1 1 642 932 931 1173
2686 4 2 1 1 690 776 564 1031
2687 4 2 1 1 624 565 975 740
2688 4 2 1 1 300 980 692 1087
2689 4 2 1 1 582 786 768 919
2690 4 2 1 1 1108 590 717 1135
2691 4 2 1 1 519 665 756 815
2692 4 2 1 1 321 1044 320 1211
2693 4 2 1 1 684 892 649 982
2694 4 2 1 1 135 1190 562 1208
2695 4 2 1 1 744 633 846 1133
2696 4 2 1 1 758 819 811 1067
2697 4 2 1 1 743 926 736 985
2698 4 2 1 1 812 830 523 996
2699 4 2 1 1 1055 949 691 891
2700 4 2 1 1 1263 391 17 1220
2701 4 2 1 1 584 894 515 1234
2702 4 2 1 1 533 852 925 674
2703 4 2 1 1 599 863 695 1141
2704 4 2 1 1 610 783 708 930
2705 4 2 1 1 18 496 391 1263
2706 4 2 1 1 605 1021 895 780
2707 4 2 1 1 430 386 431 1136
2708 4 2 1 1 612 818 834 945
2709 4 2 1 1 873 674 534 983
2710 4 2 1 1 391 1263 1010 1220
2711 4 2 1 1 16 15 118 1281
2712 4 2 1 1 504 835 831 1105
2713 4 2 1 1 173 647 1210 1232
2714 4 2 1 1 1119 762 532 725
2715 4 2 1 1 793 868 606 1072
2716 4 2 1 1 601 652 879 992
2717 4 2 1 1 832 987 690 1153
2718 4 2 1 1 456 1090 1063 1160
2719 4 2 1 1 465 423 784 1102
2720 4 2 1 1 496 391 1263 1010
2721 4 2 1 1 575 923 795 981
2722 4 2 1 1 619 963 843 589
2723 4 2 1 1 563 652 777 776
2724 4 2 1 1 662 957 984 1056
2725 4 2 1 1 456 481 440 1090
2726 4 2 1 1 514 603 894 1234
2727 4 2 1 1 518 794 950 1093
2728 4 2 1 1 400 847 397 1175
2729 4 2 1 1 577 1057 921 1132
2730 4 2 1 1 563 652 776 956
2731 4 2 1 1 1167 562 629 988
2732 4 2 1 1 565 955 740 1194
2733 4 2 1 1 686 601 854 1131
2734 4 2 1 1 922 937 600 1187
2735 4 2 1 1 399 397 847 856
2736 4 2 1 1 199 969 614 1040
2737 4 2 1 1 705 1204 1055 507
2738 4 2 1 1 1170 871 618 1059
2739 4 2 1 1 492 1276 331 1176
2740 4 2 1 1 751 572 694 1081
2741 4 2 1 1 539 840 728 1085
2742 4 2 1 1 521 808 920 1145
2743 4 2 1 1 1269 120 1262 902
2744 4 2 1 1 709 826 671 1116
2745 4 2 1 1 709 1000 671 826
2746 4 2 1 1 892 1140 649 794
2747 4 2 1 1 1262 22 23 242
2748 4 2 1 1 746 596 890 991
2749 4 2 1 1 829 528 963 909
2750 4 2 1 1 95 866 639 1123
2751 4 2 1 1 1081 1093 1030 582
2752 4 2 1 1 453 1094 729 1125
2753 4 2 1 1 235 262 277 697
2754 4 2 1 1 540 681 946 957
2755 4 2 1 1 694 1147 751 1221
2756 4 2 1 1 402 401 400 847
2757 4 2 1 1 1070 594 1001 1198
2758 4 2 1 1 602 601 992 1169
2759 4 2 1 1 829 528 909 895
2760 4 2 1 1 235 260 262 697
2761 4 2 1 1 664 1006 632 1151
2762 4 2 1 1 221 1037 223 212
2763 4 2 1 1 134 27 3 1264
2764 4 2 1 1 722 653 1110 555
2765 4 2 1 1 550 865 879 991
2766 4 2 1 1 570 682 1029 1118
2767 4 2 1 1 801 665 816 1130
2768 4 2 1 1 512 858 884 1215
2769 4 2 1 1 984 1181 671 752
2770 4 2 1 1 199 614 948 1040
2771 4 2 1 1 829 528 895 1021
2772 4 2 1 1 912 922 548 1112
2773 4 2 1 1 527 1126 774 656
2774 4 2 1 1 516 723 944 711
2775 4 2 1 1 1262 279 22 242
2776 4 2 1 1 733 906 602 526
2777 4 2 1 1 1049 1134 888 1230
2778 4 2 1 1 681 504 1105 738
2779 4 2 1 1 349 351 725 1216
2780 4 2 1 1 563 777 915 1128
2781 4 2 1 1 512 820 742 642
2782 4 2 1 1 1186 1197 928 587
2783 4 2 1 1 1269 120 902 116
2784 4 2 1 1 974 1018 858 512
2785 4 2 1 1 538 1111 1041 731
2786 4 2 1 1 785 880 656 154
2787 4 2 1 1 798 1149 1050 1174
2788 4 2 1 1 242 1262 755 902
2789 4 2 1 1 558 751 572 859
2790 4 2 1 1 366 1004 762 1225
2791 4 2 1 1 1247 284 82 83
2792 4 2 1 1 692 855 581 980
2793 4 2 1 1 812 916 551 1060
2794 4 2 1 1 356 451 753 1023
2795 4 2 1 1 583 1067 920 1145
2796 4 2 1 1 849 859 314 1147
2797 4 2 1 1 509 818 704 1058
2798 4 2 1 1 1262 279 242 755
2799 4 2 1 1 617 105 743 927
2800 4 2 1 1 562 904 801 1167
2801 4 2 1 1 1189 811 935 546
2802 4 2 1 1 340 20 21 1261
2803 4 2 1 1 733 865 854 1201
2804 4 2 1 1 719 905 834 1162
2805 4 2 1 1 577 705 678 1057
2806 4 2 1 1 647 816 808 1145
2807 4 2 1 1 556 946 738 1070
2808 4 2 1 1 245 246 237 869
2809 4 2 1 1 130 1262 755 1266
2810 4 2 1 1 520 692 663 1044
2811 4 2 1 1 779 818 535 1114
2812 4 2 1 1 21 340 1261 490
2813 4 2 1 1 938 1011 611 1155
2814 4 2 1 1 698 1126 608 1183
2815 4 2 1 1 842 1172 1214 651
2816 4 2 1 1 612 592 834 1005
2817 4 2 1 1 276 661 1244 1092
2818 4 2 1 1 565 933 820 1178
2819 4 2 1 1 758 763 583 919
2820 4 2 1 1 103 654 98 743
2821 4 2 1 1 1248 953 840 721
2822 4 2 1 1 545 911 845 1133
2823 4 2 1 1 756 1192 568 1195
2824 4 2 1 1 421 745 478 1235
2825 4 2 1 1 890 991 602 1043
2826 4 2 1 1 621 1035 965 1203
2827 4 2 1 1 770 800 617 983
2828 4 2 1 1 782 1189 1117 546
2829 4 2 1 1 1261 340 20 927
2830 4 2 1 1 612 1005 818 1114
2831 4 2 1 1 509 1058 1068 1170
2832 4 2 1 1 740 955 565 998
2833 4 2 1 1 1013 1065 531 912
2834 4 2 1 1 600 911 910 1065
2835 4 2 1 1 912 922 711 723
2836 4 2 1 1 586 1073 702 1127
2837 4 2 1 1 1254 1284 1231 91
2838 4 2 1 1 362 1017 772 1163
2839 4 2 1 1 960 1152 157 782
2840 4 2 1 1 275 1077 1089 597
2841 4 2 1 1 523 1088 974 1134
2842 4 2 1 1 529 675 957 1074
2843 4 2 1 1 44 43 1259 136
2844 4 2 1 1 349 1091 348 1216
2845 4 2 1 1 389 390 761 1075
2846 4 2 1 1 632 858 974 1018
2847 4 2 1 1 541 869 825 914
2848 4 2 1 1 1240 790 827 234
2849 4 2 1 1 570 771 741 990
2850 4 2 1 1 215 853 939 1217
2851 4 2 1 1 553 853 718 701
2852 4 2 1 1 603 760 894 515
2853 4 2 1 1 771 544 882 669
2854 4 2 1 1 536 1001 696 1198
2855 4 2 1 1 740 772 530 1194
2856 4 2 1 1 645 897 564 987
2857 4 2 1 1 1054 973 669 1099
2858 4 2 1 1 695 863 599 1125
2859 4 2 1 1 1031 765 987 690
2860 4 2 1 1 642 931 820 985
2861 4 2 1 1 340 1261 490 927
2862 4 2 1 1 550 865 862 1201
2863 4 2 1 1 725 791 532 1059
2864 4 2 1 1 444 932 489 975
2865 4 2 1 1 805 1173 985 931
2866 4 2 1 1 530 766 624 1194
2867 4 2 1 1 1157 675 535 841
2868 4 2 1 1 667 978 855 1184
2869 4 2 1 1 738 1070 946 594
2870 4 2 1 1 35 1232 1210 214
2871 4 2 1 1 451 753 1023 1214
2872 4 2 1 1 610 707 917 783
2873 4 2 1 1 1201 965 862 550
2874 4 2 1 1 35 1232 214 36
2875 4 2 1 1 454 453 366 1125
2876 4 2 1 1 80 81 393 1077
2877 4 2 1 1 561 891 691 949
2878 4 2 1 1 140 1273 51 1036
2879 4 2 1 1 941 942 575 977
2880 4 2 1 1 425 717 423 1102
2881 4 2 1 1 571 778 1002 1131
2882 4 2 1 1 567 918 832 616
2883 4 2 1 1 772 972 445 966
2884 4 2 1 1 750 843 659 1078
2885 4 2 1 1 1107 1139 683 1233
2886 4 2 1 1 80 1268 239 1077
2887 4 2 1 1 676 1015 804 1096
2888 4 2 1 1 532 903 1099 1170
2889 4 2 1 1 160 959 958 1208
2890 4 2 1 1 603 514 541 1234
2891 4 2 1 1 300 1044 1213 301
2892 4 2 1 1 970 971 555 1110
2893 4 2 1 1 644 865 733 1201
2894 4 2 1 1 679 164 1208 988
2895 4 2 1 1 795 923 645 981
2896 4 2 1 1 1210 34 35 220
2897 4 2 1 1 569 665 801 1195
2898 4 2 1 1 1157 535 675 1113
2899 4 2 1 1 1210 230 34 220
2900 4 2 1 1 669 973 1062 1099
2901 4 2 1 1 318 319 312 980
2902 4 2 1 1 698 945 818 951
2903 4 2 1 1 577 678 705 1025
2904 4 2 1 1 465 1102 784 1103
2905 4 2 1 1 830 858 632 1151
2906 4 2 1 1 543 821 887 1191
2907 4 2 1 1 476 747 1063 1102
2908 4 2 1 1 806 848 621 641
2909 4 2 1 1 600 689 937 1112
2910 4 2 1 1 1210 1282 179 34
2911 4 2 1 1 1046 1048 851 968
2912 4 2 1 1 622 786 756 815
2913 4 2 1 1 453 447 1094 1125
2914 4 2 1 1 142 54 53 1253
2915 4 2 1 1 563 1007 915 1008
2916 4 2 1 1 421 450 478 745
2917 4 2 1 1 600 937 922 1112
2918 4 2 1 1 525 1172 1000 1209
2919 4 2 1 1 1274 227 859 1158
2920 4 2 1 1 770 866 265 1146
2921 4 2 1 1 476 1063 747 1101
2922 4 2 1 1 804 1015 636 1096
2923 4 2 1 1 284 1207 787 236
2924 4 2 1 1 489 931 406 975
2925 4 2 1 1 578 938 929 824
2926 4 2 1 1 795 897 557 1095
2927 4 2 1 1 105 736 103 743
2928 4 2 1 1 1186 1197 587 792
2929 4 2 1 1 741 811 546 1029
2930 4 2 1 1 723 764 548 1100
2931 4 2 1 1 351 1023 725 1216
2932 4 2 1 1 577 1025 705 1204
2933 4 2 1 1 565 691 955 1194
2934 4 2 1 1 621 540 1007 962
2935 4 2 1 1 428 861 661 1109
2936 4 2 1 1 929 938 578 803
2937 4 2 1 1 588 828 771 614
2938 4 2 1 1 462 860 678 1175
2939 4 2 1 1 335 16 17 1220
2940 4 2 1 1 873 674 983 638
2941 4 2 1 1 518 947 794 1093
2942 4 2 1 1 604 966 772 530
2943 4 2 1 1 864 943 855 549
2944 4 2 1 1 375 445 972 966
2945 4 2 1 1 542 709 1011 1116
2946 4 2 1 1 571 1002 733 1131
2947 4 2 1 1 388 716 887 336
2948 4 2 1 1 602 879 248 992
2949 4 2 1 1 531 646 711 1159
2950 4 2 1 1 1226 722 970 953
2951 4 2 1 1 603 515 838 1113
2952 4 2 1 1 1291 1287 1273 184
2953 4 2 1 1 912 922 723 548
2954 4 2 1 1 737 819 967 1228
2955 4 2 1 1 158 1117 935 1118
2956 4 2 1 1 186 203 225 790
2957 4 2 1 1 734 820 975 931
2958 4 2 1 1 710 989 677 1167
2959 4 2 1 1 635 1061 967 1078
2960 4 2 1 1 582 1140 950 768
2961 4 2 1 1 303 904 294 1190
2962 4 2 1 1 698 951 818 1126
2963 4 2 1 1 130 1262 1266 22
2964 4 2 1 1 727 995 969 614
2965 4 2 1 1 1222 949 822 605
2966 4 2 1 1 596 961 688 616
2967 4 2 1 1 516 944 723 1188
2968 4 2 1 1 469 623 495 840
2969 4 2 1 1 551 916 769 982
2970 4 2 1 1 103 643 743 1051
2971 4 2 1 1 572 631 802 1037
2972 4 2 1 1 297 1038 626 904
2973 4 2 1 1 544 713 790 827
2974 4 2 1 1 335 761 16 1220
2975 4 2 1 1 152 592 613 1117
2976 4 2 1 1 671 1000 618 1181
2977 4 2 1 1 556 874 735 1166
2978 4 2 1 1 687 844 774 1084
2979 4 2 1 1 335 452 16 761
2980 4 2 1 1 667 864 568 1192
2981 4 2 1 1 101 654 643 1006
2982 4 2 1 1 616 918 832 1153
2983 4 2 1 1 487 775 441 863
2984 4 2 1 1 737 967 619 1228
2985 4 2 1 1 1090 425 422 456
2986 4 2 1 1 657 679 147 1177
2987 4 2 1 1 595 730 860 1046
2988 4 2 1 1 850 359 1017 1094
2989 4 2 1 1 1241 313 859 285
2990 4 2 1 1 343 747 476 1102
2991 4 2 1 1 954 1149 413 1174
2992 4 2 1 1 556 763 815 1130
2993 4 2 1 1 610 708 853 1079
2994 4 2 1 1 585 725 1059 1209
2995 4 2 1 1 811 1145 521 920
2996 4 2 1 1 307 306 697 1044
2997 4 2 1 1 38 39 1260 190
2998 4 2 1 1 588 607 790 668
2999 4 2 1 1 629 710 677 1167
3000 4 2 1 1 688 961 873 1013
3001 4 2 1 1 343 886 747 1103
3002 4 2 1 1 134 1261 127 800
3003 4 2 1 1 152 613 935 1117
3004 4 2 1 1 535 880 838 699
3005 4 2 1 1 574 789 831 1009
3006 4 2 1 1 585 1000 1172 1209
3007 4 2 1 1 505 872 940 637
3008 4 2 1 1 325 817 305 304
3009 4 2 1 1 969 995 727 555
3010 4 2 1 1 751 558 892 1184
3011 4 2 1 1 7 84 283 1291
3012 4 2 1 1 624 1003 999 1120
3013 4 2 1 1 578 833 824 929
3014 4 2 1 1 448 1017 359 1094
3015 4 2 1 1 538 858 724 1127
3016 4 2 1 1 315 303 293 1190
3017 4 2 1 1 605 984 780 1222
3018 4 2 1 1 570 682 990 1029
3019 4 2 1 1 693 1218 581 1071
3020 4 2 1 1 592 900 1033 945
3021 4 2 1 1 568 756 667 1192
3022 4 2 1 1 626 1038 520 1192
3023 4 2 1 1 898 1171 1042 761
3024 4 2 1 1 674 1132 921 1193
3025 4 2 1 1 382 1075 381 1124
3026 4 2 1 1 897 923 557 1106
3027 4 2 1 1 577 678 860 1175
3028 4 2 1 1 639 744 1179 1227
3029 4 2 1 1 208 222 708 718
3030 4 2 1 1 542 1116 1055 804
3031 4 2 1 1 321 1087 560 1211
3032 4 2 1 1 779 1002 778 1199
3033 4 2 1 1 1240 790 234 186
3034 4 2 1 1 1260 38 190 976
3035 4 2 1 1 703 1202 722 653
3036 4 2 1 1 174 163 173 647
3037 4 2 1 1 625 997 846 1187
3038 4 2 1 1 911 743 925 1066
3039 4 2 1 1 1260 1288 182 666
3040 4 2 1 1 820 933 742 1178
3041 4 2 1 1 657 656 154 825
3042 4 2 1 1 561 620 824 809
3043 4 2 1 1 728 898 623 1075
3044 4 2 1 1 300 1044 301 321
3045 4 2 1 1 619 843 967 589
3046 4 2 1 1 886 900 576 1033
3047 4 2 1 1 425 422 423 717
3048 4 2 1 1 1260 190 666 976
3049 4 2 1 1 506 967 843 589
3050 4 2 1 1 392 438 932 1173
3051 4 2 1 1 1055 1116 542 1011
3052 4 2 1 1 742 1018 643 545
3053 4 2 1 1 914 1142 670 1143
3054 4 2 1 1 474 839 721 840
3055 4 2 1 1 184 46 7 1291
3056 4 2 1 1 1260 1288 39 182
3057 4 2 1 1 527 774 889 656
3058 4 2 1 1 379 386 863 1125
3059 4 2 1 1 112 1087 85 1161
3060 4 2 1 1 197 655 1030 1144
3061 4 2 1 1 521 647 1232 878
3062 4 2 1 1 349 350 351 1216
3063 4 2 1 1 708 802 631 1037
3064 4 2 1 1 960 882 976 666
3065 4 2 1 1 676 804 1015 634
3066 4 2 1 1 1267 135 176 55
3067 4 2 1 1 1276 597 236 787
3068 4 2 1 1 300 692 321 1087
3069 4 2 1 1 617 866 770 1066
3070 4 2 1 1 590 717 1063 1064
3071 4 2 1 1 364 975 368 998
3072 4 2 1 1 642 1053 1010 1215
3073 4 2 1 1 215 12 13 939
3074 4 2 1 1 458 805 466 927
3075 4 2 1 1 617 743 639 1066
3076 4 2 1 1 12 939 215 1079
3077 4 2 1 1 387 347 1027 463
3078 4 2 1 1 931 932 438 1173
3079 4 2 1 1 303 677 297 904
3080 4 2 1 1 524 780 984 1222
3081 4 2 1 1 986 1027 716 1097
3082 4 2 1 1 1062 1068 650 1162
3083 4 2 1 1 566 1062 1047 1162
3084 4 2 1 1 730 628 1046 1050
3085 4 2 1 1 1179 1224 797 633
3086 4 2 1 1 356 451 481 753
3087 4 2 1 1 564 987 690 1031
3088 4 2 1 1 600 845 911 1133
3089 4 2 1 1 568 835 952 874
3090 4 2 1 1 323 677 303 1205
3091 4 2 1 1 846 996 523 1069
3092 4 2 1 1 314 285 1158 330
3093 4 2 1 1 183 44 45 1280
3094 4 2 1 1 491 394 492 1176
3095 4 2 1 1 734 820 1178 565
3096 4 2 1 1 595 860 856 968
3097 4 2 1 1 582 1030 823 1093
3098 4 2 1 1 1158 302 314 330
3099 4 2 1 1 885 683 1139 1233
3100 4 2 1 1 307 286 324 697
3101 4 2 1 1 619 967 1078 1228
3102 4 2 1 1 432 827 757 881
3103 4 2 1 1 85 112 126 1087
3104 4 2 1 1 588 771 668 544
3105 4 2 1 1 1154 973 615 821
3106 4 2 1 1 710 1142 1128 1167
3107 4 2 1 1 362 740 365 364
3108 4 2 1 1 620 909 749 1024
3109 4 2 1 1 931 932 820 975
3110 4 2 1 1 511 1096 862 1186
3111 4 2 1 1 579 1029 521 759
3112 4 2 1 1 509 945 698 1064
3113 4 2 1 1 586 830 940 1230
3114 4 2 1 1 271 262 273 755
3115 4 2 1 1 1167 629 562 904
3116 4 2 1 1 657 778 699 656
3117 4 2 1 1 650 1099 903 1170
3118 4 2 1 1 868 1012 609 1072
3119 4 2 1 1 907 610 122 783
3120 4 2 1 1 849 1158 314 859
3121 4 2 1 1 644 733 1084 1201
3122 4 2 1 1 294 904 562 1190
3123 4 2 1 1 685 761 623 898
3124 4 2 1 1 1273 240 51 1036
3125 4 2 1 1 208 853 215 1217
3126 4 2 1 1 1262 120 755 902
3127 4 2 1 1 721 839 539 840
3128 4 2 1 1 593 1053 884 1215
3129 4 2 1 1 537 715 884 1120
3130 4 2 1 1 1154 973 821 669
3131 4 2 1 1 663 692 560 1044
3132 4 2 1 1 854 1131 733 1201
3133 4 2 1 1 317 328 290 755
3134 4 2 1 1 504 835 738 1233
3135 4 2 1 1 488 339 435 661
3136 4 2 1 1 136 183 153 1138
3137 4 2 1 1 806 1007 848 807
3138 4 2 1 1 44 43 334 1259
3139 4 2 1 1 805 985 1173 736
3140 4 2 1 1 879 992 652 1032
3141 4 2 1 1 1279 18 19 86
3142 4 2 1 1 600 689 910 1088
3143 4 2 1 1 661 774 861 1223
3144 4 2 1 1 1259 1280 183 1138
3145 4 2 1 1 119 89 106 1220
3146 4 2 1 1 554 898 702 731
3147 4 2 1 1 551 781 916 982
3148 4 2 1 1 834 592 612 945
3149 4 2 1 1 746 851 596 961
3150 4 2 1 1 1259 1280 44 183
3151 4 2 1 1 645 987 764 1106
3152 4 2 1 1 394 502 730 1176
3153 4 2 1 1 380 468 433 1016
3154 4 2 1 1 549 941 683 977
3155 4 2 1 1 600 910 689 1112
3156 4 2 1 1 1259 1103 334 1138
3157 4 2 1 1 550 862 865 991
3158 4 2 1 1 1206 946 957 675
3159 4 2 1 1 581 693 810 943
3160 4 2 1 1 43 334 1259 1103
3161 4 2 1 1 504 780 696 594
3162 4 2 1 1 716 41 42 336
3163 4 2 1 1 554 703 722 701
3164 4 2 1 1 447 695 1094 1125
3165 4 2 1 1 656 779 778 699
3166 4 2 1 1 429 798 450 1174
3167 4 2 1 1 388 716 336 41
3168 4 2 1 1 875 981 942 1188
3169 4 2 1 1 354 850 359 1017
3170 4 2 1 1 577 968 896 1132
3171 4 2 1 1 291 59 60 1258
3172 4 2 1 1 565 955 678 998
3173 4 2 1 1 577 856 860 968
3174 4 2 1 1 383 378 441 672
3175 4 2 1 1 534 934 873 961
3176 4 2 1 1 1046 1048 968 595
3177 4 2 1 1 607 790 775 1226
3178 4 2 1 1 633 797 707 1069
3179 4 2 1 1 368 364 367 975
3180 4 2 1 1 1258 1285 229 680
3181 4 2 1 1 659 843 750 518
3182 4 2 1 1 1258 60 291 313
3183 4 2 1 1 1236 25 87 866
3184 4 2 1 1 717 1063 1064 1102
3185 4 2 1 1 159 178 160 1208
3186 4 2 1 1 835 568 952 1233
3187 4 2 1 1 541 1128 670 1142
3188 4 2 1 1 699 603 1113 1157
3189 4 2 1 1 760 946 594 1206
3190 4 2 1 1 1031 987 765 547
3191 4 2 1 1 540 946 732 1157
3192 4 2 1 1 784 1102 717 1108
3193 4 2 1 1 443 371 1003 369
3194 4 2 1 1 443 796 480 999
3195 4 2 1 1 559 707 917 996
3196 4 2 1 1 316 292 329 867
3197 4 2 1 1 397 856 395 860
3198 4 2 1 1 590 871 791 1209
3199 4 2 1 1 200 631 1040 1144
3200 4 2 1 1 631 727 969 947
3201 4 2 1 1 377 972 695 1014
3202 4 2 1 1 1055 949 891 634
3203 4 2 1 1 313 291 1258 1158
3204 4 2 1 1 1090 425 456 1063
3205 4 2 1 1 622 1001 768 1198
3206 4 2 1 1 479 932 444 999
3207 4 2 1 1 786 920 582 808
3208 4 2 1 1 515 1034 758 819
3209 4 2 1 1 460 368 975 998
3210 4 2 1 1 547 987 924 1031
3211 4 2 1 1 958 959 562 1208
3212 4 2 1 1 615 973 903 1191
3213 4 2 1 1 221 1037 212 1158
3214 4 2 1 1 784 1102 576 1103
3215 4 2 1 1 646 645 944 987
3216 4 2 1 1 291 680 1258 1158
3217 4 2 1 1 343 747 1102 1103
3218 4 2 1 1 213 1147 867 216
3219 4 2 1 1 749 901 653 606
3220 4 2 1 1 704 876 566 1068
3221 4 2 1 1 508 826 1084 1201
3222 4 2 1 1 348 1091 762 1216
3223 4 2 1 1 190 882 666 976
3224 4 2 1 1 603 894 760 732
3225 4 2 1 1 319 980 680 1158
3226 4 2 1 1 936 634 524 1222
3227 4 2 1 1 416 630 842 1174
3228 4 2 1 1 993 1031 697 1212
3229 4 2 1 1 577 1057 678 1175
3230 4 2 1 1 1135 844 525 630
3231 4 2 1 1 491 787 798 1176
3232 4 2 1 1 738 946 681 594
3233 4 2 1 1 104 98 639 743
3234 4 2 1 1 1258 1285 59 229
3235 4 2 1 1 533 985 742 1178
3236 4 2 1 1 466 805 736 927
3237 4 2 1 1 299 626 298 1213
3238 4 2 1 1 317 73 72 1257
3239 4 2 1 1 238 265 25 866
3240 4 2 1 1 613 838 788 1005
3241 4 2 1 1 126 29 30 1254
3242 4 2 1 1 163 173 647 1210
3243 4 2 1 1 835 952 738 1233
3244 4 2 1 1 1108 590 1135 698
3245 4 2 1 1 717 590 630 1135
3246 4 2 1 1 455 1125 1004 1136
3247 4 2 1 1 470 736 805 1173
3248 4 2 1 1 585 1023 725 1209
3249 4 2 1 1 693 581 810 1071
3250 4 2 1 1 611 1011 955 1155
3251 4 2 1 1 587 842 630 1174
3252 4 2 1 1 217 224 223 930
3253 4 2 1 1 656 889 785 154
3254 4 2 1 1 702 1042 724 538
3255 4 2 1 1 358 357 361 1163
3256 4 2 1 1 731 610 1041 1073
3257 4 2 1 1 944 711 723 646
3258 4 2 1 1 1278 623 218 1104
3259 4 2 1 1 820 985 742 642
3260 4 2 1 1 1206 957 946 594
3261 4 2 1 1 410 434 462 1019
3262 4 2 1 1 773 912 548 1112
3263 4 2 1 1 832 918 567 706
3264 4 2 1 1 662 1181 1074 508
3265 4 2 1 1 1257 328 72 317
3266 4 2 1 1 1257 1290 277 697
3267 4 2 1 1 85 117 128 1211
3268 4 2 1 1 521 811 759 1029
3269 4 2 1 1 1257 1266 279 72
3270 4 2 1 1 678 577 860 1025
3271 4 2 1 1 633 996 846 1069
3272 4 2 1 1 789 937 922 1187
3273 4 2 1 1 1257 317 697 755
3274 4 2 1 1 571 869 601 1169
3275 4 2 1 1 585 1059 1000 1209
3276 4 2 1 1 410 411 412 1149
3277 4 2 1 1 553 701 872 870
3278 4 2 1 1 522 1141 899 1200
3279 4 2 1 1 714 837 109 1227
3280 4 2 1 1 773 567 706 1013
3281 4 2 1 1 1257 1290 73 277
3282 4 2 1 1 575 942 875 981
3283 4 2 1 1 613 1098 1028 1189
3284 4 2 1 1 19 20 404 1256
3285 4 2 1 1 116 1236 902 1269
3286 4 2 1 1 149 712 1022 1177
3287 4 2 1 1 784 1109 436 1138
3288 4 2 1 1 465 1103 784 1138
3289 4 2 1 1 470 931 805 403
3290 4 2 1 1 516 846 997 1187
3291 4 2 1 1 174 660 958 877
3292 4 2 1 1 1256 404 19 333
3293 4 2 1 1 470 1256 1173 333
3294 4 2 1 1 529 957 883 984
3295 4 2 1 1 794 947 655 1093
3296 4 2 1 1 404 1256 20 927
3297 4 2 1 1 543 716 1097 1191
3298 4 2 1 1 1267 135 55 1242
3299 4 2 1 1 593 1010 1053 1215
3300 4 2 1 1 470 1256 333 404
3301 4 2 1 1 1172 1197 1155 651
3302 4 2 1 1 571 656 825 889
3303 4 2 1 1 565 740 624 1194
3304 4 2 1 1 755 1044 1026 1211
3305 4 2 1 1 693 559 810 625
3306 4 2 1 1 876 618 529 752
3307 4 2 1 1 793 1039 649 1072
3308 4 2 1 1 360 434 475 1019
3309 4 2 1 1 897 956 806 1156
3310 4 2 1 1 76 266 75 1270
3311 4 2 1 1 1083 829 963 620
3312 4 2 1 1 871 1059 791 1209
3313 4 2 1 1 875 997 1188 693
3314 4 2 1 1 643 1018 642 1215
3315 4 2 1 1 118 685 131 761
3316 4 2 1 1 603 732 760 1157
3317 4 2 1 1 908 963 749 1083
3318 4 2 1 1 557 806 848 807
3319 4 2 1 1 652 777 776 1032
3320 4 2 1 1 754 826 508 1201
3321 4 2 1 1 119 17 89 1220
3322 4 2 1 1 273 274 1031 261
3323 4 2 1 1 106 1076 131 1111
3324 4 2 1 1 565 975 740 998
3325 4 2 1 1 531 638 873 1066
3326 4 2 1 1 350 349 348 1216
3327 4 2 1 1 623 953 218 1180
3328 4 2 1 1 511 746 862 1096
3329 4 2 1 1 676 862 746 1096
3330 4 2 1 1 174 660 877 158
3331 4 2 1 1 1201 965 550 854
3332 4 2 1 1 508 754 854 962
3333 4 2 1 1 568 979 874 1195
3334 4 2 1 1 712 613 838 1028
3335 4 2 1 1 185 1241 227 859
3336 4 2 1 1 188 708 224 930
3337 4 2 1 1 529 1058 618 876
3338 4 2 1 1 765 640 547 1159
3339 4 2 1 1 757 1004 615 1154
3340 4 2 1 1 614 947 901 994
3341 4 2 1 1 580 1116 826 1197
3342 4 2 1 1 910 911 638 1065
3343 4 2 1 1 758 819 1034 1228
3344 4 2 1 1 584 816 562 958
3345 4 2 1 1 259 247 776 777
3346 4 2 1 1 576 886 747 900
3347 4 2 1 1 710 670 1128 1142
3348 4 2 1 1 404 736 1256 927
3349 4 2 1 1 1254 29 91 126
3350 4 2 1 1 508 962 854 1199
3351 4 2 1 1 730 411 502 464
3352 4 2 1 1 314 859 285 1147
3353 4 2 1 1 907 610 783 707
3354 4 2 1 1 925 983 638 1066
3355 4 2 1 1 661 1092 774 1235
3356 4 2 1 1 551 793 868 1060
3357 4 2 1 1 665 904 626 1038
3358 4 2 1 1 169 592 156 716
3359 4 2 1 1 949 1011 510 1080
3360 4 2 1 1 193 13 14 1255
3361 4 2 1 1 1054 973 1099 903
3362 4 2 1 1 543 782 719 1152
3363 4 2 1 1 1186 1197 792 580
3364 4 2 1 1 1108 590 698 1064
3365 4 2 1 1 164 1142 146 1143
3366 4 2 1 1 603 712 838 515
3367 4 2 1 1 752 618 529 1181
3368 4 2 1 1 286 307 306 697
3369 4 2 1 1 692 581 560 1087
3370 4 2 1 1 691 611 955 1194
3371 4 2 1 1 568 874 952 1195
3372 4 2 1 1 740 365 367 1003
3373 4 2 1 1 745 630 844 774
3374 4 2 1 1 755 1031 902 547
3375 4 2 1 1 480 999 796 1219
3376 4 2 1 1 603 838 712 1177
3377 4 2 1 1 633 846 845 1069
3378 4 2 1 1 893 873 770 688
3379 4 2 1 1 1255 193 13 939
3380 4 2 1 1 519 1082 751 1168
3381 4 2 1 1 1251 167 141 1190
3382 4 2 1 1 96 1123 866 95
3383 4 2 1 1 555 727 969 701
3384 4 2 1 1 1007 1128 807 563
3385 4 2 1 1 1209 1183 871 1000
3386 4 2 1 1 193 939 1255 1104
3387 4 2 1 1 719 1098 613 1189
3388 4 2 1 1 628 896 860 1046
3389 4 2 1 1 531 688 770 873
3390 4 2 1 1 839 437 474 503
3391 4 2 1 1 638 983 873 1066
3392 4 2 1 1 487 430 827 863
3393 4 2 1 1 1255 232 14 193
3394 4 2 1 1 504 738 835 1105
3395 4 2 1 1 739 908 522 1200
3396 4 2 1 1 297 626 1213 298
3397 4 2 1 1 549 942 864 943
3398 4 2 1 1 201 588 198 614
3399 4 2 1 1 192 223 221 680
3400 4 2 1 1 639 1065 744 1123
3401 4 2 1 1 152 613 149 935
3402 4 2 1 1 902 1031 755 273
3403 4 2 1 1 521 823 808 1030
3404 4 2 1 1 700 1047 1062 1162
3405 4 2 1 1 932 999 485 1010
3406 4 2 1 1 1254 318 29 312
3407 4 2 1 1 596 991 746 616
3408 4 2 1 1 712 935 1067 660
3409 4 2 1 1 346 1091 986 1225
3410 4 2 1 1 467 450 429 798
3411 4 2 1 1 325 817 304 849
3412 4 2 1 1 354 353 352 850
3413 4 2 1 1 764 641 923 1106
3414 4 2 1 1 164 1150 141 1190
3415 4 2 1 1 960 1152 782 543
3416 4 2 1 1 593 664 1052 1215
3417 4 2 1 1 668 913 908 1020
3418 4 2 1 1 660 161 958 150
3419 4 2 1 1 507 773 934 1015
3420 4 2 1 1 645 923 897 1106
3421 4 2 1 1 1254 29 30 312
3422 4 2 1 1 659 1061 759 1078
3423 4 2 1 1 213 1147 216 228
3424 4 2 1 1 648 1134 766 512
3425 4 2 1 1 317 290 320 755
3426 4 2 1 1 188 708 930 1079
3427 4 2 1 1 722 554 701 1217
3428 4 2 1 1 126 1265 1087 1254
3429 4 2 1 1 820 932 624 975
3430 4 2 1 1 81 82 1276 236
3431 4 2 1 1 844 928 687 525
3432 4 2 1 1 887 986 615 1016
3433 4 2 1 1 474 672 441 721
3434 4 2 1 1 198 588 771 614
3435 4 2 1 1 197 948 655 1040
3436 4 2 1 1 320 755 290 1211
3437 4 2 1 1 450 745 417 1174
3438 4 2 1 1 312 1265 1087 288
3439 4 2 1 1 263 1150 1143 1205
3440 4 2 1 1 561 620 809 1049
3441 4 2 1 1 321 301 320 1044
3442 4 2 1 1 211 222 200 631
3443 4 2 1 1 773 706 912 1013
3444 4 2 1 1 543 719 1097 1152
3445 4 2 1 1 45 1287 46 177
3446 4 2 1 1 725 1023 1119 1216
3447 4 2 1 1 714 1188 997 1218
3448 4 2 1 1 1007 1128 563 915
3449 4 2 1 1 394 730 499 1176
3450 4 2 1 1 627 974 858 512
3451 4 2 1 1 700 1062 973 1162
3452 4 2 1 1 973 1062 650 1162
3453 4 2 1 1 816 959 647 1221
3454 4 2 1 1 1100 831 964 789
3455 4 2 1 1 572 794 655 1081
3456 4 2 1 1 640 902 547 1026
3457 4 2 1 1 1000 1059 871 1209
3458 4 2 1 1 967 1047 566 1062
3459 4 2 1 1 841 508 779 1199
3460 4 2 1 1 164 629 1150 1190
3461 4 2 1 1 1192 1038 665 626
3462 4 2 1 1 111 110 100 1071
3463 4 2 1 1 449 447 377 972
3464 4 2 1 1 251 616 252 249
3465 4 2 1 1 574 1009 767 1229
3466 4 2 1 1 354 359 448 1017
3467 4 2 1 1 573 749 908 963
3468 4 2 1 1 312 1265 288 30
3469 4 2 1 1 1204 1096 804 636
3470 4 2 1 1 594 1034 763 1206
3471 4 2 1 1 1254 1284 91 29
3472 4 2 1 1 1172 938 1000 585
3473 4 2 1 1 605 780 822 1222
3474 4 2 1 1 520 626 692 1213
3475 4 2 1 1 671 936 826 754
3476 4 2 1 1 581 943 560 1218
3477 4 2 1 1 589 963 908 1083
3478 4 2 1 1 648 852 742 933
3479 4 2 1 1 580 826 936 754
3480 4 2 1 1 945 951 698 1108
3481 4 2 1 1 476 501 1063 1101
3482 4 2 1 1 601 777 652 992
3483 4 2 1 1 734 820 565 975
3484 4 2 1 1 1103 1033 169 886
3485 4 2 1 1 599 1141 1020 713
3486 4 2 1 1 588 607 668 739
3487 4 2 1 1 335 484 408 1219
3488 4 2 1 1 960 882 666 821
3489 4 2 1 1 208 708 188 1079
3490 4 2 1 1 299 298 300 1213
3491 4 2 1 1 506 828 843 1061
3492 4 2 1 1 618 871 1000 1059
3493 4 2 1 1 249 992 879 1032
3494 4 2 1 1 828 843 573 908
3495 4 2 1 1 198 948 199 614
3496 4 2 1 1 525 709 1000 1172
3497 4 2 1 1 366 762 348 1225
3498 4 2 1 1 535 838 788 1113
3499 4 2 1 1 693 810 769 625
3500 4 2 1 1 210 1037 211 572
3501 4 2 1 1 667 756 751 1185
3502 4 2 1 1 585 1059 725 1119
3503 4 2 1 1 703 673 728 1202
3504 4 2 1 1 1254 980 1087 1231
3505 4 2 1 1 307 301 306 1044
3506 4 2 1 1 861 889 661 1109
3507 4 2 1 1 506 843 828 908
3508 4 2 1 1 1253 1267 176 54
3509 4 2 1 1 304 626 849 817
3510 4 2 1 1 517 558 892 1037
3511 4 2 1 1 1209 1183 1000 525
3512 4 2 1 1 669 973 700 1062
3513 4 2 1 1 781 793 1060 870
3514 4 2 1 1 654 639 98 743
3515 4 2 1 1 727 901 614 947
3516 4 2 1 1 440 1090 842 630
3517 4 2 1 1 697 1026 755 1044
3518 4 2 1 1 94 87 25 866
3519 4 2 1 1 853 702 554 701
3520 4 2 1 1 872 1060 940 637
3521 4 2 1 1 740 367 365 364
3522 4 2 1 1 985 925 533 742
3523 4 2 1 1 771 588 203 544
3524 4 2 1 1 811 521 1145 877
3525 4 2 1 1 459 1004 366 1225
3526 4 2 1 1 753 525 590 1209
3527 4 2 1 1 772 604 972 966
3528 4 2 1 1 631 727 718 969
3529 4 2 1 1 120 114 755 902
3530 4 2 1 1 1253 54 53 316
3531 4 2 1 1 550 854 865 1201
3532 4 2 1 1 665 1038 1192 569
3533 4 2 1 1 414 954 413 1174
3534 4 2 1 1 427 440 481 842
3535 4 2 1 1 886 343 497 1103
3536 4 2 1 1 394 464 499 730
3537 4 2 1 1 442 839 372 376
3538 4 2 1 1 1253 1267 959 176
3539 4 2 1 1 854 962 686 1199
3540 4 2 1 1 94 25 1237 866
3541 4 2 1 1 548 912 773 706
3542 4 2 1 1 665 817 626 904
3543 4 2 1 1 579 1029 759 741
3544 4 2 1 1 523 996 830 1069
3545 4 2 1 1 643 742 743 985
3546 4 2 1 1 713 775 607 790
3547 4 2 1 1 586 940 872 1060
3548 4 2 1 1 1269 242 902 1262
3549 4 2 1 1 1207 836 1043 526
3550 4 2 1 1 513 1035 956 1153
3551 4 2 1 1 368 367 444 975
3552 4 2 1 1 336 716 887 986
3553 4 2 1 1 845 974 632 1069
3554 4 2 1 1 577 921 968 1132
3555 4 2 1 1 533 1178 742 1193
3556 4 2 1 1 265 866 238 1146
3557 4 2 1 1 507 720 1015 634
3558 4 2 1 1 677 904 629 1167
3559 4 2 1 1 376 966 372 375
3560 4 2 1 1 226 882 666 190
3561 4 2 1 1 538 858 830 1151
3562 4 2 1 1 579 947 823 948
3563 4 2 1 1 716 1097 592 1152
3564 4 2 1 1 1253 1282 53 179
3565 4 2 1 1 782 976 570 1118
3566 4 2 1 1 126 1265 1254 30
3567 4 2 1 1 879 1153 918 616
3568 4 2 1 1 728 966 658 1124
3569 4 2 1 1 674 638 925 983
3570 4 2 1 1 559 916 810 625
3571 4 2 1 1 599 1196 757 713
3572 4 2 1 1 745 630 417 1174
3573 4 2 1 1 615 1004 762 1054
3574 4 2 1 1 305 1253 867 316
3575 4 2 1 1 892 1140 794 1082
3576 4 2 1 1 593 884 664 1215
3577 4 2 1 1 564 645 924 1182
3578 4 2 1 1 660 161 150 172
3579 4 2 1 1 774 1002 687 1084
3580 4 2 1 1 965 1035 550 1203
3581 4 2 1 1 795 1095 557 874
3582 4 2 1 1 1266 22 4 130
3583 4 2 1 1 751 694 572 859
3584 4 2 1 1 708 917 783 610
3585 4 2 1 1 239 1246 799 1268
3586 4 2 1 1 409 397 398 860
3587 4 2 1 1 713 790 607 668
3588 4 2 1 1 3 1264 282 78
3589 4 2 1 1 526 745 844 774
3590 4 2 1 1 747 900 886 1027
3591 4 2 1 1 250 776 690 1031
3592 4 2 1 1 521 682 877 1029
3593 4 2 1 1 1275 666 226 881
3594 4 2 1 1 102 1041 797 1111
3595 4 2 1 1 263 246 259 670
3596 4 2 1 1 568 1192 979 1195
3597 4 2 1 1 328 1252 33 290
3598 4 2 1 1 531 688 873 1013
3599 4 2 1 1 700 546 1047 1189
3600 4 2 1 1 278 1238 266 1205
3601 4 2 1 1 547 646 944 987
3602 4 2 1 1 122 111 907 783
3603 4 2 1 1 707 797 633 907
3604 4 2 1 1 295 817 305 959
3605 4 2 1 1 163 142 171 1210
3606 4 2 1 1 685 623 1104 1180
3607 4 2 1 1 632 974 830 1069
3608 4 2 1 1 33 32 290 1252
3609 4 2 1 1 936 826 580 1116
3610 4 2 1 1 654 639 743 1133
3611 4 2 1 1 386 863 1125 1136
3612 4 2 1 1 775 790 225 1226
3613 4 2 1 1 290 1252 32 1211
3614 4 2 1 1 855 517 810 1148
3615 4 2 1 1 376 966 839 372
3616 4 2 1 1 703 537 673 724
3617 4 2 1 1 517 684 892 558
3618 4 2 1 1 1060 606 872 793
3619 4 2 1 1 290 755 1252 1211
3620 4 2 1 1 1080 1011 709 1116
3621 4 2 1 1 1252 755 92 1211
3622 4 2 1 1 447 972 449 1094
3623 4 2 1 1 507 720 634 891
3624 4 2 1 1 693 942 549 943
3625 4 2 1 1 1132 1204 705 507
3626 4 2 1 1 152 935 158 1117
3627 4 2 1 1 739 522 1110 1200
3628 4 2 1 1 290 328 1252 755
3629 4 2 1 1 523 974 845 1069
3630 4 2 1 1 148 153 880 1022
3631 4 2 1 1 563 1007 806 807
3632 4 2 1 1 131 761 685 1076
3633 4 2 1 1 691 561 949 824
3634 4 2 1 1 584 857 712 515
3635 4 2 1 1 958 959 163 647
3636 4 2 1 1 136 153 1033 1138
3637 4 2 1 1 865 991 862 1043
3638 4 2 1 1 936 671 826 1116
3639 4 2 1 1 386 1125 455 1136
3640 4 2 1 1 562 817 665 904
3641 4 2 1 1 492 1276 1176 1077
3642 4 2 1 1 938 1172 1155 813
3643 4 2 1 1 1251 58 57 315
3644 4 2 1 1 491 787 1176 331
3645 4 2 1 1 811 920 758 1067
3646 4 2 1 1 907 610 707 1041
3647 4 2 1 1 635 1078 967 1228
3648 4 2 1 1 304 626 817 296
3649 4 2 1 1 1251 326 58 315
3650 4 2 1 1 541 915 686 778
3651 4 2 1 1 768 1001 622 1139
3652 4 2 1 1 595 968 799 1048
3653 4 2 1 1 305 1253 316 310
3654 4 2 1 1 254 571 1169 869
3655 4 2 1 1 807 897 806 1156
3656 4 2 1 1 1279 736 1256 1173
3657 4 2 1 1 531 1065 638 1066
3658 4 2 1 1 729 850 578 1094
3659 4 2 1 1 630 590 1090 525
3660 4 2 1 1 1101 1209 590 791
3661 4 2 1 1 1055 949 634 1011
3662 4 2 1 1 1251 1286 180 58
3663 4 2 1 1 153 785 612 1033
3664 4 2 1 1 1080 709 1011 510
3665 4 2 1 1 482 380 1016 1225
3666 4 2 1 1 1249 169 886 1103
3667 4 2 1 1 797 907 707 1041
3668 4 2 1 1 218 193 1104 1180
3669 4 2 1 1 523 830 974 1069
3670 4 2 1 1 639 1179 97 1227
3671 4 2 1 1 655 794 631 947
3672 4 2 1 1 546 1029 877 1118
3673 4 2 1 1 1244 283 84 1291
3674 4 2 1 1 749 901 606 1165
3675 4 2 1 1 605 752 829 1021
3676 4 2 1 1 843 1078 750 1122
3677 4 2 1 1 823 808 920 521
3678 4 2 1 1 630 1090 842 525
3679 4 2 1 1 835 923 575 1105
3680 4 2 1 1 437 382 374 728
3681 4 2 1 1 857 894 584 1130
3682 4 2 1 1 883 957 681 984
3683 4 2 1 1 533 1057 734 1178
3684 4 2 1 1 981 924 520 663
3685 4 2 1 1 680 930 1037 1148
3686 4 2 1 1 541 670 914 1142
3687 4 2 1 1 554 722 703 1085
3688 4 2 1 1 477 396 399 856
3689 4 2 1 1 962 965 621 1056
3690 4 2 1 1 531 711 912 1065
3691 4 2 1 1 644 865 862 1043
3692 4 2 1 1 630 590 717 1090
3693 4 2 1 1 542 804 1055 1204
3694 4 2 1 1 776 777 563 1156
3695 4 2 1 1 556 735 894 1166
3696 4 2 1 1 898 1171 761 1075
3697 4 2 1 1 640 744 711 1123
3698 4 2 1 1 686 1131 854 1199
3699 4 2 1 1 421 1223 745 1235
3700 4 2 1 1 239 1246 1268 79
3701 4 2 1 1 677 1038 904 1167
3702 4 2 1 1 693 997 1188 1218
3703 4 2 1 1 394 502 464 730
3704 4 2 1 1 808 816 647 1221
3705 4 2 1 1 1251 1289 167 1190
3706 4 2 1 1 1251 1289 57 167
3707 4 2 1 1 523 888 1134 1230
3708 4 2 1 1 967 819 635 1228
3709 4 2 1 1 510 829 949 1080
3710 4 2 1 1 382 728 437 840
3711 4 2 1 1 315 1251 1150 1190
3712 4 2 1 1 196 1030 878 209
3713 4 2 1 1 802 794 649 1039
3714 4 2 1 1 349 1091 725 1101
3715 4 2 1 1 553 870 853 701
3716 4 2 1 1 506 913 726 589
3717 4 2 1 1 314 299 302 849
3718 4 2 1 1 545 743 911 1133
3719 4 2 1 1 491 467 429 798
3720 4 2 1 1 50 144 914 137
3721 4 2 1 1 562 584 801 816
3722 4 2 1 1 508 1084 1131 1201
3723 4 2 1 1 775 790 713 827
3724 4 2 1 1 999 1010 1053 593
3725 4 2 1 1 562 801 988 1167
3726 4 2 1 1 508 854 754 1201
3727 4 2 1 1 679 603 1234 1177
3728 4 2 1 1 580 826 928 1197
3729 4 2 1 1 48 47 1250 270
3730 4 2 1 1 511 890 851 1046
3731 4 2 1 1 116 1236 1269 24
3732 4 2 1 1 1027 343 387 463
3733 4 2 1 1 1250 1286 180 1150
3734 4 2 1 1 266 1238 235 75
3735 4 2 1 1 204 976 194 990
3736 4 2 1 1 129 9 2 1285
3737 4 2 1 1 596 1048 890 1089
3738 4 2 1 1 543 887 716 1191
3739 4 2 1 1 698 1108 951 1126
3740 4 2 1 1 751 756 519 1185
3741 4 2 1 1 215 853 208 1079
3742 4 2 1 1 876 1068 1058 1170
3743 4 2 1 1 402 460 406 734
3744 4 2 1 1 579 1029 741 990
3745 4 2 1 1 522 1141 1020 1164
3746 4 2 1 1 616 1045 1032 1153
3747 4 2 1 1 834 905 509 1068
3748 4 2 1 1 576 1102 784 1108
3749 4 2 1 1 633 744 714 1179
3750 4 2 1 1 85 1211 31 117
3751 4 2 1 1 576 900 747 1064
3752 4 2 1 1 646 723 912 711
3753 4 2 1 1 607 713 668 1200
3754 4 2 1 1 372 371 370 966
3755 4 2 1 1 629 1150 303 1205
3756 4 2 1 1 263 264 670 1143
3757 4 2 1 1 588 995 739 828
3758 4 2 1 1 705 1178 1057 1193
3759 4 2 1 1 1250 1286 47 180
3760 4 2 1 1 529 1058 1181 618
3761 4 2 1 1 515 758 1067 819
3762 4 2 1 1 254 1092 253 906
3763 4 2 1 1 770 281 893 257
3764 4 2 1 1 1250 1143 270 1150
3765 4 2 1 1 920 808 823 582
3766 4 2 1 1 779 818 1114 1126
3767 4 2 1 1 571 774 733 1002
3768 4 2 1 1 506 726 967 589
3769 4 2 1 1 506 967 726 1062
3770 4 2 1 1 613 838 1005 1022
3771 4 2 1 1 889 1273 1036 661
3772 4 2 1 1 554 939 853 1217
3773 4 2 1 1 48 270 1250 1143
3774 4 2 1 1 781 802 517 982
3775 4 2 1 1 527 785 784 1137
3776 4 2 1 1 694 1081 572 1144
3777 4 2 1 1 43 1249 342 497
3778 4 2 1 1 342 497 1249 886
3779 4 2 1 1 807 1128 514 1167
3780 4 2 1 1 508 854 1131 1199
3781 4 2 1 1 920 759 823 521
3782 4 2 1 1 394 429 502 1176
3783 4 2 1 1 94 617 90 104
3784 4 2 1 1 771 828 579 614
3785 4 2 1 1 690 956 776 1032
3786 4 2 1 1 584 1208 801 1234
3787 4 2 1 1 1055 949 1011 691
3788 4 2 1 1 481 356 753 1160
3789 4 2 1 1 914 1283 825 144
3790 4 2 1 1 518 1093 659 947
3791 4 2 1 1 1267 54 55 176
3792 4 2 1 1 786 920 808 583
3793 4 2 1 1 266 1238 75 1270
3794 4 2 1 1 845 545 1133 1224
3795 4 2 1 1 833 1083 929 1164
3796 4 2 1 1 1208 1177 150 159
3797 4 2 1 1 242 279 271 755
3798 4 2 1 1 713 1020 668 1200
3799 4 2 1 1 383 839 376 1014
3800 4 2 1 1 86 119 125 1052
3801 4 2 1 1 254 571 869 1036
3802 4 2 1 1 595 890 1048 1089
3803 4 2 1 1 631 1039 727 947
3804 4 2 1 1 558 980 302 1158
3805 4 2 1 1 646 765 547 1159
3806 4 2 1 1 399 458 477 598
3807 4 2 1 1 823 759 920 582
3808 4 2 1 1 203 588 790 544
3809 4 2 1 1 497 43 1249 1103
3810 4 2 1 1 599 863 1141 713
3811 4 2 1 1 890 596 1089 1207
3812 4 2 1 1 412 954 475 1019
3813 4 2 1 1 393 395 337 1077
3814 4 2 1 1 661 774 571 889
3815 4 2 1 1 285 313 859 1158
3816 4 2 1 1 386 454 455 1125
3817 4 2 1 1 832 1045 616 1153
3818 4 2 1 1 481 753 451 1214
3819 4 2 1 1 960 882 821 570
3820 4 2 1 1 646 531 765 1159
3821 4 2 1 1 549 977 683 978
3822 4 2 1 1 762 1091 348 1225
3823 4 2 1 1 497 1249 886 1103
3824 4 2 1 1 370 1003 371 369
3825 4 2 1 1 832 765 987 646
3826 4 2 1 1 803 929 510 1115
3827 4 2 1 1 747 1064 1063 1102
3828 4 2 1 1 514 1166 807 1167
3829 4 2 1 1 534 799 968 1048
3830 4 2 1 1 840 1248 721 338
3831 4 2 1 1 373 479 444 999
3832 4 2 1 1 958 163 959 162
3833 4 2 1 1 346 986 345 1225
3834 4 2 1 1 80 337 1077 393
3835 4 2 1 1 782 1189 546 700
3836 4 2 1 1 742 933 852 1193
3837 4 2 1 1 514 732 541 1128
3838 4 2 1 1 90 1237 94 26
3839 4 2 1 1 585 1023 850 1119
3840 4 2 1 1 986 1097 716 1191
3841 4 2 1 1 67 1248 66 338
3842 4 2 1 1 678 955 814 998
3843 4 2 1 1 250 690 776 1032
3844 4 2 1 1 618 726 876 1170
3845 4 2 1 1 226 882 190 205
3846 4 2 1 1 587 798 836 1050
3847 4 2 1 1 66 1248 469 338
3848 4 2 1 1 439 343 476 1102
3849 4 2 1 1 187 214 196 1232
3850 4 2 1 1 587 798 1050 1174
3851 4 2 1 1 629 988 562 1190
3852 4 2 1 1 152 158 935 172
3853 4 2 1 1 238 274 765 902
3854 4 2 1 1 340 598 477 458
3855 4 2 1 1 832 987 765 690
3856 4 2 1 1 358 360 355 813
3857 4 2 1 1 690 1045 832 1153
3858 4 2 1 1 714 907 633 1179
3859 4 2 1 1 513 956 987 1153
3860 4 2 1 1 535 788 838 1005
3861 4 2 1 1 303 294 293 1190
3862 4 2 1 1 685 731 107 1111
3863 4 2 1 1 550 965 918 1035
3864 4 2 1 1 762 903 615 1054
3865 4 2 1 1 509 1058 704 1068
3866 4 2 1 1 297 904 677 1038
3867 4 2 1 1 1248 338 67 721
3868 4 2 1 1 338 1248 469 840
3869 4 2 1 1 694 878 867 1221
3870 4 2 1 1 215 939 853 1079
3871 4 2 1 1 563 807 806 1156
3872 4 2 1 1 669 1154 1054 1196
3873 4 2 1 1 751 1168 694 1221
3874 4 2 1 1 573 901 994 995
3875 4 2 1 1 108 610 122 1041
3876 4 2 1 1 609 1001 768 1139
3877 4 2 1 1 731 853 554 939
3878 4 2 1 1 631 794 802 1039
3879 4 2 1 1 420 418 419 630
3880 4 2 1 1 528 750 963 1165
3881 4 2 1 1 559 810 916 1086
3882 4 2 1 1 122 907 797 1041
3883 4 2 1 1 611 814 813 1155
3884 4 2 1 1 86 1051 736 1173
3885 4 2 1 1 1242 135 167 1190
3886 4 2 1 1 523 845 974 1088
3887 4 2 1 1 348 762 366 1216
3888 4 2 1 1 156 1117 1152 592
3889 4 2 1 1 870 708 610 917
3890 4 2 1 1 67 384 68 721
3891 4 2 1 1 95 639 97 1227
3892 4 2 1 1 306 1044 301 1213
3893 4 2 1 1 145 679 657 914
3894 4 2 1 1 525 1000 709 826
3895 4 2 1 1 639 744 911 1133
3896 4 2 1 1 933 1178 705 1193
3897 4 2 1 1 768 786 582 1082
3898 4 2 1 1 448 359 449 1094
3899 4 2 1 1 693 581 1218 943
3900 4 2 1 1 644 1043 862 1186
3901 4 2 1 1 643 1052 664 1215
3902 4 2 1 1 583 816 815 1130
3903 4 2 1 1 566 1098 819 737
3904 4 2 1 1 460 494 446 998
3905 4 2 1 1 554 685 898 731
3906 4 2 1 1 362 740 364 1163
3907 4 2 1 1 581 1087 980 1231
3908 4 2 1 1 460 446 368 998
3909 4 2 1 1 1143 1150 629 1205
3910 4 2 1 1 1255 232 193 1104
3911 4 2 1 1 536 1198 1129 1034
3912 4 2 1 1 504 696 1001 594
3913 4 2 1 1 586 940 830 1127
3914 4 2 1 1 123 1239 10 121
3915 4 2 1 1 1224 643 1006 632
3916 4 2 1 1 925 926 674 983
3917 4 2 1 1 402 403 401 805
3918 4 2 1 1 113 1239 123 121
3919 4 2 1 1 936 1080 634 1222
3920 4 2 1 1 213 867 694 878
3921 4 2 1 1 532 725 1059 1119
3922 4 2 1 1 772 1017 611 1163
3923 4 2 1 1 636 804 1204 507
3924 4 2 1 1 150 958 584 1208
3925 4 2 1 1 151 613 1022 149
3926 4 2 1 1 797 1069 633 1224
3927 4 2 1 1 244 869 825 1036
3928 4 2 1 1 936 984 671 1080
3929 4 2 1 1 515 1034 737 1206
3930 4 2 1 1 605 1080 984 1222
3931 4 2 1 1 103 743 736 1051
3932 4 2 1 1 637 909 895 1049
3933 4 2 1 1 733 1131 1084 1201
3934 4 2 1 1 984 1080 936 1222
3935 4 2 1 1 384 68 721 775
3936 4 2 1 1 426 1247 82 83
3937 4 2 1 1 558 849 751 859
3938 4 2 1 1 90 1237 26 1271
3939 4 2 1 1 592 1097 719 1152
3940 4 2 1 1 1269 120 116 23
3941 4 2 1 1 539 953 840 1085
3942 4 2 1 1 722 701 970 1217
3943 4 2 1 1 517 982 810 1086
3944 4 2 1 1 1247 82 331 426
3945 4 2 1 1 300 322 980 1087
3946 4 2 1 1 564 993 989 1212
3947 4 2 1 1 681 957 883 594
3948 4 2 1 1 240 254 1036 1092
3949 4 2 1 1 592 900 886 1033
3950 4 2 1 1 538 702 1073 1127
3951 4 2 1 1 365 370 1003 966
3952 4 2 1 1 284 1207 236 253
3953 4 2 1 1 103 643 101 654
3954 4 2 1 1 904 295 296 294
3955 4 2 1 1 776 993 564 1031
3956 4 2 1 1 642 931 985 1173
3957 4 2 1 1 482 1004 757 1136
3958 4 2 1 1 116 1236 24 87
3959 4 2 1 1 789 875 625 1187
3960 4 2 1 1 851 596 961 1048
3961 4 2 1 1 671 1080 984 752
3962 4 2 1 1 248 906 602 1169
3963 4 2 1 1 1247 426 331 787
3964 4 2 1 1 1129 1198 536 696
3965 4 2 1 1 342 500 886 1027
3966 4 2 1 1 742 1178 933 1193
3967 4 2 1 1 150 172 149 712
3968 4 2 1 1 426 1247 83 1092
3969 4 2 1 1 1047 1162 700 1189
3970 4 2 1 1 397 395 398 860
3971 4 2 1 1 685 554 939 731
3972 4 2 1 1 417 630 745 1223
3973 4 2 1 1 730 798 597 1176
3974 4 2 1 1 588 739 668 828
3975 4 2 1 1 833 1024 620 1083
3976 4 2 1 1 382 374 728 1124
3977 4 2 1 1 765 547 640 902
3978 4 2 1 1 1060 606 793 868
3979 4 2 1 1 940 1060 586 1230
3980 4 2 1 1 693 997 559 625
3981 4 2 1 1 249 248 879 992
3982 4 2 1 1 164 629 1143 1150
3983 4 2 1 1 660 877 811 1145
3984 4 2 1 1 658 966 1121 530
3985 4 2 1 1 907 997 633 559
3986 4 2 1 1 1172 1197 651 525
3987 4 2 1 1 992 869 1169 601
3988 4 2 1 1 643 985 743 1051
3989 4 2 1 1 587 792 1050 1186
3990 4 2 1 1 1247 426 787 1092
3991 4 2 1 1 624 932 820 1053
3992 4 2 1 1 544 827 757 713
3993 4 2 1 1 749 1083 1024 522
3994 4 2 1 1 1243 217 188 11
3995 4 2 1 1 71 1288 233 1275
3996 4 2 1 1 519 665 815 816
3997 4 2 1 1 1229 895 888 637
3998 4 2 1 1 112 85 110 1161
3999 4 2 1 1 381 389 796 1075
4000 4 2 1 1 1240 493 827 332
4001 4 2 1 1 643 125 1006 1052
4002 4 2 1 1 268 281 799 800
4003 4 2 1 1 374 966 728 1124
4004 4 2 1 1 543 973 821 1191
4005 4 2 1 1 934 1132 674 507
4006 4 2 1 1 636 1132 934 507
4007 4 2 1 1 336 1027 716 986
4008 4 2 1 1 396 595 395 856
4009 4 2 1 1 296 626 817 904
4010 4 2 1 1 464 398 395 860
4011 4 2 1 1 739 908 668 828
4012 4 2 1 1 573 908 739 828
4013 4 2 1 1 222 718 202 969
4014 4 2 1 1 407 1246 78 79
4015 4 2 1 1 1246 78 490 407
4016 4 2 1 1 1229 888 895 574
4017 4 2 1 1 303 1150 289 1205
4018 4 2 1 1 670 1142 629 1143
4019 4 2 1 1 1087 1161 560 1211
4020 4 2 1 1 595 1077 890 1089
4021 4 2 1 1 258 238 765 1146
4022 4 2 1 1 692 980 581 1087
4023 4 2 1 1 707 1069 797 1151
4024 4 2 1 1 579 947 948 614
4025 4 2 1 1 79 407 1246 337
4026 4 2 1 1 747 576 1102 1103
4027 4 2 1 1 820 931 642 932
4028 4 2 1 1 586 917 870 1073
4029 4 2 1 1 644 862 865 1201
4030 4 2 1 1 673 1121 728 1202
4031 4 2 1 1 990 882 976 570
4032 4 2 1 1 795 1095 979 1182
4033 4 2 1 1 873 674 638 934
4034 4 2 1 1 440 630 422 1090
4035 4 2 1 1 337 407 1246 799
4036 4 2 1 1 113 930 680 1231
4037 4 2 1 1 619 1122 1021 1129
4038 4 2 1 1 990 882 570 771
4039 4 2 1 1 1246 407 490 800
4040 4 2 1 1 527 1109 785 889
4041 4 2 1 1 585 725 1023 1119
4042 4 2 1 1 944 711 646 1159
4043 4 2 1 1 1258 227 1274 1158
4044 4 2 1 1 148 880 153 154
4045 4 2 1 1 106 664 1052 1076
4046 4 2 1 1 1246 799 407 800
4047 4 2 1 1 476 747 387 1101
4048 4 2 1 1 430 827 863 1136
4049 4 2 1 1 813 1155 651 1172
4050 4 2 1 1 892 1081 751 1082
4051 4 2 1 1 938 1172 709 1155
4052 4 2 1 1 164 988 629 1190
4053 4 2 1 1 120 22 23 1262
4054 4 2 1 1 806 897 557 1106
4055 4 2 1 1 163 162 142 959
4056 4 2 1 1 77 289 1245 76
4057 4 2 1 1 287 295 310 959
4058 4 2 1 1 1258 227 1158 221
4059 4 2 1 1 749 620 1024 1083
4060 4 2 1 1 1142 629 164 988
4061 4 2 1 1 146 164 159 679
4062 4 2 1 1 1245 1286 280 1150
4063 4 2 1 1 728 840 623 1085
4064 4 2 1 1 873 674 934 534
4065 4 2 1 1 567 934 773 1015
4066 4 2 1 1 1251 293 1190 315
4067 4 2 1 1 607 668 739 1200
4068 4 2 1 1 578 850 1017 1094
4069 4 2 1 1 551 1060 868 1229
4070 4 2 1 1 830 940 627 1127
4071 4 2 1 1 916 982 781 1086
4072 4 2 1 1 694 210 859 228
4073 4 2 1 1 734 678 1057 1175
4074 4 2 1 1 113 1239 121 680
4075 4 2 1 1 876 1058 618 1170
4076 4 2 1 1 618 1115 726 1170
4077 4 2 1 1 306 323 286 677
4078 4 2 1 1 531 688 1013 832
4079 4 2 1 1 534 770 873 983
4080 4 2 1 1 472 1092 661 1235
4081 4 2 1 1 823 521 579 948
4082 4 2 1 1 303 297 677 323
4083 4 2 1 1 1245 1286 77 280
4084 4 2 1 1 628 1019 860 1025
4085 4 2 1 1 194 976 682 990
4086 4 2 1 1 337 396 407 799
4087 4 2 1 1 1083 829 620 929
4088 4 2 1 1 212 227 221 1158
4089 4 2 1 1 576 1108 784 1137
4090 4 2 1 1 188 208 224 708
4091 4 2 1 1 623 898 728 1085
4092 4 2 1 1 542 1011 709 1155
4093 4 2 1 1 485 392 479 932
4094 4 2 1 1 538 1073 702 731
4095 4 2 1 1 289 1150 1245 1205
4096 4 2 1 1 130 120 92 755
4097 4 2 1 1 645 897 795 1182
4098 4 2 1 1 335 1219 761 1220
4099 4 2 1 1 525 826 709 1197
4100 4 2 1 1 195 682 521 990
4101 4 2 1 1 688 257 770 893
4102 4 2 1 1 615 762 1004 1225
4103 4 2 1 1 696 1021 1122 1129
4104 4 2 1 1 559 783 810 1086
4105 4 2 1 1 289 1270 76 308
4106 4 2 1 1 568 864 795 979
4107 4 2 1 1 690 1032 272 1045
4108 4 2 1 1 739 995 573 828
4109 4 2 1 1 535 699 779 1114
4110 4 2 1 1 459 366 348 1225
4111 4 2 1 1 525 753 1172 1209
4112 4 2 1 1 740 998 364 1163
4113 4 2 1 1 1240 186 68 775
4114 4 2 1 1 640 837 744 1227
4115 4 2 1 1 654 1133 743 545
4116 4 2 1 1 744 837 714 1227
4117 4 2 1 1 888 637 1049 1230
4118 4 2 1 1 1282 34 6 179
4119 4 2 1 1 213 1147 228 694
4120 4 2 1 1 572 892 794 1081
4121 4 2 1 1 387 476 343 747
4122 4 2 1 1 785 1109 784 1138
4123 4 2 1 1 743 985 736 1051
4124 4 2 1 1 549 864 942 977
4125 4 2 1 1 990 882 771 204
4126 4 2 1 1 289 1270 308 1205
4127 4 2 1 1 751 859 849 1147
4128 4 2 1 1 397 400 399 847
4129 4 2 1 1 816 562 958 959
4130 4 2 1 1 120 116 114 902
4131 4 2 1 1 222 969 199 1040
4132 4 2 1 1 771 203 588 198
4133 4 2 1 1 148 1022 657 1177
4134 4 2 1 1 567 961 746 616
4135 4 2 1 1 471 70 881 341
4136 4 2 1 1 577 847 1057 1175
4137 4 2 1 1 468 1272 388 486
4138 4 2 1 1 990 882 204 976
4139 4 2 1 1 610 108 731 1041
4140 4 2 1 1 615 986 887 1191
4141 4 2 1 1 462 494 405 1175
4142 4 2 1 1 666 881 341 1016
4143 4 2 1 1 532 1099 726 1170
4144 4 2 1 1 124 783 610 930
4145 4 2 1 1 107 731 685 939
4146 4 2 1 1 907 1071 559 783
4147 4 2 1 1 655 823 1030 1093
4148 4 2 1 1 1177 1234 1208 584
4149 4 2 1 1 607 971 790 1226
4150 4 2 1 1 198 990 948 771
4151 4 2 1 1 1256 736 133 927
4152 4 2 1 1 599 757 1004 1136
4153 4 2 1 1 1241 185 62 1147
4154 4 2 1 1 529 984 883 752
4155 4 2 1 1 796 1075 389 1219
4156 4 2 1 1 208 718 853 1217
4157 4 2 1 1 1130 1166 801 1195
4158 4 2 1 1 520 692 626 864
4159 4 2 1 1 758 811 759 920
4160 4 2 1 1 765 1031 902 274
4161 4 2 1 1 638 1065 911 1066
4162 4 2 1 1 988 1142 629 1167
4163 4 2 1 1 234 827 1277 881
4164 4 2 1 1 304 626 296 299
4165 4 2 1 1 292 867 63 64
4166 4 2 1 1 372 370 375 966
4167 4 2 1 1 1226 1110 971 970
4168 4 2 1 1 356 1023 753 1160
4169 4 2 1 1 493 827 432 881
4170 4 2 1 1 517 802 708 1037
4171 4 2 1 1 1209 1183 525 590
4172 4 2 1 1 336 1027 986 344
4173 4 2 1 1 56 167 1242 135
4174 4 2 1 1 656 825 889 154
4175 4 2 1 1 275 596 1207 1089
4176 4 2 1 1 541 825 657 914
4177 4 2 1 1 186 225 775 790
4178 4 2 1 1 96 1123 95 1227
4179 4 2 1 1 605 984 1080 752
4180 4 2 1 1 390 495 469 623
4181 4 2 1 1 460 368 406 975
4182 4 2 1 1 545 925 911 743
4183 4 2 1 1 112 1071 1231 1161
4184 4 2 1 1 490 598 407 340
4185 4 2 1 1 867 329 64 292
4186 4 2 1 1 346 348 1091 1225
4187 4 2 1 1 521 877 682 1232
4188 4 2 1 1 597 798 787 1176
4189 4 2 1 1 1130 1166 1195 556
4190 4 2 1 1 532 903 762 1054
4191 4 2 1 1 951 1114 818 1126
4192 4 2 1 1 509 900 945 1064
4193 4 2 1 1 751 892 1082 1184
4194 4 2 1 1 686 601 1131 778
4195 4 2 1 1 885 952 568 1233
4196 4 2 1 1 875 942 693 1188
4197 4 2 1 1 566 1098 1162 1189
4198 4 2 1 1 566 819 1098 1189
4199 4 2 1 1 1204 1096 636 896
4200 4 2 1 1 275 597 1089 1207
4201 4 2 1 1 332 68 384 775
4202 4 2 1 1 730 1077 499 1176
4203 4 2 1 1 219 225 206 1226
4204 4 2 1 1 992 869 601 777
4205 4 2 1 1 251 596 602 1207
4206 4 2 1 1 1221 751 849 1147
4207 4 2 1 1 614 994 901 995
4208 4 2 1 1 681 504 738 594
4209 4 2 1 1 681 504 594 780
4210 4 2 1 1 146 1142 914 1143
4211 4 2 1 1 211 210 572 1144
4212 4 2 1 1 1041 1073 707 1151
4213 4 2 1 1 1221 849 751 519
4214 4 2 1 1 375 972 377 1014
4215 4 2 1 1 95 104 639 866
4216 4 2 1 1 489 438 931 932
4217 4 2 1 1 198 990 771 204
4218 4 2 1 1 538 1111 664 1151
4219 4 2 1 1 293 1242 1190 287
4220 4 2 1 1 930 1037 223 680
4221 4 2 1 1 730 628 1050 1149
4222 4 2 1 1 563 806 956 1156
4223 4 2 1 1 106 664 1006 1052
4224 4 2 1 1 125 643 103 1051
4225 4 2 1 1 1271 134 800 1264
4226 4 2 1 1 830 996 707 1069
4227 4 2 1 1 447 453 454 1125
4228 4 2 1 1 554 722 1085 1180
4229 4 2 1 1 363 361 446 998
4230 4 2 1 1 11 123 88 1243
4231 4 2 1 1 538 1073 1041 1151
4232 4 2 1 1 355 813 360 1214
4233 4 2 1 1 749 1024 653 522
4234 4 2 1 1 599 757 1136 713
4235 4 2 1 1 912 832 646 531
4236 4 2 1 1 834 509 905 945
4237 4 2 1 1 446 364 368 998
4238 4 2 1 1 733 1002 774 1084
4239 4 2 1 1 369 365 370 1003
4240 4 2 1 1 867 63 311 292
4241 4 2 1 1 37 36 187 1232
4242 4 2 1 1 617 926 800 927
4243 4 2 1 1 875 1188 997 516
4244 4 2 1 1 889 177 155 140
4245 4 2 1 1 1100 831 789 575
4246 4 2 1 1 320 301 307 1044
4247 4 2 1 1 664 1042 884 1076
4248 4 2 1 1 1148 1158 680 980
4249 4 2 1 1 187 682 37 1232
4250 4 2 1 1 194 37 187 682
4251 4 2 1 1 853 870 553 708
4252 4 2 1 1 194 682 195 990
4253 4 2 1 1 435 1244 83 84
4254 4 2 1 1 511 862 1043 1186
4255 4 2 1 1 84 435 1244 488
4256 4 2 1 1 1130 1166 556 894
4257 4 2 1 1 761 898 685 1042
4258 4 2 1 1 578 833 929 1164
4259 4 2 1 1 551 812 1060 1229
4260 4 2 1 1 124 1243 123 930
4261 4 2 1 1 553 781 802 708
4262 4 2 1 1 1179 1224 633 1133
4263 4 2 1 1 1244 435 83 1092
4264 4 2 1 1 871 590 698 1183
4265 4 2 1 1 1209 1183 590 871
4266 4 2 1 1 990 948 771 579
4267 4 2 1 1 222 199 969 202
4268 4 2 1 1 473 428 483 861
4269 4 2 1 1 1054 762 599 1004
4270 4 2 1 1 696 883 1129 594
4271 4 2 1 1 265 257 243 770
4272 4 2 1 1 239 893 1089 799
4273 4 2 1 1 1130 1166 894 801
4274 4 2 1 1 730 1050 798 1149
4275 4 2 1 1 228 859 694 1147
4276 4 2 1 1 185 216 62 1147
4277 4 2 1 1 694 210 1144 572
4278 4 2 1 1 887 986 716 1191
4279 4 2 1 1 272 765 690 1045
4280 4 2 1 1 160 135 162 959
4281 4 2 1 1 527 951 785 1137
4282 4 2 1 1 86 1010 119 1052
4283 4 2 1 1 1054 599 762 729
4284 4 2 1 1 515 737 1034 819
4285 4 2 1 1 1125 599 762 1004
4286 4 2 1 1 586 830 1073 1127
4287 4 2 1 1 1125 762 599 729
4288 4 2 1 1 381 796 443 1124
4289 4 2 1 1 531 770 866 1066
4290 4 2 1 1 217 188 224 930
4291 4 2 1 1 602 879 865 991
4292 4 2 1 1 284 1247 787 1092
4293 4 2 1 1 489 392 438 932
4294 4 2 1 1 276 1244 83 1092
4295 4 2 1 1 162 163 161 958
4296 4 2 1 1 491 798 429 1176
4297 4 2 1 1 812 586 1060 1230
4298 4 2 1 1 1244 661 435 1092
4299 4 2 1 1 518 901 1039 947
4300 4 2 1 1 410 412 434 1019
4301 4 2 1 1 187 195 682 521
4302 4 2 1 1 527 889 785 656
4303 4 2 1 1 270 1143 263 1150
4304 4 2 1 1 575 941 875 942
4305 4 2 1 1 488 435 1244 661
4306 4 2 1 1 107 131 685 1111
4307 4 2 1 1 556 738 952 1070
4308 4 2 1 1 956 1035 652 1153
4309 4 2 1 1 222 200 631 1040
4310 4 2 1 1 731 853 610 870
4311 4 2 1 1 99 98 101 654
4312 4 2 1 1 562 904 629 1190
4313 4 2 1 1 552 1139 1012 1140
4314 4 2 1 1 893 1048 596 1089
4315 4 2 1 1 573 749 963 1165
4316 4 2 1 1 661 774 1223 1235
4317 4 2 1 1 194 38 37 976
4318 4 2 1 1 547 697 924 1026
4319 4 2 1 1 37 682 194 976
4320 4 2 1 1 232 218 193 1104
4321 4 2 1 1 467 478 450 787
4322 4 2 1 1 358 361 363 814
4323 4 2 1 1 440 842 416 630
4324 4 2 1 1 104 105 103 743
4325 4 2 1 1 514 735 894 732
4326 4 2 1 1 853 702 701 870
4327 4 2 1 1 610 870 853 708
4328 4 2 1 1 342 886 716 1027
4329 4 2 1 1 484 1010 1219 1220
4330 4 2 1 1 96 1236 116 87
4331 4 2 1 1 551 1009 812 1229
4332 4 2 1 1 924 981 645 944
4333 4 2 1 1 522 1083 833 1164
4334 4 2 1 1 731 1041 107 1111
4335 4 2 1 1 637 1060 940 1230
4336 4 2 1 1 275 1077 597 236
4337 4 2 1 1 1240 790 186 775
4338 4 2 1 1 263 264 246 670
4339 4 2 1 1 12 11 1243 188
4340 4 2 1 1 1028 1098 819 1189
4341 4 2 1 1 1261 127 21 134
4342 4 2 1 1 188 1243 12 1079
4343 4 2 1 1 777 992 247 1032
4344 4 2 1 1 188 930 1243 1079
4345 4 2 1 1 165 138 37 682
4346 4 2 1 1 14 1292 132 1
4347 4 2 1 1 160 162 958 959
4348 4 2 1 1 166 914 146 137
4349 4 2 1 1 722 703 1085 1202
4350 4 2 1 1 1243 217 930 188
4351 4 2 1 1 757 615 1016 1154
4352 4 2 1 1 995 614 994 828
4353 4 2 1 1 365 445 370 966
4354 4 2 1 1 338 469 495 840
4355 4 2 1 1 629 677 710 1205
4356 4 2 1 1 613 834 719 592
4357 4 2 1 1 352 351 350 1216
4358 4 2 1 1 620 749 909 963
4359 4 2 1 1 596 893 688 961
4360 4 2 1 1 843 589 963 908
4361 4 2 1 1 539 1121 899 1202
4362 4 2 1 1 344 986 347 1027
4363 4 2 1 1 622 952 885 1233
4364 4 2 1 1 647 867 878 1221
4365 4 2 1 1 534 851 961 1048
4366 4 2 1 1 1170 871 1059 791
4367 4 2 1 1 187 521 682 1232
4368 4 2 1 1 216 867 191 63
4369 4 2 1 1 1226 722 953 539
4370 4 2 1 1 890 1077 597 1089
4371 4 2 1 1 361 364 998 1163
4372 4 2 1 1 722 1180 554 1217
4373 4 2 1 1 304 626 299 849
4374 4 2 1 1 433 341 881 1016
4375 4 2 1 1 960 882 570 976
4376 4 2 1 1 249 272 1032 1045
4377 4 2 1 1 287 1267 959 310
4378 4 2 1 1 1102 476 425 1063
4379 4 2 1 1 558 855 980 1148
4380 4 2 1 1 287 55 56 1242
4381 4 2 1 1 390 1278 469 461
4382 4 2 1 1 630 1135 590 525
4383 4 2 1 1 351 352 353 1023
4384 4 2 1 1 519 817 849 1185
4385 4 2 1 1 293 1242 287 56
4386 4 2 1 1 234 203 790 544
4387 4 2 1 1 549 942 941 977
4388 4 2 1 1 707 559 917 783
4389 4 2 1 1 432 757 433 881
4390 4 2 1 1 400 401 399 847
4391 4 2 1 1 974 1088 648 1134
4392 4 2 1 1 605 1021 883 752
4393 4 2 1 1 258 765 1045 1146
4394 4 2 1 1 682 570 976 1118
4395 4 2 1 1 1192 1195 569 979
4396 4 2 1 1 409 400 397 1175
4397 4 2 1 1 1020 1083 1164 748
4398 4 2 1 1 1244 283 276 84
4399 4 2 1 1 729 1094 695 1125
4400 4 2 1 1 104 103 98 743
4401 4 2 1 1 101 643 125 1006
4402 4 2 1 1 494 363 446 998
4403 4 2 1 1 242 755 273 902
4404 4 2 1 1 225 588 790 203
4405 4 2 1 1 368 444 489 975
4406 4 2 1 1 602 991 890 596
4407 4 2 1 1 694 210 572 859
4408 4 2 1 1 1224 643 632 545
4409 4 2 1 1 508 1084 1002 1131
4410 4 2 1 1 544 757 1196 713
4411 4 2 1 1 979 1095 989 1182
4412 4 2 1 1 643 742 985 642
4413 4 2 1 1 561 888 1049 1134
4414 4 2 1 1 299 296 298 626
4415 4 2 1 1 513 641 764 1106
4416 4 2 1 1 942 943 693 1188
4417 4 2 1 1 634 1011 949 1080
4418 4 2 1 1 661 889 571 1036
4419 4 2 1 1 562 801 665 816
4420 4 2 1 1 714 109 837 1161
4421 4 2 1 1 1242 1289 167 56
4422 4 2 1 1 563 956 776 1156
4423 4 2 1 1 702 1042 538 731
4424 4 2 1 1 747 576 1064 1102
4425 4 2 1 1 226 882 205 881
4426 4 2 1 1 593 1053 999 1120
4427 4 2 1 1 137 914 49 166
4428 4 2 1 1 246 264 237 670
4429 4 2 1 1 196 1030 209 197
4430 4 2 1 1 150 712 149 1177
4431 4 2 1 1 107 102 106 1111
4432 4 2 1 1 758 759 919 920
4433 4 2 1 1 212 859 227 1158
4434 4 2 1 1 519 849 751 1185
4435 4 2 1 1 287 1267 310 55
4436 4 2 1 1 284 1207 253 1092
4437 4 2 1 1 730 411 464 860
4438 4 2 1 1 577 1132 896 1204
4439 4 2 1 1 1242 1289 1190 167
4440 4 2 1 1 201 970 971 969
4441 4 2 1 1 1290 235 1238 74
4442 4 2 1 1 311 285 62 1147
4443 4 2 1 1 336 887 345 986
4444 4 2 1 1 684 558 855 1184
4445 4 2 1 1 948 771 579 614
4446 4 2 1 1 1226 722 539 1110
4447 4 2 1 1 690 987 956 1153
4448 4 2 1 1 935 1117 546 1118
4449 4 2 1 1 721 953 840 539
4450 4 2 1 1 1192 569 1195 665
4451 4 2 1 1 663 924 520 1044
4452 4 2 1 1 807 989 897 1156
4453 4 2 1 1 232 1278 218 1104
4454 4 2 1 1 593 1052 664 1076
4455 4 2 1 1 1083 829 929 589
4456 4 2 1 1 770 281 257 243
4457 4 2 1 1 1060 606 868 637
4458 4 2 1 1 645 981 924 1182
4459 4 2 1 1 375 445 449 972
4460 4 2 1 1 794 1081 582 1093
4461 4 2 1 1 624 999 932 1053
4462 4 2 1 1 716 886 592 1097
4463 4 2 1 1 239 256 269 1089
4464 4 2 1 1 886 900 592 1097
4465 4 2 1 1 907 997 559 1071
4466 4 2 1 1 99 101 102 797
4467 4 2 1 1 728 1085 703 1202
4468 4 2 1 1 1263 1173 1010 86
4469 4 2 1 1 1020 1054 913 748
4470 4 2 1 1 517 810 783 1086
4471 4 2 1 1 587 928 844 525
4472 4 2 1 1 256 275 269 1089
4473 4 2 1 1 1108 1126 698 1135
4474 4 2 1 1 350 348 366 1216
4475 4 2 1 1 433 881 757 1016
4476 4 2 1 1 211 224 222 708
4477 4 2 1 1 742 1018 512 642
4478 4 2 1 1 682 976 570 990
4479 4 2 1 1 511 851 896 1046
4480 4 2 1 1 820 932 642 1053
4481 4 2 1 1 607 775 721 1226
4482 4 2 1 1 703 537 724 898
4483 4 2 1 1 287 562 1242 1190
4484 4 2 1 1 241 1270 76 1245
4485 4 2 1 1 412 475 434 1019
4486 4 2 1 1 703 537 898 728
4487 4 2 1 1 87 95 96 866
4488 4 2 1 1 614 969 727 947
4489 4 2 1 1 734 1057 847 1175
4490 4 2 1 1 334 1103 465 1138
4491 4 2 1 1 164 988 1190 1208
4492 4 2 1 1 569 801 1166 1195
4493 4 2 1 1 29 28 1284 91
4494 4 2 1 1 584 958 562 1208
4495 4 2 1 1 487 385 430 863
4496 4 2 1 1 624 999 1053 1120
4497 4 2 1 1 571 889 774 656
4498 4 2 1 1 138 1118 877 682
4499 4 2 1 1 834 592 613 1005
4500 4 2 1 1 201 198 199 614
4501 4 2 1 1 182 5 40 1288
4502 4 2 1 1 611 813 938 1155
4503 4 2 1 1 643 1018 742 642
4504 4 2 1 1 427 414 416 842
4505 4 2 1 1 347 986 346 1091
4506 4 2 1 1 747 886 576 1103
4507 4 2 1 1 151 1022 592 1033
4508 4 2 1 1 776 956 652 1032
4509 4 2 1 1 287 1242 562 959
4510 4 2 1 1 122 108 124 610
4511 4 2 1 1 872 1060 793 870
4512 4 2 1 1 571 774 1002 656
4513 4 2 1 1 521 1232 647 877
4514 4 2 1 1 413 502 429 1149
4515 4 2 1 1 338 474 384 721
4516 4 2 1 1 569 807 1095 1166
4517 4 2 1 1 1241 62 61 285
4518 4 2 1 1 138 1118 682 165
4519 4 2 1 1 257 252 688 1146
4520 4 2 1 1 716 1027 886 1097
4521 4 2 1 1 654 639 1133 1179
4522 4 2 1 1 252 596 256 893
4523 4 2 1 1 756 815 665 1195
4524 4 2 1 1 284 1276 236 787
4525 4 2 1 1 792 1050 896 628
4526 4 2 1 1 310 295 305 959
4527 4 2 1 1 728 898 703 1085
4528 4 2 1 1 599 1125 863 1136
4529 4 2 1 1 241 1270 1245 1205
4530 4 2 1 1 1241 1274 227 859
4531 4 2 1 1 727 1039 901 947
4532 4 2 1 1 692 560 581 943
4533 4 2 1 1 608 1074 1181 508
4534 4 2 1 1 592 1005 612 1022
4535 4 2 1 1 947 948 614 1040
4536 4 2 1 1 853 939 731 1079
4537 4 2 1 1 356 353 451 1023
4538 4 2 1 1 757 827 544 881
4539 4 2 1 1 892 558 572 1037
4540 4 2 1 1 285 859 1241 1147
4541 4 2 1 1 762 1091 725 1216
4542 4 2 1 1 1016 882 821 666
4543 4 2 1 1 390 1278 461 1104
4544 4 2 1 1 795 568 979 874
4545 4 2 1 1 1208 1177 159 679
4546 4 2 1 1 807 1166 569 1167
4547 4 2 1 1 896 1050 792 511
4548 4 2 1 1 285 1241 62 1147
4549 4 2 1 1 679 1208 164 159
4550 4 2 1 1 17 18 1263 119
4551 4 2 1 1 63 62 216 1147
4552 4 2 1 1 513 806 641 1106
4553 4 2 1 1 613 1028 935 1189
4554 4 2 1 1 847 921 577 1057
4555 4 2 1 1 786 920 583 919
4556 4 2 1 1 619 1078 843 1122
4557 4 2 1 1 1063 1101 1064 747
4558 4 2 1 1 1263 1173 86 1279
4559 4 2 1 1 1241 1274 61 227
4560 4 2 1 1 751 694 859 1147
4561 4 2 1 1 1002 1084 733 1131
4562 4 2 1 1 69 68 332 1240
4563 4 2 1 1 455 1004 482 1136
4564 4 2 1 1 556 815 952 1195
4565 4 2 1 1 239 269 1077 1089
4566 4 2 1 1 667 558 751 1184
4567 4 2 1 1 424 465 423 784
4568 4 2 1 1 242 271 273 755
4569 4 2 1 1 785 951 612 1137
4570 4 2 1 1 1 15 1292 132
4571 4 2 1 1 960 157 1152 181
4572 4 2 1 1 141 58 57 1251
4573 4 2 1 1 343 1102 498 1103
4574 4 2 1 1 1240 1277 234 827
4575 4 2 1 1 524 936 984 754
4576 4 2 1 1 643 642 1052 1215
4577 4 2 1 1 666 887 821 1016
4578 4 2 1 1 654 639 1179 98
4579 4 2 1 1 1255 93 132 1104
4580 4 2 1 1 581 810 855 943
4581 4 2 1 1 560 1026 1044 1211
4582 4 2 1 1 491 787 331 467
4583 4 2 1 1 294 287 293 1190
4584 4 2 1 1 257 770 265 1146
4585 4 2 1 1 645 795 981 1182
4586 4 2 1 1 157 960 782 976
4587 4 2 1 1 1006 102 106 101
4588 4 2 1 1 704 1058 876 1068
4589 4 2 1 1 853 701 554 1217
4590 4 2 1 1 1283 825 144 1036
4591 4 2 1 1 599 1004 1125 1136
4592 4 2 1 1 874 979 569 1195
4593 4 2 1 1 838 880 657 699
4594 4 2 1 1 552 1082 768 1140
4595 4 2 1 1 677 1213 297 1038
4596 4 2 1 1 911 1065 639 1066
4597 4 2 1 1 764 923 641 1100
4598 4 2 1 1 1240 1277 69 234
4599 4 2 1 1 185 859 228 1147
4600 4 2 1 1 709 1011 938 1155
4601 4 2 1 1 904 295 294 562
4602 4 2 1 1 1241 859 185 1147
4603 4 2 1 1 581 560 1161 1218
4604 4 2 1 1 332 1240 68 775
4605 4 2 1 1 1240 775 332 827
4606 4 2 1 1 873 983 770 1066
4607 4 2 1 1 556 874 1166 1195
4608 4 2 1 1 552 684 978 1184
4609 4 2 1 1 537 1120 884 1171
4610 4 2 1 1 664 884 858 1215
4611 4 2 1 1 424 420 473 861
4612 4 2 1 1 146 679 914 1142
4613 4 2 1 1 819 1028 935 1067
4614 4 2 1 1 924 1031 564 1212
4615 4 2 1 1 537 884 724 1042
4616 4 2 1 1 1103 169 1033 136
4617 4 2 1 1 240 255 254 1092
4618 4 2 1 1 323 306 297 677
4619 4 2 1 1 114 116 96 902
4620 4 2 1 1 345 986 887 1016
4621 4 2 1 1 1239 1285 129 680
4622 4 2 1 1 836 1043 644 1186
4623 4 2 1 1 151 148 149 1022
4624 4 2 1 1 756 978 667 1184
4625 4 2 1 1 576 945 900 1064
4626 4 2 1 1 10 9 1239 192
4627 4 2 1 1 139 156 181 716
4628 4 2 1 1 259 246 247 777
4629 4 2 1 1 867 878 213 1210
4630 4 2 1 1 750 950 659 518
4631 4 2 1 1 59 2 229 1285
4632 4 2 1 1 825 889 154 1036
4633 4 2 1 1 801 1208 988 1234
4634 4 2 1 1 1100 831 575 1105
4635 4 2 1 1 479 480 485 999
4636 4 2 1 1 634 1011 1080 1116
4637 4 2 1 1 148 880 657 1022
4638 4 2 1 1 383 442 376 839
4639 4 2 1 1 896 1132 636 1204
4640 4 2 1 1 663 560 692 943
4641 4 2 1 1 881 1154 544 757
4642 4 2 1 1 755 547 902 1026
4643 4 2 1 1 226 882 881 666
4644 4 2 1 1 686 778 1131 1199
4645 4 2 1 1 955 1011 691 1055
4646 4 2 1 1 1276 81 236 1077
4647 4 2 1 1 442 503 437 839
4648 4 2 1 1 239 1246 79 268
4649 4 2 1 1 567 832 706 1013
4650 4 2 1 1 846 937 625 1187
4651 4 2 1 1 368 489 406 975
4652 4 2 1 1 1247 284 83 1092
4653 4 2 1 1 548 964 789 1100
4654 4 2 1 1 863 1136 827 713
4655 4 2 1 1 554 703 898 1085
4656 4 2 1 1 573 843 963 908
4657 4 2 1 1 621 1008 1035 1203
4658 4 2 1 1 800 926 598 927
4659 4 2 1 1 192 1239 10 217
4660 4 2 1 1 663 1188 837 1218
4661 4 2 1 1 498 343 439 1102
4662 4 2 1 1 390 389 382 1075
4663 4 2 1 1 535 838 880 1005
4664 4 2 1 1 386 385 379 863
4665 4 2 1 1 227 185 61 1241
4666 4 2 1 1 204 882 190 976
4667 4 2 1 1 1064 1101 1063 590
4668 4 2 1 1 719 1117 592 1152
4669 4 2 1 1 521 877 811 1029
4670 4 2 1 1 783 1148 930 1231
4671 4 2 1 1 298 297 306 1213
4672 4 2 1 1 880 1005 838 1022
4673 4 2 1 1 428 861 419 1223
4674 4 2 1 1 1239 223 217 192
4675 4 2 1 1 801 584 894 1130
4676 4 2 1 1 235 278 260 993
4677 4 2 1 1 4 72 279 1266
4678 4 2 1 1 892 1140 552 649
4679 4 2 1 1 1016 882 666 881
4680 4 2 1 1 630 1135 774 861
4681 4 2 1 1 757 1154 544 1196
4682 4 2 1 1 197 1030 209 1144
4683 4 2 1 1 466 470 736 805
4684 4 2 1 1 515 1028 819 1067
4685 4 2 1 1 511 836 1050 1186
4686 4 2 1 1 542 1011 955 1055
4687 4 2 1 1 1239 223 192 680
4688 4 2 1 1 119 1263 17 1220
4689 4 2 1 1 677 1038 989 1212
4690 4 2 1 1 533 921 1057 1193
4691 4 2 1 1 241 1270 1205 266
4692 4 2 1 1 436 465 784 1138
4693 4 2 1 1 124 610 108 1079
4694 4 2 1 1 1186 1197 580 928
4695 4 2 1 1 604 1121 966 530
4696 4 2 1 1 543 821 782 960
4697 4 2 1 1 252 258 1045 1146
4698 4 2 1 1 670 915 777 1128
4699 4 2 1 1 534 893 799 1048
4700 4 2 1 1 563 1128 807 1156
4701 4 2 1 1 723 645 981 944
4702 4 2 1 1 815 816 665 1130
4703 4 2 1 1 845 1088 1018 974
4704 4 2 1 1 392 932 485 1010
4705 4 2 1 1 985 1051 642 1173
4706 4 2 1 1 189 1248 67 721
4707 4 2 1 1 258 765 272 1045
4708 4 2 1 1 593 664 884 1076
4709 4 2 1 1 932 1010 642 1053
4710 4 2 1 1 434 358 363 814
4711 4 2 1 1 1239 1285 9 129
4712 4 2 1 1 262 261 273 1031
4713 4 2 1 1 537 796 1120 1171
4714 4 2 1 1 219 68 186 775
4715 4 2 1 1 383 376 378 1014
4716 4 2 1 1 415 413 429 1174
4717 4 2 1 1 131 89 761 1076
4718 4 2 1 1 531 873 770 1066
4719 4 2 1 1 519 665 816 817
4720 4 2 1 1 239 1246 268 799
4721 4 2 1 1 1102 425 476 439
4722 4 2 1 1 1018 1088 845 545
4723 4 2 1 1 166 914 1143 146
4724 4 2 1 1 683 977 885 978
4725 4 2 1 1 698 1064 945 1108
4726 4 2 1 1 309 32 31 1211
4727 4 2 1 1 570 990 741 1029
4728 4 2 1 1 151 613 149 152
4729 4 2 1 1 124 930 610 1079
4730 4 2 1 1 415 414 413 1174
4731 4 2 1 1 729 1119 850 1216
4732 4 2 1 1 527 951 1108 1126
4733 4 2 1 1 607 739 1110 1200
4734 4 2 1 1 274 258 238 765
4735 4 2 1 1 96 1236 87 866
4736 4 2 1 1 521 990 682 1029
4737 4 2 1 1 309 31 288 1211
4738 4 2 1 1 98 97 639 1179
4739 4 2 1 1 286 74 1238 75
4740 4 2 1 1 665 1130 801 1195
4741 4 2 1 1 225 588 203 201
4742 4 2 1 1 49 1143 166 914
4743 4 2 1 1 707 907 559 783
4744 4 2 1 1 626 520 1038 1213
4745 4 2 1 1 241 1270 266 76
4746 4 2 1 1 679 541 657 914
4747 4 2 1 1 566 1047 819 1189
4748 4 2 1 1 657 656 699 880
4749 4 2 1 1 1033 1137 612 945
4750 4 2 1 1 67 338 384 721
4751 4 2 1 1 113 783 124 930
4752 4 2 1 1 527 1126 1108 1135
4753 4 2 1 1 664 1111 1006 1151
4754 4 2 1 1 719 1162 1098 1189
4755 4 2 1 1 826 1116 709 1197
4756 4 2 1 1 714 837 1188 1218
4757 4 2 1 1 573 994 901 518
4758 4 2 1 1 379 454 386 1125
4759 4 2 1 1 124 1243 930 1079
4760 4 2 1 1 1249 43 169 1103
4761 4 2 1 1 63 216 867 1147
4762 4 2 1 1 776 777 247 1032
4763 4 2 1 1 286 1290 697 1238
4764 4 2 1 1 818 945 612 951
4765 4 2 1 1 75 1238 286 308
4766 4 2 1 1 323 1238 1205 308
4767 4 2 1 1 472 83 435 1092
4768 4 2 1 1 1001 1139 1107 1233
4769 4 2 1 1 642 1010 1052 1215
4770 4 2 1 1 722 1110 653 1202
4771 4 2 1 1 1001 1070 622 1233
4772 4 2 1 1 48 1250 170 1143
4773 4 2 1 1 914 264 1143 670
4774 4 2 1 1 472 435 661 1092
4775 4 2 1 1 953 1085 722 1180
4776 4 2 1 1 236 597 275 1207
4777 4 2 1 1 547 924 697 1031
4778 4 2 1 1 582 1140 768 1082
4779 4 2 1 1 559 810 783 1071
4780 4 2 1 1 325 314 285 1147
4781 4 2 1 1 430 432 827 1136
4782 4 2 1 1 106 664 1076 1111
4783 4 2 1 1 80 239 269 1077
4784 4 2 1 1 609 1139 768 1140
4785 4 2 1 1 533 1057 1178 1193
4786 4 2 1 1 375 370 445 966
4787 4 2 1 1 231 218 953 1180
4788 4 2 1 1 834 1005 613 1098
4789 4 2 1 1 68 219 721 775
4790 4 2 1 1 168 716 1272 41
4791 4 2 1 1 1245 1150 241 1205
4792 4 2 1 1 113 111 124 783
4793 4 2 1 1 685 1104 939 1180
4794 4 2 1 1 992 869 777 245
4795 4 2 1 1 450 421 417 745
4796 4 2 1 1 219 721 775 1226
4797 4 2 1 1 564 897 645 1182
4798 4 2 1 1 57 141 1251 167
4799 4 2 1 1 100 97 99 1179
4800 4 2 1 1 476 387 501 1101
4801 4 2 1 1 935 1028 819 1189
4802 4 2 1 1 336 342 42 716
4803 4 2 1 1 1279 736 1173 86
4804 4 2 1 1 429 450 415 1174
4805 4 2 1 1 593 1052 1010 1215
4806 4 2 1 1 788 819 515 1028
4807 4 2 1 1 718 969 727 701
4808 4 2 1 1 665 1192 756 1195
4809 4 2 1 1 430 863 386 1136
4810 4 2 1 1 106 1076 1052 1220
4811 4 2 1 1 1290 235 74 277
4812 4 2 1 1 647 958 816 1145
4813 4 2 1 1 737 619 1129 1228
4814 4 2 1 1 126 1265 30 85
4815 4 2 1 1 1241 313 285 61
4816 4 2 1 1 234 881 205 544
4817 4 2 1 1 643 1006 664 1052
4818 4 2 1 1 1257 324 317 73
4819 4 2 1 1 323 1238 308 286
4820 4 2 1 1 248 602 992 1169
4821 4 2 1 1 639 744 1133 1179
4822 4 2 1 1 650 973 903 1099
4823 4 2 1 1 645 764 923 1106
4824 4 2 1 1 352 359 354 850
4825 4 2 1 1 286 677 1238 697
4826 4 2 1 1 667 751 558 849
4827 4 2 1 1 566 1162 1047 1189
4828 4 2 1 1 626 667 849 1185
4829 4 2 1 1 864 979 568 1192
4830 4 2 1 1 642 985 643 1051
4831 4 2 1 1 284 1276 787 1247
4832 4 2 1 1 594 763 1034 1198
4833 4 2 1 1 207 953 970 1217
4834 4 2 1 1 450 417 415 1174
4835 4 2 1 1 95 1227 1123 639
4836 4 2 1 1 865 602 991 1043
4837 4 2 1 1 914 264 670 237
4838 4 2 1 1 426 1235 787 1092
4839 4 2 1 1 579 828 994 614
4840 4 2 1 1 620 929 833 1083
4841 4 2 1 1 746 961 596 616
4842 4 2 1 1 543 887 821 960
4843 4 2 1 1 514 1128 1142 1167
4844 4 2 1 1 914 264 237 49
4845 4 2 1 1 541 1234 1142 679
4846 4 2 1 1 940 1049 637 1230
4847 4 2 1 1 219 775 225 1226
4848 4 2 1 1 823 947 655 948
4849 4 2 1 1 96 1123 1227 640
4850 4 2 1 1 362 357 1017 1163
4851 4 2 1 1 782 1117 719 1152
4852 4 2 1 1 376 375 377 1014
4853 4 2 1 1 631 947 969 1040
4854 4 2 1 1 439 425 423 1102
4855 4 2 1 1 782 821 570 960
4856 4 2 1 1 428 483 861 1109
4857 4 2 1 1 989 993 1156 710
4858 4 2 1 1 1271 134 1264 27
4859 4 2 1 1 135 178 1190 1208
4860 4 2 1 1 125 643 1051 1052
4861 4 2 1 1 415 416 414 1174
4862 4 2 1 1 204 194 195 990
4863 4 2 1 1 1179 1224 1133 654
4864 4 2 1 1 378 863 441 672
4865 4 2 1 1 779 1002 1126 656
4866 4 2 1 1 361 364 446 998
4867 4 2 1 1 532 1059 791 1170
4868 4 2 1 1 593 999 796 1120
4869 4 2 1 1 323 303 308 1205
4870 4 2 1 1 440 416 418 630
4871 4 2 1 1 594 1070 763 1198
4872 4 2 1 1 325 849 314 1147
4873 4 2 1 1 305 295 304 817
4874 4 2 1 1 140 154 889 1036
4875 4 2 1 1 1060 606 637 872
4876 4 2 1 1 562 816 665 817
4877 4 2 1 1 441 384 721 775
4878 4 2 1 1 521 808 878 1030
4879 4 2 1 1 610 731 108 1079
4880 4 2 1 1 656 1126 1114 951
4881 4 2 1 1 118 685 761 1104
4882 4 2 1 1 572 751 892 1081
4883 4 2 1 1 369 373 367 1003
4884 4 2 1 1 708 610 930 1079
4885 4 2 1 1 517 802 781 708
4886 4 2 1 1 900 905 509 945
4887 4 2 1 1 722 539 1110 1202
4888 4 2 1 1 583 758 919 920
4889 4 2 1 1 255 240 276 1092
4890 4 2 1 1 1279 736 86 133
4891 4 2 1 1 647 816 958 959
4892 4 2 1 1 500 342 344 1027
4893 4 2 1 1 1071 1161 714 1218
4894 4 2 1 1 431 433 432 757
4895 4 2 1 1 552 768 1139 1140
4896 4 2 1 1 239 893 799 281
4897 4 2 1 1 346 345 380 1225
4898 4 2 1 1 1290 235 277 697
4899 4 2 1 1 585 753 1023 1209
4900 4 2 1 1 788 819 1028 1098
4901 4 2 1 1 237 49 50 914
4902 4 2 1 1 184 1273 52 140
4903 4 2 1 1 914 264 49 1143
4904 4 2 1 1 796 999 593 1219
4905 4 2 1 1 679 1142 988 1234
4906 4 2 1 1 156 169 175 592
4907 4 2 1 1 710 1128 807 1167
4908 4 2 1 1 584 562 801 1208
4909 4 2 1 1 673 1024 809 833
4910 4 2 1 1 1249 169 716 886
4911 4 2 1 1 92 755 114 1211
4912 4 2 1 1 257 688 252 893
4913 4 2 1 1 253 602 248 906
4914 4 2 1 1 582 1140 1082 794
4915 4 2 1 1 183 1280 1109 1138
4916 4 2 1 1 625 937 789 1187
4917 4 2 1 1 200 209 210 1144
4918 4 2 1 1 646 765 531 832
4919 4 2 1 1 952 1070 738 1233
4920 4 2 1 1 1148 1158 980 558
4921 4 2 1 1 411 502 413 1149
4922 4 2 1 1 556 952 874 1195
4923 4 2 1 1 1282 6 53 179
4924 4 2 1 1 590 1135 698 1183
4925 4 2 1 1 558 667 855 1184
4926 4 2 1 1 102 122 797 1041
4927 4 2 1 1 405 402 400 1175
4928 4 2 1 1 696 883 1021 1129
4929 4 2 1 1 569 1095 874 1166
4930 4 2 1 1 622 1070 1001 1198
4931 4 2 1 1 530 624 740 1194
4932 4 2 1 1 454 379 447 1125
4933 4 2 1 1 176 142 162 959
4934 4 2 1 1 960 1152 543 716
4935 4 2 1 1 300 322 302 980
4936 4 2 1 1 526 787 745 1235
4937 4 2 1 1 441 863 378 385
4938 4 2 1 1 751 849 667 1185
4939 4 2 1 1 459 482 1004 1225
4940 4 2 1 1 1235 428 1223 661
4941 4 2 1 1 430 431 432 1136
4942 4 2 1 1 426 83 472 1092
4943 4 2 1 1 958 647 877 1145
4944 4 2 1 1 209 878 694 1030
4945 4 2 1 1 474 721 338 840
4946 4 2 1 1 809 1024 620 833
4947 4 2 1 1 113 783 930 1231
4948 4 2 1 1 753 1160 1023 1209
4949 4 2 1 1 647 867 959 1210
4950 4 2 1 1 185 228 216 1147
4951 4 2 1 1 749 620 1083 963
4952 4 2 1 1 602 890 1043 1207
4953 4 2 1 1 519 665 817 1185
4954 4 2 1 1 421 417 745 1223
4955 4 2 1 1 241 1150 263 1205
4956 4 2 1 1 531 1146 688 832
4957 4 2 1 1 861 420 419 630
4958 4 2 1 1 504 1001 1107 1233
4959 4 2 1 1 682 877 138 1232
4960 4 2 1 1 827 1136 757 713
4961 4 2 1 1 118 16 1281 761
4962 4 2 1 1 531 866 770 1146
4963 4 2 1 1 814 955 542 1155
4964 4 2 1 1 611 955 814 1155
4965 4 2 1 1 134 127 90 800
4966 4 2 1 1 958 877 647 174
4967 4 2 1 1 237 1283 825 914
4968 4 2 1 1 1189 811 546 1047
4969 4 2 1 1 623 761 685 1104
4970 4 2 1 1 535 880 699 1114
4971 4 2 1 1 747 1091 1027 387
4972 4 2 1 1 466 736 404 927
4973 4 2 1 1 656 779 699 1114
4974 4 2 1 1 788 613 1005 1098
4975 4 2 1 1 825 657 145 154
4976 4 2 1 1 886 1033 576 1103
4977 4 2 1 1 534 968 851 1048
4978 4 2 1 1 886 497 343 500
4979 4 2 1 1 542 955 1011 1155
4980 4 2 1 1 693 1071 997 1218
4981 4 2 1 1 547 944 646 1159
4982 4 2 1 1 213 694 209 878
4983 4 2 1 1 956 1032 690 1153
4984 4 2 1 1 1252 92 32 1211
4985 4 2 1 1 662 1074 841 508
4986 4 2 1 1 1043 733 526 644
4987 4 2 1 1 747 1091 591 1027
4988 4 2 1 1 892 1140 1082 552
4989 4 2 1 1 345 344 336 986
4990 4 2 1 1 888 1230 1229 637
4991 4 2 1 1 508 1131 854 1201
4992 4 2 1 1 389 452 335 761
4993 4 2 1 1 251 879 249 248
4994 4 2 1 1 316 305 292 867
4995 4 2 1 1 1148 1158 558 1037
4996 4 2 1 1 1229 1230 888 1009
4997 4 2 1 1 671 984 936 754
4998 4 2 1 1 155 154 785 889
4999 4 2 1 1 512 1053 820 642
5000 4 2 1 1 99 797 122 907
5001 4 2 1 1 100 907 714 1179
5002 4 2 1 1 659 843 1061 1078
5003 4 2 1 1 275 596 1089 256
5004 4 2 1 1 1275 233 226 666
5005 4 2 1 1 934 1015 636 507
5006 4 2 1 1 914 1283 144 50
5007 4 2 1 1 341 468 486 666
5008 4 2 1 1 193 939 1104 1180
5009 4 2 1 1 142 176 54 1253
5010 4 2 1 1 452 761 390 1104
5011 4 2 1 1 164 1190 178 1208
5012 4 2 1 1 1207 836 526 597
5013 4 2 1 1 339 428 661 1109
5014 4 2 1 1 111 783 113 1231
5015 4 2 1 1 251 616 249 879
5016 4 2 1 1 517 708 781 1086
5017 4 2 1 1 145 137 146 914
5018 4 2 1 1 531 711 1123 1159
5019 4 2 1 1 308 303 289 1205
5020 4 2 1 1 155 140 154 889
5021 4 2 1 1 825 869 571 1036
5022 4 2 1 1 409 860 462 1175
5023 4 2 1 1 516 837 944 1188
5024 4 2 1 1 156 1117 592 152
5025 4 2 1 1 155 889 785 1109
5026 4 2 1 1 564 956 897 1156
5027 4 2 1 1 120 114 92 755
5028 4 2 1 1 362 357 448 1017
5029 4 2 1 1 374 371 966 1124
5030 4 2 1 1 349 387 1091 1101
5031 4 2 1 1 897 1095 795 1182
5032 4 2 1 1 94 617 104 866
5033 4 2 1 1 264 270 48 1143
5034 4 2 1 1 880 1005 612 1114
5035 4 2 1 1 43 497 334 1103
5036 4 2 1 1 914 144 825 145
5037 4 2 1 1 97 714 1227 1179
5038 4 2 1 1 493 332 432 827
5039 4 2 1 1 605 883 1021 780
5040 4 2 1 1 696 1021 883 780
5041 4 2 1 1 788 819 1098 737
5042 4 2 1 1 463 344 347 1027
5043 4 2 1 1 532 1059 803 1119
5044 4 2 1 1 189 953 721 1226
5045 4 2 1 1 517 781 982 1086
5046 4 2 1 1 522 1020 1141 1200
5047 4 2 1 1 576 784 1103 1138
5048 4 2 1 1 617 983 925 1066
5049 4 2 1 1 1258 227 221 60
5050 4 2 1 1 713 1141 1020 1200
5051 4 2 1 1 126 1265 85 1087
5052 4 2 1 1 901 1165 573 518
5053 4 2 1 1 202 207 970 1217
5054 4 2 1 1 855 517 1148 558
5055 4 2 1 1 989 1156 993 564
5056 4 2 1 1 587 1050 836 1186
5057 4 2 1 1 250 690 261 1031
5058 4 2 1 1 242 273 267 902
5059 4 2 1 1 526 745 774 1235
5060 4 2 1 1 198 990 204 195
5061 4 2 1 1 571 889 825 1036
5062 4 2 1 1 382 389 381 1075
5063 4 2 1 1 990 948 579 521
5064 4 2 1 1 916 917 559 1086
5065 4 2 1 1 196 948 1030 197
5066 4 2 1 1 431 482 757 1136
5067 4 2 1 1 276 83 255 1092
5068 4 2 1 1 153 1022 151 1033
5069 4 2 1 1 459 455 366 1004
5070 4 2 1 1 753 590 1160 1209
5071 4 2 1 1 426 1235 1092 472
5072 4 2 1 1 612 818 951 1114
5073 4 2 1 1 25 26 1237 265
5074 4 2 1 1 761 1076 89 1220
5075 4 2 1 1 663 981 924 944
5076 4 2 1 1 531 770 688 1146
5077 4 2 1 1 265 26 1237 243
5078 4 2 1 1 107 115 731 939
5079 4 2 1 1 1237 25 265 866
5080 4 2 1 1 1032 1045 690 1153
5081 4 2 1 1 573 995 994 828
5082 4 2 1 1 530 809 824 833
5083 4 2 1 1 408 796 389 1219
5084 4 2 1 1 14 132 1255 93
5085 4 2 1 1 660 161 172 174
5086 4 2 1 1 118 16 761 89
5087 4 2 1 1 518 1039 794 947
5088 4 2 1 1 165 682 37 976
5089 4 2 1 1 224 208 222 708
5090 4 2 1 1 285 330 313 1158
5091 4 2 1 1 632 545 845 1224
5092 4 2 1 1 585 1172 753 1209
5093 4 2 1 1 925 743 617 1066
5094 4 2 1 1 969 947 614 1040
5095 4 2 1 1 174 138 158 877
5096 4 2 1 1 569 1166 874 1195
5097 4 2 1 1 815 1130 665 1195
5098 4 2 1 1 677 989 710 993
5099 4 2 1 1 657 656 880 154
5100 4 2 1 1 964 1100 641 1105
5101 4 2 1 1 28 1285 2 327
5102 4 2 1 1 688 1146 1045 832
5103 4 2 1 1 588 614 995 828
5104 4 2 1 1 496 392 1010 1173
5105 4 2 1 1 106 1006 664 1111
5106 4 2 1 1 622 763 1070 1198
5107 4 2 1 1 260 776 993 259
5108 4 2 1 1 499 395 393 1077
5109 4 2 1 1 336 1027 344 342
5110 4 2 1 1 597 1077 730 1176
5111 4 2 1 1 1007 1128 915 732
5112 4 2 1 1 408 381 389 796
5113 4 2 1 1 145 679 914 146
5114 4 2 1 1 954 1050 628 1149
5115 4 2 1 1 483 424 473 861
5116 4 2 1 1 470 931 403 438
5117 4 2 1 1 519 756 665 1185
5118 4 2 1 1 552 892 684 1184
5119 4 2 1 1 1256 133 20 927
5120 4 2 1 1 677 989 993 1212
5121 4 2 1 1 535 1005 880 1114
5122 4 2 1 1 309 290 32 1211
5123 4 2 1 1 585 803 1059 1119
5124 4 2 1 1 1237 770 866 265
5125 4 2 1 1 511 1043 836 1186
5126 4 2 1 1 945 1064 576 1108
5127 4 2 1 1 350 366 453 1216
5128 4 2 1 1 588 668 790 544
5129 4 2 1 1 24 25 1236 238
5130 4 2 1 1 892 558 684 1184
5131 4 2 1 1 872 703 653 505
5132 4 2 1 1 649 1012 1072 1140
5133 4 2 1 1 609 1072 1012 1140
5134 4 2 1 1 569 807 989 1095
5135 4 2 1 1 174 138 877 1232
5136 4 2 1 1 149 1022 148 1177
5137 4 2 1 1 639 743 911 1066
5138 4 2 1 1 435 339 428 661
5139 4 2 1 1 48 170 166 1143
5140 4 2 1 1 112 1071 1161 110
5141 4 2 1 1 1236 267 24 238
5142 4 2 1 1 195 194 187 682
5143 4 2 1 1 1174 417 416 630
5144 4 2 1 1 680 930 1148 1231
5145 4 2 1 1 698 1135 1126 1183
5146 4 2 1 1 1126 1135 687 1183
5147 4 2 1 1 162 135 176 959
5148 4 2 1 1 1251 293 315 57
5149 4 2 1 1 816 817 562 959
5150 4 2 1 1 782 1029 546 1118
5151 4 2 1 1 93 107 685 939
5152 4 2 1 1 491 787 467 798
5153 4 2 1 1 1257 277 73 271
5154 4 2 1 1 457 1023 356 1160
5155 4 2 1 1 622 885 1139 1233
5156 4 2 1 1 375 449 377 972
5157 4 2 1 1 1042 1076 761 1171
5158 4 2 1 1 43 136 169 1103
5159 4 2 1 1 1236 267 238 902
5160 4 2 1 1 1258 227 60 1274
5161 4 2 1 1 238 25 1236 866
5162 4 2 1 1 784 861 483 1109
5163 4 2 1 1 351 356 457 1023
5164 4 2 1 1 807 557 897 1095
5165 4 2 1 1 693 559 997 1071
5166 4 2 1 1 453 352 350 1216
5167 4 2 1 1 201 203 198 588
5168 4 2 1 1 249 252 272 1045
5169 4 2 1 1 312 980 322 1087
5170 4 2 1 1 238 866 1236 902
5171 4 2 1 1 419 861 630 1223
5172 4 2 1 1 196 948 197 195
5173 4 2 1 1 868 1229 1060 637
5174 4 2 1 1 168 181 960 716
5175 4 2 1 1 1063 1101 501 1160
5176 4 2 1 1 1253 310 54 316
5177 4 2 1 1 943 1188 663 1218
5178 4 2 1 1 650 1062 973 1099
5179 4 2 1 1 544 1154 669 1196
5180 4 2 1 1 152 149 172 935
5181 4 2 1 1 263 270 264 1143
5182 4 2 1 1 174 660 158 172
5183 4 2 1 1 440 427 416 842
5184 4 2 1 1 655 948 947 1040
5185 4 2 1 1 138 1118 165 158
5186 4 2 1 1 992 869 245 1169
5187 4 2 1 1 132 93 118 1104
5188 4 2 1 1 374 371 372 966
5189 4 2 1 1 880 612 1005 1022
5190 4 2 1 1 143 181 157 960
5191 4 2 1 1 564 776 956 1156
5192 4 2 1 1 305 311 867 1147
5193 4 2 1 1 538 1073 830 1127
5194 4 2 1 1 382 381 374 1124
5195 4 2 1 1 99 654 797 1179
5196 4 2 1 1 534 961 893 1048
5197 4 2 1 1 169 42 1249 716
5198 4 2 1 1 1263 86 1010 119
5199 4 2 1 1 872 703 701 653
5200 4 2 1 1 253 251 602 1207
5201 4 2 1 1 483 784 424 861
5202 4 2 1 1 861 419 420 473
5203 4 2 1 1 106 1006 125 1052
5204 4 2 1 1 125 101 103 643
5205 4 2 1 1 592 900 905 1097
5206 4 2 1 1 620 824 809 833
5207 4 2 1 1 239 893 281 256
5208 4 2 1 1 520 795 979 1182
5209 4 2 1 1 157 1117 782 1152
5210 4 2 1 1 559 693 810 1071
5211 4 2 1 1 643 642 1051 1052
5212 4 2 1 1 126 112 91 1231
5213 4 2 1 1 655 947 631 1040
5214 4 2 1 1 735 514 894 1166
5215 4 2 1 1 884 1120 593 1171
5216 4 2 1 1 797 1041 707 1151
5217 4 2 1 1 282 243 268 800
5218 4 2 1 1 839 374 372 966
5219 4 2 1 1 577 896 1025 1204
5220 4 2 1 1 520 924 1182 1212
5221 4 2 1 1 796 1171 1075 1219
5222 4 2 1 1 164 178 159 1208
5223 4 2 1 1 679 603 1177 657
5224 4 2 1 1 110 714 1161 109
5225 4 2 1 1 893 961 596 1048
5226 4 2 1 1 918 746 991 616
5227 4 2 1 1 480 443 408 796
5228 4 2 1 1 185 227 212 859
5229 4 2 1 1 386 430 385 863
5230 4 2 1 1 696 780 883 594
5231 4 2 1 1 253 602 906 1207
5232 4 2 1 1 555 970 722 701
5233 4 2 1 1 794 1039 631 947
5234 4 2 1 1 215 208 188 1079
5235 4 2 1 1 330 302 319 1158
5236 4 2 1 1 602 1043 526 1207
5237 4 2 1 1 340 598 458 927
5238 4 2 1 1 1224 1151 1006 797
5239 4 2 1 1 582 1081 794 1082
5240 4 2 1 1 537 898 1042 724
5241 4 2 1 1 207 1180 953 1217
5242 4 2 1 1 539 722 1085 1202
5243 4 2 1 1 95 104 98 639
5244 4 2 1 1 209 213 228 694
5245 4 2 1 1 341 468 666 1016
5246 4 2 1 1 219 186 225 775
5247 4 2 1 1 599 1136 863 713
5248 4 2 1 1 453 447 359 1094
5249 4 2 1 1 521 759 811 920
5250 4 2 1 1 839 372 374 442
5251 4 2 1 1 655 947 823 1093
5252 4 2 1 1 677 993 710 1205
5253 4 2 1 1 801 894 514 1166
5254 4 2 1 1 487 332 775 827
5255 4 2 1 1 256 252 251 596
5256 4 2 1 1 648 1018 974 512
5257 4 2 1 1 960 1152 716 181
5258 4 2 1 1 1006 102 101 797
5259 4 2 1 1 189 67 219 721
5260 4 2 1 1 881 70 226 1275
5261 4 2 1 1 918 991 746 550
5262 4 2 1 1 1052 1076 593 1220
5263 4 2 1 1 1031 274 690 261
5264 4 2 1 1 799 983 534 598
5265 4 2 1 1 897 989 564 1156
5266 4 2 1 1 786 808 582 1168
5267 4 2 1 1 482 433 757 1016
5268 4 2 1 1 256 893 596 1089
5269 4 2 1 1 532 903 1054 1099
5270 4 2 1 1 247 777 245 992
5271 4 2 1 1 164 1143 170 1150
5272 4 2 1 1 1031 690 274 765
5273 4 2 1 1 936 1080 671 1116
5274 4 2 1 1 67 68 219 721
5275 4 2 1 1 586 1060 872 870
5276 4 2 1 1 268 243 281 800
5277 4 2 1 1 632 1069 830 1151
5278 4 2 1 1 622 1139 1001 1233
5279 4 2 1 1 650 1068 905 1162
5280 4 2 1 1 576 1137 784 1138
5281 4 2 1 1 881 493 70 471
5282 4 2 1 1 821 887 666 960
5283 4 2 1 1 1224 1151 797 1069
5284 4 2 1 1 225 790 971 1226
5285 4 2 1 1 788 1028 613 1098
5286 4 2 1 1 1030 1168 808 1221
5287 4 2 1 1 774 630 861 1223
5288 4 2 1 1 198 771 948 614
5289 4 2 1 1 272 690 274 261
5290 4 2 1 1 209 1030 694 1144
5291 4 2 1 1 275 1077 236 269
5292 4 2 1 1 830 1069 707 1151
5293 4 2 1 1 347 346 348 1091
5294 4 2 1 1 164 170 141 1150
5295 4 2 1 1 43 1259 136 1103
5296 4 2 1 1 1235 428 472 421
5297 4 2 1 1 97 95 98 639
5298 4 2 1 1 1133 545 654 1224
5299 4 2 1 1 141 167 164 1190
5300 4 2 1 1 16 761 89 1220
5301 4 2 1 1 506 913 589 908
5302 4 2 1 1 770 983 617 1066
5303 4 2 1 1 205 881 882 544
5304 4 2 1 1 443 480 373 999
5305 4 2 1 1 480 796 408 1219
5306 4 2 1 1 541 1142 1234 514
5307 4 2 1 1 506 589 843 908
5308 4 2 1 1 584 801 894 1234
5309 4 2 1 1 289 303 315 1150
5310 4 2 1 1 452 389 390 761
5311 4 2 1 1 470 1256 404 736
5312 4 2 1 1 440 422 630 418
5313 4 2 1 1 241 270 263 1150
5314 4 2 1 1 942 981 663 1188
5315 4 2 1 1 890 1089 597 1207
5316 4 2 1 1 883 984 605 752
5317 4 2 1 1 520 979 989 1182
5318 4 2 1 1 707 1073 830 1151
5319 4 2 1 1 608 1074 1058 1181
5320 4 2 1 1 582 808 1030 1168
5321 4 2 1 1 272 274 690 765
5322 4 2 1 1 275 596 256 251
5323 4 2 1 1 560 1087 581 1161
5324 4 2 1 1 302 980 319 1158
5325 4 2 1 1 581 980 1148 1231
5326 4 2 1 1 1020 1196 599 713
5327 4 2 1 1 49 1143 264 48
5328 4 2 1 1 1255 939 93 1104
5329 4 2 1 1 300 321 322 1087
5330 4 2 1 1 89 1076 106 1220
5331 4 2 1 1 663 943 942 1188
5332 4 2 1 1 556 1130 815 1195
5333 4 2 1 1 118 685 1104 93
5334 4 2 1 1 546 1117 935 1189
5335 4 2 1 1 254 869 244 1036
5336 4 2 1 1 191 867 213 1210
5337 4 2 1 1 250 272 690 1032
5338 4 2 1 1 1260 233 190 39
5339 4 2 1 1 1045 1146 765 832
5340 4 2 1 1 663 944 837 1188
5341 4 2 1 1 785 183 153 155
5342 4 2 1 1 947 994 659 518
5343 4 2 1 1 736 1051 985 1173
5344 4 2 1 1 115 731 939 1079
5345 4 2 1 1 680 1148 980 1231
5346 4 2 1 1 173 171 35 1210
5347 4 2 1 1 136 1033 1103 1138
5348 4 2 1 1 1174 416 417 415
5349 4 2 1 1 1220 335 484 391
5350 4 2 1 1 300 298 301 1213
5351 4 2 1 1 531 1066 866 1123
5352 4 2 1 1 840 953 623 1085
5353 4 2 1 1 311 292 305 867
5354 4 2 1 1 641 1100 923 1105
5355 4 2 1 1 575 923 1100 1105
5356 4 2 1 1 251 879 248 602
5357 4 2 1 1 320 309 321 1211
5358 4 2 1 1 837 944 663 1026
5359 4 2 1 1 1224 1151 1069 632
5360 4 2 1 1 1248 218 189 66
5361 4 2 1 1 428 419 861 473
5362 4 2 1 1 632 845 1069 1224
5363 4 2 1 1 456 440 422 1090
5364 4 2 1 1 250 272 261 690
5365 4 2 1 1 782 960 570 976
5366 4 2 1 1 433 341 471 881
5367 4 2 1 1 428 419 421 1223
5368 4 2 1 1 284 1276 1247 82
5369 4 2 1 1 216 213 191 867
5370 4 2 1 1 736 86 103 1051
5371 4 2 1 1 626 817 665 1185
5372 4 2 1 1 157 976 782 1118
5373 4 2 1 1 825 145 657 914
5374 4 2 1 1 412 413 954 1149
5375 4 2 1 1 525 928 826 1197
5376 4 2 1 1 1279 736 133 1256
5377 4 2 1 1 143 960 157 976
5378 4 2 1 1 140 1273 52 51
5379 4 2 1 1 357 354 448 1017
5380 4 2 1 1 539 1085 728 1202
5381 4 2 1 1 555 970 969 971
5382 4 2 1 1 108 731 115 1079
5383 4 2 1 1 619 1078 1122 1228
5384 4 2 1 1 135 160 178 1208
5385 4 2 1 1 118 131 89 761
5386 4 2 1 1 788 819 737 515
5387 4 2 1 1 32 92 117 1211
5388 4 2 1 1 238 267 274 902
5389 4 2 1 1 795 864 520 979
5390 4 2 1 1 881 70 1277 234
5391 4 2 1 1 343 500 463 1027
5392 4 2 1 1 1271 134 27 90
5393 4 2 1 1 465 498 1102 1103
5394 4 2 1 1 951 1108 945 1137
5395 4 2 1 1 457 501 1101 1160
5396 4 2 1 1 1220 484 335 1219
5397 4 2 1 1 1279 1256 333 1173
5398 4 2 1 1 781 917 916 1086
5399 4 2 1 1 139 169 156 716
5400 4 2 1 1 514 1128 541 1142
5401 4 2 1 1 201 970 969 202
5402 4 2 1 1 201 970 202 206
5403 4 2 1 1 663 1026 924 1044
5404 4 2 1 1 214 878 1232 1210
5405 4 2 1 1 855 517 558 684
5406 4 2 1 1 382 437 495 840
5407 4 2 1 1 143 168 181 960
5408 4 2 1 1 207 953 206 970
5409 4 2 1 1 284 255 83 1092
5410 4 2 1 1 426 1235 472 478
5411 4 2 1 1 160 958 150 1208
5412 4 2 1 1 652 1032 956 1153
5413 4 2 1 1 583 920 808 1145
5414 4 2 1 1 37 682 138 1232
5415 4 2 1 1 761 389 1075 1219
5416 4 2 1 1 592 905 900 945
5417 4 2 1 1 683 1107 1012 1139
5418 4 2 1 1 214 878 1210 213
5419 4 2 1 1 133 736 105 927
5420 4 2 1 1 737 1129 1034 1228
5421 4 2 1 1 690 1045 765 832
5422 4 2 1 1 807 1167 989 710
5423 4 2 1 1 531 765 1146 832
5424 4 2 1 1 989 1167 807 569
5425 4 2 1 1 90 800 127 927
5426 4 2 1 1 914 144 145 137
5427 4 2 1 1 252 258 272 1045
5428 4 2 1 1 581 980 855 1148
5429 4 2 1 1 107 106 131 1111
5430 4 2 1 1 1263 86 119 18
5431 4 2 1 1 436 334 465 1138
5432 4 2 1 1 187 196 521 1232
5433 4 2 1 1 610 853 731 1079
5434 4 2 1 1 1010 593 1219 1220
5435 4 2 1 1 539 728 1121 1202
5436 4 2 1 1 474 441 384 721
5437 4 2 1 1 399 396 397 856
5438 4 2 1 1 159 147 679 1177
5439 4 2 1 1 562 988 801 1208
5440 4 2 1 1 663 944 924 1026
5441 4 2 1 1 472 435 428 661
5442 4 2 1 1 554 1180 939 1217
5443 4 2 1 1 1122 1129 619 1228
5444 4 2 1 1 770 799 534 893
5445 4 2 1 1 484 391 1010 1220
5446 4 2 1 1 175 136 153 1033
5447 4 2 1 1 531 711 1065 1123
5448 4 2 1 1 761 1042 685 1076
5449 4 2 1 1 187 196 195 521
5450 4 2 1 1 131 93 107 685
5451 4 2 1 1 115 939 12 1079
5452 4 2 1 1 201 970 206 971
5453 4 2 1 1 543 1152 1097 716
5454 4 2 1 1 207 939 1180 1217
5455 4 2 1 1 156 1117 152 157
5456 4 2 1 1 743 925 617 926
5457 4 2 1 1 156 1117 157 1152
5458 4 2 1 1 383 503 442 839
5459 4 2 1 1 537 1075 796 1171
5460 4 2 1 1 189 206 231 953
5461 4 2 1 1 796 593 1120 1171
5462 4 2 1 1 145 679 146 147
5463 4 2 1 1 1248 218 66 1278
5464 4 2 1 1 1189 811 1047 819
5465 4 2 1 1 110 714 109 100
5466 4 2 1 1 170 1143 1250 1150
5467 4 2 1 1 169 139 42 716
5468 4 2 1 1 1114 1126 656 779
5469 4 2 1 1 1211 32 31 117
5470 4 2 1 1 538 830 1073 1151
5471 4 2 1 1 813 1172 651 1214
5472 4 2 1 1 564 993 776 1156
5473 4 2 1 1 652 1035 1008 1203
5474 4 2 1 1 108 107 731 1041
5475 4 2 1 1 214 878 213 196
5476 4 2 1 1 697 1031 924 1212
5477 4 2 1 1 247 992 249 1032
5478 4 2 1 1 377 378 376 1014
5479 4 2 1 1 204 190 194 976
5480 4 2 1 1 39 143 1260 182
5481 4 2 1 1 1046 1048 595 890
5482 4 2 1 1 560 663 837 1218
5483 4 2 1 1 519 808 786 1168
5484 4 2 1 1 110 714 100 1071
5485 4 2 1 1 634 1080 936 1116
5486 4 2 1 1 633 845 1133 1224
5487 4 2 1 1 966 1003 1124 371
5488 4 2 1 1 908 1083 749 522
5489 4 2 1 1 555 969 970 701
5490 4 2 1 1 108 107 115 731
5491 4 2 1 1 118 685 93 131
5492 4 2 1 1 572 1081 655 1144
5493 4 2 1 1 211 200 210 1144
5494 4 2 1 1 131 106 89 1076
5495 4 2 1 1 481 456 356 1160
5496 4 2 1 1 722 1085 953 539
5497 4 2 1 1 514 801 1166 1167
5498 4 2 1 1 613 1005 592 1022
5499 4 2 1 1 305 325 311 1147
5500 4 2 1 1 639 866 1066 1123
5501 4 2 1 1 633 1069 845 1224
5502 4 2 1 1 465 439 423 1102
5503 4 2 1 1 751 1081 694 1168
5504 4 2 1 1 1257 1266 755 279
5505 4 2 1 1 188 12 215 1079
5506 4 2 1 1 1224 1151 632 1006
5507 4 2 1 1 554 1085 898 1180
5508 4 2 1 1 795 979 1095 874
5509 4 2 1 1 479 489 444 932
5510 4 2 1 1 517 558 1037 1148
5511 4 2 1 1 1271 134 90 800
5512 4 2 1 1 1281 118 761 1104
5513 4 2 1 1 470 931 438 1173
5514 4 2 1 1 245 237 244 869
5515 4 2 1 1 93 939 685 1104
5516 4 2 1 1 576 1103 1033 1138
5517 4 2 1 1 138 1118 158 877
5518 4 2 1 1 151 592 175 1033
5519 4 2 1 1 914 825 237 869
5520 4 2 1 1 481 451 427 1214
5521 4 2 1 1 119 1052 1010 1220
5522 4 2 1 1 381 408 443 796
5523 4 2 1 1 278 263 993 1205
5524 4 2 1 1 108 102 107 1041
5525 4 2 1 1 197 1144 1040 655
5526 4 2 1 1 520 1212 1038 1213
5527 4 2 1 1 783 810 517 1148
5528 4 2 1 1 174 173 138 1232
5529 4 2 1 1 412 413 414 954
5530 4 2 1 1 1263 1173 1279 496
5531 4 2 1 1 524 984 936 1222
5532 4 2 1 1 1040 1144 197 200
5533 4 2 1 1 144 825 154 1036
5534 4 2 1 1 239 893 256 1089
5535 4 2 1 1 99 102 122 797
5536 4 2 1 1 997 1071 714 1218
5537 4 2 1 1 296 304 295 817
5538 4 2 1 1 215 939 207 1217
5539 4 2 1 1 617 926 925 983
5540 4 2 1 1 471 493 432 881
5541 4 2 1 1 210 228 185 859
5542 4 2 1 1 639 1066 1065 1123
5543 4 2 1 1 602 596 890 1207
5544 4 2 1 1 1207 836 597 890
5545 4 2 1 1 342 500 497 886
5546 4 2 1 1 431 455 482 1136
5547 4 2 1 1 159 150 147 1177
5548 4 2 1 1 456 1063 501 1160
5549 4 2 1 1 514 988 1234 801
5550 4 2 1 1 132 1292 1255 1104
5551 4 2 1 1 878 1210 647 1232
5552 4 2 1 1 409 462 405 1175
5553 4 2 1 1 714 1179 744 1227
5554 4 2 1 1 332 384 487 775
5555 4 2 1 1 148 657 147 1177
5556 4 2 1 1 374 381 371 1124
5557 4 2 1 1 1224 643 545 654
5558 4 2 1 1 710 989 807 1156
5559 4 2 1 1 807 1128 710 1156
5560 4 2 1 1 219 189 721 1226
5561 4 2 1 1 520 1044 1212 1213
5562 4 2 1 1 471 432 433 881
5563 4 2 1 1 630 1223 417 419
5564 4 2 1 1 878 1030 808 1221
5565 4 2 1 1 656 699 880 1114
5566 4 2 1 1 647 867 1210 878
5567 4 2 1 1 253 251 248 602
5568 4 2 1 1 657 880 148 154
5569 4 2 1 1 207 231 953 1180
5570 4 2 1 1 647 878 808 1221
5571 4 2 1 1 451 355 360 1214
5572 4 2 1 1 346 347 344 986
5573 4 2 1 1 209 694 210 1144
5574 4 2 1 1 1246 282 78 268
5575 4 2 1 1 911 743 639 1133
5576 4 2 1 1 498 439 465 1102
5577 4 2 1 1 1280 45 183 1109
5578 4 2 1 1 94 617 866 1237
5579 4 2 1 1 191 213 220 1210
5580 4 2 1 1 70 226 205 881
5581 4 2 1 1 622 1070 952 1233
5582 4 2 1 1 538 1041 1111 1151
5583 4 2 1 1 560 943 663 1218
5584 4 2 1 1 560 1026 663 1044
5585 4 2 1 1 359 447 449 1094
5586 4 2 1 1 20 133 105 927
5587 4 2 1 1 272 258 274 765
5588 4 2 1 1 389 761 335 1219
5589 4 2 1 1 208 202 718 1217
5590 4 2 1 1 466 403 470 805
5591 4 2 1 1 1207 906 1092 526
5592 4 2 1 1 609 1012 1107 1139
5593 4 2 1 1 195 197 198 948
5594 4 2 1 1 1012 1139 609 1140
5595 4 2 1 1 97 714 1179 100
5596 4 2 1 1 456 425 501 1063
5597 4 2 1 1 537 884 1042 1171
5598 4 2 1 1 297 294 303 904
5599 4 2 1 1 990 948 521 195
5600 4 2 1 1 260 776 259 250
5601 4 2 1 1 541 914 679 1142
5602 4 2 1 1 569 989 979 1095
5603 4 2 1 1 72 279 1257 271
5604 4 2 1 1 721 539 607 1226
5605 4 2 1 1 609 1107 1001 1139
5606 4 2 1 1 97 714 100 109
5607 4 2 1 1 626 849 817 1185
5608 4 2 1 1 1246 282 268 800
5609 4 2 1 1 138 173 36 1232
5610 4 2 1 1 165 682 976 1118
5611 4 2 1 1 433 431 482 757
5612 4 2 1 1 418 420 422 630
5613 4 2 1 1 418 417 419 630
5614 4 2 1 1 1237 770 265 243
5615 4 2 1 1 298 306 301 1213
5616 4 2 1 1 1263 119 1010 1220
5617 4 2 1 1 465 334 498 1103
5618 4 2 1 1 145 657 148 154
5619 4 2 1 1 234 203 186 790
5620 4 2 1 1 453 1216 1125 729
5621 4 2 1 1 254 906 248 1169
5622 4 2 1 1 42 43 169 1249
5623 4 2 1 1 100 99 907 1179
5624 4 2 1 1 694 867 1147 1221
5625 4 2 1 1 136 1103 1259 1138
5626 4 2 1 1 395 397 396 856
5627 4 2 1 1 636 1204 1132 507
5628 4 2 1 1 569 1166 801 1167
5629 4 2 1 1 257 258 252 1146
5630 4 2 1 1 458 466 340 927
5631 4 2 1 1 514 894 801 1234
5632 4 2 1 1 1125 1216 453 366
5633 4 2 1 1 250 776 247 1032
5634 4 2 1 1 783 810 581 1071
5635 4 2 1 1 633 1133 744 1179
5636 4 2 1 1 169 136 175 1033
5637 4 2 1 1 349 457 387 1101
5638 4 2 1 1 222 208 202 718
5639 4 2 1 1 897 989 807 1095
5640 4 2 1 1 208 207 202 1217
5641 4 2 1 1 189 231 218 953
5642 4 2 1 1 889 177 140 1273
5643 4 2 1 1 234 205 203 544
5644 4 2 1 1 245 248 992 1169
5645 4 2 1 1 369 367 365 1003
5646 4 2 1 1 35 1232 36 173
5647 4 2 1 1 225 588 201 971
5648 4 2 1 1 485 484 391 1010
5649 4 2 1 1 1010 1052 593 1220
5650 4 2 1 1 204 771 203 544
5651 4 2 1 1 151 613 152 592
5652 4 2 1 1 491 429 394 1176
5653 4 2 1 1 576 945 1108 1137
5654 4 2 1 1 258 265 238 1146
5655 4 2 1 1 1164 729 599 748
5656 4 2 1 1 124 1243 1079 88
5657 4 2 1 1 988 1208 679 1234
5658 4 2 1 1 191 1282 230 64
5659 4 2 1 1 837 714 1161 1218
5660 4 2 1 1 409 410 462 860
5661 4 2 1 1 205 882 204 544
5662 4 2 1 1 736 103 86 133
5663 4 2 1 1 81 269 236 1077
5664 4 2 1 1 475 412 414 954
5665 4 2 1 1 785 784 1137 1138
5666 4 2 1 1 520 692 1044 1213
5667 4 2 1 1 627 1134 974 512
5668 4 2 1 1 648 974 1134 512
5669 4 2 1 1 492 393 81 1077
5670 4 2 1 1 593 1076 884 1171
5671 4 2 1 1 330 319 313 1158
5672 4 2 1 1 487 430 332 827
5673 4 2 1 1 245 247 246 777
5674 4 2 1 1 191 1282 64 867
5675 4 2 1 1 401 466 458 805
5676 4 2 1 1 313 319 291 1158
5677 4 2 1 1 436 784 483 1109
5678 4 2 1 1 489 479 392 932
5679 4 2 1 1 340 404 20 927
5680 4 2 1 1 898 1085 623 1180
5681 4 2 1 1 398 410 409 860
5682 4 2 1 1 208 215 207 1217
5683 4 2 1 1 117 114 128 1211
5684 4 2 1 1 95 97 96 1227
5685 4 2 1 1 98 103 101 654
5686 4 2 1 1 785 1137 1033 1138
5687 4 2 1 1 559 1086 917 783
5688 4 2 1 1 210 185 212 859
5689 4 2 1 1 288 312 322 1087
5690 4 2 1 1 751 1082 1081 1168
5691 4 2 1 1 1245 326 1150 289
5692 4 2 1 1 312 319 322 980
5693 4 2 1 1 90 127 105 927
5694 4 2 1 1 1243 88 12 1079
5695 4 2 1 1 163 171 173 1210
5696 4 2 1 1 482 455 459 1004
5697 4 2 1 1 122 111 100 907
5698 4 2 1 1 280 241 1245 1150
5699 4 2 1 1 459 380 482 1225
5700 4 2 1 1 593 1076 1171 1219
5701 4 2 1 1 325 304 314 849
5702 4 2 1 1 145 147 148 657
5703 4 2 1 1 1006 1111 797 1151
5704 4 2 1 1 441 487 384 775
5705 4 2 1 1 138 36 37 1232
5706 4 2 1 1 626 667 1185 1192
5707 4 2 1 1 341 433 468 1016
5708 4 2 1 1 526 1092 787 1235
5709 4 2 1 1 560 837 663 1026
5710 4 2 1 1 51 1283 144 1036
5711 4 2 1 1 110 714 1071 1161
5712 4 2 1 1 436 465 424 784
5713 4 2 1 1 1250 280 1150 270
5714 4 2 1 1 93 1255 13 939
5715 4 2 1 1 278 263 259 993
5716 4 2 1 1 512 1053 642 1215
5717 4 2 1 1 101 797 654 1006
5718 4 2 1 1 168 716 41 139
5719 4 2 1 1 1251 326 315 1150
5720 4 2 1 1 527 951 1126 656
5721 4 2 1 1 141 180 1251 1150
5722 4 2 1 1 124 108 88 1079
5723 4 2 1 1 536 1122 1078 1228
5724 4 2 1 1 403 406 438 931
5725 4 2 1 1 785 183 155 1109
5726 4 2 1 1 520 989 979 1038
5727 4 2 1 1 380 345 468 1016
5728 4 2 1 1 88 115 12 1079
5729 4 2 1 1 353 356 351 1023
5730 4 2 1 1 128 110 85 1161
5731 4 2 1 1 161 160 162 958
5732 4 2 1 1 143 38 1260 976
5733 4 2 1 1 207 939 193 1180
5734 4 2 1 1 520 1044 924 1212
5735 4 2 1 1 466 470 404 736
5736 4 2 1 1 275 1077 269 1089
5737 4 2 1 1 202 207 206 970
5738 4 2 1 1 127 1261 20 927
5739 4 2 1 1 93 115 107 939
5740 4 2 1 1 349 387 347 1091
5741 4 2 1 1 297 296 294 904
5742 4 2 1 1 152 156 151 592
5743 4 2 1 1 165 976 157 1118
5744 4 2 1 1 207 231 206 953
5745 4 2 1 1 95 94 104 866
5746 4 2 1 1 761 1219 1076 1220
5747 4 2 1 1 514 988 801 1167
5748 4 2 1 1 1199 778 699 686
5749 4 2 1 1 1210 171 34 179
5750 4 2 1 1 479 373 480 999
5751 4 2 1 1 130 1262 22 120
5752 4 2 1 1 1245 326 289 77
5753 4 2 1 1 156 175 151 592
5754 4 2 1 1 953 539 721 1226
5755 4 2 1 1 18 496 1263 1279
5756 4 2 1 1 797 1111 1041 1151
5757 4 2 1 1 782 1117 157 1118
5758 4 2 1 1 214 878 196 1232
5759 4 2 1 1 12 115 13 939
5760 4 2 1 1 254 253 1092 255
5761 4 2 1 1 547 924 944 1026
5762 4 2 1 1 1245 241 280 77
5763 4 2 1 1 1033 592 169 886
5764 4 2 1 1 160 161 150 958
5765 4 2 1 1 1033 169 592 175
5766 4 2 1 1 218 231 193 1180
5767 4 2 1 1 1164 599 729 695
5768 4 2 1 1 612 951 945 1137
5769 4 2 1 1 582 1030 1081 1168
5770 4 2 1 1 99 654 101 797
5771 4 2 1 1 501 425 476 1063
5772 4 2 1 1 199 948 197 1040
5773 4 2 1 1 37 38 165 976
5774 4 2 1 1 167 135 178 1190
5775 4 2 1 1 711 640 1123 1159
5776 4 2 1 1 924 1026 697 1044
5777 4 2 1 1 438 392 496 1173
5778 4 2 1 1 92 114 117 1211
5779 4 2 1 1 206 225 971 1226
5780 4 2 1 1 421 478 472 1235
5781 4 2 1 1 786 582 1082 1168
5782 4 2 1 1 1281 132 1104 1292
5783 4 2 1 1 989 1095 897 1182
5784 4 2 1 1 140 144 154 1036
5785 4 2 1 1 1217 722 953 970
5786 4 2 1 1 1250 280 270 47
5787 4 2 1 1 127 20 105 927
5788 4 2 1 1 180 170 1250 1150
5789 4 2 1 1 262 260 261 1031
5790 4 2 1 1 466 404 340 927
5791 4 2 1 1 590 1101 1063 1160
5792 4 2 1 1 362 361 357 1163
5793 4 2 1 1 1006 102 797 1111
5794 4 2 1 1 130 1262 120 755
5795 4 2 1 1 1258 229 59 221
5796 4 2 1 1 1076 1219 593 1220
5797 4 2 1 1 1258 327 291 59
5798 4 2 1 1 1251 1286 1150 180
5799 4 2 1 1 202 970 718 1217
5800 4 2 1 1 35 1232 173 1210
5801 4 2 1 1 1081 1082 582 1168
5802 4 2 1 1 332 430 432 827
5803 4 2 1 1 457 501 387 1101
5804 4 2 1 1 1251 141 58 180
5805 4 2 1 1 190 204 205 882
5806 4 2 1 1 593 1171 796 1219
5807 4 2 1 1 196 213 209 878
5808 4 2 1 1 564 1182 924 1212
5809 4 2 1 1 884 1076 1042 1171
5810 4 2 1 1 196 878 521 1232
5811 4 2 1 1 35 220 214 1210
5812 4 2 1 1 248 247 245 992
5813 4 2 1 1 1240 493 332 69
5814 4 2 1 1 336 388 345 887
5815 4 2 1 1 426 1235 478 787
5816 4 2 1 1 255 284 253 1092
5817 4 2 1 1 1255 13 14 93
5818 4 2 1 1 149 148 147 1177
5819 4 2 1 1 304 299 314 849
5820 4 2 1 1 576 1033 1137 1138
5821 4 2 1 1 348 349 347 1091
5822 4 2 1 1 602 879 991 596
5823 4 2 1 1 1217 953 722 1180
5824 4 2 1 1 199 202 201 969
5825 4 2 1 1 194 190 38 976
5826 4 2 1 1 204 882 771 544
5827 4 2 1 1 119 106 1052 1220
5828 4 2 1 1 273 274 267 902
5829 4 2 1 1 1235 428 661 472
5830 4 2 1 1 202 969 718 970
5831 4 2 1 1 159 147 146 679
5832 4 2 1 1 774 745 1223 1235
5833 4 2 1 1 711 944 640 1159
5834 4 2 1 1 218 65 1278 232
5835 4 2 1 1 482 380 433 1016
5836 4 2 1 1 1253 329 316 53
5837 4 2 1 1 130 1252 33 1266
5838 4 2 1 1 694 1168 1030 1221
5839 4 2 1 1 737 1034 819 1228
5840 4 2 1 1 183 136 1259 1138
5841 4 2 1 1 569 979 874 1095
5842 4 2 1 1 1259 436 1138 334
5843 4 2 1 1 943 693 1188 1218
5844 4 2 1 1 979 989 569 1038
5845 4 2 1 1 245 869 254 1169
5846 4 2 1 1 250 249 272 1032
5847 4 2 1 1 412 411 413 1149
5848 4 2 1 1 1006 102 1111 106
5849 4 2 1 1 153 148 151 1022
5850 4 2 1 1 489 438 406 931
5851 4 2 1 1 655 1081 1030 1144
5852 4 2 1 1 782 546 1117 1118
5853 4 2 1 1 1284 28 129 91
5854 4 2 1 1 206 970 953 1226
5855 4 2 1 1 260 250 261 1031
5856 4 2 1 1 105 133 103 736
5857 4 2 1 1 145 679 147 657
5858 4 2 1 1 336 1027 342 716
5859 4 2 1 1 309 320 290 1211
5860 4 2 1 1 877 1029 682 1118
5861 4 2 1 1 437 474 338 840
5862 4 2 1 1 47 170 1250 180
5863 4 2 1 1 531 1065 1066 1123
5864 4 2 1 1 665 626 1185 1192
5865 4 2 1 1 665 1185 756 1192
5866 4 2 1 1 564 989 897 1182
5867 4 2 1 1 254 244 240 1036
5868 4 2 1 1 311 325 285 1147
5869 4 2 1 1 147 150 149 1177
5870 4 2 1 1 130 1252 92 33
5871 4 2 1 1 70 205 234 881
5872 4 2 1 1 654 1006 797 1224
5873 4 2 1 1 913 828 669 668
5874 4 2 1 1 756 1185 667 1192
5875 4 2 1 1 269 81 80 1077
5876 4 2 1 1 98 654 99 1179
5877 4 2 1 1 1281 132 1292 15
5878 4 2 1 1 718 970 969 701
5879 4 2 1 1 463 500 344 1027
5880 4 2 1 1 16 89 17 1220
5881 4 2 1 1 1194 955 1163 611
5882 4 2 1 1 514 988 1167 1142
5883 4 2 1 1 254 245 244 869
5884 4 2 1 1 436 483 45 1109
5885 4 2 1 1 451 360 427 1214
5886 4 2 1 1 241 263 266 1205
5887 4 2 1 1 45 1287 177 1109
5888 4 2 1 1 199 197 200 1040
5889 4 2 1 1 581 810 783 1148
5890 4 2 1 1 345 887 468 1016
5891 4 2 1 1 94 95 87 866
5892 4 2 1 1 496 392 485 1010
5893 4 2 1 1 560 837 1161 1218
5894 4 2 1 1 1075 1171 761 1219
5895 4 2 1 1 86 125 1051 1052
5896 4 2 1 1 206 971 970 1226
5897 4 2 1 1 93 13 115 939
5898 4 2 1 1 247 250 259 776
5899 4 2 1 1 185 62 61 1241
5900 4 2 1 1 53 142 1253 179
5901 4 2 1 1 239 268 281 799
5902 4 2 1 1 623 1085 953 1180
5903 4 2 1 1 581 1161 1071 1218
5904 4 2 1 1 36 214 187 1232
5905 4 2 1 1 1238 74 235 75
5906 4 2 1 1 913 828 668 908
5907 4 2 1 1 1240 234 69 186
5908 4 2 1 1 1194 1163 955 740
5909 4 2 1 1 151 175 153 1033
5910 4 2 1 1 470 1256 736 1173
5911 4 2 1 1 51 144 140 1036
5912 4 2 1 1 250 247 249 1032
5913 4 2 1 1 24 25 87 1236
5914 4 2 1 1 124 1243 88 123
5915 4 2 1 1 164 166 170 1143
5916 4 2 1 1 405 400 409 1175
5917 4 2 1 1 1281 132 15 118
5918 4 2 1 1 91 112 113 1231
5919 4 2 1 1 253 248 254 906
5920 4 2 1 1 417 418 416 630
5921 4 2 1 1 38 39 143 1260
5922 4 2 1 1 107 1041 102 1111
5923 4 2 1 1 1272 182 168 40
5924 4 2 1 1 381 443 371 1124
5925 4 2 1 1 1224 643 654 1006
5926 4 2 1 1 222 199 200 1040
5927 4 2 1 1 275 596 251 1207
5928 4 2 1 1 106 101 125 1006
5929 4 2 1 1 514 988 1142 1234
5930 4 2 1 1 215 193 207 939
5931 4 2 1 1 390 461 452 1104
5932 4 2 1 1 25 26 94 1237
5933 4 2 1 1 335 17 391 1220
5934 4 2 1 1 344 345 346 986
5935 4 2 1 1 51 240 244 1036
5936 4 2 1 1 1014 863 379 378
5937 4 2 1 1 785 183 1109 1138
5938 4 2 1 1 257 265 258 1146
5939 4 2 1 1 97 714 109 1227
5940 4 2 1 1 581 855 810 1148
5941 4 2 1 1 1283 50 51 144
5942 4 2 1 1 394 499 492 1176
5943 4 2 1 1 1242 55 56 135
5944 4 2 1 1 914 49 50 137
5945 4 2 1 1 27 26 1271 90
5946 4 2 1 1 260 776 250 1031
5947 4 2 1 1 887 960 543 716
5948 4 2 1 1 158 157 1117 1118
5949 4 2 1 1 480 408 484 1219
5950 4 2 1 1 322 321 288 1087
5951 4 2 1 1 1272 182 40 1288
5952 4 2 1 1 146 166 164 1143
5953 4 2 1 1 215 13 193 939
5954 4 2 1 1 45 155 183 1109
5955 4 2 1 1 12 11 88 1243
5956 4 2 1 1 156 1152 181 716
5957 4 2 1 1 1244 276 83 84
5958 4 2 1 1 339 483 428 1109
5959 4 2 1 1 139 181 168 716
5960 4 2 1 1 459 348 346 1225
5961 4 2 1 1 302 322 319 980
5962 4 2 1 1 257 252 256 893
5963 4 2 1 1 249 247 248 992
5964 4 2 1 1 562 1190 988 1208
5965 4 2 1 1 178 164 167 1190
5966 4 2 1 1 30 31 85 1265
5967 4 2 1 1 364 361 362 1163
5968 4 2 1 1 499 1077 492 1176
5969 4 2 1 1 331 426 467 787
5970 4 2 1 1 33 32 1252 92
5971 4 2 1 1 38 143 165 976
5972 4 2 1 1 497 343 498 1103
5973 4 2 1 1 867 191 63 64
5974 4 2 1 1 205 204 203 544
5975 4 2 1 1 209 200 197 1144
5976 4 2 1 1 206 953 189 1226
5977 4 2 1 1 278 266 263 1205
5978 4 2 1 1 694 1030 878 1221
5979 4 2 1 1 181 156 157 1152
5980 4 2 1 1 260 776 1031 993
5981 4 2 1 1 136 1259 44 183
5982 4 2 1 1 694 1081 1030 1168
5983 4 2 1 1 155 154 153 785
5984 4 2 1 1 198 197 199 948
5985 4 2 1 1 685 1042 898 731
5986 4 2 1 1 204 198 203 771
5987 4 2 1 1 468 345 388 887
5988 4 2 1 1 467 426 478 787
5989 4 2 1 1 100 99 122 907
5990 4 2 1 1 119 106 125 1052
5991 4 2 1 1 284 1276 82 236
5992 4 2 1 1 196 948 195 521
5993 4 2 1 1 158 165 157 1118
5994 4 2 1 1 466 401 403 805
5995 4 2 1 1 154 144 145 825
5996 4 2 1 1 1258 59 60 221
5997 4 2 1 1 77 1245 241 76
5998 4 2 1 1 209 210 694 228
5999 4 2 1 1 1257 73 72 271
6000 4 2 1 1 457 456 501 1160
6001 4 2 1 1 1281 132 118 1104
6002 4 2 1 1 88 108 115 1079
6003 4 2 1 1 1259 436 334 44
6004 4 2 1 1 495 437 338 840
6005 4 2 1 1 431 386 455 1136
6006 4 2 1 1 150 159 160 1208
6007 4 2 1 1 519 808 1168 1221
6008 4 2 1 1 1243 10 11 123
6009 4 2 1 1 113 124 123 930
6010 4 2 1 1 761 1171 1076 1219
6011 4 2 1 1 19 133 1279 86
6012 4 2 1 1 564 989 1182 1212
6013 4 2 1 1 785 1033 153 1138
6014 4 2 1 1 907 1179 797 633
6015 4 2 1 1 797 1179 907 99
6016 4 2 1 1 1041 731 1073 538
6017 4 2 1 1 708 1037 930 517
6018 4 2 1 1 436 424 483 784
6019 4 2 1 1 236 275 253 1207
6020 4 2 1 1 69 68 1240 186
6021 4 2 1 1 45 177 155 1109
6022 4 2 1 1 1246 268 78 79
6023 4 2 1 1 924 1044 697 1212
6024 4 2 1 1 201 206 225 971
6025 4 2 1 1 253 275 251 1207
6026 4 2 1 1 1275 233 71 226
6027 4 2 1 1 581 1148 783 1231
6028 4 2 1 1 457 356 456 1160
6029 4 2 1 1 102 108 122 1041
6030 4 2 1 1 165 143 157 976
6031 4 2 1 1 207 193 231 1180
6032 4 2 1 1 520 1182 989 1212
6033 4 2 1 1 152 158 157 1117
6034 4 2 1 1 1269 24 23 116
6035 4 2 1 1 989 1038 520 1212
6036 4 2 1 1 459 346 380 1225
6037 4 2 1 1 45 483 339 1109
6038 4 2 1 1 10 9 121 1239
$EndElements
