$MeshFormat
2.2 0 8
$EndMeshFormat
$PhysicalNames
1
3 1 "tissue"
$EndPhysicalNames
$Nodes
971
1 0 0 0.08
2 0 0 0
3 0 0.08 0.08
4 0 0.08 0
5 0.08 0 0.08
6 0.08 0 0
7 0.08 0.08 0.08
8 0.08 0.08 0
9 0 0 0.01142857142857141
10 0 0 0.0228571428571428
11 0 0 0.03428571428571419
12 0 0 0.04571428571428559
13 0 0 0.05714285714285704
14 0 0 0.06857142857142852
15 0 0.01142857142857141 0.08
16 0 0.0228571428571428 0.08
17 0 0.03428571428571419 0.08
18 0 0.04571428571428559 0.08
19 0 0.05714285714285704 0.08
20 0 0.06857142857142852 0.08
21 0 0.08 0.01142857142857141
22 0 0.08 0.0228571428571428
23 0 0.08 0.03428571428571419
24 0 0.08 0.04571428571428559
25 0 0.08 0.05714285714285704
26 0 0.08 0.06857142857142852
27 0 0.01142857142857141 0
28 0 0.0228571428571428 0
29 0 0.03428571428571419 0
30 0 0.04571428571428559 0
31 0 0.05714285714285704 0
32 0 0.06857142857142852 0
33 0.08 0 0.01142857142857141
34 0.08 0 0.0228571428571428
35 0.08 0 0.03428571428571419
36 0.08 0 0.04571428571428559
37 0.08 0 0.05714285714285704
38 0.08 0 0.06857142857142852
39 0.08 0.01142857142857141 0.08
40 0.08 0.0228571428571428 0.08
41 0.08 0.03428571428571419 0.08
42 0.08 0.04571428571428559 0.08
43 0.08 0.05714285714285704 0.08
44 0.08 0.06857142857142852 0.08
45 0.08 0.08 0.01142857142857141
46 0.08 0.08 0.0228571428571428
47 0.08 0.08 0.03428571428571419
48 0.08 0.08 0.04571428571428559
49 0.08 0.08 0.05714285714285704
50 0.08 0.08 0.06857142857142852
51 0.08 0.01142857142857141 0
52 0.08 0.0228571428571428 0
53 0.08 0.03428571428571419 0
54 0.08 0.04571428571428559 0
55 0.08 0.05714285714285704 0
56 0.08 0.06857142857142852 0
57 0.01142857142857141 0 0
58 0.0228571428571428 0 0
59 0.03428571428571419 0 0
60 0.04571428571428559 0 0
61 0.05714285714285704 0 0
62 0.06857142857142852 0 0
63 0.01142857142857141 0 0.08
64 0.0228571428571428 0 0.08
65 0.03428571428571419 0 0.08
66 0.04571428571428559 0 0.08
67 0.05714285714285704 0 0.08
68 0.06857142857142852 0 0.08
69 0.01142857142857141 0.08 0
70 0.0228571428571428 0.08 0
71 0.03428571428571419 0.08 0
72 0.04571428571428559 0.08 0
73 0.05714285714285704 0.08 0
74 0.06857142857142852 0.08 0
75 0.01142857142857141 0.08 0.08
76 0.0228571428571428 0.08 0.08
77 0.03428571428571419 0.08 0.08
78 0.04571428571428559 0.08 0.08
79 0.05714285714285704 0.08 0.08
80 0.06857142857142852 0.08 0.08
81 0 0.0397078969803599 0.009832045981348941
82 0 0.03991082957416321 0.06996909340914348
83 0 0.06921624058144235 0.03924814491767438
84 0 0.01120685053612115 0.03968654573665948
85 0 0.07039402435542953 0.06320420468348693
86 0 0.009703288536842608 0.06308249696987302
87 0 0.06282839513497147 0.009488627306479491
88 0 0.009598089394970158 0.01654597073959284
89 0 0.05142857142857132 0.07010256681389217
90 0 0.0457142857142856 0.0597102619684789
91 0 0.03384838301845384 0.05981975923737902
92 0 0.03958769659249584 0.04940432564319445
93 0 0.05116370123218368 0.04900858634418612
94 0 0.04534860916430506 0.03889412710546482
95 0 0.03344451914088176 0.0390853136494655
96 0 0.03925830571783796 0.02863176159473191
97 0 0.05125696558589867 0.02845299613481786
98 0 0.02804300904927047 0.02938806529837574
99 0 0.05897206539161659 0.05885885542793782
100 0 0.02812282878526878 0.04924077513744807
101 0 0.02082127870606096 0.05891345730927563
102 0 0.05689755261783871 0.03859768209204144
103 0 0.0629901695818809 0.02854029243690706
104 0 0.06995441594471659 0.05197938841745038
105 0 0.0284602610958897 0.07005643686851064
106 0 0.01003235824674879 0.05206831005203797
107 0 0.05127271696442129 0.009671900762647701
108 0 0.02822641417063546 0.009609657611929565
109 0 0.01026580922397711 0.02718579790453309
110 0 0.02297161907759245 0.03934165687184019
111 0 0.0629030431706587 0.07079595794201486
112 0 0.01708739004789642 0.07079104524167919
113 0 0.06996024316240905 0.01800232798405933
114 0 0.01714285714285711 0.009150185861511166
115 0 0.02070724111882383 0.02033914648231442
116 0 0.0572385231190382 0.01893970502505768
117 0 0.04512264828464785 0.01948208552543465
118 0 0.03312473359751197 0.0197153239904433
119 0 0.0611441653398111 0.04770798261846054
120 0 0.07260022603821104 0.02857142857142849
121 0 0.01863098707035843 0.04785014902145227
122 0 0.07169189411937073 0.07169189411937073
123 0 0.008308105880629199 0.008308105880629199
124 0 0.008308105880629212 0.07169189411937077
125 0 0.07169189411937078 0.008308105880629217
126 0 0.018638905801157 0.03118824245874458
127 0.08 0.0397078969803599 0.009832045981348932
128 0.08 0.03991082957416321 0.06996909340914348
129 0.08 0.06921624058144234 0.03924814491767438
130 0.08 0.01117452789189271 0.03972240442208787
131 0.08 0.07039402435542953 0.06320420468348693
132 0.08 0.009703288536842606 0.063082496969873
133 0.08 0.06282839513497147 0.009488627306479491
134 0.08 0.01649709664477618 0.00960128498567212
135 0.08 0.05142857142857132 0.07010256681389217
136 0.08 0.0457142857142856 0.0597102619684789
137 0.08 0.03384838301845383 0.05981975923737903
138 0.08 0.03958769659249583 0.04940432564319445
139 0.08 0.05116370123218369 0.04900858634418612
140 0.08 0.04534860916430506 0.03889412710546482
141 0.08 0.03344451914088176 0.03908531364946549
142 0.08 0.03925830571783797 0.02863176159473192
143 0.08 0.05125696558589867 0.02845299613481788
144 0.08 0.02733625583180682 0.02940709793755109
145 0.08 0.0589720653916166 0.05885885542793782
146 0.08 0.02812282878526878 0.04924077513744807
147 0.08 0.02082127870606096 0.05891345730927563
148 0.08 0.05689755261783871 0.03859768209204145
149 0.08 0.0629901695818809 0.02854029243690707
150 0.08 0.06995441594471659 0.05197938841745038
151 0.08 0.0284602610958897 0.07005643686851064
152 0.08 0.01002697113937738 0.05207428649960936
153 0.08 0.05127271696442129 0.009671900762647699
154 0.08 0.009552562627620562 0.02788291119667579
155 0.08 0.02752328827247985 0.01023466144365049
156 0.08 0.02281073001571059 0.03939264055894062
157 0.08 0.0629030431706587 0.07079595794201486
158 0.08 0.01708739004789641 0.07079104524167919
159 0.08 0.06996024316240905 0.01800232798405934
160 0.08 0.009150185861511164 0.01714285714285711
161 0.08 0.0572385231190382 0.01893970502505768
162 0.08 0.04512264828464785 0.01948208552543465
163 0.08 0.03293592339275107 0.01997449436452594
164 0.08 0.01975375878858555 0.02118361430726273
165 0.08 0.06114416533981109 0.04770798261846054
166 0.08 0.07260022603821104 0.0285714285714285
167 0.08 0.01859126730766208 0.04786871278547231
168 0.08 0.07169189411937073 0.07169189411937073
169 0.08 0.008308105880629198 0.008308105880629198
170 0.08 0.008308105880629212 0.07169189411937078
171 0.08 0.07169189411937078 0.008308105880629217
172 0.08 0.01818212409164388 0.03137839113687806
173 0.009832045981348932 0 0.0397078969803599
174 0.06996909340914348 0 0.03991082957416321
175 0.03924814491767438 0 0.06921624058144234
176 0.03972240442208787 0 0.01117452789189271
177 0.07068660943097407 0 0.062877851865708
178 0.063082496969873 0 0.009703288536842606
179 0.00960128498567212 0 0.01649709664477618
180 0.009488627306479491 0 0.06282839513497149
181 0.06997233626733922 0 0.05149044263413852
182 0.0596970909540834 0 0.04569615646361264
183 0.0598175640683131 0 0.033845361476675
184 0.04940176461261755 0 0.03958417146042053
185 0.04899386268589632 0 0.05113842607695233
186 0.03889124632398704 0 0.04534380911642062
187 0.0390844066807897 0 0.03344313161088847
188 0.02863176159473192 0 0.03925830571783797
189 0.02845299613481788 0 0.05125696558589867
190 0.02940702081436437 0 0.02733613784456249
191 0.04923983127606163 0 0.02812150641796087
192 0.05891300887635385 0 0.02082065814761999
193 0.03859474801874685 0 0.05689254008398609
194 0.0285398034246913 0 0.06298933415957214
195 0.05876337089178109 0 0.0590427747618005
196 0.05190563069036689 0 0.07004216580359045
197 0.07005632217662933 0 0.02846010308446131
198 0.009671900762647699 0 0.05127271696442129
199 0.05207421176078907 0 0.01002686771297056
200 0.02788291119667579 0 0.009552562627620562
201 0.01023466144365049 0 0.02752328827247985
202 0.03939231923339913 0 0.02281025870161967
203 0.06285714285714276 0 0.07084981413848877
204 0.07079102081067809 0 0.01708735626987556
205 0.01800227808485364 0 0.06996015791523469
206 0.01714285714285711 0 0.009150185861511164
207 0.01893961520648744 0 0.05723836967412435
208 0.01948208552543465 0 0.04512264828464785
209 0.01997448151066149 0 0.03293590372821035
210 0.02118360512593098 0 0.01975374474248504
211 0.04770798261846054 0 0.06114416533981109
212 0.0285714285714285 0 0.07260022603821104
213 0.04786835511373832 0 0.01859076377441276
214 0.07169189411937073 0 0.07169189411937073
215 0.008308105880629198 0 0.008308105880629198
216 0.07169189411937078 0 0.008308105880629212
217 0.008308105880629205 0 0.0716918941193708
218 0.03137833290401236 0 0.01818203789915306
219 0.009832045981348932 0.08 0.0397078969803599
220 0.06996909340914348 0.08 0.03991082957416321
221 0.03924814491767438 0.08 0.06921624058144234
222 0.03972240442208787 0.08 0.01117452789189271
223 0.07068660943097407 0.08 0.062877851865708
224 0.009488627306479491 0.08 0.06282839513497147
225 0.063082496969873 0.08 0.009703288536842606
226 0.00960128498567212 0.08 0.01649709664477618
227 0.06997233626733922 0.08 0.05149044263413852
228 0.0596970909540834 0.08 0.04569615646361264
229 0.0598175640683131 0.08 0.033845361476675
230 0.04940176461261755 0.08 0.03958417146042053
231 0.04899386268589632 0.08 0.05113842607695233
232 0.03889124632398704 0.08 0.04534380911642062
233 0.0390844066807897 0.08 0.03344313161088847
234 0.02863176159473192 0.08 0.03925830571783797
235 0.02845299613481788 0.08 0.05125696558589867
236 0.02940702081436437 0.08 0.02733613784456249
237 0.04923983127606163 0.08 0.02812150641796087
238 0.05891300887635385 0.08 0.02082065814761999
239 0.03859474801874685 0.08 0.05689254008398609
240 0.0285398034246913 0.08 0.06298933415957214
241 0.05876337089178109 0.08 0.0590427747618005
242 0.05190563069036689 0.08 0.07004216580359045
243 0.07005632217662933 0.08 0.02846010308446131
244 0.009671900762647699 0.08 0.05127271696442129
245 0.05207421176078907 0.08 0.01002686771297056
246 0.02788291119667579 0.08 0.009552562627620562
247 0.01023466144365049 0.08 0.02752328827247985
248 0.03939231923339913 0.08 0.02281025870161967
249 0.06285714285714276 0.08 0.07084981413848877
250 0.07079102081067809 0.08 0.01708735626987556
251 0.01800227808485365 0.08 0.06996015791523469
252 0.01714285714285711 0.08 0.009150185861511164
253 0.01893961520648744 0.08 0.05723836967412435
254 0.01948208552543465 0.08 0.04512264828464785
255 0.01997448151066149 0.08 0.03293590372821035
256 0.02118360512593098 0.08 0.01975374474248504
257 0.04770798261846054 0.08 0.06114416533981109
258 0.0285714285714285 0.08 0.07260022603821104
259 0.04786835511373832 0.08 0.01859076377441276
260 0.07169189411937073 0.08 0.07169189411937073
261 0.008308105880629198 0.08 0.008308105880629198
262 0.07169189411937078 0.08 0.008308105880629212
263 0.008308105880629217 0.08 0.07169189411937078
264 0.03137833290401236 0.08 0.01818203789915306
265 0.03968603227271829 0.01120631394864601 0
266 0.03924866340513808 0.06921627484340813 0
267 0.06996909340914348 0.03991082957416321 0
268 0.009832045981348935 0.03970789698035991 0
269 0.06326395504321899 0.07038824724804711 0
270 0.009488628167187436 0.06282848820243486 0
271 0.06308102438485394 0.009702845874423403 0
272 0.01654597073959284 0.009598089394970158 0
273 0.07007138906245147 0.05150288011676855 0
274 0.059748025009289 0.04566260228272959 0
275 0.05981959522979227 0.03383848734658921 0
276 0.04941196411529885 0.03957065597486044 0
277 0.04907629956861571 0.05114643066511836 0
278 0.03890690905076548 0.04534287160196769 0
279 0.03908514547128195 0.03344030862928932 0
280 0.02863176159473192 0.039258305717838 0
281 0.02845299613481788 0.0512569655858987 0
282 0.02938803726867845 0.02804230729733843 0
283 0.05887815322415665 0.05897198754341813 0
284 0.04923850754393501 0.02811614401469074 0
285 0.05891238610446033 0.02081831024646269 0
286 0.03861156594106976 0.0568937518203995 0
287 0.02854269451330998 0.06298975506157731 0
288 0.05199282214135294 0.06995342540918363 0
289 0.009671902593086593 0.05127291488789341 0
290 0.07005638327919013 0.02845970298939489 0
291 0.05206720146847733 0.0100310742764457 0
292 0.009609657611929558 0.02822641417063548 0
293 0.02718571232720954 0.01026571979273126 0
294 0.0393405616196863 0.02296897078860852 0
295 0.07079803478519263 0.06290601301536822 0
296 0.07079093255516164 0.01708721784410493 0
297 0.01800257421457324 0.06996034091351226 0
298 0.009150185861511164 0.01714285714285711 0
299 0.02033913025274 0.02070712809265557 0
300 0.01894014685806829 0.05723851882266073 0
301 0.01948208552543464 0.04512264828464788 0
302 0.01971532399044328 0.03312473359751204 0
303 0.04770901831846129 0.06114404282022847 0
304 0.02857142857142849 0.07260041097849348 0
305 0.04784893780185545 0.01862816265497073 0
306 0.07169189411937073 0.07169189411937073 0
307 0.008308105880629198 0.008308105880629198 0
308 0.008308105880629212 0.07169189411937077 0
309 0.07169189411937078 0.008308105880629217 0
310 0.03118789474820652 0.01863808798399596 0
311 0.007837044522420759 0.04001509038513763 0.08
312 0.07066790696510883 0.03955667820431333 0.08
313 0.03779605640705649 0.07021976526103839 0.08
314 0.03831413691302005 0.0090021179433592 0.08
315 0.06209461019232482 0.07021163895049365 0.08
316 0.01025914630336324 0.06126074490187583 0.08
317 0.06067033255830318 0.010633165980946 0.08
318 0.01714285714285711 0.009897433186107836 0.08
319 0.05319891460642943 0.0702202451373711 0.08
320 0.04578071943551349 0.06240404211292291 0.08
321 0.05724171860160404 0.06241724469034195 0.08
322 0.06391381564345648 0.0614152327956031 0.08
323 0.06245928701635044 0.05347444440213146 0.08
324 0.05453956610542864 0.0539583018347704 0.08
325 0.05228206185665218 0.007585691758798065 0.08
326 0.04588846639630101 0.01701346408325489 0.08
327 0.05797955459930478 0.01806690688390088 0.08
328 0.06382983379477022 0.01886714097612152 0.08
329 0.06367633267142817 0.02701186066871757 0.08
330 0.05406266964859331 0.02701387882672588 0.08
331 0.008452536531242234 0.05288580814466835 0.08
332 0.01807574295621406 0.04536421107815571 0.08
333 0.01716404033556871 0.05798616301568485 0.08
334 0.0186065638025262 0.06393160943067612 0.08
335 0.02656881643382852 0.06275465094674548 0.08
336 0.02595175305069224 0.05359573743807292 0.08
337 0.03046137466048081 0.00882483233519224 0.08
338 0.02397064084176882 0.01844823097688033 0.08
339 0.03414556196201916 0.0150444550893185 0.08
340 0.009458042900166507 0.02664537892871396 0.08
341 0.01760746456070412 0.03428571428571418 0.08
342 0.07161842266426803 0.04972209055695804 0.08
343 0.0299282366140621 0.07137468997113136 0.08
344 0.07218208862084549 0.03004667414660428 0.08
345 0.009007098747690779 0.01720455387698176 0.08
346 0.0640143040293111 0.04525376941630824 0.08
347 0.06267262428219572 0.0385119262515269 0.08
348 0.05812848555928015 0.04250736785711137 0.08
349 0.05702093517773955 0.03705817330846893 0.08
350 0.05313627376467767 0.04047040702340714 0.08
351 0.05205804290786423 0.03552854680857163 0.08
352 0.04834666154162787 0.0389003488571773 0.08
353 0.04726456903506895 0.0340382975490372 0.08
354 0.04359358198086154 0.03742353833142297 0.08
355 0.04466321310099305 0.04227459602154861 0.08
356 0.03991576054398326 0.04080787091857552 0.08
357 0.03882765732866744 0.03593435642591809 0.08
358 0.0410095731730116 0.045686390034477 0.08
359 0.03514878278287142 0.03932043991360635 0.08
360 0.03405596324643371 0.03444246725163437 0.08
361 0.03773414825498151 0.03105580833514301 0.08
362 0.03037757205786742 0.03782912562093126 0.08
363 0.02928395886074562 0.03295043212877218 0.08
364 0.03147137292220022 0.04270796866722966 0.08
365 0.04571105041376284 0.04716113452683475 0.08
366 0.04210945669285198 0.050571499013018 0.08
367 0.03733634422383639 0.04907816946408597 0.08
368 0.03843084256686173 0.05395792920215052 0.08
369 0.02669938966069508 0.04121597641604376 0.08
370 0.05402591513974288 0.04556153406237086 0.08
371 0.02800211806616738 0.04599166564199088 0.08
372 0.04660698656500252 0.05211854459545839 0.08
373 0.03374177373992999 0.05239596058922606 0.08
374 0.03483403423862708 0.05730444228892782 0.08
375 0.03941382258025489 0.0586951707172875 0.08
376 0.0359804661019157 0.06278741158749111 0.08
377 0.05542350324530453 0.03198161355306234 0.08
378 0.05879966189604247 0.04830049932193597 0.08
379 0.02576344802250006 0.03630172562786926 0.08
380 0.0243431866128166 0.03113157459334867 0.08
381 0.02816202320576382 0.0280170963451529 0.08
382 0.0212721268241634 0.03949066113645906 0.08
383 0.02320925141289745 0.02521346892039272 0.08
384 0.02344046822972413 0.04519044541673783 0.08
385 0.02085829397465408 0.0490082693206593 0.08
386 0.01503779362779625 0.03991372947000242 0.08
387 0.03295752405534481 0.02955459908730761 0.08
388 0.03669379319312663 0.02623412954965244 0.08
389 0.04142124516279045 0.02767849594546445 0.08
390 0.0403189243398462 0.02279024002396412 0.08
391 0.04481877065914867 0.02456898283828469 0.08
392 0.04298672031137216 0.05527063684324743 0.08
393 0.04751281212751834 0.05741901496379367 0.08
394 0.03190689131067034 0.02480312453173927 0.08
395 0.03624119985292548 0.0441979671317138 0.08
396 0.03263050606042986 0.04750264679040431 0.08
397 0.04250418322339579 0.0325484454422129 0.08
398 0.04607349283214601 0.02922448907653197 0.08
399 0.05073695564029902 0.03060565255477107 0.08
400 0.02727326866338166 0.02324285653213314 0.08
401 0.01673514252043274 0.02094379453570828 0.08
402 0.04936206457845903 0.04385099037466055 0.08
403 0.05009139981531194 0.04871002887754614 0.08
404 0.06047778762846037 0.03289656693169907 0.08
405 0.04926270411241754 0.02569750923793969 0.08
406 0.05325887823875426 0.02189236848588384 0.08
407 0.02932777603179912 0.05074033796669156 0.08
408 0.01776662429600992 0.02920904714645759 0.08
409 0.02927235087206509 0.05652923197688722 0.08
410 0.0502721112854517 0.06305941232148411 0.08
411 0.04135220539015901 0.06364183571908 0.08
412 0.03172488487045898 0.06106717516424059 0.08
413 0.0544885680887827 0.04972043792382546 0.08
414 0.04055331936093059 0.01683445869353448 0.08
415 0.03571320803187498 0.02097941428322979 0.08
416 0.03048227847245345 0.01972757783773658 0.08
417 0.01585127162311321 0.05162478037456183 0.08
418 0.0660498021683151 0.03347143715293389 0.08
419 0.07096168080745383 0.0106710150160738 0.08
420 0.01056524887421079 0.07107704547070025 0.08
421 0.07121305738790513 0.0695168481011202 0.08
422 0.008366294943644291 0.008366294943644293 0.08
423 0.05203989059130705 0.01556069594148149 0.08
424 0.02147345054119658 0.03424057547718058 0.08
425 0.02851105695092201 0.0147784918876445 0.08
426 0.05089661142167454 0.05323592541055492 0.08
427 0.02488525697453089 0.04977329109568227 0.08
428 0.05827959959716753 0.02845129153215575 0.08
429 0.05843936913870869 0.02358854661414344 0.08
430 0.05767122586374142 0.05242709857269082 0.08
431 0.05799432484309736 0.05686359109391219 0.08
432 0.03208093272095791 0.06587699646726185 0.08
433 0.02389382009804324 0.01131618042871223 0.08
434 0.04568571547314928 0.06825755009198274 0.08
435 0.01087573154346442 0.04591965086113525 0.08
436 0.04579869347208274 0.01099940473673802 0.08
437 0.01128449498451626 0.03405911241695665 0.08
438 0.04814095552293855 0.02091341206880954 0.08
439 0.05261781281922386 0.05766083521242905 0.08
440 0.02330448984484383 0.05820734756070672 0.08
441 0.04338400070257173 0.05933792187920057 0.08
442 0.043944087255833 0.02042411154156954 0.08
443 0.01293174869832185 0.05593937410919771 0.08
444 0.07153409711866335 0.05997381692834972 0.08
445 0.01999243000172363 0.07152299930320888 0.08
446 0.0717749893157496 0.02014706751553856 0.08
447 0.02144878854635228 0.05357946270252698 0.08
448 0.03726522163481965 0.03822275998028071 0.04291520042071188
449 0.05391470373950903 0.04963027267419175 0.05311681818654076
450 0.02320098186439378 0.05376963805113663 0.05624114116381555
451 0.05309748970621216 0.02794000573067947 0.05721761205875181
452 0.02723430040545058 0.024170828130464 0.05735615328554768
453 0.0372354115592156 0.04072975923638834 0.06165473648750402
454 0.03808425743437899 0.05849900024794621 0.0635024538829931
455 0.02019155595900787 0.03708369031008077 0.06628529116035602
456 0.05744213406955842 0.04162087559367942 0.0390721963882686
457 0.04081295791649728 0.06014136184651728 0.04060246515874025
458 0.01856514453769578 0.05192045425522834 0.02796961123737886
459 0.0187622367020195 0.03444580258774332 0.0408096825624077
460 0.04146567475209843 0.01854616947584793 0.04106271298624754
461 0.02886420514224175 0.0239298073566599 0.02221905289482903
462 0.05030605990075532 0.04226537836983771 0.06525860361795395
463 0.0396310373873895 0.02760997437264194 0.06531670232997153
464 0.04355958270620082 0.05300402601002398 0.02271596394287556
465 0.04652175406900914 0.04080541143243428 0.04970711969134584
466 0.06325573833262904 0.04053250246946641 0.05476174231285493
467 0.03018156062835546 0.04887289381959642 0.06699470493872897
468 0.04116650246473899 0.03069218084639799 0.05303794074462316
469 0.04071964129633143 0.01625443839788696 0.057095568957995
470 0.05525446442659091 0.05153490635026781 0.06951564038020218
471 0.01311482883712658 0.05101388988121156 0.06666701972865775
472 0.06285074799347365 0.03441665111657967 0.06765786543842302
473 0.05957199427382804 0.06088390542818018 0.03352886909253548
474 0.02799497541441155 0.03598924539146413 0.05518720073356549
475 0.03282935304999197 0.04694812795993795 0.05041676693144186
476 0.03072668969287132 0.02625767011574599 0.0440856753046862
477 0.04809397438167684 0.0312523701692023 0.02508293817772462
478 0.04166811689598851 0.04731808028530693 0.06974790142320469
479 0.06064302329509106 0.01925812211410035 0.03983618578147969
480 0.02839816965209339 0.02863050962340834 0.07028417803649088
481 0.04920342486160302 0.04854891822491093 0.03579843196741746
482 0.03129331908939082 0.01490090957902222 0.06789185316192679
483 0.05255044920568281 0.06813387346034457 0.06226891459752057
484 0.04936741220698013 0.02961179130906499 0.04115714257878714
485 0.01390761824319845 0.02225502882967207 0.06343873845793606
486 0.01701443754906136 0.01387240879322651 0.04521730493554566
487 0.0539854193055816 0.02344633789227419 0.06886597557686934
488 0.0655061348426291 0.01461391626015606 0.06006991466379335
489 0.0427503743599512 0.05037042358989378 0.05724316264871632
490 0.04281295247016194 0.03757169910307234 0.07030191304059402
491 0.01833084481171445 0.02824943000903595 0.05534853222976133
492 0.03365162774925605 0.059671688035807 0.05221857111875969
493 0.02405582258551292 0.06787865662962891 0.06439224372758602
494 0.0452052455017441 0.06214276305428237 0.05284148979650608
495 0.01756211495536019 0.04192916826926413 0.05189448674630252
496 0.06349605871960567 0.04314737118229065 0.06605922064420504
497 0.03278329718400991 0.03775644499831971 0.0708663813996785
498 0.01863740158382455 0.06686881417668097 0.04291663130012243
499 0.04512602192395951 0.01018023254770703 0.06919406156986796
500 0.04627896906028784 0.05840709949142008 0.07150869736931935
501 0.02830167254590794 0.03877249921114221 0.04261917645917148
502 0.03289340141567427 0.05039670831056108 0.03870716565475054
503 0.03161130272237687 0.06577746397268563 0.02392608216054359
504 0.02745109991192543 0.03544223072289723 0.02606871736903195
505 0.04519306223388658 0.03549394513150125 0.06023087186081837
506 0.02445324001178308 0.05165619619171918 0.04404858891496281
507 0.07015279804343601 0.06497324873932567 0.05998701517360133
508 0.008676319992320533 0.05351628158399811 0.04728219970588198
509 0.03315761106335376 0.05013953828294539 0.0606857467241596
510 0.03019688190678612 0.008662261162749324 0.047058717650913
511 0.03466193363399746 0.03125112347442515 0.06143619863876422
512 0.02661634508946487 0.04408892177066944 0.05948102985740804
513 0.03884917176901836 0.0377643585483476 0.05029043059617279
514 0.04423069993179982 0.04753626871244166 0.04526245134400255
515 0.05071563168698725 0.0305470660505141 0.0704013542789009
516 0.03123474974775785 0.05485742052054327 0.07056708577847683
517 0.04905564222643279 0.0378954788502248 0.04169337563900556
518 0.0678484804980528 0.05316777017773595 0.0471157534514644
519 0.04707357692055882 0.0211954610978155 0.04938803944221398
520 0.05516551906681333 0.0388028867932009 0.05750114860943069
521 0.05827789515907842 0.03256640091342398 0.04794087716258687
522 0.03465147295699362 0.06680667761999867 0.07208726566528395
523 0.05673463258886909 0.04462338790173782 0.04799615616403746
524 0.02018830623350704 0.05636084634747761 0.07311422733445605
525 0.01116060109716495 0.06155211481198492 0.05909180311983951
526 0.04761670669406897 0.05586057802398418 0.06195615471755621
527 0.0670126126715675 0.041168265464031 0.02147356662046817
528 0.04208907648404434 0.06881248855448441 0.05932941192141251
529 0.04196742136569739 0.02736561463747699 0.04187718511294793
530 0.02527618980295231 0.0338671915594145 0.07111209237369859
531 0.04617878158234872 0.02306131158090549 0.06081013142881343
532 0.05493376379988186 0.01029023171513209 0.0553220892206275
533 0.05095947646521893 0.04628177444284312 0.07324363881520317
534 0.03969819631964926 0.05443119299452669 0.04749629164623489
535 0.03320260290670976 0.0299229293334827 0.03338695177789031
536 0.03514196709123872 0.04633009244226033 0.07333363747417015
537 0.07115364411185762 0.02674893308762515 0.05386093320059334
538 0.03547325481609735 0.03084207752471606 0.07011460875669971
539 0.04094455507196682 0.04230182104562486 0.02833781633546752
540 0.05048660589917617 0.05453645091006694 0.04864806813322814
541 0.05952605261768745 0.06091513377709647 0.04576812307144006
542 0.02626387487741577 0.05755956651158278 0.06554714875173781
543 0.05020102468733203 0.04530342265294626 0.05810573060630689
544 0.03363471616867397 0.01521903373385887 0.03205205426436434
545 0.01264469383336176 0.04425223962874908 0.01246303150809993
546 0.04671560301017567 0.02747873085698435 0.07468136294046739
547 0.03705765813752832 0.02425826535098259 0.06008929579503038
548 0.03403805584107562 0.02175580869932366 0.04954612181038034
549 0.0272618915848943 0.03814695332959742 0.06139086134710748
550 0.02416712775923899 0.03144736216676092 0.06050765744479568
551 0.05967481799761997 0.03983063210543364 0.07317553520891597
552 0.0226234821222601 0.01070567616439814 0.064080849115358
553 0.06982111014513502 0.03537388035439309 0.04412361091534379
554 0.05363476000629552 0.01408296410696878 0.02562460279573869
555 0.03279029883446215 0.03474982812797341 0.04672191905907606
556 0.03631315081565697 0.06931184502809624 0.05195740745055112
557 0.01206433036506498 0.020600367412153 0.03040936737384345
558 0.04159356831130294 0.05415873581204069 0.07361900126394219
559 0.01404210999334195 0.03117507734428424 0.07229918321859044
560 0.01984378267603376 0.04424053352487674 0.06831673080869433
561 0.02085067505335097 0.04809776699844848 0.06211522843468186
562 0.05970640791996841 0.06164419725942843 0.01767833081837676
563 0.05643952489991323 0.04794015831591484 0.06195526267274038
564 0.01179210651197423 0.03997232553308731 0.06890594748273361
565 0.06754336223659013 0.04918307532001628 0.05824115873078308
566 0.06120421855268687 0.03338362948587183 0.05951531238766904
567 0.05415648089100806 0.03259927091811834 0.06344357430471285
568 0.0580663650044019 0.02480592149873739 0.06152790173890117
569 0.06037960192506934 0.02374319178016663 0.05309967481166887
570 0.06524252604333973 0.02557130218676766 0.07325692144627134
571 0.04838446740901807 0.03130051601705606 0.05282177984153508
572 0.05003670294109003 0.04826421102553243 0.06516145124911445
573 0.01540731375264794 0.04576236269822439 0.04077178497977819
574 0.05782180020382432 0.01066364335086391 0.06746114584668199
575 0.01227462146099663 0.03842261453992599 0.02661632899290765
576 0.02337183124028287 0.01975988878202598 0.06508325420915878
577 0.03720013720419412 0.03772911587368526 0.01580069386864319
578 0.02649420786546415 0.05979467717240373 0.03691970012143949
579 0.01544239631762933 0.06793963909553548 0.0253617201487176
580 0.03877826092236026 0.02396596143157545 0.07270575291777871
581 0.02652183523094708 0.02597955484340336 0.05058278856894664
582 0.04463270114338982 0.04314834709753038 0.06336075990169604
583 0.04060033018976322 0.02282152697855215 0.01101072785186574
584 0.01230062899663871 0.03665251999044912 0.05797209863217357
585 0.07003915356819337 0.0575004013636608 0.06955221484829749
586 0.05488323552646439 0.0559646511016811 0.06295087019280177
587 0.05937472018466979 0.05968218390793834 0.07139034761463298
588 0.04676546564584563 0.03006229762995543 0.06485123564740712
589 0.04756096381782154 0.06028617282275824 0.03148739579752388
590 0.0248540462149054 0.06269978904280725 0.05573107827829652
591 0.04424943527073423 0.06846841273199945 0.04373685014068149
592 0.04223660210427285 0.03374674039337591 0.03666069546376644
593 0.05295790106318173 0.03294118789047476 0.03547233596236882
594 0.06950831790450095 0.02861087821527423 0.02924478545532218
595 0.07032946066524215 0.03818239720196501 0.06012707839151374
596 0.05758232770512122 0.04921322918127815 0.02782243076010725
597 0.02487110170084431 0.04420243004889175 0.04941692331298769
598 0.03621788191699232 0.05061641550331571 0.06864356428208779
599 0.0267216776838262 0.03222843396154357 0.03718273942648829
600 0.03007894175035896 0.02068273527941599 0.07377261862985782
601 0.033552843913178 0.04120196214224473 0.05537026637709454
602 0.04442495949170455 0.0349588449836505 0.04821266695543473
603 0.02859417030688982 0.0434467441320013 0.07500545256663256
604 0.05387197238550858 0.03898920263586472 0.04689025281496895
605 0.02411233904916427 0.01499970061667056 0.07324838794937277
606 0.01910358670889132 0.05645268928141668 0.06300637316069255
607 0.0333977815132209 0.0156691932986041 0.06061330485122885
608 0.04316992563689818 0.02876531610501208 0.05972974814876657
609 0.0325265823434386 0.06487807699038073 0.0608215396363997
610 0.0404515522755088 0.04285147960927161 0.07480846722045252
611 0.0339417724197743 0.02746675922546354 0.05455875877001091
612 0.04903157232165099 0.03917569255258805 0.07423511291690067
613 0.03350410461660962 0.02362374387782849 0.06811210634096984
614 0.03899235671805874 0.01876147703834554 0.06587671839372537
615 0.03772662752464446 0.009877515658591051 0.06392251643925005
616 0.06183381185330573 0.04826126539510801 0.07336263979816905
617 0.056769635182399 0.04442192414592109 0.05549396964573895
618 0.05836179489204665 0.02433084497847461 0.01576072735520855
619 0.04227793651913932 0.04240472064914535 0.05648657559118601
620 0.04459312424833577 0.05346906500685668 0.04190062930674271
621 0.0518501139791537 0.058559947333099 0.04130579482520171
622 0.009778341917730863 0.01334533391875312 0.0105904963243475
623 0.01530799657392039 0.05044752658852704 0.05676070521018425
624 0.03309187290306242 0.05536564653103159 0.04505746495636228
625 0.02076543139840946 0.02876380400228832 0.06765081000064045
626 0.05016893842525173 0.04453614188819345 0.04563013089602889
627 0.0442237362931241 0.06684814025972864 0.01456278443119107
628 0.03753254227685821 0.05500063688669555 0.05756591493799852
629 0.03725911894098379 0.03523457688408124 0.06616861070004074
630 0.04295412139779304 0.04236805671937965 0.03794247368358687
631 0.0403343610168555 0.05117952868420806 0.03367459545782619
632 0.04633328591613582 0.02500718943190686 0.03446950651227842
633 0.02311102063019536 0.04821493187618534 0.07516560156100027
634 0.05147958414936801 0.0532910696417537 0.07474234993266042
635 0.03511201578575034 0.04549609197816251 0.06643623488053783
636 0.05738134472565148 0.03952689654242587 0.06486983162283903
637 0.06235153231646098 0.05243912538044834 0.06460148792125658
638 0.04897397761555493 0.02233335454867042 0.04220808442483684
639 0.02970243829596452 0.05370052104376007 0.05215027877117596
640 0.02201801904964631 0.02841014992788767 0.07409528958212176
641 0.0437973492204333 0.06261781767440178 0.0645445796316933
642 0.02052484193195581 0.0369743229983489 0.05709293383176366
643 0.02418988088035359 0.036649705770407 0.04908250852649162
644 0.03986476496869288 0.03683611127858611 0.05646684029435398
645 0.01802065816642575 0.04924072959894072 0.04928909598402727
646 0.03406741758273769 0.04199211558177753 0.04658079005631433
647 0.04592560364933402 0.01165014673260523 0.04710168199717905
648 0.05644881851348495 0.02756386885792271 0.07489906383789055
649 0.06937087224061965 0.06864892210014036 0.04496073327008698
650 0.04748960062883974 0.04732307822231972 0.05246159843939306
651 0.04587239190060779 0.02284569393304614 0.06921711777815942
652 0.03040779081410737 0.03331781677088258 0.07256542123499657
653 0.0338981924228766 0.04144800458976605 0.03634453217610064
654 0.01784906364924677 0.0578179424404575 0.05057337768247309
655 0.02739670706479412 0.01768885935328118 0.04887746751736528
656 0.01585243151621217 0.04337735225284369 0.06063480398198956
657 0.06667967923757213 0.04050257130022247 0.07335664304634117
658 0.0427184167364153 0.05171294162777934 0.06481981829359368
659 0.0223123870227609 0.02347105697792055 0.04200941012313589
660 0.0117426218950398 0.02503820977737031 0.04500424070510795
661 0.0107896132167656 0.05789395491830524 0.07232907991191019
662 0.0586903116908887 0.05284700547193107 0.04779338282580099
663 0.06089349552686481 0.05226343091732072 0.0382488079349449
664 0.04263208517418178 0.06516799242608906 0.07334579571721615
665 0.03413748238326805 0.07018743502430233 0.03784044998025284
666 0.02614959915595785 0.04392216850883249 0.06505350724300345
667 0.008488292543683326 0.038329512372193 0.04609779121102141
668 0.04737282703379748 0.07144475590783272 0.05389534223956476
669 0.06071455692722946 0.07041506687235922 0.05298528065766873
670 0.05245616807522693 0.02777202719569529 0.04905645557408022
671 0.04970999258275247 0.01886172207203905 0.07399250639718723
672 0.05663402774256714 0.02671501699836066 0.04288557114820148
673 0.04180555440913705 0.02429031702863291 0.04792052760294994
674 0.06954567841369164 0.06872663982366876 0.07065179842266615
675 0.04696978046514172 0.05509303101237879 0.05457127192603034
676 0.0540341844591766 0.05842366883627854 0.05496949437352514
677 0.06334555297155726 0.05892937013785633 0.05468716530053824
678 0.03907343131722598 0.06195891669248144 0.05767276491445545
679 0.03814304198316013 0.03722072026748587 0.07374600014211595
680 0.05785749345818308 0.008872227959889678 0.04154922825313793
681 0.0192600821191944 0.01961777994160645 0.0539310872671093
682 0.009525035969952704 0.0111999660787094 0.05542647157072393
683 0.05615317703057197 0.04518789508122864 0.06874357139587887
684 0.03104587973958733 0.04961918069006729 0.02703557163346033
685 0.03398178426121538 0.05272695234566637 0.01144503691494844
686 0.02732757651739419 0.02286524414490195 0.03352357881721511
687 0.01092232297774893 0.06626113059950257 0.009656629964711304
688 0.02735663620454833 0.06983737175889626 0.04627800565740384
689 0.04572147678270396 0.03311667762404419 0.07515783135534181
690 0.04649764121723416 0.05000304585496947 0.07537850135414867
691 0.05013857823990968 0.03960196930738389 0.03221210070456461
692 0.03823383084420839 0.04152510593726005 0.06862386814393162
693 0.06889286289160557 0.04373023643735901 0.0349827601402203
694 0.05262360046577842 0.02201235091645089 0.05532966590514873
695 0.03677064231065448 0.0469376922446741 0.05683149360205707
696 0.02929914056107666 0.04911322636352872 0.07398303829066412
697 0.03660926000590357 0.02448407729097829 0.03727678117756326
698 0.02268906469747799 0.04094109526221779 0.03323828554639074
699 0.0270566727476381 0.05047619458805831 0.06130699987279344
700 0.0391264056983851 0.0615482159584137 0.04846974840634526
701 0.02689980360702975 0.07256074448621169 0.05617723961439178
702 0.04008547435868975 0.06024199459584741 0.06976245014017755
703 0.03727577473036906 0.05893702723478116 0.07477002071641839
704 0.06126472150412399 0.0392144889003627 0.04691870873361249
705 0.01645828434919096 0.03928477557716987 0.07429500526920556
706 0.03895068895831995 0.04667577856086969 0.0627811502905925
707 0.03977177430556451 0.02278773504057806 0.02774858376568827
708 0.0262859196200108 0.03147606405866159 0.0449912024907302
709 0.06734510070044265 0.01358157568180235 0.03094189853783341
710 0.03691409399372435 0.02853469803408555 0.04808300112663579
711 0.03166194887911508 0.02750865948431871 0.06301739410159016
712 0.03194164423389521 0.05703077434763407 0.05949423685649912
713 0.04065606634591142 0.02323773294984608 0.05415030260555172
714 0.04362333764069219 0.07119732321295137 0.06691375014417381
715 0.0607704547152968 0.03289004364192848 0.0751154354071517
716 0.07171975781445077 0.03364318980723479 0.07131733197091132
717 0.07185342178564418 0.02180279363046774 0.06728088674121019
718 0.008934556655527304 0.02694806260923287 0.05513956989064159
719 0.07030712726878127 0.04408287223006515 0.04993958579083668
720 0.01412826696941723 0.02797961166608145 0.01570751810741067
721 0.03724525018557898 0.0491783389947567 0.04550077245236632
722 0.03300616512039088 0.06050470538796747 0.06790154943154565
723 0.0259958670965455 0.06238678004780628 0.07285577674346194
724 0.04724879489130911 0.03619033841814669 0.06737513543840158
725 0.01817163659268447 0.02084905866011691 0.07265312936246075
726 0.04795254796754737 0.05267394001818049 0.06950823825299875
727 0.0164167403892993 0.03427710359129865 0.0500382392391807
728 0.05166836359222642 0.02561786969252339 0.06375863179807352
729 0.05492484227158612 0.01831343795060498 0.06134783479110893
730 0.01568889602457344 0.04961964773499383 0.07448259193296732
731 0.01091002502685242 0.01159375950958002 0.06921472116231658
732 0.05706565131153624 0.05389816476576631 0.07546562949243729
733 0.02984467296058241 0.04686055385927987 0.04442391488037
734 0.02504073106750319 0.04793626226244407 0.03708126189445411
735 0.04353901083603701 0.05928745095790232 0.07609779242210611
736 0.02188619477760617 0.0461191411862935 0.05599998146687683
737 0.02682208495777962 0.05433335049773791 0.07550148463019241
738 0.06020874874198287 0.05133892384182989 0.05615346083664164
739 0.04029704116665592 0.04849692138844577 0.07573547234531015
740 0.02672102735173618 0.01249587847522451 0.01176547167962552
741 0.04021136930711412 0.01798865575941334 0.05002740315552055
742 0.03477100716045921 0.03395348790980308 0.05375331087704788
743 0.05025326139930949 0.02426253091512418 0.0753285963180758
744 0.04072156349114351 0.04851507940506848 0.05133658129318323
745 0.03003831940147439 0.03971659067783045 0.05032852044808523
746 0.04242395893741692 0.03312640004726585 0.06472163696536422
747 0.05360388546185007 0.03667854115033557 0.01179530344266431
748 0.02922770812967069 0.07020777055178666 0.009928046709027357
749 0.007427550067600001 0.04693303197775851 0.06110637059382449
750 0.007973473152747658 0.04965896424269479 0.03469022453989357
751 0.04481098461671029 0.05848811938513485 0.04715701425941359
752 0.04274154480172798 0.01774000888108516 0.07499940296838338
753 0.03174930830783757 0.01797380121627847 0.04115570787783352
754 0.03697383781781698 0.008590286655332964 0.03927578071197751
755 0.03468905775637905 0.0319206710806209 0.04100387129807334
756 0.03785984104699858 0.0443425132751449 0.04257400124125035
757 0.02914413020833384 0.04700408721425026 0.05523781581587161
758 0.05382455076992535 0.07098756056091911 0.02811723810353624
759 0.05872758466712598 0.02798444426183723 0.06804171218311698
760 0.0492760533064583 0.05093882746855102 0.0591756048862376
761 0.03280973860426396 0.02780757318860516 0.07532223504927428
762 0.04236885092634587 0.03097659613681461 0.07009978342243202
763 0.04621778013961628 0.04334329607690475 0.0704152056326378
764 0.06503706528946948 0.0264763305054623 0.04603665205199923
765 0.05362811912051441 0.05009674551587678 0.04309185198090613
766 0.06181050973544063 0.04623338363298807 0.05157675499966161
767 0.02557187938746085 0.04100240509493472 0.0549006695258054
768 0.04876969524497887 0.03998588267478675 0.05728039526974418
769 0.01408354078589252 0.07044267027689838 0.05659755402264501
770 0.05788464311595091 0.03866715352172097 0.05198289669063837
771 0.06871485901579616 0.01228754609474985 0.01231584768012955
772 0.05306481008471069 0.0355788659701937 0.07552537806013698
773 0.03422110498769191 0.04123476343886197 0.07549488044155896
774 0.04671601026119469 0.01545817382660799 0.06235117648093703
775 0.02618585989429459 0.03075416153212514 0.009901531207913403
776 0.02506299214026671 0.03312552029642471 0.06605665493938954
777 0.06767968724969038 0.01242449954496212 0.07070706293744748
778 0.06984674718568824 0.05595612812873606 0.02606741703973236
779 0.0560435268126112 0.02480258392872186 0.03288558013802379
780 0.02275600887724463 0.04109308148368022 0.07452320308635309
781 0.03183787602910834 0.04433743225962869 0.0617309357034863
782 0.05500046349199026 0.04283550965678754 0.07537182803367669
783 0.01191381547415771 0.06930746155316705 0.06989110499603797
784 0.05208144242204046 0.03624896870283906 0.0520318285331695
785 0.05284431041769064 0.03882168357522122 0.06951402000929156
786 0.03526032701969748 0.01605998532741919 0.07382603570806887
787 0.03697777213599376 0.02296514285027068 0.04404644890737221
788 0.03346741937868549 0.03663248639216651 0.05997513455730157
789 0.01575067171455925 0.03113216438026488 0.06272538425982811
790 0.05571355560061863 0.05082215535967546 0.01036902099983968
791 0.05385893582347104 0.04276497584421259 0.0615661281315258
792 0.06998389483866524 0.01196099768863559 0.04893587294043114
793 0.04287773720151454 0.03957388897788314 0.04427069871404166
794 0.04647936736070536 0.02624279383487715 0.05427916172543384
795 0.05491636868833449 0.03394173282905704 0.04258140649234182
796 0.04564580186808032 0.03634217907590136 0.05355726357257181
797 0.04551413448810335 0.02896609106547068 0.04740624414805718
798 0.02703071134970435 0.03903716049819219 0.06909265087495239
799 0.03282510307373997 0.008347851122468022 0.07230833794264749
800 0.0457349530501414 0.04443918019519515 0.07607778943256359
801 0.02839118297097049 0.0376881201147265 0.07556000933674764
802 0.04020371116987635 0.02819873482784742 0.07558070443125903
803 0.06106306799121688 0.04379811048183685 0.05955393301646742
804 0.05035269141679567 0.03438446251141334 0.05719231800394606
805 0.02666376392750727 0.07174409670775296 0.07278614979996897
806 0.03966486847840869 0.03318948416064291 0.04584581249989594
807 0.03465615217860314 0.05223953020000137 0.07508024310619407
808 0.04795317757041742 0.06232851281231368 0.05899724278950888
809 0.0449749975733813 0.03300404681987344 0.04329069036024349
810 0.04262689384493375 0.05701981314981701 0.0595835116633814
811 0.0386280530283919 0.008214222834417119 0.05061460826289071
812 0.03051034679554019 0.007689178682493991 0.05837939187604621
813 0.06172171355334104 0.06541538713732746 0.06297289277697649
814 0.02994549438746228 0.0204623093837427 0.06326813935445505
815 0.04370099384088965 0.05685170298179535 0.06660936927968997
816 0.00902341989852685 0.05280217657398362 0.02295586187298276
817 0.02545279775568909 0.05896142224740433 0.04755997534796527
818 0.04740531122196703 0.0173461148326772 0.05494326616591411
819 0.06275041209209987 0.04607432980717528 0.04394071371564261
820 0.04785205865860039 0.01261987676785436 0.03557185452182694
821 0.007895256224994601 0.04636084473898922 0.07370721001910646
822 0.05242942300706042 0.04247624107072608 0.05228971663680549
823 0.03276844902640727 0.05449264415949551 0.06501253980581591
824 0.02095189677489004 0.02550340685445768 0.06121814530839599
825 0.05173921605375339 0.0177711105146817 0.06762100177699988
826 0.02194562270150185 0.01110675962330839 0.02509153300174915
827 0.04989352601033502 0.0341316553153329 0.04729751242431918
828 0.0512141792028664 0.06021905809021359 0.07504180175548293
829 0.05012387493128213 0.06862793346355772 0.07340963065458106
830 0.03028196891667652 0.03350217735443394 0.06565715551280421
831 0.05501865235150738 0.01140758075648027 0.01155822462361833
832 0.05709848737132952 0.02053425363971832 0.07331495502978569
833 0.0345217658874654 0.07244038250872115 0.06397503607446027
834 0.07259989651400663 0.04719340590033712 0.06833250542982866
835 0.05502581387267798 0.06998025984983672 0.04117879354824616
836 0.06876309731228909 0.07060869075953033 0.02755616143981427
837 0.02356032939365268 0.05070666416471851 0.06864443777999739
838 0.00837970324344269 0.03326852525638443 0.03675027022963387
839 0.02503708928902847 0.02396331861782256 0.06986016910101424
840 0.05575437969689694 0.03264142570669334 0.05448218901944205
841 0.05032814007276687 0.03695342269402146 0.06232506331923781
842 0.04155303466699935 0.03785854791519799 0.06321446811282339
843 0.03854788072747905 0.06515772489716545 0.06543017834721522
844 0.06407212567432052 0.03396853370023054 0.05205745179925815
845 0.04408818567055179 0.03893423989727889 0.07589006600540732
846 0.02402704719320924 0.03148806756603741 0.05336097036843718
847 0.06965353161792068 0.04532246807492386 0.01037172828953534
848 0.05855378661435162 0.03572706969740385 0.02807512797905309
849 0.04249343713600188 0.07072971567794657 0.03053182609608043
850 0.02129149827713545 0.0420258605867954 0.04409923676092978
851 0.0391773132455336 0.03273881682876606 0.05978813692380601
852 0.03243764634260115 0.03964943017071141 0.06543106690792166
853 0.01720574474148341 0.05674746463362489 0.04023313745807867
854 0.009066003046789598 0.01028948846959239 0.03896532128138647
855 0.06688194747565637 0.06910350282877334 0.0106246693392557
856 0.0242028365004599 0.01108637423683659 0.03819543839272495
857 0.03552732189619805 0.0522455287295026 0.05294442292048971
858 0.04327857044449974 0.02396112847550916 0.07622953655540279
859 0.03524072279672065 0.05892497078054296 0.03447086579313771
860 0.04475194864275685 0.03232106538820208 0.05657700244608618
861 0.0663421676926732 0.02745985998308682 0.0633280078830608
862 0.05012539505957382 0.04309693381358861 0.02179335006216651
863 0.007194872738345065 0.03179952146894031 0.06565881981721679
864 0.03736743517220444 0.05563615485083157 0.06869266807509156
865 0.02161836719878715 0.00894069584152681 0.05196864103499472
866 0.04317443853882436 0.007925756089587047 0.05792764230641981
867 0.03374425581811662 0.01988051645371863 0.05583575715874887
868 0.03436350800894351 0.01348334257881488 0.05400878399477769
869 0.02984644253760756 0.03193405493269554 0.05084241662961041
870 0.05179145841462342 0.06444650472010878 0.04978847369295765
871 0.05193839859331478 0.01069330277872009 0.07419610469767184
872 0.01918381994130573 0.02969672613793403 0.03179736029611285
873 0.02415244892849772 0.04366812373861582 0.01642965706097186
874 0.05076770932215559 0.03028503981743384 0.07651387513379689
875 0.03360239700349989 0.06335594130589453 0.04395497865798492
876 0.0484734485910649 0.03016213261506817 0.05962974919979373
877 0.02699206943720357 0.01546809637678206 0.05647867853598749
878 0.03798396817496703 0.05365670193496385 0.04067557890621871
879 0.009078806487017746 0.02307662857176059 0.07258429630672598
880 0.02161671882363758 0.05680889640259228 0.01193523336578852
881 0.01902517123236275 0.06352063656040882 0.07022358970887314
882 0.009228605150305283 0.04395333941985195 0.05307958962506807
883 0.03908657300379104 0.04339306429760698 0.04899534573491565
884 0.03922993546629054 0.009695478374131096 0.02261878816177748
885 0.04679064699429782 0.05486646941207406 0.07614118235865043
886 0.05431010257113144 0.01756468084606108 0.04753716215244339
887 0.02636027564897262 0.0265708493519533 0.06469287333609938
888 0.07355143800615245 0.05621291822231955 0.05493898753096407
889 0.03780270405343906 0.05270601552108487 0.06225383956178009
890 0.02366422462428615 0.07185778080706448 0.03596552856044518
891 0.02479062028314174 0.0503613747299168 0.05079034471668228
892 0.021195926659878 0.03430781598427854 0.07514269764901665
893 0.05664441280066868 0.03399553211232734 0.0702816010640448
894 0.05936161972639468 0.07055352814039474 0.07107474449239037
895 0.07146012915956254 0.05771817423289659 0.03782094013763426
896 0.04501660240789994 0.04794183181632697 0.009477994992868409
897 0.06187095954721899 0.03163015667976852 0.03866776816258216
898 0.02608410381272447 0.02503711943624497 0.07559618067292533
899 0.06960594358368247 0.02899232197509397 0.00971959763142919
900 0.03426189746343582 0.03423317261541566 0.07606155828763242
901 0.04092957173772803 0.03293440836676673 0.07612548543353051
902 0.07219272827386269 0.02325305928943815 0.04014686197849203
903 0.03729026559428053 0.03347481159722465 0.02790042246981627
904 0.02979907338686126 0.03131446831647236 0.05764594573127016
905 0.03116369336756499 0.05939121565540727 0.07568051376536288
906 0.009935034058406648 0.06779266849416289 0.04682472545774476
907 0.03120473237110816 0.0435247264707626 0.06943594797426689
908 0.04450554070101695 0.05270706105359449 0.04993747455281274
909 0.04029521446723907 0.04838259018892861 0.03964311426429631
910 0.05279950546965839 0.05654928330037803 0.07074792659804796
911 0.04994849027093175 0.06126078157731902 0.06740891422809574
912 0.02213939446156517 0.04198508336948344 0.06115373129632706
913 0.05468162959189715 0.04967119574046075 0.07633698488755027
914 0.02033532300953297 0.02886680089318723 0.04771502953105867
915 0.02673324061688277 0.03142199971083767 0.07558485206865684
916 0.00847904196985937 0.06438070125348702 0.03595475314484512
917 0.06092153676729859 0.01993485161884577 0.06685364688272025
918 0.04090782054275066 0.0562763368596513 0.05306002770750502
919 0.03606444879780525 0.01476515060059117 0.04617856218770267
920 0.02596820562642131 0.04528341148482328 0.0705912497413556
921 0.00730183485299594 0.0359728270361846 0.007369733994091934
922 0.0435370355710581 0.008539480369188833 0.008516333755895767
923 0.04254193320790963 0.07426312074500112 0.00609860288283239
924 0.07440558669528693 0.006157273467113109 0.03594291026280579
925 0.07100934262734822 0.05699239067912919 0.007715682386072983
926 0.06250609354049708 0.005326567692351265 0.005349987011244415
927 0.005455118219662341 0.07512658113422241 0.05388014615737696
928 0.03969959238368505 0.07345615891740312 0.07378511034732468
929 0.06326168925650379 0.07538090952320757 0.00457978914531115
930 0.005287998527554881 0.03677366200946601 0.07358914497165138
931 0.004992646814578444 0.005215096267662165 0.06568073109300578
932 0.07517438386313428 0.005022467378164141 0.01430505593600605
933 0.01761622204175157 0.005402678497561721 0.004897303564227862
934 0.07442122959293197 0.005677691439126944 0.0637217335691648
935 0.07517627528616327 0.07470183936259414 0.06552040752369634
936 0.07494146595051795 0.01597409709141985 0.005066029871815442
937 0.006462019134102785 0.07346981828691246 0.02731184682305163
938 0.07435587599315771 0.04132035800782831 0.0749908856832525
939 0.0170980879862265 0.006020470118269035 0.0743645094444829
940 0.0660445926061199 0.0747342502716548 0.0754528801235909
941 0.005465137558851081 0.06577489845195549 0.07528869826185199
942 0.004842785970702318 0.01420379837330321 0.07512988589987268
943 0.01512158466047557 0.07542308431750494 0.07504517097359241
944 0.07542745684793076 0.05468980880414328 0.07487608899344321
945 0.07503075170336039 0.02547840688301913 0.07449513079768667
946 0.00613084858127135 0.02984063058172357 0.07462258192622682
947 0.02574234942689849 0.007031853655148392 0.07460370200494788
948 0.06283773106412127 0.005508142541775911 0.07522349320850164
949 0.05285643647760967 0.07311085833114983 0.006876637667601308
950 0.05228176863089166 0.005140580868230068 0.00515445352518612
951 0.005796911822174331 0.02736371226292086 0.006077426092761402
952 0.03082100287931293 0.005511943317511793 0.005167876515155626
953 0.005353688318687475 0.07505209801172953 0.065204685529204
954 0.008131200956406405 0.008230024924502305 0.02269567168594208
955 0.07364856585965802 0.07368537328930107 0.0551914880178202
956 0.004865074722951824 0.07405165977084786 0.04106212326340155
957 0.07512803094389654 0.01576645451435791 0.07537900097169503
958 0.07424540077497606 0.005861487313807083 0.005773226799868643
959 0.07474752124967445 0.06586063745690848 0.004788977360238294
960 0.006086837774239147 0.0743134251257572 0.07463111460984849
961 0.07527401039036009 0.06464963836799828 0.0752789812092302
962 0.07441255484952225 0.07405700060092892 0.07475494353847269
963 0.005137933491165204 0.07428248534897361 0.01513809249602405
964 0.07505334340898891 0.07485128303173252 0.01636752582565983
965 0.005388407932141299 0.04807548969807426 0.005371372359037142
966 0.005786843468942655 0.005291517555687411 0.004757485832745282
967 0.07398048442626722 0.07450562149736738 0.005579031468986442
968 0.07388180242035645 0.006212934474028953 0.07478583098682259
969 0.07285013739412086 0.007147511781163594 0.02346416162694225
970 0.004759817736682598 0.07467059446128667 0.005619098441425791
971 0.005717766124571726 0.005687226558313201 0.07447485959149594
$EndNodes
$Elements
4292
1 4 2 1 1 552 605 576 725
2 4 2 1 1 475 639 624 733
3 4 2 1 1 536 598 467 696
4 4 2 1 1 495 645 573 882
5 4 2 1 1 507 955 649 669
6 4 2 1 1 468 611 547 851
7 4 2 1 1 667 91 882 92
8 4 2 1 1 465 517 604 827
9 4 2 1 1 314 752 499 786
10 4 2 1 1 517 602 465 793
11 4 2 1 1 513 468 742 806
12 4 2 1 1 455 560 666 912
13 4 2 1 1 517 465 626 793
14 4 2 1 1 547 611 511 851
15 4 2 1 1 530 455 625 892
16 4 2 1 1 506 733 639 891
17 4 2 1 1 465 602 517 827
18 4 2 1 1 478 658 558 726
19 4 2 1 1 658 558 726 815
20 4 2 1 1 507 649 955 150
21 4 2 1 1 465 604 517 626
22 4 2 1 1 478 536 635 692
23 4 2 1 1 478 536 598 635
24 4 2 1 1 933 966 57 215
25 4 2 1 1 600 839 605 898
26 4 2 1 1 511 611 547 711
27 4 2 1 1 547 611 452 711
28 4 2 1 1 308 970 32 687
29 4 2 1 1 564 705 560 730
30 4 2 1 1 467 598 536 635
31 4 2 1 1 478 598 558 658
32 4 2 1 1 582 619 505 842
33 4 2 1 1 684 698 873 504
34 4 2 1 1 467 509 781 699
35 4 2 1 1 607 615 482 812
36 4 2 1 1 558 815 658 864
37 4 2 1 1 559 564 437 705
38 4 2 1 1 558 658 598 864
39 4 2 1 1 537 595 553 844
40 4 2 1 1 505 619 582 768
41 4 2 1 1 639 733 475 891
42 4 2 1 1 504 539 653 903
43 4 2 1 1 516 467 823 598
44 4 2 1 1 736 757 597 891
45 4 2 1 1 449 563 543 617
46 4 2 1 1 602 468 513 806
47 4 2 1 1 467 509 699 823
48 4 2 1 1 520 770 566 840
49 4 2 1 1 455 656 560 912
50 4 2 1 1 513 619 601 644
51 4 2 1 1 308 970 4 32
52 4 2 1 1 601 619 453 644
53 4 2 1 1 930 863 564 559
54 4 2 1 1 450 757 736 891
55 4 2 1 1 527 693 143 778
56 4 2 1 1 614 752 580 786
57 4 2 1 1 939 422 971 63
58 4 2 1 1 614 651 580 752
59 4 2 1 1 515 648 772 874
60 4 2 1 1 736 757 767 597
61 4 2 1 1 552 576 485 725
62 4 2 1 1 474 788 601 549
63 4 2 1 1 595 657 496 472
64 4 2 1 1 648 772 715 893
65 4 2 1 1 521 670 784 827
66 4 2 1 1 634 828 732 910
67 4 2 1 1 482 607 552 814
68 4 2 1 1 468 602 797 806
69 4 2 1 1 464 596 589 481
70 4 2 1 1 736 757 699 512
71 4 2 1 1 949 562 245 627
72 4 2 1 1 245 562 949 855
73 4 2 1 1 252 256 687 748
74 4 2 1 1 559 564 455 789
75 4 2 1 1 377 772 648 874
76 4 2 1 1 749 525 471 623
77 4 2 1 1 508 623 749 882
78 4 2 1 1 736 699 757 450
79 4 2 1 1 527 143 693 142
80 4 2 1 1 699 781 666 512
81 4 2 1 1 463 580 538 613
82 4 2 1 1 470 572 533 726
83 4 2 1 1 547 614 613 814
84 4 2 1 1 256 579 687 748
85 4 2 1 1 565 585 507 637
86 4 2 1 1 462 582 543 768
87 4 2 1 1 463 588 651 531
88 4 2 1 1 474 601 767 549
89 4 2 1 1 450 542 699 712
90 4 2 1 1 161 925 562 855
91 4 2 1 1 687 748 579 880
92 4 2 1 1 396 536 603 696
93 4 2 1 1 637 616 834 585
94 4 2 1 1 624 639 506 733
95 4 2 1 1 760 563 449 586
96 4 2 1 1 515 772 648 893
97 4 2 1 1 459 599 501 708
98 4 2 1 1 524 633 447 730
99 4 2 1 1 470 533 634 726
100 4 2 1 1 560 730 705 780
101 4 2 1 1 673 741 548 787
102 4 2 1 1 462 582 768 841
103 4 2 1 1 450 639 590 712
104 4 2 1 1 499 786 615 799
105 4 2 1 1 478 635 598 706
106 4 2 1 1 619 644 505 842
107 4 2 1 1 525 623 508 654
108 4 2 1 1 481 620 589 631
109 4 2 1 1 699 666 781 467
110 4 2 1 1 571 784 670 827
111 4 2 1 1 592 630 691 539
112 4 2 1 1 468 797 710 806
113 4 2 1 1 443 333 417 730
114 4 2 1 1 562 836 159 855
115 4 2 1 1 648 715 772 377
116 4 2 1 1 422 63 1 971
117 4 2 1 1 588 728 567 515
118 4 2 1 1 459 643 501 850
119 4 2 1 1 601 788 781 549
120 4 2 1 1 477 779 618 848
121 4 2 1 1 578 502 684 859
122 4 2 1 1 478 692 635 706
123 4 2 1 1 684 873 698 458
124 4 2 1 1 585 834 565 888
125 4 2 1 1 732 828 587 910
126 4 2 1 1 844 719 466 595
127 4 2 1 1 617 791 520 803
128 4 2 1 1 569 764 537 792
129 4 2 1 1 501 643 597 850
130 4 2 1 1 560 656 561 912
131 4 2 1 1 580 538 613 761
132 4 2 1 1 552 607 482 812
133 4 2 1 1 520 567 566 636
134 4 2 1 1 939 422 731 971
135 4 2 1 1 450 699 639 712
136 4 2 1 1 396 603 536 773
137 4 2 1 1 531 588 651 728
138 4 2 1 1 448 513 793 883
139 4 2 1 1 624 639 475 857
140 4 2 1 1 551 683 636 785
141 4 2 1 1 965 268 545 921
142 4 2 1 1 515 762 689 724
143 4 2 1 1 574 774 532 499
144 4 2 1 1 502 578 506 624
145 4 2 1 1 482 552 576 814
146 4 2 1 1 580 613 463 614
147 4 2 1 1 415 580 600 761
148 4 2 1 1 20 960 420 941
149 4 2 1 1 613 814 600 839
150 4 2 1 1 512 767 601 549
151 4 2 1 1 580 614 463 651
152 4 2 1 1 459 501 643 708
153 4 2 1 1 737 807 516 905
154 4 2 1 1 450 590 542 712
155 4 2 1 1 933 272 622 740
156 4 2 1 1 774 651 531 614
157 4 2 1 1 577 707 477 903
158 4 2 1 1 447 633 524 737
159 4 2 1 1 520 791 636 803
160 4 2 1 1 547 469 713 531
161 4 2 1 1 601 781 512 549
162 4 2 1 1 555 742 513 745
163 4 2 1 1 965 81 921 545
164 4 2 1 1 161 925 855 133
165 4 2 1 1 161 925 133 153
166 4 2 1 1 955 131 935 507
167 4 2 1 1 775 504 873 720
168 4 2 1 1 773 692 907 536
169 4 2 1 1 728 759 567 515
170 4 2 1 1 693 527 594 848
171 4 2 1 1 348 616 551 782
172 4 2 1 1 448 646 513 883
173 4 2 1 1 847 161 925 562
174 4 2 1 1 524 723 440 737
175 4 2 1 1 34 33 204 932
176 4 2 1 1 492 590 639 712
177 4 2 1 1 760 676 526 586
178 4 2 1 1 932 216 33 204
179 4 2 1 1 610 692 679 773
180 4 2 1 1 575 873 698 504
181 4 2 1 1 679 692 497 773
182 4 2 1 1 10 954 88 109
183 4 2 1 1 466 595 565 803
184 4 2 1 1 470 533 572 683
185 4 2 1 1 559 455 625 789
186 4 2 1 1 615 799 482 812
187 4 2 1 1 490 724 689 762
188 4 2 1 1 480 761 613 538
189 4 2 1 1 515 762 724 588
190 4 2 1 1 395 610 536 739
191 4 2 1 1 749 525 623 508
192 4 2 1 1 603 633 371 696
193 4 2 1 1 503 579 748 880
194 4 2 1 1 947 552 605 799
195 4 2 1 1 553 456 693 897
196 4 2 1 1 517 630 592 793
197 4 2 1 1 592 630 448 793
198 4 2 1 1 667 750 573 838
199 4 2 1 1 513 646 601 883
200 4 2 1 1 575 698 873 458
201 4 2 1 1 182 532 792 680
202 4 2 1 1 547 614 469 531
203 4 2 1 1 932 958 169 33
204 4 2 1 1 601 646 513 745
205 4 2 1 1 762 651 546 580
206 4 2 1 1 502 624 506 733
207 4 2 1 1 536 692 610 773
208 4 2 1 1 516 467 598 696
209 4 2 1 1 960 420 941 783
210 4 2 1 1 720 504 873 575
211 4 2 1 1 256 503 579 748
212 4 2 1 1 463 538 580 762
213 4 2 1 1 448 793 513 806
214 4 2 1 1 395 536 610 773
215 4 2 1 1 453 629 788 851
216 4 2 1 1 131 935 507 674
217 4 2 1 1 567 759 566 472
218 4 2 1 1 427 696 633 737
219 4 2 1 1 520 466 566 770
220 4 2 1 1 427 371 633 696
221 4 2 1 1 847 925 161 153
222 4 2 1 1 893 636 567 785
223 4 2 1 1 284 583 305 618
224 4 2 1 1 703 722 702 864
225 4 2 1 1 543 822 520 768
226 4 2 1 1 20 960 941 122
227 4 2 1 1 543 520 822 617
228 4 2 1 1 625 640 530 892
229 4 2 1 1 565 595 496 803
230 4 2 1 1 164 618 594 899
231 4 2 1 1 496 636 551 683
232 4 2 1 1 596 693 527 778
233 4 2 1 1 351 353 352 772
234 4 2 1 1 502 684 653 734
235 4 2 1 1 601 513 742 745
236 4 2 1 1 536 478 598 739
237 4 2 1 1 459 501 698 850
238 4 2 1 1 547 711 613 463
239 4 2 1 1 773 907 692 497
240 4 2 1 1 373 807 737 905
241 4 2 1 1 802 900 901 538
242 4 2 1 1 256 264 503 748
243 4 2 1 1 495 643 727 850
244 4 2 1 1 283 925 273 295
245 4 2 1 1 580 613 600 761
246 4 2 1 1 567 566 759 568
247 4 2 1 1 531 608 588 876
248 4 2 1 1 475 601 646 883
249 4 2 1 1 558 598 478 739
250 4 2 1 1 651 743 515 546
251 4 2 1 1 264 236 256 503
252 4 2 1 1 582 505 768 841
253 4 2 1 1 56 967 306 959
254 4 2 1 1 720 504 575 872
255 4 2 1 1 454 678 628 712
256 4 2 1 1 368 703 558 807
257 4 2 1 1 451 531 876 794
258 4 2 1 1 453 788 644 851
259 4 2 1 1 601 619 883 695
260 4 2 1 1 509 699 757 781
261 4 2 1 1 521 784 670 840
262 4 2 1 1 786 613 580 614
263 4 2 1 1 861 566 759 472
264 4 2 1 1 468 602 571 797
265 4 2 1 1 204 969 34 932
266 4 2 1 1 458 503 578 684
267 4 2 1 1 516 703 722 905
268 4 2 1 1 470 586 726 910
269 4 2 1 1 489 526 675 810
270 4 2 1 1 749 525 508 99
271 4 2 1 1 580 762 538 802
272 4 2 1 1 281 685 287 880
273 4 2 1 1 760 563 586 572
274 4 2 1 1 954 557 826 622
275 4 2 1 1 489 658 526 810
276 4 2 1 1 396 603 371 696
277 4 2 1 1 601 883 619 513
278 4 2 1 1 539 577 504 684
279 4 2 1 1 762 651 580 463
280 4 2 1 1 564 584 455 789
281 4 2 1 1 693 594 527 142
282 4 2 1 1 581 548 476 611
283 4 2 1 1 474 788 549 904
284 4 2 1 1 531 588 728 876
285 4 2 1 1 597 475 733 891
286 4 2 1 1 472 566 567 636
287 4 2 1 1 930 559 564 437
288 4 2 1 1 467 598 509 823
289 4 2 1 1 118 921 545 720
290 4 2 1 1 254 906 498 769
291 4 2 1 1 553 693 594 897
292 4 2 1 1 861 759 566 568
293 4 2 1 1 118 545 575 720
294 4 2 1 1 324 634 439 732
295 4 2 1 1 499 752 614 786
296 4 2 1 1 306 959 967 855
297 4 2 1 1 557 115 109 126
298 4 2 1 1 118 921 720 108
299 4 2 1 1 462 768 543 791
300 4 2 1 1 969 160 34 932
301 4 2 1 1 762 651 463 588
302 4 2 1 1 589 473 562 758
303 4 2 1 1 475 646 601 745
304 4 2 1 1 582 619 543 768
305 4 2 1 1 366 690 558 885
306 4 2 1 1 56 967 959 171
307 4 2 1 1 530 480 625 776
308 4 2 1 1 453 706 695 781
309 4 2 1 1 506 733 597 850
310 4 2 1 1 933 307 966 622
311 4 2 1 1 679 900 538 901
312 4 2 1 1 392 366 558 885
313 4 2 1 1 530 640 480 915
314 4 2 1 1 636 683 462 785
315 4 2 1 1 488 569 537 792
316 4 2 1 1 594 618 164 709
317 4 2 1 1 478 610 536 692
318 4 2 1 1 482 615 614 786
319 4 2 1 1 578 684 502 734
320 4 2 1 1 487 759 728 515
321 4 2 1 1 567 804 520 840
322 4 2 1 1 451 804 567 840
323 4 2 1 1 592 793 806 809
324 4 2 1 1 281 880 873 685
325 4 2 1 1 314 786 499 799
326 4 2 1 1 457 620 589 621
327 4 2 1 1 107 545 965 687
328 4 2 1 1 592 806 793 448
329 4 2 1 1 857 918 492 628
330 4 2 1 1 448 513 555 806
331 4 2 1 1 566 567 451 568
332 4 2 1 1 284 583 618 747
333 4 2 1 1 803 520 566 636
334 4 2 1 1 933 307 57 966
335 4 2 1 1 529 592 806 809
336 4 2 1 1 455 550 642 549
337 4 2 1 1 814 839 613 887
338 4 2 1 1 853 817 654 506
339 4 2 1 1 143 162 142 527
340 4 2 1 1 555 513 646 745
341 4 2 1 1 582 724 505 841
342 4 2 1 1 297 880 748 687
343 4 2 1 1 547 511 711 463
344 4 2 1 1 462 724 582 841
345 4 2 1 1 639 817 506 891
346 4 2 1 1 855 964 836 159
347 4 2 1 1 790 925 562 847
348 4 2 1 1 546 762 580 802
349 4 2 1 1 298 28 27 622
350 4 2 1 1 905 522 376 703
351 4 2 1 1 760 563 572 543
352 4 2 1 1 432 723 522 905
353 4 2 1 1 512 757 699 781
354 4 2 1 1 162 527 143 778
355 4 2 1 1 466 617 520 803
356 4 2 1 1 463 608 588 531
357 4 2 1 1 530 776 625 455
358 4 2 1 1 245 562 238 627
359 4 2 1 1 576 600 814 839
360 4 2 1 1 499 615 175 799
361 4 2 1 1 504 539 684 653
362 4 2 1 1 806 809 793 602
363 4 2 1 1 439 732 634 828
364 4 2 1 1 619 650 543 768
365 4 2 1 1 465 650 619 768
366 4 2 1 1 954 9 88 622
367 4 2 1 1 852 666 798 907
368 4 2 1 1 542 606 699 837
369 4 2 1 1 720 740 299 775
370 4 2 1 1 626 630 517 793
371 4 2 1 1 287 685 748 880
372 4 2 1 1 567 520 804 841
373 4 2 1 1 113 963 579 687
374 4 2 1 1 307 966 2 57
375 4 2 1 1 475 597 745 757
376 4 2 1 1 475 745 601 757
377 4 2 1 1 598 739 558 807
378 4 2 1 1 451 876 531 728
379 4 2 1 1 643 555 501 745
380 4 2 1 1 341 559 705 892
381 4 2 1 1 451 694 531 794
382 4 2 1 1 512 757 601 767
383 4 2 1 1 485 559 625 789
384 4 2 1 1 664 828 500 911
385 4 2 1 1 552 482 799 812
386 4 2 1 1 619 505 796 768
387 4 2 1 1 566 567 520 840
388 4 2 1 1 451 567 566 840
389 4 2 1 1 543 619 489 650
390 4 2 1 1 480 600 613 761
391 4 2 1 1 187 754 820 884
392 4 2 1 1 256 503 236 579
393 4 2 1 1 480 613 839 887
394 4 2 1 1 475 597 733 745
395 4 2 1 1 458 578 503 579
396 4 2 1 1 453 619 601 695
397 4 2 1 1 453 842 629 851
398 4 2 1 1 238 562 245 855
399 4 2 1 1 643 555 745 869
400 4 2 1 1 921 302 545 720
401 4 2 1 1 451 569 670 840
402 4 2 1 1 786 613 614 482
403 4 2 1 1 516 723 722 542
404 4 2 1 1 80 962 421 940
405 4 2 1 1 311 705 564 821
406 4 2 1 1 962 940 674 421
407 4 2 1 1 613 711 547 814
408 4 2 1 1 592 691 630 517
409 4 2 1 1 562 596 527 778
410 4 2 1 1 300 281 287 880
411 4 2 1 1 813 676 669 677
412 4 2 1 1 453 644 619 842
413 4 2 1 1 474 642 550 549
414 4 2 1 1 530 480 652 915
415 4 2 1 1 536 739 598 807
416 4 2 1 1 741 548 787 919
417 4 2 1 1 849 236 503 665
418 4 2 1 1 346 551 616 657
419 4 2 1 1 622 307 27 298
420 4 2 1 1 643 555 869 708
421 4 2 1 1 613 614 547 463
422 4 2 1 1 517 626 481 630
423 4 2 1 1 852 666 907 781
424 4 2 1 1 450 639 699 757
425 4 2 1 1 622 292 298 28
426 4 2 1 1 515 689 612 724
427 4 2 1 1 388 580 415 761
428 4 2 1 1 849 236 665 233
429 4 2 1 1 467 666 781 907
430 4 2 1 1 618 779 594 848
431 4 2 1 1 873 880 301 545
432 4 2 1 1 562 589 464 596
433 4 2 1 1 491 789 485 824
434 4 2 1 1 589 620 457 631
435 4 2 1 1 80 962 940 260
436 4 2 1 1 529 592 755 806
437 4 2 1 1 448 755 592 806
438 4 2 1 1 452 814 711 887
439 4 2 1 1 474 549 550 904
440 4 2 1 1 602 513 468 796
441 4 2 1 1 85 525 769 783
442 4 2 1 1 453 644 842 851
443 4 2 1 1 852 666 781 549
444 4 2 1 1 612 689 490 724
445 4 2 1 1 495 727 667 850
446 4 2 1 1 617 543 449 822
447 4 2 1 1 598 696 536 807
448 4 2 1 1 786 613 482 600
449 4 2 1 1 736 767 757 512
450 4 2 1 1 482 605 552 799
451 4 2 1 1 659 753 655 856
452 4 2 1 1 963 261 970 21
453 4 2 1 1 561 512 666 912
454 4 2 1 1 475 733 646 745
455 4 2 1 1 261 21 4 970
456 4 2 1 1 471 561 560 656
457 4 2 1 1 513 644 601 742
458 4 2 1 1 670 784 571 840
459 4 2 1 1 252 226 261 687
460 4 2 1 1 425 600 786 605
461 4 2 1 1 468 673 794 713
462 4 2 1 1 303 627 286 896
463 4 2 1 1 468 794 673 797
464 4 2 1 1 472 715 570 716
465 4 2 1 1 633 730 560 780
466 4 2 1 1 471 525 99 661
467 4 2 1 1 453 601 644 788
468 4 2 1 1 455 564 560 656
469 4 2 1 1 650 449 543 822
470 4 2 1 1 367 395 396 536
471 4 2 1 1 474 643 745 869
472 4 2 1 1 643 555 708 501
473 4 2 1 1 852 666 549 798
474 4 2 1 1 459 727 643 850
475 4 2 1 1 516 696 598 807
476 4 2 1 1 527 596 562 790
477 4 2 1 1 449 650 543 760
478 4 2 1 1 469 547 713 867
479 4 2 1 1 711 814 613 887
480 4 2 1 1 303 562 288 627
481 4 2 1 1 544 820 754 884
482 4 2 1 1 543 489 619 582
483 4 2 1 1 513 468 796 644
484 4 2 1 1 566 569 451 840
485 4 2 1 1 480 711 613 887
486 4 2 1 1 801 892 530 915
487 4 2 1 1 667 882 91 584
488 4 2 1 1 963 261 687 970
489 4 2 1 1 599 659 476 708
490 4 2 1 1 873 301 880 281
491 4 2 1 1 461 707 577 903
492 4 2 1 1 191 820 554 884
493 4 2 1 1 141 594 553 693
494 4 2 1 1 452 548 611 867
495 4 2 1 1 450 590 639 817
496 4 2 1 1 126 109 557 854
497 4 2 1 1 451 531 694 728
498 4 2 1 1 945 570 716 717
499 4 2 1 1 191 187 820 884
500 4 2 1 1 932 216 958 33
501 4 2 1 1 297 880 687 300
502 4 2 1 1 440 524 334 723
503 4 2 1 1 216 33 6 958
504 4 2 1 1 561 512 912 736
505 4 2 1 1 581 548 611 452
506 4 2 1 1 457 631 620 878
507 4 2 1 1 630 793 626 514
508 4 2 1 1 932 216 771 958
509 4 2 1 1 900 761 363 652
510 4 2 1 1 376 522 664 703
511 4 2 1 1 968 5 39 419
512 4 2 1 1 517 793 592 809
513 4 2 1 1 945 570 717 446
514 4 2 1 1 468 547 611 713
515 4 2 1 1 652 761 538 900
516 4 2 1 1 775 310 583 740
517 4 2 1 1 489 810 889 658
518 4 2 1 1 415 600 394 761
519 4 2 1 1 835 621 589 473
520 4 2 1 1 513 468 644 742
521 4 2 1 1 311 437 564 705
522 4 2 1 1 462 768 791 841
523 4 2 1 1 968 957 419 39
524 4 2 1 1 711 550 452 887
525 4 2 1 1 614 615 499 786
526 4 2 1 1 452 547 711 814
527 4 2 1 1 682 854 660 486
528 4 2 1 1 530 625 480 640
529 4 2 1 1 494 700 591 751
530 4 2 1 1 963 261 226 687
531 4 2 1 1 605 839 725 898
532 4 2 1 1 367 536 396 807
533 4 2 1 1 455 798 776 549
534 4 2 1 1 536 696 396 807
535 4 2 1 1 283 925 295 855
536 4 2 1 1 515 772 689 874
537 4 2 1 1 516 737 696 807
538 4 2 1 1 880 289 545 687
539 4 2 1 1 492 624 534 857
540 4 2 1 1 364 603 396 773
541 4 2 1 1 622 966 123 27
542 4 2 1 1 589 621 835 591
543 4 2 1 1 256 579 226 687
544 4 2 1 1 349 715 377 772
545 4 2 1 1 470 533 683 913
546 4 2 1 1 933 293 272 740
547 4 2 1 1 166 159 149 836
548 4 2 1 1 636 683 563 791
549 4 2 1 1 353 612 689 845
550 4 2 1 1 477 592 593 691
551 4 2 1 1 567 588 515 724
552 4 2 1 1 453 619 582 842
553 4 2 1 1 844 719 595 553
554 4 2 1 1 506 578 502 734
555 4 2 1 1 720 740 775 461
556 4 2 1 1 454 722 712 823
557 4 2 1 1 775 310 740 299
558 4 2 1 1 453 635 706 781
559 4 2 1 1 956 104 927 24
560 4 2 1 1 968 957 777 419
561 4 2 1 1 801 892 915 379
562 4 2 1 1 801 892 379 780
563 4 2 1 1 611 711 511 904
564 4 2 1 1 765 620 540 621
565 4 2 1 1 619 796 505 644
566 4 2 1 1 366 558 690 739
567 4 2 1 1 288 562 283 855
568 4 2 1 1 953 263 960 783
569 4 2 1 1 303 562 627 790
570 4 2 1 1 305 618 583 831
571 4 2 1 1 303 562 790 283
572 4 2 1 1 803 566 520 466
573 4 2 1 1 775 310 299 282
574 4 2 1 1 462 543 582 572
575 4 2 1 1 629 679 538 762
576 4 2 1 1 616 657 496 834
577 4 2 1 1 522 722 703 905
578 4 2 1 1 535 697 707 592
579 4 2 1 1 477 539 592 691
580 4 2 1 1 464 577 539 684
581 4 2 1 1 254 906 769 244
582 4 2 1 1 286 627 685 896
583 4 2 1 1 252 246 256 748
584 4 2 1 1 775 310 282 583
585 4 2 1 1 281 301 280 873
586 4 2 1 1 492 639 590 817
587 4 2 1 1 490 679 629 762
588 4 2 1 1 835 849 589 591
589 4 2 1 1 519 794 673 713
590 4 2 1 1 506 639 624 817
591 4 2 1 1 374 703 368 807
592 4 2 1 1 248 503 627 849
593 4 2 1 1 162 527 778 847
594 4 2 1 1 527 693 596 848
595 4 2 1 1 333 661 524 730
596 4 2 1 1 497 679 629 692
597 4 2 1 1 547 607 469 614
598 4 2 1 1 953 263 26 960
599 4 2 1 1 526 658 572 726
600 4 2 1 1 481 517 630 691
601 4 2 1 1 212 552 799 194
602 4 2 1 1 705 332 382 780
603 4 2 1 1 562 778 527 847
604 4 2 1 1 470 587 586 910
605 4 2 1 1 198 682 486 854
606 4 2 1 1 263 3 26 960
607 4 2 1 1 367 395 536 739
608 4 2 1 1 566 568 451 569
609 4 2 1 1 459 501 599 698
610 4 2 1 1 489 810 675 918
611 4 2 1 1 256 226 252 687
612 4 2 1 1 547 607 614 814
613 4 2 1 1 629 511 788 851
614 4 2 1 1 443 661 333 730
615 4 2 1 1 408 640 559 892
616 4 2 1 1 460 741 673 787
617 4 2 1 1 942 422 971 731
618 4 2 1 1 327 777 574 832
619 4 2 1 1 118 575 117 96
620 4 2 1 1 342 616 834 657
621 4 2 1 1 516 807 703 905
622 4 2 1 1 374 703 807 905
623 4 2 1 1 297 70 748 304
624 4 2 1 1 942 422 15 971
625 4 2 1 1 466 520 617 770
626 4 2 1 1 452 711 611 904
627 4 2 1 1 580 761 388 802
628 4 2 1 1 625 455 559 892
629 4 2 1 1 796 827 784 571
630 4 2 1 1 496 565 637 834
631 4 2 1 1 117 575 545 816
632 4 2 1 1 551 636 496 472
633 4 2 1 1 624 721 475 733
634 4 2 1 1 536 467 635 907
635 4 2 1 1 452 611 547 867
636 4 2 1 1 238 627 562 758
637 4 2 1 1 353 612 845 352
638 4 2 1 1 302 545 720 775
639 4 2 1 1 563 636 496 683
640 4 2 1 1 534 514 620 908
641 4 2 1 1 589 562 473 596
642 4 2 1 1 521 670 569 840
643 4 2 1 1 1 15 422 971
644 4 2 1 1 450 561 623 736
645 4 2 1 1 802 900 538 761
646 4 2 1 1 489 675 526 760
647 4 2 1 1 407 696 427 737
648 4 2 1 1 395 358 610 739
649 4 2 1 1 475 721 624 857
650 4 2 1 1 561 699 606 837
651 4 2 1 1 760 563 543 449
652 4 2 1 1 717 917 570 861
653 4 2 1 1 710 797 529 806
654 4 2 1 1 670 519 886 694
655 4 2 1 1 573 645 508 882
656 4 2 1 1 699 666 837 561
657 4 2 1 1 14 971 217 931
658 4 2 1 1 349 551 715 772
659 4 2 1 1 488 532 195 574
660 4 2 1 1 490 724 582 763
661 4 2 1 1 545 687 107 816
662 4 2 1 1 859 464 589 631
663 4 2 1 1 447 524 440 737
664 4 2 1 1 464 589 562 627
665 4 2 1 1 826 720 740 622
666 4 2 1 1 601 742 644 788
667 4 2 1 1 385 447 633 730
668 4 2 1 1 526 658 726 815
669 4 2 1 1 796 784 827 465
670 4 2 1 1 117 96 575 816
671 4 2 1 1 765 620 621 481
672 4 2 1 1 837 516 696 467
673 4 2 1 1 790 925 847 273
674 4 2 1 1 576 625 839 887
675 4 2 1 1 497 538 629 679
676 4 2 1 1 858 651 743 671
677 4 2 1 1 470 683 616 913
678 4 2 1 1 219 498 906 916
679 4 2 1 1 688 232 235 556
680 4 2 1 1 724 746 588 762
681 4 2 1 1 475 597 757 891
682 4 2 1 1 534 620 514 721
683 4 2 1 1 578 579 458 853
684 4 2 1 1 964 262 967 855
685 4 2 1 1 587 732 431 828
686 4 2 1 1 550 549 455 776
687 4 2 1 1 849 236 233 248
688 4 2 1 1 964 262 45 967
689 4 2 1 1 45 8 967 262
690 4 2 1 1 521 784 604 827
691 4 2 1 1 629 788 511 830
692 4 2 1 1 747 848 862 477
693 4 2 1 1 849 236 248 503
694 4 2 1 1 280 577 278 685
695 4 2 1 1 527 790 562 847
696 4 2 1 1 531 794 608 876
697 4 2 1 1 884 922 583 831
698 4 2 1 1 554 820 707 884
699 4 2 1 1 519 794 670 797
700 4 2 1 1 492 639 624 857
701 4 2 1 1 760 676 586 449
702 4 2 1 1 398 689 546 802
703 4 2 1 1 622 307 966 27
704 4 2 1 1 2 27 966 307
705 4 2 1 1 451 568 567 728
706 4 2 1 1 634 403 533 913
707 4 2 1 1 934 488 132 792
708 4 2 1 1 962 44 7 421
709 4 2 1 1 280 577 685 873
710 4 2 1 1 969 160 932 771
711 4 2 1 1 639 699 509 712
712 4 2 1 1 961 962 421 44
713 4 2 1 1 522 714 928 664
714 4 2 1 1 245 929 855 949
715 4 2 1 1 556 591 232 668
716 4 2 1 1 575 573 750 838
717 4 2 1 1 813 676 677 586
718 4 2 1 1 477 618 583 747
719 4 2 1 1 304 748 71 70
720 4 2 1 1 576 600 482 814
721 4 2 1 1 395 396 536 773
722 4 2 1 1 370 533 403 913
723 4 2 1 1 482 576 552 605
724 4 2 1 1 254 906 244 219
725 4 2 1 1 439 431 732 828
726 4 2 1 1 595 716 657 472
727 4 2 1 1 543 520 617 791
728 4 2 1 1 592 707 477 632
729 4 2 1 1 533 470 634 913
730 4 2 1 1 280 775 577 873
731 4 2 1 1 454 823 712 889
732 4 2 1 1 651 762 515 588
733 4 2 1 1 961 962 674 421
734 4 2 1 1 403 533 402 800
735 4 2 1 1 164 709 618 771
736 4 2 1 1 516 467 542 823
737 4 2 1 1 475 757 639 891
738 4 2 1 1 471 564 560 730
739 4 2 1 1 774 866 532 499
740 4 2 1 1 236 579 503 890
741 4 2 1 1 551 772 349 782
742 4 2 1 1 592 477 707 903
743 4 2 1 1 448 630 592 653
744 4 2 1 1 788 830 629 852
745 4 2 1 1 612 402 533 800
746 4 2 1 1 801 892 780 530
747 4 2 1 1 582 619 453 706
748 4 2 1 1 760 676 449 675
749 4 2 1 1 597 501 850 733
750 4 2 1 1 583 831 554 884
751 4 2 1 1 80 962 260 7
752 4 2 1 1 4 69 970 308
753 4 2 1 1 543 617 563 791
754 4 2 1 1 272 933 58 293
755 4 2 1 1 490 746 724 762
756 4 2 1 1 375 558 368 703
757 4 2 1 1 280 301 775 873
758 4 2 1 1 117 545 107 816
759 4 2 1 1 918 744 857 534
760 4 2 1 1 651 515 762 546
761 4 2 1 1 138 553 537 595
762 4 2 1 1 584 718 667 727
763 4 2 1 1 554 583 477 618
764 4 2 1 1 181 532 488 792
765 4 2 1 1 297 880 300 287
766 4 2 1 1 484 795 593 517
767 4 2 1 1 507 585 565 888
768 4 2 1 1 880 289 687 300
769 4 2 1 1 600 613 482 814
770 4 2 1 1 302 301 268 545
771 4 2 1 1 177 574 777 488
772 4 2 1 1 427 407 371 696
773 4 2 1 1 32 970 125 687
774 4 2 1 1 814 867 547 607
775 4 2 1 1 682 660 854 121
776 4 2 1 1 390 752 580 858
777 4 2 1 1 487 651 671 743
778 4 2 1 1 475 695 601 883
779 4 2 1 1 528 494 678 556
780 4 2 1 1 933 966 215 622
781 4 2 1 1 871 317 67 948
782 4 2 1 1 625 640 559 725
783 4 2 1 1 760 676 675 526
784 4 2 1 1 555 513 742 806
785 4 2 1 1 466 595 803 566
786 4 2 1 1 454 609 678 712
787 4 2 1 1 342 346 616 657
788 4 2 1 1 367 739 536 807
789 4 2 1 1 496 551 616 683
790 4 2 1 1 395 610 356 773
791 4 2 1 1 593 484 672 795
792 4 2 1 1 545 775 301 873
793 4 2 1 1 163 164 594 899
794 4 2 1 1 85 525 104 769
795 4 2 1 1 546 743 391 858
796 4 2 1 1 500 726 558 815
797 4 2 1 1 460 519 673 741
798 4 2 1 1 581 548 452 655
799 4 2 1 1 415 600 580 786
800 4 2 1 1 577 477 707 583
801 4 2 1 1 519 694 818 886
802 4 2 1 1 535 697 686 707
803 4 2 1 1 497 629 538 830
804 4 2 1 1 555 742 710 806
805 4 2 1 1 356 610 679 773
806 4 2 1 1 644 742 468 851
807 4 2 1 1 241 668 669 483
808 4 2 1 1 857 918 628 489
809 4 2 1 1 550 455 642 789
810 4 2 1 1 477 583 554 707
811 4 2 1 1 489 526 658 760
812 4 2 1 1 481 626 517 456
813 4 2 1 1 180 13 14 931
814 4 2 1 1 708 755 476 599
815 4 2 1 1 370 533 913 782
816 4 2 1 1 612 689 515 772
817 4 2 1 1 408 559 640 725
818 4 2 1 1 480 530 830 776
819 4 2 1 1 859 464 631 684
820 4 2 1 1 535 599 504 686
821 4 2 1 1 687 970 69 308
822 4 2 1 1 629 679 490 692
823 4 2 1 1 459 575 573 698
824 4 2 1 1 32 970 4 125
825 4 2 1 1 509 757 695 781
826 4 2 1 1 118 545 81 117
827 4 2 1 1 245 929 949 73
828 4 2 1 1 524 723 542 881
829 4 2 1 1 180 14 217 931
830 4 2 1 1 450 639 757 891
831 4 2 1 1 68 5 968 419
832 4 2 1 1 513 793 602 806
833 4 2 1 1 499 436 66 871
834 4 2 1 1 508 93 667 882
835 4 2 1 1 948 968 419 68
836 4 2 1 1 614 531 547 463
837 4 2 1 1 180 931 217 731
838 4 2 1 1 566 840 770 844
839 4 2 1 1 471 561 606 837
840 4 2 1 1 478 572 763 582
841 4 2 1 1 85 769 953 783
842 4 2 1 1 547 469 607 867
843 4 2 1 1 948 968 777 419
844 4 2 1 1 587 616 323 732
845 4 2 1 1 519 673 794 797
846 4 2 1 1 477 554 618 779
847 4 2 1 1 236 264 248 503
848 4 2 1 1 492 534 624 700
849 4 2 1 1 858 743 651 546
850 4 2 1 1 180 682 931 731
851 4 2 1 1 366 368 392 558
852 4 2 1 1 634 533 403 690
853 4 2 1 1 445 723 881 805
854 4 2 1 1 159 562 161 778
855 4 2 1 1 309 62 6 958
856 4 2 1 1 631 684 539 653
857 4 2 1 1 498 579 578 853
858 4 2 1 1 213 922 884 831
859 4 2 1 1 926 958 62 309
860 4 2 1 1 580 651 546 858
861 4 2 1 1 384 633 603 780
862 4 2 1 1 371 603 384 633
863 4 2 1 1 547 608 468 851
864 4 2 1 1 478 536 610 739
865 4 2 1 1 225 238 245 855
866 4 2 1 1 846 452 581 904
867 4 2 1 1 174 709 680 792
868 4 2 1 1 663 541 662 518
869 4 2 1 1 763 726 690 533
870 4 2 1 1 531 614 469 774
871 4 2 1 1 926 958 309 771
872 4 2 1 1 539 631 464 684
873 4 2 1 1 403 690 533 800
874 4 2 1 1 49 935 223 955
875 4 2 1 1 918 744 534 908
876 4 2 1 1 935 223 955 507
877 4 2 1 1 523 766 662 449
878 4 2 1 1 678 808 641 810
879 4 2 1 1 462 683 636 791
880 4 2 1 1 547 851 511 463
881 4 2 1 1 457 620 621 751
882 4 2 1 1 477 593 779 848
883 4 2 1 1 504 577 539 903
884 4 2 1 1 481 589 620 621
885 4 2 1 1 440 333 334 524
886 4 2 1 1 951 108 622 720
887 4 2 1 1 223 955 507 669
888 4 2 1 1 492 534 700 918
889 4 2 1 1 264 627 503 748
890 4 2 1 1 489 628 695 889
891 4 2 1 1 455 550 625 789
892 4 2 1 1 204 969 932 771
893 4 2 1 1 303 286 277 896
894 4 2 1 1 448 793 756 883
895 4 2 1 1 264 627 748 222
896 4 2 1 1 113 125 963 687
897 4 2 1 1 375 392 558 735
898 4 2 1 1 523 617 766 449
899 4 2 1 1 924 197 969 35
900 4 2 1 1 667 727 459 850
901 4 2 1 1 640 725 625 839
902 4 2 1 1 751 540 621 870
903 4 2 1 1 516 722 703 864
904 4 2 1 1 477 592 539 903
905 4 2 1 1 725 839 640 898
906 4 2 1 1 250 836 855 964
907 4 2 1 1 857 918 534 492
908 4 2 1 1 471 525 606 623
909 4 2 1 1 560 561 666 912
910 4 2 1 1 924 197 709 969
911 4 2 1 1 489 889 810 628
912 4 2 1 1 280 685 281 873
913 4 2 1 1 192 969 204 771
914 4 2 1 1 289 268 301 545
915 4 2 1 1 117 81 107 545
916 4 2 1 1 575 720 545 873
917 4 2 1 1 449 563 617 738
918 4 2 1 1 720 504 872 461
919 4 2 1 1 384 332 633 780
920 4 2 1 1 576 814 452 887
921 4 2 1 1 535 707 903 592
922 4 2 1 1 506 624 578 817
923 4 2 1 1 375 392 368 558
924 4 2 1 1 476 655 659 753
925 4 2 1 1 476 535 599 755
926 4 2 1 1 208 486 198 865
927 4 2 1 1 612 533 402 782
928 4 2 1 1 533 462 763 572
929 4 2 1 1 161 778 562 847
930 4 2 1 1 161 562 159 855
931 4 2 1 1 626 650 514 465
932 4 2 1 1 398 689 802 901
933 4 2 1 1 451 670 571 840
934 4 2 1 1 790 925 273 283
935 4 2 1 1 164 771 618 899
936 4 2 1 1 350 612 402 782
937 4 2 1 1 303 562 283 288
938 4 2 1 1 199 922 831 950
939 4 2 1 1 467 781 635 907
940 4 2 1 1 774 651 614 499
941 4 2 1 1 104 769 525 906
942 4 2 1 1 582 763 462 572
943 4 2 1 1 198 486 208 854
944 4 2 1 1 931 180 13 682
945 4 2 1 1 713 794 531 818
946 4 2 1 1 476 655 581 659
947 4 2 1 1 192 969 771 709
948 4 2 1 1 481 630 626 514
949 4 2 1 1 377 351 772 874
950 4 2 1 1 91 667 584 718
951 4 2 1 1 956 104 24 83
952 4 2 1 1 557 686 659 856
953 4 2 1 1 659 686 476 753
954 4 2 1 1 375 558 703 735
955 4 2 1 1 513 619 465 883
956 4 2 1 1 581 548 655 476
957 4 2 1 1 398 802 546 858
958 4 2 1 1 364 371 396 603
959 4 2 1 1 35 34 197 969
960 4 2 1 1 934 214 968 777
961 4 2 1 1 565 595 466 719
962 4 2 1 1 934 214 38 968
963 4 2 1 1 611 713 547 867
964 4 2 1 1 483 242 829 894
965 4 2 1 1 138 553 595 719
966 4 2 1 1 452 824 576 887
967 4 2 1 1 334 723 524 881
968 4 2 1 1 386 730 705 821
969 4 2 1 1 611 581 452 904
970 4 2 1 1 763 724 785 612
971 4 2 1 1 199 922 950 60
972 4 2 1 1 468 571 794 797
973 4 2 1 1 738 766 617 449
974 4 2 1 1 368 558 366 739
975 4 2 1 1 480 613 600 839
976 4 2 1 1 653 684 698 734
977 4 2 1 1 457 849 589 859
978 4 2 1 1 470 616 732 913
979 4 2 1 1 490 582 692 763
980 4 2 1 1 449 675 650 760
981 4 2 1 1 922 305 583 831
982 4 2 1 1 142 594 141 693
983 4 2 1 1 470 586 563 572
984 4 2 1 1 157 507 585 674
985 4 2 1 1 250 836 964 243
986 4 2 1 1 490 612 724 763
987 4 2 1 1 450 542 590 606
988 4 2 1 1 560 561 471 837
989 4 2 1 1 451 694 568 728
990 4 2 1 1 108 921 720 951
991 4 2 1 1 5 38 214 968
992 4 2 1 1 573 667 508 750
993 4 2 1 1 929 306 967 855
994 4 2 1 1 646 733 501 745
995 4 2 1 1 954 557 109 854
996 4 2 1 1 608 713 468 794
997 4 2 1 1 715 759 648 893
998 4 2 1 1 489 628 810 918
999 4 2 1 1 450 699 561 736
1000 4 2 1 1 651 728 487 825
1001 4 2 1 1 688 232 556 665
1002 4 2 1 1 770 840 521 844
1003 4 2 1 1 695 744 619 883
1004 4 2 1 1 676 738 677 586
1005 4 2 1 1 474 550 642 846
1006 4 2 1 1 486 682 198 865
1007 4 2 1 1 211 574 532 499
1008 4 2 1 1 531 728 651 825
1009 4 2 1 1 861 917 570 759
1010 4 2 1 1 460 544 697 707
1011 4 2 1 1 470 563 683 572
1012 4 2 1 1 581 869 846 904
1013 4 2 1 1 929 306 74 967
1014 4 2 1 1 212 552 194 205
1015 4 2 1 1 643 474 846 869
1016 4 2 1 1 311 17 18 930
1017 4 2 1 1 8 306 967 74
1018 4 2 1 1 450 542 606 699
1019 4 2 1 1 513 465 793 883
1020 4 2 1 1 159 161 149 778
1021 4 2 1 1 361 388 761 802
1022 4 2 1 1 106 682 12 854
1023 4 2 1 1 755 653 599 501
1024 4 2 1 1 493 609 522 722
1025 4 2 1 1 311 930 18 821
1026 4 2 1 1 56 967 171 8
1027 4 2 1 1 206 933 622 740
1028 4 2 1 1 288 283 269 855
1029 4 2 1 1 509 699 639 757
1030 4 2 1 1 729 569 532 694
1031 4 2 1 1 959 171 967 855
1032 4 2 1 1 720 740 622 299
1033 4 2 1 1 474 601 742 745
1034 4 2 1 1 622 215 9 966
1035 4 2 1 1 567 724 515 785
1036 4 2 1 1 491 485 681 824
1037 4 2 1 1 514 793 626 465
1038 4 2 1 1 478 739 610 800
1039 4 2 1 1 327 832 574 871
1040 4 2 1 1 462 533 683 572
1041 4 2 1 1 573 667 495 882
1042 4 2 1 1 930 311 17 437
1043 4 2 1 1 515 724 612 785
1044 4 2 1 1 332 730 633 780
1045 4 2 1 1 966 9 2 215
1046 4 2 1 1 279 278 280 577
1047 4 2 1 1 478 690 739 800
1048 4 2 1 1 480 652 538 830
1049 4 2 1 1 965 268 921 30
1050 4 2 1 1 451 567 804 876
1051 4 2 1 1 965 268 30 289
1052 4 2 1 1 504 535 461 903
1053 4 2 1 1 448 756 646 883
1054 4 2 1 1 425 600 605 338
1055 4 2 1 1 648 715 570 759
1056 4 2 1 1 937 226 247 579
1057 4 2 1 1 687 289 965 31
1058 4 2 1 1 517 602 793 809
1059 4 2 1 1 768 796 784 804
1060 4 2 1 1 505 644 796 860
1061 4 2 1 1 30 31 965 289
1062 4 2 1 1 302 301 545 775
1063 4 2 1 1 965 545 289 687
1064 4 2 1 1 521 795 704 897
1065 4 2 1 1 499 651 614 752
1066 4 2 1 1 900 357 901 679
1067 4 2 1 1 394 388 415 761
1068 4 2 1 1 496 595 565 834
1069 4 2 1 1 457 589 591 621
1070 4 2 1 1 893 636 785 551
1071 4 2 1 1 651 515 743 487
1072 4 2 1 1 450 561 606 623
1073 4 2 1 1 576 625 725 839
1074 4 2 1 1 784 796 571 804
1075 4 2 1 1 844 569 840 521
1076 4 2 1 1 582 724 490 842
1077 4 2 1 1 560 666 561 837
1078 4 2 1 1 223 813 674 894
1079 4 2 1 1 514 534 744 908
1080 4 2 1 1 389 802 398 858
1081 4 2 1 1 918 744 908 489
1082 4 2 1 1 606 493 525 881
1083 4 2 1 1 497 538 652 830
1084 4 2 1 1 495 667 573 850
1085 4 2 1 1 844 840 569 566
1086 4 2 1 1 509 695 628 889
1087 4 2 1 1 118 545 117 575
1088 4 2 1 1 549 830 788 852
1089 4 2 1 1 582 692 478 706
1090 4 2 1 1 550 452 846 904
1091 4 2 1 1 918 744 489 857
1092 4 2 1 1 468 608 547 713
1093 4 2 1 1 598 635 509 706
1094 4 2 1 1 502 733 506 734
1095 4 2 1 1 468 673 710 797
1096 4 2 1 1 299 292 622 720
1097 4 2 1 1 536 635 692 907
1098 4 2 1 1 763 845 490 612
1099 4 2 1 1 311 564 930 821
1100 4 2 1 1 455 798 549 666
1101 4 2 1 1 374 807 373 905
1102 4 2 1 1 621 662 540 765
1103 4 2 1 1 163 164 144 594
1104 4 2 1 1 662 766 738 449
1105 4 2 1 1 786 613 600 580
1106 4 2 1 1 670 794 571 797
1107 4 2 1 1 490 692 610 763
1108 4 2 1 1 278 685 577 896
1109 4 2 1 1 702 703 522 722
1110 4 2 1 1 774 651 499 825
1111 4 2 1 1 46 964 243 250
1112 4 2 1 1 202 191 213 884
1113 4 2 1 1 96 750 575 816
1114 4 2 1 1 473 596 562 778
1115 4 2 1 1 45 46 250 964
1116 4 2 1 1 567 636 520 841
1117 4 2 1 1 259 245 238 627
1118 4 2 1 1 964 967 171 855
1119 4 2 1 1 763 726 533 572
1120 4 2 1 1 964 967 45 171
1121 4 2 1 1 534 721 514 744
1122 4 2 1 1 928 829 664 714
1123 4 2 1 1 496 657 595 834
1124 4 2 1 1 250 836 243 238
1125 4 2 1 1 503 684 458 880
1126 4 2 1 1 85 927 953 769
1127 4 2 1 1 937 226 963 22
1128 4 2 1 1 763 845 610 490
1129 4 2 1 1 405 391 546 743
1130 4 2 1 1 311 437 930 564
1131 4 2 1 1 792 532 569 886
1132 4 2 1 1 863 749 82 564
1133 4 2 1 1 505 796 804 860
1134 4 2 1 1 530 798 776 455
1135 4 2 1 1 633 730 524 837
1136 4 2 1 1 869 742 745 474
1137 4 2 1 1 85 927 769 104
1138 4 2 1 1 462 683 533 785
1139 4 2 1 1 452 655 548 867
1140 4 2 1 1 929 74 269 73
1141 4 2 1 1 403 426 634 690
1142 4 2 1 1 302 720 299 775
1143 4 2 1 1 480 538 652 761
1144 4 2 1 1 963 21 22 226
1145 4 2 1 1 510 655 753 856
1146 4 2 1 1 548 867 655 868
1147 4 2 1 1 116 579 687 113
1148 4 2 1 1 376 664 411 703
1149 4 2 1 1 618 709 594 779
1150 4 2 1 1 460 707 632 820
1151 4 2 1 1 605 725 552 731
1152 4 2 1 1 448 555 513 646
1153 4 2 1 1 744 465 619 883
1154 4 2 1 1 342 834 616 585
1155 4 2 1 1 453 695 601 781
1156 4 2 1 1 450 606 561 699
1157 4 2 1 1 476 710 555 869
1158 4 2 1 1 581 611 869 904
1159 4 2 1 1 568 694 569 729
1160 4 2 1 1 530 798 652 830
1161 4 2 1 1 464 503 589 627
1162 4 2 1 1 963 261 21 226
1163 4 2 1 1 508 749 93 882
1164 4 2 1 1 763 726 572 478
1165 4 2 1 1 254 906 219 498
1166 4 2 1 1 637 834 616 496
1167 4 2 1 1 498 219 579 916
1168 4 2 1 1 516 723 542 737
1169 4 2 1 1 257 483 242 714
1170 4 2 1 1 467 509 598 635
1171 4 2 1 1 488 537 147 792
1172 4 2 1 1 929 967 262 855
1173 4 2 1 1 869 745 742 555
1174 4 2 1 1 560 705 564 455
1175 4 2 1 1 895 541 663 518
1176 4 2 1 1 929 967 74 262
1177 4 2 1 1 471 606 524 837
1178 4 2 1 1 391 398 546 858
1179 4 2 1 1 763 785 724 462
1180 4 2 1 1 447 333 440 524
1181 4 2 1 1 937 226 579 963
1182 4 2 1 1 625 576 824 887
1183 4 2 1 1 103 937 579 113
1184 4 2 1 1 481 517 691 456
1185 4 2 1 1 106 121 682 854
1186 4 2 1 1 600 605 482 786
1187 4 2 1 1 468 571 602 796
1188 4 2 1 1 457 624 534 700
1189 4 2 1 1 107 687 116 816
1190 4 2 1 1 489 695 628 857
1191 4 2 1 1 628 678 492 712
1192 4 2 1 1 457 665 849 859
1193 4 2 1 1 457 591 700 751
1194 4 2 1 1 259 248 627 849
1195 4 2 1 1 886 638 647 519
1196 4 2 1 1 552 814 607 877
1197 4 2 1 1 550 904 549 830
1198 4 2 1 1 395 358 356 610
1199 4 2 1 1 211 532 866 499
1200 4 2 1 1 94 508 667 750
1201 4 2 1 1 476 555 710 755
1202 4 2 1 1 956 244 927 906
1203 4 2 1 1 162 778 161 847
1204 4 2 1 1 274 747 847 790
1205 4 2 1 1 174 183 680 709
1206 4 2 1 1 94 750 667 838
1207 4 2 1 1 560 730 633 837
1208 4 2 1 1 963 970 125 21
1209 4 2 1 1 548 710 611 713
1210 4 2 1 1 73 269 929 288
1211 4 2 1 1 464 627 790 896
1212 4 2 1 1 471 560 564 656
1213 4 2 1 1 463 629 762 746
1214 4 2 1 1 391 389 398 858
1215 4 2 1 1 528 556 239 668
1216 4 2 1 1 963 226 579 687
1217 4 2 1 1 415 752 786 580
1218 4 2 1 1 520 784 768 822
1219 4 2 1 1 516 542 722 823
1220 4 2 1 1 457 534 624 878
1221 4 2 1 1 260 50 7 962
1222 4 2 1 1 939 552 731 605
1223 4 2 1 1 557 622 115 720
1224 4 2 1 1 285 618 305 831
1225 4 2 1 1 465 604 626 822
1226 4 2 1 1 567 841 804 876
1227 4 2 1 1 962 260 674 940
1228 4 2 1 1 279 577 280 775
1229 4 2 1 1 935 962 50 260
1230 4 2 1 1 935 962 260 674
1231 4 2 1 1 765 620 481 514
1232 4 2 1 1 497 652 538 900
1233 4 2 1 1 513 602 793 465
1234 4 2 1 1 44 43 444 961
1235 4 2 1 1 540 621 620 751
1236 4 2 1 1 409 373 737 905
1237 4 2 1 1 548 713 611 867
1238 4 2 1 1 457 534 620 751
1239 4 2 1 1 391 398 405 546
1240 4 2 1 1 500 558 702 815
1241 4 2 1 1 632 707 697 592
1242 4 2 1 1 98 575 557 720
1243 4 2 1 1 473 663 621 481
1244 4 2 1 1 132 488 934 777
1245 4 2 1 1 418 570 716 344
1246 4 2 1 1 479 764 569 792
1247 4 2 1 1 502 859 624 878
1248 4 2 1 1 489 695 706 889
1249 4 2 1 1 462 582 724 763
1250 4 2 1 1 451 569 568 694
1251 4 2 1 1 449 676 662 540
1252 4 2 1 1 632 484 529 638
1253 4 2 1 1 753 686 856 659
1254 4 2 1 1 465 784 768 796
1255 4 2 1 1 554 709 618 779
1256 4 2 1 1 538 761 580 802
1257 4 2 1 1 235 688 556 701
1258 4 2 1 1 288 269 929 855
1259 4 2 1 1 421 44 444 961
1260 4 2 1 1 463 588 608 746
1261 4 2 1 1 469 713 741 867
1262 4 2 1 1 606 542 524 837
1263 4 2 1 1 680 709 479 792
1264 4 2 1 1 710 755 529 787
1265 4 2 1 1 326 752 671 871
1266 4 2 1 1 275 847 747 899
1267 4 2 1 1 651 752 671 858
1268 4 2 1 1 641 678 454 843
1269 4 2 1 1 954 9 622 179
1270 4 2 1 1 483 676 808 870
1271 4 2 1 1 259 627 238 758
1272 4 2 1 1 763 726 478 690
1273 4 2 1 1 460 519 647 638
1274 4 2 1 1 549 776 550 830
1275 4 2 1 1 961 444 421 674
1276 4 2 1 1 251 769 493 783
1277 4 2 1 1 477 577 747 583
1278 4 2 1 1 451 571 804 840
1279 4 2 1 1 933 215 206 622
1280 4 2 1 1 961 944 43 444
1281 4 2 1 1 573 667 459 850
1282 4 2 1 1 508 667 573 882
1283 4 2 1 1 504 686 599 872
1284 4 2 1 1 589 627 503 849
1285 4 2 1 1 406 648 743 330
1286 4 2 1 1 747 848 477 618
1287 4 2 1 1 117 107 116 816
1288 4 2 1 1 560 798 780 455
1289 4 2 1 1 930 559 437 946
1290 4 2 1 1 232 591 556 665
1291 4 2 1 1 460 697 544 753
1292 4 2 1 1 529 710 673 797
1293 4 2 1 1 405 546 398 874
1294 4 2 1 1 503 458 579 880
1295 4 2 1 1 272 933 57 58
1296 4 2 1 1 859 464 684 503
1297 4 2 1 1 573 459 667 838
1298 4 2 1 1 955 131 49 935
1299 4 2 1 1 461 577 707 583
1300 4 2 1 1 480 600 761 898
1301 4 2 1 1 533 763 462 785
1302 4 2 1 1 497 652 798 830
1303 4 2 1 1 684 873 458 880
1304 4 2 1 1 833 928 522 714
1305 4 2 1 1 961 944 444 585
1306 4 2 1 1 407 427 336 737
1307 4 2 1 1 99 471 89 749
1308 4 2 1 1 961 585 444 674
1309 4 2 1 1 694 531 794 818
1310 4 2 1 1 108 921 951 29
1311 4 2 1 1 497 538 679 900
1312 4 2 1 1 350 352 402 612
1313 4 2 1 1 824 452 550 887
1314 4 2 1 1 576 605 600 839
1315 4 2 1 1 420 960 3 75
1316 4 2 1 1 590 609 542 712
1317 4 2 1 1 20 960 122 3
1318 4 2 1 1 753 787 548 919
1319 4 2 1 1 696 907 536 603
1320 4 2 1 1 334 524 661 881
1321 4 2 1 1 943 960 420 75
1322 4 2 1 1 186 647 754 811
1323 4 2 1 1 461 720 557 872
1324 4 2 1 1 603 780 633 920
1325 4 2 1 1 633 780 560 920
1326 4 2 1 1 559 640 625 892
1327 4 2 1 1 285 284 305 618
1328 4 2 1 1 708 755 599 501
1329 4 2 1 1 350 772 612 782
1330 4 2 1 1 554 771 192 831
1331 4 2 1 1 625 485 789 824
1332 4 2 1 1 503 589 849 859
1333 4 2 1 1 507 649 150 888
1334 4 2 1 1 943 960 783 420
1335 4 2 1 1 509 628 695 857
1336 4 2 1 1 519 797 670 638
1337 4 2 1 1 379 892 382 780
1338 4 2 1 1 550 491 642 846
1339 4 2 1 1 960 941 122 783
1340 4 2 1 1 562 627 589 758
1341 4 2 1 1 145 834 585 888
1342 4 2 1 1 478 558 690 726
1343 4 2 1 1 121 110 660 854
1344 4 2 1 1 553 456 704 819
1345 4 2 1 1 471 524 730 837
1346 4 2 1 1 643 846 708 869
1347 4 2 1 1 933 307 622 272
1348 4 2 1 1 66 499 175 799
1349 4 2 1 1 578 734 506 853
1350 4 2 1 1 483 813 241 894
1351 4 2 1 1 777 832 917 574
1352 4 2 1 1 666 837 560 920
1353 4 2 1 1 103 937 113 120
1354 4 2 1 1 460 697 632 707
1355 4 2 1 1 462 683 791 572
1356 4 2 1 1 765 620 514 540
1357 4 2 1 1 550 846 474 904
1358 4 2 1 1 116 579 113 103
1359 4 2 1 1 356 679 359 773
1360 4 2 1 1 436 499 314 752
1361 4 2 1 1 471 606 561 623
1362 4 2 1 1 524 542 606 881
1363 4 2 1 1 525 783 111 661
1364 4 2 1 1 556 591 494 700
1365 4 2 1 1 396 371 407 696
1366 4 2 1 1 851 742 788 644
1367 4 2 1 1 543 650 489 760
1368 4 2 1 1 454 722 823 864
1369 4 2 1 1 621 663 662 765
1370 4 2 1 1 614 615 469 774
1371 4 2 1 1 930 564 82 821
1372 4 2 1 1 544 820 884 707
1373 4 2 1 1 476 659 581 708
1374 4 2 1 1 692 852 497 907
1375 4 2 1 1 495 573 645 850
1376 4 2 1 1 748 687 70 297
1377 4 2 1 1 930 863 559 946
1378 4 2 1 1 454 609 712 722
1379 4 2 1 1 490 692 582 842
1380 4 2 1 1 597 736 495 767
1381 4 2 1 1 501 653 599 698
1382 4 2 1 1 254 498 219 890
1383 4 2 1 1 200 933 740 952
1384 4 2 1 1 586 808 526 911
1385 4 2 1 1 543 768 520 791
1386 4 2 1 1 611 710 468 713
1387 4 2 1 1 254 701 769 688
1388 4 2 1 1 459 698 573 850
1389 4 2 1 1 368 558 739 807
1390 4 2 1 1 687 69 70 297
1391 4 2 1 1 526 808 675 810
1392 4 2 1 1 677 738 637 586
1393 4 2 1 1 236 503 665 890
1394 4 2 1 1 566 770 466 844
1395 4 2 1 1 554 707 583 884
1396 4 2 1 1 658 815 454 864
1397 4 2 1 1 334 661 524 333
1398 4 2 1 1 557 659 486 856
1399 4 2 1 1 715 772 551 893
1400 4 2 1 1 653 698 684 504
1401 4 2 1 1 660 718 682 681
1402 4 2 1 1 563 791 683 572
1403 4 2 1 1 396 696 407 807
1404 4 2 1 1 471 730 661 821
1405 4 2 1 1 618 771 285 899
1406 4 2 1 1 616 683 551 782
1407 4 2 1 1 392 558 735 885
1408 4 2 1 1 956 104 906 927
1409 4 2 1 1 705 730 564 821
1410 4 2 1 1 521 604 795 827
1411 4 2 1 1 740 775 461 583
1412 4 2 1 1 455 584 642 789
1413 4 2 1 1 492 609 590 712
1414 4 2 1 1 69 687 308 297
1415 4 2 1 1 478 598 658 706
1416 4 2 1 1 922 305 265 583
1417 4 2 1 1 925 295 959 55
1418 4 2 1 1 523 626 604 822
1419 4 2 1 1 588 841 567 876
1420 4 2 1 1 418 570 344 329
1421 4 2 1 1 954 9 179 10
1422 4 2 1 1 505 724 582 842
1423 4 2 1 1 484 593 672 779
1424 4 2 1 1 259 237 248 849
1425 4 2 1 1 622 966 9 123
1426 4 2 1 1 279 278 577 896
1427 4 2 1 1 476 555 708 869
1428 4 2 1 1 522 723 722 905
1429 4 2 1 1 746 629 851 463
1430 4 2 1 1 580 752 651 858
1431 4 2 1 1 552 725 485 731
1432 4 2 1 1 606 623 525 654
1433 4 2 1 1 628 678 454 810
1434 4 2 1 1 636 785 462 841
1435 4 2 1 1 163 594 527 899
1436 4 2 1 1 55 295 959 56
1437 4 2 1 1 901 354 689 845
1438 4 2 1 1 729 532 569 488
1439 4 2 1 1 285 771 296 899
1440 4 2 1 1 610 692 478 763
1441 4 2 1 1 496 636 563 803
1442 4 2 1 1 523 662 766 819
1443 4 2 1 1 398 546 689 874
1444 4 2 1 1 88 954 115 109
1445 4 2 1 1 747 847 527 899
1446 4 2 1 1 405 743 546 874
1447 4 2 1 1 472 570 715 759
1448 4 2 1 1 699 837 666 467
1449 4 2 1 1 403 372 426 690
1450 4 2 1 1 245 923 949 627
1451 4 2 1 1 464 685 627 896
1452 4 2 1 1 492 624 639 817
1453 4 2 1 1 959 306 56 295
1454 4 2 1 1 480 830 530 652
1455 4 2 1 1 320 735 664 828
1456 4 2 1 1 267 53 847 899
1457 4 2 1 1 540 675 650 449
1458 4 2 1 1 480 640 625 839
1459 4 2 1 1 464 627 562 790
1460 4 2 1 1 115 98 557 720
1461 4 2 1 1 925 295 855 959
1462 4 2 1 1 761 915 363 652
1463 4 2 1 1 875 591 665 556
1464 4 2 1 1 450 817 639 891
1465 4 2 1 1 36 181 37 792
1466 4 2 1 1 500 828 910 911
1467 4 2 1 1 695 757 601 781
1468 4 2 1 1 358 739 365 800
1469 4 2 1 1 542 722 493 723
1470 4 2 1 1 245 923 627 222
1471 4 2 1 1 496 616 551 657
1472 4 2 1 1 934 181 177 488
1473 4 2 1 1 613 614 482 814
1474 4 2 1 1 531 713 608 794
1475 4 2 1 1 624 721 534 857
1476 4 2 1 1 562 596 464 790
1477 4 2 1 1 519 794 713 818
1478 4 2 1 1 286 685 627 748
1479 4 2 1 1 493 590 542 606
1480 4 2 1 1 458 573 575 698
1481 4 2 1 1 489 706 619 582
1482 4 2 1 1 486 659 557 660
1483 4 2 1 1 702 815 558 864
1484 4 2 1 1 754 647 184 820
1485 4 2 1 1 365 739 690 800
1486 4 2 1 1 652 798 530 801
1487 4 2 1 1 803 738 637 565
1488 4 2 1 1 398 802 389 901
1489 4 2 1 1 493 722 522 723
1490 4 2 1 1 284 618 275 747
1491 4 2 1 1 826 720 622 557
1492 4 2 1 1 851 788 742 511
1493 4 2 1 1 142 527 163 594
1494 4 2 1 1 670 827 797 571
1495 4 2 1 1 637 738 563 586
1496 4 2 1 1 497 798 652 801
1497 4 2 1 1 893 636 551 472
1498 4 2 1 1 299 302 292 720
1499 4 2 1 1 482 600 576 605
1500 4 2 1 1 451 728 567 876
1501 4 2 1 1 761 898 381 915
1502 4 2 1 1 592 755 448 653
1503 4 2 1 1 455 625 550 776
1504 4 2 1 1 619 695 453 706
1505 4 2 1 1 905 376 522 432
1506 4 2 1 1 470 563 586 637
1507 4 2 1 1 489 744 695 857
1508 4 2 1 1 101 731 485 879
1509 4 2 1 1 522 722 609 843
1510 4 2 1 1 456 795 604 517
1511 4 2 1 1 110 557 660 854
1512 4 2 1 1 554 771 831 618
1513 4 2 1 1 753 856 686 544
1514 4 2 1 1 560 780 798 920
1515 4 2 1 1 956 906 83 916
1516 4 2 1 1 341 408 559 892
1517 4 2 1 1 14 971 931 124
1518 4 2 1 1 573 575 459 838
1519 4 2 1 1 498 579 219 890
1520 4 2 1 1 971 217 931 731
1521 4 2 1 1 192 969 709 197
1522 4 2 1 1 486 659 655 856
1523 4 2 1 1 669 676 483 870
1524 4 2 1 1 309 6 51 958
1525 4 2 1 1 89 471 99 661
1526 4 2 1 1 560 471 730 837
1527 4 2 1 1 624 859 457 878
1528 4 2 1 1 324 439 431 732
1529 4 2 1 1 458 684 578 734
1530 4 2 1 1 667 718 660 727
1531 4 2 1 1 712 722 542 823
1532 4 2 1 1 802 900 761 361
1533 4 2 1 1 635 852 692 907
1534 4 2 1 1 921 302 720 292
1535 4 2 1 1 383 725 640 898
1536 4 2 1 1 936 958 309 51
1537 4 2 1 1 115 114 108 622
1538 4 2 1 1 299 292 298 622
1539 4 2 1 1 251 493 805 783
1540 4 2 1 1 454 864 823 889
1541 4 2 1 1 560 666 798 455
1542 4 2 1 1 469 615 607 868
1543 4 2 1 1 641 454 678 810
1544 4 2 1 1 936 134 155 771
1545 4 2 1 1 703 807 864 558
1546 4 2 1 1 646 721 475 883
1547 4 2 1 1 504 684 577 873
1548 4 2 1 1 501 597 643 745
1549 4 2 1 1 458 698 684 734
1550 4 2 1 1 457 620 534 878
1551 4 2 1 1 358 610 739 800
1552 4 2 1 1 108 115 622 720
1553 4 2 1 1 853 817 506 578
1554 4 2 1 1 550 491 846 452
1555 4 2 1 1 97 750 96 816
1556 4 2 1 1 490 679 610 692
1557 4 2 1 1 554 771 618 709
1558 4 2 1 1 646 475 721 733
1559 4 2 1 1 478 690 558 739
1560 4 2 1 1 324 634 732 913
1561 4 2 1 1 466 844 595 566
1562 4 2 1 1 327 328 777 832
1563 4 2 1 1 936 958 771 309
1564 4 2 1 1 325 67 66 871
1565 4 2 1 1 750 838 96 575
1566 4 2 1 1 274 747 790 276
1567 4 2 1 1 647 818 469 866
1568 4 2 1 1 324 426 634 913
1569 4 2 1 1 567 785 636 841
1570 4 2 1 1 474 601 745 767
1571 4 2 1 1 265 294 310 583
1572 4 2 1 1 572 478 658 582
1573 4 2 1 1 568 569 488 729
1574 4 2 1 1 503 849 665 859
1575 4 2 1 1 598 706 509 889
1576 4 2 1 1 519 818 647 886
1577 4 2 1 1 582 478 692 763
1578 4 2 1 1 572 658 526 760
1579 4 2 1 1 495 623 645 882
1580 4 2 1 1 455 584 656 642
1581 4 2 1 1 489 650 619 744
1582 4 2 1 1 820 779 638 479
1583 4 2 1 1 378 616 782 913
1584 4 2 1 1 356 679 610 845
1585 4 2 1 1 670 886 519 638
1586 4 2 1 1 664 735 500 828
1587 4 2 1 1 541 662 518 677
1588 4 2 1 1 747 790 527 847
1589 4 2 1 1 398 389 397 901
1590 4 2 1 1 861 917 759 568
1591 4 2 1 1 673 710 548 713
1592 4 2 1 1 559 564 789 863
1593 4 2 1 1 52 53 290 899
1594 4 2 1 1 503 627 464 685
1595 4 2 1 1 498 688 254 769
1596 4 2 1 1 267 53 54 847
1597 4 2 1 1 947 552 799 212
1598 4 2 1 1 505 804 796 768
1599 4 2 1 1 470 732 634 913
1600 4 2 1 1 819 765 662 663
1601 4 2 1 1 469 818 774 866
1602 4 2 1 1 387 361 388 761
1603 4 2 1 1 541 669 676 677
1604 4 2 1 1 504 461 577 903
1605 4 2 1 1 586 726 910 911
1606 4 2 1 1 594 618 527 899
1607 4 2 1 1 265 583 310 740
1608 4 2 1 1 425 786 339 799
1609 4 2 1 1 500 558 726 885
1610 4 2 1 1 588 841 724 567
1611 4 2 1 1 814 867 452 547
1612 4 2 1 1 846 869 474 904
1613 4 2 1 1 681 865 655 877
1614 4 2 1 1 483 669 241 813
1615 4 2 1 1 606 525 493 590
1616 4 2 1 1 478 572 658 726
1617 4 2 1 1 554 680 183 709
1618 4 2 1 1 565 677 518 738
1619 4 2 1 1 348 551 349 782
1620 4 2 1 1 899 290 52 296
1621 4 2 1 1 586 676 526 808
1622 4 2 1 1 476 755 710 787
1623 4 2 1 1 555 646 501 745
1624 4 2 1 1 525 111 783 85
1625 4 2 1 1 455 584 564 656
1626 4 2 1 1 747 848 618 527
1627 4 2 1 1 460 741 787 919
1628 4 2 1 1 486 660 682 681
1629 4 2 1 1 686 826 544 856
1630 4 2 1 1 462 791 543 572
1631 4 2 1 1 484 593 592 517
1632 4 2 1 1 780 798 530 455
1633 4 2 1 1 571 468 794 860
1634 4 2 1 1 456 481 596 691
1635 4 2 1 1 479 680 554 709
1636 4 2 1 1 489 695 619 706
1637 4 2 1 1 434 928 313 78
1638 4 2 1 1 485 559 789 863
1639 4 2 1 1 449 563 738 586
1640 4 2 1 1 516 722 723 905
1641 4 2 1 1 548 787 753 476
1642 4 2 1 1 928 829 434 664
1643 4 2 1 1 548 753 655 476
1644 4 2 1 1 352 800 612 845
1645 4 2 1 1 121 682 660 718
1646 4 2 1 1 192 969 197 204
1647 4 2 1 1 626 650 540 514
1648 4 2 1 1 425 605 786 799
1649 4 2 1 1 928 434 313 664
1650 4 2 1 1 884 922 176 740
1651 4 2 1 1 526 586 572 760
1652 4 2 1 1 803 637 738 563
1653 4 2 1 1 705 332 780 730
1654 4 2 1 1 509 706 695 889
1655 4 2 1 1 84 121 106 854
1656 4 2 1 1 957 39 40 446
1657 4 2 1 1 91 749 584 882
1658 4 2 1 1 39 957 419 446
1659 4 2 1 1 629 497 692 852
1660 4 2 1 1 928 829 78 434
1661 4 2 1 1 419 446 957 777
1662 4 2 1 1 956 244 24 927
1663 4 2 1 1 438 391 743 858
1664 4 2 1 1 499 615 614 774
1665 4 2 1 1 957 945 446 40
1666 4 2 1 1 446 717 957 777
1667 4 2 1 1 451 670 569 694
1668 4 2 1 1 526 726 572 586
1669 4 2 1 1 957 945 717 446
1670 4 2 1 1 886 820 479 680
1671 4 2 1 1 792 569 532 488
1672 4 2 1 1 495 642 643 767
1673 4 2 1 1 213 922 831 199
1674 4 2 1 1 140 518 693 719
1675 4 2 1 1 462 791 636 841
1676 4 2 1 1 480 839 600 898
1677 4 2 1 1 411 703 664 735
1678 4 2 1 1 639 712 509 857
1679 4 2 1 1 458 873 575 545
1680 4 2 1 1 484 517 592 809
1681 4 2 1 1 460 647 519 741
1682 4 2 1 1 628 509 712 857
1683 4 2 1 1 120 956 916 937
1684 4 2 1 1 452 681 576 824
1685 4 2 1 1 924 130 709 792
1686 4 2 1 1 167 147 537 792
1687 4 2 1 1 954 557 854 826
1688 4 2 1 1 136 595 565 719
1689 4 2 1 1 355 800 352 845
1690 4 2 1 1 136 565 834 888
1691 4 2 1 1 478 763 690 800
1692 4 2 1 1 504 461 686 872
1693 4 2 1 1 527 618 594 848
1694 4 2 1 1 934 181 488 792
1695 4 2 1 1 457 621 591 751
1696 4 2 1 1 523 704 604 456
1697 4 2 1 1 492 628 712 857
1698 4 2 1 1 563 543 791 572
1699 4 2 1 1 646 733 721 756
1700 4 2 1 1 489 543 760 582
1701 4 2 1 1 956 244 906 219
1702 4 2 1 1 683 782 616 913
1703 4 2 1 1 24 25 927 244
1704 4 2 1 1 609 492 678 712
1705 4 2 1 1 540 650 626 449
1706 4 2 1 1 147 537 488 717
1707 4 2 1 1 585 637 565 834
1708 4 2 1 1 464 684 503 685
1709 4 2 1 1 577 684 685 873
1710 4 2 1 1 352 612 350 772
1711 4 2 1 1 598 807 558 864
1712 4 2 1 1 479 792 569 886
1713 4 2 1 1 140 693 553 719
1714 4 2 1 1 155 771 164 899
1715 4 2 1 1 956 244 219 24
1716 4 2 1 1 116 579 103 816
1717 4 2 1 1 524 661 471 730
1718 4 2 1 1 956 23 24 219
1719 4 2 1 1 646 653 501 733
1720 4 2 1 1 570 777 328 832
1721 4 2 1 1 604 770 523 822
1722 4 2 1 1 370 533 782 402
1723 4 2 1 1 481 620 631 909
1724 4 2 1 1 427 371 384 633
1725 4 2 1 1 663 541 473 621
1726 4 2 1 1 484 632 593 779
1727 4 2 1 1 529 755 697 787
1728 4 2 1 1 570 759 472 861
1729 4 2 1 1 528 494 556 668
1730 4 2 1 1 132 717 488 777
1731 4 2 1 1 377 715 428 648
1732 4 2 1 1 478 610 763 800
1733 4 2 1 1 826 720 557 461
1734 4 2 1 1 956 937 23 219
1735 4 2 1 1 542 723 493 881
1736 4 2 1 1 177 574 488 195
1737 4 2 1 1 956 937 219 916
1738 4 2 1 1 244 25 927 224
1739 4 2 1 1 552 576 814 877
1740 4 2 1 1 834 716 938 657
1741 4 2 1 1 103 937 120 916
1742 4 2 1 1 219 906 956 916
1743 4 2 1 1 349 551 347 715
1744 4 2 1 1 223 241 669 813
1745 4 2 1 1 377 428 715 404
1746 4 2 1 1 577 775 279 583
1747 4 2 1 1 132 792 37 934
1748 4 2 1 1 177 574 195 203
1749 4 2 1 1 299 622 272 740
1750 4 2 1 1 492 712 639 857
1751 4 2 1 1 554 771 709 192
1752 4 2 1 1 569 670 521 672
1753 4 2 1 1 461 535 707 903
1754 4 2 1 1 557 720 575 872
1755 4 2 1 1 110 660 557 838
1756 4 2 1 1 403 634 426 913
1757 4 2 1 1 670 797 827 484
1758 4 2 1 1 823 864 598 889
1759 4 2 1 1 567 728 588 876
1760 4 2 1 1 485 863 101 879
1761 4 2 1 1 517 626 604 456
1762 4 2 1 1 768 784 465 822
1763 4 2 1 1 750 96 838 94
1764 4 2 1 1 415 752 580 390
1765 4 2 1 1 927 244 769 906
1766 4 2 1 1 668 494 591 870
1767 4 2 1 1 577 685 684 464
1768 4 2 1 1 471 524 606 661
1769 4 2 1 1 644 505 842 851
1770 4 2 1 1 720 775 545 873
1771 4 2 1 1 637 677 565 738
1772 4 2 1 1 223 241 813 894
1773 4 2 1 1 761 363 915 381
1774 4 2 1 1 500 664 641 702
1775 4 2 1 1 297 880 287 748
1776 4 2 1 1 116 579 816 687
1777 4 2 1 1 120 956 937 23
1778 4 2 1 1 672 886 670 638
1779 4 2 1 1 494 675 808 810
1780 4 2 1 1 649 227 955 48
1781 4 2 1 1 457 700 534 751
1782 4 2 1 1 813 676 586 483
1783 4 2 1 1 200 933 952 58
1784 4 2 1 1 338 400 600 898
1785 4 2 1 1 820 779 479 554
1786 4 2 1 1 438 743 671 858
1787 4 2 1 1 537 569 488 861
1788 4 2 1 1 648 893 759 515
1789 4 2 1 1 137 861 717 716
1790 4 2 1 1 522 833 714 843
1791 4 2 1 1 956 104 83 906
1792 4 2 1 1 546 762 689 515
1793 4 2 1 1 526 726 586 911
1794 4 2 1 1 384 332 385 633
1795 4 2 1 1 227 48 49 955
1796 4 2 1 1 454 712 628 889
1797 4 2 1 1 119 525 508 906
1798 4 2 1 1 664 703 702 735
1799 4 2 1 1 548 611 710 476
1800 4 2 1 1 402 612 352 800
1801 4 2 1 1 518 649 541 677
1802 4 2 1 1 668 591 494 556
1803 4 2 1 1 545 575 458 816
1804 4 2 1 1 485 625 576 824
1805 4 2 1 1 619 465 768 796
1806 4 2 1 1 481 631 630 909
1807 4 2 1 1 173 198 208 854
1808 4 2 1 1 227 49 223 955
1809 4 2 1 1 432 522 723 805
1810 4 2 1 1 561 471 623 656
1811 4 2 1 1 98 557 575 838
1812 4 2 1 1 754 190 856 544
1813 4 2 1 1 754 184 647 186
1814 4 2 1 1 690 763 533 800
1815 4 2 1 1 587 910 828 911
1816 4 2 1 1 626 650 465 822
1817 4 2 1 1 185 647 186 811
1818 4 2 1 1 663 541 621 662
1819 4 2 1 1 476 659 599 686
1820 4 2 1 1 545 458 873 880
1821 4 2 1 1 544 820 707 460
1822 4 2 1 1 210 954 826 622
1823 4 2 1 1 837 737 633 696
1824 4 2 1 1 242 928 714 829
1825 4 2 1 1 703 864 807 516
1826 4 2 1 1 172 594 164 709
1827 4 2 1 1 904 452 711 550
1828 4 2 1 1 484 529 592 632
1829 4 2 1 1 512 781 666 549
1830 4 2 1 1 494 678 556 700
1831 4 2 1 1 476 697 535 755
1832 4 2 1 1 579 219 937 916
1833 4 2 1 1 537 488 717 861
1834 4 2 1 1 468 710 673 713
1835 4 2 1 1 244 224 927 769
1836 4 2 1 1 271 926 61 62
1837 4 2 1 1 485 491 718 789
1838 4 2 1 1 483 257 528 714
1839 4 2 1 1 183 680 554 820
1840 4 2 1 1 451 571 670 794
1841 4 2 1 1 145 507 150 888
1842 4 2 1 1 270 297 308 687
1843 4 2 1 1 113 87 125 687
1844 4 2 1 1 806 797 809 602
1845 4 2 1 1 185 211 532 866
1846 4 2 1 1 524 542 723 737
1847 4 2 1 1 487 759 648 832
1848 4 2 1 1 425 416 339 786
1849 4 2 1 1 592 529 484 809
1850 4 2 1 1 533 782 683 913
1851 4 2 1 1 676 738 586 449
1852 4 2 1 1 416 600 415 786
1853 4 2 1 1 192 554 183 709
1854 4 2 1 1 955 227 649 669
1855 4 2 1 1 511 538 629 830
1856 4 2 1 1 286 303 266 627
1857 4 2 1 1 469 614 607 615
1858 4 2 1 1 604 626 523 456
1859 4 2 1 1 254 688 498 890
1860 4 2 1 1 716 861 717 570
1861 4 2 1 1 520 617 770 822
1862 4 2 1 1 583 618 554 831
1863 4 2 1 1 223 227 955 669
1864 4 2 1 1 115 954 88 622
1865 4 2 1 1 485 576 552 681
1866 4 2 1 1 468 571 796 860
1867 4 2 1 1 514 744 650 908
1868 4 2 1 1 266 286 627 748
1869 4 2 1 1 357 679 356 845
1870 4 2 1 1 62 271 926 309
1871 4 2 1 1 500 641 664 911
1872 4 2 1 1 508 645 623 882
1873 4 2 1 1 287 304 297 748
1874 4 2 1 1 232 239 556 668
1875 4 2 1 1 507 145 585 888
1876 4 2 1 1 406 648 330 429
1877 4 2 1 1 581 476 708 869
1878 4 2 1 1 105 930 946 863
1879 4 2 1 1 636 791 520 841
1880 4 2 1 1 569 532 694 886
1881 4 2 1 1 578 579 498 890
1882 4 2 1 1 210 954 622 179
1883 4 2 1 1 616 587 470 732
1884 4 2 1 1 190 754 884 544
1885 4 2 1 1 686 697 476 753
1886 4 2 1 1 461 535 504 686
1887 4 2 1 1 11 10 954 201
1888 4 2 1 1 483 641 528 808
1889 4 2 1 1 597 501 733 745
1890 4 2 1 1 650 540 514 908
1891 4 2 1 1 473 562 836 778
1892 4 2 1 1 11 201 954 854
1893 4 2 1 1 576 839 814 887
1894 4 2 1 1 480 839 625 887
1895 4 2 1 1 509 712 699 823
1896 4 2 1 1 519 694 794 818
1897 4 2 1 1 532 647 185 866
1898 4 2 1 1 467 837 666 920
1899 4 2 1 1 599 659 459 872
1900 4 2 1 1 485 491 681 718
1901 4 2 1 1 349 404 377 715
1902 4 2 1 1 646 756 721 883
1903 4 2 1 1 219 579 255 890
1904 4 2 1 1 493 542 609 722
1905 4 2 1 1 285 275 284 618
1906 4 2 1 1 293 299 272 740
1907 4 2 1 1 453 692 582 706
1908 4 2 1 1 440 737 723 905
1909 4 2 1 1 657 715 551 472
1910 4 2 1 1 503 665 578 859
1911 4 2 1 1 696 837 920 633
1912 4 2 1 1 398 397 689 901
1913 4 2 1 1 506 597 733 891
1914 4 2 1 1 226 256 247 579
1915 4 2 1 1 271 926 309 771
1916 4 2 1 1 500 702 558 735
1917 4 2 1 1 584 789 564 863
1918 4 2 1 1 526 676 675 808
1919 4 2 1 1 534 721 624 878
1920 4 2 1 1 837 516 467 542
1921 4 2 1 1 201 826 954 854
1922 4 2 1 1 131 150 145 507
1923 4 2 1 1 837 516 542 737
1924 4 2 1 1 954 179 201 10
1925 4 2 1 1 589 473 621 481
1926 4 2 1 1 926 950 199 831
1927 4 2 1 1 928 77 313 78
1928 4 2 1 1 595 496 803 566
1929 4 2 1 1 390 580 388 802
1930 4 2 1 1 619 744 650 465
1931 4 2 1 1 747 279 577 896
1932 4 2 1 1 470 683 563 637
1933 4 2 1 1 579 458 853 916
1934 4 2 1 1 895 541 518 649
1935 4 2 1 1 626 449 650 822
1936 4 2 1 1 811 741 868 469
1937 4 2 1 1 603 773 364 801
1938 4 2 1 1 926 771 271 831
1939 4 2 1 1 146 167 537 902
1940 4 2 1 1 492 590 688 817
1941 4 2 1 1 465 796 602 827
1942 4 2 1 1 184 647 680 820
1943 4 2 1 1 366 690 365 739
1944 4 2 1 1 157 507 674 131
1945 4 2 1 1 511 851 629 463
1946 4 2 1 1 635 781 852 907
1947 4 2 1 1 469 713 531 818
1948 4 2 1 1 650 744 514 465
1949 4 2 1 1 710 742 555 869
1950 4 2 1 1 498 817 578 688
1951 4 2 1 1 597 645 495 736
1952 4 2 1 1 439 885 828 634
1953 4 2 1 1 343 928 805 77
1954 4 2 1 1 157 507 131 145
1955 4 2 1 1 409 373 407 737
1956 4 2 1 1 892 379 380 915
1957 4 2 1 1 530 776 798 830
1958 4 2 1 1 571 804 796 860
1959 4 2 1 1 542 699 712 823
1960 4 2 1 1 557 826 686 856
1961 4 2 1 1 485 625 559 725
1962 4 2 1 1 511 629 538 463
1963 4 2 1 1 463 588 746 762
1964 4 2 1 1 724 785 567 841
1965 4 2 1 1 900 363 761 387
1966 4 2 1 1 155 134 164 771
1967 4 2 1 1 646 653 733 756
1968 4 2 1 1 509 695 757 857
1969 4 2 1 1 343 928 77 313
1970 4 2 1 1 458 575 573 750
1971 4 2 1 1 480 640 839 898
1972 4 2 1 1 589 631 457 859
1973 4 2 1 1 215 179 206 622
1974 4 2 1 1 664 829 828 911
1975 4 2 1 1 448 653 755 501
1976 4 2 1 1 290 285 296 899
1977 4 2 1 1 481 663 621 765
1978 4 2 1 1 597 643 745 767
1979 4 2 1 1 283 303 277 790
1980 4 2 1 1 690 726 558 885
1981 4 2 1 1 348 378 616 782
1982 4 2 1 1 529 755 710 806
1983 4 2 1 1 710 755 555 806
1984 4 2 1 1 551 657 347 715
1985 4 2 1 1 331 661 443 730
1986 4 2 1 1 468 710 611 742
1987 4 2 1 1 516 807 598 864
1988 4 2 1 1 568 728 694 729
1989 4 2 1 1 521 704 553 897
1990 4 2 1 1 926 950 61 199
1991 4 2 1 1 705 332 730 386
1992 4 2 1 1 928 313 522 664
1993 4 2 1 1 329 648 428 715
1994 4 2 1 1 560 798 666 920
1995 4 2 1 1 463 651 614 531
1996 4 2 1 1 25 26 953 224
1997 4 2 1 1 549 798 830 852
1998 4 2 1 1 501 733 653 734
1999 4 2 1 1 587 323 616 585
2000 4 2 1 1 395 364 396 773
2001 4 2 1 1 775 504 720 461
2002 4 2 1 1 273 54 55 925
2003 4 2 1 1 515 567 785 893
2004 4 2 1 1 714 833 528 843
2005 4 2 1 1 497 830 798 852
2006 4 2 1 1 272 298 307 622
2007 4 2 1 1 114 88 123 622
2008 4 2 1 1 271 771 285 831
2009 4 2 1 1 567 728 568 759
2010 4 2 1 1 732 587 470 910
2011 4 2 1 1 522 702 664 703
2012 4 2 1 1 447 427 385 633
2013 4 2 1 1 374 375 368 703
2014 4 2 1 1 127 527 847 899
2015 4 2 1 1 925 273 54 847
2016 4 2 1 1 604 704 521 795
2017 4 2 1 1 185 647 532 680
2018 4 2 1 1 758 589 835 849
2019 4 2 1 1 593 456 691 517
2020 4 2 1 1 893 636 472 567
2021 4 2 1 1 542 712 609 722
2022 4 2 1 1 523 770 617 822
2023 4 2 1 1 925 295 55 273
2024 4 2 1 1 925 959 133 55
2025 4 2 1 1 716 861 570 472
2026 4 2 1 1 365 690 403 800
2027 4 2 1 1 368 739 367 807
2028 4 2 1 1 784 804 571 840
2029 4 2 1 1 457 859 631 878
2030 4 2 1 1 641 714 664 911
2031 4 2 1 1 324 413 426 913
2032 4 2 1 1 483 829 242 714
2033 4 2 1 1 346 551 657 347
2034 4 2 1 1 181 532 792 182
2035 4 2 1 1 117 97 96 816
2036 4 2 1 1 717 917 861 488
2037 4 2 1 1 126 115 98 557
2038 4 2 1 1 195 177 181 488
2039 4 2 1 1 592 630 539 653
2040 4 2 1 1 408 640 383 725
2041 4 2 1 1 597 645 506 850
2042 4 2 1 1 487 648 759 515
2043 4 2 1 1 231 232 591 668
2044 4 2 1 1 355 610 358 800
2045 4 2 1 1 567 759 472 893
2046 4 2 1 1 747 577 279 583
2047 4 2 1 1 127 527 899 163
2048 4 2 1 1 588 841 876 505
2049 4 2 1 1 650 675 489 760
2050 4 2 1 1 813 676 483 669
2051 4 2 1 1 210 206 622 740
2052 4 2 1 1 792 532 886 680
2053 4 2 1 1 94 508 750 102
2054 4 2 1 1 708 755 501 555
2055 4 2 1 1 239 528 714 833
2056 4 2 1 1 457 591 589 849
2057 4 2 1 1 947 605 939 433
2058 4 2 1 1 101 682 485 731
2059 4 2 1 1 280 278 281 685
2060 4 2 1 1 666 907 920 798
2061 4 2 1 1 355 356 610 845
2062 4 2 1 1 111 99 525 661
2063 4 2 1 1 875 591 556 700
2064 4 2 1 1 523 604 704 770
2065 4 2 1 1 495 643 642 727
2066 4 2 1 1 550 776 625 887
2067 4 2 1 1 553 704 521 844
2068 4 2 1 1 470 637 586 587
2069 4 2 1 1 596 693 456 848
2070 4 2 1 1 494 751 591 870
2071 4 2 1 1 47 48 220 649
2072 4 2 1 1 660 491 718 681
2073 4 2 1 1 747 848 527 862
2074 4 2 1 1 503 578 684 859
2075 4 2 1 1 513 619 644 796
2076 4 2 1 1 588 841 505 724
2077 4 2 1 1 486 660 557 854
2078 4 2 1 1 275 747 618 899
2079 4 2 1 1 534 620 721 878
2080 4 2 1 1 488 532 574 729
2081 4 2 1 1 242 483 241 894
2082 4 2 1 1 953 960 122 783
2083 4 2 1 1 581 708 659 914
2084 4 2 1 1 573 734 506 850
2085 4 2 1 1 502 684 631 653
2086 4 2 1 1 859 464 503 589
2087 4 2 1 1 620 878 631 909
2088 4 2 1 1 859 875 578 624
2089 4 2 1 1 454 678 609 843
2090 4 2 1 1 394 600 400 898
2091 4 2 1 1 774 818 532 866
2092 4 2 1 1 496 657 551 472
2093 4 2 1 1 355 356 358 610
2094 4 2 1 1 636 791 563 803
2095 4 2 1 1 649 220 47 836
2096 4 2 1 1 370 533 402 403
2097 4 2 1 1 634 732 470 910
2098 4 2 1 1 688 232 665 234
2099 4 2 1 1 602 809 517 827
2100 4 2 1 1 553 897 594 902
2101 4 2 1 1 386 705 311 821
2102 4 2 1 1 826 720 461 740
2103 4 2 1 1 953 960 26 122
2104 4 2 1 1 454 810 658 889
2105 4 2 1 1 649 227 48 220
2106 4 2 1 1 210 954 179 201
2107 4 2 1 1 686 697 544 707
2108 4 2 1 1 239 235 556 701
2109 4 2 1 1 953 927 25 224
2110 4 2 1 1 358 366 365 739
2111 4 2 1 1 377 648 330 874
2112 4 2 1 1 499 574 774 825
2113 4 2 1 1 377 399 351 874
2114 4 2 1 1 519 673 797 638
2115 4 2 1 1 588 608 505 876
2116 4 2 1 1 479 792 709 902
2117 4 2 1 1 369 384 603 780
2118 4 2 1 1 92 667 93 882
2119 4 2 1 1 474 742 601 788
2120 4 2 1 1 425 947 605 799
2121 4 2 1 1 621 662 541 540
2122 4 2 1 1 285 771 618 831
2123 4 2 1 1 498 579 853 916
2124 4 2 1 1 222 923 627 748
2125 4 2 1 1 481 456 663 765
2126 4 2 1 1 694 728 531 729
2127 4 2 1 1 953 927 224 769
2128 4 2 1 1 484 670 672 795
2129 4 2 1 1 953 769 224 783
2130 4 2 1 1 563 617 738 803
2131 4 2 1 1 265 952 922 740
2132 4 2 1 1 285 305 291 831
2133 4 2 1 1 616 470 587 637
2134 4 2 1 1 132 717 777 158
2135 4 2 1 1 163 142 162 527
2136 4 2 1 1 475 744 721 857
2137 4 2 1 1 138 140 553 719
2138 4 2 1 1 589 758 627 849
2139 4 2 1 1 746 842 505 851
2140 4 2 1 1 115 954 557 109
2141 4 2 1 1 573 506 645 850
2142 4 2 1 1 607 482 614 814
2143 4 2 1 1 533 690 634 726
2144 4 2 1 1 491 550 642 789
2145 4 2 1 1 485 576 625 725
2146 4 2 1 1 559 564 705 455
2147 4 2 1 1 471 606 525 661
2148 4 2 1 1 332 385 633 730
2149 4 2 1 1 568 569 566 861
2150 4 2 1 1 231 668 591 835
2151 4 2 1 1 580 802 390 858
2152 4 2 1 1 934 181 37 177
2153 4 2 1 1 254 701 688 235
2154 4 2 1 1 474 767 642 549
2155 4 2 1 1 675 810 494 918
2156 4 2 1 1 559 725 408 879
2157 4 2 1 1 620 514 540 908
2158 4 2 1 1 578 688 817 875
2159 4 2 1 1 542 590 493 609
2160 4 2 1 1 423 832 327 871
2161 4 2 1 1 645 736 597 891
2162 4 2 1 1 596 663 456 693
2163 4 2 1 1 265 952 740 293
2164 4 2 1 1 172 594 709 902
2165 4 2 1 1 414 752 314 786
2166 4 2 1 1 469 866 615 868
2167 4 2 1 1 446 329 344 570
2168 4 2 1 1 884 922 740 583
2169 4 2 1 1 58 952 59 293
2170 4 2 1 1 578 817 624 875
2171 4 2 1 1 490 689 612 845
2172 4 2 1 1 190 884 754 187
2173 4 2 1 1 522 714 664 843
2174 4 2 1 1 608 794 468 860
2175 4 2 1 1 264 627 222 248
2176 4 2 1 1 496 563 683 637
2177 4 2 1 1 584 495 656 642
2178 4 2 1 1 952 933 293 58
2179 4 2 1 1 575 750 458 816
2180 4 2 1 1 461 535 686 707
2181 4 2 1 1 587 829 483 911
2182 4 2 1 1 503 579 578 890
2183 4 2 1 1 776 887 550 830
2184 4 2 1 1 521 770 604 784
2185 4 2 1 1 356 357 359 679
2186 4 2 1 1 649 955 150 48
2187 4 2 1 1 717 917 488 777
2188 4 2 1 1 637 813 507 677
2189 4 2 1 1 349 772 350 782
2190 4 2 1 1 588 505 608 746
2191 4 2 1 1 952 933 740 293
2192 4 2 1 1 617 523 766 770
2193 4 2 1 1 12 13 198 682
2194 4 2 1 1 763 845 612 800
2195 4 2 1 1 509 757 639 857
2196 4 2 1 1 493 590 525 769
2197 4 2 1 1 521 672 670 795
2198 4 2 1 1 535 476 599 686
2199 4 2 1 1 476 697 755 787
2200 4 2 1 1 338 600 605 898
2201 4 2 1 1 546 802 580 858
2202 4 2 1 1 520 770 784 822
2203 4 2 1 1 844 719 553 704
2204 4 2 1 1 660 872 838 459
2205 4 2 1 1 774 651 825 531
2206 4 2 1 1 521 704 604 770
2207 4 2 1 1 617 563 791 803
2208 4 2 1 1 532 818 647 866
2209 4 2 1 1 541 676 669 870
2210 4 2 1 1 405 438 391 743
2211 4 2 1 1 565 595 136 834
2212 4 2 1 1 912 767 642 736
2213 4 2 1 1 704 456 523 819
2214 4 2 1 1 178 926 199 831
2215 4 2 1 1 478 706 658 582
2216 4 2 1 1 551 782 683 785
2217 4 2 1 1 629 746 490 762
2218 4 2 1 1 138 537 137 595
2219 4 2 1 1 485 681 682 718
2220 4 2 1 1 561 656 623 736
2221 4 2 1 1 819 765 663 456
2222 4 2 1 1 554 477 632 779
2223 4 2 1 1 538 762 679 901
2224 4 2 1 1 454 658 810 815
2225 4 2 1 1 384 371 369 603
2226 4 2 1 1 362 364 773 801
2227 4 2 1 1 596 663 473 481
2228 4 2 1 1 375 703 411 735
2229 4 2 1 1 709 792 130 902
2230 4 2 1 1 649 669 541 677
2231 4 2 1 1 211 574 499 196
2232 4 2 1 1 406 648 429 832
2233 4 2 1 1 548 710 673 787
2234 4 2 1 1 491 642 584 789
2235 4 2 1 1 599 653 504 698
2236 4 2 1 1 721 744 534 857
2237 4 2 1 1 772 785 551 893
2238 4 2 1 1 205 947 552 939
2239 4 2 1 1 589 596 473 481
2240 4 2 1 1 650 675 540 908
2241 4 2 1 1 924 969 154 35
2242 4 2 1 1 641 678 528 808
2243 4 2 1 1 12 682 198 854
2244 4 2 1 1 182 532 680 185
2245 4 2 1 1 242 928 829 78
2246 4 2 1 1 691 517 592 593
2247 4 2 1 1 465 604 784 827
2248 4 2 1 1 657 716 715 472
2249 4 2 1 1 470 572 726 586
2250 4 2 1 1 597 643 767 495
2251 4 2 1 1 734 850 698 501
2252 4 2 1 1 698 850 734 573
2253 4 2 1 1 473 836 562 758
2254 4 2 1 1 833 928 714 221
2255 4 2 1 1 837 737 542 524
2256 4 2 1 1 951 28 29 292
2257 4 2 1 1 641 702 664 843
2258 4 2 1 1 493 606 542 881
2259 4 2 1 1 453 788 629 852
2260 4 2 1 1 951 622 28 292
2261 4 2 1 1 273 790 274 847
2262 4 2 1 1 672 593 795 897
2263 4 2 1 1 516 823 722 864
2264 4 2 1 1 502 721 624 733
2265 4 2 1 1 445 723 805 335
2266 4 2 1 1 490 679 762 901
2267 4 2 1 1 498 817 688 590
2268 4 2 1 1 661 730 331 821
2269 4 2 1 1 373 396 407 807
2270 4 2 1 1 608 851 547 463
2271 4 2 1 1 233 591 665 849
2272 4 2 1 1 329 570 648 715
2273 4 2 1 1 305 284 294 583
2274 4 2 1 1 379 382 892 424
2275 4 2 1 1 485 101 863 718
2276 4 2 1 1 708 755 555 476
2277 4 2 1 1 453 635 692 706
2278 4 2 1 1 291 271 285 831
2279 4 2 1 1 570 717 446 777
2280 4 2 1 1 863 749 564 584
2281 4 2 1 1 615 812 607 868
2282 4 2 1 1 456 693 663 819
2283 4 2 1 1 494 540 751 870
2284 4 2 1 1 353 397 354 689
2285 4 2 1 1 756 793 514 883
2286 4 2 1 1 178 771 926 831
2287 4 2 1 1 241 668 483 257
2288 4 2 1 1 663 693 596 778
2289 4 2 1 1 162 143 161 778
2290 4 2 1 1 951 921 292 29
2291 4 2 1 1 952 176 922 740
2292 4 2 1 1 599 459 659 708
2293 4 2 1 1 374 368 373 807
2294 4 2 1 1 584 491 718 727
2295 4 2 1 1 687 107 87 31
2296 4 2 1 1 655 868 867 877
2297 4 2 1 1 489 706 658 889
2298 4 2 1 1 511 742 611 904
2299 4 2 1 1 174 36 35 924
2300 4 2 1 1 526 810 658 815
2301 4 2 1 1 353 351 399 874
2302 4 2 1 1 540 751 620 908
2303 4 2 1 1 620 751 534 908
2304 4 2 1 1 519 673 741 713
2305 4 2 1 1 951 921 720 292
2306 4 2 1 1 506 645 597 891
2307 4 2 1 1 965 268 289 545
2308 4 2 1 1 254 234 688 890
2309 4 2 1 1 559 455 705 892
2310 4 2 1 1 395 356 359 773
2311 4 2 1 1 660 872 459 659
2312 4 2 1 1 705 780 382 892
2313 4 2 1 1 287 685 286 748
2314 4 2 1 1 292 951 622 720
2315 4 2 1 1 926 291 950 831
2316 4 2 1 1 140 141 553 693
2317 4 2 1 1 231 669 668 835
2318 4 2 1 1 696 907 467 536
2319 4 2 1 1 236 255 579 890
2320 4 2 1 1 488 569 568 861
2321 4 2 1 1 205 947 939 64
2322 4 2 1 1 103 937 916 579
2323 4 2 1 1 187 191 202 884
2324 4 2 1 1 586 910 587 911
2325 4 2 1 1 174 36 924 792
2326 4 2 1 1 418 715 657 716
2327 4 2 1 1 259 248 222 627
2328 4 2 1 1 513 796 602 465
2329 4 2 1 1 489 619 695 744
2330 4 2 1 1 100 660 667 718
2331 4 2 1 1 664 714 641 843
2332 4 2 1 1 213 922 199 176
2333 4 2 1 1 697 755 529 592
2334 4 2 1 1 549 904 788 830
2335 4 2 1 1 273 790 283 274
2336 4 2 1 1 608 547 531 463
2337 4 2 1 1 303 288 266 627
2338 4 2 1 1 537 569 566 844
2339 4 2 1 1 629 842 746 851
2340 4 2 1 1 777 917 832 570
2341 4 2 1 1 495 767 736 642
2342 4 2 1 1 758 835 589 473
2343 4 2 1 1 926 291 61 950
2344 4 2 1 1 190 188 187 754
2345 4 2 1 1 558 500 735 885
2346 4 2 1 1 265 952 293 59
2347 4 2 1 1 819 765 456 523
2348 4 2 1 1 924 969 709 154
2349 4 2 1 1 535 599 755 653
2350 4 2 1 1 519 741 647 818
2351 4 2 1 1 174 924 709 792
2352 4 2 1 1 617 766 738 803
2353 4 2 1 1 481 691 630 539
2354 4 2 1 1 415 416 394 600
2355 4 2 1 1 854 12 11 173
2356 4 2 1 1 574 729 532 774
2357 4 2 1 1 451 670 694 794
2358 4 2 1 1 146 537 138 553
2359 4 2 1 1 355 610 800 845
2360 4 2 1 1 219 247 255 579
2361 4 2 1 1 502 578 624 859
2362 4 2 1 1 100 667 91 718
2363 4 2 1 1 754 856 190 188
2364 4 2 1 1 61 950 291 60
2365 4 2 1 1 935 223 507 674
2366 4 2 1 1 502 733 653 756
2367 4 2 1 1 750 853 458 916
2368 4 2 1 1 275 618 285 899
2369 4 2 1 1 491 584 718 789
2370 4 2 1 1 388 390 415 580
2371 4 2 1 1 453 582 692 842
2372 4 2 1 1 620 514 721 909
2373 4 2 1 1 608 746 505 851
2374 4 2 1 1 463 746 608 851
2375 4 2 1 1 472 759 715 893
2376 4 2 1 1 670 672 569 886
2377 4 2 1 1 98 575 96 838
2378 4 2 1 1 934 488 177 777
2379 4 2 1 1 520 791 768 841
2380 4 2 1 1 460 673 529 787
2381 4 2 1 1 450 654 590 817
2382 4 2 1 1 493 723 805 881
2383 4 2 1 1 173 854 12 198
2384 4 2 1 1 487 671 651 825
2385 4 2 1 1 196 948 574 871
2386 4 2 1 1 495 584 727 642
2387 4 2 1 1 494 675 676 808
2388 4 2 1 1 715 551 472 893
2389 4 2 1 1 367 358 395 739
2390 4 2 1 1 528 668 483 808
2391 4 2 1 1 496 803 563 637
2392 4 2 1 1 671 752 499 871
2393 4 2 1 1 525 493 783 881
2394 4 2 1 1 459 575 698 872
2395 4 2 1 1 833 928 221 805
2396 4 2 1 1 502 721 733 756
2397 4 2 1 1 479 554 680 820
2398 4 2 1 1 950 922 291 60
2399 4 2 1 1 965 81 545 107
2400 4 2 1 1 935 260 223 674
2401 4 2 1 1 194 552 799 812
2402 4 2 1 1 235 254 234 688
2403 4 2 1 1 950 922 831 291
2404 4 2 1 1 806 809 797 529
2405 4 2 1 1 518 738 662 766
2406 4 2 1 1 892 780 455 705
2407 4 2 1 1 934 181 792 37
2408 4 2 1 1 533 782 612 785
2409 4 2 1 1 459 667 660 727
2410 4 2 1 1 702 703 558 735
2411 4 2 1 1 518 677 565 888
2412 4 2 1 1 73 949 72 288
2413 4 2 1 1 543 572 760 582
2414 4 2 1 1 544 826 190 856
2415 4 2 1 1 482 607 614 615
2416 4 2 1 1 438 752 442 858
2417 4 2 1 1 549 798 776 830
2418 4 2 1 1 483 528 257 668
2419 4 2 1 1 521 672 795 897
2420 4 2 1 1 595 472 496 566
2421 4 2 1 1 461 686 557 826
2422 4 2 1 1 461 826 740 884
2423 4 2 1 1 449 675 676 540
2424 4 2 1 1 487 568 759 917
2425 4 2 1 1 833 928 805 522
2426 4 2 1 1 466 565 766 803
2427 4 2 1 1 266 71 923 72
2428 4 2 1 1 826 218 740 884
2429 4 2 1 1 526 815 726 911
2430 4 2 1 1 140 142 141 693
2431 4 2 1 1 923 71 266 748
2432 4 2 1 1 461 557 686 872
2433 4 2 1 1 364 369 603 801
2434 4 2 1 1 461 544 686 826
2435 4 2 1 1 472 595 861 566
2436 4 2 1 1 470 726 634 910
2437 4 2 1 1 544 820 460 754
2438 4 2 1 1 949 923 72 288
2439 4 2 1 1 501 653 698 734
2440 4 2 1 1 394 761 600 898
2441 4 2 1 1 484 592 593 632
2442 4 2 1 1 539 631 630 481
2443 4 2 1 1 381 363 387 761
2444 4 2 1 1 489 675 650 908
2445 4 2 1 1 949 923 288 627
2446 4 2 1 1 357 356 354 845
2447 4 2 1 1 926 291 831 271
2448 4 2 1 1 423 671 832 871
2449 4 2 1 1 658 760 572 582
2450 4 2 1 1 208 856 486 865
2451 4 2 1 1 705 332 386 382
2452 4 2 1 1 859 875 624 457
2453 4 2 1 1 949 929 288 73
2454 4 2 1 1 354 353 689 845
2455 4 2 1 1 949 929 855 288
2456 4 2 1 1 242 257 241 483
2457 4 2 1 1 597 643 495 850
2458 4 2 1 1 591 835 668 870
2459 4 2 1 1 876 571 804 451
2460 4 2 1 1 462 785 724 841
2461 4 2 1 1 438 671 752 858
2462 4 2 1 1 72 923 266 288
2463 4 2 1 1 265 305 294 583
2464 4 2 1 1 199 922 60 176
2465 4 2 1 1 509 712 823 889
2466 4 2 1 1 89 749 471 821
2467 4 2 1 1 949 562 288 855
2468 4 2 1 1 456 704 604 795
2469 4 2 1 1 185 184 186 647
2470 4 2 1 1 494 808 678 810
2471 4 2 1 1 460 753 544 754
2472 4 2 1 1 521 704 770 844
2473 4 2 1 1 519 694 670 794
2474 4 2 1 1 588 724 505 746
2475 4 2 1 1 498 817 590 654
2476 4 2 1 1 539 577 477 903
2477 4 2 1 1 488 568 729 917
2478 4 2 1 1 445 783 805 881
2479 4 2 1 1 875 591 700 457
2480 4 2 1 1 554 479 709 779
2481 4 2 1 1 288 562 949 627
2482 4 2 1 1 213 922 176 884
2483 4 2 1 1 668 835 669 870
2484 4 2 1 1 140 518 719 139
2485 4 2 1 1 599 698 504 872
2486 4 2 1 1 346 551 347 348
2487 4 2 1 1 182 532 185 195
2488 4 2 1 1 626 765 540 449
2489 4 2 1 1 105 930 863 82
2490 4 2 1 1 633 696 603 920
2491 4 2 1 1 318 725 605 731
2492 4 2 1 1 323 585 342 616
2493 4 2 1 1 456 596 481 663
2494 4 2 1 1 457 665 591 849
2495 4 2 1 1 565 637 507 677
2496 4 2 1 1 500 664 702 735
2497 4 2 1 1 945 716 151 717
2498 4 2 1 1 535 476 686 697
2499 4 2 1 1 460 787 753 919
2500 4 2 1 1 569 694 670 886
2501 4 2 1 1 354 352 353 845
2502 4 2 1 1 591 751 621 870
2503 4 2 1 1 205 947 64 212
2504 4 2 1 1 135 585 145 834
2505 4 2 1 1 702 722 522 843
2506 4 2 1 1 68 948 67 317
2507 4 2 1 1 136 719 565 888
2508 4 2 1 1 558 703 702 864
2509 4 2 1 1 627 685 503 748
2510 4 2 1 1 475 757 695 857
2511 4 2 1 1 184 647 185 680
2512 4 2 1 1 923 266 627 748
2513 4 2 1 1 484 670 797 638
2514 4 2 1 1 222 245 259 627
2515 4 2 1 1 240 493 701 833
2516 4 2 1 1 553 594 141 902
2517 4 2 1 1 477 539 691 862
2518 4 2 1 1 835 621 870 591
2519 4 2 1 1 442 752 390 858
2520 4 2 1 1 208 854 486 856
2521 4 2 1 1 460 632 638 820
2522 4 2 1 1 696 920 837 467
2523 4 2 1 1 696 907 603 920
2524 4 2 1 1 689 762 546 802
2525 4 2 1 1 104 927 769 906
2526 4 2 1 1 284 747 279 583
2527 4 2 1 1 470 616 683 637
2528 4 2 1 1 245 923 222 72
2529 4 2 1 1 581 846 491 452
2530 4 2 1 1 610 679 490 845
2531 4 2 1 1 601 695 475 757
2532 4 2 1 1 713 741 519 818
2533 4 2 1 1 557 486 854 856
2534 4 2 1 1 464 790 596 862
2535 4 2 1 1 439 324 426 634
2536 4 2 1 1 585 616 587 637
2537 4 2 1 1 475 744 695 883
2538 4 2 1 1 106 854 12 84
2539 4 2 1 1 469 531 774 818
2540 4 2 1 1 919 655 868 548
2541 4 2 1 1 266 288 923 627
2542 4 2 1 1 385 417 447 730
2543 4 2 1 1 545 816 458 880
2544 4 2 1 1 323 342 346 616
2545 4 2 1 1 210 200 206 740
2546 4 2 1 1 544 826 461 884
2547 4 2 1 1 142 163 144 594
2548 4 2 1 1 704 795 456 897
2549 4 2 1 1 553 693 456 819
2550 4 2 1 1 245 923 72 949
2551 4 2 1 1 448 756 630 653
2552 4 2 1 1 349 348 347 551
2553 4 2 1 1 648 743 330 874
2554 4 2 1 1 473 663 596 778
2555 4 2 1 1 418 570 329 715
2556 4 2 1 1 679 845 357 901
2557 4 2 1 1 276 279 747 896
2558 4 2 1 1 561 656 736 912
2559 4 2 1 1 255 256 236 579
2560 4 2 1 1 516 598 823 864
2561 4 2 1 1 253 493 769 701
2562 4 2 1 1 714 829 664 911
2563 4 2 1 1 448 653 646 756
2564 4 2 1 1 623 645 450 736
2565 4 2 1 1 428 329 429 648
2566 4 2 1 1 676 738 449 662
2567 4 2 1 1 320 828 664 829
2568 4 2 1 1 317 68 948 419
2569 4 2 1 1 210 954 201 826
2570 4 2 1 1 503 578 665 890
2571 4 2 1 1 256 246 264 748
2572 4 2 1 1 489 675 908 918
2573 4 2 1 1 485 789 718 863
2574 4 2 1 1 702 722 454 864
2575 4 2 1 1 683 782 533 785
2576 4 2 1 1 317 419 948 777
2577 4 2 1 1 454 810 641 815
2578 4 2 1 1 641 810 526 815
2579 4 2 1 1 637 813 677 586
2580 4 2 1 1 528 678 641 843
2581 4 2 1 1 101 112 731 879
2582 4 2 1 1 856 655 865 510
2583 4 2 1 1 560 837 633 920
2584 4 2 1 1 497 773 603 801
2585 4 2 1 1 317 948 574 777
2586 4 2 1 1 495 645 597 850
2587 4 2 1 1 523 449 626 822
2588 4 2 1 1 213 554 192 831
2589 4 2 1 1 602 796 571 827
2590 4 2 1 1 581 659 655 681
2591 4 2 1 1 483 808 668 870
2592 4 2 1 1 287 281 286 685
2593 4 2 1 1 793 465 514 883
2594 4 2 1 1 590 609 492 556
2595 4 2 1 1 612 772 515 785
2596 4 2 1 1 466 565 719 766
2597 4 2 1 1 492 700 624 875
2598 4 2 1 1 450 654 817 891
2599 4 2 1 1 826 218 884 190
2600 4 2 1 1 188 510 186 754
2601 4 2 1 1 702 454 722 843
2602 4 2 1 1 477 554 632 707
2603 4 2 1 1 180 552 682 731
2604 4 2 1 1 453 629 692 852
2605 4 2 1 1 753 754 856 544
2606 4 2 1 1 630 514 481 909
2607 4 2 1 1 183 192 191 554
2608 4 2 1 1 518 677 662 738
2609 4 2 1 1 623 656 495 736
2610 4 2 1 1 183 554 191 820
2611 4 2 1 1 119 916 906 508
2612 4 2 1 1 115 118 98 720
2613 4 2 1 1 527 596 790 862
2614 4 2 1 1 763 845 800 610
2615 4 2 1 1 240 805 493 833
2616 4 2 1 1 482 786 605 799
2617 4 2 1 1 922 59 265 60
2618 4 2 1 1 952 176 740 200
2619 4 2 1 1 552 681 576 877
2620 4 2 1 1 811 741 469 647
2621 4 2 1 1 409 374 373 905
2622 4 2 1 1 233 591 849 230
2623 4 2 1 1 453 692 629 842
2624 4 2 1 1 859 875 457 665
2625 4 2 1 1 518 649 677 888
2626 4 2 1 1 429 648 570 832
2627 4 2 1 1 621 540 541 870
2628 4 2 1 1 871 832 825 671
2629 4 2 1 1 525 654 508 906
2630 4 2 1 1 587 483 829 894
2631 4 2 1 1 515 785 772 893
2632 4 2 1 1 615 786 482 799
2633 4 2 1 1 223 674 249 894
2634 4 2 1 1 952 176 200 59
2635 4 2 1 1 490 629 692 842
2636 4 2 1 1 496 683 616 637
2637 4 2 1 1 347 657 418 715
2638 4 2 1 1 564 730 471 821
2639 4 2 1 1 96 94 95 838
2640 4 2 1 1 448 646 653 501
2641 4 2 1 1 561 512 699 666
2642 4 2 1 1 948 317 574 871
2643 4 2 1 1 436 499 752 871
2644 4 2 1 1 265 952 59 922
2645 4 2 1 1 291 922 265 60
2646 4 2 1 1 467 542 699 837
2647 4 2 1 1 952 176 59 922
2648 4 2 1 1 853 817 578 498
2649 4 2 1 1 608 468 851 860
2650 4 2 1 1 229 649 228 835
2651 4 2 1 1 450 606 590 654
2652 4 2 1 1 522 609 493 833
2653 4 2 1 1 754 811 647 919
2654 4 2 1 1 398 689 353 874
2655 4 2 1 1 615 866 812 868
2656 4 2 1 1 655 681 486 865
2657 4 2 1 1 844 719 704 466
2658 4 2 1 1 130 35 924 154
2659 4 2 1 1 504 653 535 903
2660 4 2 1 1 513 619 796 465
2661 4 2 1 1 537 566 569 861
2662 4 2 1 1 228 649 669 835
2663 4 2 1 1 466 719 704 766
2664 4 2 1 1 507 669 649 677
2665 4 2 1 1 137 861 716 595
2666 4 2 1 1 485 681 552 682
2667 4 2 1 1 642 727 643 846
2668 4 2 1 1 652 801 363 900
2669 4 2 1 1 337 65 64 947
2670 4 2 1 1 834 716 657 595
2671 4 2 1 1 85 111 99 525
2672 4 2 1 1 676 738 662 677
2673 4 2 1 1 458 579 816 916
2674 4 2 1 1 491 660 727 914
2675 4 2 1 1 826 218 190 210
2676 4 2 1 1 337 65 947 799
2677 4 2 1 1 813 585 587 637
2678 4 2 1 1 662 676 541 540
2679 4 2 1 1 608 851 505 860
2680 4 2 1 1 480 625 776 887
2681 4 2 1 1 632 707 554 820
2682 4 2 1 1 859 875 665 578
2683 4 2 1 1 172 709 130 902
2684 4 2 1 1 500 702 641 815
2685 4 2 1 1 454 641 702 815
2686 4 2 1 1 693 778 663 895
2687 4 2 1 1 751 908 675 918
2688 4 2 1 1 660 718 491 727
2689 4 2 1 1 450 623 606 654
2690 4 2 1 1 626 456 481 765
2691 4 2 1 1 922 583 265 740
2692 4 2 1 1 474 745 643 767
2693 4 2 1 1 196 948 871 67
2694 4 2 1 1 267 847 275 899
2695 4 2 1 1 456 593 795 517
2696 4 2 1 1 229 649 835 836
2697 4 2 1 1 94 667 95 838
2698 4 2 1 1 458 734 578 853
2699 4 2 1 1 127 527 163 162
2700 4 2 1 1 378 782 370 913
2701 4 2 1 1 590 492 688 556
2702 4 2 1 1 459 698 599 872
2703 4 2 1 1 892 455 780 530
2704 4 2 1 1 560 780 705 455
2705 4 2 1 1 922 305 291 265
2706 4 2 1 1 480 887 776 830
2707 4 2 1 1 211 574 196 195
2708 4 2 1 1 762 802 689 901
2709 4 2 1 1 475 721 744 883
2710 4 2 1 1 126 557 110 854
2711 4 2 1 1 137 861 595 537
2712 4 2 1 1 417 331 443 730
2713 4 2 1 1 480 613 711 538
2714 4 2 1 1 194 799 615 812
2715 4 2 1 1 947 64 337 433
2716 4 2 1 1 502 631 878 909
2717 4 2 1 1 118 921 108 81
2718 4 2 1 1 378 732 616 913
2719 4 2 1 1 487 743 648 515
2720 4 2 1 1 636 496 472 566
2721 4 2 1 1 521 770 784 840
2722 4 2 1 1 479 764 792 902
2723 4 2 1 1 104 85 99 525
2724 4 2 1 1 723 737 516 905
2725 4 2 1 1 837 737 524 633
2726 4 2 1 1 425 947 799 337
2727 4 2 1 1 660 872 659 557
2728 4 2 1 1 946 17 16 340
2729 4 2 1 1 16 946 340 879
2730 4 2 1 1 611 742 710 869
2731 4 2 1 1 491 584 642 727
2732 4 2 1 1 726 815 500 911
2733 4 2 1 1 110 557 98 838
2734 4 2 1 1 663 518 693 895
2735 4 2 1 1 876 571 451 794
2736 4 2 1 1 565 677 507 888
2737 4 2 1 1 445 723 335 334
2738 4 2 1 1 922 305 831 291
2739 4 2 1 1 668 669 483 870
2740 4 2 1 1 649 48 150 129
2741 4 2 1 1 338 400 416 600
2742 4 2 1 1 819 765 523 662
2743 4 2 1 1 406 648 832 743
2744 4 2 1 1 598 658 706 889
2745 4 2 1 1 533 612 763 785
2746 4 2 1 1 399 377 330 874
2747 4 2 1 1 119 525 906 104
2748 4 2 1 1 497 603 798 801
2749 4 2 1 1 466 770 704 844
2750 4 2 1 1 467 699 542 823
2751 4 2 1 1 369 780 603 801
2752 4 2 1 1 497 852 798 907
2753 4 2 1 1 704 719 553 819
2754 4 2 1 1 704 766 523 770
2755 4 2 1 1 547 713 608 531
2756 4 2 1 1 439 885 634 426
2757 4 2 1 1 590 606 525 654
2758 4 2 1 1 946 437 17 340
2759 4 2 1 1 334 661 783 881
2760 4 2 1 1 617 466 766 803
2761 4 2 1 1 176 740 218 884
2762 4 2 1 1 437 340 946 559
2763 4 2 1 1 506 734 573 853
2764 4 2 1 1 340 946 559 879
2765 4 2 1 1 196 871 574 499
2766 4 2 1 1 604 465 784 822
2767 4 2 1 1 583 461 740 884
2768 4 2 1 1 127 527 162 847
2769 4 2 1 1 828 321 431 587
2770 4 2 1 1 119 525 104 99
2771 4 2 1 1 458 816 750 916
2772 4 2 1 1 921 29 30 268
2773 4 2 1 1 363 801 652 915
2774 4 2 1 1 573 645 506 853
2775 4 2 1 1 471 661 89 821
2776 4 2 1 1 636 803 496 566
2777 4 2 1 1 504 599 535 653
2778 4 2 1 1 945 40 41 344
2779 4 2 1 1 775 504 461 577
2780 4 2 1 1 354 357 845 901
2781 4 2 1 1 837 516 737 696
2782 4 2 1 1 685 503 748 880
2783 4 2 1 1 362 801 773 900
2784 4 2 1 1 820 779 554 632
2785 4 2 1 1 666 920 907 467
2786 4 2 1 1 483 829 714 911
2787 4 2 1 1 512 601 757 781
2788 4 2 1 1 282 302 299 775
2789 4 2 1 1 483 676 586 808
2790 4 2 1 1 494 751 675 918
2791 4 2 1 1 548 741 868 919
2792 4 2 1 1 210 740 622 826
2793 4 2 1 1 724 746 490 842
2794 4 2 1 1 29 921 292 268
2795 4 2 1 1 177 574 203 777
2796 4 2 1 1 272 299 298 622
2797 4 2 1 1 114 115 88 622
2798 4 2 1 1 184 183 191 820
2799 4 2 1 1 552 865 681 877
2800 4 2 1 1 521 764 553 844
2801 4 2 1 1 468 796 644 860
2802 4 2 1 1 945 344 41 716
2803 4 2 1 1 359 679 357 900
2804 4 2 1 1 190 826 544 884
2805 4 2 1 1 523 617 449 822
2806 4 2 1 1 485 682 101 718
2807 4 2 1 1 945 446 40 344
2808 4 2 1 1 669 835 541 870
2809 4 2 1 1 359 773 679 900
2810 4 2 1 1 665 688 234 890
2811 4 2 1 1 514 756 721 909
2812 4 2 1 1 369 371 364 603
2813 4 2 1 1 108 921 29 81
2814 4 2 1 1 477 593 592 632
2815 4 2 1 1 631 653 630 909
2816 4 2 1 1 581 681 655 452
2817 4 2 1 1 523 765 626 449
2818 4 2 1 1 575 504 698 872
2819 4 2 1 1 569 764 521 844
2820 4 2 1 1 474 642 643 846
2821 4 2 1 1 631 684 502 859
2822 4 2 1 1 232 239 235 556
2823 4 2 1 1 445 334 783 881
2824 4 2 1 1 432 376 412 905
2825 4 2 1 1 450 645 654 891
2826 4 2 1 1 965 81 30 921
2827 4 2 1 1 142 140 143 693
2828 4 2 1 1 487 728 729 825
2829 4 2 1 1 355 402 352 800
2830 4 2 1 1 136 138 595 719
2831 4 2 1 1 474 643 642 767
2832 4 2 1 1 921 302 292 268
2833 4 2 1 1 828 431 321 439
2834 4 2 1 1 452 681 655 877
2835 4 2 1 1 55 133 925 153
2836 4 2 1 1 609 722 454 843
2837 4 2 1 1 508 916 906 853
2838 4 2 1 1 532 818 694 886
2839 4 2 1 1 495 645 623 736
2840 4 2 1 1 180 552 731 205
2841 4 2 1 1 561 512 736 699
2842 4 2 1 1 317 574 327 777
2843 4 2 1 1 473 663 778 895
2844 4 2 1 1 464 539 577 862
2845 4 2 1 1 450 736 645 891
2846 4 2 1 1 492 817 688 875
2847 4 2 1 1 477 691 848 862
2848 4 2 1 1 189 186 510 811
2849 4 2 1 1 921 302 268 545
2850 4 2 1 1 557 954 115 622
2851 4 2 1 1 491 550 824 452
2852 4 2 1 1 574 777 488 917
2853 4 2 1 1 453 781 601 788
2854 4 2 1 1 946 863 559 879
2855 4 2 1 1 555 448 501 646
2856 4 2 1 1 179 210 206 622
2857 4 2 1 1 945 570 446 344
2858 4 2 1 1 535 755 592 653
2859 4 2 1 1 919 655 548 753
2860 4 2 1 1 620 481 514 909
2861 4 2 1 1 110 126 98 557
2862 4 2 1 1 717 917 777 570
2863 4 2 1 1 231 232 230 591
2864 4 2 1 1 553 764 521 897
2865 4 2 1 1 526 641 815 911
2866 4 2 1 1 487 759 832 917
2867 4 2 1 1 483 808 586 911
2868 4 2 1 1 524 606 661 881
2869 4 2 1 1 231 591 230 835
2870 4 2 1 1 455 656 912 642
2871 4 2 1 1 368 366 367 739
2872 4 2 1 1 673 710 529 787
2873 4 2 1 1 525 783 493 769
2874 4 2 1 1 93 92 94 667
2875 4 2 1 1 628 712 509 889
2876 4 2 1 1 924 197 35 174
2877 4 2 1 1 186 188 189 510
2878 4 2 1 1 583 707 461 884
2879 4 2 1 1 338 605 725 898
2880 4 2 1 1 136 834 145 888
2881 4 2 1 1 644 851 468 860
2882 4 2 1 1 379 780 369 801
2883 4 2 1 1 826 218 210 740
2884 4 2 1 1 251 493 240 805
2885 4 2 1 1 579 458 816 880
2886 4 2 1 1 253 493 701 240
2887 4 2 1 1 474 869 742 904
2888 4 2 1 1 742 869 611 904
2889 4 2 1 1 90 93 749 882
2890 4 2 1 1 474 742 788 904
2891 4 2 1 1 459 659 708 914
2892 4 2 1 1 103 750 816 916
2893 4 2 1 1 603 780 798 801
2894 4 2 1 1 530 798 780 801
2895 4 2 1 1 965 81 107 30
2896 4 2 1 1 174 183 182 680
2897 4 2 1 1 697 529 632 592
2898 4 2 1 1 863 749 584 91
2899 4 2 1 1 197 192 183 709
2900 4 2 1 1 375 441 392 735
2901 4 2 1 1 523 456 626 765
2902 4 2 1 1 302 280 301 775
2903 4 2 1 1 178 61 199 926
2904 4 2 1 1 398 397 353 689
2905 4 2 1 1 31 32 687 270
2906 4 2 1 1 184 680 183 820
2907 4 2 1 1 85 927 104 25
2908 4 2 1 1 834 716 595 128
2909 4 2 1 1 758 835 230 849
2910 4 2 1 1 195 185 211 532
2911 4 2 1 1 505 746 724 842
2912 4 2 1 1 945 570 344 716
2913 4 2 1 1 139 518 719 888
2914 4 2 1 1 365 403 402 800
2915 4 2 1 1 186 754 510 811
2916 4 2 1 1 242 928 78 221
2917 4 2 1 1 453 692 635 852
2918 4 2 1 1 550 625 824 887
2919 4 2 1 1 658 489 760 582
2920 4 2 1 1 284 276 279 747
2921 4 2 1 1 475 639 757 857
2922 4 2 1 1 257 528 239 668
2923 4 2 1 1 518 766 662 819
2924 4 2 1 1 716 861 472 595
2925 4 2 1 1 140 141 138 553
2926 4 2 1 1 91 718 584 863
2927 4 2 1 1 664 702 522 843
2928 4 2 1 1 415 752 390 414
2929 4 2 1 1 640 530 892 915
2930 4 2 1 1 413 403 426 913
2931 4 2 1 1 505 851 644 860
2932 4 2 1 1 751 540 675 908
2933 4 2 1 1 110 121 84 854
2934 4 2 1 1 507 677 649 888
2935 4 2 1 1 191 187 184 820
2936 4 2 1 1 342 43 42 944
2937 4 2 1 1 42 342 944 834
2938 4 2 1 1 444 43 342 944
2939 4 2 1 1 541 473 621 835
2940 4 2 1 1 142 144 141 594
2941 4 2 1 1 938 342 834 657
2942 4 2 1 1 531 729 728 825
2943 4 2 1 1 394 416 400 600
2944 4 2 1 1 552 607 812 877
2945 4 2 1 1 934 968 38 170
2946 4 2 1 1 753 856 754 510
2947 4 2 1 1 660 872 557 838
2948 4 2 1 1 861 917 568 488
2949 4 2 1 1 100 667 660 838
2950 4 2 1 1 362 363 801 900
2951 4 2 1 1 367 396 373 807
2952 4 2 1 1 630 756 514 909
2953 4 2 1 1 455 912 549 642
2954 4 2 1 1 820 779 632 638
2955 4 2 1 1 491 846 581 914
2956 4 2 1 1 274 747 275 847
2957 4 2 1 1 514 756 630 793
2958 4 2 1 1 448 630 756 793
2959 4 2 1 1 687 289 31 270
2960 4 2 1 1 634 500 828 910
2961 4 2 1 1 856 865 655 486
2962 4 2 1 1 342 585 944 834
2963 4 2 1 1 695 744 475 857
2964 4 2 1 1 393 392 441 735
2965 4 2 1 1 511 788 742 904
2966 4 2 1 1 228 649 227 669
2967 4 2 1 1 648 759 570 832
2968 4 2 1 1 322 674 585 587
2969 4 2 1 1 223 249 241 894
2970 4 2 1 1 164 969 709 771
2971 4 2 1 1 180 198 13 682
2972 4 2 1 1 571 797 602 827
2973 4 2 1 1 502 653 733 734
2974 4 2 1 1 935 168 962 674
2975 4 2 1 1 245 929 73 225
2976 4 2 1 1 274 747 276 275
2977 4 2 1 1 919 655 753 510
2978 4 2 1 1 612 533 763 800
2979 4 2 1 1 948 203 574 777
2980 4 2 1 1 514 744 721 883
2981 4 2 1 1 182 174 680 792
2982 4 2 1 1 385 427 384 633
2983 4 2 1 1 364 362 369 801
2984 4 2 1 1 341 559 437 705
2985 4 2 1 1 488 729 574 917
2986 4 2 1 1 834 716 128 938
2987 4 2 1 1 586 587 483 911
2988 4 2 1 1 454 628 810 889
2989 4 2 1 1 946 863 879 105
2990 4 2 1 1 342 444 944 585
2991 4 2 1 1 490 746 629 842
2992 4 2 1 1 338 605 318 725
2993 4 2 1 1 355 354 356 845
2994 4 2 1 1 86 682 101 731
2995 4 2 1 1 747 790 276 896
2996 4 2 1 1 550 625 789 824
2997 4 2 1 1 813 585 637 507
2998 4 2 1 1 529 797 673 638
2999 4 2 1 1 687 965 107 31
3000 4 2 1 1 593 632 477 779
3001 4 2 1 1 348 349 350 782
3002 4 2 1 1 485 682 552 731
3003 4 2 1 1 460 638 632 529
3004 4 2 1 1 76 75 943 445
3005 4 2 1 1 930 863 82 564
3006 4 2 1 1 618 747 527 899
3007 4 2 1 1 483 528 641 714
3008 4 2 1 1 105 930 82 17
3009 4 2 1 1 86 931 13 682
3010 4 2 1 1 876 571 794 860
3011 4 2 1 1 691 862 539 481
3012 4 2 1 1 564 656 584 749
3013 4 2 1 1 564 749 82 821
3014 4 2 1 1 354 355 352 845
3015 4 2 1 1 648 743 487 832
3016 4 2 1 1 460 529 697 787
3017 4 2 1 1 393 441 320 735
3018 4 2 1 1 540 765 626 514
3019 4 2 1 1 688 232 234 235
3020 4 2 1 1 641 808 526 810
3021 4 2 1 1 587 828 829 911
3022 4 2 1 1 526 808 641 911
3023 4 2 1 1 66 871 196 499
3024 4 2 1 1 499 574 825 871
3025 4 2 1 1 459 660 659 914
3026 4 2 1 1 934 968 170 777
3027 4 2 1 1 322 587 321 894
3028 4 2 1 1 489 650 744 908
3029 4 2 1 1 251 769 783 224
3030 4 2 1 1 491 550 789 824
3031 4 2 1 1 157 507 145 585
3032 4 2 1 1 876 571 860 804
3033 4 2 1 1 264 627 248 503
3034 4 2 1 1 477 747 577 862
3035 4 2 1 1 439 885 426 393
3036 4 2 1 1 455 666 549 912
3037 4 2 1 1 132 717 158 147
3038 4 2 1 1 510 655 865 877
3039 4 2 1 1 499 671 651 752
3040 4 2 1 1 156 172 130 902
3041 4 2 1 1 853 817 498 654
3042 4 2 1 1 103 750 916 102
3043 4 2 1 1 188 510 754 856
3044 4 2 1 1 612 782 772 785
3045 4 2 1 1 327 574 317 871
3046 4 2 1 1 440 409 737 905
3047 4 2 1 1 227 228 220 649
3048 4 2 1 1 925 959 855 133
3049 4 2 1 1 609 833 522 843
3050 4 2 1 1 642 491 727 846
3051 4 2 1 1 511 788 904 830
3052 4 2 1 1 137 861 537 717
3053 4 2 1 1 432 343 522 805
3054 4 2 1 1 165 518 895 139
3055 4 2 1 1 146 167 147 537
3056 4 2 1 1 75 420 943 445
3057 4 2 1 1 485 576 681 824
3058 4 2 1 1 85 927 25 953
3059 4 2 1 1 599 686 659 872
3060 4 2 1 1 494 675 751 540
3061 4 2 1 1 518 565 738 766
3062 4 2 1 1 484 672 670 638
3063 4 2 1 1 466 617 766 770
3064 4 2 1 1 386 435 730 821
3065 4 2 1 1 392 735 393 885
3066 4 2 1 1 469 647 741 818
3067 4 2 1 1 101 682 121 718
3068 4 2 1 1 584 718 789 863
3069 4 2 1 1 469 867 741 868
3070 4 2 1 1 637 813 586 587
3071 4 2 1 1 420 943 445 783
3072 4 2 1 1 310 299 293 740
3073 4 2 1 1 536 773 603 907
3074 4 2 1 1 662 663 518 819
3075 4 2 1 1 539 630 631 653
3076 4 2 1 1 245 929 225 855
3077 4 2 1 1 493 723 522 805
3078 4 2 1 1 445 943 76 805
3079 4 2 1 1 118 921 81 545
3080 4 2 1 1 403 365 372 690
3081 4 2 1 1 693 897 848 594
3082 4 2 1 1 926 291 271 61
3083 4 2 1 1 267 274 275 847
3084 4 2 1 1 658 706 489 582
3085 4 2 1 1 581 708 846 869
3086 4 2 1 1 380 898 640 915
3087 4 2 1 1 100 92 91 667
3088 4 2 1 1 594 709 479 779
3089 4 2 1 1 579 103 816 916
3090 4 2 1 1 406 671 743 832
3091 4 2 1 1 445 783 943 805
3092 4 2 1 1 548 741 867 868
3093 4 2 1 1 203 195 196 574
3094 4 2 1 1 942 422 731 345
3095 4 2 1 1 498 654 590 769
3096 4 2 1 1 493 701 590 769
3097 4 2 1 1 812 866 811 868
3098 4 2 1 1 457 624 700 875
3099 4 2 1 1 316 334 661 783
3100 4 2 1 1 491 681 660 914
3101 4 2 1 1 552 682 681 865
3102 4 2 1 1 497 773 801 900
3103 4 2 1 1 532 647 818 886
3104 4 2 1 1 161 153 162 847
3105 4 2 1 1 541 676 662 677
3106 4 2 1 1 935 168 674 131
3107 4 2 1 1 97 94 96 750
3108 4 2 1 1 665 688 578 875
3109 4 2 1 1 477 848 691 593
3110 4 2 1 1 108 622 114 28
3111 4 2 1 1 497 629 830 852
3112 4 2 1 1 143 778 693 895
3113 4 2 1 1 535 755 697 592
3114 4 2 1 1 534 751 700 918
3115 4 2 1 1 919 655 510 868
3116 4 2 1 1 487 568 917 729
3117 4 2 1 1 506 654 645 891
3118 4 2 1 1 398 353 399 874
3119 4 2 1 1 738 766 565 803
3120 4 2 1 1 164 969 771 160
3121 4 2 1 1 603 773 497 907
3122 4 2 1 1 341 705 382 892
3123 4 2 1 1 674 940 260 249
3124 4 2 1 1 603 798 780 920
3125 4 2 1 1 320 393 735 828
3126 4 2 1 1 556 688 665 875
3127 4 2 1 1 539 477 577 862
3128 4 2 1 1 71 304 266 748
3129 4 2 1 1 897 779 848 594
3130 4 2 1 1 483 714 641 911
3131 4 2 1 1 510 189 811 812
3132 4 2 1 1 741 713 548 867
3133 4 2 1 1 669 677 507 813
3134 4 2 1 1 181 532 182 195
3135 4 2 1 1 229 230 758 835
3136 4 2 1 1 86 101 112 731
3137 4 2 1 1 521 569 672 764
3138 4 2 1 1 176 218 202 884
3139 4 2 1 1 679 490 845 901
3140 4 2 1 1 743 874 648 515
3141 4 2 1 1 456 691 596 848
3142 4 2 1 1 253 224 244 769
3143 4 2 1 1 678 810 628 918
3144 4 2 1 1 157 585 961 674
3145 4 2 1 1 368 367 373 807
3146 4 2 1 1 490 762 689 901
3147 4 2 1 1 487 568 729 728
3148 4 2 1 1 940 421 315 674
3149 4 2 1 1 345 725 731 879
3150 4 2 1 1 528 678 609 556
3151 4 2 1 1 174 197 183 709
3152 4 2 1 1 185 647 811 866
3153 4 2 1 1 107 87 116 687
3154 4 2 1 1 345 15 16 942
3155 4 2 1 1 300 270 289 687
3156 4 2 1 1 103 750 102 97
3157 4 2 1 1 454 702 641 843
3158 4 2 1 1 429 330 428 648
3159 4 2 1 1 491 681 581 452
3160 4 2 1 1 130 792 167 902
3161 4 2 1 1 459 727 660 914
3162 4 2 1 1 710 787 548 476
3163 4 2 1 1 100 121 660 718
3164 4 2 1 1 377 428 330 648
3165 4 2 1 1 912 767 736 512
3166 4 2 1 1 431 322 587 321
3167 4 2 1 1 587 813 483 894
3168 4 2 1 1 377 351 349 772
3169 4 2 1 1 461 686 544 707
3170 4 2 1 1 158 945 717 957
3171 4 2 1 1 678 700 494 918
3172 4 2 1 1 255 254 219 890
3173 4 2 1 1 643 846 727 914
3174 4 2 1 1 509 823 598 889
3175 4 2 1 1 497 801 652 900
3176 4 2 1 1 608 794 860 876
3177 4 2 1 1 557 854 826 856
3178 4 2 1 1 590 525 769 654
3179 4 2 1 1 609 678 528 843
3180 4 2 1 1 877 452 576 814
3181 4 2 1 1 345 725 318 731
3182 4 2 1 1 313 376 522 664
3183 4 2 1 1 232 231 239 668
3184 4 2 1 1 497 798 603 907
3185 4 2 1 1 555 448 806 755
3186 4 2 1 1 555 448 755 501
3187 4 2 1 1 494 676 675 540
3188 4 2 1 1 521 764 672 897
3189 4 2 1 1 270 300 297 687
3190 4 2 1 1 187 754 184 820
3191 4 2 1 1 87 113 116 687
3192 4 2 1 1 875 591 457 665
3193 4 2 1 1 94 508 102 93
3194 4 2 1 1 140 518 139 895
3195 4 2 1 1 486 655 659 681
3196 4 2 1 1 537 861 595 566
3197 4 2 1 1 711 538 613 463
3198 4 2 1 1 645 654 506 853
3199 4 2 1 1 550 711 904 830
3200 4 2 1 1 511 904 711 830
3201 4 2 1 1 591 230 835 849
3202 4 2 1 1 877 576 452 681
3203 4 2 1 1 200 933 58 206
3204 4 2 1 1 436 752 326 871
3205 4 2 1 1 647 460 754 919
3206 4 2 1 1 389 802 361 901
3207 4 2 1 1 345 942 16 879
3208 4 2 1 1 586 483 587 813
3209 4 2 1 1 502 624 721 878
3210 4 2 1 1 693 553 719 819
3211 4 2 1 1 155 164 163 899
3212 4 2 1 1 345 725 879 401
3213 4 2 1 1 456 795 593 897
3214 4 2 1 1 180 552 205 207
3215 4 2 1 1 279 280 282 775
3216 4 2 1 1 486 681 682 865
3217 4 2 1 1 942 971 124 731
3218 4 2 1 1 93 99 90 749
3219 4 2 1 1 425 600 338 416
3220 4 2 1 1 453 635 781 852
3221 4 2 1 1 345 731 942 879
3222 4 2 1 1 584 749 656 882
3223 4 2 1 1 689 845 490 901
3224 4 2 1 1 783 941 316 420
3225 4 2 1 1 469 607 867 868
3226 4 2 1 1 362 364 359 773
3227 4 2 1 1 251 769 224 253
3228 4 2 1 1 132 37 792 152
3229 4 2 1 1 540 765 662 449
3230 4 2 1 1 895 541 649 473
3231 4 2 1 1 590 688 498 769
3232 4 2 1 1 544 697 686 753
3233 4 2 1 1 454 815 702 864
3234 4 2 1 1 735 828 393 885
3235 4 2 1 1 495 736 656 642
3236 4 2 1 1 634 500 910 726
3237 4 2 1 1 147 792 132 488
3238 4 2 1 1 641 714 528 843
3239 4 2 1 1 942 971 15 124
3240 4 2 1 1 452 655 867 877
3241 4 2 1 1 576 725 605 839
3242 4 2 1 1 352 350 351 772
3243 4 2 1 1 279 775 282 583
3244 4 2 1 1 221 77 805 928
3245 4 2 1 1 797 809 602 827
3246 4 2 1 1 106 13 12 682
3247 4 2 1 1 460 632 697 529
3248 4 2 1 1 895 541 473 663
3249 4 2 1 1 362 773 359 900
3250 4 2 1 1 795 827 604 517
3251 4 2 1 1 783 316 941 661
3252 4 2 1 1 694 729 531 818
3253 4 2 1 1 595 844 537 566
3254 4 2 1 1 380 640 892 915
3255 4 2 1 1 108 118 115 720
3256 4 2 1 1 502 721 756 909
3257 4 2 1 1 200 933 206 740
3258 4 2 1 1 459 838 575 872
3259 4 2 1 1 502 653 631 909
3260 4 2 1 1 587 828 321 829
3261 4 2 1 1 811 741 647 919
3262 4 2 1 1 124 942 731 112
3263 4 2 1 1 505 608 860 876
3264 4 2 1 1 379 801 363 915
3265 4 2 1 1 330 743 405 874
3266 4 2 1 1 508 916 853 750
3267 4 2 1 1 132 792 147 152
3268 4 2 1 1 355 358 365 800
3269 4 2 1 1 326 442 438 752
3270 4 2 1 1 895 143 140 693
3271 4 2 1 1 494 810 678 918
3272 4 2 1 1 493 805 783 881
3273 4 2 1 1 316 19 20 941
3274 4 2 1 1 329 570 429 648
3275 4 2 1 1 20 316 941 420
3276 4 2 1 1 86 13 106 682
3277 4 2 1 1 836 238 855 562
3278 4 2 1 1 955 131 507 150
3279 4 2 1 1 663 693 518 819
3280 4 2 1 1 338 725 383 898
3281 4 2 1 1 528 609 833 556
3282 4 2 1 1 278 286 685 896
3283 4 2 1 1 520 784 770 840
3284 4 2 1 1 359 357 360 900
3285 4 2 1 1 550 887 711 830
3286 4 2 1 1 335 723 432 905
3287 4 2 1 1 895 140 143 148
3288 4 2 1 1 239 714 221 833
3289 4 2 1 1 924 36 130 792
3290 4 2 1 1 138 146 137 537
3291 4 2 1 1 237 758 230 849
3292 4 2 1 1 836 238 562 758
3293 4 2 1 1 415 752 414 786
3294 4 2 1 1 492 678 700 556
3295 4 2 1 1 424 341 382 892
3296 4 2 1 1 469 741 713 818
3297 4 2 1 1 256 255 247 579
3298 4 2 1 1 689 874 546 515
3299 4 2 1 1 708 846 643 914
3300 4 2 1 1 584 495 667 882
3301 4 2 1 1 157 145 135 585
3302 4 2 1 1 696 907 920 467
3303 4 2 1 1 105 101 863 879
3304 4 2 1 1 71 222 246 748
3305 4 2 1 1 164 154 172 709
3306 4 2 1 1 584 667 495 727
3307 4 2 1 1 432 723 335 805
3308 4 2 1 1 953 263 783 224
3309 4 2 1 1 957 717 158 777
3310 4 2 1 1 103 750 97 816
3311 4 2 1 1 326 438 671 752
3312 4 2 1 1 897 848 779 593
3313 4 2 1 1 544 461 707 884
3314 4 2 1 1 438 406 671 743
3315 4 2 1 1 863 749 91 82
3316 4 2 1 1 721 756 514 883
3317 4 2 1 1 609 678 492 556
3318 4 2 1 1 277 276 790 896
3319 4 2 1 1 128 595 137 716
3320 4 2 1 1 348 370 378 782
3321 4 2 1 1 350 402 370 782
3322 4 2 1 1 365 366 372 690
3323 4 2 1 1 464 589 631 481
3324 4 2 1 1 404 349 347 715
3325 4 2 1 1 156 130 167 902
3326 4 2 1 1 534 908 751 918
3327 4 2 1 1 450 645 623 654
3328 4 2 1 1 120 956 23 83
3329 4 2 1 1 397 389 361 901
3330 4 2 1 1 559 863 485 879
3331 4 2 1 1 662 765 523 449
3332 4 2 1 1 122 953 783 85
3333 4 2 1 1 275 285 290 899
3334 4 2 1 1 354 397 357 901
3335 4 2 1 1 941 316 19 661
3336 4 2 1 1 238 836 229 758
3337 4 2 1 1 553 704 456 897
3338 4 2 1 1 250 836 238 855
3339 4 2 1 1 336 447 440 737
3340 4 2 1 1 79 940 80 315
3341 4 2 1 1 346 348 378 616
3342 4 2 1 1 222 71 923 748
3343 4 2 1 1 172 154 130 709
3344 4 2 1 1 108 622 28 951
3345 4 2 1 1 704 766 719 819
3346 4 2 1 1 813 585 507 674
3347 4 2 1 1 133 161 159 855
3348 4 2 1 1 401 408 725 879
3349 4 2 1 1 623 656 471 749
3350 4 2 1 1 565 719 518 888
3351 4 2 1 1 871 825 832 574
3352 4 2 1 1 611 476 581 869
3353 4 2 1 1 265 310 293 740
3354 4 2 1 1 322 674 587 894
3355 4 2 1 1 228 669 231 835
3356 4 2 1 1 430 378 413 913
3357 4 2 1 1 411 664 320 735
3358 4 2 1 1 132 717 147 488
3359 4 2 1 1 813 585 674 587
3360 4 2 1 1 672 779 593 897
3361 4 2 1 1 511 538 711 463
3362 4 2 1 1 480 711 887 830
3363 4 2 1 1 577 685 464 896
3364 4 2 1 1 499 825 671 871
3365 4 2 1 1 518 719 565 766
3366 4 2 1 1 493 609 590 701
3367 4 2 1 1 11 954 109 854
3368 4 2 1 1 313 411 376 664
3369 4 2 1 1 494 700 751 918
3370 4 2 1 1 208 510 856 865
3371 4 2 1 1 495 584 656 882
3372 4 2 1 1 508 916 750 102
3373 4 2 1 1 466 766 704 770
3374 4 2 1 1 494 668 808 870
3375 4 2 1 1 484 809 797 827
3376 4 2 1 1 577 461 775 583
3377 4 2 1 1 590 701 688 769
3378 4 2 1 1 480 538 711 830
3379 4 2 1 1 98 96 95 838
3380 4 2 1 1 208 510 865 189
3381 4 2 1 1 940 315 79 894
3382 4 2 1 1 140 518 895 693
3383 4 2 1 1 934 214 777 177
3384 4 2 1 1 779 638 484 632
3385 4 2 1 1 673 548 741 713
3386 4 2 1 1 196 948 67 203
3387 4 2 1 1 122 111 85 783
3388 4 2 1 1 835 870 621 541
3389 4 2 1 1 100 660 110 838
3390 4 2 1 1 541 649 473 835
3391 4 2 1 1 328 570 446 777
3392 4 2 1 1 641 500 815 911
3393 4 2 1 1 239 528 257 714
3394 4 2 1 1 460 697 753 787
3395 4 2 1 1 209 190 826 856
3396 4 2 1 1 814 867 607 877
3397 4 2 1 1 469 811 866 868
3398 4 2 1 1 372 393 426 885
3399 4 2 1 1 119 916 508 102
3400 4 2 1 1 469 774 615 866
3401 4 2 1 1 389 390 388 802
3402 4 2 1 1 934 170 132 777
3403 4 2 1 1 430 732 378 913
3404 4 2 1 1 194 207 205 552
3405 4 2 1 1 311 386 437 705
3406 4 2 1 1 90 92 93 882
3407 4 2 1 1 409 407 336 737
3408 4 2 1 1 410 828 320 829
3409 4 2 1 1 537 764 569 844
3410 4 2 1 1 323 616 378 732
3411 4 2 1 1 223 241 227 669
3412 4 2 1 1 679 773 497 900
3413 4 2 1 1 100 95 667 838
3414 4 2 1 1 84 11 109 854
3415 4 2 1 1 165 150 649 888
3416 4 2 1 1 492 700 875 556
3417 4 2 1 1 938 342 657 312
3418 4 2 1 1 520 768 784 804
3419 4 2 1 1 660 667 459 838
3420 4 2 1 1 814 867 877 452
3421 4 2 1 1 500 828 735 885
3422 4 2 1 1 492 624 817 875
3423 4 2 1 1 323 732 431 587
3424 4 2 1 1 564 471 656 749
3425 4 2 1 1 326 671 423 871
3426 4 2 1 1 141 146 553 902
3427 4 2 1 1 380 640 408 892
3428 4 2 1 1 410 321 828 829
3429 4 2 1 1 499 651 671 825
3430 4 2 1 1 37 38 934 177
3431 4 2 1 1 238 229 836 243
3432 4 2 1 1 221 805 240 833
3433 4 2 1 1 729 774 574 825
3434 4 2 1 1 487 743 671 832
3435 4 2 1 1 218 176 200 740
3436 4 2 1 1 375 411 441 735
3437 4 2 1 1 52 155 936 134
3438 4 2 1 1 783 941 111 661
3439 4 2 1 1 192 771 178 831
3440 4 2 1 1 242 928 221 714
3441 4 2 1 1 315 940 674 894
3442 4 2 1 1 317 327 328 777
3443 4 2 1 1 237 229 230 758
3444 4 2 1 1 484 529 797 809
3445 4 2 1 1 634 726 690 885
3446 4 2 1 1 832 429 328 570
3447 4 2 1 1 832 328 429 327
3448 4 2 1 1 198 682 207 865
3449 4 2 1 1 22 113 937 120
3450 4 2 1 1 541 669 649 835
3451 4 2 1 1 390 802 389 858
3452 4 2 1 1 165 649 129 895
3453 4 2 1 1 99 89 90 749
3454 4 2 1 1 727 846 491 914
3455 4 2 1 1 361 389 388 802
3456 4 2 1 1 604 784 770 822
3457 4 2 1 1 204 969 197 34
3458 4 2 1 1 119 916 102 83
3459 4 2 1 1 53 127 847 899
3460 4 2 1 1 609 590 701 556
3461 4 2 1 1 105 930 17 946
3462 4 2 1 1 53 267 290 899
3463 4 2 1 1 119 508 93 102
3464 4 2 1 1 503 685 684 880
3465 4 2 1 1 479 709 594 902
3466 4 2 1 1 157 944 961 585
3467 4 2 1 1 456 593 848 897
3468 4 2 1 1 587 829 321 894
3469 4 2 1 1 323 322 585 587
3470 4 2 1 1 647 754 460 820
3471 4 2 1 1 895 129 149 836
3472 4 2 1 1 508 645 573 853
3473 4 2 1 1 399 330 405 874
3474 4 2 1 1 19 89 661 821
3475 4 2 1 1 491 581 681 914
3476 4 2 1 1 42 128 938 834
3477 4 2 1 1 518 693 719 819
3478 4 2 1 1 926 216 958 771
3479 4 2 1 1 469 811 647 866
3480 4 2 1 1 506 817 654 891
3481 4 2 1 1 173 201 11 854
3482 4 2 1 1 460 753 754 919
3483 4 2 1 1 711 538 511 830
3484 4 2 1 1 205 947 212 552
3485 4 2 1 1 485 725 559 879
3486 4 2 1 1 649 836 129 895
3487 4 2 1 1 175 866 615 499
3488 4 2 1 1 181 532 195 488
3489 4 2 1 1 626 765 481 514
3490 4 2 1 1 895 149 129 148
3491 4 2 1 1 157 944 585 135
3492 4 2 1 1 95 94 92 667
3493 4 2 1 1 278 286 281 685
3494 4 2 1 1 596 862 691 481
3495 4 2 1 1 180 552 207 682
3496 4 2 1 1 926 216 771 178
3497 4 2 1 1 236 665 234 890
3498 4 2 1 1 277 276 274 790
3499 4 2 1 1 552 812 207 865
3500 4 2 1 1 771 899 936 296
3501 4 2 1 1 464 631 539 481
3502 4 2 1 1 495 656 623 882
3503 4 2 1 1 193 194 615 812
3504 4 2 1 1 251 493 253 240
3505 4 2 1 1 476 753 697 787
3506 4 2 1 1 47 46 836 243
3507 4 2 1 1 160 169 932 771
3508 4 2 1 1 437 341 408 559
3509 4 2 1 1 790 862 464 896
3510 4 2 1 1 853 906 498 916
3511 4 2 1 1 479 594 779 897
3512 4 2 1 1 906 654 853 498
3513 4 2 1 1 906 853 654 508
3514 4 2 1 1 453 781 788 852
3515 4 2 1 1 120 956 83 916
3516 4 2 1 1 729 774 531 818
3517 4 2 1 1 931 682 86 731
3518 4 2 1 1 487 671 825 832
3519 4 2 1 1 512 549 666 912
3520 4 2 1 1 380 381 898 915
3521 4 2 1 1 338 383 400 898
3522 4 2 1 1 652 801 530 915
3523 4 2 1 1 414 436 314 752
3524 4 2 1 1 491 824 681 452
3525 4 2 1 1 254 701 235 253
3526 4 2 1 1 343 928 313 522
3527 4 2 1 1 531 774 729 825
3528 4 2 1 1 940 249 674 894
3529 4 2 1 1 502 631 859 878
3530 4 2 1 1 313 432 343 522
3531 4 2 1 1 313 376 432 522
3532 4 2 1 1 167 152 147 792
3533 4 2 1 1 155 127 53 899
3534 4 2 1 1 207 682 552 865
3535 4 2 1 1 238 225 250 855
3536 4 2 1 1 748 252 70 687
3537 4 2 1 1 266 287 286 748
3538 4 2 1 1 937 963 579 113
3539 4 2 1 1 387 388 394 761
3540 4 2 1 1 748 252 246 70
3541 4 2 1 1 747 862 790 896
3542 4 2 1 1 278 277 286 896
3543 4 2 1 1 464 862 577 896
3544 4 2 1 1 213 554 831 884
3545 4 2 1 1 319 434 78 829
3546 4 2 1 1 886 820 680 647
3547 4 2 1 1 158 945 957 40
3548 4 2 1 1 399 405 398 874
3549 4 2 1 1 316 331 19 661
3550 4 2 1 1 36 174 181 792
3551 4 2 1 1 218 200 210 740
3552 4 2 1 1 295 269 283 855
3553 4 2 1 1 479 569 672 886
3554 4 2 1 1 128 136 595 834
3555 4 2 1 1 379 382 369 780
3556 4 2 1 1 438 442 391 858
3557 4 2 1 1 479 672 569 764
3558 4 2 1 1 913 324 430 732
3559 4 2 1 1 485 731 725 879
3560 4 2 1 1 936 169 771 958
3561 4 2 1 1 379 362 363 801
3562 4 2 1 1 430 324 431 732
3563 4 2 1 1 460 647 741 919
3564 4 2 1 1 527 790 747 862
3565 4 2 1 1 505 860 804 876
3566 4 2 1 1 522 493 805 833
3567 4 2 1 1 144 141 594 902
3568 4 2 1 1 659 681 581 914
3569 4 2 1 1 137 537 147 717
3570 4 2 1 1 659 686 557 872
3571 4 2 1 1 936 899 771 155
3572 4 2 1 1 932 216 204 771
3573 4 2 1 1 194 175 615 799
3574 4 2 1 1 318 63 939 64
3575 4 2 1 1 152 130 36 792
3576 4 2 1 1 939 422 63 318
3577 4 2 1 1 939 971 217 63
3578 4 2 1 1 758 835 473 836
3579 4 2 1 1 259 238 237 758
3580 4 2 1 1 332 384 382 780
3581 4 2 1 1 136 139 719 888
3582 4 2 1 1 160 164 134 771
3583 4 2 1 1 64 939 318 433
3584 4 2 1 1 233 591 230 232
3585 4 2 1 1 779 484 638 672
3586 4 2 1 1 660 681 659 914
3587 4 2 1 1 570 832 759 917
3588 4 2 1 1 655 510 868 877
3589 4 2 1 1 836 964 46 159
3590 4 2 1 1 279 276 278 896
3591 4 2 1 1 209 188 190 856
3592 4 2 1 1 947 552 939 605
3593 4 2 1 1 104 119 83 906
3594 4 2 1 1 192 204 178 771
3595 4 2 1 1 285 271 296 771
3596 4 2 1 1 340 559 408 879
3597 4 2 1 1 329 428 404 715
3598 4 2 1 1 459 708 643 914
3599 4 2 1 1 221 240 805 258
3600 4 2 1 1 913 430 324 413
3601 4 2 1 1 423 671 406 832
3602 4 2 1 1 811 741 919 868
3603 4 2 1 1 915 480 761 898
3604 4 2 1 1 549 788 781 852
3605 4 2 1 1 209 854 208 856
3606 4 2 1 1 848 897 693 456
3607 4 2 1 1 620 721 878 909
3608 4 2 1 1 149 895 836 778
3609 4 2 1 1 126 110 84 854
3610 4 2 1 1 553 764 537 844
3611 4 2 1 1 375 376 411 703
3612 4 2 1 1 634 500 726 885
3613 4 2 1 1 634 500 885 828
3614 4 2 1 1 79 78 242 829
3615 4 2 1 1 136 135 145 834
3616 4 2 1 1 525 661 606 881
3617 4 2 1 1 487 568 728 759
3618 4 2 1 1 360 363 362 900
3619 4 2 1 1 912 767 512 549
3620 4 2 1 1 146 138 141 553
3621 4 2 1 1 129 47 166 836
3622 4 2 1 1 578 688 665 890
3623 4 2 1 1 367 366 358 739
3624 4 2 1 1 943 783 251 805
3625 4 2 1 1 889 658 864 598
3626 4 2 1 1 638 647 460 820
3627 4 2 1 1 487 825 729 917
3628 4 2 1 1 121 110 100 660
3629 4 2 1 1 120 83 103 916
3630 4 2 1 1 505 804 841 876
3631 4 2 1 1 66 196 175 499
3632 4 2 1 1 116 97 117 816
3633 4 2 1 1 441 411 320 735
3634 4 2 1 1 939 318 605 731
3635 4 2 1 1 229 649 836 220
3636 4 2 1 1 505 804 768 841
3637 4 2 1 1 479 680 792 886
3638 4 2 1 1 936 169 958 51
3639 4 2 1 1 889 864 658 454
3640 4 2 1 1 710 476 611 869
3641 4 2 1 1 433 939 318 605
3642 4 2 1 1 464 539 862 481
3643 4 2 1 1 494 808 676 870
3644 4 2 1 1 520 768 804 841
3645 4 2 1 1 538 802 762 901
3646 4 2 1 1 346 551 348 616
3647 4 2 1 1 444 585 322 674
3648 4 2 1 1 416 415 339 786
3649 4 2 1 1 76 77 343 805
3650 4 2 1 1 528 833 609 843
3651 4 2 1 1 328 329 446 570
3652 4 2 1 1 119 916 83 906
3653 4 2 1 1 442 414 390 752
3654 4 2 1 1 573 750 508 853
3655 4 2 1 1 492 875 688 556
3656 4 2 1 1 392 393 372 885
3657 4 2 1 1 577 862 747 896
3658 4 2 1 1 520 804 784 840
3659 4 2 1 1 53 127 54 847
3660 4 2 1 1 394 381 761 898
3661 4 2 1 1 510 865 812 877
3662 4 2 1 1 343 928 522 805
3663 4 2 1 1 240 701 239 833
3664 4 2 1 1 129 649 47 836
3665 4 2 1 1 456 593 691 848
3666 4 2 1 1 229 835 758 836
3667 4 2 1 1 249 223 260 674
3668 4 2 1 1 148 165 129 895
3669 4 2 1 1 901 689 354 397
3670 4 2 1 1 939 552 205 731
3671 4 2 1 1 425 339 337 799
3672 4 2 1 1 213 884 176 202
3673 4 2 1 1 335 440 334 723
3674 4 2 1 1 944 585 135 834
3675 4 2 1 1 401 338 318 725
3676 4 2 1 1 194 207 552 812
3677 4 2 1 1 603 907 798 920
3678 4 2 1 1 581 846 708 914
3679 4 2 1 1 546 874 743 515
3680 4 2 1 1 439 885 393 828
3681 4 2 1 1 119 508 99 93
3682 4 2 1 1 92 100 95 667
3683 4 2 1 1 332 386 435 730
3684 4 2 1 1 395 359 364 773
3685 4 2 1 1 54 127 153 847
3686 4 2 1 1 685 873 684 880
3687 4 2 1 1 578 498 688 890
3688 4 2 1 1 151 716 137 717
3689 4 2 1 1 193 812 615 866
3690 4 2 1 1 209 173 208 854
3691 4 2 1 1 148 140 139 895
3692 4 2 1 1 690 885 426 634
3693 4 2 1 1 345 725 401 318
3694 4 2 1 1 111 89 99 661
3695 4 2 1 1 89 111 19 661
3696 4 2 1 1 573 698 458 734
3697 4 2 1 1 772 782 551 785
3698 4 2 1 1 510 811 754 919
3699 4 2 1 1 502 878 721 909
3700 4 2 1 1 688 701 590 556
3701 4 2 1 1 532 680 647 886
3702 4 2 1 1 276 284 275 747
3703 4 2 1 1 284 279 294 583
3704 4 2 1 1 459 643 727 914
3705 4 2 1 1 46 964 836 243
3706 4 2 1 1 471 749 564 821
3707 4 2 1 1 137 136 138 595
3708 4 2 1 1 383 640 380 898
3709 4 2 1 1 79 319 829 894
3710 4 2 1 1 433 318 338 605
3711 4 2 1 1 425 947 337 433
3712 4 2 1 1 579 816 687 880
3713 4 2 1 1 316 420 334 783
3714 4 2 1 1 836 159 46 166
3715 4 2 1 1 484 827 795 517
3716 4 2 1 1 690 426 885 372
3717 4 2 1 1 573 734 458 853
3718 4 2 1 1 687 816 545 880
3719 4 2 1 1 912 767 549 642
3720 4 2 1 1 165 518 139 888
3721 4 2 1 1 277 274 283 790
3722 4 2 1 1 260 80 249 940
3723 4 2 1 1 473 835 649 836
3724 4 2 1 1 323 346 378 616
3725 4 2 1 1 523 766 704 819
3726 4 2 1 1 111 941 19 661
3727 4 2 1 1 508 654 645 853
3728 4 2 1 1 234 236 233 665
3729 4 2 1 1 592 653 539 903
3730 4 2 1 1 221 77 258 805
3731 4 2 1 1 498 654 769 906
3732 4 2 1 1 596 848 691 862
3733 4 2 1 1 254 701 253 769
3734 4 2 1 1 319 78 79 829
3735 4 2 1 1 65 314 66 799
3736 4 2 1 1 233 591 232 665
3737 4 2 1 1 607 868 812 877
3738 4 2 1 1 327 317 423 871
3739 4 2 1 1 484 797 529 638
3740 4 2 1 1 514 465 744 883
3741 4 2 1 1 149 895 778 143
3742 4 2 1 1 138 139 140 719
3743 4 2 1 1 552 812 865 877
3744 4 2 1 1 314 436 66 499
3745 4 2 1 1 905 374 376 412
3746 4 2 1 1 144 172 156 902
3747 4 2 1 1 149 895 143 148
3748 4 2 1 1 651 515 728 588
3749 4 2 1 1 165 518 888 649
3750 4 2 1 1 939 422 318 731
3751 4 2 1 1 484 809 827 517
3752 4 2 1 1 886 820 647 638
3753 4 2 1 1 418 570 715 716
3754 4 2 1 1 386 382 341 705
3755 4 2 1 1 596 464 862 481
3756 4 2 1 1 942 731 112 879
3757 4 2 1 1 394 381 387 761
3758 4 2 1 1 165 145 150 888
3759 4 2 1 1 220 243 47 836
3760 4 2 1 1 175 193 615 866
3761 4 2 1 1 201 209 826 854
3762 4 2 1 1 103 97 116 816
3763 4 2 1 1 532 729 694 818
3764 4 2 1 1 939 971 731 217
3765 4 2 1 1 189 812 510 865
3766 4 2 1 1 87 32 125 687
3767 4 2 1 1 487 832 825 917
3768 4 2 1 1 445 723 334 881
3769 4 2 1 1 408 383 401 725
3770 4 2 1 1 180 207 198 682
3771 4 2 1 1 736 912 656 642
3772 4 2 1 1 36 37 152 792
3773 4 2 1 1 165 518 649 895
3774 4 2 1 1 436 325 66 871
3775 4 2 1 1 153 925 54 847
3776 4 2 1 1 425 600 416 786
3777 4 2 1 1 193 194 175 615
3778 4 2 1 1 41 938 128 716
3779 4 2 1 1 687 308 270 32
3780 4 2 1 1 184 182 183 680
3781 4 2 1 1 150 129 165 649
3782 4 2 1 1 357 397 361 901
3783 4 2 1 1 728 515 651 487
3784 4 2 1 1 314 499 66 799
3785 4 2 1 1 137 146 147 537
3786 4 2 1 1 418 657 312 716
3787 4 2 1 1 208 198 207 865
3788 4 2 1 1 939 205 217 731
3789 4 2 1 1 458 750 573 853
3790 4 2 1 1 339 786 314 799
3791 4 2 1 1 479 594 897 902
3792 4 2 1 1 124 931 14 86
3793 4 2 1 1 294 282 310 583
3794 4 2 1 1 948 214 777 968
3795 4 2 1 1 769 654 525 906
3796 4 2 1 1 649 473 836 895
3797 4 2 1 1 91 101 718 863
3798 4 2 1 1 659 660 486 681
3799 4 2 1 1 609 701 493 833
3800 4 2 1 1 942 422 345 15
3801 4 2 1 1 575 838 557 872
3802 4 2 1 1 701 833 609 556
3803 4 2 1 1 886 820 638 479
3804 4 2 1 1 939 63 217 205
3805 4 2 1 1 273 267 54 847
3806 4 2 1 1 525 783 661 881
3807 4 2 1 1 95 100 110 838
3808 4 2 1 1 257 239 231 668
3809 4 2 1 1 926 216 178 62
3810 4 2 1 1 124 931 86 731
3811 4 2 1 1 929 306 855 269
3812 4 2 1 1 553 902 537 764
3813 4 2 1 1 133 171 959 855
3814 4 2 1 1 719 766 518 819
3815 4 2 1 1 186 184 187 754
3816 4 2 1 1 262 225 929 855
3817 4 2 1 1 244 254 253 769
3818 4 2 1 1 623 645 508 654
3819 4 2 1 1 435 386 311 821
3820 4 2 1 1 812 868 510 877
3821 4 2 1 1 82 91 90 749
3822 4 2 1 1 926 216 62 958
3823 4 2 1 1 940 421 80 315
3824 4 2 1 1 404 347 418 715
3825 4 2 1 1 157 168 131 674
3826 4 2 1 1 231 230 228 835
3827 4 2 1 1 825 832 574 917
3828 4 2 1 1 414 326 436 752
3829 4 2 1 1 537 902 553 146
3830 4 2 1 1 596 527 848 862
3831 4 2 1 1 203 214 177 777
3832 4 2 1 1 126 84 109 854
3833 4 2 1 1 251 258 76 805
3834 4 2 1 1 510 754 753 919
3835 4 2 1 1 964 262 855 250
3836 4 2 1 1 905 376 374 703
3837 4 2 1 1 209 826 854 856
3838 4 2 1 1 110 98 95 838
3839 4 2 1 1 440 723 335 905
3840 4 2 1 1 959 306 295 855
3841 4 2 1 1 206 57 215 933
3842 4 2 1 1 443 316 333 661
3843 4 2 1 1 330 406 405 743
3844 4 2 1 1 82 749 89 821
3845 4 2 1 1 100 101 121 718
3846 4 2 1 1 182 181 174 792
3847 4 2 1 1 228 241 231 669
3848 4 2 1 1 242 79 829 894
3849 4 2 1 1 122 953 85 26
3850 4 2 1 1 123 622 27 114
3851 4 2 1 1 18 19 331 821
3852 4 2 1 1 438 405 406 743
3853 4 2 1 1 112 942 15 124
3854 4 2 1 1 323 378 430 732
3855 4 2 1 1 229 649 220 228
3856 4 2 1 1 412 335 432 905
3857 4 2 1 1 342 323 444 585
3858 4 2 1 1 964 171 159 855
3859 4 2 1 1 331 19 661 821
3860 4 2 1 1 172 594 902 144
3861 4 2 1 1 106 121 101 682
3862 4 2 1 1 383 408 380 640
3863 4 2 1 1 355 365 402 800
3864 4 2 1 1 264 246 222 748
3865 4 2 1 1 410 321 439 828
3866 4 2 1 1 687 261 252 69
3867 4 2 1 1 237 233 248 849
3868 4 2 1 1 423 406 327 832
3869 4 2 1 1 369 382 384 780
3870 4 2 1 1 420 445 334 783
3871 4 2 1 1 933 307 272 57
3872 4 2 1 1 953 263 224 26
3873 4 2 1 1 935 168 131 50
3874 4 2 1 1 532 774 729 818
3875 4 2 1 1 189 207 812 865
3876 4 2 1 1 502 756 653 909
3877 4 2 1 1 404 418 329 715
3878 4 2 1 1 323 431 322 587
3879 4 2 1 1 948 214 968 68
3880 4 2 1 1 943 251 76 805
3881 4 2 1 1 112 101 105 879
3882 4 2 1 1 208 510 189 188
3883 4 2 1 1 915 761 480 652
3884 4 2 1 1 778 836 473 895
3885 4 2 1 1 239 257 221 714
3886 4 2 1 1 160 33 932 169
3887 4 2 1 1 175 211 866 499
3888 4 2 1 1 157 944 135 43
3889 4 2 1 1 929 306 269 74
3890 4 2 1 1 535 653 592 903
3891 4 2 1 1 409 336 440 737
3892 4 2 1 1 74 262 225 929
3893 4 2 1 1 228 227 241 669
3894 4 2 1 1 444 323 322 585
3895 4 2 1 1 208 510 188 856
3896 4 2 1 1 128 136 137 595
3897 4 2 1 1 158 945 40 151
3898 4 2 1 1 331 730 435 821
3899 4 2 1 1 479 779 672 897
3900 4 2 1 1 934 214 177 38
3901 4 2 1 1 316 443 331 661
3902 4 2 1 1 959 133 56 171
3903 4 2 1 1 622 123 9 88
3904 4 2 1 1 622 215 179 9
3905 4 2 1 1 936 169 51 134
3906 4 2 1 1 38 132 934 170
3907 4 2 1 1 334 333 316 661
3908 4 2 1 1 615 866 774 499
3909 4 2 1 1 266 304 287 748
3910 4 2 1 1 500 910 726 911
3911 4 2 1 1 17 437 946 930
3912 4 2 1 1 315 322 321 894
3913 4 2 1 1 136 139 138 719
3914 4 2 1 1 687 261 69 970
3915 4 2 1 1 209 210 201 826
3916 4 2 1 1 144 156 141 902
3917 4 2 1 1 932 958 771 169
3918 4 2 1 1 312 346 342 657
3919 4 2 1 1 943 263 783 960
3920 4 2 1 1 943 263 960 75
3921 4 2 1 1 67 196 66 871
3922 4 2 1 1 240 235 239 701
3923 4 2 1 1 351 350 349 772
3924 4 2 1 1 199 192 178 831
3925 4 2 1 1 41 42 938 312
3926 4 2 1 1 143 149 161 778
3927 4 2 1 1 82 89 749 90
3928 4 2 1 1 182 184 185 680
3929 4 2 1 1 413 370 403 913
3930 4 2 1 1 553 764 897 902
3931 4 2 1 1 42 944 135 834
3932 4 2 1 1 282 280 302 775
3933 4 2 1 1 41 312 938 716
3934 4 2 1 1 157 944 43 961
3935 4 2 1 1 391 390 389 858
3936 4 2 1 1 630 653 756 909
3937 4 2 1 1 672 764 479 897
3938 4 2 1 1 267 275 290 899
3939 4 2 1 1 190 187 202 884
3940 4 2 1 1 362 359 360 900
3941 4 2 1 1 641 808 483 911
3942 4 2 1 1 139 165 148 895
3943 4 2 1 1 935 168 50 962
3944 4 2 1 1 134 169 160 771
3945 4 2 1 1 378 370 413 913
3946 4 2 1 1 375 374 376 703
3947 4 2 1 1 176 59 922 60
3948 4 2 1 1 963 970 687 125
3949 4 2 1 1 193 811 812 866
3950 4 2 1 1 408 340 437 559
3951 4 2 1 1 676 540 494 870
3952 4 2 1 1 479 638 672 779
3953 4 2 1 1 151 128 137 716
3954 4 2 1 1 936 169 134 771
3955 4 2 1 1 964 262 250 45
3956 4 2 1 1 961 168 674 962
3957 4 2 1 1 201 173 209 854
3958 4 2 1 1 166 149 129 836
3959 4 2 1 1 113 125 21 963
3960 4 2 1 1 941 122 783 111
3961 4 2 1 1 379 369 362 801
3962 4 2 1 1 380 363 381 915
3963 4 2 1 1 432 335 343 805
3964 4 2 1 1 158 945 151 717
3965 4 2 1 1 406 429 327 832
3966 4 2 1 1 91 105 101 863
3967 4 2 1 1 76 258 77 805
3968 4 2 1 1 479 672 638 886
3969 4 2 1 1 119 525 99 508
3970 4 2 1 1 188 186 187 754
3971 4 2 1 1 106 101 86 682
3972 4 2 1 1 94 508 93 667
3973 4 2 1 1 961 168 962 44
3974 4 2 1 1 233 232 234 665
3975 4 2 1 1 344 312 41 716
3976 4 2 1 1 236 234 255 890
3977 4 2 1 1 383 380 381 898
3978 4 2 1 1 775 504 577 873
3979 4 2 1 1 159 964 45 171
3980 4 2 1 1 249 242 241 894
3981 4 2 1 1 211 574 195 532
3982 4 2 1 1 190 210 209 826
3983 4 2 1 1 221 240 239 833
3984 4 2 1 1 656 749 623 882
3985 4 2 1 1 923 71 222 72
3986 4 2 1 1 194 189 207 812
3987 4 2 1 1 942 112 16 879
3988 4 2 1 1 296 271 309 771
3989 4 2 1 1 153 127 162 847
3990 4 2 1 1 204 216 178 771
3991 4 2 1 1 155 163 127 899
3992 4 2 1 1 401 340 408 879
3993 4 2 1 1 867 868 607 877
3994 4 2 1 1 674 813 587 894
3995 4 2 1 1 948 214 68 203
3996 4 2 1 1 193 811 189 812
3997 4 2 1 1 348 350 370 782
3998 4 2 1 1 941 122 111 20
3999 4 2 1 1 938 342 312 42
4000 4 2 1 1 341 437 386 705
4001 4 2 1 1 65 66 175 799
4002 4 2 1 1 930 82 18 821
4003 4 2 1 1 76 343 445 805
4004 4 2 1 1 510 812 811 868
4005 4 2 1 1 42 135 128 834
4006 4 2 1 1 158 132 170 777
4007 4 2 1 1 251 769 253 493
4008 4 2 1 1 425 947 433 605
4009 4 2 1 1 332 417 385 730
4010 4 2 1 1 315 674 322 894
4011 4 2 1 1 258 251 240 805
4012 4 2 1 1 924 36 35 130
4013 4 2 1 1 238 229 237 758
4014 4 2 1 1 146 156 167 902
4015 4 2 1 1 541 540 676 870
4016 4 2 1 1 347 312 418 657
4017 4 2 1 1 234 254 255 890
4018 4 2 1 1 931 124 971 731
4019 4 2 1 1 41 42 128 938
4020 4 2 1 1 319 321 829 894
4021 4 2 1 1 81 29 30 921
4022 4 2 1 1 435 331 417 730
4023 4 2 1 1 47 48 649 129
4024 4 2 1 1 320 664 434 829
4025 4 2 1 1 30 31 107 965
4026 4 2 1 1 152 167 130 792
4027 4 2 1 1 64 433 947 939
4028 4 2 1 1 175 211 193 866
4029 4 2 1 1 294 279 282 583
4030 4 2 1 1 141 156 146 902
4031 4 2 1 1 423 438 406 671
4032 4 2 1 1 128 151 41 716
4033 4 2 1 1 849 758 259 237
4034 4 2 1 1 412 374 409 905
4035 4 2 1 1 100 91 101 718
4036 4 2 1 1 729 825 574 917
4037 4 2 1 1 423 326 438 671
4038 4 2 1 1 343 335 445 805
4039 4 2 1 1 926 178 61 62
4040 4 2 1 1 221 77 928 78
4041 4 2 1 1 931 13 14 86
4042 4 2 1 1 939 63 205 64
4043 4 2 1 1 253 235 240 701
4044 4 2 1 1 948 214 203 777
4045 4 2 1 1 124 86 112 731
4046 4 2 1 1 18 89 19 821
4047 4 2 1 1 31 32 87 687
4048 4 2 1 1 84 12 11 854
4049 4 2 1 1 170 957 777 968
4050 4 2 1 1 105 91 82 863
4051 4 2 1 1 274 267 273 847
4052 4 2 1 1 882 91 90 92
4053 4 2 1 1 394 400 381 898
4054 4 2 1 1 151 945 41 716
4055 4 2 1 1 189 193 186 811
4056 4 2 1 1 170 957 968 39
4057 4 2 1 1 151 137 147 717
4058 4 2 1 1 328 429 329 570
4059 4 2 1 1 938 342 42 834
4060 4 2 1 1 277 278 276 896
4061 4 2 1 1 954 9 10 88
4062 4 2 1 1 436 326 423 871
4063 4 2 1 1 229 243 220 836
4064 4 2 1 1 339 414 314 786
4065 4 2 1 1 225 74 929 73
4066 4 2 1 1 933 206 57 58
4067 4 2 1 1 228 230 229 835
4068 4 2 1 1 25 26 85 953
4069 4 2 1 1 185 811 193 866
4070 4 2 1 1 249 940 79 894
4071 4 2 1 1 83 23 24 956
4072 4 2 1 1 479 897 764 902
4073 4 2 1 1 102 94 97 750
4074 4 2 1 1 312 657 938 716
4075 4 2 1 1 11 10 109 954
4076 4 2 1 1 18 331 435 821
4077 4 2 1 1 943 263 75 251
4078 4 2 1 1 345 318 422 731
4079 4 2 1 1 247 23 22 937
4080 4 2 1 1 937 247 23 219
4081 4 2 1 1 937 226 22 247
4082 4 2 1 1 579 937 219 247
4083 4 2 1 1 199 213 192 831
4084 4 2 1 1 158 151 147 717
4085 4 2 1 1 14 971 124 1
4086 4 2 1 1 415 414 339 786
4087 4 2 1 1 58 200 59 952
4088 4 2 1 1 323 430 431 732
4089 4 2 1 1 221 257 242 714
4090 4 2 1 1 159 171 133 855
4091 4 2 1 1 943 263 251 783
4092 4 2 1 1 83 102 103 916
4093 4 2 1 1 326 414 442 752
4094 4 2 1 1 113 21 22 963
4095 4 2 1 1 925 54 55 153
4096 4 2 1 1 930 17 18 82
4097 4 2 1 1 16 105 946 879
4098 4 2 1 1 892 380 379 424
4099 4 2 1 1 252 69 70 687
4100 4 2 1 1 380 408 424 892
4101 4 2 1 1 190 202 218 884
4102 4 2 1 1 882 90 91 749
4103 4 2 1 1 380 379 363 915
4104 4 2 1 1 24 25 104 927
4105 4 2 1 1 345 16 340 879
4106 4 2 1 1 440 335 409 905
4107 4 2 1 1 242 249 79 894
4108 4 2 1 1 16 112 105 879
4109 4 2 1 1 194 212 175 799
4110 4 2 1 1 937 963 113 22
4111 4 2 1 1 320 410 393 828
4112 4 2 1 1 37 38 132 934
4113 4 2 1 1 296 51 52 936
4114 4 2 1 1 936 296 51 309
4115 4 2 1 1 849 259 758 627
4116 4 2 1 1 510 868 811 919
4117 4 2 1 1 344 418 312 716
4118 4 2 1 1 65 175 212 799
4119 4 2 1 1 196 948 203 574
4120 4 2 1 1 79 249 80 940
4121 4 2 1 1 145 139 136 888
4122 4 2 1 1 237 230 233 849
4123 4 2 1 1 61 199 950 60
4124 4 2 1 1 55 959 133 56
4125 4 2 1 1 73 245 72 949
4126 4 2 1 1 442 390 391 858
4127 4 2 1 1 622 28 27 114
4128 4 2 1 1 79 315 319 894
4129 4 2 1 1 936 51 52 134
4130 4 2 1 1 942 15 16 112
4131 4 2 1 1 76 75 251 943
4132 4 2 1 1 193 185 186 811
4133 4 2 1 1 263 224 251 783
4134 4 2 1 1 941 19 20 111
4135 4 2 1 1 131 50 49 935
4136 4 2 1 1 434 320 411 664
4137 4 2 1 1 423 317 325 871
4138 4 2 1 1 225 262 250 855
4139 4 2 1 1 34 33 932 160
4140 4 2 1 1 105 17 16 946
4141 4 2 1 1 68 203 67 948
4142 4 2 1 1 209 208 188 856
4143 4 2 1 1 45 46 964 159
4144 4 2 1 1 311 18 435 821
4145 4 2 1 1 193 189 194 812
4146 4 2 1 1 180 217 205 731
4147 4 2 1 1 52 53 899 155
4148 4 2 1 1 296 309 936 771
4149 4 2 1 1 80 962 7 421
4150 4 2 1 1 955 48 49 150
4151 4 2 1 1 936 899 52 296
4152 4 2 1 1 295 306 269 855
4153 4 2 1 1 35 34 969 154
4154 4 2 1 1 944 43 42 135
4155 4 2 1 1 108 28 29 951
4156 4 2 1 1 151 40 41 945
4157 4 2 1 1 411 313 434 664
4158 4 2 1 1 338 401 383 725
4159 4 2 1 1 435 417 332 730
4160 4 2 1 1 871 67 317 325
4161 4 2 1 1 89 18 82 821
4162 4 2 1 1 958 33 6 169
4163 4 2 1 1 2 27 123 966
4164 4 2 1 1 123 9 2 966
4165 4 2 1 1 966 215 2 57
4166 4 2 1 1 958 62 6 216
4167 4 2 1 1 958 6 51 169
4168 4 2 1 1 56 967 8 306
4169 4 2 1 1 52 899 936 155
4170 4 2 1 1 8 967 262 74
4171 4 2 1 1 20 960 3 420
4172 4 2 1 1 935 50 49 223
4173 4 2 1 1 961 168 44 157
4174 4 2 1 1 1 15 971 124
4175 4 2 1 1 170 957 39 158
4176 4 2 1 1 170 957 158 777
4177 4 2 1 1 14 971 1 217
4178 4 2 1 1 444 322 421 674
4179 4 2 1 1 207 189 208 865
4180 4 2 1 1 947 65 212 799
4181 4 2 1 1 961 168 157 674
4182 4 2 1 1 211 175 196 499
4183 4 2 1 1 170 5 39 968
4184 4 2 1 1 44 43 961 157
4185 4 2 1 1 158 39 40 957
4186 4 2 1 1 960 263 3 75
4187 4 2 1 1 322 315 421 674
4188 4 2 1 1 319 315 321 894
4189 4 2 1 1 419 328 446 777
4190 4 2 1 1 68 5 214 968
4191 4 2 1 1 337 339 314 799
4192 4 2 1 1 337 314 65 799
4193 4 2 1 1 970 21 4 125
4194 4 2 1 1 45 8 171 967
4195 4 2 1 1 4 69 261 970
4196 4 2 1 1 971 63 1 217
4197 4 2 1 1 168 44 7 962
4198 4 2 1 1 410 320 434 829
4199 4 2 1 1 312 347 346 657
4200 4 2 1 1 410 439 393 828
4201 4 2 1 1 321 410 319 829
4202 4 2 1 1 937 23 22 120
4203 4 2 1 1 341 424 408 892
4204 4 2 1 1 135 136 128 834
4205 4 2 1 1 328 419 317 777
4206 4 2 1 1 211 185 193 866
4207 4 2 1 1 47 46 166 836
4208 4 2 1 1 748 246 71 70
4209 4 2 1 1 935 260 50 223
4210 4 2 1 1 947 65 64 212
4211 4 2 1 1 412 409 335 905
4212 4 2 1 1 400 383 381 898
4213 4 2 1 1 962 50 7 168
4214 4 2 1 1 960 3 26 122
4215 4 2 1 1 145 165 139 888
4216 4 2 1 1 5 38 968 170
4217 4 2 1 1 338 425 433 605
4218 4 2 1 1 345 340 401 879
4219 4 2 1 1 436 423 325 871
4220 4 2 1 1 434 319 410 829
4221 4 2 1 1 749 525 99 471
4222 4 2 1 1 749 99 508 93
4223 4 2 1 1 851 611 742 468
4224 4 2 1 1 851 742 611 511
4225 4 2 1 1 241 668 231 669
4226 4 2 1 1 467 509 635 781
4227 4 2 1 1 850 733 734 506
4228 4 2 1 1 850 734 733 501
4229 4 2 1 1 706 781 509 695
4230 4 2 1 1 509 781 706 635
4231 4 2 1 1 772 353 874 351
4232 4 2 1 1 772 874 353 689
4233 4 2 1 1 361 900 387 360
4234 4 2 1 1 730 333 447 524
4235 4 2 1 1 730 447 333 417
4236 4 2 1 1 761 361 900 387
4237 4 2 1 1 802 900 361 901
4238 4 2 1 1 768 650 822 465
4239 4 2 1 1 768 822 650 543
4240 4 2 1 1 353 612 352 772
4241 4 2 1 1 353 612 772 689
4242 4 2 1 1 357 361 900 901
4243 4 2 1 1 357 900 361 360
4244 4 2 1 1 213 554 884 191
4245 4 2 1 1 213 554 191 192
4246 4 2 1 1 795 670 827 484
4247 4 2 1 1 795 827 670 521
4248 4 2 1 1 637 496 803 565
4249 4 2 1 1 955 131 150 49
4250 4 2 1 1 283 925 855 562
4251 4 2 1 1 790 925 283 562
4252 4 2 1 1 164 969 160 154
4253 4 2 1 1 164 969 154 709
4254 4 2 1 1 896 303 790 277
4255 4 2 1 1 896 790 303 627
4256 4 2 1 1 745 757 767 601
4257 4 2 1 1 767 757 745 597
4258 4 2 1 1 463 762 629 538
4259 4 2 1 1 241 668 257 231
4260 4 2 1 1 813 223 507 669
4261 4 2 1 1 813 507 223 674
4262 4 2 1 1 742 806 468 710
4263 4 2 1 1 924 197 174 709
4264 4 2 1 1 833 556 239 528
4265 4 2 1 1 239 556 833 701
4266 4 2 1 1 902 537 792 167
4267 4 2 1 1 902 792 537 764
4268 4 2 1 1 969 160 154 34
4269 4 2 1 1 515 567 893 759
4270 4 2 1 1 407 807 737 373
4271 4 2 1 1 737 807 407 696
4272 4 2 1 1 528 494 668 808
4273 4 2 1 1 528 494 808 678
4274 4 2 1 1 118 575 96 98
4275 4 2 1 1 118 575 98 720
4276 4 2 1 1 778 159 836 149
4277 4 2 1 1 778 836 159 562
4278 4 2 1 1 880 289 300 301
4279 4 2 1 1 880 289 301 545
4280 4 2 1 1 880 281 301 300
4281 4 2 1 1 924 154 709 130
4282 4 2 1 1 737 427 447 633
4283 4 2 1 1 737 447 427 336
4284 4 2 1 1 885 366 372 392
4285 4 2 1 1 885 372 366 690
4286 4 2 1 1 638 673 460 519
4287 4 2 1 1 638 460 673 529
4288 4 2 1 1 387 900 363 360
4289 4 2 1 1 172 594 144 164
4290 4 2 1 1 918 492 678 700
4291 4 2 1 1 918 678 492 628
4292 4 2 1 1 915 480 898 640
$EndElements
