$MeshFormat
2.2 0 8
$EndMeshFormat
$PhysicalNames
1
3 1 "tissue"
$EndPhysicalNames
$Nodes
725
1 0 0 0.08
2 0 0 0
3 0 0.08 0.08
4 0 0.08 0
5 0.08 0 0.08
6 0.08 0 0
7 0.08 0.08 0.08
8 0.08 0.08 0
9 0 0 0.01599999999999999
10 0 0 0.03199999999999999
11 0 0 0.048
12 0 0 0.064
13 0 0.01351965844832499 0.08
14 0 0.02703931689664999 0.08
15 0 0.03999999999999999 0.08
16 0 0.05296068310335 0.08
17 0 0.066480341551675 0.08
18 0 0.08 0.01599999999999999
19 0 0.08 0.03199999999999999
20 0 0.08 0.048
21 0 0.08 0.064
22 0 0.01599999999999999 0
23 0 0.03199999999999999 0
24 0 0.048 0
25 0 0.064 0
26 0.08 0 0.01599999999999999
27 0.08 0 0.03199999999999999
28 0.08 0 0.048
29 0.08 0 0.064
30 0.08 0.01351965844832499 0.08
31 0.08 0.02703931689664999 0.08
32 0.08 0.03999999999999999 0.08
33 0.08 0.05296068310335 0.08
34 0.08 0.066480341551675 0.08
35 0.08 0.08 0.01599999999999999
36 0.08 0.08 0.03199999999999999
37 0.08 0.08 0.048
38 0.08 0.08 0.064
39 0.08 0.01599999999999999 0
40 0.08 0.03199999999999999 0
41 0.08 0.048 0
42 0.08 0.064 0
43 0.01599999999999999 0 0
44 0.03199999999999999 0 0
45 0.048 0 0
46 0.064 0 0
47 0.01351965844832499 0 0.08
48 0.02703931689664999 0 0.08
49 0.03999999999999999 0 0.08
50 0.05296068310335 0 0.08
51 0.066480341551675 0 0.08
52 0.01599999999999999 0.08 0
53 0.03199999999999999 0.08 0
54 0.048 0.08 0
55 0.064 0.08 0
56 0.01351965844832499 0.08 0.08
57 0.02703931689664999 0.08 0.08
58 0.03999999999999999 0.08 0.08
59 0.05296068310335 0.08 0.08
60 0.066480341551675 0.08 0.08
61 0 0.04077602485889423 0.01317202806656181
62 0 0.03367440952224929 0.06870085612884068
63 0 0.06700373342198447 0.04067092496183707
64 0 0.01378090735784977 0.0401307682818044
65 0 0.05979196388353135 0.06920668337772158
66 0 0.01364942184567284 0.05716287403545706
67 0 0.02749327875316016 0.04735145050150883
68 0 0.026150494415062 0.03182457953933
69 0 0.04118576647930981 0.03857863253508582
70 0 0.02488764216252727 0.01480777659271964
71 0 0.05598524052883558 0.01355384698412469
72 0 0.04062149255356302 0.05564468231242582
73 0 0.02027592528019461 0.06954312053858988
74 0 0.06488358318281789 0.02522657747910097
75 0 0.01275530947609018 0.02441265622249267
76 0 0.066689068043394 0.0573168077482594
77 0 0.046480341551675 0.06877571918209917
78 0 0.04906594757553837 0.02525144527930433
79 0 0.05388991057594412 0.04795380124554151
80 0 0.01171281292110204 0.01171281292110204
81 0 0.06828718707889797 0.01171281292110205
82 0 0.05501710893117044 0.03592846529745881
83 0 0.07059227469572008 0.0701046982251962
84 0 0.00948900111483849 0.0701411989148094
85 0 0.0271057656347223 0.05959899566447223
86 0 0.0534945553216215 0.0597795387732095
87 0 0.03665614915336545 0.02482424230128929
88 0.08 0.04077602485889423 0.01317202806656181
89 0.08 0.03367440952224929 0.06870085612884068
90 0.08 0.06700373342198447 0.04067092496183707
91 0.08 0.01378090735784977 0.0401307682818044
92 0.08 0.05979196388353135 0.06920668337772158
93 0.08 0.01364942184567284 0.05716287403545706
94 0.08 0.02749327875316016 0.04735145050150883
95 0.08 0.026150494415062 0.03182457953933
96 0.08 0.04118576647930981 0.03857863253508582
97 0.08 0.02488764216252727 0.01480777659271964
98 0.08 0.05598524052883558 0.01355384698412469
99 0.08 0.04062149255356302 0.05564468231242582
100 0.08 0.02027592528019461 0.06954312053858988
101 0.08 0.06488358318281789 0.02522657747910097
102 0.08 0.01275530947609018 0.02441265622249267
103 0.08 0.066689068043394 0.0573168077482594
104 0.08 0.046480341551675 0.06877571918209917
105 0.08 0.04906594757553837 0.02525144527930433
106 0.08 0.05388991057594412 0.04795380124554151
107 0.08 0.01171281292110204 0.01171281292110204
108 0.08 0.06828718707889797 0.01171281292110205
109 0.08 0.05501710893117044 0.03592846529745881
110 0.08 0.07059227469572008 0.0701046982251962
111 0.08 0.00948900111483849 0.0701411989148094
112 0.08 0.0271057656347223 0.05959899566447223
113 0.08 0.0534945553216215 0.0597795387732095
114 0.08 0.03665614915336545 0.02482424230128929
115 0.03935733584221577 0 0.01309591159709493
116 0.04632559047775069 0 0.06870085612884065
117 0.06621909264215023 0 0.0401307682818044
118 0.01307201681121811 0 0.04053977010404372
119 0.02020803611646863 0 0.06920668337772157
120 0.06635057815432714 0 0.05716287403545704
121 0.05250672124683983 0 0.0473514505015088
122 0.0538505540488735 0 0.0318238694995855
123 0.03881682062965833 0 0.03857767057847552
124 0.01523875552690971 0 0.02518609841972454
125 0.05512671497509093 0 0.01479950243479328
126 0.039378771437148 0 0.05564458415358801
127 0.05972407471980536 0 0.06954312053858989
128 0.06724725812416876 0 0.0244111588562142
129 0.02450014658100377 0 0.01293555721180936
130 0.01332175341849207 0 0.0572980713400032
131 0.03351965844832499 0 0.06877571918209917
132 0.03105929762383931 0 0.02512770745394276
133 0.02612524435368518 0 0.04792825610596964
134 0.06828718707889796 0 0.01171281292110206
135 0.01171281292110204 0 0.01171281292110204
136 0.02497515770446061 0 0.0358045328530673
137 0.009409889596657138 0 0.07010095094354495
138 0.07051099888516149 0 0.0701411989148094
139 0.0528942720782364 0 0.05959898164178109
140 0.02651069275482378 0 0.05977066283187632
141 0.04335014163024754 0 0.02481998206282232
142 0.04013076828180441 0.08 0.01378090735784977
143 0.03344095843594132 0.08 0.06870531684835038
144 0.06573808572962084 0.08 0.03834335025503281
145 0.01317202806656181 0.08 0.04077602485889423
146 0.05972051232751251 0.08 0.06853367575768041
147 0.05594014477140176 0.08 0.0135437670125174
148 0.05051110693561536 0.08 0.028884482865571
149 0.03235118894501442 0.08 0.02638236176713046
150 0.03944107916643933 0.08 0.0417564351914427
151 0.01486151224636091 0.08 0.02491130209641181
152 0.01347969495147218 0.08 0.05722497558421617
153 0.02031514407944414 0.08 0.06951912329400538
154 0.06674608741925597 0.08 0.02341406884237053
155 0.02450938039904696 0.08 0.01279789735708235
156 0.0661073253422232 0.08 0.05554171893126353
157 0.05088034695176759 0.08 0.05545829306611603
158 0.046480341551675 0.08 0.06877571918209917
159 0.02649511317697957 0.08 0.04800000000000001
160 0.05386778774057371 0.08 0.04324250049198983
161 0.0375282609508953 0.08 0.05625918120648038
162 0.06828718707889794 0.08 0.01171281292110206
163 0.01171281292110204 0.08 0.01171281292110204
164 0.009462899495848262 0.08 0.07014881977564431
165 0.07046163584428214 0.08 0.06961507893778879
166 0.0262518343189465 0.08 0.05994171938661046
167 0.02482424230128929 0.08 0.03665614915336546
168 0.03909320685930133 0.01309652896386057 0
169 0.03922656756041135 0.06697958750560631 0
170 0.06614359353944899 0.04 0
171 0.01068068236886871 0.04064415874760111 0
172 0.0664516472791067 0.05593220209150596 0
173 0.05364645674253694 0.04828480136405668 0
174 0.05382061093259831 0.03175207591828158 0
175 0.03843078061834695 0.04000000000000001 0
176 0.06643015906004043 0.02403767096538454 0
177 0.01504728032178098 0.05478120697349741 0
178 0.0240090861283817 0.01355057147814189 0
179 0.05470885718445721 0.06495197085389208 0
180 0.05485490894317942 0.01458702900347755 0
181 0.02446178426113079 0.06706953856151482 0
182 0.01396163196342916 0.02527120759457589 0
183 0.03083035832592378 0.02652978906417445 0
184 0.03111002465522777 0.05440775583749588 0
185 0.02541469572850578 0.04187292108097878 0
186 0.06828718707889796 0.01171281292110207 0
187 0.06828718707889794 0.06828718707889794 0
188 0.01171281292110206 0.06828718707889796 0
189 0.01171281292110204 0.01171281292110204 0
190 0.04334385084663455 0.02482424230128928 0
191 0.04335014163024758 0.05518001793717771 0
192 0.07035121498539017 0.04506744283595841 0.08
193 0.03180561663149063 0.01026376783256451 0.08
194 0.01005817108525316 0.0483511008617782 0.08
195 0.03374985415297024 0.06971803928957397 0.08
196 0.05722639089543605 0.01188180158241576 0.08
197 0.01138323279486362 0.02259246491774447 0.08
198 0.05814955875316864 0.07047427828371183 0.08
199 0.04819940768064454 0.07082776165371039 0.08
200 0.03962130326619054 0.06077682814234849 0.08
201 0.0533606846142515 0.05870001499642569 0.08
202 0.009714238145911781 0.03253075529226433 0.08
203 0.01941781939648718 0.04068959751303612 0.08
204 0.02087452210031129 0.02651733256912928 0.08
205 0.04776152930885156 0.01016692577641122 0.08
206 0.04011298834125647 0.02004367633463581 0.08
207 0.05436939185259468 0.02058392960929948 0.08
208 0.06942551749122319 0.05642948183540132 0.08
209 0.02155741909799136 0.009404723966795536 0.08
210 0.01894581861094681 0.07061920094708474 0.08
211 0.02701631885426894 0.05911575953833968 0.08
212 0.01025926909043627 0.05818710339892172 0.08
213 0.07158205476322838 0.03402855434644332 0.08
214 0.06032975565061208 0.04008579886758427 0.08
215 0.06917097599375575 0.02335229859679892 0.08
216 0.06150966162756666 0.02814375532565928 0.08
217 0.01726684909620021 0.05270350252855967 0.08
218 0.06073318553950841 0.05387135351608761 0.08
219 0.02673955755756953 0.01826548403617657 0.08
220 0.06132746880717859 0.02063021779096719 0.08
221 0.01790216930338503 0.04626792132848249 0.08
222 0.02361605424970473 0.04934427877806515 0.08
223 0.03374697021567643 0.01789050566608791 0.08
224 0.03159075929241031 0.02356682248477438 0.08
225 0.03617541450657524 0.02281297290293045 0.08
226 0.03544442019836249 0.02728102447096592 0.08
227 0.03088129453880686 0.02916526113169556 0.08
228 0.03487954644698082 0.03223819950700883 0.08
229 0.0394551183672027 0.03025069341614568 0.08
230 0.03889748756251908 0.03522354652521394 0.08
231 0.04347836941891575 0.03322475808482019 0.08
232 0.04292097787200229 0.03819480373662829 0.08
233 0.03833890949382566 0.04019806989948881 0.08
234 0.04236352822770789 0.04316480460160433 0.08
235 0.03778078007794255 0.04516678232324886 0.08
236 0.04694528988010752 0.04116286993938414 0.08
237 0.04180614307984255 0.04813382869086213 0.08
238 0.03375585797279132 0.04219953017375412 0.08
239 0.03722340562970156 0.05013564357070994 0.08
240 0.04403328976596375 0.0282528209224848 0.08
241 0.04805937256178111 0.03122403238683824 0.08
242 0.03029610485591921 0.03423694064000835 0.08
243 0.04140110743581012 0.05289624403485521 0.08
244 0.04585616571168318 0.05106642667024811 0.08
245 0.04564408125946932 0.0559175194449513 0.08
246 0.03720180317629388 0.05561789786350667 0.08
247 0.03264279482318869 0.05213767951328459 0.08
248 0.02604461376463744 0.03096682257783529 0.08
249 0.0258287266115381 0.03598988943713292 0.08
250 0.0214810320410914 0.03270145200885941 0.08
251 0.04844946600435394 0.02668071213913709 0.08
252 0.05264130285472276 0.02922347147513011 0.08
253 0.05206024534349308 0.0342245074843095 0.08
254 0.04442250129083831 0.02335416894957584 0.08
255 0.04982752305508172 0.05411094798053233 0.08
256 0.05041260590439044 0.0490989603607709 0.08
257 0.02682551372675621 0.02632522878258787 0.08
258 0.02975196635784209 0.03918132644884764 0.08
259 0.02504253596673895 0.04113396892999539 0.08
260 0.029400676845846 0.0440055615745111 0.08
261 0.03999783398678807 0.02526994334116253 0.08
262 0.03431997878164636 0.03721293553238694 0.08
263 0.04749853757256221 0.03619870168077547 0.08
264 0.0515223613989028 0.03916727898522719 0.08
265 0.05610871934221191 0.0371593156379781 0.08
266 0.05561081832620857 0.04214846229647824 0.08
267 0.05964381398752808 0.04509421288842469 0.08
268 0.03329786382995847 0.04714358110604863 0.08
269 0.05097891986358928 0.04413443466102179 0.08
270 0.05494762763503182 0.04698199299722673 0.08
271 0.05485822250426306 0.05245721875179417 0.08
272 0.04639377544455348 0.04612688748731523 0.08
273 0.06079644234829695 0.034896470205158 0.08
274 0.03208561180985434 0.05710653723811018 0.08
275 0.02878237043162469 0.04865079167353155 0.08
276 0.02789880737159388 0.0536803766431597 0.08
277 0.04514141054484493 0.01808307129349684 0.08
278 0.03976141917368665 0.01274132448386605 0.08
279 0.05658620804531042 0.03149409998776037 0.08
280 0.05650078554759601 0.02606250557779057 0.08
281 0.03556306911035319 0.05983901853210268 0.08
282 0.03167093842840976 0.06194904720970987 0.08
283 0.04052340918605231 0.06754374556677244 0.08
284 0.04517938512040868 0.06215998655987619 0.08
285 0.01253998339066699 0.04016644080229589 0.08
286 0.01714003945866104 0.03559000605985794 0.08
287 0.022101003368769 0.04457829917774328 0.08
288 0.06926385585742767 0.01189221212182611 0.08
289 0.04917895596239514 0.02197264446947569 0.08
290 0.05012028598353601 0.01683442554741799 0.08
291 0.02271474159704458 0.05480581469606576 0.08
292 0.0186091159288648 0.06072047618677179 0.08
293 0.0691588275773059 0.06901879309728257 0.08
294 0.010789722759765 0.01044620497736063 0.08
295 0.01022231034642881 0.06933452034740886 0.08
296 0.02317940490051177 0.02206710697979812 0.08
297 0.01611861290816783 0.02998640216957108 0.08
298 0.05189723534728582 0.06458173895276961 0.08
299 0.06089754766776859 0.06072865691290728 0.08
300 0.05730238712727057 0.05618294973356127 0.08
301 0.0491817818792994 0.05909404158691102 0.08
302 0.02617189381201842 0.06702042052858001 0.08
303 0.0638498714026398 0.04327706708233247 0.08
304 0.06373405322231353 0.04847114483799107 0.08
305 0.06519051916735508 0.03766673598170392 0.08
306 0.04180953605163451 0.05747369520910757 0.08
307 0.0522279804443325 0.02490465265416659 0.08
308 0.06564993078004057 0.03161756289115269 0.08
309 0.02186448476234226 0.03715203815763331 0.08
310 0.05878338057772899 0.04937518459830485 0.08
311 0.0365142788408587 0.0639023204505977 0.08
312 0.02578852817253667 0.04554258002676929 0.08
313 0.0190873098685021 0.0182155529078341 0.08
314 0.04029148405973917 0.03992150906878136 0.04158257892874064
315 0.02309282475784432 0.04337486436256303 0.05724676381988077
316 0.04916543199465646 0.02254106273273833 0.05793657776608143
317 0.05747664968393202 0.04855292359137116 0.05790459358124198
318 0.03757483669701429 0.05921114764607515 0.05923441760556736
319 0.04166933576207645 0.03854851627412901 0.06237190053745532
320 0.02827580421202314 0.02178713676430993 0.0595338097126387
321 0.02672955256044146 0.05447420390267273 0.03635168068434785
322 0.05543834400987446 0.03459389379371478 0.06838626503222579
323 0.03777487142853381 0.03105297505309502 0.0511840178154496
324 0.04776630110769865 0.05083834388617538 0.06618843733944108
325 0.03038724738068401 0.04843850507979022 0.06843671407695232
326 0.01301691600735228 0.03085769093610222 0.03826134408641591
327 0.05007145392510488 0.01713723938936493 0.03361670047003875
328 0.05993104524666729 0.03370084683591835 0.0406544174104654
329 0.06498003386189813 0.05831827220225626 0.03217016975482155
330 0.04034416245553986 0.02617214702572089 0.06651927393894866
331 0.04387549067291705 0.04864867793282977 0.05200651770195386
332 0.0287520209533234 0.03376388443306127 0.06510615346662497
333 0.01579140931317932 0.05973954604766822 0.05985982703787808
334 0.05104311005666931 0.03729798917327743 0.05594944262613367
335 0.05365151687213678 0.06379488650143757 0.05171057774086973
336 0.05505056405459571 0.03751153754590329 0.01836611830907256
337 0.05202653719725264 0.02500438266381147 0.07007868876365801
338 0.03221835503174951 0.04396133728816849 0.04830920910117844
339 0.02314481198277602 0.0443995811482352 0.06962276518906489
340 0.0585761981040582 0.04794366343460608 0.06899577805520063
341 0.06470391663439612 0.03394306807479283 0.05743152570752796
342 0.03048462883114571 0.05309275496421348 0.05578582034185123
343 0.0268798518559507 0.03245013517129765 0.0522891989742985
344 0.01594325598371217 0.03312618942258686 0.06318495103971064
345 0.01522785537840961 0.02330137958214216 0.04964325689071748
346 0.03896386305285472 0.02127813659960861 0.05781174513498568
347 0.03105466348932446 0.01851124541603804 0.04366253361778626
348 0.03528320802424387 0.01232987168068128 0.06895470198078277
349 0.0477698832275203 0.02915188955145186 0.04430360137408709
350 0.06302611323090097 0.01363430397204217 0.0464127572112308
351 0.03461346423614124 0.02689923319060045 0.03761105370692556
352 0.02805608379946933 0.03617845827547292 0.01706254432781197
353 0.03387850488630552 0.06040989869659982 0.06941564590171666
354 0.04654151865320089 0.00987958721196544 0.04750762884683498
355 0.0227085668540329 0.05283376486378177 0.06584345792279871
356 0.008704234027208747 0.04651729903467942 0.05918098239931682
357 0.05070672313720672 0.0673091243311523 0.06693006429229088
358 0.0431349143231821 0.06062686233763115 0.04426492017356867
359 0.04531567451756937 0.03467195876892276 0.07014173105274317
360 0.06581729341314865 0.01942363290090513 0.05985887742188434
361 0.05460730582706863 0.04600111948906607 0.04604923861593264
362 0.04051091695724211 0.04527522004372066 0.07059806254417358
363 0.02950289672555989 0.03423625239054803 0.04478215565119538
364 0.02386770335305452 0.04841613328030617 0.0447078724959069
365 0.07019645203199132 0.03731117685848576 0.06799590993336706
366 0.05170197025631552 0.04381187894764797 0.07183091098637237
367 0.0190739357116862 0.01731669157624408 0.01682226995894777
368 0.04655547135412772 0.05057257243150186 0.03967485367659949
369 0.04339780166346793 0.06414674094489047 0.01850353029064844
370 0.03355215959532969 0.04993545558141511 0.04103780958032922
371 0.04026896172585918 0.04826625981251315 0.06009536438437477
372 0.01969499057852701 0.03394390815844191 0.04793396466970742
373 0.03019344085247832 0.02493871695434493 0.07033971119101787
374 0.01127066949700853 0.01165974768326791 0.069958068335468
375 0.04606860049051827 0.03086165488899396 0.05818550744641152
376 0.05187218896855708 0.04132707471848961 0.06224374831459486
377 0.05859327246575276 0.05535744228504416 0.06484483449974719
378 0.0436981135484374 0.009977303501092594 0.06228551484450648
379 0.01988436225883587 0.05100536599640274 0.05549350704498936
380 0.03225305170039765 0.04231268084398537 0.06114615675953725
381 0.03744295282341212 0.0350956537599903 0.07074275767375034
382 0.04016635842711487 0.05617566331336598 0.07101020808248405
383 0.029229755762755 0.06378311357942565 0.05035113884216617
384 0.05088526046540465 0.05443946490805086 0.06100272757167571
385 0.04240574865142051 0.0389119478844319 0.04898866517261861
386 0.05041819321923631 0.03650555222555395 0.04210586782152706
387 0.01851312131303376 0.02988689845859278 0.07062080166416884
388 0.03505604865538129 0.03169650782298931 0.06178770389668614
389 0.06797471147283084 0.04673253478620322 0.0504295780809766
390 0.02535001667981544 0.05347703412072879 0.07350751155142016
391 0.03029231120525692 0.04276939714247848 0.07376055564266307
392 0.05172338590992407 0.05143815384077427 0.05318517225396741
393 0.0656740145759396 0.05751531124728775 0.05169396668724054
394 0.01049269761810252 0.05447540798994268 0.07062809934182672
395 0.02913862781029778 0.04285697201760051 0.03349047132222656
396 0.03949442459242156 0.04714968517790169 0.0334202674241559
397 0.05046361963498525 0.04383348664384413 0.03265481312657888
398 0.01293786336145068 0.05094990917566765 0.02683196240386983
399 0.05964106090439292 0.03919056886557719 0.0740486427570103
400 0.05794261523891497 0.05430210011018155 0.07430881886056588
401 0.05688589040850665 0.02668160783930865 0.0485672020755686
402 0.03240599490949552 0.007929178507012949 0.05828263039895778
403 0.02605296521504387 0.03973754569618776 0.05024937155231987
404 0.05232226696415111 0.03067749868185584 0.07349817943692483
405 0.06430516181358646 0.02702451620634002 0.0707792736006389
406 0.05905948812572993 0.0294470490465556 0.06146984086573623
407 0.04515719891888485 0.0284149672990208 0.07445952438519601
408 0.04207850038499247 0.02077952286884066 0.04456928315139633
409 0.03342202188491343 0.02275557788781712 0.05018332234244561
410 0.03839721984027759 0.05547739678901255 0.05185265274611098
411 0.04748736173496065 0.05737543311051901 0.05209408886586459
412 0.04390758861047349 0.06896734230471409 0.05235627918904975
413 0.04107534877635495 0.0705463786998262 0.06371007221113929
414 0.04375415993735992 0.01517790896400859 0.07267516526290323
415 0.05008961431272117 0.02759769236628228 0.06344099541206118
416 0.04031710858329474 0.03697176765705842 0.02692640383562436
417 0.02540457797666702 0.0372829205771219 0.07214158825619152
418 0.03635363608777969 0.02798134412984337 0.07366392429255682
419 0.02896333033772015 0.06181489992229409 0.05898462635541824
420 0.03660512591845454 0.03656139601704784 0.05749962282689973
421 0.02374877335181901 0.02932632145277902 0.06211044061615922
422 0.05893535872562423 0.04300656925091505 0.06301046486641389
423 0.07215095761513343 0.04497329413342306 0.06284219520949552
424 0.04721614479733331 0.02075668340689543 0.06601457876607894
425 0.03733510102952347 0.03394474458597734 0.04506598192148964
426 0.03240891711676946 0.04227368993929456 0.04089702643207592
427 0.03580914985840081 0.01956060493465054 0.07408720972367849
428 0.06508576597974029 0.04389082739044027 0.03323739097102005
429 0.0394442394690033 0.04548822800166293 0.04442302301117795
430 0.02946712850077032 0.0313183671204403 0.0746118627258352
431 0.05137222562816234 0.04461453063925994 0.05336234010025921
432 0.01314668488759347 0.03539907590523249 0.07317735452059947
433 0.0461350861913422 0.0273407006717616 0.05161023287594332
434 0.01119540664510966 0.0442102563439513 0.04462132824850892
435 0.05743545106343026 0.04038528226764406 0.05073551950799352
436 0.01535718661705034 0.01307964200356929 0.03698289218404061
437 0.04741480860023034 0.04902601676151431 0.07358538780849097
438 0.02593983824037818 0.02560872060581508 0.04825088863308105
439 0.02264431189397477 0.01660498958219616 0.05184191834972496
440 0.01807267864021933 0.03022976743659541 0.05541581348220052
441 0.04103619398144003 0.04255299380908418 0.05589678552639771
442 0.05476373165585484 0.04816396632849765 0.0637545484883018
443 0.03664938319877907 0.05385772193152738 0.06546024887497158
444 0.04532828795666036 0.05762917234998036 0.06643553303947998
445 0.04681817448510369 0.0599895509843876 0.07367644665201045
446 0.04129371919399945 0.06313594887840215 0.06931342634927343
447 0.04609631160189017 0.04420845026235878 0.04624419388836366
448 0.03096201009314956 0.05426785429982742 0.04832317842352509
449 0.02664302036912413 0.04618232860812425 0.06283474975145992
450 0.02288727336152906 0.03961098030315071 0.06375520267095261
451 0.0477061641745447 0.04791852438604707 0.05890571009275363
452 0.03262431165287392 0.05430038533875807 0.0733892285227304
453 0.02472602863281423 0.06219337663972507 0.06727710366705728
454 0.02823388753211901 0.07069026459459389 0.0676571357222522
455 0.0285524186234485 0.04634481519166614 0.05439924236051995
456 0.04030248006328683 0.03319790874785677 0.06562692001583857
457 0.04640520598511358 0.03530997603164455 0.06345425867253668
458 0.04269827199889802 0.03235246061706909 0.03879015342438615
459 0.05155286868812074 0.03200516177817703 0.03217194541830065
460 0.01807786322047692 0.04733475862319415 0.06331946576171127
461 0.01030486813759475 0.06701110913610647 0.0412407741391979
462 0.05116188331970631 0.0192091226712964 0.04842223601903294
463 0.05336501258134271 0.01623580556609171 0.0621134864872806
464 0.05187907654981995 0.01006488040156591 0.07027387588850148
465 0.0673134723174152 0.0538984139813539 0.07142212081070083
466 0.0443026902493628 0.02038463149375956 0.052736076660245
467 0.03558240322384681 0.02461303800768492 0.06206026673889708
468 0.03252890600401532 0.03527715998004672 0.0512292182136353
469 0.0571724550136657 0.03651634014877327 0.06097060745135225
470 0.04582701880426382 0.03996671660273914 0.07449872535257102
471 0.0442744785019459 0.04525960638917178 0.06469848663436435
472 0.03458001075639721 0.04727007261017106 0.07513495067441804
473 0.06575094642927475 0.02794988421254172 0.02716007338347843
474 0.04635815128738423 0.02475187065384002 0.01407312035654344
475 0.06830704394501554 0.02540105862094701 0.04573158644822847
476 0.03700728333407476 0.04882575082024329 0.05331938822588022
477 0.02368007036565414 0.0122814527126568 0.0647662473758485
478 0.03509023839115617 0.04294342809858302 0.0683482305709177
479 0.03421665517997478 0.02661215454299076 0.04527935382489716
480 0.02391329867348957 0.02490906939590945 0.04077931269227604
481 0.02579071561797986 0.02981006858590231 0.02937167789182145
482 0.04373444103982271 0.0373810046341542 0.05640463381184538
483 0.05369642551195361 0.04835458223489061 0.07559385914510867
484 0.04328259772257049 0.05401619852981286 0.05658450257800678
485 0.05255671506040338 0.03750244123718949 0.07465328377620224
486 0.02550849160415242 0.0463975820385326 0.07565363604418331
487 0.05311065341294545 0.02960506595760677 0.05637407109324472
488 0.02049988712529647 0.02273197538102373 0.06373491731469519
489 0.04075025365261838 0.02801700799844258 0.04483376976275279
490 0.05857870461442362 0.04805808538989802 0.05059736261480757
491 0.01178650727683622 0.06909709331092433 0.06998760240776571
492 0.0637710530372272 0.0495234215642091 0.06245979425602608
493 0.03152985240620964 0.02905599356152624 0.05692331248105811
494 0.02003274014048615 0.04331614101631503 0.05047580035630726
495 0.01574754488920808 0.04064527233100063 0.05660926366054412
496 0.009065150188898545 0.03416595611655501 0.05276679534069579
497 0.03842104568471041 0.015425056268339 0.05240603165080235
498 0.03936995525050448 0.019295711784558 0.06554165028092812
499 0.03486415945158924 0.01627823911739964 0.06049968287333534
500 0.03562877991345256 0.05902510538452721 0.03375017763472163
501 0.06324833185508349 0.06354371285405619 0.01517729732483551
502 0.04519282706171721 0.06245162762024532 0.05975161460091455
503 0.02145609696090627 0.06530211047253644 0.01956307040484861
504 0.04098109282298619 0.03211175681709369 0.07497525804240467
505 0.07052480611018774 0.07010939419070922 0.06175915909131428
506 0.0422459859983133 0.05060677306180942 0.06802326392019847
507 0.02991191727813718 0.02660347708917058 0.06420796053273058
508 0.022681915896192 0.02311387583973281 0.07332375334436446
509 0.04737057680409944 0.03458226251075185 0.0507816855032119
510 0.03338711012607408 0.05849080212805111 0.05512589323283819
511 0.02530158759403817 0.05774454497651504 0.05414372151860977
512 0.03594630176877359 0.06689839067871624 0.05711039093013838
513 0.02345426650216077 0.03540871082527497 0.057664965631491
514 0.0588448446185966 0.03342946204960511 0.07514386042345876
515 0.06869148629956975 0.04440161444418059 0.07345985007663304
516 0.03005858670072956 0.03988281686013725 0.05487865307578867
517 0.05608376818945225 0.02128474531628073 0.0552248985649616
518 0.03084939634061493 0.03753985154505256 0.07585306255026281
519 0.03650865412535402 0.05989214742972679 0.07558900037629229
520 0.03492537147599214 0.06875671494391861 0.0732293376703987
521 0.05542469031454524 0.05733441253787092 0.04455074788994581
522 0.05202158493221681 0.05779222696585598 0.06870209862450995
523 0.04007208938895797 0.05206487858480977 0.04620483086446898
524 0.06436977648139197 0.06893821749815704 0.04602236851032061
525 0.04824521028985909 0.02096754795913932 0.07430404296643212
526 0.02300222981210508 0.04020930685913406 0.04254980562208606
527 0.03058914307853791 0.05336245323861755 0.06174546435311793
528 0.01205132592506782 0.03531305029771682 0.01774438726824724
529 0.03352659347242164 0.04815720494794085 0.06065724043036949
530 0.03529309889772014 0.03660377436584306 0.03716983876596647
531 0.06170370435659595 0.03460991432123129 0.06710854979132902
532 0.06951561131023211 0.02921201158739634 0.06112623357911322
533 0.03874630010362136 0.02871837408464783 0.05722215217959432
534 0.04126275369102844 0.03846995109950058 0.06901578850558719
535 0.03874170063603661 0.01244274746626163 0.03602061515921953
536 0.04774989601661475 0.05913079299443443 0.03425583939776491
537 0.05391692835931926 0.03350726681876074 0.04829550175332343
538 0.03553252206412389 0.03697492296151764 0.06450863536878088
539 0.01078729683546618 0.02639434533308498 0.0717641710608742
540 0.05650370352387846 0.009920850911452568 0.05595883913117162
541 0.05592203125685076 0.0282706623070131 0.06770049644282275
542 0.05542882103704454 0.02528665778494315 0.04005610603511866
543 0.06341238750341126 0.04102807677227911 0.05784183859143684
544 0.0486734129575095 0.07016727685853187 0.04280664244711477
545 0.04083807394559396 0.04968322702136269 0.07503392786923721
546 0.01510195453930418 0.04053512349902793 0.0650824115333552
547 0.007885692367801792 0.03671991745555869 0.06376942177083376
548 0.04453227999880796 0.0296495525124212 0.06471322887604168
549 0.04069581204137591 0.06116444568144919 0.05386569926863086
550 0.04893989094480877 0.05060710855385287 0.04639381046280837
551 0.03431567556587295 0.03032828578860074 0.06793484196163264
552 0.03746860745561065 0.0413863131557299 0.07488837086584353
553 0.02589978169659248 0.05043035246828333 0.05864192943954258
554 0.05599305840122622 0.04130853225650104 0.03871908921223697
555 0.02909266255522753 0.04066640543246949 0.06628580955290127
556 0.02841653288471165 0.01756131991832072 0.07415365732337408
557 0.03041240836153159 0.03628045448555352 0.05962058251645235
558 0.05045257693786621 0.03986630511363384 0.0484659119890578
559 0.04324285259510076 0.02457522392572621 0.05981265602354936
560 0.04377675153957649 0.01782814100392453 0.05945097785835166
561 0.05727980559338184 0.05688686489319691 0.05613968777302943
562 0.02247992752681693 0.03379760040914975 0.06673896197934431
563 0.06322750110392626 0.01278507520218664 0.02843264540324352
564 0.06263829465821966 0.009081506570848495 0.06535668864360701
565 0.02378332180575951 0.02603604815731821 0.05605347843384181
566 0.05368461246459416 0.02430306876425946 0.0759047801883708
567 0.05821968323789307 0.03433137331105385 0.05460557362562506
568 0.05934686131591638 0.04540086321659097 0.07539101922196748
569 0.06144808443654955 0.06430967129077864 0.06977029619159028
570 0.02929555797163793 0.05564814902928495 0.06787404244069685
571 0.02958709307155467 0.0600943913318643 0.07441878159369279
572 0.03641732749597483 0.05349896924263092 0.05870644057299107
573 0.03871888877363712 0.02485978761292058 0.05190885277171861
574 0.0539813470858025 0.07124930400875265 0.05681100870077354
575 0.0569595952441769 0.01886203239522369 0.07142366283337688
576 0.07024664900090366 0.03549094208979089 0.04032871726016229
577 0.03860932870656061 0.07000692961382585 0.03463649985019824
578 0.04590989505928628 0.0420953128724754 0.05290638768960838
579 0.01995751425362377 0.04175619154128155 0.07541671574183423
580 0.01884916335099139 0.04202173051714526 0.03288505808358635
581 0.06141557387871134 0.04183823167386079 0.04418375873234263
582 0.04186341090465542 0.02114102535925336 0.07597459808645249
583 0.05054054692344952 0.03738146757395972 0.06904753213226171
584 0.01141013880109655 0.01176750433237143 0.05395907173110671
585 0.05570888747938454 0.0390181489417522 0.04490461368632453
586 0.04009145368021315 0.0534316817065144 0.03928752550487854
587 0.0353339149920224 0.04340349067045186 0.05583635542429973
588 0.047930422640806 0.03338099451609158 0.07549167025582014
589 0.02958577278905088 0.04949700812169452 0.07594342672902518
590 0.03851637362475329 0.04289774088262301 0.06250396485919195
591 0.04413208608859569 0.02461150470671835 0.03703595011748875
592 0.04321949662918929 0.05375775401620063 0.06211777518946202
593 0.04510700146046 0.043510655664642 0.04008961924744522
594 0.05507237679572888 0.0500920922473204 0.0377702740665588
595 0.04594598119847798 0.03866545804473456 0.03616418357970374
596 0.02795336462538388 0.01480947378247193 0.03154889891320009
597 0.03887626139442356 0.02435468858548502 0.0273071116740152
598 0.03591851003379962 0.03938211979131295 0.04573748858043697
599 0.0191860228199768 0.04948062044995948 0.07422612953358583
600 0.0215000668392 0.05857061891060707 0.04701833841409559
601 0.03605378431568181 0.0621781163134086 0.04935197001572805
602 0.03460201528891276 0.07078784286564768 0.04598248920676812
603 0.03189423363699079 0.02598242869229221 0.07587358242757668
604 0.07227916380514229 0.03843387181961814 0.05358587374665892
605 0.01165636575961196 0.04416765644646885 0.0717820959035186
606 0.02579063619748213 0.0292971337385766 0.06891978025898446
607 0.04580927815617054 0.04166384292217132 0.05983071119062988
608 0.03691027111549815 0.05013960881459894 0.07068624506038819
609 0.02000696869672785 0.05908459990515512 0.07328941410514894
610 0.03535544366635947 0.02387891483676464 0.06830139843062535
611 0.03048908043368064 0.01932342848894748 0.06657816092829656
612 0.05023842501660414 0.05449409816428932 0.07552643057706965
613 0.02394410758164341 0.06823672513654722 0.03819261073128132
614 0.06168361580396876 0.02660906112576127 0.05422044307816413
615 0.03405084552958354 0.02212536867110524 0.05629261022155938
616 0.02958422921861968 0.05017665765143428 0.02468566882306162
617 0.03933505890147229 0.0607506991833163 0.06418380356645294
618 0.05633068208185964 0.04116723544902376 0.06863168894604679
619 0.06463635508783125 0.03649380156198864 0.07450321278467713
620 0.04028890161267722 0.02631520804838201 0.07609518154964973
621 0.03199867086957672 0.06247196341196368 0.04230832692770689
622 0.03187688292481469 0.02935711116376005 0.05000438900227918
623 0.0419566591490183 0.03338893469221341 0.05388481302076471
624 0.04232274167092618 0.05949662395257155 0.07569086702163796
625 0.05082991855577988 0.04540753867125987 0.06691157605681596
626 0.04914231254582062 0.03112139305877492 0.06859157307242493
627 0.04475211462945777 0.03697443043724866 0.04413710403575267
628 0.009134677686129104 0.02428807497807129 0.06076593099496744
629 0.04091997385922365 0.03362688454024103 0.06042816981689136
630 0.04916902430171147 0.04400388724448668 0.0761229989413882
631 0.0528893919910835 0.05129632100567186 0.06964391070307199
632 0.05319086256200691 0.06134490251607755 0.06124305563961917
633 0.06089693813052244 0.06594814198685015 0.0596257913267423
634 0.06967383515764322 0.05504022087361503 0.04175411118908717
635 0.01477449295135676 0.05603111061404014 0.03785103145410837
636 0.06755020049404083 0.02379435572873805 0.01145288139394697
637 0.04621989333864729 0.05401946734610734 0.0710762788291564
638 0.04381685618754219 0.05435692820872962 0.07589195482562226
639 0.07064475599584429 0.01789315611400079 0.07022654330698271
640 0.05204501532084901 0.0516005623320237 0.02594158878903248
641 0.06585310448236632 0.04733672906278346 0.01716228258557027
642 0.04371909271457441 0.04541765943374376 0.07607980441852695
643 0.03575975084896889 0.05674509264860082 0.04334679144586173
644 0.05646453736370249 0.04148975929587547 0.05687019915006319
645 0.04159593441363092 0.03008538190099341 0.07027194764369102
646 0.07264461194483768 0.02888289004307026 0.07225874078230692
647 0.04597793443837043 0.04468618756580259 0.07024060967180384
648 0.05476726756511434 0.04190522684399133 0.07611956310464393
649 0.06277482148271922 0.03524667547327836 0.04878346054657755
650 0.05096359891678581 0.04388506902896751 0.04114969369441056
651 0.04702934213898829 0.02621977417562133 0.06993573094079719
652 0.05552083266102183 0.0229915129674675 0.06324340156834905
653 0.03523663774603873 0.03424753908250355 0.07542177605540251
654 0.06360684433311395 0.04180247622597186 0.06783113879064387
655 0.0256236706564432 0.03417167319013184 0.03805107815841433
656 0.03764346994279408 0.05403435506354031 0.07599889609709252
657 0.04114582763178345 0.0371477392987449 0.07592232115358409
658 0.03236470863051794 0.05829985400594765 0.0634812396609256
659 0.03411229167585988 0.06443557978506509 0.06443708562779829
660 0.03979427259688651 0.02894510183613745 0.06225872311092154
661 0.01248334094749231 0.05331319138928592 0.0503320229118344
662 0.03774108978341981 0.04781550414984284 0.06577507140594087
663 0.0376087771645601 0.03802711873970556 0.05180470847364824
664 0.02902577733082285 0.006601740694716739 0.0720940890306256
665 0.04239207107758263 0.04808619258901718 0.01309694100081505
666 0.0321361036071876 0.03703994454270758 0.07056455548776946
667 0.04042771703430246 0.01154143050809941 0.02007188922816365
668 0.04163431610871424 0.02318243845196917 0.0710852749292824
669 0.02300714020926067 0.0318109999579359 0.07491989085917991
670 0.06944321729095408 0.05790199455660661 0.06139814621668756
671 0.05739365560684637 0.06891651388245755 0.03037261177262673
672 0.04666745248933385 0.04038539854936658 0.06719208546593716
673 0.03962205111482614 0.04357265159333783 0.05045558123501292
674 0.01612211976337031 0.05140861417660789 0.01261581294616047
675 0.02582177871072921 0.04132246870119307 0.07616129477315028
676 0.04318977573463034 0.06655507884883774 0.07439008195818346
677 0.06131622398049615 0.04970337366222508 0.04257308613714987
678 0.04919382464823985 0.02664823525643968 0.07643185354165317
679 0.03061685594215184 0.01723529638173891 0.05314831101586358
680 0.02251644197932779 0.06982368317819529 0.05504421189825933
681 0.02566968524336505 0.05236032099406651 0.05182026283781867
682 0.02859970610532351 0.02432045369197469 0.05382595882236119
683 0.0486009650138686 0.01517457223009659 0.0554540180052825
684 0.05215830787476733 0.03333453842207938 0.06277653344774391
685 0.04249720507935655 0.03272402893393819 0.04786141182805757
686 0.01883577872828275 0.03601023111756323 0.07582525094146876
687 0.01924421131047678 0.03734091095641875 0.06990549396721588
688 0.05758179107938148 0.02768941104224213 0.07400713206566374
689 0.03164757304530941 0.008659310510589616 0.04531605970599265
690 0.05351367942695879 0.06347558633895577 0.07412976571986085
691 0.02525084208485056 0.05663081148592297 0.06141250795002626
692 0.02734768321883067 0.04135425814009805 0.05985268829500441
693 0.07108356696663135 0.008680422942696433 0.06062232673287964
694 0.04491514118274524 0.007420585379144887 0.007797548912520892
695 0.07269511794261399 0.05692018067058992 0.007425065421467199
696 0.006149032602985548 0.03614806943707746 0.07345952910135509
697 0.02097472982037948 0.07369572903835586 0.007147079629127933
698 0.006640651655406463 0.04544877950067053 0.006611133324473035
699 0.009386654865985689 0.07180833110990575 0.05472238110504553
700 0.05472384303574632 0.07207822156370566 0.007550227396767114
701 0.008158680976766997 0.007070179493095453 0.02088174076892176
702 0.07089359949842383 0.07157896394447823 0.03441549920361919
703 0.07020763922378158 0.008343054491497958 0.0182384198393433
704 0.07152427838425092 0.06293263779747348 0.07261879301801767
705 0.05734873687576865 0.07298371670200375 0.07410770370051165
706 0.007767233253716034 0.02104612759787106 0.00748435819937701
707 0.04144377690806485 0.006756781539546026 0.07320087484143745
708 0.01990266913988287 0.07524267610472411 0.07459898887788562
709 0.06258843259941446 0.008926692440725217 0.07360846361549413
710 0.02043212462735348 0.00531939755086345 0.07393523093734568
711 0.008279069847751104 0.07230261553661499 0.009020740084632765
712 0.05900952036181459 0.01052627530890734 0.01054016639772455
713 0.07285978610601501 0.0427521586120702 0.006676774306795597
714 0.00787292060601167 0.07256705943820459 0.02070938959943337
715 0.02563763185214717 0.007362978764799023 0.007508134634340536
716 0.07008555856389019 0.07247415453179142 0.07274598108130459
717 0.07241412613233217 0.007688275052931826 0.07243748623478533
718 0.03385363543896525 0.07107372712334609 0.01001876331885144
719 0.0716061750165945 0.07178053805442328 0.007921735337335287
720 0.04973090833730006 0.07399921089408601 0.07368822953719077
721 0.006842414351382094 0.05630005389218639 0.006280478679260239
722 0.07164808137961065 0.008260406169483961 0.00798786806036127
723 0.07191894182933588 0.07152559801093672 0.0219796159822552
724 0.008279231811297477 0.06222435796099671 0.01441874780595436
725 0.008680896745146818 0.008146835461568578 0.008027586032384362
$EndNodes
$Elements
3251
1 4 2 1 1 188 711 4 25
2 4 2 1 1 347 408 351 479
3 4 2 1 1 366 340 618 625
4 4 2 1 1 446 502 444 617
5 4 2 1 1 418 225 427 620
6 4 2 1 1 385 314 429 447
7 4 2 1 1 418 225 620 226
8 4 2 1 1 438 439 345 480
9 4 2 1 1 347 439 436 689
10 4 2 1 1 382 452 443 608
11 4 2 1 1 314 385 429 598
12 4 2 1 1 353 443 382 452
13 4 2 1 1 188 724 711 25
14 4 2 1 1 327 354 462 408
15 4 2 1 1 340 625 366 631
16 4 2 1 1 319 420 538 590
17 4 2 1 1 380 538 420 590
18 4 2 1 1 263 485 588 470
19 4 2 1 1 331 441 371 476
20 4 2 1 1 74 724 71 81
21 4 2 1 1 331 476 371 484
22 4 2 1 1 263 485 470 264
23 4 2 1 1 238 391 260 472
24 4 2 1 1 417 450 339 555
25 4 2 1 1 340 366 483 631
26 4 2 1 1 90 329 634 524
27 4 2 1 1 398 724 74 503
28 4 2 1 1 502 512 318 617
29 4 2 1 1 322 399 485 514
30 4 2 1 1 618 442 376 625
31 4 2 1 1 533 623 420 629
32 4 2 1 1 417 339 450 687
33 4 2 1 1 130 374 477 584
34 4 2 1 1 238 260 268 472
35 4 2 1 1 424 548 415 559
36 4 2 1 1 323 420 533 623
37 4 2 1 1 443 570 353 658
38 4 2 1 1 375 415 548 559
39 4 2 1 1 372 494 434 495
40 4 2 1 1 388 533 493 420
41 4 2 1 1 693 540 564 360
42 4 2 1 1 441 451 371 607
43 4 2 1 1 723 162 719 501
44 4 2 1 1 316 415 375 559
45 4 2 1 1 264 485 470 630
46 4 2 1 1 260 472 391 589
47 4 2 1 1 327 350 122 563
48 4 2 1 1 385 314 447 627
49 4 2 1 1 707 378 348 414
50 4 2 1 1 653 430 666 551
51 4 2 1 1 366 340 568 618
52 4 2 1 1 653 666 430 518
53 4 2 1 1 165 716 38 7
54 4 2 1 1 322 485 404 514
55 4 2 1 1 322 406 541 684
56 4 2 1 1 723 162 35 719
57 4 2 1 1 469 618 422 376
58 4 2 1 1 380 478 325 555
59 4 2 1 1 314 429 426 598
60 4 2 1 1 162 8 35 719
61 4 2 1 1 322 583 376 684
62 4 2 1 1 366 340 483 568
63 4 2 1 1 380 325 449 555
64 4 2 1 1 322 376 583 618
65 4 2 1 1 238 391 472 552
66 4 2 1 1 408 433 349 489
67 4 2 1 1 362 471 534 590
68 4 2 1 1 268 472 260 589
69 4 2 1 1 317 490 392 561
70 4 2 1 1 364 526 426 338
71 4 2 1 1 417 450 332 562
72 4 2 1 1 371 451 331 484
73 4 2 1 1 376 431 317 644
74 4 2 1 1 722 186 712 636
75 4 2 1 1 391 417 339 555
76 4 2 1 1 264 263 236 470
77 4 2 1 1 387 297 669 686
78 4 2 1 1 364 395 426 526
79 4 2 1 1 417 332 450 555
80 4 2 1 1 415 487 316 375
81 4 2 1 1 422 376 317 644
82 4 2 1 1 361 447 431 550
83 4 2 1 1 238 518 391 552
84 4 2 1 1 46 722 186 712
85 4 2 1 1 322 376 469 684
86 4 2 1 1 353 520 454 571
87 4 2 1 1 449 527 355 325
88 4 2 1 1 322 485 399 618
89 4 2 1 1 403 364 455 338
90 4 2 1 1 527 570 355 325
91 4 2 1 1 46 722 712 134
92 4 2 1 1 349 509 386 627
93 4 2 1 1 422 317 376 442
94 4 2 1 1 315 455 403 494
95 4 2 1 1 418 225 226 603
96 4 2 1 1 236 264 470 630
97 4 2 1 1 318 510 572 658
98 4 2 1 1 375 623 533 629
99 4 2 1 1 362 534 478 590
100 4 2 1 1 361 431 392 550
101 4 2 1 1 725 715 43 189
102 4 2 1 1 469 618 531 422
103 4 2 1 1 2 43 189 725
104 4 2 1 1 398 724 503 674
105 4 2 1 1 353 452 382 519
106 4 2 1 1 543 649 389 604
107 4 2 1 1 443 353 570 452
108 4 2 1 1 74 503 461 635
109 4 2 1 1 351 479 408 489
110 4 2 1 1 140 119 131 664
111 4 2 1 1 725 715 189 367
112 4 2 1 1 363 526 426 655
113 4 2 1 1 376 583 457 684
114 4 2 1 1 388 332 557 493
115 4 2 1 1 406 469 341 567
116 4 2 1 1 388 507 332 493
117 4 2 1 1 353 454 453 571
118 4 2 1 1 335 358 544 521
119 4 2 1 1 438 480 345 372
120 4 2 1 1 443 452 325 608
121 4 2 1 1 374 1 12 137
122 4 2 1 1 640 416 397 396
123 4 2 1 1 391 325 478 555
124 4 2 1 1 12 374 130 584
125 4 2 1 1 339 417 391 675
126 4 2 1 1 618 442 625 340
127 4 2 1 1 406 487 469 567
128 4 2 1 1 286 203 309 686
129 4 2 1 1 420 587 380 590
130 4 2 1 1 38 716 165 505
131 4 2 1 1 542 386 349 537
132 4 2 1 1 373 430 508 603
133 4 2 1 1 332 493 513 557
134 4 2 1 1 447 558 385 627
135 4 2 1 1 25 724 711 81
136 4 2 1 1 418 620 427 668
137 4 2 1 1 241 407 588 678
138 4 2 1 1 497 683 560 378
139 4 2 1 1 319 441 420 590
140 4 2 1 1 349 509 627 685
141 4 2 1 1 714 163 711 18
142 4 2 1 1 347 409 408 479
143 4 2 1 1 441 587 420 590
144 4 2 1 1 711 4 18 163
145 4 2 1 1 530 595 458 416
146 4 2 1 1 241 407 678 240
147 4 2 1 1 373 508 430 606
148 4 2 1 1 332 507 421 493
149 4 2 1 1 399 514 322 531
150 4 2 1 1 331 410 476 484
151 4 2 1 1 431 447 361 558
152 4 2 1 1 341 543 365 604
153 4 2 1 1 314 385 425 627
154 4 2 1 1 382 443 353 617
155 4 2 1 1 349 386 458 627
156 4 2 1 1 378 707 464 414
157 4 2 1 1 340 442 625 631
158 4 2 1 1 313 477 508 556
159 4 2 1 1 319 534 471 590
160 4 2 1 1 714 163 503 711
161 4 2 1 1 386 558 447 627
162 4 2 1 1 429 447 368 523
163 4 2 1 1 258 391 518 675
164 4 2 1 1 325 380 449 529
165 4 2 1 1 706 725 22 189
166 4 2 1 1 326 345 480 372
167 4 2 1 1 277 525 414 582
168 4 2 1 1 339 391 486 675
169 4 2 1 1 315 494 403 513
170 4 2 1 1 332 430 551 666
171 4 2 1 1 470 583 485 588
172 4 2 1 1 417 450 562 687
173 4 2 1 1 418 668 645 620
174 4 2 1 1 404 485 253 514
175 4 2 1 1 325 478 380 529
176 4 2 1 1 381 645 551 456
177 4 2 1 1 364 379 455 681
178 4 2 1 1 578 509 385 558
179 4 2 1 1 370 429 426 396
180 4 2 1 1 426 338 526 363
181 4 2 1 1 22 2 189 725
182 4 2 1 1 706 725 189 367
183 4 2 1 1 366 618 568 648
184 4 2 1 1 618 442 340 422
185 4 2 1 1 721 25 724 188
186 4 2 1 1 721 188 724 674
187 4 2 1 1 355 570 527 691
188 4 2 1 1 322 406 684 469
189 4 2 1 1 74 724 714 503
190 4 2 1 1 392 431 361 490
191 4 2 1 1 347 439 438 480
192 4 2 1 1 688 252 279 404
193 4 2 1 1 188 503 724 674
194 4 2 1 1 404 322 514 688
195 4 2 1 1 122 354 327 535
196 4 2 1 1 471 590 362 662
197 4 2 1 1 431 447 331 550
198 4 2 1 1 325 472 391 478
199 4 2 1 1 418 225 603 427
200 4 2 1 1 578 509 558 334
201 4 2 1 1 376 431 451 317
202 4 2 1 1 330 467 551 660
203 4 2 1 1 376 583 618 625
204 4 2 1 1 414 427 278 582
205 4 2 1 1 381 551 645 418
206 4 2 1 1 305 213 308 619
207 4 2 1 1 373 430 418 551
208 4 2 1 1 274 519 452 571
209 4 2 1 1 48 209 193 664
210 4 2 1 1 51 5 717 288
211 4 2 1 1 322 406 469 531
212 4 2 1 1 382 353 446 617
213 4 2 1 1 618 442 422 376
214 4 2 1 1 403 455 364 494
215 4 2 1 1 260 391 486 589
216 4 2 1 1 381 551 653 666
217 4 2 1 1 330 551 467 610
218 4 2 1 1 613 635 461 503
219 4 2 1 1 425 363 479 622
220 4 2 1 1 74 398 503 635
221 4 2 1 1 693 540 360 350
222 4 2 1 1 388 551 467 660
223 4 2 1 1 709 717 288 51
224 4 2 1 1 510 527 342 572
225 4 2 1 1 639 709 564 717
226 4 2 1 1 356 434 495 496
227 4 2 1 1 706 80 725 367
228 4 2 1 1 430 418 551 653
229 4 2 1 1 639 709 717 288
230 4 2 1 1 375 548 660 559
231 4 2 1 1 425 468 363 622
232 4 2 1 1 716 34 293 704
233 4 2 1 1 469 487 406 684
234 4 2 1 1 318 410 484 572
235 4 2 1 1 418 645 668 330
236 4 2 1 1 408 479 409 573
237 4 2 1 1 376 583 625 672
238 4 2 1 1 417 562 606 669
239 4 2 1 1 725 80 701 367
240 4 2 1 1 38 716 110 7
241 4 2 1 1 349 386 509 537
242 4 2 1 1 210 454 453 491
243 4 2 1 1 347 409 479 438
244 4 2 1 1 324 451 442 625
245 4 2 1 1 349 401 537 433
246 4 2 1 1 509 487 433 537
247 4 2 1 1 658 318 659 617
248 4 2 1 1 318 510 410 572
249 4 2 1 1 641 329 101 501
250 4 2 1 1 457 375 334 684
251 4 2 1 1 429 476 331 523
252 4 2 1 1 110 716 38 505
253 4 2 1 1 411 523 410 358
254 4 2 1 1 316 424 415 559
255 4 2 1 1 422 531 543 654
256 4 2 1 1 324 442 451 384
257 4 2 1 1 538 534 590 478
258 4 2 1 1 518 552 262 653
259 4 2 1 1 720 690 676 357
260 4 2 1 1 716 34 704 110
261 4 2 1 1 420 319 538 629
262 4 2 1 1 337 404 651 678
263 4 2 1 1 349 627 458 685
264 4 2 1 1 426 429 370 338
265 4 2 1 1 498 610 427 668
266 4 2 1 1 320 488 421 565
267 4 2 1 1 704 716 110 505
268 4 2 1 1 323 479 489 573
269 4 2 1 1 385 447 429 673
270 4 2 1 1 105 329 641 428
271 4 2 1 1 366 568 483 648
272 4 2 1 1 599 460 339 605
273 4 2 1 1 350 360 93 475
274 4 2 1 1 323 425 479 622
275 4 2 1 1 402 439 133 477
276 4 2 1 1 327 473 459 542
277 4 2 1 1 225 582 427 620
278 4 2 1 1 366 485 470 583
279 4 2 1 1 365 543 531 654
280 4 2 1 1 322 404 485 583
281 4 2 1 1 317 492 422 543
282 4 2 1 1 378 464 707 116
283 4 2 1 1 453 680 491 454
284 4 2 1 1 299 704 293 208
285 4 2 1 1 36 35 723 154
286 4 2 1 1 455 476 529 587
287 4 2 1 1 355 453 390 570
288 4 2 1 1 417 606 430 669
289 4 2 1 1 314 426 429 396
290 4 2 1 1 407 651 404 678
291 4 2 1 1 318 484 410 549
292 4 2 1 1 470 588 263 657
293 4 2 1 1 723 719 108 501
294 4 2 1 1 315 516 403 455
295 4 2 1 1 324 437 625 631
296 4 2 1 1 373 430 551 606
297 4 2 1 1 723 719 35 108
298 4 2 1 1 407 588 404 626
299 4 2 1 1 359 588 407 626
300 4 2 1 1 323 468 425 622
301 4 2 1 1 387 432 297 686
302 4 2 1 1 563 475 91 473
303 4 2 1 1 323 479 573 622
304 4 2 1 1 688 252 404 566
305 4 2 1 1 347 408 409 497
306 4 2 1 1 349 458 489 685
307 4 2 1 1 315 455 494 379
308 4 2 1 1 478 534 381 538
309 4 2 1 1 375 457 415 684
310 4 2 1 1 723 702 36 154
311 4 2 1 1 154 501 723 671
312 4 2 1 1 392 431 331 550
313 4 2 1 1 702 154 723 671
314 4 2 1 1 705 690 357 569
315 4 2 1 1 409 573 479 622
316 4 2 1 1 357 445 444 522
317 4 2 1 1 376 451 442 317
318 4 2 1 1 332 430 417 606
319 4 2 1 1 382 444 443 617
320 4 2 1 1 462 542 327 408
321 4 2 1 1 155 718 503 697
322 4 2 1 1 524 574 335 633
323 4 2 1 1 187 719 8 55
324 4 2 1 1 331 447 431 578
325 4 2 1 1 700 719 187 55
326 4 2 1 1 405 406 541 531
327 4 2 1 1 700 719 501 187
328 4 2 1 1 323 468 493 420
329 4 2 1 1 294 1 13 374
330 4 2 1 1 134 26 6 722
331 4 2 1 1 258 391 675 260
332 4 2 1 1 366 437 625 647
333 4 2 1 1 519 520 353 571
334 4 2 1 1 318 410 510 549
335 4 2 1 1 418 381 504 645
336 4 2 1 1 487 652 406 415
337 4 2 1 1 341 532 475 604
338 4 2 1 1 359 583 470 588
339 4 2 1 1 506 545 437 637
340 4 2 1 1 382 446 353 519
341 4 2 1 1 447 593 386 627
342 4 2 1 1 238 262 518 552
343 4 2 1 1 80 70 75 367
344 4 2 1 1 442 377 317 384
345 4 2 1 1 703 712 636 722
346 4 2 1 1 450 495 315 513
347 4 2 1 1 614 487 406 567
348 4 2 1 1 653 552 666 518
349 4 2 1 1 396 397 368 593
350 4 2 1 1 232 470 263 657
351 4 2 1 1 46 722 134 6
352 4 2 1 1 722 703 134 26
353 4 2 1 1 374 12 66 584
354 4 2 1 1 366 618 583 625
355 4 2 1 1 332 417 562 606
356 4 2 1 1 262 653 552 657
357 4 2 1 1 359 457 456 534
358 4 2 1 1 331 429 447 673
359 4 2 1 1 382 444 445 637
360 4 2 1 1 703 712 722 134
361 4 2 1 1 670 704 505 569
362 4 2 1 1 224 225 427 603
363 4 2 1 1 427 373 556 603
364 4 2 1 1 12 130 374 137
365 4 2 1 1 569 704 716 293
366 4 2 1 1 136 133 123 689
367 4 2 1 1 325 478 529 662
368 4 2 1 1 421 387 488 606
369 4 2 1 1 331 447 578 673
370 4 2 1 1 333 600 379 661
371 4 2 1 1 325 472 478 608
372 4 2 1 1 335 524 544 574
373 4 2 1 1 323 489 433 573
374 4 2 1 1 319 456 457 534
375 4 2 1 1 334 487 537 567
376 4 2 1 1 74 461 82 635
377 4 2 1 1 337 404 626 651
378 4 2 1 1 315 450 460 495
379 4 2 1 1 443 325 452 570
380 4 2 1 1 380 529 478 590
381 4 2 1 1 407 626 404 651
382 4 2 1 1 349 537 509 433
383 4 2 1 1 461 503 151 613
384 4 2 1 1 218 304 310 400
385 4 2 1 1 135 715 725 367
386 4 2 1 1 290 575 464 525
387 4 2 1 1 331 410 411 523
388 4 2 1 1 359 504 407 588
389 4 2 1 1 442 451 376 625
390 4 2 1 1 44 715 694 168
391 4 2 1 1 457 548 456 629
392 4 2 1 1 456 381 534 538
393 4 2 1 1 375 548 457 629
394 4 2 1 1 491 56 210 708
395 4 2 1 1 303 399 568 515
396 4 2 1 1 385 429 598 673
397 4 2 1 1 318 419 510 658
398 4 2 1 1 453 571 302 609
399 4 2 1 1 721 724 71 674
400 4 2 1 1 491 56 3 295
401 4 2 1 1 181 503 188 674
402 4 2 1 1 332 513 493 421
403 4 2 1 1 59 705 146 60
404 4 2 1 1 78 724 398 674
405 4 2 1 1 444 445 357 446
406 4 2 1 1 395 370 426 396
407 4 2 1 1 716 704 569 505
408 4 2 1 1 478 590 529 662
409 4 2 1 1 636 186 39 722
410 4 2 1 1 315 553 455 379
411 4 2 1 1 722 39 6 186
412 4 2 1 1 702 329 90 524
413 4 2 1 1 315 513 403 516
414 4 2 1 1 265 485 399 514
415 4 2 1 1 371 471 590 607
416 4 2 1 1 487 375 415 684
417 4 2 1 1 136 535 596 689
418 4 2 1 1 698 177 721 674
419 4 2 1 1 698 177 24 721
420 4 2 1 1 308 514 619 405
421 4 2 1 1 696 547 605 432
422 4 2 1 1 474 473 563 636
423 4 2 1 1 332 507 388 551
424 4 2 1 1 497 683 378 354
425 4 2 1 1 522 631 612 637
426 4 2 1 1 260 486 391 675
427 4 2 1 1 470 485 366 630
428 4 2 1 1 401 487 537 433
429 4 2 1 1 241 407 240 231
430 4 2 1 1 362 478 472 608
431 4 2 1 1 332 538 388 557
432 4 2 1 1 320 439 565 682
433 4 2 1 1 334 435 537 558
434 4 2 1 1 231 588 504 657
435 4 2 1 1 408 489 479 573
436 4 2 1 1 509 487 537 334
437 4 2 1 1 372 495 440 513
438 4 2 1 1 418 427 373 610
439 4 2 1 1 436 439 133 689
440 4 2 1 1 401 349 462 433
441 4 2 1 1 332 421 562 513
442 4 2 1 1 372 495 434 496
443 4 2 1 1 368 550 447 650
444 4 2 1 1 314 429 447 593
445 4 2 1 1 214 568 399 648
446 4 2 1 1 568 618 654 399
447 4 2 1 1 415 424 316 652
448 4 2 1 1 379 355 553 691
449 4 2 1 1 718 184 503 181
450 4 2 1 1 444 446 357 502
451 4 2 1 1 487 652 415 316
452 4 2 1 1 24 25 721 177
453 4 2 1 1 319 456 534 538
454 4 2 1 1 203 286 285 686
455 4 2 1 1 387 606 562 669
456 4 2 1 1 418 373 427 603
457 4 2 1 1 385 482 441 663
458 4 2 1 1 338 476 455 587
459 4 2 1 1 88 713 636 641
460 4 2 1 1 325 527 443 529
461 4 2 1 1 441 482 420 663
462 4 2 1 1 331 411 410 484
463 4 2 1 1 716 34 110 7
464 4 2 1 1 105 329 428 109
465 4 2 1 1 322 406 531 541
466 4 2 1 1 314 593 447 627
467 4 2 1 1 163 697 503 711
468 4 2 1 1 395 370 396 321
469 4 2 1 1 509 487 334 375
470 4 2 1 1 426 338 370 364
471 4 2 1 1 334 537 435 567
472 4 2 1 1 441 451 607 578
473 4 2 1 1 476 484 410 572
474 4 2 1 1 331 447 429 523
475 4 2 1 1 341 365 543 531
476 4 2 1 1 336 636 170 641
477 4 2 1 1 494 434 661 364
478 4 2 1 1 429 331 476 673
479 4 2 1 1 578 509 334 482
480 4 2 1 1 388 507 467 551
481 4 2 1 1 411 412 358 549
482 4 2 1 1 177 25 721 188
483 4 2 1 1 433 489 408 573
484 4 2 1 1 279 404 514 688
485 4 2 1 1 214 399 265 648
486 4 2 1 1 183 352 367 474
487 4 2 1 1 327 122 350 354
488 4 2 1 1 195 311 282 520
489 4 2 1 1 399 485 265 648
490 4 2 1 1 177 188 721 674
491 4 2 1 1 331 431 451 578
492 4 2 1 1 514 322 531 688
493 4 2 1 1 334 435 431 644
494 4 2 1 1 135 715 367 129
495 4 2 1 1 58 199 720 59
496 4 2 1 1 720 705 59 199
497 4 2 1 1 527 529 449 553
498 4 2 1 1 382 445 444 446
499 4 2 1 1 182 352 528 367
500 4 2 1 1 718 184 181 169
501 4 2 1 1 471 362 506 662
502 4 2 1 1 367 715 667 129
503 4 2 1 1 216 514 405 688
504 4 2 1 1 586 429 368 523
505 4 2 1 1 467 551 507 610
506 4 2 1 1 437 506 362 545
507 4 2 1 1 58 720 199 676
508 4 2 1 1 249 417 430 669
509 4 2 1 1 720 690 357 705
510 4 2 1 1 720 690 705 199
511 4 2 1 1 338 455 403 516
512 4 2 1 1 279 404 253 514
513 4 2 1 1 391 417 555 666
514 4 2 1 1 326 367 528 481
515 4 2 1 1 385 558 447 578
516 4 2 1 1 326 367 481 436
517 4 2 1 1 330 610 498 668
518 4 2 1 1 497 683 354 466
519 4 2 1 1 315 449 450 692
520 4 2 1 1 278 414 348 427
521 4 2 1 1 359 407 504 645
522 4 2 1 1 88 473 641 636
523 4 2 1 1 441 451 578 331
524 4 2 1 1 366 625 583 672
525 4 2 1 1 391 552 518 666
526 4 2 1 1 449 450 339 460
527 4 2 1 1 315 450 449 460
528 4 2 1 1 459 397 428 336
529 4 2 1 1 404 541 322 688
530 4 2 1 1 513 557 516 692
531 4 2 1 1 613 635 503 321
532 4 2 1 1 332 421 507 606
533 4 2 1 1 15 14 696 202
534 4 2 1 1 364 455 379 494
535 4 2 1 1 324 437 506 647
536 4 2 1 1 478 362 590 662
537 4 2 1 1 451 317 431 392
538 4 2 1 1 417 332 555 666
539 4 2 1 1 213 515 365 619
540 4 2 1 1 202 14 696 539
541 4 2 1 1 391 589 472 325
542 4 2 1 1 327 354 350 462
543 4 2 1 1 202 696 432 539
544 4 2 1 1 382 545 506 637
545 4 2 1 1 605 16 194 394
546 4 2 1 1 331 451 431 392
547 4 2 1 1 314 425 458 627
548 4 2 1 1 325 449 527 529
549 4 2 1 1 441 451 331 371
550 4 2 1 1 469 618 376 322
551 4 2 1 1 371 471 451 592
552 4 2 1 1 88 473 636 97
553 4 2 1 1 325 472 452 589
554 4 2 1 1 443 529 527 572
555 4 2 1 1 605 16 394 77
556 4 2 1 1 318 510 512 549
557 4 2 1 1 702 144 36 154
558 4 2 1 1 470 359 588 657
559 4 2 1 1 578 509 482 385
560 4 2 1 1 144 154 702 671
561 4 2 1 1 459 428 397 554
562 4 2 1 1 530 595 416 396
563 4 2 1 1 431 451 578 607
564 4 2 1 1 419 342 510 527
565 4 2 1 1 714 461 74 503
566 4 2 1 1 437 612 483 631
567 4 2 1 1 430 508 257 669
568 4 2 1 1 401 537 487 567
569 4 2 1 1 363 426 530 655
570 4 2 1 1 325 452 390 589
571 4 2 1 1 372 440 438 343
572 4 2 1 1 68 367 436 75
573 4 2 1 1 384 592 444 502
574 4 2 1 1 453 680 454 419
575 4 2 1 1 429 338 426 598
576 4 2 1 1 324 451 471 592
577 4 2 1 1 530 363 598 426
578 4 2 1 1 504 588 359 657
579 4 2 1 1 418 430 373 603
580 4 2 1 1 339 391 555 325
581 4 2 1 1 653 666 552 381
582 4 2 1 1 316 433 559 375
583 4 2 1 1 319 457 456 629
584 4 2 1 1 711 724 188 503
585 4 2 1 1 644 490 543 435
586 4 2 1 1 144 702 524 671
587 4 2 1 1 326 480 436 481
588 4 2 1 1 527 658 419 691
589 4 2 1 1 343 516 513 557
590 4 2 1 1 8 719 187 42
591 4 2 1 1 431 607 578 334
592 4 2 1 1 314 458 425 530
593 4 2 1 1 324 592 444 384
594 4 2 1 1 552 653 381 657
595 4 2 1 1 371 506 471 592
596 4 2 1 1 543 490 644 317
597 4 2 1 1 433 533 375 623
598 4 2 1 1 213 32 365 515
599 4 2 1 1 276 390 452 589
600 4 2 1 1 522 324 631 637
601 4 2 1 1 568 618 399 648
602 4 2 1 1 145 461 151 613
603 4 2 1 1 513 516 315 692
604 4 2 1 1 719 695 187 42
605 4 2 1 1 427 556 224 603
606 4 2 1 1 427 498 611 610
607 4 2 1 1 323 533 433 623
608 4 2 1 1 472 545 235 552
609 4 2 1 1 363 343 438 622
610 4 2 1 1 371 590 471 662
611 4 2 1 1 508 556 373 603
612 4 2 1 1 391 478 472 552
613 4 2 1 1 719 695 501 187
614 4 2 1 1 292 217 212 609
615 4 2 1 1 371 451 471 607
616 4 2 1 1 325 608 478 662
617 4 2 1 1 457 482 375 629
618 4 2 1 1 438 565 439 682
619 4 2 1 1 702 329 524 671
620 4 2 1 1 474 473 636 336
621 4 2 1 1 478 608 362 662
622 4 2 1 1 443 444 382 506
623 4 2 1 1 276 452 390 571
624 4 2 1 1 415 541 406 684
625 4 2 1 1 323 479 425 489
626 4 2 1 1 410 411 358 549
627 4 2 1 1 456 457 359 548
628 4 2 1 1 391 478 552 666
629 4 2 1 1 475 341 604 649
630 4 2 1 1 167 159 145 613
631 4 2 1 1 254 525 407 678
632 4 2 1 1 342 476 455 448
633 4 2 1 1 78 724 674 71
634 4 2 1 1 163 697 711 52
635 4 2 1 1 74 82 398 635
636 4 2 1 1 435 581 389 649
637 4 2 1 1 372 513 440 343
638 4 2 1 1 569 633 146 505
639 4 2 1 1 325 443 527 570
640 4 2 1 1 228 418 430 653
641 4 2 1 1 497 683 466 560
642 4 2 1 1 436 439 347 480
643 4 2 1 1 563 475 473 542
644 4 2 1 1 288 220 215 639
645 4 2 1 1 327 474 597 459
646 4 2 1 1 397 368 594 640
647 4 2 1 1 68 367 75 70
648 4 2 1 1 413 520 446 676
649 4 2 1 1 317 442 422 492
650 4 2 1 1 86 394 356 333
651 4 2 1 1 323 573 493 622
652 4 2 1 1 233 262 552 657
653 4 2 1 1 235 552 545 642
654 4 2 1 1 538 590 534 319
655 4 2 1 1 57 58 195 520
656 4 2 1 1 261 582 225 620
657 4 2 1 1 499 402 477 679
658 4 2 1 1 330 548 424 559
659 4 2 1 1 493 573 409 622
660 4 2 1 1 443 572 318 592
661 4 2 1 1 57 520 302 454
662 4 2 1 1 453 454 302 571
663 4 2 1 1 527 570 443 658
664 4 2 1 1 379 553 455 681
665 4 2 1 1 334 431 435 558
666 4 2 1 1 344 387 562 687
667 4 2 1 1 425 530 458 351
668 4 2 1 1 441 476 331 673
669 4 2 1 1 254 407 525 582
670 4 2 1 1 322 583 485 618
671 4 2 1 1 241 407 231 588
672 4 2 1 1 706 80 367 70
673 4 2 1 1 413 446 357 676
674 4 2 1 1 257 508 430 603
675 4 2 1 1 349 458 386 459
676 4 2 1 1 319 482 457 629
677 4 2 1 1 588 407 231 504
678 4 2 1 1 320 467 615 493
679 4 2 1 1 543 567 469 644
680 4 2 1 1 373 551 418 610
681 4 2 1 1 413 502 446 617
682 4 2 1 1 247 472 452 656
683 4 2 1 1 331 447 523 550
684 4 2 1 1 515 492 465 423
685 4 2 1 1 342 410 572 476
686 4 2 1 1 420 587 441 663
687 4 2 1 1 459 328 428 554
688 4 2 1 1 362 506 437 647
689 4 2 1 1 414 498 427 668
690 4 2 1 1 335 358 521 411
691 4 2 1 1 249 430 417 518
692 4 2 1 1 371 471 506 662
693 4 2 1 1 345 439 436 480
694 4 2 1 1 427 373 610 611
695 4 2 1 1 519 200 624 676
696 4 2 1 1 368 523 447 550
697 4 2 1 1 700 169 718 54
698 4 2 1 1 362 478 534 552
699 4 2 1 1 155 718 697 53
700 4 2 1 1 435 567 543 644
701 4 2 1 1 324 471 506 592
702 4 2 1 1 408 535 351 591
703 4 2 1 1 370 448 338 523
704 4 2 1 1 375 415 457 548
705 4 2 1 1 452 519 274 656
706 4 2 1 1 665 396 616 416
707 4 2 1 1 381 534 478 552
708 4 2 1 1 406 341 469 531
709 4 2 1 1 169 53 718 54
710 4 2 1 1 485 630 264 648
711 4 2 1 1 431 376 451 607
712 4 2 1 1 509 487 375 433
713 4 2 1 1 324 471 451 625
714 4 2 1 1 376 607 431 334
715 4 2 1 1 379 364 600 681
716 4 2 1 1 181 718 53 697
717 4 2 1 1 181 188 177 674
718 4 2 1 1 332 388 538 551
719 4 2 1 1 700 169 369 718
720 4 2 1 1 378 540 354 683
721 4 2 1 1 329 428 109 634
722 4 2 1 1 302 453 210 454
723 4 2 1 1 319 420 441 482
724 4 2 1 1 210 491 453 609
725 4 2 1 1 287 579 486 675
726 4 2 1 1 411 521 561 392
727 4 2 1 1 465 492 340 377
728 4 2 1 1 522 384 444 632
729 4 2 1 1 440 565 438 343
730 4 2 1 1 597 352 474 367
731 4 2 1 1 515 492 423 654
732 4 2 1 1 385 663 441 673
733 4 2 1 1 228 229 418 653
734 4 2 1 1 442 317 451 384
735 4 2 1 1 425 363 530 351
736 4 2 1 1 324 506 437 637
737 4 2 1 1 504 240 620 407
738 4 2 1 1 665 396 416 640
739 4 2 1 1 718 184 169 369
740 4 2 1 1 450 513 315 692
741 4 2 1 1 693 93 350 360
742 4 2 1 1 368 447 593 650
743 4 2 1 1 122 121 350 354
744 4 2 1 1 420 516 380 587
745 4 2 1 1 314 426 530 598
746 4 2 1 1 160 148 144 671
747 4 2 1 1 325 529 443 662
748 4 2 1 1 343 403 513 516
749 4 2 1 1 504 240 407 231
750 4 2 1 1 181 718 697 503
751 4 2 1 1 466 559 433 573
752 4 2 1 1 136 535 123 132
753 4 2 1 1 29 5 717 138
754 4 2 1 1 314 530 425 598
755 4 2 1 1 120 139 127 564
756 4 2 1 1 371 484 476 572
757 4 2 1 1 467 498 610 611
758 4 2 1 1 427 373 611 556
759 4 2 1 1 265 399 273 514
760 4 2 1 1 396 368 536 586
761 4 2 1 1 371 590 441 607
762 4 2 1 1 238 472 235 552
763 4 2 1 1 304 192 303 515
764 4 2 1 1 723 329 671 501
765 4 2 1 1 705 690 569 198
766 4 2 1 1 693 717 138 29
767 4 2 1 1 439 584 133 477
768 4 2 1 1 411 484 331 392
769 4 2 1 1 473 475 328 542
770 4 2 1 1 149 718 369 503
771 4 2 1 1 381 552 478 666
772 4 2 1 1 221 217 222 599
773 4 2 1 1 714 163 151 503
774 4 2 1 1 317 492 393 561
775 4 2 1 1 417 309 579 686
776 4 2 1 1 228 430 418 603
777 4 2 1 1 390 570 325 355
778 4 2 1 1 693 717 564 138
779 4 2 1 1 382 446 444 617
780 4 2 1 1 417 579 309 675
781 4 2 1 1 530 598 363 425
782 4 2 1 1 368 397 396 640
783 4 2 1 1 476 338 455 448
784 4 2 1 1 238 235 472 268
785 4 2 1 1 319 534 457 672
786 4 2 1 1 123 535 136 689
787 4 2 1 1 293 60 7 716
788 4 2 1 1 452 472 247 589
789 4 2 1 1 316 487 517 433
790 4 2 1 1 375 482 457 334
791 4 2 1 1 79 356 434 661
792 4 2 1 1 422 442 340 492
793 4 2 1 1 386 593 447 650
794 4 2 1 1 258 391 260 238
795 4 2 1 1 198 716 705 60
796 4 2 1 1 365 531 341 532
797 4 2 1 1 139 354 378 540
798 4 2 1 1 330 498 424 668
799 4 2 1 1 700 147 369 501
800 4 2 1 1 435 334 567 644
801 4 2 1 1 198 716 60 293
802 4 2 1 1 667 712 694 474
803 4 2 1 1 339 450 449 555
804 4 2 1 1 665 369 179 191
805 4 2 1 1 228 418 226 603
806 4 2 1 1 349 591 542 408
807 4 2 1 1 132 596 535 667
808 4 2 1 1 72 85 67 496
809 4 2 1 1 665 179 369 501
810 4 2 1 1 359 534 504 657
811 4 2 1 1 324 444 522 384
812 4 2 1 1 385 509 482 623
813 4 2 1 1 253 279 252 404
814 4 2 1 1 314 396 429 593
815 4 2 1 1 425 479 363 351
816 4 2 1 1 361 447 550 650
817 4 2 1 1 403 494 364 526
818 4 2 1 1 696 547 432 539
819 4 2 1 1 403 494 372 513
820 4 2 1 1 323 433 489 685
821 4 2 1 1 508 669 606 387
822 4 2 1 1 347 351 408 535
823 4 2 1 1 395 370 321 364
824 4 2 1 1 645 626 548 359
825 4 2 1 1 253 404 252 588
826 4 2 1 1 189 715 43 178
827 4 2 1 1 344 495 450 513
828 4 2 1 1 347 479 351 480
829 4 2 1 1 640 416 665 336
830 4 2 1 1 384 444 632 502
831 4 2 1 1 249 518 417 675
832 4 2 1 1 324 451 592 384
833 4 2 1 1 680 511 600 383
834 4 2 1 1 337 404 541 626
835 4 2 1 1 400 612 522 631
836 4 2 1 1 715 44 43 178
837 4 2 1 1 290 414 277 525
838 4 2 1 1 374 47 119 710
839 4 2 1 1 323 433 533 573
840 4 2 1 1 452 472 325 608
841 4 2 1 1 322 399 531 618
842 4 2 1 1 75 701 367 436
843 4 2 1 1 178 715 44 168
844 4 2 1 1 371 476 529 572
845 4 2 1 1 350 327 462 542
846 4 2 1 1 271 400 483 612
847 4 2 1 1 455 529 476 342
848 4 2 1 1 445 446 382 624
849 4 2 1 1 606 669 508 430
850 4 2 1 1 313 477 556 209
851 4 2 1 1 467 493 388 533
852 4 2 1 1 391 339 486 325
853 4 2 1 1 422 469 376 644
854 4 2 1 1 342 511 510 448
855 4 2 1 1 385 578 447 673
856 4 2 1 1 342 410 476 448
857 4 2 1 1 404 588 407 678
858 4 2 1 1 706 70 367 528
859 4 2 1 1 366 483 437 630
860 4 2 1 1 382 445 638 637
861 4 2 1 1 504 534 381 657
862 4 2 1 1 207 307 280 566
863 4 2 1 1 330 424 548 651
864 4 2 1 1 415 548 424 651
865 4 2 1 1 253 485 404 588
866 4 2 1 1 333 699 76 491
867 4 2 1 1 406 405 541 652
868 4 2 1 1 403 468 338 516
869 4 2 1 1 457 534 359 672
870 4 2 1 1 362 472 478 552
871 4 2 1 1 355 527 449 553
872 4 2 1 1 178 715 168 367
873 4 2 1 1 502 549 512 412
874 4 2 1 1 492 317 377 561
875 4 2 1 1 189 715 178 367
876 4 2 1 1 339 417 579 687
877 4 2 1 1 344 440 495 513
878 4 2 1 1 183 175 352 474
879 4 2 1 1 458 351 489 425
880 4 2 1 1 222 486 390 589
881 4 2 1 1 462 433 349 408
882 4 2 1 1 363 479 622 438
883 4 2 1 1 411 521 392 550
884 4 2 1 1 688 216 279 280
885 4 2 1 1 342 527 419 691
886 4 2 1 1 447 558 431 578
887 4 2 1 1 298 299 201 690
888 4 2 1 1 459 428 328 473
889 4 2 1 1 714 19 461 151
890 4 2 1 1 435 431 361 558
891 4 2 1 1 373 551 507 606
892 4 2 1 1 451 471 376 625
893 4 2 1 1 226 228 229 418
894 4 2 1 1 426 526 395 655
895 4 2 1 1 515 492 654 340
896 4 2 1 1 276 274 452 571
897 4 2 1 1 391 518 417 666
898 4 2 1 1 714 18 19 151
899 4 2 1 1 424 415 337 652
900 4 2 1 1 568 465 515 340
901 4 2 1 1 392 317 431 490
902 4 2 1 1 360 532 475 614
903 4 2 1 1 372 403 513 343
904 4 2 1 1 131 402 348 378
905 4 2 1 1 252 588 404 678
906 4 2 1 1 362 534 470 552
907 4 2 1 1 126 354 497 378
908 4 2 1 1 322 404 583 626
909 4 2 1 1 330 418 551 610
910 4 2 1 1 714 163 18 151
911 4 2 1 1 418 330 551 645
912 4 2 1 1 256 483 437 612
913 4 2 1 1 348 499 402 477
914 4 2 1 1 252 404 566 678
915 4 2 1 1 161 166 159 680
916 4 2 1 1 330 424 498 559
917 4 2 1 1 318 572 484 592
918 4 2 1 1 597 352 367 481
919 4 2 1 1 381 551 418 653
920 4 2 1 1 515 492 340 465
921 4 2 1 1 714 711 81 18
922 4 2 1 1 151 461 714 503
923 4 2 1 1 376 457 583 672
924 4 2 1 1 337 626 415 651
925 4 2 1 1 688 279 216 514
926 4 2 1 1 337 541 415 626
927 4 2 1 1 346 559 466 573
928 4 2 1 1 460 495 450 546
929 4 2 1 1 680 511 383 419
930 4 2 1 1 349 537 401 542
931 4 2 1 1 487 652 316 517
932 4 2 1 1 687 344 450 562
933 4 2 1 1 341 543 604 649
934 4 2 1 1 172 713 695 641
935 4 2 1 1 384 411 561 392
936 4 2 1 1 436 584 133 439
937 4 2 1 1 342 529 476 572
938 4 2 1 1 172 713 641 170
939 4 2 1 1 468 516 403 343
940 4 2 1 1 41 713 170 40
941 4 2 1 1 543 389 649 435
942 4 2 1 1 541 531 322 688
943 4 2 1 1 318 572 443 658
944 4 2 1 1 645 626 359 407
945 4 2 1 1 636 713 40 170
946 4 2 1 1 338 468 403 363
947 4 2 1 1 474 563 327 667
948 4 2 1 1 203 221 287 579
949 4 2 1 1 308 213 215 646
950 4 2 1 1 418 229 504 653
951 4 2 1 1 214 273 265 399
952 4 2 1 1 537 435 649 585
953 4 2 1 1 319 590 471 607
954 4 2 1 1 470 552 534 657
955 4 2 1 1 344 387 687 432
956 4 2 1 1 711 724 714 81
957 4 2 1 1 713 170 636 641
958 4 2 1 1 667 712 474 563
959 4 2 1 1 503 665 616 674
960 4 2 1 1 320 421 507 493
961 4 2 1 1 335 358 411 412
962 4 2 1 1 342 511 448 681
963 4 2 1 1 324 506 471 647
964 4 2 1 1 503 665 674 184
965 4 2 1 1 381 538 456 551
966 4 2 1 1 361 435 581 490
967 4 2 1 1 240 407 254 620
968 4 2 1 1 438 343 565 682
969 4 2 1 1 228 430 603 227
970 4 2 1 1 433 559 533 573
971 4 2 1 1 375 548 629 660
972 4 2 1 1 435 490 543 389
973 4 2 1 1 125 694 712 45
974 4 2 1 1 348 498 414 378
975 4 2 1 1 377 492 442 317
976 4 2 1 1 307 566 289 678
977 4 2 1 1 140 119 664 477
978 4 2 1 1 344 421 440 513
979 4 2 1 1 180 712 45 46
980 4 2 1 1 712 186 46 180
981 4 2 1 1 342 419 510 511
982 4 2 1 1 491 3 21 83
983 4 2 1 1 456 629 548 660
984 4 2 1 1 424 337 415 651
985 4 2 1 1 205 290 196 464
986 4 2 1 1 323 425 468 663
987 4 2 1 1 103 505 393 670
988 4 2 1 1 376 431 644 334
989 4 2 1 1 503 665 184 369
990 4 2 1 1 462 401 350 542
991 4 2 1 1 422 618 531 654
992 4 2 1 1 408 466 433 573
993 4 2 1 1 407 582 254 620
994 4 2 1 1 180 474 712 636
995 4 2 1 1 376 457 334 684
996 4 2 1 1 401 517 487 433
997 4 2 1 1 338 429 476 673
998 4 2 1 1 452 519 353 571
999 4 2 1 1 530 595 396 314
1000 4 2 1 1 436 481 480 596
1001 4 2 1 1 244 545 437 642
1002 4 2 1 1 482 623 420 663
1003 4 2 1 1 417 518 391 675
1004 4 2 1 1 385 623 482 663
1005 4 2 1 1 485 583 404 588
1006 4 2 1 1 446 519 624 676
1007 4 2 1 1 332 551 430 606
1008 4 2 1 1 315 460 449 553
1009 4 2 1 1 348 427 414 498
1010 4 2 1 1 457 482 607 334
1011 4 2 1 1 397 368 650 594
1012 4 2 1 1 29 5 111 717
1013 4 2 1 1 454 520 302 571
1014 4 2 1 1 244 237 545 642
1015 4 2 1 1 427 611 498 348
1016 4 2 1 1 270 483 310 568
1017 4 2 1 1 226 418 229 620
1018 4 2 1 1 436 133 584 118
1019 4 2 1 1 482 509 334 375
1020 4 2 1 1 351 489 408 591
1021 4 2 1 1 397 593 396 595
1022 4 2 1 1 282 520 519 571
1023 4 2 1 1 542 386 537 328
1024 4 2 1 1 339 555 449 325
1025 4 2 1 1 712 694 180 45
1026 4 2 1 1 214 266 568 648
1027 4 2 1 1 712 694 474 180
1028 4 2 1 1 459 473 328 542
1029 4 2 1 1 431 644 435 490
1030 4 2 1 1 448 510 410 601
1031 4 2 1 1 445 612 245 638
1032 4 2 1 1 168 474 367 667
1033 4 2 1 1 387 432 686 687
1034 4 2 1 1 375 533 433 559
1035 4 2 1 1 446 617 353 659
1036 4 2 1 1 87 69 68 528
1037 4 2 1 1 113 423 389 604
1038 4 2 1 1 316 463 424 560
1039 4 2 1 1 239 472 247 656
1040 4 2 1 1 593 595 386 627
1041 4 2 1 1 337 541 575 652
1042 4 2 1 1 462 466 433 408
1043 4 2 1 1 344 495 440 496
1044 4 2 1 1 410 484 411 549
1045 4 2 1 1 350 354 121 540
1046 4 2 1 1 309 579 686 203
1047 4 2 1 1 153 454 491 680
1048 4 2 1 1 256 437 483 630
1049 4 2 1 1 493 533 467 615
1050 4 2 1 1 170 336 174 636
1051 4 2 1 1 65 333 491 394
1052 4 2 1 1 193 427 348 556
1053 4 2 1 1 444 506 443 592
1054 4 2 1 1 332 562 421 606
1055 4 2 1 1 355 379 333 691
1056 4 2 1 1 469 567 334 644
1057 4 2 1 1 501 641 640 665
1058 4 2 1 1 341 475 532 614
1059 4 2 1 1 345 438 372 440
1060 4 2 1 1 700 169 179 369
1061 4 2 1 1 337 575 541 688
1062 4 2 1 1 313 508 219 556
1063 4 2 1 1 418 504 229 620
1064 4 2 1 1 269 630 483 648
1065 4 2 1 1 437 324 625 647
1066 4 2 1 1 522 631 384 377
1067 4 2 1 1 142 700 147 369
1068 4 2 1 1 371 529 476 587
1069 4 2 1 1 658 691 570 453
1070 4 2 1 1 210 453 302 609
1071 4 2 1 1 460 546 339 605
1072 4 2 1 1 456 551 330 645
1073 4 2 1 1 404 588 583 626
1074 4 2 1 1 473 636 336 641
1075 4 2 1 1 492 654 340 422
1076 4 2 1 1 453 355 390 609
1077 4 2 1 1 509 375 482 623
1078 4 2 1 1 393 521 524 634
1079 4 2 1 1 403 526 338 363
1080 4 2 1 1 570 691 658 527
1081 4 2 1 1 370 643 448 523
1082 4 2 1 1 712 563 636 474
1083 4 2 1 1 507 551 373 610
1084 4 2 1 1 457 607 482 319
1085 4 2 1 1 376 334 469 684
1086 4 2 1 1 382 506 444 637
1087 4 2 1 1 1 294 47 374
1088 4 2 1 1 222 390 276 589
1089 4 2 1 1 259 579 287 675
1090 4 2 1 1 326 345 436 480
1091 4 2 1 1 324 444 506 637
1092 4 2 1 1 342 529 527 553
1093 4 2 1 1 13 1 84 374
1094 4 2 1 1 228 430 227 242
1095 4 2 1 1 457 376 607 672
1096 4 2 1 1 320 507 467 493
1097 4 2 1 1 47 374 209 710
1098 4 2 1 1 290 414 525 464
1099 4 2 1 1 371 572 443 592
1100 4 2 1 1 188 52 4 711
1101 4 2 1 1 443 353 617 658
1102 4 2 1 1 312 675 287 486
1103 4 2 1 1 538 551 381 666
1104 4 2 1 1 714 724 74 81
1105 4 2 1 1 250 669 297 686
1106 4 2 1 1 319 457 607 672
1107 4 2 1 1 711 697 188 52
1108 4 2 1 1 88 473 97 114
1109 4 2 1 1 465 304 218 400
1110 4 2 1 1 469 618 322 531
1111 4 2 1 1 711 697 503 188
1112 4 2 1 1 171 185 177 674
1113 4 2 1 1 693 93 28 350
1114 4 2 1 1 91 350 93 475
1115 4 2 1 1 206 278 427 582
1116 4 2 1 1 266 214 265 648
1117 4 2 1 1 371 476 441 587
1118 4 2 1 1 542 386 328 459
1119 4 2 1 1 355 453 570 691
1120 4 2 1 1 355 333 453 691
1121 4 2 1 1 359 470 583 672
1122 4 2 1 1 25 711 4 81
1123 4 2 1 1 435 361 431 490
1124 4 2 1 1 366 583 470 672
1125 4 2 1 1 668 525 424 651
1126 4 2 1 1 372 494 403 526
1127 4 2 1 1 349 459 542 591
1128 4 2 1 1 320 565 421 493
1129 4 2 1 1 406 487 415 684
1130 4 2 1 1 725 9 135 701
1131 4 2 1 1 287 675 312 259
1132 4 2 1 1 316 375 487 433
1133 4 2 1 1 388 493 557 420
1134 4 2 1 1 423 543 365 654
1135 4 2 1 1 28 93 91 350
1136 4 2 1 1 303 399 515 619
1137 4 2 1 1 350 517 360 614
1138 4 2 1 1 324 506 444 592
1139 4 2 1 1 639 693 564 360
1140 4 2 1 1 342 553 511 681
1141 4 2 1 1 343 513 565 493
1142 4 2 1 1 376 457 607 334
1143 4 2 1 1 352 474 175 665
1144 4 2 1 1 182 189 178 367
1145 4 2 1 1 211 390 571 276
1146 4 2 1 1 462 466 316 433
1147 4 2 1 1 530 595 314 458
1148 4 2 1 1 28 350 120 693
1149 4 2 1 1 356 495 434 661
1150 4 2 1 1 315 495 494 513
1151 4 2 1 1 488 508 373 606
1152 4 2 1 1 260 486 275 589
1153 4 2 1 1 492 654 422 543
1154 4 2 1 1 140 402 133 477
1155 4 2 1 1 421 565 513 493
1156 4 2 1 1 596 689 436 136
1157 4 2 1 1 443 529 371 662
1158 4 2 1 1 325 390 452 570
1159 4 2 1 1 247 276 452 589
1160 4 2 1 1 342 553 527 691
1161 4 2 1 1 308 514 216 273
1162 4 2 1 1 430 518 242 653
1163 4 2 1 1 314 595 593 627
1164 4 2 1 1 725 9 701 80
1165 4 2 1 1 725 135 367 701
1166 4 2 1 1 236 263 232 470
1167 4 2 1 1 168 183 178 367
1168 4 2 1 1 183 367 168 474
1169 4 2 1 1 613 500 621 321
1170 4 2 1 1 387 421 562 606
1171 4 2 1 1 487 334 375 684
1172 4 2 1 1 126 497 354 689
1173 4 2 1 1 193 427 556 223
1174 4 2 1 1 28 91 27 350
1175 4 2 1 1 434 495 494 661
1176 4 2 1 1 184 503 181 674
1177 4 2 1 1 337 541 404 688
1178 4 2 1 1 645 626 407 651
1179 4 2 1 1 170 173 336 641
1180 4 2 1 1 388 467 507 493
1181 4 2 1 1 348 707 414 278
1182 4 2 1 1 317 393 490 561
1183 4 2 1 1 445 245 624 638
1184 4 2 1 1 405 406 360 652
1185 4 2 1 1 449 460 355 553
1186 4 2 1 1 440 495 372 496
1187 4 2 1 1 31 30 215 639
1188 4 2 1 1 339 579 599 605
1189 4 2 1 1 102 703 563 636
1190 4 2 1 1 215 31 639 646
1191 4 2 1 1 230 653 262 657
1192 4 2 1 1 667 712 563 125
1193 4 2 1 1 124 596 367 436
1194 4 2 1 1 323 468 420 663
1195 4 2 1 1 323 489 425 685
1196 4 2 1 1 387 508 488 606
1197 4 2 1 1 614 487 567 401
1198 4 2 1 1 289 566 525 678
1199 4 2 1 1 436 689 596 347
1200 4 2 1 1 372 403 363 526
1201 4 2 1 1 600 364 448 681
1202 4 2 1 1 289 525 254 678
1203 4 2 1 1 557 468 420 493
1204 4 2 1 1 474 563 473 327
1205 4 2 1 1 100 89 112 646
1206 4 2 1 1 14 197 13 539
1207 4 2 1 1 249 417 309 675
1208 4 2 1 1 274 282 519 571
1209 4 2 1 1 424 463 316 652
1210 4 2 1 1 104 365 32 515
1211 4 2 1 1 265 514 253 485
1212 4 2 1 1 409 347 497 679
1213 4 2 1 1 227 224 257 603
1214 4 2 1 1 298 201 301 690
1215 4 2 1 1 320 493 615 682
1216 4 2 1 1 107 703 636 722
1217 4 2 1 1 537 558 435 585
1218 4 2 1 1 338 516 587 455
1219 4 2 1 1 359 470 534 657
1220 4 2 1 1 225 223 224 427
1221 4 2 1 1 294 13 197 374
1222 4 2 1 1 303 399 619 214
1223 4 2 1 1 658 659 318 419
1224 4 2 1 1 390 339 486 599
1225 4 2 1 1 366 630 485 648
1226 4 2 1 1 256 483 269 630
1227 4 2 1 1 353 570 453 658
1228 4 2 1 1 253 514 265 279
1229 4 2 1 1 563 475 542 350
1230 4 2 1 1 359 583 588 626
1231 4 2 1 1 313 477 374 508
1232 4 2 1 1 437 366 630 647
1233 4 2 1 1 130 374 137 119
1234 4 2 1 1 104 465 423 515
1235 4 2 1 1 357 522 444 632
1236 4 2 1 1 413 158 520 676
1237 4 2 1 1 330 660 548 559
1238 4 2 1 1 406 531 405 532
1239 4 2 1 1 437 545 244 638
1240 4 2 1 1 281 246 274 519
1241 4 2 1 1 536 594 368 640
1242 4 2 1 1 478 538 381 666
1243 4 2 1 1 345 438 440 565
1244 4 2 1 1 95 473 91 475
1245 4 2 1 1 502 512 549 318
1246 4 2 1 1 13 197 374 539
1247 4 2 1 1 364 403 526 338
1248 4 2 1 1 444 522 445 637
1249 4 2 1 1 239 235 472 545
1250 4 2 1 1 275 260 312 486
1251 4 2 1 1 256 437 244 612
1252 4 2 1 1 147 369 501 671
1253 4 2 1 1 512 549 510 601
1254 4 2 1 1 135 124 129 367
1255 4 2 1 1 477 209 710 664
1256 4 2 1 1 484 411 384 392
1257 4 2 1 1 469 543 341 567
1258 4 2 1 1 477 710 209 374
1259 4 2 1 1 362 545 472 552
1260 4 2 1 1 382 519 452 656
1261 4 2 1 1 545 437 637 638
1262 4 2 1 1 503 665 369 616
1263 4 2 1 1 330 498 467 559
1264 4 2 1 1 88 473 114 641
1265 4 2 1 1 241 588 252 678
1266 4 2 1 1 367 481 352 528
1267 4 2 1 1 313 477 209 374
1268 4 2 1 1 568 654 618 340
1269 4 2 1 1 346 573 466 497
1270 4 2 1 1 355 460 394 333
1271 4 2 1 1 119 48 131 664
1272 4 2 1 1 331 523 411 550
1273 4 2 1 1 209 48 710 664
1274 4 2 1 1 209 47 710 48
1275 4 2 1 1 341 531 406 532
1276 4 2 1 1 342 410 448 510
1277 4 2 1 1 333 699 461 76
1278 4 2 1 1 281 274 282 519
1279 4 2 1 1 425 489 479 351
1280 4 2 1 1 319 420 482 629
1281 4 2 1 1 274 247 276 452
1282 4 2 1 1 420 623 482 629
1283 4 2 1 1 678 254 240 407
1284 4 2 1 1 323 623 433 685
1285 4 2 1 1 361 550 594 650
1286 4 2 1 1 351 458 416 530
1287 4 2 1 1 395 580 481 655
1288 4 2 1 1 323 493 468 622
1289 4 2 1 1 545 552 362 642
1290 4 2 1 1 667 712 125 694
1291 4 2 1 1 233 262 238 552
1292 4 2 1 1 468 493 343 622
1293 4 2 1 1 125 667 122 563
1294 4 2 1 1 47 209 374 294
1295 4 2 1 1 331 550 411 392
1296 4 2 1 1 269 483 270 648
1297 4 2 1 1 316 433 466 559
1298 4 2 1 1 448 364 455 681
1299 4 2 1 1 487 652 517 406
1300 4 2 1 1 448 455 364 338
1301 4 2 1 1 339 460 450 546
1302 4 2 1 1 82 434 398 635
1303 4 2 1 1 330 467 498 610
1304 4 2 1 1 368 396 536 640
1305 4 2 1 1 678 240 254 251
1306 4 2 1 1 358 523 410 643
1307 4 2 1 1 666 417 430 518
1308 4 2 1 1 468 516 420 663
1309 4 2 1 1 666 430 417 332
1310 4 2 1 1 492 654 543 423
1311 4 2 1 1 379 553 511 691
1312 4 2 1 1 418 504 381 653
1313 4 2 1 1 715 115 129 44
1314 4 2 1 1 715 115 667 129
1315 4 2 1 1 318 443 617 658
1316 4 2 1 1 413 512 502 617
1317 4 2 1 1 405 531 514 619
1318 4 2 1 1 317 543 490 389
1319 4 2 1 1 342 410 510 572
1320 4 2 1 1 319 441 590 607
1321 4 2 1 1 196 50 709 51
1322 4 2 1 1 687 450 344 546
1323 4 2 1 1 501 640 369 665
1324 4 2 1 1 685 433 349 509
1325 4 2 1 1 685 349 433 489
1326 4 2 1 1 342 511 553 691
1327 4 2 1 1 386 509 537 558
1328 4 2 1 1 122 535 327 667
1329 4 2 1 1 441 482 385 578
1330 4 2 1 1 409 679 615 682
1331 4 2 1 1 179 169 191 369
1332 4 2 1 1 440 565 343 513
1333 4 2 1 1 122 123 354 535
1334 4 2 1 1 478 538 380 590
1335 4 2 1 1 413 357 446 502
1336 4 2 1 1 107 703 722 26
1337 4 2 1 1 345 439 438 565
1338 4 2 1 1 522 612 445 637
1339 4 2 1 1 663 673 587 441
1340 4 2 1 1 64 345 436 326
1341 4 2 1 1 428 473 114 576
1342 4 2 1 1 511 553 379 681
1343 4 2 1 1 484 572 371 592
1344 4 2 1 1 51 709 196 288
1345 4 2 1 1 320 507 421 488
1346 4 2 1 1 427 620 582 668
1347 4 2 1 1 306 200 284 624
1348 4 2 1 1 363 480 479 438
1349 4 2 1 1 449 460 339 355
1350 4 2 1 1 338 516 468 663
1351 4 2 1 1 196 709 50 464
1352 4 2 1 1 220 709 575 639
1353 4 2 1 1 388 557 538 420
1354 4 2 1 1 103 393 106 670
1355 4 2 1 1 347 596 535 689
1356 4 2 1 1 76 661 461 333
1357 4 2 1 1 220 709 639 288
1358 4 2 1 1 356 496 495 547
1359 4 2 1 1 437 244 612 638
1360 4 2 1 1 344 450 495 546
1361 4 2 1 1 436 439 345 584
1362 4 2 1 1 244 437 272 642
1363 4 2 1 1 522 612 690 445
1364 4 2 1 1 449 553 529 455
1365 4 2 1 1 49 664 193 707
1366 4 2 1 1 366 470 647 672
1367 4 2 1 1 251 289 254 678
1368 4 2 1 1 89 532 365 604
1369 4 2 1 1 534 552 381 657
1370 4 2 1 1 578 607 482 334
1371 4 2 1 1 246 274 519 656
1372 4 2 1 1 342 419 511 691
1373 4 2 1 1 274 247 452 656
1374 4 2 1 1 404 337 566 678
1375 4 2 1 1 346 497 466 560
1376 4 2 1 1 323 425 663 685
1377 4 2 1 1 357 146 633 574
1378 4 2 1 1 223 193 219 556
1379 4 2 1 1 182 352 367 183
1380 4 2 1 1 235 545 237 642
1381 4 2 1 1 49 664 707 131
1382 4 2 1 1 150 412 602 544
1383 4 2 1 1 310 483 400 568
1384 4 2 1 1 327 542 350 563
1385 4 2 1 1 600 379 661 364
1386 4 2 1 1 62 85 72 547
1387 4 2 1 1 320 467 499 615
1388 4 2 1 1 337 404 566 688
1389 4 2 1 1 333 379 511 691
1390 4 2 1 1 725 9 2 135
1391 4 2 1 1 587 673 663 338
1392 4 2 1 1 422 531 469 543
1393 4 2 1 1 68 367 70 528
1394 4 2 1 1 575 525 207 566
1395 4 2 1 1 49 707 193 278
1396 4 2 1 1 384 561 317 392
1397 4 2 1 1 482 623 375 629
1398 4 2 1 1 318 510 419 512
1399 4 2 1 1 531 618 399 654
1400 4 2 1 1 193 348 707 664
1401 4 2 1 1 339 579 486 599
1402 4 2 1 1 86 333 356 661
1403 4 2 1 1 460 333 355 379
1404 4 2 1 1 361 435 558 585
1405 4 2 1 1 268 260 275 589
1406 4 2 1 1 504 240 231 229
1407 4 2 1 1 320 615 679 682
1408 4 2 1 1 193 278 707 348
1409 4 2 1 1 309 417 249 669
1410 4 2 1 1 453 419 658 691
1411 4 2 1 1 185 184 177 674
1412 4 2 1 1 233 230 262 657
1413 4 2 1 1 210 56 57 708
1414 4 2 1 1 371 587 441 590
1415 4 2 1 1 330 551 456 660
1416 4 2 1 1 504 240 229 620
1417 4 2 1 1 716 34 7 293
1418 4 2 1 1 397 594 428 640
1419 4 2 1 1 140 126 133 402
1420 4 2 1 1 359 534 470 672
1421 4 2 1 1 371 443 506 592
1422 4 2 1 1 130 119 140 477
1423 4 2 1 1 287 486 579 599
1424 4 2 1 1 493 573 533 615
1425 4 2 1 1 362 545 506 608
1426 4 2 1 1 184 191 169 369
1427 4 2 1 1 133 136 436 689
1428 4 2 1 1 443 572 527 658
1429 4 2 1 1 488 344 421 440
1430 4 2 1 1 613 500 321 503
1431 4 2 1 1 328 386 537 585
1432 4 2 1 1 356 394 77 605
1433 4 2 1 1 56 491 153 708
1434 4 2 1 1 210 57 454 708
1435 4 2 1 1 380 538 478 555
1436 4 2 1 1 409 347 679 438
1437 4 2 1 1 323 420 623 663
1438 4 2 1 1 392 361 550 521
1439 4 2 1 1 677 393 634 521
1440 4 2 1 1 326 580 481 528
1441 4 2 1 1 340 400 465 377
1442 4 2 1 1 425 489 458 685
1443 4 2 1 1 210 454 57 302
1444 4 2 1 1 409 408 573 497
1445 4 2 1 1 708 454 210 491
1446 4 2 1 1 209 477 556 664
1447 4 2 1 1 422 543 469 644
1448 4 2 1 1 479 480 363 351
1449 4 2 1 1 143 57 454 520
1450 4 2 1 1 545 637 382 638
1451 4 2 1 1 130 11 12 584
1452 4 2 1 1 613 500 503 577
1453 4 2 1 1 258 238 262 518
1454 4 2 1 1 156 37 38 505
1455 4 2 1 1 506 545 382 608
1456 4 2 1 1 597 352 481 416
1457 4 2 1 1 634 96 106 389
1458 4 2 1 1 313 209 294 374
1459 4 2 1 1 538 557 380 420
1460 4 2 1 1 301 612 445 690
1461 4 2 1 1 271 483 256 612
1462 4 2 1 1 408 466 573 497
1463 4 2 1 1 719 8 35 108
1464 4 2 1 1 334 431 558 578
1465 4 2 1 1 426 598 338 363
1466 4 2 1 1 158 413 357 676
1467 4 2 1 1 424 498 414 668
1468 4 2 1 1 158 357 720 676
1469 4 2 1 1 377 522 569 632
1470 4 2 1 1 322 541 404 626
1471 4 2 1 1 156 574 524 633
1472 4 2 1 1 614 487 401 517
1473 4 2 1 1 331 484 451 392
1474 4 2 1 1 451 484 384 392
1475 4 2 1 1 484 384 411 502
1476 4 2 1 1 312 486 260 675
1477 4 2 1 1 393 505 103 524
1478 4 2 1 1 37 505 156 524
1479 4 2 1 1 327 473 542 563
1480 4 2 1 1 484 411 549 502
1481 4 2 1 1 173 174 170 336
1482 4 2 1 1 174 474 336 665
1483 4 2 1 1 444 324 522 637
1484 4 2 1 1 421 488 440 565
1485 4 2 1 1 173 641 501 665
1486 4 2 1 1 125 122 667 141
1487 4 2 1 1 668 424 525 414
1488 4 2 1 1 361 581 435 585
1489 4 2 1 1 374 584 488 477
1490 4 2 1 1 201 400 271 612
1491 4 2 1 1 474 473 336 459
1492 4 2 1 1 318 592 484 502
1493 4 2 1 1 333 511 379 600
1494 4 2 1 1 153 454 708 491
1495 4 2 1 1 334 537 509 558
1496 4 2 1 1 320 439 488 565
1497 4 2 1 1 421 565 440 513
1498 4 2 1 1 81 4 18 711
1499 4 2 1 1 527 529 342 572
1500 4 2 1 1 469 531 341 543
1501 4 2 1 1 525 651 337 424
1502 4 2 1 1 550 368 594 650
1503 4 2 1 1 58 520 158 676
1504 4 2 1 1 449 529 380 455
1505 4 2 1 1 249 430 518 242
1506 4 2 1 1 227 228 226 603
1507 4 2 1 1 49 205 50 707
1508 4 2 1 1 676 311 520 519
1509 4 2 1 1 245 445 301 612
1510 4 2 1 1 674 78 528 398
1511 4 2 1 1 88 98 695 641
1512 4 2 1 1 719 162 8 55
1513 4 2 1 1 456 538 319 629
1514 4 2 1 1 390 452 570 571
1515 4 2 1 1 172 713 170 41
1516 4 2 1 1 415 406 541 652
1517 4 2 1 1 419 512 454 659
1518 4 2 1 1 674 528 78 61
1519 4 2 1 1 340 618 422 654
1520 4 2 1 1 256 270 269 483
1521 4 2 1 1 417 669 309 686
1522 4 2 1 1 268 247 472 589
1523 4 2 1 1 49 278 205 707
1524 4 2 1 1 707 205 50 464
1525 4 2 1 1 57 302 520 195
1526 4 2 1 1 226 261 225 620
1527 4 2 1 1 337 566 575 688
1528 4 2 1 1 348 402 664 477
1529 4 2 1 1 399 618 485 648
1530 4 2 1 1 384 484 451 592
1531 4 2 1 1 278 205 707 414
1532 4 2 1 1 299 400 201 690
1533 4 2 1 1 376 471 451 607
1534 4 2 1 1 237 244 272 642
1535 4 2 1 1 569 146 633 357
1536 4 2 1 1 122 327 563 667
1537 4 2 1 1 513 450 332 557
1538 4 2 1 1 538 555 380 557
1539 4 2 1 1 391 486 589 325
1540 4 2 1 1 205 707 414 464
1541 4 2 1 1 156 146 633 505
1542 4 2 1 1 146 720 357 705
1543 4 2 1 1 362 471 506 647
1544 4 2 1 1 451 484 371 592
1545 4 2 1 1 277 414 278 582
1546 4 2 1 1 352 528 481 580
1547 4 2 1 1 156 633 146 574
1548 4 2 1 1 563 475 350 91
1549 4 2 1 1 410 448 601 643
1550 4 2 1 1 384 631 442 377
1551 4 2 1 1 317 543 422 644
1552 4 2 1 1 22 706 189 182
1553 4 2 1 1 316 424 559 560
1554 4 2 1 1 513 332 450 562
1555 4 2 1 1 182 23 22 706
1556 4 2 1 1 326 481 580 655
1557 4 2 1 1 263 485 264 253
1558 4 2 1 1 395 580 321 616
1559 4 2 1 1 343 557 513 493
1560 4 2 1 1 640 416 336 397
1561 4 2 1 1 346 498 467 499
1562 4 2 1 1 94 475 532 604
1563 4 2 1 1 146 705 357 569
1564 4 2 1 1 437 637 631 324
1565 4 2 1 1 251 240 241 678
1566 4 2 1 1 291 217 292 609
1567 4 2 1 1 631 637 437 612
1568 4 2 1 1 239 545 472 656
1569 4 2 1 1 469 334 487 684
1570 4 2 1 1 314 425 385 598
1571 4 2 1 1 320 679 439 682
1572 4 2 1 1 308 514 405 216
1573 4 2 1 1 320 565 493 682
1574 4 2 1 1 150 161 159 602
1575 4 2 1 1 706 182 23 528
1576 4 2 1 1 347 479 480 438
1577 4 2 1 1 182 706 367 528
1578 4 2 1 1 332 555 538 557
1579 4 2 1 1 663 516 587 338
1580 4 2 1 1 364 395 526 580
1581 4 2 1 1 392 490 361 521
1582 4 2 1 1 395 352 481 580
1583 4 2 1 1 469 487 334 567
1584 4 2 1 1 179 173 501 665
1585 4 2 1 1 362 552 470 642
1586 4 2 1 1 409 573 493 615
1587 4 2 1 1 533 559 346 573
1588 4 2 1 1 342 448 455 681
1589 4 2 1 1 353 570 452 571
1590 4 2 1 1 315 460 553 379
1591 4 2 1 1 173 336 641 665
1592 4 2 1 1 179 191 173 665
1593 4 2 1 1 315 495 460 379
1594 4 2 1 1 525 566 337 678
1595 4 2 1 1 104 423 365 515
1596 4 2 1 1 425 458 627 685
1597 4 2 1 1 388 533 629 660
1598 4 2 1 1 182 706 189 367
1599 4 2 1 1 64 67 345 326
1600 4 2 1 1 443 371 529 572
1601 4 2 1 1 362 534 471 647
1602 4 2 1 1 221 599 579 605
1603 4 2 1 1 663 587 516 420
1604 4 2 1 1 475 604 576 649
1605 4 2 1 1 599 460 605 394
1606 4 2 1 1 395 370 364 426
1607 4 2 1 1 228 430 242 653
1608 4 2 1 1 445 245 284 624
1609 4 2 1 1 390 486 222 599
1610 4 2 1 1 400 631 522 377
1611 4 2 1 1 241 253 252 588
1612 4 2 1 1 317 492 543 389
1613 4 2 1 1 390 339 599 355
1614 4 2 1 1 478 555 538 666
1615 4 2 1 1 378 560 498 424
1616 4 2 1 1 374 66 12 84
1617 4 2 1 1 59 198 705 60
1618 4 2 1 1 198 716 293 569
1619 4 2 1 1 317 393 492 389
1620 4 2 1 1 363 438 343 372
1621 4 2 1 1 258 391 238 518
1622 4 2 1 1 586 429 523 370
1623 4 2 1 1 331 578 441 673
1624 4 2 1 1 263 485 253 588
1625 4 2 1 1 198 705 199 59
1626 4 2 1 1 330 424 651 668
1627 4 2 1 1 319 482 441 607
1628 4 2 1 1 198 716 569 705
1629 4 2 1 1 206 427 225 582
1630 4 2 1 1 705 690 198 199
1631 4 2 1 1 720 690 199 676
1632 4 2 1 1 364 526 494 434
1633 4 2 1 1 149 613 151 503
1634 4 2 1 1 33 34 704 208
1635 4 2 1 1 474 473 459 327
1636 4 2 1 1 273 514 399 619
1637 4 2 1 1 613 500 577 621
1638 4 2 1 1 96 428 114 576
1639 4 2 1 1 184 191 369 665
1640 4 2 1 1 222 217 291 599
1641 4 2 1 1 467 499 498 611
1642 4 2 1 1 147 148 369 671
1643 4 2 1 1 61 698 71 674
1644 4 2 1 1 236 232 234 470
1645 4 2 1 1 132 596 667 367
1646 4 2 1 1 357 446 445 676
1647 4 2 1 1 485 618 366 648
1648 4 2 1 1 670 704 569 465
1649 4 2 1 1 407 651 525 668
1650 4 2 1 1 345 496 67 628
1651 4 2 1 1 377 522 400 569
1652 4 2 1 1 322 541 626 684
1653 4 2 1 1 415 626 541 684
1654 4 2 1 1 234 470 232 657
1655 4 2 1 1 370 500 396 321
1656 4 2 1 1 234 552 470 657
1657 4 2 1 1 73 84 66 374
1658 4 2 1 1 105 329 109 101
1659 4 2 1 1 208 34 704 293
1660 4 2 1 1 667 694 125 115
1661 4 2 1 1 381 645 534 504
1662 4 2 1 1 299 704 208 465
1663 4 2 1 1 349 401 462 542
1664 4 2 1 1 516 380 557 420
1665 4 2 1 1 78 724 71 74
1666 4 2 1 1 249 430 242 248
1667 4 2 1 1 388 538 629 420
1668 4 2 1 1 342 529 553 455
1669 4 2 1 1 102 563 473 636
1670 4 2 1 1 432 539 344 387
1671 4 2 1 1 429 370 338 523
1672 4 2 1 1 390 339 355 325
1673 4 2 1 1 688 252 566 280
1674 4 2 1 1 335 358 412 544
1675 4 2 1 1 455 553 342 681
1676 4 2 1 1 412 512 161 602
1677 4 2 1 1 355 553 460 379
1678 4 2 1 1 414 378 498 424
1679 4 2 1 1 433 623 509 685
1680 4 2 1 1 73 374 66 628
1681 4 2 1 1 239 268 247 472
1682 4 2 1 1 402 499 348 378
1683 4 2 1 1 77 356 86 394
1684 4 2 1 1 74 63 82 461
1685 4 2 1 1 390 339 325 486
1686 4 2 1 1 381 534 645 456
1687 4 2 1 1 704 92 505 110
1688 4 2 1 1 213 305 515 619
1689 4 2 1 1 359 534 645 504
1690 4 2 1 1 213 192 32 515
1691 4 2 1 1 130 374 119 477
1692 4 2 1 1 676 311 519 200
1693 4 2 1 1 335 524 521 544
1694 4 2 1 1 211 390 276 291
1695 4 2 1 1 491 333 453 609
1696 4 2 1 1 537 567 401 649
1697 4 2 1 1 554 581 428 677
1698 4 2 1 1 72 77 62 547
1699 4 2 1 1 33 208 704 465
1700 4 2 1 1 707 378 116 131
1701 4 2 1 1 273 399 214 619
1702 4 2 1 1 458 591 351 597
1703 4 2 1 1 348 402 131 664
1704 4 2 1 1 387 508 204 539
1705 4 2 1 1 376 644 469 334
1706 4 2 1 1 360 406 517 652
1707 4 2 1 1 353 520 446 659
1708 4 2 1 1 494 495 372 513
1709 4 2 1 1 703 26 27 128
1710 4 2 1 1 410 549 358 601
1711 4 2 1 1 568 465 340 400
1712 4 2 1 1 421 344 562 513
1713 4 2 1 1 166 454 153 680
1714 4 2 1 1 223 224 427 556
1715 4 2 1 1 348 556 427 611
1716 4 2 1 1 467 507 320 611
1717 4 2 1 1 271 310 270 483
1718 4 2 1 1 71 78 61 674
1719 4 2 1 1 344 546 432 687
1720 4 2 1 1 323 533 493 573
1721 4 2 1 1 359 645 534 456
1722 4 2 1 1 405 575 541 652
1723 4 2 1 1 321 370 500 643
1724 4 2 1 1 429 338 476 523
1725 4 2 1 1 234 470 552 642
1726 4 2 1 1 371 506 443 662
1727 4 2 1 1 365 543 423 604
1728 4 2 1 1 416 597 474 459
1729 4 2 1 1 357 444 502 632
1730 4 2 1 1 107 39 6 722
1731 4 2 1 1 483 568 270 648
1732 4 2 1 1 28 120 350 117
1733 4 2 1 1 375 629 533 660
1734 4 2 1 1 448 621 601 643
1735 4 2 1 1 407 620 504 645
1736 4 2 1 1 315 494 495 379
1737 4 2 1 1 710 48 119 664
1738 4 2 1 1 441 578 385 673
1739 4 2 1 1 328 401 475 649
1740 4 2 1 1 90 393 103 524
1741 4 2 1 1 525 678 651 407
1742 4 2 1 1 473 475 95 576
1743 4 2 1 1 386 595 593 650
1744 4 2 1 1 347 408 497 535
1745 4 2 1 1 139 354 540 121
1746 4 2 1 1 285 286 202 432
1747 4 2 1 1 319 471 534 672
1748 4 2 1 1 353 658 453 659
1749 4 2 1 1 703 134 26 128
1750 4 2 1 1 363 655 530 351
1751 4 2 1 1 425 627 385 685
1752 4 2 1 1 386 459 458 595
1753 4 2 1 1 703 128 27 563
1754 4 2 1 1 373 507 610 611
1755 4 2 1 1 272 437 256 630
1756 4 2 1 1 458 459 349 591
1757 4 2 1 1 175 185 183 352
1758 4 2 1 1 640 641 336 665
1759 4 2 1 1 90 393 524 634
1760 4 2 1 1 703 712 134 125
1761 4 2 1 1 346 499 467 615
1762 4 2 1 1 688 252 280 279
1763 4 2 1 1 332 507 551 606
1764 4 2 1 1 452 608 382 656
1765 4 2 1 1 519 624 306 656
1766 4 2 1 1 339 546 450 687
1767 4 2 1 1 337 415 541 652
1768 4 2 1 1 349 489 458 591
1769 4 2 1 1 350 360 475 614
1770 4 2 1 1 488 344 440 628
1771 4 2 1 1 112 532 360 639
1772 4 2 1 1 467 498 346 559
1773 4 2 1 1 450 562 344 513
1774 4 2 1 1 651 678 525 337
1775 4 2 1 1 113 423 465 670
1776 4 2 1 1 361 594 550 521
1777 4 2 1 1 712 563 125 703
1778 4 2 1 1 257 556 508 603
1779 4 2 1 1 297 432 387 539
1780 4 2 1 1 125 703 563 128
1781 4 2 1 1 495 379 494 661
1782 4 2 1 1 271 201 300 400
1783 4 2 1 1 64 436 345 584
1784 4 2 1 1 427 582 414 668
1785 4 2 1 1 105 114 428 641
1786 4 2 1 1 634 96 389 428
1787 4 2 1 1 396 416 397 595
1788 4 2 1 1 172 501 173 641
1789 4 2 1 1 616 416 396 395
1790 4 2 1 1 256 272 244 437
1791 4 2 1 1 636 88 97 40
1792 4 2 1 1 66 374 584 628
1793 4 2 1 1 167 145 151 613
1794 4 2 1 1 67 584 345 628
1795 4 2 1 1 483 400 340 631
1796 4 2 1 1 335 502 632 574
1797 4 2 1 1 118 10 11 436
1798 4 2 1 1 498 424 560 559
1799 4 2 1 1 332 450 555 557
1800 4 2 1 1 174 175 474 665
1801 4 2 1 1 114 473 428 641
1802 4 2 1 1 395 530 426 655
1803 4 2 1 1 636 88 40 713
1804 4 2 1 1 11 118 436 584
1805 4 2 1 1 491 212 17 394
1806 4 2 1 1 212 16 17 394
1807 4 2 1 1 102 473 97 636
1808 4 2 1 1 537 649 435 567
1809 4 2 1 1 236 470 234 642
1810 4 2 1 1 212 194 16 394
1811 4 2 1 1 78 724 74 398
1812 4 2 1 1 452 472 608 656
1813 4 2 1 1 125 694 45 115
1814 4 2 1 1 335 393 524 633
1815 4 2 1 1 396 536 500 586
1816 4 2 1 1 453 658 419 659
1817 4 2 1 1 575 525 566 337
1818 4 2 1 1 22 2 725 80
1819 4 2 1 1 239 237 235 545
1820 4 2 1 1 125 703 128 134
1821 4 2 1 1 338 476 587 673
1822 4 2 1 1 441 587 476 673
1823 4 2 1 1 702 37 36 144
1824 4 2 1 1 384 317 451 392
1825 4 2 1 1 467 533 388 660
1826 4 2 1 1 371 529 587 590
1827 4 2 1 1 314 530 426 396
1828 4 2 1 1 170 172 173 641
1829 4 2 1 1 377 561 317 384
1830 4 2 1 1 339 325 449 355
1831 4 2 1 1 182 352 183 185
1832 4 2 1 1 702 37 144 524
1833 4 2 1 1 346 498 560 559
1834 4 2 1 1 217 599 394 609
1835 4 2 1 1 344 539 432 547
1836 4 2 1 1 178 183 182 367
1837 4 2 1 1 522 690 612 400
1838 4 2 1 1 258 518 249 675
1839 4 2 1 1 291 276 222 390
1840 4 2 1 1 507 467 610 611
1841 4 2 1 1 665 396 640 369
1842 4 2 1 1 230 504 229 653
1843 4 2 1 1 298 676 199 690
1844 4 2 1 1 471 625 324 647
1845 4 2 1 1 446 519 382 624
1846 4 2 1 1 558 585 386 650
1847 4 2 1 1 406 567 341 614
1848 4 2 1 1 591 597 458 459
1849 4 2 1 1 468 343 403 363
1850 4 2 1 1 658 527 510 572
1851 4 2 1 1 493 343 622 682
1852 4 2 1 1 390 570 453 571
1853 4 2 1 1 271 310 483 400
1854 4 2 1 1 315 516 455 692
1855 4 2 1 1 658 510 527 419
1856 4 2 1 1 283 58 199 676
1857 4 2 1 1 353 453 570 571
1858 4 2 1 1 311 281 282 519
1859 4 2 1 1 345 440 372 496
1860 4 2 1 1 283 520 58 676
1861 4 2 1 1 98 88 695 41
1862 4 2 1 1 416 474 336 459
1863 4 2 1 1 10 9 701 124
1864 4 2 1 1 445 522 357 690
1865 4 2 1 1 339 579 605 687
1866 4 2 1 1 149 613 503 577
1867 4 2 1 1 413 502 412 574
1868 4 2 1 1 46 722 6 186
1869 4 2 1 1 223 225 206 427
1870 4 2 1 1 443 506 382 608
1871 4 2 1 1 286 297 432 686
1872 4 2 1 1 701 9 135 124
1873 4 2 1 1 346 467 533 615
1874 4 2 1 1 124 701 10 436
1875 4 2 1 1 365 532 341 604
1876 4 2 1 1 701 124 367 436
1877 4 2 1 1 385 598 425 663
1878 4 2 1 1 701 124 135 367
1879 4 2 1 1 639 693 360 93
1880 4 2 1 1 598 468 425 663
1881 4 2 1 1 316 463 517 652
1882 4 2 1 1 386 554 459 595
1883 4 2 1 1 235 268 239 472
1884 4 2 1 1 145 461 613 680
1885 4 2 1 1 332 551 538 666
1886 4 2 1 1 174 336 173 665
1887 4 2 1 1 172 713 41 695
1888 4 2 1 1 73 13 374 539
1889 4 2 1 1 575 709 196 464
1890 4 2 1 1 303 399 214 568
1891 4 2 1 1 259 249 309 675
1892 4 2 1 1 693 717 639 564
1893 4 2 1 1 234 552 235 642
1894 4 2 1 1 698 177 674 171
1895 4 2 1 1 280 688 220 566
1896 4 2 1 1 456 538 388 551
1897 4 2 1 1 586 429 370 396
1898 4 2 1 1 363 372 480 438
1899 4 2 1 1 124 596 436 136
1900 4 2 1 1 345 440 488 565
1901 4 2 1 1 155 151 163 503
1902 4 2 1 1 164 3 21 491
1903 4 2 1 1 236 630 470 642
1904 4 2 1 1 105 329 101 641
1905 4 2 1 1 491 164 3 56
1906 4 2 1 1 390 355 599 609
1907 4 2 1 1 510 549 410 601
1908 4 2 1 1 352 398 528 580
1909 4 2 1 1 557 513 450 692
1910 4 2 1 1 55 700 54 179
1911 4 2 1 1 174 175 190 474
1912 4 2 1 1 712 186 180 636
1913 4 2 1 1 316 559 466 560
1914 4 2 1 1 336 474 174 636
1915 4 2 1 1 505 716 146 569
1916 4 2 1 1 471 607 376 672
1917 4 2 1 1 700 55 187 179
1918 4 2 1 1 187 700 179 501
1919 4 2 1 1 1 374 47 137
1920 4 2 1 1 257 556 603 224
1921 4 2 1 1 298 445 676 690
1922 4 2 1 1 485 583 366 618
1923 4 2 1 1 308 514 273 619
1924 4 2 1 1 249 430 248 669
1925 4 2 1 1 499 560 498 378
1926 4 2 1 1 396 500 370 586
1927 4 2 1 1 76 661 333 86
1928 4 2 1 1 700 169 54 179
1929 4 2 1 1 700 718 142 54
1930 4 2 1 1 234 233 552 657
1931 4 2 1 1 533 573 346 615
1932 4 2 1 1 315 553 449 455
1933 4 2 1 1 540 464 139 564
1934 4 2 1 1 359 548 457 626
1935 4 2 1 1 179 700 369 501
1936 4 2 1 1 357 502 413 574
1937 4 2 1 1 65 333 394 86
1938 4 2 1 1 483 612 400 631
1939 4 2 1 1 158 357 413 574
1940 4 2 1 1 105 114 96 428
1941 4 2 1 1 274 246 247 656
1942 4 2 1 1 415 457 548 626
1943 4 2 1 1 723 329 501 101
1944 4 2 1 1 192 515 33 32
1945 4 2 1 1 416 458 351 597
1946 4 2 1 1 319 607 471 672
1947 4 2 1 1 160 544 524 574
1948 4 2 1 1 362 472 545 608
1949 4 2 1 1 506 362 608 662
1950 4 2 1 1 534 471 647 672
1951 4 2 1 1 214 266 267 568
1952 4 2 1 1 491 680 699 152
1953 4 2 1 1 624 638 306 656
1954 4 2 1 1 395 352 580 616
1955 4 2 1 1 425 385 663 685
1956 4 2 1 1 562 669 687 387
1957 4 2 1 1 79 635 82 461
1958 4 2 1 1 145 699 461 680
1959 4 2 1 1 204 508 387 669
1960 4 2 1 1 20 21 699 152
1961 4 2 1 1 124 596 136 132
1962 4 2 1 1 298 198 299 690
1963 4 2 1 1 152 21 699 491
1964 4 2 1 1 383 419 512 680
1965 4 2 1 1 328 475 401 542
1966 4 2 1 1 362 470 534 647
1967 4 2 1 1 525 424 575 464
1968 4 2 1 1 348 499 477 611
1969 4 2 1 1 145 699 680 152
1970 4 2 1 1 446 520 519 676
1971 4 2 1 1 545 608 472 656
1972 4 2 1 1 341 532 406 614
1973 4 2 1 1 449 555 450 692
1974 4 2 1 1 118 133 136 436
1975 4 2 1 1 156 524 505 633
1976 4 2 1 1 323 663 623 685
1977 4 2 1 1 542 386 459 349
1978 4 2 1 1 345 488 439 565
1979 4 2 1 1 482 578 441 607
1980 4 2 1 1 330 467 660 559
1981 4 2 1 1 338 598 429 673
1982 4 2 1 1 244 545 243 638
1983 4 2 1 1 388 538 456 629
1984 4 2 1 1 413 617 446 659
1985 4 2 1 1 243 244 237 545
1986 4 2 1 1 358 549 412 601
1987 4 2 1 1 562 687 669 417
1988 4 2 1 1 76 661 86 79
1989 4 2 1 1 333 600 461 680
1990 4 2 1 1 388 456 551 660
1991 4 2 1 1 282 302 195 520
1992 4 2 1 1 557 468 493 343
1993 4 2 1 1 142 147 148 369
1994 4 2 1 1 248 430 257 669
1995 4 2 1 1 30 717 5 288
1996 4 2 1 1 712 563 703 636
1997 4 2 1 1 77 696 605 15
1998 4 2 1 1 120 127 138 564
1999 4 2 1 1 611 508 488 477
2000 4 2 1 1 347 679 439 689
2001 4 2 1 1 461 600 333 661
2002 4 2 1 1 416 481 351 530
2003 4 2 1 1 397 650 368 593
2004 4 2 1 1 96 109 105 428
2005 4 2 1 1 693 639 717 111
2006 4 2 1 1 405 360 575 652
2007 4 2 1 1 222 291 390 599
2008 4 2 1 1 328 475 473 576
2009 4 2 1 1 153 491 152 680
2010 4 2 1 1 378 414 464 424
2011 4 2 1 1 535 351 597 596
2012 4 2 1 1 539 344 488 628
2013 4 2 1 1 73 539 374 628
2014 4 2 1 1 680 511 419 333
2015 4 2 1 1 405 541 575 688
2016 4 2 1 1 535 597 351 591
2017 4 2 1 1 365 515 423 654
2018 4 2 1 1 436 480 347 596
2019 4 2 1 1 146 720 705 59
2020 4 2 1 1 329 428 594 640
2021 4 2 1 1 375 660 533 559
2022 4 2 1 1 285 194 221 605
2023 4 2 1 1 91 93 94 475
2024 4 2 1 1 521 550 411 358
2025 4 2 1 1 356 460 495 379
2026 4 2 1 1 132 129 367 667
2027 4 2 1 1 686 687 669 387
2028 4 2 1 1 349 489 591 408
2029 4 2 1 1 373 507 488 606
2030 4 2 1 1 183 190 175 474
2031 4 2 1 1 583 626 457 684
2032 4 2 1 1 322 626 583 684
2033 4 2 1 1 155 718 53 142
2034 4 2 1 1 67 64 345 584
2035 4 2 1 1 350 360 517 540
2036 4 2 1 1 639 693 93 111
2037 4 2 1 1 343 493 565 682
2038 4 2 1 1 359 456 548 645
2039 4 2 1 1 376 625 471 672
2040 4 2 1 1 23 24 698 171
2041 4 2 1 1 316 517 462 433
2042 4 2 1 1 686 669 687 417
2043 4 2 1 1 395 530 416 396
2044 4 2 1 1 218 300 299 400
2045 4 2 1 1 671 521 524 544
2046 4 2 1 1 370 586 500 643
2047 4 2 1 1 527 553 355 691
2048 4 2 1 1 394 333 491 609
2049 4 2 1 1 437 545 362 642
2050 4 2 1 1 309 579 203 259
2051 4 2 1 1 171 698 528 674
2052 4 2 1 1 372 494 526 434
2053 4 2 1 1 357 569 522 632
2054 4 2 1 1 698 721 71 674
2055 4 2 1 1 336 397 416 459
2056 4 2 1 1 667 715 367 168
2057 4 2 1 1 246 519 306 656
2058 4 2 1 1 148 154 144 671
2059 4 2 1 1 698 23 171 528
2060 4 2 1 1 357 676 445 690
2061 4 2 1 1 117 122 350 563
2062 4 2 1 1 393 524 521 335
2063 4 2 1 1 51 5 138 717
2064 4 2 1 1 470 534 647 672
2065 4 2 1 1 453 680 419 333
2066 4 2 1 1 308 405 619 646
2067 4 2 1 1 257 556 224 219
2068 4 2 1 1 332 538 555 666
2069 4 2 1 1 499 560 378 497
2070 4 2 1 1 318 512 419 659
2071 4 2 1 1 611 508 477 556
2072 4 2 1 1 409 615 493 682
2073 4 2 1 1 715 115 44 694
2074 4 2 1 1 698 721 24 71
2075 4 2 1 1 269 264 630 648
2076 4 2 1 1 352 185 528 674
2077 4 2 1 1 320 488 477 611
2078 4 2 1 1 133 439 402 689
2079 4 2 1 1 23 24 61 698
2080 4 2 1 1 256 244 255 612
2081 4 2 1 1 328 554 386 585
2082 4 2 1 1 467 346 533 559
2083 4 2 1 1 290 575 525 207
2084 4 2 1 1 363 468 343 622
2085 4 2 1 1 222 275 486 589
2086 4 2 1 1 252 566 307 678
2087 4 2 1 1 318 617 512 659
2088 4 2 1 1 397 428 336 640
2089 4 2 1 1 499 560 497 346
2090 4 2 1 1 258 242 249 518
2091 4 2 1 1 213 619 365 646
2092 4 2 1 1 98 501 695 641
2093 4 2 1 1 434 496 69 326
2094 4 2 1 1 324 384 522 631
2095 4 2 1 1 299 569 400 690
2096 4 2 1 1 31 213 32 646
2097 4 2 1 1 598 468 663 338
2098 4 2 1 1 412 549 512 601
2099 4 2 1 1 243 306 638 656
2100 4 2 1 1 421 488 507 606
2101 4 2 1 1 389 581 576 649
2102 4 2 1 1 639 709 575 564
2103 4 2 1 1 537 386 558 585
2104 4 2 1 1 449 380 555 692
2105 4 2 1 1 344 546 495 547
2106 4 2 1 1 373 488 507 611
2107 4 2 1 1 405 514 531 688
2108 4 2 1 1 166 152 159 680
2109 4 2 1 1 209 313 219 556
2110 4 2 1 1 504 653 230 657
2111 4 2 1 1 380 449 455 692
2112 4 2 1 1 315 455 449 692
2113 4 2 1 1 291 390 599 609
2114 4 2 1 1 399 619 531 654
2115 4 2 1 1 393 317 490 389
2116 4 2 1 1 419 383 510 511
2117 4 2 1 1 266 270 568 648
2118 4 2 1 1 366 483 630 648
2119 4 2 1 1 320 499 467 611
2120 4 2 1 1 340 442 631 377
2121 4 2 1 1 328 537 401 649
2122 4 2 1 1 328 401 537 542
2123 4 2 1 1 32 213 365 646
2124 4 2 1 1 288 215 30 639
2125 4 2 1 1 61 23 698 528
2126 4 2 1 1 716 60 7 165
2127 4 2 1 1 113 423 104 465
2128 4 2 1 1 76 661 79 461
2129 4 2 1 1 620 645 407 668
2130 4 2 1 1 697 53 181 52
2131 4 2 1 1 132 115 129 667
2132 4 2 1 1 231 504 230 657
2133 4 2 1 1 91 473 102 563
2134 4 2 1 1 157 413 412 574
2135 4 2 1 1 14 202 197 539
2136 4 2 1 1 412 502 413 512
2137 4 2 1 1 257 556 219 508
2138 4 2 1 1 272 630 236 642
2139 4 2 1 1 290 414 464 205
2140 4 2 1 1 448 510 383 511
2141 4 2 1 1 181 697 52 188
2142 4 2 1 1 204 387 297 669
2143 4 2 1 1 228 230 229 653
2144 4 2 1 1 457 359 583 672
2145 4 2 1 1 358 586 523 643
2146 4 2 1 1 386 554 595 650
2147 4 2 1 1 718 184 369 503
2148 4 2 1 1 82 69 398 434
2149 4 2 1 1 507 488 320 611
2150 4 2 1 1 188 181 697 503
2151 4 2 1 1 181 718 169 53
2152 4 2 1 1 696 285 15 202
2153 4 2 1 1 285 696 15 605
2154 4 2 1 1 265 485 264 648
2155 4 2 1 1 231 657 263 588
2156 4 2 1 1 372 403 343 363
2157 4 2 1 1 453 454 353 659
2158 4 2 1 1 282 302 520 571
2159 4 2 1 1 97 102 95 473
2160 4 2 1 1 318 484 549 502
2161 4 2 1 1 463 517 360 540
2162 4 2 1 1 456 330 548 645
2163 4 2 1 1 339 605 546 687
2164 4 2 1 1 125 115 141 667
2165 4 2 1 1 285 202 696 432
2166 4 2 1 1 677 393 521 490
2167 4 2 1 1 117 122 121 350
2168 4 2 1 1 369 500 396 536
2169 4 2 1 1 285 432 696 605
2170 4 2 1 1 360 517 463 652
2171 4 2 1 1 402 439 679 689
2172 4 2 1 1 328 459 386 554
2173 4 2 1 1 428 336 473 459
2174 4 2 1 1 495 496 344 547
2175 4 2 1 1 303 214 267 568
2176 4 2 1 1 151 19 461 145
2177 4 2 1 1 223 206 278 427
2178 4 2 1 1 263 657 231 232
2179 4 2 1 1 645 626 651 548
2180 4 2 1 1 139 378 116 464
2181 4 2 1 1 593 368 429 447
2182 4 2 1 1 401 462 517 433
2183 4 2 1 1 330 651 645 668
2184 4 2 1 1 391 555 478 666
2185 4 2 1 1 351 530 481 655
2186 4 2 1 1 670 704 465 92
2187 4 2 1 1 467 533 660 559
2188 4 2 1 1 19 145 20 461
2189 4 2 1 1 330 456 548 660
2190 4 2 1 1 24 71 61 698
2191 4 2 1 1 201 400 612 690
2192 4 2 1 1 316 463 560 683
2193 4 2 1 1 419 454 453 659
2194 4 2 1 1 411 550 523 358
2195 4 2 1 1 79 356 661 86
2196 4 2 1 1 359 457 583 626
2197 4 2 1 1 372 326 496 434
2198 4 2 1 1 593 429 368 396
2199 4 2 1 1 148 149 369 577
2200 4 2 1 1 172 42 695 41
2201 4 2 1 1 400 569 522 690
2202 4 2 1 1 270 310 267 568
2203 4 2 1 1 363 372 526 655
2204 4 2 1 1 235 234 233 552
2205 4 2 1 1 611 508 556 373
2206 4 2 1 1 409 622 479 438
2207 4 2 1 1 139 354 121 126
2208 4 2 1 1 227 257 430 603
2209 4 2 1 1 254 582 261 620
2210 4 2 1 1 58 158 720 676
2211 4 2 1 1 708 57 454 153
2212 4 2 1 1 27 350 91 563
2213 4 2 1 1 121 122 123 354
2214 4 2 1 1 77 86 65 394
2215 4 2 1 1 723 329 101 702
2216 4 2 1 1 309 579 259 675
2217 4 2 1 1 611 508 373 488
2218 4 2 1 1 380 557 555 692
2219 4 2 1 1 145 699 152 20
2220 4 2 1 1 505 146 716 165
2221 4 2 1 1 366 647 625 672
2222 4 2 1 1 421 562 344 387
2223 4 2 1 1 447 558 386 650
2224 4 2 1 1 389 576 96 604
2225 4 2 1 1 140 664 402 477
2226 4 2 1 1 157 412 544 574
2227 4 2 1 1 96 389 428 576
2228 4 2 1 1 700 718 369 142
2229 4 2 1 1 497 535 354 689
2230 4 2 1 1 94 95 475 576
2231 4 2 1 1 112 94 532 604
2232 4 2 1 1 76 20 699 461
2233 4 2 1 1 702 329 101 90
2234 4 2 1 1 407 525 582 668
2235 4 2 1 1 172 42 187 695
2236 4 2 1 1 348 498 499 611
2237 4 2 1 1 141 535 122 667
2238 4 2 1 1 172 695 187 501
2239 4 2 1 1 609 302 211 571
2240 4 2 1 1 330 548 645 651
2241 4 2 1 1 383 510 448 601
2242 4 2 1 1 680 511 333 600
2243 4 2 1 1 561 411 384 632
2244 4 2 1 1 287 222 486 599
2245 4 2 1 1 272 437 630 642
2246 4 2 1 1 462 350 401 517
2247 4 2 1 1 361 585 558 650
2248 4 2 1 1 443 608 325 662
2249 4 2 1 1 417 686 579 687
2250 4 2 1 1 270 256 271 483
2251 4 2 1 1 539 488 344 387
2252 4 2 1 1 146 716 705 569
2253 4 2 1 1 466 559 346 560
2254 4 2 1 1 698 61 528 674
2255 4 2 1 1 120 350 121 540
2256 4 2 1 1 695 501 172 641
2257 4 2 1 1 499 560 346 498
2258 4 2 1 1 463 575 360 652
2259 4 2 1 1 652 424 463 575
2260 4 2 1 1 368 550 594 521
2261 4 2 1 1 344 496 440 628
2262 4 2 1 1 695 713 88 641
2263 4 2 1 1 352 665 185 674
2264 4 2 1 1 695 713 41 88
2265 4 2 1 1 317 644 431 490
2266 4 2 1 1 356 546 460 605
2267 4 2 1 1 442 384 324 631
2268 4 2 1 1 586 429 396 368
2269 4 2 1 1 65 333 86 76
2270 4 2 1 1 240 254 261 620
2271 4 2 1 1 419 453 333 691
2272 4 2 1 1 457 626 415 684
2273 4 2 1 1 124 132 129 367
2274 4 2 1 1 405 531 541 688
2275 4 2 1 1 356 379 495 661
2276 4 2 1 1 147 142 54 700
2277 4 2 1 1 390 589 486 325
2278 4 2 1 1 236 269 264 630
2279 4 2 1 1 113 389 106 604
2280 4 2 1 1 715 115 694 667
2281 4 2 1 1 222 276 275 589
2282 4 2 1 1 415 626 548 651
2283 4 2 1 1 694 44 168 45
2284 4 2 1 1 694 715 667 168
2285 4 2 1 1 612 244 245 638
2286 4 2 1 1 61 70 23 528
2287 4 2 1 1 94 95 91 475
2288 4 2 1 1 333 699 680 461
2289 4 2 1 1 395 481 416 530
2290 4 2 1 1 106 389 393 634
2291 4 2 1 1 361 558 447 650
2292 4 2 1 1 79 356 86 72
2293 4 2 1 1 389 576 604 649
2294 4 2 1 1 386 585 554 650
2295 4 2 1 1 180 694 168 45
2296 4 2 1 1 398 321 503 635
2297 4 2 1 1 340 400 483 568
2298 4 2 1 1 286 250 297 686
2299 4 2 1 1 91 102 473 95
2300 4 2 1 1 354 497 408 535
2301 4 2 1 1 542 591 327 408
2302 4 2 1 1 333 511 419 691
2303 4 2 1 1 694 474 168 667
2304 4 2 1 1 183 168 190 474
2305 4 2 1 1 299 465 400 569
2306 4 2 1 1 158 146 357 574
2307 4 2 1 1 505 524 393 633
2308 4 2 1 1 266 270 267 568
2309 4 2 1 1 232 231 230 657
2310 4 2 1 1 314 458 595 627
2311 4 2 1 1 386 595 458 627
2312 4 2 1 1 694 180 168 474
2313 4 2 1 1 382 638 624 656
2314 4 2 1 1 145 699 20 461
2315 4 2 1 1 568 465 400 304
2316 4 2 1 1 364 321 395 580
2317 4 2 1 1 272 236 234 642
2318 4 2 1 1 284 200 283 676
2319 4 2 1 1 436 367 481 596
2320 4 2 1 1 412 544 358 602
2321 4 2 1 1 301 201 612 690
2322 4 2 1 1 354 350 462 540
2323 4 2 1 1 352 616 665 674
2324 4 2 1 1 242 518 262 653
2325 4 2 1 1 176 39 40 636
2326 4 2 1 1 557 468 343 516
2327 4 2 1 1 194 285 15 605
2328 4 2 1 1 414 525 464 424
2329 4 2 1 1 290 414 205 277
2330 4 2 1 1 412 161 512 413
2331 4 2 1 1 340 631 400 377
2332 4 2 1 1 645 651 407 668
2333 4 2 1 1 442 324 625 631
2334 4 2 1 1 351 481 480 655
2335 4 2 1 1 79 635 461 661
2336 4 2 1 1 149 718 503 155
2337 4 2 1 1 57 153 143 454
2338 4 2 1 1 696 547 539 62
2339 4 2 1 1 271 256 255 612
2340 4 2 1 1 108 695 501 719
2341 4 2 1 1 170 174 176 636
2342 4 2 1 1 567 614 401 649
2343 4 2 1 1 156 160 524 574
2344 4 2 1 1 76 83 65 491
2345 4 2 1 1 212 394 491 609
2346 4 2 1 1 190 168 180 474
2347 4 2 1 1 351 535 347 596
2348 4 2 1 1 636 722 39 107
2349 4 2 1 1 555 557 450 692
2350 4 2 1 1 297 387 204 539
2351 4 2 1 1 77 696 15 62
2352 4 2 1 1 176 40 170 636
2353 4 2 1 1 698 177 171 24
2354 4 2 1 1 167 602 159 613
2355 4 2 1 1 207 525 289 566
2356 4 2 1 1 49 664 48 193
2357 4 2 1 1 149 718 155 142
2358 4 2 1 1 126 354 123 689
2359 4 2 1 1 380 587 516 455
2360 4 2 1 1 126 123 133 689
2361 4 2 1 1 94 576 475 604
2362 4 2 1 1 211 390 291 609
2363 4 2 1 1 243 638 545 656
2364 4 2 1 1 597 352 416 474
2365 4 2 1 1 215 213 31 646
2366 4 2 1 1 693 111 717 29
2367 4 2 1 1 328 428 554 581
2368 4 2 1 1 311 519 282 520
2369 4 2 1 1 149 718 142 369
2370 4 2 1 1 199 198 298 690
2371 4 2 1 1 143 413 158 520
2372 4 2 1 1 446 520 413 659
2373 4 2 1 1 248 242 227 430
2374 4 2 1 1 671 521 544 536
2375 4 2 1 1 335 502 574 412
2376 4 2 1 1 356 72 434 496
2377 4 2 1 1 113 103 106 670
2378 4 2 1 1 382 638 445 624
2379 4 2 1 1 579 686 432 687
2380 4 2 1 1 526 580 395 655
2381 4 2 1 1 346 499 615 497
2382 4 2 1 1 58 720 158 59
2383 4 2 1 1 454 512 419 680
2384 4 2 1 1 388 629 456 660
2385 4 2 1 1 614 487 517 406
2386 4 2 1 1 340 492 442 377
2387 4 2 1 1 707 348 131 664
2388 4 2 1 1 593 396 595 314
2389 4 2 1 1 161 413 454 512
2390 4 2 1 1 266 265 264 648
2391 4 2 1 1 723 329 702 671
2392 4 2 1 1 383 601 448 621
2393 4 2 1 1 362 437 642 647
2394 4 2 1 1 87 78 69 528
2395 4 2 1 1 701 75 10 436
2396 4 2 1 1 117 350 27 563
2397 4 2 1 1 316 466 462 683
2398 4 2 1 1 28 27 117 350
2399 4 2 1 1 575 709 464 564
2400 4 2 1 1 381 653 504 657
2401 4 2 1 1 299 201 400 300
2402 4 2 1 1 394 460 356 333
2403 4 2 1 1 210 302 292 609
2404 4 2 1 1 401 614 475 649
2405 4 2 1 1 675 579 339 417
2406 4 2 1 1 29 28 120 693
2407 4 2 1 1 616 416 395 352
2408 4 2 1 1 405 308 215 646
2409 4 2 1 1 201 271 255 612
2410 4 2 1 1 693 120 29 138
2411 4 2 1 1 327 591 459 597
2412 4 2 1 1 108 695 719 42
2413 4 2 1 1 623 663 385 685
2414 4 2 1 1 217 194 394 599
2415 4 2 1 1 67 628 66 584
2416 4 2 1 1 292 491 210 609
2417 4 2 1 1 74 82 78 398
2418 4 2 1 1 693 111 29 93
2419 4 2 1 1 61 78 87 528
2420 4 2 1 1 598 468 338 363
2421 4 2 1 1 102 97 107 636
2422 4 2 1 1 138 693 120 564
2423 4 2 1 1 474 180 174 636
2424 4 2 1 1 218 299 208 465
2425 4 2 1 1 103 505 37 524
2426 4 2 1 1 175 185 352 665
2427 4 2 1 1 539 547 344 628
2428 4 2 1 1 400 569 465 377
2429 4 2 1 1 395 481 530 655
2430 4 2 1 1 521 536 368 358
2431 4 2 1 1 379 494 661 364
2432 4 2 1 1 432 579 285 686
2433 4 2 1 1 409 493 622 682
2434 4 2 1 1 414 582 525 668
2435 4 2 1 1 438 622 343 682
2436 4 2 1 1 360 406 405 532
2437 4 2 1 1 460 356 333 379
2438 4 2 1 1 347 497 679 689
2439 4 2 1 1 458 416 595 459
2440 4 2 1 1 458 489 351 591
2441 4 2 1 1 120 350 117 121
2442 4 2 1 1 693 540 120 564
2443 4 2 1 1 491 394 17 65
2444 4 2 1 1 582 620 407 668
2445 4 2 1 1 75 64 10 436
2446 4 2 1 1 123 354 535 689
2447 4 2 1 1 368 536 586 358
2448 4 2 1 1 491 17 212 295
2449 4 2 1 1 219 296 257 508
2450 4 2 1 1 604 89 112 99
2451 4 2 1 1 635 661 434 364
2452 4 2 1 1 214 303 305 619
2453 4 2 1 1 708 56 57 153
2454 4 2 1 1 484 592 384 502
2455 4 2 1 1 604 112 89 532
2456 4 2 1 1 700 162 501 719
2457 4 2 1 1 299 704 465 569
2458 4 2 1 1 416 458 597 459
2459 4 2 1 1 380 587 529 590
2460 4 2 1 1 569 633 505 670
2461 4 2 1 1 354 327 535 408
2462 4 2 1 1 419 510 383 512
2463 4 2 1 1 368 550 521 358
2464 4 2 1 1 32 104 89 365
2465 4 2 1 1 230 231 229 504
2466 4 2 1 1 275 312 222 486
2467 4 2 1 1 327 542 459 591
2468 4 2 1 1 278 277 205 414
2469 4 2 1 1 90 329 101 109
2470 4 2 1 1 217 394 212 609
2471 4 2 1 1 612 445 637 638
2472 4 2 1 1 234 235 237 642
2473 4 2 1 1 335 411 561 632
2474 4 2 1 1 204 257 508 669
2475 4 2 1 1 448 621 600 383
2476 4 2 1 1 166 153 152 680
2477 4 2 1 1 345 488 440 628
2478 4 2 1 1 307 207 289 566
2479 4 2 1 1 356 495 460 546
2480 4 2 1 1 261 206 225 582
2481 4 2 1 1 369 577 536 671
2482 4 2 1 1 79 635 661 434
2483 4 2 1 1 500 586 358 643
2484 4 2 1 1 351 347 480 596
2485 4 2 1 1 488 584 374 628
2486 4 2 1 1 254 277 206 582
2487 4 2 1 1 600 621 448 321
2488 4 2 1 1 149 613 577 167
2489 4 2 1 1 604 96 106 99
2490 4 2 1 1 255 245 301 612
2491 4 2 1 1 397 554 428 594
2492 4 2 1 1 312 287 222 486
2493 4 2 1 1 516 557 380 692
2494 4 2 1 1 194 394 599 605
2495 4 2 1 1 675 339 579 486
2496 4 2 1 1 173 172 179 501
2497 4 2 1 1 652 424 575 337
2498 4 2 1 1 702 36 90 101
2499 4 2 1 1 604 106 96 389
2500 4 2 1 1 243 545 239 656
2501 4 2 1 1 374 197 508 539
2502 4 2 1 1 382 608 545 656
2503 4 2 1 1 568 465 304 515
2504 4 2 1 1 33 92 104 465
2505 4 2 1 1 700 162 719 55
2506 4 2 1 1 488 584 439 477
2507 4 2 1 1 448 511 383 600
2508 4 2 1 1 439 679 347 438
2509 4 2 1 1 580 69 398 528
2510 4 2 1 1 112 360 93 639
2511 4 2 1 1 135 715 43 725
2512 4 2 1 1 412 358 601 602
2513 4 2 1 1 235 233 238 552
2514 4 2 1 1 454 520 353 659
2515 4 2 1 1 377 632 569 633
2516 4 2 1 1 445 284 245 301
2517 4 2 1 1 382 624 519 656
2518 4 2 1 1 509 385 627 685
2519 4 2 1 1 377 561 384 632
2520 4 2 1 1 410 476 448 523
2521 4 2 1 1 480 481 326 655
2522 4 2 1 1 135 715 129 43
2523 4 2 1 1 474 174 180 190
2524 4 2 1 1 124 10 118 436
2525 4 2 1 1 141 535 667 132
2526 4 2 1 1 598 468 363 425
2527 4 2 1 1 294 197 313 374
2528 4 2 1 1 92 113 465 670
2529 4 2 1 1 321 621 448 643
2530 4 2 1 1 410 601 358 643
2531 4 2 1 1 504 620 418 645
2532 4 2 1 1 104 89 423 99
2533 4 2 1 1 161 512 454 680
2534 4 2 1 1 63 20 76 461
2535 4 2 1 1 488 344 387 421
2536 4 2 1 1 428 473 336 641
2537 4 2 1 1 554 595 397 459
2538 4 2 1 1 399 568 515 654
2539 4 2 1 1 141 535 132 123
2540 4 2 1 1 545 638 382 656
2541 4 2 1 1 126 402 131 378
2542 4 2 1 1 503 321 398 616
2543 4 2 1 1 101 702 36 723
2544 4 2 1 1 77 394 65 16
2545 4 2 1 1 352 398 580 616
2546 4 2 1 1 605 16 77 15
2547 4 2 1 1 354 466 408 497
2548 4 2 1 1 395 321 396 616
2549 4 2 1 1 64 11 436 584
2550 4 2 1 1 517 540 463 683
2551 4 2 1 1 328 473 428 576
2552 4 2 1 1 104 423 89 365
2553 4 2 1 1 554 581 361 585
2554 4 2 1 1 369 503 500 577
2555 4 2 1 1 511 600 448 681
2556 4 2 1 1 316 560 466 683
2557 4 2 1 1 101 98 105 641
2558 4 2 1 1 259 203 287 579
2559 4 2 1 1 11 10 64 436
2560 4 2 1 1 91 102 27 563
2561 4 2 1 1 604 423 89 99
2562 4 2 1 1 182 171 23 528
2563 4 2 1 1 101 501 98 641
2564 4 2 1 1 349 542 462 408
2565 4 2 1 1 432 546 344 547
2566 4 2 1 1 263 241 231 588
2567 4 2 1 1 345 584 488 628
2568 4 2 1 1 139 464 127 564
2569 4 2 1 1 625 647 471 672
2570 4 2 1 1 102 703 27 563
2571 4 2 1 1 356 460 394 605
2572 4 2 1 1 362 642 470 647
2573 4 2 1 1 634 96 428 109
2574 4 2 1 1 152 164 21 491
2575 4 2 1 1 220 575 405 639
2576 4 2 1 1 175 173 191 665
2577 4 2 1 1 380 529 587 455
2578 4 2 1 1 56 153 491 164
2579 4 2 1 1 79 635 434 82
2580 4 2 1 1 604 89 423 365
2581 4 2 1 1 290 575 207 196
2582 4 2 1 1 148 577 369 671
2583 4 2 1 1 306 519 200 624
2584 4 2 1 1 613 635 321 600
2585 4 2 1 1 353 519 446 520
2586 4 2 1 1 365 405 532 646
2587 4 2 1 1 149 503 369 577
2588 4 2 1 1 258 262 242 518
2589 4 2 1 1 470 630 366 647
2590 4 2 1 1 423 543 492 389
2591 4 2 1 1 68 70 87 528
2592 4 2 1 1 33 704 92 465
2593 4 2 1 1 234 232 233 657
2594 4 2 1 1 433 375 509 623
2595 4 2 1 1 329 640 501 641
2596 4 2 1 1 506 608 443 662
2597 4 2 1 1 192 33 515 208
2598 4 2 1 1 321 503 500 616
2599 4 2 1 1 140 131 402 664
2600 4 2 1 1 143 158 58 520
2601 4 2 1 1 480 655 363 351
2602 4 2 1 1 707 116 49 131
2603 4 2 1 1 356 495 546 547
2604 4 2 1 1 218 299 465 400
2605 4 2 1 1 352 528 398 674
2606 4 2 1 1 612 637 437 638
2607 4 2 1 1 390 571 453 609
2608 4 2 1 1 32 515 33 104
2609 4 2 1 1 453 680 333 491
2610 4 2 1 1 8 108 719 42
2611 4 2 1 1 335 544 412 574
2612 4 2 1 1 723 162 501 154
2613 4 2 1 1 523 550 368 358
2614 4 2 1 1 253 264 265 485
2615 4 2 1 1 309 669 250 686
2616 4 2 1 1 316 517 463 683
2617 4 2 1 1 326 372 526 434
2618 4 2 1 1 448 600 321 364
2619 4 2 1 1 329 594 536 640
2620 4 2 1 1 365 405 646 619
2621 4 2 1 1 465 515 33 208
2622 4 2 1 1 557 468 516 420
2623 4 2 1 1 145 613 159 680
2624 4 2 1 1 515 568 340 654
2625 4 2 1 1 146 720 59 158
2626 4 2 1 1 206 277 278 582
2627 4 2 1 1 220 709 288 196
2628 4 2 1 1 521 544 536 358
2629 4 2 1 1 161 602 512 680
2630 4 2 1 1 63 19 20 461
2631 4 2 1 1 465 33 515 104
2632 4 2 1 1 272 256 269 630
2633 4 2 1 1 208 192 304 515
2634 4 2 1 1 722 26 6 107
2635 4 2 1 1 197 313 374 508
2636 4 2 1 1 670 492 561 393
2637 4 2 1 1 142 148 149 369
2638 4 2 1 1 108 101 723 501
2639 4 2 1 1 356 77 547 605
2640 4 2 1 1 396 369 536 640
2641 4 2 1 1 329 428 640 641
2642 4 2 1 1 21 83 76 491
2643 4 2 1 1 328 576 428 581
2644 4 2 1 1 360 406 532 614
2645 4 2 1 1 177 184 181 674
2646 4 2 1 1 246 281 200 519
2647 4 2 1 1 602 613 577 621
2648 4 2 1 1 522 569 357 690
2649 4 2 1 1 85 67 496 628
2650 4 2 1 1 321 580 398 616
2651 4 2 1 1 267 310 304 568
2652 4 2 1 1 501 369 640 671
2653 4 2 1 1 523 331 410 476
2654 4 2 1 1 670 561 492 377
2655 4 2 1 1 402 679 497 689
2656 4 2 1 1 383 613 600 680
2657 4 2 1 1 631 437 366 483
2658 4 2 1 1 536 640 369 671
2659 4 2 1 1 364 580 526 434
2660 4 2 1 1 143 454 413 520
2661 4 2 1 1 69 434 72 496
2662 4 2 1 1 289 251 307 678
2663 4 2 1 1 70 706 23 528
2664 4 2 1 1 30 717 288 639
2665 4 2 1 1 116 707 50 464
2666 4 2 1 1 432 605 579 687
2667 4 2 1 1 246 200 306 519
2668 4 2 1 1 64 436 68 326
2669 4 2 1 1 27 128 117 563
2670 4 2 1 1 242 262 228 653
2671 4 2 1 1 529 590 371 662
2672 4 2 1 1 600 613 461 680
2673 4 2 1 1 255 301 201 612
2674 4 2 1 1 542 401 350 475
2675 4 2 1 1 335 502 412 411
2676 4 2 1 1 213 305 192 515
2677 4 2 1 1 345 440 496 628
2678 4 2 1 1 544 577 358 602
2679 4 2 1 1 423 492 465 670
2680 4 2 1 1 280 220 688 216
2681 4 2 1 1 268 275 247 589
2682 4 2 1 1 116 50 127 464
2683 4 2 1 1 89 32 365 646
2684 4 2 1 1 516 380 455 692
2685 4 2 1 1 226 229 261 620
2686 4 2 1 1 665 396 369 616
2687 4 2 1 1 254 525 277 582
2688 4 2 1 1 635 661 364 600
2689 4 2 1 1 614 401 350 517
2690 4 2 1 1 631 366 437 625
2691 4 2 1 1 361 554 585 650
2692 4 2 1 1 326 367 436 68
2693 4 2 1 1 614 350 401 475
2694 4 2 1 1 320 615 499 679
2695 4 2 1 1 389 428 581 677
2696 4 2 1 1 613 635 600 461
2697 4 2 1 1 247 246 239 656
2698 4 2 1 1 150 412 544 157
2699 4 2 1 1 539 488 387 508
2700 4 2 1 1 161 412 157 413
2701 4 2 1 1 328 475 576 649
2702 4 2 1 1 320 488 439 477
2703 4 2 1 1 257 248 227 430
2704 4 2 1 1 193 427 223 278
2705 4 2 1 1 377 561 633 670
2706 4 2 1 1 410 448 643 523
2707 4 2 1 1 326 367 68 528
2708 4 2 1 1 514 531 399 619
2709 4 2 1 1 329 524 521 634
2710 4 2 1 1 709 138 564 717
2711 4 2 1 1 379 600 511 681
2712 4 2 1 1 423 492 670 389
2713 4 2 1 1 120 350 540 693
2714 4 2 1 1 237 239 243 545
2715 4 2 1 1 348 499 498 378
2716 4 2 1 1 211 390 609 571
2717 4 2 1 1 93 94 360 112
2718 4 2 1 1 338 448 476 523
2719 4 2 1 1 127 464 709 564
2720 4 2 1 1 127 139 116 464
2721 4 2 1 1 184 185 665 674
2722 4 2 1 1 150 412 157 161
2723 4 2 1 1 126 121 123 354
2724 4 2 1 1 93 360 94 475
2725 4 2 1 1 500 536 358 586
2726 4 2 1 1 532 360 94 112
2727 4 2 1 1 491 210 56 295
2728 4 2 1 1 73 628 62 539
2729 4 2 1 1 241 252 251 678
2730 4 2 1 1 612 245 244 255
2731 4 2 1 1 474 327 597 667
2732 4 2 1 1 532 94 360 475
2733 4 2 1 1 712 134 125 46
2734 4 2 1 1 224 226 225 603
2735 4 2 1 1 470 642 630 647
2736 4 2 1 1 630 642 437 647
2737 4 2 1 1 378 464 463 424
2738 4 2 1 1 525 575 424 337
2739 4 2 1 1 594 521 536 368
2740 4 2 1 1 333 699 491 680
2741 4 2 1 1 67 66 628 85
2742 4 2 1 1 276 211 274 571
2743 4 2 1 1 346 615 573 497
2744 4 2 1 1 509 623 385 685
2745 4 2 1 1 266 269 270 648
2746 4 2 1 1 627 509 558 385
2747 4 2 1 1 413 512 617 659
2748 4 2 1 1 92 113 104 465
2749 4 2 1 1 594 536 521 329
2750 4 2 1 1 409 573 615 497
2751 4 2 1 1 287 579 221 599
2752 4 2 1 1 143 58 57 520
2753 4 2 1 1 363 480 372 655
2754 4 2 1 1 481 596 367 597
2755 4 2 1 1 329 501 640 671
2756 4 2 1 1 351 481 416 597
2757 4 2 1 1 2 43 725 135
2758 4 2 1 1 405 215 308 216
2759 4 2 1 1 139 354 126 378
2760 4 2 1 1 515 619 399 654
2761 4 2 1 1 82 69 78 398
2762 4 2 1 1 320 499 611 477
2763 4 2 1 1 539 488 508 374
2764 4 2 1 1 99 423 113 604
2765 4 2 1 1 389 634 428 677
2766 4 2 1 1 285 221 579 605
2767 4 2 1 1 364 321 580 635
2768 4 2 1 1 512 602 383 680
2769 4 2 1 1 540 464 564 463
2770 4 2 1 1 413 520 454 659
2771 4 2 1 1 103 37 90 524
2772 4 2 1 1 316 462 517 683
2773 4 2 1 1 328 576 581 649
2774 4 2 1 1 532 639 112 646
2775 4 2 1 1 329 640 536 671
2776 4 2 1 1 665 474 416 352
2777 4 2 1 1 357 569 632 633
2778 4 2 1 1 200 281 311 519
2779 4 2 1 1 194 599 221 605
2780 4 2 1 1 279 265 273 514
2781 4 2 1 1 580 635 398 434
2782 4 2 1 1 426 530 395 396
2783 4 2 1 1 92 103 113 670
2784 4 2 1 1 714 724 711 503
2785 4 2 1 1 269 266 264 648
2786 4 2 1 1 207 566 220 575
2787 4 2 1 1 307 252 280 566
2788 4 2 1 1 599 355 394 609
2789 4 2 1 1 153 164 152 491
2790 4 2 1 1 92 505 103 670
2791 4 2 1 1 665 416 474 336
2792 4 2 1 1 163 697 52 155
2793 4 2 1 1 365 405 619 531
2794 4 2 1 1 706 80 22 725
2795 4 2 1 1 220 216 215 405
2796 4 2 1 1 108 695 42 98
2797 4 2 1 1 706 80 70 22
2798 4 2 1 1 310 400 304 568
2799 4 2 1 1 126 497 402 378
2800 4 2 1 1 167 602 613 577
2801 4 2 1 1 377 384 522 632
2802 4 2 1 1 477 133 130 584
2803 4 2 1 1 627 558 509 386
2804 4 2 1 1 361 594 554 650
2805 4 2 1 1 477 130 133 140
2806 4 2 1 1 586 643 370 523
2807 4 2 1 1 446 624 445 676
2808 4 2 1 1 439 488 345 584
2809 4 2 1 1 259 312 260 675
2810 4 2 1 1 345 496 372 326
2811 4 2 1 1 475 614 341 649
2812 4 2 1 1 396 500 369 616
2813 4 2 1 1 699 21 76 491
2814 4 2 1 1 393 335 561 633
2815 4 2 1 1 428 576 389 581
2816 4 2 1 1 370 448 364 338
2817 4 2 1 1 304 303 267 568
2818 4 2 1 1 154 147 501 671
2819 4 2 1 1 358 602 577 621
2820 4 2 1 1 351 480 481 596
2821 4 2 1 1 193 556 348 664
2822 4 2 1 1 396 321 500 616
2823 4 2 1 1 182 352 185 528
2824 4 2 1 1 285 579 432 605
2825 4 2 1 1 378 463 540 683
2826 4 2 1 1 428 336 640 641
2827 4 2 1 1 406 360 517 614
2828 4 2 1 1 709 138 717 51
2829 4 2 1 1 74 19 63 461
2830 4 2 1 1 95 114 97 473
2831 4 2 1 1 262 230 228 653
2832 4 2 1 1 502 384 411 632
2833 4 2 1 1 328 585 537 649
2834 4 2 1 1 220 709 196 575
2835 4 2 1 1 107 703 26 102
2836 4 2 1 1 398 616 352 674
2837 4 2 1 1 393 670 492 389
2838 4 2 1 1 629 420 533 388
2839 4 2 1 1 145 159 152 680
2840 4 2 1 1 540 464 463 378
2841 4 2 1 1 108 695 98 501
2842 4 2 1 1 616 416 352 665
2843 4 2 1 1 73 62 628 85
2844 4 2 1 1 462 540 517 683
2845 4 2 1 1 81 18 74 714
2846 4 2 1 1 463 560 378 424
2847 4 2 1 1 64 68 67 326
2848 4 2 1 1 502 549 412 411
2849 4 2 1 1 707 378 131 348
2850 4 2 1 1 204 508 197 539
2851 4 2 1 1 74 19 461 714
2852 4 2 1 1 420 323 533 493
2853 4 2 1 1 62 547 539 628
2854 4 2 1 1 94 604 96 576
2855 4 2 1 1 327 535 591 597
2856 4 2 1 1 360 463 540 564
2857 4 2 1 1 341 614 567 649
2858 4 2 1 1 500 358 621 643
2859 4 2 1 1 709 127 50 464
2860 4 2 1 1 348 477 556 611
2861 4 2 1 1 163 697 155 503
2862 4 2 1 1 435 585 581 649
2863 4 2 1 1 122 128 125 563
2864 4 2 1 1 296 313 204 508
2865 4 2 1 1 321 448 370 643
2866 4 2 1 1 277 254 289 525
2867 4 2 1 1 335 502 411 632
2868 4 2 1 1 365 405 531 532
2869 4 2 1 1 146 720 158 357
2870 4 2 1 1 357 502 574 632
2871 4 2 1 1 496 344 547 628
2872 4 2 1 1 90 393 634 106
2873 4 2 1 1 284 445 624 676
2874 4 2 1 1 304 515 303 568
2875 4 2 1 1 67 69 496 326
2876 4 2 1 1 546 547 432 605
2877 4 2 1 1 326 580 526 655
2878 4 2 1 1 370 448 321 364
2879 4 2 1 1 383 512 510 601
2880 4 2 1 1 212 217 194 394
2881 4 2 1 1 107 703 102 636
2882 4 2 1 1 246 306 243 656
2883 4 2 1 1 90 329 109 634
2884 4 2 1 1 67 496 345 326
2885 4 2 1 1 204 297 250 669
2886 4 2 1 1 253 241 263 588
2887 4 2 1 1 203 285 579 686
2888 4 2 1 1 130 133 118 584
2889 4 2 1 1 347 535 497 689
2890 4 2 1 1 106 90 109 634
2891 4 2 1 1 136 124 118 436
2892 4 2 1 1 356 547 546 605
2893 4 2 1 1 78 398 69 528
2894 4 2 1 1 601 602 358 621
2895 4 2 1 1 397 593 595 650
2896 4 2 1 1 321 600 635 364
2897 4 2 1 1 298 445 690 301
2898 4 2 1 1 609 211 302 292
2899 4 2 1 1 361 581 554 677
2900 4 2 1 1 327 591 535 408
2901 4 2 1 1 413 454 512 659
2902 4 2 1 1 175 184 185 665
2903 4 2 1 1 72 496 356 547
2904 4 2 1 1 321 500 621 643
2905 4 2 1 1 499 615 497 679
2906 4 2 1 1 94 96 604 99
2907 4 2 1 1 198 569 299 690
2908 4 2 1 1 151 155 149 503
2909 4 2 1 1 600 613 383 621
2910 4 2 1 1 298 445 301 284
2911 4 2 1 1 126 402 497 689
2912 4 2 1 1 360 463 564 575
2913 4 2 1 1 477 488 374 508
2914 4 2 1 1 89 365 532 646
2915 4 2 1 1 385 598 663 673
2916 4 2 1 1 635 434 580 364
2917 4 2 1 1 269 236 272 630
2918 4 2 1 1 229 240 261 620
2919 4 2 1 1 477 710 119 664
2920 4 2 1 1 97 636 39 107
2921 4 2 1 1 73 66 85 628
2922 4 2 1 1 149 613 167 151
2923 4 2 1 1 90 393 106 103
2924 4 2 1 1 636 186 176 39
2925 4 2 1 1 602 613 383 680
2926 4 2 1 1 205 196 50 464
2927 4 2 1 1 175 174 173 665
2928 4 2 1 1 378 560 463 683
2929 4 2 1 1 409 682 622 438
2930 4 2 1 1 250 309 249 669
2931 4 2 1 1 303 515 305 619
2932 4 2 1 1 540 464 378 139
2933 4 2 1 1 671 521 536 329
2934 4 2 1 1 320 477 439 679
2935 4 2 1 1 286 297 202 432
2936 4 2 1 1 721 25 71 724
2937 4 2 1 1 724 25 71 81
2938 4 2 1 1 397 595 554 650
2939 4 2 1 1 247 275 276 589
2940 4 2 1 1 58 283 195 520
2941 4 2 1 1 365 531 619 654
2942 4 2 1 1 465 304 515 208
2943 4 2 1 1 464 564 463 575
2944 4 2 1 1 171 528 185 674
2945 4 2 1 1 131 116 126 378
2946 4 2 1 1 601 621 358 643
2947 4 2 1 1 354 462 466 683
2948 4 2 1 1 688 575 220 566
2949 4 2 1 1 113 106 99 604
2950 4 2 1 1 352 416 395 481
2951 4 2 1 1 272 234 237 642
2952 4 2 1 1 361 554 594 677
2953 4 2 1 1 329 428 634 677
2954 4 2 1 1 634 96 109 106
2955 4 2 1 1 171 182 185 528
2956 4 2 1 1 536 577 544 671
2957 4 2 1 1 477 119 710 374
2958 4 2 1 1 246 243 239 656
2959 4 2 1 1 193 427 278 348
2960 4 2 1 1 79 356 72 434
2961 4 2 1 1 198 293 299 569
2962 4 2 1 1 700 162 55 147
2963 4 2 1 1 700 162 147 501
2964 4 2 1 1 490 581 361 677
2965 4 2 1 1 354 540 462 683
2966 4 2 1 1 329 594 428 677
2967 4 2 1 1 230 233 232 657
2968 4 2 1 1 377 633 569 670
2969 4 2 1 1 544 150 148 577
2970 4 2 1 1 671 521 329 524
2971 4 2 1 1 219 313 296 508
2972 4 2 1 1 350 517 462 540
2973 4 2 1 1 249 259 258 675
2974 4 2 1 1 677 393 490 389
2975 4 2 1 1 464 575 463 424
2976 4 2 1 1 609 333 355 394
2977 4 2 1 1 505 633 393 670
2978 4 2 1 1 397 595 416 459
2979 4 2 1 1 108 98 101 501
2980 4 2 1 1 328 581 554 585
2981 4 2 1 1 701 80 9 75
2982 4 2 1 1 544 148 150 160
2983 4 2 1 1 130 118 11 584
2984 4 2 1 1 187 179 172 501
2985 4 2 1 1 17 65 83 491
2986 4 2 1 1 383 613 602 621
2987 4 2 1 1 156 144 37 524
2988 4 2 1 1 252 307 251 678
2989 4 2 1 1 158 413 157 574
2990 4 2 1 1 160 524 544 671
2991 4 2 1 1 333 379 356 661
2992 4 2 1 1 432 546 605 687
2993 4 2 1 1 374 119 47 137
2994 4 2 1 1 701 80 75 367
2995 4 2 1 1 110 38 103 505
2996 4 2 1 1 465 304 208 218
2997 4 2 1 1 358 536 500 577
2998 4 2 1 1 126 140 131 402
2999 4 2 1 1 609 355 333 453
3000 4 2 1 1 360 532 405 639
3001 4 2 1 1 580 69 528 326
3002 4 2 1 1 197 204 313 508
3003 4 2 1 1 114 473 95 576
3004 4 2 1 1 393 633 561 670
3005 4 2 1 1 500 503 369 616
3006 4 2 1 1 216 279 273 514
3007 4 2 1 1 335 632 561 633
3008 4 2 1 1 670 389 113 423
3009 4 2 1 1 368 586 523 358
3010 4 2 1 1 360 575 564 639
3011 4 2 1 1 299 704 569 293
3012 4 2 1 1 154 147 162 501
3013 4 2 1 1 167 602 577 150
3014 4 2 1 1 291 599 217 609
3015 4 2 1 1 88 105 98 641
3016 4 2 1 1 412 601 512 602
3017 4 2 1 1 351 596 481 597
3018 4 2 1 1 219 193 209 556
3019 4 2 1 1 220 575 688 405
3020 4 2 1 1 526 372 326 655
3021 4 2 1 1 676 311 200 283
3022 4 2 1 1 212 491 292 609
3023 4 2 1 1 649 567 543 435
3024 4 2 1 1 500 536 369 577
3025 4 2 1 1 146 716 165 60
3026 4 2 1 1 503 616 398 674
3027 4 2 1 1 11 64 66 584
3028 4 2 1 1 688 216 220 405
3029 4 2 1 1 290 575 196 464
3030 4 2 1 1 306 624 245 638
3031 4 2 1 1 284 624 200 676
3032 4 2 1 1 92 110 103 505
3033 4 2 1 1 405 575 360 639
3034 4 2 1 1 87 70 61 528
3035 4 2 1 1 574 632 335 633
3036 4 2 1 1 161 413 143 454
3037 4 2 1 1 490 677 361 521
3038 4 2 1 1 649 543 567 341
3039 4 2 1 1 338 663 598 673
3040 4 2 1 1 67 66 64 584
3041 4 2 1 1 290 289 207 525
3042 4 2 1 1 367 597 596 667
3043 4 2 1 1 682 438 679 439
3044 4 2 1 1 402 499 497 679
3045 4 2 1 1 63 76 79 461
3046 4 2 1 1 180 186 176 636
3047 4 2 1 1 297 202 432 539
3048 4 2 1 1 112 93 100 639
3049 4 2 1 1 544 577 148 671
3050 4 2 1 1 492 377 465 670
3051 4 2 1 1 156 157 160 574
3052 4 2 1 1 65 333 76 491
3053 4 2 1 1 679 438 682 409
3054 4 2 1 1 176 174 180 636
3055 4 2 1 1 220 405 215 639
3056 4 2 1 1 354 466 462 408
3057 4 2 1 1 215 639 405 646
3058 4 2 1 1 85 496 547 628
3059 4 2 1 1 617 592 443 318
3060 4 2 1 1 72 356 77 547
3061 4 2 1 1 599 460 394 355
3062 4 2 1 1 491 17 295 3
3063 4 2 1 1 35 101 723 108
3064 4 2 1 1 156 38 165 505
3065 4 2 1 1 357 632 574 633
3066 4 2 1 1 535 597 327 667
3067 4 2 1 1 321 613 600 621
3068 4 2 1 1 599 460 355 339
3069 4 2 1 1 465 377 569 670
3070 4 2 1 1 90 37 702 524
3071 4 2 1 1 100 112 639 646
3072 4 2 1 1 68 64 75 436
3073 4 2 1 1 423 604 543 389
3074 4 2 1 1 617 592 444 443
3075 4 2 1 1 439 477 402 679
3076 4 2 1 1 320 499 477 679
3077 4 2 1 1 474 597 367 667
3078 4 2 1 1 712 125 45 46
3079 4 2 1 1 670 704 92 505
3080 4 2 1 1 329 634 521 677
3081 4 2 1 1 348 556 477 664
3082 4 2 1 1 695 42 98 41
3083 4 2 1 1 329 521 594 677
3084 4 2 1 1 74 18 19 714
3085 4 2 1 1 709 138 51 127
3086 4 2 1 1 696 14 62 539
3087 4 2 1 1 14 73 62 539
3088 4 2 1 1 497 499 402 378
3089 4 2 1 1 120 540 139 564
3090 4 2 1 1 409 497 615 679
3091 4 2 1 1 77 696 62 547
3092 4 2 1 1 116 139 126 378
3093 4 2 1 1 211 282 274 571
3094 4 2 1 1 723 162 154 35
3095 4 2 1 1 305 273 214 619
3096 4 2 1 1 77 696 547 605
3097 4 2 1 1 617 592 502 444
3098 4 2 1 1 154 148 147 671
3099 4 2 1 1 204 248 257 669
3100 4 2 1 1 37 103 38 505
3101 4 2 1 1 358 577 500 621
3102 4 2 1 1 112 99 94 604
3103 4 2 1 1 358 544 536 577
3104 4 2 1 1 296 204 257 508
3105 4 2 1 1 206 261 254 582
3106 4 2 1 1 139 120 121 540
3107 4 2 1 1 13 84 73 374
3108 4 2 1 1 211 291 292 609
3109 4 2 1 1 129 44 43 715
3110 4 2 1 1 287 221 222 599
3111 4 2 1 1 67 69 72 496
3112 4 2 1 1 636 39 40 97
3113 4 2 1 1 12 11 66 584
3114 4 2 1 1 150 577 544 602
3115 4 2 1 1 161 454 166 680
3116 4 2 1 1 156 160 144 524
3117 4 2 1 1 24 25 71 721
3118 4 2 1 1 260 258 259 675
3119 4 2 1 1 41 88 713 40
3120 4 2 1 1 676 311 283 520
3121 4 2 1 1 704 110 34 92
3122 4 2 1 1 111 100 93 639
3123 4 2 1 1 217 221 194 599
3124 4 2 1 1 105 88 114 641
3125 4 2 1 1 14 13 73 539
3126 4 2 1 1 561 632 377 633
3127 4 2 1 1 167 602 150 159
3128 4 2 1 1 209 556 193 664
3129 4 2 1 1 617 592 318 502
3130 4 2 1 1 158 157 146 574
3131 4 2 1 1 150 412 161 602
3132 4 2 1 1 146 716 60 705
3133 4 2 1 1 532 405 639 646
3134 4 2 1 1 635 661 600 461
3135 4 2 1 1 99 104 113 423
3136 4 2 1 1 157 150 160 544
3137 4 2 1 1 55 147 54 700
3138 4 2 1 1 554 428 594 677
3139 4 2 1 1 709 138 127 564
3140 4 2 1 1 580 69 326 434
3141 4 2 1 1 156 146 157 574
3142 4 2 1 1 69 79 72 434
3143 4 2 1 1 292 295 210 491
3144 4 2 1 1 311 195 283 520
3145 4 2 1 1 96 114 95 576
3146 4 2 1 1 286 432 285 686
3147 4 2 1 1 218 271 300 400
3148 4 2 1 1 82 63 79 461
3149 4 2 1 1 69 326 68 528
3150 4 2 1 1 157 544 160 574
3151 4 2 1 1 86 77 72 356
3152 4 2 1 1 596 597 535 667
3153 4 2 1 1 243 306 245 638
3154 4 2 1 1 389 581 490 677
3155 4 2 1 1 141 535 123 122
3156 4 2 1 1 397 554 594 650
3157 4 2 1 1 82 79 69 434
3158 4 2 1 1 62 85 547 628
3159 4 2 1 1 284 283 199 676
3160 4 2 1 1 711 52 4 163
3161 4 2 1 1 305 303 192 515
3162 4 2 1 1 155 53 697 52
3163 4 2 1 1 20 21 76 699
3164 4 2 1 1 115 44 694 45
3165 4 2 1 1 218 310 271 400
3166 4 2 1 1 207 220 196 575
3167 4 2 1 1 302 282 211 571
3168 4 2 1 1 10 9 75 701
3169 4 2 1 1 203 285 221 579
3170 4 2 1 1 29 28 693 93
3171 4 2 1 1 361 677 594 521
3172 4 2 1 1 161 158 143 413
3173 4 2 1 1 328 581 585 649
3174 4 2 1 1 383 512 601 602
3175 4 2 1 1 389 670 106 393
3176 4 2 1 1 398 580 321 635
3177 4 2 1 1 175 191 184 665
3178 4 2 1 1 227 226 224 603
3179 4 2 1 1 365 619 515 654
3180 4 2 1 1 36 35 101 723
3181 4 2 1 1 725 9 80 2
3182 4 2 1 1 106 670 389 113
3183 4 2 1 1 521 335 561 393
3184 4 2 1 1 411 561 521 335
3185 4 2 1 1 245 244 243 638
3186 4 2 1 1 677 393 389 634
3187 4 2 1 1 326 526 580 434
3188 4 2 1 1 102 26 27 703
3189 4 2 1 1 297 197 202 539
3190 4 2 1 1 161 159 602 680
3191 4 2 1 1 159 613 602 680
3192 4 2 1 1 69 67 68 326
3193 4 2 1 1 617 658 353 659
3194 4 2 1 1 30 100 111 639
3195 4 2 1 1 31 32 89 646
3196 4 2 1 1 219 224 223 556
3197 4 2 1 1 521 561 490 393
3198 4 2 1 1 490 561 521 392
3199 4 2 1 1 718 53 142 54
3200 4 2 1 1 308 619 213 646
3201 4 2 1 1 297 204 197 539
3202 4 2 1 1 539 488 374 628
3203 4 2 1 1 31 100 639 646
3204 4 2 1 1 89 532 112 646
3205 4 2 1 1 389 435 490 581
3206 4 2 1 1 30 717 639 111
3207 4 2 1 1 286 309 250 686
3208 4 2 1 1 166 161 143 454
3209 4 2 1 1 132 141 115 667
3210 4 2 1 1 250 248 204 669
3211 4 2 1 1 100 30 31 639
3212 4 2 1 1 143 153 166 454
3213 4 2 1 1 124 596 132 367
3214 4 2 1 1 383 602 601 621
3215 4 2 1 1 148 150 149 577
3216 4 2 1 1 49 664 131 48
3217 4 2 1 1 280 220 207 566
3218 4 2 1 1 706 23 22 70
3219 4 2 1 1 326 372 480 655
3220 4 2 1 1 149 150 167 577
3221 4 2 1 1 90 37 36 702
3222 4 2 1 1 394 16 17 65
3223 4 2 1 1 605 16 15 194
3224 4 2 1 1 158 161 157 413
3225 4 2 1 1 132 596 136 535
3226 4 2 1 1 117 128 122 563
3227 4 2 1 1 49 707 50 116
3228 4 2 1 1 160 544 148 671
3229 4 2 1 1 156 165 146 505
3230 4 2 1 1 298 445 284 676
3231 4 2 1 1 580 69 434 398
3232 4 2 1 1 212 295 292 491
3233 4 2 1 1 668 418 610 427
3234 4 2 1 1 298 284 199 676
3235 4 2 1 1 85 496 72 547
3236 4 2 1 1 248 250 249 669
3237 4 2 1 1 31 89 100 646
3238 4 2 1 1 94 96 95 576
3239 4 2 1 1 15 14 62 696
3240 4 2 1 1 374 1 84 12
3241 4 2 1 1 160 144 524 671
3242 4 2 1 1 126 133 402 689
3243 4 2 1 1 305 308 273 619
3244 4 2 1 1 491 17 3 83
3245 4 2 1 1 709 50 127 51
3246 4 2 1 1 290 277 289 525
3247 4 2 1 1 30 717 111 5
3248 4 2 1 1 710 47 119 48
3249 4 2 1 1 668 610 418 330
3250 4 2 1 1 284 245 306 624
3251 4 2 1 1 33 34 92 704
$EndElements
