$MeshFormat
2.2 0 8
$EndMeshFormat
$PhysicalNames
1
3 1 "tissue"
$EndPhysicalNames
$Nodes
658
1 0 0 0.08
2 0 0 0
3 0 0.08 0.08
4 0 0.08 0
5 0.08 0 0.08
6 0.08 0 0
7 0.08 0.08 0.08
8 0.08 0.08 0
9 0 0 0.01999999999999999
10 0 0 0.03999999999999999
11 0 0 0.06
12 0 0.017965272778861 0.08
13 0 0.03303585632849044 0.08
14 0 0.04696414367150955 0.08
15 0 0.06203472722113901 0.08
16 0 0.08 0.01999999999999999
17 0 0.08 0.03999999999999999
18 0 0.08 0.06
19 0 0.01999999999999999 0
20 0 0.03999999999999999 0
21 0 0.06 0
22 0.08 0 0.01999999999999999
23 0.08 0 0.03999999999999999
24 0.08 0 0.06
25 0.08 0.017965272778861 0.08
26 0.08 0.03303585632849044 0.08
27 0.08 0.04696414367150955 0.08
28 0.08 0.06203472722113901 0.08
29 0.08 0.08 0.01999999999999999
30 0.08 0.08 0.03999999999999999
31 0.08 0.08 0.06
32 0.08 0.01999999999999999 0
33 0.08 0.03999999999999999 0
34 0.08 0.06 0
35 0.01999999999999999 0 0
36 0.03999999999999999 0 0
37 0.06 0 0
38 0.017965272778861 0 0.08
39 0.03303585632849044 0 0.08
40 0.04696414367150955 0 0.08
41 0.06203472722113901 0 0.08
42 0.01999999999999999 0.08 0
43 0.03999999999999999 0.08 0
44 0.06 0.08 0
45 0.017965272778861 0.08 0.08
46 0.03303585632849044 0.08 0.08
47 0.04696414367150955 0.08 0.08
48 0.06203472722113901 0.08 0.08
49 0 0.03997612754756474 0.0676731017463038
50 0 0.01970299803366471 0.02990444882105184
51 0 0.0500309271000615 0.01844944604297453
52 0 0.06320678654940184 0.05133520568111023
53 0 0.01769062784401582 0.05156472570790054
54 0 0.03447649551432496 0.04218202339111461
55 0 0.05456620563363219 0.0668056749847694
56 0 0.02554914720311265 0.06711307696165174
57 0 0.06470880662462719 0.03054331438589798
58 0 0.04653473801529309 0.05410348177271366
59 0 0.03098076211353317 0.01675426480542943
60 0 0.03293224228687369 0.05616890760825968
61 0 0.04998877001628926 0.03742488867739449
62 0 0.06796154388083461 0.06762817613317594
63 0 0.01224100956519789 0.06773556053391046
64 0 0.06535898384862243 0.01464101615137754
65 0 0.01464101615137755 0.01464101615137755
66 0 0.03994954462116875 0.02819803112506164
67 0.08 0.03997612754756474 0.0676731017463038
68 0.08 0.01970299803366471 0.02990444882105184
69 0.08 0.0500309271000615 0.01844944604297453
70 0.08 0.06320678654940184 0.05133520568111023
71 0.08 0.01769062784401582 0.05156472570790053
72 0.08 0.03447649551432497 0.04218202339111461
73 0.08 0.05456620563363219 0.0668056749847694
74 0.08 0.02554914720311265 0.06711307696165174
75 0.08 0.06470880662462719 0.03054331438589798
76 0.08 0.04653473801529309 0.05410348177271366
77 0.08 0.03098076211353317 0.01675426480542943
78 0.08 0.03293224228687369 0.05616890760825968
79 0.08 0.04998877001628926 0.03742488867739449
80 0.08 0.06796154388083461 0.06762817613317594
81 0.08 0.01224100956519789 0.06773556053391046
82 0.08 0.06535898384862243 0.01464101615137754
83 0.08 0.01464101615137754 0.01464101615137754
84 0.08 0.03994954462116877 0.02819803112506164
85 0.04002387245243524 0 0.06767310174630381
86 0.02996907289993848 0 0.01844944604297453
87 0.06029700196633528 0 0.02990444882105184
88 0.01679321345059814 0 0.05133520568111024
89 0.06230937215598417 0 0.05156472570790054
90 0.04552350448567502 0 0.04218202339111461
91 0.02543379436636779 0 0.06680567498476941
92 0.05445085279688734 0 0.06711307696165175
93 0.01529119337537279 0 0.03054331438589799
94 0.0334652619847069 0 0.05410348177271366
95 0.04901923788646684 0 0.01675426480542942
96 0.04706775771312627 0 0.0561689076082597
97 0.03001122998371071 0 0.03742488867739449
98 0.01203845611916539 0 0.06762817613317594
99 0.0677589904348021 0 0.06773556053391047
100 0.06535898384862246 0 0.01464101615137754
101 0.01464101615137755 0 0.01464101615137755
102 0.04005045537883123 0 0.02819803112506164
103 0.04000854574226215 0.08 0.0677991780242327
104 0.01969647710744757 0.08 0.02989984951956868
105 0.05002221216660022 0.08 0.0184377333972447
106 0.06324620783180798 0.08 0.05132182897274586
107 0.01773290744350293 0.08 0.0515619894185239
108 0.03447381314839954 0.08 0.04216443739302581
109 0.02558380054642499 0.08 0.06711492118662413
110 0.05459852074158523 0.08 0.06683343764065361
111 0.06471136467433317 0.08 0.03053083392526117
112 0.04653770261205419 0.08 0.05407013905119167
113 0.03098076211353316 0.08 0.01675426480542942
114 0.0329468297935837 0.08 0.05617705180781307
115 0.04998675337395034 0.08 0.0374047730699405
116 0.01225639615375779 0.08 0.06773538212102961
117 0.06797589115890644 0.08 0.06763105332267989
118 0.06535898384862246 0.08 0.01464101615137754
119 0.01464101615137754 0.08 0.01464101615137754
120 0.03991474244989664 0.08 0.02817140463187832
121 0.02035895983285236 0.03083197013306798 0
122 0.04994951631651839 0.01535592308320331 0
123 0.06294150265781699 0.05087254296934142 0
124 0.03002669933555125 0.06311661425443239 0
125 0.04972537414320546 0.0641663196219531 0
126 0.04045202181597288 0.04553527748681065 0
127 0.03084351817385542 0.01509806746608809 0
128 0.05983052019733071 0.03088060787423037 0
129 0.01734392055580769 0.05029631150600641 0
130 0.04028690726730595 0.02754036920868008 0
131 0.06535898384862243 0.01464101615137754 0
132 0.01464101615137754 0.06535898384862246 0
133 0.01424049560134155 0.01318600751983121 0
134 0.06535898384862245 0.06535898384862245 0
135 0.01206225067026381 0.03999999999999999 0.08
136 0.06793774932973619 0.03999999999999999 0.08
137 0.03984953893776798 0.06969801208615498 0.08
138 0.03923533687022025 0.01130507805608838 0.08
139 0.008810132559719094 0.05468873392931145 0.08
140 0.02018633989451118 0.04711432428193114 0.08
141 0.05329822377126285 0.0116362783972593 0.08
142 0.05522978312144534 0.06856546127882562 0.08
143 0.04668526521713898 0.05967764248095528 0.08
144 0.07061843052458877 0.05430679816483142 0.08
145 0.01239200318145419 0.02550056455367573 0.08
146 0.06914943581391182 0.02649882117270554 0.08
147 0.05998660538664297 0.03321056092624165 0.08
148 0.02784400113123037 0.01098095591594211 0.08
149 0.03383228367565487 0.020399588247506 0.08
150 0.02573111730479162 0.07027401735665077 0.08
151 0.01341689099106162 0.01255035808169242 0.08
152 0.02301521883196566 0.01962824144211437 0.08
153 0.01937497484403915 0.02969576970510062 0.08
154 0.01206942818264374 0.06446548878920037 0.08
155 0.02080664948191519 0.05828182357202744 0.08
156 0.03130224223260931 0.05989129505299633 0.08
157 0.0667839943998834 0.06551527563495181 0.08
158 0.05848044003687535 0.0603371588144376 0.08
159 0.05904226714872747 0.04944861430582281 0.08
160 0.0678040848189124 0.01439069318781446 0.08
161 0.0596729450792556 0.02238858457630183 0.08
162 0.04961636830919473 0.01877497661844752 0.08
163 0.01658631141231358 0.05391691720022519 0.08
164 0.02310972251708998 0.05209415776256801 0.08
165 0.02551146230459244 0.04681434384059433 0.08
166 0.02281929577415154 0.04238170047015331 0.08
167 0.0278847657611604 0.04221347911263458 0.08
168 0.03062319941203446 0.046424507997035 0.08
169 0.0328926082692113 0.04194570578475047 0.08
170 0.03563014292416418 0.04613297800864628 0.08
171 0.03788792014035926 0.04166834332931599 0.08
172 0.04062504624284695 0.0458520199653188 0.08
173 0.04288003180804184 0.04138883565429047 0.08
174 0.04014355529395967 0.03720535528363343 0.08
175 0.04513487327688158 0.03692593710548253 0.08
176 0.04239731314877378 0.03274196216286481 0.08
177 0.03740738231271777 0.03302055101040911 0.08
178 0.04561764125444596 0.04557266756745035 0.08
179 0.04738938758931638 0.03246301914579389 0.08
180 0.03837079928349291 0.05031492226152209 0.08
181 0.05012692208161433 0.03664693300868734 0.08
182 0.03965950991984412 0.02855784899597827 0.08
183 0.03017747848749892 0.03774840499062489 0.08
184 0.03467020476515187 0.02885322845071376 0.08
185 0.05221260933148256 0.03209877929004919 0.08
186 0.0495474900204169 0.02817002369084237 0.08
187 0.05547353041313561 0.03594421515221911 0.08
188 0.05292358887833379 0.04076024471312503 0.08
189 0.05772895038971619 0.04059401793978164 0.08
190 0.03686468933557344 0.0244287654893442 0.08
191 0.04183196709598004 0.02415170606614584 0.08
192 0.0389224631647643 0.01957613082793905 0.08
193 0.0557040053863869 0.04504980490946034 0.08
194 0.04388163996124135 0.01848588950536945 0.08
195 0.04454618092335692 0.02836640315353999 0.08
196 0.04788216401993729 0.04109805138654469 0.08
197 0.05063836805193436 0.04528581578791361 0.08
198 0.04836005747139578 0.04975518593065315 0.08
199 0.05351612291688421 0.0495382226950293 0.08
200 0.05109291510212188 0.05394044977734529 0.08
201 0.04606366674416081 0.05457058999520208 0.08
202 0.04335769398845139 0.05009384329688038 0.08
203 0.04095756732073294 0.05449355369123121 0.08
204 0.03624343961000322 0.05468243472566794 0.08
205 0.03885508166478947 0.05896082915020451 0.08
206 0.03347428126408114 0.05053100809296653 0.08
207 0.03515668222341539 0.03748669915991358 0.08
208 0.03242112079759239 0.03330021375498898 0.08
209 0.02975743186016816 0.02909067966282491 0.08
210 0.0275966229674808 0.03359481781769484 0.08
211 0.05497906457275335 0.02768431699413108 0.08
212 0.02851437044893494 0.0509904436714988 0.08
213 0.05604350725448632 0.05452000621534416 0.08
214 0.02526799306764531 0.038031505392625 0.08
215 0.02002983924934058 0.03805696788310443 0.08
216 0.01782975685221068 0.04290065757378149 0.08
217 0.01545310145874002 0.0336837665883685 0.08
218 0.05999517816649789 0.04475479341202451 0.08
219 0.03190120999996564 0.02487123377545335 0.08
220 0.02683581936956023 0.05599044465407735 0.08
221 0.02679428798146328 0.02498360819745477 0.08
222 0.05212848195605728 0.05953060555920811 0.08
223 0.04659914251668575 0.01204044451543293 0.08
224 0.03183773692729585 0.05513446149788396 0.08
225 0.02466787705075679 0.02956556016778932 0.08
226 0.04689454658222805 0.0237155282545934 0.08
227 0.06494103604784254 0.04712376312012698 0.08
228 0.02617093777521927 0.0625089942206152 0.08
229 0.03260619633694254 0.06661344429324334 0.08
230 0.02206506810633377 0.03377139792578045 0.08
231 0.04205455093494292 0.06257066591326746 0.08
232 0.05225259086133244 0.02388589550521278 0.08
233 0.06041099363469914 0.02832398401186621 0.08
234 0.05485901688453098 0.01855947561498967 0.08
235 0.04292322637635302 0.0580546562461721 0.08
236 0.03387065840060597 0.01569709109840791 0.08
237 0.0290124415300419 0.0212212748214185 0.08
238 0.03494922694007159 0.05837103471358778 0.08
239 0.01257913189816972 0.04759746277612646 0.08
240 0.05654042779763181 0.03143545642995842 0.08
241 0.02165177899560788 0.02568696829659508 0.08
242 0.06265161256873397 0.05520860270925246 0.08
243 0.03660280617452064 0.06268421353490905 0.08
244 0.06244809915832695 0.04075509628953108 0.08
245 0.0644478736254052 0.03428160369182649 0.08
246 0.07228802668625306 0.03788970438450363 0.08
247 0.02006702865390753 0.06575502301896843 0.08
248 0.0711570485176841 0.04525688186819431 0.08
249 0.04715196063981034 0.06667373121973522 0.08
250 0.05969992936087386 0.03693424613181237 0.08
251 0.02951702019827215 0.01691846155707104 0.08
252 0.007402116899560403 0.03414330111790671 0.08
253 0.04883859251770137 0.05686489343456405 0.08
254 0.05945495640160926 0.01611164297772694 0.08
255 0.04026040619832783 0.0403260374666292 0.03975688011785228
256 0.0398673128922768 0.0547615743775762 0.05565288289228262
257 0.03137045335651993 0.0273143004856781 0.05657487514342321
258 0.05672994872568283 0.03283531467802051 0.05624337419827604
259 0.02314756299321406 0.04599606016178362 0.0597633432185302
260 0.04068092819508113 0.04032505909242758 0.06246227256112422
261 0.05683133960896065 0.05069432933634778 0.06341396940036752
262 0.0479976880472221 0.04511471919387189 0.05538069659447752
263 0.04605098180889725 0.02436334155443945 0.06820176477833144
264 0.03340443590840184 0.04622843062101947 0.0520754692917022
265 0.04068020893034783 0.05781267461281059 0.04036318481812329
266 0.05490460721131812 0.05829043434863036 0.04756906666059296
267 0.03284876421559368 0.05019633190222576 0.06502464372054545
268 0.02861483565089207 0.03603462093542036 0.06840811976528441
269 0.04272162056056009 0.03404963452311242 0.05180557245806188
270 0.05394976040027816 0.03586007292001333 0.04100836260402821
271 0.06383957023981281 0.04592576096221276 0.05003049999631257
272 0.03127843563058413 0.03313047471327302 0.04628137755044356
273 0.04794640932328752 0.05694057453926645 0.06945713944817208
274 0.01853685618544173 0.05080802493827125 0.02926487890423631
275 0.02440544541755091 0.06432238374833972 0.04705268109700731
276 0.06057247167155013 0.04047953422433186 0.06742805490050469
277 0.03676749279543384 0.06670676937646643 0.06742884540537981
278 0.04012975637623153 0.02319380242321734 0.03611177397150258
279 0.04295715540612117 0.0100182579598046 0.05227283821487567
280 0.03693365808776155 0.01420110296844815 0.06555497752663592
281 0.02484953325012207 0.03552441685835404 0.02469577534131986
282 0.04999227192137928 0.03316984099214772 0.01603480851087883
283 0.05823004785326651 0.02576936466717437 0.06652106686784964
284 0.03268170378056386 0.02661212138458884 0.06926014909502731
285 0.01336874076269459 0.02255365816203895 0.06562651280928629
286 0.02009714885421762 0.06228351042820717 0.06546177036287515
287 0.02158154085398849 0.03366307367540076 0.05448814991704309
288 0.02863012794419135 0.05476386468781561 0.05610077442966024
289 0.04958629129131813 0.04338395997239813 0.07049111653403196
290 0.05557239997561543 0.05145101693297476 0.03495765119458544
291 0.0165934635129576 0.01388171665684126 0.04217106975628812
292 0.03645859524336476 0.02332705267436962 0.04567110308060626
293 0.02395692047749642 0.04267856647856182 0.04993155997363685
294 0.03204374943349394 0.03757693950609521 0.05618481827435953
295 0.04853418199946548 0.02967114045858399 0.04028562088325436
296 0.06429956591818203 0.01505883197760654 0.03910596661403616
297 0.0303691393290514 0.04409502255799774 0.04167498305081155
298 0.03328012501431108 0.0492813369183964 0.02547958524758575
299 0.04634015026250171 0.05067209741907423 0.06036990693598041
300 0.02509878637254112 0.04506097142716865 0.07072549047754403
301 0.01635181587908325 0.03764851195734496 0.06717015685429825
302 0.01461159306655789 0.03740284939766642 0.03453225764087468
303 0.03968831423985913 0.03434065195403155 0.07087426718842435
304 0.05068365441571329 0.03450632607129962 0.06610949455327922
305 0.052250350744781 0.02224965885128671 0.05935267562396098
306 0.03208161814197475 0.04300873392079081 0.06879061000188894
307 0.05098284346029053 0.02581123663336219 0.04830871277295715
308 0.06769905117609781 0.02728146385136025 0.04943049066056843
309 0.07020222521973261 0.03099251372518492 0.06197571191697528
310 0.05392156771207558 0.04244243041963829 0.05834421652655429
311 0.05061653393752582 0.01640514124716516 0.06961648450321858
312 0.04101020252460667 0.04954064261295218 0.07131276702954482
313 0.04161450513735842 0.03388518251700304 0.05932075973380503
314 0.03672331607915809 0.04916060317810262 0.05892087166873594
315 0.03945399754227483 0.06092893680507506 0.07439572013571785
316 0.05423699762361639 0.05274178638828047 0.07326218068070618
317 0.06175738880323601 0.06701364337440754 0.06777648251788711
318 0.04487911646011777 0.07082210362093051 0.06214473047567167
319 0.0644344940564395 0.0483452417899661 0.07202770156521525
320 0.02133685548143968 0.05566689141131857 0.05053379042234586
321 0.04213683081862356 0.04065157012517172 0.0564138955108806
322 0.03054574635790886 0.04455284709408332 0.06179485354764733
323 0.03102545744397841 0.06903549571591296 0.05253040441610988
324 0.03574435336019999 0.05506079867445561 0.04690739736369873
325 0.04454368773814828 0.06812516918541804 0.04771372664951069
326 0.04674464981382964 0.03060458504643499 0.05820422196989684
327 0.0429958886818578 0.02296119042603475 0.05790091360814077
328 0.03348204640084705 0.01448422843645576 0.05481757924289982
329 0.0681324385304091 0.0135959161151444 0.05862054284728629
330 0.05332475643848558 0.0652610053835905 0.05736722341030664
331 0.04175981219099383 0.04526385187681849 0.04457903573471448
332 0.04891488750033853 0.05371413982810501 0.05408265270886654
333 0.0501379581178614 0.0368343923073338 0.04852926685174171
334 0.02274835970796001 0.02829807039566018 0.07275121075631578
335 0.02321808563750035 0.02995341661235915 0.06111229361356526
336 0.02821173716754132 0.01734024834819951 0.06214825107028089
337 0.02071820613129904 0.02092393451730564 0.05196033429488089
338 0.0457886677521913 0.03076781432487588 0.07065292965243088
339 0.06041528585636298 0.04491240292994644 0.05802146838587224
340 0.0560806261916995 0.03305087974537394 0.07104329264640909
341 0.04880147696906651 0.04212829363618752 0.04340434545160032
342 0.04673934929586945 0.03728707518317844 0.03680867464240584
343 0.06373066860225868 0.04485417475783657 0.02667780086520731
344 0.02617552282516087 0.06147086465012767 0.0729416694900195
345 0.04304002844655306 0.04141584832729085 0.07284981573942161
346 0.04347157110392642 0.05296863364965006 0.03132595703032973
347 0.05927673827125867 0.06321180680442477 0.02240938731011991
348 0.04037338209170097 0.02654531440053613 0.07348572143727623
349 0.04751813420938783 0.03890812139020604 0.06179789368177133
350 0.03918098289916284 0.05429120169670515 0.06305876820084649
351 0.04274944352332297 0.02540049547615745 0.05103789546659721
352 0.03167644180661935 0.02878735364280999 0.03246286602821617
353 0.0712024495391196 0.05748094124020434 0.05814504820960912
354 0.06735224620317139 0.03274115895147284 0.07197936789022756
355 0.03767589139549278 0.03706745439323975 0.04681550278164755
356 0.05597261357935852 0.05022229479409712 0.05147388620031783
357 0.01038996759876859 0.02593907488353914 0.04754585227696134
358 0.008364057240499633 0.04263496897528774 0.05095849427375896
359 0.02928726530856435 0.05126880113238248 0.04720793465971908
360 0.03192691628828882 0.0589485391667332 0.03497870048784022
361 0.02345582386027905 0.03844188771578685 0.0598153423468814
362 0.05694698244413259 0.04451397791718077 0.07285901485013226
363 0.01004997058316492 0.05112773300791472 0.06883798555847134
364 0.03499792719573728 0.03295453319297875 0.05309238086551334
365 0.03208083762214912 0.03246991777338487 0.07347336040584876
366 0.02642510276531423 0.02127420059292244 0.07402497336669356
367 0.05723619364255856 0.04734014063085063 0.04393662666561972
368 0.0659370316532238 0.05630667662855533 0.04288667168546728
369 0.05039307262419934 0.04934884361297357 0.04594139292742114
370 0.03026135532636027 0.02617533909057629 0.04964801254683501
371 0.06103636177079837 0.03443550317891873 0.04812181075643544
372 0.03827041970483286 0.0141035597533667 0.04266085067543144
373 0.04386575194194734 0.06674291426089121 0.07202355878924299
374 0.03462141430018625 0.04884913955898082 0.04419030520529314
375 0.03122753921307017 0.04878627274443882 0.0751401987289074
376 0.03145370422462139 0.03184246470460551 0.06392534942762131
377 0.0270531489281206 0.04909298849943707 0.05364084005225747
378 0.02205718393824487 0.05304458290597795 0.06645670863874546
379 0.05288626695156628 0.02395236514865026 0.03112984593489084
380 0.02818632908161039 0.01431387425551707 0.02957852401413627
381 0.02796753707944356 0.0392580916227584 0.07386703466314207
382 0.0490717496922027 0.01864621564274887 0.04270132987393
383 0.04981368195830368 0.03644620914646209 0.07175985282302176
384 0.0343250317451264 0.01764754853072213 0.07419046254754984
385 0.03879876044873845 0.02183112079928022 0.06689046297768145
386 0.0453489500967903 0.0190359449293889 0.06383596652816613
387 0.02214585847881709 0.03588803267380098 0.0725598742472064
388 0.0337129188752904 0.06120304392477073 0.05969037222096861
389 0.051123404432936 0.05985304935915205 0.03850653200150363
390 0.05544669184473731 0.05728954529885028 0.06676356266650968
391 0.02207594821574434 0.02779641100300405 0.04611070405492447
392 0.0581960134381659 0.03293765406785648 0.06392345858533645
393 0.0610218670125405 0.02542289258078689 0.05835534992346034
394 0.01960673979279291 0.04043858596934091 0.05479674578638151
395 0.01650540658438966 0.0371980859683299 0.04662680018293595
396 0.06551691497965707 0.03975922702396811 0.03993765246411297
397 0.02400275424188162 0.05383860678344424 0.07486667665703911
398 0.03437385783229793 0.03876094545717029 0.06304864574105942
399 0.04480018527000289 0.03690733855221289 0.044416874127281
400 0.05180522962738751 0.02804575280378345 0.06347875481055273
401 0.05161828682258033 0.02455145151526578 0.07069379449758745
402 0.0555163278489697 0.007881574384512672 0.05849822406497466
403 0.01736561193678562 0.01312646887285934 0.06860190806257861
404 0.04303715897404174 0.03447695702828275 0.06573073645189485
405 0.03245501989154023 0.05905253801095361 0.05189688753357952
406 0.05335513248606853 0.04322179960522678 0.05126334494066445
407 0.02812928249037384 0.0325663910088023 0.05210911567327695
408 0.04762560016439064 0.05276071770630891 0.07469935407457128
409 0.01363539460425975 0.03091097205202427 0.07197324126547106
410 0.01759573883816709 0.04378706850626974 0.0732606405618613
411 0.03861399203548093 0.04753501407226197 0.06615346142207351
412 0.02672130022204493 0.06454310087690157 0.02196053948028746
413 0.05094070244333789 0.0496268491050138 0.06815393449913067
414 0.05604200040593482 0.04450890692401024 0.06464367412224649
415 0.03073809646299934 0.03892180064512333 0.05037140955067747
416 0.04665800774711876 0.06027191060762764 0.05278510654480888
417 0.03371026807557086 0.03717148610082347 0.04037405748829592
418 0.04018243907699871 0.0319905108900053 0.04257494823700241
419 0.03723107889942458 0.03623221567746423 0.02483926837792663
420 0.02380158153627009 0.01106787947494833 0.05656676209108225
421 0.040442493549951 0.0624999038723231 0.06288816819947129
422 0.05766606779129314 0.018783975653235 0.05165284232066526
423 0.0605189100974447 0.05537289014012456 0.05788858463753198
424 0.03537246476788069 0.04285196390995769 0.05794265636984763
425 0.01379180440075695 0.0488676303141686 0.04230926481202102
426 0.03598323846963319 0.05211019592613009 0.07586441042804644
427 0.01664148354175724 0.05364272978849267 0.05913806216812873
428 0.06394131420602475 0.05639943866127373 0.07004570033347025
429 0.04341146208002818 0.01286500621201154 0.07172777524562576
430 0.03673359330187672 0.02574155921511911 0.05401495110090381
431 0.02771444984759125 0.05015381233403102 0.06104235970295663
432 0.02355582259335321 0.05296888513653979 0.05817362221931328
433 0.06848979598302724 0.04131153819718031 0.07010168686714306
434 0.03403030699510855 0.04395646364993719 0.03331080348452964
435 0.04434411427607365 0.04515909602606712 0.06667665353998231
436 0.05804114086297955 0.02800597536277401 0.0512881770521537
437 0.02857645319899955 0.02693351861965304 0.07520506619513644
438 0.03490570748184538 0.02076177268202134 0.05912246422374054
439 0.03393122190517032 0.05186204549205568 0.05356073560645187
440 0.04434084471868326 0.04176966616160645 0.04995993372226513
441 0.03859296993839142 0.02903302914937726 0.06774159516827602
442 0.06011798770704176 0.03609371126772695 0.0752785959022397
443 0.04049455398003644 0.04695202141148905 0.0536141183990559
444 0.0462497649490054 0.05031971746464253 0.01437854643965193
445 0.03763909367761382 0.0386077458733139 0.07484421392519838
446 0.05391179974424325 0.04830427733303013 0.05803693475430808
447 0.01881399924068413 0.02933272749681439 0.06605238924809714
448 0.009922757470760294 0.0291530028537919 0.06069725007202169
449 0.05605248592682593 0.01975772091745592 0.07326701907001155
450 0.05789899419724358 0.01741411119386452 0.0632735732905757
451 0.06646984123174411 0.01999091363479652 0.07071454886314799
452 0.04260086042655811 0.0677524337121254 0.03300623801809174
453 0.02829771431009015 0.0211117755389889 0.03959638246824069
454 0.05129028474546662 0.04766373918176312 0.07530442659070129
455 0.07073293526356296 0.04655977186145691 0.06213865531009612
456 0.04543367661757041 0.05760094580518758 0.0610029481854452
457 0.02385875774809798 0.04028577737541077 0.06789926974126193
458 0.01839275290513013 0.04585724232052564 0.06639971531053043
459 0.01313747872422042 0.06420088693213494 0.04003506449206954
460 0.05845337889199997 0.02722969703904146 0.04201611122696972
461 0.02821696046559002 0.04324043767226204 0.05566088205727276
462 0.03939426789255577 0.01935131916076078 0.01841949232660328
463 0.05889713492503305 0.03854311473087017 0.05926072150301943
464 0.03190524955961403 0.02052849196040762 0.06721548165789508
465 0.02776100277888419 0.01316156624294686 0.06997226181436943
466 0.01122720608254757 0.01577570111046879 0.05660031847679423
467 0.05189083425040869 0.05998388208549142 0.07462879454736757
468 0.02886005605654096 0.05010477492691522 0.03801446254374395
469 0.02283879685428875 0.04386609187326151 0.0421659918118352
470 0.03353932182033292 0.05416122783270624 0.05961949694820168
471 0.03747640421250727 0.0374554249895195 0.05775040418376936
472 0.03543513321888427 0.06397275696592426 0.0446352493252128
473 0.03865308215686796 0.03429083841629877 0.03476871380548498
474 0.06768766646674346 0.03827123136674423 0.05378789592182202
475 0.04615960495012533 0.05085073307222117 0.04048506882229173
476 0.04025403271093946 0.04821825673147759 0.03855507930875609
477 0.05244941155320326 0.02835011099335829 0.07544068189970925
478 0.03400789350864546 0.03687028526211204 0.06920319993423266
479 0.03538924552044283 0.05770068691011995 0.07579108633727986
480 0.01348505714090102 0.06651301010648253 0.0546918640366777
481 0.02831680715951414 0.05662733140511118 0.06402062945415647
482 0.02413192021231575 0.06079207976613597 0.05783699191379907
483 0.02830378034749837 0.07196631870805756 0.07024455235985691
484 0.05091341192685374 0.03218383572152596 0.05302876978986298
485 0.03559530538800162 0.04308876830885999 0.04670476987888025
486 0.05842721815671607 0.04933415507524538 0.06917031391760167
487 0.04301137013751278 0.03560770130994075 0.07557901915259266
488 0.03896189773661195 0.04625210210084529 0.07597172084272789
489 0.04123142776242475 0.01575968683944138 0.05852151965359394
490 0.04538366617087822 0.05901756898785784 0.07545386178355154
491 0.03699053843558201 0.03073368084748321 0.07525757495808363
492 0.03406495037585541 0.02372601122435265 0.07509160872735263
493 0.04626109094533708 0.03030765958363606 0.04768997138726817
494 0.0167575890979838 0.04758445691054358 0.01318676562096878
495 0.04880625737916168 0.06317785193856275 0.06538732635055113
496 0.02697585079288884 0.03028783962816028 0.06875958952744118
497 0.04123114022901658 0.05762080173817321 0.04900156450263509
498 0.02710058413305297 0.03335362169302237 0.07580367900047666
499 0.05370876638454675 0.03906059223699278 0.06858074895129201
500 0.05238728915255467 0.04374862190492591 0.03640944010979726
501 0.01965533758490769 0.04999042872135048 0.07356464220771697
502 0.01755530444610586 0.02408413268899443 0.07391073616431684
503 0.0686959636715649 0.06871572695389415 0.05400826616782649
504 0.02806297863165313 0.03291467407420314 0.05820303478318921
505 0.02507862892992234 0.03309957720296569 0.03933340826571215
506 0.01596897323148654 0.02456191739844455 0.0332362159436803
507 0.05184048818137692 0.02992571687756186 0.06887834925721323
508 0.03799402473678388 0.02946557023612355 0.04863656783897078
509 0.04365692024331008 0.024236793141571 0.04493736229330636
510 0.05252403749909781 0.0379067377472399 0.05625572168372679
511 0.02785871154727678 0.03897743052720754 0.03530335843453363
512 0.05451432524250582 0.03248084749912345 0.0477613643416392
513 0.04071280208827797 0.02904944588438592 0.05593875857306595
514 0.0363269512164827 0.0270993233096351 0.06174775773644408
515 0.04493357033324712 0.04650448754748513 0.0757431431152331
516 0.04045966990962398 0.05211363415579329 0.04418600049885613
517 0.04865274294074816 0.01989490908488994 0.05215072819021458
518 0.05225424063843091 0.009289650948491823 0.04634316902495988
519 0.06341582711951316 0.04319806194915084 0.07525539782751664
520 0.05034761831725124 0.04524723125264993 0.06275628319447581
521 0.06855278990649909 0.02870841741186208 0.03433501048840817
522 0.05145720427911103 0.05449075452830243 0.06210771707573397
523 0.04656302640912059 0.02662776993640349 0.07565549766678333
524 0.05895858610467297 0.0492487388515481 0.07580139237313342
525 0.04119021991641217 0.06361306017270016 0.05572666497283408
526 0.03427154658941584 0.0590417205647619 0.06759596495756109
527 0.06478728186442388 0.03852316882326082 0.06252207743985522
528 0.05174040330505621 0.03316857518625586 0.05984928286415989
529 0.03022868448006057 0.05487546125143123 0.07311542689130845
530 0.02911406386515844 0.04480448971749499 0.04819368208749231
531 0.03190479275775703 0.04836660252837528 0.05809203723227895
532 0.03658869072240659 0.04021564993989441 0.05272789827646917
533 0.02214058031011393 0.05613422208227727 0.04001053780662494
534 0.008829969860929406 0.05449612594808834 0.05321445150460354
535 0.05308080104653348 0.02715262814285289 0.05589398417748554
536 0.01703805011100183 0.05920693181382906 0.07322097916923952
537 0.04180461609038567 0.05425678397962208 0.0750464012126663
538 0.0243071826167212 0.03623634635513309 0.04812295747672843
539 0.04147752698641724 0.0208196832719863 0.07485366721628621
540 0.04906928093875201 0.01980966471671443 0.07516106241667307
541 0.04057071511467775 0.01893013689441828 0.05131777091418822
542 0.02573375843572718 0.0449862216731173 0.06505132903476236
543 0.05655998201457892 0.04023374720353174 0.04574735395117742
544 0.03800619150237174 0.05014321646839616 0.04904501311830676
545 0.03767998111593841 0.03420910787500783 0.06432270147293329
546 0.041813041872841 0.04638987584052565 0.06056750585035505
547 0.04460153404355185 0.03126191354354933 0.02913261050606145
548 0.0279665013864084 0.02071822782204619 0.05567585523601653
549 0.02802885800702638 0.01799890908039532 0.04803363065220605
550 0.0247728386967742 0.0271276420062078 0.05525521252680648
551 0.01686173011303467 0.02749266811968722 0.05577050738360638
552 0.01387236141914764 0.04423270442465461 0.05985779347560444
553 0.05336546689864925 0.04159178281584801 0.07518022025793579
554 0.05201125048583843 0.02138876690540667 0.06544760555985328
555 0.04719312856658135 0.02676283080872871 0.05425630562548798
556 0.02270375593635871 0.04895031907470374 0.04776344740463087
557 0.01718296544815793 0.03521538660909673 0.06013351654721968
558 0.007233146912696786 0.03779016913202532 0.06272892951090669
559 0.03318609795463095 0.0651561183702549 0.0741870786032162
560 0.01524307530025863 0.02560700355452945 0.01557232647897183
561 0.05600694527002059 0.009194371992105191 0.07007983266698155
562 0.02863488619871685 0.0253461149385177 0.0619109001541121
563 0.03880899686774107 0.04008270025547148 0.06780513412059744
564 0.03754799843317588 0.05402112584037586 0.06998160482296471
565 0.05756933045165816 0.03844938646649398 0.05277818755903003
566 0.05036297024861411 0.01535327263019459 0.05933845291282293
567 0.04406420010663208 0.05229701470644545 0.06714646417122717
568 0.03456223989416077 0.03266708911441608 0.05912572705458361
569 0.03248371626937425 0.04336270849808262 0.0754467455766645
570 0.02888222537622579 0.03900543612827028 0.06144909561974832
571 0.02242822099131314 0.04139983731000424 0.07581299652823893
572 0.01624442020117046 0.04661871263486442 0.0504523250940189
573 0.04678561642530147 0.0566490903235115 0.04579834264650779
574 0.02631556734784884 0.03767584204415086 0.05451200893211324
575 0.04775569341637398 0.0255558595059387 0.06140854023334361
576 0.06495834784387806 0.02604697834831024 0.01740219492292458
577 0.03549327889569893 0.05225137875250867 0.03811858392384074
578 0.03292274682894345 0.0370144895121386 0.0763632505504408
579 0.04562358904268733 0.03826521412847186 0.06886422352213828
580 0.02706294353156073 0.07033548393239276 0.03749195036133443
581 0.03559324936008728 0.04463015732773528 0.06288130086911255
582 0.03004073155809758 0.008448047469287538 0.04676725929815941
583 0.03289814320615285 0.02855983026681519 0.04144820523772449
584 0.06000469387340034 0.06944391050615861 0.04121413274703705
585 0.0450190530510174 0.04461909845250155 0.03810759248022505
586 0.04208022291627538 0.04218143378184488 0.03195104776837046
587 0.04275637772780239 0.03027373797808924 0.07612139711552997
588 0.02766963535698681 0.05001112359931044 0.06969357548536534
589 0.05159293932449167 0.07138551125225209 0.07097989212136561
590 0.0253212113654779 0.04682014695548991 0.07612680976647437
591 0.04716316062792721 0.03747091060237961 0.05487694776166132
592 0.0586691637053085 0.0267536394278894 0.07411919512693721
593 0.02114354131006679 0.04748545700263565 0.05433029348766875
594 0.03574251619626155 0.07142065313433305 0.06037088200579897
595 0.04246708457602922 0.02800452239555995 0.06320366804153467
596 0.03219541313394927 0.03466715287119505 0.01215703376632788
597 0.04907872844338034 0.0332016469324553 0.07551619150696177
598 0.009444236668770452 0.06509758635366682 0.06705960495068226
599 0.02021648398054264 0.03174501312147594 0.07591698133461244
600 0.01604464140425829 0.03756653274248505 0.07525395257168477
601 0.01033198337420457 0.04134978892052303 0.07157798169342695
602 0.03358312574832783 0.02073027534711644 0.05196164882422072
603 0.06293459981448911 0.04717568877259978 0.06469066263612741
604 0.06295759656322045 0.0328901589831622 0.05624814896116317
605 0.04592165844801476 0.009274177164944669 0.0628204508564227
606 0.03512812962689841 0.0486229906361645 0.07117021379603738
607 0.04711837185649619 0.03096556831043729 0.06398800878977595
608 0.04978871662125211 0.01180501829517705 0.03024282354589646
609 0.0243679545203217 0.02343444526028596 0.06754609274458594
610 0.04171565362665982 0.05902646196236919 0.06853239033687807
611 0.072047592600396 0.04834201086209541 0.07287977504251537
612 0.02109498943293174 0.02151918113737704 0.06025841630212889
613 0.02905997020483704 0.03924299451839586 0.04459784393173365
614 0.04799663363351818 0.0405603106170954 0.07600218395378143
615 0.0542361685255891 0.03812210668444144 0.06230572218493974
616 0.03555261177132065 0.04510248991253792 0.04020297546525203
617 0.03441715564648701 0.007641862709466114 0.0604206085305936
618 0.02357790828907441 0.03491729972951343 0.06489026311108753
619 0.03407869061250279 0.03177995324122595 0.06900791321792715
620 0.01171102402607701 0.03504584250854489 0.05439255272546425
621 0.03359153921958221 0.009275134175439636 0.07331879046834737
622 0.04858808638122872 0.04216253285939171 0.02616525932617418
623 0.04595406719306894 0.0474731548095387 0.07106628281459453
624 0.02906447302027827 0.0649316800542155 0.06443118026453028
625 0.05372201970952553 0.03606869449757538 0.07605911351556902
626 0.04430660184280085 0.05052452308677228 0.04886027437334581
627 0.05576744060119936 0.03432167634039213 0.03170390737278222
628 0.02235003995732283 0.0713396207301451 0.06062449331134934
629 0.01969283790626025 0.04088207613379793 0.06272198385952607
630 0.03068225187264596 0.05681718037668433 0.04322914850986199
631 0.03945918942749395 0.04469475330671267 0.07113026254298602
632 0.05589028945969047 0.02825504209142123 0.06054539740400988
633 0.03575965063467091 0.07264389903174231 0.07417837992347374
634 0.07417627982289569 0.04059609306343066 0.07461355373802918
635 0.01278821030953023 0.01125054607128529 0.0241671168424335
636 0.06829092662469544 0.01075779360111317 0.02400923267461398
637 0.007506518848866554 0.007964896799448463 0.0735096191254037
638 0.07125255895804873 0.0737158145267697 0.07095428576644934
639 0.02615254731633853 0.07250031007513609 0.008673096911361654
640 0.06630541047588852 0.05156509790683232 0.01160154828259971
641 0.07434814530895255 0.02588270022045585 0.07464218127514544
642 0.01793439782854004 0.07035638718603691 0.0719105450267422
643 0.01072434750540814 0.07027117228756748 0.02590291976492314
644 0.05646503040172601 0.01041448745757252 0.013517372217334
645 0.007453110384714496 0.02337634580118907 0.07357419506102506
646 0.0236594025279541 0.01068064090845209 0.01207501762329933
647 0.07434935982080944 0.05724402725098859 0.0743815791398911
648 0.07135312253957084 0.07210845190088176 0.02541987196574163
649 0.06949420433328407 0.00913777629076902 0.07154879972418773
650 0.0255202922218259 0.00558027755205747 0.07431559378165047
651 0.06996324685177466 0.009844100084361679 0.01032272616296242
652 0.04148379789754825 0.06809121257390426 0.01536617206706374
653 0.009993993784832641 0.009674637984649456 0.01028123008481428
654 0.0118200601552087 0.06889356437689656 0.01202298500069638
655 0.005174914195572726 0.03472729917266099 0.07261348695442572
656 0.07015015035343281 0.07044890783880553 0.01035831183047053
657 0.07321105234205626 0.06621549559116159 0.07441898694695846
658 0.05525826915789502 0.07218952060105491 0.00949280176147883
$EndNodes
$Elements
3047
1 4 2 1 1 432 427 482 320
2 4 2 1 1 46 633 483 103
3 4 2 1 1 646 133 653 560
4 4 2 1 1 333 493 399 295
5 4 2 1 1 359 320 405 630
6 4 2 1 1 646 133 35 653
7 4 2 1 1 406 591 333 510
8 4 2 1 1 341 333 543 406
9 4 2 1 1 2 133 653 35
10 4 2 1 1 455 474 309 527
11 4 2 1 1 269 493 484 555
12 4 2 1 1 333 484 493 512
13 4 2 1 1 269 351 493 555
14 4 2 1 1 269 399 333 493
15 4 2 1 1 433 455 309 527
16 4 2 1 1 269 484 326 555
17 4 2 1 1 322 259 461 570
18 4 2 1 1 256 332 416 456
19 4 2 1 1 269 326 513 555
20 4 2 1 1 387 496 498 334
21 4 2 1 1 214 381 387 571
22 4 2 1 1 372 509 292 541
23 4 2 1 1 214 387 381 498
24 4 2 1 1 387 496 447 618
25 4 2 1 1 259 322 542 570
26 4 2 1 1 268 496 365 498
27 4 2 1 1 299 256 350 456
28 4 2 1 1 387 496 618 268
29 4 2 1 1 137 315 243 559
30 4 2 1 1 335 361 557 618
31 4 2 1 1 269 513 351 555
32 4 2 1 1 658 134 656 347
33 4 2 1 1 259 542 361 570
34 4 2 1 1 432 481 378 431
35 4 2 1 1 361 461 259 570
36 4 2 1 1 264 544 374 359
37 4 2 1 1 376 618 570 504
38 4 2 1 1 406 591 510 262
39 4 2 1 1 432 481 431 288
40 4 2 1 1 260 313 349 404
41 4 2 1 1 658 134 44 656
42 4 2 1 1 612 548 420 337
43 4 2 1 1 269 333 484 493
44 4 2 1 1 205 537 479 315
45 4 2 1 1 333 512 493 295
46 4 2 1 1 376 570 618 268
47 4 2 1 1 203 479 205 537
48 4 2 1 1 27 248 144 611
49 4 2 1 1 237 384 366 492
50 4 2 1 1 259 431 322 461
51 4 2 1 1 137 633 229 46
52 4 2 1 1 483 633 277 103
53 4 2 1 1 260 321 349 313
54 4 2 1 1 134 656 8 44
55 4 2 1 1 468 511 434 297
56 4 2 1 1 322 461 431 531
57 4 2 1 1 271 406 339 356
58 4 2 1 1 50 357 291 506
59 4 2 1 1 324 265 472 497
60 4 2 1 1 260 471 321 313
61 4 2 1 1 389 475 369 573
62 4 2 1 1 308 329 309 393
63 4 2 1 1 37 651 6 131
64 4 2 1 1 269 484 333 591
65 4 2 1 1 639 132 654 42
66 4 2 1 1 256 350 388 470
67 4 2 1 1 376 504 335 618
68 4 2 1 1 418 269 399 355
69 4 2 1 1 355 364 269 532
70 4 2 1 1 406 591 262 440
71 4 2 1 1 257 364 370 407
72 4 2 1 1 256 405 439 470
73 4 2 1 1 364 471 269 532
74 4 2 1 1 432 481 288 482
75 4 2 1 1 272 364 355 415
76 4 2 1 1 276 354 340 392
77 4 2 1 1 300 542 378 588
78 4 2 1 1 321 269 471 532
79 4 2 1 1 435 546 411 567
80 4 2 1 1 161 146 160 451
81 4 2 1 1 418 269 355 508
82 4 2 1 1 132 42 4 654
83 4 2 1 1 349 321 546 262
84 4 2 1 1 639 132 412 654
85 4 2 1 1 387 496 268 498
86 4 2 1 1 654 42 4 119
87 4 2 1 1 651 131 644 576
88 4 2 1 1 62 55 52 598
89 4 2 1 1 212 375 397 529
90 4 2 1 1 271 455 339 474
91 4 2 1 1 432 481 482 378
92 4 2 1 1 225 437 334 498
93 4 2 1 1 517 535 307 555
94 4 2 1 1 340 392 304 499
95 4 2 1 1 276 392 340 499
96 4 2 1 1 269 333 440 591
97 4 2 1 1 645 403 285 502
98 4 2 1 1 406 591 440 333
99 4 2 1 1 298 360 274 468
100 4 2 1 1 485 440 443 532
101 4 2 1 1 355 415 364 532
102 4 2 1 1 37 651 131 644
103 4 2 1 1 337 370 391 550
104 4 2 1 1 485 440 532 355
105 4 2 1 1 444 652 346 347
106 4 2 1 1 272 407 364 415
107 4 2 1 1 364 407 294 415
108 4 2 1 1 37 651 644 100
109 4 2 1 1 386 263 385 429
110 4 2 1 1 321 440 532 443
111 4 2 1 1 257 364 407 504
112 4 2 1 1 253 467 408 490
113 4 2 1 1 537 567 564 610
114 4 2 1 1 537 564 315 610
115 4 2 1 1 418 269 508 493
116 4 2 1 1 386 385 595 327
117 4 2 1 1 260 424 321 471
118 4 2 1 1 273 567 537 610
119 4 2 1 1 269 321 471 313
120 4 2 1 1 203 479 537 426
121 4 2 1 1 231 137 249 373
122 4 2 1 1 325 573 266 416
123 4 2 1 1 151 145 152 502
124 4 2 1 1 235 315 490 537
125 4 2 1 1 323 325 114 594
126 4 2 1 1 351 509 517 541
127 4 2 1 1 260 471 313 545
128 4 2 1 1 335 557 447 618
129 4 2 1 1 259 378 458 542
130 4 2 1 1 300 458 378 542
131 4 2 1 1 41 5 649 160
132 4 2 1 1 277 633 483 559
133 4 2 1 1 569 300 381 590
134 4 2 1 1 270 396 371 460
135 4 2 1 1 269 364 355 508
136 4 2 1 1 569 300 590 375
137 4 2 1 1 348 523 263 338
138 4 2 1 1 430 514 513 568
139 4 2 1 1 307 493 484 512
140 4 2 1 1 254 649 41 561
141 4 2 1 1 374 544 324 359
142 4 2 1 1 333 399 270 295
143 4 2 1 1 298 444 412 346
144 4 2 1 1 386 595 385 263
145 4 2 1 1 224 426 529 479
146 4 2 1 1 645 285 409 502
147 4 2 1 1 260 321 424 546
148 4 2 1 1 145 252 217 409
149 4 2 1 1 335 557 361 287
150 4 2 1 1 158 157 242 428
151 4 2 1 1 307 382 422 517
152 4 2 1 1 316 408 200 467
153 4 2 1 1 287 361 504 574
154 4 2 1 1 338 263 401 523
155 4 2 1 1 260 398 471 545
156 4 2 1 1 323 472 275 580
157 4 2 1 1 271 339 455 423
158 4 2 1 1 224 426 479 204
159 4 2 1 1 598 642 3 154
160 4 2 1 1 170 375 426 488
161 4 2 1 1 402 422 89 518
162 4 2 1 1 256 388 405 470
163 4 2 1 1 170 375 206 426
164 4 2 1 1 200 408 253 467
165 4 2 1 1 283 392 309 393
166 4 2 1 1 537 479 564 426
167 4 2 1 1 368 343 396 290
168 4 2 1 1 413 486 390 316
169 4 2 1 1 67 455 433 611
170 4 2 1 1 488 537 515 312
171 4 2 1 1 488 515 537 202
172 4 2 1 1 345 445 173 488
173 4 2 1 1 412 444 298 494
174 4 2 1 1 577 324 630 374
175 4 2 1 1 154 642 3 45
176 4 2 1 1 277 633 373 103
177 4 2 1 1 577 324 374 516
178 4 2 1 1 154 642 536 598
179 4 2 1 1 646 635 560 653
180 4 2 1 1 171 173 445 488
181 4 2 1 1 333 341 270 399
182 4 2 1 1 237 384 492 149
183 4 2 1 1 341 270 399 342
184 4 2 1 1 378 344 536 397
185 4 2 1 1 349 546 321 260
186 4 2 1 1 405 324 359 630
187 4 2 1 1 373 633 277 559
188 4 2 1 1 200 408 316 454
189 4 2 1 1 281 274 302 511
190 4 2 1 1 170 375 488 569
191 4 2 1 1 333 341 399 440
192 4 2 1 1 431 461 377 531
193 4 2 1 1 273 316 408 413
194 4 2 1 1 259 377 431 461
195 4 2 1 1 272 391 370 407
196 4 2 1 1 637 38 1 98
197 4 2 1 1 365 381 498 578
198 4 2 1 1 333 341 440 406
199 4 2 1 1 376 568 504 570
200 4 2 1 1 398 568 376 570
201 4 2 1 1 280 328 336 438
202 4 2 1 1 577 324 516 265
203 4 2 1 1 330 416 332 456
204 4 2 1 1 257 407 370 550
205 4 2 1 1 635 101 9 653
206 4 2 1 1 263 338 401 507
207 4 2 1 1 177 445 487 491
208 4 2 1 1 299 350 546 567
209 4 2 1 1 281 274 494 302
210 4 2 1 1 653 9 2 101
211 4 2 1 1 296 329 308 422
212 4 2 1 1 283 340 354 392
213 4 2 1 1 310 406 262 446
214 4 2 1 1 323 525 325 594
215 4 2 1 1 479 529 526 564
216 4 2 1 1 61 302 274 425
217 4 2 1 1 21 132 654 494
218 4 2 1 1 513 514 313 568
219 4 2 1 1 209 365 184 437
220 4 2 1 1 517 535 555 305
221 4 2 1 1 273 537 490 610
222 4 2 1 1 333 484 512 565
223 4 2 1 1 66 274 302 494
224 4 2 1 1 258 512 484 565
225 4 2 1 1 304 392 340 507
226 4 2 1 1 260 546 424 581
227 4 2 1 1 260 435 563 579
228 4 2 1 1 335 496 376 618
229 4 2 1 1 177 445 174 487
230 4 2 1 1 38 91 98 403
231 4 2 1 1 335 287 504 550
232 4 2 1 1 346 652 444 412
233 4 2 1 1 385 539 492 384
234 4 2 1 1 372 541 292 602
235 4 2 1 1 4 21 132 654
236 4 2 1 1 156 529 479 224
237 4 2 1 1 306 563 398 581
238 4 2 1 1 376 496 268 618
239 4 2 1 1 345 563 435 579
240 4 2 1 1 338 507 263 607
241 4 2 1 1 257 514 430 568
242 4 2 1 1 264 439 314 443
243 4 2 1 1 292 372 278 509
244 4 2 1 1 132 412 654 494
245 4 2 1 1 449 477 401 540
246 4 2 1 1 260 313 404 545
247 4 2 1 1 264 314 424 443
248 4 2 1 1 262 440 321 443
249 4 2 1 1 326 327 595 513
250 4 2 1 1 405 359 288 320
251 4 2 1 1 411 546 314 350
252 4 2 1 1 173 345 488 515
253 4 2 1 1 381 387 268 498
254 4 2 1 1 341 543 367 406
255 4 2 1 1 640 134 656 34
256 4 2 1 1 209 208 184 365
257 4 2 1 1 315 479 526 564
258 4 2 1 1 348 385 284 441
259 4 2 1 1 263 385 348 441
260 4 2 1 1 341 500 367 543
261 4 2 1 1 260 349 435 579
262 4 2 1 1 254 41 141 561
263 4 2 1 1 183 498 381 578
264 4 2 1 1 156 529 224 220
265 4 2 1 1 299 546 435 567
266 4 2 1 1 8 656 134 34
267 4 2 1 1 257 504 407 550
268 4 2 1 1 340 354 276 442
269 4 2 1 1 479 426 529 564
270 4 2 1 1 640 134 347 656
271 4 2 1 1 453 505 352 506
272 4 2 1 1 329 393 308 422
273 4 2 1 1 43 658 652 125
274 4 2 1 1 414 446 261 339
275 4 2 1 1 281 274 511 434
276 4 2 1 1 256 388 350 421
277 4 2 1 1 241 366 334 437
278 4 2 1 1 276 414 339 463
279 4 2 1 1 193 454 524 362
280 4 2 1 1 448 357 620 551
281 4 2 1 1 263 575 386 595
282 4 2 1 1 658 652 125 347
283 4 2 1 1 375 170 168 569
284 4 2 1 1 287 504 361 335
285 4 2 1 1 44 658 43 125
286 4 2 1 1 413 390 486 261
287 4 2 1 1 260 424 398 581
288 4 2 1 1 445 491 177 578
289 4 2 1 1 365 381 578 478
290 4 2 1 1 316 428 213 524
291 4 2 1 1 365 381 478 268
292 4 2 1 1 365 381 268 498
293 4 2 1 1 658 656 118 347
294 4 2 1 1 264 359 374 530
295 4 2 1 1 477 523 401 540
296 4 2 1 1 379 576 296 608
297 4 2 1 1 261 446 414 520
298 4 2 1 1 89 329 296 422
299 4 2 1 1 658 656 44 118
300 4 2 1 1 212 220 224 529
301 4 2 1 1 212 397 220 529
302 4 2 1 1 271 423 356 339
303 4 2 1 1 307 422 382 460
304 4 2 1 1 237 384 149 251
305 4 2 1 1 310 446 414 339
306 4 2 1 1 325 266 573 389
307 4 2 1 1 90 87 102 608
308 4 2 1 1 225 498 334 599
309 4 2 1 1 656 8 29 82
310 4 2 1 1 232 161 234 449
311 4 2 1 1 220 397 344 529
312 4 2 1 1 626 497 332 573
313 4 2 1 1 237 437 219 492
314 4 2 1 1 262 440 443 626
315 4 2 1 1 272 364 370 508
316 4 2 1 1 199 200 316 454
317 4 2 1 1 283 354 309 392
318 4 2 1 1 414 446 310 520
319 4 2 1 1 173 488 172 515
320 4 2 1 1 272 370 364 407
321 4 2 1 1 302 494 281 560
322 4 2 1 1 544 497 516 324
323 4 2 1 1 284 385 464 514
324 4 2 1 1 601 655 409 252
325 4 2 1 1 151 645 403 637
326 4 2 1 1 310 262 406 510
327 4 2 1 1 348 441 284 491
328 4 2 1 1 284 514 464 562
329 4 2 1 1 227 244 218 519
330 4 2 1 1 273 390 316 413
331 4 2 1 1 212 397 375 590
332 4 2 1 1 382 509 372 541
333 4 2 1 1 298 586 419 622
334 4 2 1 1 386 575 327 595
335 4 2 1 1 202 488 180 537
336 4 2 1 1 321 443 424 546
337 4 2 1 1 269 399 355 440
338 4 2 1 1 308 436 393 604
339 4 2 1 1 70 368 353 503
340 4 2 1 1 294 364 415 532
341 4 2 1 1 539 385 348 263
342 4 2 1 1 80 317 353 428
343 4 2 1 1 645 151 12 637
344 4 2 1 1 327 513 326 555
345 4 2 1 1 214 381 183 498
346 4 2 1 1 272 417 418 583
347 4 2 1 1 333 270 512 295
348 4 2 1 1 361 542 457 570
349 4 2 1 1 412 459 274 533
350 4 2 1 1 349 326 528 607
351 4 2 1 1 596 298 494 281
352 4 2 1 1 264 424 314 531
353 4 2 1 1 213 428 316 467
354 4 2 1 1 290 475 346 500
355 4 2 1 1 297 374 359 530
356 4 2 1 1 424 443 314 546
357 4 2 1 1 281 298 494 274
358 4 2 1 1 235 315 537 205
359 4 2 1 1 265 475 389 573
360 4 2 1 1 324 472 265 630
361 4 2 1 1 94 420 91 617
362 4 2 1 1 438 464 385 514
363 4 2 1 1 299 256 456 332
364 4 2 1 1 269 440 333 399
365 4 2 1 1 464 514 438 562
366 4 2 1 1 370 391 272 583
367 4 2 1 1 230 387 214 498
368 4 2 1 1 569 300 375 306
369 4 2 1 1 289 345 435 579
370 4 2 1 1 208 365 209 498
371 4 2 1 1 294 504 568 570
372 4 2 1 1 12 13 645 56
373 4 2 1 1 54 358 395 425
374 4 2 1 1 341 543 333 270
375 4 2 1 1 193 524 454 199
376 4 2 1 1 411 563 306 581
377 4 2 1 1 355 364 272 508
378 4 2 1 1 1 12 151 637
379 4 2 1 1 167 590 168 569
380 4 2 1 1 264 314 439 531
381 4 2 1 1 289 435 345 623
382 4 2 1 1 375 569 168 590
383 4 2 1 1 273 408 537 567
384 4 2 1 1 259 322 431 542
385 4 2 1 1 501 588 378 397
386 4 2 1 1 151 403 645 502
387 4 2 1 1 224 206 212 375
388 4 2 1 1 5 25 649 160
389 4 2 1 1 25 649 160 451
390 4 2 1 1 351 513 327 555
391 4 2 1 1 254 649 561 451
392 4 2 1 1 363 534 427 552
393 4 2 1 1 300 381 457 306
394 4 2 1 1 269 326 484 591
395 4 2 1 1 263 401 400 507
396 4 2 1 1 207 445 177 578
397 4 2 1 1 381 300 571 590
398 4 2 1 1 340 392 283 507
399 4 2 1 1 255 485 331 616
400 4 2 1 1 490 537 315 610
401 4 2 1 1 153 241 145 502
402 4 2 1 1 294 568 398 570
403 4 2 1 1 647 157 657 428
404 4 2 1 1 268 365 496 619
405 4 2 1 1 406 543 271 565
406 4 2 1 1 418 269 493 399
407 4 2 1 1 647 157 28 657
408 4 2 1 1 403 420 88 466
409 4 2 1 1 265 497 324 516
410 4 2 1 1 288 482 405 320
411 4 2 1 1 642 286 536 598
412 4 2 1 1 7 28 157 657
413 4 2 1 1 338 304 383 507
414 4 2 1 1 258 371 565 604
415 4 2 1 1 366 437 237 492
416 4 2 1 1 657 157 7 638
417 4 2 1 1 273 408 316 467
418 4 2 1 1 314 411 350 267
419 4 2 1 1 299 262 332 446
420 4 2 1 1 289 345 515 623
421 4 2 1 1 657 157 638 317
422 4 2 1 1 213 316 200 467
423 4 2 1 1 265 346 389 475
424 4 2 1 1 270 295 399 342
425 4 2 1 1 399 295 493 418
426 4 2 1 1 296 308 329 71
427 4 2 1 1 295 418 399 342
428 4 2 1 1 378 427 259 458
429 4 2 1 1 284 491 441 619
430 4 2 1 1 267 526 529 564
431 4 2 1 1 470 350 314 256
432 4 2 1 1 184 365 208 491
433 4 2 1 1 164 501 397 590
434 4 2 1 1 272 417 355 418
435 4 2 1 1 344 397 378 529
436 4 2 1 1 67 309 354 433
437 4 2 1 1 297 485 374 530
438 4 2 1 1 54 395 302 425
439 4 2 1 1 493 418 509 508
440 4 2 1 1 365 437 209 498
441 4 2 1 1 267 411 350 564
442 4 2 1 1 307 422 436 535
443 4 2 1 1 157 317 657 428
444 4 2 1 1 263 507 400 607
445 4 2 1 1 304 579 404 338
446 4 2 1 1 422 450 305 566
447 4 2 1 1 260 398 424 471
448 4 2 1 1 271 353 368 423
449 4 2 1 1 332 262 299 443
450 4 2 1 1 282 640 343 576
451 4 2 1 1 326 327 575 595
452 4 2 1 1 257 370 364 430
453 4 2 1 1 306 398 563 478
454 4 2 1 1 331 443 440 626
455 4 2 1 1 287 551 335 557
456 4 2 1 1 325 265 389 573
457 4 2 1 1 284 366 464 492
458 4 2 1 1 365 284 491 492
459 4 2 1 1 173 445 345 487
460 4 2 1 1 567 522 456 273
461 4 2 1 1 343 290 444 622
462 4 2 1 1 189 362 442 553
463 4 2 1 1 385 441 263 595
464 4 2 1 1 208 177 491 578
465 4 2 1 1 335 551 447 557
466 4 2 1 1 269 326 591 313
467 4 2 1 1 253 408 201 490
468 4 2 1 1 269 440 321 591
469 4 2 1 1 307 351 517 555
470 4 2 1 1 365 437 284 492
471 4 2 1 1 468 511 297 469
472 4 2 1 1 270 460 371 512
473 4 2 1 1 80 353 317 503
474 4 2 1 1 385 514 441 595
475 4 2 1 1 355 272 418 508
476 4 2 1 1 648 118 656 347
477 4 2 1 1 384 251 465 621
478 4 2 1 1 151 148 38 403
479 4 2 1 1 435 563 345 631
480 4 2 1 1 648 118 29 656
481 4 2 1 1 569 300 306 381
482 4 2 1 1 262 349 520 546
483 4 2 1 1 118 8 29 656
484 4 2 1 1 307 460 382 295
485 4 2 1 1 504 570 361 618
486 4 2 1 1 338 507 383 597
487 4 2 1 1 346 652 452 347
488 4 2 1 1 252 13 14 655
489 4 2 1 1 308 371 396 460
490 4 2 1 1 290 369 389 475
491 4 2 1 1 437 496 284 609
492 4 2 1 1 335 504 361 618
493 4 2 1 1 415 574 293 538
494 4 2 1 1 300 378 458 501
495 4 2 1 1 404 607 304 338
496 4 2 1 1 558 655 409 601
497 4 2 1 1 389 452 347 346
498 4 2 1 1 642 344 536 286
499 4 2 1 1 340 383 304 507
500 4 2 1 1 264 530 377 359
501 4 2 1 1 177 491 487 587
502 4 2 1 1 190 492 348 539
503 4 2 1 1 288 439 405 470
504 4 2 1 1 14 252 655 601
505 4 2 1 1 281 298 274 434
506 4 2 1 1 537 564 479 315
507 4 2 1 1 256 456 416 525
508 4 2 1 1 256 416 332 497
509 4 2 1 1 228 559 150 229
510 4 2 1 1 383 507 340 597
511 4 2 1 1 292 370 549 602
512 4 2 1 1 409 655 645 252
513 4 2 1 1 349 520 499 615
514 4 2 1 1 271 455 353 423
515 4 2 1 1 654 4 16 119
516 4 2 1 1 271 406 565 339
517 4 2 1 1 643 654 16 119
518 4 2 1 1 292 549 372 602
519 4 2 1 1 180 488 426 537
520 4 2 1 1 137 315 559 373
521 4 2 1 1 643 654 119 412
522 4 2 1 1 307 351 555 493
523 4 2 1 1 430 513 364 568
524 4 2 1 1 311 561 429 605
525 4 2 1 1 262 446 406 356
526 4 2 1 1 499 520 414 615
527 4 2 1 1 234 254 141 449
528 4 2 1 1 243 315 231 205
529 4 2 1 1 367 406 271 356
530 4 2 1 1 402 450 422 566
531 4 2 1 1 177 487 176 587
532 4 2 1 1 433 603 455 527
533 4 2 1 1 625 442 240 340
534 4 2 1 1 41 649 99 561
535 4 2 1 1 133 19 2 653
536 4 2 1 1 653 133 19 560
537 4 2 1 1 452 652 346 412
538 4 2 1 1 259 378 431 432
539 4 2 1 1 3 18 116 598
540 4 2 1 1 314 350 470 267
541 4 2 1 1 598 116 3 642
542 4 2 1 1 590 167 166 571
543 4 2 1 1 337 391 370 549
544 4 2 1 1 625 240 442 187
545 4 2 1 1 259 431 378 542
546 4 2 1 1 271 367 356 368
547 4 2 1 1 435 520 349 546
548 4 2 1 1 346 434 476 577
549 4 2 1 1 22 6 100 651
550 4 2 1 1 567 522 273 413
551 4 2 1 1 415 293 574 461
552 4 2 1 1 395 425 358 572
553 4 2 1 1 217 230 153 599
554 4 2 1 1 259 361 542 629
555 4 2 1 1 401 592 507 477
556 4 2 1 1 316 199 454 524
557 4 2 1 1 457 542 361 629
558 4 2 1 1 305 422 393 450
559 4 2 1 1 424 322 531 461
560 4 2 1 1 284 496 562 609
561 4 2 1 1 67 354 634 433
562 4 2 1 1 414 463 310 339
563 4 2 1 1 517 535 305 422
564 4 2 1 1 289 435 349 579
565 4 2 1 1 327 513 430 514
566 4 2 1 1 344 378 481 529
567 4 2 1 1 489 517 327 566
568 4 2 1 1 202 408 515 537
569 4 2 1 1 268 387 381 457
570 4 2 1 1 264 377 439 359
571 4 2 1 1 264 439 544 359
572 4 2 1 1 203 479 426 204
573 4 2 1 1 391 407 272 538
574 4 2 1 1 517 541 327 351
575 4 2 1 1 303 445 365 491
576 4 2 1 1 307 493 512 295
577 4 2 1 1 365 498 208 578
578 4 2 1 1 636 644 576 651
579 4 2 1 1 37 651 100 6
580 4 2 1 1 284 562 464 609
581 4 2 1 1 256 388 421 525
582 4 2 1 1 439 470 314 256
583 4 2 1 1 289 499 349 520
584 4 2 1 1 636 651 22 100
585 4 2 1 1 484 528 510 591
586 4 2 1 1 224 426 206 375
587 4 2 1 1 636 644 651 100
588 4 2 1 1 510 528 349 591
589 4 2 1 1 128 640 576 33
590 4 2 1 1 205 204 238 479
591 4 2 1 1 354 392 276 527
592 4 2 1 1 128 640 33 123
593 4 2 1 1 371 512 258 565
594 4 2 1 1 313 364 513 568
595 4 2 1 1 43 105 652 658
596 4 2 1 1 545 595 404 441
597 4 2 1 1 370 548 257 550
598 4 2 1 1 262 332 369 626
599 4 2 1 1 124 652 43 639
600 4 2 1 1 294 407 364 504
601 4 2 1 1 171 488 445 569
602 4 2 1 1 264 374 485 530
603 4 2 1 1 411 581 306 267
604 4 2 1 1 208 491 365 578
605 4 2 1 1 67 73 455 611
606 4 2 1 1 237 384 251 366
607 4 2 1 1 306 581 322 267
608 4 2 1 1 370 453 391 583
609 4 2 1 1 373 467 273 495
610 4 2 1 1 259 427 432 593
611 4 2 1 1 124 652 639 412
612 4 2 1 1 321 440 262 591
613 4 2 1 1 441 595 404 338
614 4 2 1 1 369 331 440 626
615 4 2 1 1 273 408 490 537
616 4 2 1 1 312 564 537 567
617 4 2 1 1 173 174 445 487
618 4 2 1 1 262 443 332 626
619 4 2 1 1 390 428 316 486
620 4 2 1 1 241 334 225 437
621 4 2 1 1 328 336 438 548
622 4 2 1 1 283 392 393 632
623 4 2 1 1 105 652 658 347
624 4 2 1 1 350 421 388 526
625 4 2 1 1 368 343 290 347
626 4 2 1 1 652 444 412 124
627 4 2 1 1 255 485 355 331
628 4 2 1 1 299 256 332 443
629 4 2 1 1 385 438 327 489
630 4 2 1 1 224 426 204 206
631 4 2 1 1 371 604 308 474
632 4 2 1 1 303 487 445 491
633 4 2 1 1 564 529 606 426
634 4 2 1 1 285 403 63 466
635 4 2 1 1 293 574 394 538
636 4 2 1 1 291 380 635 506
637 4 2 1 1 378 363 458 501
638 4 2 1 1 653 19 2 65
639 4 2 1 1 651 32 6 131
640 4 2 1 1 275 459 107 580
641 4 2 1 1 315 526 479 559
642 4 2 1 1 5 25 81 649
643 4 2 1 1 125 640 134 347
644 4 2 1 1 327 386 385 489
645 4 2 1 1 365 491 445 578
646 4 2 1 1 539 385 263 429
647 4 2 1 1 179 186 523 597
648 4 2 1 1 243 315 205 479
649 4 2 1 1 298 346 586 622
650 4 2 1 1 567 522 413 299
651 4 2 1 1 303 441 348 491
652 4 2 1 1 32 131 651 576
653 4 2 1 1 304 383 340 499
654 4 2 1 1 289 414 499 520
655 4 2 1 1 338 383 304 579
656 4 2 1 1 327 514 385 595
657 4 2 1 1 307 351 493 509
658 4 2 1 1 364 313 471 568
659 4 2 1 1 273 522 495 390
660 4 2 1 1 484 493 307 555
661 4 2 1 1 350 421 526 610
662 4 2 1 1 405 630 275 472
663 4 2 1 1 39 650 38 148
664 4 2 1 1 258 528 392 615
665 4 2 1 1 338 523 477 597
666 4 2 1 1 269 364 508 513
667 4 2 1 1 643 274 412 459
668 4 2 1 1 468 511 469 274
669 4 2 1 1 193 362 189 553
670 4 2 1 1 384 464 366 492
671 4 2 1 1 567 522 299 456
672 4 2 1 1 316 390 273 467
673 4 2 1 1 366 284 437 492
674 4 2 1 1 172 488 202 515
675 4 2 1 1 272 415 355 613
676 4 2 1 1 269 591 321 313
677 4 2 1 1 314 443 439 256
678 4 2 1 1 306 563 411 631
679 4 2 1 1 326 349 591 313
680 4 2 1 1 210 208 209 498
681 4 2 1 1 167 168 590 165
682 4 2 1 1 288 470 388 481
683 4 2 1 1 324 497 405 256
684 4 2 1 1 542 570 306 457
685 4 2 1 1 190 491 348 492
686 4 2 1 1 294 415 407 574
687 4 2 1 1 276 414 463 615
688 4 2 1 1 38 148 650 403
689 4 2 1 1 625 477 340 240
690 4 2 1 1 148 39 650 621
691 4 2 1 1 293 469 530 613
692 4 2 1 1 177 174 176 487
693 4 2 1 1 148 650 403 465
694 4 2 1 1 378 501 397 536
695 4 2 1 1 371 308 604 436
696 4 2 1 1 365 445 303 478
697 4 2 1 1 304 499 392 615
698 4 2 1 1 217 153 145 409
699 4 2 1 1 381 457 387 571
700 4 2 1 1 284 437 365 496
701 4 2 1 1 269 513 326 313
702 4 2 1 1 369 332 262 356
703 4 2 1 1 173 171 172 488
704 4 2 1 1 268 496 376 619
705 4 2 1 1 280 386 605 489
706 4 2 1 1 415 293 530 613
707 4 2 1 1 415 538 407 574
708 4 2 1 1 229 633 137 559
709 4 2 1 1 276 392 499 615
710 4 2 1 1 263 400 401 554
711 4 2 1 1 148 650 465 621
712 4 2 1 1 288 405 388 470
713 4 2 1 1 468 511 274 434
714 4 2 1 1 225 153 230 599
715 4 2 1 1 335 504 376 562
716 4 2 1 1 405 439 324 256
717 4 2 1 1 625 477 240 185
718 4 2 1 1 371 460 436 512
719 4 2 1 1 430 508 364 513
720 4 2 1 1 477 523 186 597
721 4 2 1 1 283 354 340 592
722 4 2 1 1 194 429 539 540
723 4 2 1 1 268 398 376 570
724 4 2 1 1 190 491 492 184
725 4 2 1 1 649 24 5 99
726 4 2 1 1 356 368 367 266
727 4 2 1 1 387 447 496 334
728 4 2 1 1 447 496 335 618
729 4 2 1 1 473 583 418 417
730 4 2 1 1 275 405 482 320
731 4 2 1 1 348 441 303 338
732 4 2 1 1 517 535 422 307
733 4 2 1 1 385 284 441 514
734 4 2 1 1 546 256 299 443
735 4 2 1 1 542 306 570 322
736 4 2 1 1 401 507 592 283
737 4 2 1 1 80 7 31 638
738 4 2 1 1 294 471 364 532
739 4 2 1 1 290 368 389 266
740 4 2 1 1 120 108 104 580
741 4 2 1 1 258 436 371 604
742 4 2 1 1 374 297 468 616
743 4 2 1 1 341 270 500 543
744 4 2 1 1 480 482 427 320
745 4 2 1 1 348 491 284 492
746 4 2 1 1 24 99 649 329
747 4 2 1 1 349 510 310 615
748 4 2 1 1 330 416 456 525
749 4 2 1 1 637 38 151 1
750 4 2 1 1 440 369 341 331
751 4 2 1 1 84 68 72 521
752 4 2 1 1 637 11 1 63
753 4 2 1 1 175 597 487 614
754 4 2 1 1 255 476 434 616
755 4 2 1 1 267 481 431 588
756 4 2 1 1 288 431 470 481
757 4 2 1 1 295 473 418 342
758 4 2 1 1 495 522 273 456
759 4 2 1 1 340 442 276 499
760 4 2 1 1 30 29 648 111
761 4 2 1 1 609 496 447 334
762 4 2 1 1 195 179 523 587
763 4 2 1 1 392 400 528 632
764 4 2 1 1 256 405 388 525
765 4 2 1 1 124 444 412 494
766 4 2 1 1 208 207 177 578
767 4 2 1 1 407 287 391 550
768 4 2 1 1 322 424 398 570
769 4 2 1 1 343 640 347 69
770 4 2 1 1 635 50 291 506
771 4 2 1 1 459 533 412 580
772 4 2 1 1 269 364 513 313
773 4 2 1 1 362 276 442 499
774 4 2 1 1 292 372 453 278
775 4 2 1 1 563 435 411 631
776 4 2 1 1 259 427 378 432
777 4 2 1 1 301 552 458 629
778 4 2 1 1 544 256 439 443
779 4 2 1 1 328 541 372 602
780 4 2 1 1 344 378 286 481
781 4 2 1 1 343 396 290 500
782 4 2 1 1 287 504 407 574
783 4 2 1 1 289 414 362 499
784 4 2 1 1 261 520 414 413
785 4 2 1 1 356 423 368 266
786 4 2 1 1 482 378 427 432
787 4 2 1 1 648 30 111 584
788 4 2 1 1 609 335 496 562
789 4 2 1 1 269 471 364 313
790 4 2 1 1 325 472 265 497
791 4 2 1 1 626 497 573 516
792 4 2 1 1 542 588 306 267
793 4 2 1 1 361 570 504 574
794 4 2 1 1 261 446 520 522
795 4 2 1 1 241 221 366 437
796 4 2 1 1 652 444 124 125
797 4 2 1 1 120 652 412 113
798 4 2 1 1 281 298 434 419
799 4 2 1 1 257 364 504 568
800 4 2 1 1 371 271 543 565
801 4 2 1 1 482 427 378 286
802 4 2 1 1 212 375 168 590
803 4 2 1 1 255 485 616 417
804 4 2 1 1 258 535 393 632
805 4 2 1 1 263 554 386 575
806 4 2 1 1 258 392 463 615
807 4 2 1 1 261 520 413 522
808 4 2 1 1 255 331 476 616
809 4 2 1 1 304 400 392 507
810 4 2 1 1 256 421 350 456
811 4 2 1 1 330 456 332 522
812 4 2 1 1 628 624 482 323
813 4 2 1 1 648 111 347 584
814 4 2 1 1 370 257 548 602
815 4 2 1 1 273 467 373 490
816 4 2 1 1 360 468 298 577
817 4 2 1 1 392 528 400 304
818 4 2 1 1 642 116 3 45
819 4 2 1 1 349 528 510 615
820 4 2 1 1 492 464 385 384
821 4 2 1 1 322 542 306 267
822 4 2 1 1 330 332 266 423
823 4 2 1 1 415 538 293 613
824 4 2 1 1 262 369 440 626
825 4 2 1 1 341 369 440 406
826 4 2 1 1 354 433 309 527
827 4 2 1 1 370 407 391 550
828 4 2 1 1 75 343 368 347
829 4 2 1 1 200 213 199 316
830 4 2 1 1 332 456 299 522
831 4 2 1 1 513 595 326 313
832 4 2 1 1 273 467 390 495
833 4 2 1 1 379 521 296 576
834 4 2 1 1 193 218 189 362
835 4 2 1 1 271 368 356 423
836 4 2 1 1 362 499 442 553
837 4 2 1 1 279 382 372 541
838 4 2 1 1 595 607 404 338
839 4 2 1 1 193 454 362 553
840 4 2 1 1 648 656 82 347
841 4 2 1 1 339 474 455 527
842 4 2 1 1 3 18 598 62
843 4 2 1 1 263 607 595 338
844 4 2 1 1 370 364 430 508
845 4 2 1 1 278 295 379 547
846 4 2 1 1 346 444 290 622
847 4 2 1 1 208 498 183 578
848 4 2 1 1 550 407 287 504
849 4 2 1 1 431 588 542 267
850 4 2 1 1 299 262 446 520
851 4 2 1 1 565 512 543 371
852 4 2 1 1 565 543 512 333
853 4 2 1 1 564 606 529 267
854 4 2 1 1 260 563 411 581
855 4 2 1 1 309 283 393 451
856 4 2 1 1 202 408 198 515
857 4 2 1 1 382 460 379 295
858 4 2 1 1 306 381 478 578
859 4 2 1 1 385 464 492 284
860 4 2 1 1 376 398 268 478
861 4 2 1 1 288 377 439 531
862 4 2 1 1 391 453 370 549
863 4 2 1 1 475 573 516 626
864 4 2 1 1 395 505 469 538
865 4 2 1 1 445 478 365 578
866 4 2 1 1 67 76 78 455
867 4 2 1 1 402 422 518 566
868 4 2 1 1 625 477 185 597
869 4 2 1 1 264 439 377 531
870 4 2 1 1 156 529 220 344
871 4 2 1 1 230 387 498 599
872 4 2 1 1 290 500 346 622
873 4 2 1 1 654 274 494 412
874 4 2 1 1 149 237 219 492
875 4 2 1 1 284 365 491 619
876 4 2 1 1 398 424 294 570
877 4 2 1 1 312 537 408 567
878 4 2 1 1 272 407 415 538
879 4 2 1 1 475 331 369 626
880 4 2 1 1 97 102 86 380
881 4 2 1 1 625 477 597 340
882 4 2 1 1 304 528 349 615
883 4 2 1 1 173 487 345 614
884 4 2 1 1 288 439 377 359
885 4 2 1 1 501 588 300 378
886 4 2 1 1 80 317 638 503
887 4 2 1 1 289 499 362 553
888 4 2 1 1 388 470 350 526
889 4 2 1 1 294 461 415 574
890 4 2 1 1 290 389 346 475
891 4 2 1 1 304 507 338 607
892 4 2 1 1 648 656 29 82
893 4 2 1 1 390 413 273 522
894 4 2 1 1 300 306 457 542
895 4 2 1 1 337 551 466 612
896 4 2 1 1 54 395 358 620
897 4 2 1 1 28 27 144 647
898 4 2 1 1 345 515 173 614
899 4 2 1 1 302 357 54 506
900 4 2 1 1 452 105 120 115
901 4 2 1 1 408 467 273 490
902 4 2 1 1 171 445 169 569
903 4 2 1 1 27 144 647 611
904 4 2 1 1 647 657 80 428
905 4 2 1 1 220 155 344 397
906 4 2 1 1 214 387 215 571
907 4 2 1 1 407 391 287 538
908 4 2 1 1 69 343 640 576
909 4 2 1 1 341 369 367 500
910 4 2 1 1 362 414 289 413
911 4 2 1 1 268 457 381 306
912 4 2 1 1 272 505 417 583
913 4 2 1 1 647 144 428 611
914 4 2 1 1 232 523 477 540
915 4 2 1 1 643 274 459 57
916 4 2 1 1 294 504 364 568
917 4 2 1 1 448 466 357 551
918 4 2 1 1 647 657 28 80
919 4 2 1 1 263 400 554 575
920 4 2 1 1 646 35 127 36
921 4 2 1 1 261 603 414 339
922 4 2 1 1 393 422 305 535
923 4 2 1 1 375 168 170 206
924 4 2 1 1 254 649 451 160
925 4 2 1 1 276 463 392 615
926 4 2 1 1 300 457 381 571
927 4 2 1 1 321 262 349 591
928 4 2 1 1 288 481 388 482
929 4 2 1 1 225 209 437 498
930 4 2 1 1 303 587 348 338
931 4 2 1 1 288 388 405 482
932 4 2 1 1 303 491 348 587
933 4 2 1 1 194 191 226 539
934 4 2 1 1 387 457 410 571
935 4 2 1 1 171 170 488 569
936 4 2 1 1 265 497 516 573
937 4 2 1 1 462 576 379 608
938 4 2 1 1 253 143 467 490
939 4 2 1 1 343 290 347 444
940 4 2 1 1 385 492 539 348
941 4 2 1 1 231 315 373 490
942 4 2 1 1 493 509 418 295
943 4 2 1 1 370 430 257 602
944 4 2 1 1 36 127 646 462
945 4 2 1 1 108 325 323 472
946 4 2 1 1 318 277 594 421
947 4 2 1 1 258 392 528 632
948 4 2 1 1 267 350 470 526
949 4 2 1 1 558 409 301 601
950 4 2 1 1 312 515 408 537
951 4 2 1 1 66 494 302 560
952 4 2 1 1 475 369 573 626
953 4 2 1 1 539 385 429 384
954 4 2 1 1 646 635 653 101
955 4 2 1 1 416 525 330 325
956 4 2 1 1 324 472 405 497
957 4 2 1 1 545 595 441 514
958 4 2 1 1 70 368 503 75
959 4 2 1 1 255 355 417 418
960 4 2 1 1 260 398 563 581
961 4 2 1 1 88 420 291 466
962 4 2 1 1 305 450 393 283
963 4 2 1 1 190 348 191 539
964 4 2 1 1 180 202 172 488
965 4 2 1 1 262 440 369 406
966 4 2 1 1 487 597 383 614
967 4 2 1 1 281 352 505 506
968 4 2 1 1 213 199 316 524
969 4 2 1 1 224 529 426 375
970 4 2 1 1 433 603 527 276
971 4 2 1 1 316 454 362 524
972 4 2 1 1 646 653 35 101
973 4 2 1 1 325 497 265 573
974 4 2 1 1 309 455 78 474
975 4 2 1 1 441 491 303 619
976 4 2 1 1 240 477 340 592
977 4 2 1 1 359 556 377 320
978 4 2 1 1 366 437 284 609
979 4 2 1 1 229 633 150 46
980 4 2 1 1 492 348 385 284
981 4 2 1 1 310 446 262 520
982 4 2 1 1 378 529 397 588
983 4 2 1 1 426 488 312 537
984 4 2 1 1 332 369 573 266
985 4 2 1 1 399 440 341 331
986 4 2 1 1 334 496 437 609
987 4 2 1 1 365 284 496 619
988 4 2 1 1 349 499 289 579
989 4 2 1 1 646 380 86 462
990 4 2 1 1 336 420 403 612
991 4 2 1 1 260 435 349 546
992 4 2 1 1 335 376 496 562
993 4 2 1 1 355 440 399 331
994 4 2 1 1 469 293 538 613
995 4 2 1 1 95 86 102 462
996 4 2 1 1 268 381 478 306
997 4 2 1 1 262 332 446 356
998 4 2 1 1 371 436 258 512
999 4 2 1 1 335 550 504 562
1000 4 2 1 1 277 373 315 610
1001 4 2 1 1 369 475 290 500
1002 4 2 1 1 340 592 354 442
1003 4 2 1 1 167 381 214 571
1004 4 2 1 1 646 560 462 127
1005 4 2 1 1 304 392 528 615
1006 4 2 1 1 106 30 31 503
1007 4 2 1 1 12 13 145 645
1008 4 2 1 1 261 390 486 428
1009 4 2 1 1 350 564 411 567
1010 4 2 1 1 361 259 394 629
1011 4 2 1 1 180 170 206 426
1012 4 2 1 1 263 595 441 338
1013 4 2 1 1 181 597 175 614
1014 4 2 1 1 337 548 370 550
1015 4 2 1 1 367 271 406 543
1016 4 2 1 1 180 170 426 488
1017 4 2 1 1 341 369 475 331
1018 4 2 1 1 432 482 288 320
1019 4 2 1 1 288 431 377 531
1020 4 2 1 1 509 295 307 382
1021 4 2 1 1 317 158 467 428
1022 4 2 1 1 322 398 424 581
1023 4 2 1 1 327 430 351 541
1024 4 2 1 1 294 504 570 574
1025 4 2 1 1 257 430 364 568
1026 4 2 1 1 331 374 485 544
1027 4 2 1 1 330 522 332 423
1028 4 2 1 1 263 441 348 338
1029 4 2 1 1 145 13 252 645
1030 4 2 1 1 265 346 475 476
1031 4 2 1 1 336 280 438 464
1032 4 2 1 1 339 527 455 603
1033 4 2 1 1 267 470 431 481
1034 4 2 1 1 310 463 414 615
1035 4 2 1 1 289 345 579 614
1036 4 2 1 1 401 477 449 592
1037 4 2 1 1 179 587 487 597
1038 4 2 1 1 410 457 300 571
1039 4 2 1 1 448 558 557 620
1040 4 2 1 1 509 307 295 493
1041 4 2 1 1 273 373 495 610
1042 4 2 1 1 198 408 200 454
1043 4 2 1 1 612 420 548 336
1044 4 2 1 1 541 517 382 509
1045 4 2 1 1 280 386 489 385
1046 4 2 1 1 299 262 520 546
1047 4 2 1 1 258 463 510 615
1048 4 2 1 1 255 485 417 355
1049 4 2 1 1 257 430 514 438
1050 4 2 1 1 645 403 637 63
1051 4 2 1 1 541 382 517 279
1052 4 2 1 1 330 332 416 266
1053 4 2 1 1 330 390 522 423
1054 4 2 1 1 296 460 308 521
1055 4 2 1 1 442 553 499 625
1056 4 2 1 1 261 413 390 522
1057 4 2 1 1 258 510 528 615
1058 4 2 1 1 309 308 393 604
1059 4 2 1 1 271 474 339 565
1060 4 2 1 1 303 579 487 338
1061 4 2 1 1 327 514 430 438
1062 4 2 1 1 344 155 247 536
1063 4 2 1 1 287 550 335 551
1064 4 2 1 1 190 491 184 182
1065 4 2 1 1 272 355 417 613
1066 4 2 1 1 277 315 526 610
1067 4 2 1 1 263 539 429 540
1068 4 2 1 1 56 409 285 448
1069 4 2 1 1 351 430 327 513
1070 4 2 1 1 346 476 434 586
1071 4 2 1 1 145 645 252 409
1072 4 2 1 1 479 526 344 559
1073 4 2 1 1 424 546 314 581
1074 4 2 1 1 374 516 324 544
1075 4 2 1 1 340 442 499 625
1076 4 2 1 1 265 476 475 516
1077 4 2 1 1 90 94 96 279
1078 4 2 1 1 596 298 281 419
1079 4 2 1 1 359 324 374 630
1080 4 2 1 1 645 637 12 63
1081 4 2 1 1 145 645 409 502
1082 4 2 1 1 186 195 179 523
1083 4 2 1 1 277 483 103 594
1084 4 2 1 1 614 625 383 553
1085 4 2 1 1 184 219 437 492
1086 4 2 1 1 318 325 112 330
1087 4 2 1 1 36 37 122 644
1088 4 2 1 1 235 203 205 537
1089 4 2 1 1 36 644 122 462
1090 4 2 1 1 273 413 408 567
1091 4 2 1 1 591 326 528 349
1092 4 2 1 1 309 393 392 604
1093 4 2 1 1 103 373 318 589
1094 4 2 1 1 644 131 37 122
1095 4 2 1 1 644 122 462 576
1096 4 2 1 1 358 425 61 534
1097 4 2 1 1 370 292 453 583
1098 4 2 1 1 397 588 375 590
1099 4 2 1 1 299 456 350 567
1100 4 2 1 1 403 502 366 609
1101 4 2 1 1 356 423 446 339
1102 4 2 1 1 232 477 449 540
1103 4 2 1 1 300 375 588 590
1104 4 2 1 1 310 414 520 615
1105 4 2 1 1 311 263 386 429
1106 4 2 1 1 610 456 567 350
1107 4 2 1 1 558 655 601 49
1108 4 2 1 1 646 380 462 560
1109 4 2 1 1 383 289 499 579
1110 4 2 1 1 640 444 343 347
1111 4 2 1 1 367 368 271 396
1112 4 2 1 1 431 481 378 588
1113 4 2 1 1 341 367 369 406
1114 4 2 1 1 156 344 228 559
1115 4 2 1 1 349 262 510 591
1116 4 2 1 1 104 17 16 643
1117 4 2 1 1 591 528 326 484
1118 4 2 1 1 616 331 374 485
1119 4 2 1 1 104 16 119 643
1120 4 2 1 1 408 454 198 515
1121 4 2 1 1 257 504 550 562
1122 4 2 1 1 313 514 513 595
1123 4 2 1 1 50 53 291 357
1124 4 2 1 1 375 529 426 606
1125 4 2 1 1 322 431 542 267
1126 4 2 1 1 481 529 378 588
1127 4 2 1 1 257 376 504 562
1128 4 2 1 1 223 40 429 561
1129 4 2 1 1 337 466 420 612
1130 4 2 1 1 355 415 485 613
1131 4 2 1 1 643 104 17 459
1132 4 2 1 1 610 567 456 273
1133 4 2 1 1 645 285 63 56
1134 4 2 1 1 426 488 375 606
1135 4 2 1 1 81 24 5 649
1136 4 2 1 1 283 392 400 507
1137 4 2 1 1 505 538 391 272
1138 4 2 1 1 408 567 413 623
1139 4 2 1 1 330 495 456 522
1140 4 2 1 1 317 423 353 428
1141 4 2 1 1 336 328 420 548
1142 4 2 1 1 155 344 397 536
1143 4 2 1 1 331 544 485 443
1144 4 2 1 1 376 441 284 514
1145 4 2 1 1 361 394 259 461
1146 4 2 1 1 324 544 497 256
1147 4 2 1 1 104 643 119 412
1148 4 2 1 1 626 256 497 544
1149 4 2 1 1 140 501 164 590
1150 4 2 1 1 363 501 378 536
1151 4 2 1 1 436 484 258 512
1152 4 2 1 1 343 444 282 622
1153 4 2 1 1 327 438 385 514
1154 4 2 1 1 337 391 357 551
1155 4 2 1 1 241 225 334 599
1156 4 2 1 1 631 569 488 606
1157 4 2 1 1 11 63 403 466
1158 4 2 1 1 284 376 514 562
1159 4 2 1 1 513 514 327 595
1160 4 2 1 1 462 560 281 596
1161 4 2 1 1 380 582 453 291
1162 4 2 1 1 643 412 104 459
1163 4 2 1 1 345 303 563 579
1164 4 2 1 1 310 349 262 510
1165 4 2 1 1 66 302 506 560
1166 4 2 1 1 39 138 40 621
1167 4 2 1 1 138 429 40 621
1168 4 2 1 1 453 582 380 372
1169 4 2 1 1 324 439 405 359
1170 4 2 1 1 405 439 288 359
1171 4 2 1 1 83 32 6 651
1172 4 2 1 1 363 427 378 458
1173 4 2 1 1 301 410 387 457
1174 4 2 1 1 182 191 190 348
1175 4 2 1 1 290 389 347 346
1176 4 2 1 1 374 577 476 616
1177 4 2 1 1 308 396 371 474
1178 4 2 1 1 500 622 343 627
1179 4 2 1 1 273 490 373 610
1180 4 2 1 1 373 490 315 610
1181 4 2 1 1 393 436 422 535
1182 4 2 1 1 345 303 579 487
1183 4 2 1 1 290 368 367 396
1184 4 2 1 1 284 464 366 609
1185 4 2 1 1 640 69 82 347
1186 4 2 1 1 310 262 349 520
1187 4 2 1 1 377 431 288 432
1188 4 2 1 1 259 431 377 432
1189 4 2 1 1 369 266 332 356
1190 4 2 1 1 625 614 188 553
1191 4 2 1 1 639 652 113 412
1192 4 2 1 1 21 654 64 494
1193 4 2 1 1 289 579 383 614
1194 4 2 1 1 242 159 213 524
1195 4 2 1 1 169 569 445 578
1196 4 2 1 1 183 569 578 381
1197 4 2 1 1 57 61 274 459
1198 4 2 1 1 487 587 338 597
1199 4 2 1 1 492 184 365 437
1200 4 2 1 1 66 302 54 506
1201 4 2 1 1 304 499 349 579
1202 4 2 1 1 344 526 479 529
1203 4 2 1 1 343 500 290 622
1204 4 2 1 1 320 432 427 593
1205 4 2 1 1 355 485 415 532
1206 4 2 1 1 264 544 439 443
1207 4 2 1 1 53 291 357 466
1208 4 2 1 1 140 571 410 590
1209 4 2 1 1 400 401 283 507
1210 4 2 1 1 58 552 363 558
1211 4 2 1 1 306 606 411 267
1212 4 2 1 1 190 491 182 348
1213 4 2 1 1 362 454 316 413
1214 4 2 1 1 333 543 406 565
1215 4 2 1 1 307 436 484 535
1216 4 2 1 1 144 242 157 428
1217 4 2 1 1 21 20 129 494
1218 4 2 1 1 515 197 178 614
1219 4 2 1 1 345 289 515 614
1220 4 2 1 1 201 490 408 537
1221 4 2 1 1 214 183 210 498
1222 4 2 1 1 15 598 3 154
1223 4 2 1 1 316 428 390 467
1224 4 2 1 1 292 418 508 509
1225 4 2 1 1 156 479 344 559
1226 4 2 1 1 353 423 317 503
1227 4 2 1 1 54 357 302 395
1228 4 2 1 1 379 460 296 521
1229 4 2 1 1 139 598 363 15
1230 4 2 1 1 636 608 296 576
1231 4 2 1 1 300 457 410 458
1232 4 2 1 1 492 365 184 491
1233 4 2 1 1 572 593 427 552
1234 4 2 1 1 359 533 469 556
1235 4 2 1 1 251 149 236 384
1236 4 2 1 1 28 27 647 73
1237 4 2 1 1 286 363 378 536
1238 4 2 1 1 261 446 423 339
1239 4 2 1 1 283 401 400 554
1240 4 2 1 1 106 112 115 584
1241 4 2 1 1 378 536 344 286
1242 4 2 1 1 362 289 454 413
1243 4 2 1 1 362 499 414 276
1244 4 2 1 1 362 454 289 553
1245 4 2 1 1 572 427 593 320
1246 4 2 1 1 113 104 119 412
1247 4 2 1 1 488 569 375 606
1248 4 2 1 1 212 168 165 590
1249 4 2 1 1 255 417 434 473
1250 4 2 1 1 307 351 509 517
1251 4 2 1 1 324 544 439 359
1252 4 2 1 1 208 183 498 210
1253 4 2 1 1 240 185 187 625
1254 4 2 1 1 2 653 101 35
1255 4 2 1 1 274 469 302 511
1256 4 2 1 1 299 520 446 522
1257 4 2 1 1 286 363 536 598
1258 4 2 1 1 135 600 252 601
1259 4 2 1 1 14 15 139 363
1260 4 2 1 1 387 301 457 618
1261 4 2 1 1 283 400 392 632
1262 4 2 1 1 142 47 48 589
1263 4 2 1 1 434 468 297 616
1264 4 2 1 1 376 478 268 619
1265 4 2 1 1 332 573 416 266
1266 4 2 1 1 356 266 332 423
1267 4 2 1 1 278 379 295 382
1268 4 2 1 1 283 449 401 554
1269 4 2 1 1 280 328 438 489
1270 4 2 1 1 485 544 264 443
1271 4 2 1 1 283 309 354 451
1272 4 2 1 1 270 341 500 342
1273 4 2 1 1 264 485 374 544
1274 4 2 1 1 404 349 260 579
1275 4 2 1 1 255 418 473 342
1276 4 2 1 1 48 317 142 589
1277 4 2 1 1 642 344 286 483
1278 4 2 1 1 308 422 393 436
1279 4 2 1 1 261 522 390 423
1280 4 2 1 1 299 520 435 546
1281 4 2 1 1 398 545 376 568
1282 4 2 1 1 259 552 427 593
1283 4 2 1 1 317 158 428 157
1284 4 2 1 1 297 511 417 613
1285 4 2 1 1 294 424 398 471
1286 4 2 1 1 337 550 391 551
1287 4 2 1 1 366 464 384 465
1288 4 2 1 1 642 536 247 154
1289 4 2 1 1 318 277 421 373
1290 4 2 1 1 360 412 274 533
1291 4 2 1 1 339 455 423 603
1292 4 2 1 1 183 569 381 167
1293 4 2 1 1 388 421 525 594
1294 4 2 1 1 466 612 403 420
1295 4 2 1 1 309 474 308 604
1296 4 2 1 1 279 372 382 518
1297 4 2 1 1 270 333 512 543
1298 4 2 1 1 318 277 373 103
1299 4 2 1 1 345 623 631 515
1300 4 2 1 1 466 551 285 612
1301 4 2 1 1 45 154 642 247
1302 4 2 1 1 167 183 214 381
1303 4 2 1 1 345 631 623 435
1304 4 2 1 1 370 430 292 508
1305 4 2 1 1 312 435 411 567
1306 4 2 1 1 404 260 563 579
1307 4 2 1 1 635 380 560 506
1308 4 2 1 1 39 91 38 650
1309 4 2 1 1 312 631 623 515
1310 4 2 1 1 298 360 577 346
1311 4 2 1 1 312 411 564 567
1312 4 2 1 1 310 520 349 615
1313 4 2 1 1 297 530 469 613
1314 4 2 1 1 299 446 332 522
1315 4 2 1 1 150 642 45 483
1316 4 2 1 1 76 368 271 353
1317 4 2 1 1 312 623 631 435
1318 4 2 1 1 221 241 225 437
1319 4 2 1 1 297 485 530 613
1320 4 2 1 1 565 510 484 258
1321 4 2 1 1 292 453 372 549
1322 4 2 1 1 351 292 430 508
1323 4 2 1 1 417 434 473 511
1324 4 2 1 1 439 470 288 531
1325 4 2 1 1 171 169 170 569
1326 4 2 1 1 318 277 103 594
1327 4 2 1 1 107 275 323 628
1328 4 2 1 1 489 517 566 279
1329 4 2 1 1 614 625 181 597
1330 4 2 1 1 1 12 637 63
1331 4 2 1 1 183 569 167 169
1332 4 2 1 1 171 173 174 445
1333 4 2 1 1 235 315 205 231
1334 4 2 1 1 433 603 276 319
1335 4 2 1 1 434 476 577 616
1336 4 2 1 1 266 368 389 584
1337 4 2 1 1 46 150 45 483
1338 4 2 1 1 641 25 26 146
1339 4 2 1 1 641 25 146 451
1340 4 2 1 1 26 641 146 354
1341 4 2 1 1 298 419 444 622
1342 4 2 1 1 372 549 328 602
1343 4 2 1 1 297 359 374 468
1344 4 2 1 1 266 389 369 573
1345 4 2 1 1 454 289 553 614
1346 4 2 1 1 301 447 409 448
1347 4 2 1 1 269 493 351 508
1348 4 2 1 1 626 497 516 544
1349 4 2 1 1 219 209 184 437
1350 4 2 1 1 454 515 289 614
1351 4 2 1 1 609 465 464 366
1352 4 2 1 1 275 405 323 482
1353 4 2 1 1 183 569 169 578
1354 4 2 1 1 197 454 553 614
1355 4 2 1 1 431 288 470 531
1356 4 2 1 1 251 384 236 621
1357 4 2 1 1 383 338 487 579
1358 4 2 1 1 150 633 229 559
1359 4 2 1 1 421 495 373 610
1360 4 2 1 1 642 628 483 286
1361 4 2 1 1 452 105 115 347
1362 4 2 1 1 173 175 487 614
1363 4 2 1 1 223 429 311 561
1364 4 2 1 1 177 207 174 445
1365 4 2 1 1 609 465 366 403
1366 4 2 1 1 563 411 435 260
1367 4 2 1 1 276 499 414 615
1368 4 2 1 1 85 280 605 617
1369 4 2 1 1 235 490 201 537
1370 4 2 1 1 401 449 283 592
1371 4 2 1 1 146 354 641 451
1372 4 2 1 1 384 465 251 366
1373 4 2 1 1 67 309 433 455
1374 4 2 1 1 565 484 510 333
1375 4 2 1 1 276 463 339 527
1376 4 2 1 1 74 25 26 641
1377 4 2 1 1 625 188 614 181
1378 4 2 1 1 545 514 441 376
1379 4 2 1 1 629 618 361 457
1380 4 2 1 1 461 570 361 574
1381 4 2 1 1 121 20 19 560
1382 4 2 1 1 306 478 445 578
1383 4 2 1 1 294 570 461 574
1384 4 2 1 1 255 434 417 616
1385 4 2 1 1 269 508 351 513
1386 4 2 1 1 242 428 319 524
1387 4 2 1 1 138 194 223 429
1388 4 2 1 1 316 486 428 524
1389 4 2 1 1 202 201 408 537
1390 4 2 1 1 73 76 67 455
1391 4 2 1 1 568 545 471 398
1392 4 2 1 1 415 530 485 613
1393 4 2 1 1 354 233 245 442
1394 4 2 1 1 191 523 348 587
1395 4 2 1 1 355 255 399 418
1396 4 2 1 1 89 422 296 518
1397 4 2 1 1 368 343 79 396
1398 4 2 1 1 564 567 350 610
1399 4 2 1 1 340 507 477 597
1400 4 2 1 1 658 134 347 125
1401 4 2 1 1 182 348 491 587
1402 4 2 1 1 405 497 472 525
1403 4 2 1 1 173 172 178 515
1404 4 2 1 1 654 274 412 643
1405 4 2 1 1 376 398 478 545
1406 4 2 1 1 329 422 402 450
1407 4 2 1 1 327 555 326 575
1408 4 2 1 1 196 188 181 614
1409 4 2 1 1 351 430 292 541
1410 4 2 1 1 450 451 393 283
1411 4 2 1 1 121 494 20 560
1412 4 2 1 1 103 47 373 589
1413 4 2 1 1 374 468 577 616
1414 4 2 1 1 330 390 495 522
1415 4 2 1 1 348 523 338 587
1416 4 2 1 1 349 321 591 313
1417 4 2 1 1 34 640 123 33
1418 4 2 1 1 339 474 463 565
1419 4 2 1 1 640 134 34 123
1420 4 2 1 1 483 594 277 624
1421 4 2 1 1 278 382 372 608
1422 4 2 1 1 292 418 278 583
1423 4 2 1 1 305 517 327 555
1424 4 2 1 1 365 268 478 619
1425 4 2 1 1 33 576 69 640
1426 4 2 1 1 367 500 396 543
1427 4 2 1 1 471 545 568 313
1428 4 2 1 1 466 403 612 285
1429 4 2 1 1 607 313 349 326
1430 4 2 1 1 307 509 382 517
1431 4 2 1 1 370 292 430 602
1432 4 2 1 1 189 553 442 625
1433 4 2 1 1 47 249 373 589
1434 4 2 1 1 294 471 398 568
1435 4 2 1 1 309 393 329 451
1436 4 2 1 1 640 656 82 34
1437 4 2 1 1 125 640 347 444
1438 4 2 1 1 406 446 310 339
1439 4 2 1 1 461 530 415 293
1440 4 2 1 1 182 191 348 587
1441 4 2 1 1 107 323 275 580
1442 4 2 1 1 365 478 303 619
1443 4 2 1 1 327 541 489 438
1444 4 2 1 1 608 380 372 278
1445 4 2 1 1 340 499 383 625
1446 4 2 1 1 275 482 480 320
1447 4 2 1 1 125 640 444 123
1448 4 2 1 1 268 387 457 618
1449 4 2 1 1 277 526 421 610
1450 4 2 1 1 405 472 324 630
1451 4 2 1 1 607 313 404 349
1452 4 2 1 1 22 6 651 83
1453 4 2 1 1 179 176 487 587
1454 4 2 1 1 65 9 2 653
1455 4 2 1 1 334 366 241 502
1456 4 2 1 1 545 514 376 568
1457 4 2 1 1 355 485 417 613
1458 4 2 1 1 612 609 403 336
1459 4 2 1 1 461 530 293 377
1460 4 2 1 1 387 301 409 600
1461 4 2 1 1 612 403 609 285
1462 4 2 1 1 545 514 568 313
1463 4 2 1 1 369 332 573 626
1464 4 2 1 1 334 387 409 599
1465 4 2 1 1 519 442 433 136
1466 4 2 1 1 42 639 124 43
1467 4 2 1 1 458 542 457 629
1468 4 2 1 1 280 386 385 429
1469 4 2 1 1 277 388 421 526
1470 4 2 1 1 56 285 63 466
1471 4 2 1 1 616 374 331 476
1472 4 2 1 1 413 408 623 454
1473 4 2 1 1 286 427 480 482
1474 4 2 1 1 485 440 331 443
1475 4 2 1 1 288 359 377 320
1476 4 2 1 1 293 395 469 538
1477 4 2 1 1 326 555 535 575
1478 4 2 1 1 112 114 325 594
1479 4 2 1 1 303 404 579 338
1480 4 2 1 1 260 398 545 563
1481 4 2 1 1 477 507 338 597
1482 4 2 1 1 203 479 204 205
1483 4 2 1 1 304 383 499 579
1484 4 2 1 1 294 364 471 568
1485 4 2 1 1 412 533 360 580
1486 4 2 1 1 515 197 614 454
1487 4 2 1 1 436 460 307 512
1488 4 2 1 1 485 440 355 331
1489 4 2 1 1 639 132 42 124
1490 4 2 1 1 212 164 397 590
1491 4 2 1 1 278 547 379 462
1492 4 2 1 1 639 654 119 42
1493 4 2 1 1 258 484 436 535
1494 4 2 1 1 294 424 471 532
1495 4 2 1 1 150 642 483 344
1496 4 2 1 1 127 560 462 596
1497 4 2 1 1 274 360 298 412
1498 4 2 1 1 652 444 125 347
1499 4 2 1 1 303 487 491 587
1500 4 2 1 1 124 652 125 43
1501 4 2 1 1 24 23 89 329
1502 4 2 1 1 280 429 85 605
1503 4 2 1 1 280 438 385 489
1504 4 2 1 1 297 530 359 469
1505 4 2 1 1 89 23 296 329
1506 4 2 1 1 105 658 118 347
1507 4 2 1 1 607 313 595 404
1508 4 2 1 1 311 429 223 540
1509 4 2 1 1 64 4 16 654
1510 4 2 1 1 47 633 46 103
1511 4 2 1 1 340 477 507 592
1512 4 2 1 1 331 516 374 544
1513 4 2 1 1 609 335 562 612
1514 4 2 1 1 558 409 56 448
1515 4 2 1 1 285 502 403 609
1516 4 2 1 1 644 608 576 462
1517 4 2 1 1 240 592 340 442
1518 4 2 1 1 64 274 57 51
1519 4 2 1 1 292 509 351 541
1520 4 2 1 1 380 453 352 506
1521 4 2 1 1 628 594 483 624
1522 4 2 1 1 382 518 372 608
1523 4 2 1 1 54 357 395 620
1524 4 2 1 1 11 88 10 466
1525 4 2 1 1 267 350 526 564
1526 4 2 1 1 264 485 415 530
1527 4 2 1 1 406 310 565 339
1528 4 2 1 1 377 293 461 593
1529 4 2 1 1 281 380 560 462
1530 4 2 1 1 405 275 630 320
1531 4 2 1 1 473 583 417 352
1532 4 2 1 1 501 588 397 590
1533 4 2 1 1 350 456 421 610
1534 4 2 1 1 276 392 463 527
1535 4 2 1 1 276 442 433 519
1536 4 2 1 1 417 473 352 511
1537 4 2 1 1 303 487 587 338
1538 4 2 1 1 445 488 345 631
1539 4 2 1 1 449 477 232 592
1540 4 2 1 1 584 452 389 325
1541 4 2 1 1 198 202 201 408
1542 4 2 1 1 607 313 326 595
1543 4 2 1 1 406 310 510 565
1544 4 2 1 1 352 417 505 583
1545 4 2 1 1 381 306 569 578
1546 4 2 1 1 11 403 88 466
1547 4 2 1 1 230 215 214 387
1548 4 2 1 1 187 147 240 442
1549 4 2 1 1 84 396 343 521
1550 4 2 1 1 227 242 319 524
1551 4 2 1 1 280 385 384 429
1552 4 2 1 1 245 244 136 442
1553 4 2 1 1 40 41 92 561
1554 4 2 1 1 307 484 436 512
1555 4 2 1 1 271 371 474 565
1556 4 2 1 1 515 197 454 198
1557 4 2 1 1 56 448 285 466
1558 4 2 1 1 10 88 291 466
1559 4 2 1 1 600 571 215 387
1560 4 2 1 1 240 233 211 592
1561 4 2 1 1 638 7 31 117
1562 4 2 1 1 297 417 434 616
1563 4 2 1 1 347 444 290 346
1564 4 2 1 1 322 424 531 581
1565 4 2 1 1 294 532 415 461
1566 4 2 1 1 316 486 362 413
1567 4 2 1 1 373 421 318 495
1568 4 2 1 1 71 309 308 329
1569 4 2 1 1 273 495 456 610
1570 4 2 1 1 391 395 287 538
1571 4 2 1 1 597 587 523 179
1572 4 2 1 1 169 445 207 578
1573 4 2 1 1 179 487 175 597
1574 4 2 1 1 180 204 203 426
1575 4 2 1 1 203 180 426 537
1576 4 2 1 1 397 529 375 588
1577 4 2 1 1 336 464 562 609
1578 4 2 1 1 298 412 360 346
1579 4 2 1 1 275 482 323 628
1580 4 2 1 1 638 48 117 317
1581 4 2 1 1 235 315 231 490
1582 4 2 1 1 463 565 310 339
1583 4 2 1 1 445 569 306 578
1584 4 2 1 1 58 534 363 552
1585 4 2 1 1 303 404 563 579
1586 4 2 1 1 61 302 425 54
1587 4 2 1 1 410 457 301 458
1588 4 2 1 1 326 528 400 535
1589 4 2 1 1 309 392 354 527
1590 4 2 1 1 152 403 366 465
1591 4 2 1 1 338 477 401 507
1592 4 2 1 1 388 405 323 525
1593 4 2 1 1 294 424 532 461
1594 4 2 1 1 61 302 54 66
1595 4 2 1 1 239 410 363 501
1596 4 2 1 1 206 168 212 375
1597 4 2 1 1 258 393 392 632
1598 4 2 1 1 258 392 393 604
1599 4 2 1 1 280 336 328 617
1600 4 2 1 1 626 256 544 443
1601 4 2 1 1 325 452 265 472
1602 4 2 1 1 638 48 7 117
1603 4 2 1 1 289 383 499 553
1604 4 2 1 1 120 452 108 580
1605 4 2 1 1 150 642 344 247
1606 4 2 1 1 76 455 271 474
1607 4 2 1 1 292 278 453 583
1608 4 2 1 1 413 408 454 316
1609 4 2 1 1 340 507 283 592
1610 4 2 1 1 278 352 380 453
1611 4 2 1 1 502 447 409 334
1612 4 2 1 1 216 135 239 410
1613 4 2 1 1 642 628 286 598
1614 4 2 1 1 286 344 481 624
1615 4 2 1 1 124 126 444 494
1616 4 2 1 1 117 31 638 503
1617 4 2 1 1 310 510 463 615
1618 4 2 1 1 58 358 552 558
1619 4 2 1 1 455 428 423 603
1620 4 2 1 1 142 317 467 589
1621 4 2 1 1 309 329 74 451
1622 4 2 1 1 406 510 333 565
1623 4 2 1 1 387 447 301 618
1624 4 2 1 1 401 477 338 523
1625 4 2 1 1 332 522 446 423
1626 4 2 1 1 354 433 276 442
1627 4 2 1 1 274 434 298 468
1628 4 2 1 1 258 393 535 436
1629 4 2 1 1 638 317 117 503
1630 4 2 1 1 548 562 550 612
1631 4 2 1 1 191 348 523 539
1632 4 2 1 1 370 453 292 549
1633 4 2 1 1 291 391 337 549
1634 4 2 1 1 61 425 274 459
1635 4 2 1 1 98 11 1 637
1636 4 2 1 1 475 585 341 331
1637 4 2 1 1 636 296 68 576
1638 4 2 1 1 637 38 403 151
1639 4 2 1 1 370 292 583 508
1640 4 2 1 1 201 253 200 408
1641 4 2 1 1 140 410 501 590
1642 4 2 1 1 265 577 360 346
1643 4 2 1 1 307 535 484 555
1644 4 2 1 1 646 133 560 127
1645 4 2 1 1 515 197 198 178
1646 4 2 1 1 33 69 576 77
1647 4 2 1 1 286 481 378 482
1648 4 2 1 1 396 460 627 521
1649 4 2 1 1 258 528 484 535
1650 4 2 1 1 484 528 326 535
1651 4 2 1 1 430 257 602 438
1652 4 2 1 1 218 519 362 524
1653 4 2 1 1 533 320 359 630
1654 4 2 1 1 437 498 496 334
1655 4 2 1 1 376 545 478 619
1656 4 2 1 1 366 403 152 502
1657 4 2 1 1 76 353 271 455
1658 4 2 1 1 171 207 169 445
1659 4 2 1 1 270 512 371 543
1660 4 2 1 1 463 510 310 565
1661 4 2 1 1 53 10 291 466
1662 4 2 1 1 367 266 369 356
1663 4 2 1 1 92 429 561 605
1664 4 2 1 1 255 476 585 586
1665 4 2 1 1 334 437 366 609
1666 4 2 1 1 305 535 555 575
1667 4 2 1 1 23 71 296 329
1668 4 2 1 1 644 608 462 95
1669 4 2 1 1 174 173 175 487
1670 4 2 1 1 322 581 531 267
1671 4 2 1 1 637 38 98 403
1672 4 2 1 1 637 98 11 403
1673 4 2 1 1 259 432 377 593
1674 4 2 1 1 120 652 452 412
1675 4 2 1 1 268 570 457 306
1676 4 2 1 1 391 505 272 583
1677 4 2 1 1 526 564 350 610
1678 4 2 1 1 199 198 200 454
1679 4 2 1 1 408 312 567 623
1680 4 2 1 1 68 296 521 576
1681 4 2 1 1 363 552 458 601
1682 4 2 1 1 474 565 371 604
1683 4 2 1 1 636 22 23 87
1684 4 2 1 1 278 380 372 453
1685 4 2 1 1 7 28 657 80
1686 4 2 1 1 606 588 306 375
1687 4 2 1 1 315 564 526 610
1688 4 2 1 1 415 485 264 532
1689 4 2 1 1 596 298 419 444
1690 4 2 1 1 600 571 387 410
1691 4 2 1 1 106 503 317 330
1692 4 2 1 1 239 14 363 601
1693 4 2 1 1 481 526 344 529
1694 4 2 1 1 192 384 492 539
1695 4 2 1 1 631 569 606 306
1696 4 2 1 1 220 228 156 344
1697 4 2 1 1 258 510 484 528
1698 4 2 1 1 299 435 413 567
1699 4 2 1 1 370 548 549 602
1700 4 2 1 1 237 366 221 437
1701 4 2 1 1 108 472 323 580
1702 4 2 1 1 104 459 412 580
1703 4 2 1 1 446 339 406 356
1704 4 2 1 1 193 197 454 553
1705 4 2 1 1 629 618 457 301
1706 4 2 1 1 457 458 300 542
1707 4 2 1 1 260 411 435 546
1708 4 2 1 1 259 377 461 593
1709 4 2 1 1 291 357 337 391
1710 4 2 1 1 400 535 305 575
1711 4 2 1 1 267 526 481 529
1712 4 2 1 1 277 421 373 610
1713 4 2 1 1 636 100 22 87
1714 4 2 1 1 585 500 341 342
1715 4 2 1 1 288 377 432 320
1716 4 2 1 1 427 534 320 572
1717 4 2 1 1 499 553 383 625
1718 4 2 1 1 326 535 400 575
1719 4 2 1 1 383 487 338 597
1720 4 2 1 1 87 644 608 636
1721 4 2 1 1 155 228 220 344
1722 4 2 1 1 383 553 289 614
1723 4 2 1 1 425 534 358 572
1724 4 2 1 1 257 504 376 568
1725 4 2 1 1 262 443 321 546
1726 4 2 1 1 270 371 396 543
1727 4 2 1 1 267 529 481 588
1728 4 2 1 1 274 425 302 469
1729 4 2 1 1 26 634 67 354
1730 4 2 1 1 374 331 476 516
1731 4 2 1 1 108 114 323 325
1732 4 2 1 1 636 87 23 296
1733 4 2 1 1 284 496 376 562
1734 4 2 1 1 545 595 514 313
1735 4 2 1 1 87 644 636 100
1736 4 2 1 1 309 392 527 604
1737 4 2 1 1 282 444 419 622
1738 4 2 1 1 502 447 334 609
1739 4 2 1 1 163 501 363 536
1740 4 2 1 1 93 9 10 635
1741 4 2 1 1 276 433 354 527
1742 4 2 1 1 631 569 306 445
1743 4 2 1 1 635 653 65 560
1744 4 2 1 1 423 603 261 339
1745 4 2 1 1 418 583 292 508
1746 4 2 1 1 496 498 437 365
1747 4 2 1 1 87 644 100 95
1748 4 2 1 1 597 523 587 338
1749 4 2 1 1 315 373 277 559
1750 4 2 1 1 314 531 424 581
1751 4 2 1 1 355 399 255 331
1752 4 2 1 1 361 570 457 618
1753 4 2 1 1 457 570 268 618
1754 4 2 1 1 531 581 314 267
1755 4 2 1 1 265 472 360 630
1756 4 2 1 1 527 276 603 339
1757 4 2 1 1 320 533 359 556
1758 4 2 1 1 606 588 375 529
1759 4 2 1 1 372 382 278 509
1760 4 2 1 1 167 214 166 571
1761 4 2 1 1 193 199 159 524
1762 4 2 1 1 433 603 319 455
1763 4 2 1 1 434 577 468 616
1764 4 2 1 1 173 515 178 614
1765 4 2 1 1 312 408 515 623
1766 4 2 1 1 635 653 9 65
1767 4 2 1 1 647 80 73 428
1768 4 2 1 1 645 285 56 409
1769 4 2 1 1 629 618 301 557
1770 4 2 1 1 337 548 420 549
1771 4 2 1 1 427 534 363 598
1772 4 2 1 1 393 422 329 450
1773 4 2 1 1 299 413 520 522
1774 4 2 1 1 284 441 376 619
1775 4 2 1 1 291 635 380 93
1776 4 2 1 1 258 393 436 604
1777 4 2 1 1 404 441 303 545
1778 4 2 1 1 80 353 73 428
1779 4 2 1 1 331 544 443 626
1780 4 2 1 1 265 325 389 452
1781 4 2 1 1 86 635 380 646
1782 4 2 1 1 10 635 50 291
1783 4 2 1 1 478 545 398 563
1784 4 2 1 1 445 563 306 631
1785 4 2 1 1 328 489 279 541
1786 4 2 1 1 211 232 477 592
1787 4 2 1 1 376 496 284 619
1788 4 2 1 1 344 247 155 228
1789 4 2 1 1 281 560 494 596
1790 4 2 1 1 357 60 448 620
1791 4 2 1 1 190 192 492 539
1792 4 2 1 1 266 584 325 330
1793 4 2 1 1 304 349 499 615
1794 4 2 1 1 225 210 209 498
1795 4 2 1 1 383 579 487 614
1796 4 2 1 1 10 93 635 291
1797 4 2 1 1 545 595 313 404
1798 4 2 1 1 335 550 562 612
1799 4 2 1 1 327 430 541 438
1800 4 2 1 1 255 434 476 586
1801 4 2 1 1 116 598 480 628
1802 4 2 1 1 96 617 605 279
1803 4 2 1 1 460 521 379 627
1804 4 2 1 1 548 602 257 438
1805 4 2 1 1 305 555 327 575
1806 4 2 1 1 275 533 459 580
1807 4 2 1 1 99 402 561 329
1808 4 2 1 1 270 295 342 627
1809 4 2 1 1 412 452 360 346
1810 4 2 1 1 150 633 483 46
1811 4 2 1 1 175 179 176 487
1812 4 2 1 1 636 644 608 576
1813 4 2 1 1 314 470 439 531
1814 4 2 1 1 26 27 634 246
1815 4 2 1 1 265 346 476 577
1816 4 2 1 1 657 317 80 428
1817 4 2 1 1 51 274 66 494
1818 4 2 1 1 279 402 518 566
1819 4 2 1 1 304 349 404 579
1820 4 2 1 1 248 634 611 27
1821 4 2 1 1 420 548 328 549
1822 4 2 1 1 280 386 429 605
1823 4 2 1 1 495 467 317 589
1824 4 2 1 1 385 438 280 464
1825 4 2 1 1 445 478 306 563
1826 4 2 1 1 265 516 475 573
1827 4 2 1 1 248 634 27 246
1828 4 2 1 1 377 264 531 461
1829 4 2 1 1 195 523 191 587
1830 4 2 1 1 305 327 386 575
1831 4 2 1 1 315 277 526 559
1832 4 2 1 1 297 469 511 613
1833 4 2 1 1 259 458 427 552
1834 4 2 1 1 488 515 345 631
1835 4 2 1 1 297 374 485 616
1836 4 2 1 1 384 385 280 464
1837 4 2 1 1 213 158 428 467
1838 4 2 1 1 289 435 413 520
1839 4 2 1 1 26 246 634 354
1840 4 2 1 1 394 461 361 574
1841 4 2 1 1 628 594 624 323
1842 4 2 1 1 312 488 426 606
1843 4 2 1 1 606 588 529 267
1844 4 2 1 1 73 647 428 611
1845 4 2 1 1 384 464 280 465
1846 4 2 1 1 645 403 63 285
1847 4 2 1 1 345 563 445 631
1848 4 2 1 1 606 588 267 306
1849 4 2 1 1 15 598 62 3
1850 4 2 1 1 307 512 460 295
1851 4 2 1 1 275 107 459 480
1852 4 2 1 1 256 416 497 525
1853 4 2 1 1 277 421 388 594
1854 4 2 1 1 117 317 106 503
1855 4 2 1 1 136 634 354 433
1856 4 2 1 1 120 652 113 105
1857 4 2 1 1 351 508 430 513
1858 4 2 1 1 27 67 634 611
1859 4 2 1 1 413 435 299 520
1860 4 2 1 1 365 303 491 619
1861 4 2 1 1 559 373 633 137
1862 4 2 1 1 317 503 423 330
1863 4 2 1 1 271 367 396 543
1864 4 2 1 1 345 487 579 614
1865 4 2 1 1 261 414 486 413
1866 4 2 1 1 261 423 390 428
1867 4 2 1 1 184 208 177 491
1868 4 2 1 1 331 476 475 585
1869 4 2 1 1 307 436 422 460
1870 4 2 1 1 558 409 448 301
1871 4 2 1 1 97 291 582 380
1872 4 2 1 1 301 447 557 618
1873 4 2 1 1 400 535 528 632
1874 4 2 1 1 394 361 287 574
1875 4 2 1 1 265 452 360 472
1876 4 2 1 1 51 57 61 274
1877 4 2 1 1 258 510 463 565
1878 4 2 1 1 292 508 351 509
1879 4 2 1 1 86 635 646 101
1880 4 2 1 1 489 541 328 438
1881 4 2 1 1 609 335 612 447
1882 4 2 1 1 257 376 514 568
1883 4 2 1 1 54 61 358 425
1884 4 2 1 1 186 477 232 523
1885 4 2 1 1 395 505 538 391
1886 4 2 1 1 260 545 404 563
1887 4 2 1 1 67 309 74 354
1888 4 2 1 1 342 586 585 500
1889 4 2 1 1 76 368 353 70
1890 4 2 1 1 316 362 486 524
1891 4 2 1 1 413 435 289 623
1892 4 2 1 1 516 544 331 626
1893 4 2 1 1 264 532 485 443
1894 4 2 1 1 290 369 367 266
1895 4 2 1 1 47 137 46 633
1896 4 2 1 1 332 446 356 423
1897 4 2 1 1 452 105 347 652
1898 4 2 1 1 175 196 181 614
1899 4 2 1 1 334 498 387 599
1900 4 2 1 1 311 386 263 554
1901 4 2 1 1 357 466 337 551
1902 4 2 1 1 178 172 202 515
1903 4 2 1 1 91 85 94 617
1904 4 2 1 1 10 50 53 291
1905 4 2 1 1 312 515 488 631
1906 4 2 1 1 299 443 262 546
1907 4 2 1 1 275 323 405 472
1908 4 2 1 1 337 370 548 549
1909 4 2 1 1 614 625 597 383
1910 4 2 1 1 645 151 502 145
1911 4 2 1 1 267 470 481 526
1912 4 2 1 1 314 546 411 581
1913 4 2 1 1 362 519 442 276
1914 4 2 1 1 402 89 422 329
1915 4 2 1 1 377 432 320 593
1916 4 2 1 1 456 495 421 610
1917 4 2 1 1 257 550 548 562
1918 4 2 1 1 326 595 575 607
1919 4 2 1 1 304 607 349 528
1920 4 2 1 1 268 478 398 306
1921 4 2 1 1 259 542 458 629
1922 4 2 1 1 326 575 400 607
1923 4 2 1 1 300 375 306 588
1924 4 2 1 1 388 481 470 526
1925 4 2 1 1 263 523 348 539
1926 4 2 1 1 230 215 387 599
1927 4 2 1 1 377 320 556 593
1928 4 2 1 1 264 424 532 443
1929 4 2 1 1 255 473 434 586
1930 4 2 1 1 519 442 136 244
1931 4 2 1 1 256 421 456 525
1932 4 2 1 1 628 594 323 114
1933 4 2 1 1 71 308 72 521
1934 4 2 1 1 143 253 201 490
1935 4 2 1 1 453 505 391 583
1936 4 2 1 1 485 417 297 616
1937 4 2 1 1 47 137 633 373
1938 4 2 1 1 271 396 371 543
1939 4 2 1 1 309 74 354 451
1940 4 2 1 1 189 188 553 625
1941 4 2 1 1 400 528 326 607
1942 4 2 1 1 257 548 438 562
1943 4 2 1 1 410 458 301 601
1944 4 2 1 1 414 603 276 339
1945 4 2 1 1 411 435 312 631
1946 4 2 1 1 396 500 270 543
1947 4 2 1 1 58 358 534 552
1948 4 2 1 1 212 164 220 397
1949 4 2 1 1 374 468 359 630
1950 4 2 1 1 85 429 280 621
1951 4 2 1 1 243 479 205 238
1952 4 2 1 1 319 428 144 611
1953 4 2 1 1 374 577 468 630
1954 4 2 1 1 283 451 354 592
1955 4 2 1 1 321 532 424 443
1956 4 2 1 1 263 429 311 540
1957 4 2 1 1 293 394 574 461
1958 4 2 1 1 334 409 387 447
1959 4 2 1 1 590 167 381 569
1960 4 2 1 1 483 633 150 559
1961 4 2 1 1 644 131 122 576
1962 4 2 1 1 260 411 546 581
1963 4 2 1 1 97 291 380 93
1964 4 2 1 1 475 476 331 516
1965 4 2 1 1 447 551 448 557
1966 4 2 1 1 69 576 84 343
1967 4 2 1 1 311 263 401 554
1968 4 2 1 1 301 458 457 629
1969 4 2 1 1 318 330 495 525
1970 4 2 1 1 317 390 423 428
1971 4 2 1 1 303 478 445 563
1972 4 2 1 1 84 576 69 77
1973 4 2 1 1 258 463 392 604
1974 4 2 1 1 26 146 246 354
1975 4 2 1 1 377 530 264 461
1976 4 2 1 1 49 363 601 558
1977 4 2 1 1 363 49 58 558
1978 4 2 1 1 14 139 239 363
1979 4 2 1 1 308 436 371 460
1980 4 2 1 1 75 368 503 584
1981 4 2 1 1 627 295 547 379
1982 4 2 1 1 274 468 360 533
1983 4 2 1 1 305 554 400 575
1984 4 2 1 1 202 198 178 515
1985 4 2 1 1 366 502 334 609
1986 4 2 1 1 312 564 411 606
1987 4 2 1 1 367 369 290 500
1988 4 2 1 1 627 547 295 342
1989 4 2 1 1 396 76 271 474
1990 4 2 1 1 318 325 525 594
1991 4 2 1 1 257 514 376 562
1992 4 2 1 1 122 282 462 576
1993 4 2 1 1 295 418 278 509
1994 4 2 1 1 547 586 622 419
1995 4 2 1 1 312 606 411 631
1996 4 2 1 1 390 428 317 467
1997 4 2 1 1 68 636 23 296
1998 4 2 1 1 394 461 293 593
1999 4 2 1 1 301 409 600 601
2000 4 2 1 1 320 534 425 572
2001 4 2 1 1 289 349 435 520
2002 4 2 1 1 469 533 425 556
2003 4 2 1 1 78 76 72 474
2004 4 2 1 1 394 287 361 557
2005 4 2 1 1 270 460 295 627
2006 4 2 1 1 243 315 479 559
2007 4 2 1 1 78 308 309 474
2008 4 2 1 1 150 642 247 45
2009 4 2 1 1 419 352 473 511
2010 4 2 1 1 97 291 88 582
2011 4 2 1 1 325 115 112 584
2012 4 2 1 1 577 324 265 630
2013 4 2 1 1 489 517 279 541
2014 4 2 1 1 21 132 494 129
2015 4 2 1 1 447 609 285 612
2016 4 2 1 1 647 157 428 144
2017 4 2 1 1 297 359 468 469
2018 4 2 1 1 272 370 583 508
2019 4 2 1 1 275 320 459 533
2020 4 2 1 1 281 302 505 511
2021 4 2 1 1 291 453 391 549
2022 4 2 1 1 636 608 87 296
2023 4 2 1 1 378 542 431 588
2024 4 2 1 1 394 572 552 593
2025 4 2 1 1 561 605 566 402
2026 4 2 1 1 377 556 293 593
2027 4 2 1 1 643 274 57 64
2028 4 2 1 1 285 409 447 448
2029 4 2 1 1 324 439 544 256
2030 4 2 1 1 642 628 598 116
2031 4 2 1 1 377 530 293 556
2032 4 2 1 1 590 166 167 165
2033 4 2 1 1 590 381 167 571
2034 4 2 1 1 198 201 200 408
2035 4 2 1 1 192 384 149 492
2036 4 2 1 1 312 488 606 631
2037 4 2 1 1 75 343 347 69
2038 4 2 1 1 283 449 451 592
2039 4 2 1 1 178 197 196 614
2040 4 2 1 1 240 442 233 592
2041 4 2 1 1 110 317 48 589
2042 4 2 1 1 73 70 76 353
2043 4 2 1 1 243 479 238 156
2044 4 2 1 1 424 461 570 322
2045 4 2 1 1 312 426 564 606
2046 4 2 1 1 182 491 177 587
2047 4 2 1 1 292 278 418 509
2048 4 2 1 1 570 461 424 294
2049 4 2 1 1 115 111 106 584
2050 4 2 1 1 259 461 394 593
2051 4 2 1 1 269 532 440 355
2052 4 2 1 1 334 502 241 599
2053 4 2 1 1 363 410 239 601
2054 4 2 1 1 265 360 577 630
2055 4 2 1 1 64 274 51 494
2056 4 2 1 1 147 187 250 442
2057 4 2 1 1 632 305 400 535
2058 4 2 1 1 193 197 199 454
2059 4 2 1 1 63 637 11 403
2060 4 2 1 1 539 384 138 192
2061 4 2 1 1 401 449 311 554
2062 4 2 1 1 626 256 443 332
2063 4 2 1 1 483 559 344 624
2064 4 2 1 1 501 588 590 300
2065 4 2 1 1 539 138 384 429
2066 4 2 1 1 13 655 645 56
2067 4 2 1 1 425 459 320 533
2068 4 2 1 1 440 532 269 321
2069 4 2 1 1 274 459 425 533
2070 4 2 1 1 305 517 422 566
2071 4 2 1 1 323 405 388 482
2072 4 2 1 1 279 566 489 605
2073 4 2 1 1 278 462 379 608
2074 4 2 1 1 287 394 395 620
2075 4 2 1 1 68 23 71 296
2076 4 2 1 1 92 85 429 605
2077 4 2 1 1 632 305 535 393
2078 4 2 1 1 281 506 302 560
2079 4 2 1 1 624 526 559 344
2080 4 2 1 1 49 655 13 56
2081 4 2 1 1 428 455 73 611
2082 4 2 1 1 226 523 232 540
2083 4 2 1 1 290 389 369 266
2084 4 2 1 1 418 473 295 278
2085 4 2 1 1 293 556 469 572
2086 4 2 1 1 237 221 219 437
2087 4 2 1 1 301 387 410 600
2088 4 2 1 1 203 202 180 537
2089 4 2 1 1 379 462 282 576
2090 4 2 1 1 624 559 526 277
2091 4 2 1 1 480 107 116 628
2092 4 2 1 1 108 452 325 472
2093 4 2 1 1 296 422 308 460
2094 4 2 1 1 561 566 605 311
2095 4 2 1 1 222 200 253 467
2096 4 2 1 1 92 89 96 402
2097 4 2 1 1 480 116 107 18
2098 4 2 1 1 628 624 483 286
2099 4 2 1 1 21 64 51 494
2100 4 2 1 1 290 396 367 500
2101 4 2 1 1 30 75 503 584
2102 4 2 1 1 204 180 206 426
2103 4 2 1 1 363 598 139 536
2104 4 2 1 1 163 397 164 501
2105 4 2 1 1 108 323 107 580
2106 4 2 1 1 92 429 40 561
2107 4 2 1 1 304 528 400 607
2108 4 2 1 1 455 428 319 611
2109 4 2 1 1 388 525 323 594
2110 4 2 1 1 221 225 209 437
2111 4 2 1 1 15 598 363 55
2112 4 2 1 1 540 141 234 162
2113 4 2 1 1 255 417 473 418
2114 4 2 1 1 467 495 373 589
2115 4 2 1 1 290 389 368 347
2116 4 2 1 1 259 394 552 593
2117 4 2 1 1 414 520 289 413
2118 4 2 1 1 93 10 88 291
2119 4 2 1 1 431 322 531 267
2120 4 2 1 1 638 31 80 503
2121 4 2 1 1 32 33 128 576
2122 4 2 1 1 540 234 141 449
2123 4 2 1 1 635 50 506 560
2124 4 2 1 1 272 583 418 508
2125 4 2 1 1 268 398 570 306
2126 4 2 1 1 255 585 476 331
2127 4 2 1 1 383 597 340 625
2128 4 2 1 1 182 177 176 587
2129 4 2 1 1 304 400 507 607
2130 4 2 1 1 451 649 561 329
2131 4 2 1 1 249 467 143 490
2132 4 2 1 1 127 121 560 596
2133 4 2 1 1 608 380 278 462
2134 4 2 1 1 281 419 434 511
2135 4 2 1 1 305 386 554 575
2136 4 2 1 1 281 505 302 506
2137 4 2 1 1 374 516 476 577
2138 4 2 1 1 110 318 112 330
2139 4 2 1 1 396 627 460 270
2140 4 2 1 1 215 387 599 600
2141 4 2 1 1 454 515 408 623
2142 4 2 1 1 302 425 395 469
2143 4 2 1 1 140 164 165 590
2144 4 2 1 1 70 368 75 79
2145 4 2 1 1 312 426 537 564
2146 4 2 1 1 495 317 467 390
2147 4 2 1 1 308 460 396 521
2148 4 2 1 1 609 335 447 496
2149 4 2 1 1 182 195 191 587
2150 4 2 1 1 287 391 550 551
2151 4 2 1 1 306 375 569 606
2152 4 2 1 1 350 567 411 546
2153 4 2 1 1 305 386 327 566
2154 4 2 1 1 452 105 652 120
2155 4 2 1 1 337 291 420 466
2156 4 2 1 1 286 363 598 427
2157 4 2 1 1 404 545 303 563
2158 4 2 1 1 286 363 427 378
2159 4 2 1 1 43 113 639 652
2160 4 2 1 1 368 266 503 584
2161 4 2 1 1 255 342 473 586
2162 4 2 1 1 624 388 594 277
2163 4 2 1 1 304 349 607 404
2164 4 2 1 1 104 107 459 580
2165 4 2 1 1 281 380 352 506
2166 4 2 1 1 379 382 296 460
2167 4 2 1 1 332 497 416 573
2168 4 2 1 1 87 518 296 608
2169 4 2 1 1 320 425 533 556
2170 4 2 1 1 266 389 325 584
2171 4 2 1 1 359 468 469 533
2172 4 2 1 1 484 510 333 591
2173 4 2 1 1 85 280 617 621
2174 4 2 1 1 302 357 391 395
2175 4 2 1 1 624 594 388 323
2176 4 2 1 1 287 574 407 538
2177 4 2 1 1 655 13 14 49
2178 4 2 1 1 289 515 454 623
2179 4 2 1 1 156 529 344 479
2180 4 2 1 1 224 529 375 212
2181 4 2 1 1 300 458 410 501
2182 4 2 1 1 417 352 505 511
2183 4 2 1 1 247 155 154 536
2184 4 2 1 1 401 523 263 540
2185 4 2 1 1 26 27 67 634
2186 4 2 1 1 362 486 414 413
2187 4 2 1 1 372 549 453 582
2188 4 2 1 1 465 152 251 366
2189 4 2 1 1 343 69 79 84
2190 4 2 1 1 61 52 58 534
2191 4 2 1 1 410 458 363 501
2192 4 2 1 1 283 450 449 554
2193 4 2 1 1 189 442 187 625
2194 4 2 1 1 548 336 562 612
2195 4 2 1 1 465 251 152 148
2196 4 2 1 1 328 279 372 541
2197 4 2 1 1 314 470 531 267
2198 4 2 1 1 524 227 218 519
2199 4 2 1 1 71 78 308 309
2200 4 2 1 1 524 218 227 159
2201 4 2 1 1 462 379 282 547
2202 4 2 1 1 387 409 301 447
2203 4 2 1 1 254 234 161 449
2204 4 2 1 1 235 201 203 537
2205 4 2 1 1 234 232 449 540
2206 4 2 1 1 18 598 480 116
2207 4 2 1 1 188 193 189 553
2208 4 2 1 1 546 256 443 314
2209 4 2 1 1 575 595 263 607
2210 4 2 1 1 447 448 301 557
2211 4 2 1 1 409 502 334 599
2212 4 2 1 1 505 538 272 613
2213 4 2 1 1 298 444 346 622
2214 4 2 1 1 431 531 470 267
2215 4 2 1 1 227 319 519 524
2216 4 2 1 1 125 124 126 444
2217 4 2 1 1 43 105 113 652
2218 4 2 1 1 226 539 523 540
2219 4 2 1 1 266 503 584 330
2220 4 2 1 1 392 463 527 604
2221 4 2 1 1 255 399 418 342
2222 4 2 1 1 502 447 609 285
2223 4 2 1 1 572 552 534 358
2224 4 2 1 1 290 367 368 266
2225 4 2 1 1 428 486 319 524
2226 4 2 1 1 534 552 572 427
2227 4 2 1 1 321 471 424 532
2228 4 2 1 1 136 634 433 248
2229 4 2 1 1 354 246 136 245
2230 4 2 1 1 428 73 455 353
2231 4 2 1 1 407 504 294 574
2232 4 2 1 1 51 59 20 494
2233 4 2 1 1 354 442 136 433
2234 4 2 1 1 322 398 581 306
2235 4 2 1 1 53 448 466 357
2236 4 2 1 1 379 382 278 608
2237 4 2 1 1 59 494 66 560
2238 4 2 1 1 258 528 535 632
2239 4 2 1 1 270 460 512 295
2240 4 2 1 1 249 373 467 490
2241 4 2 1 1 465 617 280 621
2242 4 2 1 1 295 278 473 547
2243 4 2 1 1 346 298 434 577
2244 4 2 1 1 98 88 11 403
2245 4 2 1 1 265 476 516 577
2246 4 2 1 1 600 571 410 216
2247 4 2 1 1 108 107 323 114
2248 4 2 1 1 654 274 643 64
2249 4 2 1 1 341 255 342 399
2250 4 2 1 1 152 145 241 502
2251 4 2 1 1 329 450 402 561
2252 4 2 1 1 84 396 521 72
2253 4 2 1 1 331 475 516 626
2254 4 2 1 1 337 357 291 466
2255 4 2 1 1 239 363 163 501
2256 4 2 1 1 336 420 328 617
2257 4 2 1 1 636 83 651 576
2258 4 2 1 1 153 502 409 599
2259 4 2 1 1 136 442 354 245
2260 4 2 1 1 280 465 336 617
2261 4 2 1 1 51 61 66 274
2262 4 2 1 1 494 124 132 412
2263 4 2 1 1 251 236 148 621
2264 4 2 1 1 419 282 547 462
2265 4 2 1 1 144 319 242 428
2266 4 2 1 1 263 400 575 607
2267 4 2 1 1 87 644 95 608
2268 4 2 1 1 620 552 557 394
2269 4 2 1 1 494 132 124 129
2270 4 2 1 1 192 149 190 492
2271 4 2 1 1 552 557 394 629
2272 4 2 1 1 47 249 137 373
2273 4 2 1 1 363 458 410 601
2274 4 2 1 1 419 473 434 511
2275 4 2 1 1 547 586 419 473
2276 4 2 1 1 75 368 584 347
2277 4 2 1 1 122 282 130 462
2278 4 2 1 1 419 473 352 547
2279 4 2 1 1 256 497 405 525
2280 4 2 1 1 323 482 388 624
2281 4 2 1 1 213 200 222 467
2282 4 2 1 1 154 536 139 598
2283 4 2 1 1 126 282 128 444
2284 4 2 1 1 551 612 447 285
2285 4 2 1 1 608 380 462 102
2286 4 2 1 1 344 526 481 624
2287 4 2 1 1 609 465 403 336
2288 4 2 1 1 473 278 352 547
2289 4 2 1 1 342 547 622 627
2290 4 2 1 1 154 155 163 536
2291 4 2 1 1 279 402 566 605
2292 4 2 1 1 404 303 441 338
2293 4 2 1 1 148 151 152 403
2294 4 2 1 1 163 139 154 536
2295 4 2 1 1 47 633 103 373
2296 4 2 1 1 135 215 217 600
2297 4 2 1 1 292 541 430 602
2298 4 2 1 1 293 394 395 538
2299 4 2 1 1 400 554 305 283
2300 4 2 1 1 240 211 477 592
2301 4 2 1 1 632 305 393 283
2302 4 2 1 1 252 600 409 601
2303 4 2 1 1 297 434 417 511
2304 4 2 1 1 40 429 85 621
2305 4 2 1 1 301 557 552 629
2306 4 2 1 1 379 295 460 627
2307 4 2 1 1 58 358 61 534
2308 4 2 1 1 125 640 123 134
2309 4 2 1 1 411 564 267 606
2310 4 2 1 1 386 311 429 605
2311 4 2 1 1 235 143 201 490
2312 4 2 1 1 109 594 103 483
2313 4 2 1 1 502 447 285 409
2314 4 2 1 1 287 394 574 538
2315 4 2 1 1 171 170 172 488
2316 4 2 1 1 341 255 399 331
2317 4 2 1 1 234 162 232 540
2318 4 2 1 1 447 612 551 335
2319 4 2 1 1 217 252 135 600
2320 4 2 1 1 336 464 438 562
2321 4 2 1 1 254 161 160 451
2322 4 2 1 1 60 358 558 620
2323 4 2 1 1 264 424 531 461
2324 4 2 1 1 419 444 282 596
2325 4 2 1 1 67 78 309 455
2326 4 2 1 1 50 54 357 506
2327 4 2 1 1 275 459 320 480
2328 4 2 1 1 286 481 482 624
2329 4 2 1 1 328 489 280 617
2330 4 2 1 1 414 486 362 276
2331 4 2 1 1 318 589 495 330
2332 4 2 1 1 585 586 346 500
2333 4 2 1 1 463 565 474 604
2334 4 2 1 1 65 59 50 560
2335 4 2 1 1 90 582 279 372
2336 4 2 1 1 128 640 123 444
2337 4 2 1 1 187 189 250 442
2338 4 2 1 1 58 49 60 558
2339 4 2 1 1 89 23 87 296
2340 4 2 1 1 257 438 514 562
2341 4 2 1 1 264 415 532 461
2342 4 2 1 1 360 452 412 580
2343 4 2 1 1 523 539 263 540
2344 4 2 1 1 485 297 417 613
2345 4 2 1 1 336 438 548 562
2346 4 2 1 1 401 263 311 540
2347 4 2 1 1 274 412 298 494
2348 4 2 1 1 216 410 140 571
2349 4 2 1 1 629 618 557 361
2350 4 2 1 1 472 497 325 525
2351 4 2 1 1 282 640 576 128
2352 4 2 1 1 138 223 40 429
2353 4 2 1 1 254 141 449 561
2354 4 2 1 1 359 530 377 556
2355 4 2 1 1 109 594 483 628
2356 4 2 1 1 319 428 455 603
2357 4 2 1 1 243 229 137 559
2358 4 2 1 1 107 323 114 628
2359 4 2 1 1 49 363 55 14
2360 4 2 1 1 521 576 379 627
2361 4 2 1 1 84 396 72 79
2362 4 2 1 1 258 565 463 604
2363 4 2 1 1 270 500 396 627
2364 4 2 1 1 453 549 291 582
2365 4 2 1 1 264 532 424 461
2366 4 2 1 1 192 191 194 539
2367 4 2 1 1 346 585 476 586
2368 4 2 1 1 126 444 494 596
2369 4 2 1 1 546 256 314 350
2370 4 2 1 1 636 83 576 68
2371 4 2 1 1 301 552 557 558
2372 4 2 1 1 398 322 570 306
2373 4 2 1 1 395 505 391 302
2374 4 2 1 1 546 256 350 299
2375 4 2 1 1 80 70 353 503
2376 4 2 1 1 89 296 87 518
2377 4 2 1 1 654 274 64 494
2378 4 2 1 1 180 172 170 488
2379 4 2 1 1 107 17 459 480
2380 4 2 1 1 202 203 201 537
2381 4 2 1 1 320 459 425 534
2382 4 2 1 1 473 583 352 278
2383 4 2 1 1 146 354 451 592
2384 4 2 1 1 296 382 379 608
2385 4 2 1 1 55 363 534 598
2386 4 2 1 1 173 196 175 614
2387 4 2 1 1 242 213 428 524
2388 4 2 1 1 314 581 411 267
2389 4 2 1 1 287 395 391 551
2390 4 2 1 1 32 33 576 77
2391 4 2 1 1 282 640 128 444
2392 4 2 1 1 367 369 406 356
2393 4 2 1 1 97 372 380 582
2394 4 2 1 1 327 517 305 566
2395 4 2 1 1 194 223 429 540
2396 4 2 1 1 277 559 483 624
2397 4 2 1 1 368 347 389 584
2398 4 2 1 1 393 450 329 451
2399 4 2 1 1 272 538 415 613
2400 4 2 1 1 336 280 464 465
2401 4 2 1 1 60 54 358 620
2402 4 2 1 1 387 409 599 600
2403 4 2 1 1 225 230 498 599
2404 4 2 1 1 174 175 176 487
2405 4 2 1 1 648 118 347 111
2406 4 2 1 1 184 190 219 492
2407 4 2 1 1 337 420 291 549
2408 4 2 1 1 74 309 71 329
2409 4 2 1 1 282 640 444 343
2410 4 2 1 1 214 215 166 571
2411 4 2 1 1 484 535 326 555
2412 4 2 1 1 422 382 518 517
2413 4 2 1 1 351 327 517 555
2414 4 2 1 1 261 446 522 423
2415 4 2 1 1 311 449 401 540
2416 4 2 1 1 109 642 628 483
2417 4 2 1 1 352 453 278 583
2418 4 2 1 1 75 648 82 347
2419 4 2 1 1 325 416 497 573
2420 4 2 1 1 362 486 319 276
2421 4 2 1 1 351 508 493 509
2422 4 2 1 1 259 552 394 629
2423 4 2 1 1 450 561 311 566
2424 4 2 1 1 642 344 247 536
2425 4 2 1 1 262 406 369 356
2426 4 2 1 1 317 423 390 330
2427 4 2 1 1 265 360 452 346
2428 4 2 1 1 413 567 435 623
2429 4 2 1 1 450 451 449 561
2430 4 2 1 1 354 233 442 592
2431 4 2 1 1 641 354 74 451
2432 4 2 1 1 521 296 71 308
2433 4 2 1 1 261 486 414 603
2434 4 2 1 1 295 473 342 547
2435 4 2 1 1 250 244 245 442
2436 4 2 1 1 289 623 454 413
2437 4 2 1 1 59 51 66 494
2438 4 2 1 1 207 171 174 445
2439 4 2 1 1 74 26 67 354
2440 4 2 1 1 614 188 197 196
2441 4 2 1 1 149 219 190 492
2442 4 2 1 1 481 526 388 624
2443 4 2 1 1 185 477 186 597
2444 4 2 1 1 391 505 453 506
2445 4 2 1 1 279 382 517 518
2446 4 2 1 1 243 156 229 559
2447 4 2 1 1 558 655 49 56
2448 4 2 1 1 521 71 296 68
2449 4 2 1 1 185 597 181 625
2450 4 2 1 1 415 264 530 461
2451 4 2 1 1 278 380 352 462
2452 4 2 1 1 281 505 352 511
2453 4 2 1 1 20 494 59 560
2454 4 2 1 1 244 442 189 519
2455 4 2 1 1 122 128 282 576
2456 4 2 1 1 52 55 58 534
2457 4 2 1 1 547 586 473 342
2458 4 2 1 1 195 176 179 587
2459 4 2 1 1 226 186 232 523
2460 4 2 1 1 96 617 279 94
2461 4 2 1 1 230 214 210 498
2462 4 2 1 1 596 298 444 494
2463 4 2 1 1 266 423 368 503
2464 4 2 1 1 181 179 175 597
2465 4 2 1 1 500 622 586 346
2466 4 2 1 1 11 53 63 466
2467 4 2 1 1 50 66 54 506
2468 4 2 1 1 196 173 178 614
2469 4 2 1 1 66 506 50 560
2470 4 2 1 1 298 346 434 586
2471 4 2 1 1 85 40 92 429
2472 4 2 1 1 26 74 641 354
2473 4 2 1 1 394 293 572 593
2474 4 2 1 1 161 451 449 592
2475 4 2 1 1 425 556 320 572
2476 4 2 1 1 360 533 275 580
2477 4 2 1 1 435 567 312 623
2478 4 2 1 1 166 571 140 590
2479 4 2 1 1 298 468 434 577
2480 4 2 1 1 213 159 199 524
2481 4 2 1 1 376 441 545 619
2482 4 2 1 1 540 449 141 311
2483 4 2 1 1 110 106 317 330
2484 4 2 1 1 320 427 480 534
2485 4 2 1 1 140 410 239 501
2486 4 2 1 1 330 112 584 325
2487 4 2 1 1 227 519 319 611
2488 4 2 1 1 517 518 422 566
2489 4 2 1 1 184 177 182 491
2490 4 2 1 1 449 450 283 451
2491 4 2 1 1 72 396 521 308
2492 4 2 1 1 163 397 501 536
2493 4 2 1 1 639 113 119 412
2494 4 2 1 1 102 97 372 380
2495 4 2 1 1 394 557 361 629
2496 4 2 1 1 106 30 503 584
2497 4 2 1 1 293 395 394 572
2498 4 2 1 1 61 459 52 534
2499 4 2 1 1 109 642 483 45
2500 4 2 1 1 148 236 138 621
2501 4 2 1 1 422 382 460 296
2502 4 2 1 1 336 609 562 612
2503 4 2 1 1 259 458 552 629
2504 4 2 1 1 632 305 283 400
2505 4 2 1 1 117 106 31 503
2506 4 2 1 1 30 29 75 648
2507 4 2 1 1 608 380 102 372
2508 4 2 1 1 463 474 339 527
2509 4 2 1 1 388 482 481 624
2510 4 2 1 1 420 465 617 336
2511 4 2 1 1 363 558 552 601
2512 4 2 1 1 319 486 362 524
2513 4 2 1 1 649 81 329 451
2514 4 2 1 1 76 78 455 474
2515 4 2 1 1 422 382 296 518
2516 4 2 1 1 163 363 139 536
2517 4 2 1 1 103 318 110 589
2518 4 2 1 1 277 388 526 624
2519 4 2 1 1 249 467 373 589
2520 4 2 1 1 548 550 337 612
2521 4 2 1 1 325 323 472 525
2522 4 2 1 1 541 602 328 438
2523 4 2 1 1 142 249 47 589
2524 4 2 1 1 584 452 115 347
2525 4 2 1 1 330 495 390 317
2526 4 2 1 1 373 495 318 589
2527 4 2 1 1 601 301 552 458
2528 4 2 1 1 363 58 49 55
2529 4 2 1 1 287 557 394 620
2530 4 2 1 1 614 197 188 553
2531 4 2 1 1 475 476 346 585
2532 4 2 1 1 639 132 124 412
2533 4 2 1 1 96 279 402 518
2534 4 2 1 1 317 495 589 330
2535 4 2 1 1 422 436 308 460
2536 4 2 1 1 185 240 211 477
2537 4 2 1 1 601 552 301 558
2538 4 2 1 1 221 209 219 437
2539 4 2 1 1 255 586 585 342
2540 4 2 1 1 248 433 136 519
2541 4 2 1 1 86 635 101 93
2542 4 2 1 1 138 194 429 539
2543 4 2 1 1 306 411 606 631
2544 4 2 1 1 76 368 70 79
2545 4 2 1 1 287 395 394 538
2546 4 2 1 1 223 141 311 540
2547 4 2 1 1 285 448 447 551
2548 4 2 1 1 14 55 15 363
2549 4 2 1 1 80 657 638 317
2550 4 2 1 1 300 306 542 588
2551 4 2 1 1 198 199 197 454
2552 4 2 1 1 620 552 394 358
2553 4 2 1 1 84 521 343 576
2554 4 2 1 1 99 402 329 89
2555 4 2 1 1 185 181 187 625
2556 4 2 1 1 191 523 226 539
2557 4 2 1 1 99 649 329 561
2558 4 2 1 1 405 472 323 525
2559 4 2 1 1 138 192 194 539
2560 4 2 1 1 11 10 53 466
2561 4 2 1 1 609 465 336 464
2562 4 2 1 1 469 572 395 293
2563 4 2 1 1 242 144 227 319
2564 4 2 1 1 245 246 146 354
2565 4 2 1 1 51 20 21 494
2566 4 2 1 1 271 396 368 79
2567 4 2 1 1 480 482 275 628
2568 4 2 1 1 128 130 122 282
2569 4 2 1 1 636 83 68 22
2570 4 2 1 1 52 459 17 480
2571 4 2 1 1 92 561 402 605
2572 4 2 1 1 52 459 480 534
2573 4 2 1 1 192 236 149 384
2574 4 2 1 1 70 30 75 503
2575 4 2 1 1 88 291 420 582
2576 4 2 1 1 179 185 186 597
2577 4 2 1 1 430 602 541 438
2578 4 2 1 1 75 343 69 79
2579 4 2 1 1 266 325 416 330
2580 4 2 1 1 305 554 450 283
2581 4 2 1 1 566 489 605 386
2582 4 2 1 1 157 142 48 317
2583 4 2 1 1 120 412 452 580
2584 4 2 1 1 253 143 222 467
2585 4 2 1 1 353 368 423 503
2586 4 2 1 1 421 495 456 525
2587 4 2 1 1 449 450 311 554
2588 4 2 1 1 90 582 372 97
2589 4 2 1 1 104 107 17 459
2590 4 2 1 1 631 569 445 488
2591 4 2 1 1 341 475 369 500
2592 4 2 1 1 303 545 478 563
2593 4 2 1 1 108 112 114 325
2594 4 2 1 1 420 465 91 617
2595 4 2 1 1 244 189 218 519
2596 4 2 1 1 61 302 66 274
2597 4 2 1 1 127 121 133 560
2598 4 2 1 1 441 303 545 619
2599 4 2 1 1 31 70 80 503
2600 4 2 1 1 391 453 291 506
2601 4 2 1 1 395 505 302 469
2602 4 2 1 1 275 320 533 630
2603 4 2 1 1 56 448 60 558
2604 4 2 1 1 135 216 215 600
2605 4 2 1 1 319 519 362 276
2606 4 2 1 1 96 402 279 605
2607 4 2 1 1 353 423 455 428
2608 4 2 1 1 319 433 519 276
2609 4 2 1 1 224 238 204 479
2610 4 2 1 1 103 112 318 594
2611 4 2 1 1 468 533 359 630
2612 4 2 1 1 566 489 386 327
2613 4 2 1 1 265 452 389 346
2614 4 2 1 1 193 188 197 553
2615 4 2 1 1 211 233 161 592
2616 4 2 1 1 600 571 216 215
2617 4 2 1 1 223 141 40 561
2618 4 2 1 1 547 586 342 622
2619 4 2 1 1 254 449 161 451
2620 4 2 1 1 230 210 225 498
2621 4 2 1 1 146 161 233 592
2622 4 2 1 1 384 465 280 621
2623 4 2 1 1 328 602 548 438
2624 4 2 1 1 99 92 41 561
2625 4 2 1 1 150 344 483 559
2626 4 2 1 1 291 453 380 506
2627 4 2 1 1 183 169 207 578
2628 4 2 1 1 427 458 363 552
2629 4 2 1 1 27 73 67 611
2630 4 2 1 1 318 112 325 594
2631 4 2 1 1 362 519 319 524
2632 4 2 1 1 636 83 22 651
2633 4 2 1 1 325 115 584 452
2634 4 2 1 1 140 163 164 501
2635 4 2 1 1 109 103 46 483
2636 4 2 1 1 76 368 79 271
2637 4 2 1 1 137 315 373 231
2638 4 2 1 1 274 469 468 533
2639 4 2 1 1 107 480 275 628
2640 4 2 1 1 342 586 500 622
2641 4 2 1 1 473 583 278 418
2642 4 2 1 1 330 456 495 525
2643 4 2 1 1 183 207 208 578
2644 4 2 1 1 99 402 89 92
2645 4 2 1 1 46 45 109 483
2646 4 2 1 1 330 584 112 106
2647 4 2 1 1 53 448 357 60
2648 4 2 1 1 425 459 61 534
2649 4 2 1 1 194 539 226 540
2650 4 2 1 1 190 191 192 539
2651 4 2 1 1 639 113 42 119
2652 4 2 1 1 281 352 380 462
2653 4 2 1 1 102 87 95 608
2654 4 2 1 1 90 372 279 518
2655 4 2 1 1 371 396 271 474
2656 4 2 1 1 613 511 505 469
2657 4 2 1 1 423 428 261 603
2658 4 2 1 1 285 466 448 551
2659 4 2 1 1 530 469 293 556
2660 4 2 1 1 121 494 560 596
2661 4 2 1 1 281 352 419 511
2662 4 2 1 1 372 328 549 582
2663 4 2 1 1 57 643 17 459
2664 4 2 1 1 244 250 189 442
2665 4 2 1 1 165 166 140 590
2666 4 2 1 1 650 91 465 621
2667 4 2 1 1 296 518 382 608
2668 4 2 1 1 223 162 141 540
2669 4 2 1 1 169 167 168 569
2670 4 2 1 1 148 403 152 465
2671 4 2 1 1 646 635 380 560
2672 4 2 1 1 505 511 613 417
2673 4 2 1 1 286 483 344 624
2674 4 2 1 1 126 130 282 596
2675 4 2 1 1 126 282 444 596
2676 4 2 1 1 386 305 554 566
2677 4 2 1 1 55 363 58 534
2678 4 2 1 1 223 311 141 561
2679 4 2 1 1 227 319 144 611
2680 4 2 1 1 328 279 489 617
2681 4 2 1 1 354 233 592 146
2682 4 2 1 1 329 451 450 561
2683 4 2 1 1 419 596 282 462
2684 4 2 1 1 97 291 93 88
2685 4 2 1 1 92 402 96 605
2686 4 2 1 1 343 576 521 627
2687 4 2 1 1 58 54 61 358
2688 4 2 1 1 170 169 168 569
2689 4 2 1 1 478 545 303 619
2690 4 2 1 1 646 133 127 35
2691 4 2 1 1 220 164 155 397
2692 4 2 1 1 360 472 452 580
2693 4 2 1 1 126 128 123 444
2694 4 2 1 1 108 120 115 452
2695 4 2 1 1 18 52 17 480
2696 4 2 1 1 280 429 384 621
2697 4 2 1 1 394 395 358 572
2698 4 2 1 1 66 50 59 560
2699 4 2 1 1 279 518 517 566
2700 4 2 1 1 639 654 412 119
2701 4 2 1 1 320 572 556 593
2702 4 2 1 1 166 215 216 571
2703 4 2 1 1 298 434 419 586
2704 4 2 1 1 325 497 416 525
2705 4 2 1 1 71 74 78 309
2706 4 2 1 1 103 110 47 589
2707 4 2 1 1 136 634 248 246
2708 4 2 1 1 395 572 469 425
2709 4 2 1 1 357 391 291 506
2710 4 2 1 1 243 479 156 559
2711 4 2 1 1 127 462 130 596
2712 4 2 1 1 584 452 347 389
2713 4 2 1 1 320 480 459 534
2714 4 2 1 1 95 37 644 100
2715 4 2 1 1 110 117 48 317
2716 4 2 1 1 402 561 450 566
2717 4 2 1 1 645 655 13 252
2718 4 2 1 1 650 91 403 465
2719 4 2 1 1 475 341 585 500
2720 4 2 1 1 87 90 518 608
2721 4 2 1 1 60 357 54 620
2722 4 2 1 1 635 65 50 560
2723 4 2 1 1 146 451 161 592
2724 4 2 1 1 318 525 421 594
2725 4 2 1 1 317 158 157 142
2726 4 2 1 1 189 187 188 625
2727 4 2 1 1 39 148 138 621
2728 4 2 1 1 505 538 613 469
2729 4 2 1 1 261 428 486 603
2730 4 2 1 1 318 525 325 330
2731 4 2 1 1 56 645 12 63
2732 4 2 1 1 486 276 414 603
2733 4 2 1 1 248 519 227 611
2734 4 2 1 1 91 617 465 621
2735 4 2 1 1 474 527 463 604
2736 4 2 1 1 107 18 17 480
2737 4 2 1 1 121 129 20 494
2738 4 2 1 1 302 391 357 506
2739 4 2 1 1 359 469 530 556
2740 4 2 1 1 556 572 293 593
2741 4 2 1 1 335 551 550 612
2742 4 2 1 1 240 233 442 147
2743 4 2 1 1 613 272 505 417
2744 4 2 1 1 352 505 453 583
2745 4 2 1 1 24 71 23 329
2746 4 2 1 1 143 235 231 490
2747 4 2 1 1 212 165 164 590
2748 4 2 1 1 248 433 519 611
2749 4 2 1 1 317 158 142 467
2750 4 2 1 1 286 482 480 628
2751 4 2 1 1 195 186 226 523
2752 4 2 1 1 558 655 56 409
2753 4 2 1 1 195 226 191 523
2754 4 2 1 1 101 86 35 646
2755 4 2 1 1 48 47 110 589
2756 4 2 1 1 396 500 343 627
2757 4 2 1 1 519 362 189 218
2758 4 2 1 1 213 222 158 467
2759 4 2 1 1 519 189 362 442
2760 4 2 1 1 372 518 90 608
2761 4 2 1 1 420 549 328 582
2762 4 2 1 1 311 450 449 561
2763 4 2 1 1 410 301 600 601
2764 4 2 1 1 524 218 193 362
2765 4 2 1 1 302 505 391 506
2766 4 2 1 1 162 223 194 540
2767 4 2 1 1 192 138 236 384
2768 4 2 1 1 109 642 45 116
2769 4 2 1 1 216 239 140 410
2770 4 2 1 1 166 216 140 571
2771 4 2 1 1 4 21 654 64
2772 4 2 1 1 94 420 617 582
2773 4 2 1 1 354 233 146 245
2774 4 2 1 1 379 576 282 627
2775 4 2 1 1 73 647 28 80
2776 4 2 1 1 638 48 317 157
2777 4 2 1 1 153 241 502 599
2778 4 2 1 1 311 386 554 566
2779 4 2 1 1 60 558 448 620
2780 4 2 1 1 239 139 163 363
2781 4 2 1 1 54 60 53 357
2782 4 2 1 1 78 72 308 474
2783 4 2 1 1 645 151 145 12
2784 4 2 1 1 229 156 228 559
2785 4 2 1 1 311 449 141 561
2786 4 2 1 1 118 111 105 347
2787 4 2 1 1 419 547 352 462
2788 4 2 1 1 71 72 68 521
2789 4 2 1 1 425 469 274 533
2790 4 2 1 1 469 556 425 572
2791 4 2 1 1 152 241 221 366
2792 4 2 1 1 72 396 308 474
2793 4 2 1 1 275 472 360 580
2794 4 2 1 1 358 395 394 620
2795 4 2 1 1 254 449 451 561
2796 4 2 1 1 524 193 218 159
2797 4 2 1 1 648 118 111 29
2798 4 2 1 1 128 126 130 282
2799 4 2 1 1 217 153 409 599
2800 4 2 1 1 8 82 656 34
2801 4 2 1 1 130 462 282 596
2802 4 2 1 1 620 552 358 558
2803 4 2 1 1 251 152 237 366
2804 4 2 1 1 29 75 648 82
2805 4 2 1 1 319 519 433 611
2806 4 2 1 1 150 344 559 228
2807 4 2 1 1 105 44 118 658
2808 4 2 1 1 270 342 500 627
2809 4 2 1 1 380 506 281 560
2810 4 2 1 1 328 549 548 602
2811 4 2 1 1 551 557 287 620
2812 4 2 1 1 75 648 347 584
2813 4 2 1 1 74 329 81 451
2814 4 2 1 1 468 577 360 630
2815 4 2 1 1 658 134 125 44
2816 4 2 1 1 91 88 403 420
2817 4 2 1 1 161 232 211 592
2818 4 2 1 1 434 473 419 586
2819 4 2 1 1 74 67 78 309
2820 4 2 1 1 231 249 143 490
2821 4 2 1 1 450 554 305 566
2822 4 2 1 1 68 22 23 636
2823 4 2 1 1 412 120 104 580
2824 4 2 1 1 90 582 97 94
2825 4 2 1 1 357 391 395 551
2826 4 2 1 1 110 112 106 330
2827 4 2 1 1 106 584 503 330
2828 4 2 1 1 242 213 158 428
2829 4 2 1 1 30 70 31 503
2830 4 2 1 1 138 384 429 621
2831 4 2 1 1 84 576 68 521
2832 4 2 1 1 18 598 62 52
2833 4 2 1 1 423 503 266 330
2834 4 2 1 1 251 148 465 621
2835 4 2 1 1 386 566 311 605
2836 4 2 1 1 282 622 547 627
2837 4 2 1 1 343 282 576 627
2838 4 2 1 1 65 653 19 560
2839 4 2 1 1 419 281 596 462
2840 4 2 1 1 41 5 99 649
2841 4 2 1 1 448 301 557 558
2842 4 2 1 1 96 617 94 85
2843 4 2 1 1 108 452 472 580
2844 4 2 1 1 152 221 237 366
2845 4 2 1 1 137 315 231 243
2846 4 2 1 1 20 59 19 560
2847 4 2 1 1 121 19 133 560
2848 4 2 1 1 161 449 232 592
2849 4 2 1 1 656 118 8 44
2850 4 2 1 1 49 363 14 601
2851 4 2 1 1 182 176 195 587
2852 4 2 1 1 86 635 93 380
2853 4 2 1 1 634 67 433 611
2854 4 2 1 1 155 164 163 397
2855 4 2 1 1 75 82 69 347
2856 4 2 1 1 647 157 144 28
2857 4 2 1 1 154 139 15 598
2858 4 2 1 1 39 40 85 621
2859 4 2 1 1 282 547 379 627
2860 4 2 1 1 50 54 53 357
2861 4 2 1 1 278 352 547 462
2862 4 2 1 1 419 547 282 622
2863 4 2 1 1 36 646 86 462
2864 4 2 1 1 248 634 433 611
2865 4 2 1 1 231 373 249 490
2866 4 2 1 1 90 102 372 608
2867 4 2 1 1 360 472 275 630
2868 4 2 1 1 358 552 394 572
2869 4 2 1 1 75 30 648 584
2870 4 2 1 1 84 396 79 343
2871 4 2 1 1 94 279 582 617
2872 4 2 1 1 341 255 331 585
2873 4 2 1 1 110 106 117 317
2874 4 2 1 1 185 211 186 477
2875 4 2 1 1 69 640 82 34
2876 4 2 1 1 85 617 91 621
2877 4 2 1 1 162 226 232 540
2878 4 2 1 1 550 551 337 612
2879 4 2 1 1 643 64 57 16
2880 4 2 1 1 635 101 93 9
2881 4 2 1 1 84 68 576 77
2882 4 2 1 1 122 130 127 462
2883 4 2 1 1 126 123 125 444
2884 4 2 1 1 286 480 427 598
2885 4 2 1 1 357 395 620 551
2886 4 2 1 1 643 64 16 654
2887 4 2 1 1 635 65 9 50
2888 4 2 1 1 74 25 641 451
2889 4 2 1 1 181 188 187 625
2890 4 2 1 1 89 87 90 518
2891 4 2 1 1 126 121 130 596
2892 4 2 1 1 138 236 384 621
2893 4 2 1 1 640 656 347 82
2894 4 2 1 1 65 19 59 560
2895 4 2 1 1 156 238 224 479
2896 4 2 1 1 249 142 222 467
2897 4 2 1 1 127 130 121 596
2898 4 2 1 1 53 448 60 56
2899 4 2 1 1 396 76 474 72
2900 4 2 1 1 58 60 358 558
2901 4 2 1 1 109 594 628 114
2902 4 2 1 1 318 495 421 525
2903 4 2 1 1 248 136 227 519
2904 4 2 1 1 420 465 336 403
2905 4 2 1 1 36 95 644 462
2906 4 2 1 1 239 135 14 601
2907 4 2 1 1 217 409 252 600
2908 4 2 1 1 150 344 228 247
2909 4 2 1 1 109 642 116 628
2910 4 2 1 1 287 620 395 551
2911 4 2 1 1 412 104 120 113
2912 4 2 1 1 409 217 599 600
2913 4 2 1 1 92 96 85 605
2914 4 2 1 1 14 135 252 601
2915 4 2 1 1 249 222 143 467
2916 4 2 1 1 275 533 360 630
2917 4 2 1 1 14 655 49 601
2918 4 2 1 1 94 420 582 88
2919 4 2 1 1 281 419 352 462
2920 4 2 1 1 420 465 403 91
2921 4 2 1 1 620 552 558 557
2922 4 2 1 1 469 505 302 511
2923 4 2 1 1 136 634 246 354
2924 4 2 1 1 53 448 56 466
2925 4 2 1 1 77 83 68 576
2926 4 2 1 1 103 112 110 318
2927 4 2 1 1 75 343 79 368
2928 4 2 1 1 58 60 54 358
2929 4 2 1 1 509 278 295 382
2930 4 2 1 1 343 521 396 627
2931 4 2 1 1 129 121 126 494
2932 4 2 1 1 396 76 72 79
2933 4 2 1 1 249 142 467 589
2934 4 2 1 1 311 554 450 566
2935 4 2 1 1 282 343 622 627
2936 4 2 1 1 86 380 102 462
2937 4 2 1 1 110 330 589 318
2938 4 2 1 1 24 89 99 329
2939 4 2 1 1 291 549 420 582
2940 4 2 1 1 36 86 95 462
2941 4 2 1 1 81 74 71 329
2942 4 2 1 1 36 122 127 462
2943 4 2 1 1 589 330 110 317
2944 4 2 1 1 151 152 403 502
2945 4 2 1 1 126 494 121 596
2946 4 2 1 1 480 598 286 628
2947 4 2 1 1 115 347 111 584
2948 4 2 1 1 254 649 160 41
2949 4 2 1 1 90 279 96 518
2950 4 2 1 1 109 116 107 628
2951 4 2 1 1 72 71 78 308
2952 4 2 1 1 152 241 366 502
2953 4 2 1 1 230 217 215 599
2954 4 2 1 1 56 60 49 558
2955 4 2 1 1 24 649 81 329
2956 4 2 1 1 341 255 585 342
2957 4 2 1 1 410 600 135 601
2958 4 2 1 1 122 131 128 576
2959 4 2 1 1 99 402 92 561
2960 4 2 1 1 18 598 52 480
2961 4 2 1 1 42 113 639 43
2962 4 2 1 1 142 158 222 467
2963 4 2 1 1 215 599 217 600
2964 4 2 1 1 71 24 81 329
2965 4 2 1 1 211 232 186 477
2966 4 2 1 1 328 372 279 582
2967 4 2 1 1 141 41 40 561
2968 4 2 1 1 86 35 646 36
2969 4 2 1 1 96 402 89 518
2970 4 2 1 1 325 115 452 108
2971 4 2 1 1 325 115 108 112
2972 4 2 1 1 551 557 620 448
2973 4 2 1 1 233 147 245 442
2974 4 2 1 1 140 239 163 501
2975 4 2 1 1 155 397 163 536
2976 4 2 1 1 480 534 427 598
2977 4 2 1 1 227 159 242 524
2978 4 2 1 1 650 39 91 621
2979 4 2 1 1 489 517 541 327
2980 4 2 1 1 25 74 81 451
2981 4 2 1 1 27 647 73 611
2982 4 2 1 1 44 105 43 658
2983 4 2 1 1 185 179 181 597
2984 4 2 1 1 109 107 114 628
2985 4 2 1 1 486 428 319 603
2986 4 2 1 1 345 303 487 445
2987 4 2 1 1 345 303 445 563
2988 4 2 1 1 617 605 489 280
2989 4 2 1 1 342 622 500 627
2990 4 2 1 1 638 48 157 7
2991 4 2 1 1 52 534 480 598
2992 4 2 1 1 486 319 276 603
2993 4 2 1 1 162 194 226 540
2994 4 2 1 1 38 650 91 403
2995 4 2 1 1 433 455 319 611
2996 4 2 1 1 617 489 605 279
2997 4 2 1 1 73 353 76 455
2998 4 2 1 1 135 239 410 601
2999 4 2 1 1 90 582 94 279
3000 4 2 1 1 96 89 90 518
3001 4 2 1 1 36 37 644 95
3002 4 2 1 1 32 128 131 576
3003 4 2 1 1 77 32 83 576
3004 4 2 1 1 109 594 114 103
3005 4 2 1 1 129 126 124 494
3006 4 2 1 1 360 533 468 630
3007 4 2 1 1 105 111 115 347
3008 4 2 1 1 32 651 83 576
3009 4 2 1 1 94 420 88 91
3010 4 2 1 1 396 76 79 271
3011 4 2 1 1 241 153 225 599
3012 4 2 1 1 34 69 640 33
3013 4 2 1 1 590 300 410 501
3014 4 2 1 1 309 527 474 604
3015 4 2 1 1 57 52 61 459
3016 4 2 1 1 93 97 86 380
3017 4 2 1 1 80 70 73 353
3018 4 2 1 1 643 17 16 57
3019 4 2 1 1 635 9 10 50
3020 4 2 1 1 102 95 462 608
3021 4 2 1 1 90 102 97 372
3022 4 2 1 1 250 245 147 442
3023 4 2 1 1 55 534 52 598
3024 4 2 1 1 328 582 279 617
3025 4 2 1 1 80 657 7 638
3026 4 2 1 1 96 617 85 605
3027 4 2 1 1 160 146 25 451
3028 4 2 1 1 15 55 62 598
3029 4 2 1 1 590 410 300 571
3030 4 2 1 1 108 107 104 580
3031 4 2 1 1 135 410 216 600
3032 4 2 1 1 645 655 409 56
3033 4 2 1 1 17 52 57 459
3034 4 2 1 1 628 624 286 482
3035 4 2 1 1 328 420 582 617
3036 4 2 1 1 39 85 91 621
3037 4 2 1 1 106 111 30 584
3038 4 2 1 1 626 256 332 497
3039 4 2 1 1 346 475 585 500
3040 4 2 1 1 25 81 649 451
3041 4 2 1 1 153 145 409 502
3042 4 2 1 1 91 88 98 403
3043 4 2 1 1 248 227 144 611
3044 4 2 1 1 88 94 97 582
3045 4 2 1 1 244 227 136 519
3046 4 2 1 1 103 114 112 594
3047 4 2 1 1 56 63 53 466
$EndElements
