$MeshFormat
2.2 0 8
$EndMeshFormat
$PhysicalNames
1
3 1 "tissue"
$EndPhysicalNames
$Nodes
611
1 0 0 0.08
2 0 0 0
3 0 0.08 0.08
4 0 0.08 0
5 0.08 0 0.08
6 0.08 0 0
7 0.08 0.08 0.08
8 0.08 0.08 0
9 0 0 0.01999999999999999
10 0 0 0.03999999999999999
11 0 0 0.06
12 0 0.01614928019819225 0.08
13 0 0.03225943166926356 0.08
14 0 0.04774056833073643 0.08
15 0 0.06385071980180775 0.08
16 0 0.08 0.01999999999999999
17 0 0.08 0.03999999999999999
18 0 0.08 0.06
19 0 0.01999999999999999 0
20 0 0.03999999999999999 0
21 0 0.06 0
22 0.08 0 0.01999999999999999
23 0.08 0 0.03999999999999999
24 0.08 0 0.06
25 0.08 0.01614928019819225 0.08
26 0.08 0.03225943166926356 0.08
27 0.08 0.04774056833073643 0.08
28 0.08 0.06385071980180775 0.08
29 0.08 0.08 0.01999999999999999
30 0.08 0.08 0.03999999999999999
31 0.08 0.08 0.06
32 0.08 0.01999999999999999 0
33 0.08 0.03999999999999999 0
34 0.08 0.06 0
35 0.01999999999999999 0 0
36 0.03999999999999999 0 0
37 0.06 0 0
38 0.01614928019819225 0 0.08
39 0.03225943166926356 0 0.08
40 0.04774056833073643 0 0.08
41 0.06385071980180775 0 0.08
42 0.01999999999999999 0.08 0
43 0.03999999999999999 0.08 0
44 0.06 0.08 0
45 0.01614928019819225 0.08 0.08
46 0.03225943166926356 0.08 0.08
47 0.04774056833073643 0.08 0.08
48 0.06385071980180775 0.08 0.08
49 0 0.04048626475907793 0.06901785349061307
50 0 0.01693544090111664 0.03008474738561752
51 0 0.04923264171626233 0.02035606681691546
52 0 0.06340000823755268 0.05139644182539767
53 0 0.0180409681258154 0.05125180762882856
54 0 0.03467052189297497 0.0351383093106931
55 0 0.03009598728194579 0.01672829123672425
56 0 0.06473227141802834 0.03108499157362646
57 0 0.05579564406627209 0.06641136143688291
58 0 0.02524311214499214 0.0667572829570737
59 0 0.05075296521023904 0.03863931477172405
60 0 0.06638326869021936 0.01438901295618529
61 0 0.01464101615137755 0.01464101615137755
62 0 0.04119849777670346 0.05408748163160185
63 0 0.01188667209379996 0.06760181811718047
64 0 0.06860927442112651 0.06756156065245612
65 0.08 0.04048626475907792 0.06901785349061307
66 0.08 0.01693544090111664 0.03008474738561752
67 0.08 0.04923264171626233 0.02035606681691546
68 0.08 0.06340000823755268 0.05139644182539767
69 0.08 0.0180409681258154 0.05125180762882855
70 0.08 0.03467052189297496 0.03513830931069309
71 0.08 0.06473227141802834 0.03108499157362645
72 0.08 0.03009598728194579 0.01672829123672424
73 0.08 0.05579564406627209 0.06641136143688291
74 0.08 0.02524311214499214 0.0667572829570737
75 0.08 0.05075296521023903 0.03863931477172405
76 0.08 0.06638326869021936 0.01438901295618528
77 0.08 0.01464101615137754 0.01464101615137754
78 0.08 0.04119849777670345 0.05408748163160185
79 0.08 0.06860927442112651 0.06756156065245612
80 0.08 0.01188667209379996 0.06760181811718045
81 0.03951373524092208 0 0.06901785349061307
82 0.03076735828373765 0 0.02035606681691546
83 0.06306455909888337 0 0.03008474738561751
84 0.01659999176244731 0 0.05139644182539767
85 0.06195903187418459 0 0.05125180762882856
86 0.04532947810702503 0 0.0351383093106931
87 0.01526772858197164 0 0.03108499157362647
88 0.04990401271805421 0 0.01672829123672424
89 0.0242043559337279 0 0.06641136143688291
90 0.05475688785500785 0 0.0667572829570737
91 0.02924703478976096 0 0.03863931477172407
92 0.06535898384862246 0 0.01464101615137754
93 0.01361673130978063 0 0.01438901295618529
94 0.03880150222329653 0 0.05408748163160185
95 0.0113907255788735 0 0.06756156065245612
96 0.06811332790620005 0 0.06760181811718045
97 0.04048626475907792 0.08 0.06901785349061307
98 0.01693544090111664 0.08 0.03008474738561752
99 0.04923264171626233 0.08 0.02035606681691546
100 0.06340000823755268 0.08 0.05139644182539767
101 0.0180409681258154 0.08 0.05125180762882855
102 0.03467052189297496 0.08 0.03513830931069309
103 0.06473227141802834 0.08 0.03108499157362646
104 0.03009598728194578 0.08 0.01672829123672424
105 0.02524311214499214 0.08 0.0667572829570737
106 0.05579564406627209 0.08 0.06641136143688291
107 0.05075296521023904 0.08 0.03863931477172405
108 0.06638326869021938 0.08 0.01438901295618529
109 0.01464101615137754 0.08 0.01464101615137754
110 0.04119849777670345 0.08 0.05408748163160185
111 0.01188667209379996 0.08 0.06760181811718045
112 0.06860927442112651 0.08 0.06756156065245612
113 0.02035895983285236 0.03083197013306798 0
114 0.04994951631651839 0.01535592308320331 0
115 0.06294150265781699 0.05087254296934142 0
116 0.03002669933555125 0.06311661425443239 0
117 0.04972537414320546 0.0641663196219531 0
118 0.04045202181597288 0.04553527748681065 0
119 0.03084351817385542 0.01509806746608809 0
120 0.05983052019733071 0.03088060787423037 0
121 0.01734392055580769 0.05029631150600641 0
122 0.04028690726730595 0.02754036920868008 0
123 0.06535898384862243 0.01464101615137754 0
124 0.01464101615137754 0.06535898384862246 0
125 0.01424049560134155 0.01318600751983121 0
126 0.06535898384862245 0.06535898384862245 0
127 0.01294704111971585 0.04062940106712436 0.08
128 0.06798841274855214 0.03883406701906148 0.08
129 0.0398205509578643 0.06647828155738603 0.08
130 0.04066327148242022 0.01279054133868189 0.08
131 0.01336506919642628 0.02447328543326404 0.08
132 0.02449304233141365 0.01112254067671982 0.08
133 0.0316626652976202 0.02170404748347463 0.08
134 0.06970129297933865 0.02586590781481521 0.08
135 0.05737237546150598 0.03284293070829139 0.08
136 0.05603142063249639 0.0142684295882726 0.08
137 0.05480305861388028 0.07040590845625588 0.08
138 0.04760562860208104 0.05745796224467219 0.08
139 0.0105309798485709 0.05392290533907235 0.08
140 0.021973520864723 0.04684229490005828 0.08
141 0.06790676876861274 0.05508611370675718 0.08
142 0.02353487644136953 0.06807669548377981 0.08
143 0.01187692935388406 0.06717561198917367 0.08
144 0.01890032056031764 0.05807687556484639 0.08
145 0.02767072762676245 0.0531873777181773 0.08
146 0.01280067340260834 0.0121319243238913 0.08
147 0.02113280743223495 0.01982550879577352 0.08
148 0.02719305628601237 0.02786321044601407 0.08
149 0.0680445335583388 0.01356996280730928 0.08
150 0.06108858483848065 0.02229686886977437 0.08
151 0.05232927237323752 0.02681262228182273 0.08
152 0.06729398308244713 0.06804938372160818 0.08
153 0.05759256807978513 0.05966748838967852 0.08
154 0.05455507732150829 0.05250263425415735 0.08
155 0.06017716267801883 0.05262120198634466 0.08
156 0.05683347292606011 0.04737178360643744 0.08
157 0.05159961186689213 0.04730792764874542 0.08
158 0.05405752731715145 0.04282405631501586 0.08
159 0.0490296897216512 0.0428057200258039 0.08
160 0.04645606653687518 0.04711272034782851 0.08
161 0.04402812922328195 0.0427700437107735 0.08
162 0.04148634417892243 0.04707846752826034 0.08
163 0.03902711315711822 0.04272911798451574 0.08
164 0.0415584393230405 0.03842236046377544 0.08
165 0.03656247750965062 0.03837951152650987 0.08
166 0.03909759859819253 0.03406996012609566 0.08
167 0.03402800773184654 0.0426887048136691 0.08
168 0.03156341208220769 0.03833853839210884 0.08
169 0.04408709451204538 0.03410994187027944 0.08
170 0.04163367496391832 0.02975979358351414 0.08
171 0.05146276099422205 0.03851198605994979 0.08
172 0.03675989962991873 0.02979349841323847 0.08
173 0.03936677655728323 0.02552590146268268 0.08
174 0.04407842178254066 0.02539697814653246 0.08
175 0.02909430798258292 0.04261081528475681 0.08
176 0.02657472901033702 0.03829162892537467 0.08
177 0.03179518671701238 0.04682693293800007 0.08
178 0.04366265040842796 0.05126070205332091 0.08
179 0.03890660578495028 0.05136053356032106 0.08
180 0.04106690322926625 0.05553280891754392 0.08
181 0.03642002209095224 0.0556979284241975 0.08
182 0.02909843404123211 0.03426629424683021 0.08
183 0.02409915054529881 0.03419887841400665 0.08
184 0.05611223807487603 0.03790797942456056 0.08
185 0.02402868245162161 0.04260750400346502 0.08
186 0.02097294620443208 0.03888765164418234 0.08
187 0.01734199508691611 0.03323693740061766 0.08
188 0.04731033362356694 0.02944547455143684 0.08
189 0.03411931043189607 0.03408772804417502 0.08
190 0.0313034092911778 0.02985314299831349 0.08
191 0.03653349326460512 0.0470052236460955 0.08
192 0.03428593515026213 0.05115023121830681 0.08
193 0.02198155934871124 0.02846743443840434 0.08
194 0.04653842040027257 0.0384584769713423 0.08
195 0.04908852572059464 0.0343015784119567 0.08
196 0.04156404399269847 0.0212183405489513 0.08
197 0.04726744831448537 0.01853915523963712 0.08
198 0.05969482504410848 0.04162246016314591 0.08
199 0.06387778410311004 0.04724688588406876 0.08
200 0.0368864278165397 0.020387385149273 0.08
201 0.03233959314912878 0.01405904946470701 0.08
202 0.04877523092592471 0.05255250789402969 0.08
203 0.03169280825456181 0.05476556603652687 0.08
204 0.03387309195668118 0.05990818711289682 0.08
205 0.02740189911880395 0.05865245405829294 0.08
206 0.03893640290976894 0.05949669419648607 0.08
207 0.02680123082219994 0.04787677794567493 0.08
208 0.04350144631408077 0.05986626497040613 0.08
209 0.06994324140506872 0.04722690873515595 0.08
210 0.05311734121599729 0.03488343404781219 0.08
211 0.01925235335879431 0.04360660425200243 0.08
212 0.06121943005224064 0.03627068519033825 0.08
213 0.01094675553625904 0.0324852046427371 0.08
214 0.0313779700287965 0.06662312364247112 0.08
215 0.04862858832217956 0.02443605047832394 0.08
216 0.05376807435139339 0.02230545947536249 0.08
217 0.03454865574581513 0.02560150689917118 0.08
218 0.04886614717695884 0.06325320032092155 0.08
219 0.05274683000373052 0.030960945065944 0.08
220 0.03022703820608863 0.02574776534013588 0.08
221 0.05708456092653483 0.02753747201708739 0.08
222 0.05198902308300059 0.05717314539952725 0.08
223 0.02273686837251916 0.05252036960565584 0.08
224 0.02745727903074943 0.01816108993922379 0.08
225 0.04621940806536465 0.07163336500057131 0.08
226 0.01712451838302736 0.04865815039542511 0.08
227 0.06309299540778711 0.03061040875531128 0.08
228 0.03030932174017802 0.0505421511696112 0.08
229 0.04502721214003272 0.05496247708200271 0.08
230 0.02662058840578897 0.031312660214306 0.08
231 0.04877190733888623 0.009074259198332581 0.08
232 0.02642740440981763 0.02371691887370602 0.08
233 0.04164230771245132 0.04420612817709414 0.04286618097456938
234 0.0288459100724275 0.02429713176287182 0.05596563649590632
235 0.04971596630180165 0.02847957979672014 0.05758311995196367
236 0.02368701573884201 0.0498491197305982 0.0576798252316776
237 0.04043495193409557 0.056550142755607 0.05942019495556634
238 0.03529336505595237 0.03468810670366003 0.06275024847643609
239 0.05214606018751172 0.04307697261514409 0.06458859637409249
240 0.02021732231543782 0.03322161784541239 0.06729109161417464
241 0.0295781468835246 0.03845881102292664 0.0498561120941404
242 0.04299495904627344 0.02446881289729937 0.04048853577018568
243 0.03089065696598212 0.02362265035335769 0.0682465830157287
244 0.01651224629737688 0.05375282418337611 0.03138970299443833
245 0.03202733277587344 0.04878353671871326 0.06838495515175065
246 0.06511383742960324 0.05445226272592287 0.04657154796587418
247 0.06003934445716195 0.03146712949892354 0.04158986421121971
248 0.04270589325925921 0.03810308297865257 0.05374563813536181
249 0.03437005421840355 0.05116396066907761 0.05298368239798473
250 0.03151700134548234 0.0619243857071584 0.06064811127571409
251 0.04655156484754003 0.06256599615435643 0.04414531717031344
252 0.01406234575268291 0.01678896167350501 0.06202357624403508
253 0.0423423084487483 0.02551766781166906 0.06876924584813425
254 0.03974076898363906 0.03073486351857956 0.05311116054023311
255 0.05391728656858825 0.02917630686197026 0.06758697879406482
256 0.06739138493720186 0.03659831841225142 0.05673505625029219
257 0.0292258628387476 0.03246984985908651 0.02820820744579814
258 0.059207065094359 0.05236603981918244 0.02564174251839512
259 0.02120923113590451 0.04516419736609195 0.0685523647216054
260 0.04328553450083722 0.04963072640536897 0.06999529605866933
261 0.05344365031395727 0.05548345920403631 0.0683278879149978
262 0.04561881911955069 0.05073258334655446 0.05161077356941034
263 0.02978262250991942 0.03688497218357417 0.07127322433705198
264 0.04280767969128855 0.03771203706066234 0.07012837395668522
265 0.0388376116524068 0.05809711694714923 0.07015234522645025
266 0.05600014611575527 0.04519204153600037 0.05271753078169452
267 0.06309671328963552 0.04671145672667135 0.06380852121904712
268 0.04051527022489586 0.04472156956460344 0.06043631171471203
269 0.02889803821036835 0.03290992064682479 0.05994723726844296
270 0.03984830322830333 0.03490821790269788 0.04707261506566906
271 0.03085493091238824 0.027020749603695 0.04369686076105918
272 0.03612442723418204 0.01768302900380581 0.04929607120395325
273 0.03915520449245962 0.01460373174835207 0.06020532791255806
274 0.05126105715576542 0.02090741232487772 0.06561818718418601
275 0.06509781090009871 0.02478698956679198 0.05897026321565546
276 0.05448974157035748 0.01444915910502504 0.05177086015093406
277 0.01803396990173653 0.01161250091374201 0.04011952520408176
278 0.05166050184506368 0.04222723905368512 0.04731448164093718
279 0.05137925728018143 0.03348737683759291 0.04786727587048396
280 0.045366687249902 0.03418294043085651 0.03707187103478791
281 0.05249808999799875 0.0518833041534228 0.05611474773005341
282 0.0565210187569701 0.01586564804603586 0.02020780445815277
283 0.01076133637428417 0.03320475657829207 0.04414225347214792
284 0.0355754655024083 0.03578235121958864 0.07025631483642661
285 0.04805051070296974 0.02139187563210502 0.04871412948690425
286 0.03872848846881526 0.0184428287888207 0.0686425111721
287 0.02865877784223134 0.00986179678216394 0.0621355617481984
288 0.04493481593200104 0.03579549887158249 0.06387558530615579
289 0.02462659100936331 0.05646526768939353 0.07322756654847366
290 0.03065877340029932 0.04319576149636043 0.05996342278355458
291 0.05360518215801195 0.03786056997631487 0.05816082454245288
292 0.03436584145490895 0.02253476346579727 0.05957591899483575
293 0.03772726821859257 0.04121557130656996 0.07374363923393477
294 0.03351111895686382 0.05263863031456397 0.06022155721974306
295 0.0366268485076436 0.06140231483056336 0.05274258523113084
296 0.02662111138103597 0.05973164193821332 0.04662963910880446
297 0.03464088252807958 0.05482016651722627 0.03653931804162033
298 0.03433949718432686 0.04563460373098237 0.04081918331858796
299 0.03247668715577855 0.03795583916448247 0.04070349012414776
300 0.01052026852402127 0.06371939372814527 0.06202335315409296
301 0.01916015129776374 0.04392639089370456 0.04661187178117601
302 0.02022708182109665 0.03939314883490375 0.05818259182506489
303 0.02249192352069573 0.03184965794286194 0.05054593227245333
304 0.009214363068808613 0.04940645466727409 0.06070037571373057
305 0.01182447440074537 0.02915273847513292 0.05498335872307049
306 0.02550238280519301 0.02955921703341769 0.07301040191408781
307 0.02509212373409238 0.02903052687145644 0.06390713252738833
308 0.04675220430726906 0.05884756918302114 0.07254116952465924
309 0.0466678066325426 0.07049176831422894 0.06289554647242332
310 0.05432453104386814 0.05481671495419733 0.04103921833056857
311 0.05377827798752468 0.03922624477191781 0.07207340010713881
312 0.06751654479942812 0.03457269351874884 0.07164374091569894
313 0.04737800918544365 0.04756910282043932 0.0595047304027914
314 0.0562062215635841 0.01862951971049929 0.0392479082197891
315 0.06726279150311577 0.05801515211374902 0.05900871258332231
316 0.0538120221619322 0.05005477555663713 0.0745928505568253
317 0.02610323738744944 0.04563391877679625 0.05030818517093324
318 0.06072848679180145 0.03033887714838374 0.05216848249460995
319 0.03820652097970278 0.04204740881420533 0.05353631719412069
320 0.02544899246556885 0.04130498154871392 0.06296045803325677
321 0.03980317997653518 0.04156646329105011 0.03198632804666512
322 0.04674478852132065 0.01148637230572982 0.0436697135306968
323 0.04912304132700213 0.03117310327162393 0.07304775491984511
324 0.03866834583941663 0.02813643691398177 0.0597845221269683
325 0.02711408983573594 0.05503058153773219 0.06376305937967569
326 0.03999186027993341 0.02813192620703897 0.0161941257140948
327 0.05034802234401493 0.06483609818084672 0.05484343632410089
328 0.03749643538832951 0.05198463795753194 0.07296772050683252
329 0.04119012522769634 0.06411175141903538 0.01595866766756282
330 0.04912572729021817 0.04824201820725856 0.06785658642504699
331 0.03658352401158436 0.03653065600124935 0.05647548712490468
332 0.03121140807616708 0.03078663871739684 0.06867171428253602
333 0.02242768280280615 0.03350127738445059 0.04085331289440493
334 0.04758520230044281 0.04537086231353305 0.074618965530053
335 0.03096847198372067 0.03235948676846233 0.05257705053908533
336 0.04414719731877865 0.04377571247901274 0.06505341197006678
337 0.02900814164035605 0.01615186818424776 0.07124448802638739
338 0.05814198631703771 0.03830403829490864 0.05133444474614086
339 0.03832009425551441 0.06249337008171636 0.06417751591362035
340 0.03424579302824341 0.07111334467203287 0.06715299976508694
341 0.02725172131712759 0.04623308798856515 0.07432034871959955
342 0.05348073963803533 0.02438404538927616 0.07339475764880776
343 0.06093657123800283 0.03780265419300786 0.06531300169033703
344 0.05483535888539238 0.02474329776666739 0.0520863306486411
345 0.02068203733384157 0.02406637030621118 0.0705899662018801
346 0.0367491341987943 0.02504665332107344 0.07210201547440503
347 0.04710683811861726 0.02114421315171224 0.07058896081935888
348 0.0474885877323775 0.01116420296166099 0.06906564070833716
349 0.04619314990982063 0.03237915603653212 0.05341584794489568
350 0.0495258878840413 0.03078282215097703 0.06438921525968322
351 0.03082522856273948 0.01597699970395363 0.02804630011561871
352 0.05527186952214647 0.0481633329648857 0.06165815056135659
353 0.05086403424828127 0.02797799094779462 0.04197832500781704
354 0.03901410600752807 0.05307413462024102 0.06600681780501233
355 0.04301286907350909 0.02380413582477175 0.06041453012065336
356 0.03271034506246123 0.04194808376488077 0.06657281924357797
357 0.05646331622795558 0.03088962138667427 0.06114867656438401
358 0.02103411008975718 0.0321345451945892 0.05826063758223755
359 0.01977708778300665 0.0390820199135696 0.07326450427333485
360 0.01385661034275175 0.03947977393016382 0.06670815156012051
361 0.01540065968910036 0.03171970267776336 0.07313027592836351
362 0.0489141856838761 0.0612708998677555 0.06505281821288038
363 0.05323376975836386 0.0681442847240938 0.07114205324166549
364 0.06379038357683897 0.06988908582222206 0.05909410826522214
365 0.04121699535328713 0.05546599097454549 0.04630364814459593
366 0.04373147418439468 0.02898773826429112 0.04728206976770524
367 0.05003357112542387 0.03585384609842828 0.06804225666060694
368 0.05348766717448706 0.0427241575774163 0.03290286516911982
369 0.03245281065298209 0.05607715596090665 0.07514500338528611
370 0.0339567562107915 0.05622395696991619 0.0665576518831518
371 0.05885168232050002 0.04538939640483829 0.04325418779287089
372 0.05365200545748035 0.05074275850520417 0.04914258974339775
373 0.03130470189104699 0.02656606737581538 0.07536073456782898
374 0.02926024575382419 0.05612477642506097 0.05440938116162683
375 0.03895130688061212 0.04816462261928128 0.04830599956705368
376 0.06579877683671623 0.02232750309598036 0.07027923264633212
377 0.06338329427013718 0.01057106507036211 0.06402001963583998
378 0.06338967655077138 0.0527646210757103 0.07127011225312273
379 0.05072968732739253 0.05744504361091239 0.05046385298893753
380 0.03980577475518199 0.0504623863919129 0.05728392293520092
381 0.05762301228305354 0.04209028647647893 0.06773347575535767
382 0.03783057533364635 0.02347560674294865 0.06470870608253179
383 0.01481506346290488 0.05651227036599234 0.05130976959667883
384 0.06306036125351915 0.0306958797794974 0.06570985997003825
385 0.02724865721212132 0.04237706526356617 0.04361736858269528
386 0.04841443379439984 0.02016228723555891 0.05749811372948505
387 0.03782741878945366 0.04599348393365209 0.06749978456927165
388 0.0448676687884479 0.04315640822115015 0.04899591116631691
389 0.03288360334472383 0.01713147639347084 0.06427457046765284
390 0.02560043386717801 0.02030807961936402 0.06256831929056249
391 0.03428017190161344 0.0247422718584978 0.05194651662581421
392 0.04023764518697694 0.02159766921773369 0.05480807976604155
393 0.04352874594584778 0.01478520532159974 0.05256707926749429
394 0.03188048823806132 0.02776198693493231 0.06233239502165305
395 0.02487575161276385 0.04226354963122494 0.05589002276102563
396 0.06088627427483855 0.06683943503669044 0.04495734613740653
397 0.04602240746694366 0.03852971909972391 0.04473885779121679
398 0.0399407426244377 0.03803370006168943 0.04134731100729527
399 0.03617863499168303 0.02973620557218941 0.04829669079080574
400 0.03838058565810851 0.03137171254311218 0.04169397392857023
401 0.03930545259795255 0.02884235231947134 0.03117725531814699
402 0.03567944651220629 0.04083006338020972 0.04604163972569504
403 0.02694046364170703 0.04712306218565411 0.06303141574918049
404 0.04109349855574439 0.03879633053790759 0.06006057622277866
405 0.06643837030457329 0.01634310821651045 0.04714879545274257
406 0.0182510082880897 0.05195555001118242 0.06478752697567476
407 0.01233409465567803 0.05420788608481658 0.07117871915836167
408 0.04719185062814162 0.05205790581860403 0.07502683592966122
409 0.02832963658904029 0.0198509417055278 0.04762719144735467
410 0.01621617433018603 0.02268589767975049 0.04639655340573799
411 0.04203793092492447 0.03149380538023935 0.07374915887224266
412 0.06448607012118501 0.0376490129765097 0.01854002949424073
413 0.04443083372442615 0.05897233848362116 0.05249066555357403
414 0.040282219271205 0.03347969932559436 0.06606552815181979
415 0.06862219192645293 0.04182991386194789 0.0361763349323807
416 0.04153104414826887 0.05627454184600754 0.07579943656623153
417 0.04333459044277028 0.05035770381419419 0.06325612402241798
418 0.03326146765917767 0.03705141715495448 0.07578365732321418
419 0.01894482470355533 0.04416567833392592 0.06152167588291931
420 0.04329725167169515 0.05777631812437931 0.06578231134968314
421 0.04289051742976496 0.06425249271005995 0.07146061197145208
422 0.03233503507261986 0.07184556106773382 0.05100450909617035
423 0.02964350938223368 0.04853752707636452 0.05582803694752503
424 0.0489049947945731 0.04513753503750327 0.0531587057664023
425 0.05340799549310293 0.03449864309208499 0.07520599726837318
426 0.03736304180880243 0.06579097299614368 0.04281131607895075
427 0.04770508411420231 0.04040079736984541 0.060293158405235
428 0.03453319226189107 0.05586660253093437 0.04830341054808248
429 0.0306089829835494 0.05055369849707548 0.07596684544447443
430 0.0162452347652964 0.02669484189985051 0.02404890009362223
431 0.05925812186300569 0.0420142192648468 0.0593666885087765
432 0.025245758450433 0.04991125047055384 0.06840875480398083
433 0.02791645317554976 0.03433811706975295 0.04533899842971239
434 0.0225168332469632 0.01512767889621066 0.05320967679031989
435 0.04252999898493276 0.04611999620984508 0.07556884101115753
436 0.02275298085119481 0.05129215445760172 0.0414030101992619
437 0.06713899148400844 0.04548720425080531 0.05273730029175564
438 0.04768182351657514 0.03731847609890389 0.07468517437509126
439 0.03044415859480693 0.03191693802065691 0.07557581460597687
440 0.04766333003563809 0.04839703408440077 0.04545554069319163
441 0.04465024190314489 0.05159690959302087 0.03770630084498228
442 0.05314821313030956 0.05693845465987397 0.07510420170570312
443 0.03954113997349511 0.0365573558902999 0.07576663708522648
444 0.04482477868220566 0.01969759166405259 0.06483756651264166
445 0.02655125733670297 0.04698424183223113 0.01946088057045876
446 0.04296259607194418 0.04497217115603049 0.05506110060605163
447 0.01775665217251251 0.04724565228300896 0.0547816947770452
448 0.01131075138529895 0.0405624133797627 0.05724519378592327
449 0.0569407055436113 0.04834408674605731 0.06841243988385606
450 0.05887354712588945 0.05432409491025061 0.062471615183041
451 0.04570282410188973 0.05360636653983654 0.05664572468752884
452 0.04630813666358944 0.02687722330325225 0.07448343078666018
453 0.009754305846403986 0.04716505745239416 0.04638112469619021
454 0.02355125645842449 0.05223848334279495 0.0508039123976881
455 0.02159483958820705 0.05769560546829018 0.05749295725181737
456 0.02108990531760813 0.06536488489612809 0.06991297910862264
457 0.07282381777212284 0.03347786226999622 0.0651785762986843
458 0.01353541872006401 0.04478871147274177 0.07315696726190229
459 0.02197160649292272 0.04441885202565206 0.07549631060125728
460 0.04099652404520758 0.03362137101716691 0.05888327388221988
461 0.02078138837935364 0.0391973652822324 0.06557568183837452
462 0.03685291946060824 0.02905312605989448 0.06705986599371642
463 0.04508274095704989 0.0259818271375658 0.05407231167139322
464 0.06433157875355275 0.06385139344103595 0.07093980905648363
465 0.0270857267899925 0.02766650829139419 0.04875820422040057
466 0.05305621074315068 0.03290235486419175 0.05473831038094133
467 0.05235245521636576 0.03663284807518453 0.04138532087959464
468 0.06042062702241405 0.05068284979455296 0.05488996400287238
469 0.04884694048233409 0.05457068468385785 0.06235830763195782
470 0.03012328916221986 0.05075452523641289 0.04727070204841304
471 0.0539287036071938 0.02489170190136438 0.0609428901360262
472 0.04536607544282158 0.02097305495074459 0.03086217575763252
473 0.02227013055097919 0.05028857761513911 0.07459788146127913
474 0.01635838850947188 0.03580358183451093 0.06092829667567361
475 0.07041350461939121 0.03204108318020331 0.04859958896173718
476 0.02961594098024084 0.03697016394942977 0.0645629504032023
477 0.02479128471920746 0.02321835893722999 0.03827054676425751
478 0.07113076192513623 0.04499682412919434 0.07196226639177725
479 0.02257714076480117 0.06719004806173075 0.05484729109787411
480 0.02653104636761205 0.0357362703600593 0.07606546975436496
481 0.04980425109465095 0.03874600079643765 0.05241336886590827
482 0.03367558671466354 0.03393161567758647 0.04579680651551261
483 0.02656772474194671 0.04222060580029673 0.0694477628428502
484 0.01579799289148139 0.04141618128146012 0.03407464643119341
485 0.03576218765784225 0.04646170229574834 0.05602940795192317
486 0.04813520332467996 0.02641869803890841 0.06862582122370833
487 0.03497737683122411 0.04729618937149039 0.06213907228227369
488 0.03283704292420703 0.04481418524629972 0.04988223080786414
489 0.03188619792053007 0.04301217278418257 0.07407561894794347
490 0.02643681132065031 0.06710130492465477 0.03477880417657599
491 0.0131412705833933 0.06469921997280148 0.04059964180443425
492 0.02836692048639418 0.04173596710048438 0.03398494173317081
493 0.04897401795639469 0.009966505493164444 0.05890226408092568
494 0.03547324974321298 0.05576995044680028 0.05556701393558489
495 0.04812269069493255 0.04308648852441028 0.04015531506981364
496 0.05749963095343839 0.04465755507828231 0.07498338917317267
497 0.02416246933566222 0.036118939664728 0.0614454473323045
498 0.05795513237838824 0.05827780581459344 0.05337441450144192
499 0.01651661393776595 0.02808613974019768 0.06422419388061108
500 0.04518202374353522 0.03283559424418196 0.04339168499270112
501 0.04943486920422852 0.06512835375403941 0.03144469484584782
502 0.04103380832364556 0.02248641177539477 0.04813335087335253
503 0.03159435823190493 0.01741998042238135 0.05578893570904267
504 0.03268073969314549 0.009310926235694494 0.04898173657169133
505 0.03191668577314119 0.06211341767710659 0.07143398106101025
506 0.02119676381140012 0.02476147914017008 0.05557999031927589
507 0.03911262593396327 0.03997036295785607 0.06608988614914993
508 0.04225966860602418 0.051224625891634 0.07653216440205972
509 0.04075717023705453 0.06806279797215552 0.05562191055259447
510 0.008576911698915061 0.03202609499344412 0.06435503217422076
511 0.04767324110271564 0.05481440236062846 0.0460386126957676
512 0.02386530162659973 0.0388868143736958 0.0487300839062897
513 0.01759973406282895 0.03772264866103275 0.05207766808939664
514 0.03657190353992253 0.02466120601975257 0.04431876614655308
515 0.03513994670879073 0.01768889305115894 0.03943984681674779
516 0.05675080523847052 0.01769426438419774 0.06066781783276771
517 0.02497204689492124 0.03598462131601639 0.06901441780097324
518 0.04649052920260203 0.05387404735971121 0.06809405385796612
519 0.04366269047269904 0.04059296097710323 0.07576308140784256
520 0.04567659298521039 0.04697700499760173 0.02061186554276043
521 0.03546785382809722 0.04112940114594964 0.06047225699070152
522 0.05460639644021934 0.03678900101762778 0.06414697068204292
523 0.0304231528732728 0.03748714518901232 0.05753634101891988
524 0.02678668190434469 0.02322324025305735 0.07555072326849399
525 0.03659110374072699 0.04695473447715676 0.07585480625394696
526 0.03994884310092363 0.05445045419870192 0.05266367764163975
527 0.02658485708762101 0.02964992775292282 0.05637500566552972
528 0.059568643561856 0.03743055348109919 0.07491918728189775
529 0.05835744357568332 0.03481135147667639 0.06942506428134346
530 0.06281644228696467 0.03092728660458238 0.07495941263840177
531 0.05010966622796154 0.03428210345477609 0.06095796988163393
532 0.06029971074407182 0.03523772070236247 0.05870915919624946
533 0.06819882917780615 0.02641945474960265 0.03238694330696548
534 0.04528152085430563 0.03177785123357518 0.06895215625675453
535 0.03636037165503413 0.03479233340368664 0.03544577858724191
536 0.0322151212351402 0.02932051593425358 0.03750463406488424
537 0.02929641165245865 0.05309966428005043 0.07084086073348458
538 0.05442187709302294 0.0168383206819919 0.0729612400064108
539 0.03795127734303382 0.05998297213098192 0.07553870470766277
540 0.06350750515557521 0.04235941547676831 0.07161290778407335
541 0.03674484707246236 0.01074577043130813 0.07155193820302293
542 0.04488372146660875 0.03554449294360892 0.04925014403001998
543 0.05585338973952472 0.06145140100955498 0.06173560820556538
544 0.0338110054479934 0.0304203381688701 0.05740068999617719
545 0.05286108789097685 0.04480833680383729 0.07082196201725106
546 0.04187110944904227 0.02432687286931444 0.07561128192440769
547 0.04271713125646439 0.01812114793102665 0.07433870444281232
548 0.034497922731962 0.02020821253559167 0.07509750307437671
549 0.0668402724875868 0.05784222995279811 0.03464318153051961
550 0.02498528451900687 0.03578143348365753 0.05506210125286106
551 0.05265235634615805 0.0433941531230618 0.05750732349988336
552 0.04214804333347468 0.04420607986780124 0.07089333040073618
553 0.04079646485606994 0.04017577544143027 0.04785605008357354
554 0.01709986623531453 0.06409200952147938 0.01931327032755345
555 0.03548194826949366 0.0371726205611917 0.05110722757102072
556 0.04705866227240559 0.03532111240369717 0.05747756189489664
557 0.02667317308492704 0.04041540576076162 0.07533829987735387
558 0.05205096555495742 0.04270570007117575 0.07569210513417873
559 0.01986704782225343 0.01414551404522717 0.07233037716551718
560 0.06633501892127992 0.03979178154391666 0.0635710925264957
561 0.07281177641631148 0.04669221703138608 0.06167830919122635
562 0.04420260151755408 0.06205650374229265 0.06034092321159245
563 0.04931824710166412 0.0585533124490444 0.05727319054971413
564 0.049086118282631 0.02843603224532244 0.05057901915723344
565 0.05864257920429403 0.02371729637442355 0.06618944778813411
566 0.03215283577484365 0.04200381635870895 0.05476470867643584
567 0.0529074743531148 0.03125670917763422 0.02930143273027176
568 0.06374606425022224 0.06648655096831511 0.01755576075425177
569 0.04499110702547037 0.03015500270118361 0.05936998929593436
570 0.02202726018365713 0.03358982776915512 0.07546980265716134
571 0.04780960378130349 0.04129298009041815 0.06951567644581128
572 0.04784266850794767 0.02532678621512363 0.06317147230227509
573 0.04313738348037757 0.02914078709424371 0.06394740386668156
574 0.05710571669550263 0.02936514819110646 0.07367903907354839
575 0.03647288743882328 0.03042147171682687 0.07557830925155802
576 0.04795340784653117 0.07269653951758522 0.05019547015170343
577 0.04858994707562928 0.02241454970231267 0.07605447683747719
578 0.05107375478891202 0.02871369607795239 0.07658887137889116
579 0.04254520908456574 0.05433068911372741 0.07129952905336807
580 0.06926259974283037 0.01156507814947703 0.02589098822700252
581 0.05508078572840738 0.007568124530057756 0.008735285583293751
582 0.07316120531917643 0.07271244240411356 0.07163764742816764
583 0.009934701238706949 0.0488315193197892 0.01014270310765153
584 0.007990140328352989 0.07156732979230521 0.07212145254028333
585 0.01168135049384722 0.01087514909732164 0.02457546719255179
586 0.07146422421322295 0.05495494508974595 0.009994446578840565
587 0.06961403712279275 0.02306694211562751 0.01390752829115082
588 0.007931448802213709 0.06142564392915275 0.07289046890181552
589 0.06953796337603524 0.0695789574607404 0.03312753239930478
590 0.007155753067511819 0.03527281455816876 0.0731222684862334
591 0.02461365008916287 0.07194177637228817 0.008744977334031503
592 0.07224796618991296 0.07325920138947518 0.05113539277633177
593 0.008436687386574299 0.009414541068979553 0.05419404845837
594 0.07257788445239274 0.008867584317687862 0.07282982973631776
595 0.01001997231053485 0.07068566615905945 0.05278662257733297
596 0.07185853668311429 0.0708000118428786 0.008280411368165659
597 0.02674494361755798 0.0734381719817085 0.07384918757118013
598 0.07368474631246004 0.05534581916869667 0.07451526614583494
599 0.009223504428258228 0.02335345724041591 0.07193633631580076
600 0.07415604403528772 0.02296915286729579 0.07437104549008933
601 0.02820328715316399 0.007014139670054277 0.07264425987178626
602 0.04310301835009777 0.07320076839023733 0.07233275881081849
603 0.007958550815789275 0.07246919380892446 0.0302187752383762
604 0.05654160672416476 0.007438219312402381 0.0730498285455963
605 0.007930531609142368 0.009050929691756531 0.07121257011738633
606 0.04219627443555477 0.01132068017634148 0.01549718816832042
607 0.0698009646381245 0.009704567328370221 0.01061438925321084
608 0.009303882508528802 0.07050795617099699 0.008822091015163281
609 0.01042323214741698 0.02490636822633153 0.009118863510114164
610 0.01203209469264014 0.01085803798113888 0.01062891476995307
611 0.02550305046087672 0.01039352421955231 0.01535509068854493
$EndNodes
$Elements
2830
1 4 2 1 1 381 522 431 343
2 4 2 1 1 413 562 237 563
3 4 2 1 1 381 522 343 529
4 4 2 1 1 288 336 264 571
5 4 2 1 1 295 237 413 562
6 4 2 1 1 285 344 314 353
7 4 2 1 1 408 416 138 308
8 4 2 1 1 288 264 367 571
9 4 2 1 1 267 431 352 468
10 4 2 1 1 415 437 371 475
11 4 2 1 1 576 106 309 364
12 4 2 1 1 265 308 420 421
13 4 2 1 1 200 547 130 548
14 4 2 1 1 268 313 336 427
15 4 2 1 1 382 394 243 462
16 4 2 1 1 245 387 328 525
17 4 2 1 1 145 289 369 429
18 4 2 1 1 268 404 319 446
19 4 2 1 1 440 441 365 511
20 4 2 1 1 268 319 404 521
21 4 2 1 1 266 352 431 468
22 4 2 1 1 325 374 294 423
23 4 2 1 1 264 336 288 507
24 4 2 1 1 382 394 462 324
25 4 2 1 1 251 295 365 413
26 4 2 1 1 294 370 354 237
27 4 2 1 1 268 313 427 446
28 4 2 1 1 145 289 429 473
29 4 2 1 1 268 485 319 521
30 4 2 1 1 239 449 330 545
31 4 2 1 1 357 466 291 532
32 4 2 1 1 387 525 489 293
33 4 2 1 1 581 123 607 37
34 4 2 1 1 268 427 404 446
35 4 2 1 1 268 336 404 427
36 4 2 1 1 266 372 278 424
37 4 2 1 1 241 402 385 488
38 4 2 1 1 242 280 400 500
39 4 2 1 1 239 311 367 522
40 4 2 1 1 286 348 347 547
41 4 2 1 1 235 344 386 463
42 4 2 1 1 328 387 260 552
43 4 2 1 1 236 374 325 423
44 4 2 1 1 245 325 294 403
45 4 2 1 1 461 302 320 497
46 4 2 1 1 241 385 317 488
47 4 2 1 1 354 370 339 237
48 4 2 1 1 339 354 265 370
49 4 2 1 1 319 404 331 248
50 4 2 1 1 6 37 607 123
51 4 2 1 1 192 369 328 429
52 4 2 1 1 319 404 248 446
53 4 2 1 1 335 399 391 465
54 4 2 1 1 165 293 443 418
55 4 2 1 1 239 381 449 545
56 4 2 1 1 284 439 263 332
57 4 2 1 1 308 518 362 261
58 4 2 1 1 581 123 282 607
59 4 2 1 1 19 610 125 609
60 4 2 1 1 303 335 241 550
61 4 2 1 1 254 399 335 555
62 4 2 1 1 331 404 319 521
63 4 2 1 1 200 547 196 130
64 4 2 1 1 337 390 243 389
65 4 2 1 1 411 438 264 443
66 4 2 1 1 239 352 330 449
67 4 2 1 1 294 325 245 370
68 4 2 1 1 254 335 331 555
69 4 2 1 1 242 514 400 536
70 4 2 1 1 278 371 338 467
71 4 2 1 1 382 394 324 292
72 4 2 1 1 371 372 266 468
73 4 2 1 1 19 610 609 61
74 4 2 1 1 263 284 418 439
75 4 2 1 1 330 449 316 545
76 4 2 1 1 169 438 411 443
77 4 2 1 1 381 522 529 311
78 4 2 1 1 255 342 323 486
79 4 2 1 1 325 294 403 423
80 4 2 1 1 285 344 463 386
81 4 2 1 1 265 328 369 370
82 4 2 1 1 119 609 610 430
83 4 2 1 1 157 316 334 408
84 4 2 1 1 537 325 505 370
85 4 2 1 1 298 385 402 488
86 4 2 1 1 240 360 359 461
87 4 2 1 1 328 354 245 370
88 4 2 1 1 255 323 350 486
89 4 2 1 1 319 268 446 485
90 4 2 1 1 435 525 328 552
91 4 2 1 1 280 398 400 500
92 4 2 1 1 239 313 336 330
93 4 2 1 1 260 328 354 387
94 4 2 1 1 241 512 303 550
95 4 2 1 1 326 611 606 351
96 4 2 1 1 362 518 469 261
97 4 2 1 1 271 399 391 514
98 4 2 1 1 346 382 286 243
99 4 2 1 1 187 361 359 570
100 4 2 1 1 241 299 402 482
101 4 2 1 1 271 391 399 465
102 4 2 1 1 165 293 418 167
103 4 2 1 1 303 333 433 465
104 4 2 1 1 36 119 611 606
105 4 2 1 1 165 293 167 163
106 4 2 1 1 35 119 611 36
107 4 2 1 1 408 138 416 229
108 4 2 1 1 470 385 488 317
109 4 2 1 1 245 354 328 387
110 4 2 1 1 58 305 62 510
111 4 2 1 1 371 415 246 437
112 4 2 1 1 265 354 328 370
113 4 2 1 1 259 432 406 473
114 4 2 1 1 250 294 325 374
115 4 2 1 1 369 370 328 537
116 4 2 1 1 169 323 411 438
117 4 2 1 1 328 369 181 539
118 4 2 1 1 260 435 328 552
119 4 2 1 1 348 538 347 547
120 4 2 1 1 293 163 443 519
121 4 2 1 1 430 326 445 257
122 4 2 1 1 611 610 119 35
123 4 2 1 1 249 380 294 485
124 4 2 1 1 611 610 430 119
125 4 2 1 1 241 335 303 433
126 4 2 1 1 241 299 385 402
127 4 2 1 1 245 403 294 487
128 4 2 1 1 279 467 353 500
129 4 2 1 1 313 417 336 330
130 4 2 1 1 138 408 308 442
131 4 2 1 1 581 606 88 282
132 4 2 1 1 461 320 302 419
133 4 2 1 1 239 381 352 449
134 4 2 1 1 326 611 351 430
135 4 2 1 1 58 305 53 62
136 4 2 1 1 157 334 316 558
137 4 2 1 1 265 354 339 420
138 4 2 1 1 326 611 430 119
139 4 2 1 1 306 263 439 332
140 4 2 1 1 257 351 326 401
141 4 2 1 1 294 250 370 237
142 4 2 1 1 470 454 423 374
143 4 2 1 1 303 506 465 527
144 4 2 1 1 470 423 454 317
145 4 2 1 1 148 524 220 232
146 4 2 1 1 303 241 433 512
147 4 2 1 1 346 286 382 253
148 4 2 1 1 263 306 517 332
149 4 2 1 1 347 348 286 444
150 4 2 1 1 236 325 403 423
151 4 2 1 1 250 340 339 509
152 4 2 1 1 318 338 279 466
153 4 2 1 1 240 306 307 517
154 4 2 1 1 583 124 608 554
155 4 2 1 1 217 373 346 548
156 4 2 1 1 114 282 606 581
157 4 2 1 1 583 124 21 608
158 4 2 1 1 335 523 241 550
159 4 2 1 1 245 328 370 537
160 4 2 1 1 167 293 418 489
161 4 2 1 1 529 367 255 425
162 4 2 1 1 239 427 367 571
163 4 2 1 1 238 476 521 523
164 4 2 1 1 320 523 476 497
165 4 2 1 1 59 484 54 51
166 4 2 1 1 509 413 251 327
167 4 2 1 1 239 352 381 431
168 4 2 1 1 313 268 336 417
169 4 2 1 1 259 360 406 419
170 4 2 1 1 264 288 414 507
171 4 2 1 1 192 369 429 203
172 4 2 1 1 254 366 463 502
173 4 2 1 1 4 21 124 608
174 4 2 1 1 270 254 555 399
175 4 2 1 1 593 95 605 11
176 4 2 1 1 380 313 268 446
177 4 2 1 1 95 11 1 605
178 4 2 1 1 239 336 313 427
179 4 2 1 1 512 301 333 513
180 4 2 1 1 318 357 532 466
181 4 2 1 1 264 284 507 414
182 4 2 1 1 593 95 252 605
183 4 2 1 1 234 465 506 527
184 4 2 1 1 497 307 476 517
185 4 2 1 1 268 507 387 521
186 4 2 1 1 382 462 346 253
187 4 2 1 1 339 420 354 237
188 4 2 1 1 95 252 605 559
189 4 2 1 1 250 325 294 370
190 4 2 1 1 306 524 243 373
191 4 2 1 1 580 92 607 22
192 4 2 1 1 265 339 370 505
193 4 2 1 1 165 293 163 443
194 4 2 1 1 346 462 411 253
195 4 2 1 1 588 144 407 456
196 4 2 1 1 380 268 313 417
197 4 2 1 1 268 507 521 404
198 4 2 1 1 244 453 59 484
199 4 2 1 1 240 358 497 307
200 4 2 1 1 391 399 502 514
201 4 2 1 1 320 523 497 395
202 4 2 1 1 189 418 443 575
203 4 2 1 1 320 523 395 290
204 4 2 1 1 366 400 242 514
205 4 2 1 1 320 523 290 476
206 4 2 1 1 207 429 341 473
207 4 2 1 1 274 348 347 444
208 4 2 1 1 22 6 92 607
209 4 2 1 1 236 447 317 395
210 4 2 1 1 293 525 435 552
211 4 2 1 1 261 352 469 450
212 4 2 1 1 305 358 303 513
213 4 2 1 1 580 92 282 607
214 4 2 1 1 19 610 61 2
215 4 2 1 1 239 313 330 352
216 4 2 1 1 254 463 392 502
217 4 2 1 1 382 389 286 243
218 4 2 1 1 266 338 278 371
219 4 2 1 1 337 243 390 345
220 4 2 1 1 2 125 610 35
221 4 2 1 1 406 432 289 473
222 4 2 1 1 281 313 352 469
223 4 2 1 1 529 367 425 311
224 4 2 1 1 588 144 456 143
225 4 2 1 1 239 311 381 545
226 4 2 1 1 271 433 333 465
227 4 2 1 1 336 404 288 507
228 4 2 1 1 119 610 125 35
229 4 2 1 1 298 385 299 402
230 4 2 1 1 293 435 163 519
231 4 2 1 1 254 331 248 555
232 4 2 1 1 285 366 242 502
233 4 2 1 1 268 507 404 336
234 4 2 1 1 239 336 427 571
235 4 2 1 1 585 351 87 611
236 4 2 1 1 119 609 430 113
237 4 2 1 1 365 441 251 511
238 4 2 1 1 438 443 169 519
239 4 2 1 1 404 414 288 507
240 4 2 1 1 380 417 313 451
241 4 2 1 1 288 367 264 534
242 4 2 1 1 339 265 421 505
243 4 2 1 1 331 238 521 523
244 4 2 1 1 266 371 278 372
245 4 2 1 1 145 429 207 473
246 4 2 1 1 367 425 438 323
247 4 2 1 1 345 599 252 559
248 4 2 1 1 574 323 425 255
249 4 2 1 1 34 596 126 586
250 4 2 1 1 240 307 497 517
251 4 2 1 1 306 361 193 570
252 4 2 1 1 476 517 483 320
253 4 2 1 1 381 522 311 239
254 4 2 1 1 134 312 376 530
255 4 2 1 1 387 489 525 245
256 4 2 1 1 238 414 404 507
257 4 2 1 1 430 326 257 351
258 4 2 1 1 596 126 586 568
259 4 2 1 1 268 507 336 387
260 4 2 1 1 34 596 586 76
261 4 2 1 1 251 426 107 501
262 4 2 1 1 317 385 241 512
263 4 2 1 1 255 350 323 367
264 4 2 1 1 302 461 474 497
265 4 2 1 1 305 252 410 506
266 4 2 1 1 234 394 292 544
267 4 2 1 1 269 476 497 307
268 4 2 1 1 330 352 313 469
269 4 2 1 1 604 231 40 41
270 4 2 1 1 359 483 459 557
271 4 2 1 1 585 611 610 430
272 4 2 1 1 529 367 311 522
273 4 2 1 1 269 332 476 307
274 4 2 1 1 517 557 483 359
275 4 2 1 1 155 496 316 378
276 4 2 1 1 255 367 323 425
277 4 2 1 1 270 366 399 400
278 4 2 1 1 249 294 423 485
279 4 2 1 1 366 400 270 500
280 4 2 1 1 245 354 294 370
281 4 2 1 1 476 483 517 263
282 4 2 1 1 192 369 203 181
283 4 2 1 1 574 323 255 342
284 4 2 1 1 112 363 106 364
285 4 2 1 1 319 566 521 485
286 4 2 1 1 163 293 167 525
287 4 2 1 1 297 490 426 501
288 4 2 1 1 40 348 231 604
289 4 2 1 1 604 348 231 538
290 4 2 1 1 189 443 166 575
291 4 2 1 1 250 456 340 479
292 4 2 1 1 306 439 263 480
293 4 2 1 1 373 243 346 548
294 4 2 1 1 284 443 418 575
295 4 2 1 1 260 354 328 579
296 4 2 1 1 307 243 345 390
297 4 2 1 1 112 363 48 106
298 4 2 1 1 452 323 188 578
299 4 2 1 1 320 497 476 517
300 4 2 1 1 250 294 374 494
301 4 2 1 1 538 547 577 347
302 4 2 1 1 208 308 416 421
303 4 2 1 1 545 449 496 381
304 4 2 1 1 294 354 245 487
305 4 2 1 1 299 402 398 298
306 4 2 1 1 306 193 361 345
307 4 2 1 1 49 304 407 458
308 4 2 1 1 293 489 167 525
309 4 2 1 1 208 421 416 539
310 4 2 1 1 288 264 414 534
311 4 2 1 1 525 163 162 191
312 4 2 1 1 388 542 248 553
313 4 2 1 1 270 254 399 366
314 4 2 1 1 171 311 425 438
315 4 2 1 1 137 464 363 48
316 4 2 1 1 243 292 390 394
317 4 2 1 1 261 352 450 449
318 4 2 1 1 229 416 408 508
319 4 2 1 1 529 357 522 343
320 4 2 1 1 49 360 304 458
321 4 2 1 1 427 367 531 522
322 4 2 1 1 319 402 375 553
323 4 2 1 1 411 414 253 462
324 4 2 1 1 266 437 431 338
325 4 2 1 1 524 306 345 193
326 4 2 1 1 525 162 163 435
327 4 2 1 1 470 385 317 436
328 4 2 1 1 610 585 9 93
329 4 2 1 1 340 422 250 479
330 4 2 1 1 235 466 357 344
331 4 2 1 1 327 562 413 563
332 4 2 1 1 249 374 494 428
333 4 2 1 1 264 284 411 443
334 4 2 1 1 279 344 318 466
335 4 2 1 1 357 255 471 565
336 4 2 1 1 266 431 437 468
337 4 2 1 1 267 449 378 450
338 4 2 1 1 284 414 411 462
339 4 2 1 1 242 322 285 502
340 4 2 1 1 249 374 428 470
341 4 2 1 1 249 294 380 494
342 4 2 1 1 367 438 425 311
343 4 2 1 1 262 365 375 526
344 4 2 1 1 160 408 334 435
345 4 2 1 1 427 531 367 288
346 4 2 1 1 269 497 476 523
347 4 2 1 1 157 316 496 558
348 4 2 1 1 241 488 317 566
349 4 2 1 1 296 428 426 295
350 4 2 1 1 276 314 285 344
351 4 2 1 1 318 357 466 344
352 4 2 1 1 120 520 326 412
353 4 2 1 1 387 507 356 521
354 4 2 1 1 397 467 279 500
355 4 2 1 1 234 307 394 527
356 4 2 1 1 259 459 359 483
357 4 2 1 1 582 48 7 112
358 4 2 1 1 328 181 416 539
359 4 2 1 1 339 237 295 562
360 4 2 1 1 573 382 462 324
361 4 2 1 1 352 450 281 469
362 4 2 1 1 395 423 290 566
363 4 2 1 1 358 474 302 513
364 4 2 1 1 429 341 473 537
365 4 2 1 1 308 420 362 518
366 4 2 1 1 317 423 395 566
367 4 2 1 1 509 413 327 562
368 4 2 1 1 476 307 332 517
369 4 2 1 1 610 9 2 93
370 4 2 1 1 171 311 184 425
371 4 2 1 1 234 292 391 544
372 4 2 1 1 385 436 298 492
373 4 2 1 1 355 292 324 392
374 4 2 1 1 262 372 440 511
375 4 2 1 1 250 422 340 509
376 4 2 1 1 585 351 611 430
377 4 2 1 1 68 315 246 437
378 4 2 1 1 361 458 359 360
379 4 2 1 1 249 428 375 470
380 4 2 1 1 263 306 480 517
381 4 2 1 1 584 15 588 143
382 4 2 1 1 262 413 365 526
383 4 2 1 1 276 344 285 386
384 4 2 1 1 160 408 435 508
385 4 2 1 1 238 356 507 521
386 4 2 1 1 319 521 566 331
387 4 2 1 1 517 497 461 320
388 4 2 1 1 584 15 143 3
389 4 2 1 1 294 494 250 237
390 4 2 1 1 306 243 345 307
391 4 2 1 1 346 253 411 546
392 4 2 1 1 366 285 463 502
393 4 2 1 1 311 239 571 545
394 4 2 1 1 264 443 438 519
395 4 2 1 1 290 521 476 523
396 4 2 1 1 294 487 485 380
397 4 2 1 1 243 390 307 394
398 4 2 1 1 397 500 279 542
399 4 2 1 1 264 284 443 293
400 4 2 1 1 210 171 184 425
401 4 2 1 1 365 440 262 375
402 4 2 1 1 288 404 336 427
403 4 2 1 1 335 303 527 550
404 4 2 1 1 264 284 293 507
405 4 2 1 1 296 436 490 297
406 4 2 1 1 574 323 342 578
407 4 2 1 1 542 254 270 366
408 4 2 1 1 107 426 251 576
409 4 2 1 1 248 388 481 542
410 4 2 1 1 269 394 332 307
411 4 2 1 1 218 138 308 442
412 4 2 1 1 252 434 410 506
413 4 2 1 1 264 293 443 519
414 4 2 1 1 257 401 321 535
415 4 2 1 1 295 365 413 526
416 4 2 1 1 298 436 470 297
417 4 2 1 1 318 357 344 275
418 4 2 1 1 267 381 352 431
419 4 2 1 1 260 518 408 330
420 4 2 1 1 258 329 115 520
421 4 2 1 1 272 391 502 514
422 4 2 1 1 371 437 266 338
423 4 2 1 1 241 299 482 433
424 4 2 1 1 316 330 408 261
425 4 2 1 1 289 406 325 432
426 4 2 1 1 143 588 584 456
427 4 2 1 1 306 243 524 345
428 4 2 1 1 588 144 143 139
429 4 2 1 1 339 370 250 237
430 4 2 1 1 362 420 308 421
431 4 2 1 1 243 306 373 332
432 4 2 1 1 316 442 155 378
433 4 2 1 1 239 313 352 551
434 4 2 1 1 432 473 341 537
435 4 2 1 1 395 523 497 550
436 4 2 1 1 514 515 271 536
437 4 2 1 1 303 410 333 465
438 4 2 1 1 225 602 46 47
439 4 2 1 1 363 602 421 225
440 4 2 1 1 171 425 195 438
441 4 2 1 1 355 292 392 273
442 4 2 1 1 372 310 440 511
443 4 2 1 1 267 449 381 540
444 4 2 1 1 242 515 514 536
445 4 2 1 1 256 532 431 338
446 4 2 1 1 363 602 225 47
447 4 2 1 1 583 113 609 20
448 4 2 1 1 195 323 169 438
449 4 2 1 1 113 20 19 609
450 4 2 1 1 241 299 433 385
451 4 2 1 1 498 563 281 543
452 4 2 1 1 264 293 519 552
453 4 2 1 1 113 19 125 609
454 4 2 1 1 408 330 518 261
455 4 2 1 1 583 430 609 113
456 4 2 1 1 269 497 523 550
457 4 2 1 1 517 557 359 480
458 4 2 1 1 162 179 508 525
459 4 2 1 1 285 463 344 564
460 4 2 1 1 270 402 398 482
461 4 2 1 1 397 542 388 553
462 4 2 1 1 163 435 293 525
463 4 2 1 1 259 359 461 483
464 4 2 1 1 274 347 342 486
465 4 2 1 1 298 375 297 470
466 4 2 1 1 328 416 179 508
467 4 2 1 1 397 481 388 542
468 4 2 1 1 320 356 290 403
469 4 2 1 1 240 474 461 497
470 4 2 1 1 239 367 427 522
471 4 2 1 1 166 443 411 575
472 4 2 1 1 353 467 280 500
473 4 2 1 1 192 369 181 328
474 4 2 1 1 119 609 113 125
475 4 2 1 1 162 508 435 525
476 4 2 1 1 323 367 350 534
477 4 2 1 1 452 188 323 411
478 4 2 1 1 297 436 490 244
479 4 2 1 1 319 388 248 553
480 4 2 1 1 262 365 413 511
481 4 2 1 1 334 408 316 330
482 4 2 1 1 278 279 338 481
483 4 2 1 1 243 292 389 390
484 4 2 1 1 267 352 381 449
485 4 2 1 1 326 611 119 606
486 4 2 1 1 576 309 106 110
487 4 2 1 1 365 440 375 441
488 4 2 1 1 378 449 261 450
489 4 2 1 1 208 308 138 416
490 4 2 1 1 424 427 313 446
491 4 2 1 1 289 369 429 537
492 4 2 1 1 239 431 291 551
493 4 2 1 1 399 400 366 514
494 4 2 1 1 248 427 424 446
495 4 2 1 1 333 303 433 512
496 4 2 1 1 234 390 292 394
497 4 2 1 1 239 291 427 551
498 4 2 1 1 381 431 522 239
499 4 2 1 1 264 411 284 414
500 4 2 1 1 311 438 171 558
501 4 2 1 1 536 482 299 433
502 4 2 1 1 195 425 323 438
503 4 2 1 1 243 307 306 332
504 4 2 1 1 290 356 320 476
505 4 2 1 1 157 334 160 408
506 4 2 1 1 376 384 312 457
507 4 2 1 1 461 483 359 517
508 4 2 1 1 334 408 260 435
509 4 2 1 1 303 358 305 506
510 4 2 1 1 169 323 188 411
511 4 2 1 1 171 195 425 210
512 4 2 1 1 423 485 294 487
513 4 2 1 1 599 146 605 559
514 4 2 1 1 605 1 146 12
515 4 2 1 1 278 279 481 397
516 4 2 1 1 87 611 351 82
517 4 2 1 1 345 240 307 499
518 4 2 1 1 599 146 559 131
519 4 2 1 1 375 402 319 488
520 4 2 1 1 302 461 419 474
521 4 2 1 1 299 398 402 482
522 4 2 1 1 392 463 285 502
523 4 2 1 1 430 326 119 113
524 4 2 1 1 127 13 14 590
525 4 2 1 1 573 462 382 253
526 4 2 1 1 418 480 168 557
527 4 2 1 1 127 590 14 458
528 4 2 1 1 267 381 343 540
529 4 2 1 1 239 291 431 522
530 4 2 1 1 420 417 518 354
531 4 2 1 1 307 499 358 506
532 4 2 1 1 286 243 337 548
533 4 2 1 1 294 249 374 494
534 4 2 1 1 420 417 354 237
535 4 2 1 1 310 441 440 511
536 4 2 1 1 265 369 328 539
537 4 2 1 1 404 427 248 446
538 4 2 1 1 250 374 325 455
539 4 2 1 1 361 458 360 590
540 4 2 1 1 408 260 435 508
541 4 2 1 1 5 25 594 149
542 4 2 1 1 261 352 449 330
543 4 2 1 1 594 600 149 25
544 4 2 1 1 542 254 366 349
545 4 2 1 1 331 319 555 566
546 4 2 1 1 250 339 295 509
547 4 2 1 1 410 430 333 477
548 4 2 1 1 594 600 376 149
549 4 2 1 1 250 340 456 505
550 4 2 1 1 202 316 408 442
551 4 2 1 1 54 484 59 453
552 4 2 1 1 594 149 376 377
553 4 2 1 1 350 486 323 534
554 4 2 1 1 269 523 335 550
555 4 2 1 1 354 387 245 487
556 4 2 1 1 124 42 4 608
557 4 2 1 1 299 398 321 298
558 4 2 1 1 241 317 395 566
559 4 2 1 1 464 543 450 261
560 4 2 1 1 145 223 289 473
561 4 2 1 1 205 369 289 505
562 4 2 1 1 608 591 124 42
563 4 2 1 1 276 393 322 493
564 4 2 1 1 404 460 248 556
565 4 2 1 1 512 333 301 385
566 4 2 1 1 189 439 418 575
567 4 2 1 1 269 394 307 527
568 4 2 1 1 462 332 394 243
569 4 2 1 1 289 429 473 537
570 4 2 1 1 279 467 338 247
571 4 2 1 1 403 395 423 290
572 4 2 1 1 234 527 394 544
573 4 2 1 1 416 421 265 539
574 4 2 1 1 239 427 291 522
575 4 2 1 1 312 384 376 530
576 4 2 1 1 320 483 461 517
577 4 2 1 1 252 287 84 434
578 4 2 1 1 570 240 517 306
579 4 2 1 1 233 375 402 553
580 4 2 1 1 267 343 381 431
581 4 2 1 1 380 313 262 451
582 4 2 1 1 269 307 358 527
583 4 2 1 1 230 480 306 570
584 4 2 1 1 285 393 392 502
585 4 2 1 1 242 353 280 500
586 4 2 1 1 608 591 554 124
587 4 2 1 1 235 357 466 531
588 4 2 1 1 291 466 357 531
589 4 2 1 1 184 311 171 558
590 4 2 1 1 237 451 417 380
591 4 2 1 1 295 428 365 526
592 4 2 1 1 234 307 390 394
593 4 2 1 1 286 347 444 253
594 4 2 1 1 313 281 451 469
595 4 2 1 1 317 447 236 454
596 4 2 1 1 331 335 254 544
597 4 2 1 1 361 458 127 359
598 4 2 1 1 254 366 349 463
599 4 2 1 1 254 460 324 569
600 4 2 1 1 254 324 463 569
601 4 2 1 1 265 420 339 421
602 4 2 1 1 524 306 193 148
603 4 2 1 1 202 408 138 442
604 4 2 1 1 318 475 256 275
605 4 2 1 1 451 526 237 413
606 4 2 1 1 328 354 265 579
607 4 2 1 1 536 482 433 271
608 4 2 1 1 278 397 388 495
609 4 2 1 1 388 397 233 495
610 4 2 1 1 607 32 6 123
611 4 2 1 1 241 395 317 512
612 4 2 1 1 485 566 521 290
613 4 2 1 1 320 403 290 395
614 4 2 1 1 180 179 416 508
615 4 2 1 1 517 461 497 240
616 4 2 1 1 269 335 527 550
617 4 2 1 1 264 507 293 552
618 4 2 1 1 230 439 306 480
619 4 2 1 1 240 358 307 499
620 4 2 1 1 202 316 442 154
621 4 2 1 1 236 419 406 447
622 4 2 1 1 256 431 437 338
623 4 2 1 1 182 418 439 480
624 4 2 1 1 238 414 324 460
625 4 2 1 1 247 338 371 467
626 4 2 1 1 339 250 370 505
627 4 2 1 1 50 283 410 430
628 4 2 1 1 262 440 365 511
629 4 2 1 1 145 369 203 429
630 4 2 1 1 322 393 285 502
631 4 2 1 1 245 403 356 483
632 4 2 1 1 343 532 431 560
633 4 2 1 1 523 566 521 331
634 4 2 1 1 262 372 379 281
635 4 2 1 1 430 445 326 113
636 4 2 1 1 302 320 497 395
637 4 2 1 1 184 425 311 528
638 4 2 1 1 488 375 249 485
639 4 2 1 1 570 240 306 361
640 4 2 1 1 587 607 123 32
641 4 2 1 1 184 496 311 558
642 4 2 1 1 311 571 239 367
643 4 2 1 1 318 357 275 532
644 4 2 1 1 423 395 403 236
645 4 2 1 1 399 482 335 555
646 4 2 1 1 286 541 348 547
647 4 2 1 1 523 521 566 290
648 4 2 1 1 270 254 248 555
649 4 2 1 1 570 240 361 359
650 4 2 1 1 570 240 359 517
651 4 2 1 1 302 419 320 395
652 4 2 1 1 40 348 81 541
653 4 2 1 1 587 607 282 123
654 4 2 1 1 382 389 292 273
655 4 2 1 1 177 341 429 489
656 4 2 1 1 233 388 375 553
657 4 2 1 1 236 325 406 403
658 4 2 1 1 269 394 527 544
659 4 2 1 1 262 379 372 511
660 4 2 1 1 322 242 472 515
661 4 2 1 1 353 366 279 500
662 4 2 1 1 588 300 456 407
663 4 2 1 1 194 438 169 519
664 4 2 1 1 294 374 249 423
665 4 2 1 1 261 378 316 449
666 4 2 1 1 606 351 611 82
667 4 2 1 1 323 425 195 578
668 4 2 1 1 254 391 399 502
669 4 2 1 1 388 440 278 495
670 4 2 1 1 114 122 119 326
671 4 2 1 1 403 423 294 487
672 4 2 1 1 293 356 489 387
673 4 2 1 1 579 408 416 508
674 4 2 1 1 114 606 282 326
675 4 2 1 1 579 416 408 308
676 4 2 1 1 260 328 435 508
677 4 2 1 1 359 360 240 361
678 4 2 1 1 464 450 543 315
679 4 2 1 1 274 444 386 493
680 4 2 1 1 243 524 337 548
681 4 2 1 1 36 611 82 606
682 4 2 1 1 310 368 441 258
683 4 2 1 1 278 371 467 495
684 4 2 1 1 249 374 470 423
685 4 2 1 1 279 338 318 247
686 4 2 1 1 325 374 236 455
687 4 2 1 1 271 391 409 514
688 4 2 1 1 328 429 245 525
689 4 2 1 1 179 192 181 328
690 4 2 1 1 420 469 362 518
691 4 2 1 1 332 263 284 476
692 4 2 1 1 324 569 460 573
693 4 2 1 1 303 433 335 465
694 4 2 1 1 574 323 578 425
695 4 2 1 1 297 251 365 441
696 4 2 1 1 349 248 460 556
697 4 2 1 1 278 279 397 467
698 4 2 1 1 530 528 128 312
699 4 2 1 1 398 400 270 482
700 4 2 1 1 111 456 300 479
701 4 2 1 1 243 332 394 307
702 4 2 1 1 269 527 335 544
703 4 2 1 1 189 418 165 443
704 4 2 1 1 145 228 207 429
705 4 2 1 1 179 328 508 525
706 4 2 1 1 360 499 474 240
707 4 2 1 1 301 395 317 447
708 4 2 1 1 495 398 397 233
709 4 2 1 1 267 437 431 468
710 4 2 1 1 544 523 331 335
711 4 2 1 1 242 401 472 515
712 4 2 1 1 261 352 330 469
713 4 2 1 1 606 114 581 36
714 4 2 1 1 574 219 135 425
715 4 2 1 1 538 577 547 197
716 4 2 1 1 265 308 421 416
717 4 2 1 1 184 311 496 528
718 4 2 1 1 341 459 207 473
719 4 2 1 1 260 408 334 330
720 4 2 1 1 472 606 86 351
721 4 2 1 1 263 476 332 517
722 4 2 1 1 544 523 335 269
723 4 2 1 1 520 441 368 258
724 4 2 1 1 264 411 414 534
725 4 2 1 1 520 368 441 321
726 4 2 1 1 397 467 280 495
727 4 2 1 1 262 379 451 281
728 4 2 1 1 245 525 429 489
729 4 2 1 1 384 532 256 275
730 4 2 1 1 245 370 325 537
731 4 2 1 1 406 432 259 403
732 4 2 1 1 453 52 304 383
733 4 2 1 1 295 339 250 237
734 4 2 1 1 313 424 262 281
735 4 2 1 1 606 114 36 119
736 4 2 1 1 241 402 488 555
737 4 2 1 1 265 308 416 579
738 4 2 1 1 380 494 294 237
739 4 2 1 1 529 367 522 255
740 4 2 1 1 600 312 457 376
741 4 2 1 1 299 400 398 482
742 4 2 1 1 367 438 264 534
743 4 2 1 1 271 409 391 465
744 4 2 1 1 323 438 367 534
745 4 2 1 1 146 38 605 559
746 4 2 1 1 388 440 495 233
747 4 2 1 1 372 424 262 440
748 4 2 1 1 254 392 391 502
749 4 2 1 1 268 485 487 380
750 4 2 1 1 245 432 403 483
751 4 2 1 1 418 439 284 575
752 4 2 1 1 86 606 282 88
753 4 2 1 1 580 314 405 533
754 4 2 1 1 161 435 334 519
755 4 2 1 1 355 569 324 573
756 4 2 1 1 412 520 326 567
757 4 2 1 1 565 574 342 376
758 4 2 1 1 293 356 387 507
759 4 2 1 1 188 169 195 323
760 4 2 1 1 301 385 317 512
761 4 2 1 1 254 399 366 502
762 4 2 1 1 182 418 480 168
763 4 2 1 1 599 146 131 12
764 4 2 1 1 262 424 372 281
765 4 2 1 1 234 335 527 544
766 4 2 1 1 245 483 356 489
767 4 2 1 1 242 285 314 353
768 4 2 1 1 177 207 228 429
769 4 2 1 1 265 308 579 420
770 4 2 1 1 303 358 506 527
771 4 2 1 1 286 444 382 253
772 4 2 1 1 604 136 231 41
773 4 2 1 1 136 604 231 538
774 4 2 1 1 313 417 330 469
775 4 2 1 1 411 443 284 575
776 4 2 1 1 315 396 246 498
777 4 2 1 1 590 361 510 360
778 4 2 1 1 189 165 166 443
779 4 2 1 1 263 356 476 483
780 4 2 1 1 418 168 489 557
781 4 2 1 1 303 512 333 513
782 4 2 1 1 235 344 463 564
783 4 2 1 1 313 262 451 281
784 4 2 1 1 469 518 330 261
785 4 2 1 1 279 481 397 542
786 4 2 1 1 266 437 371 468
787 4 2 1 1 245 325 403 432
788 4 2 1 1 255 350 367 522
789 4 2 1 1 170 411 452 546
790 4 2 1 1 301 317 395 512
791 4 2 1 1 175 341 177 489
792 4 2 1 1 262 424 313 446
793 4 2 1 1 286 273 382 444
794 4 2 1 1 453 304 52 62
795 4 2 1 1 278 424 372 440
796 4 2 1 1 266 468 372 281
797 4 2 1 1 154 155 156 316
798 4 2 1 1 248 388 319 446
799 4 2 1 1 277 430 410 477
800 4 2 1 1 293 356 507 284
801 4 2 1 1 279 353 467 247
802 4 2 1 1 458 459 259 473
803 4 2 1 1 313 427 424 551
804 4 2 1 1 593 410 252 434
805 4 2 1 1 559 390 337 287
806 4 2 1 1 355 392 463 386
807 4 2 1 1 544 523 269 238
808 4 2 1 1 266 372 424 281
809 4 2 1 1 85 314 276 405
810 4 2 1 1 75 246 415 437
811 4 2 1 1 262 375 380 526
812 4 2 1 1 313 451 417 469
813 4 2 1 1 149 604 377 41
814 4 2 1 1 470 296 297 436
815 4 2 1 1 238 332 284 476
816 4 2 1 1 459 483 341 557
817 4 2 1 1 173 346 546 548
818 4 2 1 1 239 427 313 551
819 4 2 1 1 253 382 355 444
820 4 2 1 1 299 385 333 433
821 4 2 1 1 236 447 406 455
822 4 2 1 1 420 417 237 469
823 4 2 1 1 323 342 452 486
824 4 2 1 1 371 475 437 338
825 4 2 1 1 255 357 350 522
826 4 2 1 1 275 384 376 457
827 4 2 1 1 267 352 450 468
828 4 2 1 1 278 467 397 495
829 4 2 1 1 241 335 433 482
830 4 2 1 1 292 394 324 544
831 4 2 1 1 115 329 258 568
832 4 2 1 1 85 276 314 322
833 4 2 1 1 293 356 284 489
834 4 2 1 1 293 443 418 284
835 4 2 1 1 149 604 41 136
836 4 2 1 1 393 273 272 504
837 4 2 1 1 603 16 17 98
838 4 2 1 1 260 387 354 417
839 4 2 1 1 317 385 301 436
840 4 2 1 1 294 237 354 380
841 4 2 1 1 98 17 603 491
842 4 2 1 1 260 336 387 417
843 4 2 1 1 318 405 344 247
844 4 2 1 1 486 573 350 572
845 4 2 1 1 253 572 355 573
846 4 2 1 1 355 273 392 386
847 4 2 1 1 98 491 603 554
848 4 2 1 1 310 251 441 511
849 4 2 1 1 159 334 157 558
850 4 2 1 1 451 526 413 262
851 4 2 1 1 233 388 440 375
852 4 2 1 1 603 16 98 554
853 4 2 1 1 420 421 362 562
854 4 2 1 1 225 129 46 602
855 4 2 1 1 451 526 262 380
856 4 2 1 1 225 129 602 421
857 4 2 1 1 559 390 287 252
858 4 2 1 1 234 335 391 465
859 4 2 1 1 316 378 261 442
860 4 2 1 1 254 463 349 569
861 4 2 1 1 529 357 343 384
862 4 2 1 1 242 285 353 366
863 4 2 1 1 273 386 444 493
864 4 2 1 1 355 292 273 382
865 4 2 1 1 537 505 325 289
866 4 2 1 1 381 529 343 540
867 4 2 1 1 288 460 404 556
868 4 2 1 1 319 488 402 555
869 4 2 1 1 261 363 308 442
870 4 2 1 1 253 444 355 572
871 4 2 1 1 318 475 405 247
872 4 2 1 1 380 375 446 485
873 4 2 1 1 356 284 263 476
874 4 2 1 1 529 357 384 255
875 4 2 1 1 524 306 148 373
876 4 2 1 1 374 423 236 454
877 4 2 1 1 287 81 273 541
878 4 2 1 1 395 447 513 302
879 4 2 1 1 546 547 347 577
880 4 2 1 1 49 407 14 458
881 4 2 1 1 339 421 420 562
882 4 2 1 1 150 376 342 574
883 4 2 1 1 380 262 313 446
884 4 2 1 1 414 460 288 573
885 4 2 1 1 261 362 308 363
886 4 2 1 1 170 411 188 452
887 4 2 1 1 187 359 186 570
888 4 2 1 1 157 316 156 496
889 4 2 1 1 517 557 480 263
890 4 2 1 1 175 341 489 557
891 4 2 1 1 148 190 373 439
892 4 2 1 1 346 373 217 575
893 4 2 1 1 256 318 532 338
894 4 2 1 1 317 236 423 454
895 4 2 1 1 331 555 523 566
896 4 2 1 1 68 246 75 437
897 4 2 1 1 411 546 170 575
898 4 2 1 1 139 14 407 458
899 4 2 1 1 245 325 432 537
900 4 2 1 1 316 449 330 261
901 4 2 1 1 509 413 562 295
902 4 2 1 1 325 432 406 403
903 4 2 1 1 263 480 418 557
904 4 2 1 1 245 341 429 537
905 4 2 1 1 51 445 244 484
906 4 2 1 1 241 335 482 555
907 4 2 1 1 46 602 129 340
908 4 2 1 1 308 518 408 579
909 4 2 1 1 129 340 602 421
910 4 2 1 1 253 347 444 486
911 4 2 1 1 291 522 427 531
912 4 2 1 1 160 334 161 435
913 4 2 1 1 599 605 252 559
914 4 2 1 1 177 341 207 429
915 4 2 1 1 276 285 393 386
916 4 2 1 1 398 402 270 553
917 4 2 1 1 265 539 421 505
918 4 2 1 1 245 432 341 537
919 4 2 1 1 470 423 317 488
920 4 2 1 1 379 451 281 563
921 4 2 1 1 39 601 38 132
922 4 2 1 1 544 523 238 331
923 4 2 1 1 418 284 263 489
924 4 2 1 1 263 439 418 480
925 4 2 1 1 238 476 356 521
926 4 2 1 1 420 417 469 518
927 4 2 1 1 366 242 400 500
928 4 2 1 1 201 601 541 39
929 4 2 1 1 150 342 221 574
930 4 2 1 1 324 460 414 573
931 4 2 1 1 86 606 88 82
932 4 2 1 1 254 349 460 569
933 4 2 1 1 238 356 284 507
934 4 2 1 1 133 373 217 548
935 4 2 1 1 38 132 601 559
936 4 2 1 1 417 487 387 354
937 4 2 1 1 254 391 335 399
938 4 2 1 1 265 328 416 539
939 4 2 1 1 303 513 358 550
940 4 2 1 1 331 404 238 460
941 4 2 1 1 214 597 142 46
942 4 2 1 1 452 546 347 577
943 4 2 1 1 132 337 601 559
944 4 2 1 1 50 283 53 410
945 4 2 1 1 269 476 238 523
946 4 2 1 1 155 496 378 199
947 4 2 1 1 481 266 278 424
948 4 2 1 1 358 513 302 550
949 4 2 1 1 356 403 320 483
950 4 2 1 1 245 429 328 537
951 4 2 1 1 355 382 253 573
952 4 2 1 1 357 384 255 565
953 4 2 1 1 201 601 39 132
954 4 2 1 1 548 224 201 133
955 4 2 1 1 293 284 418 489
956 4 2 1 1 472 606 351 326
957 4 2 1 1 233 441 440 495
958 4 2 1 1 177 489 429 525
959 4 2 1 1 566 555 488 319
960 4 2 1 1 380 446 268 485
961 4 2 1 1 234 391 292 503
962 4 2 1 1 503 392 391 292
963 4 2 1 1 217 346 173 548
964 4 2 1 1 235 357 350 471
965 4 2 1 1 235 471 386 344
966 4 2 1 1 280 400 398 535
967 4 2 1 1 488 555 566 241
968 4 2 1 1 600 25 26 134
969 4 2 1 1 164 443 163 519
970 4 2 1 1 569 573 572 350
971 4 2 1 1 260 387 336 552
972 4 2 1 1 192 328 179 525
973 4 2 1 1 600 149 25 134
974 4 2 1 1 161 334 159 519
975 4 2 1 1 252 390 287 434
976 4 2 1 1 158 496 184 558
977 4 2 1 1 164 169 443 519
978 4 2 1 1 162 191 179 525
979 4 2 1 1 356 476 290 521
980 4 2 1 1 249 485 423 488
981 4 2 1 1 423 488 485 566
982 4 2 1 1 336 268 387 417
983 4 2 1 1 267 378 315 450
984 4 2 1 1 61 585 9 610
985 4 2 1 1 251 413 365 511
986 4 2 1 1 354 487 294 380
987 4 2 1 1 188 323 195 578
988 4 2 1 1 233 398 298 321
989 4 2 1 1 600 312 376 134
990 4 2 1 1 253 486 444 572
991 4 2 1 1 593 410 434 277
992 4 2 1 1 243 373 346 332
993 4 2 1 1 395 241 523 550
994 4 2 1 1 395 512 241 550
995 4 2 1 1 448 474 360 510
996 4 2 1 1 61 585 50 9
997 4 2 1 1 463 324 355 569
998 4 2 1 1 315 378 267 561
999 4 2 1 1 278 279 467 338
1000 4 2 1 1 600 312 134 26
1001 4 2 1 1 325 370 250 505
1002 4 2 1 1 238 324 414 462
1003 4 2 1 1 360 499 240 361
1004 4 2 1 1 416 181 206 539
1005 4 2 1 1 495 398 233 321
1006 4 2 1 1 602 309 363 421
1007 4 2 1 1 149 134 600 376
1008 4 2 1 1 348 273 286 444
1009 4 2 1 1 395 513 447 301
1010 4 2 1 1 12 13 131 599
1011 4 2 1 1 51 244 59 484
1012 4 2 1 1 515 536 401 351
1013 4 2 1 1 270 400 398 500
1014 4 2 1 1 235 386 355 463
1015 4 2 1 1 319 446 375 485
1016 4 2 1 1 253 462 414 573
1017 4 2 1 1 13 213 131 599
1018 4 2 1 1 318 344 279 247
1019 4 2 1 1 316 334 545 558
1020 4 2 1 1 361 599 590 510
1021 4 2 1 1 515 401 536 242
1022 4 2 1 1 78 256 437 475
1023 4 2 1 1 218 222 138 442
1024 4 2 1 1 513 447 453 448
1025 4 2 1 1 372 281 468 498
1026 4 2 1 1 408 442 316 261
1027 4 2 1 1 337 286 389 243
1028 4 2 1 1 599 605 12 63
1029 4 2 1 1 334 159 438 558
1030 4 2 1 1 599 146 12 605
1031 4 2 1 1 470 423 488 249
1032 4 2 1 1 248 424 427 481
1033 4 2 1 1 238 507 404 521
1034 4 2 1 1 328 429 369 537
1035 4 2 1 1 414 462 324 573
1036 4 2 1 1 315 437 68 561
1037 4 2 1 1 468 267 315 450
1038 4 2 1 1 355 463 392 324
1039 4 2 1 1 220 190 217 373
1040 4 2 1 1 237 417 451 469
1041 4 2 1 1 323 452 342 578
1042 4 2 1 1 237 339 420 562
1043 4 2 1 1 481 278 266 338
1044 4 2 1 1 140 207 459 473
1045 4 2 1 1 233 398 402 298
1046 4 2 1 1 334 438 159 519
1047 4 2 1 1 470 385 436 298
1048 4 2 1 1 424 551 427 481
1049 4 2 1 1 599 499 361 345
1050 4 2 1 1 346 546 411 575
1051 4 2 1 1 192 429 328 525
1052 4 2 1 1 279 500 366 542
1053 4 2 1 1 542 254 349 248
1054 4 2 1 1 435 519 293 552
1055 4 2 1 1 234 391 335 544
1056 4 2 1 1 279 366 353 564
1057 4 2 1 1 599 499 345 252
1058 4 2 1 1 256 437 475 338
1059 4 2 1 1 353 366 285 564
1060 4 2 1 1 138 202 229 408
1061 4 2 1 1 375 428 297 470
1062 4 2 1 1 567 314 353 472
1063 4 2 1 1 236 454 447 455
1064 4 2 1 1 233 375 440 441
1065 4 2 1 1 254 324 460 544
1066 4 2 1 1 297 375 365 428
1067 4 2 1 1 250 494 295 237
1068 4 2 1 1 259 360 419 461
1069 4 2 1 1 239 352 431 551
1070 4 2 1 1 238 284 356 476
1071 4 2 1 1 333 433 385 512
1072 4 2 1 1 253 452 411 546
1073 4 2 1 1 320 476 356 483
1074 4 2 1 1 528 381 540 529
1075 4 2 1 1 567 353 314 247
1076 4 2 1 1 486 573 572 253
1077 4 2 1 1 355 292 382 324
1078 4 2 1 1 245 429 341 489
1079 4 2 1 1 191 163 167 525
1080 4 2 1 1 218 308 363 442
1081 4 2 1 1 127 359 187 361
1082 4 2 1 1 317 488 423 566
1083 4 2 1 1 445 490 297 329
1084 4 2 1 1 379 281 372 498
1085 4 2 1 1 259 320 403 483
1086 4 2 1 1 229 408 178 508
1087 4 2 1 1 542 254 248 270
1088 4 2 1 1 237 451 413 563
1089 4 2 1 1 27 28 598 141
1090 4 2 1 1 324 238 460 544
1091 4 2 1 1 163 164 165 443
1092 4 2 1 1 255 529 425 574
1093 4 2 1 1 235 466 344 564
1094 4 2 1 1 259 320 483 461
1095 4 2 1 1 316 155 442 154
1096 4 2 1 1 341 459 259 483
1097 4 2 1 1 380 526 494 237
1098 4 2 1 1 367 438 311 571
1099 4 2 1 1 572 573 569 355
1100 4 2 1 1 238 404 331 521
1101 4 2 1 1 379 413 262 451
1102 4 2 1 1 356 487 387 521
1103 4 2 1 1 417 487 354 380
1104 4 2 1 1 219 195 425 578
1105 4 2 1 1 185 341 557 459
1106 4 2 1 1 27 478 141 598
1107 4 2 1 1 301 447 317 454
1108 4 2 1 1 382 394 292 243
1109 4 2 1 1 240 474 358 499
1110 4 2 1 1 420 469 237 562
1111 4 2 1 1 413 451 379 563
1112 4 2 1 1 86 472 351 515
1113 4 2 1 1 332 394 269 238
1114 4 2 1 1 529 357 255 522
1115 4 2 1 1 205 145 289 369
1116 4 2 1 1 528 381 529 311
1117 4 2 1 1 349 466 279 481
1118 4 2 1 1 295 526 413 237
1119 4 2 1 1 343 522 431 532
1120 4 2 1 1 431 522 291 532
1121 4 2 1 1 323 452 411 534
1122 4 2 1 1 253 411 452 534
1123 4 2 1 1 279 353 344 564
1124 4 2 1 1 334 330 316 545
1125 4 2 1 1 296 374 454 470
1126 4 2 1 1 470 385 298 488
1127 4 2 1 1 292 392 391 324
1128 4 2 1 1 235 350 357 531
1129 4 2 1 1 283 305 303 513
1130 4 2 1 1 28 598 141 464
1131 4 2 1 1 243 382 462 346
1132 4 2 1 1 272 393 322 502
1133 4 2 1 1 119 609 125 610
1134 4 2 1 1 344 353 285 564
1135 4 2 1 1 127 359 186 187
1136 4 2 1 1 331 404 460 248
1137 4 2 1 1 401 321 567 326
1138 4 2 1 1 517 557 263 483
1139 4 2 1 1 243 346 462 332
1140 4 2 1 1 388 424 248 481
1141 4 2 1 1 241 482 402 555
1142 4 2 1 1 319 248 331 555
1143 4 2 1 1 349 481 279 542
1144 4 2 1 1 241 523 555 566
1145 4 2 1 1 138 208 218 308
1146 4 2 1 1 273 386 355 444
1147 4 2 1 1 141 598 378 464
1148 4 2 1 1 285 366 463 564
1149 4 2 1 1 486 573 253 534
1150 4 2 1 1 350 367 288 534
1151 4 2 1 1 263 418 489 557
1152 4 2 1 1 339 340 309 509
1153 4 2 1 1 160 157 159 334
1154 4 2 1 1 272 409 391 514
1155 4 2 1 1 270 402 482 555
1156 4 2 1 1 253 414 411 534
1157 4 2 1 1 270 248 542 553
1158 4 2 1 1 343 384 357 532
1159 4 2 1 1 240 461 359 517
1160 4 2 1 1 278 424 388 481
1161 4 2 1 1 505 204 205 369
1162 4 2 1 1 160 159 161 334
1163 4 2 1 1 574 219 425 578
1164 4 2 1 1 333 430 283 484
1165 4 2 1 1 80 275 377 376
1166 4 2 1 1 303 465 335 527
1167 4 2 1 1 85 276 322 493
1168 4 2 1 1 264 438 367 571
1169 4 2 1 1 588 300 407 57
1170 4 2 1 1 232 193 148 524
1171 4 2 1 1 288 367 350 531
1172 4 2 1 1 248 349 481 556
1173 4 2 1 1 51 430 445 484
1174 4 2 1 1 160 178 408 508
1175 4 2 1 1 193 230 148 306
1176 4 2 1 1 218 308 208 421
1177 4 2 1 1 278 388 397 481
1178 4 2 1 1 148 230 190 439
1179 4 2 1 1 435 508 328 525
1180 4 2 1 1 27 141 478 209
1181 4 2 1 1 45 597 46 142
1182 4 2 1 1 182 439 230 480
1183 4 2 1 1 386 344 471 516
1184 4 2 1 1 321 520 368 567
1185 4 2 1 1 347 348 274 538
1186 4 2 1 1 528 381 311 496
1187 4 2 1 1 214 597 46 340
1188 4 2 1 1 280 321 401 535
1189 4 2 1 1 235 355 386 572
1190 4 2 1 1 273 355 382 444
1191 4 2 1 1 214 597 340 456
1192 4 2 1 1 597 142 45 456
1193 4 2 1 1 248 481 349 542
1194 4 2 1 1 297 501 441 520
1195 4 2 1 1 230 306 193 570
1196 4 2 1 1 85 83 314 405
1197 4 2 1 1 575 170 173 546
1198 4 2 1 1 164 194 169 519
1199 4 2 1 1 126 596 8 44
1200 4 2 1 1 34 596 76 8
1201 4 2 1 1 596 586 76 568
1202 4 2 1 1 546 577 196 547
1203 4 2 1 1 345 599 559 131
1204 4 2 1 1 488 375 485 319
1205 4 2 1 1 78 437 415 475
1206 4 2 1 1 330 518 417 260
1207 4 2 1 1 449 316 496 378
1208 4 2 1 1 260 417 354 518
1209 4 2 1 1 316 545 496 558
1210 4 2 1 1 332 238 269 476
1211 4 2 1 1 259 320 419 403
1212 4 2 1 1 305 448 62 510
1213 4 2 1 1 298 492 436 297
1214 4 2 1 1 150 221 530 574
1215 4 2 1 1 246 371 310 549
1216 4 2 1 1 249 494 380 526
1217 4 2 1 1 505 205 204 214
1218 4 2 1 1 347 538 342 577
1219 4 2 1 1 44 126 596 568
1220 4 2 1 1 144 473 407 289
1221 4 2 1 1 541 287 389 273
1222 4 2 1 1 324 238 394 462
1223 4 2 1 1 431 437 267 560
1224 4 2 1 1 194 195 169 438
1225 4 2 1 1 17 18 595 101
1226 4 2 1 1 595 17 101 491
1227 4 2 1 1 332 307 306 517
1228 4 2 1 1 595 101 479 491
1229 4 2 1 1 462 332 346 575
1230 4 2 1 1 296 428 374 470
1231 4 2 1 1 111 595 300 18
1232 4 2 1 1 417 487 380 268
1233 4 2 1 1 528 381 496 540
1234 4 2 1 1 182 418 168 189
1235 4 2 1 1 297 329 490 501
1236 4 2 1 1 466 481 349 556
1237 4 2 1 1 173 546 346 575
1238 4 2 1 1 235 349 466 564
1239 4 2 1 1 349 463 366 564
1240 4 2 1 1 207 177 175 341
1241 4 2 1 1 262 424 388 440
1242 4 2 1 1 391 392 254 324
1243 4 2 1 1 120 520 412 115
1244 4 2 1 1 256 431 532 560
1245 4 2 1 1 426 490 102 501
1246 4 2 1 1 252 53 305 410
1247 4 2 1 1 270 398 397 500
1248 4 2 1 1 279 344 466 564
1249 4 2 1 1 111 595 18 101
1250 4 2 1 1 594 24 5 96
1251 4 2 1 1 325 289 432 537
1252 4 2 1 1 284 332 462 575
1253 4 2 1 1 483 245 341 489
1254 4 2 1 1 594 41 5 149
1255 4 2 1 1 249 375 380 485
1256 4 2 1 1 309 340 110 509
1257 4 2 1 1 506 409 410 465
1258 4 2 1 1 295 251 365 426
1259 4 2 1 1 86 606 82 351
1260 4 2 1 1 50 410 277 430
1261 4 2 1 1 242 366 353 500
1262 4 2 1 1 594 41 96 5
1263 4 2 1 1 233 375 441 298
1264 4 2 1 1 194 159 438 519
1265 4 2 1 1 392 393 272 502
1266 4 2 1 1 259 359 360 461
1267 4 2 1 1 594 24 96 377
1268 4 2 1 1 259 419 406 403
1269 4 2 1 1 245 356 403 487
1270 4 2 1 1 269 238 394 544
1271 4 2 1 1 242 314 285 322
1272 4 2 1 1 388 424 278 440
1273 4 2 1 1 260 330 334 552
1274 4 2 1 1 334 552 330 571
1275 4 2 1 1 260 408 518 579
1276 4 2 1 1 260 336 417 330
1277 4 2 1 1 451 526 380 237
1278 4 2 1 1 593 11 10 84
1279 4 2 1 1 210 219 195 425
1280 4 2 1 1 160 435 162 508
1281 4 2 1 1 345 240 499 361
1282 4 2 1 1 399 366 502 514
1283 4 2 1 1 593 95 11 84
1284 4 2 1 1 272 514 502 515
1285 4 2 1 1 238 284 332 462
1286 4 2 1 1 260 334 435 552
1287 4 2 1 1 302 419 447 448
1288 4 2 1 1 246 372 371 468
1289 4 2 1 1 259 341 432 473
1290 4 2 1 1 166 169 411 443
1291 4 2 1 1 259 459 341 473
1292 4 2 1 1 289 473 432 537
1293 4 2 1 1 260 508 408 579
1294 4 2 1 1 250 295 422 509
1295 4 2 1 1 84 434 287 504
1296 4 2 1 1 301 512 395 513
1297 4 2 1 1 541 389 287 337
1298 4 2 1 1 190 217 373 575
1299 4 2 1 1 279 466 338 481
1300 4 2 1 1 259 320 461 419
1301 4 2 1 1 10 593 84 277
1302 4 2 1 1 202 138 222 442
1303 4 2 1 1 573 382 324 355
1304 4 2 1 1 185 341 459 207
1305 4 2 1 1 401 567 321 280
1306 4 2 1 1 235 350 569 572
1307 4 2 1 1 489 557 341 483
1308 4 2 1 1 334 519 435 552
1309 4 2 1 1 328 265 416 579
1310 4 2 1 1 313 281 352 551
1311 4 2 1 1 270 400 399 482
1312 4 2 1 1 305 474 358 513
1313 4 2 1 1 151 342 577 578
1314 4 2 1 1 357 522 343 532
1315 4 2 1 1 168 480 176 557
1316 4 2 1 1 118 115 329 520
1317 4 2 1 1 498 563 543 327
1318 4 2 1 1 305 283 62 448
1319 4 2 1 1 84 277 593 434
1320 4 2 1 1 299 385 298 492
1321 4 2 1 1 66 580 405 533
1322 4 2 1 1 378 315 73 561
1323 4 2 1 1 115 117 329 568
1324 4 2 1 1 593 605 63 11
1325 4 2 1 1 347 342 452 577
1326 4 2 1 1 261 442 378 464
1327 4 2 1 1 305 62 283 53
1328 4 2 1 1 499 390 307 345
1329 4 2 1 1 319 553 248 555
1330 4 2 1 1 355 444 386 572
1331 4 2 1 1 254 331 460 248
1332 4 2 1 1 245 387 356 487
1333 4 2 1 1 489 557 483 263
1334 4 2 1 1 246 315 68 396
1335 4 2 1 1 280 397 398 500
1336 4 2 1 1 274 255 342 565
1337 4 2 1 1 496 540 449 378
1338 4 2 1 1 288 404 427 556
1339 4 2 1 1 586 258 67 568
1340 4 2 1 1 254 335 391 544
1341 4 2 1 1 253 452 347 486
1342 4 2 1 1 495 398 321 280
1343 4 2 1 1 307 269 358 497
1344 4 2 1 1 234 292 390 503
1345 4 2 1 1 84 593 252 434
1346 4 2 1 1 67 258 586 412
1347 4 2 1 1 473 406 458 407
1348 4 2 1 1 392 393 285 386
1349 4 2 1 1 79 315 464 364
1350 4 2 1 1 100 31 592 30
1351 4 2 1 1 410 465 303 506
1352 4 2 1 1 298 402 375 488
1353 4 2 1 1 394 238 332 462
1354 4 2 1 1 285 322 276 393
1355 4 2 1 1 270 553 402 555
1356 4 2 1 1 229 180 416 508
1357 4 2 1 1 256 437 431 560
1358 4 2 1 1 235 463 349 564
1359 4 2 1 1 483 341 245 432
1360 4 2 1 1 199 496 378 540
1361 4 2 1 1 585 351 430 277
1362 4 2 1 1 352 449 267 450
1363 4 2 1 1 339 421 340 505
1364 4 2 1 1 245 356 387 489
1365 4 2 1 1 350 471 357 255
1366 4 2 1 1 308 363 362 421
1367 4 2 1 1 290 403 356 487
1368 4 2 1 1 290 423 403 487
1369 4 2 1 1 242 400 401 536
1370 4 2 1 1 373 346 332 575
1371 4 2 1 1 260 518 354 579
1372 4 2 1 1 242 400 280 401
1373 4 2 1 1 288 460 556 569
1374 4 2 1 1 100 592 31 364
1375 4 2 1 1 409 271 514 515
1376 4 2 1 1 349 556 460 569
1377 4 2 1 1 499 390 345 252
1378 4 2 1 1 290 485 423 487
1379 4 2 1 1 100 592 364 396
1380 4 2 1 1 235 471 350 572
1381 4 2 1 1 86 472 322 282
1382 4 2 1 1 601 287 559 337
1383 4 2 1 1 311 438 558 571
1384 4 2 1 1 30 592 100 396
1385 4 2 1 1 343 431 267 560
1386 4 2 1 1 68 437 78 561
1387 4 2 1 1 593 95 84 252
1388 4 2 1 1 311 558 545 571
1389 4 2 1 1 319 375 388 553
1390 4 2 1 1 367 522 350 531
1391 4 2 1 1 391 324 254 544
1392 4 2 1 1 274 348 516 538
1393 4 2 1 1 216 342 150 538
1394 4 2 1 1 259 432 341 483
1395 4 2 1 1 257 445 430 484
1396 4 2 1 1 346 243 286 548
1397 4 2 1 1 289 407 406 473
1398 4 2 1 1 317 395 423 236
1399 4 2 1 1 66 580 23 405
1400 4 2 1 1 372 511 379 310
1401 4 2 1 1 268 387 487 521
1402 4 2 1 1 249 428 494 526
1403 4 2 1 1 600 312 26 457
1404 4 2 1 1 186 480 359 557
1405 4 2 1 1 342 347 274 538
1406 4 2 1 1 280 467 397 500
1407 4 2 1 1 350 522 357 531
1408 4 2 1 1 552 525 387 293
1409 4 2 1 1 238 414 284 462
1410 4 2 1 1 117 44 329 568
1411 4 2 1 1 91 86 351 515
1412 4 2 1 1 140 459 226 473
1413 4 2 1 1 583 430 113 445
1414 4 2 1 1 204 539 369 505
1415 4 2 1 1 565 574 376 384
1416 4 2 1 1 170 169 188 411
1417 4 2 1 1 173 346 217 575
1418 4 2 1 1 352 281 266 551
1419 4 2 1 1 362 363 261 543
1420 4 2 1 1 290 487 356 521
1421 4 2 1 1 43 117 44 329
1422 4 2 1 1 359 459 186 557
1423 4 2 1 1 254 460 349 248
1424 4 2 1 1 264 336 552 571
1425 4 2 1 1 182 418 189 439
1426 4 2 1 1 283 305 53 410
1427 4 2 1 1 392 463 254 324
1428 4 2 1 1 322 393 94 493
1429 4 2 1 1 157 496 158 558
1430 4 2 1 1 233 402 398 553
1431 4 2 1 1 338 466 291 481
1432 4 2 1 1 133 220 217 373
1433 4 2 1 1 417 330 469 518
1434 4 2 1 1 251 379 413 511
1435 4 2 1 1 267 378 449 540
1436 4 2 1 1 42 591 116 43
1437 4 2 1 1 387 525 552 328
1438 4 2 1 1 583 430 445 51
1439 4 2 1 1 571 427 288 336
1440 4 2 1 1 226 459 458 473
1441 4 2 1 1 238 284 414 507
1442 4 2 1 1 154 156 157 316
1443 4 2 1 1 378 450 261 464
1444 4 2 1 1 248 427 404 556
1445 4 2 1 1 116 591 42 124
1446 4 2 1 1 247 415 475 533
1447 4 2 1 1 292 324 391 544
1448 4 2 1 1 202 316 154 157
1449 4 2 1 1 259 458 359 459
1450 4 2 1 1 247 371 338 475
1451 4 2 1 1 235 569 355 572
1452 4 2 1 1 271 399 400 482
1453 4 2 1 1 472 606 326 282
1454 4 2 1 1 590 49 360 510
1455 4 2 1 1 135 425 184 528
1456 4 2 1 1 242 502 366 514
1457 4 2 1 1 298 375 470 488
1458 4 2 1 1 417 487 268 387
1459 4 2 1 1 228 192 177 429
1460 4 2 1 1 270 482 399 555
1461 4 2 1 1 405 475 318 275
1462 4 2 1 1 273 393 392 386
1463 4 2 1 1 192 177 429 525
1464 4 2 1 1 190 373 439 575
1465 4 2 1 1 302 497 550 395
1466 4 2 1 1 202 316 157 408
1467 4 2 1 1 580 587 607 282
1468 4 2 1 1 307 234 506 527
1469 4 2 1 1 427 531 288 556
1470 4 2 1 1 43 591 116 329
1471 4 2 1 1 161 163 435 519
1472 4 2 1 1 295 426 365 428
1473 4 2 1 1 291 531 427 556
1474 4 2 1 1 234 390 307 506
1475 4 2 1 1 116 329 591 554
1476 4 2 1 1 237 562 469 563
1477 4 2 1 1 89 287 252 559
1478 4 2 1 1 113 119 122 326
1479 4 2 1 1 274 538 516 565
1480 4 2 1 1 262 388 424 446
1481 4 2 1 1 308 442 408 261
1482 4 2 1 1 85 314 83 322
1483 4 2 1 1 387 293 507 552
1484 4 2 1 1 49 448 360 510
1485 4 2 1 1 325 406 289 456
1486 4 2 1 1 334 545 558 571
1487 4 2 1 1 345 240 361 306
1488 4 2 1 1 265 370 369 505
1489 4 2 1 1 410 333 430 283
1490 4 2 1 1 365 375 297 441
1491 4 2 1 1 334 558 438 571
1492 4 2 1 1 145 207 223 473
1493 4 2 1 1 261 469 362 543
1494 4 2 1 1 262 413 379 511
1495 4 2 1 1 202 178 229 408
1496 4 2 1 1 251 426 295 509
1497 4 2 1 1 350 534 288 573
1498 4 2 1 1 495 398 280 397
1499 4 2 1 1 59 244 56 491
1500 4 2 1 1 251 107 396 501
1501 4 2 1 1 330 552 336 571
1502 4 2 1 1 124 116 591 554
1503 4 2 1 1 574 219 578 221
1504 4 2 1 1 385 433 241 512
1505 4 2 1 1 559 390 252 345
1506 4 2 1 1 453 436 491 383
1507 4 2 1 1 219 221 151 578
1508 4 2 1 1 343 384 532 560
1509 4 2 1 1 233 398 397 553
1510 4 2 1 1 397 398 270 553
1511 4 2 1 1 275 357 471 565
1512 4 2 1 1 575 173 170 172
1513 4 2 1 1 167 418 168 489
1514 4 2 1 1 583 430 51 55
1515 4 2 1 1 338 475 318 247
1516 4 2 1 1 309 340 339 421
1517 4 2 1 1 235 556 569 531
1518 4 2 1 1 286 389 273 541
1519 4 2 1 1 516 344 405 276
1520 4 2 1 1 304 360 49 448
1521 4 2 1 1 502 514 242 515
1522 4 2 1 1 302 419 448 474
1523 4 2 1 1 220 148 190 373
1524 4 2 1 1 590 127 13 213
1525 4 2 1 1 593 410 277 53
1526 4 2 1 1 105 456 111 479
1527 4 2 1 1 311 528 425 529
1528 4 2 1 1 379 396 327 498
1529 4 2 1 1 235 556 531 466
1530 4 2 1 1 235 357 471 344
1531 4 2 1 1 335 465 234 527
1532 4 2 1 1 247 371 368 467
1533 4 2 1 1 271 515 477 536
1534 4 2 1 1 311 496 381 545
1535 4 2 1 1 545 496 449 316
1536 4 2 1 1 175 489 168 557
1537 4 2 1 1 160 162 178 508
1538 4 2 1 1 155 496 199 156
1539 4 2 1 1 321 398 299 535
1540 4 2 1 1 605 1 12 63
1541 4 2 1 1 536 482 271 400
1542 4 2 1 1 150 342 376 538
1543 4 2 1 1 208 416 206 539
1544 4 2 1 1 234 391 409 465
1545 4 2 1 1 394 238 324 544
1546 4 2 1 1 369 505 370 537
1547 4 2 1 1 516 405 344 275
1548 4 2 1 1 150 221 342 216
1549 4 2 1 1 285 314 276 322
1550 4 2 1 1 303 305 410 506
1551 4 2 1 1 378 478 267 561
1552 4 2 1 1 449 540 496 381
1553 4 2 1 1 275 405 377 516
1554 4 2 1 1 304 453 447 448
1555 4 2 1 1 274 348 444 493
1556 4 2 1 1 506 409 465 234
1557 4 2 1 1 319 446 388 375
1558 4 2 1 1 583 113 121 445
1559 4 2 1 1 361 458 590 127
1560 4 2 1 1 590 361 127 213
1561 4 2 1 1 249 470 375 488
1562 4 2 1 1 327 498 364 543
1563 4 2 1 1 275 377 376 565
1564 4 2 1 1 333 385 299 492
1565 4 2 1 1 248 424 388 446
1566 4 2 1 1 270 248 553 555
1567 4 2 1 1 233 402 375 298
1568 4 2 1 1 274 342 538 565
1569 4 2 1 1 157 160 202 408
1570 4 2 1 1 235 556 466 349
1571 4 2 1 1 267 540 343 560
1572 4 2 1 1 400 514 271 536
1573 4 2 1 1 251 327 379 396
1574 4 2 1 1 211 359 458 459
1575 4 2 1 1 230 183 480 570
1576 4 2 1 1 534 411 438 264
1577 4 2 1 1 589 30 29 103
1578 4 2 1 1 256 532 384 560
1579 4 2 1 1 428 526 375 365
1580 4 2 1 1 50 53 277 410
1581 4 2 1 1 588 300 57 64
1582 4 2 1 1 79 582 364 464
1583 4 2 1 1 236 406 325 455
1584 4 2 1 1 314 353 344 247
1585 4 2 1 1 501 589 549 568
1586 4 2 1 1 260 328 508 579
1587 4 2 1 1 295 509 339 562
1588 4 2 1 1 235 556 349 569
1589 4 2 1 1 334 438 519 571
1590 4 2 1 1 304 406 360 419
1591 4 2 1 1 273 444 348 493
1592 4 2 1 1 36 581 606 88
1593 4 2 1 1 266 352 468 281
1594 4 2 1 1 29 589 103 568
1595 4 2 1 1 264 519 438 571
1596 4 2 1 1 501 589 568 103
1597 4 2 1 1 265 354 420 579
1598 4 2 1 1 160 178 202 408
1599 4 2 1 1 362 469 420 562
1600 4 2 1 1 270 366 500 542
1601 4 2 1 1 188 215 452 578
1602 4 2 1 1 345 240 306 307
1603 4 2 1 1 52 300 304 383
1604 4 2 1 1 376 538 342 565
1605 4 2 1 1 197 538 231 547
1606 4 2 1 1 318 256 475 338
1607 4 2 1 1 139 14 15 588
1608 4 2 1 1 237 417 354 380
1609 4 2 1 1 359 480 186 570
1610 4 2 1 1 304 406 300 407
1611 4 2 1 1 149 150 376 538
1612 4 2 1 1 218 363 308 421
1613 4 2 1 1 291 522 357 532
1614 4 2 1 1 107 251 396 576
1615 4 2 1 1 503 392 292 273
1616 4 2 1 1 145 223 205 289
1617 4 2 1 1 185 341 207 175
1618 4 2 1 1 256 532 318 275
1619 4 2 1 1 167 165 168 418
1620 4 2 1 1 528 574 529 530
1621 4 2 1 1 286 337 389 541
1622 4 2 1 1 340 456 105 479
1623 4 2 1 1 344 353 279 247
1624 4 2 1 1 162 161 163 435
1625 4 2 1 1 300 584 588 456
1626 4 2 1 1 215 577 452 578
1627 4 2 1 1 257 333 477 536
1628 4 2 1 1 452 253 347 546
1629 4 2 1 1 347 274 444 486
1630 4 2 1 1 194 161 159 519
1631 4 2 1 1 139 15 143 588
1632 4 2 1 1 274 386 444 572
1633 4 2 1 1 346 547 546 548
1634 4 2 1 1 176 168 182 480
1635 4 2 1 1 349 366 279 564
1636 4 2 1 1 14 588 139 407
1637 4 2 1 1 445 490 329 554
1638 4 2 1 1 295 494 428 526
1639 4 2 1 1 79 315 73 464
1640 4 2 1 1 239 330 336 571
1641 4 2 1 1 297 365 251 426
1642 4 2 1 1 374 454 236 455
1643 4 2 1 1 296 436 383 491
1644 4 2 1 1 68 78 437 75
1645 4 2 1 1 301 317 436 454
1646 4 2 1 1 229 178 180 508
1647 4 2 1 1 346 547 548 286
1648 4 2 1 1 85 23 83 405
1649 4 2 1 1 533 587 282 412
1650 4 2 1 1 351 472 401 515
1651 4 2 1 1 79 315 68 73
1652 4 2 1 1 588 144 139 407
1653 4 2 1 1 534 438 411 323
1654 4 2 1 1 170 452 174 546
1655 4 2 1 1 282 322 314 472
1656 4 2 1 1 471 344 357 275
1657 4 2 1 1 349 279 366 542
1658 4 2 1 1 528 574 530 135
1659 4 2 1 1 587 77 607 32
1660 4 2 1 1 240 358 474 497
1661 4 2 1 1 180 178 179 508
1662 4 2 1 1 251 379 327 413
1663 4 2 1 1 498 563 327 379
1664 4 2 1 1 354 518 420 579
1665 4 2 1 1 244 56 491 554
1666 4 2 1 1 440 441 310 495
1667 4 2 1 1 280 401 400 535
1668 4 2 1 1 271 465 333 477
1669 4 2 1 1 235 386 471 572
1670 4 2 1 1 307 506 358 527
1671 4 2 1 1 264 336 507 552
1672 4 2 1 1 480 517 306 570
1673 4 2 1 1 359 517 480 570
1674 4 2 1 1 279 466 349 564
1675 4 2 1 1 172 189 166 575
1676 4 2 1 1 270 500 397 542
1677 4 2 1 1 272 322 393 504
1678 4 2 1 1 383 436 301 453
1679 4 2 1 1 377 405 276 516
1680 4 2 1 1 286 347 253 547
1681 4 2 1 1 256 384 275 457
1682 4 2 1 1 144 473 226 407
1683 4 2 1 1 266 431 352 551
1684 4 2 1 1 530 134 128 227
1685 4 2 1 1 347 546 253 547
1686 4 2 1 1 247 475 405 533
1687 4 2 1 1 528 574 135 425
1688 4 2 1 1 368 280 467 495
1689 4 2 1 1 33 32 587 120
1690 4 2 1 1 159 171 438 558
1691 4 2 1 1 263 284 356 489
1692 4 2 1 1 171 194 159 438
1693 4 2 1 1 312 343 529 540
1694 4 2 1 1 347 452 342 486
1695 4 2 1 1 391 392 272 502
1696 4 2 1 1 262 440 388 375
1697 4 2 1 1 565 574 255 342
1698 4 2 1 1 548 547 541 286
1699 4 2 1 1 233 397 388 553
1700 4 2 1 1 61 585 610 430
1701 4 2 1 1 257 430 333 484
1702 4 2 1 1 574 219 221 135
1703 4 2 1 1 32 587 120 123
1704 4 2 1 1 106 602 363 47
1705 4 2 1 1 431 338 291 551
1706 4 2 1 1 503 392 273 272
1707 4 2 1 1 301 283 333 513
1708 4 2 1 1 587 33 120 412
1709 4 2 1 1 536 482 400 299
1710 4 2 1 1 270 542 397 553
1711 4 2 1 1 299 298 321 492
1712 4 2 1 1 250 455 325 456
1713 4 2 1 1 509 413 295 251
1714 4 2 1 1 262 446 380 375
1715 4 2 1 1 541 547 548 130
1716 4 2 1 1 357 532 384 275
1717 4 2 1 1 208 138 229 416
1718 4 2 1 1 309 543 327 364
1719 4 2 1 1 350 288 569 573
1720 4 2 1 1 291 551 338 481
1721 4 2 1 1 530 128 134 312
1722 4 2 1 1 503 389 292 390
1723 4 2 1 1 299 433 333 536
1724 4 2 1 1 567 353 467 280
1725 4 2 1 1 274 486 342 255
1726 4 2 1 1 192 179 191 525
1727 4 2 1 1 120 520 115 118
1728 4 2 1 1 61 585 430 50
1729 4 2 1 1 486 573 534 350
1730 4 2 1 1 280 398 321 535
1731 4 2 1 1 51 54 430 484
1732 4 2 1 1 406 407 289 456
1733 4 2 1 1 56 59 51 244
1734 4 2 1 1 344 405 314 247
1735 4 2 1 1 356 483 263 489
1736 4 2 1 1 102 107 426 501
1737 4 2 1 1 406 419 236 403
1738 4 2 1 1 485 487 290 521
1739 4 2 1 1 439 306 148 230
1740 4 2 1 1 406 419 304 447
1741 4 2 1 1 262 388 446 375
1742 4 2 1 1 162 160 161 435
1743 4 2 1 1 301 436 385 484
1744 4 2 1 1 571 288 427 367
1745 4 2 1 1 496 545 311 558
1746 4 2 1 1 120 123 587 282
1747 4 2 1 1 436 454 317 470
1748 4 2 1 1 345 599 131 361
1749 4 2 1 1 69 377 275 405
1750 4 2 1 1 528 574 425 529
1751 4 2 1 1 302 474 358 497
1752 4 2 1 1 609 61 430 55
1753 4 2 1 1 58 305 510 252
1754 4 2 1 1 368 415 258 371
1755 4 2 1 1 118 115 117 329
1756 4 2 1 1 260 336 330 552
1757 4 2 1 1 167 489 177 525
1758 4 2 1 1 339 340 250 505
1759 4 2 1 1 499 390 252 506
1760 4 2 1 1 286 389 382 273
1761 4 2 1 1 120 282 587 412
1762 4 2 1 1 501 589 103 396
1763 4 2 1 1 283 333 303 410
1764 4 2 1 1 445 492 321 297
1765 4 2 1 1 439 148 306 373
1766 4 2 1 1 169 170 166 411
1767 4 2 1 1 128 26 134 312
1768 4 2 1 1 178 162 179 508
1769 4 2 1 1 586 115 34 33
1770 4 2 1 1 235 350 531 569
1771 4 2 1 1 49 304 57 407
1772 4 2 1 1 581 88 92 282
1773 4 2 1 1 276 377 85 405
1774 4 2 1 1 301 385 333 484
1775 4 2 1 1 257 326 321 401
1776 4 2 1 1 250 494 374 295
1777 4 2 1 1 315 364 68 396
1778 4 2 1 1 306 439 373 332
1779 4 2 1 1 308 408 518 261
1780 4 2 1 1 247 415 371 475
1781 4 2 1 1 296 426 422 295
1782 4 2 1 1 350 288 531 569
1783 4 2 1 1 248 427 556 481
1784 4 2 1 1 567 467 353 247
1785 4 2 1 1 419 461 360 474
1786 4 2 1 1 79 582 31 364
1787 4 2 1 1 86 504 322 515
1788 4 2 1 1 473 458 406 259
1789 4 2 1 1 329 490 104 554
1790 4 2 1 1 396 589 103 30
1791 4 2 1 1 287 503 273 504
1792 4 2 1 1 170 188 174 452
1793 4 2 1 1 337 541 286 548
1794 4 2 1 1 406 447 383 455
1795 4 2 1 1 503 389 390 287
1796 4 2 1 1 252 84 287 89
1797 4 2 1 1 372 440 310 371
1798 4 2 1 1 250 374 455 479
1799 4 2 1 1 369 289 505 537
1800 4 2 1 1 297 441 375 298
1801 4 2 1 1 168 165 189 418
1802 4 2 1 1 322 282 83 86
1803 4 2 1 1 191 167 177 525
1804 4 2 1 1 431 532 291 338
1805 4 2 1 1 321 441 520 297
1806 4 2 1 1 319 402 553 555
1807 4 2 1 1 301 436 383 454
1808 4 2 1 1 419 360 448 474
1809 4 2 1 1 340 422 110 509
1810 4 2 1 1 583 20 55 51
1811 4 2 1 1 361 590 599 213
1812 4 2 1 1 520 412 368 567
1813 4 2 1 1 303 333 283 513
1814 4 2 1 1 259 403 432 483
1815 4 2 1 1 290 423 485 566
1816 4 2 1 1 67 258 415 549
1817 4 2 1 1 499 390 506 307
1818 4 2 1 1 79 315 364 68
1819 4 2 1 1 235 463 355 569
1820 4 2 1 1 135 210 184 425
1821 4 2 1 1 176 480 186 557
1822 4 2 1 1 346 547 286 253
1823 4 2 1 1 185 186 459 557
1824 4 2 1 1 181 369 204 539
1825 4 2 1 1 329 102 490 501
1826 4 2 1 1 302 448 447 513
1827 4 2 1 1 87 277 91 351
1828 4 2 1 1 174 546 452 577
1829 4 2 1 1 274 348 493 516
1830 4 2 1 1 261 363 442 464
1831 4 2 1 1 424 281 313 551
1832 4 2 1 1 296 454 374 455
1833 4 2 1 1 198 528 496 540
1834 4 2 1 1 235 349 463 569
1835 4 2 1 1 251 297 426 501
1836 4 2 1 1 166 164 169 443
1837 4 2 1 1 420 518 308 579
1838 4 2 1 1 390 434 252 506
1839 4 2 1 1 301 383 447 454
1840 4 2 1 1 244 445 51 554
1841 4 2 1 1 581 123 114 282
1842 4 2 1 1 342 538 216 577
1843 4 2 1 1 590 360 49 458
1844 4 2 1 1 586 126 34 115
1845 4 2 1 1 36 606 82 88
1846 4 2 1 1 145 203 228 429
1847 4 2 1 1 485 488 319 566
1848 4 2 1 1 257 445 484 492
1849 4 2 1 1 373 332 439 575
1850 4 2 1 1 586 115 33 412
1851 4 2 1 1 303 305 283 410
1852 4 2 1 1 378 73 478 561
1853 4 2 1 1 288 534 414 573
1854 4 2 1 1 197 136 231 538
1855 4 2 1 1 56 244 51 554
1856 4 2 1 1 249 380 375 526
1857 4 2 1 1 258 310 371 549
1858 4 2 1 1 155 153 378 442
1859 4 2 1 1 140 223 207 473
1860 4 2 1 1 231 538 348 547
1861 4 2 1 1 233 298 441 321
1862 4 2 1 1 137 464 48 152
1863 4 2 1 1 321 326 257 445
1864 4 2 1 1 468 315 267 437
1865 4 2 1 1 200 547 548 546
1866 4 2 1 1 150 530 376 574
1867 4 2 1 1 377 538 376 565
1868 4 2 1 1 305 474 448 510
1869 4 2 1 1 358 499 305 506
1870 4 2 1 1 278 440 372 371
1871 4 2 1 1 586 258 115 412
1872 4 2 1 1 268 487 485 521
1873 4 2 1 1 115 258 586 568
1874 4 2 1 1 593 53 63 252
1875 4 2 1 1 368 371 247 415
1876 4 2 1 1 584 64 18 300
1877 4 2 1 1 105 422 340 479
1878 4 2 1 1 322 83 282 314
1879 4 2 1 1 271 333 433 536
1880 4 2 1 1 465 399 482 335
1881 4 2 1 1 416 206 181 180
1882 4 2 1 1 599 605 63 252
1883 4 2 1 1 251 501 396 310
1884 4 2 1 1 93 585 9 87
1885 4 2 1 1 281 451 469 563
1886 4 2 1 1 171 195 194 438
1887 4 2 1 1 301 453 436 484
1888 4 2 1 1 74 275 457 475
1889 4 2 1 1 80 594 376 377
1890 4 2 1 1 322 515 502 242
1891 4 2 1 1 129 421 539 505
1892 4 2 1 1 580 314 533 282
1893 4 2 1 1 385 484 436 492
1894 4 2 1 1 296 426 297 490
1895 4 2 1 1 589 68 396 549
1896 4 2 1 1 220 373 133 524
1897 4 2 1 1 87 9 10 585
1898 4 2 1 1 10 87 585 277
1899 4 2 1 1 250 374 479 295
1900 4 2 1 1 251 441 297 501
1901 4 2 1 1 242 353 314 472
1902 4 2 1 1 585 351 277 87
1903 4 2 1 1 333 465 410 477
1904 4 2 1 1 585 611 87 93
1905 4 2 1 1 502 515 322 272
1906 4 2 1 1 246 371 437 468
1907 4 2 1 1 327 413 379 563
1908 4 2 1 1 482 399 465 271
1909 4 2 1 1 482 433 465 335
1910 4 2 1 1 266 338 551 481
1911 4 2 1 1 24 85 377 405
1912 4 2 1 1 469 562 362 563
1913 4 2 1 1 66 23 69 405
1914 4 2 1 1 465 433 482 271
1915 4 2 1 1 285 463 392 386
1916 4 2 1 1 321 520 445 297
1917 4 2 1 1 310 368 258 371
1918 4 2 1 1 280 321 368 567
1919 4 2 1 1 593 410 53 252
1920 4 2 1 1 258 549 67 568
1921 4 2 1 1 218 153 222 442
1922 4 2 1 1 85 24 23 405
1923 4 2 1 1 54 453 283 484
1924 4 2 1 1 47 137 225 363
1925 4 2 1 1 300 588 584 64
1926 4 2 1 1 360 461 240 474
1927 4 2 1 1 147 345 193 524
1928 4 2 1 1 386 276 344 516
1929 4 2 1 1 158 184 171 558
1930 4 2 1 1 368 467 371 495
1931 4 2 1 1 266 281 424 551
1932 4 2 1 1 419 403 320 395
1933 4 2 1 1 583 430 55 609
1934 4 2 1 1 193 345 131 361
1935 4 2 1 1 422 509 426 576
1936 4 2 1 1 151 342 216 577
1937 4 2 1 1 48 137 47 363
1938 4 2 1 1 271 409 465 477
1939 4 2 1 1 173 217 172 575
1940 4 2 1 1 382 243 292 389
1941 4 2 1 1 50 277 585 430
1942 4 2 1 1 302 497 358 550
1943 4 2 1 1 296 297 426 428
1944 4 2 1 1 67 258 412 415
1945 4 2 1 1 26 457 312 478
1946 4 2 1 1 302 474 448 513
1947 4 2 1 1 601 81 287 541
1948 4 2 1 1 102 426 107 576
1949 4 2 1 1 271 400 399 514
1950 4 2 1 1 236 403 419 395
1951 4 2 1 1 54 283 50 430
1952 4 2 1 1 336 387 507 552
1953 4 2 1 1 398 400 299 535
1954 4 2 1 1 552 571 519 264
1955 4 2 1 1 258 501 329 520
1956 4 2 1 1 153 378 442 464
1957 4 2 1 1 135 530 221 574
1958 4 2 1 1 257 333 430 477
1959 4 2 1 1 27 128 478 26
1960 4 2 1 1 190 439 189 575
1961 4 2 1 1 326 520 321 567
1962 4 2 1 1 309 543 364 363
1963 4 2 1 1 512 513 303 550
1964 4 2 1 1 276 314 344 405
1965 4 2 1 1 266 338 431 551
1966 4 2 1 1 161 164 163 519
1967 4 2 1 1 412 520 258 115
1968 4 2 1 1 27 478 128 209
1969 4 2 1 1 427 551 291 481
1970 4 2 1 1 280 353 472 567
1971 4 2 1 1 599 499 252 510
1972 4 2 1 1 73 598 378 478
1973 4 2 1 1 289 325 456 505
1974 4 2 1 1 445 490 554 244
1975 4 2 1 1 275 471 344 516
1976 4 2 1 1 471 255 350 572
1977 4 2 1 1 259 360 359 458
1978 4 2 1 1 519 571 552 334
1979 4 2 1 1 374 494 428 295
1980 4 2 1 1 233 321 441 495
1981 4 2 1 1 599 499 510 361
1982 4 2 1 1 580 92 83 282
1983 4 2 1 1 94 273 393 504
1984 4 2 1 1 586 126 115 568
1985 4 2 1 1 409 477 271 515
1986 4 2 1 1 357 522 291 531
1987 4 2 1 1 273 503 272 504
1988 4 2 1 1 102 104 329 490
1989 4 2 1 1 149 376 377 538
1990 4 2 1 1 275 384 357 565
1991 4 2 1 1 450 468 281 498
1992 4 2 1 1 128 26 312 478
1993 4 2 1 1 87 611 82 93
1994 4 2 1 1 503 389 287 273
1995 4 2 1 1 167 168 175 489
1996 4 2 1 1 111 595 101 479
1997 4 2 1 1 536 492 257 333
1998 4 2 1 1 269 358 497 550
1999 4 2 1 1 281 450 352 468
2000 4 2 1 1 246 396 68 549
2001 4 2 1 1 427 291 556 481
2002 4 2 1 1 166 165 164 443
2003 4 2 1 1 343 540 312 560
2004 4 2 1 1 192 228 203 429
2005 4 2 1 1 494 526 295 237
2006 4 2 1 1 211 359 459 186
2007 4 2 1 1 207 185 140 459
2008 4 2 1 1 358 474 305 499
2009 4 2 1 1 76 586 67 568
2010 4 2 1 1 585 611 93 610
2011 4 2 1 1 580 587 282 533
2012 4 2 1 1 244 492 445 297
2013 4 2 1 1 593 605 252 63
2014 4 2 1 1 203 204 181 369
2015 4 2 1 1 199 198 496 540
2016 4 2 1 1 205 203 145 369
2017 4 2 1 1 533 587 412 72
2018 4 2 1 1 120 114 282 326
2019 4 2 1 1 173 546 200 548
2020 4 2 1 1 74 275 376 457
2021 4 2 1 1 321 445 257 492
2022 4 2 1 1 601 287 337 541
2023 4 2 1 1 277 91 351 515
2024 4 2 1 1 246 415 371 549
2025 4 2 1 1 498 563 379 281
2026 4 2 1 1 80 275 376 74
2027 4 2 1 1 453 491 436 244
2028 4 2 1 1 192 191 177 525
2029 4 2 1 1 513 453 447 301
2030 4 2 1 1 343 384 312 529
2031 4 2 1 1 296 383 436 454
2032 4 2 1 1 565 574 384 255
2033 4 2 1 1 296 383 455 479
2034 4 2 1 1 302 447 419 395
2035 4 2 1 1 236 419 447 395
2036 4 2 1 1 205 505 289 456
2037 4 2 1 1 95 89 252 559
2038 4 2 1 1 346 547 253 546
2039 4 2 1 1 301 447 383 453
2040 4 2 1 1 287 337 389 390
2041 4 2 1 1 274 493 386 516
2042 4 2 1 1 94 393 273 493
2043 4 2 1 1 335 555 523 331
2044 4 2 1 1 304 447 453 383
2045 4 2 1 1 80 275 74 69
2046 4 2 1 1 378 73 315 464
2047 4 2 1 1 48 47 106 363
2048 4 2 1 1 242 314 322 472
2049 4 2 1 1 280 472 401 567
2050 4 2 1 1 175 168 176 557
2051 4 2 1 1 94 287 273 504
2052 4 2 1 1 546 196 577 174
2053 4 2 1 1 182 190 230 439
2054 4 2 1 1 269 527 358 550
2055 4 2 1 1 358 527 303 550
2056 4 2 1 1 325 250 456 505
2057 4 2 1 1 234 434 390 506
2058 4 2 1 1 296 383 454 455
2059 4 2 1 1 217 173 200 548
2060 4 2 1 1 339 309 421 562
2061 4 2 1 1 297 329 501 520
2062 4 2 1 1 520 368 412 258
2063 4 2 1 1 274 471 386 572
2064 4 2 1 1 85 322 94 493
2065 4 2 1 1 3 18 111 584
2066 4 2 1 1 376 530 384 574
2067 4 2 1 1 478 141 598 378
2068 4 2 1 1 422 250 479 295
2069 4 2 1 1 523 555 335 241
2070 4 2 1 1 327 543 362 563
2071 4 2 1 1 80 600 376 594
2072 4 2 1 1 469 543 450 281
2073 4 2 1 1 277 504 91 515
2074 4 2 1 1 158 157 156 496
2075 4 2 1 1 67 33 72 412
2076 4 2 1 1 383 595 479 491
2077 4 2 1 1 50 54 53 283
2078 4 2 1 1 365 426 297 428
2079 4 2 1 1 75 415 78 437
2080 4 2 1 1 66 587 533 72
2081 4 2 1 1 276 493 377 516
2082 4 2 1 1 84 287 94 504
2083 4 2 1 1 503 389 273 292
2084 4 2 1 1 602 309 421 340
2085 4 2 1 1 261 363 464 543
2086 4 2 1 1 312 529 384 530
2087 4 2 1 1 460 569 288 573
2088 4 2 1 1 104 490 98 554
2089 4 2 1 1 351 430 277 477
2090 4 2 1 1 396 310 501 549
2091 4 2 1 1 327 362 562 563
2092 4 2 1 1 244 484 445 492
2093 4 2 1 1 315 364 396 498
2094 4 2 1 1 79 31 68 364
2095 4 2 1 1 296 454 436 470
2096 4 2 1 1 242 280 353 472
2097 4 2 1 1 24 69 23 405
2098 4 2 1 1 10 585 50 277
2099 4 2 1 1 75 246 68 549
2100 4 2 1 1 602 309 340 97
2101 4 2 1 1 574 384 529 530
2102 4 2 1 1 315 450 378 464
2103 4 2 1 1 67 586 33 412
2104 4 2 1 1 309 327 362 562
2105 4 2 1 1 54 283 430 484
2106 4 2 1 1 383 595 491 52
2107 4 2 1 1 291 466 556 481
2108 4 2 1 1 272 409 514 515
2109 4 2 1 1 155 496 156 316
2110 4 2 1 1 296 455 374 479
2111 4 2 1 1 598 73 378 464
2112 4 2 1 1 120 520 118 326
2113 4 2 1 1 72 33 587 412
2114 4 2 1 1 237 469 451 563
2115 4 2 1 1 309 362 421 562
2116 4 2 1 1 584 45 3 143
2117 4 2 1 1 265 369 539 505
2118 4 2 1 1 305 448 474 513
2119 4 2 1 1 301 333 283 484
2120 4 2 1 1 49 57 14 407
2121 4 2 1 1 416 508 328 579
2122 4 2 1 1 325 455 406 456
2123 4 2 1 1 132 146 147 559
2124 4 2 1 1 329 501 258 568
2125 4 2 1 1 361 599 131 213
2126 4 2 1 1 109 591 554 608
2127 4 2 1 1 251 379 511 310
2128 4 2 1 1 609 61 55 19
2129 4 2 1 1 266 551 424 481
2130 4 2 1 1 94 287 81 273
2131 4 2 1 1 69 24 377 405
2132 4 2 1 1 111 595 479 300
2133 4 2 1 1 257 477 351 536
2134 4 2 1 1 466 531 291 556
2135 4 2 1 1 150 221 227 530
2136 4 2 1 1 599 252 58 510
2137 4 2 1 1 452 577 342 578
2138 4 2 1 1 14 57 588 407
2139 4 2 1 1 400 535 401 536
2140 4 2 1 1 310 368 371 495
2141 4 2 1 1 140 226 223 473
2142 4 2 1 1 182 230 183 480
2143 4 2 1 1 312 528 529 530
2144 4 2 1 1 82 87 91 351
2145 4 2 1 1 583 124 554 121
2146 4 2 1 1 109 591 608 42
2147 4 2 1 1 309 543 363 362
2148 4 2 1 1 85 377 276 493
2149 4 2 1 1 348 130 231 547
2150 4 2 1 1 589 68 549 71
2151 4 2 1 1 10 50 53 277
2152 4 2 1 1 503 392 272 391
2153 4 2 1 1 384 457 256 560
2154 4 2 1 1 198 184 496 528
2155 4 2 1 1 283 301 453 513
2156 4 2 1 1 246 372 468 498
2157 4 2 1 1 246 437 315 468
2158 4 2 1 1 368 321 280 495
2159 4 2 1 1 591 329 104 554
2160 4 2 1 1 379 498 372 310
2161 4 2 1 1 208 229 180 416
2162 4 2 1 1 234 409 391 503
2163 4 2 1 1 309 327 509 576
2164 4 2 1 1 213 590 599 13
2165 4 2 1 1 584 45 111 3
2166 4 2 1 1 102 329 99 501
2167 4 2 1 1 59 453 244 491
2168 4 2 1 1 321 326 445 520
2169 4 2 1 1 246 371 372 310
2170 4 2 1 1 290 523 395 566
2171 4 2 1 1 395 523 241 566
2172 4 2 1 1 322 504 272 515
2173 4 2 1 1 222 154 202 442
2174 4 2 1 1 129 340 421 505
2175 4 2 1 1 113 326 118 445
2176 4 2 1 1 253 414 534 573
2177 4 2 1 1 78 70 69 475
2178 4 2 1 1 43 104 591 329
2179 4 2 1 1 114 123 120 282
2180 4 2 1 1 215 174 452 577
2181 4 2 1 1 419 448 360 304
2182 4 2 1 1 296 479 374 295
2183 4 2 1 1 63 58 599 252
2184 4 2 1 1 111 584 18 300
2185 4 2 1 1 251 396 379 310
2186 4 2 1 1 583 60 51 554
2187 4 2 1 1 469 450 543 261
2188 4 2 1 1 115 120 33 412
2189 4 2 1 1 286 273 348 541
2190 4 2 1 1 182 189 190 439
2191 4 2 1 1 548 224 133 524
2192 4 2 1 1 272 393 392 273
2193 4 2 1 1 93 611 82 35
2194 4 2 1 1 278 440 371 495
2195 4 2 1 1 183 186 480 570
2196 4 2 1 1 91 86 82 351
2197 4 2 1 1 120 326 282 412
2198 4 2 1 1 256 560 457 561
2199 4 2 1 1 103 501 396 107
2200 4 2 1 1 118 445 326 520
2201 4 2 1 1 300 407 406 456
2202 4 2 1 1 583 51 445 554
2203 4 2 1 1 251 310 441 501
2204 4 2 1 1 176 186 185 557
2205 4 2 1 1 185 341 175 557
2206 4 2 1 1 284 439 332 575
2207 4 2 1 1 383 479 296 491
2208 4 2 1 1 584 300 111 456
2209 4 2 1 1 188 215 174 452
2210 4 2 1 1 109 591 42 104
2211 4 2 1 1 106 602 47 97
2212 4 2 1 1 151 577 215 578
2213 4 2 1 1 74 376 600 457
2214 4 2 1 1 43 99 104 329
2215 4 2 1 1 118 329 445 520
2216 4 2 1 1 181 416 179 328
2217 4 2 1 1 309 364 327 576
2218 4 2 1 1 601 81 541 39
2219 4 2 1 1 256 437 560 561
2220 4 2 1 1 299 492 321 535
2221 4 2 1 1 57 304 300 407
2222 4 2 1 1 109 591 104 554
2223 4 2 1 1 179 416 181 180
2224 4 2 1 1 374 428 296 295
2225 4 2 1 1 506 409 234 434
2226 4 2 1 1 309 543 362 327
2227 4 2 1 1 78 457 65 561
2228 4 2 1 1 275 256 457 475
2229 4 2 1 1 26 457 478 65
2230 4 2 1 1 244 436 453 484
2231 4 2 1 1 147 193 232 524
2232 4 2 1 1 383 447 454 455
2233 4 2 1 1 223 144 205 289
2234 4 2 1 1 574 529 384 255
2235 4 2 1 1 84 95 89 252
2236 4 2 1 1 490 479 101 491
2237 4 2 1 1 21 20 121 583
2238 4 2 1 1 128 312 528 540
2239 4 2 1 1 75 415 246 549
2240 4 2 1 1 43 44 99 329
2241 4 2 1 1 120 122 114 326
2242 4 2 1 1 44 99 329 568
2243 4 2 1 1 456 340 214 505
2244 4 2 1 1 411 575 462 346
2245 4 2 1 1 144 473 289 223
2246 4 2 1 1 583 608 60 554
2247 4 2 1 1 211 359 186 127
2248 4 2 1 1 226 458 407 473
2249 4 2 1 1 199 378 478 540
2250 4 2 1 1 121 583 445 554
2251 4 2 1 1 601 287 89 559
2252 4 2 1 1 490 479 491 296
2253 4 2 1 1 190 189 172 575
2254 4 2 1 1 360 499 361 510
2255 4 2 1 1 383 406 304 447
2256 4 2 1 1 501 589 396 549
2257 4 2 1 1 364 327 396 498
2258 4 2 1 1 315 364 498 543
2259 4 2 1 1 234 390 434 503
2260 4 2 1 1 462 575 411 284
2261 4 2 1 1 589 68 71 30
2262 4 2 1 1 69 405 275 475
2263 4 2 1 1 18 64 52 300
2264 4 2 1 1 377 516 348 538
2265 4 2 1 1 224 524 337 559
2266 4 2 1 1 30 100 103 396
2267 4 2 1 1 43 116 117 329
2268 4 2 1 1 107 102 99 501
2269 4 2 1 1 80 600 594 25
2270 4 2 1 1 116 445 329 554
2271 4 2 1 1 590 49 14 458
2272 4 2 1 1 30 68 592 396
2273 4 2 1 1 530 134 150 376
2274 4 2 1 1 583 608 21 60
2275 4 2 1 1 445 490 244 297
2276 4 2 1 1 88 37 581 92
2277 4 2 1 1 118 113 122 326
2278 4 2 1 1 66 587 72 77
2279 4 2 1 1 350 255 486 572
2280 4 2 1 1 548 224 524 337
2281 4 2 1 1 149 136 150 538
2282 4 2 1 1 415 567 368 412
2283 4 2 1 1 103 501 107 99
2284 4 2 1 1 583 113 20 121
2285 4 2 1 1 583 609 55 20
2286 4 2 1 1 100 31 112 364
2287 4 2 1 1 368 467 280 567
2288 4 2 1 1 102 98 104 490
2289 4 2 1 1 472 606 282 86
2290 4 2 1 1 66 587 77 580
2291 4 2 1 1 161 194 164 519
2292 4 2 1 1 52 383 453 491
2293 4 2 1 1 362 363 309 421
2294 4 2 1 1 94 393 322 504
2295 4 2 1 1 7 582 112 31
2296 4 2 1 1 219 210 135 425
2297 4 2 1 1 188 195 219 578
2298 4 2 1 1 288 556 531 569
2299 4 2 1 1 212 135 528 530
2300 4 2 1 1 312 478 457 560
2301 4 2 1 1 153 442 363 464
2302 4 2 1 1 422 295 426 509
2303 4 2 1 1 147 131 193 345
2304 4 2 1 1 158 198 184 496
2305 4 2 1 1 410 465 409 477
2306 4 2 1 1 472 326 351 401
2307 4 2 1 1 604 377 348 538
2308 4 2 1 1 396 498 379 310
2309 4 2 1 1 218 363 153 442
2310 4 2 1 1 10 53 593 277
2311 4 2 1 1 444 486 274 572
2312 4 2 1 1 360 499 510 474
2313 4 2 1 1 543 563 469 362
2314 4 2 1 1 582 48 464 152
2315 4 2 1 1 208 129 421 539
2316 4 2 1 1 24 80 69 377
2317 4 2 1 1 81 493 273 348
2318 4 2 1 1 86 504 515 91
2319 4 2 1 1 93 611 35 610
2320 4 2 1 1 580 66 22 77
2321 4 2 1 1 304 447 419 448
2322 4 2 1 1 309 110 340 97
2323 4 2 1 1 530 128 528 212
2324 4 2 1 1 251 509 327 576
2325 4 2 1 1 300 406 383 455
2326 4 2 1 1 211 226 140 459
2327 4 2 1 1 252 305 499 506
2328 4 2 1 1 337 243 345 524
2329 4 2 1 1 53 63 11 593
2330 4 2 1 1 197 231 130 547
2331 4 2 1 1 246 468 315 498
2332 4 2 1 1 543 469 563 281
2333 4 2 1 1 581 607 282 92
2334 4 2 1 1 383 595 52 300
2335 4 2 1 1 112 363 364 464
2336 4 2 1 1 52 300 57 304
2337 4 2 1 1 304 458 406 407
2338 4 2 1 1 62 448 283 453
2339 4 2 1 1 135 184 212 528
2340 4 2 1 1 532 338 466 291
2341 4 2 1 1 312 384 343 560
2342 4 2 1 1 128 528 198 540
2343 4 2 1 1 258 441 310 501
2344 4 2 1 1 121 445 116 554
2345 4 2 1 1 190 172 217 575
2346 4 2 1 1 80 24 594 377
2347 4 2 1 1 592 68 364 396
2348 4 2 1 1 102 422 426 576
2349 4 2 1 1 234 434 409 503
2350 4 2 1 1 139 127 14 458
2351 4 2 1 1 85 83 86 322
2352 4 2 1 1 244 436 492 297
2353 4 2 1 1 386 471 274 516
2354 4 2 1 1 273 493 393 386
2355 4 2 1 1 167 175 177 489
2356 4 2 1 1 595 18 52 300
2357 4 2 1 1 44 596 108 568
2358 4 2 1 1 283 448 305 513
2359 4 2 1 1 267 478 378 540
2360 4 2 1 1 117 115 126 568
2361 4 2 1 1 587 77 32 72
2362 4 2 1 1 257 430 351 477
2363 4 2 1 1 214 505 205 456
2364 4 2 1 1 296 422 479 295
2365 4 2 1 1 312 529 528 540
2366 4 2 1 1 445 520 329 297
2367 4 2 1 1 434 503 287 504
2368 4 2 1 1 267 437 315 561
2369 4 2 1 1 196 197 547 577
2370 4 2 1 1 81 348 273 541
2371 4 2 1 1 108 99 44 568
2372 4 2 1 1 583 124 121 21
2373 4 2 1 1 10 84 87 277
2374 4 2 1 1 501 310 258 549
2375 4 2 1 1 258 371 415 549
2376 4 2 1 1 267 478 540 560
2377 4 2 1 1 589 68 30 396
2378 4 2 1 1 99 501 329 568
2379 4 2 1 1 44 117 126 568
2380 4 2 1 1 101 490 102 422
2381 4 2 1 1 155 153 141 378
2382 4 2 1 1 271 477 333 536
2383 4 2 1 1 139 407 226 458
2384 4 2 1 1 66 587 580 533
2385 4 2 1 1 274 255 471 572
2386 4 2 1 1 304 406 458 360
2387 4 2 1 1 142 144 143 456
2388 4 2 1 1 532 466 338 318
2389 4 2 1 1 506 409 434 410
2390 4 2 1 1 60 21 583 51
2391 4 2 1 1 220 133 232 524
2392 4 2 1 1 259 458 406 360
2393 4 2 1 1 300 455 383 479
2394 4 2 1 1 105 597 45 456
2395 4 2 1 1 486 534 452 323
2396 4 2 1 1 86 504 91 94
2397 4 2 1 1 490 479 296 422
2398 4 2 1 1 426 509 251 576
2399 4 2 1 1 592 68 31 364
2400 4 2 1 1 81 493 348 90
2401 4 2 1 1 377 493 348 516
2402 4 2 1 1 71 67 549 568
2403 4 2 1 1 452 534 486 253
2404 4 2 1 1 74 69 275 475
2405 4 2 1 1 515 409 277 504
2406 4 2 1 1 28 73 598 464
2407 4 2 1 1 118 329 116 445
2408 4 2 1 1 239 545 330 571
2409 4 2 1 1 478 141 378 199
2410 4 2 1 1 373 548 524 243
2411 4 2 1 1 580 587 77 607
2412 4 2 1 1 586 76 67 34
2413 4 2 1 1 58 599 12 63
2414 4 2 1 1 530 150 134 227
2415 4 2 1 1 348 130 547 541
2416 4 2 1 1 99 102 104 329
2417 4 2 1 1 105 110 340 422
2418 4 2 1 1 582 48 112 464
2419 4 2 1 1 272 391 409 503
2420 4 2 1 1 89 94 84 287
2421 4 2 1 1 66 405 69 533
2422 4 2 1 1 274 486 255 572
2423 4 2 1 1 187 193 361 570
2424 4 2 1 1 242 401 280 472
2425 4 2 1 1 183 186 176 480
2426 4 2 1 1 102 110 101 422
2427 4 2 1 1 524 548 373 133
2428 4 2 1 1 582 112 31 364
2429 4 2 1 1 256 78 437 561
2430 4 2 1 1 344 275 405 318
2431 4 2 1 1 588 64 57 15
2432 4 2 1 1 490 479 422 101
2433 4 2 1 1 301 283 453 484
2434 4 2 1 1 281 450 498 543
2435 4 2 1 1 310 371 440 495
2436 4 2 1 1 211 458 226 459
2437 4 2 1 1 58 305 252 53
2438 4 2 1 1 314 247 533 567
2439 4 2 1 1 200 547 546 196
2440 4 2 1 1 152 28 141 464
2441 4 2 1 1 582 112 364 464
2442 4 2 1 1 62 53 54 283
2443 4 2 1 1 98 490 101 491
2444 4 2 1 1 29 76 71 568
2445 4 2 1 1 149 604 136 538
2446 4 2 1 1 204 505 129 539
2447 4 2 1 1 45 142 143 456
2448 4 2 1 1 26 74 600 457
2449 4 2 1 1 584 45 143 456
2450 4 2 1 1 85 96 24 377
2451 4 2 1 1 277 434 84 504
2452 4 2 1 1 29 71 589 568
2453 4 2 1 1 330 545 334 571
2454 4 2 1 1 247 405 314 533
2455 4 2 1 1 213 127 187 361
2456 4 2 1 1 516 538 377 565
2457 4 2 1 1 604 348 377 90
2458 4 2 1 1 183 176 182 480
2459 4 2 1 1 276 393 493 386
2460 4 2 1 1 101 102 490 98
2461 4 2 1 1 159 157 158 558
2462 4 2 1 1 73 315 68 561
2463 4 2 1 1 250 455 456 479
2464 4 2 1 1 124 121 116 554
2465 4 2 1 1 38 601 89 559
2466 4 2 1 1 208 206 129 539
2467 4 2 1 1 208 180 206 416
2468 4 2 1 1 80 275 69 377
2469 4 2 1 1 282 412 326 567
2470 4 2 1 1 36 37 114 581
2471 4 2 1 1 348 130 40 231
2472 4 2 1 1 46 129 214 340
2473 4 2 1 1 327 396 251 576
2474 4 2 1 1 333 484 385 492
2475 4 2 1 1 46 97 602 340
2476 4 2 1 1 247 467 368 567
2477 4 2 1 1 147 131 345 559
2478 4 2 1 1 71 76 67 568
2479 4 2 1 1 149 604 538 377
2480 4 2 1 1 581 123 37 114
2481 4 2 1 1 312 457 384 560
2482 4 2 1 1 105 111 101 479
2483 4 2 1 1 113 118 121 445
2484 4 2 1 1 289 407 144 456
2485 4 2 1 1 106 602 97 309
2486 4 2 1 1 405 475 69 533
2487 4 2 1 1 55 51 54 430
2488 4 2 1 1 214 597 456 142
2489 4 2 1 1 62 304 448 453
2490 4 2 1 1 105 340 597 456
2491 4 2 1 1 550 513 395 512
2492 4 2 1 1 197 216 538 577
2493 4 2 1 1 312 540 478 560
2494 4 2 1 1 56 16 603 554
2495 4 2 1 1 106 100 364 576
2496 4 2 1 1 105 45 111 456
2497 4 2 1 1 304 383 300 406
2498 4 2 1 1 29 596 568 108
2499 4 2 1 1 121 118 116 445
2500 4 2 1 1 139 226 127 458
2501 4 2 1 1 296 422 426 490
2502 4 2 1 1 395 513 550 302
2503 4 2 1 1 28 582 464 152
2504 4 2 1 1 29 596 108 8
2505 4 2 1 1 244 436 484 492
2506 4 2 1 1 74 457 78 475
2507 4 2 1 1 275 516 377 565
2508 4 2 1 1 80 600 25 74
2509 4 2 1 1 90 85 94 493
2510 4 2 1 1 414 460 404 288
2511 4 2 1 1 98 490 491 554
2512 4 2 1 1 16 56 60 554
2513 4 2 1 1 339 509 309 562
2514 4 2 1 1 225 363 218 421
2515 4 2 1 1 86 83 88 282
2516 4 2 1 1 29 103 108 568
2517 4 2 1 1 333 257 484 492
2518 4 2 1 1 581 607 92 37
2519 4 2 1 1 283 453 448 513
2520 4 2 1 1 604 41 90 377
2521 4 2 1 1 315 468 450 498
2522 4 2 1 1 559 390 345 337
2523 4 2 1 1 212 128 227 530
2524 4 2 1 1 478 27 26 65
2525 4 2 1 1 81 493 90 94
2526 4 2 1 1 28 79 73 464
2527 4 2 1 1 205 289 144 456
2528 4 2 1 1 244 491 490 554
2529 4 2 1 1 201 541 337 548
2530 4 2 1 1 49 62 448 510
2531 4 2 1 1 606 114 119 326
2532 4 2 1 1 94 89 81 287
2533 4 2 1 1 28 582 152 7
2534 4 2 1 1 589 71 549 568
2535 4 2 1 1 112 363 464 48
2536 4 2 1 1 83 92 88 282
2537 4 2 1 1 599 590 58 13
2538 4 2 1 1 375 526 428 249
2539 4 2 1 1 282 472 314 567
2540 4 2 1 1 274 471 255 565
2541 4 2 1 1 282 326 472 567
2542 4 2 1 1 351 401 257 536
2543 4 2 1 1 52 57 62 304
2544 4 2 1 1 22 23 580 83
2545 4 2 1 1 85 86 94 322
2546 4 2 1 1 299 535 400 536
2547 4 2 1 1 321 298 441 297
2548 4 2 1 1 133 217 200 548
2549 4 2 1 1 120 118 122 326
2550 4 2 1 1 199 198 156 496
2551 4 2 1 1 153 141 378 464
2552 4 2 1 1 594 41 149 377
2553 4 2 1 1 38 89 95 559
2554 4 2 1 1 383 595 300 479
2555 4 2 1 1 246 372 498 310
2556 4 2 1 1 151 216 215 577
2557 4 2 1 1 117 116 118 329
2558 4 2 1 1 173 196 200 546
2559 4 2 1 1 149 150 134 376
2560 4 2 1 1 605 38 95 559
2561 4 2 1 1 147 345 524 559
2562 4 2 1 1 137 464 152 153
2563 4 2 1 1 603 491 56 554
2564 4 2 1 1 128 478 312 540
2565 4 2 1 1 33 32 72 587
2566 4 2 1 1 58 590 599 510
2567 4 2 1 1 580 92 22 83
2568 4 2 1 1 351 477 515 536
2569 4 2 1 1 415 567 412 533
2570 4 2 1 1 575 166 170 411
2571 4 2 1 1 74 78 69 475
2572 4 2 1 1 390 287 434 503
2573 4 2 1 1 42 104 591 43
2574 4 2 1 1 580 314 282 83
2575 4 2 1 1 401 472 326 567
2576 4 2 1 1 327 309 509 562
2577 4 2 1 1 85 90 377 493
2578 4 2 1 1 609 20 19 55
2579 4 2 1 1 246 498 396 310
2580 4 2 1 1 58 590 49 13
2581 4 2 1 1 598 73 27 478
2582 4 2 1 1 185 186 211 459
2583 4 2 1 1 364 396 327 576
2584 4 2 1 1 215 197 174 577
2585 4 2 1 1 98 101 17 491
2586 4 2 1 1 16 608 4 109
2587 4 2 1 1 16 608 109 554
2588 4 2 1 1 199 128 198 540
2589 4 2 1 1 183 230 193 570
2590 4 2 1 1 536 492 333 299
2591 4 2 1 1 53 58 63 252
2592 4 2 1 1 218 208 129 421
2593 4 2 1 1 35 611 82 36
2594 4 2 1 1 548 224 337 201
2595 4 2 1 1 109 98 16 554
2596 4 2 1 1 91 84 94 504
2597 4 2 1 1 478 141 199 209
2598 4 2 1 1 29 596 8 76
2599 4 2 1 1 90 348 377 493
2600 4 2 1 1 364 464 363 543
2601 4 2 1 1 414 404 460 238
2602 4 2 1 1 610 61 430 609
2603 4 2 1 1 368 412 258 415
2604 4 2 1 1 199 478 128 540
2605 4 2 1 1 155 154 153 442
2606 4 2 1 1 204 129 505 214
2607 4 2 1 1 101 422 105 479
2608 4 2 1 1 471 516 275 565
2609 4 2 1 1 102 426 422 490
2610 4 2 1 1 137 464 153 363
2611 4 2 1 1 159 158 171 558
2612 4 2 1 1 130 40 39 541
2613 4 2 1 1 22 23 66 580
2614 4 2 1 1 97 105 110 340
2615 4 2 1 1 267 560 437 561
2616 4 2 1 1 501 549 258 568
2617 4 2 1 1 211 127 226 458
2618 4 2 1 1 16 608 554 60
2619 4 2 1 1 603 17 56 491
2620 4 2 1 1 67 586 34 33
2621 4 2 1 1 21 20 583 51
2622 4 2 1 1 470 297 296 428
2623 4 2 1 1 601 81 39 89
2624 4 2 1 1 252 499 305 510
2625 4 2 1 1 203 205 204 369
2626 4 2 1 1 106 363 309 364
2627 4 2 1 1 39 40 81 541
2628 4 2 1 1 457 560 478 561
2629 4 2 1 1 146 132 38 559
2630 4 2 1 1 52 17 595 491
2631 4 2 1 1 67 415 75 549
2632 4 2 1 1 36 37 581 88
2633 4 2 1 1 52 62 59 453
2634 4 2 1 1 91 277 84 504
2635 4 2 1 1 52 453 59 491
2636 4 2 1 1 348 130 541 40
2637 4 2 1 1 536 492 299 535
2638 4 2 1 1 70 69 475 533
2639 4 2 1 1 100 110 107 576
2640 4 2 1 1 80 600 74 376
2641 4 2 1 1 580 607 77 22
2642 4 2 1 1 96 90 41 377
2643 4 2 1 1 415 567 533 247
2644 4 2 1 1 409 272 503 504
2645 4 2 1 1 107 103 100 396
2646 4 2 1 1 62 304 49 448
2647 4 2 1 1 536 492 535 257
2648 4 2 1 1 17 18 52 595
2649 4 2 1 1 53 11 10 593
2650 4 2 1 1 74 65 78 457
2651 4 2 1 1 315 464 364 543
2652 4 2 1 1 275 376 384 565
2653 4 2 1 1 214 340 129 505
2654 4 2 1 1 135 227 221 530
2655 4 2 1 1 46 597 105 340
2656 4 2 1 1 575 170 166 172
2657 4 2 1 1 175 176 185 557
2658 4 2 1 1 401 535 257 536
2659 4 2 1 1 26 65 74 457
2660 4 2 1 1 56 16 17 603
2661 4 2 1 1 585 9 10 50
2662 4 2 1 1 103 501 99 568
2663 4 2 1 1 321 492 298 297
2664 4 2 1 1 592 31 68 30
2665 4 2 1 1 27 28 73 598
2666 4 2 1 1 62 283 54 453
2667 4 2 1 1 422 110 509 576
2668 4 2 1 1 212 198 128 528
2669 4 2 1 1 78 415 70 475
2670 4 2 1 1 185 211 140 459
2671 4 2 1 1 415 567 247 368
2672 4 2 1 1 216 221 342 151
2673 4 2 1 1 219 151 188 578
2674 4 2 1 1 144 473 223 226
2675 4 2 1 1 70 475 415 533
2676 4 2 1 1 277 409 410 434
2677 4 2 1 1 580 83 23 405
2678 4 2 1 1 188 151 215 578
2679 4 2 1 1 87 84 91 277
2680 4 2 1 1 12 13 599 58
2681 4 2 1 1 580 314 83 405
2682 4 2 1 1 28 582 7 79
2683 4 2 1 1 305 499 474 510
2684 4 2 1 1 584 15 3 64
2685 4 2 1 1 39 89 38 601
2686 4 2 1 1 56 51 60 554
2687 4 2 1 1 136 197 216 538
2688 4 2 1 1 73 68 78 561
2689 4 2 1 1 201 601 132 337
2690 4 2 1 1 196 174 197 577
2691 4 2 1 1 49 590 58 510
2692 4 2 1 1 101 110 105 422
2693 4 2 1 1 590 13 14 49
2694 4 2 1 1 396 246 310 549
2695 4 2 1 1 67 75 71 549
2696 4 2 1 1 608 42 4 109
2697 4 2 1 1 22 6 607 77
2698 4 2 1 1 6 37 92 607
2699 4 2 1 1 71 30 29 589
2700 4 2 1 1 515 277 409 477
2701 4 2 1 1 436 491 490 244
2702 4 2 1 1 49 58 62 510
2703 4 2 1 1 272 504 409 515
2704 4 2 1 1 106 602 309 363
2705 4 2 1 1 62 57 49 304
2706 4 2 1 1 132 224 337 559
2707 4 2 1 1 436 490 491 296
2708 4 2 1 1 588 14 15 57
2709 4 2 1 1 67 412 70 415
2710 4 2 1 1 277 410 409 477
2711 4 2 1 1 300 406 455 456
2712 4 2 1 1 274 516 471 565
2713 4 2 1 1 16 608 60 4
2714 4 2 1 1 61 9 2 610
2715 4 2 1 1 282 314 533 567
2716 4 2 1 1 578 342 221 151
2717 4 2 1 1 47 602 46 97
2718 4 2 1 1 199 155 141 378
2719 4 2 1 1 147 524 224 559
2720 4 2 1 1 70 67 72 412
2721 4 2 1 1 578 221 342 574
2722 4 2 1 1 170 174 173 546
2723 4 2 1 1 220 524 148 373
2724 4 2 1 1 71 75 68 549
2725 4 2 1 1 97 110 106 309
2726 4 2 1 1 45 105 46 597
2727 4 2 1 1 81 493 94 273
2728 4 2 1 1 197 215 216 577
2729 4 2 1 1 198 158 156 496
2730 4 2 1 1 106 110 100 576
2731 4 2 1 1 218 137 153 363
2732 4 2 1 1 86 504 94 322
2733 4 2 1 1 154 222 153 442
2734 4 2 1 1 276 386 493 516
2735 4 2 1 1 75 70 78 415
2736 4 2 1 1 368 495 441 321
2737 4 2 1 1 28 582 79 464
2738 4 2 1 1 584 45 456 111
2739 4 2 1 1 258 441 501 520
2740 4 2 1 1 70 66 69 533
2741 4 2 1 1 29 596 76 568
2742 4 2 1 1 5 25 80 594
2743 4 2 1 1 224 201 132 337
2744 4 2 1 1 1 605 38 95
2745 4 2 1 1 594 41 377 96
2746 4 2 1 1 368 441 495 310
2747 4 2 1 1 65 27 73 478
2748 4 2 1 1 267 478 560 561
2749 4 2 1 1 582 48 152 7
2750 4 2 1 1 584 15 64 588
2751 4 2 1 1 61 55 50 430
2752 4 2 1 1 77 32 6 607
2753 4 2 1 1 100 107 396 576
2754 4 2 1 1 256 457 78 561
2755 4 2 1 1 40 348 604 90
2756 4 2 1 1 321 492 257 535
2757 4 2 1 1 315 498 450 543
2758 4 2 1 1 214 205 142 456
2759 4 2 1 1 105 97 46 340
2760 4 2 1 1 34 596 8 126
2761 4 2 1 1 596 108 8 44
2762 4 2 1 1 4 21 608 60
2763 4 2 1 1 102 110 422 576
2764 4 2 1 1 187 193 131 361
2765 4 2 1 1 74 25 26 600
2766 4 2 1 1 187 186 183 570
2767 4 2 1 1 19 610 2 125
2768 4 2 1 1 409 503 434 504
2769 4 2 1 1 109 104 98 554
2770 4 2 1 1 337 524 345 559
2771 4 2 1 1 64 57 52 300
2772 4 2 1 1 277 351 477 515
2773 4 2 1 1 52 56 17 491
2774 4 2 1 1 199 209 128 478
2775 4 2 1 1 80 24 5 594
2776 4 2 1 1 7 79 582 31
2777 4 2 1 1 201 601 337 541
2778 4 2 1 1 605 11 1 63
2779 4 2 1 1 3 18 584 64
2780 4 2 1 1 73 78 65 561
2781 4 2 1 1 72 70 412 533
2782 4 2 1 1 40 348 90 81
2783 4 2 1 1 110 309 509 576
2784 4 2 1 1 277 409 434 504
2785 4 2 1 1 601 81 89 287
2786 4 2 1 1 200 201 133 548
2787 4 2 1 1 2 610 93 35
2788 4 2 1 1 204 129 206 539
2789 4 2 1 1 331 544 460 238
2790 4 2 1 1 73 65 478 561
2791 4 2 1 1 153 152 141 464
2792 4 2 1 1 90 604 40 41
2793 4 2 1 1 67 70 75 415
2794 4 2 1 1 78 457 256 475
2795 4 2 1 1 225 137 218 363
2796 4 2 1 1 224 232 133 524
2797 4 2 1 1 216 150 136 538
2798 4 2 1 1 457 478 65 561
2799 4 2 1 1 86 472 515 322
2800 4 2 1 1 100 396 364 576
2801 4 2 1 1 211 359 127 458
2802 4 2 1 1 72 66 70 533
2803 4 2 1 1 130 196 197 547
2804 4 2 1 1 300 456 455 479
2805 4 2 1 1 201 130 541 548
2806 4 2 1 1 213 187 131 361
2807 4 2 1 1 212 227 135 530
2808 4 2 1 1 201 130 39 541
2809 4 2 1 1 54 50 55 430
2810 4 2 1 1 206 181 204 539
2811 4 2 1 1 198 212 184 528
2812 4 2 1 1 52 59 56 491
2813 4 2 1 1 1 146 38 605
2814 4 2 1 1 187 183 193 570
2815 4 2 1 1 62 54 59 453
2816 4 2 1 1 99 108 103 568
2817 4 2 1 1 110 102 107 576
2818 4 2 1 1 225 218 129 421
2819 4 2 1 1 460 544 331 254
2820 4 2 1 1 96 85 90 377
2821 4 2 1 1 412 282 533 567
2822 4 2 1 1 112 106 100 364
2823 4 2 1 1 147 232 224 524
2824 4 2 1 1 200 130 201 548
2825 4 2 1 1 139 144 226 407
2826 4 2 1 1 70 415 412 533
2827 4 2 1 1 174 196 173 546
2828 4 2 1 1 205 144 142 456
2829 4 2 1 1 132 147 224 559
2830 4 2 1 1 131 147 146 559
$EndElements
