$MeshFormat
2.2 0 8
$EndMeshFormat
$PhysicalNames
1
3 1 "tissue"
$EndPhysicalNames
$Nodes
638
1 0 0 0.08
2 0 0 0
3 0 0.08 0.08
4 0 0.08 0
5 0.08 0 0.08
6 0.08 0 0
7 0.08 0.08 0.08
8 0.08 0.08 0
9 0 0 0.01142857142857141
10 0 0 0.0228571428571428
11 0 0 0.03428571428571419
12 0 0 0.04571428571428559
13 0 0 0.05714285714285704
14 0 0 0.06857142857142852
15 0 0.01142857142857141 0.08
16 0 0.0228571428571428 0.08
17 0 0.03428571428571419 0.08
18 0 0.04571428571428559 0.08
19 0 0.05714285714285704 0.08
20 0 0.06857142857142852 0.08
21 0 0.08 0.01142857142857141
22 0 0.08 0.0228571428571428
23 0 0.08 0.03428571428571419
24 0 0.08 0.04571428571428559
25 0 0.08 0.05714285714285704
26 0 0.08 0.06857142857142852
27 0 0.01142857142857141 0
28 0 0.0228571428571428 0
29 0 0.03428571428571419 0
30 0 0.04571428571428559 0
31 0 0.05714285714285704 0
32 0 0.06857142857142852 0
33 0.08 0 0.01142857142857141
34 0.08 0 0.0228571428571428
35 0.08 0 0.03428571428571419
36 0.08 0 0.04571428571428559
37 0.08 0 0.05714285714285704
38 0.08 0 0.06857142857142852
39 0.08 0.01142857142857141 0.08
40 0.08 0.0228571428571428 0.08
41 0.08 0.03428571428571419 0.08
42 0.08 0.04571428571428559 0.08
43 0.08 0.05714285714285704 0.08
44 0.08 0.06857142857142852 0.08
45 0.08 0.08 0.01142857142857141
46 0.08 0.08 0.0228571428571428
47 0.08 0.08 0.03428571428571419
48 0.08 0.08 0.04571428571428559
49 0.08 0.08 0.05714285714285704
50 0.08 0.08 0.06857142857142852
51 0.08 0.01142857142857141 0
52 0.08 0.0228571428571428 0
53 0.08 0.03428571428571419 0
54 0.08 0.04571428571428559 0
55 0.08 0.05714285714285704 0
56 0.08 0.06857142857142852 0
57 0.01142857142857141 0 0
58 0.0228571428571428 0 0
59 0.03428571428571419 0 0
60 0.04571428571428559 0 0
61 0.05714285714285704 0 0
62 0.06857142857142852 0 0
63 0.01142857142857141 0 0.08
64 0.0228571428571428 0 0.08
65 0.03428571428571419 0 0.08
66 0.04571428571428559 0 0.08
67 0.05714285714285704 0 0.08
68 0.06857142857142852 0 0.08
69 0.01142857142857141 0.08 0
70 0.0228571428571428 0.08 0
71 0.03428571428571419 0.08 0
72 0.04571428571428559 0.08 0
73 0.05714285714285704 0.08 0
74 0.06857142857142852 0.08 0
75 0.01142857142857141 0.08 0.08
76 0.0228571428571428 0.08 0.08
77 0.03428571428571419 0.08 0.08
78 0.04571428571428559 0.08 0.08
79 0.05714285714285704 0.08 0.08
80 0.06857142857142852 0.08 0.08
81 0 0.0397078969803599 0.009832045981348941
82 0 0.03991082957416321 0.06996909340914348
83 0 0.06921624058144235 0.03924814491767438
84 0 0.01120685053612115 0.03968654573665948
85 0 0.07039402435542953 0.06320420468348693
86 0 0.009703288536842608 0.06308249696987302
87 0 0.06282839513497147 0.009488627306479491
88 0 0.009598089394970158 0.01654597073959284
89 0 0.05142857142857132 0.07010256681389217
90 0 0.0457142857142856 0.0597102619684789
91 0 0.03384838301845384 0.05981975923737902
92 0 0.03958769659249584 0.04940432564319445
93 0 0.05116370123218368 0.04900858634418612
94 0 0.04534860916430506 0.03889412710546482
95 0 0.03344451914088176 0.0390853136494655
96 0 0.03925830571783796 0.02863176159473191
97 0 0.05125696558589867 0.02845299613481786
98 0 0.02804300904927047 0.02938806529837574
99 0 0.05897206539161659 0.05885885542793782
100 0 0.02812282878526878 0.04924077513744807
101 0 0.02082127870606096 0.05891345730927563
102 0 0.05689755261783871 0.03859768209204144
103 0 0.0629901695818809 0.02854029243690706
104 0 0.06995441594471659 0.05197938841745038
105 0 0.0284602610958897 0.07005643686851064
106 0 0.01003235824674879 0.05206831005203797
107 0 0.05127271696442129 0.009671900762647701
108 0 0.02822641417063546 0.009609657611929565
109 0 0.01026580922397711 0.02718579790453309
110 0 0.02297161907759245 0.03934165687184019
111 0 0.0629030431706587 0.07079595794201486
112 0 0.01708739004789642 0.07079104524167919
113 0 0.06996024316240905 0.01800232798405933
114 0 0.01714285714285711 0.009150185861511166
115 0 0.02070724111882383 0.02033914648231442
116 0 0.0572385231190382 0.01893970502505768
117 0 0.04512264828464785 0.01948208552543465
118 0 0.03312473359751197 0.0197153239904433
119 0 0.0611441653398111 0.04770798261846054
120 0 0.07260022603821104 0.02857142857142849
121 0 0.01863098707035843 0.04785014902145227
122 0 0.07169189411937073 0.07169189411937073
123 0 0.008308105880629199 0.008308105880629199
124 0 0.008308105880629212 0.07169189411937077
125 0 0.07169189411937078 0.008308105880629217
126 0 0.018638905801157 0.03118824245874458
127 0.08 0.0397078969803599 0.009832045981348932
128 0.08 0.03991082957416321 0.06996909340914348
129 0.08 0.06921624058144234 0.03924814491767438
130 0.08 0.01117452789189271 0.03972240442208787
131 0.08 0.07039402435542953 0.06320420468348693
132 0.08 0.009703288536842606 0.063082496969873
133 0.08 0.06282839513497147 0.009488627306479491
134 0.08 0.01649709664477618 0.00960128498567212
135 0.08 0.05142857142857132 0.07010256681389217
136 0.08 0.0457142857142856 0.0597102619684789
137 0.08 0.03384838301845383 0.05981975923737903
138 0.08 0.03958769659249583 0.04940432564319445
139 0.08 0.05116370123218369 0.04900858634418612
140 0.08 0.04534860916430506 0.03889412710546482
141 0.08 0.03344451914088176 0.03908531364946549
142 0.08 0.03925830571783797 0.02863176159473192
143 0.08 0.05125696558589867 0.02845299613481788
144 0.08 0.02733625583180682 0.02940709793755109
145 0.08 0.0589720653916166 0.05885885542793782
146 0.08 0.02812282878526878 0.04924077513744807
147 0.08 0.02082127870606096 0.05891345730927563
148 0.08 0.05689755261783871 0.03859768209204145
149 0.08 0.0629901695818809 0.02854029243690707
150 0.08 0.06995441594471659 0.05197938841745038
151 0.08 0.0284602610958897 0.07005643686851064
152 0.08 0.01002697113937738 0.05207428649960936
153 0.08 0.05127271696442129 0.009671900762647699
154 0.08 0.009552562627620562 0.02788291119667579
155 0.08 0.02752328827247985 0.01023466144365049
156 0.08 0.02281073001571059 0.03939264055894062
157 0.08 0.0629030431706587 0.07079595794201486
158 0.08 0.01708739004789641 0.07079104524167919
159 0.08 0.06996024316240905 0.01800232798405934
160 0.08 0.009150185861511164 0.01714285714285711
161 0.08 0.0572385231190382 0.01893970502505768
162 0.08 0.04512264828464785 0.01948208552543465
163 0.08 0.03293592339275107 0.01997449436452594
164 0.08 0.01975375878858555 0.02118361430726273
165 0.08 0.06114416533981109 0.04770798261846054
166 0.08 0.07260022603821104 0.0285714285714285
167 0.08 0.01859126730766208 0.04786871278547231
168 0.08 0.07169189411937073 0.07169189411937073
169 0.08 0.008308105880629198 0.008308105880629198
170 0.08 0.008308105880629212 0.07169189411937078
171 0.08 0.07169189411937078 0.008308105880629217
172 0.08 0.01818212409164388 0.03137839113687806
173 0.009832045981348932 0 0.0397078969803599
174 0.06996909340914348 0 0.03991082957416321
175 0.03924814491767438 0 0.06921624058144234
176 0.03972240442208787 0 0.01117452789189271
177 0.07068660943097407 0 0.062877851865708
178 0.063082496969873 0 0.009703288536842606
179 0.00960128498567212 0 0.01649709664477618
180 0.009488627306479491 0 0.06282839513497149
181 0.06997233626733922 0 0.05149044263413852
182 0.0596970909540834 0 0.04569615646361264
183 0.0598175640683131 0 0.033845361476675
184 0.04940176461261755 0 0.03958417146042053
185 0.04899386268589632 0 0.05113842607695233
186 0.03889124632398704 0 0.04534380911642062
187 0.0390844066807897 0 0.03344313161088847
188 0.02863176159473192 0 0.03925830571783797
189 0.02845299613481788 0 0.05125696558589867
190 0.02940702081436437 0 0.02733613784456249
191 0.04923983127606163 0 0.02812150641796087
192 0.05891300887635385 0 0.02082065814761999
193 0.03859474801874685 0 0.05689254008398609
194 0.0285398034246913 0 0.06298933415957214
195 0.05876337089178109 0 0.0590427747618005
196 0.05190563069036689 0 0.07004216580359045
197 0.07005632217662933 0 0.02846010308446131
198 0.009671900762647699 0 0.05127271696442129
199 0.05207421176078907 0 0.01002686771297056
200 0.02788291119667579 0 0.009552562627620562
201 0.01023466144365049 0 0.02752328827247985
202 0.03939231923339913 0 0.02281025870161967
203 0.06285714285714276 0 0.07084981413848877
204 0.07079102081067809 0 0.01708735626987556
205 0.01800227808485364 0 0.06996015791523469
206 0.01714285714285711 0 0.009150185861511164
207 0.01893961520648744 0 0.05723836967412435
208 0.01948208552543465 0 0.04512264828464785
209 0.01997448151066149 0 0.03293590372821035
210 0.02118360512593098 0 0.01975374474248504
211 0.04770798261846054 0 0.06114416533981109
212 0.0285714285714285 0 0.07260022603821104
213 0.04786835511373832 0 0.01859076377441276
214 0.07169189411937073 0 0.07169189411937073
215 0.008308105880629198 0 0.008308105880629198
216 0.07169189411937078 0 0.008308105880629212
217 0.008308105880629205 0 0.0716918941193708
218 0.03137833290401236 0 0.01818203789915306
219 0.009832045981348932 0.08 0.0397078969803599
220 0.06996909340914348 0.08 0.03991082957416321
221 0.03924814491767438 0.08 0.06921624058144234
222 0.03972240442208787 0.08 0.01117452789189271
223 0.07068660943097407 0.08 0.062877851865708
224 0.009488627306479491 0.08 0.06282839513497147
225 0.063082496969873 0.08 0.009703288536842606
226 0.00960128498567212 0.08 0.01649709664477618
227 0.06997233626733922 0.08 0.05149044263413852
228 0.0596970909540834 0.08 0.04569615646361264
229 0.0598175640683131 0.08 0.033845361476675
230 0.04940176461261755 0.08 0.03958417146042053
231 0.04899386268589632 0.08 0.05113842607695233
232 0.03889124632398704 0.08 0.04534380911642062
233 0.0390844066807897 0.08 0.03344313161088847
234 0.02863176159473192 0.08 0.03925830571783797
235 0.02845299613481788 0.08 0.05125696558589867
236 0.02940702081436437 0.08 0.02733613784456249
237 0.04923983127606163 0.08 0.02812150641796087
238 0.05891300887635385 0.08 0.02082065814761999
239 0.03859474801874685 0.08 0.05689254008398609
240 0.0285398034246913 0.08 0.06298933415957214
241 0.05876337089178109 0.08 0.0590427747618005
242 0.05190563069036689 0.08 0.07004216580359045
243 0.07005632217662933 0.08 0.02846010308446131
244 0.009671900762647699 0.08 0.05127271696442129
245 0.05207421176078907 0.08 0.01002686771297056
246 0.02788291119667579 0.08 0.009552562627620562
247 0.01023466144365049 0.08 0.02752328827247985
248 0.03939231923339913 0.08 0.02281025870161967
249 0.06285714285714276 0.08 0.07084981413848877
250 0.07079102081067809 0.08 0.01708735626987556
251 0.01800227808485365 0.08 0.06996015791523469
252 0.01714285714285711 0.08 0.009150185861511164
253 0.01893961520648744 0.08 0.05723836967412435
254 0.01948208552543465 0.08 0.04512264828464785
255 0.01997448151066149 0.08 0.03293590372821035
256 0.02118360512593098 0.08 0.01975374474248504
257 0.04770798261846054 0.08 0.06114416533981109
258 0.0285714285714285 0.08 0.07260022603821104
259 0.04786835511373832 0.08 0.01859076377441276
260 0.07169189411937073 0.08 0.07169189411937073
261 0.008308105880629198 0.08 0.008308105880629198
262 0.07169189411937078 0.08 0.008308105880629212
263 0.008308105880629217 0.08 0.07169189411937078
264 0.03137833290401236 0.08 0.01818203789915306
265 0.03968603227271829 0.01120631394864601 0
266 0.03924866340513808 0.06921627484340813 0
267 0.06996909340914348 0.03991082957416321 0
268 0.009832045981348935 0.03970789698035991 0
269 0.06326395504321899 0.07038824724804711 0
270 0.009488628167187436 0.06282848820243486 0
271 0.06308102438485394 0.009702845874423403 0
272 0.01654597073959284 0.009598089394970158 0
273 0.07007138906245147 0.05150288011676855 0
274 0.059748025009289 0.04566260228272959 0
275 0.05981959522979227 0.03383848734658921 0
276 0.04941196411529885 0.03957065597486044 0
277 0.04907629956861571 0.05114643066511836 0
278 0.03890690905076548 0.04534287160196769 0
279 0.03908514547128195 0.03344030862928932 0
280 0.02863176159473192 0.039258305717838 0
281 0.02845299613481788 0.0512569655858987 0
282 0.02938803726867845 0.02804230729733843 0
283 0.05887815322415665 0.05897198754341813 0
284 0.04923850754393501 0.02811614401469074 0
285 0.05891238610446033 0.02081831024646269 0
286 0.03861156594106976 0.0568937518203995 0
287 0.02854269451330998 0.06298975506157731 0
288 0.05199282214135294 0.06995342540918363 0
289 0.009671902593086593 0.05127291488789341 0
290 0.07005638327919013 0.02845970298939489 0
291 0.05206720146847733 0.0100310742764457 0
292 0.009609657611929558 0.02822641417063548 0
293 0.02718571232720954 0.01026571979273126 0
294 0.0393405616196863 0.02296897078860852 0
295 0.07079803478519263 0.06290601301536822 0
296 0.07079093255516164 0.01708721784410493 0
297 0.01800257421457324 0.06996034091351226 0
298 0.009150185861511164 0.01714285714285711 0
299 0.02033913025274 0.02070712809265557 0
300 0.01894014685806829 0.05723851882266073 0
301 0.01948208552543464 0.04512264828464788 0
302 0.01971532399044328 0.03312473359751204 0
303 0.04770901831846129 0.06114404282022847 0
304 0.02857142857142849 0.07260041097849348 0
305 0.04784893780185545 0.01862816265497073 0
306 0.07169189411937073 0.07169189411937073 0
307 0.008308105880629198 0.008308105880629198 0
308 0.008308105880629212 0.07169189411937077 0
309 0.07169189411937078 0.008308105880629217 0
310 0.03118789474820652 0.01863808798399596 0
311 0.009155215521575732 0.03988918940494161 0.08
312 0.06830324506334964 0.0402446750367233 0.08
313 0.03999284006881228 0.07114130808783259 0.08
314 0.03988132800434428 0.008621230879282469 0.08
315 0.06182953310279883 0.06904061080323687 0.08
316 0.01112444207966437 0.06180649251276629 0.08
317 0.06283462580006684 0.008900077993903402 0.08
318 0.01818029661808887 0.01103548557540795 0.08
319 0.06990910018673147 0.05134873478914959 0.08
320 0.06038019187654477 0.04761311309559053 0.08
321 0.06181676203447212 0.03506183900734668 0.08
322 0.0521699503053752 0.03959601691207066 0.08
323 0.0612130052339672 0.05726801452387843 0.08
324 0.05400104938155071 0.05200967548861549 0.08
325 0.05232055965024958 0.06051227711856823 0.08
326 0.04534806006511347 0.05751109638158629 0.08
327 0.04437578175898047 0.04913833440405295 0.08
328 0.06823486037459875 0.02940526943715985 0.08
329 0.05974842607775438 0.0243261942393594 0.08
330 0.05303405609819598 0.02950780006560474 0.08
331 0.05150907791839528 0.02179327477702779 0.08
332 0.04464266557276764 0.02493413490460934 0.08
333 0.0454751424486016 0.03309103724245437 0.08
334 0.05150406034019195 0.01049937978491338 0.08
335 0.02870255505516116 0.07055954239233367 0.08
336 0.03482710271210176 0.06136923024621557 0.08
337 0.02341630579683829 0.06150124583399112 0.08
338 0.02922233427147155 0.05417863893044692 0.08
339 0.02017078409850956 0.05233840148473252 0.08
340 0.02299550917416303 0.04546408122724147 0.08
341 0.03183579053509013 0.04498668318439165 0.08
342 0.0361721553607988 0.05292952092260102 0.08
343 0.01138747418147327 0.02872301737950358 0.08
344 0.01802188104509179 0.03580255321575747 0.08
345 0.01936119355920968 0.02360924747322368 0.08
346 0.02657733371374872 0.02762904480486749 0.08
347 0.0278844822865422 0.01969961220859981 0.08
348 0.03490716590180758 0.02259822941814483 0.08
349 0.0357224107319935 0.03196667645439731 0.08
350 0.02787848837793599 0.03756477522848161 0.08
351 0.009437799808002599 0.05032344140058649 0.08
352 0.02961767979209527 0.009176369665192441 0.08
353 0.06874671596926334 0.01743049180908117 0.08
354 0.05072618728984932 0.07102388924779371 0.08
355 0.07077392210714469 0.06251058999165351 0.08
356 0.01763952051633454 0.07092652914307697 0.08
357 0.009539511706566833 0.01766026176574644 0.08
358 0.04467085332532692 0.01745118308039307 0.08
359 0.05354495425393797 0.04536503916249948 0.08
360 0.0474884544568417 0.04384071817084834 0.08
361 0.04708833019503366 0.03813802082592329 0.08
362 0.0431611058852473 0.04121347315425607 0.08
363 0.04217044637598853 0.03653168799296933 0.08
364 0.03875449531075671 0.03910581000371609 0.08
365 0.03908943257352394 0.04406594429704416 0.08
366 0.0405866987327245 0.03230929234887663 0.08
367 0.03514389384096284 0.04196466367829979 0.08
368 0.03464457084395221 0.03698916772129635 0.08
369 0.05015908857120744 0.03412575099293439 0.08
370 0.01705477198400229 0.04385943288309092 0.08
371 0.03144061836343742 0.03967695959109643 0.08
372 0.03103300350690621 0.03353204831956157 0.08
373 0.04298605047303476 0.04529582440551502 0.08
374 0.04001287817766057 0.04851311067873327 0.08
375 0.03580347242067474 0.04690655083580922 0.08
376 0.04216781890529339 0.05294372700658295 0.08
377 0.03578984497529202 0.01639438265628101 0.08
378 0.04889965100421895 0.04812080336398739 0.08
379 0.03823407569147361 0.03533895132493405 0.08
380 0.03890035305375228 0.02740119481138378 0.08
381 0.04001358703286739 0.02196320488847979 0.08
382 0.04381092655197964 0.06314991657648142 0.08
383 0.02278173637605468 0.03944761714428732 0.08
384 0.05538791481603546 0.0350657384118928 0.08
385 0.05860050305828585 0.04049107027102057 0.08
386 0.07163370505635563 0.008366294943644381 0.08
387 0.07169189411937073 0.07169189411937073 0.08
388 0.008308105880629198 0.008308105880629198 0.08
389 0.008308105880629212 0.07169189411937078 0.08
390 0.04023252609239854 0.05751241255532162 0.08
391 0.05886858122113436 0.01658988372085703 0.08
392 0.03225750944042317 0.04934498058470456 0.08
393 0.02743164843257243 0.04822286747101077 0.08
394 0.02739396520987561 0.04256049730775154 0.08
395 0.04344967948180201 0.02940335197120286 0.08
396 0.04804495168182833 0.02880922499230558 0.08
397 0.02475513576085023 0.03382788248664783 0.08
398 0.02002060365207474 0.02991834907200001 0.08
399 0.04744722854345568 0.05222860127563218 0.08
400 0.05824088160013106 0.03037530040097751 0.08
401 0.03261955988568234 0.02748000282439211 0.08
402 0.04111539689728071 0.04389658413431739 0.04067278933444027
403 0.0361573652724814 0.03246435326399538 0.06081346854419215
404 0.04062057630841181 0.05203123206585669 0.06441741093233115
405 0.05965524371924997 0.03814240785153063 0.06407594243738177
406 0.02173971926633304 0.04108020634198645 0.065097208485576
407 0.05535775531540754 0.02052674535423438 0.04529626344881523
408 0.05769535552276518 0.05404246508895192 0.04797114543894065
409 0.02130868957758379 0.03064340488977396 0.04246806674081519
410 0.02669476338880977 0.06160385076646162 0.04674926455973998
411 0.03693681888691362 0.04525014095339955 0.06981235002949918
412 0.03162616004975138 0.0237217866295785 0.02277026017401744
413 0.01852787449925313 0.02798039746913858 0.06827488239980584
414 0.0244189094354363 0.0519792017085258 0.02301311274627386
415 0.04900547517001947 0.0581397069386252 0.02138439891207308
416 0.04350612431349597 0.03173351698627663 0.06981019333506712
417 0.03590509622733571 0.01938090075664542 0.06645459312545776
418 0.05588196854886795 0.03410197648282681 0.02316582159593889
419 0.05301724232587469 0.02159256985893947 0.06186348819914778
420 0.03196863475420708 0.05101565277635797 0.06971173210038556
421 0.05818822377168096 0.05758271685794284 0.06497524408379089
422 0.03358579762039663 0.02004109095708578 0.04683928375103384
423 0.01841148158343166 0.06122635642374308 0.05944157184317714
424 0.04721409205726063 0.04029374545595447 0.07055540347448346
425 0.04293171356543427 0.03774700592279759 0.05980045625443858
426 0.03542866388389033 0.04597750681700214 0.05078328638002224
427 0.03117004175229681 0.03369966483701007 0.07485163439077792
428 0.03952148277554015 0.06797672295363671 0.06727833249324487
429 0.05080109005419482 0.03036379029920211 0.05309374334740565
430 0.05063196213339945 0.04785820810879461 0.06588594067259938
431 0.04719032669494578 0.04968357759847768 0.04930981746303812
432 0.02696945489268899 0.04019837861495254 0.07419550951542656
433 0.06622937786999158 0.0386826382645326 0.04758885646712458
434 0.04304000372189676 0.04893821056285825 0.0727822024545339
435 0.05204929320795094 0.03350833686628871 0.07361159985993593
436 0.01764764534022165 0.04228241437371832 0.05207313350631044
437 0.02378496761097433 0.03480263416721351 0.0571346356340022
438 0.0498956754937206 0.06493593360060605 0.05593698041939947
439 0.04665864290362265 0.01324880839606919 0.01549775157008743
440 0.01618028511507329 0.03234621856669923 0.02677492237526261
441 0.01282331997770573 0.01159618585522773 0.05498106061776686
442 0.03856545875317555 0.04157666345970416 0.01580107187486767
443 0.06766824848701479 0.02484454384045764 0.06846307200105299
444 0.06338247440454511 0.01619645583443381 0.02964478325452429
445 0.009761646737963066 0.0357844781851424 0.06017456646954856
446 0.0448976342215422 0.06296974232230415 0.03923827876710361
447 0.05287988701097342 0.05155337972318094 0.07373462027648467
448 0.04737634814790823 0.05912867483897075 0.0686554044890736
449 0.03864702880346207 0.03494030541542594 0.07529998821311397
450 0.03082030209737253 0.03918187593199124 0.06608877987676486
451 0.06717232332170793 0.04943844998898756 0.02840315350954473
452 0.01369800387217235 0.01452444510465167 0.03536418484773989
453 0.01348734879896179 0.01241015710515845 0.01418319287665388
454 0.03269020074792126 0.06689207532022746 0.01365344956439578
455 0.01372640056714521 0.06791975954786959 0.0358513333082199
456 0.01283720553944647 0.0679805047684952 0.01301270699526229
457 0.03448035477233771 0.04740399842795977 0.06371295487106979
458 0.03031620040310201 0.06143944977076145 0.05790013667027916
459 0.04909355883470234 0.03363387605625038 0.06382882900351701
460 0.04298265245296753 0.01773019774998107 0.05500128079931882
461 0.03819949961388622 0.02708995919607778 0.07438722094559452
462 0.04604392327106499 0.02213322433532426 0.07271166962737151
463 0.02399803562849222 0.04739132968578769 0.07377861625030904
464 0.01647952643279891 0.03758921468896164 0.07279172608502296
465 0.06584704826458238 0.06958906853108371 0.01072888406723862
466 0.04124955414814178 0.0375257348453021 0.05145611419716597
467 0.01267378573772193 0.0521443691797461 0.06670492686864693
468 0.03774278741353799 0.05711444566027388 0.07190303560615659
469 0.0439644840349222 0.01441636198920692 0.03259867170239335
470 0.02127913778275915 0.01192927279789363 0.06819923856194628
471 0.0654643143930102 0.04634236724257364 0.06895404282998777
472 0.06746117910564768 0.01258515611488613 0.05530891981825108
473 0.06712815748720498 0.06703729501769802 0.0559657139171818
474 0.06684251604029405 0.01261385126087175 0.0132019148049673
475 0.03238814205511169 0.04646052238375253 0.07535776610234492
476 0.04143952950565859 0.0413438289561607 0.0748506929625445
477 0.06627662398283661 0.06525474030096584 0.03945649122687945
478 0.01274953504562594 0.04024716100982582 0.01436045526836288
479 0.0698360270959086 0.04019926519420315 0.01116388102879369
480 0.03001218006497305 0.06833752120282935 0.03383593075143641
481 0.0421236880058965 0.03811600827072938 0.06807765090176737
482 0.04481826536434217 0.0360663015880835 0.07565182398773325
483 0.04221183114264368 0.02530849274786744 0.06435542237876674
484 0.02983696329246637 0.02251419102550057 0.05934182987541773
485 0.02410820918637196 0.0341248287718056 0.07373082817707206
486 0.04252550330447567 0.04437123948508179 0.06618088235599862
487 0.05966541390606524 0.04666817252935977 0.05687008084854535
488 0.05754380378605965 0.03494768994602888 0.03975319617350965
489 0.03217085636330654 0.01211795055442338 0.01215522298204452
490 0.02576050196303108 0.0319046408254607 0.01161729881330222
491 0.0362371669438321 0.03632612689822769 0.06892133917262433
492 0.04409398934680105 0.01294189106973588 0.06688400486875955
493 0.05668690754260427 0.06983171844485143 0.06873209670560795
494 0.0100648017463546 0.05170585786106965 0.02791643996909466
495 0.03736176395715313 0.040288026268134 0.06333344032251978
496 0.03219850034364179 0.03859903992678475 0.03061040961974112
497 0.03165786615036739 0.009711871201768633 0.05740211915241548
498 0.04749533321599465 0.06873716707938501 0.01054870196977417
499 0.04269449126225485 0.02883636549585061 0.04378690801183414
500 0.02858786951780715 0.0317341047589183 0.06481134005424129
501 0.02611001669164202 0.06714482557518363 0.0688632998132833
502 0.03200701556889416 0.03030182588565117 0.05180330871621178
503 0.06987802686468207 0.03253349581016288 0.0338944761168796
504 0.01008012397637897 0.07036653545481628 0.05163010448216875
505 0.03845908745951927 0.06942633004650008 0.05175025285129802
506 0.02821181158350993 0.02454009719352046 0.07253606042818682
507 0.04126811647278795 0.04578078957198244 0.05810814753961424
508 0.03817040669333985 0.05561816746434703 0.05071644012311595
509 0.06764301403876292 0.01150590841467173 0.06870669795223107
510 0.008890732529120801 0.0171660198033219 0.07052787260081937
511 0.0366180731912225 0.0549063766596055 0.03085198596451568
512 0.05340642065856627 0.04769927051152088 0.01173807851211276
513 0.03348994572104604 0.0407319887302996 0.07505737353326788
514 0.02925948053824859 0.04511484821824253 0.06848776615747605
515 0.03055543217487183 0.01016750326155694 0.02915850497039407
516 0.0535719554382645 0.07085067679817011 0.04566914709951026
517 0.05037414601186408 0.04162578889089996 0.05677195539001766
518 0.04101800615048046 0.02805726680677027 0.01091873229663085
519 0.02609090554672268 0.05261059064109467 0.06355964772948045
520 0.03377872901345255 0.03819072816368681 0.05674178667513354
521 0.04470944326420791 0.03000235477125485 0.07557909846262435
522 0.06481856662588516 0.02769093437891909 0.05604953991173801
523 0.05616947673253529 0.02577359501160788 0.01083177224888225
524 0.05471897081290762 0.04160981421602335 0.07250093570753439
525 0.05686759520899363 0.0296681421142929 0.06474085181266744
526 0.05557991788006517 0.06863644359545049 0.02785973649809596
527 0.05245661268416583 0.009906777358521347 0.05579651158899123
528 0.03007272615225643 0.03888385594288586 0.04682613946921104
529 0.05166278493043507 0.0485879664645736 0.03318894630672562
530 0.07041117997139187 0.05450042225108841 0.06039418911930158
531 0.03079308093173964 0.02559700707097291 0.03608335067469128
532 0.0454812091675957 0.02933136368133176 0.02983612230358373
533 0.02520976208052352 0.07122331371452108 0.05733719991829455
534 0.0614424352341057 0.03383439106913205 0.07357982101044103
535 0.02561496044233906 0.0499290458672907 0.009569797665924418
536 0.0376235646573292 0.05073638325088611 0.07563194692697717
537 0.07043980064101245 0.03965399998778103 0.05754826279981007
538 0.04844620388794112 0.04097725988888348 0.06392526730977542
539 0.0242542867212087 0.04925020339436938 0.0390631932085011
540 0.03553490325664129 0.02921527623336776 0.06809795790581361
541 0.02484244494770863 0.0111255996485347 0.04568893080493059
542 0.04111991847499018 0.03321121725923473 0.06433243670308339
543 0.0700113174705352 0.02837069462886891 0.0219930750479557
544 0.04141569346612934 0.07081005121129089 0.0245786770896792
545 0.05523769753546889 0.009083153907806929 0.04103976057556893
546 0.03854651885172612 0.05367862122358154 0.01062744807835358
547 0.009086639379059638 0.02774617677815457 0.009538288717612224
548 0.03305583601827772 0.05719207554380396 0.06505534916656294
549 0.04957179533818534 0.02793934399364784 0.06875346940885681
550 0.0547052779682486 0.02519338250003223 0.07299876144421653
551 0.07004461492476458 0.02599359771764071 0.04524085260338752
552 0.04890206839339981 0.05339513166758775 0.05876581352795732
553 0.008940512091068074 0.02753838209850658 0.03800680825969927
554 0.04772743305394068 0.04667510451193718 0.07556520740092222
555 0.0113877195664154 0.05630445946228824 0.04619782792759917
556 0.06936891604321435 0.05060309824139324 0.04414013469538944
557 0.007719429359903363 0.02204295742085486 0.02508493859700081
558 0.031674001221988 0.05243363366960356 0.07540001758915409
559 0.06962211404553915 0.06633932193026219 0.06992023101442722
560 0.02453956637595731 0.05700584934988629 0.07213038789986734
561 0.03788030739975196 0.0449741178309828 0.07606600602314743
562 0.02965496288831401 0.04417054695528473 0.05855525761178842
563 0.0242492829830625 0.05149863553390949 0.05352070530904046
564 0.05531071722724615 0.01042255748548413 0.0704653968902621
565 0.04512770734944138 0.05519932325285581 0.07540441987187392
566 0.05201695276386419 0.04124055522705186 0.04789091487279888
567 0.06899014766413884 0.05647240538253954 0.01475040619515922
568 0.01239525228411619 0.06811361500420327 0.06804220182877205
569 0.070714440195334 0.01001793142664298 0.04061204489960427
570 0.03713374800000974 0.01922950579489791 0.07422473251551456
571 0.03390437657765637 0.01017429358160433 0.07227510522625748
572 0.03338297935669887 0.05244923368029041 0.05836702516745028
573 0.04020153734432486 0.05998255678421714 0.0607430148218682
574 0.009147296609974985 0.05188928010191057 0.009342381363295991
575 0.01543255304170409 0.02510180675748292 0.05325972056461794
576 0.009997444935181404 0.03928357755369708 0.04241156157710078
577 0.04187406500138859 0.01032950626161991 0.04448722149410696
578 0.02557011033179634 0.07198506091945708 0.04435520839894017
579 0.01857317037385105 0.06885741268504766 0.02349495167145068
580 0.0479703855061315 0.04072936679486709 0.07603503638676928
581 0.04193370421261346 0.02859021923006688 0.05651789667725822
582 0.05795323726736328 0.03620307432233173 0.05510228939724686
583 0.07044417906938957 0.07133338685266755 0.02730145846330416
584 0.04245849570364212 0.005951515518601164 0.006347200010963645
585 0.007264337743880273 0.007587378631940903 0.0445106505183163
586 0.07433623221854352 0.07402526868627558 0.03899321065818662
587 0.0361456224372602 0.07443441395710065 0.006080623824952629
588 0.06341027304669294 0.004899771692772638 0.005006161967144584
589 0.00738111930986194 0.04333336941114867 0.07219205023055476
590 0.07161671448235837 0.0359289428872949 0.07219850939574814
591 0.04512468678321955 0.006330282966770938 0.07337939827478931
592 0.005197642316144193 0.004994581925781091 0.01691870974064289
593 0.005207464834696118 0.06518919013283547 0.005246423789009027
594 0.00692500769897649 0.007004970834017528 0.06579086983581009
595 0.03288840450940917 0.0729974316632484 0.07386672300775124
596 0.074669539810246 0.06486393505501112 0.004970020275928795
597 0.04523994641083526 0.07461911088754211 0.07280460098705892
598 0.07498293694079664 0.004911166753715336 0.01469997240978294
599 0.01808363888375492 0.005238871322359337 0.005453932170240856
600 0.07468864095653005 0.005259517800443256 0.06500678185958321
601 0.07488759059224738 0.07437360370546248 0.06254875559809375
602 0.07412196950644684 0.01511041390188825 0.07497317158218177
603 0.06550122144124428 0.07408638631287882 0.07538958090768763
604 0.005868720187509415 0.06287184859444093 0.0748121312484144
605 0.07463304385368154 0.01584926955278326 0.005144367239115616
606 0.007580167144590626 0.07574094207416554 0.02529677732746114
607 0.07466714392688496 0.07513891947134567 0.01462722924516813
608 0.0654605409430296 0.004948859849259784 0.07502445543639903
609 0.01434792620577578 0.07506750342644318 0.004842677977619634
610 0.005787029026719721 0.005859810903151834 0.07408306529978141
611 0.005455648516495556 0.005259713080688041 0.0548250241657464
612 0.05256537548640697 0.006141284015798256 0.006450634049229188
613 0.005670465538464987 0.07466125768049259 0.03697024201734472
614 0.005200299010472253 0.07489156763405257 0.06525580286705157
615 0.005473203069376896 0.05271806120907663 0.07495742707127977
616 0.005627959133479788 0.039855103306469 0.005869024380732345
617 0.07417754779140948 0.02559973049275934 0.07486024225160588
618 0.07402902820089752 0.005835891150633088 0.005854775365564131
619 0.07495443366271178 0.05432293887315708 0.005662121318649236
620 0.0134716177872546 0.006315556562455309 0.07310222827792713
621 0.07381434699681814 0.05126971612905838 0.07426115255667978
622 0.02403364233535809 0.07340120725664633 0.005775668014452584
623 0.01825184678449477 0.07464046512406287 0.07457888347550765
624 0.06928388717594647 0.02560112565139789 0.007985771309598147
625 0.007778525242470369 0.03217145932321984 0.07267273696433482
626 0.005178503392655521 0.01487961002357166 0.005320403557467658
627 0.005752253282730045 0.07433828959351915 0.005879733930844819
628 0.07463012648366173 0.07445503565778484 0.0744309559586057
629 0.005036590138367395 0.07533614883193461 0.01556069231926875
630 0.07419316260847537 0.00569374503156714 0.0743540813483447
631 0.00600025554348566 0.07412911104241168 0.07421609042448195
632 0.005958007090788198 0.00618278705588895 0.03056179959051377
633 0.006095698925827058 0.005733003534813716 0.006162127771028929
634 0.07445551608613152 0.07456993614852855 0.005418147306542669
635 0.07463573009930913 0.005374755761119 0.05436377330800024
636 0.07262359088016003 0.07242612775440076 0.04771747384949884
637 0.07224628433440052 0.005871284029808627 0.02370704318911838
638 0.03154621878870081 0.005466233589148737 0.005239573927436113
$EndNodes
$Elements
2444
1 4 2 1 1 459 517 425 538
2 4 2 1 1 444 191 183 545
3 4 2 1 1 165 530 473 556
4 4 2 1 1 349 449 461 427
5 4 2 1 1 594 470 510 620
6 4 2 1 1 407 444 469 532
7 4 2 1 1 246 622 454 456
8 4 2 1 1 407 488 444 532
9 4 2 1 1 475 394 463 432
10 4 2 1 1 124 594 510 610
11 4 2 1 1 121 585 452 441
12 4 2 1 1 404 448 434 430
13 4 2 1 1 86 594 441 510
14 4 2 1 1 100 445 101 575
15 4 2 1 1 469 191 444 545
16 4 2 1 1 420 404 548 468
17 4 2 1 1 594 470 620 180
18 4 2 1 1 366 461 449 521
19 4 2 1 1 124 594 610 14
20 4 2 1 1 121 575 452 553
21 4 2 1 1 106 585 441 611
22 4 2 1 1 449 476 363 482
23 4 2 1 1 382 428 354 448
24 4 2 1 1 575 553 576 409
25 4 2 1 1 456 535 287 454
26 4 2 1 1 445 510 101 575
27 4 2 1 1 418 444 488 532
28 4 2 1 1 274 512 479 567
29 4 2 1 1 165 530 556 139
30 4 2 1 1 208 452 441 541
31 4 2 1 1 620 180 470 205
32 4 2 1 1 350 485 432 427
33 4 2 1 1 512 518 276 523
34 4 2 1 1 100 445 575 576
35 4 2 1 1 394 383 463 432
36 4 2 1 1 427 506 500 540
37 4 2 1 1 416 449 491 540
38 4 2 1 1 120 103 456 579
39 4 2 1 1 210 452 515 453
40 4 2 1 1 622 287 454 456
41 4 2 1 1 506 540 484 500
42 4 2 1 1 543 451 503 142
43 4 2 1 1 461 506 427 540
44 4 2 1 1 283 465 512 567
45 4 2 1 1 121 575 553 100
46 4 2 1 1 421 447 323 325
47 4 2 1 1 434 373 374 561
48 4 2 1 1 80 603 628 387
49 4 2 1 1 469 444 191 439
50 4 2 1 1 591 358 314 334
51 4 2 1 1 354 448 428 493
52 4 2 1 1 394 463 383 340
53 4 2 1 1 387 603 628 559
54 4 2 1 1 449 482 366 521
55 4 2 1 1 364 476 449 513
56 4 2 1 1 446 526 477 529
57 4 2 1 1 406 437 436 562
58 4 2 1 1 418 512 442 529
59 4 2 1 1 575 576 553 100
60 4 2 1 1 418 518 512 523
61 4 2 1 1 233 446 232 480
62 4 2 1 1 441 101 510 575
63 4 2 1 1 7 80 628 387
64 4 2 1 1 623 389 631 568
65 4 2 1 1 230 526 446 544
66 4 2 1 1 623 389 75 631
67 4 2 1 1 230 516 446 526
68 4 2 1 1 232 480 446 505
69 4 2 1 1 106 585 611 12
70 4 2 1 1 508 539 426 563
71 4 2 1 1 294 439 518 489
72 4 2 1 1 208 452 541 209
73 4 2 1 1 636 129 477 586
74 4 2 1 1 120 455 103 579
75 4 2 1 1 539 409 496 528
76 4 2 1 1 539 496 409 440
77 4 2 1 1 294 439 489 265
78 4 2 1 1 617 353 328 443
79 4 2 1 1 121 585 441 106
80 4 2 1 1 449 461 416 521
81 4 2 1 1 412 452 440 453
82 4 2 1 1 631 3 389 75
83 4 2 1 1 636 165 473 477
84 4 2 1 1 233 230 232 446
85 4 2 1 1 274 283 512 567
86 4 2 1 1 585 208 441 198
87 4 2 1 1 456 287 535 300
88 4 2 1 1 604 389 316 568
89 4 2 1 1 453 452 109 632
90 4 2 1 1 465 498 283 512
91 4 2 1 1 449 481 476 482
92 4 2 1 1 464 398 413 485
93 4 2 1 1 421 323 447 471
94 4 2 1 1 68 630 608 386
95 4 2 1 1 451 477 526 529
96 4 2 1 1 230 446 233 544
97 4 2 1 1 476 373 434 561
98 4 2 1 1 449 363 476 364
99 4 2 1 1 543 451 142 479
100 4 2 1 1 606 120 456 579
101 4 2 1 1 210 452 453 201
102 4 2 1 1 491 476 449 481
103 4 2 1 1 398 464 344 485
104 4 2 1 1 617 353 40 328
105 4 2 1 1 636 220 586 477
106 4 2 1 1 560 467 568 423
107 4 2 1 1 622 297 456 609
108 4 2 1 1 426 508 402 539
109 4 2 1 1 428 438 257 493
110 4 2 1 1 457 486 411 495
111 4 2 1 1 636 165 477 129
112 4 2 1 1 608 386 630 509
113 4 2 1 1 210 452 201 209
114 4 2 1 1 121 452 575 441
115 4 2 1 1 294 439 265 305
116 4 2 1 1 408 446 477 529
117 4 2 1 1 68 630 386 5
118 4 2 1 1 442 512 415 529
119 4 2 1 1 451 512 418 529
120 4 2 1 1 199 584 439 612
121 4 2 1 1 416 461 449 540
122 4 2 1 1 442 512 418 518
123 4 2 1 1 416 461 462 521
124 4 2 1 1 584 489 176 439
125 4 2 1 1 199 584 612 60
126 4 2 1 1 442 418 529 532
127 4 2 1 1 240 595 501 428
128 4 2 1 1 463 519 467 560
129 4 2 1 1 449 427 491 540
130 4 2 1 1 246 456 454 579
131 4 2 1 1 415 498 465 512
132 4 2 1 1 404 468 411 434
133 4 2 1 1 383 463 432 464
134 4 2 1 1 518 305 284 523
135 4 2 1 1 403 484 483 540
136 4 2 1 1 103 494 456 579
137 4 2 1 1 300 281 287 535
138 4 2 1 1 468 420 558 560
139 4 2 1 1 440 452 412 531
140 4 2 1 1 453 109 452 557
141 4 2 1 1 539 440 576 494
142 4 2 1 1 451 526 415 529
143 4 2 1 1 103 455 494 579
144 4 2 1 1 339 463 467 560
145 4 2 1 1 634 8 306 74
146 4 2 1 1 636 165 129 150
147 4 2 1 1 467 445 93 436
148 4 2 1 1 426 466 431 507
149 4 2 1 1 617 40 41 328
150 4 2 1 1 274 479 273 567
151 4 2 1 1 614 85 504 568
152 4 2 1 1 200 453 489 599
153 4 2 1 1 517 507 430 552
154 4 2 1 1 424 416 435 482
155 4 2 1 1 121 575 100 101
156 4 2 1 1 617 590 328 41
157 4 2 1 1 306 634 74 465
158 4 2 1 1 423 555 410 563
159 4 2 1 1 369 482 435 521
160 4 2 1 1 300 535 456 574
161 4 2 1 1 561 364 367 513
162 4 2 1 1 32 627 593 308
163 4 2 1 1 416 482 449 521
164 4 2 1 1 113 120 103 456
165 4 2 1 1 622 287 456 297
166 4 2 1 1 440 478 96 494
167 4 2 1 1 405 590 537 471
168 4 2 1 1 413 625 445 510
169 4 2 1 1 490 310 489 299
170 4 2 1 1 162 451 567 479
171 4 2 1 1 445 589 464 467
172 4 2 1 1 192 439 444 474
173 4 2 1 1 476 434 373 554
174 4 2 1 1 452 453 412 515
175 4 2 1 1 436 445 93 576
176 4 2 1 1 424 416 482 481
177 4 2 1 1 627 593 308 456
178 4 2 1 1 620 180 205 217
179 4 2 1 1 617 590 443 328
180 4 2 1 1 619 153 133 567
181 4 2 1 1 467 519 406 563
182 4 2 1 1 606 455 120 579
183 4 2 1 1 404 434 448 468
184 4 2 1 1 446 415 526 529
185 4 2 1 1 414 456 454 535
186 4 2 1 1 90 589 445 467
187 4 2 1 1 435 482 416 521
188 4 2 1 1 560 548 501 468
189 4 2 1 1 363 366 379 449
190 4 2 1 1 283 498 303 512
191 4 2 1 1 604 615 89 467
192 4 2 1 1 440 453 452 557
193 4 2 1 1 555 563 467 436
194 4 2 1 1 65 314 591 571
195 4 2 1 1 543 451 479 418
196 4 2 1 1 284 276 518 523
197 4 2 1 1 490 310 299 282
198 4 2 1 1 637 444 154 474
199 4 2 1 1 624 543 479 523
200 4 2 1 1 446 480 233 544
201 4 2 1 1 210 489 453 515
202 4 2 1 1 200 453 599 206
203 4 2 1 1 453 489 299 490
204 4 2 1 1 547 268 29 616
205 4 2 1 1 415 512 451 529
206 4 2 1 1 415 512 465 567
207 4 2 1 1 257 438 428 505
208 4 2 1 1 408 477 446 516
209 4 2 1 1 339 467 316 560
210 4 2 1 1 629 120 456 606
211 4 2 1 1 616 29 30 268
212 4 2 1 1 121 585 106 84
213 4 2 1 1 530 537 487 556
214 4 2 1 1 241 473 438 516
215 4 2 1 1 32 627 308 4
216 4 2 1 1 568 467 99 423
217 4 2 1 1 55 596 619 133
218 4 2 1 1 625 82 589 445
219 4 2 1 1 283 274 273 567
220 4 2 1 1 504 568 99 423
221 4 2 1 1 428 448 438 493
222 4 2 1 1 210 452 209 515
223 4 2 1 1 27 633 307 626
224 4 2 1 1 626 633 307 453
225 4 2 1 1 257 438 241 493
226 4 2 1 1 199 612 439 474
227 4 2 1 1 27 633 626 123
228 4 2 1 1 370 467 463 464
229 4 2 1 1 349 449 366 461
230 4 2 1 1 598 216 618 33
231 4 2 1 1 359 554 524 580
232 4 2 1 1 276 512 442 518
233 4 2 1 1 216 33 6 618
234 4 2 1 1 350 383 394 432
235 4 2 1 1 363 366 449 482
236 4 2 1 1 616 478 268 574
237 4 2 1 1 513 514 475 411
238 4 2 1 1 350 383 432 485
239 4 2 1 1 457 486 404 411
240 4 2 1 1 423 410 555 504
241 4 2 1 1 467 93 445 90
242 4 2 1 1 93 467 436 555
243 4 2 1 1 496 529 532 442
244 4 2 1 1 525 534 435 550
245 4 2 1 1 451 148 149 477
246 4 2 1 1 449 461 427 540
247 4 2 1 1 199 176 213 439
248 4 2 1 1 295 567 465 283
249 4 2 1 1 232 480 505 578
250 4 2 1 1 598 216 474 618
251 4 2 1 1 305 265 291 439
252 4 2 1 1 246 256 456 579
253 4 2 1 1 92 93 445 576
254 4 2 1 1 120 613 455 606
255 4 2 1 1 616 574 268 30
256 4 2 1 1 492 570 571 358
257 4 2 1 1 63 610 388 620
258 4 2 1 1 622 252 609 456
259 4 2 1 1 425 466 507 517
260 4 2 1 1 332 462 461 521
261 4 2 1 1 257 231 241 438
262 4 2 1 1 451 567 526 583
263 4 2 1 1 620 610 388 510
264 4 2 1 1 423 467 99 555
265 4 2 1 1 322 435 580 524
266 4 2 1 1 446 516 477 526
267 4 2 1 1 475 463 394 393
268 4 2 1 1 63 610 620 217
269 4 2 1 1 241 438 231 516
270 4 2 1 1 111 604 467 568
271 4 2 1 1 110 121 452 553
272 4 2 1 1 491 476 481 411
273 4 2 1 1 364 363 379 449
274 4 2 1 1 591 314 65 66
275 4 2 1 1 451 526 477 583
276 4 2 1 1 137 522 147 443
277 4 2 1 1 597 313 428 354
278 4 2 1 1 405 517 459 538
279 4 2 1 1 589 370 464 467
280 4 2 1 1 529 477 556 451
281 4 2 1 1 251 533 501 568
282 4 2 1 1 268 478 616 547
283 4 2 1 1 620 510 318 470
284 4 2 1 1 417 506 461 540
285 4 2 1 1 410 511 508 539
286 4 2 1 1 508 511 402 539
287 4 2 1 1 434 476 411 486
288 4 2 1 1 415 451 512 567
289 4 2 1 1 530 421 408 487
290 4 2 1 1 530 408 421 473
291 4 2 1 1 560 568 467 316
292 4 2 1 1 394 393 341 475
293 4 2 1 1 487 537 433 556
294 4 2 1 1 241 438 473 493
295 4 2 1 1 490 310 282 518
296 4 2 1 1 100 91 101 445
297 4 2 1 1 295 619 55 596
298 4 2 1 1 444 191 439 192
299 4 2 1 1 413 625 510 343
300 4 2 1 1 162 451 479 142
301 4 2 1 1 58 599 638 293
302 4 2 1 1 137 147 522 146
303 4 2 1 1 380 395 332 521
304 4 2 1 1 303 512 498 546
305 4 2 1 1 400 435 534 550
306 4 2 1 1 638 293 599 489
307 4 2 1 1 410 446 508 511
308 4 2 1 1 506 484 540 417
309 4 2 1 1 424 416 481 459
310 4 2 1 1 435 580 524 424
311 4 2 1 1 257 597 428 493
312 4 2 1 1 490 310 518 489
313 4 2 1 1 73 269 465 288
314 4 2 1 1 425 495 507 520
315 4 2 1 1 408 530 487 556
316 4 2 1 1 403 483 484 581
317 4 2 1 1 218 515 489 210
318 4 2 1 1 601 168 628 559
319 4 2 1 1 404 507 508 552
320 4 2 1 1 451 503 140 556
321 4 2 1 1 109 592 88 453
322 4 2 1 1 444 191 192 183
323 4 2 1 1 240 595 428 221
324 4 2 1 1 637 160 598 474
325 4 2 1 1 374 536 434 561
326 4 2 1 1 120 613 606 23
327 4 2 1 1 391 443 509 550
328 4 2 1 1 487 517 430 552
329 4 2 1 1 522 537 146 551
330 4 2 1 1 620 318 510 388
331 4 2 1 1 625 311 464 589
332 4 2 1 1 265 638 584 489
333 4 2 1 1 526 567 465 583
334 4 2 1 1 148 165 477 556
335 4 2 1 1 200 453 206 210
336 4 2 1 1 265 638 489 293
337 4 2 1 1 624 543 523 474
338 4 2 1 1 165 530 139 145
339 4 2 1 1 451 479 418 512
340 4 2 1 1 433 537 522 551
341 4 2 1 1 58 638 59 293
342 4 2 1 1 457 486 495 507
343 4 2 1 1 379 366 349 449
344 4 2 1 1 431 446 402 508
345 4 2 1 1 421 323 493 325
346 4 2 1 1 436 437 406 445
347 4 2 1 1 316 615 604 467
348 4 2 1 1 109 453 115 557
349 4 2 1 1 413 484 500 506
350 4 2 1 1 543 451 418 503
351 4 2 1 1 611 180 441 594
352 4 2 1 1 408 488 433 566
353 4 2 1 1 418 488 444 503
354 4 2 1 1 589 370 467 351
355 4 2 1 1 332 396 462 521
356 4 2 1 1 600 214 630 509
357 4 2 1 1 414 456 535 574
358 4 2 1 1 368 449 349 427
359 4 2 1 1 611 86 594 441
360 4 2 1 1 463 475 432 514
361 4 2 1 1 600 214 38 630
362 4 2 1 1 485 450 432 427
363 4 2 1 1 561 364 513 476
364 4 2 1 1 225 245 73 465
365 4 2 1 1 412 452 515 531
366 4 2 1 1 414 440 490 496
367 4 2 1 1 5 38 214 630
368 4 2 1 1 601 473 131 559
369 4 2 1 1 316 615 467 351
370 4 2 1 1 501 533 423 568
371 4 2 1 1 417 484 470 506
372 4 2 1 1 101 445 105 510
373 4 2 1 1 623 251 501 568
374 4 2 1 1 607 262 634 465
375 4 2 1 1 391 443 550 329
376 4 2 1 1 114 626 547 453
377 4 2 1 1 504 85 614 25
378 4 2 1 1 200 453 210 489
379 4 2 1 1 362 363 364 476
380 4 2 1 1 425 495 486 507
381 4 2 1 1 624 543 474 155
382 4 2 1 1 84 632 452 585
383 4 2 1 1 607 262 45 634
384 4 2 1 1 448 434 447 565
385 4 2 1 1 408 529 488 566
386 4 2 1 1 178 588 199 474
387 4 2 1 1 223 493 473 559
388 4 2 1 1 416 462 461 483
389 4 2 1 1 416 481 449 482
390 4 2 1 1 601 168 559 131
391 4 2 1 1 413 470 484 506
392 4 2 1 1 555 467 563 423
393 4 2 1 1 615 19 18 351
394 4 2 1 1 423 458 519 563
395 4 2 1 1 218 515 210 190
396 4 2 1 1 451 149 148 143
397 4 2 1 1 245 73 465 498
398 4 2 1 1 554 524 430 447
399 4 2 1 1 625 445 510 105
400 4 2 1 1 453 490 299 547
401 4 2 1 1 414 440 478 490
402 4 2 1 1 503 172 144 156
403 4 2 1 1 232 234 480 578
404 4 2 1 1 164 154 444 474
405 4 2 1 1 488 529 408 556
406 4 2 1 1 45 8 634 262
407 4 2 1 1 434 411 476 561
408 4 2 1 1 504 99 568 85
409 4 2 1 1 236 454 264 544
410 4 2 1 1 594 470 180 441
411 4 2 1 1 299 298 453 547
412 4 2 1 1 276 442 279 518
413 4 2 1 1 625 82 445 105
414 4 2 1 1 415 511 442 529
415 4 2 1 1 435 580 424 482
416 4 2 1 1 429 499 460 581
417 4 2 1 1 253 224 504 568
418 4 2 1 1 417 570 506 571
419 4 2 1 1 629 261 627 21
420 4 2 1 1 96 440 118 478
421 4 2 1 1 383 464 432 485
422 4 2 1 1 408 431 529 566
423 4 2 1 1 276 275 512 523
424 4 2 1 1 283 303 277 512
425 4 2 1 1 424 416 459 435
426 4 2 1 1 90 92 93 445
427 4 2 1 1 524 554 424 580
428 4 2 1 1 444 488 551 503
429 4 2 1 1 237 526 230 544
430 4 2 1 1 207 441 180 470
431 4 2 1 1 384 534 435 524
432 4 2 1 1 561 364 476 365
433 4 2 1 1 449 481 416 491
434 4 2 1 1 261 21 4 627
435 4 2 1 1 279 442 280 490
436 4 2 1 1 629 261 456 627
437 4 2 1 1 454 511 414 546
438 4 2 1 1 84 632 585 11
439 4 2 1 1 592 215 633 453
440 4 2 1 1 139 537 530 556
441 4 2 1 1 434 486 404 430
442 4 2 1 1 251 533 568 253
443 4 2 1 1 615 589 351 18
444 4 2 1 1 457 486 507 404
445 4 2 1 1 637 192 444 474
446 4 2 1 1 615 589 467 351
447 4 2 1 1 89 589 467 615
448 4 2 1 1 137 146 522 537
449 4 2 1 1 412 453 440 490
450 4 2 1 1 213 191 192 439
451 4 2 1 1 382 313 354 428
452 4 2 1 1 479 512 275 523
453 4 2 1 1 359 447 320 524
454 4 2 1 1 370 467 339 463
455 4 2 1 1 363 476 362 482
456 4 2 1 1 137 522 443 537
457 4 2 1 1 561 364 365 367
458 4 2 1 1 522 405 537 582
459 4 2 1 1 257 231 438 505
460 4 2 1 1 436 406 562 563
461 4 2 1 1 93 99 467 555
462 4 2 1 1 148 477 451 556
463 4 2 1 1 592 215 9 633
464 4 2 1 1 406 467 463 519
465 4 2 1 1 380 332 461 521
466 4 2 1 1 418 444 439 523
467 4 2 1 1 264 454 236 579
468 4 2 1 1 279 278 280 442
469 4 2 1 1 442 414 511 546
470 4 2 1 1 440 118 478 547
471 4 2 1 1 110 121 84 452
472 4 2 1 1 99 504 423 555
473 4 2 1 1 303 277 512 546
474 4 2 1 1 513 514 411 450
475 4 2 1 1 428 448 382 468
476 4 2 1 1 451 140 503 142
477 4 2 1 1 592 201 179 453
478 4 2 1 1 609 261 627 456
479 4 2 1 1 368 364 379 449
480 4 2 1 1 280 490 442 535
481 4 2 1 1 257 597 493 242
482 4 2 1 1 146 147 522 551
483 4 2 1 1 408 433 488 556
484 4 2 1 1 199 439 192 474
485 4 2 1 1 523 291 474 439
486 4 2 1 1 432 514 450 406
487 4 2 1 1 402 508 446 511
488 4 2 1 1 193 460 577 497
489 4 2 1 1 279 276 278 442
490 4 2 1 1 633 9 2 215
491 4 2 1 1 468 411 434 536
492 4 2 1 1 80 603 260 628
493 4 2 1 1 404 486 434 411
494 4 2 1 1 280 442 278 535
495 4 2 1 1 228 477 473 516
496 4 2 1 1 371 432 394 513
497 4 2 1 1 164 154 172 444
498 4 2 1 1 438 446 431 508
499 4 2 1 1 433 537 138 556
500 4 2 1 1 450 491 403 495
501 4 2 1 1 233 232 234 480
502 4 2 1 1 451 529 488 556
503 4 2 1 1 26 25 224 614
504 4 2 1 1 563 555 539 436
505 4 2 1 1 139 138 537 556
506 4 2 1 1 447 524 359 554
507 4 2 1 1 434 424 554 476
508 4 2 1 1 257 597 242 221
509 4 2 1 1 487 517 431 566
510 4 2 1 1 624 543 155 479
511 4 2 1 1 87 593 125 456
512 4 2 1 1 588 291 474 271
513 4 2 1 1 603 249 260 559
514 4 2 1 1 401 349 461 427
515 4 2 1 1 382 468 448 565
516 4 2 1 1 568 504 533 423
517 4 2 1 1 614 224 26 263
518 4 2 1 1 188 515 541 577
519 4 2 1 1 368 379 349 449
520 4 2 1 1 437 445 413 406
521 4 2 1 1 503 172 156 444
522 4 2 1 1 423 519 467 563
523 4 2 1 1 323 447 471 320
524 4 2 1 1 302 299 490 547
525 4 2 1 1 224 263 614 568
526 4 2 1 1 459 517 429 425
527 4 2 1 1 402 528 426 539
528 4 2 1 1 424 481 476 486
529 4 2 1 1 488 503 451 556
530 4 2 1 1 496 529 442 511
531 4 2 1 1 504 614 224 25
532 4 2 1 1 593 308 456 270
533 4 2 1 1 418 518 439 532
534 4 2 1 1 434 373 554 327
535 4 2 1 1 413 510 445 575
536 4 2 1 1 147 472 443 522
537 4 2 1 1 162 451 142 143
538 4 2 1 1 604 615 19 89
539 4 2 1 1 163 142 479 543
540 4 2 1 1 491 495 481 542
541 4 2 1 1 278 442 276 512
542 4 2 1 1 104 85 99 504
543 4 2 1 1 604 316 467 568
544 4 2 1 1 236 480 454 544
545 4 2 1 1 111 604 89 467
546 4 2 1 1 518 305 523 439
547 4 2 1 1 403 495 491 542
548 4 2 1 1 426 528 562 563
549 4 2 1 1 416 483 461 540
550 4 2 1 1 434 424 476 486
551 4 2 1 1 603 493 249 559
552 4 2 1 1 637 204 474 598
553 4 2 1 1 595 336 501 428
554 4 2 1 1 605 618 474 309
555 4 2 1 1 431 507 517 552
556 4 2 1 1 422 541 484 575
557 4 2 1 1 418 444 523 543
558 4 2 1 1 496 529 511 402
559 4 2 1 1 407 469 499 532
560 4 2 1 1 128 621 471 590
561 4 2 1 1 422 409 541 575
562 4 2 1 1 479 512 451 567
563 4 2 1 1 515 202 489 439
564 4 2 1 1 518 305 439 294
565 4 2 1 1 411 513 476 561
566 4 2 1 1 470 575 484 441
567 4 2 1 1 619 273 479 567
568 4 2 1 1 463 383 370 464
569 4 2 1 1 491 476 411 513
570 4 2 1 1 64 352 65 571
571 4 2 1 1 407 469 444 545
572 4 2 1 1 165 530 145 473
573 4 2 1 1 568 99 467 111
574 4 2 1 1 442 535 414 546
575 4 2 1 1 628 603 260 559
576 4 2 1 1 472 522 147 551
577 4 2 1 1 427 461 401 506
578 4 2 1 1 421 438 408 552
579 4 2 1 1 260 50 7 628
580 4 2 1 1 490 414 442 535
581 4 2 1 1 156 444 172 569
582 4 2 1 1 188 541 186 577
583 4 2 1 1 410 539 508 563
584 4 2 1 1 316 615 351 19
585 4 2 1 1 117 97 96 494
586 4 2 1 1 133 171 596 465
587 4 2 1 1 606 226 579 456
588 4 2 1 1 607 262 465 250
589 4 2 1 1 629 261 226 456
590 4 2 1 1 341 371 394 513
591 4 2 1 1 468 548 428 573
592 4 2 1 1 142 140 143 451
593 4 2 1 1 454 480 236 579
594 4 2 1 1 443 472 419 522
595 4 2 1 1 414 454 456 579
596 4 2 1 1 476 481 411 486
597 4 2 1 1 156 503 444 551
598 4 2 1 1 601 628 50 260
599 4 2 1 1 453 489 412 515
600 4 2 1 1 15 124 510 610
601 4 2 1 1 432 464 463 406
602 4 2 1 1 462 521 396 550
603 4 2 1 1 430 405 471 524
604 4 2 1 1 128 621 590 42
605 4 2 1 1 448 447 434 430
606 4 2 1 1 418 512 479 523
607 4 2 1 1 252 246 256 456
608 4 2 1 1 128 590 471 537
609 4 2 1 1 376 434 374 536
610 4 2 1 1 601 628 260 559
611 4 2 1 1 457 507 495 562
612 4 2 1 1 388 357 318 510
613 4 2 1 1 299 292 298 547
614 4 2 1 1 224 614 504 568
615 4 2 1 1 431 408 487 566
616 4 2 1 1 596 306 295 465
617 4 2 1 1 444 474 439 523
618 4 2 1 1 124 86 112 510
619 4 2 1 1 258 251 240 501
620 4 2 1 1 513 514 450 432
621 4 2 1 1 431 426 507 508
622 4 2 1 1 637 154 444 569
623 4 2 1 1 414 480 455 539
624 4 2 1 1 539 576 440 409
625 4 2 1 1 279 442 490 518
626 4 2 1 1 199 213 192 439
627 4 2 1 1 459 542 481 425
628 4 2 1 1 418 442 518 532
629 4 2 1 1 404 552 448 430
630 4 2 1 1 523 291 439 305
631 4 2 1 1 368 513 449 427
632 4 2 1 1 476 481 424 482
633 4 2 1 1 416 540 491 542
634 4 2 1 1 172 444 154 569
635 4 2 1 1 140 433 556 503
636 4 2 1 1 251 533 253 240
637 4 2 1 1 414 480 454 579
638 4 2 1 1 405 525 443 534
639 4 2 1 1 344 398 343 464
640 4 2 1 1 412 469 439 532
641 4 2 1 1 484 541 441 575
642 4 2 1 1 440 496 409 531
643 4 2 1 1 334 462 564 492
644 4 2 1 1 631 26 3 263
645 4 2 1 1 414 490 478 535
646 4 2 1 1 421 408 487 552
647 4 2 1 1 446 480 410 505
648 4 2 1 1 414 478 440 494
649 4 2 1 1 109 126 84 452
650 4 2 1 1 450 491 427 500
651 4 2 1 1 426 402 431 466
652 4 2 1 1 350 432 371 427
653 4 2 1 1 435 580 482 369
654 4 2 1 1 148 451 140 556
655 4 2 1 1 609 261 456 252
656 4 2 1 1 409 436 539 576
657 4 2 1 1 435 524 405 459
658 4 2 1 1 631 614 26 263
659 4 2 1 1 424 435 459 524
660 4 2 1 1 369 482 361 580
661 4 2 1 1 518 305 294 284
662 4 2 1 1 426 539 528 563
663 4 2 1 1 631 614 263 568
664 4 2 1 1 412 489 453 490
665 4 2 1 1 240 595 221 258
666 4 2 1 1 299 453 293 489
667 4 2 1 1 309 62 6 618
668 4 2 1 1 402 446 431 529
669 4 2 1 1 431 517 487 552
670 4 2 1 1 419 472 443 509
671 4 2 1 1 431 438 408 446
672 4 2 1 1 336 468 558 560
673 4 2 1 1 409 440 553 576
674 4 2 1 1 468 536 342 558
675 4 2 1 1 437 406 450 562
676 4 2 1 1 567 596 465 133
677 4 2 1 1 595 336 428 313
678 4 2 1 1 434 424 486 430
679 4 2 1 1 337 501 560 568
680 4 2 1 1 414 454 480 511
681 4 2 1 1 350 394 371 432
682 4 2 1 1 481 459 425 538
683 4 2 1 1 485 450 427 500
684 4 2 1 1 613 83 455 504
685 4 2 1 1 504 219 613 24
686 4 2 1 1 436 467 406 563
687 4 2 1 1 468 501 428 548
688 4 2 1 1 433 503 488 556
689 4 2 1 1 418 451 488 503
690 4 2 1 1 474 523 444 543
691 4 2 1 1 337 560 316 568
692 4 2 1 1 190 210 209 515
693 4 2 1 1 496 529 402 532
694 4 2 1 1 368 364 449 513
695 4 2 1 1 202 469 191 439
696 4 2 1 1 588 618 62 309
697 4 2 1 1 403 500 484 540
698 4 2 1 1 134 155 605 474
699 4 2 1 1 253 224 244 504
700 4 2 1 1 180 207 198 441
701 4 2 1 1 523 291 305 285
702 4 2 1 1 410 505 480 578
703 4 2 1 1 432 513 371 427
704 4 2 1 1 415 511 454 546
705 4 2 1 1 423 560 501 568
706 4 2 1 1 437 528 436 562
707 4 2 1 1 156 551 444 569
708 4 2 1 1 109 126 452 557
709 4 2 1 1 443 472 147 509
710 4 2 1 1 522 405 582 525
711 4 2 1 1 450 514 457 562
712 4 2 1 1 513 514 432 475
713 4 2 1 1 439 518 418 523
714 4 2 1 1 423 467 519 560
715 4 2 1 1 588 618 309 474
716 4 2 1 1 240 428 501 533
717 4 2 1 1 186 541 497 577
718 4 2 1 1 109 115 453 88
719 4 2 1 1 117 96 118 478
720 4 2 1 1 416 521 462 549
721 4 2 1 1 483 549 462 419
722 4 2 1 1 410 455 480 539
723 4 2 1 1 382 326 565 325
724 4 2 1 1 155 163 479 543
725 4 2 1 1 562 528 520 437
726 4 2 1 1 411 495 491 450
727 4 2 1 1 448 468 434 565
728 4 2 1 1 410 480 446 511
729 4 2 1 1 492 570 358 462
730 4 2 1 1 419 527 509 564
731 4 2 1 1 521 549 435 550
732 4 2 1 1 140 433 503 141
733 4 2 1 1 120 83 103 455
734 4 2 1 1 471 430 524 447
735 4 2 1 1 434 424 430 554
736 4 2 1 1 1 15 388 610
737 4 2 1 1 236 264 248 544
738 4 2 1 1 329 534 443 550
739 4 2 1 1 323 447 320 324
740 4 2 1 1 382 565 448 325
741 4 2 1 1 86 441 101 510
742 4 2 1 1 444 551 488 407
743 4 2 1 1 416 435 521 549
744 4 2 1 1 245 465 238 498
745 4 2 1 1 422 409 531 541
746 4 2 1 1 294 282 310 518
747 4 2 1 1 624 296 605 474
748 4 2 1 1 407 499 488 532
749 4 2 1 1 222 264 246 454
750 4 2 1 1 600 132 472 509
751 4 2 1 1 339 351 316 467
752 4 2 1 1 414 455 480 579
753 4 2 1 1 370 339 467 351
754 4 2 1 1 162 451 143 567
755 4 2 1 1 237 230 233 544
756 4 2 1 1 428 548 458 573
757 4 2 1 1 452 531 409 541
758 4 2 1 1 231 438 505 516
759 4 2 1 1 283 465 288 498
760 4 2 1 1 93 555 436 576
761 4 2 1 1 476 554 373 580
762 4 2 1 1 153 619 479 567
763 4 2 1 1 158 602 443 509
764 4 2 1 1 483 484 417 540
765 4 2 1 1 327 554 434 565
766 4 2 1 1 439 518 412 532
767 4 2 1 1 408 438 421 473
768 4 2 1 1 352 64 470 571
769 4 2 1 1 164 474 444 543
770 4 2 1 1 64 318 352 470
771 4 2 1 1 413 345 398 343
772 4 2 1 1 15 610 510 388
773 4 2 1 1 495 542 403 425
774 4 2 1 1 607 171 159 465
775 4 2 1 1 251 533 240 501
776 4 2 1 1 548 519 501 458
777 4 2 1 1 417 484 460 497
778 4 2 1 1 415 454 511 544
779 4 2 1 1 490 442 414 496
780 4 2 1 1 481 459 416 542
781 4 2 1 1 96 95 553 576
782 4 2 1 1 193 460 497 492
783 4 2 1 1 433 487 408 566
784 4 2 1 1 418 488 451 529
785 4 2 1 1 480 511 454 544
786 4 2 1 1 197 192 183 444
787 4 2 1 1 376 434 536 565
788 4 2 1 1 606 579 226 247
789 4 2 1 1 403 491 450 500
790 4 2 1 1 113 125 629 456
791 4 2 1 1 164 160 154 474
792 4 2 1 1 295 567 283 273
793 4 2 1 1 489 490 412 518
794 4 2 1 1 287 281 286 546
795 4 2 1 1 503 172 444 543
796 4 2 1 1 454 414 535 546
797 4 2 1 1 498 512 415 546
798 4 2 1 1 391 550 509 564
799 4 2 1 1 523 291 285 474
800 4 2 1 1 410 480 511 539
801 4 2 1 1 435 416 459 549
802 4 2 1 1 278 442 512 546
803 4 2 1 1 430 447 421 448
804 4 2 1 1 486 507 404 430
805 4 2 1 1 315 603 387 559
806 4 2 1 1 367 513 475 561
807 4 2 1 1 603 80 79 315
808 4 2 1 1 409 496 528 531
809 4 2 1 1 238 498 465 526
810 4 2 1 1 254 455 578 504
811 4 2 1 1 436 445 406 467
812 4 2 1 1 455 539 410 555
813 4 2 1 1 89 589 615 18
814 4 2 1 1 119 504 99 555
815 4 2 1 1 497 541 422 577
816 4 2 1 1 560 548 468 420
817 4 2 1 1 257 428 239 505
818 4 2 1 1 460 484 483 581
819 4 2 1 1 294 310 489 518
820 4 2 1 1 517 566 487 582
821 4 2 1 1 80 603 387 315
822 4 2 1 1 411 475 513 561
823 4 2 1 1 587 222 454 498
824 4 2 1 1 478 490 301 535
825 4 2 1 1 635 132 472 600
826 4 2 1 1 287 286 454 546
827 4 2 1 1 568 533 504 253
828 4 2 1 1 136 471 530 537
829 4 2 1 1 560 548 420 519
830 4 2 1 1 419 509 443 550
831 4 2 1 1 422 541 515 577
832 4 2 1 1 260 223 601 559
833 4 2 1 1 408 431 487 552
834 4 2 1 1 637 204 598 34
835 4 2 1 1 405 525 459 582
836 4 2 1 1 391 443 329 353
837 4 2 1 1 616 478 81 547
838 4 2 1 1 637 204 34 197
839 4 2 1 1 240 239 428 533
840 4 2 1 1 140 433 141 138
841 4 2 1 1 252 226 261 456
842 4 2 1 1 460 497 422 577
843 4 2 1 1 148 140 451 143
844 4 2 1 1 225 238 245 465
845 4 2 1 1 569 197 637 35
846 4 2 1 1 121 575 101 441
847 4 2 1 1 484 497 441 541
848 4 2 1 1 417 483 460 484
849 4 2 1 1 458 423 410 563
850 4 2 1 1 268 302 478 547
851 4 2 1 1 488 429 522 582
852 4 2 1 1 285 624 523 474
853 4 2 1 1 605 618 309 51
854 4 2 1 1 96 98 118 440
855 4 2 1 1 155 163 127 479
856 4 2 1 1 429 517 466 425
857 4 2 1 1 136 471 537 128
858 4 2 1 1 396 435 550 521
859 4 2 1 1 79 603 315 493
860 4 2 1 1 333 366 482 521
861 4 2 1 1 426 466 520 528
862 4 2 1 1 425 507 466 520
863 4 2 1 1 613 23 24 219
864 4 2 1 1 231 505 232 516
865 4 2 1 1 453 440 490 547
866 4 2 1 1 197 35 34 637
867 4 2 1 1 485 450 500 406
868 4 2 1 1 138 433 141 551
869 4 2 1 1 336 428 468 501
870 4 2 1 1 197 637 444 569
871 4 2 1 1 229 516 230 526
872 4 2 1 1 336 428 382 468
873 4 2 1 1 266 304 287 454
874 4 2 1 1 280 301 490 535
875 4 2 1 1 219 613 455 504
876 4 2 1 1 98 440 96 553
877 4 2 1 1 637 192 474 204
878 4 2 1 1 423 458 501 519
879 4 2 1 1 454 498 222 544
880 4 2 1 1 624 275 523 479
881 4 2 1 1 601 227 636 473
882 4 2 1 1 431 446 408 529
883 4 2 1 1 302 301 478 490
884 4 2 1 1 503 172 543 144
885 4 2 1 1 601 227 49 636
886 4 2 1 1 228 636 477 220
887 4 2 1 1 193 460 492 527
888 4 2 1 1 461 483 417 540
889 4 2 1 1 410 480 455 578
890 4 2 1 1 239 505 428 533
891 4 2 1 1 405 590 471 534
892 4 2 1 1 434 554 447 565
893 4 2 1 1 286 498 454 546
894 4 2 1 1 419 483 492 462
895 4 2 1 1 426 431 402 508
896 4 2 1 1 189 497 186 541
897 4 2 1 1 470 575 441 510
898 4 2 1 1 415 446 526 544
899 4 2 1 1 522 405 525 443
900 4 2 1 1 470 575 413 484
901 4 2 1 1 131 473 145 559
902 4 2 1 1 100 92 445 576
903 4 2 1 1 507 520 495 562
904 4 2 1 1 404 552 508 573
905 4 2 1 1 286 266 454 498
906 4 2 1 1 115 114 547 453
907 4 2 1 1 472 509 419 527
908 4 2 1 1 172 164 444 543
909 4 2 1 1 227 48 49 636
910 4 2 1 1 288 283 269 465
911 4 2 1 1 102 494 455 555
912 4 2 1 1 295 619 596 567
913 4 2 1 1 636 220 227 48
914 4 2 1 1 315 603 559 493
915 4 2 1 1 231 232 230 516
916 4 2 1 1 163 142 162 479
917 4 2 1 1 416 491 481 542
918 4 2 1 1 440 412 490 496
919 4 2 1 1 613 247 219 455
920 4 2 1 1 228 636 220 227
921 4 2 1 1 613 247 23 219
922 4 2 1 1 417 462 570 492
923 4 2 1 1 404 508 507 572
924 4 2 1 1 177 635 600 37
925 4 2 1 1 529 556 477 408
926 4 2 1 1 257 597 221 428
927 4 2 1 1 408 473 477 516
928 4 2 1 1 141 433 503 551
929 4 2 1 1 275 479 274 512
930 4 2 1 1 416 462 483 549
931 4 2 1 1 381 462 570 461
932 4 2 1 1 425 481 486 495
933 4 2 1 1 411 486 481 495
934 4 2 1 1 365 362 364 476
935 4 2 1 1 468 420 411 536
936 4 2 1 1 447 471 320 524
937 4 2 1 1 267 275 290 479
938 4 2 1 1 569 181 36 635
939 4 2 1 1 469 531 499 532
940 4 2 1 1 415 442 511 546
941 4 2 1 1 450 495 403 520
942 4 2 1 1 524 459 424 538
943 4 2 1 1 335 337 356 501
944 4 2 1 1 337 356 501 568
945 4 2 1 1 403 502 500 520
946 4 2 1 1 302 280 301 490
947 4 2 1 1 455 504 83 555
948 4 2 1 1 403 500 450 520
949 4 2 1 1 82 105 91 445
950 4 2 1 1 508 507 431 552
951 4 2 1 1 98 118 440 557
952 4 2 1 1 159 171 133 465
953 4 2 1 1 470 575 510 413
954 4 2 1 1 430 471 405 487
955 4 2 1 1 373 362 476 580
956 4 2 1 1 527 193 211 492
957 4 2 1 1 333 366 363 482
958 4 2 1 1 353 40 39 602
959 4 2 1 1 333 482 369 521
960 4 2 1 1 116 456 103 494
961 4 2 1 1 225 262 250 465
962 4 2 1 1 37 36 181 635
963 4 2 1 1 414 511 480 539
964 4 2 1 1 488 529 418 532
965 4 2 1 1 81 574 616 30
966 4 2 1 1 588 291 612 474
967 4 2 1 1 456 494 414 579
968 4 2 1 1 455 414 494 579
969 4 2 1 1 291 271 285 474
970 4 2 1 1 391 443 353 509
971 4 2 1 1 199 192 178 474
972 4 2 1 1 430 421 487 552
973 4 2 1 1 367 341 475 513
974 4 2 1 1 140 433 138 556
975 4 2 1 1 285 624 474 296
976 4 2 1 1 588 291 61 612
977 4 2 1 1 621 135 471 530
978 4 2 1 1 499 528 531 502
979 4 2 1 1 302 490 478 547
980 4 2 1 1 463 475 420 558
981 4 2 1 1 465 498 415 526
982 4 2 1 1 617 158 602 443
983 4 2 1 1 471 430 447 421
984 4 2 1 1 404 548 468 573
985 4 2 1 1 195 509 527 564
986 4 2 1 1 219 247 255 455
987 4 2 1 1 140 142 141 503
988 4 2 1 1 319 320 323 471
989 4 2 1 1 462 549 521 550
990 4 2 1 1 349 366 380 461
991 4 2 1 1 436 562 528 563
992 4 2 1 1 300 301 535 574
993 4 2 1 1 111 89 99 467
994 4 2 1 1 136 530 139 537
995 4 2 1 1 177 635 37 181
996 4 2 1 1 445 464 413 406
997 4 2 1 1 583 129 47 586
998 4 2 1 1 488 522 433 582
999 4 2 1 1 438 448 421 493
1000 4 2 1 1 173 209 201 452
1001 4 2 1 1 417 506 470 571
1002 4 2 1 1 469 515 187 577
1003 4 2 1 1 427 500 491 540
1004 4 2 1 1 417 462 492 483
1005 4 2 1 1 350 397 485 427
1006 4 2 1 1 197 444 183 569
1007 4 2 1 1 254 455 504 219
1008 4 2 1 1 440 452 409 553
1009 4 2 1 1 591 358 334 492
1010 4 2 1 1 534 384 385 524
1011 4 2 1 1 441 484 470 497
1012 4 2 1 1 362 482 476 580
1013 4 2 1 1 81 478 616 574
1014 4 2 1 1 485 500 427 506
1015 4 2 1 1 431 402 529 566
1016 4 2 1 1 126 110 84 452
1017 4 2 1 1 506 570 347 571
1018 4 2 1 1 393 475 463 558
1019 4 2 1 1 563 539 555 410
1020 4 2 1 1 131 601 150 473
1021 4 2 1 1 635 181 472 569
1022 4 2 1 1 528 496 499 531
1023 4 2 1 1 485 500 506 413
1024 4 2 1 1 431 507 466 517
1025 4 2 1 1 121 110 100 553
1026 4 2 1 1 158 443 147 509
1027 4 2 1 1 101 105 445 91
1028 4 2 1 1 424 481 486 538
1029 4 2 1 1 477 516 229 526
1030 4 2 1 1 637 192 204 197
1031 4 2 1 1 421 448 438 552
1032 4 2 1 1 442 490 412 496
1033 4 2 1 1 586 129 477 583
1034 4 2 1 1 458 428 501 548
1035 4 2 1 1 299 302 292 547
1036 4 2 1 1 446 511 480 544
1037 4 2 1 1 118 547 440 557
1038 4 2 1 1 446 415 511 544
1039 4 2 1 1 403 484 502 581
1040 4 2 1 1 61 612 291 60
1041 4 2 1 1 422 499 469 531
1042 4 2 1 1 488 522 429 407
1043 4 2 1 1 161 133 153 567
1044 4 2 1 1 295 306 269 465
1045 4 2 1 1 270 297 308 456
1046 4 2 1 1 113 87 125 456
1047 4 2 1 1 422 409 502 531
1048 4 2 1 1 444 551 407 569
1049 4 2 1 1 287 297 300 456
1050 4 2 1 1 116 113 103 456
1051 4 2 1 1 612 291 439 474
1052 4 2 1 1 410 504 455 555
1053 4 2 1 1 434 373 327 374
1054 4 2 1 1 276 284 275 523
1055 4 2 1 1 434 447 554 430
1056 4 2 1 1 322 435 524 384
1057 4 2 1 1 136 139 138 537
1058 4 2 1 1 353 39 386 602
1059 4 2 1 1 413 470 345 510
1060 4 2 1 1 469 412 531 532
1061 4 2 1 1 612 584 291 60
1062 4 2 1 1 208 198 207 441
1063 4 2 1 1 414 496 442 511
1064 4 2 1 1 460 499 577 422
1065 4 2 1 1 195 509 472 527
1066 4 2 1 1 151 590 443 617
1067 4 2 1 1 348 506 461 570
1068 4 2 1 1 414 535 478 574
1069 4 2 1 1 276 275 274 512
1070 4 2 1 1 138 141 146 551
1071 4 2 1 1 346 506 485 427
1072 4 2 1 1 205 207 180 470
1073 4 2 1 1 471 559 621 530
1074 4 2 1 1 384 400 435 534
1075 4 2 1 1 596 306 634 56
1076 4 2 1 1 385 359 320 524
1077 4 2 1 1 410 504 423 533
1078 4 2 1 1 441 497 207 541
1079 4 2 1 1 306 56 8 634
1080 4 2 1 1 419 492 483 460
1081 4 2 1 1 634 8 74 262
1082 4 2 1 1 268 292 302 547
1083 4 2 1 1 411 481 491 495
1084 4 2 1 1 407 499 469 577
1085 4 2 1 1 93 99 90 467
1086 4 2 1 1 441 470 207 497
1087 4 2 1 1 596 306 465 634
1088 4 2 1 1 502 520 466 528
1089 4 2 1 1 328 400 321 534
1090 4 2 1 1 414 455 494 539
1091 4 2 1 1 460 577 499 407
1092 4 2 1 1 458 410 423 533
1093 4 2 1 1 422 497 484 541
1094 4 2 1 1 74 634 262 465
1095 4 2 1 1 159 567 465 133
1096 4 2 1 1 599 307 633 453
1097 4 2 1 1 440 409 452 531
1098 4 2 1 1 138 146 137 537
1099 4 2 1 1 612 584 439 291
1100 4 2 1 1 599 307 57 633
1101 4 2 1 1 307 633 2 57
1102 4 2 1 1 359 360 554 580
1103 4 2 1 1 412 496 440 531
1104 4 2 1 1 232 505 235 578
1105 4 2 1 1 422 469 515 531
1106 4 2 1 1 177 635 181 472
1107 4 2 1 1 417 460 492 497
1108 4 2 1 1 422 502 484 581
1109 4 2 1 1 403 491 500 540
1110 4 2 1 1 106 101 86 441
1111 4 2 1 1 282 302 299 490
1112 4 2 1 1 27 633 123 2
1113 4 2 1 1 443 534 525 550
1114 4 2 1 1 396 435 521 369
1115 4 2 1 1 438 421 473 493
1116 4 2 1 1 96 494 94 576
1117 4 2 1 1 123 633 626 453
1118 4 2 1 1 417 470 484 497
1119 4 2 1 1 193 460 527 577
1120 4 2 1 1 592 201 632 10
1121 4 2 1 1 433 487 566 582
1122 4 2 1 1 611 180 198 441
1123 4 2 1 1 528 499 496 402
1124 4 2 1 1 155 474 164 543
1125 4 2 1 1 353 602 386 509
1126 4 2 1 1 412 518 442 532
1127 4 2 1 1 611 180 13 198
1128 4 2 1 1 425 486 481 538
1129 4 2 1 1 404 468 448 573
1130 4 2 1 1 407 460 429 499
1131 4 2 1 1 220 583 47 586
1132 4 2 1 1 408 438 431 552
1133 4 2 1 1 396 435 369 330
1134 4 2 1 1 455 504 410 578
1135 4 2 1 1 255 455 247 579
1136 4 2 1 1 90 589 467 89
1137 4 2 1 1 83 102 455 555
1138 4 2 1 1 376 434 565 327
1139 4 2 1 1 195 177 472 509
1140 4 2 1 1 593 456 87 574
1141 4 2 1 1 259 498 238 526
1142 4 2 1 1 119 83 504 555
1143 4 2 1 1 485 500 413 406
1144 4 2 1 1 488 503 433 551
1145 4 2 1 1 311 344 343 464
1146 4 2 1 1 461 506 417 570
1147 4 2 1 1 367 475 375 561
1148 4 2 1 1 406 464 463 467
1149 4 2 1 1 350 397 383 485
1150 4 2 1 1 376 434 327 374
1151 4 2 1 1 319 471 323 559
1152 4 2 1 1 483 540 416 542
1153 4 2 1 1 134 164 155 474
1154 4 2 1 1 397 346 485 427
1155 4 2 1 1 588 216 618 474
1156 4 2 1 1 405 590 534 443
1157 4 2 1 1 173 632 11 585
1158 4 2 1 1 329 534 550 400
1159 4 2 1 1 96 94 95 576
1160 4 2 1 1 554 430 524 424
1161 4 2 1 1 420 536 468 558
1162 4 2 1 1 279 490 282 518
1163 4 2 1 1 148 165 129 477
1164 4 2 1 1 446 438 505 508
1165 4 2 1 1 13 12 611 198
1166 4 2 1 1 403 520 495 425
1167 4 2 1 1 254 455 219 255
1168 4 2 1 1 359 524 322 580
1169 4 2 1 1 459 525 429 582
1170 4 2 1 1 588 216 474 178
1171 4 2 1 1 110 452 126 553
1172 4 2 1 1 151 590 617 41
1173 4 2 1 1 486 538 425 507
1174 4 2 1 1 160 169 598 474
1175 4 2 1 1 336 501 468 560
1176 4 2 1 1 412 490 442 518
1177 4 2 1 1 81 574 30 107
1178 4 2 1 1 611 585 198 12
1179 4 2 1 1 564 527 211 492
1180 4 2 1 1 285 624 296 290
1181 4 2 1 1 310 299 293 489
1182 4 2 1 1 456 414 494 574
1183 4 2 1 1 420 404 468 411
1184 4 2 1 1 103 455 102 494
1185 4 2 1 1 469 499 422 577
1186 4 2 1 1 334 462 492 358
1187 4 2 1 1 207 208 441 541
1188 4 2 1 1 284 276 279 518
1189 4 2 1 1 562 520 528 426
1190 4 2 1 1 11 10 632 201
1191 4 2 1 1 412 442 496 532
1192 4 2 1 1 591 358 492 571
1193 4 2 1 1 617 353 443 602
1194 4 2 1 1 457 495 450 562
1195 4 2 1 1 478 535 301 574
1196 4 2 1 1 444 407 545 569
1197 4 2 1 1 422 515 469 577
1198 4 2 1 1 638 176 584 489
1199 4 2 1 1 617 158 443 151
1200 4 2 1 1 423 519 501 560
1201 4 2 1 1 605 169 474 618
1202 4 2 1 1 422 484 460 581
1203 4 2 1 1 489 518 412 439
1204 4 2 1 1 513 491 450 411
1205 4 2 1 1 265 638 293 59
1206 4 2 1 1 402 529 488 532
1207 4 2 1 1 601 227 473 223
1208 4 2 1 1 266 287 286 454
1209 4 2 1 1 100 92 91 445
1210 4 2 1 1 405 430 487 517
1211 4 2 1 1 592 201 453 632
1212 4 2 1 1 611 585 441 198
1213 4 2 1 1 417 460 483 492
1214 4 2 1 1 173 632 585 452
1215 4 2 1 1 437 413 500 406
1216 4 2 1 1 437 500 450 406
1217 4 2 1 1 221 240 239 428
1218 4 2 1 1 473 530 145 559
1219 4 2 1 1 126 553 452 557
1220 4 2 1 1 417 462 483 461
1221 4 2 1 1 598 216 204 474
1222 4 2 1 1 337 339 316 560
1223 4 2 1 1 408 446 438 516
1224 4 2 1 1 401 461 348 506
1225 4 2 1 1 209 515 452 541
1226 4 2 1 1 232 235 234 578
1227 4 2 1 1 300 301 281 535
1228 4 2 1 1 463 370 383 340
1229 4 2 1 1 278 535 442 546
1230 4 2 1 1 564 211 527 195
1231 4 2 1 1 132 147 472 509
1232 4 2 1 1 360 373 554 580
1233 4 2 1 1 610 1 14 217
1234 4 2 1 1 193 186 497 577
1235 4 2 1 1 444 545 183 569
1236 4 2 1 1 390 376 536 565
1237 4 2 1 1 328 534 590 443
1238 4 2 1 1 463 420 475 514
1239 4 2 1 1 167 472 147 551
1240 4 2 1 1 404 508 572 573
1241 4 2 1 1 199 584 60 176
1242 4 2 1 1 452 632 453 201
1243 4 2 1 1 259 245 238 498
1244 4 2 1 1 199 584 176 439
1245 4 2 1 1 322 435 384 369
1246 4 2 1 1 63 610 1 388
1247 4 2 1 1 413 445 437 575
1248 4 2 1 1 446 505 438 516
1249 4 2 1 1 406 514 450 562
1250 4 2 1 1 20 3 389 631
1251 4 2 1 1 83 102 103 455
1252 4 2 1 1 432 485 464 406
1253 4 2 1 1 460 484 422 497
1254 4 2 1 1 491 476 513 449
1255 4 2 1 1 402 499 496 532
1256 4 2 1 1 469 412 515 531
1257 4 2 1 1 321 312 328 534
1258 4 2 1 1 117 494 478 574
1259 4 2 1 1 430 538 486 507
1260 4 2 1 1 413 345 470 506
1261 4 2 1 1 475 536 375 561
1262 4 2 1 1 494 539 455 555
1263 4 2 1 1 594 620 217 180
1264 4 2 1 1 226 456 256 579
1265 4 2 1 1 405 487 471 537
1266 4 2 1 1 153 479 162 567
1267 4 2 1 1 413 464 485 406
1268 4 2 1 1 479 54 153 127
1269 4 2 1 1 604 631 20 389
1270 4 2 1 1 604 631 389 568
1271 4 2 1 1 407 429 460 419
1272 4 2 1 1 223 241 473 493
1273 4 2 1 1 142 144 503 543
1274 4 2 1 1 106 585 12 84
1275 4 2 1 1 98 440 553 557
1276 4 2 1 1 459 416 483 549
1277 4 2 1 1 157 168 131 559
1278 4 2 1 1 303 498 286 546
1279 4 2 1 1 189 207 497 541
1280 4 2 1 1 341 375 367 475
1281 4 2 1 1 442 415 512 546
1282 4 2 1 1 605 169 618 51
1283 4 2 1 1 610 594 217 14
1284 4 2 1 1 594 620 610 217
1285 4 2 1 1 279 280 282 490
1286 4 2 1 1 104 99 119 504
1287 4 2 1 1 424 459 481 538
1288 4 2 1 1 369 361 322 580
1289 4 2 1 1 402 511 446 529
1290 4 2 1 1 524 538 424 430
1291 4 2 1 1 182 527 472 545
1292 4 2 1 1 445 464 406 467
1293 4 2 1 1 438 448 428 573
1294 4 2 1 1 424 538 486 430
1295 4 2 1 1 458 508 505 573
1296 4 2 1 1 420 514 463 519
1297 4 2 1 1 513 491 449 427
1298 4 2 1 1 131 150 145 473
1299 4 2 1 1 346 401 506 427
1300 4 2 1 1 401 372 349 427
1301 4 2 1 1 412 515 489 439
1302 4 2 1 1 265 294 310 489
1303 4 2 1 1 218 200 210 489
1304 4 2 1 1 403 466 425 581
1305 4 2 1 1 421 430 448 552
1306 4 2 1 1 638 176 489 200
1307 4 2 1 1 443 525 419 550
1308 4 2 1 1 607 465 159 583
1309 4 2 1 1 159 567 133 161
1310 4 2 1 1 342 468 390 536
1311 4 2 1 1 303 283 288 498
1312 4 2 1 1 165 145 150 473
1313 4 2 1 1 256 226 252 456
1314 4 2 1 1 499 531 496 532
1315 4 2 1 1 153 127 162 479
1316 4 2 1 1 285 284 305 523
1317 4 2 1 1 286 303 266 498
1318 4 2 1 1 422 460 499 581
1319 4 2 1 1 434 536 411 561
1320 4 2 1 1 405 487 537 582
1321 4 2 1 1 457 507 562 572
1322 4 2 1 1 265 638 59 584
1323 4 2 1 1 622 252 70 609
1324 4 2 1 1 499 528 502 466
1325 4 2 1 1 182 545 472 569
1326 4 2 1 1 205 64 470 620
1327 4 2 1 1 35 569 130 154
1328 4 2 1 1 569 152 36 130
1329 4 2 1 1 346 398 485 506
1330 4 2 1 1 139 165 148 556
1331 4 2 1 1 473 421 530 559
1332 4 2 1 1 478 494 414 574
1333 4 2 1 1 158 151 147 443
1334 4 2 1 1 630 5 39 386
1335 4 2 1 1 146 167 147 551
1336 4 2 1 1 409 436 437 528
1337 4 2 1 1 121 585 84 452
1338 4 2 1 1 407 460 527 419
1339 4 2 1 1 479 418 523 543
1340 4 2 1 1 233 480 236 544
1341 4 2 1 1 195 177 181 472
1342 4 2 1 1 313 382 336 428
1343 4 2 1 1 419 407 472 527
1344 4 2 1 1 475 411 420 536
1345 4 2 1 1 513 491 427 450
1346 4 2 1 1 505 508 438 573
1347 4 2 1 1 410 446 505 508
1348 4 2 1 1 236 234 255 480
1349 4 2 1 1 102 94 97 494
1350 4 2 1 1 609 69 70 297
1351 4 2 1 1 255 236 480 579
1352 4 2 1 1 329 328 353 443
1353 4 2 1 1 184 191 469 545
1354 4 2 1 1 438 428 505 573
1355 4 2 1 1 458 501 428 533
1356 4 2 1 1 234 255 480 578
1357 4 2 1 1 237 229 230 526
1358 4 2 1 1 68 630 5 214
1359 4 2 1 1 458 505 428 573
1360 4 2 1 1 450 500 437 520
1361 4 2 1 1 459 483 416 542
1362 4 2 1 1 472 407 551 569
1363 4 2 1 1 421 448 447 325
1364 4 2 1 1 255 480 455 579
1365 4 2 1 1 438 508 431 552
1366 4 2 1 1 421 493 448 325
1367 4 2 1 1 636 129 586 48
1368 4 2 1 1 72 222 587 498
1369 4 2 1 1 488 566 429 582
1370 4 2 1 1 186 188 189 541
1371 4 2 1 1 191 187 184 469
1372 4 2 1 1 369 333 361 482
1373 4 2 1 1 418 503 444 543
1374 4 2 1 1 458 428 505 533
1375 4 2 1 1 277 274 283 512
1376 4 2 1 1 235 505 533 578
1377 4 2 1 1 392 475 393 558
1378 4 2 1 1 602 630 39 386
1379 4 2 1 1 239 257 221 428
1380 4 2 1 1 270 300 297 456
1381 4 2 1 1 116 87 113 456
1382 4 2 1 1 495 520 450 562
1383 4 2 1 1 419 472 407 522
1384 4 2 1 1 254 455 255 578
1385 4 2 1 1 98 96 95 553
1386 4 2 1 1 228 473 241 516
1387 4 2 1 1 365 373 476 561
1388 4 2 1 1 472 545 407 569
1389 4 2 1 1 147 152 132 472
1390 4 2 1 1 509 550 419 564
1391 4 2 1 1 422 499 502 581
1392 4 2 1 1 362 365 373 476
1393 4 2 1 1 248 233 236 544
1394 4 2 1 1 393 394 340 463
1395 4 2 1 1 277 278 276 512
1396 4 2 1 1 426 402 466 528
1397 4 2 1 1 420 457 411 514
1398 4 2 1 1 85 111 99 568
1399 4 2 1 1 560 548 519 501
1400 4 2 1 1 420 404 411 457
1401 4 2 1 1 202 469 439 515
1402 4 2 1 1 257 239 231 505
1403 4 2 1 1 83 119 102 555
1404 4 2 1 1 93 119 99 555
1405 4 2 1 1 202 469 515 187
1406 4 2 1 1 547 268 292 29
1407 4 2 1 1 72 245 222 498
1408 4 2 1 1 454 498 415 546
1409 4 2 1 1 492 527 419 564
1410 4 2 1 1 238 225 250 465
1411 4 2 1 1 159 567 149 583
1412 4 2 1 1 278 512 277 546
1413 4 2 1 1 405 430 517 538
1414 4 2 1 1 153 619 133 55
1415 4 2 1 1 106 121 101 441
1416 4 2 1 1 470 506 347 571
1417 4 2 1 1 478 490 440 547
1418 4 2 1 1 214 608 630 509
1419 4 2 1 1 403 484 500 502
1420 4 2 1 1 254 533 504 578
1421 4 2 1 1 69 609 308 297
1422 4 2 1 1 385 471 534 524
1423 4 2 1 1 102 94 494 555
1424 4 2 1 1 408 438 473 516
1425 4 2 1 1 184 469 187 577
1426 4 2 1 1 259 498 526 544
1427 4 2 1 1 81 478 118 547
1428 4 2 1 1 435 405 524 534
1429 4 2 1 1 250 238 465 583
1430 4 2 1 1 152 635 472 569
1431 4 2 1 1 602 630 386 509
1432 4 2 1 1 228 229 477 516
1433 4 2 1 1 72 266 288 498
1434 4 2 1 1 300 456 270 574
1435 4 2 1 1 87 456 116 574
1436 4 2 1 1 515 202 187 190
1437 4 2 1 1 606 226 629 22
1438 4 2 1 1 209 188 515 541
1439 4 2 1 1 319 355 43 559
1440 4 2 1 1 569 181 174 36
1441 4 2 1 1 220 228 229 477
1442 4 2 1 1 211 591 564 492
1443 4 2 1 1 420 411 475 514
1444 4 2 1 1 182 195 472 527
1445 4 2 1 1 476 482 424 580
1446 4 2 1 1 500 502 437 520
1447 4 2 1 1 499 528 466 402
1448 4 2 1 1 373 360 362 580
1449 4 2 1 1 308 297 609 456
1450 4 2 1 1 622 252 246 70
1451 4 2 1 1 397 372 346 427
1452 4 2 1 1 485 450 406 432
1453 4 2 1 1 403 542 483 581
1454 4 2 1 1 362 361 482 580
1455 4 2 1 1 466 499 429 581
1456 4 2 1 1 178 61 199 588
1457 4 2 1 1 385 320 471 524
1458 4 2 1 1 67 68 608 317
1459 4 2 1 1 403 425 542 581
1460 4 2 1 1 253 504 254 533
1461 4 2 1 1 611 180 594 13
1462 4 2 1 1 295 269 283 465
1463 4 2 1 1 504 85 25 104
1464 4 2 1 1 409 528 502 531
1465 4 2 1 1 89 589 18 82
1466 4 2 1 1 629 21 22 226
1467 4 2 1 1 329 534 400 328
1468 4 2 1 1 390 536 468 565
1469 4 2 1 1 128 621 42 135
1470 4 2 1 1 590 137 443 537
1471 4 2 1 1 118 81 117 478
1472 4 2 1 1 302 301 268 478
1473 4 2 1 1 536 475 392 558
1474 4 2 1 1 384 321 400 534
1475 4 2 1 1 405 524 430 538
1476 4 2 1 1 636 129 48 150
1477 4 2 1 1 72 73 245 498
1478 4 2 1 1 629 261 21 226
1479 4 2 1 1 534 385 384 321
1480 4 2 1 1 431 466 402 566
1481 4 2 1 1 527 193 577 185
1482 4 2 1 1 218 515 190 202
1483 4 2 1 1 175 591 66 196
1484 4 2 1 1 346 372 401 427
1485 4 2 1 1 472 527 407 545
1486 4 2 1 1 407 522 429 419
1487 4 2 1 1 515 531 452 541
1488 4 2 1 1 330 369 384 435
1489 4 2 1 1 406 463 514 519
1490 4 2 1 1 402 496 528 539
1491 4 2 1 1 175 497 571 492
1492 4 2 1 1 592 88 10 109
1493 4 2 1 1 390 468 382 565
1494 4 2 1 1 477 526 229 583
1495 4 2 1 1 606 226 456 629
1496 4 2 1 1 363 362 361 482
1497 4 2 1 1 235 533 254 578
1498 4 2 1 1 405 459 524 538
1499 4 2 1 1 593 87 31 574
1500 4 2 1 1 115 114 108 547
1501 4 2 1 1 483 542 459 581
1502 4 2 1 1 228 241 231 516
1503 4 2 1 1 466 502 403 520
1504 4 2 1 1 159 567 583 465
1505 4 2 1 1 611 86 441 106
1506 4 2 1 1 422 531 515 541
1507 4 2 1 1 372 368 349 427
1508 4 2 1 1 421 323 471 559
1509 4 2 1 1 134 169 160 474
1510 4 2 1 1 211 591 492 175
1511 4 2 1 1 454 415 498 544
1512 4 2 1 1 629 627 125 21
1513 4 2 1 1 403 502 466 581
1514 4 2 1 1 378 447 359 554
1515 4 2 1 1 591 492 175 571
1516 4 2 1 1 129 149 148 477
1517 4 2 1 1 172 154 130 569
1518 4 2 1 1 542 425 459 581
1519 4 2 1 1 128 621 135 471
1520 4 2 1 1 405 435 459 525
1521 4 2 1 1 97 103 102 494
1522 4 2 1 1 459 429 525 419
1523 4 2 1 1 221 595 597 77
1524 4 2 1 1 358 571 377 570
1525 4 2 1 1 196 195 211 564
1526 4 2 1 1 93 94 555 576
1527 4 2 1 1 411 536 475 561
1528 4 2 1 1 466 502 499 581
1529 4 2 1 1 421 323 559 493
1530 4 2 1 1 202 489 439 176
1531 4 2 1 1 390 382 326 565
1532 4 2 1 1 527 545 185 577
1533 4 2 1 1 460 419 429 581
1534 4 2 1 1 494 555 94 576
1535 4 2 1 1 234 236 233 480
1536 4 2 1 1 407 527 460 577
1537 4 2 1 1 152 472 167 569
1538 4 2 1 1 619 596 567 133
1539 4 2 1 1 440 547 453 557
1540 4 2 1 1 334 462 358 331
1541 4 2 1 1 429 522 525 419
1542 4 2 1 1 235 253 254 533
1543 4 2 1 1 238 526 465 583
1544 4 2 1 1 628 44 7 387
1545 4 2 1 1 336 468 342 558
1546 4 2 1 1 331 332 396 462
1547 4 2 1 1 226 256 247 579
1548 4 2 1 1 463 420 519 560
1549 4 2 1 1 522 405 443 537
1550 4 2 1 1 79 315 354 493
1551 4 2 1 1 194 207 470 497
1552 4 2 1 1 184 185 545 577
1553 4 2 1 1 583 47 129 166
1554 4 2 1 1 587 246 71 622
1555 4 2 1 1 471 530 421 559
1556 4 2 1 1 423 501 458 533
1557 4 2 1 1 488 529 402 566
1558 4 2 1 1 628 559 44 387
1559 4 2 1 1 108 29 81 547
1560 4 2 1 1 588 291 271 61
1561 4 2 1 1 6 51 309 618
1562 4 2 1 1 64 212 470 571
1563 4 2 1 1 419 443 522 525
1564 4 2 1 1 242 79 597 493
1565 4 2 1 1 189 193 186 497
1566 4 2 1 1 323 447 324 325
1567 4 2 1 1 437 409 502 575
1568 4 2 1 1 587 246 622 454
1569 4 2 1 1 371 513 368 427
1570 4 2 1 1 358 377 571 314
1571 4 2 1 1 317 509 608 564
1572 4 2 1 1 97 94 96 494
1573 4 2 1 1 211 591 175 196
1574 4 2 1 1 157 131 145 559
1575 4 2 1 1 415 446 511 529
1576 4 2 1 1 484 437 500 502
1577 4 2 1 1 223 249 241 493
1578 4 2 1 1 527 193 185 211
1579 4 2 1 1 447 554 399 565
1580 4 2 1 1 378 399 447 554
1581 4 2 1 1 274 267 273 479
1582 4 2 1 1 270 31 289 574
1583 4 2 1 1 107 31 87 574
1584 4 2 1 1 429 488 407 499
1585 4 2 1 1 429 499 466 566
1586 4 2 1 1 402 511 496 539
1587 4 2 1 1 368 367 364 513
1588 4 2 1 1 508 552 438 573
1589 4 2 1 1 162 127 163 479
1590 4 2 1 1 4 69 627 308
1591 4 2 1 1 468 536 434 565
1592 4 2 1 1 157 621 559 530
1593 4 2 1 1 258 623 595 76
1594 4 2 1 1 318 345 470 510
1595 4 2 1 1 555 539 576 494
1596 4 2 1 1 637 160 474 154
1597 4 2 1 1 238 229 526 583
1598 4 2 1 1 450 520 437 562
1599 4 2 1 1 32 627 4 125
1600 4 2 1 1 182 472 181 569
1601 4 2 1 1 466 520 403 425
1602 4 2 1 1 202 489 176 218
1603 4 2 1 1 255 455 480 578
1604 4 2 1 1 155 479 127 53
1605 4 2 1 1 625 82 105 17
1606 4 2 1 1 207 189 208 541
1607 4 2 1 1 149 477 129 583
1608 4 2 1 1 473 493 421 559
1609 4 2 1 1 448 565 447 325
1610 4 2 1 1 452 553 440 557
1611 4 2 1 1 471 524 405 534
1612 4 2 1 1 142 163 144 543
1613 4 2 1 1 144 156 141 503
1614 4 2 1 1 104 119 83 504
1615 4 2 1 1 430 507 404 552
1616 4 2 1 1 195 181 182 472
1617 4 2 1 1 271 309 296 474
1618 4 2 1 1 404 507 457 572
1619 4 2 1 1 294 279 282 518
1620 4 2 1 1 204 216 178 474
1621 4 2 1 1 195 203 509 564
1622 4 2 1 1 336 558 338 560
1623 4 2 1 1 117 116 494 574
1624 4 2 1 1 278 281 535 546
1625 4 2 1 1 425 538 517 507
1626 4 2 1 1 437 520 502 528
1627 4 2 1 1 608 67 317 564
1628 4 2 1 1 462 550 331 564
1629 4 2 1 1 609 627 69 308
1630 4 2 1 1 295 619 567 273
1631 4 2 1 1 458 563 508 572
1632 4 2 1 1 426 508 563 572
1633 4 2 1 1 590 137 537 128
1634 4 2 1 1 417 462 461 570
1635 4 2 1 1 151 590 41 128
1636 4 2 1 1 338 393 463 558
1637 4 2 1 1 345 347 470 506
1638 4 2 1 1 45 46 250 607
1639 4 2 1 1 429 488 499 566
1640 4 2 1 1 159 149 567 161
1641 4 2 1 1 360 373 327 554
1642 4 2 1 1 635 132 600 37
1643 4 2 1 1 221 595 77 258
1644 4 2 1 1 90 589 89 82
1645 4 2 1 1 318 357 345 510
1646 4 2 1 1 141 503 156 551
1647 4 2 1 1 175 497 492 193
1648 4 2 1 1 466 517 429 566
1649 4 2 1 1 590 137 128 151
1650 4 2 1 1 267 274 275 479
1651 4 2 1 1 367 371 341 513
1652 4 2 1 1 344 464 383 485
1653 4 2 1 1 316 615 19 604
1654 4 2 1 1 410 505 458 508
1655 4 2 1 1 312 321 385 534
1656 4 2 1 1 58 206 200 599
1657 4 2 1 1 184 545 469 577
1658 4 2 1 1 519 562 406 563
1659 4 2 1 1 608 386 509 317
1660 4 2 1 1 160 164 134 474
1661 4 2 1 1 417 497 492 571
1662 4 2 1 1 403 540 483 542
1663 4 2 1 1 182 185 527 545
1664 4 2 1 1 218 515 202 489
1665 4 2 1 1 100 553 95 576
1666 4 2 1 1 607 634 171 465
1667 4 2 1 1 333 395 366 521
1668 4 2 1 1 592 632 453 109
1669 4 2 1 1 528 539 436 563
1670 4 2 1 1 49 131 601 150
1671 4 2 1 1 175 497 193 194
1672 4 2 1 1 609 627 308 456
1673 4 2 1 1 412 469 515 439
1674 4 2 1 1 456 494 116 574
1675 4 2 1 1 82 91 90 445
1676 4 2 1 1 157 621 530 135
1677 4 2 1 1 202 469 187 191
1678 4 2 1 1 625 311 589 17
1679 4 2 1 1 472 551 167 569
1680 4 2 1 1 627 125 593 456
1681 4 2 1 1 617 158 151 40
1682 4 2 1 1 259 526 237 544
1683 4 2 1 1 220 47 583 243
1684 4 2 1 1 336 382 390 468
1685 4 2 1 1 90 589 82 445
1686 4 2 1 1 408 487 433 556
1687 4 2 1 1 426 520 507 562
1688 4 2 1 1 429 525 522 582
1689 4 2 1 1 79 249 603 493
1690 4 2 1 1 172 144 164 543
1691 4 2 1 1 465 74 269 73
1692 4 2 1 1 192 204 178 474
1693 4 2 1 1 296 285 271 474
1694 4 2 1 1 112 86 101 510
1695 4 2 1 1 79 242 249 493
1696 4 2 1 1 174 197 183 569
1697 4 2 1 1 258 623 76 251
1698 4 2 1 1 315 387 355 559
1699 4 2 1 1 413 345 343 510
1700 4 2 1 1 120 613 23 83
1701 4 2 1 1 360 378 359 554
1702 4 2 1 1 182 184 185 545
1703 4 2 1 1 404 448 552 573
1704 4 2 1 1 331 462 396 550
1705 4 2 1 1 142 144 141 503
1706 4 2 1 1 329 534 328 443
1707 4 2 1 1 402 466 499 566
1708 4 2 1 1 470 497 417 571
1709 4 2 1 1 496 511 414 539
1710 4 2 1 1 114 547 28 108
1711 4 2 1 1 472 407 522 551
1712 4 2 1 1 463 338 558 560
1713 4 2 1 1 336 337 501 560
1714 4 2 1 1 110 126 98 553
1715 4 2 1 1 457 562 519 572
1716 4 2 1 1 203 608 214 509
1717 4 2 1 1 431 517 466 566
1718 4 2 1 1 205 194 207 470
1719 4 2 1 1 143 149 161 567
1720 4 2 1 1 330 435 400 550
1721 4 2 1 1 194 470 212 571
1722 4 2 1 1 602 170 630 509
1723 4 2 1 1 111 604 19 89
1724 4 2 1 1 250 607 46 583
1725 4 2 1 1 536 392 475 375
1726 4 2 1 1 420 404 457 548
1727 4 2 1 1 422 502 499 531
1728 4 2 1 1 205 64 212 470
1729 4 2 1 1 547 298 626 28
1730 4 2 1 1 136 471 128 135
1731 4 2 1 1 155 479 53 624
1732 4 2 1 1 359 322 360 580
1733 4 2 1 1 298 28 27 626
1734 4 2 1 1 396 435 330 550
1735 4 2 1 1 402 488 499 532
1736 4 2 1 1 126 98 553 557
1737 4 2 1 1 410 533 505 578
1738 4 2 1 1 235 505 239 533
1739 4 2 1 1 404 572 548 573
1740 4 2 1 1 600 214 509 177
1741 4 2 1 1 156 167 551 569
1742 4 2 1 1 327 399 554 565
1743 4 2 1 1 312 385 471 534
1744 4 2 1 1 157 145 530 559
1745 4 2 1 1 157 621 135 43
1746 4 2 1 1 437 502 409 528
1747 4 2 1 1 626 307 27 298
1748 4 2 1 1 475 536 420 558
1749 4 2 1 1 167 152 147 472
1750 4 2 1 1 600 170 132 509
1751 4 2 1 1 617 353 602 40
1752 4 2 1 1 218 176 200 489
1753 4 2 1 1 412 496 531 532
1754 4 2 1 1 194 205 212 470
1755 4 2 1 1 435 459 525 549
1756 4 2 1 1 433 566 488 582
1757 4 2 1 1 433 522 537 582
1758 4 2 1 1 513 427 432 450
1759 4 2 1 1 134 155 52 605
1760 4 2 1 1 175 497 194 571
1761 4 2 1 1 601 227 223 49
1762 4 2 1 1 407 469 545 577
1763 4 2 1 1 254 244 219 504
1764 4 2 1 1 635 132 37 152
1765 4 2 1 1 381 461 570 348
1766 4 2 1 1 629 120 606 22
1767 4 2 1 1 152 167 130 569
1768 4 2 1 1 238 243 229 583
1769 4 2 1 1 347 570 377 571
1770 4 2 1 1 223 241 227 473
1771 4 2 1 1 637 192 197 444
1772 4 2 1 1 157 621 43 559
1773 4 2 1 1 176 202 213 439
1774 4 2 1 1 471 487 421 530
1775 4 2 1 1 228 230 229 516
1776 4 2 1 1 147 151 137 443
1777 4 2 1 1 250 465 607 583
1778 4 2 1 1 240 235 239 533
1779 4 2 1 1 193 185 186 577
1780 4 2 1 1 602 170 509 158
1781 4 2 1 1 476 424 554 580
1782 4 2 1 1 420 457 514 519
1783 4 2 1 1 114 115 88 453
1784 4 2 1 1 272 299 298 453
1785 4 2 1 1 320 359 324 447
1786 4 2 1 1 46 159 166 583
1787 4 2 1 1 99 89 90 467
1788 4 2 1 1 209 208 188 541
1789 4 2 1 1 343 357 16 510
1790 4 2 1 1 435 549 525 550
1791 4 2 1 1 335 336 337 501
1792 4 2 1 1 462 492 419 564
1793 4 2 1 1 403 491 540 542
1794 4 2 1 1 194 497 470 571
1795 4 2 1 1 626 298 547 453
1796 4 2 1 1 397 344 383 485
1797 4 2 1 1 342 336 390 468
1798 4 2 1 1 415 526 498 544
1799 4 2 1 1 404 457 548 572
1800 4 2 1 1 419 492 460 527
1801 4 2 1 1 607 634 45 171
1802 4 2 1 1 484 437 502 575
1803 4 2 1 1 278 286 281 546
1804 4 2 1 1 363 361 333 482
1805 4 2 1 1 346 398 397 485
1806 4 2 1 1 600 630 38 170
1807 4 2 1 1 293 265 310 489
1808 4 2 1 1 391 509 317 564
1809 4 2 1 1 378 327 399 554
1810 4 2 1 1 179 210 206 453
1811 4 2 1 1 120 613 83 455
1812 4 2 1 1 426 466 507 520
1813 4 2 1 1 182 181 174 569
1814 4 2 1 1 356 337 316 568
1815 4 2 1 1 190 188 187 515
1816 4 2 1 1 426 562 507 572
1817 4 2 1 1 132 158 147 509
1818 4 2 1 1 166 149 129 583
1819 4 2 1 1 156 172 130 569
1820 4 2 1 1 555 576 539 436
1821 4 2 1 1 228 227 241 473
1822 4 2 1 1 405 435 525 534
1823 4 2 1 1 93 92 94 576
1824 4 2 1 1 91 92 90 445
1825 4 2 1 1 16 15 112 510
1826 4 2 1 1 629 120 22 113
1827 4 2 1 1 504 533 410 578
1828 4 2 1 1 282 280 302 490
1829 4 2 1 1 317 391 353 509
1830 4 2 1 1 322 435 369 580
1831 4 2 1 1 429 425 466 581
1832 4 2 1 1 347 352 470 571
1833 4 2 1 1 253 251 224 568
1834 4 2 1 1 195 196 203 564
1835 4 2 1 1 405 517 487 582
1836 4 2 1 1 280 278 281 535
1837 4 2 1 1 402 499 488 566
1838 4 2 1 1 257 241 242 493
1839 4 2 1 1 484 437 575 413
1840 4 2 1 1 607 159 46 583
1841 4 2 1 1 244 254 253 504
1842 4 2 1 1 605 624 474 155
1843 4 2 1 1 562 563 519 572
1844 4 2 1 1 186 184 187 577
1845 4 2 1 1 303 286 277 546
1846 4 2 1 1 183 545 182 569
1847 4 2 1 1 459 549 483 419
1848 4 2 1 1 203 67 608 564
1849 4 2 1 1 370 344 311 464
1850 4 2 1 1 157 145 135 530
1851 4 2 1 1 209 188 190 515
1852 4 2 1 1 462 419 550 564
1853 4 2 1 1 81 118 108 547
1854 4 2 1 1 617 158 40 602
1855 4 2 1 1 174 183 182 569
1856 4 2 1 1 47 583 243 46
1857 4 2 1 1 202 191 213 439
1858 4 2 1 1 608 509 203 564
1859 4 2 1 1 401 349 380 461
1860 4 2 1 1 330 384 400 435
1861 4 2 1 1 459 419 483 581
1862 4 2 1 1 195 203 177 509
1863 4 2 1 1 300 289 301 574
1864 4 2 1 1 117 107 116 574
1865 4 2 1 1 136 471 135 530
1866 4 2 1 1 312 320 319 471
1867 4 2 1 1 156 130 167 569
1868 4 2 1 1 139 140 138 556
1869 4 2 1 1 517 538 430 507
1870 4 2 1 1 419 549 462 550
1871 4 2 1 1 625 311 17 343
1872 4 2 1 1 352 318 347 470
1873 4 2 1 1 116 97 117 494
1874 4 2 1 1 507 508 426 572
1875 4 2 1 1 323 493 315 559
1876 4 2 1 1 420 457 519 548
1877 4 2 1 1 95 100 110 553
1878 4 2 1 1 365 367 375 561
1879 4 2 1 1 370 383 344 464
1880 4 2 1 1 375 536 374 561
1881 4 2 1 1 342 390 376 536
1882 4 2 1 1 105 625 16 510
1883 4 2 1 1 92 100 95 576
1884 4 2 1 1 334 317 67 564
1885 4 2 1 1 345 347 318 470
1886 4 2 1 1 184 183 191 545
1887 4 2 1 1 222 245 259 498
1888 4 2 1 1 277 276 274 512
1889 4 2 1 1 303 288 266 498
1890 4 2 1 1 243 250 46 583
1891 4 2 1 1 115 547 118 557
1892 4 2 1 1 407 545 527 577
1893 4 2 1 1 420 463 558 560
1894 4 2 1 1 109 115 126 557
1895 4 2 1 1 381 461 348 380
1896 4 2 1 1 259 238 237 526
1897 4 2 1 1 122 614 631 568
1898 4 2 1 1 410 458 505 533
1899 4 2 1 1 419 525 549 550
1900 4 2 1 1 602 353 443 509
1901 4 2 1 1 410 508 458 563
1902 4 2 1 1 327 378 360 554
1903 4 2 1 1 448 468 428 573
1904 4 2 1 1 264 236 256 579
1905 4 2 1 1 487 530 471 537
1906 4 2 1 1 346 345 398 506
1907 4 2 1 1 232 231 239 505
1908 4 2 1 1 122 614 568 85
1909 4 2 1 1 250 243 238 583
1910 4 2 1 1 519 548 457 572
1911 4 2 1 1 16 112 105 510
1912 4 2 1 1 232 239 235 505
1913 4 2 1 1 203 196 67 564
1914 4 2 1 1 194 189 207 497
1915 4 2 1 1 459 425 429 581
1916 4 2 1 1 593 125 32 87
1917 4 2 1 1 624 275 479 290
1918 4 2 1 1 284 279 294 518
1919 4 2 1 1 484 437 413 500
1920 4 2 1 1 98 115 118 557
1921 4 2 1 1 347 506 348 570
1922 4 2 1 1 593 308 270 32
1923 4 2 1 1 604 122 631 568
1924 4 2 1 1 433 537 487 582
1925 4 2 1 1 620 217 205 63
1926 4 2 1 1 334 462 331 564
1927 4 2 1 1 350 372 397 427
1928 4 2 1 1 340 370 339 463
1929 4 2 1 1 438 552 448 573
1930 4 2 1 1 223 473 601 559
1931 4 2 1 1 458 572 508 573
1932 4 2 1 1 401 380 348 461
1933 4 2 1 1 591 67 196 564
1934 4 2 1 1 124 594 14 86
1935 4 2 1 1 426 563 562 572
1936 4 2 1 1 604 122 568 111
1937 4 2 1 1 359 378 324 447
1938 4 2 1 1 397 398 344 485
1939 4 2 1 1 588 216 178 62
1940 4 2 1 1 124 594 86 510
1941 4 2 1 1 161 153 162 567
1942 4 2 1 1 447 565 399 325
1943 4 2 1 1 285 275 284 523
1944 4 2 1 1 237 233 248 544
1945 4 2 1 1 359 385 322 524
1946 4 2 1 1 588 216 62 618
1947 4 2 1 1 599 215 206 453
1948 4 2 1 1 300 270 289 574
1949 4 2 1 1 107 87 116 574
1950 4 2 1 1 155 164 163 543
1951 4 2 1 1 102 93 94 555
1952 4 2 1 1 281 301 280 535
1953 4 2 1 1 182 185 195 527
1954 4 2 1 1 206 57 215 599
1955 4 2 1 1 626 114 123 453
1956 4 2 1 1 626 307 298 453
1957 4 2 1 1 278 277 286 546
1958 4 2 1 1 625 311 343 464
1959 4 2 1 1 386 317 353 509
1960 4 2 1 1 148 140 139 556
1961 4 2 1 1 623 389 568 356
1962 4 2 1 1 122 614 85 26
1963 4 2 1 1 123 626 27 114
1964 4 2 1 1 343 16 17 625
1965 4 2 1 1 259 237 248 544
1966 4 2 1 1 599 307 453 272
1967 4 2 1 1 170 158 132 509
1968 4 2 1 1 231 230 228 516
1969 4 2 1 1 625 343 16 510
1970 4 2 1 1 609 261 252 69
1971 4 2 1 1 608 386 317 68
1972 4 2 1 1 519 563 458 572
1973 4 2 1 1 168 559 157 44
1974 4 2 1 1 599 307 272 57
1975 4 2 1 1 122 614 26 631
1976 4 2 1 1 601 168 131 50
1977 4 2 1 1 601 50 49 223
1978 4 2 1 1 141 156 146 551
1979 4 2 1 1 365 374 373 561
1980 4 2 1 1 263 623 568 251
1981 4 2 1 1 33 598 160 169
1982 4 2 1 1 195 185 211 527
1983 4 2 1 1 333 369 396 521
1984 4 2 1 1 145 139 136 530
1985 4 2 1 1 465 306 269 74
1986 4 2 1 1 330 331 396 550
1987 4 2 1 1 371 367 368 513
1988 4 2 1 1 88 592 123 453
1989 4 2 1 1 240 253 235 533
1990 4 2 1 1 74 262 225 465
1991 4 2 1 1 592 215 453 179
1992 4 2 1 1 371 368 372 427
1993 4 2 1 1 242 241 249 493
1994 4 2 1 1 211 591 196 564
1995 4 2 1 1 238 229 237 526
1996 4 2 1 1 175 211 193 492
1997 4 2 1 1 347 377 352 571
1998 4 2 1 1 600 214 177 38
1999 4 2 1 1 358 332 331 462
2000 4 2 1 1 596 133 56 171
2001 4 2 1 1 108 118 115 547
2002 4 2 1 1 88 9 123 592
2003 4 2 1 1 592 215 179 9
2004 4 2 1 1 605 169 51 134
2005 4 2 1 1 600 38 132 170
2006 4 2 1 1 375 392 342 536
2007 4 2 1 1 235 254 234 578
2008 4 2 1 1 263 623 251 75
2009 4 2 1 1 609 261 69 627
2010 4 2 1 1 15 124 112 510
2011 4 2 1 1 598 618 474 169
2012 4 2 1 1 378 399 324 447
2013 4 2 1 1 385 320 312 471
2014 4 2 1 1 336 338 337 560
2015 4 2 1 1 338 336 342 558
2016 4 2 1 1 596 634 465 171
2017 4 2 1 1 168 559 44 628
2018 4 2 1 1 203 68 214 608
2019 4 2 1 1 623 389 356 75
2020 4 2 1 1 203 214 177 509
2021 4 2 1 1 429 566 517 582
2022 4 2 1 1 331 550 391 564
2023 4 2 1 1 601 168 50 628
2024 4 2 1 1 110 98 95 553
2025 4 2 1 1 208 189 188 541
2026 4 2 1 1 103 97 116 494
2027 4 2 1 1 176 59 584 60
2028 4 2 1 1 629 627 456 125
2029 4 2 1 1 605 169 134 474
2030 4 2 1 1 548 572 458 573
2031 4 2 1 1 607 262 250 45
2032 4 2 1 1 113 125 21 629
2033 4 2 1 1 95 94 92 576
2034 4 2 1 1 459 429 419 581
2035 4 2 1 1 323 315 355 559
2036 4 2 1 1 350 371 372 427
2037 4 2 1 1 342 536 392 558
2038 4 2 1 1 338 393 339 463
2039 4 2 1 1 112 101 105 510
2040 4 2 1 1 159 607 45 171
2041 4 2 1 1 162 143 161 567
2042 4 2 1 1 458 548 519 572
2043 4 2 1 1 587 71 222 72
2044 4 2 1 1 345 357 343 510
2045 4 2 1 1 185 184 186 577
2046 4 2 1 1 256 255 247 579
2047 4 2 1 1 323 355 319 559
2048 4 2 1 1 601 260 50 223
2049 4 2 1 1 602 170 158 39
2050 4 2 1 1 602 170 39 630
2051 4 2 1 1 85 122 111 568
2052 4 2 1 1 80 249 260 603
2053 4 2 1 1 234 254 255 578
2054 4 2 1 1 137 136 138 537
2055 4 2 1 1 193 189 194 497
2056 4 2 1 1 604 122 111 20
2057 4 2 1 1 338 463 339 560
2058 4 2 1 1 569 36 35 130
2059 4 2 1 1 381 358 377 570
2060 4 2 1 1 604 122 20 631
2061 4 2 1 1 483 419 460 581
2062 4 2 1 1 413 625 343 464
2063 4 2 1 1 81 29 30 616
2064 4 2 1 1 47 48 586 129
2065 4 2 1 1 31 30 574 107
2066 4 2 1 1 163 164 144 543
2067 4 2 1 1 525 549 459 419
2068 4 2 1 1 41 42 128 590
2069 4 2 1 1 324 447 399 325
2070 4 2 1 1 146 156 167 551
2071 4 2 1 1 588 178 61 62
2072 4 2 1 1 594 13 14 86
2073 4 2 1 1 184 182 183 545
2074 4 2 1 1 32 31 593 87
2075 4 2 1 1 84 12 11 585
2076 4 2 1 1 332 395 396 521
2077 4 2 1 1 347 401 348 506
2078 4 2 1 1 334 331 391 564
2079 4 2 1 1 479 53 54 127
2080 4 2 1 1 10 9 88 592
2081 4 2 1 1 322 385 384 524
2082 4 2 1 1 374 342 376 536
2083 4 2 1 1 620 63 205 64
2084 4 2 1 1 225 74 465 73
2085 4 2 1 1 128 136 137 537
2086 4 2 1 1 599 206 57 58
2087 4 2 1 1 26 25 614 85
2088 4 2 1 1 83 23 24 613
2089 4 2 1 1 361 360 322 580
2090 4 2 1 1 175 194 212 571
2091 4 2 1 1 591 67 66 196
2092 4 2 1 1 11 10 109 632
2093 4 2 1 1 624 275 290 285
2094 4 2 1 1 377 347 348 570
2095 4 2 1 1 53 290 52 624
2096 4 2 1 1 624 296 290 52
2097 4 2 1 1 624 479 53 290
2098 4 2 1 1 16 357 15 510
2099 4 2 1 1 624 275 285 523
2100 4 2 1 1 58 599 200 638
2101 4 2 1 1 200 638 599 489
2102 4 2 1 1 342 374 375 536
2103 4 2 1 1 293 599 489 453
2104 4 2 1 1 65 591 175 571
2105 4 2 1 1 58 200 59 638
2106 4 2 1 1 399 565 326 325
2107 4 2 1 1 362 360 361 580
2108 4 2 1 1 212 64 65 571
2109 4 2 1 1 77 597 221 78
2110 4 2 1 1 113 21 22 629
2111 4 2 1 1 65 175 212 571
2112 4 2 1 1 55 153 619 54
2113 4 2 1 1 251 75 623 76
2114 4 2 1 1 252 69 70 609
2115 4 2 1 1 166 159 149 583
2116 4 2 1 1 625 16 17 105
2117 4 2 1 1 136 135 145 530
2118 4 2 1 1 589 17 18 82
2119 4 2 1 1 102 119 93 555
2120 4 2 1 1 13 12 106 611
2121 4 2 1 1 24 25 104 504
2122 4 2 1 1 326 376 390 565
2123 4 2 1 1 255 256 236 579
2124 4 2 1 1 329 330 400 550
2125 4 2 1 1 37 38 132 600
2126 4 2 1 1 61 199 612 60
2127 4 2 1 1 56 133 596 55
2128 4 2 1 1 249 80 79 603
2129 4 2 1 1 623 75 356 76
2130 4 2 1 1 175 591 65 66
2131 4 2 1 1 626 28 27 114
2132 4 2 1 1 604 19 20 111
2133 4 2 1 1 51 134 52 605
2134 4 2 1 1 126 115 98 557
2135 4 2 1 1 151 40 41 617
2136 4 2 1 1 339 393 340 463
2137 4 2 1 1 135 42 43 621
2138 4 2 1 1 131 50 49 601
2139 4 2 1 1 34 33 598 160
2140 4 2 1 1 391 317 334 564
2141 4 2 1 1 44 43 559 157
2142 4 2 1 1 45 46 607 159
2143 4 2 1 1 89 19 18 615
2144 4 2 1 1 65 352 314 571
2145 4 2 1 1 389 356 316 568
2146 4 2 1 1 602 40 39 158
2147 4 2 1 1 331 329 391 550
2148 4 2 1 1 53 624 52 155
2149 4 2 1 1 37 36 635 152
2150 4 2 1 1 215 179 206 453
2151 4 2 1 1 347 346 401 506
2152 4 2 1 1 636 48 49 150
2153 4 2 1 1 272 298 307 453
2154 4 2 1 1 114 88 123 453
2155 4 2 1 1 637 35 34 154
2156 4 2 1 1 345 346 347 506
2157 4 2 1 1 108 28 29 547
2158 4 2 1 1 601 636 150 473
2159 4 2 1 1 78 242 79 597
2160 4 2 1 1 251 263 224 568
2161 4 2 1 1 618 33 6 169
2162 4 2 1 1 168 44 7 628
2163 4 2 1 1 628 50 7 168
2164 4 2 1 1 6 51 618 169
2165 4 2 1 1 27 633 2 307
2166 4 2 1 1 1 15 610 124
2167 4 2 1 1 123 9 2 633
2168 4 2 1 1 633 215 2 57
2169 4 2 1 1 618 62 6 216
2170 4 2 1 1 124 1 14 610
2171 4 2 1 1 122 26 3 631
2172 4 2 1 1 634 56 8 171
2173 4 2 1 1 32 627 125 593
2174 4 2 1 1 623 631 263 568
2175 4 2 1 1 68 630 214 608
2176 4 2 1 1 67 68 203 608
2177 4 2 1 1 5 38 630 170
2178 4 2 1 1 365 375 374 561
2179 4 2 1 1 76 595 258 77
2180 4 2 1 1 329 331 330 550
2181 4 2 1 1 396 395 333 521
2182 4 2 1 1 627 21 4 125
2183 4 2 1 1 45 8 171 634
2184 4 2 1 1 263 3 631 75
2185 4 2 1 1 4 69 261 627
2186 4 2 1 1 606 23 22 120
2187 4 2 1 1 170 5 39 630
2188 4 2 1 1 47 583 46 166
2189 4 2 1 1 7 80 260 628
2190 4 2 1 1 622 246 71 70
2191 4 2 1 1 63 610 217 1
2192 4 2 1 1 623 631 75 263
2193 4 2 1 1 20 3 631 122
2194 4 2 1 1 352 377 314 571
2195 4 2 1 1 337 338 339 560
2196 4 2 1 1 327 376 399 565
2197 4 2 1 1 392 393 338 558
2198 4 2 1 1 348 381 377 570
2199 4 2 1 1 177 635 472 600
2200 4 2 1 1 635 132 152 472
2201 4 2 1 1 342 392 338 558
2202 4 2 1 1 177 600 472 509
2203 4 2 1 1 326 399 376 565
2204 4 2 1 1 473 556 477 165
2205 4 2 1 1 477 556 473 408
2206 4 2 1 1 473 556 530 408
2207 4 2 1 1 15 357 388 510
2208 4 2 1 1 475 394 513 341
2209 4 2 1 1 475 513 394 432
2210 4 2 1 1 532 444 439 418
2211 4 2 1 1 532 439 444 469
2212 4 2 1 1 575 541 452 409
2213 4 2 1 1 452 541 575 441
2214 4 2 1 1 452 553 575 409
2215 4 2 1 1 37 38 600 177
2216 4 2 1 1 575 576 436 409
2217 4 2 1 1 436 576 575 445
2218 4 2 1 1 436 437 575 409
2219 4 2 1 1 575 437 436 445
2220 4 2 1 1 228 636 227 473
2221 4 2 1 1 228 636 473 477
2222 4 2 1 1 535 287 546 281
2223 4 2 1 1 535 546 287 454
2224 4 2 1 1 247 23 22 606
2225 4 2 1 1 409 539 436 528
2226 4 2 1 1 613 247 606 23
2227 4 2 1 1 606 226 22 247
2228 4 2 1 1 521 380 366 461
2229 4 2 1 1 521 366 380 395
2230 4 2 1 1 516 232 446 505
2231 4 2 1 1 516 446 232 230
2232 4 2 1 1 579 246 264 454
2233 4 2 1 1 579 264 246 256
2234 4 2 1 1 539 440 414 496
2235 4 2 1 1 539 414 440 494
2236 4 2 1 1 567 526 415 451
2237 4 2 1 1 567 415 526 465
2238 4 2 1 1 335 623 595 501
2239 4 2 1 1 453 210 201 179
2240 4 2 1 1 335 623 501 356
2241 4 2 1 1 453 299 293 272
2242 4 2 1 1 590 137 151 443
2243 4 2 1 1 405 590 443 537
2244 4 2 1 1 587 246 454 222
2245 4 2 1 1 587 246 222 71
2246 4 2 1 1 208 452 209 173
2247 4 2 1 1 585 208 198 173
2248 4 2 1 1 613 247 455 606
2249 4 2 1 1 506 413 398 485
2250 4 2 1 1 629 120 113 456
2251 4 2 1 1 471 430 421 487
2252 4 2 1 1 600 630 170 509
2253 4 2 1 1 514 450 457 411
2254 4 2 1 1 356 623 501 568
2255 4 2 1 1 495 457 450 411
2256 4 2 1 1 622 297 609 70
2257 4 2 1 1 559 249 223 493
2258 4 2 1 1 559 223 249 260
2259 4 2 1 1 96 494 478 117
2260 4 2 1 1 601 636 49 150
2261 4 2 1 1 258 623 251 501
2262 4 2 1 1 258 623 501 595
2263 4 2 1 1 577 188 187 186
2264 4 2 1 1 577 187 188 515
2265 4 2 1 1 583 451 149 477
2266 4 2 1 1 583 149 451 567
2267 4 2 1 1 247 455 606 579
2268 4 2 1 1 143 451 149 567
2269 4 2 1 1 502 575 422 484
2270 4 2 1 1 422 575 502 409
2271 4 2 1 1 392 475 375 341
2272 4 2 1 1 392 475 341 393
2273 4 2 1 1 84 632 11 109
2274 4 2 1 1 84 632 109 452
2275 4 2 1 1 51 605 52 296
2276 4 2 1 1 492 570 417 571
2277 4 2 1 1 240 595 258 501
2278 4 2 1 1 221 595 428 597
2279 4 2 1 1 576 440 96 494
2280 4 2 1 1 576 96 440 553
2281 4 2 1 1 488 522 551 433
2282 4 2 1 1 551 522 488 407
2283 4 2 1 1 544 264 222 454
2284 4 2 1 1 544 222 264 248
2285 4 2 1 1 551 138 537 146
2286 4 2 1 1 551 537 138 433
2287 4 2 1 1 459 582 517 405
2288 4 2 1 1 517 582 459 429
2289 4 2 1 1 222 544 259 248
2290 4 2 1 1 259 544 222 498
2291 4 2 1 1 622 297 70 304
2292 4 2 1 1 547 453 557 115
2293 4 2 1 1 83 504 24 104
2294 4 2 1 1 304 622 71 70
2295 4 2 1 1 425 481 495 542
2296 4 2 1 1 587 622 304 454
2297 4 2 1 1 587 622 71 304
2298 4 2 1 1 463 406 514 432
2299 4 2 1 1 597 221 78 242
2300 4 2 1 1 597 313 354 78
2301 4 2 1 1 381 462 461 332
2302 4 2 1 1 381 462 332 358
2303 4 2 1 1 493 325 354 448
2304 4 2 1 1 382 354 325 448
2305 4 2 1 1 272 599 57 58
2306 4 2 1 1 574 268 301 478
2307 4 2 1 1 574 301 268 289
2308 4 2 1 1 574 81 117 107
2309 4 2 1 1 574 117 81 478
2310 4 2 1 1 583 220 229 477
2311 4 2 1 1 583 229 220 243
2312 4 2 1 1 562 514 519 406
2313 4 2 1 1 562 519 514 457
2314 4 2 1 1 622 252 456 246
2315 4 2 1 1 622 287 297 304
2316 4 2 1 1 381 461 380 332
2317 4 2 1 1 381 462 358 570
2318 4 2 1 1 413 625 464 445
2319 4 2 1 1 464 413 398 343
2320 4 2 1 1 413 345 506 398
2321 4 2 1 1 296 51 605 309
2322 4 2 1 1 323 325 315 493
2323 4 2 1 1 599 633 215 453
2324 4 2 1 1 354 315 325 493
2325 4 2 1 1 599 633 57 215
2326 4 2 1 1 622 287 304 454
2327 4 2 1 1 30 268 289 574
2328 4 2 1 1 597 595 428 313
2329 4 2 1 1 31 30 289 574
2330 4 2 1 1 77 313 597 78
2331 4 2 1 1 584 291 265 439
2332 4 2 1 1 265 489 584 439
2333 4 2 1 1 638 176 200 59
2334 4 2 1 1 291 584 265 60
2335 4 2 1 1 638 176 59 584
2336 4 2 1 1 584 59 265 60
2337 4 2 1 1 597 595 313 77
2338 4 2 1 1 479 619 153 54
2339 4 2 1 1 479 273 54 267
2340 4 2 1 1 53 267 290 479
2341 4 2 1 1 267 53 54 479
2342 4 2 1 1 585 208 173 452
2343 4 2 1 1 585 208 452 441
2344 4 2 1 1 173 632 452 201
2345 4 2 1 1 173 585 12 198
2346 4 2 1 1 585 12 11 173
2347 4 2 1 1 173 632 201 11
2348 4 2 1 1 569 637 154 35
2349 4 2 1 1 569 635 36 152
2350 4 2 1 1 569 197 35 174
2351 4 2 1 1 621 42 43 319
2352 4 2 1 1 174 36 35 569
2353 4 2 1 1 636 165 150 473
2354 4 2 1 1 624 296 52 605
2355 4 2 1 1 220 586 477 583
2356 4 2 1 1 636 220 48 586
2357 4 2 1 1 296 309 605 474
2358 4 2 1 1 47 48 220 586
2359 4 2 1 1 266 587 454 498
2360 4 2 1 1 72 587 266 498
2361 4 2 1 1 587 71 266 304
2362 4 2 1 1 266 71 587 72
2363 4 2 1 1 454 304 587 266
2364 4 2 1 1 588 612 61 199
2365 4 2 1 1 588 309 271 474
2366 4 2 1 1 588 612 199 474
2367 4 2 1 1 62 271 588 309
2368 4 2 1 1 271 588 61 62
2369 4 2 1 1 319 43 621 559
2370 4 2 1 1 504 613 83 24
2371 4 2 1 1 244 25 504 224
2372 4 2 1 1 24 25 504 244
2373 4 2 1 1 504 219 24 244
2374 4 2 1 1 589 370 351 311
2375 4 2 1 1 625 82 17 589
2376 4 2 1 1 589 370 311 464
2377 4 2 1 1 18 351 311 589
2378 4 2 1 1 625 445 589 464
2379 4 2 1 1 311 17 18 589
2380 4 2 1 1 621 312 471 590
2381 4 2 1 1 328 590 534 312
2382 4 2 1 1 605 624 155 52
2383 4 2 1 1 621 312 590 42
2384 4 2 1 1 328 41 590 312
2385 4 2 1 1 41 42 590 312
2386 4 2 1 1 590 534 312 471
2387 4 2 1 1 471 621 559 319
2388 4 2 1 1 73 288 465 498
2389 4 2 1 1 72 288 73 498
2390 4 2 1 1 621 312 42 319
2391 4 2 1 1 316 19 20 604
2392 4 2 1 1 591 358 571 314
2393 4 2 1 1 591 492 334 564
2394 4 2 1 1 66 314 334 591
2395 4 2 1 1 334 67 591 564
2396 4 2 1 1 334 67 66 591
2397 4 2 1 1 592 632 109 10
2398 4 2 1 1 592 201 10 179
2399 4 2 1 1 592 633 9 123
2400 4 2 1 1 592 633 123 453
2401 4 2 1 1 10 9 592 179
2402 4 2 1 1 621 312 319 471
2403 4 2 1 1 270 456 593 574
2404 4 2 1 1 270 593 31 574
2405 4 2 1 1 318 63 620 64
2406 4 2 1 1 32 31 270 593
2407 4 2 1 1 594 620 510 610
2408 4 2 1 1 594 470 441 510
2409 4 2 1 1 611 86 106 13
2410 4 2 1 1 611 86 13 594
2411 4 2 1 1 180 14 217 594
2412 4 2 1 1 180 13 14 594
2413 4 2 1 1 595 336 313 335
2414 4 2 1 1 313 595 335 77
2415 4 2 1 1 335 623 356 76
2416 4 2 1 1 76 335 595 77
2417 4 2 1 1 335 623 76 595
2418 4 2 1 1 595 336 335 501
2419 4 2 1 1 295 567 596 465
2420 4 2 1 1 596 634 171 56
2421 4 2 1 1 295 619 273 55
2422 4 2 1 1 596 306 56 295
2423 4 2 1 1 56 596 295 55
2424 4 2 1 1 547 626 114 28
2425 4 2 1 1 547 616 29 81
2426 4 2 1 1 318 63 388 620
2427 4 2 1 1 547 298 28 292
2428 4 2 1 1 547 28 29 292
2429 4 2 1 1 597 354 428 493
2430 4 2 1 1 620 64 470 318
2431 4 2 1 1 597 79 354 493
2432 4 2 1 1 78 597 79 354
2433 4 2 1 1 20 316 604 389
2434 4 2 1 1 637 160 154 34
2435 4 2 1 1 598 618 169 33
2436 4 2 1 1 637 160 34 598
2437 4 2 1 1 598 216 33 204
2438 4 2 1 1 34 33 204 598
2439 4 2 1 1 479 273 619 54
2440 4 2 1 1 55 619 273 54
2441 4 2 1 1 355 387 44 559
2442 4 2 1 1 44 43 355 559
2443 4 2 1 1 599 293 272 453
2444 4 2 1 1 272 599 58 293
$EndElements
