$MeshFormat
2.2 0 8
$EndMeshFormat
$PhysicalNames
1
3 1 "tissue"
$EndPhysicalNames
$Nodes
758
1 0 0 0.08
2 0 0 0
3 0 0.08 0.08
4 0 0.08 0
5 0.08 0 0.08
6 0.08 0 0
7 0.08 0.08 0.08
8 0.08 0.08 0
9 0 0 0.01142857142857141
10 0 0 0.0228571428571428
11 0 0 0.03428571428571419
12 0 0 0.04571428571428559
13 0 0 0.05714285714285704
14 0 0 0.06857142857142852
15 0 0.01142857142857141 0.08
16 0 0.0228571428571428 0.08
17 0 0.03428571428571419 0.08
18 0 0.04571428571428559 0.08
19 0 0.05714285714285704 0.08
20 0 0.06857142857142852 0.08
21 0 0.08 0.01142857142857141
22 0 0.08 0.0228571428571428
23 0 0.08 0.03428571428571419
24 0 0.08 0.04571428571428559
25 0 0.08 0.05714285714285704
26 0 0.08 0.06857142857142852
27 0 0.01142857142857141 0
28 0 0.0228571428571428 0
29 0 0.03428571428571419 0
30 0 0.04571428571428559 0
31 0 0.05714285714285704 0
32 0 0.06857142857142852 0
33 0.08 0 0.01142857142857141
34 0.08 0 0.0228571428571428
35 0.08 0 0.03428571428571419
36 0.08 0 0.04571428571428559
37 0.08 0 0.05714285714285704
38 0.08 0 0.06857142857142852
39 0.08 0.01142857142857141 0.08
40 0.08 0.0228571428571428 0.08
41 0.08 0.03428571428571419 0.08
42 0.08 0.04571428571428559 0.08
43 0.08 0.05714285714285704 0.08
44 0.08 0.06857142857142852 0.08
45 0.08 0.08 0.01142857142857141
46 0.08 0.08 0.0228571428571428
47 0.08 0.08 0.03428571428571419
48 0.08 0.08 0.04571428571428559
49 0.08 0.08 0.05714285714285704
50 0.08 0.08 0.06857142857142852
51 0.08 0.01142857142857141 0
52 0.08 0.0228571428571428 0
53 0.08 0.03428571428571419 0
54 0.08 0.04571428571428559 0
55 0.08 0.05714285714285704 0
56 0.08 0.06857142857142852 0
57 0.01142857142857141 0 0
58 0.0228571428571428 0 0
59 0.03428571428571419 0 0
60 0.04571428571428559 0 0
61 0.05714285714285704 0 0
62 0.06857142857142852 0 0
63 0.01142857142857141 0 0.08
64 0.0228571428571428 0 0.08
65 0.03428571428571419 0 0.08
66 0.04571428571428559 0 0.08
67 0.05714285714285704 0 0.08
68 0.06857142857142852 0 0.08
69 0.01142857142857141 0.08 0
70 0.0228571428571428 0.08 0
71 0.03428571428571419 0.08 0
72 0.04571428571428559 0.08 0
73 0.05714285714285704 0.08 0
74 0.06857142857142852 0.08 0
75 0.01142857142857141 0.08 0.08
76 0.0228571428571428 0.08 0.08
77 0.03428571428571419 0.08 0.08
78 0.04571428571428559 0.08 0.08
79 0.05714285714285704 0.08 0.08
80 0.06857142857142852 0.08 0.08
81 0 0.0397078969803599 0.009832045981348941
82 0 0.03991082957416321 0.06996909340914348
83 0 0.06921624058144235 0.03924814491767438
84 0 0.01120685053612115 0.03968654573665948
85 0 0.07039402435542953 0.06320420468348693
86 0 0.009703288536842608 0.06308249696987302
87 0 0.06282839513497147 0.009488627306479491
88 0 0.009598089394970158 0.01654597073959284
89 0 0.05142857142857132 0.07010256681389217
90 0 0.0457142857142856 0.0597102619684789
91 0 0.03384838301845384 0.05981975923737902
92 0 0.03958769659249584 0.04940432564319445
93 0 0.05116370123218368 0.04900858634418612
94 0 0.04534860916430506 0.03889412710546482
95 0 0.03344451914088176 0.0390853136494655
96 0 0.03925830571783796 0.02863176159473191
97 0 0.05125696558589867 0.02845299613481786
98 0 0.02804300904927047 0.02938806529837574
99 0 0.05897206539161659 0.05885885542793782
100 0 0.02812282878526878 0.04924077513744807
101 0 0.02082127870606096 0.05891345730927563
102 0 0.05689755261783871 0.03859768209204144
103 0 0.0629901695818809 0.02854029243690706
104 0 0.06995441594471659 0.05197938841745038
105 0 0.0284602610958897 0.07005643686851064
106 0 0.01003235824674879 0.05206831005203797
107 0 0.05127271696442129 0.009671900762647701
108 0 0.02822641417063546 0.009609657611929565
109 0 0.01026580922397711 0.02718579790453309
110 0 0.02297161907759245 0.03934165687184019
111 0 0.0629030431706587 0.07079595794201486
112 0 0.01708739004789642 0.07079104524167919
113 0 0.06996024316240905 0.01800232798405933
114 0 0.01714285714285711 0.009150185861511166
115 0 0.02070724111882383 0.02033914648231442
116 0 0.0572385231190382 0.01893970502505768
117 0 0.04512264828464785 0.01948208552543465
118 0 0.03312473359751197 0.0197153239904433
119 0 0.0611441653398111 0.04770798261846054
120 0 0.07260022603821104 0.02857142857142849
121 0 0.01863098707035843 0.04785014902145227
122 0 0.07169189411937073 0.07169189411937073
123 0 0.008308105880629199 0.008308105880629199
124 0 0.008308105880629212 0.07169189411937077
125 0 0.07169189411937078 0.008308105880629217
126 0 0.018638905801157 0.03118824245874458
127 0.08 0.0397078969803599 0.009832045981348932
128 0.08 0.03991082957416321 0.06996909340914348
129 0.08 0.06921624058144234 0.03924814491767438
130 0.08 0.01117452789189271 0.03972240442208787
131 0.08 0.07039402435542953 0.06320420468348693
132 0.08 0.009703288536842606 0.063082496969873
133 0.08 0.06282839513497147 0.009488627306479491
134 0.08 0.01649709664477618 0.00960128498567212
135 0.08 0.05142857142857132 0.07010256681389217
136 0.08 0.0457142857142856 0.0597102619684789
137 0.08 0.03384838301845383 0.05981975923737903
138 0.08 0.03958769659249583 0.04940432564319445
139 0.08 0.05116370123218369 0.04900858634418612
140 0.08 0.04534860916430506 0.03889412710546482
141 0.08 0.03344451914088176 0.03908531364946549
142 0.08 0.03925830571783797 0.02863176159473192
143 0.08 0.05125696558589867 0.02845299613481788
144 0.08 0.02733625583180682 0.02940709793755109
145 0.08 0.0589720653916166 0.05885885542793782
146 0.08 0.02812282878526878 0.04924077513744807
147 0.08 0.02082127870606096 0.05891345730927563
148 0.08 0.05689755261783871 0.03859768209204145
149 0.08 0.0629901695818809 0.02854029243690707
150 0.08 0.06995441594471659 0.05197938841745038
151 0.08 0.0284602610958897 0.07005643686851064
152 0.08 0.01002697113937738 0.05207428649960936
153 0.08 0.05127271696442129 0.009671900762647699
154 0.08 0.009552562627620562 0.02788291119667579
155 0.08 0.02752328827247985 0.01023466144365049
156 0.08 0.02281073001571059 0.03939264055894062
157 0.08 0.0629030431706587 0.07079595794201486
158 0.08 0.01708739004789641 0.07079104524167919
159 0.08 0.06996024316240905 0.01800232798405934
160 0.08 0.009150185861511164 0.01714285714285711
161 0.08 0.0572385231190382 0.01893970502505768
162 0.08 0.04512264828464785 0.01948208552543465
163 0.08 0.03293592339275107 0.01997449436452594
164 0.08 0.01975375878858555 0.02118361430726273
165 0.08 0.06114416533981109 0.04770798261846054
166 0.08 0.07260022603821104 0.0285714285714285
167 0.08 0.01859126730766208 0.04786871278547231
168 0.08 0.07169189411937073 0.07169189411937073
169 0.08 0.008308105880629198 0.008308105880629198
170 0.08 0.008308105880629212 0.07169189411937078
171 0.08 0.07169189411937078 0.008308105880629217
172 0.08 0.01818212409164388 0.03137839113687806
173 0.009832045981348932 0 0.0397078969803599
174 0.06996909340914348 0 0.03991082957416321
175 0.03924814491767438 0 0.06921624058144234
176 0.03972240442208787 0 0.01117452789189271
177 0.07068660943097407 0 0.062877851865708
178 0.063082496969873 0 0.009703288536842606
179 0.00960128498567212 0 0.01649709664477618
180 0.009488627306479491 0 0.06282839513497149
181 0.06997233626733922 0 0.05149044263413852
182 0.0596970909540834 0 0.04569615646361264
183 0.0598175640683131 0 0.033845361476675
184 0.04940176461261755 0 0.03958417146042053
185 0.04899386268589632 0 0.05113842607695233
186 0.03889124632398704 0 0.04534380911642062
187 0.0390844066807897 0 0.03344313161088847
188 0.02863176159473192 0 0.03925830571783797
189 0.02845299613481788 0 0.05125696558589867
190 0.02940702081436437 0 0.02733613784456249
191 0.04923983127606163 0 0.02812150641796087
192 0.05891300887635385 0 0.02082065814761999
193 0.03859474801874685 0 0.05689254008398609
194 0.0285398034246913 0 0.06298933415957214
195 0.05876337089178109 0 0.0590427747618005
196 0.05190563069036689 0 0.07004216580359045
197 0.07005632217662933 0 0.02846010308446131
198 0.009671900762647699 0 0.05127271696442129
199 0.05207421176078907 0 0.01002686771297056
200 0.02788291119667579 0 0.009552562627620562
201 0.01023466144365049 0 0.02752328827247985
202 0.03939231923339913 0 0.02281025870161967
203 0.06285714285714276 0 0.07084981413848877
204 0.07079102081067809 0 0.01708735626987556
205 0.01800227808485364 0 0.06996015791523469
206 0.01714285714285711 0 0.009150185861511164
207 0.01893961520648744 0 0.05723836967412435
208 0.01948208552543465 0 0.04512264828464785
209 0.01997448151066149 0 0.03293590372821035
210 0.02118360512593098 0 0.01975374474248504
211 0.04770798261846054 0 0.06114416533981109
212 0.0285714285714285 0 0.07260022603821104
213 0.04786835511373832 0 0.01859076377441276
214 0.07169189411937073 0 0.07169189411937073
215 0.008308105880629198 0 0.008308105880629198
216 0.07169189411937078 0 0.008308105880629212
217 0.008308105880629205 0 0.0716918941193708
218 0.03137833290401236 0 0.01818203789915306
219 0.009832045981348932 0.08 0.0397078969803599
220 0.06996909340914348 0.08 0.03991082957416321
221 0.03924814491767438 0.08 0.06921624058144234
222 0.03972240442208787 0.08 0.01117452789189271
223 0.07068660943097407 0.08 0.062877851865708
224 0.009488627306479491 0.08 0.06282839513497147
225 0.063082496969873 0.08 0.009703288536842606
226 0.00960128498567212 0.08 0.01649709664477618
227 0.06997233626733922 0.08 0.05149044263413852
228 0.0596970909540834 0.08 0.04569615646361264
229 0.0598175640683131 0.08 0.033845361476675
230 0.04940176461261755 0.08 0.03958417146042053
231 0.04899386268589632 0.08 0.05113842607695233
232 0.03889124632398704 0.08 0.04534380911642062
233 0.0390844066807897 0.08 0.03344313161088847
234 0.02863176159473192 0.08 0.03925830571783797
235 0.02845299613481788 0.08 0.05125696558589867
236 0.02940702081436437 0.08 0.02733613784456249
237 0.04923983127606163 0.08 0.02812150641796087
238 0.05891300887635385 0.08 0.02082065814761999
239 0.03859474801874685 0.08 0.05689254008398609
240 0.0285398034246913 0.08 0.06298933415957214
241 0.05876337089178109 0.08 0.0590427747618005
242 0.05190563069036689 0.08 0.07004216580359045
243 0.07005632217662933 0.08 0.02846010308446131
244 0.009671900762647699 0.08 0.05127271696442129
245 0.05207421176078907 0.08 0.01002686771297056
246 0.02788291119667579 0.08 0.009552562627620562
247 0.01023466144365049 0.08 0.02752328827247985
248 0.03939231923339913 0.08 0.02281025870161967
249 0.06285714285714276 0.08 0.07084981413848877
250 0.07079102081067809 0.08 0.01708735626987556
251 0.01800227808485365 0.08 0.06996015791523469
252 0.01714285714285711 0.08 0.009150185861511164
253 0.01893961520648744 0.08 0.05723836967412435
254 0.01948208552543465 0.08 0.04512264828464785
255 0.01997448151066149 0.08 0.03293590372821035
256 0.02118360512593098 0.08 0.01975374474248504
257 0.04770798261846054 0.08 0.06114416533981109
258 0.0285714285714285 0.08 0.07260022603821104
259 0.04786835511373832 0.08 0.01859076377441276
260 0.07169189411937073 0.08 0.07169189411937073
261 0.008308105880629198 0.08 0.008308105880629198
262 0.07169189411937078 0.08 0.008308105880629212
263 0.008308105880629217 0.08 0.07169189411937078
264 0.03137833290401236 0.08 0.01818203789915306
265 0.03968603227271829 0.01120631394864601 0
266 0.03924866340513808 0.06921627484340813 0
267 0.06996909340914348 0.03991082957416321 0
268 0.009832045981348935 0.03970789698035991 0
269 0.06326395504321899 0.07038824724804711 0
270 0.009488628167187436 0.06282848820243486 0
271 0.06308102438485394 0.009702845874423403 0
272 0.01654597073959284 0.009598089394970158 0
273 0.07007138906245147 0.05150288011676855 0
274 0.059748025009289 0.04566260228272959 0
275 0.05981959522979227 0.03383848734658921 0
276 0.04941196411529885 0.03957065597486044 0
277 0.04907629956861571 0.05114643066511836 0
278 0.03890690905076548 0.04534287160196769 0
279 0.03908514547128195 0.03344030862928932 0
280 0.02863176159473192 0.039258305717838 0
281 0.02845299613481788 0.0512569655858987 0
282 0.02938803726867845 0.02804230729733843 0
283 0.05887815322415665 0.05897198754341813 0
284 0.04923850754393501 0.02811614401469074 0
285 0.05891238610446033 0.02081831024646269 0
286 0.03861156594106976 0.0568937518203995 0
287 0.02854269451330998 0.06298975506157731 0
288 0.05199282214135294 0.06995342540918363 0
289 0.009671902593086593 0.05127291488789341 0
290 0.07005638327919013 0.02845970298939489 0
291 0.05206720146847733 0.0100310742764457 0
292 0.009609657611929558 0.02822641417063548 0
293 0.02718571232720954 0.01026571979273126 0
294 0.0393405616196863 0.02296897078860852 0
295 0.07079803478519263 0.06290601301536822 0
296 0.07079093255516164 0.01708721784410493 0
297 0.01800257421457324 0.06996034091351226 0
298 0.009150185861511164 0.01714285714285711 0
299 0.02033913025274 0.02070712809265557 0
300 0.01894014685806829 0.05723851882266073 0
301 0.01948208552543464 0.04512264828464788 0
302 0.01971532399044328 0.03312473359751204 0
303 0.04770901831846129 0.06114404282022847 0
304 0.02857142857142849 0.07260041097849348 0
305 0.04784893780185545 0.01862816265497073 0
306 0.07169189411937073 0.07169189411937073 0
307 0.008308105880629198 0.008308105880629198 0
308 0.008308105880629212 0.07169189411937077 0
309 0.07169189411937078 0.008308105880629217 0
310 0.03118789474820652 0.01863808798399596 0
311 0.009531758598603054 0.03959334116049094 0.08
312 0.06870101613498923 0.04079767918136368 0.08
313 0.03935506786319698 0.07165641080714799 0.08
314 0.03952769271908192 0.01024562044418326 0.08
315 0.06147601108598606 0.0702867104134807 0.08
316 0.01042348569817759 0.06269373482718793 0.08
317 0.06264381457912693 0.008977414593050084 0.08
318 0.0168604809790623 0.009884156315414663 0.08
319 0.07003992008904891 0.05111900369211045 0.08
320 0.0617315405417884 0.04728235961252336 0.08
321 0.06297703792497615 0.03536659424241003 0.08
322 0.05464467670187926 0.04050974730179942 0.08
323 0.0616417487198519 0.05532539560461756 0.08
324 0.054704634340718 0.05073540360542921 0.08
325 0.05428511405580363 0.05856341354654471 0.08
326 0.04871599128450635 0.05474228124210036 0.08
327 0.04842722743712989 0.04885758061178254 0.08
328 0.04373903959069558 0.05174238583558602 0.08
329 0.04357141357599755 0.04655854264153547 0.08
330 0.03926251520507997 0.04914113491607003 0.08
331 0.03916977510601009 0.04412656179155795 0.08
332 0.03488642665118839 0.04667712568825305 0.08
333 0.03482895214316574 0.04167624650498795 0.08
334 0.03910307242062797 0.03912748416997948 0.08
335 0.03476998673176716 0.03667683564609624 0.08
336 0.03907156938890231 0.03412769028868472 0.08
337 0.03471757406287747 0.0316769230568222 0.08
338 0.0349586635862031 0.05171045040895601 0.08
339 0.03058229844623907 0.04921898564775806 0.08
340 0.03058218458663366 0.05431544596950151 0.08
341 0.03040163247206444 0.0342522085838618 0.08
342 0.03040292160685328 0.02910159434921979 0.08
343 0.03901979264799024 0.02912795573514774 0.08
344 0.04337810356836663 0.03157869533328275 0.08
345 0.04332270305441095 0.02657900095185506 0.08
346 0.04774878808514414 0.0290289791063482 0.08
347 0.04761022300594734 0.02362092519824958 0.08
348 0.02587410736311801 0.03176324609922296 0.08
349 0.02614282882744436 0.03665346140783388 0.08
350 0.02596934582351645 0.05176398179459233 0.08
351 0.052409459232582 0.02625311302983101 0.08
352 0.02518037376185912 0.05721637050465141 0.08
353 0.02660863709205905 0.02684298023406855 0.08
354 0.02006358897788082 0.02786712183023765 0.08
355 0.03896451131793665 0.02412825313186454 0.08
356 0.04772321682514588 0.0340012432724125 0.08
357 0.02591096302457436 0.04648162816802546 0.08
358 0.02079834292152738 0.04886231317733179 0.08
359 0.03481502104801074 0.05706859593030273 0.08
360 0.03058344071392016 0.0236063763978966 0.08
361 0.02102285735747669 0.04335854878352347 0.08
362 0.04769789567601225 0.04380527746072037 0.08
363 0.05239951129649696 0.01942226291503092 0.08
364 0.05831455585456889 0.0234622877454931 0.08
365 0.04349252916924638 0.05736293745656607 0.08
366 0.06957141418486174 0.03082567476039652 0.08
367 0.008530505931571383 0.05136058221402955 0.08
368 0.02475420928926034 0.01977916460878807 0.08
369 0.01015321339200065 0.0295574336954081 0.08
370 0.06813387805798513 0.01923596028761938 0.08
371 0.05176487024657885 0.01030169511954301 0.08
372 0.02831621513645033 0.009387579876881113 0.08
373 0.04803147388990796 0.05981974660136194 0.08
374 0.0285521719194987 0.06991249662701221 0.08
375 0.04551995031964622 0.01728281434065734 0.08
376 0.04955865945771818 0.07172887033037119 0.08
377 0.05225258969621373 0.04552531089018465 0.08
378 0.03051817642015186 0.03918032242798219 0.08
379 0.03466300890327029 0.02667718733596704 0.08
380 0.04338294681500875 0.03654530147548142 0.08
381 0.03052864784476752 0.04416304608913715 0.08
382 0.01344101268580524 0.02055507016587752 0.08
383 0.06933193282974225 0.06242218870598447 0.08
384 0.03924846213841662 0.05406533469074925 0.08
385 0.04340570809707898 0.04152515418978171 0.08
386 0.04752251812890716 0.0389368594217768 0.08
387 0.0515303429262165 0.036694304223826 0.08
388 0.05199813696858283 0.03153562109110649 0.08
389 0.01705846686460489 0.07125567902194635 0.08
390 0.02601808198762065 0.0414313921902837 0.08
391 0.04292868705127179 0.0218995283362497 0.08
392 0.03855138763858316 0.01852706000275314 0.08
393 0.05691664058549922 0.03489792460941645 0.08
394 0.06135863908914891 0.02999124523681965 0.08
395 0.01804733414546917 0.05448894037339957 0.08
396 0.03220550972458512 0.01686303495565473 0.08
397 0.03502276953239669 0.06400939761935344 0.08
398 0.02113027147312602 0.03432618354184165 0.08
399 0.0150705402076683 0.04614030825774711 0.08
400 0.0175251859240339 0.03914456125795786 0.08
401 0.04234770712221129 0.0637327892486961 0.08
402 0.05620489784224544 0.02925894989171079 0.08
403 0.03499357165965907 0.02196038236482721 0.08
404 0.05839551956765315 0.01599089710108761 0.08
405 0.05072960462584578 0.04109429985966145 0.08
406 0.06011307592359948 0.06256917164618461 0.08
407 0.02165282825957219 0.06247389593824649 0.08
408 0.02930089151799518 0.0608327004315113 0.08
409 0.007663563761772556 0.01388714712254854 0.08
410 0.07163370505635563 0.008366294943644381 0.08
411 0.008366294943644373 0.07163370505635562 0.08
412 0.07163370505635565 0.07163370505635565 0.08
413 0.05660723878520897 0.04499636633763589 0.08
414 0.05998860594490708 0.04078246347685608 0.08
415 0.03898529780205634 0.05924781098913352 0.08
416 0.01614468338353794 0.03320787596687518 0.08
417 0.02225846606747428 0.03891669138740581 0.08
418 0.05240211219605515 0.06454274516002358 0.08
419 0.006467468122242617 0.006390657785214896 0.08
420 0.04157808708150705 0.04017532965987211 0.04085062701142276
421 0.0240133801176642 0.03882752502801586 0.05806285624012078
422 0.04227290532962977 0.02521118787914715 0.05708023419350395
423 0.03983244730461847 0.05324641195783016 0.05951568745350479
424 0.05898074334353205 0.03783995630736722 0.05888677899653063
425 0.05921696450499803 0.05529205509468466 0.04414895693487117
426 0.02844858822135729 0.02171400637746752 0.03853084033904881
427 0.02292402329074222 0.0597461502767996 0.04477302851600007
428 0.0580193291842605 0.0245614768382753 0.03826187896304752
429 0.04075898260860246 0.03731543847461806 0.06475999738212584
430 0.02854090453600934 0.03227164549046375 0.06739576346746053
431 0.02995383333987223 0.04529203279933268 0.06889853507369235
432 0.0586645088651491 0.05604489881977725 0.06426924135347908
433 0.06271208149048418 0.01817548580169997 0.06076619641781508
434 0.05099707743385272 0.02667818559440556 0.06767671050845646
435 0.04643068795111823 0.05699178998491752 0.02397840158032
436 0.02183913693664504 0.04615017444414105 0.02316586292299012
437 0.05121841032208779 0.04367427941982503 0.0700508726172487
438 0.04000084115639198 0.02663939796879555 0.02271603178153204
439 0.0273756702936019 0.06300188554186285 0.06363891880895718
440 0.02511965264219574 0.03900487560578943 0.07012119871438635
441 0.01329071566492473 0.05101087875577765 0.06297216721906899
442 0.03617881486679324 0.03657450575456003 0.0537352174377327
443 0.04678673834223201 0.04150954709977304 0.055434157941774
444 0.01342142856953304 0.02666377029093942 0.06077415972134086
445 0.03993357809946776 0.0272941152455056 0.07001349305497752
446 0.03378205870187247 0.01348578919603047 0.06704926495689416
447 0.04079643877480265 0.048041676804492 0.06987713735259463
448 0.04366156975329779 0.06117993394720152 0.06789685854491929
449 0.02626954585956764 0.04905588864048423 0.04589591349119122
450 0.01451401981867696 0.04259118514521541 0.04115239761957159
451 0.04207146578881517 0.06250696508750724 0.04661826583554967
452 0.03702835852924258 0.03956414957255196 0.0604490401097751
453 0.05010889317660632 0.03062526036440897 0.04762777421413972
454 0.05328036379429843 0.04111854962366076 0.04399773492821198
455 0.02332469970394702 0.02521920703586535 0.05229850518633368
456 0.05689956353310339 0.04067929003614599 0.02233709702145866
457 0.0463078529480203 0.03190295168893482 0.05738111366797748
458 0.04065090716621831 0.0127483617400354 0.0421381575028519
459 0.03581332438443524 0.0326892403282412 0.06868126138409773
460 0.05932756593707263 0.03442531034243743 0.07275422258592314
461 0.04887746990820774 0.06465113919991367 0.0576636059115919
462 0.04647083246935544 0.01548940762055146 0.06579824579879197
463 0.03214160383358795 0.05264299315594257 0.06010814989992019
464 0.01925997515348317 0.05108373883981537 0.05389854337473148
465 0.0477823748031121 0.03591709717839143 0.07200424384177914
466 0.03330515270252091 0.03335835048890125 0.06155738532758856
467 0.06883835314511835 0.05123654806022916 0.05595697241397153
468 0.04248030301285817 0.0512723972700008 0.04870576199486625
469 0.01778625048089592 0.02672049873164138 0.01888106795896773
470 0.03226652414627978 0.05276474423193637 0.073454689646671
471 0.06675047489910396 0.04738337849449872 0.06796810615021927
472 0.05134414841502153 0.04949206303310413 0.06129070413843832
473 0.04913223875459315 0.05556959026378858 0.07040565608474156
474 0.02270602018575024 0.04630014916985922 0.07271938253120899
475 0.02456031350247016 0.05275294190766107 0.06818484376857313
476 0.03732660635773302 0.0293510133416637 0.03917940816158928
477 0.02410008495273678 0.03504092313825982 0.04410095937492114
478 0.03102080409159117 0.04879753276894307 0.03418953778327809
479 0.02208423369589522 0.01663757111910411 0.0605858541373135
480 0.01029469862821513 0.03783065335379716 0.06414271350485831
481 0.05813923304202328 0.01817460982065772 0.01738382161707088
482 0.03946365691118623 0.04205855671552243 0.074655220021592
483 0.04253345672658311 0.0432445178804598 0.06434315507879915
484 0.02340750770634083 0.06633824749504041 0.026998924213589
485 0.035692796346784 0.05597509826810836 0.05224353247853878
486 0.05300366571355371 0.01572669820926403 0.05172521687105658
487 0.05850895552012665 0.02669636270136294 0.05623164484343319
488 0.06989484305365959 0.02759288760200917 0.06028961768928036
489 0.0691631356952659 0.03432718579327808 0.05094031361038472
490 0.05208792529079491 0.04979898668137681 0.04926065346511298
491 0.04770660398584443 0.03752531965758931 0.06115374240523647
492 0.01070730630452629 0.06735404482681712 0.05657701603934286
493 0.04271421710492318 0.0145287556864761 0.05725283123509976
494 0.01182658102416982 0.03434673036368206 0.05097097639940706
495 0.03651032721802959 0.05955447896133556 0.06336151738197839
496 0.03657820471782337 0.0690682528166376 0.05448807534987168
497 0.03972712386224494 0.04207318823353287 0.05050365330474369
498 0.0327995772575798 0.02705338632486494 0.07465504891684079
499 0.01284723990151968 0.01555784305123399 0.04677533393887127
500 0.02902070966165797 0.04189595250937293 0.07545015507982437
501 0.06841307407823419 0.06517069912708405 0.0530784528090668
502 0.05288327716716919 0.06512339716471878 0.06927850667918445
503 0.06522352849626289 0.05740370020797712 0.0266604050305244
504 0.04038643619079053 0.03128549908404109 0.06231165617412941
505 0.03488587821418144 0.02791329863308501 0.05602132969884351
506 0.03554389148780397 0.02451604796551512 0.06457869112382944
507 0.03310892623233253 0.01911391423272158 0.05399472883548641
508 0.02496832901038817 0.04563842243990669 0.06158473963102737
509 0.04558304682443085 0.05060276719515093 0.03850934859541253
510 0.02474636803721698 0.02979329889452065 0.07353677067710768
511 0.04066206723170217 0.04349158990652711 0.02102011344362495
512 0.04232685074496732 0.03677558334066324 0.05702686717517939
513 0.02854942329873244 0.03538155826306347 0.03103537695147534
514 0.0407426239941043 0.03423896722561404 0.07490447775654774
515 0.05284200518069754 0.03475715550930304 0.03646183779104144
516 0.04555179049619662 0.03700676525408766 0.04973050140532581
517 0.04159283499241039 0.03072407449241991 0.05230737469965963
518 0.04067699076418581 0.02330091603049987 0.04880924240985885
519 0.05027032865204983 0.02009205716069734 0.06041321574962067
520 0.05711950831591277 0.04677207591139869 0.07418107179325889
521 0.05702196091726321 0.04565737534859499 0.0647856204385626
522 0.03438867581347193 0.04623611110222579 0.07447140398656397
523 0.02891558356865424 0.04138457257649936 0.05176813863258473
524 0.02891124758649928 0.03344691844064613 0.05398138324221025
525 0.02464248937755625 0.03250015652069437 0.06052576658497829
526 0.02819219600287816 0.03889152589616258 0.06423692057203467
527 0.06838006731653809 0.01993966548041107 0.0478169148436036
528 0.05298930066978833 0.0350073660030575 0.05428118331283695
529 0.04572354533729213 0.0282476507818525 0.07305788635218802
530 0.04606267328821367 0.04459857486925926 0.07401458346986739
531 0.0372559153216719 0.04318020428042964 0.06757200655851482
532 0.03536409919037858 0.05053896150261773 0.06639343381036385
533 0.03182849660761025 0.01480174511316123 0.01288878948661971
534 0.01117289339422621 0.06917498730556657 0.01007493656603986
535 0.03515611465326646 0.06692341066012764 0.07232515666805306
536 0.03516777600987861 0.05614332417725861 0.04274586534117773
537 0.05354215385071996 0.03254222431600553 0.06475505427137702
538 0.0602363443391709 0.02690543685272697 0.06537216433013043
539 0.01436441033500378 0.03190917580425744 0.07209500507224338
540 0.05075223758505044 0.06633653455447294 0.03488615656507146
541 0.04431596693818689 0.02449275438797849 0.06342226685320421
542 0.03591149529029967 0.02073336329273905 0.07404383709793719
543 0.02795861232610901 0.02121049295196955 0.07173502640009309
544 0.0132834691220564 0.06715254036680281 0.06840904065569733
545 0.03305694996107367 0.0290881169587575 0.04822592250706523
546 0.04896917295596449 0.05586491038911487 0.06237304619975688
547 0.04680762749920018 0.05465469426250467 0.0549473395967211
548 0.06626666639408892 0.06831170356559486 0.01053412337865568
549 0.05223918526723485 0.03151953742109605 0.07516242397135434
550 0.05183379537763982 0.02318535634816069 0.07431724405803934
551 0.03337710181864127 0.05668133744622008 0.01313296268800663
552 0.01321593672402497 0.0545863524507942 0.03419043584576027
553 0.01300040382482348 0.01394195242910315 0.03172454696974964
554 0.06831348013802971 0.05648583093459285 0.07143349932995394
555 0.04604053937069026 0.03085667729755501 0.06578434227649296
556 0.04574065995751945 0.04468390423006342 0.04788347438452214
557 0.03322805801828151 0.03828343995121831 0.04459022137506084
558 0.05262201354256634 0.03926059559431667 0.07472135992747735
559 0.06680482000851311 0.03732115489241875 0.03640250959034844
560 0.02736037442771155 0.04953377387013824 0.07509273799847914
561 0.04292227197388322 0.05515847073487705 0.07410967464416991
562 0.05608494344508036 0.012088116298243 0.07176262771674424
563 0.03018149580993788 0.01094368757322825 0.02814585240351643
564 0.01326683995503503 0.0281646773852214 0.03813509337364872
565 0.05400111983809164 0.04347639612180249 0.05754553970234584
566 0.05640839624929826 0.05118609669082406 0.05625128275587987
567 0.03471566114586626 0.04635351519260569 0.05514247285091275
568 0.009782945077107441 0.03883269256041209 0.01082272627236022
569 0.07005015423701547 0.05128417920811579 0.01093868262631836
570 0.06712005384730949 0.01393876595937372 0.03205341294759508
571 0.02878133659240716 0.03861327041846432 0.01096276275323566
572 0.02201861352354883 0.0262029515287294 0.06565777706948225
573 0.02862120705575663 0.02508589642144498 0.06105159108314343
574 0.04647876739444364 0.01250173622601519 0.01152026213542057
575 0.05111319553608546 0.0510206979490227 0.01092213110972798
576 0.04284539109932994 0.02194613428250724 0.07506690385765001
577 0.04274274078973896 0.05368620690918266 0.06628019044293948
578 0.04908552694115521 0.01123586049810999 0.02776569141990052
579 0.04212196648604222 0.04803308888903597 0.05526862118513669
580 0.06903409985160355 0.07011403856203445 0.03860929807320811
581 0.02934841145410859 0.0350930251865102 0.07505626957871557
582 0.01138986430523531 0.01176506073419038 0.01282550480106092
583 0.02745584660712433 0.05917934583618563 0.0548036913789354
584 0.06029513233505839 0.0320730425585684 0.04675711715098084
585 0.008904173549632769 0.04539070815424321 0.05304016028723163
586 0.03599308866726494 0.06488639643425505 0.03417122836106624
587 0.05106691254951904 0.04948658366292055 0.07447870443165039
588 0.02754871704892175 0.05880023959056067 0.07388120408301267
589 0.0463842376740601 0.06816405271005799 0.01031581363220622
590 0.04379635015916018 0.04210953682114655 0.06953100432211209
591 0.04219856857393525 0.06040297919012368 0.05894508981374479
592 0.05370019706672007 0.03111912095603055 0.01197594678436971
593 0.0116372856533485 0.0134525123525312 0.06988285101525084
594 0.04703145971866078 0.04856166378807153 0.06779671640502703
595 0.04915757147949371 0.02482866013137718 0.05338197917108271
596 0.01277223850242792 0.06802634303061962 0.0424889278917069
597 0.04761179878364299 0.06038695901454457 0.07499755395038681
598 0.0260020935923377 0.01040611177817604 0.04554998074972638
599 0.02960329509565968 0.06874082368305809 0.04571791944368997
600 0.01648203352355488 0.04163868617845091 0.07149476762147314
601 0.041421460596937 0.07064860926741068 0.06344163714808218
602 0.06840318179229864 0.01084113094662641 0.06902631467536482
603 0.01084626801249825 0.05528534548061319 0.04758870809938594
604 0.06060956815185205 0.0431637071343773 0.05110767510168015
605 0.06901165211064046 0.04970448764170909 0.04113686851682508
606 0.05384337226508425 0.06961059046200482 0.04702744721969112
607 0.0384179551793441 0.05152274794779118 0.07586122374460436
608 0.06828922592936086 0.03475791766392067 0.01083163485681876
609 0.05858865102034348 0.04148844848758581 0.07090734622843264
610 0.02335569706129996 0.04052733528434876 0.07578533223665825
611 0.05441632191481632 0.03867786154610106 0.0668507634442829
612 0.02254790197688356 0.009356063687189673 0.06992382745397197
613 0.0340940477480516 0.03858047143103258 0.06540043507110146
614 0.02063650597163822 0.04265084991507049 0.0515222594776601
615 0.0528544307611001 0.05006394698403571 0.06792901089858598
616 0.01884621898820464 0.05278730151843748 0.01085464953743385
617 0.06634293894083745 0.04139716207951939 0.07311691514064403
618 0.03531676545424362 0.03849604960807016 0.07600453669480185
619 0.03798208072623138 0.05946442996606023 0.07452392262792396
620 0.04464974509742078 0.03949284530178133 0.07586280769508309
621 0.06887216620592251 0.01252580559861332 0.01411741104131081
622 0.05799800041579532 0.02593194387584182 0.07299324912670263
623 0.05670120567033644 0.01167456422384779 0.04136592050469595
624 0.03639944416262461 0.0471333094891318 0.04518396435709106
625 0.04175057533990408 0.04231684226101408 0.05848652272623292
626 0.02720694243282005 0.06872111608843215 0.01168167705341949
627 0.04035237039273506 0.03272262852248929 0.04612227244874018
628 0.0558999902259552 0.05697231654650036 0.07369602227564552
629 0.0512827517721861 0.04241323642799648 0.05122284192426085
630 0.02203677758549891 0.07013997032436861 0.05447557784552469
631 0.01901650636172704 0.05976806171945825 0.05951411858354711
632 0.02142970915520219 0.03838288666469563 0.06397234536124362
633 0.01676478379167664 0.04231152224172566 0.05859138517612603
634 0.00969872705996779 0.03960831652466131 0.02815617313867582
635 0.04065216522263824 0.04703843422516942 0.07623417156249379
636 0.03861549364730014 0.02729487717242192 0.07599450044119913
637 0.05435340504056453 0.009805248907946358 0.06186304607756021
638 0.05003310912240077 0.05847331206762998 0.04691465735748943
639 0.0675004426204695 0.06848116448402571 0.0687813747293094
640 0.03082675332048667 0.03922178964699461 0.05872761061734547
641 0.05620090410424446 0.05938362222319028 0.05382528783543217
642 0.0391153128940845 0.03244880143828791 0.05720080749894065
643 0.06815490674843439 0.03272796419745053 0.07078895555320971
644 0.06763135953073149 0.02228257731420991 0.07162517617194571
645 0.04542664688001799 0.05029414838960426 0.07443333086424549
646 0.06913531187119851 0.02805360334517128 0.02408936284393745
647 0.06964895623169549 0.03965289114594846 0.06129334249293338
648 0.03263944753061684 0.04489433315867536 0.0628054684024998
649 0.009392877928898343 0.07097742102437359 0.02683724296747624
650 0.0551297539759116 0.02048575163151383 0.06635092113985454
651 0.03525305216745326 0.03324454183361449 0.07535865603434944
652 0.01801319980149398 0.05463872047339492 0.07333620695954046
653 0.03284398433864405 0.03911245114767271 0.07095286539172026
654 0.04380634485825451 0.03664716066760523 0.03079898387721553
655 0.04073391907840779 0.01971846028457557 0.06834370889530501
656 0.02968690861555872 0.05059159930734713 0.06548064830437086
657 0.04512369594826893 0.02274504638870014 0.03361163199743353
658 0.01962042440996281 0.03355161696460677 0.06728192210231937
659 0.04910030153830811 0.04387480155733864 0.06330731392909819
660 0.04550163447401377 0.03288044416448656 0.04086091403151057
661 0.0214430485451467 0.03500808619059773 0.07545987464895047
662 0.04669644735763056 0.02268317144597797 0.0691817923859688
663 0.05460465749852915 0.06928464013937947 0.02107606744916585
664 0.04215315371750017 0.03312974678924487 0.06911440963618183
665 0.03850867280790526 0.04717902322577183 0.06197460435411722
666 0.06246730364289389 0.0332714830741186 0.06328044573354541
667 0.02496360477298106 0.07182017083792157 0.07013500186169017
668 0.06659366367706963 0.009951183269675638 0.0555232532313621
669 0.05135519406056626 0.02703645010632654 0.060562331914751
670 0.03181967014339585 0.008449486140538556 0.05701208552775398
671 0.008321044699582255 0.04562433561229016 0.07184641478497736
672 0.04009050316831317 0.01168253803355374 0.07370611551404949
673 0.05603950172634288 0.04761376504123401 0.03280230477636694
674 0.02111055507010331 0.03458272531114 0.05355405719990793
675 0.04601296727024103 0.03324135552587604 0.07624797198804421
676 0.02725125601942536 0.049813338805204 0.05469541318938707
677 0.05653883720829619 0.02699376256936725 0.02741691096157845
678 0.04491452714964377 0.007735658834229621 0.06635690602398728
679 0.0478002815032821 0.02352428816566082 0.042913545250601
680 0.04804049699116567 0.01631042499930353 0.0734126132315175
681 0.01857908545203832 0.02213135220901578 0.07270864584027416
682 0.04473098305719188 0.04858505453732876 0.06112939892747232
683 0.01017887836986963 0.05348564410769885 0.02033467885482022
684 0.009401501190535866 0.009421455035062977 0.05856373930441289
685 0.04867666004308264 0.0476821193157748 0.05508719565166807
686 0.0702374615039319 0.02656334389095152 0.03704304812519869
687 0.03145315947384987 0.05671186354563935 0.06763094002357753
688 0.0396694137463476 0.07071839228700416 0.02243833780664816
689 0.06242533321192168 0.03976647131106319 0.06606582848360673
690 0.01731522720385546 0.03513800860725797 0.05992649701035992
691 0.06958907506304964 0.07109316008024098 0.0246537849293407
692 0.05629571581795027 0.02314766137669943 0.04719601799684962
693 0.07025910081209794 0.04432493801565565 0.02541679039591025
694 0.03790954429894377 0.05410002536794398 0.07027577859213663
695 0.05594189776235096 0.07088347381260504 0.06186872838436517
696 0.04530369414828018 0.06957841707362275 0.07329904727926197
697 0.06223577248688855 0.04581294058044424 0.05998443661924769
698 0.04180926606312253 0.03082414289241865 0.009341330834941737
699 0.03961126053190855 0.03775144250043743 0.07061875448854861
700 0.02498464729746038 0.05379552588177335 0.0607267843528727
701 0.05050399241906706 0.04372088901197451 0.07657203817458287
702 0.04663182747696436 0.0378493408841193 0.06674317949770922
703 0.03585340526932156 0.006556332594943926 0.005947933933942165
704 0.007827938189492626 0.05817304270033783 0.007627074752205703
705 0.0572021635305415 0.008294488563214691 0.008306558618266383
706 0.005665058050173063 0.006455310241186622 0.03647049170967636
707 0.005155773503787815 0.07445259877176762 0.05399792252013344
708 0.07171439926942944 0.007965771989966595 0.0444073176102205
709 0.006246047294980442 0.03622394012668568 0.07435998376690862
710 0.0745476701437741 0.03729175308095743 0.07536905418444476
711 0.004834870446733082 0.004899189923080925 0.01433583203898623
712 0.03360677977563693 0.07492557597397229 0.005611818280080971
713 0.07480264217955508 0.0638559159690011 0.005067368847002512
714 0.03163193529332204 0.005931945138766033 0.07289284244593865
715 0.004829892694569238 0.01419022066879745 0.005132749252566926
716 0.04836995689817263 0.006303345240499453 0.07372167350254588
717 0.0752645482368134 0.004828171396757562 0.01609573078605601
718 0.00648531090986303 0.06248819315062558 0.07483354345417303
719 0.07440610384266304 0.06558062845126482 0.07509063210468962
720 0.01412233345376699 0.004969917142485743 0.005095238638013756
721 0.07475960230581581 0.005040384758103876 0.06499942624403733
722 0.07492230216608772 0.0745049753376206 0.06215814619837669
723 0.03192073779070272 0.07444865001139335 0.07544452515865388
724 0.0753792000659568 0.01425889355537 0.00523897826721619
725 0.05604273519013527 0.07336939476418053 0.07375018604550851
726 0.07463504039303392 0.07483118813249708 0.0144698406505002
727 0.01359906215050105 0.005545654215685102 0.07447742669294691
728 0.005554931516357361 0.006788740487485166 0.07171914166661011
729 0.004920434903865371 0.01565324250030539 0.07502891965662306
730 0.02158005887054957 0.07473957817501012 0.005202953211661956
731 0.0655663639635567 0.004852608166963976 0.07505078875743866
732 0.07439504820170989 0.01434655027754348 0.0750052365272221
733 0.01479011421841896 0.07492882081170862 0.07480125725275721
734 0.005574017415338789 0.007430217998480069 0.04778117639403807
735 0.03927788948259583 0.07517127944204841 0.07545479136339846
736 0.008560885826825623 0.04864437585571218 0.0069320847259574
737 0.005236293173360952 0.07455504967113774 0.04242753433093601
738 0.008918311392535848 0.02452509142613562 0.009190503376229
739 0.07448295631663687 0.02940727535283521 0.07537215119735656
740 0.0742818886593785 0.0472380597215175 0.0746329612738789
741 0.005438657631439148 0.07404327798593442 0.06633353711611782
742 0.06577268054901177 0.005073789981130846 0.005406883344878623
743 0.07417417804119354 0.07436394408603482 0.07422899456887855
744 0.007458922758435979 0.02400330392828879 0.07342011655004324
745 0.02316938446878501 0.007631484738978891 0.007244992555732232
746 0.007012146561257864 0.05552778729874366 0.07106786975523252
747 0.00495887076819789 0.07500027914701653 0.01343218094778282
748 0.005817915887271249 0.07288487361362253 0.07399254101915673
749 0.007300952883573168 0.005817231413688716 0.0232229640763803
750 0.07454792540475862 0.005667195440976792 0.006054219282021326
751 0.005536906407637275 0.005595709811030568 0.005766990681742443
752 0.07452831820273968 0.07431326436571042 0.005414818102923038
753 0.07243837338039796 0.02321545870400688 0.005998250548487584
754 0.07457302276885495 0.004848406863936005 0.05470192411526711
755 0.0746001774794977 0.0737882407515425 0.04995792720897001
756 0.07461829901191695 0.005643195021810849 0.02859116264641624
757 0.06552980559659706 0.07499576357845165 0.07520703254397899
758 0.07430785068944107 0.005557850618208382 0.07439145453319411
$EndNodes
$Elements
3092
1 4 2 1 1 704 736 107 31
2 4 2 1 1 453 518 517 627
3 4 2 1 1 497 567 523 442
4 4 2 1 1 423 567 485 579
5 4 2 1 1 470 338 522 607
6 4 2 1 1 493 518 422 595
7 4 2 1 1 507 545 518 426
8 4 2 1 1 455 479 598 507
9 4 2 1 1 423 485 463 495
10 4 2 1 1 232 540 451 586
11 4 2 1 1 470 522 431 532
12 4 2 1 1 426 507 455 598
13 4 2 1 1 299 738 582 469
14 4 2 1 1 302 738 469 568
15 4 2 1 1 465 620 590 699
16 4 2 1 1 477 545 476 557
17 4 2 1 1 63 728 419 727
18 4 2 1 1 702 699 465 590
19 4 2 1 1 441 464 603 631
20 4 2 1 1 345 675 529 636
21 4 2 1 1 37 38 721 177
22 4 2 1 1 437 530 465 558
23 4 2 1 1 511 278 551 575
24 4 2 1 1 566 546 641 547
25 4 2 1 1 339 470 522 560
26 4 2 1 1 445 555 662 541
27 4 2 1 1 381 522 500 560
28 4 2 1 1 485 496 495 591
29 4 2 1 1 443 512 497 516
30 4 2 1 1 437 465 530 590
31 4 2 1 1 465 514 620 699
32 4 2 1 1 135 467 471 554
33 4 2 1 1 436 551 484 478
34 4 2 1 1 443 491 528 565
35 4 2 1 1 336 618 514 651
36 4 2 1 1 232 586 451 599
37 4 2 1 1 423 485 547 579
38 4 2 1 1 482 514 334 618
39 4 2 1 1 424 584 528 604
40 4 2 1 1 128 643 617 647
41 4 2 1 1 98 553 469 564
42 4 2 1 1 702 699 590 429
43 4 2 1 1 420 513 476 557
44 4 2 1 1 432 521 566 697
45 4 2 1 1 422 519 493 595
46 4 2 1 1 436 511 551 478
47 4 2 1 1 470 431 522 560
48 4 2 1 1 465 549 387 675
49 4 2 1 1 457 443 528 516
50 4 2 1 1 344 636 514 675
51 4 2 1 1 423 463 485 567
52 4 2 1 1 54 569 267 608
53 4 2 1 1 594 615 546 473
54 4 2 1 1 403 498 379 636
55 4 2 1 1 345 675 636 344
56 4 2 1 1 514 636 529 675
57 4 2 1 1 424 487 528 584
58 4 2 1 1 387 549 465 558
59 4 2 1 1 469 533 282 571
60 4 2 1 1 281 571 551 616
61 4 2 1 1 465 664 514 699
62 4 2 1 1 497 516 512 442
63 4 2 1 1 421 523 524 674
64 4 2 1 1 118 738 568 469
65 4 2 1 1 443 497 512 625
66 4 2 1 1 444 525 455 674
67 4 2 1 1 285 608 481 621
68 4 2 1 1 491 528 424 537
69 4 2 1 1 478 449 557 624
70 4 2 1 1 463 495 485 583
71 4 2 1 1 128 617 471 647
72 4 2 1 1 98 469 118 634
73 4 2 1 1 517 518 453 595
74 4 2 1 1 571 281 301 616
75 4 2 1 1 386 558 465 620
76 4 2 1 1 477 478 449 557
77 4 2 1 1 640 648 508 526
78 4 2 1 1 746 441 544 652
79 4 2 1 1 424 487 489 666
80 4 2 1 1 419 727 728 593
81 4 2 1 1 63 728 727 217
82 4 2 1 1 460 609 414 617
83 4 2 1 1 92 494 450 585
84 4 2 1 1 522 532 470 694
85 4 2 1 1 423 495 463 532
86 4 2 1 1 456 511 438 654
87 4 2 1 1 326 587 473 628
88 4 2 1 1 98 564 469 634
89 4 2 1 1 466 504 429 459
90 4 2 1 1 722 755 49 150
91 4 2 1 1 446 573 543 506
92 4 2 1 1 447 532 522 694
93 4 2 1 1 479 507 455 573
94 4 2 1 1 339 470 560 340
95 4 2 1 1 545 557 477 524
96 4 2 1 1 115 469 98 553
97 4 2 1 1 24 25 707 244
98 4 2 1 1 423 463 567 665
99 4 2 1 1 232 540 606 451
100 4 2 1 1 439 667 535 601
101 4 2 1 1 386 387 465 558
102 4 2 1 1 702 699 429 664
103 4 2 1 1 431 470 532 656
104 4 2 1 1 282 469 299 533
105 4 2 1 1 465 558 530 620
106 4 2 1 1 285 592 481 608
107 4 2 1 1 456 654 438 677
108 4 2 1 1 387 386 465 675
109 4 2 1 1 386 620 465 675
110 4 2 1 1 623 708 527 668
111 4 2 1 1 423 532 463 665
112 4 2 1 1 470 431 475 656
113 4 2 1 1 600 658 632 440
114 4 2 1 1 456 515 654 677
115 4 2 1 1 508 431 474 440
116 4 2 1 1 429 504 466 452
117 4 2 1 1 342 651 498 581
118 4 2 1 1 420 509 556 454
119 4 2 1 1 476 513 477 557
120 4 2 1 1 551 586 484 478
121 4 2 1 1 414 609 558 520
122 4 2 1 1 341 651 342 581
123 4 2 1 1 442 517 505 545
124 4 2 1 1 118 738 469 115
125 4 2 1 1 457 453 517 516
126 4 2 1 1 356 549 388 346
127 4 2 1 1 604 566 425 490
128 4 2 1 1 530 620 558 701
129 4 2 1 1 429 625 483 491
130 4 2 1 1 429 512 625 491
131 4 2 1 1 336 618 651 335
132 4 2 1 1 511 278 575 698
133 4 2 1 1 282 302 469 571
134 4 2 1 1 439 496 240 601
135 4 2 1 1 673 654 456 515
136 4 2 1 1 527 708 570 130
137 4 2 1 1 438 511 456 592
138 4 2 1 1 472 594 546 682
139 4 2 1 1 344 343 514 636
140 4 2 1 1 566 546 547 472
141 4 2 1 1 424 528 491 565
142 4 2 1 1 733 411 748 544
143 4 2 1 1 613 648 640 526
144 4 2 1 1 302 738 568 292
145 4 2 1 1 435 503 456 575
146 4 2 1 1 511 575 456 592
147 4 2 1 1 586 427 478 536
148 4 2 1 1 185 486 458 493
149 4 2 1 1 231 496 461 601
150 4 2 1 1 733 411 75 748
151 4 2 1 1 748 3 411 75
152 4 2 1 1 393 460 549 558
153 4 2 1 1 509 511 435 673
154 4 2 1 1 530 558 437 701
155 4 2 1 1 508 474 431 475
156 4 2 1 1 522 331 482 635
157 4 2 1 1 272 720 57 58
158 4 2 1 1 455 598 479 499
159 4 2 1 1 721 214 758 602
160 4 2 1 1 232 496 451 606
161 4 2 1 1 721 214 38 758
162 4 2 1 1 439 463 495 687
163 4 2 1 1 422 506 505 507
164 4 2 1 1 5 38 214 758
165 4 2 1 1 447 665 577 682
166 4 2 1 1 431 613 526 648
167 4 2 1 1 704 683 116 107
168 4 2 1 1 466 459 429 613
169 4 2 1 1 429 466 613 452
170 4 2 1 1 300 704 289 616
171 4 2 1 1 752 8 306 74
172 4 2 1 1 333 482 618 522
173 4 2 1 1 627 497 557 442
174 4 2 1 1 543 573 430 506
175 4 2 1 1 456 435 511 673
176 4 2 1 1 468 509 451 638
177 4 2 1 1 99 441 585 603
178 4 2 1 1 503 569 456 575
179 4 2 1 1 720 751 215 582
180 4 2 1 1 326 561 473 645
181 4 2 1 1 495 496 485 583
182 4 2 1 1 442 516 512 517
183 4 2 1 1 441 464 585 603
184 4 2 1 1 444 455 494 674
185 4 2 1 1 624 523 497 567
186 4 2 1 1 594 546 615 472
187 4 2 1 1 306 752 74 548
188 4 2 1 1 4 534 32 308
189 4 2 1 1 443 625 491 659
190 4 2 1 1 326 473 587 645
191 4 2 1 1 511 278 698 571
192 4 2 1 1 483 491 625 659
193 4 2 1 1 233 540 232 586
194 4 2 1 1 92 95 450 494
195 4 2 1 1 431 475 474 560
196 4 2 1 1 456 511 435 575
197 4 2 1 1 534 32 270 704
198 4 2 1 1 481 621 608 646
199 4 2 1 1 738 115 582 469
200 4 2 1 1 232 606 540 230
201 4 2 1 1 272 745 582 720
202 4 2 1 1 115 118 98 469
203 4 2 1 1 572 455 444 525
204 4 2 1 1 420 478 513 557
205 4 2 1 1 310 282 299 533
206 4 2 1 1 336 618 335 334
207 4 2 1 1 720 307 751 582
208 4 2 1 1 702 699 664 465
209 4 2 1 1 720 307 57 751
210 4 2 1 1 431 648 508 656
211 4 2 1 1 357 500 474 560
212 4 2 1 1 429 625 512 452
213 4 2 1 1 307 751 2 57
214 4 2 1 1 155 608 621 646
215 4 2 1 1 442 524 466 640
216 4 2 1 1 381 500 357 560
217 4 2 1 1 429 483 625 452
218 4 2 1 1 116 704 107 87
219 4 2 1 1 532 577 447 665
220 4 2 1 1 302 738 292 299
221 4 2 1 1 430 510 498 581
222 4 2 1 1 333 482 522 331
223 4 2 1 1 80 743 412 757
224 4 2 1 1 447 531 522 532
225 4 2 1 1 547 566 472 685
226 4 2 1 1 279 278 571 698
227 4 2 1 1 590 620 482 699
228 4 2 1 1 457 453 516 528
229 4 2 1 1 431 522 531 532
230 4 2 1 1 100 494 444 499
231 4 2 1 1 445 662 555 529
232 4 2 1 1 84 734 706 499
233 4 2 1 1 498 510 342 581
234 4 2 1 1 234 484 236 586
235 4 2 1 1 84 499 706 553
236 4 2 1 1 757 743 412 639
237 4 2 1 1 80 743 757 260
238 4 2 1 1 173 499 208 553
239 4 2 1 1 118 738 115 108
240 4 2 1 1 483 665 447 682
241 4 2 1 1 62 750 309 742
242 4 2 1 1 465 555 529 664
243 4 2 1 1 742 750 309 621
244 4 2 1 1 745 210 533 582
245 4 2 1 1 111 741 544 85
246 4 2 1 1 468 451 509 536
247 4 2 1 1 457 491 537 528
248 4 2 1 1 381 339 522 560
249 4 2 1 1 282 302 299 469
250 4 2 1 1 741 85 492 544
251 4 2 1 1 91 480 444 494
252 4 2 1 1 335 581 618 651
253 4 2 1 1 431 531 613 648
254 4 2 1 1 137 643 647 488
255 4 2 1 1 532 648 463 665
256 4 2 1 1 234 484 586 599
257 4 2 1 1 403 542 498 636
258 4 2 1 1 334 514 482 620
259 4 2 1 1 431 500 474 440
260 4 2 1 1 208 553 499 598
261 4 2 1 1 720 751 57 215
262 4 2 1 1 435 586 551 478
263 4 2 1 1 302 738 299 469
264 4 2 1 1 202 574 533 578
265 4 2 1 1 469 568 118 634
266 4 2 1 1 299 745 582 272
267 4 2 1 1 491 537 424 611
268 4 2 1 1 523 557 497 442
269 4 2 1 1 202 533 563 578
270 4 2 1 1 530 590 465 620
271 4 2 1 1 477 513 478 557
272 4 2 1 1 445 529 514 636
273 4 2 1 1 500 522 431 560
274 4 2 1 1 457 642 517 422
275 4 2 1 1 387 356 386 675
276 4 2 1 1 224 492 253 544
277 4 2 1 1 402 460 622 549
278 4 2 1 1 457 512 517 642
279 4 2 1 1 95 450 494 564
280 4 2 1 1 234 596 484 599
281 4 2 1 1 463 648 567 665
282 4 2 1 1 479 598 507 670
283 4 2 1 1 452 613 531 648
284 4 2 1 1 465 529 514 664
285 4 2 1 1 62 750 742 216
286 4 2 1 1 508 648 463 656
287 4 2 1 1 729 419 728 593
288 4 2 1 1 126 115 98 553
289 4 2 1 1 529 555 445 664
290 4 2 1 1 745 210 582 206
291 4 2 1 1 339 470 340 338
292 4 2 1 1 464 614 450 449
293 4 2 1 1 551 286 589 575
294 4 2 1 1 399 474 600 652
295 4 2 1 1 469 426 553 563
296 4 2 1 1 481 570 192 621
297 4 2 1 1 443 625 512 491
298 4 2 1 1 454 425 490 604
299 4 2 1 1 427 552 478 449
300 4 2 1 1 586 232 234 599
301 4 2 1 1 537 491 555 702
302 4 2 1 1 729 419 15 728
303 4 2 1 1 457 504 512 642
304 4 2 1 1 572 455 525 573
305 4 2 1 1 336 618 334 514
306 4 2 1 1 1 15 419 728
307 4 2 1 1 439 463 687 700
308 4 2 1 1 504 445 459 506
309 4 2 1 1 434 529 465 555
310 4 2 1 1 726 262 752 548
311 4 2 1 1 753 285 621 608
312 4 2 1 1 726 262 45 752
313 4 2 1 1 43 44 719 383
314 4 2 1 1 469 426 563 438
315 4 2 1 1 234 236 233 586
316 4 2 1 1 470 475 431 560
317 4 2 1 1 468 490 509 638
318 4 2 1 1 719 44 412 383
319 4 2 1 1 687 694 495 619
320 4 2 1 1 472 432 566 546
321 4 2 1 1 45 8 752 262
322 4 2 1 1 756 570 154 621
323 4 2 1 1 121 734 84 499
324 4 2 1 1 192 570 481 578
325 4 2 1 1 431 474 500 560
326 4 2 1 1 261 21 4 747
327 4 2 1 1 299 533 469 582
328 4 2 1 1 431 508 475 656
329 4 2 1 1 432 471 521 697
330 4 2 1 1 621 570 646 481
331 4 2 1 1 457 504 642 422
332 4 2 1 1 427 449 485 583
333 4 2 1 1 477 449 523 557
334 4 2 1 1 466 452 642 442
335 4 2 1 1 473 502 432 546
336 4 2 1 1 164 154 570 621
337 4 2 1 1 233 230 232 540
338 4 2 1 1 514 459 445 651
339 4 2 1 1 424 565 491 611
340 4 2 1 1 99 492 441 603
341 4 2 1 1 456 503 435 673
342 4 2 1 1 333 500 522 618
343 4 2 1 1 344 345 343 636
344 4 2 1 1 549 622 434 537
345 4 2 1 1 468 485 567 579
346 4 2 1 1 302 568 469 571
347 4 2 1 1 147 488 433 644
348 4 2 1 1 207 598 479 670
349 4 2 1 1 445 459 514 664
350 4 2 1 1 457 555 537 491
351 4 2 1 1 617 647 643 689
352 4 2 1 1 4 261 747 534
353 4 2 1 1 420 515 454 660
354 4 2 1 1 508 526 431 440
355 4 2 1 1 429 459 504 664
356 4 2 1 1 358 357 474 560
357 4 2 1 1 586 478 427 484
358 4 2 1 1 43 383 719 554
359 4 2 1 1 484 596 427 599
360 4 2 1 1 624 556 509 468
361 4 2 1 1 422 517 505 642
362 4 2 1 1 435 551 511 478
363 4 2 1 1 715 307 751 27
364 4 2 1 1 439 240 667 601
365 4 2 1 1 445 506 504 541
366 4 2 1 1 468 547 485 579
367 4 2 1 1 278 286 551 575
368 4 2 1 1 234 596 599 254
369 4 2 1 1 461 496 231 606
370 4 2 1 1 2 27 751 307
371 4 2 1 1 426 513 469 564
372 4 2 1 1 544 630 253 667
373 4 2 1 1 568 571 301 616
374 4 2 1 1 703 59 265 60
375 4 2 1 1 444 494 480 690
376 4 2 1 1 461 432 502 546
377 4 2 1 1 451 536 485 599
378 4 2 1 1 111 741 85 122
379 4 2 1 1 424 537 487 666
380 4 2 1 1 457 512 504 491
381 4 2 1 1 478 552 450 449
382 4 2 1 1 551 571 436 616
383 4 2 1 1 451 496 461 606
384 4 2 1 1 441 603 492 631
385 4 2 1 1 465 529 434 549
386 4 2 1 1 654 509 478 420
387 4 2 1 1 571 301 281 280
388 4 2 1 1 470 607 522 694
389 4 2 1 1 421 614 523 674
390 4 2 1 1 703 745 200 533
391 4 2 1 1 486 487 527 692
392 4 2 1 1 442 466 505 642
393 4 2 1 1 451 485 468 547
394 4 2 1 1 420 557 476 627
395 4 2 1 1 244 25 707 224
396 4 2 1 1 505 504 506 422
397 4 2 1 1 715 307 582 751
398 4 2 1 1 458 486 185 623
399 4 2 1 1 746 441 652 671
400 4 2 1 1 346 549 529 675
401 4 2 1 1 105 480 539 444
402 4 2 1 1 251 224 253 544
403 4 2 1 1 386 558 620 701
404 4 2 1 1 511 278 571 551
405 4 2 1 1 447 482 531 590
406 4 2 1 1 448 473 561 577
407 4 2 1 1 673 654 515 509
408 4 2 1 1 451 485 547 591
409 4 2 1 1 627 497 442 516
410 4 2 1 1 527 708 130 152
411 4 2 1 1 469 553 115 582
412 4 2 1 1 68 758 731 410
413 4 2 1 1 719 383 412 639
414 4 2 1 1 442 505 517 642
415 4 2 1 1 282 571 533 698
416 4 2 1 1 498 445 459 651
417 4 2 1 1 429 531 483 452
418 4 2 1 1 385 482 331 635
419 4 2 1 1 147 602 433 668
420 4 2 1 1 173 198 208 499
421 4 2 1 1 473 546 432 615
422 4 2 1 1 624 509 556 420
423 4 2 1 1 480 494 91 585
424 4 2 1 1 427 464 583 631
425 4 2 1 1 456 438 592 677
426 4 2 1 1 147 433 527 668
427 4 2 1 1 274 592 608 575
428 4 2 1 1 251 544 253 667
429 4 2 1 1 433 488 147 527
430 4 2 1 1 253 544 492 630
431 4 2 1 1 471 647 617 689
432 4 2 1 1 231 601 461 695
433 4 2 1 1 482 385 530 635
434 4 2 1 1 586 234 232 233
435 4 2 1 1 522 607 447 694
436 4 2 1 1 656 687 463 700
437 4 2 1 1 453 457 517 595
438 4 2 1 1 427 485 449 536
439 4 2 1 1 505 507 506 573
440 4 2 1 1 434 529 555 662
441 4 2 1 1 466 640 452 442
442 4 2 1 1 420 497 516 556
443 4 2 1 1 152 708 754 668
444 4 2 1 1 613 640 648 452
445 4 2 1 1 110 499 84 553
446 4 2 1 1 333 482 331 334
447 4 2 1 1 427 583 485 599
448 4 2 1 1 486 518 493 595
449 4 2 1 1 753 155 608 621
450 4 2 1 1 624 523 567 449
451 4 2 1 1 426 469 553 564
452 4 2 1 1 221 535 601 696
453 4 2 1 1 393 414 460 558
454 4 2 1 1 731 410 758 602
455 4 2 1 1 437 558 465 611
456 4 2 1 1 335 581 651 341
457 4 2 1 1 429 512 504 452
458 4 2 1 1 468 579 556 685
459 4 2 1 1 507 545 426 455
460 4 2 1 1 501 554 145 639
461 4 2 1 1 758 5 39 410
462 4 2 1 1 485 567 449 624
463 4 2 1 1 331 385 334 482
464 4 2 1 1 508 614 421 633
465 4 2 1 1 571 301 302 568
466 4 2 1 1 160 717 154 621
467 4 2 1 1 732 758 39 410
468 4 2 1 1 719 554 383 639
469 4 2 1 1 207 479 499 684
470 4 2 1 1 507 545 455 505
471 4 2 1 1 653 651 618 581
472 4 2 1 1 197 192 570 621
473 4 2 1 1 468 547 579 685
474 4 2 1 1 499 553 110 564
475 4 2 1 1 508 656 463 700
476 4 2 1 1 509 540 451 638
477 4 2 1 1 442 517 512 642
478 4 2 1 1 732 758 410 602
479 4 2 1 1 359 470 588 619
480 4 2 1 1 484 534 616 683
481 4 2 1 1 245 73 548 589
482 4 2 1 1 494 499 100 564
483 4 2 1 1 482 522 447 531
484 4 2 1 1 438 571 511 698
485 4 2 1 1 550 622 562 650
486 4 2 1 1 485 583 496 599
487 4 2 1 1 474 500 357 610
488 4 2 1 1 207 208 499 598
489 4 2 1 1 429 613 459 699
490 4 2 1 1 245 589 548 663
491 4 2 1 1 333 500 618 378
492 4 2 1 1 437 465 590 702
493 4 2 1 1 192 183 570 578
494 4 2 1 1 512 457 517 516
495 4 2 1 1 316 19 20 718
496 4 2 1 1 121 734 499 684
497 4 2 1 1 654 509 420 515
498 4 2 1 1 155 621 164 646
499 4 2 1 1 757 79 725 315
500 4 2 1 1 504 445 555 664
501 4 2 1 1 426 518 476 545
502 4 2 1 1 427 485 536 599
503 4 2 1 1 504 555 445 541
504 4 2 1 1 441 492 99 544
505 4 2 1 1 757 315 725 639
506 4 2 1 1 504 512 429 491
507 4 2 1 1 484 616 436 683
508 4 2 1 1 333 482 334 618
509 4 2 1 1 627 660 679 476
510 4 2 1 1 705 481 621 285
511 4 2 1 1 90 441 89 671
512 4 2 1 1 206 745 720 582
513 4 2 1 1 757 80 79 315
514 4 2 1 1 447 531 483 590
515 4 2 1 1 463 439 495 583
516 4 2 1 1 673 654 509 511
517 4 2 1 1 285 574 481 592
518 4 2 1 1 299 745 272 293
519 4 2 1 1 434 555 465 537
520 4 2 1 1 437 611 465 702
521 4 2 1 1 490 509 454 556
522 4 2 1 1 442 517 545 627
523 4 2 1 1 702 483 429 590
524 4 2 1 1 360 379 403 498
525 4 2 1 1 514 618 482 699
526 4 2 1 1 207 189 598 670
527 4 2 1 1 718 20 316 411
528 4 2 1 1 333 332 331 522
529 4 2 1 1 514 651 618 699
530 4 2 1 1 485 495 423 591
531 4 2 1 1 80 757 412 315
532 4 2 1 1 385 334 482 620
533 4 2 1 1 372 543 446 612
534 4 2 1 1 100 91 444 494
535 4 2 1 1 487 538 537 669
536 4 2 1 1 604 425 566 467
537 4 2 1 1 349 500 378 581
538 4 2 1 1 485 583 449 676
539 4 2 1 1 469 513 426 438
540 4 2 1 1 412 315 757 639
541 4 2 1 1 425 490 566 641
542 4 2 1 1 540 673 509 435
543 4 2 1 1 274 569 575 608
544 4 2 1 1 718 316 19 367
545 4 2 1 1 338 332 339 522
546 4 2 1 1 468 567 485 624
547 4 2 1 1 335 581 341 378
548 4 2 1 1 260 50 7 743
549 4 2 1 1 434 555 541 662
550 4 2 1 1 244 737 596 707
551 4 2 1 1 514 529 465 675
552 4 2 1 1 722 743 50 260
553 4 2 1 1 512 642 504 452
554 4 2 1 1 621 646 570 164
555 4 2 1 1 224 251 263 544
556 4 2 1 1 457 595 453 528
557 4 2 1 1 110 121 84 499
558 4 2 1 1 278 277 286 575
559 4 2 1 1 477 523 449 614
560 4 2 1 1 514 334 380 620
561 4 2 1 1 476 557 545 627
562 4 2 1 1 420 478 557 624
563 4 2 1 1 477 523 674 524
564 4 2 1 1 459 651 514 699
565 4 2 1 1 393 549 387 558
566 4 2 1 1 448 546 473 577
567 4 2 1 1 582 563 469 553
568 4 2 1 1 705 481 285 574
569 4 2 1 1 514 664 459 699
570 4 2 1 1 722 743 260 639
571 4 2 1 1 436 513 469 571
572 4 2 1 1 244 737 219 596
573 4 2 1 1 403 360 498 542
574 4 2 1 1 553 98 110 564
575 4 2 1 1 482 447 530 590
576 4 2 1 1 266 551 589 626
577 4 2 1 1 469 513 436 634
578 4 2 1 1 236 586 484 688
579 4 2 1 1 481 574 192 578
580 4 2 1 1 434 465 549 537
581 4 2 1 1 473 561 577 645
582 4 2 1 1 55 713 569 133
583 4 2 1 1 472 432 546 615
584 4 2 1 1 185 486 637 668
585 4 2 1 1 209 563 553 598
586 4 2 1 1 627 497 516 420
587 4 2 1 1 316 718 411 544
588 4 2 1 1 705 178 742 621
589 4 2 1 1 489 647 424 666
590 4 2 1 1 465 558 549 611
591 4 2 1 1 507 545 505 518
592 4 2 1 1 426 458 476 518
593 4 2 1 1 274 592 575 276
594 4 2 1 1 423 547 485 591
595 4 2 1 1 194 714 446 612
596 4 2 1 1 514 380 334 336
597 4 2 1 1 484 596 255 649
598 4 2 1 1 527 708 152 668
599 4 2 1 1 213 192 574 578
600 4 2 1 1 283 589 575 548
601 4 2 1 1 463 583 485 676
602 4 2 1 1 135 467 554 145
603 4 2 1 1 543 572 430 573
604 4 2 1 1 748 26 263 741
605 4 2 1 1 232 231 496 606
606 4 2 1 1 505 504 422 642
607 4 2 1 1 652 718 316 544
608 4 2 1 1 147 433 602 644
609 4 2 1 1 482 530 385 620
610 4 2 1 1 483 531 447 665
611 4 2 1 1 509 624 536 478
612 4 2 1 1 736 683 568 616
613 4 2 1 1 438 533 469 571
614 4 2 1 1 435 551 589 575
615 4 2 1 1 707 244 492 596
616 4 2 1 1 343 514 636 651
617 4 2 1 1 483 594 590 659
618 4 2 1 1 748 26 741 122
619 4 2 1 1 431 526 508 648
620 4 2 1 1 600 709 671 480
621 4 2 1 1 555 465 537 702
622 4 2 1 1 345 529 576 636
623 4 2 1 1 333 381 332 522
624 4 2 1 1 733 411 544 389
625 4 2 1 1 537 538 434 669
626 4 2 1 1 338 470 359 607
627 4 2 1 1 244 224 707 492
628 4 2 1 1 534 484 649 683
629 4 2 1 1 33 34 717 204
630 4 2 1 1 92 100 95 494
631 4 2 1 1 437 590 594 659
632 4 2 1 1 430 466 459 506
633 4 2 1 1 540 673 435 503
634 4 2 1 1 451 547 461 591
635 4 2 1 1 706 12 11 173
636 4 2 1 1 517 595 457 422
637 4 2 1 1 207 479 684 612
638 4 2 1 1 745 210 206 200
639 4 2 1 1 439 496 495 583
640 4 2 1 1 309 6 51 750
641 4 2 1 1 427 484 478 552
642 4 2 1 1 332 381 339 522
643 4 2 1 1 434 541 519 662
644 4 2 1 1 703 60 265 574
645 4 2 1 1 300 551 626 616
646 4 2 1 1 546 594 577 682
647 4 2 1 1 579 665 625 682
648 4 2 1 1 724 750 309 51
649 4 2 1 1 705 481 574 192
650 4 2 1 1 504 506 422 541
651 4 2 1 1 461 432 641 695
652 4 2 1 1 717 216 33 204
653 4 2 1 1 749 109 553 582
654 4 2 1 1 514 529 445 664
655 4 2 1 1 483 447 594 682
656 4 2 1 1 745 210 200 533
657 4 2 1 1 135 467 145 136
658 4 2 1 1 232 451 496 599
659 4 2 1 1 233 586 236 688
660 4 2 1 1 303 589 286 575
661 4 2 1 1 473 577 594 645
662 4 2 1 1 432 471 520 521
663 4 2 1 1 724 750 621 309
664 4 2 1 1 740 42 43 319
665 4 2 1 1 452 483 625 665
666 4 2 1 1 427 603 552 449
667 4 2 1 1 319 43 740 554
668 4 2 1 1 95 494 100 564
669 4 2 1 1 740 471 319 554
670 4 2 1 1 464 441 585 633
671 4 2 1 1 540 673 503 425
672 4 2 1 1 487 519 650 669
673 4 2 1 1 282 533 294 698
674 4 2 1 1 704 289 736 31
675 4 2 1 1 436 551 511 571
676 4 2 1 1 182 708 623 668
677 4 2 1 1 209 553 208 598
678 4 2 1 1 31 30 289 736
679 4 2 1 1 117 568 107 683
680 4 2 1 1 569 713 55 273
681 4 2 1 1 749 88 582 711
682 4 2 1 1 390 357 500 610
683 4 2 1 1 702 483 590 659
684 4 2 1 1 717 750 169 33
685 4 2 1 1 353 510 498 543
686 4 2 1 1 92 450 94 585
687 4 2 1 1 420 515 509 454
688 4 2 1 1 473 502 448 597
689 4 2 1 1 431 522 500 653
690 4 2 1 1 187 458 184 578
691 4 2 1 1 552 649 484 683
692 4 2 1 1 421 633 614 674
693 4 2 1 1 430 632 526 525
694 4 2 1 1 430 573 466 506
695 4 2 1 1 207 189 208 598
696 4 2 1 1 185 458 186 493
697 4 2 1 1 455 479 444 499
698 4 2 1 1 443 516 497 556
699 4 2 1 1 625 665 483 682
700 4 2 1 1 146 488 489 527
701 4 2 1 1 94 552 450 634
702 4 2 1 1 114 738 582 715
703 4 2 1 1 396 446 542 672
704 4 2 1 1 488 489 487 666
705 4 2 1 1 436 484 551 616
706 4 2 1 1 473 577 546 594
707 4 2 1 1 471 520 320 554
708 4 2 1 1 320 520 471 617
709 4 2 1 1 480 585 441 633
710 4 2 1 1 353 342 498 510
711 4 2 1 1 704 289 616 736
712 4 2 1 1 209 188 563 598
713 4 2 1 1 756 204 621 717
714 4 2 1 1 499 553 426 598
715 4 2 1 1 469 571 513 438
716 4 2 1 1 424 489 487 584
717 4 2 1 1 266 551 626 287
718 4 2 1 1 501 554 639 432
719 4 2 1 1 595 669 457 422
720 4 2 1 1 445 498 636 651
721 4 2 1 1 673 654 511 456
722 4 2 1 1 240 496 239 601
723 4 2 1 1 436 568 469 634
724 4 2 1 1 717 756 154 621
725 4 2 1 1 423 665 579 682
726 4 2 1 1 717 756 34 154
727 4 2 1 1 517 518 505 545
728 4 2 1 1 438 533 574 578
729 4 2 1 1 566 546 432 641
730 4 2 1 1 221 723 535 735
731 4 2 1 1 423 495 577 591
732 4 2 1 1 429 459 664 699
733 4 2 1 1 274 592 276 275
734 4 2 1 1 443 516 556 629
735 4 2 1 1 115 553 109 582
736 4 2 1 1 455 507 505 573
737 4 2 1 1 435 511 509 478
738 4 2 1 1 426 455 499 598
739 4 2 1 1 480 632 658 690
740 4 2 1 1 332 522 338 607
741 4 2 1 1 444 494 455 499
742 4 2 1 1 486 493 185 637
743 4 2 1 1 469 568 436 571
744 4 2 1 1 192 705 621 178
745 4 2 1 1 173 734 499 706
746 4 2 1 1 705 481 192 621
747 4 2 1 1 172 164 570 646
748 4 2 1 1 478 484 436 552
749 4 2 1 1 192 705 178 199
750 4 2 1 1 442 505 466 524
751 4 2 1 1 95 94 92 450
752 4 2 1 1 423 577 665 682
753 4 2 1 1 438 563 533 578
754 4 2 1 1 528 565 604 629
755 4 2 1 1 448 546 577 591
756 4 2 1 1 207 479 598 499
757 4 2 1 1 468 509 490 556
758 4 2 1 1 448 577 495 591
759 4 2 1 1 627 497 420 557
760 4 2 1 1 152 167 130 527
761 4 2 1 1 548 713 569 273
762 4 2 1 1 378 581 500 618
763 4 2 1 1 460 414 609 558
764 4 2 1 1 469 564 513 634
765 4 2 1 1 371 67 66 716
766 4 2 1 1 509 536 586 478
767 4 2 1 1 450 552 603 449
768 4 2 1 1 632 525 430 658
769 4 2 1 1 185 623 486 668
770 4 2 1 1 687 694 619 470
771 4 2 1 1 756 204 717 34
772 4 2 1 1 756 204 34 197
773 4 2 1 1 445 636 514 651
774 4 2 1 1 356 549 346 675
775 4 2 1 1 174 756 708 35
776 4 2 1 1 174 756 35 197
777 4 2 1 1 349 500 581 610
778 4 2 1 1 399 358 474 652
779 4 2 1 1 231 461 606 695
780 4 2 1 1 461 448 502 601
781 4 2 1 1 394 460 643 622
782 4 2 1 1 487 488 433 527
783 4 2 1 1 197 35 34 756
784 4 2 1 1 452 483 665 531
785 4 2 1 1 493 507 422 518
786 4 2 1 1 716 680 562 678
787 4 2 1 1 197 570 756 621
788 4 2 1 1 396 372 446 672
789 4 2 1 1 423 495 532 577
790 4 2 1 1 456 575 569 608
791 4 2 1 1 111 746 544 718
792 4 2 1 1 487 650 538 669
793 4 2 1 1 360 498 542 543
794 4 2 1 1 530 587 594 645
795 4 2 1 1 251 733 263 544
796 4 2 1 1 490 566 547 685
797 4 2 1 1 117 81 107 568
798 4 2 1 1 300 551 616 281
799 4 2 1 1 530 594 587 437
800 4 2 1 1 326 324 587 628
801 4 2 1 1 466 430 459 613
802 4 2 1 1 722 227 755 501
803 4 2 1 1 722 227 49 755
804 4 2 1 1 749 210 582 553
805 4 2 1 1 160 154 164 621
806 4 2 1 1 580 227 755 48
807 4 2 1 1 600 709 480 539
808 4 2 1 1 227 48 49 755
809 4 2 1 1 628 587 615 520
810 4 2 1 1 371 67 716 562
811 4 2 1 1 531 532 447 665
812 4 2 1 1 567 625 442 497
813 4 2 1 1 652 316 407 544
814 4 2 1 1 121 110 100 499
815 4 2 1 1 450 478 436 552
816 4 2 1 1 537 555 457 669
817 4 2 1 1 443 556 497 579
818 4 2 1 1 349 500 610 390
819 4 2 1 1 356 549 675 387
820 4 2 1 1 94 450 95 634
821 4 2 1 1 543 396 446 542
822 4 2 1 1 439 583 463 700
823 4 2 1 1 504 642 466 452
824 4 2 1 1 485 496 451 599
825 4 2 1 1 463 532 687 656
826 4 2 1 1 336 344 343 514
827 4 2 1 1 453 518 627 679
828 4 2 1 1 111 741 122 748
829 4 2 1 1 493 519 486 595
830 4 2 1 1 343 336 514 651
831 4 2 1 1 501 580 227 755
832 4 2 1 1 234 255 236 484
833 4 2 1 1 300 534 616 626
834 4 2 1 1 473 561 326 597
835 4 2 1 1 32 31 270 704
836 4 2 1 1 716 680 678 672
837 4 2 1 1 177 754 721 37
838 4 2 1 1 339 470 338 522
839 4 2 1 1 182 708 668 181
840 4 2 1 1 138 489 467 605
841 4 2 1 1 431 531 522 653
842 4 2 1 1 148 580 503 605
843 4 2 1 1 129 755 580 501
844 4 2 1 1 310 299 293 533
845 4 2 1 1 221 723 735 77
846 4 2 1 1 754 708 36 181
847 4 2 1 1 484 436 552 683
848 4 2 1 1 100 444 101 499
849 4 2 1 1 454 515 559 584
850 4 2 1 1 447 590 483 594
851 4 2 1 1 361 600 474 610
852 4 2 1 1 450 464 585 614
853 4 2 1 1 85 99 492 544
854 4 2 1 1 577 594 447 682
855 4 2 1 1 424 487 537 528
856 4 2 1 1 404 562 550 622
857 4 2 1 1 505 524 442 545
858 4 2 1 1 265 533 703 574
859 4 2 1 1 202 213 574 578
860 4 2 1 1 399 652 600 671
861 4 2 1 1 423 577 532 665
862 4 2 1 1 518 595 486 679
863 4 2 1 1 484 552 427 596
864 4 2 1 1 468 567 497 579
865 4 2 1 1 101 744 593 444
866 4 2 1 1 458 670 507 598
867 4 2 1 1 285 305 574 592
868 4 2 1 1 464 508 614 676
869 4 2 1 1 446 479 543 573
870 4 2 1 1 422 505 517 518
871 4 2 1 1 559 604 489 605
872 4 2 1 1 553 563 426 598
873 4 2 1 1 530 590 447 594
874 4 2 1 1 454 490 556 629
875 4 2 1 1 431 613 531 653
876 4 2 1 1 457 443 516 512
877 4 2 1 1 498 510 430 543
878 4 2 1 1 457 669 595 528
879 4 2 1 1 161 133 153 569
880 4 2 1 1 245 548 238 663
881 4 2 1 1 487 489 488 527
882 4 2 1 1 447 577 561 645
883 4 2 1 1 402 460 549 393
884 4 2 1 1 466 524 505 573
885 4 2 1 1 37 36 181 754
886 4 2 1 1 572 455 573 479
887 4 2 1 1 213 191 192 578
888 4 2 1 1 187 563 458 578
889 4 2 1 1 534 484 256 649
890 4 2 1 1 188 458 563 598
891 4 2 1 1 443 579 497 625
892 4 2 1 1 331 522 332 635
893 4 2 1 1 723 667 221 535
894 4 2 1 1 429 483 531 590
895 4 2 1 1 423 577 546 591
896 4 2 1 1 82 480 90 671
897 4 2 1 1 447 594 577 645
898 4 2 1 1 365 597 561 619
899 4 2 1 1 92 91 494 585
900 4 2 1 1 567 442 625 452
901 4 2 1 1 298 28 27 715
902 4 2 1 1 177 754 37 181
903 4 2 1 1 486 527 487 433
904 4 2 1 1 424 489 584 604
905 4 2 1 1 450 552 94 603
906 4 2 1 1 348 342 510 581
907 4 2 1 1 469 563 533 438
908 4 2 1 1 156 570 527 686
909 4 2 1 1 448 619 495 694
910 4 2 1 1 237 540 233 688
911 4 2 1 1 326 473 597 628
912 4 2 1 1 221 735 535 696
913 4 2 1 1 476 513 420 654
914 4 2 1 1 502 628 432 639
915 4 2 1 1 526 613 431 653
916 4 2 1 1 443 682 659 685
917 4 2 1 1 437 587 520 615
918 4 2 1 1 572 455 479 444
919 4 2 1 1 754 708 181 668
920 4 2 1 1 706 749 109 553
921 4 2 1 1 461 448 601 591
922 4 2 1 1 461 432 546 641
923 4 2 1 1 296 753 724 52
924 4 2 1 1 447 522 482 635
925 4 2 1 1 582 563 553 210
926 4 2 1 1 434 555 537 669
927 4 2 1 1 467 489 138 647
928 4 2 1 1 543 572 479 681
929 4 2 1 1 515 453 660 679
930 4 2 1 1 161 548 133 569
931 4 2 1 1 381 357 339 560
932 4 2 1 1 623 708 174 570
933 4 2 1 1 498 543 430 506
934 4 2 1 1 202 533 218 563
935 4 2 1 1 642 452 512 442
936 4 2 1 1 110 100 499 564
937 4 2 1 1 456 592 575 608
938 4 2 1 1 468 497 567 624
939 4 2 1 1 183 192 191 578
940 4 2 1 1 97 552 94 634
941 4 2 1 1 540 586 233 688
942 4 2 1 1 147 132 602 668
943 4 2 1 1 608 53 753 290
944 4 2 1 1 420 454 516 660
945 4 2 1 1 161 503 548 569
946 4 2 1 1 519 541 422 493
947 4 2 1 1 335 581 378 618
948 4 2 1 1 509 624 478 420
949 4 2 1 1 128 710 617 643
950 4 2 1 1 164 154 172 570
951 4 2 1 1 514 482 620 699
952 4 2 1 1 451 540 509 586
953 4 2 1 1 184 458 185 623
954 4 2 1 1 549 558 460 611
955 4 2 1 1 522 531 482 653
956 4 2 1 1 156 130 167 527
957 4 2 1 1 427 586 484 599
958 4 2 1 1 93 99 585 603
959 4 2 1 1 274 592 275 608
960 4 2 1 1 450 94 585 603
961 4 2 1 1 290 52 53 753
962 4 2 1 1 121 734 684 106
963 4 2 1 1 502 639 432 695
964 4 2 1 1 188 458 598 186
965 4 2 1 1 446 506 507 573
966 4 2 1 1 296 753 52 290
967 4 2 1 1 625 442 497 512
968 4 2 1 1 207 499 198 684
969 4 2 1 1 753 285 608 290
970 4 2 1 1 749 179 711 582
971 4 2 1 1 436 571 568 616
972 4 2 1 1 275 592 285 608
973 4 2 1 1 458 670 598 186
974 4 2 1 1 111 748 718 544
975 4 2 1 1 85 111 99 544
976 4 2 1 1 549 550 434 622
977 4 2 1 1 458 670 186 493
978 4 2 1 1 114 738 715 28
979 4 2 1 1 422 507 505 518
980 4 2 1 1 438 513 511 571
981 4 2 1 1 753 285 290 296
982 4 2 1 1 713 306 752 56
983 4 2 1 1 523 508 567 676
984 4 2 1 1 240 496 439 630
985 4 2 1 1 341 337 342 651
986 4 2 1 1 481 438 574 578
987 4 2 1 1 432 641 501 467
988 4 2 1 1 303 286 277 575
989 4 2 1 1 528 604 454 629
990 4 2 1 1 207 198 499 208
991 4 2 1 1 654 509 511 478
992 4 2 1 1 702 483 659 491
993 4 2 1 1 85 707 741 492
994 4 2 1 1 491 537 611 702
995 4 2 1 1 266 551 287 286
996 4 2 1 1 627 679 660 453
997 4 2 1 1 571 302 301 280
998 4 2 1 1 447 482 530 635
999 4 2 1 1 445 506 541 655
1000 4 2 1 1 715 307 27 298
1001 4 2 1 1 138 559 489 605
1002 4 2 1 1 306 56 8 752
1003 4 2 1 1 440 632 430 658
1004 4 2 1 1 752 8 74 262
1005 4 2 1 1 428 570 578 677
1006 4 2 1 1 390 357 381 500
1007 4 2 1 1 472 682 685 659
1008 4 2 1 1 185 184 186 458
1009 4 2 1 1 433 602 562 637
1010 4 2 1 1 519 541 434 669
1011 4 2 1 1 636 498 337 651
1012 4 2 1 1 472 565 521 659
1013 4 2 1 1 523 614 477 674
1014 4 2 1 1 440 526 430 632
1015 4 2 1 1 473 448 502 546
1016 4 2 1 1 715 751 123 27
1017 4 2 1 1 245 238 548 225
1018 4 2 1 1 421 526 508 632
1019 4 2 1 1 149 503 148 580
1020 4 2 1 1 458 184 578 623
1021 4 2 1 1 481 574 438 592
1022 4 2 1 1 439 630 544 667
1023 4 2 1 1 703 745 59 200
1024 4 2 1 1 475 687 656 700
1025 4 2 1 1 450 564 95 634
1026 4 2 1 1 736 683 616 704
1027 4 2 1 1 661 658 539 600
1028 4 2 1 1 156 130 527 570
1029 4 2 1 1 753 134 621 724
1030 4 2 1 1 468 556 490 685
1031 4 2 1 1 713 306 548 752
1032 4 2 1 1 421 524 523 640
1033 4 2 1 1 426 545 476 477
1034 4 2 1 1 74 752 262 548
1035 4 2 1 1 423 579 547 682
1036 4 2 1 1 266 551 286 589
1037 4 2 1 1 705 285 621 271
1038 4 2 1 1 192 705 199 574
1039 4 2 1 1 472 432 615 521
1040 4 2 1 1 186 184 187 458
1041 4 2 1 1 421 508 523 614
1042 4 2 1 1 611 537 465 702
1043 4 2 1 1 704 683 616 534
1044 4 2 1 1 532 577 495 694
1045 4 2 1 1 450 603 464 449
1046 4 2 1 1 511 551 435 575
1047 4 2 1 1 116 534 649 683
1048 4 2 1 1 536 586 427 599
1049 4 2 1 1 479 612 593 684
1050 4 2 1 1 432 461 502 695
1051 4 2 1 1 557 545 442 524
1052 4 2 1 1 148 503 143 605
1053 4 2 1 1 540 673 425 509
1054 4 2 1 1 423 547 546 682
1055 4 2 1 1 546 547 472 682
1056 4 2 1 1 427 603 464 631
1057 4 2 1 1 711 215 751 582
1058 4 2 1 1 458 670 493 507
1059 4 2 1 1 328 561 326 645
1060 4 2 1 1 359 470 340 588
1061 4 2 1 1 477 450 614 449
1062 4 2 1 1 423 567 579 665
1063 4 2 1 1 509 586 536 451
1064 4 2 1 1 744 444 105 539
1065 4 2 1 1 570 578 183 623
1066 4 2 1 1 567 625 579 665
1067 4 2 1 1 100 92 91 494
1068 4 2 1 1 498 542 543 506
1069 4 2 1 1 161 548 503 691
1070 4 2 1 1 465 611 549 537
1071 4 2 1 1 443 565 528 629
1072 4 2 1 1 353 498 360 543
1073 4 2 1 1 148 580 605 501
1074 4 2 1 1 636 337 498 379
1075 4 2 1 1 511 513 438 654
1076 4 2 1 1 489 604 467 605
1077 4 2 1 1 711 215 9 751
1078 4 2 1 1 435 551 586 688
1079 4 2 1 1 197 204 192 621
1080 4 2 1 1 533 574 294 698
1081 4 2 1 1 753 285 296 621
1082 4 2 1 1 445 576 529 636
1083 4 2 1 1 111 746 718 19
1084 4 2 1 1 562 622 644 650
1085 4 2 1 1 552 634 97 683
1086 4 2 1 1 703 293 533 265
1087 4 2 1 1 362 386 620 701
1088 4 2 1 1 237 663 540 688
1089 4 2 1 1 421 633 674 690
1090 4 2 1 1 468 490 547 685
1091 4 2 1 1 470 560 340 588
1092 4 2 1 1 176 703 200 533
1093 4 2 1 1 751 9 2 215
1094 4 2 1 1 111 741 748 544
1095 4 2 1 1 534 256 484 626
1096 4 2 1 1 53 54 267 608
1097 4 2 1 1 717 216 750 33
1098 4 2 1 1 437 594 587 615
1099 4 2 1 1 256 484 255 649
1100 4 2 1 1 484 586 551 688
1101 4 2 1 1 492 544 441 631
1102 4 2 1 1 298 738 292 28
1103 4 2 1 1 362 620 530 701
1104 4 2 1 1 216 33 6 750
1105 4 2 1 1 478 420 513 654
1106 4 2 1 1 90 441 671 480
1107 4 2 1 1 454 425 604 605
1108 4 2 1 1 527 623 486 692
1109 4 2 1 1 628 615 587 473
1110 4 2 1 1 582 563 210 533
1111 4 2 1 1 135 128 740 471
1112 4 2 1 1 85 707 492 104
1113 4 2 1 1 172 646 570 686
1114 4 2 1 1 299 738 292 298
1115 4 2 1 1 186 670 598 189
1116 4 2 1 1 386 405 558 701
1117 4 2 1 1 706 109 84 553
1118 4 2 1 1 62 750 216 6
1119 4 2 1 1 652 671 441 600
1120 4 2 1 1 432 502 473 628
1121 4 2 1 1 305 574 592 698
1122 4 2 1 1 723 221 667 258
1123 4 2 1 1 372 672 714 446
1124 4 2 1 1 653 651 581 459
1125 4 2 1 1 457 541 669 555
1126 4 2 1 1 549 611 460 537
1127 4 2 1 1 717 216 621 750
1128 4 2 1 1 624 523 449 557
1129 4 2 1 1 216 750 742 621
1130 4 2 1 1 467 425 566 641
1131 4 2 1 1 404 550 364 622
1132 4 2 1 1 434 541 555 669
1133 4 2 1 1 461 448 591 546
1134 4 2 1 1 256 255 484 236
1135 4 2 1 1 337 498 342 651
1136 4 2 1 1 176 533 202 574
1137 4 2 1 1 209 553 563 210
1138 4 2 1 1 749 210 553 201
1139 4 2 1 1 611 437 521 659
1140 4 2 1 1 443 556 579 685
1141 4 2 1 1 706 201 749 553
1142 4 2 1 1 492 596 244 630
1143 4 2 1 1 445 498 542 636
1144 4 2 1 1 147 152 132 668
1145 4 2 1 1 361 399 358 474
1146 4 2 1 1 425 454 490 509
1147 4 2 1 1 322 414 558 520
1148 4 2 1 1 450 436 478 513
1149 4 2 1 1 402 460 393 394
1150 4 2 1 1 548 589 575 663
1151 4 2 1 1 451 547 468 638
1152 4 2 1 1 706 201 11 749
1153 4 2 1 1 420 627 476 660
1154 4 2 1 1 65 714 64 372
1155 4 2 1 1 11 10 749 201
1156 4 2 1 1 349 500 390 378
1157 4 2 1 1 445 498 459 506
1158 4 2 1 1 481 578 570 677
1159 4 2 1 1 218 563 533 210
1160 4 2 1 1 462 519 637 493
1161 4 2 1 1 458 507 493 518
1162 4 2 1 1 749 179 201 10
1163 4 2 1 1 437 590 530 594
1164 4 2 1 1 534 87 32 704
1165 4 2 1 1 458 493 486 518
1166 4 2 1 1 522 607 332 635
1167 4 2 1 1 265 294 533 574
1168 4 2 1 1 153 54 127 569
1169 4 2 1 1 461 547 451 638
1170 4 2 1 1 64 372 714 612
1171 4 2 1 1 451 461 496 591
1172 4 2 1 1 749 210 201 179
1173 4 2 1 1 564 455 494 499
1174 4 2 1 1 358 350 357 560
1175 4 2 1 1 422 506 507 493
1176 4 2 1 1 672 372 65 314
1177 4 2 1 1 529 550 347 576
1178 4 2 1 1 495 496 439 601
1179 4 2 1 1 491 565 443 659
1180 4 2 1 1 321 460 414 617
1181 4 2 1 1 714 372 446 612
1182 4 2 1 1 744 444 539 681
1183 4 2 1 1 385 530 362 620
1184 4 2 1 1 360 353 342 498
1185 4 2 1 1 109 115 126 553
1186 4 2 1 1 497 579 567 625
1187 4 2 1 1 524 545 455 477
1188 4 2 1 1 555 664 465 702
1189 4 2 1 1 702 483 491 429
1190 4 2 1 1 495 591 496 601
1191 4 2 1 1 20 3 411 748
1192 4 2 1 1 529 549 465 675
1193 4 2 1 1 450 552 436 634
1194 4 2 1 1 393 322 414 558
1195 4 2 1 1 157 145 554 639
1196 4 2 1 1 643 647 666 689
1197 4 2 1 1 428 559 515 584
1198 4 2 1 1 534 270 32 308
1199 4 2 1 1 428 578 570 623
1200 4 2 1 1 426 507 598 458
1201 4 2 1 1 503 143 605 693
1202 4 2 1 1 741 748 544 263
1203 4 2 1 1 453 595 518 679
1204 4 2 1 1 131 501 145 639
1205 4 2 1 1 460 622 549 537
1206 4 2 1 1 461 448 546 502
1207 4 2 1 1 146 147 488 527
1208 4 2 1 1 520 587 324 628
1209 4 2 1 1 523 614 508 676
1210 4 2 1 1 355 576 542 636
1211 4 2 1 1 276 592 575 698
1212 4 2 1 1 631 427 630 583
1213 4 2 1 1 446 507 479 573
1214 4 2 1 1 594 483 682 659
1215 4 2 1 1 359 338 340 470
1216 4 2 1 1 718 748 20 411
1217 4 2 1 1 227 501 228 580
1218 4 2 1 1 103 596 552 649
1219 4 2 1 1 105 480 444 91
1220 4 2 1 1 432 628 554 639
1221 4 2 1 1 414 617 609 520
1222 4 2 1 1 718 748 411 544
1223 4 2 1 1 702 659 590 437
1224 4 2 1 1 464 614 508 633
1225 4 2 1 1 438 578 481 677
1226 4 2 1 1 385 362 386 620
1227 4 2 1 1 487 669 537 528
1228 4 2 1 1 523 567 449 676
1229 4 2 1 1 706 749 11 109
1230 4 2 1 1 537 538 487 666
1231 4 2 1 1 447 561 577 694
1232 4 2 1 1 538 434 622 537
1233 4 2 1 1 749 210 179 582
1234 4 2 1 1 345 529 347 576
1235 4 2 1 1 649 226 747 22
1236 4 2 1 1 327 326 587 645
1237 4 2 1 1 747 21 22 226
1238 4 2 1 1 333 500 378 381
1239 4 2 1 1 747 261 21 226
1240 4 2 1 1 320 471 319 617
1241 4 2 1 1 446 670 493 678
1242 4 2 1 1 190 563 218 210
1243 4 2 1 1 475 470 656 687
1244 4 2 1 1 503 569 161 693
1245 4 2 1 1 56 713 295 55
1246 4 2 1 1 149 503 580 691
1247 4 2 1 1 437 520 521 615
1248 4 2 1 1 226 747 534 649
1249 4 2 1 1 203 637 562 602
1250 4 2 1 1 687 619 535 588
1251 4 2 1 1 463 687 532 495
1252 4 2 1 1 533 571 438 698
1253 4 2 1 1 347 529 346 550
1254 4 2 1 1 150 131 722 501
1255 4 2 1 1 504 429 555 491
1256 4 2 1 1 600 709 539 311
1257 4 2 1 1 283 589 548 288
1258 4 2 1 1 254 244 596 630
1259 4 2 1 1 190 202 218 563
1260 4 2 1 1 209 173 208 553
1261 4 2 1 1 706 201 553 173
1262 4 2 1 1 503 540 425 580
1263 4 2 1 1 529 550 576 662
1264 4 2 1 1 526 430 466 613
1265 4 2 1 1 221 240 239 601
1266 4 2 1 1 422 518 517 595
1267 4 2 1 1 187 202 563 578
1268 4 2 1 1 342 337 379 498
1269 4 2 1 1 687 619 588 470
1270 4 2 1 1 432 521 520 615
1271 4 2 1 1 205 593 612 684
1272 4 2 1 1 105 709 744 539
1273 4 2 1 1 567 648 452 665
1274 4 2 1 1 433 488 487 538
1275 4 2 1 1 279 278 280 571
1276 4 2 1 1 68 758 410 5
1277 4 2 1 1 102 552 103 596
1278 4 2 1 1 440 510 430 581
1279 4 2 1 1 511 513 436 571
1280 4 2 1 1 68 758 5 214
1281 4 2 1 1 4 69 534 308
1282 4 2 1 1 644 394 364 370
1283 4 2 1 1 209 208 188 598
1284 4 2 1 1 477 478 450 449
1285 4 2 1 1 657 426 458 476
1286 4 2 1 1 118 738 108 568
1287 4 2 1 1 299 738 298 582
1288 4 2 1 1 644 364 394 622
1289 4 2 1 1 443 629 528 516
1290 4 2 1 1 4 534 125 32
1291 4 2 1 1 474 560 475 652
1292 4 2 1 1 327 587 530 645
1293 4 2 1 1 103 116 649 683
1294 4 2 1 1 432 554 471 467
1295 4 2 1 1 69 534 297 730
1296 4 2 1 1 348 341 342 581
1297 4 2 1 1 425 540 509 638
1298 4 2 1 1 501 554 432 467
1299 4 2 1 1 478 536 449 624
1300 4 2 1 1 175 670 446 678
1301 4 2 1 1 472 659 594 682
1302 4 2 1 1 528 454 516 629
1303 4 2 1 1 90 441 585 99
1304 4 2 1 1 205 612 207 684
1305 4 2 1 1 146 488 137 489
1306 4 2 1 1 747 261 226 534
1307 4 2 1 1 528 584 454 604
1308 4 2 1 1 155 134 164 621
1309 4 2 1 1 147 527 152 668
1310 4 2 1 1 448 561 473 597
1311 4 2 1 1 614 633 494 674
1312 4 2 1 1 104 707 492 596
1313 4 2 1 1 532 656 470 687
1314 4 2 1 1 345 675 344 346
1315 4 2 1 1 631 544 630 492
1316 4 2 1 1 141 146 489 686
1317 4 2 1 1 148 149 143 503
1318 4 2 1 1 501 641 432 695
1319 4 2 1 1 580 243 47 691
1320 4 2 1 1 138 141 489 559
1321 4 2 1 1 487 453 595 528
1322 4 2 1 1 540 691 663 229
1323 4 2 1 1 453 584 515 454
1324 4 2 1 1 430 572 525 573
1325 4 2 1 1 691 47 46 243
1326 4 2 1 1 300 704 616 534
1327 4 2 1 1 249 79 725 757
1328 4 2 1 1 561 607 447 645
1329 4 2 1 1 283 273 548 569
1330 4 2 1 1 359 607 470 619
1331 4 2 1 1 300 704 534 270
1332 4 2 1 1 495 577 448 694
1333 4 2 1 1 249 757 725 639
1334 4 2 1 1 587 594 473 615
1335 4 2 1 1 695 725 502 639
1336 4 2 1 1 315 502 725 639
1337 4 2 1 1 487 538 488 666
1338 4 2 1 1 103 649 552 683
1339 4 2 1 1 481 592 438 677
1340 4 2 1 1 330 607 328 635
1341 4 2 1 1 516 517 442 627
1342 4 2 1 1 264 484 256 626
1343 4 2 1 1 439 687 475 700
1344 4 2 1 1 101 499 444 684
1345 4 2 1 1 433 487 486 519
1346 4 2 1 1 252 534 730 626
1347 4 2 1 1 404 562 622 644
1348 4 2 1 1 345 675 346 529
1349 4 2 1 1 722 501 131 639
1350 4 2 1 1 444 525 674 690
1351 4 2 1 1 746 671 652 367
1352 4 2 1 1 746 19 18 367
1353 4 2 1 1 561 607 384 619
1354 4 2 1 1 253 224 244 492
1355 4 2 1 1 518 545 517 627
1356 4 2 1 1 367 18 746 671
1357 4 2 1 1 136 471 467 647
1358 4 2 1 1 746 718 19 367
1359 4 2 1 1 703 533 176 574
1360 4 2 1 1 425 454 509 673
1361 4 2 1 1 524 455 674 477
1362 4 2 1 1 704 289 31 270
1363 4 2 1 1 607 635 447 645
1364 4 2 1 1 451 496 485 591
1365 4 2 1 1 252 534 69 730
1366 4 2 1 1 602 637 433 668
1367 4 2 1 1 429 504 555 664
1368 4 2 1 1 137 643 488 151
1369 4 2 1 1 540 691 229 580
1370 4 2 1 1 476 627 518 679
1371 4 2 1 1 218 533 200 210
1372 4 2 1 1 388 351 346 549
1373 4 2 1 1 713 306 56 295
1374 4 2 1 1 435 509 540 586
1375 4 2 1 1 447 530 594 645
1376 4 2 1 1 466 430 526 525
1377 4 2 1 1 305 592 284 698
1378 4 2 1 1 273 295 713 55
1379 4 2 1 1 505 524 455 573
1380 4 2 1 1 420 516 627 660
1381 4 2 1 1 652 718 544 746
1382 4 2 1 1 259 663 237 688
1383 4 2 1 1 652 718 746 367
1384 4 2 1 1 194 714 612 212
1385 4 2 1 1 90 89 441 99
1386 4 2 1 1 329 530 635 645
1387 4 2 1 1 703 293 745 533
1388 4 2 1 1 126 110 84 553
1389 4 2 1 1 100 101 121 499
1390 4 2 1 1 128 471 136 647
1391 4 2 1 1 450 564 513 477
1392 4 2 1 1 631 630 544 439
1393 4 2 1 1 423 546 547 591
1394 4 2 1 1 477 614 494 674
1395 4 2 1 1 138 140 559 605
1396 4 2 1 1 530 587 327 701
1397 4 2 1 1 498 459 430 581
1398 4 2 1 1 285 284 305 592
1399 4 2 1 1 703 293 59 745
1400 4 2 1 1 625 442 512 452
1401 4 2 1 1 450 478 477 513
1402 4 2 1 1 466 504 459 506
1403 4 2 1 1 288 283 269 548
1404 4 2 1 1 475 560 470 588
1405 4 2 1 1 321 414 460 393
1406 4 2 1 1 519 541 462 662
1407 4 2 1 1 329 635 328 645
1408 4 2 1 1 137 643 151 128
1409 4 2 1 1 59 58 745 293
1410 4 2 1 1 116 534 113 649
1411 4 2 1 1 467 604 425 605
1412 4 2 1 1 327 530 329 645
1413 4 2 1 1 361 474 357 610
1414 4 2 1 1 299 745 293 533
1415 4 2 1 1 88 115 109 582
1416 4 2 1 1 202 191 213 578
1417 4 2 1 1 687 694 470 532
1418 4 2 1 1 503 580 425 605
1419 4 2 1 1 702 659 437 611
1420 4 2 1 1 228 580 501 606
1421 4 2 1 1 330 332 607 635
1422 4 2 1 1 713 752 171 56
1423 4 2 1 1 264 484 626 688
1424 4 2 1 1 176 218 202 533
1425 4 2 1 1 435 509 586 478
1426 4 2 1 1 146 527 489 686
1427 4 2 1 1 175 716 678 672
1428 4 2 1 1 481 608 592 646
1429 4 2 1 1 687 694 532 495
1430 4 2 1 1 726 262 548 250
1431 4 2 1 1 644 643 394 366
1432 4 2 1 1 104 737 707 596
1433 4 2 1 1 444 499 479 684
1434 4 2 1 1 272 745 720 58
1435 4 2 1 1 272 745 58 293
1436 4 2 1 1 747 113 534 649
1437 4 2 1 1 209 563 190 210
1438 4 2 1 1 712 246 626 222
1439 4 2 1 1 624 523 557 497
1440 4 2 1 1 93 99 90 585
1441 4 2 1 1 514 380 344 675
1442 4 2 1 1 86 593 728 684
1443 4 2 1 1 54 273 267 569
1444 4 2 1 1 425 503 605 673
1445 4 2 1 1 356 549 387 388
1446 4 2 1 1 461 546 547 641
1447 4 2 1 1 439 588 475 687
1448 4 2 1 1 582 563 533 469
1449 4 2 1 1 135 467 136 471
1450 4 2 1 1 343 636 337 651
1451 4 2 1 1 374 588 667 535
1452 4 2 1 1 299 745 533 582
1453 4 2 1 1 421 523 508 640
1454 4 2 1 1 361 399 474 600
1455 4 2 1 1 521 565 472 566
1456 4 2 1 1 283 569 548 575
1457 4 2 1 1 466 573 505 506
1458 4 2 1 1 446 507 506 493
1459 4 2 1 1 222 712 589 626
1460 4 2 1 1 369 16 17 744
1461 4 2 1 1 501 554 467 145
1462 4 2 1 1 143 503 161 693
1463 4 2 1 1 643 666 647 488
1464 4 2 1 1 97 94 96 634
1465 4 2 1 1 744 729 112 593
1466 4 2 1 1 713 295 273 548
1467 4 2 1 1 450 436 513 634
1468 4 2 1 1 342 379 360 498
1469 4 2 1 1 553 110 98 126
1470 4 2 1 1 239 496 231 601
1471 4 2 1 1 420 497 556 624
1472 4 2 1 1 510 572 539 658
1473 4 2 1 1 432 520 471 554
1474 4 2 1 1 186 670 189 193
1475 4 2 1 1 161 503 149 691
1476 4 2 1 1 744 709 17 369
1477 4 2 1 1 127 569 54 608
1478 4 2 1 1 497 556 468 579
1479 4 2 1 1 141 489 559 686
1480 4 2 1 1 528 604 565 424
1481 4 2 1 1 426 553 499 564
1482 4 2 1 1 709 480 539 105
1483 4 2 1 1 502 406 628 639
1484 4 2 1 1 652 439 544 588
1485 4 2 1 1 435 503 575 663
1486 4 2 1 1 455 494 674 477
1487 4 2 1 1 564 455 499 426
1488 4 2 1 1 539 510 354 681
1489 4 2 1 1 457 541 555 504
1490 4 2 1 1 494 614 585 633
1491 4 2 1 1 527 584 489 686
1492 4 2 1 1 744 729 16 112
1493 4 2 1 1 266 71 712 72
1494 4 2 1 1 275 285 290 608
1495 4 2 1 1 133 171 713 548
1496 4 2 1 1 552 596 484 649
1497 4 2 1 1 434 549 529 550
1498 4 2 1 1 386 405 387 558
1499 4 2 1 1 143 149 161 503
1500 4 2 1 1 505 504 642 466
1501 4 2 1 1 425 509 490 638
1502 4 2 1 1 139 138 467 605
1503 4 2 1 1 431 440 526 653
1504 4 2 1 1 721 602 132 668
1505 4 2 1 1 754 132 668 721
1506 4 2 1 1 381 378 390 500
1507 4 2 1 1 543 479 612 681
1508 4 2 1 1 431 532 531 648
1509 4 2 1 1 712 71 266 304
1510 4 2 1 1 509 624 468 536
1511 4 2 1 1 401 535 696 619
1512 4 2 1 1 538 650 434 669
1513 4 2 1 1 702 659 611 491
1514 4 2 1 1 488 647 489 666
1515 4 2 1 1 357 361 358 474
1516 4 2 1 1 282 294 533 310
1517 4 2 1 1 487 595 669 528
1518 4 2 1 1 489 527 487 584
1519 4 2 1 1 713 306 295 548
1520 4 2 1 1 489 584 559 686
1521 4 2 1 1 460 666 537 611
1522 4 2 1 1 454 559 515 673
1523 4 2 1 1 72 712 266 589
1524 4 2 1 1 273 295 283 548
1525 4 2 1 1 722 227 501 223
1526 4 2 1 1 426 507 458 518
1527 4 2 1 1 399 367 652 671
1528 4 2 1 1 457 541 504 422
1529 4 2 1 1 487 453 528 584
1530 4 2 1 1 501 432 639 695
1531 4 2 1 1 113 125 747 534
1532 4 2 1 1 559 604 605 454
1533 4 2 1 1 744 709 369 539
1534 4 2 1 1 744 444 681 593
1535 4 2 1 1 514 344 380 336
1536 4 2 1 1 743 44 7 412
1537 4 2 1 1 80 743 260 7
1538 4 2 1 1 116 113 103 649
1539 4 2 1 1 548 569 503 575
1540 4 2 1 1 452 625 567 665
1541 4 2 1 1 435 540 503 663
1542 4 2 1 1 428 623 527 692
1543 4 2 1 1 265 294 310 533
1544 4 2 1 1 462 541 519 493
1545 4 2 1 1 611 521 437 609
1546 4 2 1 1 343 379 337 636
1547 4 2 1 1 540 691 580 503
1548 4 2 1 1 564 455 426 477
1549 4 2 1 1 176 60 703 574
1550 4 2 1 1 359 588 408 619
1551 4 2 1 1 712 266 589 626
1552 4 2 1 1 437 521 520 609
1553 4 2 1 1 105 480 91 82
1554 4 2 1 1 260 743 757 639
1555 4 2 1 1 188 458 186 187
1556 4 2 1 1 472 566 565 685
1557 4 2 1 1 451 606 461 638
1558 4 2 1 1 719 743 412 44
1559 4 2 1 1 444 479 593 684
1560 4 2 1 1 209 188 190 563
1561 4 2 1 1 372 543 612 368
1562 4 2 1 1 736 301 289 616
1563 4 2 1 1 227 228 220 580
1564 4 2 1 1 150 145 131 501
1565 4 2 1 1 393 388 387 549
1566 4 2 1 1 435 540 663 688
1567 4 2 1 1 468 556 497 624
1568 4 2 1 1 716 680 672 371
1569 4 2 1 1 199 60 176 574
1570 4 2 1 1 137 489 488 647
1571 4 2 1 1 482 590 530 620
1572 4 2 1 1 704 107 87 31
1573 4 2 1 1 195 637 602 668
1574 4 2 1 1 523 449 614 676
1575 4 2 1 1 737 596 83 649
1576 4 2 1 1 291 265 60 574
1577 4 2 1 1 451 586 536 599
1578 4 2 1 1 719 743 639 412
1579 4 2 1 1 736 683 704 107
1580 4 2 1 1 520 609 471 617
1581 4 2 1 1 362 530 327 701
1582 4 2 1 1 524 525 455 573
1583 4 2 1 1 672 65 372 714
1584 4 2 1 1 65 66 175 672
1585 4 2 1 1 384 561 328 607
1586 4 2 1 1 736 301 616 568
1587 4 2 1 1 455 524 505 545
1588 4 2 1 1 426 476 513 477
1589 4 2 1 1 355 542 403 636
1590 4 2 1 1 345 346 347 529
1591 4 2 1 1 486 623 527 668
1592 4 2 1 1 730 304 712 626
1593 4 2 1 1 733 544 251 667
1594 4 2 1 1 548 575 503 663
1595 4 2 1 1 199 705 60 574
1596 4 2 1 1 633 480 494 690
1597 4 2 1 1 716 680 371 562
1598 4 2 1 1 450 494 477 614
1599 4 2 1 1 730 304 70 712
1600 4 2 1 1 712 304 266 626
1601 4 2 1 1 304 712 71 70
1602 4 2 1 1 487 584 527 692
1603 4 2 1 1 421 508 526 640
1604 4 2 1 1 117 118 568 634
1605 4 2 1 1 706 499 173 553
1606 4 2 1 1 709 480 105 82
1607 4 2 1 1 464 441 508 700
1608 4 2 1 1 345 576 355 636
1609 4 2 1 1 516 454 556 629
1610 4 2 1 1 135 471 740 554
1611 4 2 1 1 434 519 650 662
1612 4 2 1 1 453 517 516 627
1613 4 2 1 1 445 504 459 664
1614 4 2 1 1 83 102 103 596
1615 4 2 1 1 252 730 246 626
1616 4 2 1 1 727 419 318 593
1617 4 2 1 1 271 742 61 62
1618 4 2 1 1 458 518 486 679
1619 4 2 1 1 449 536 485 624
1620 4 2 1 1 677 570 646 686
1621 4 2 1 1 305 294 574 698
1622 4 2 1 1 62 271 742 309
1623 4 2 1 1 437 615 521 659
1624 4 2 1 1 265 305 294 574
1625 4 2 1 1 140 605 143 693
1626 4 2 1 1 424 521 565 611
1627 4 2 1 1 540 580 229 606
1628 4 2 1 1 136 467 138 647
1629 4 2 1 1 271 742 309 621
1630 4 2 1 1 726 171 159 548
1631 4 2 1 1 264 484 688 236
1632 4 2 1 1 729 419 593 409
1633 4 2 1 1 421 524 640 525
1634 4 2 1 1 727 180 593 205
1635 4 2 1 1 677 646 570 481
1636 4 2 1 1 557 442 545 627
1637 4 2 1 1 445 542 498 506
1638 4 2 1 1 705 742 61 271
1639 4 2 1 1 104 737 596 83
1640 4 2 1 1 464 450 585 603
1641 4 2 1 1 157 131 145 639
1642 4 2 1 1 548 74 269 73
1643 4 2 1 1 430 459 498 506
1644 4 2 1 1 176 202 213 574
1645 4 2 1 1 568 30 81 107
1646 4 2 1 1 705 742 271 621
1647 4 2 1 1 108 568 738 29
1648 4 2 1 1 101 744 444 105
1649 4 2 1 1 540 606 451 638
1650 4 2 1 1 513 564 426 477
1651 4 2 1 1 385 329 530 635
1652 4 2 1 1 396 314 372 672
1653 4 2 1 1 423 546 577 682
1654 4 2 1 1 350 588 560 652
1655 4 2 1 1 25 26 741 224
1656 4 2 1 1 695 725 639 249
1657 4 2 1 1 475 508 441 700
1658 4 2 1 1 644 394 643 622
1659 4 2 1 1 224 26 741 263
1660 4 2 1 1 96 94 95 634
1661 4 2 1 1 540 691 503 663
1662 4 2 1 1 259 589 663 688
1663 4 2 1 1 741 707 25 224
1664 4 2 1 1 522 618 500 653
1665 4 2 1 1 514 620 380 675
1666 4 2 1 1 186 670 193 493
1667 4 2 1 1 83 596 103 649
1668 4 2 1 1 521 615 472 659
1669 4 2 1 1 633 494 480 585
1670 4 2 1 1 649 83 737 23
1671 4 2 1 1 473 594 587 645
1672 4 2 1 1 194 714 212 175
1673 4 2 1 1 474 441 508 600
1674 4 2 1 1 741 707 224 492
1675 4 2 1 1 428 453 515 679
1676 4 2 1 1 479 572 543 573
1677 4 2 1 1 592 608 456 646
1678 4 2 1 1 138 140 141 559
1679 4 2 1 1 474 440 610 600
1680 4 2 1 1 177 602 721 668
1681 4 2 1 1 622 434 650 550
1682 4 2 1 1 657 426 476 438
1683 4 2 1 1 427 599 596 630
1684 4 2 1 1 73 269 548 288
1685 4 2 1 1 102 94 552 603
1686 4 2 1 1 559 604 454 584
1687 4 2 1 1 224 741 492 544
1688 4 2 1 1 425 605 580 501
1689 4 2 1 1 520 521 471 609
1690 4 2 1 1 730 304 626 297
1691 4 2 1 1 500 581 440 653
1692 4 2 1 1 554 628 406 639
1693 4 2 1 1 596 599 254 630
1694 4 2 1 1 530 437 587 701
1695 4 2 1 1 425 605 454 673
1696 4 2 1 1 226 534 256 649
1697 4 2 1 1 205 180 593 684
1698 4 2 1 1 319 471 320 554
1699 4 2 1 1 103 552 97 683
1700 4 2 1 1 432 473 615 628
1701 4 2 1 1 447 577 532 694
1702 4 2 1 1 224 263 741 544
1703 4 2 1 1 84 11 109 706
1704 4 2 1 1 173 734 198 499
1705 4 2 1 1 435 586 540 688
1706 4 2 1 1 427 583 464 449
1707 4 2 1 1 199 213 192 574
1708 4 2 1 1 568 29 30 268
1709 4 2 1 1 312 740 710 617
1710 4 2 1 1 431 500 440 653
1711 4 2 1 1 617 319 740 471
1712 4 2 1 1 450 513 564 634
1713 4 2 1 1 232 231 239 496
1714 4 2 1 1 438 592 574 698
1715 4 2 1 1 515 559 428 677
1716 4 2 1 1 494 674 633 690
1717 4 2 1 1 585 614 464 633
1718 4 2 1 1 117 634 568 683
1719 4 2 1 1 489 604 424 647
1720 4 2 1 1 754 132 721 37
1721 4 2 1 1 285 305 291 574
1722 4 2 1 1 436 511 478 513
1723 4 2 1 1 175 716 672 66
1724 4 2 1 1 329 327 362 530
1725 4 2 1 1 560 588 475 652
1726 4 2 1 1 187 191 202 578
1727 4 2 1 1 104 737 83 24
1728 4 2 1 1 426 563 458 598
1729 4 2 1 1 438 574 533 698
1730 4 2 1 1 480 658 444 690
1731 4 2 1 1 485 536 468 624
1732 4 2 1 1 462 637 519 650
1733 4 2 1 1 312 740 617 319
1734 4 2 1 1 100 91 101 444
1735 4 2 1 1 252 226 261 534
1736 4 2 1 1 140 148 143 605
1737 4 2 1 1 505 504 466 506
1738 4 2 1 1 422 541 506 493
1739 4 2 1 1 592 646 456 677
1740 4 2 1 1 218 176 200 533
1741 4 2 1 1 420 516 454 556
1742 4 2 1 1 739 40 41 366
1743 4 2 1 1 182 623 185 668
1744 4 2 1 1 259 237 248 688
1745 4 2 1 1 459 498 651 581
1746 4 2 1 1 739 40 366 644
1747 4 2 1 1 177 754 181 668
1748 4 2 1 1 447 607 561 694
1749 4 2 1 1 481 646 592 677
1750 4 2 1 1 197 192 183 570
1751 4 2 1 1 237 233 248 688
1752 4 2 1 1 84 734 106 12
1753 4 2 1 1 437 558 520 701
1754 4 2 1 1 366 643 739 644
1755 4 2 1 1 183 578 184 623
1756 4 2 1 1 440 581 500 610
1757 4 2 1 1 421 525 632 690
1758 4 2 1 1 203 637 602 195
1759 4 2 1 1 230 540 229 606
1760 4 2 1 1 739 710 366 41
1761 4 2 1 1 463 583 676 700
1762 4 2 1 1 739 710 643 366
1763 4 2 1 1 188 458 187 563
1764 4 2 1 1 490 629 565 685
1765 4 2 1 1 622 650 434 538
1766 4 2 1 1 453 428 515 584
1767 4 2 1 1 403 396 360 542
1768 4 2 1 1 561 597 448 619
1769 4 2 1 1 490 565 566 685
1770 4 2 1 1 55 569 273 54
1771 4 2 1 1 443 629 556 685
1772 4 2 1 1 446 543 542 506
1773 4 2 1 1 531 482 653 699
1774 4 2 1 1 444 681 572 539
1775 4 2 1 1 244 253 492 630
1776 4 2 1 1 437 520 587 701
1777 4 2 1 1 446 194 612 670
1778 4 2 1 1 508 463 648 567
1779 4 2 1 1 267 569 274 608
1780 4 2 1 1 569 713 548 133
1781 4 2 1 1 515 453 454 660
1782 4 2 1 1 380 620 386 675
1783 4 2 1 1 278 286 281 551
1784 4 2 1 1 292 29 28 738
1785 4 2 1 1 475 656 508 700
1786 4 2 1 1 298 738 28 715
1787 4 2 1 1 9 10 179 711
1788 4 2 1 1 93 585 94 603
1789 4 2 1 1 421 524 525 674
1790 4 2 1 1 478 513 511 654
1791 4 2 1 1 175 446 672 678
1792 4 2 1 1 738 568 292 29
1793 4 2 1 1 435 589 551 688
1794 4 2 1 1 429 664 555 702
1795 4 2 1 1 519 669 595 422
1796 4 2 1 1 450 585 494 614
1797 4 2 1 1 538 644 622 650
1798 4 2 1 1 461 638 606 641
1799 4 2 1 1 101 444 593 684
1800 4 2 1 1 104 492 119 596
1801 4 2 1 1 472 615 594 659
1802 4 2 1 1 98 95 564 634
1803 4 2 1 1 408 588 535 619
1804 4 2 1 1 176 59 200 703
1805 4 2 1 1 456 569 503 693
1806 4 2 1 1 29 568 292 268
1807 4 2 1 1 252 256 534 626
1808 4 2 1 1 524 466 640 525
1809 4 2 1 1 541 669 519 422
1810 4 2 1 1 428 570 527 623
1811 4 2 1 1 240 630 439 667
1812 4 2 1 1 298 738 715 582
1813 4 2 1 1 191 187 184 578
1814 4 2 1 1 472 432 521 566
1815 4 2 1 1 631 630 427 492
1816 4 2 1 1 451 468 485 536
1817 4 2 1 1 448 619 597 696
1818 4 2 1 1 137 146 147 488
1819 4 2 1 1 448 535 495 619
1820 4 2 1 1 264 484 236 256
1821 4 2 1 1 480 444 658 539
1822 4 2 1 1 193 493 670 678
1823 4 2 1 1 703 293 265 59
1824 4 2 1 1 238 229 663 691
1825 4 2 1 1 738 115 108 114
1826 4 2 1 1 445 529 576 662
1827 4 2 1 1 711 751 123 582
1828 4 2 1 1 172 144 646 686
1829 4 2 1 1 526 613 466 640
1830 4 2 1 1 439 535 588 687
1831 4 2 1 1 706 201 173 11
1832 4 2 1 1 327 328 326 645
1833 4 2 1 1 756 130 708 35
1834 4 2 1 1 737 23 24 219
1835 4 2 1 1 508 632 526 440
1836 4 2 1 1 237 230 233 540
1837 4 2 1 1 649 737 219 23
1838 4 2 1 1 441 464 508 633
1839 4 2 1 1 162 569 608 693
1840 4 2 1 1 429 531 613 699
1841 4 2 1 1 163 608 646 693
1842 4 2 1 1 229 540 237 663
1843 4 2 1 1 244 737 707 24
1844 4 2 1 1 265 310 293 533
1845 4 2 1 1 121 499 101 684
1846 4 2 1 1 716 672 66 371
1847 4 2 1 1 84 734 12 706
1848 4 2 1 1 222 626 589 688
1849 4 2 1 1 427 492 603 631
1850 4 2 1 1 219 596 737 649
1851 4 2 1 1 420 557 497 624
1852 4 2 1 1 474 441 475 508
1853 4 2 1 1 419 409 318 593
1854 4 2 1 1 437 609 558 611
1855 4 2 1 1 516 528 453 454
1856 4 2 1 1 522 482 618 653
1857 4 2 1 1 162 569 127 608
1858 4 2 1 1 397 374 313 535
1859 4 2 1 1 333 500 381 522
1860 4 2 1 1 460 617 321 643
1861 4 2 1 1 345 391 355 576
1862 4 2 1 1 496 583 439 630
1863 4 2 1 1 727 180 205 217
1864 4 2 1 1 387 322 393 558
1865 4 2 1 1 542 576 445 636
1866 4 2 1 1 142 144 559 646
1867 4 2 1 1 466 640 613 452
1868 4 2 1 1 515 657 654 677
1869 4 2 1 1 711 751 9 123
1870 4 2 1 1 427 596 492 630
1871 4 2 1 1 284 592 276 698
1872 4 2 1 1 535 439 588 667
1873 4 2 1 1 244 737 24 219
1874 4 2 1 1 447 607 522 635
1875 4 2 1 1 268 30 568 736
1876 4 2 1 1 428 570 677 686
1877 4 2 1 1 364 404 622 644
1878 4 2 1 1 467 604 489 647
1879 4 2 1 1 448 577 561 694
1880 4 2 1 1 564 455 477 494
1881 4 2 1 1 547 566 490 641
1882 4 2 1 1 444 658 525 690
1883 4 2 1 1 463 676 508 700
1884 4 2 1 1 486 519 487 595
1885 4 2 1 1 259 589 245 663
1886 4 2 1 1 177 754 668 721
1887 4 2 1 1 129 755 501 150
1888 4 2 1 1 98 96 95 634
1889 4 2 1 1 231 232 230 606
1890 4 2 1 1 539 354 510 661
1891 4 2 1 1 428 584 527 686
1892 4 2 1 1 242 601 502 696
1893 4 2 1 1 428 559 584 686
1894 4 2 1 1 380 386 356 675
1895 4 2 1 1 486 527 433 668
1896 4 2 1 1 736 301 568 268
1897 4 2 1 1 437 558 609 520
1898 4 2 1 1 326 597 325 628
1899 4 2 1 1 424 647 604 697
1900 4 2 1 1 151 710 643 739
1901 4 2 1 1 117 96 118 634
1902 4 2 1 1 476 657 660 679
1903 4 2 1 1 429 613 531 452
1904 4 2 1 1 589 626 551 688
1905 4 2 1 1 270 297 308 534
1906 4 2 1 1 113 87 125 534
1907 4 2 1 1 736 301 268 289
1908 4 2 1 1 460 538 622 537
1909 4 2 1 1 455 545 426 477
1910 4 2 1 1 440 430 510 658
1911 4 2 1 1 524 573 466 525
1912 4 2 1 1 167 152 147 527
1913 4 2 1 1 351 549 402 622
1914 4 2 1 1 274 569 283 575
1915 4 2 1 1 487 595 519 669
1916 4 2 1 1 194 446 175 670
1917 4 2 1 1 464 676 583 700
1918 4 2 1 1 30 268 289 736
1919 4 2 1 1 490 604 565 629
1920 4 2 1 1 146 138 141 489
1921 4 2 1 1 104 737 24 707
1922 4 2 1 1 461 641 606 695
1923 4 2 1 1 438 657 578 677
1924 4 2 1 1 728 1 14 217
1925 4 2 1 1 438 654 657 677
1926 4 2 1 1 452 648 531 665
1927 4 2 1 1 452 640 567 442
1928 4 2 1 1 433 487 519 650
1929 4 2 1 1 347 346 351 550
1930 4 2 1 1 283 589 288 303
1931 4 2 1 1 749 179 10 711
1932 4 2 1 1 163 162 608 693
1933 4 2 1 1 523 567 640 442
1934 4 2 1 1 474 441 652 475
1935 4 2 1 1 182 708 181 174
1936 4 2 1 1 349 610 581 661
1937 4 2 1 1 623 679 486 692
1938 4 2 1 1 282 280 302 571
1939 4 2 1 1 121 734 106 84
1940 4 2 1 1 623 657 458 679
1941 4 2 1 1 653 651 459 699
1942 4 2 1 1 155 163 608 646
1943 4 2 1 1 97 634 117 683
1944 4 2 1 1 502 597 473 628
1945 4 2 1 1 618 653 482 699
1946 4 2 1 1 349 417 610 661
1947 4 2 1 1 63 728 217 1
1948 4 2 1 1 108 568 29 81
1949 4 2 1 1 225 262 250 548
1950 4 2 1 1 727 180 217 728
1951 4 2 1 1 137 138 489 647
1952 4 2 1 1 535 619 448 696
1953 4 2 1 1 109 126 84 553
1954 4 2 1 1 240 235 496 630
1955 4 2 1 1 77 313 735 78
1956 4 2 1 1 232 496 235 599
1957 4 2 1 1 461 496 591 601
1958 4 2 1 1 510 430 543 572
1959 4 2 1 1 580 606 425 501
1960 4 2 1 1 531 653 613 699
1961 4 2 1 1 153 569 133 55
1962 4 2 1 1 474 441 600 652
1963 4 2 1 1 643 321 312 617
1964 4 2 1 1 151 710 739 41
1965 4 2 1 1 623 174 182 183
1966 4 2 1 1 78 313 735 696
1967 4 2 1 1 475 588 470 687
1968 4 2 1 1 371 317 67 562
1969 4 2 1 1 444 674 494 690
1970 4 2 1 1 139 467 145 501
1971 4 2 1 1 53 127 54 608
1972 4 2 1 1 552 596 102 603
1973 4 2 1 1 183 184 578 191
1974 4 2 1 1 562 644 433 650
1975 4 2 1 1 140 559 605 693
1976 4 2 1 1 156 172 130 570
1977 4 2 1 1 119 596 492 603
1978 4 2 1 1 174 756 197 570
1979 4 2 1 1 359 384 607 619
1980 4 2 1 1 735 313 535 696
1981 4 2 1 1 193 670 175 678
1982 4 2 1 1 525 658 632 690
1983 4 2 1 1 463 648 532 656
1984 4 2 1 1 222 264 626 688
1985 4 2 1 1 425 606 540 638
1986 4 2 1 1 735 723 313 77
1987 4 2 1 1 695 725 249 242
1988 4 2 1 1 349 378 341 581
1989 4 2 1 1 320 520 323 554
1990 4 2 1 1 365 326 561 597
1991 4 2 1 1 327 329 328 645
1992 4 2 1 1 433 538 487 650
1993 4 2 1 1 458 578 563 657
1994 4 2 1 1 105 709 82 17
1995 4 2 1 1 329 362 385 530
1996 4 2 1 1 228 229 580 606
1997 4 2 1 1 142 144 141 559
1998 4 2 1 1 705 178 199 61
1999 4 2 1 1 159 171 133 548
2000 4 2 1 1 437 594 615 659
2001 4 2 1 1 85 707 104 25
2002 4 2 1 1 445 655 541 662
2003 4 2 1 1 541 655 506 493
2004 4 2 1 1 623 174 183 570
2005 4 2 1 1 360 542 396 543
2006 4 2 1 1 444 681 593 479
2007 4 2 1 1 242 502 725 696
2008 4 2 1 1 172 570 156 686
2009 4 2 1 1 411 389 316 544
2010 4 2 1 1 725 418 502 315
2011 4 2 1 1 144 559 646 686
2012 4 2 1 1 326 325 324 628
2013 4 2 1 1 150 129 165 501
2014 4 2 1 1 102 94 97 552
2015 4 2 1 1 515 660 657 679
2016 4 2 1 1 450 494 564 477
2017 4 2 1 1 735 723 535 313
2018 4 2 1 1 749 88 711 10
2019 4 2 1 1 652 439 588 475
2020 4 2 1 1 740 128 42 710
2021 4 2 1 1 194 207 612 670
2022 4 2 1 1 129 149 148 580
2023 4 2 1 1 129 755 150 48
2024 4 2 1 1 736 30 568 107
2025 4 2 1 1 510 543 353 681
2026 4 2 1 1 552 436 634 683
2027 4 2 1 1 119 492 99 603
2028 4 2 1 1 330 332 338 607
2029 4 2 1 1 312 740 42 710
2030 4 2 1 1 440 430 526 653
2031 4 2 1 1 583 676 464 449
2032 4 2 1 1 531 648 532 665
2033 4 2 1 1 341 335 337 651
2034 4 2 1 1 464 603 427 449
2035 4 2 1 1 404 602 562 644
2036 4 2 1 1 539 572 510 681
2037 4 2 1 1 486 519 493 637
2038 4 2 1 1 401 535 619 397
2039 4 2 1 1 41 42 710 312
2040 4 2 1 1 446 543 479 612
2041 4 2 1 1 406 502 315 639
2042 4 2 1 1 223 501 722 639
2043 4 2 1 1 453 428 584 692
2044 4 2 1 1 232 239 235 496
2045 4 2 1 1 119 102 596 603
2046 4 2 1 1 476 654 420 660
2047 4 2 1 1 374 588 535 408
2048 4 2 1 1 209 201 553 210
2049 4 2 1 1 749 88 10 109
2050 4 2 1 1 245 548 73 225
2051 4 2 1 1 544 588 439 667
2052 4 2 1 1 142 646 559 693
2053 4 2 1 1 148 129 580 501
2054 4 2 1 1 250 238 548 691
2055 4 2 1 1 203 637 195 196
2056 4 2 1 1 91 90 480 585
2057 4 2 1 1 722 755 150 501
2058 4 2 1 1 172 144 164 646
2059 4 2 1 1 710 366 41 312
2060 4 2 1 1 312 740 319 42
2061 4 2 1 1 432 615 520 628
2062 4 2 1 1 90 441 480 585
2063 4 2 1 1 240 235 239 496
2064 4 2 1 1 519 462 650 662
2065 4 2 1 1 388 393 402 549
2066 4 2 1 1 144 141 559 686
2067 4 2 1 1 559 515 456 677
2068 4 2 1 1 155 164 163 646
2069 4 2 1 1 244 254 253 630
2070 4 2 1 1 384 328 330 607
2071 4 2 1 1 439 630 583 631
2072 4 2 1 1 205 593 727 612
2073 4 2 1 1 535 448 601 696
2074 4 2 1 1 471 467 647 697
2075 4 2 1 1 257 239 231 601
2076 4 2 1 1 96 98 118 634
2077 4 2 1 1 464 508 676 700
2078 4 2 1 1 687 619 495 535
2079 4 2 1 1 390 361 357 610
2080 4 2 1 1 151 488 147 644
2081 4 2 1 1 496 599 583 630
2082 4 2 1 1 652 439 475 631
2083 4 2 1 1 418 315 406 502
2084 4 2 1 1 72 288 73 589
2085 4 2 1 1 681 744 593 382
2086 4 2 1 1 156 527 146 686
2087 4 2 1 1 257 601 231 695
2088 4 2 1 1 351 550 549 622
2089 4 2 1 1 428 578 657 677
2090 4 2 1 1 135 128 42 740
2091 4 2 1 1 559 604 584 489
2092 4 2 1 1 349 417 390 610
2093 4 2 1 1 490 566 565 604
2094 4 2 1 1 466 526 640 525
2095 4 2 1 1 157 554 719 639
2096 4 2 1 1 460 558 609 611
2097 4 2 1 1 72 222 712 589
2098 4 2 1 1 162 161 569 693
2099 4 2 1 1 153 127 162 569
2100 4 2 1 1 710 366 312 643
2101 4 2 1 1 353 348 342 510
2102 4 2 1 1 256 226 252 534
2103 4 2 1 1 468 547 490 638
2104 4 2 1 1 103 97 116 683
2105 4 2 1 1 720 215 206 582
2106 4 2 1 1 343 337 336 651
2107 4 2 1 1 61 705 291 60
2108 4 2 1 1 291 705 61 271
2109 4 2 1 1 270 300 297 534
2110 4 2 1 1 116 87 113 534
2111 4 2 1 1 363 550 562 680
2112 4 2 1 1 73 288 548 589
2113 4 2 1 1 661 658 600 440
2114 4 2 1 1 266 304 287 626
2115 4 2 1 1 13 12 734 198
2116 4 2 1 1 421 526 632 525
2117 4 2 1 1 159 548 161 691
2118 4 2 1 1 72 245 222 589
2119 4 2 1 1 495 448 591 601
2120 4 2 1 1 657 426 438 563
2121 4 2 1 1 652 718 367 316
2122 4 2 1 1 527 570 428 686
2123 4 2 1 1 238 663 548 691
2124 4 2 1 1 456 646 608 693
2125 4 2 1 1 85 707 25 741
2126 4 2 1 1 151 643 488 644
2127 4 2 1 1 462 446 655 493
2128 4 2 1 1 445 655 542 506
2129 4 2 1 1 396 542 392 672
2130 4 2 1 1 355 392 542 576
2131 4 2 1 1 490 556 629 685
2132 4 2 1 1 385 331 329 635
2133 4 2 1 1 129 580 47 166
2134 4 2 1 1 345 347 391 576
2135 4 2 1 1 520 554 432 628
2136 4 2 1 1 219 255 596 649
2137 4 2 1 1 712 246 222 71
2138 4 2 1 1 734 13 198 684
2139 4 2 1 1 459 613 430 653
2140 4 2 1 1 430 613 526 653
2141 4 2 1 1 135 136 128 471
2142 4 2 1 1 506 542 446 655
2143 4 2 1 1 238 225 250 548
2144 4 2 1 1 198 499 734 684
2145 4 2 1 1 173 734 706 12
2146 4 2 1 1 643 312 321 366
2147 4 2 1 1 705 178 61 742
2148 4 2 1 1 95 100 110 564
2149 4 2 1 1 173 734 12 198
2150 4 2 1 1 475 631 441 652
2151 4 2 1 1 101 744 105 112
2152 4 2 1 1 529 434 550 662
2153 4 2 1 1 523 477 557 524
2154 4 2 1 1 279 571 282 698
2155 4 2 1 1 640 648 452 567
2156 4 2 1 1 287 304 297 626
2157 4 2 1 1 295 306 269 548
2158 4 2 1 1 443 682 685 579
2159 4 2 1 1 733 75 389 76
2160 4 2 1 1 733 748 263 544
2161 4 2 1 1 139 140 138 605
2162 4 2 1 1 500 610 474 440
2163 4 2 1 1 710 312 617 643
2164 4 2 1 1 424 565 521 697
2165 4 2 1 1 72 73 245 589
2166 4 2 1 1 228 230 229 606
2167 4 2 1 1 733 76 389 667
2168 4 2 1 1 279 280 282 571
2169 4 2 1 1 72 266 288 589
2170 4 2 1 1 726 548 159 691
2171 4 2 1 1 425 580 540 606
2172 4 2 1 1 287 281 286 551
2173 4 2 1 1 205 207 180 684
2174 4 2 1 1 133 161 159 548
2175 4 2 1 1 421 640 526 525
2176 4 2 1 1 460 643 666 689
2177 4 2 1 1 226 256 247 649
2178 4 2 1 1 565 566 521 697
2179 4 2 1 1 730 304 297 70
2180 4 2 1 1 101 91 105 444
2181 4 2 1 1 318 612 593 681
2182 4 2 1 1 502 601 242 695
2183 4 2 1 1 719 168 639 743
2184 4 2 1 1 389 544 733 667
2185 4 2 1 1 335 333 334 618
2186 4 2 1 1 65 66 672 314
2187 4 2 1 1 355 391 392 576
2188 4 2 1 1 463 567 508 676
2189 4 2 1 1 163 646 142 693
2190 4 2 1 1 441 480 633 600
2191 4 2 1 1 114 738 28 108
2192 4 2 1 1 175 716 66 196
2193 4 2 1 1 525 572 430 658
2194 4 2 1 1 93 119 99 603
2195 4 2 1 1 53 267 290 608
2196 4 2 1 1 283 274 273 569
2197 4 2 1 1 720 307 582 272
2198 4 2 1 1 510 430 572 658
2199 4 2 1 1 190 188 187 563
2200 4 2 1 1 347 576 550 680
2201 4 2 1 1 34 154 160 717
2202 4 2 1 1 453 679 428 692
2203 4 2 1 1 716 67 196 562
2204 4 2 1 1 311 17 18 709
2205 4 2 1 1 454 515 509 673
2206 4 2 1 1 528 584 453 454
2207 4 2 1 1 18 311 709 671
2208 4 2 1 1 111 746 19 89
2209 4 2 1 1 428 657 623 679
2210 4 2 1 1 503 548 663 691
2211 4 2 1 1 722 168 743 639
2212 4 2 1 1 146 156 167 527
2213 4 2 1 1 733 748 75 263
2214 4 2 1 1 557 442 523 524
2215 4 2 1 1 657 426 563 458
2216 4 2 1 1 370 40 39 732
2217 4 2 1 1 519 434 650 669
2218 4 2 1 1 259 688 222 589
2219 4 2 1 1 120 83 103 649
2220 4 2 1 1 730 246 70 252
2221 4 2 1 1 661 658 440 510
2222 4 2 1 1 190 187 202 563
2223 4 2 1 1 607 619 561 694
2224 4 2 1 1 284 276 279 698
2225 4 2 1 1 461 547 638 641
2226 4 2 1 1 439 475 631 700
2227 4 2 1 1 277 278 276 575
2228 4 2 1 1 259 245 238 663
2229 4 2 1 1 465 620 514 675
2230 4 2 1 1 314 371 66 672
2231 4 2 1 1 319 383 43 554
2232 4 2 1 1 285 275 284 592
2233 4 2 1 1 428 677 559 686
2234 4 2 1 1 715 114 123 582
2235 4 2 1 1 715 307 298 582
2236 4 2 1 1 476 518 458 679
2237 4 2 1 1 142 559 140 693
2238 4 2 1 1 446 507 493 670
2239 4 2 1 1 363 550 404 562
2240 4 2 1 1 421 632 508 633
2241 4 2 1 1 711 123 88 582
2242 4 2 1 1 711 215 582 179
2243 4 2 1 1 108 81 118 568
2244 4 2 1 1 268 292 302 568
2245 4 2 1 1 241 606 501 695
2246 4 2 1 1 136 139 138 467
2247 4 2 1 1 203 637 196 562
2248 4 2 1 1 445 576 542 655
2249 4 2 1 1 479 507 446 670
2250 4 2 1 1 719 168 743 44
2251 4 2 1 1 510 581 440 661
2252 4 2 1 1 277 276 274 575
2253 4 2 1 1 365 326 328 561
2254 4 2 1 1 43 719 157 554
2255 4 2 1 1 118 81 117 568
2256 4 2 1 1 302 301 268 568
2257 4 2 1 1 206 745 200 58
2258 4 2 1 1 539 572 444 658
2259 4 2 1 1 388 402 351 549
2260 4 2 1 1 444 681 479 572
2261 4 2 1 1 259 222 688 248
2262 4 2 1 1 495 439 535 601
2263 4 2 1 1 370 39 410 732
2264 4 2 1 1 424 537 666 611
2265 4 2 1 1 732 370 40 644
2266 4 2 1 1 501 641 425 467
2267 4 2 1 1 145 139 136 467
2268 4 2 1 1 503 605 673 693
2269 4 2 1 1 105 709 17 744
2270 4 2 1 1 283 589 303 575
2271 4 2 1 1 286 303 266 589
2272 4 2 1 1 193 185 186 493
2273 4 2 1 1 508 640 523 567
2274 4 2 1 1 329 330 328 635
2275 4 2 1 1 484 551 626 688
2276 4 2 1 1 97 103 102 552
2277 4 2 1 1 754 132 37 152
2278 4 2 1 1 185 637 195 668
2279 4 2 1 1 455 525 524 674
2280 4 2 1 1 158 147 602 644
2281 4 2 1 1 709 311 17 369
2282 4 2 1 1 593 612 479 681
2283 4 2 1 1 113 120 103 649
2284 4 2 1 1 194 207 205 612
2285 4 2 1 1 470 619 607 694
2286 4 2 1 1 427 492 596 603
2287 4 2 1 1 427 478 536 449
2288 4 2 1 1 258 240 221 667
2289 4 2 1 1 104 119 83 596
2290 4 2 1 1 530 447 635 645
2291 4 2 1 1 457 443 512 491
2292 4 2 1 1 732 602 370 644
2293 4 2 1 1 443 565 629 685
2294 4 2 1 1 206 745 58 720
2295 4 2 1 1 652 439 631 544
2296 4 2 1 1 138 146 137 489
2297 4 2 1 1 320 617 414 520
2298 4 2 1 1 137 643 128 647
2299 4 2 1 1 600 709 311 671
2300 4 2 1 1 330 331 332 635
2301 4 2 1 1 486 433 519 637
2302 4 2 1 1 516 453 627 660
2303 4 2 1 1 435 663 589 688
2304 4 2 1 1 173 209 201 553
2305 4 2 1 1 101 744 112 593
2306 4 2 1 1 486 433 637 668
2307 4 2 1 1 410 370 732 602
2308 4 2 1 1 427 583 599 630
2309 4 2 1 1 83 119 102 596
2310 4 2 1 1 428 679 623 692
2311 4 2 1 1 486 623 458 679
2312 4 2 1 1 462 655 446 672
2313 4 2 1 1 348 581 510 661
2314 4 2 1 1 487 595 453 692
2315 4 2 1 1 716 562 196 678
2316 4 2 1 1 471 609 521 689
2317 4 2 1 1 749 88 109 582
2318 4 2 1 1 462 562 637 650
2319 4 2 1 1 135 157 145 554
2320 4 2 1 1 131 722 49 150
2321 4 2 1 1 563 657 578 438
2322 4 2 1 1 695 725 242 502
2323 4 2 1 1 456 608 569 693
2324 4 2 1 1 439 495 535 687
2325 4 2 1 1 661 658 510 539
2326 4 2 1 1 418 502 406 628
2327 4 2 1 1 443 682 579 625
2328 4 2 1 1 139 605 467 501
2329 4 2 1 1 384 338 359 607
2330 4 2 1 1 405 322 558 701
2331 4 2 1 1 148 165 129 501
2332 4 2 1 1 722 168 639 131
2333 4 2 1 1 445 576 655 662
2334 4 2 1 1 323 554 520 628
2335 4 2 1 1 525 444 572 658
2336 4 2 1 1 501 606 425 641
2337 4 2 1 1 322 520 558 701
2338 4 2 1 1 407 588 544 667
2339 4 2 1 1 427 596 552 603
2340 4 2 1 1 102 93 94 603
2341 4 2 1 1 580 243 220 47
2342 4 2 1 1 252 246 256 626
2343 4 2 1 1 401 597 365 619
2344 4 2 1 1 428 578 623 657
2345 4 2 1 1 562 637 196 678
2346 4 2 1 1 460 617 643 689
2347 4 2 1 1 401 535 397 313
2348 4 2 1 1 267 274 275 608
2349 4 2 1 1 565 659 491 611
2350 4 2 1 1 128 136 137 647
2351 4 2 1 1 311 369 709 539
2352 4 2 1 1 420 654 515 660
2353 4 2 1 1 203 562 731 602
2354 4 2 1 1 448 597 502 696
2355 4 2 1 1 328 384 365 561
2356 4 2 1 1 562 67 731 317
2357 4 2 1 1 428 527 584 692
2358 4 2 1 1 608 155 53 127
2359 4 2 1 1 740 43 135 554
2360 4 2 1 1 274 267 273 569
2361 4 2 1 1 458 623 578 657
2362 4 2 1 1 385 380 334 620
2363 4 2 1 1 521 659 565 611
2364 4 2 1 1 276 284 275 592
2365 4 2 1 1 165 145 150 501
2366 4 2 1 1 460 611 609 689
2367 4 2 1 1 47 48 220 580
2368 4 2 1 1 223 241 501 639
2369 4 2 1 1 503 673 456 693
2370 4 2 1 1 67 68 731 317
2371 4 2 1 1 254 244 219 596
2372 4 2 1 1 161 153 162 569
2373 4 2 1 1 238 229 237 663
2374 4 2 1 1 235 599 496 630
2375 4 2 1 1 649 83 23 120
2376 4 2 1 1 141 156 146 686
2377 4 2 1 1 709 480 82 671
2378 4 2 1 1 400 539 311 600
2379 4 2 1 1 462 446 493 678
2380 4 2 1 1 185 493 211 637
2381 4 2 1 1 295 269 283 548
2382 4 2 1 1 461 547 546 591
2383 4 2 1 1 104 85 99 492
2384 4 2 1 1 172 154 130 570
2385 4 2 1 1 459 613 653 699
2386 4 2 1 1 237 229 230 540
2387 4 2 1 1 97 117 634 96
2388 4 2 1 1 738 115 114 582
2389 4 2 1 1 317 562 404 602
2390 4 2 1 1 538 433 644 650
2391 4 2 1 1 359 340 408 588
2392 4 2 1 1 400 610 417 661
2393 4 2 1 1 537 669 457 528
2394 4 2 1 1 436 616 568 683
2395 4 2 1 1 731 68 410 317
2396 4 2 1 1 640 648 567 508
2397 4 2 1 1 486 595 487 692
2398 4 2 1 1 228 501 241 606
2399 4 2 1 1 162 127 163 608
2400 4 2 1 1 731 317 410 602
2401 4 2 1 1 43 157 135 554
2402 4 2 1 1 436 568 634 683
2403 4 2 1 1 731 562 317 602
2404 4 2 1 1 253 630 240 667
2405 4 2 1 1 446 655 542 672
2406 4 2 1 1 46 159 166 691
2407 4 2 1 1 179 210 206 582
2408 4 2 1 1 368 612 318 681
2409 4 2 1 1 222 264 246 626
2410 4 2 1 1 730 712 246 626
2411 4 2 1 1 559 677 646 686
2412 4 2 1 1 439 631 583 700
2413 4 2 1 1 324 323 520 628
2414 4 2 1 1 508 440 474 600
2415 4 2 1 1 406 383 554 639
2416 4 2 1 1 397 408 535 619
2417 4 2 1 1 400 539 600 661
2418 4 2 1 1 93 92 94 585
2419 4 2 1 1 532 648 431 656
2420 4 2 1 1 488 538 433 644
2421 4 2 1 1 462 650 662 680
2422 4 2 1 1 101 593 86 684
2423 4 2 1 1 542 655 576 672
2424 4 2 1 1 464 631 441 700
2425 4 2 1 1 117 107 116 683
2426 4 2 1 1 355 403 379 636
2427 4 2 1 1 248 233 236 688
2428 4 2 1 1 70 730 69 297
2429 4 2 1 1 139 148 605 501
2430 4 2 1 1 472 685 565 659
2431 4 2 1 1 311 399 600 671
2432 4 2 1 1 441 633 508 600
2433 4 2 1 1 374 588 408 407
2434 4 2 1 1 99 746 544 111
2435 4 2 1 1 462 678 562 680
2436 4 2 1 1 352 652 588 350
2437 4 2 1 1 391 375 392 576
2438 4 2 1 1 475 441 631 700
2439 4 2 1 1 221 723 77 258
2440 4 2 1 1 559 646 456 693
2441 4 2 1 1 349 581 348 661
2442 4 2 1 1 460 666 611 689
2443 4 2 1 1 168 131 157 639
2444 4 2 1 1 195 602 177 668
2445 4 2 1 1 403 355 392 542
2446 4 2 1 1 323 406 554 628
2447 4 2 1 1 576 662 550 680
2448 4 2 1 1 443 565 685 659
2449 4 2 1 1 462 672 678 680
2450 4 2 1 1 753 134 724 52
2451 4 2 1 1 453 584 487 692
2452 4 2 1 1 722 227 223 49
2453 4 2 1 1 476 657 654 660
2454 4 2 1 1 397 359 408 619
2455 4 2 1 1 464 583 631 700
2456 4 2 1 1 559 673 605 693
2457 4 2 1 1 327 326 324 587
2458 4 2 1 1 448 495 535 601
2459 4 2 1 1 754 132 152 668
2460 4 2 1 1 22 113 649 120
2461 4 2 1 1 506 655 446 493
2462 4 2 1 1 426 513 476 438
2463 4 2 1 1 162 143 161 693
2464 4 2 1 1 222 248 264 688
2465 4 2 1 1 352 652 350 395
2466 4 2 1 1 424 666 647 689
2467 4 2 1 1 456 646 559 677
2468 4 2 1 1 69 297 534 308
2469 4 2 1 1 739 643 151 644
2470 4 2 1 1 756 204 197 621
2471 4 2 1 1 375 391 347 576
2472 4 2 1 1 418 325 597 628
2473 4 2 1 1 112 744 105 16
2474 4 2 1 1 369 539 354 681
2475 4 2 1 1 459 653 430 581
2476 4 2 1 1 604 647 467 697
2477 4 2 1 1 730 712 70 246
2478 4 2 1 1 565 604 566 697
2479 4 2 1 1 219 247 255 649
2480 4 2 1 1 377 587 324 520
2481 4 2 1 1 559 456 515 673
2482 4 2 1 1 223 241 227 501
2483 4 2 1 1 418 597 401 696
2484 4 2 1 1 721 758 38 170
2485 4 2 1 1 425 606 638 641
2486 4 2 1 1 424 604 565 697
2487 4 2 1 1 744 382 369 16
2488 4 2 1 1 448 561 619 694
2489 4 2 1 1 340 560 350 588
2490 4 2 1 1 609 617 460 689
2491 4 2 1 1 146 167 147 527
2492 4 2 1 1 140 142 141 559
2493 4 2 1 1 606 641 501 695
2494 4 2 1 1 400 539 661 416
2495 4 2 1 1 175 716 196 678
2496 4 2 1 1 580 227 48 220
2497 4 2 1 1 580 691 47 166
2498 4 2 1 1 394 460 393 321
2499 4 2 1 1 86 101 112 593
2500 4 2 1 1 448 502 601 696
2501 4 2 1 1 521 611 424 689
2502 4 2 1 1 337 335 336 651
2503 4 2 1 1 368 543 612 681
2504 4 2 1 1 320 414 413 520
2505 4 2 1 1 199 176 213 574
2506 4 2 1 1 392 542 576 672
2507 4 2 1 1 305 265 291 574
2508 4 2 1 1 730 534 297 626
2509 4 2 1 1 193 194 175 670
2510 4 2 1 1 562 602 433 644
2511 4 2 1 1 726 159 46 691
2512 4 2 1 1 409 15 16 729
2513 4 2 1 1 238 243 229 691
2514 4 2 1 1 476 545 518 627
2515 4 2 1 1 112 728 593 729
2516 4 2 1 1 728 112 15 729
2517 4 2 1 1 129 755 48 580
2518 4 2 1 1 132 158 147 602
2519 4 2 1 1 399 395 358 652
2520 4 2 1 1 241 231 606 695
2521 4 2 1 1 742 216 621 178
2522 4 2 1 1 114 115 88 582
2523 4 2 1 1 272 299 298 582
2524 4 2 1 1 409 16 382 729
2525 4 2 1 1 729 382 409 593
2526 4 2 1 1 404 363 364 550
2527 4 2 1 1 587 520 377 701
2528 4 2 1 1 433 519 637 650
2529 4 2 1 1 394 460 321 643
2530 4 2 1 1 405 386 362 701
2531 4 2 1 1 249 79 242 725
2532 4 2 1 1 756 130 570 708
2533 4 2 1 1 219 255 254 596
2534 4 2 1 1 708 36 181 174
2535 4 2 1 1 160 169 717 621
2536 4 2 1 1 343 345 355 636
2537 4 2 1 1 326 373 325 597
2538 4 2 1 1 112 728 124 86
2539 4 2 1 1 418 597 502 628
2540 4 2 1 1 490 454 604 629
2541 4 2 1 1 544 588 407 652
2542 4 2 1 1 137 136 138 647
2543 4 2 1 1 418 401 597 373
2544 4 2 1 1 405 377 322 701
2545 4 2 1 1 400 600 361 610
2546 4 2 1 1 429 555 491 702
2547 4 2 1 1 249 241 639 695
2548 4 2 1 1 562 650 462 680
2549 4 2 1 1 458 657 476 679
2550 4 2 1 1 581 610 440 661
2551 4 2 1 1 151 137 147 488
2552 4 2 1 1 753 134 52 155
2553 4 2 1 1 164 134 160 621
2554 4 2 1 1 467 605 425 501
2555 4 2 1 1 401 597 619 696
2556 4 2 1 1 399 367 395 652
2557 4 2 1 1 228 227 241 501
2558 4 2 1 1 243 580 229 691
2559 4 2 1 1 235 254 599 630
2560 4 2 1 1 460 666 538 537
2561 4 2 1 1 471 617 609 689
2562 4 2 1 1 397 408 374 535
2563 4 2 1 1 104 99 119 492
2564 4 2 1 1 550 662 650 680
2565 4 2 1 1 428 515 657 679
2566 4 2 1 1 418 502 597 696
2567 4 2 1 1 148 140 139 605
2568 4 2 1 1 192 204 178 621
2569 4 2 1 1 285 271 296 621
2570 4 2 1 1 163 142 162 693
2571 4 2 1 1 680 655 672 576
2572 4 2 1 1 322 387 405 558
2573 4 2 1 1 724 169 621 750
2574 4 2 1 1 211 196 637 678
2575 4 2 1 1 335 378 333 618
2576 4 2 1 1 717 216 204 621
2577 4 2 1 1 221 601 242 696
2578 4 2 1 1 440 610 600 661
2579 4 2 1 1 277 274 283 575
2580 4 2 1 1 728 15 112 124
2581 4 2 1 1 446 462 672 678
2582 4 2 1 1 325 418 406 628
2583 4 2 1 1 182 184 185 623
2584 4 2 1 1 195 203 177 602
2585 4 2 1 1 174 36 35 708
2586 4 2 1 1 215 179 206 582
2587 4 2 1 1 398 417 349 661
2588 4 2 1 1 142 140 143 693
2589 4 2 1 1 377 520 322 701
2590 4 2 1 1 320 413 324 520
2591 4 2 1 1 372 543 368 396
2592 4 2 1 1 480 441 671 600
2593 4 2 1 1 516 454 453 660
2594 4 2 1 1 211 637 493 678
2595 4 2 1 1 415 401 365 619
2596 4 2 1 1 354 539 416 661
2597 4 2 1 1 435 575 589 663
2598 4 2 1 1 158 151 147 644
2599 4 2 1 1 508 632 440 600
2600 4 2 1 1 243 250 46 691
2601 4 2 1 1 249 242 241 695
2602 4 2 1 1 705 291 60 574
2603 4 2 1 1 110 98 95 564
2604 4 2 1 1 251 253 240 667
2605 4 2 1 1 538 460 622 643
2606 4 2 1 1 320 319 312 617
2607 4 2 1 1 241 501 639 695
2608 4 2 1 1 229 243 220 580
2609 4 2 1 1 256 255 247 649
2610 4 2 1 1 724 169 750 51
2611 4 2 1 1 365 373 326 597
2612 4 2 1 1 441 631 544 652
2613 4 2 1 1 434 650 550 662
2614 4 2 1 1 547 490 638 641
2615 4 2 1 1 744 729 593 382
2616 4 2 1 1 196 195 211 637
2617 4 2 1 1 375 371 672 680
2618 4 2 1 1 220 228 229 580
2619 4 2 1 1 174 197 183 570
2620 4 2 1 1 380 385 386 620
2621 4 2 1 1 600 610 400 661
2622 4 2 1 1 106 121 101 684
2623 4 2 1 1 684 14 180 728
2624 4 2 1 1 404 370 602 644
2625 4 2 1 1 359 415 384 619
2626 4 2 1 1 461 601 502 695
2627 4 2 1 1 180 14 217 728
2628 4 2 1 1 311 367 399 671
2629 4 2 1 1 348 510 354 661
2630 4 2 1 1 407 544 389 667
2631 4 2 1 1 550 650 562 680
2632 4 2 1 1 64 714 212 612
2633 4 2 1 1 91 92 90 585
2634 4 2 1 1 508 633 632 600
2635 4 2 1 1 228 241 231 606
2636 4 2 1 1 165 139 145 501
2637 4 2 1 1 684 14 728 86
2638 4 2 1 1 64 212 205 612
2639 4 2 1 1 64 318 372 612
2640 4 2 1 1 728 593 180 684
2641 4 2 1 1 515 654 657 660
2642 4 2 1 1 182 185 195 668
2643 4 2 1 1 727 180 728 593
2644 4 2 1 1 305 284 294 698
2645 4 2 1 1 64 205 727 612
2646 4 2 1 1 377 327 587 701
2647 4 2 1 1 300 301 281 616
2648 4 2 1 1 493 637 462 678
2649 4 2 1 1 159 161 149 691
2650 4 2 1 1 339 357 350 560
2651 4 2 1 1 180 198 13 684
2652 4 2 1 1 151 710 41 128
2653 4 2 1 1 454 605 559 673
2654 4 2 1 1 757 260 639 249
2655 4 2 1 1 221 242 78 696
2656 4 2 1 1 400 539 416 311
2657 4 2 1 1 756 130 154 570
2658 4 2 1 1 151 710 128 643
2659 4 2 1 1 78 735 221 696
2660 4 2 1 1 272 298 307 582
2661 4 2 1 1 114 88 123 582
2662 4 2 1 1 235 254 234 599
2663 4 2 1 1 318 63 727 64
2664 4 2 1 1 349 341 348 581
2665 4 2 1 1 151 40 739 644
2666 4 2 1 1 684 14 86 13
2667 4 2 1 1 421 674 525 690
2668 4 2 1 1 534 32 87 125
2669 4 2 1 1 446 612 479 670
2670 4 2 1 1 727 419 63 318
2671 4 2 1 1 222 245 259 589
2672 4 2 1 1 361 400 399 600
2673 4 2 1 1 250 243 238 691
2674 4 2 1 1 142 163 144 646
2675 4 2 1 1 462 637 562 678
2676 4 2 1 1 311 416 369 539
2677 4 2 1 1 721 214 602 177
2678 4 2 1 1 416 354 369 539
2679 4 2 1 1 319 320 323 554
2680 4 2 1 1 182 708 174 623
2681 4 2 1 1 211 185 193 493
2682 4 2 1 1 18 367 311 671
2683 4 2 1 1 521 609 611 689
2684 4 2 1 1 303 288 266 589
2685 4 2 1 1 432 566 641 467
2686 4 2 1 1 721 170 132 602
2687 4 2 1 1 323 320 324 520
2688 4 2 1 1 259 238 237 663
2689 4 2 1 1 300 289 301 616
2690 4 2 1 1 732 170 758 602
2691 4 2 1 1 725 418 315 376
2692 4 2 1 1 124 728 14 86
2693 4 2 1 1 732 170 602 158
2694 4 2 1 1 64 727 318 612
2695 4 2 1 1 106 13 734 684
2696 4 2 1 1 236 264 248 688
2697 4 2 1 1 462 655 541 493
2698 4 2 1 1 195 185 211 637
2699 4 2 1 1 382 318 593 681
2700 4 2 1 1 374 588 407 667
2701 4 2 1 1 214 731 602 203
2702 4 2 1 1 340 339 350 560
2703 4 2 1 1 725 78 242 696
2704 4 2 1 1 742 216 178 62
2705 4 2 1 1 112 728 86 593
2706 4 2 1 1 294 279 282 698
2707 4 2 1 1 406 315 383 639
2708 4 2 1 1 317 404 370 602
2709 4 2 1 1 158 40 151 644
2710 4 2 1 1 727 593 318 612
2711 4 2 1 1 424 611 666 689
2712 4 2 1 1 389 407 316 544
2713 4 2 1 1 652 316 367 395
2714 4 2 1 1 18 709 82 671
2715 4 2 1 1 460 643 538 666
2716 4 2 1 1 510 572 543 681
2717 4 2 1 1 102 119 93 603
2718 4 2 1 1 424 689 647 697
2719 4 2 1 1 398 400 417 661
2720 4 2 1 1 425 638 490 641
2721 4 2 1 1 206 57 215 720
2722 4 2 1 1 433 637 562 650
2723 4 2 1 1 346 344 356 675
2724 4 2 1 1 139 165 148 501
2725 4 2 1 1 82 480 91 90
2726 4 2 1 1 257 242 601 695
2727 4 2 1 1 186 188 189 598
2728 4 2 1 1 45 46 250 726
2729 4 2 1 1 744 729 382 16
2730 4 2 1 1 122 741 85 26
2731 4 2 1 1 123 715 27 114
2732 4 2 1 1 715 751 582 123
2733 4 2 1 1 375 576 347 680
2734 4 2 1 1 158 602 732 644
2735 4 2 1 1 400 361 417 610
2736 4 2 1 1 256 246 264 626
2737 4 2 1 1 476 513 654 438
2738 4 2 1 1 208 189 188 598
2739 4 2 1 1 338 384 330 607
2740 4 2 1 1 398 349 348 661
2741 4 2 1 1 252 69 534 261
2742 4 2 1 1 421 632 633 690
2743 4 2 1 1 379 343 355 636
2744 4 2 1 1 720 307 272 57
2745 4 2 1 1 632 633 480 600
2746 4 2 1 1 726 752 171 548
2747 4 2 1 1 722 168 131 50
2748 4 2 1 1 390 417 361 610
2749 4 2 1 1 324 325 323 628
2750 4 2 1 1 163 164 144 646
2751 4 2 1 1 86 13 106 684
2752 4 2 1 1 717 160 33 169
2753 4 2 1 1 392 396 403 542
2754 4 2 1 1 250 726 46 691
2755 4 2 1 1 456 673 559 693
2756 4 2 1 1 155 163 127 608
2757 4 2 1 1 370 366 40 644
2758 4 2 1 1 548 306 269 74
2759 4 2 1 1 223 249 241 639
2760 4 2 1 1 211 493 193 678
2761 4 2 1 1 74 262 225 548
2762 4 2 1 1 383 323 406 554
2763 4 2 1 1 566 604 467 697
2764 4 2 1 1 398 348 354 661
2765 4 2 1 1 267 275 290 608
2766 4 2 1 1 721 214 177 38
2767 4 2 1 1 250 548 726 691
2768 4 2 1 1 392 576 375 672
2769 4 2 1 1 713 133 56 171
2770 4 2 1 1 711 123 9 88
2771 4 2 1 1 711 215 179 9
2772 4 2 1 1 724 169 51 134
2773 4 2 1 1 721 38 132 170
2774 4 2 1 1 354 510 353 681
2775 4 2 1 1 144 172 156 686
2776 4 2 1 1 623 708 570 527
2777 4 2 1 1 652 316 395 407
2778 4 2 1 1 717 750 621 169
2779 4 2 1 1 214 731 203 68
2780 4 2 1 1 350 358 395 652
2781 4 2 1 1 413 377 324 520
2782 4 2 1 1 538 643 622 644
2783 4 2 1 1 713 752 548 171
2784 4 2 1 1 424 521 689 697
2785 4 2 1 1 158 732 40 644
2786 4 2 1 1 363 562 371 680
2787 4 2 1 1 726 752 45 171
2788 4 2 1 1 462 541 655 662
2789 4 2 1 1 354 348 353 510
2790 4 2 1 1 377 327 324 587
2791 4 2 1 1 283 303 277 575
2792 4 2 1 1 373 365 401 597
2793 4 2 1 1 727 63 217 205
2794 4 2 1 1 722 168 50 743
2795 4 2 1 1 251 76 733 667
2796 4 2 1 1 144 156 141 686
2797 4 2 1 1 322 413 414 520
2798 4 2 1 1 356 344 380 675
2799 4 2 1 1 758 214 731 602
2800 4 2 1 1 389 76 374 667
2801 4 2 1 1 415 359 397 619
2802 4 2 1 1 757 260 249 80
2803 4 2 1 1 680 655 576 662
2804 4 2 1 1 176 59 703 60
2805 4 2 1 1 78 376 725 79
2806 4 2 1 1 428 657 515 677
2807 4 2 1 1 383 315 412 639
2808 4 2 1 1 721 758 170 602
2809 4 2 1 1 363 347 550 680
2810 4 2 1 1 184 182 183 623
2811 4 2 1 1 724 169 134 621
2812 4 2 1 1 726 262 250 45
2813 4 2 1 1 232 235 234 599
2814 4 2 1 1 111 748 122 20
2815 4 2 1 1 330 329 331 635
2816 4 2 1 1 377 362 327 701
2817 4 2 1 1 113 125 21 747
2818 4 2 1 1 396 392 314 672
2819 4 2 1 1 733 411 389 75
2820 4 2 1 1 680 655 662 462
2821 4 2 1 1 160 134 169 621
2822 4 2 1 1 364 370 404 644
2823 4 2 1 1 221 257 242 601
2824 4 2 1 1 111 748 20 718
2825 4 2 1 1 376 78 725 696
2826 4 2 1 1 212 194 205 612
2827 4 2 1 1 404 317 371 562
2828 4 2 1 1 402 460 394 622
2829 4 2 1 1 538 488 643 644
2830 4 2 1 1 239 257 221 601
2831 4 2 1 1 375 672 576 680
2832 4 2 1 1 78 376 313 696
2833 4 2 1 1 719 168 44 157
2834 4 2 1 1 159 726 45 171
2835 4 2 1 1 75 263 251 733
2836 4 2 1 1 746 18 89 671
2837 4 2 1 1 401 535 313 696
2838 4 2 1 1 719 168 157 639
2839 4 2 1 1 368 353 360 543
2840 4 2 1 1 712 71 222 72
2841 4 2 1 1 372 318 368 612
2842 4 2 1 1 382 368 318 681
2843 4 2 1 1 397 401 415 619
2844 4 2 1 1 418 325 373 597
2845 4 2 1 1 352 652 395 407
2846 4 2 1 1 480 633 632 690
2847 4 2 1 1 399 400 311 600
2848 4 2 1 1 521 471 689 697
2849 4 2 1 1 314 375 371 672
2850 4 2 1 1 258 723 76 667
2851 4 2 1 1 352 652 407 588
2852 4 2 1 1 90 92 93 585
2853 4 2 1 1 195 177 181 668
2854 4 2 1 1 296 271 309 621
2855 4 2 1 1 708 36 35 130
2856 4 2 1 1 204 216 178 621
2857 4 2 1 1 376 725 79 315
2858 4 2 1 1 654 657 476 438
2859 4 2 1 1 595 679 453 692
2860 4 2 1 1 231 230 228 606
2861 4 2 1 1 81 29 30 568
2862 4 2 1 1 47 48 580 129
2863 4 2 1 1 31 30 736 107
2864 4 2 1 1 41 42 128 710
2865 4 2 1 1 258 76 251 667
2866 4 2 1 1 372 543 396 446
2867 4 2 1 1 322 377 413 520
2868 4 2 1 1 709 17 18 82
2869 4 2 1 1 323 325 406 628
2870 4 2 1 1 368 353 543 681
2871 4 2 1 1 352 340 350 588
2872 4 2 1 1 180 207 198 684
2873 4 2 1 1 106 101 86 684
2874 4 2 1 1 363 347 351 550
2875 4 2 1 1 116 97 117 683
2876 4 2 1 1 368 360 396 543
2877 4 2 1 1 408 352 407 588
2878 4 2 1 1 374 407 389 667
2879 4 2 1 1 742 178 61 62
2880 4 2 1 1 680 655 462 672
2881 4 2 1 1 732 170 158 39
2882 4 2 1 1 684 14 13 180
2883 4 2 1 1 241 257 231 695
2884 4 2 1 1 32 31 704 87
2885 4 2 1 1 84 12 11 706
2886 4 2 1 1 223 260 249 639
2887 4 2 1 1 725 418 376 696
2888 4 2 1 1 257 241 242 695
2889 4 2 1 1 235 253 254 630
2890 4 2 1 1 725 418 696 502
2891 4 2 1 1 9 10 711 88
2892 4 2 1 1 369 354 382 681
2893 4 2 1 1 647 689 471 697
2894 4 2 1 1 323 383 319 554
2895 4 2 1 1 410 317 370 602
2896 4 2 1 1 18 82 89 671
2897 4 2 1 1 225 74 548 73
2898 4 2 1 1 166 159 149 691
2899 4 2 1 1 175 211 193 678
2900 4 2 1 1 720 206 57 58
2901 4 2 1 1 284 279 294 698
2902 4 2 1 1 194 189 207 670
2903 4 2 1 1 25 26 85 741
2904 4 2 1 1 464 676 614 449
2905 4 2 1 1 732 170 39 758
2906 4 2 1 1 83 23 24 737
2907 4 2 1 1 354 416 398 661
2908 4 2 1 1 364 550 351 622
2909 4 2 1 1 363 404 371 562
2910 4 2 1 1 11 10 109 749
2911 4 2 1 1 247 23 22 649
2912 4 2 1 1 649 247 23 219
2913 4 2 1 1 4 747 125 534
2914 4 2 1 1 649 226 22 247
2915 4 2 1 1 649 747 113 22
2916 4 2 1 1 296 51 52 724
2917 4 2 1 1 748 26 122 3
2918 4 2 1 1 193 189 194 670
2919 4 2 1 1 59 58 200 745
2920 4 2 1 1 400 398 416 661
2921 4 2 1 1 113 21 22 747
2922 4 2 1 1 716 67 66 196
2923 4 2 1 1 55 153 569 54
2924 4 2 1 1 170 158 132 602
2925 4 2 1 1 718 19 20 111
2926 4 2 1 1 538 643 488 666
2927 4 2 1 1 70 252 69 730
2928 4 2 1 1 727 63 205 64
2929 4 2 1 1 13 12 106 734
2930 4 2 1 1 24 25 104 707
2931 4 2 1 1 240 253 235 630
2932 4 2 1 1 352 408 340 588
2933 4 2 1 1 77 735 221 78
2934 4 2 1 1 43 44 157 719
2935 4 2 1 1 195 181 182 668
2936 4 2 1 1 37 38 132 721
2937 4 2 1 1 375 363 371 680
2938 4 2 1 1 143 162 142 693
2939 4 2 1 1 177 203 214 602
2940 4 2 1 1 382 318 409 593
2941 4 2 1 1 61 199 705 60
2942 4 2 1 1 364 351 402 622
2943 4 2 1 1 56 133 713 55
2944 4 2 1 1 705 285 291 574
2945 4 2 1 1 715 28 27 114
2946 4 2 1 1 135 42 43 740
2947 4 2 1 1 724 51 52 134
2948 4 2 1 1 722 49 50 131
2949 4 2 1 1 33 34 160 717
2950 4 2 1 1 249 80 79 757
2951 4 2 1 1 405 362 377 701
2952 4 2 1 1 45 46 726 159
2953 4 2 1 1 240 258 251 667
2954 4 2 1 1 251 75 733 76
2955 4 2 1 1 753 52 53 155
2956 4 2 1 1 37 36 754 152
2957 4 2 1 1 724 296 51 309
2958 4 2 1 1 755 48 49 150
2959 4 2 1 1 175 196 211 678
2960 4 2 1 1 77 76 258 723
2961 4 2 1 1 744 16 17 105
2962 4 2 1 1 756 35 34 154
2963 4 2 1 1 732 40 39 158
2964 4 2 1 1 738 29 28 108
2965 4 2 1 1 351 364 363 550
2966 4 2 1 1 486 679 595 692
2967 4 2 1 1 67 68 203 731
2968 4 2 1 1 370 394 366 644
2969 4 2 1 1 363 375 347 680
2970 4 2 1 1 750 33 6 169
2971 4 2 1 1 2 27 123 751
2972 4 2 1 1 123 9 2 751
2973 4 2 1 1 751 215 2 57
2974 4 2 1 1 62 750 6 309
2975 4 2 1 1 750 6 51 169
2976 4 2 1 1 124 1 14 728
2977 4 2 1 1 752 56 8 171
2978 4 2 1 1 296 309 724 621
2979 4 2 1 1 296 753 621 724
2980 4 2 1 1 68 758 214 731
2981 4 2 1 1 151 40 41 739
2982 4 2 1 1 743 50 7 168
2983 4 2 1 1 748 26 3 263
2984 4 2 1 1 5 38 758 170
2985 4 2 1 1 20 3 748 122
2986 4 2 1 1 747 21 4 125
2987 4 2 1 1 45 8 171 752
2988 4 2 1 1 4 69 261 534
2989 4 2 1 1 89 19 18 746
2990 4 2 1 1 78 725 242 79
2991 4 2 1 1 263 3 748 75
2992 4 2 1 1 80 743 7 412
2993 4 2 1 1 65 212 64 714
2994 4 2 1 1 168 44 7 743
2995 4 2 1 1 418 401 376 696
2996 4 2 1 1 649 23 22 120
2997 4 2 1 1 223 722 260 639
2998 4 2 1 1 320 312 414 617
2999 4 2 1 1 166 47 46 691
3000 4 2 1 1 712 246 71 70
3001 4 2 1 1 90 89 82 671
3002 4 2 1 1 729 419 409 15
3003 4 2 1 1 313 376 401 696
3004 4 2 1 1 729 15 16 112
3005 4 2 1 1 1 15 728 124
3006 4 2 1 1 170 5 39 758
3007 4 2 1 1 63 728 1 419
3008 4 2 1 1 392 375 314 672
3009 4 2 1 1 394 321 366 643
3010 4 2 1 1 368 354 353 681
3011 4 2 1 1 312 321 414 617
3012 4 2 1 1 368 382 354 681
3013 4 2 1 1 402 394 364 622
3014 4 2 1 1 571 281 278 280
3015 4 2 1 1 571 278 281 551
3016 4 2 1 1 746 441 671 89
3017 4 2 1 1 99 746 111 89
3018 4 2 1 1 592 511 698 438
3019 4 2 1 1 592 698 511 575
3020 4 2 1 1 667 601 221 535
3021 4 2 1 1 221 601 667 240
3022 4 2 1 1 698 278 276 279
3023 4 2 1 1 698 276 278 575
3024 4 2 1 1 116 704 87 534
3025 4 2 1 1 704 683 534 116
3026 4 2 1 1 753 134 155 621
3027 4 2 1 1 525 466 430 573
3028 4 2 1 1 697 432 467 566
3029 4 2 1 1 697 467 432 471
3030 4 2 1 1 99 746 89 441
3031 4 2 1 1 99 746 441 544
3032 4 2 1 1 645 607 328 561
3033 4 2 1 1 645 328 607 635
3034 4 2 1 1 77 76 723 374
3035 4 2 1 1 736 683 107 568
3036 4 2 1 1 682 685 547 472
3037 4 2 1 1 547 685 682 579
3038 4 2 1 1 234 596 254 255
3039 4 2 1 1 234 596 255 484
3040 4 2 1 1 676 567 485 463
3041 4 2 1 1 676 485 567 449
3042 4 2 1 1 600 658 539 480
3043 4 2 1 1 600 658 480 632
3044 4 2 1 1 207 479 612 670
3045 4 2 1 1 300 704 270 289
3046 4 2 1 1 443 682 625 659
3047 4 2 1 1 659 682 625 483
3048 4 2 1 1 723 374 76 667
3049 4 2 1 1 723 313 77 374
3050 4 2 1 1 560 358 652 474
3051 4 2 1 1 560 652 358 350
3052 4 2 1 1 581 440 653 430
3053 4 2 1 1 723 535 374 667
3054 4 2 1 1 617 740 128 471
3055 4 2 1 1 617 128 740 710
3056 4 2 1 1 300 551 281 287
3057 4 2 1 1 300 551 287 626
3058 4 2 1 1 616 626 484 551
3059 4 2 1 1 484 626 616 534
3060 4 2 1 1 457 504 555 491
3061 4 2 1 1 457 541 422 669
3062 4 2 1 1 714 175 672 65
3063 4 2 1 1 714 175 65 212
3064 4 2 1 1 194 714 175 446
3065 4 2 1 1 714 175 446 672
3066 4 2 1 1 590 699 531 429
3067 4 2 1 1 531 699 590 482
3068 4 2 1 1 626 300 297 287
3069 4 2 1 1 626 297 300 534
3070 4 2 1 1 152 708 130 36
3071 4 2 1 1 152 708 36 754
3072 4 2 1 1 550 346 549 529
3073 4 2 1 1 550 549 346 351
3074 4 2 1 1 166 580 149 129
3075 4 2 1 1 149 580 166 691
3076 4 2 1 1 653 651 699 618
3077 4 2 1 1 653 581 618 500
3078 4 2 1 1 756 130 35 154
3079 4 2 1 1 174 756 570 708
3080 4 2 1 1 457 443 491 528
3081 4 2 1 1 313 374 723 535
3082 4 2 1 1 681 744 382 369
3083 4 2 1 1 681 744 369 539
3084 4 2 1 1 365 619 384 415
3085 4 2 1 1 384 619 365 561
3086 4 2 1 1 562 67 203 731
3087 4 2 1 1 562 203 67 196
3088 4 2 1 1 223 49 50 722
3089 4 2 1 1 705 285 271 291
3090 4 2 1 1 223 50 260 722
3091 4 2 1 1 640 442 524 523
3092 4 2 1 1 608 53 155 753
$EndElements
