$MeshFormat
2.2 0 8
$EndMeshFormat
$PhysicalNames
1
3 1 "tissue"
$EndPhysicalNames
$Nodes
729
1 0 0 0.08
2 0 0 0
3 0 0.08 0.08
4 0 0.08 0
5 0.08 0 0.08
6 0.08 0 0
7 0.08 0.08 0.08
8 0.08 0.08 0
9 0 0 0.01142857142857141
10 0 0 0.0228571428571428
11 0 0 0.03428571428571419
12 0 0 0.04571428571428559
13 0 0 0.05714285714285704
14 0 0 0.06857142857142852
15 0 0.01142857142857141 0.08
16 0 0.0228571428571428 0.08
17 0 0.03428571428571419 0.08
18 0 0.04571428571428559 0.08
19 0 0.05714285714285704 0.08
20 0 0.06857142857142852 0.08
21 0 0.08 0.01142857142857141
22 0 0.08 0.0228571428571428
23 0 0.08 0.03428571428571419
24 0 0.08 0.04571428571428559
25 0 0.08 0.05714285714285704
26 0 0.08 0.06857142857142852
27 0 0.01142857142857141 0
28 0 0.0228571428571428 0
29 0 0.03428571428571419 0
30 0 0.04571428571428559 0
31 0 0.05714285714285704 0
32 0 0.06857142857142852 0
33 0.08 0 0.01142857142857141
34 0.08 0 0.0228571428571428
35 0.08 0 0.03428571428571419
36 0.08 0 0.04571428571428559
37 0.08 0 0.05714285714285704
38 0.08 0 0.06857142857142852
39 0.08 0.01142857142857141 0.08
40 0.08 0.0228571428571428 0.08
41 0.08 0.03428571428571419 0.08
42 0.08 0.04571428571428559 0.08
43 0.08 0.05714285714285704 0.08
44 0.08 0.06857142857142852 0.08
45 0.08 0.08 0.01142857142857141
46 0.08 0.08 0.0228571428571428
47 0.08 0.08 0.03428571428571419
48 0.08 0.08 0.04571428571428559
49 0.08 0.08 0.05714285714285704
50 0.08 0.08 0.06857142857142852
51 0.08 0.01142857142857141 0
52 0.08 0.0228571428571428 0
53 0.08 0.03428571428571419 0
54 0.08 0.04571428571428559 0
55 0.08 0.05714285714285704 0
56 0.08 0.06857142857142852 0
57 0.01142857142857141 0 0
58 0.0228571428571428 0 0
59 0.03428571428571419 0 0
60 0.04571428571428559 0 0
61 0.05714285714285704 0 0
62 0.06857142857142852 0 0
63 0.01142857142857141 0 0.08
64 0.0228571428571428 0 0.08
65 0.03428571428571419 0 0.08
66 0.04571428571428559 0 0.08
67 0.05714285714285704 0 0.08
68 0.06857142857142852 0 0.08
69 0.01142857142857141 0.08 0
70 0.0228571428571428 0.08 0
71 0.03428571428571419 0.08 0
72 0.04571428571428559 0.08 0
73 0.05714285714285704 0.08 0
74 0.06857142857142852 0.08 0
75 0.01142857142857141 0.08 0.08
76 0.0228571428571428 0.08 0.08
77 0.03428571428571419 0.08 0.08
78 0.04571428571428559 0.08 0.08
79 0.05714285714285704 0.08 0.08
80 0.06857142857142852 0.08 0.08
81 0 0.0397078969803599 0.009832045981348941
82 0 0.03991082957416321 0.06996909340914348
83 0 0.06921624058144235 0.03924814491767438
84 0 0.01120685053612115 0.03968654573665948
85 0 0.07039402435542953 0.06320420468348693
86 0 0.009703288536842608 0.06308249696987302
87 0 0.06282839513497147 0.009488627306479491
88 0 0.009598089394970158 0.01654597073959284
89 0 0.05142857142857132 0.07010256681389217
90 0 0.0457142857142856 0.0597102619684789
91 0 0.03384838301845384 0.05981975923737902
92 0 0.03958769659249584 0.04940432564319445
93 0 0.05116370123218368 0.04900858634418612
94 0 0.04534860916430506 0.03889412710546482
95 0 0.03344451914088176 0.0390853136494655
96 0 0.03925830571783796 0.02863176159473191
97 0 0.05125696558589867 0.02845299613481786
98 0 0.02804300904927047 0.02938806529837574
99 0 0.05897206539161659 0.05885885542793782
100 0 0.02812282878526878 0.04924077513744807
101 0 0.02082127870606096 0.05891345730927563
102 0 0.05689755261783871 0.03859768209204144
103 0 0.0629901695818809 0.02854029243690706
104 0 0.06995441594471659 0.05197938841745038
105 0 0.0284602610958897 0.07005643686851064
106 0 0.01003235824674879 0.05206831005203797
107 0 0.05127271696442129 0.009671900762647701
108 0 0.02822641417063546 0.009609657611929565
109 0 0.01026580922397711 0.02718579790453309
110 0 0.02297161907759245 0.03934165687184019
111 0 0.0629030431706587 0.07079595794201486
112 0 0.01708739004789642 0.07079104524167919
113 0 0.06996024316240905 0.01800232798405933
114 0 0.01714285714285711 0.009150185861511166
115 0 0.02070724111882383 0.02033914648231442
116 0 0.0572385231190382 0.01893970502505768
117 0 0.04512264828464785 0.01948208552543465
118 0 0.03312473359751197 0.0197153239904433
119 0 0.0611441653398111 0.04770798261846054
120 0 0.07260022603821104 0.02857142857142849
121 0 0.01863098707035843 0.04785014902145227
122 0 0.07169189411937073 0.07169189411937073
123 0 0.008308105880629199 0.008308105880629199
124 0 0.008308105880629212 0.07169189411937077
125 0 0.07169189411937078 0.008308105880629217
126 0 0.018638905801157 0.03118824245874458
127 0.08 0.0397078969803599 0.009832045981348932
128 0.08 0.03991082957416321 0.06996909340914348
129 0.08 0.06921624058144234 0.03924814491767438
130 0.08 0.01117452789189271 0.03972240442208787
131 0.08 0.07039402435542953 0.06320420468348693
132 0.08 0.009703288536842606 0.063082496969873
133 0.08 0.06282839513497147 0.009488627306479491
134 0.08 0.01649709664477618 0.00960128498567212
135 0.08 0.05142857142857132 0.07010256681389217
136 0.08 0.0457142857142856 0.0597102619684789
137 0.08 0.03384838301845383 0.05981975923737903
138 0.08 0.03958769659249583 0.04940432564319445
139 0.08 0.05116370123218369 0.04900858634418612
140 0.08 0.04534860916430506 0.03889412710546482
141 0.08 0.03344451914088176 0.03908531364946549
142 0.08 0.03925830571783797 0.02863176159473192
143 0.08 0.05125696558589867 0.02845299613481788
144 0.08 0.02733625583180682 0.02940709793755109
145 0.08 0.0589720653916166 0.05885885542793782
146 0.08 0.02812282878526878 0.04924077513744807
147 0.08 0.02082127870606096 0.05891345730927563
148 0.08 0.05689755261783871 0.03859768209204145
149 0.08 0.0629901695818809 0.02854029243690707
150 0.08 0.06995441594471659 0.05197938841745038
151 0.08 0.0284602610958897 0.07005643686851064
152 0.08 0.01002697113937738 0.05207428649960936
153 0.08 0.05127271696442129 0.009671900762647699
154 0.08 0.009552562627620562 0.02788291119667579
155 0.08 0.02752328827247985 0.01023466144365049
156 0.08 0.02281073001571059 0.03939264055894062
157 0.08 0.0629030431706587 0.07079595794201486
158 0.08 0.01708739004789641 0.07079104524167919
159 0.08 0.06996024316240905 0.01800232798405934
160 0.08 0.009150185861511164 0.01714285714285711
161 0.08 0.0572385231190382 0.01893970502505768
162 0.08 0.04512264828464785 0.01948208552543465
163 0.08 0.03293592339275107 0.01997449436452594
164 0.08 0.01975375878858555 0.02118361430726273
165 0.08 0.06114416533981109 0.04770798261846054
166 0.08 0.07260022603821104 0.0285714285714285
167 0.08 0.01859126730766208 0.04786871278547231
168 0.08 0.07169189411937073 0.07169189411937073
169 0.08 0.008308105880629198 0.008308105880629198
170 0.08 0.008308105880629212 0.07169189411937078
171 0.08 0.07169189411937078 0.008308105880629217
172 0.08 0.01818212409164388 0.03137839113687806
173 0.009832045981348932 0 0.0397078969803599
174 0.06996909340914348 0 0.03991082957416321
175 0.03924814491767438 0 0.06921624058144234
176 0.03972240442208787 0 0.01117452789189271
177 0.07068660943097407 0 0.062877851865708
178 0.063082496969873 0 0.009703288536842606
179 0.00960128498567212 0 0.01649709664477618
180 0.009488627306479491 0 0.06282839513497149
181 0.06997233626733922 0 0.05149044263413852
182 0.0596970909540834 0 0.04569615646361264
183 0.0598175640683131 0 0.033845361476675
184 0.04940176461261755 0 0.03958417146042053
185 0.04899386268589632 0 0.05113842607695233
186 0.03889124632398704 0 0.04534380911642062
187 0.0390844066807897 0 0.03344313161088847
188 0.02863176159473192 0 0.03925830571783797
189 0.02845299613481788 0 0.05125696558589867
190 0.02940702081436437 0 0.02733613784456249
191 0.04923983127606163 0 0.02812150641796087
192 0.05891300887635385 0 0.02082065814761999
193 0.03859474801874685 0 0.05689254008398609
194 0.0285398034246913 0 0.06298933415957214
195 0.05876337089178109 0 0.0590427747618005
196 0.05190563069036689 0 0.07004216580359045
197 0.07005632217662933 0 0.02846010308446131
198 0.009671900762647699 0 0.05127271696442129
199 0.05207421176078907 0 0.01002686771297056
200 0.02788291119667579 0 0.009552562627620562
201 0.01023466144365049 0 0.02752328827247985
202 0.03939231923339913 0 0.02281025870161967
203 0.06285714285714276 0 0.07084981413848877
204 0.07079102081067809 0 0.01708735626987556
205 0.01800227808485364 0 0.06996015791523469
206 0.01714285714285711 0 0.009150185861511164
207 0.01893961520648744 0 0.05723836967412435
208 0.01948208552543465 0 0.04512264828464785
209 0.01997448151066149 0 0.03293590372821035
210 0.02118360512593098 0 0.01975374474248504
211 0.04770798261846054 0 0.06114416533981109
212 0.0285714285714285 0 0.07260022603821104
213 0.04786835511373832 0 0.01859076377441276
214 0.07169189411937073 0 0.07169189411937073
215 0.008308105880629198 0 0.008308105880629198
216 0.07169189411937078 0 0.008308105880629212
217 0.008308105880629205 0 0.0716918941193708
218 0.03137833290401236 0 0.01818203789915306
219 0.009832045981348932 0.08 0.0397078969803599
220 0.06996909340914348 0.08 0.03991082957416321
221 0.03924814491767438 0.08 0.06921624058144234
222 0.03972240442208787 0.08 0.01117452789189271
223 0.07068660943097407 0.08 0.062877851865708
224 0.009488627306479491 0.08 0.06282839513497147
225 0.063082496969873 0.08 0.009703288536842606
226 0.00960128498567212 0.08 0.01649709664477618
227 0.06997233626733922 0.08 0.05149044263413852
228 0.0596970909540834 0.08 0.04569615646361264
229 0.0598175640683131 0.08 0.033845361476675
230 0.04940176461261755 0.08 0.03958417146042053
231 0.04899386268589632 0.08 0.05113842607695233
232 0.03889124632398704 0.08 0.04534380911642062
233 0.0390844066807897 0.08 0.03344313161088847
234 0.02863176159473192 0.08 0.03925830571783797
235 0.02845299613481788 0.08 0.05125696558589867
236 0.02940702081436437 0.08 0.02733613784456249
237 0.04923983127606163 0.08 0.02812150641796087
238 0.05891300887635385 0.08 0.02082065814761999
239 0.03859474801874685 0.08 0.05689254008398609
240 0.0285398034246913 0.08 0.06298933415957214
241 0.05876337089178109 0.08 0.0590427747618005
242 0.05190563069036689 0.08 0.07004216580359045
243 0.07005632217662933 0.08 0.02846010308446131
244 0.009671900762647699 0.08 0.05127271696442129
245 0.05207421176078907 0.08 0.01002686771297056
246 0.02788291119667579 0.08 0.009552562627620562
247 0.01023466144365049 0.08 0.02752328827247985
248 0.03939231923339913 0.08 0.02281025870161967
249 0.06285714285714276 0.08 0.07084981413848877
250 0.07079102081067809 0.08 0.01708735626987556
251 0.01800227808485365 0.08 0.06996015791523469
252 0.01714285714285711 0.08 0.009150185861511164
253 0.01893961520648744 0.08 0.05723836967412435
254 0.01948208552543465 0.08 0.04512264828464785
255 0.01997448151066149 0.08 0.03293590372821035
256 0.02118360512593098 0.08 0.01975374474248504
257 0.04770798261846054 0.08 0.06114416533981109
258 0.0285714285714285 0.08 0.07260022603821104
259 0.04786835511373832 0.08 0.01859076377441276
260 0.07169189411937073 0.08 0.07169189411937073
261 0.008308105880629198 0.08 0.008308105880629198
262 0.07169189411937078 0.08 0.008308105880629212
263 0.008308105880629217 0.08 0.07169189411937078
264 0.03137833290401236 0.08 0.01818203789915306
265 0.03968603227271829 0.01120631394864601 0
266 0.03924866340513808 0.06921627484340813 0
267 0.06996909340914348 0.03991082957416321 0
268 0.009832045981348935 0.03970789698035991 0
269 0.06326395504321899 0.07038824724804711 0
270 0.009488628167187436 0.06282848820243486 0
271 0.06308102438485394 0.009702845874423403 0
272 0.01654597073959284 0.009598089394970158 0
273 0.07007138906245147 0.05150288011676855 0
274 0.059748025009289 0.04566260228272959 0
275 0.05981959522979227 0.03383848734658921 0
276 0.04941196411529885 0.03957065597486044 0
277 0.04907629956861571 0.05114643066511836 0
278 0.03890690905076548 0.04534287160196769 0
279 0.03908514547128195 0.03344030862928932 0
280 0.02863176159473192 0.039258305717838 0
281 0.02845299613481788 0.0512569655858987 0
282 0.02938803726867845 0.02804230729733843 0
283 0.05887815322415665 0.05897198754341813 0
284 0.04923850754393501 0.02811614401469074 0
285 0.05891238610446033 0.02081831024646269 0
286 0.03861156594106976 0.0568937518203995 0
287 0.02854269451330998 0.06298975506157731 0
288 0.05199282214135294 0.06995342540918363 0
289 0.009671902593086593 0.05127291488789341 0
290 0.07005638327919013 0.02845970298939489 0
291 0.05206720146847733 0.0100310742764457 0
292 0.009609657611929558 0.02822641417063548 0
293 0.02718571232720954 0.01026571979273126 0
294 0.0393405616196863 0.02296897078860852 0
295 0.07079803478519263 0.06290601301536822 0
296 0.07079093255516164 0.01708721784410493 0
297 0.01800257421457324 0.06996034091351226 0
298 0.009150185861511164 0.01714285714285711 0
299 0.02033913025274 0.02070712809265557 0
300 0.01894014685806829 0.05723851882266073 0
301 0.01948208552543464 0.04512264828464788 0
302 0.01971532399044328 0.03312473359751204 0
303 0.04770901831846129 0.06114404282022847 0
304 0.02857142857142849 0.07260041097849348 0
305 0.04784893780185545 0.01862816265497073 0
306 0.07169189411937073 0.07169189411937073 0
307 0.008308105880629198 0.008308105880629198 0
308 0.008308105880629212 0.07169189411937077 0
309 0.07169189411937078 0.008308105880629217 0
310 0.03118789474820652 0.01863808798399596 0
311 0.009306534503102089 0.03956122399526419 0.08
312 0.06835975220308833 0.04041258554076387 0.08
313 0.03970546720069683 0.07019854086983363 0.08
314 0.03873792073644056 0.009043302256858234 0.08
315 0.06196053862654178 0.068829467169901 0.08
316 0.01131049160615948 0.06267271135895512 0.08
317 0.0628293331614138 0.009301472897634319 0.08
318 0.01672433230490588 0.008839879809548885 0.08
319 0.06821299764454809 0.05134360229781034 0.08
320 0.06151846160035535 0.04615757900425155 0.08
321 0.06205265318957967 0.03558640356691252 0.08
322 0.05327495602818617 0.03932130963565347 0.08
323 0.06241330891730119 0.05896415799758728 0.08
324 0.05232340420618174 0.05171313829544887 0.08
325 0.0530263771203477 0.05926289596470777 0.08
326 0.0460695831193742 0.05702001150115213 0.08
327 0.04583353800724689 0.05003582610654243 0.08
328 0.06826412595832156 0.02981417084942 0.08
329 0.05997993121062863 0.02506872076242554 0.08
330 0.05354697433047144 0.03028074559132585 0.08
331 0.05236190361664361 0.02262309467003861 0.08
332 0.04638890777188949 0.02624668806209133 0.08
333 0.04740158224217025 0.03249608900405242 0.08
334 0.04636513361925536 0.01992760235480245 0.08
335 0.04128960420493241 0.02360946676417575 0.08
336 0.04178468891650703 0.029319121157433 0.08
337 0.03692011508686087 0.02715554679284597 0.08
338 0.03757743122994758 0.03221514689810338 0.08
339 0.03286254783711115 0.03034930677489001 0.08
340 0.03362124812152761 0.03529877181686562 0.08
341 0.03827658308084152 0.03729240598632923 0.08
342 0.03429060488225517 0.04027126329531086 0.08
343 0.03213110437326064 0.02539238296368088 0.08
344 0.02784987891587944 0.02847358946128241 0.08
345 0.02968488758564328 0.03837680975077364 0.08
346 0.03037527262526119 0.04332720711349829 0.08
347 0.03497714360049792 0.04520667859908496 0.08
348 0.03104655328282925 0.0482788252689736 0.08
349 0.03570970087390721 0.05014849472154856 0.08
350 0.03171431513322705 0.05335105602832932 0.08
351 0.02645112647812988 0.05116011164977707 0.08
352 0.02750565926627124 0.05771388066003425 0.08
353 0.02560373288577521 0.04177481051369879 0.08
354 0.03640890807424307 0.05521270138830701 0.08
355 0.02497163753053881 0.03648813480517282 0.08
356 0.02671711423947627 0.02362343818964687 0.08
357 0.02146431077442481 0.02697544062345135 0.08
358 0.01974801909620777 0.05559115154667114 0.08
359 0.03965113599173422 0.04707195604154781 0.08
360 0.02257723763954076 0.06455592300768895 0.08
361 0.02069440422252932 0.04725678974791037 0.08
362 0.02125256621103986 0.04024758004641155 0.08
363 0.01095042575480247 0.05016065913261147 0.08
364 0.05030036928178992 0.0118760503738812 0.08
365 0.031796198959618 0.01780655545526441 0.08
366 0.04243232342158988 0.03464598764625076 0.08
367 0.04300013166968437 0.03949627406772163 0.08
368 0.02683421789890497 0.04635954885877162 0.08
369 0.02740531139566228 0.009077816393361506 0.08
370 0.05022176119740771 0.07007780897774521 0.08
371 0.01139803631616206 0.02763753448741021 0.08
372 0.04034477903013702 0.05202360825012129 0.08
373 0.04446259928235701 0.04456945218688434 0.08
374 0.04944716105845913 0.04638656012261202 0.08
375 0.04854804057208614 0.04111602657374885 0.08
376 0.06891597725645605 0.01809989179777316 0.08
377 0.03876152532777652 0.04214776825101112 0.08
378 0.01879411808800659 0.03477557420019399 0.08
379 0.02901286148989884 0.03344356820540141 0.08
380 0.04655006433555693 0.03662452529457968 0.08
381 0.05089967779559075 0.0359593975665826 0.08
382 0.07084981413848877 0.06285714285714276 0.08
383 0.009282831997802183 0.01671694323508988 0.08
384 0.03132047443601091 0.06418629578286707 0.08
385 0.02020066028094156 0.01874880518030042 0.08
386 0.04120284206081826 0.05682930267572628 0.08
387 0.04455661312533134 0.06233711763382772 0.08
388 0.03760728513031418 0.06116241015173833 0.08
389 0.02465868230853497 0.03188815410880987 0.08
390 0.01750462318716581 0.07212509152207799 0.08
391 0.05525186884359743 0.04660490858407463 0.08
392 0.05892786557837579 0.01721460367832649 0.08
393 0.03291132840801329 0.05832526880225519 0.08
394 0.04030593133447418 0.0169614051253743 0.08
395 0.03648859079182922 0.02218507142026826 0.08
396 0.05606033236741799 0.03569433072665149 0.08
397 0.05840959978209294 0.04087585232863985 0.08
398 0.05844550462039912 0.03123470578555406 0.08
399 0.05184492531504273 0.04336160513037467 0.08
400 0.07163370505635563 0.008366294943644381 0.08
401 0.07169189411937073 0.07169189411937073 0.08
402 0.008308105880629198 0.008308105880629198 0.08
403 0.008221921118503495 0.07196617330435981 0.08
404 0.02830119797429417 0.07280454032905517 0.08
405 0.05879106972205525 0.05234104702398008 0.08
406 0.01559353085561861 0.04318559442233687 0.08
407 0.04839774068753994 0.05355883521333854 0.08
408 0.0499248419902937 0.02791165433187705 0.08
409 0.04436969658102326 0.05389351674937614 0.08
410 0.03997993148249249 0.03870089242842697 0.03691304966610145
411 0.04084481979547044 0.05463571678861458 0.05675670252221286
412 0.03648642014098141 0.03303867857007216 0.06181699716619845
413 0.05591398055119057 0.0412504083123502 0.05943478403510444
414 0.02838168103803835 0.04952986873869424 0.06431196022259794
415 0.02397366822474155 0.05848525619671145 0.04119914568980269
416 0.0618396588658628 0.05662208676227656 0.04286874763228393
417 0.05267106826886886 0.01977040446833681 0.05099475111817298
418 0.04881411268943728 0.03039668123353215 0.06720780421252351
419 0.03732626113885551 0.01397430211655387 0.06251776321533775
420 0.02126195535871309 0.02374815339873299 0.04377293250376662
421 0.04362358472682468 0.0437616332057888 0.06860799428969126
422 0.0579320788642869 0.05851930666322946 0.06547541931608956
423 0.04528484271772338 0.04198671525280423 0.05342493534276173
424 0.03026217421943845 0.04454896045604877 0.05049271170202167
425 0.01648223544883751 0.03160211459317003 0.05975722260351122
426 0.0557130228763749 0.02427271342569083 0.02432635852217427
427 0.02643794086244215 0.03530654670526902 0.06924320693740232
428 0.03533144114176876 0.05922612367609815 0.06984741593586735
429 0.04108185756896771 0.05854286195933249 0.02416874509417943
430 0.02243829072398557 0.03856006598656569 0.02295714626072143
431 0.03840689278861964 0.03093601092971877 0.06964224567109013
432 0.03626613043837698 0.0450472743938241 0.05988939954060078
433 0.03549895684352317 0.04281917346415055 0.07056701792736116
434 0.05913153206706714 0.02832317402344264 0.04269068213433631
435 0.06628187852394087 0.02664683090911139 0.05843266748900886
436 0.02153064745417613 0.06709275994267355 0.06644312953667732
437 0.05240022338611808 0.03961658193712804 0.0702364599120375
438 0.01516033838190128 0.04953123548385779 0.05385968625568049
439 0.03599522619581037 0.02392518974867956 0.02339215687397177
440 0.03020221700294325 0.0284060937959329 0.05964323734471462
441 0.03343922093429021 0.05219447877776515 0.05491973651654933
442 0.04027228328153981 0.05493848181932009 0.04020350269644948
443 0.02680342514585116 0.03967115496133223 0.05974443628017887
444 0.01335873661488227 0.04534390240140991 0.06823182565297833
445 0.04625912955761339 0.03708545542530242 0.05919577404787154
446 0.04110390317444166 0.02911205330724616 0.05173825307199113
447 0.05468344975620246 0.02911481978239265 0.05508518693779442
448 0.04564710592797073 0.03602172427802672 0.07120242010645725
449 0.0358637645807813 0.0681491003731374 0.06127813110091125
450 0.047967747858424 0.05726697566432892 0.06837464664291579
451 0.02731676623473227 0.03157005185599875 0.04860528078920892
452 0.01690769185150066 0.03901040499948722 0.03976482814761271
453 0.03564233647244994 0.02196621129176248 0.03697815994913758
454 0.04779688928357451 0.06916000300194337 0.06213477342625968
455 0.05089070527106028 0.01206932403093615 0.06256232992005183
456 0.05059918495788611 0.04917784037568933 0.07475783680893114
457 0.06802418258120126 0.04500060386189587 0.07143256969015911
458 0.06897835102403324 0.0502471345322165 0.05519006094843858
459 0.05202499400607756 0.04980858853273226 0.05898701709783134
460 0.05116470921566144 0.05466498897956135 0.0496553293468485
461 0.04342435683843584 0.02785455889665259 0.06052271529953762
462 0.06137315186303179 0.04342451122200774 0.02046474919625391
463 0.03215743005738157 0.02174519261900554 0.05198162344055828
464 0.02440474331739044 0.01191082726820332 0.05483231320607315
465 0.03855759416282536 0.04958212245085015 0.05001414126135958
466 0.03453281183043227 0.03479773231064329 0.05307516342290806
467 0.02630857185482112 0.04486744048272204 0.07444426748307936
468 0.02513801105394544 0.0649729183224229 0.02205336915867275
469 0.05466554812540145 0.04580626853939566 0.05182208231221299
470 0.04140332763885982 0.03926287503217629 0.01839258511456062
471 0.06655246184846621 0.01529036716187534 0.03818386950009147
472 0.03325847356232836 0.052217531922719 0.07171700230251156
473 0.03607753857354033 0.05246092179684799 0.06648147744806777
474 0.01966464382139057 0.05674675307899942 0.07210530331222953
475 0.03299190917813755 0.03606130203747512 0.07190546038708814
476 0.02751460115140017 0.02857440174363187 0.07373416277639368
477 0.01362511542462857 0.02282725251233736 0.06972678058290707
478 0.04268435996758252 0.01964079859329712 0.07303630684622975
479 0.01296930256677975 0.0222940162965707 0.02606234304627034
480 0.06019229524998632 0.0318637457870907 0.0668448763647313
481 0.02487048790171387 0.01163991383791715 0.06915664558694952
482 0.03915070228338966 0.037301299901916 0.06750251294986855
483 0.05045184396514781 0.04473280177391535 0.06459659038402113
484 0.06821623759775731 0.0385277141761426 0.05920309449443176
485 0.06019575938041045 0.06479829520318491 0.02631004389830626
486 0.04545516082026356 0.02953444025509515 0.07367889513081378
487 0.03979093565678893 0.05475908794059577 0.07352075983765377
488 0.05902207923206971 0.0684454659078597 0.05463526073881805
489 0.06906328106639069 0.0124367741105051 0.01339889774331384
490 0.04375044248794301 0.04777577176614956 0.07498986020169812
491 0.03339780934651039 0.02077371973082514 0.07324621751771664
492 0.03322789690963129 0.03963559039707764 0.06441287445956487
493 0.03193545190043674 0.03217214368369587 0.0667057384539327
494 0.04499874043328674 0.0511540689957803 0.06303628005537464
495 0.04841733669108642 0.01228628796217536 0.01530352874756299
496 0.03735874495190475 0.02730729237060385 0.06430046644147865
497 0.05286756339763988 0.03676409176091856 0.06321619184131758
498 0.04899594331753197 0.05799821389906969 0.05845128160503852
499 0.04561788219117131 0.06732602570469175 0.04906231446635267
500 0.06022361639273582 0.04784437720532116 0.06122799102856233
501 0.04335804476192055 0.03274108970387939 0.06521690488922445
502 0.04624837619298182 0.06808549764455815 0.03587907410639668
503 0.04370761367257232 0.04589275357708326 0.06043893308562348
504 0.0514486097635525 0.03705302706764671 0.05547860551656875
505 0.04956403209844677 0.03464701338261784 0.04764545643767996
506 0.02540809871729185 0.03420904956616725 0.06289599877565369
507 0.0206747838600662 0.03868875793164445 0.05183407872762104
508 0.06852532333926684 0.0685885539549545 0.06891365864685792
509 0.02465888234033647 0.04197079474162659 0.06623106787925515
510 0.01236115777926648 0.04954127935218679 0.01264254434639009
511 0.03241262572402352 0.0498466563677851 0.0293275434642212
512 0.03977359114769272 0.03961887301146177 0.05820259439339942
513 0.0550167938110075 0.02714218102058667 0.07322178126772982
514 0.04739061297750492 0.04214432074848013 0.07508435293649734
515 0.01292150003168168 0.01207703794046378 0.01292415113964381
516 0.02191711318892373 0.02699515561848474 0.05480599256656541
517 0.02986430837918265 0.04643321522765835 0.05741253870940563
518 0.04897071357884647 0.01289567190540257 0.03785636912528959
519 0.03287331015736741 0.05068068195856811 0.06122289680623251
520 0.02942400013523262 0.05867932419056825 0.06398487038260266
521 0.02404241243897862 0.05385664544045994 0.06055021731721504
522 0.04124912137082358 0.04180279864513733 0.07479638695493947
523 0.06926730119402115 0.03152988974522069 0.03228904831793902
524 0.03648442295971609 0.06760172974836505 0.0123114980801461
525 0.041576264568659 0.05809795170366192 0.06443385238110078
526 0.04420880172836233 0.06243771169756607 0.07354948250651067
527 0.03023092337095035 0.07056638453658616 0.07223839183730205
528 0.03115130964331395 0.04988674685766586 0.01408099287441995
529 0.05052926558392754 0.03292018445770627 0.07463078555523624
530 0.03312858380852356 0.04031820369550494 0.05768062226126601
531 0.04588316633304236 0.04984920728418653 0.05511444379568569
532 0.01192484289008635 0.02966997412777079 0.01205095528430457
533 0.06936906930021067 0.06935569174109164 0.01339124516920656
534 0.0523357682813821 0.06838715301914731 0.01264019533695383
535 0.06049656153587243 0.03776258636393973 0.05172865073934501
536 0.03171962251199353 0.01102308797847435 0.04257157592684721
537 0.04064035745977219 0.01027060175839599 0.05162594978997039
538 0.01187568897055489 0.05078691681738117 0.02906973508628194
539 0.05165079662247449 0.0516771728282836 0.06646739769630913
540 0.04944051210729659 0.02396034468236758 0.06145063734902031
541 0.05638668153625506 0.03529940434525188 0.07474323862917968
542 0.06735783992544332 0.0354580550422048 0.07162995851585353
543 0.05065436371917545 0.03307241720377661 0.0323651016986728
544 0.02091700403196628 0.03164545999505768 0.07393375242086503
545 0.06740062080950013 0.03365391045060141 0.01476722548216692
546 0.04862582331189138 0.0423083404835491 0.05899056000477933
547 0.03587872851192864 0.05799285392606442 0.06012678982091268
548 0.03549989151933585 0.0611075646397865 0.05108595394674453
549 0.02572431976031653 0.06259852746278542 0.0545555981527027
550 0.01273182854337709 0.06848666130686873 0.01251729743384612
551 0.0106804241370162 0.02179084078326804 0.05471364445811464
552 0.03082743784993272 0.04054813933951723 0.0758887532364259
553 0.03681715555516417 0.04754066081474573 0.07545022044747159
554 0.05295376543167831 0.05622634462145976 0.07421057533959918
555 0.02921834574734461 0.06881280624641178 0.03471724333886558
556 0.01396011621402711 0.06808323245243367 0.04795635272583068
557 0.02794110938648137 0.03512052916651095 0.0756174358730281
558 0.02183881825977886 0.03993788072819873 0.07395706273833008
559 0.05112208247057291 0.04983212824640571 0.03012073543633472
560 0.03498227965576287 0.02934700724027714 0.04428208060786849
561 0.02648753219808786 0.0319748211046445 0.03424254984469383
562 0.06982897381428939 0.06953786173777006 0.04100318841135007
563 0.07038071630271797 0.02907607221272391 0.04551592480020711
564 0.06491891592305141 0.01259230928372175 0.05270557388840814
565 0.01086559614985723 0.05694977233022214 0.0634169114711961
566 0.03955015764499899 0.03455044409258243 0.07520618745599214
567 0.0113620276561746 0.01151287983764513 0.06738636632156207
568 0.03005812908282637 0.03466635249277494 0.0102666192880458
569 0.04672961814395538 0.03235173316035631 0.05518691504643304
570 0.04324614539636718 0.02643697501143228 0.0678610182416811
571 0.04732899645332922 0.0262048443805412 0.05379134627144069
572 0.04753938829392437 0.03845037007488103 0.06630428857550651
573 0.04289219203555264 0.03630414987682811 0.05344116355972972
574 0.0403492694434617 0.03686797723946224 0.04698521625229625
575 0.04941688145349703 0.05194148174832387 0.01137829245928865
576 0.01015415953338351 0.03427895045035045 0.07060365901554133
577 0.01027792486036456 0.01122886507172256 0.04014985955808285
578 0.0187012653509244 0.03538203080998634 0.06705903549592894
579 0.02289522614832126 0.04510413388143689 0.0585118393290953
580 0.02371565138897756 0.01137224458873323 0.02902048386278987
581 0.01137351819053933 0.06573997823084179 0.02826409985655556
582 0.0255078407075758 0.03413990172542625 0.0561899770050844
583 0.04225029299461386 0.02137389820827819 0.06367414015051895
584 0.03333067055153872 0.0303591515071192 0.0755424399342812
585 0.06858618030656817 0.01263473889871678 0.06769052120577435
586 0.05302869940630438 0.03059660007979193 0.0105536622050642
587 0.03421758858165152 0.04650835700064145 0.06548808636522098
588 0.06856196846925521 0.05615742688949125 0.06785694684285962
589 0.03876252410933823 0.02648216738062621 0.07488462503752837
590 0.05587760248420422 0.04319072618635416 0.07433584016704189
591 0.02955589467147562 0.05914666185776596 0.07409066085196934
592 0.03198033346810435 0.05300595697985627 0.04730489272506268
593 0.05591811975619738 0.06829606512320968 0.07118666234685331
594 0.02999100012762599 0.03781924010799421 0.04471607710329238
595 0.02562973712570861 0.04641806745265185 0.04038937583688257
596 0.03571316855780036 0.04406914458576636 0.04528919494381162
597 0.05813980403095689 0.0212141965429331 0.06396712972302773
598 0.0451398970886712 0.05394242586521503 0.07564873702476953
599 0.03267976465680844 0.01039646296543649 0.01275831009010116
600 0.03727567836861463 0.04301874005388986 0.05283097282324905
601 0.04538738413774535 0.02720444894810435 0.04297500863155788
602 0.06989020977016282 0.05254307936889382 0.03004992368874756
603 0.05997798798859252 0.05568754369462766 0.05580943726818037
604 0.02190718468910241 0.04917143756535086 0.06809254632645166
605 0.06856040109211095 0.04340423381670393 0.04425517967994209
606 0.01017708175332885 0.03588461887813155 0.02827712040625723
607 0.03886576303689851 0.008865284719690964 0.07152692881487317
608 0.05944224529494289 0.05095509408569968 0.07454008990087739
609 0.0103703507403996 0.03475420563762499 0.04864696752984766
610 0.04206368740211163 0.05612105922153819 0.05022398860667052
611 0.03889778035665981 0.05054657511025215 0.06070753416667468
612 0.0537615428529673 0.04367763690476476 0.04116233899471174
613 0.06798191652787453 0.05553166182805682 0.01181091612845866
614 0.03929463113909389 0.04584331392442666 0.06538603349385753
615 0.06444051432781985 0.02582799585996584 0.07200640655024897
616 0.03236234882771737 0.02637754584247804 0.06877605182150433
617 0.02423174335043349 0.02811986331875896 0.06602256215609989
618 0.03138475284618471 0.04628156104849698 0.07532498165680875
619 0.04454432524726647 0.04588867243990945 0.0473685903795039
620 0.04445295960114259 0.05064492097546757 0.06928178951810657
621 0.0495884856215225 0.02316903310450921 0.07114692218641946
622 0.05521783875745673 0.01501839175192731 0.07201864938089735
623 0.05685536350706636 0.04790418316118749 0.06880299545131793
624 0.05899472407213185 0.03981173693751428 0.06669058639279225
625 0.03607824933951964 0.04035683585062553 0.07567357958174038
626 0.04166071996097626 0.03378660277477251 0.05885720014121557
627 0.03836977401920322 0.04802564543684618 0.07050027007367976
628 0.04911832556220703 0.03169918233193415 0.06051306295027598
629 0.05464991649768868 0.02883069433470391 0.0638152566355126
630 0.00952800324764711 0.02627115812675682 0.03909958974735794
631 0.03941800972928552 0.02371199421317014 0.009631012802514497
632 0.009467461636141214 0.05471112688677052 0.04375368034827143
633 0.02826711802044099 0.03911000284309427 0.05395647975212213
634 0.02487615859857635 0.02204475745044157 0.01171701294089274
635 0.0202762015550472 0.03847651332734586 0.06086285442129108
636 0.01111518221031969 0.03985604465240123 0.05960560424426719
637 0.0377861981081957 0.02316337553926047 0.06863608554130164
638 0.03151984753164164 0.02117722835725037 0.06361734134618321
639 0.03065401380558689 0.0352712194446637 0.05954577846092191
640 0.0708357031236892 0.02160337829039278 0.0253993770840079
641 0.02979763575858511 0.04137707381490619 0.07011777502342277
642 0.02515446539327395 0.05059156271044247 0.05173715871475834
643 0.04558141914014401 0.03520844633509498 0.07615396973723346
644 0.03063564198912306 0.04752130759700993 0.0696656105157524
645 0.04156087789471373 0.02037469632865727 0.0470603541765811
646 0.03275029790220384 0.07006186949162638 0.04537162110775696
647 0.02812129884817295 0.0537179977520774 0.06886408196420069
648 0.03940241852591413 0.07066609572915653 0.02511178914962176
649 0.0532793101527837 0.03400023165352131 0.06899999520393692
650 0.06366531974424115 0.04248813481054182 0.0334684602400341
651 0.04189218233053575 0.06185275265951182 0.05698731212257079
652 0.0271003728760358 0.05137820268558991 0.07506538233113898
653 0.0612773867675119 0.009681045350741326 0.02604188662114083
654 0.04273960866919926 0.04095821006419294 0.06324736821660595
655 0.0249179211661571 0.05953983556133593 0.008716708825402439
656 0.02184105719022614 0.02074428321493134 0.0617662538235858
657 0.03426132548612082 0.05377177549767338 0.07594274488877228
658 0.03720816711641795 0.02601648898665399 0.05789950096578308
659 0.05063886306124878 0.03863029655800433 0.07597353238624001
660 0.03612692512679321 0.009386777871736513 0.0279955015705475
661 0.040369979238223 0.04701230589751699 0.05540926311868879
662 0.05656742509232328 0.07083588409957955 0.0423604180989185
663 0.0695137444730672 0.06597219207954128 0.05641143467981498
664 0.0494778112485359 0.04543005307180329 0.07047525017985233
665 0.03010123379161111 0.04441402463993008 0.0629520552266358
666 0.01079567829101626 0.06907757911056223 0.06831854811004934
667 0.0220003689398561 0.04345803419427793 0.0083618030487814
668 0.05805815777642884 0.03434770495300427 0.05949612188686267
669 0.02452699577456655 0.02182895129333734 0.07200094194681859
670 0.04300797096061397 0.02018102030275806 0.05591316346795788
671 0.006648286655215272 0.06094418742554435 0.006588913228103811
672 0.005486331547998952 0.04264988084116905 0.005537787504349726
673 0.04392659029192351 0.005822555663772985 0.006549317943757667
674 0.07239879822226543 0.04414580477150833 0.008141523677715919
675 0.04040961780303508 0.07457582263640912 0.005861970005221145
676 0.07276248961286672 0.007714194593533901 0.04469800020250319
677 0.007138546356536302 0.07282480984790168 0.05709626166614256
678 0.04460258313820713 0.072682424632609 0.07278376378936176
679 0.007069887708462391 0.07394298328489607 0.03359016907657959
680 0.06585474833940166 0.00504522097897487 0.005260929847621487
681 0.005184238723545524 0.004996447063322302 0.01670165169930713
682 0.06228509793315173 0.07497240391869912 0.005450496424516072
683 0.006819539577288879 0.04358921375739697 0.07444895794741593
684 0.005132243275199016 0.004744454173220594 0.06424094318971606
685 0.005074559566934917 0.01487161159406121 0.07481592413286239
686 0.07513754772582774 0.06498657230023652 0.005471230955526581
687 0.05331923957277528 0.005886900914992906 0.0747729957881218
688 0.005059849888711295 0.0184657132279898 0.005073862654692543
689 0.005520543674956234 0.06481176256848303 0.0747161284247478
690 0.01430123716022598 0.004905654403042196 0.00501623999600797
691 0.0752442023743512 0.005047425095153018 0.06576994996869953
692 0.07495140276257453 0.07473224931963288 0.06496635097316053
693 0.07490188400669709 0.06505225553598169 0.07493485923009292
694 0.07533466154370611 0.01454502831158148 0.005137742039174955
695 0.01753190054301242 0.004999431640634782 0.07445835092024577
696 0.07338960675057833 0.02702715453997502 0.07570380466278349
697 0.005492453908002902 0.0743518245851414 0.01808625254311478
698 0.01466462629959037 0.07493514830959004 0.005035804971277972
699 0.06549226270192379 0.07450572644130188 0.07505416067513294
700 0.01050800108486894 0.007830042510169413 0.05436353169707911
701 0.05670601344800309 0.007298400029328899 0.007834738121797013
702 0.05179792431473926 0.07503334686924688 0.005111788003083241
703 0.07331513737710516 0.07182744411251643 0.02826987353905236
704 0.007035438482750846 0.05388622526251964 0.07387099761320466
705 0.07452982753597558 0.005654023595836251 0.005322583589439695
706 0.00588361743231702 0.0250317749760341 0.0750969943421263
707 0.06482227505538941 0.005333878738895902 0.07514493524925583
708 0.005011155391123212 0.03115137363666754 0.005027346384517833
709 0.07433353994073941 0.07432271126458025 0.07435838624916732
710 0.07476441005421131 0.05462908353074247 0.00516851956343939
711 0.02492119357370825 0.07214101408361517 0.008882406246486674
712 0.02302939469221216 0.005532819403876975 0.007461845929636875
713 0.01545776986811235 0.07539658112487911 0.07427118204173057
714 0.07187390377361345 0.02724853922374365 0.006322863439841361
715 0.0278774393223405 0.005096637640782403 0.07564399162085114
716 0.07423730423995793 0.01691691230682645 0.07479849634414305
717 0.005777083403027244 0.005695346044769811 0.07407637709612741
718 0.005564204673964173 0.07442734175103419 0.07429167255812255
719 0.005926477480631476 0.07415245350214572 0.006020852020842403
720 0.004966480949862797 0.05138105279965247 0.004990364903803805
721 0.00912649547246063 0.008946337882472576 0.02721214830458876
722 0.005834319933884739 0.005910434961427065 0.005977014286797983
723 0.07434242037730407 0.07452492068393568 0.005494472802583521
724 0.07435185576748957 0.00594195678728879 0.07426031182640765
725 0.07445642685683856 0.05460441598324473 0.07471517842226773
726 0.07367729788331755 0.007058177803771334 0.0568137656581299
727 0.07501903502315357 0.07438112654177563 0.05448318455228177
728 0.07177513434874741 0.008545955834768394 0.03088475549684967
729 0.004861313442685603 0.07509880752001317 0.06589252315012105
$EndNodes
$Elements
2958
1 4 2 1 1 426 439 518 543
2 4 2 1 1 493 440 506 639
3 4 2 1 1 459 531 469 546
4 4 2 1 1 423 469 531 546
5 4 2 1 1 700 464 551 567
6 4 2 1 1 276 470 575 278
7 4 2 1 1 207 700 567 464
8 4 2 1 1 524 575 303 534
9 4 2 1 1 453 518 439 543
10 4 2 1 1 279 470 278 568
11 4 2 1 1 554 598 526 450
12 4 2 1 1 524 534 429 575
13 4 2 1 1 703 149 485 533
14 4 2 1 1 276 470 278 279
15 4 2 1 1 412 496 493 440
16 4 2 1 1 506 516 440 617
17 4 2 1 1 721 580 515 479
18 4 2 1 1 439 426 470 543
19 4 2 1 1 487 473 620 627
20 4 2 1 1 437 590 541 624
21 4 2 1 1 412 440 493 639
22 4 2 1 1 357 476 356 669
23 4 2 1 1 525 620 487 473
24 4 2 1 1 159 703 533 149
25 4 2 1 1 429 528 524 575
26 4 2 1 1 700 208 577 464
27 4 2 1 1 524 528 286 575
28 4 2 1 1 721 580 479 577
29 4 2 1 1 467 558 361 604
30 4 2 1 1 470 528 278 568
31 4 2 1 1 524 303 575 286
32 4 2 1 1 427 475 476 493
33 4 2 1 1 584 344 557 476
34 4 2 1 1 458 165 416 663
35 4 2 1 1 427 476 475 557
36 4 2 1 1 458 165 663 145
37 4 2 1 1 494 531 498 459
38 4 2 1 1 278 528 470 575
39 4 2 1 1 475 493 492 482
40 4 2 1 1 718 403 75 3
41 4 2 1 1 129 703 149 562
42 4 2 1 1 700 551 106 567
43 4 2 1 1 165 416 663 562
44 4 2 1 1 450 454 422 498
45 4 2 1 1 468 711 655 550
46 4 2 1 1 148 416 562 602
47 4 2 1 1 525 620 473 494
48 4 2 1 1 367 566 522 643
49 4 2 1 1 327 456 490 598
50 4 2 1 1 439 430 470 568
51 4 2 1 1 544 617 476 669
52 4 2 1 1 634 430 439 568
53 4 2 1 1 700 208 464 207
54 4 2 1 1 109 479 721 515
55 4 2 1 1 470 279 586 631
56 4 2 1 1 395 478 491 589
57 4 2 1 1 99 677 666 556
58 4 2 1 1 448 486 431 501
59 4 2 1 1 418 486 448 501
60 4 2 1 1 703 149 562 485
61 4 2 1 1 418 501 448 572
62 4 2 1 1 713 718 666 403
63 4 2 1 1 431 412 501 496
64 4 2 1 1 139 458 416 605
65 4 2 1 1 423 504 445 573
66 4 2 1 1 419 193 464 537
67 4 2 1 1 117 532 510 606
68 4 2 1 1 518 434 601 417
69 4 2 1 1 410 439 561 470
70 4 2 1 1 721 479 109 577
71 4 2 1 1 429 534 485 575
72 4 2 1 1 713 718 403 75
73 4 2 1 1 468 711 550 256
74 4 2 1 1 443 506 492 509
75 4 2 1 1 492 506 427 509
76 4 2 1 1 354 388 487 657
77 4 2 1 1 470 568 279 631
78 4 2 1 1 514 522 448 643
79 4 2 1 1 575 485 559 462
80 4 2 1 1 116 510 550 581
81 4 2 1 1 522 566 448 643
82 4 2 1 1 695 402 717 63
83 4 2 1 1 416 442 499 502
84 4 2 1 1 116 538 510 581
85 4 2 1 1 627 644 472 473
86 4 2 1 1 446 560 463 466
87 4 2 1 1 402 63 1 717
88 4 2 1 1 418 461 540 570
89 4 2 1 1 694 705 309 51
90 4 2 1 1 695 402 567 717
91 4 2 1 1 677 253 556 244
92 4 2 1 1 431 448 501 482
93 4 2 1 1 323 422 588 608
94 4 2 1 1 450 456 598 620
95 4 2 1 1 418 501 572 628
96 4 2 1 1 649 448 572 418
97 4 2 1 1 682 306 723 533
98 4 2 1 1 487 620 490 627
99 4 2 1 1 167 676 564 471
100 4 2 1 1 693 382 508 588
101 4 2 1 1 412 496 461 501
102 4 2 1 1 374 490 456 514
103 4 2 1 1 512 546 423 503
104 4 2 1 1 439 470 426 631
105 4 2 1 1 654 501 482 626
106 4 2 1 1 694 705 489 309
107 4 2 1 1 452 507 451 594
108 4 2 1 1 167 676 471 130
109 4 2 1 1 276 470 279 586
110 4 2 1 1 395 478 589 335
111 4 2 1 1 459 503 494 531
112 4 2 1 1 76 390 527 404
113 4 2 1 1 426 434 543 518
114 4 2 1 1 512 546 445 423
115 4 2 1 1 419 478 455 583
116 4 2 1 1 309 6 51 705
117 4 2 1 1 412 482 501 626
118 4 2 1 1 433 492 475 641
119 4 2 1 1 276 470 586 575
120 4 2 1 1 597 447 417 540
121 4 2 1 1 193 194 419 464
122 4 2 1 1 426 462 470 543
123 4 2 1 1 510 468 550 581
124 4 2 1 1 423 445 504 546
125 4 2 1 1 682 306 74 723
126 4 2 1 1 494 531 503 611
127 4 2 1 1 435 167 147 564
128 4 2 1 1 431 486 448 566
129 4 2 1 1 431 566 448 482
130 4 2 1 1 285 495 489 586
131 4 2 1 1 426 434 518 471
132 4 2 1 1 448 486 418 529
133 4 2 1 1 186 518 187 536
134 4 2 1 1 426 470 462 586
135 4 2 1 1 478 486 332 621
136 4 2 1 1 142 523 462 545
137 4 2 1 1 518 434 543 601
138 4 2 1 1 489 545 285 586
139 4 2 1 1 554 526 598 326
140 4 2 1 1 510 538 468 581
141 4 2 1 1 151 435 585 615
142 4 2 1 1 431 412 496 493
143 4 2 1 1 483 546 497 572
144 4 2 1 1 367 522 514 643
145 4 2 1 1 8 306 723 74
146 4 2 1 1 474 704 316 565
147 4 2 1 1 453 536 518 645
148 4 2 1 1 475 492 427 641
149 4 2 1 1 361 467 604 652
150 4 2 1 1 106 551 700 577
151 4 2 1 1 323 422 608 554
152 4 2 1 1 704 316 19 363
153 4 2 1 1 254 556 555 646
154 4 2 1 1 525 620 494 450
155 4 2 1 1 297 550 711 698
156 4 2 1 1 541 624 480 649
157 4 2 1 1 142 462 162 545
158 4 2 1 1 654 501 626 445
159 4 2 1 1 489 495 426 586
160 4 2 1 1 431 412 493 482
161 4 2 1 1 456 450 539 620
162 4 2 1 1 671 308 719 550
163 4 2 1 1 534 575 283 613
164 4 2 1 1 426 439 495 518
165 4 2 1 1 186 184 187 518
166 4 2 1 1 475 427 492 493
167 4 2 1 1 510 532 430 606
168 4 2 1 1 445 497 504 546
169 4 2 1 1 671 308 32 719
170 4 2 1 1 482 626 512 654
171 4 2 1 1 412 512 482 626
172 4 2 1 1 649 448 418 529
173 4 2 1 1 429 511 442 555
174 4 2 1 1 210 515 201 580
175 4 2 1 1 446 466 463 658
176 4 2 1 1 510 538 117 606
177 4 2 1 1 549 565 556 438
178 4 2 1 1 99 677 556 104
179 4 2 1 1 429 442 502 555
180 4 2 1 1 421 482 448 522
181 4 2 1 1 634 430 568 532
182 4 2 1 1 236 468 264 648
183 4 2 1 1 425 551 477 576
184 4 2 1 1 428 473 472 647
185 4 2 1 1 580 599 515 634
186 4 2 1 1 419 481 194 607
187 4 2 1 1 114 515 688 532
188 4 2 1 1 297 711 550 655
189 4 2 1 1 432 600 517 441
190 4 2 1 1 452 451 561 594
191 4 2 1 1 445 572 501 628
192 4 2 1 1 468 524 264 648
193 4 2 1 1 421 448 514 522
194 4 2 1 1 424 517 600 441
195 4 2 1 1 423 531 469 619
196 4 2 1 1 421 514 448 572
197 4 2 1 1 431 501 486 570
198 4 2 1 1 418 486 501 570
199 4 2 1 1 423 531 503 546
200 4 2 1 1 438 521 604 579
201 4 2 1 1 504 469 535 505
202 4 2 1 1 363 18 19 704
203 4 2 1 1 437 623 483 664
204 4 2 1 1 719 32 4 308
205 4 2 1 1 459 503 531 546
206 4 2 1 1 555 556 255 581
207 4 2 1 1 410 442 596 619
208 4 2 1 1 161 485 602 149
209 4 2 1 1 512 546 503 654
210 4 2 1 1 541 590 542 624
211 4 2 1 1 423 445 512 573
212 4 2 1 1 167 676 130 152
213 4 2 1 1 254 255 555 556
214 4 2 1 1 700 180 567 684
215 4 2 1 1 690 307 722 515
216 4 2 1 1 437 624 541 649
217 4 2 1 1 515 580 210 599
218 4 2 1 1 422 450 554 593
219 4 2 1 1 597 447 540 629
220 4 2 1 1 426 545 489 586
221 4 2 1 1 433 482 522 625
222 4 2 1 1 497 546 445 572
223 4 2 1 1 264 711 524 468
224 4 2 1 1 408 513 486 529
225 4 2 1 1 256 711 550 252
226 4 2 1 1 432 530 517 600
227 4 2 1 1 519 547 473 611
228 4 2 1 1 410 439 470 543
229 4 2 1 1 412 461 496 658
230 4 2 1 1 634 430 532 479
231 4 2 1 1 442 548 415 592
232 4 2 1 1 654 501 445 572
233 4 2 1 1 487 490 372 553
234 4 2 1 1 419 464 194 481
235 4 2 1 1 119 556 99 632
236 4 2 1 1 654 501 572 482
237 4 2 1 1 474 704 565 444
238 4 2 1 1 537 518 536 645
239 4 2 1 1 500 535 484 413
240 4 2 1 1 485 534 533 613
241 4 2 1 1 411 531 494 611
242 4 2 1 1 159 703 149 166
243 4 2 1 1 421 448 482 572
244 4 2 1 1 423 469 504 505
245 4 2 1 1 690 307 57 722
246 4 2 1 1 254 555 234 646
247 4 2 1 1 117 81 510 532
248 4 2 1 1 307 722 2 57
249 4 2 1 1 476 493 475 584
250 4 2 1 1 469 505 423 619
251 4 2 1 1 634 430 479 439
252 4 2 1 1 418 572 497 628
253 4 2 1 1 470 543 462 559
254 4 2 1 1 142 602 462 650
255 4 2 1 1 512 546 654 445
256 4 2 1 1 167 563 471 564
257 4 2 1 1 274 462 613 575
258 4 2 1 1 489 216 705 33
259 4 2 1 1 410 439 543 453
260 4 2 1 1 525 620 450 487
261 4 2 1 1 549 565 438 521
262 4 2 1 1 461 501 496 570
263 4 2 1 1 439 426 495 631
264 4 2 1 1 449 499 454 651
265 4 2 1 1 475 482 433 625
266 4 2 1 1 435 167 564 563
267 4 2 1 1 152 676 726 564
268 4 2 1 1 560 561 451 594
269 4 2 1 1 448 501 482 572
270 4 2 1 1 99 677 104 85
271 4 2 1 1 356 476 491 669
272 4 2 1 1 412 501 461 626
273 4 2 1 1 216 33 6 705
274 4 2 1 1 142 462 523 650
275 4 2 1 1 555 556 415 646
276 4 2 1 1 490 598 456 620
277 4 2 1 1 151 542 435 615
278 4 2 1 1 504 569 445 573
279 4 2 1 1 40 716 696 151
280 4 2 1 1 327 456 374 490
281 4 2 1 1 416 499 442 460
282 4 2 1 1 161 485 149 533
283 4 2 1 1 207 700 198 180
284 4 2 1 1 472 652 618 657
285 4 2 1 1 354 393 388 657
286 4 2 1 1 161 485 533 613
287 4 2 1 1 412 626 461 658
288 4 2 1 1 704 683 363 18
289 4 2 1 1 724 5 39 400
290 4 2 1 1 208 464 536 577
291 4 2 1 1 333 408 486 529
292 4 2 1 1 425 516 506 617
293 4 2 1 1 412 512 466 530
294 4 2 1 1 372 490 487 598
295 4 2 1 1 149 562 485 602
296 4 2 1 1 108 688 708 532
297 4 2 1 1 463 466 440 658
298 4 2 1 1 274 462 575 586
299 4 2 1 1 420 451 560 561
300 4 2 1 1 207 481 464 567
301 4 2 1 1 532 510 268 672
302 4 2 1 1 451 463 560 466
303 4 2 1 1 492 493 427 506
304 4 2 1 1 493 584 476 616
305 4 2 1 1 458 457 136 588
306 4 2 1 1 91 551 425 576
307 4 2 1 1 460 469 459 531
308 4 2 1 1 454 498 450 525
309 4 2 1 1 327 407 456 598
310 4 2 1 1 565 556 666 436
311 4 2 1 1 423 505 504 573
312 4 2 1 1 234 254 255 555
313 4 2 1 1 218 210 580 599
314 4 2 1 1 201 577 209 580
315 4 2 1 1 584 557 344 379
316 4 2 1 1 410 439 453 561
317 4 2 1 1 510 672 532 81
318 4 2 1 1 716 724 39 400
319 4 2 1 1 482 412 493 492
320 4 2 1 1 193 419 194 607
321 4 2 1 1 136 457 484 128
322 4 2 1 1 716 724 400 585
323 4 2 1 1 333 529 486 643
324 4 2 1 1 412 466 626 658
325 4 2 1 1 418 570 540 621
326 4 2 1 1 410 612 442 619
327 4 2 1 1 390 360 436 527
328 4 2 1 1 431 412 482 501
329 4 2 1 1 451 440 463 466
330 4 2 1 1 80 709 401 699
331 4 2 1 1 203 455 622 585
332 4 2 1 1 155 545 489 640
333 4 2 1 1 420 479 561 580
334 4 2 1 1 340 557 475 584
335 4 2 1 1 704 683 444 363
336 4 2 1 1 418 540 461 628
337 4 2 1 1 461 418 501 570
338 4 2 1 1 517 530 424 600
339 4 2 1 1 413 497 483 546
340 4 2 1 1 423 504 469 546
341 4 2 1 1 701 178 680 489
342 4 2 1 1 386 487 526 598
343 4 2 1 1 468 711 524 655
344 4 2 1 1 513 629 418 649
345 4 2 1 1 471 563 523 434
346 4 2 1 1 379 557 340 584
347 4 2 1 1 148 602 140 605
348 4 2 1 1 526 554 450 593
349 4 2 1 1 439 561 479 580
350 4 2 1 1 430 538 510 606
351 4 2 1 1 126 109 479 577
352 4 2 1 1 533 703 46 243
353 4 2 1 1 678 449 454 526
354 4 2 1 1 426 434 471 523
355 4 2 1 1 546 654 572 483
356 4 2 1 1 264 711 468 256
357 4 2 1 1 187 536 518 660
358 4 2 1 1 703 47 46 243
359 4 2 1 1 448 514 437 572
360 4 2 1 1 431 584 493 616
361 4 2 1 1 699 709 401 508
362 4 2 1 1 428 487 473 525
363 4 2 1 1 426 434 523 543
364 4 2 1 1 728 640 489 653
365 4 2 1 1 80 709 699 260
366 4 2 1 1 161 485 613 602
367 4 2 1 1 412 466 512 626
368 4 2 1 1 540 570 461 583
369 4 2 1 1 562 703 243 47
370 4 2 1 1 494 498 531 411
371 4 2 1 1 450 494 498 539
372 4 2 1 1 428 487 472 473
373 4 2 1 1 418 513 621 629
374 4 2 1 1 456 554 450 598
375 4 2 1 1 165 416 562 148
376 4 2 1 1 728 640 653 471
377 4 2 1 1 167 676 152 564
378 4 2 1 1 413 504 497 546
379 4 2 1 1 347 618 553 625
380 4 2 1 1 255 468 236 555
381 4 2 1 1 706 383 16 685
382 4 2 1 1 445 504 497 628
383 4 2 1 1 700 208 207 198
384 4 2 1 1 493 506 492 639
385 4 2 1 1 483 497 437 572
386 4 2 1 1 235 556 646 549
387 4 2 1 1 431 475 493 584
388 4 2 1 1 420 561 453 580
389 4 2 1 1 718 26 3 263
390 4 2 1 1 192 701 495 489
391 4 2 1 1 575 559 485 429
392 4 2 1 1 106 86 684 567
393 4 2 1 1 586 305 285 495
394 4 2 1 1 649 448 529 437
395 4 2 1 1 136 457 128 135
396 4 2 1 1 237 534 485 648
397 4 2 1 1 586 305 495 631
398 4 2 1 1 415 556 555 581
399 4 2 1 1 240 549 235 449
400 4 2 1 1 625 566 340 475
401 4 2 1 1 572 649 418 497
402 4 2 1 1 488 562 227 663
403 4 2 1 1 728 172 640 471
404 4 2 1 1 439 599 580 634
405 4 2 1 1 450 526 487 598
406 4 2 1 1 118 532 117 606
407 4 2 1 1 347 552 618 625
408 4 2 1 1 424 600 465 441
409 4 2 1 1 116 671 510 107
410 4 2 1 1 442 502 416 559
411 4 2 1 1 407 554 456 598
412 4 2 1 1 300 671 289 510
413 4 2 1 1 340 552 475 557
414 4 2 1 1 443 582 506 635
415 4 2 1 1 625 340 566 341
416 4 2 1 1 468 555 255 581
417 4 2 1 1 583 621 540 570
418 4 2 1 1 426 523 462 543
419 4 2 1 1 353 558 361 467
420 4 2 1 1 264 711 256 246
421 4 2 1 1 439 453 561 580
422 4 2 1 1 165 416 148 139
423 4 2 1 1 473 547 525 611
424 4 2 1 1 420 516 507 609
425 4 2 1 1 706 383 371 16
426 4 2 1 1 703 243 485 562
427 4 2 1 1 115 479 109 515
428 4 2 1 1 360 474 436 591
429 4 2 1 1 207 481 567 205
430 4 2 1 1 438 604 444 579
431 4 2 1 1 235 556 549 253
432 4 2 1 1 128 457 484 542
433 4 2 1 1 718 75 263 3
434 4 2 1 1 492 506 443 639
435 4 2 1 1 439 430 479 561
436 4 2 1 1 264 236 256 468
437 4 2 1 1 367 366 566 643
438 4 2 1 1 274 462 586 545
439 4 2 1 1 718 729 26 263
440 4 2 1 1 162 462 602 613
441 4 2 1 1 240 549 449 436
442 4 2 1 1 512 626 445 654
443 4 2 1 1 429 502 442 559
444 4 2 1 1 522 482 566 625
445 4 2 1 1 379 339 344 584
446 4 2 1 1 340 475 566 584
447 4 2 1 1 401 693 44 382
448 4 2 1 1 470 575 462 586
449 4 2 1 1 549 415 556 646
450 4 2 1 1 412 496 440 658
451 4 2 1 1 718 729 263 666
452 4 2 1 1 728 172 471 130
453 4 2 1 1 714 285 489 545
454 4 2 1 1 256 550 468 581
455 4 2 1 1 678 449 526 527
456 4 2 1 1 507 579 424 642
457 4 2 1 1 22 697 247 679
458 4 2 1 1 714 489 155 545
459 4 2 1 1 701 271 489 680
460 4 2 1 1 483 623 437 624
461 4 2 1 1 108 688 532 114
462 4 2 1 1 713 436 251 527
463 4 2 1 1 103 538 116 581
464 4 2 1 1 429 468 511 555
465 4 2 1 1 496 501 431 570
466 4 2 1 1 148 140 139 605
467 4 2 1 1 421 514 572 664
468 4 2 1 1 614 620 494 473
469 4 2 1 1 506 509 443 635
470 4 2 1 1 462 543 523 650
471 4 2 1 1 416 502 485 559
472 4 2 1 1 477 551 101 576
473 4 2 1 1 414 519 517 521
474 4 2 1 1 323 422 554 593
475 4 2 1 1 211 419 193 607
476 4 2 1 1 189 464 193 537
477 4 2 1 1 209 210 201 580
478 4 2 1 1 162 602 161 613
479 4 2 1 1 586 305 631 284
480 4 2 1 1 420 451 452 507
481 4 2 1 1 186 536 537 518
482 4 2 1 1 417 601 518 645
483 4 2 1 1 412 482 512 492
484 4 2 1 1 98 479 118 606
485 4 2 1 1 116 671 107 87
486 4 2 1 1 418 461 501 628
487 4 2 1 1 678 454 221 242
488 4 2 1 1 728 640 154 489
489 4 2 1 1 488 231 228 662
490 4 2 1 1 389 476 544 557
491 4 2 1 1 203 455 585 195
492 4 2 1 1 236 555 468 648
493 4 2 1 1 509 558 467 604
494 4 2 1 1 711 252 698 550
495 4 2 1 1 479 580 515 634
496 4 2 1 1 147 435 564 585
497 4 2 1 1 129 703 562 47
498 4 2 1 1 235 556 253 254
499 4 2 1 1 235 556 254 646
500 4 2 1 1 614 620 473 627
501 4 2 1 1 117 538 96 606
502 4 2 1 1 533 534 283 613
503 4 2 1 1 303 286 277 575
504 4 2 1 1 581 116 113 550
505 4 2 1 1 415 468 511 538
506 4 2 1 1 420 536 464 577
507 4 2 1 1 421 514 490 522
508 4 2 1 1 343 356 476 491
509 4 2 1 1 367 514 380 643
510 4 2 1 1 597 417 435 564
511 4 2 1 1 672 289 510 268
512 4 2 1 1 681 88 109 515
513 4 2 1 1 360 436 474 666
514 4 2 1 1 448 566 522 482
515 4 2 1 1 408 621 486 513
516 4 2 1 1 697 247 679 581
517 4 2 1 1 583 638 496 658
518 4 2 1 1 223 488 663 508
519 4 2 1 1 94 538 452 606
520 4 2 1 1 479 532 118 606
521 4 2 1 1 237 485 502 648
522 4 2 1 1 437 497 483 624
523 4 2 1 1 367 366 341 566
524 4 2 1 1 218 599 580 660
525 4 2 1 1 247 23 22 679
526 4 2 1 1 437 623 590 624
527 4 2 1 1 462 523 426 545
528 4 2 1 1 427 493 476 617
529 4 2 1 1 430 532 510 667
530 4 2 1 1 514 590 437 664
531 4 2 1 1 223 488 508 241
532 4 2 1 1 586 305 284 285
533 4 2 1 1 109 115 126 479
534 4 2 1 1 541 322 590 659
535 4 2 1 1 468 415 511 555
536 4 2 1 1 255 256 236 468
537 4 2 1 1 707 585 203 622
538 4 2 1 1 459 460 531 498
539 4 2 1 1 167 152 147 564
540 4 2 1 1 456 590 514 664
541 4 2 1 1 121 551 106 577
542 4 2 1 1 589 616 491 584
543 4 2 1 1 726 147 564 585
544 4 2 1 1 256 468 255 581
545 4 2 1 1 567 106 101 551
546 4 2 1 1 583 621 570 478
547 4 2 1 1 429 442 511 559
548 4 2 1 1 488 227 562 228
549 4 2 1 1 240 549 436 253
550 4 2 1 1 142 140 602 650
551 4 2 1 1 711 287 524 655
552 4 2 1 1 412 493 492 639
553 4 2 1 1 429 485 502 559
554 4 2 1 1 533 262 45 723
555 4 2 1 1 445 572 546 654
556 4 2 1 1 557 558 552 641
557 4 2 1 1 81 672 107 510
558 4 2 1 1 189 536 464 537
559 4 2 1 1 240 549 253 235
560 4 2 1 1 212 194 481 607
561 4 2 1 1 435 484 146 563
562 4 2 1 1 243 703 485 533
563 4 2 1 1 45 8 723 262
564 4 2 1 1 649 448 437 572
565 4 2 1 1 472 487 428 657
566 4 2 1 1 420 451 507 516
567 4 2 1 1 425 551 91 609
568 4 2 1 1 343 491 476 584
569 4 2 1 1 421 490 514 664
570 4 2 1 1 728 172 130 154
571 4 2 1 1 475 552 340 625
572 4 2 1 1 380 643 514 659
573 4 2 1 1 424 530 466 600
574 4 2 1 1 475 557 476 584
575 4 2 1 1 538 528 510 468
576 4 2 1 1 468 555 429 648
577 4 2 1 1 231 488 499 662
578 4 2 1 1 421 433 522 627
579 4 2 1 1 359 490 522 553
580 4 2 1 1 450 498 422 539
581 4 2 1 1 463 658 440 638
582 4 2 1 1 521 604 414 647
583 4 2 1 1 643 381 529 659
584 4 2 1 1 438 444 90 636
585 4 2 1 1 442 415 548 646
586 4 2 1 1 239 454 449 499
587 4 2 1 1 726 132 585 691
588 4 2 1 1 652 657 348 618
589 4 2 1 1 340 345 552 557
590 4 2 1 1 285 545 275 586
591 4 2 1 1 674 462 162 613
592 4 2 1 1 206 712 690 515
593 4 2 1 1 360 436 527 591
594 4 2 1 1 412 440 466 658
595 4 2 1 1 98 115 118 479
596 4 2 1 1 429 511 468 528
597 4 2 1 1 538 528 468 511
598 4 2 1 1 456 539 450 554
599 4 2 1 1 697 261 719 21
600 4 2 1 1 426 462 545 586
601 4 2 1 1 241 454 488 593
602 4 2 1 1 589 616 584 431
603 4 2 1 1 73 702 72 288
604 4 2 1 1 251 436 713 666
605 4 2 1 1 427 509 506 578
606 4 2 1 1 424 517 441 642
607 4 2 1 1 390 436 360 666
608 4 2 1 1 113 550 697 581
609 4 2 1 1 210 712 515 599
610 4 2 1 1 711 287 655 297
611 4 2 1 1 231 499 488 454
612 4 2 1 1 163 523 142 545
613 4 2 1 1 427 558 557 641
614 4 2 1 1 113 697 120 581
615 4 2 1 1 417 540 571 670
616 4 2 1 1 389 476 557 344
617 4 2 1 1 682 533 225 534
618 4 2 1 1 726 147 585 132
619 4 2 1 1 410 619 505 612
620 4 2 1 1 565 666 556 99
621 4 2 1 1 360 474 316 666
622 4 2 1 1 454 525 450 526
623 4 2 1 1 433 482 492 614
624 4 2 1 1 421 572 482 654
625 4 2 1 1 404 360 390 527
626 4 2 1 1 476 584 491 616
627 4 2 1 1 118 479 115 532
628 4 2 1 1 490 514 373 522
629 4 2 1 1 614 620 627 421
630 4 2 1 1 471 523 156 640
631 4 2 1 1 379 340 339 584
632 4 2 1 1 702 675 72 288
633 4 2 1 1 495 191 192 653
634 4 2 1 1 208 580 577 536
635 4 2 1 1 552 558 467 641
636 4 2 1 1 413 624 497 668
637 4 2 1 1 393 591 388 657
638 4 2 1 1 702 675 288 534
639 4 2 1 1 422 454 488 498
640 4 2 1 1 328 542 696 615
641 4 2 1 1 714 134 489 694
642 4 2 1 1 421 433 627 614
643 4 2 1 1 377 553 522 625
644 4 2 1 1 193 189 194 464
645 4 2 1 1 156 523 471 563
646 4 2 1 1 155 489 164 640
647 4 2 1 1 406 444 558 576
648 4 2 1 1 439 430 561 470
649 4 2 1 1 361 604 474 652
650 4 2 1 1 541 590 437 659
651 4 2 1 1 461 626 501 628
652 4 2 1 1 420 452 451 561
653 4 2 1 1 485 559 462 602
654 4 2 1 1 388 487 428 526
655 4 2 1 1 137 542 484 435
656 4 2 1 1 208 580 536 188
657 4 2 1 1 442 460 499 610
658 4 2 1 1 433 492 587 614
659 4 2 1 1 421 572 654 483
660 4 2 1 1 474 565 521 604
661 4 2 1 1 210 712 599 200
662 4 2 1 1 261 21 4 719
663 4 2 1 1 417 447 435 434
664 4 2 1 1 674 462 613 274
665 4 2 1 1 697 261 550 719
666 4 2 1 1 94 452 538 632
667 4 2 1 1 239 499 449 646
668 4 2 1 1 687 455 607 622
669 4 2 1 1 115 479 515 532
670 4 2 1 1 688 307 722 27
671 4 2 1 1 416 559 485 602
672 4 2 1 1 468 524 429 528
673 4 2 1 1 191 495 202 660
674 4 2 1 1 522 553 490 627
675 4 2 1 1 426 489 545 640
676 4 2 1 1 410 596 574 619
677 4 2 1 1 728 204 653 489
678 4 2 1 1 442 511 415 555
679 4 2 1 1 278 286 528 575
680 4 2 1 1 239 231 454 499
681 4 2 1 1 432 517 530 665
682 4 2 1 1 340 566 338 584
683 4 2 1 1 670 461 446 658
684 4 2 1 1 461 570 496 583
685 4 2 1 1 192 701 489 178
686 4 2 1 1 701 285 495 489
687 4 2 1 1 413 484 624 668
688 4 2 1 1 470 559 462 575
689 4 2 1 1 538 528 511 430
690 4 2 1 1 158 716 151 585
691 4 2 1 1 676 182 564 471
692 4 2 1 1 500 535 413 469
693 4 2 1 1 460 442 612 619
694 4 2 1 1 503 611 531 661
695 4 2 1 1 93 119 99 632
696 4 2 1 1 462 485 602 613
697 4 2 1 1 702 682 288 73
698 4 2 1 1 422 323 508 593
699 4 2 1 1 207 481 205 194
700 4 2 1 1 501 626 445 628
701 4 2 1 1 212 194 205 481
702 4 2 1 1 437 572 497 649
703 4 2 1 1 212 695 715 481
704 4 2 1 1 253 549 436 556
705 4 2 1 1 256 247 550 581
706 4 2 1 1 461 571 569 628
707 4 2 1 1 495 518 191 653
708 4 2 1 1 678 454 242 593
709 4 2 1 1 94 452 95 606
710 4 2 1 1 106 577 700 12
711 4 2 1 1 695 481 205 567
712 4 2 1 1 468 528 510 655
713 4 2 1 1 726 177 691 585
714 4 2 1 1 399 456 391 590
715 4 2 1 1 495 518 439 660
716 4 2 1 1 466 530 424 633
717 4 2 1 1 687 203 622 707
718 4 2 1 1 343 491 584 589
719 4 2 1 1 89 683 444 704
720 4 2 1 1 117 97 96 538
721 4 2 1 1 2 27 722 307
722 4 2 1 1 464 638 419 463
723 4 2 1 1 155 163 545 640
724 4 2 1 1 142 523 140 650
725 4 2 1 1 714 296 694 489
726 4 2 1 1 688 307 515 722
727 4 2 1 1 538 117 116 510
728 4 2 1 1 229 502 485 662
729 4 2 1 1 163 142 162 545
730 4 2 1 1 117 118 81 532
731 4 2 1 1 518 536 453 660
732 4 2 1 1 473 525 494 611
733 4 2 1 1 479 439 580 634
734 4 2 1 1 274 283 575 613
735 4 2 1 1 146 435 137 484
736 4 2 1 1 243 485 238 533
737 4 2 1 1 597 417 564 455
738 4 2 1 1 228 227 241 488
739 4 2 1 1 474 565 316 666
740 4 2 1 1 237 485 229 502
741 4 2 1 1 410 511 470 561
742 4 2 1 1 432 530 492 665
743 4 2 1 1 326 526 325 554
744 4 2 1 1 681 201 179 515
745 4 2 1 1 444 361 558 604
746 4 2 1 1 112 101 477 567
747 4 2 1 1 461 569 446 626
748 4 2 1 1 259 534 237 648
749 4 2 1 1 360 358 316 474
750 4 2 1 1 408 621 513 331
751 4 2 1 1 191 518 495 660
752 4 2 1 1 442 499 646 548
753 4 2 1 1 101 551 477 567
754 4 2 1 1 420 561 479 630
755 4 2 1 1 581 113 116 103
756 4 2 1 1 103 97 116 538
757 4 2 1 1 421 494 503 614
758 4 2 1 1 162 161 602 143
759 4 2 1 1 615 585 622 597
760 4 2 1 1 674 462 274 545
761 4 2 1 1 685 402 717 567
762 4 2 1 1 488 228 562 662
763 4 2 1 1 232 499 239 646
764 4 2 1 1 373 490 374 514
765 4 2 1 1 324 374 327 456
766 4 2 1 1 518 601 453 645
767 4 2 1 1 432 519 517 665
768 4 2 1 1 432 587 519 665
769 4 2 1 1 475 427 557 641
770 4 2 1 1 410 442 595 596
771 4 2 1 1 437 590 514 659
772 4 2 1 1 538 116 117 97
773 4 2 1 1 422 454 450 593
774 4 2 1 1 685 402 15 717
775 4 2 1 1 411 465 531 661
776 4 2 1 1 212 695 481 205
777 4 2 1 1 245 682 534 702
778 4 2 1 1 436 565 474 666
779 4 2 1 1 211 419 607 455
780 4 2 1 1 192 489 495 653
781 4 2 1 1 156 471 167 563
782 4 2 1 1 480 624 497 649
783 4 2 1 1 507 516 425 609
784 4 2 1 1 1 15 402 717
785 4 2 1 1 445 497 572 628
786 4 2 1 1 413 483 497 624
787 4 2 1 1 702 682 534 288
788 4 2 1 1 160 154 164 489
789 4 2 1 1 475 557 552 641
790 4 2 1 1 256 711 252 246
791 4 2 1 1 455 583 540 670
792 4 2 1 1 438 556 415 632
793 4 2 1 1 342 340 552 625
794 4 2 1 1 428 520 473 647
795 4 2 1 1 494 611 503 614
796 4 2 1 1 94 96 538 606
797 4 2 1 1 427 476 544 617
798 4 2 1 1 474 520 436 591
799 4 2 1 1 428 527 520 591
800 4 2 1 1 112 477 685 567
801 4 2 1 1 482 512 492 654
802 4 2 1 1 278 528 280 568
803 4 2 1 1 411 441 465 661
804 4 2 1 1 447 435 535 668
805 4 2 1 1 417 540 447 571
806 4 2 1 1 473 428 525 547
807 4 2 1 1 359 372 490 553
808 4 2 1 1 696 376 328 615
809 4 2 1 1 149 148 562 602
810 4 2 1 1 343 584 337 589
811 4 2 1 1 199 673 495 701
812 4 2 1 1 542 590 457 624
813 4 2 1 1 415 555 468 581
814 4 2 1 1 241 488 508 593
815 4 2 1 1 238 485 237 534
816 4 2 1 1 91 101 551 576
817 4 2 1 1 112 706 685 477
818 4 2 1 1 466 596 424 600
819 4 2 1 1 474 704 444 363
820 4 2 1 1 410 470 511 559
821 4 2 1 1 538 528 430 510
822 4 2 1 1 497 624 437 649
823 4 2 1 1 199 673 701 60
824 4 2 1 1 455 478 419 607
825 4 2 1 1 260 50 7 709
826 4 2 1 1 445 569 504 628
827 4 2 1 1 428 547 520 449
828 4 2 1 1 450 498 494 525
829 4 2 1 1 486 570 478 589
830 4 2 1 1 259 524 534 648
831 4 2 1 1 520 527 436 591
832 4 2 1 1 567 101 106 86
833 4 2 1 1 696 716 40 376
834 4 2 1 1 442 646 499 502
835 4 2 1 1 419 455 670 583
836 4 2 1 1 440 496 493 616
837 4 2 1 1 207 481 194 464
838 4 2 1 1 439 518 453 660
839 4 2 1 1 95 452 94 609
840 4 2 1 1 652 348 657 350
841 4 2 1 1 505 574 423 619
842 4 2 1 1 164 489 154 640
843 4 2 1 1 692 709 50 260
844 4 2 1 1 190 218 210 580
845 4 2 1 1 552 557 353 558
846 4 2 1 1 466 573 512 626
847 4 2 1 1 535 612 469 605
848 4 2 1 1 429 485 534 648
849 4 2 1 1 443 492 530 665
850 4 2 1 1 561 606 479 630
851 4 2 1 1 539 554 456 623
852 4 2 1 1 430 479 561 606
853 4 2 1 1 464 551 420 577
854 4 2 1 1 414 519 520 473
855 4 2 1 1 367 373 514 522
856 4 2 1 1 418 621 540 629
857 4 2 1 1 210 712 200 206
858 4 2 1 1 416 502 499 662
859 4 2 1 1 470 586 426 631
860 4 2 1 1 156 130 167 471
861 4 2 1 1 417 185 564 455
862 4 2 1 1 515 599 293 634
863 4 2 1 1 468 538 415 581
864 4 2 1 1 142 140 143 602
865 4 2 1 1 517 530 443 633
866 4 2 1 1 458 416 469 603
867 4 2 1 1 680 216 705 489
868 4 2 1 1 245 682 702 73
869 4 2 1 1 726 147 132 152
870 4 2 1 1 208 464 189 536
871 4 2 1 1 361 444 474 604
872 4 2 1 1 416 605 469 612
873 4 2 1 1 692 709 260 508
874 4 2 1 1 90 444 565 89
875 4 2 1 1 467 552 353 558
876 4 2 1 1 129 703 47 166
877 4 2 1 1 346 467 618 552
878 4 2 1 1 94 609 452 632
879 4 2 1 1 448 514 643 659
880 4 2 1 1 131 508 692 663
881 4 2 1 1 190 218 580 660
882 4 2 1 1 443 530 492 639
883 4 2 1 1 701 285 291 495
884 4 2 1 1 687 707 317 67
885 4 2 1 1 346 467 552 353
886 4 2 1 1 675 222 524 534
887 4 2 1 1 680 216 489 178
888 4 2 1 1 419 670 455 537
889 4 2 1 1 89 683 704 18
890 4 2 1 1 92 438 609 632
891 4 2 1 1 462 559 543 650
892 4 2 1 1 729 677 25 224
893 4 2 1 1 239 454 221 449
894 4 2 1 1 229 485 562 662
895 4 2 1 1 729 677 224 666
896 4 2 1 1 212 481 715 607
897 4 2 1 1 259 248 524 648
898 4 2 1 1 456 514 490 664
899 4 2 1 1 495 599 202 660
900 4 2 1 1 211 419 455 537
901 4 2 1 1 388 386 354 487
902 4 2 1 1 468 429 524 648
903 4 2 1 1 25 26 729 224
904 4 2 1 1 230 499 502 662
905 4 2 1 1 464 638 463 656
906 4 2 1 1 475 431 493 482
907 4 2 1 1 454 526 450 593
908 4 2 1 1 176 202 213 495
909 4 2 1 1 432 519 587 611
910 4 2 1 1 494 503 459 483
911 4 2 1 1 144 156 523 640
912 4 2 1 1 523 545 163 640
913 4 2 1 1 473 587 519 611
914 4 2 1 1 410 595 594 596
915 4 2 1 1 162 674 613 153
916 4 2 1 1 420 551 516 609
917 4 2 1 1 694 169 489 705
918 4 2 1 1 342 552 347 625
919 4 2 1 1 113 120 103 581
920 4 2 1 1 259 238 237 534
921 4 2 1 1 452 430 538 595
922 4 2 1 1 316 363 474 358
923 4 2 1 1 570 589 431 637
924 4 2 1 1 701 271 61 291
925 4 2 1 1 257 231 241 454
926 4 2 1 1 61 701 291 60
927 4 2 1 1 473 611 494 614
928 4 2 1 1 299 532 515 634
929 4 2 1 1 445 512 573 626
930 4 2 1 1 429 502 485 648
931 4 2 1 1 423 574 573 600
932 4 2 1 1 140 523 605 650
933 4 2 1 1 430 532 479 606
934 4 2 1 1 428 472 591 647
935 4 2 1 1 397 542 541 590
936 4 2 1 1 224 26 729 263
937 4 2 1 1 229 485 243 562
938 4 2 1 1 303 266 524 534
939 4 2 1 1 340 341 338 566
940 4 2 1 1 547 611 519 441
941 4 2 1 1 381 529 659 541
942 4 2 1 1 224 263 729 666
943 4 2 1 1 424 465 592 441
944 4 2 1 1 126 577 479 630
945 4 2 1 1 240 436 449 527
946 4 2 1 1 265 631 310 599
947 4 2 1 1 493 616 476 617
948 4 2 1 1 701 673 291 60
949 4 2 1 1 245 675 702 534
950 4 2 1 1 172 471 156 640
951 4 2 1 1 423 573 512 600
952 4 2 1 1 440 617 516 656
953 4 2 1 1 347 552 346 618
954 4 2 1 1 211 196 455 607
955 4 2 1 1 359 490 373 522
956 4 2 1 1 483 500 459 539
957 4 2 1 1 162 674 153 127
958 4 2 1 1 105 477 101 576
959 4 2 1 1 459 498 494 539
960 4 2 1 1 222 259 524 534
961 4 2 1 1 643 381 659 380
962 4 2 1 1 309 62 6 705
963 4 2 1 1 326 386 526 598
964 4 2 1 1 460 488 416 499
965 4 2 1 1 466 573 574 600
966 4 2 1 1 410 511 442 559
967 4 2 1 1 566 482 475 625
968 4 2 1 1 701 673 495 291
969 4 2 1 1 406 558 378 576
970 4 2 1 1 429 555 502 648
971 4 2 1 1 445 573 569 626
972 4 2 1 1 443 582 507 633
973 4 2 1 1 112 101 105 477
974 4 2 1 1 509 644 641 665
975 4 2 1 1 507 424 595 642
976 4 2 1 1 279 278 280 568
977 4 2 1 1 477 567 551 656
978 4 2 1 1 176 202 495 599
979 4 2 1 1 257 239 231 454
980 4 2 1 1 478 589 570 637
981 4 2 1 1 496 570 431 637
982 4 2 1 1 442 555 415 646
983 4 2 1 1 265 599 495 631
984 4 2 1 1 245 675 534 222
985 4 2 1 1 680 705 62 309
986 4 2 1 1 517 519 441 521
987 4 2 1 1 725 135 457 588
988 4 2 1 1 614 620 421 494
989 4 2 1 1 701 285 489 271
990 4 2 1 1 192 701 178 199
991 4 2 1 1 434 564 518 471
992 4 2 1 1 522 553 433 625
993 4 2 1 1 701 285 271 291
994 4 2 1 1 680 705 309 489
995 4 2 1 1 624 484 480 668
996 4 2 1 1 696 542 151 615
997 4 2 1 1 438 521 565 604
998 4 2 1 1 278 277 286 575
999 4 2 1 1 345 353 552 557
1000 4 2 1 1 422 450 539 554
1001 4 2 1 1 239 221 454 257
1002 4 2 1 1 126 479 98 630
1003 4 2 1 1 400 724 5 68
1004 4 2 1 1 129 149 148 562
1005 4 2 1 1 674 462 545 162
1006 4 2 1 1 413 504 546 469
1007 4 2 1 1 381 529 541 330
1008 4 2 1 1 211 419 537 193
1009 4 2 1 1 410 543 470 559
1010 4 2 1 1 490 553 487 627
1011 4 2 1 1 438 415 556 549
1012 4 2 1 1 84 121 106 577
1013 4 2 1 1 707 724 400 68
1014 4 2 1 1 420 507 452 609
1015 4 2 1 1 583 621 478 455
1016 4 2 1 1 707 724 585 400
1017 4 2 1 1 432 492 587 665
1018 4 2 1 1 619 600 596 574
1019 4 2 1 1 518 543 453 601
1020 4 2 1 1 453 560 463 645
1021 4 2 1 1 585 716 615 376
1022 4 2 1 1 334 478 332 621
1023 4 2 1 1 424 530 517 633
1024 4 2 1 1 415 538 511 595
1025 4 2 1 1 493 496 431 616
1026 4 2 1 1 425 477 551 656
1027 4 2 1 1 399 514 590 659
1028 4 2 1 1 259 248 222 524
1029 4 2 1 1 277 274 283 575
1030 4 2 1 1 88 115 109 515
1031 4 2 1 1 415 438 595 642
1032 4 2 1 1 77 404 76 527
1033 4 2 1 1 727 131 692 663
1034 4 2 1 1 728 183 174 471
1035 4 2 1 1 469 531 460 619
1036 4 2 1 1 421 522 490 627
1037 4 2 1 1 579 509 444 635
1038 4 2 1 1 488 231 454 241
1039 4 2 1 1 461 540 571 628
1040 4 2 1 1 641 644 587 665
1041 4 2 1 1 458 469 416 605
1042 4 2 1 1 484 563 535 605
1043 4 2 1 1 728 204 489 34
1044 4 2 1 1 493 506 440 617
1045 4 2 1 1 443 530 517 665
1046 4 2 1 1 286 528 524 655
1047 4 2 1 1 199 213 192 495
1048 4 2 1 1 549 565 521 436
1049 4 2 1 1 519 547 520 473
1050 4 2 1 1 443 579 517 633
1051 4 2 1 1 155 164 163 640
1052 4 2 1 1 92 438 632 93
1053 4 2 1 1 504 569 447 628
1054 4 2 1 1 285 305 291 495
1055 4 2 1 1 463 560 446 645
1056 4 2 1 1 232 502 499 646
1057 4 2 1 1 511 538 430 595
1058 4 2 1 1 140 523 141 605
1059 4 2 1 1 208 580 188 209
1060 4 2 1 1 495 192 191 213
1061 4 2 1 1 448 643 529 659
1062 4 2 1 1 327 407 324 456
1063 4 2 1 1 175 211 193 607
1064 4 2 1 1 240 251 436 527
1065 4 2 1 1 318 63 695 64
1066 4 2 1 1 342 340 345 552
1067 4 2 1 1 487 553 372 657
1068 4 2 1 1 678 449 527 221
1069 4 2 1 1 207 700 180 567
1070 4 2 1 1 174 728 676 35
1071 4 2 1 1 140 605 602 650
1072 4 2 1 1 694 169 705 51
1073 4 2 1 1 414 520 519 521
1074 4 2 1 1 237 229 230 502
1075 4 2 1 1 300 671 510 550
1076 4 2 1 1 116 671 87 550
1077 4 2 1 1 516 551 425 609
1078 4 2 1 1 700 180 13 198
1079 4 2 1 1 426 545 523 640
1080 4 2 1 1 440 616 493 617
1081 4 2 1 1 230 502 229 662
1082 4 2 1 1 601 571 505 446
1083 4 2 1 1 283 533 269 534
1084 4 2 1 1 275 714 545 285
1085 4 2 1 1 497 624 480 668
1086 4 2 1 1 188 660 580 536
1087 4 2 1 1 615 622 585 392
1088 4 2 1 1 427 506 493 617
1089 4 2 1 1 420 560 453 561
1090 4 2 1 1 275 714 285 290
1091 4 2 1 1 174 728 35 197
1092 4 2 1 1 353 361 558 362
1093 4 2 1 1 474 704 363 316
1094 4 2 1 1 431 570 486 589
1095 4 2 1 1 695 402 63 318
1096 4 2 1 1 300 671 550 270
1097 4 2 1 1 116 671 550 510
1098 4 2 1 1 97 94 96 538
1099 4 2 1 1 574 596 466 600
1100 4 2 1 1 433 475 552 641
1101 4 2 1 1 35 34 197 728
1102 4 2 1 1 193 194 175 607
1103 4 2 1 1 474 604 521 647
1104 4 2 1 1 191 202 495 213
1105 4 2 1 1 470 511 430 561
1106 4 2 1 1 347 553 377 625
1107 4 2 1 1 728 183 471 653
1108 4 2 1 1 453 463 420 536
1109 4 2 1 1 683 82 444 576
1110 4 2 1 1 673 176 495 599
1111 4 2 1 1 411 611 547 441
1112 4 2 1 1 452 606 561 630
1113 4 2 1 1 359 522 377 553
1114 4 2 1 1 728 183 653 197
1115 4 2 1 1 417 185 455 537
1116 4 2 1 1 136 457 135 588
1117 4 2 1 1 13 12 700 198
1118 4 2 1 1 92 609 94 632
1119 4 2 1 1 323 508 382 588
1120 4 2 1 1 602 605 416 650
1121 4 2 1 1 580 599 439 660
1122 4 2 1 1 425 506 578 617
1123 4 2 1 1 492 641 587 665
1124 4 2 1 1 458 535 469 605
1125 4 2 1 1 707 317 400 585
1126 4 2 1 1 663 422 603 588
1127 4 2 1 1 419 638 583 658
1128 4 2 1 1 137 542 435 151
1129 4 2 1 1 430 511 470 528
1130 4 2 1 1 435 535 484 563
1131 4 2 1 1 250 243 238 533
1132 4 2 1 1 429 559 470 575
1133 4 2 1 1 347 342 346 552
1134 4 2 1 1 512 573 466 600
1135 4 2 1 1 551 577 121 630
1136 4 2 1 1 471 426 523 640
1137 4 2 1 1 569 571 447 628
1138 4 2 1 1 435 167 563 146
1139 4 2 1 1 388 386 487 526
1140 4 2 1 1 470 511 429 528
1141 4 2 1 1 506 578 509 635
1142 4 2 1 1 436 520 449 527
1143 4 2 1 1 569 573 504 505
1144 4 2 1 1 455 585 564 597
1145 4 2 1 1 700 577 198 12
1146 4 2 1 1 352 474 360 591
1147 4 2 1 1 728 204 34 197
1148 4 2 1 1 185 455 195 564
1149 4 2 1 1 188 660 536 187
1150 4 2 1 1 541 542 480 624
1151 4 2 1 1 282 310 631 634
1152 4 2 1 1 210 712 206 515
1153 4 2 1 1 223 488 241 227
1154 4 2 1 1 497 504 413 668
1155 4 2 1 1 592 595 442 596
1156 4 2 1 1 464 638 656 481
1157 4 2 1 1 687 455 622 203
1158 4 2 1 1 426 495 489 653
1159 4 2 1 1 670 446 461 571
1160 4 2 1 1 599 631 310 634
1161 4 2 1 1 371 477 706 576
1162 4 2 1 1 150 727 562 663
1163 4 2 1 1 182 564 471 518
1164 4 2 1 1 414 644 509 665
1165 4 2 1 1 544 576 558 578
1166 4 2 1 1 438 549 521 642
1167 4 2 1 1 137 146 147 435
1168 4 2 1 1 430 452 561 595
1169 4 2 1 1 173 198 208 577
1170 4 2 1 1 423 512 503 661
1171 4 2 1 1 419 658 583 670
1172 4 2 1 1 410 559 442 612
1173 4 2 1 1 165 150 562 663
1174 4 2 1 1 451 507 516 582
1175 4 2 1 1 486 566 431 589
1176 4 2 1 1 520 521 414 647
1177 4 2 1 1 452 538 430 606
1178 4 2 1 1 442 502 555 646
1179 4 2 1 1 435 542 480 615
1180 4 2 1 1 330 513 408 529
1181 4 2 1 1 583 621 455 540
1182 4 2 1 1 441 610 548 411
1183 4 2 1 1 462 602 559 650
1184 4 2 1 1 294 282 310 631
1185 4 2 1 1 679 255 556 581
1186 4 2 1 1 235 449 549 646
1187 4 2 1 1 110 121 577 630
1188 4 2 1 1 95 606 452 630
1189 4 2 1 1 454 241 242 593
1190 4 2 1 1 448 566 486 643
1191 4 2 1 1 407 324 456 554
1192 4 2 1 1 422 498 459 539
1193 4 2 1 1 416 559 602 650
1194 4 2 1 1 391 590 456 608
1195 4 2 1 1 700 464 577 551
1196 4 2 1 1 238 533 485 534
1197 4 2 1 1 96 118 117 606
1198 4 2 1 1 141 523 156 563
1199 4 2 1 1 433 618 553 644
1200 4 2 1 1 674 274 613 273
1201 4 2 1 1 429 511 470 559
1202 4 2 1 1 420 452 561 630
1203 4 2 1 1 419 491 478 637
1204 4 2 1 1 208 580 209 577
1205 4 2 1 1 159 161 149 533
1206 4 2 1 1 425 506 582 635
1207 4 2 1 1 389 476 344 357
1208 4 2 1 1 458 457 588 500
1209 4 2 1 1 225 533 238 534
1210 4 2 1 1 223 727 692 663
1211 4 2 1 1 211 455 185 537
1212 4 2 1 1 83 632 581 556
1213 4 2 1 1 117 81 107 510
1214 4 2 1 1 268 301 289 510
1215 4 2 1 1 81 708 672 532
1216 4 2 1 1 112 706 477 105
1217 4 2 1 1 422 459 500 539
1218 4 2 1 1 102 538 103 581
1219 4 2 1 1 478 491 589 637
1220 4 2 1 1 428 520 527 449
1221 4 2 1 1 564 585 435 597
1222 4 2 1 1 223 727 663 227
1223 4 2 1 1 700 208 198 577
1224 4 2 1 1 421 503 494 483
1225 4 2 1 1 230 499 662 231
1226 4 2 1 1 503 654 546 483
1227 4 2 1 1 174 183 182 471
1228 4 2 1 1 144 172 156 640
1229 4 2 1 1 364 478 622 607
1230 4 2 1 1 338 584 566 589
1231 4 2 1 1 134 164 155 489
1232 4 2 1 1 438 507 452 595
1233 4 2 1 1 391 374 324 456
1234 4 2 1 1 378 558 544 576
1235 4 2 1 1 507 582 443 635
1236 4 2 1 1 226 256 247 550
1237 4 2 1 1 463 658 638 419
1238 4 2 1 1 562 227 727 48
1239 4 2 1 1 424 507 594 633
1240 4 2 1 1 301 510 268 667
1241 4 2 1 1 410 453 560 561
1242 4 2 1 1 470 528 429 575
1243 4 2 1 1 430 528 470 568
1244 4 2 1 1 104 99 119 556
1245 4 2 1 1 417 185 537 518
1246 4 2 1 1 589 616 431 637
1247 4 2 1 1 422 588 500 603
1248 4 2 1 1 156 172 130 471
1249 4 2 1 1 704 444 89 565
1250 4 2 1 1 683 406 444 363
1251 4 2 1 1 227 48 49 727
1252 4 2 1 1 467 641 509 644
1253 4 2 1 1 275 545 274 586
1254 4 2 1 1 423 600 512 661
1255 4 2 1 1 356 357 344 476
1256 4 2 1 1 223 727 227 49
1257 4 2 1 1 276 274 575 586
1258 4 2 1 1 432 512 503 654
1259 4 2 1 1 344 557 389 379
1260 4 2 1 1 97 103 102 538
1261 4 2 1 1 302 568 532 634
1262 4 2 1 1 441 547 548 549
1263 4 2 1 1 536 580 453 660
1264 4 2 1 1 479 420 577 580
1265 4 2 1 1 506 440 516 582
1266 4 2 1 1 126 115 98 479
1267 4 2 1 1 343 337 395 589
1268 4 2 1 1 553 618 472 644
1269 4 2 1 1 727 227 562 663
1270 4 2 1 1 91 425 609 636
1271 4 2 1 1 195 185 211 455
1272 4 2 1 1 536 577 420 580
1273 4 2 1 1 418 529 513 649
1274 4 2 1 1 219 255 254 556
1275 4 2 1 1 410 560 453 601
1276 4 2 1 1 435 597 585 615
1277 4 2 1 1 406 444 361 558
1278 4 2 1 1 564 177 726 585
1279 4 2 1 1 141 523 563 605
1280 4 2 1 1 426 586 495 631
1281 4 2 1 1 426 518 495 653
1282 4 2 1 1 434 518 564 417
1283 4 2 1 1 436 520 474 521
1284 4 2 1 1 363 361 444 474
1285 4 2 1 1 417 185 518 564
1286 4 2 1 1 687 203 707 67
1287 4 2 1 1 417 518 537 645
1288 4 2 1 1 477 617 544 669
1289 4 2 1 1 333 330 408 529
1290 4 2 1 1 569 626 461 628
1291 4 2 1 1 524 528 468 655
1292 4 2 1 1 726 676 36 181
1293 4 2 1 1 37 36 181 726
1294 4 2 1 1 597 447 629 435
1295 4 2 1 1 420 451 516 463
1296 4 2 1 1 589 616 637 491
1297 4 2 1 1 510 528 430 667
1298 4 2 1 1 726 177 181 37
1299 4 2 1 1 195 564 455 585
1300 4 2 1 1 551 567 464 656
1301 4 2 1 1 233 502 232 646
1302 4 2 1 1 286 303 266 524
1303 4 2 1 1 150 129 165 562
1304 4 2 1 1 424 517 579 633
1305 4 2 1 1 288 283 269 534
1306 4 2 1 1 431 566 475 584
1307 4 2 1 1 376 585 392 615
1308 4 2 1 1 675 246 711 524
1309 4 2 1 1 505 573 423 574
1310 4 2 1 1 411 531 611 661
1311 4 2 1 1 327 490 372 598
1312 4 2 1 1 435 167 146 147
1313 4 2 1 1 564 177 585 195
1314 4 2 1 1 91 576 425 636
1315 4 2 1 1 438 565 444 604
1316 4 2 1 1 160 134 169 489
1317 4 2 1 1 90 444 89 82
1318 4 2 1 1 431 475 566 482
1319 4 2 1 1 317 392 585 622
1320 4 2 1 1 365 669 491 481
1321 4 2 1 1 265 310 631 294
1322 4 2 1 1 486 529 448 643
1323 4 2 1 1 671 107 87 31
1324 4 2 1 1 157 693 508 588
1325 4 2 1 1 726 676 181 564
1326 4 2 1 1 343 395 491 589
1327 4 2 1 1 411 494 525 611
1328 4 2 1 1 671 720 510 107
1329 4 2 1 1 380 514 375 659
1330 4 2 1 1 672 289 268 30
1331 4 2 1 1 459 469 460 603
1332 4 2 1 1 494 539 450 620
1333 4 2 1 1 500 535 469 458
1334 4 2 1 1 549 565 436 556
1335 4 2 1 1 427 558 509 578
1336 4 2 1 1 419 537 463 670
1337 4 2 1 1 433 553 522 627
1338 4 2 1 1 509 604 467 644
1339 4 2 1 1 463 536 453 645
1340 4 2 1 1 433 552 618 641
1341 4 2 1 1 95 452 609 630
1342 4 2 1 1 433 641 618 644
1343 4 2 1 1 416 499 488 662
1344 4 2 1 1 257 242 221 454
1345 4 2 1 1 293 299 272 515
1346 4 2 1 1 475 433 552 625
1347 4 2 1 1 420 453 536 580
1348 4 2 1 1 688 114 123 515
1349 4 2 1 1 355 557 544 558
1350 4 2 1 1 548 549 415 592
1351 4 2 1 1 688 307 298 515
1352 4 2 1 1 382 725 693 43
1353 4 2 1 1 140 142 141 523
1354 4 2 1 1 126 110 577 630
1355 4 2 1 1 343 476 344 584
1356 4 2 1 1 441 610 592 548
1357 4 2 1 1 486 418 513 621
1358 4 2 1 1 695 717 217 63
1359 4 2 1 1 414 604 509 644
1360 4 2 1 1 189 186 536 537
1361 4 2 1 1 425 516 617 656
1362 4 2 1 1 341 522 625 377
1363 4 2 1 1 474 521 520 647
1364 4 2 1 1 397 457 542 590
1365 4 2 1 1 346 467 353 368
1366 4 2 1 1 349 372 553 657
1367 4 2 1 1 454 242 241 257
1368 4 2 1 1 332 334 335 478
1369 4 2 1 1 560 466 446 574
1370 4 2 1 1 440 582 506 639
1371 4 2 1 1 411 525 547 611
1372 4 2 1 1 82 444 576 636
1373 4 2 1 1 120 679 83 581
1374 4 2 1 1 432 492 512 654
1375 4 2 1 1 438 90 444 565
1376 4 2 1 1 471 564 563 434
1377 4 2 1 1 102 538 581 632
1378 4 2 1 1 426 471 518 653
1379 4 2 1 1 423 619 600 661
1380 4 2 1 1 520 547 441 549
1381 4 2 1 1 410 561 594 595
1382 4 2 1 1 447 629 435 668
1383 4 2 1 1 472 428 591 657
1384 4 2 1 1 256 255 247 581
1385 4 2 1 1 496 583 570 637
1386 4 2 1 1 672 30 81 107
1387 4 2 1 1 299 515 293 634
1388 4 2 1 1 138 146 137 484
1389 4 2 1 1 96 94 95 606
1390 4 2 1 1 233 555 502 646
1391 4 2 1 1 182 471 183 518
1392 4 2 1 1 410 453 543 601
1393 4 2 1 1 323 405 554 608
1394 4 2 1 1 617 638 669 656
1395 4 2 1 1 478 607 455 622
1396 4 2 1 1 83 632 556 119
1397 4 2 1 1 675 246 524 222
1398 4 2 1 1 457 319 42 725
1399 4 2 1 1 411 441 547 548
1400 4 2 1 1 346 467 368 618
1401 4 2 1 1 418 629 497 649
1402 4 2 1 1 463 537 536 645
1403 4 2 1 1 233 230 232 502
1404 4 2 1 1 515 532 479 634
1405 4 2 1 1 218 200 210 599
1406 4 2 1 1 480 624 542 484
1407 4 2 1 1 414 517 519 665
1408 4 2 1 1 336 566 486 589
1409 4 2 1 1 367 375 380 514
1410 4 2 1 1 210 179 201 515
1411 4 2 1 1 422 488 454 593
1412 4 2 1 1 507 635 579 636
1413 4 2 1 1 64 695 318 369
1414 4 2 1 1 619 596 600 465
1415 4 2 1 1 410 505 543 612
1416 4 2 1 1 425 578 477 617
1417 4 2 1 1 558 576 444 578
1418 4 2 1 1 410 595 442 511
1419 4 2 1 1 435 564 417 434
1420 4 2 1 1 412 466 440 639
1421 4 2 1 1 422 508 323 588
1422 4 2 1 1 725 42 43 319
1423 4 2 1 1 532 568 302 667
1424 4 2 1 1 520 547 428 473
1425 4 2 1 1 638 440 496 658
1426 4 2 1 1 422 459 498 603
1427 4 2 1 1 251 253 240 436
1428 4 2 1 1 147 151 137 435
1429 4 2 1 1 413 535 484 668
1430 4 2 1 1 469 612 505 619
1431 4 2 1 1 663 422 588 508
1432 4 2 1 1 418 540 628 629
1433 4 2 1 1 535 612 605 434
1434 4 2 1 1 199 673 60 176
1435 4 2 1 1 282 631 568 634
1436 4 2 1 1 81 708 532 108
1437 4 2 1 1 725 157 588 693
1438 4 2 1 1 318 481 695 567
1439 4 2 1 1 443 509 492 665
1440 4 2 1 1 432 503 614 654
1441 4 2 1 1 280 568 528 667
1442 4 2 1 1 479 606 98 630
1443 4 2 1 1 432 517 519 441
1444 4 2 1 1 678 449 221 454
1445 4 2 1 1 199 673 176 495
1446 4 2 1 1 676 182 471 174
1447 4 2 1 1 84 11 109 577
1448 4 2 1 1 486 566 336 643
1449 4 2 1 1 411 494 498 525
1450 4 2 1 1 415 549 548 646
1451 4 2 1 1 455 585 597 622
1452 4 2 1 1 330 513 529 541
1453 4 2 1 1 348 553 618 657
1454 4 2 1 1 436 521 474 565
1455 4 2 1 1 438 595 452 632
1456 4 2 1 1 416 562 488 663
1457 4 2 1 1 413 459 546 483
1458 4 2 1 1 421 572 483 664
1459 4 2 1 1 539 664 620 483
1460 4 2 1 1 382 725 43 319
1461 4 2 1 1 225 238 245 534
1462 4 2 1 1 461 446 569 571
1463 4 2 1 1 472 553 487 657
1464 4 2 1 1 189 193 186 537
1465 4 2 1 1 148 165 129 562
1466 4 2 1 1 432 614 492 654
1467 4 2 1 1 320 457 397 590
1468 4 2 1 1 437 572 514 664
1469 4 2 1 1 95 94 92 609
1470 4 2 1 1 690 215 206 515
1471 4 2 1 1 138 563 605 141
1472 4 2 1 1 678 78 370 79
1473 4 2 1 1 674 54 153 127
1474 4 2 1 1 432 503 512 661
1475 4 2 1 1 245 675 222 72
1476 4 2 1 1 597 621 513 629
1477 4 2 1 1 466 424 594 633
1478 4 2 1 1 163 144 523 640
1479 4 2 1 1 464 536 420 463
1480 4 2 1 1 439 453 580 660
1481 4 2 1 1 359 373 377 522
1482 4 2 1 1 211 175 196 607
1483 4 2 1 1 370 678 79 593
1484 4 2 1 1 465 424 596 600
1485 4 2 1 1 456 490 620 664
1486 4 2 1 1 421 620 490 664
1487 4 2 1 1 133 533 686 613
1488 4 2 1 1 106 577 12 84
1489 4 2 1 1 422 508 488 593
1490 4 2 1 1 271 309 296 489
1491 4 2 1 1 238 243 229 485
1492 4 2 1 1 204 216 178 489
1493 4 2 1 1 138 563 141 146
1494 4 2 1 1 414 519 587 665
1495 4 2 1 1 245 675 72 702
1496 4 2 1 1 395 478 335 394
1497 4 2 1 1 282 568 302 634
1498 4 2 1 1 693 168 508 709
1499 4 2 1 1 367 377 373 522
1500 4 2 1 1 238 229 237 485
1501 4 2 1 1 540 447 571 628
1502 4 2 1 1 438 415 549 642
1503 4 2 1 1 430 561 452 606
1504 4 2 1 1 144 156 141 523
1505 4 2 1 1 240 258 251 527
1506 4 2 1 1 503 531 423 661
1507 4 2 1 1 324 391 456 608
1508 4 2 1 1 452 609 438 632
1509 4 2 1 1 484 535 435 668
1510 4 2 1 1 535 605 458 484
1511 4 2 1 1 693 168 709 44
1512 4 2 1 1 427 544 476 557
1513 4 2 1 1 681 123 88 515
1514 4 2 1 1 681 215 515 179
1515 4 2 1 1 319 725 457 588
1516 4 2 1 1 425 551 516 656
1517 4 2 1 1 663 603 488 416
1518 4 2 1 1 428 591 520 647
1519 4 2 1 1 199 176 213 495
1520 4 2 1 1 470 439 568 631
1521 4 2 1 1 207 189 208 464
1522 4 2 1 1 410 505 619 574
1523 4 2 1 1 94 538 102 632
1524 4 2 1 1 678 370 526 593
1525 4 2 1 1 348 349 553 657
1526 4 2 1 1 407 326 554 598
1527 4 2 1 1 430 561 511 595
1528 4 2 1 1 345 340 379 557
1529 4 2 1 1 414 604 521 579
1530 4 2 1 1 679 255 581 247
1531 4 2 1 1 389 544 355 557
1532 4 2 1 1 437 483 572 664
1533 4 2 1 1 691 214 724 585
1534 4 2 1 1 305 265 291 495
1535 4 2 1 1 413 459 483 500
1536 4 2 1 1 691 214 38 724
1537 4 2 1 1 133 710 613 686
1538 4 2 1 1 690 307 515 272
1539 4 2 1 1 5 38 214 724
1540 4 2 1 1 395 478 394 491
1541 4 2 1 1 382 725 319 588
1542 4 2 1 1 663 603 416 458
1543 4 2 1 1 371 706 17 576
1544 4 2 1 1 162 674 127 545
1545 4 2 1 1 422 500 459 603
1546 4 2 1 1 408 621 331 332
1547 4 2 1 1 427 492 509 641
1548 4 2 1 1 371 16 17 706
1549 4 2 1 1 444 558 509 604
1550 4 2 1 1 406 363 361 444
1551 4 2 1 1 281 528 286 655
1552 4 2 1 1 528 655 281 667
1553 4 2 1 1 587 627 614 473
1554 4 2 1 1 556 581 415 632
1555 4 2 1 1 184 183 191 518
1556 4 2 1 1 369 695 318 481
1557 4 2 1 1 303 288 266 534
1558 4 2 1 1 477 578 544 617
1559 4 2 1 1 219 244 24 556
1560 4 2 1 1 435 484 480 542
1561 4 2 1 1 185 186 537 518
1562 4 2 1 1 459 603 460 498
1563 4 2 1 1 686 306 723 56
1564 4 2 1 1 466 530 512 600
1565 4 2 1 1 449 520 436 549
1566 4 2 1 1 414 473 520 647
1567 4 2 1 1 577 201 173 11
1568 4 2 1 1 591 647 472 652
1569 4 2 1 1 593 699 79 315
1570 4 2 1 1 728 130 676 35
1571 4 2 1 1 445 626 569 628
1572 4 2 1 1 253 436 251 666
1573 4 2 1 1 497 629 628 668
1574 4 2 1 1 447 628 540 629
1575 4 2 1 1 415 595 438 632
1576 4 2 1 1 461 583 496 658
1577 4 2 1 1 353 557 355 558
1578 4 2 1 1 492 509 641 665
1579 4 2 1 1 455 597 540 621
1580 4 2 1 1 490 620 421 627
1581 4 2 1 1 281 280 528 667
1582 4 2 1 1 507 579 443 633
1583 4 2 1 1 460 469 416 603
1584 4 2 1 1 302 532 299 634
1585 4 2 1 1 323 382 319 588
1586 4 2 1 1 306 56 8 723
1587 4 2 1 1 519 520 441 521
1588 4 2 1 1 223 488 227 663
1589 4 2 1 1 505 446 573 574
1590 4 2 1 1 485 562 416 602
1591 4 2 1 1 618 641 467 644
1592 4 2 1 1 300 550 510 655
1593 4 2 1 1 94 102 538 97
1594 4 2 1 1 517 443 665 579
1595 4 2 1 1 699 80 79 315
1596 4 2 1 1 300 667 655 510
1597 4 2 1 1 372 487 386 598
1598 4 2 1 1 467 618 552 641
1599 4 2 1 1 332 336 486 589
1600 4 2 1 1 323 588 319 608
1601 4 2 1 1 368 618 467 652
1602 4 2 1 1 100 91 551 609
1603 4 2 1 1 382 725 588 693
1604 4 2 1 1 338 337 584 589
1605 4 2 1 1 80 699 401 315
1606 4 2 1 1 549 592 441 642
1607 4 2 1 1 670 446 571 645
1608 4 2 1 1 188 660 187 190
1609 4 2 1 1 452 420 609 630
1610 4 2 1 1 127 714 545 674
1611 4 2 1 1 456 620 539 664
1612 4 2 1 1 90 444 82 636
1613 4 2 1 1 300 667 510 301
1614 4 2 1 1 686 306 533 723
1615 4 2 1 1 287 286 524 655
1616 4 2 1 1 617 638 656 440
1617 4 2 1 1 399 375 514 659
1618 4 2 1 1 679 556 83 581
1619 4 2 1 1 562 48 150 129
1620 4 2 1 1 540 621 597 629
1621 4 2 1 1 137 542 151 128
1622 4 2 1 1 452 507 438 609
1623 4 2 1 1 434 563 523 605
1624 4 2 1 1 480 484 435 668
1625 4 2 1 1 399 456 590 514
1626 4 2 1 1 440 463 638 656
1627 4 2 1 1 699 508 315 593
1628 4 2 1 1 315 699 401 508
1629 4 2 1 1 479 577 420 630
1630 4 2 1 1 464 567 481 656
1631 4 2 1 1 471 183 518 653
1632 4 2 1 1 506 427 578 617
1633 4 2 1 1 474 591 352 652
1634 4 2 1 1 574 594 466 596
1635 4 2 1 1 191 187 184 518
1636 4 2 1 1 694 52 51 296
1637 4 2 1 1 413 500 483 624
1638 4 2 1 1 361 368 467 652
1639 4 2 1 1 183 191 518 653
1640 4 2 1 1 538 415 581 632
1641 4 2 1 1 385 481 318 567
1642 4 2 1 1 510 655 528 667
1643 4 2 1 1 204 489 192 653
1644 4 2 1 1 83 632 119 102
1645 4 2 1 1 486 478 570 621
1646 4 2 1 1 503 611 432 614
1647 4 2 1 1 345 355 353 557
1648 4 2 1 1 587 627 433 614
1649 4 2 1 1 423 574 600 619
1650 4 2 1 1 414 587 644 665
1651 4 2 1 1 343 344 339 584
1652 4 2 1 1 681 215 722 515
1653 4 2 1 1 426 640 471 653
1654 4 2 1 1 681 215 9 722
1655 4 2 1 1 704 111 689 565
1656 4 2 1 1 212 175 194 607
1657 4 2 1 1 319 588 457 608
1658 4 2 1 1 378 406 362 558
1659 4 2 1 1 463 658 419 670
1660 4 2 1 1 424 594 507 595
1661 4 2 1 1 461 540 583 670
1662 4 2 1 1 460 603 488 498
1663 4 2 1 1 520 591 474 647
1664 4 2 1 1 384 360 527 591
1665 4 2 1 1 362 406 361 558
1666 4 2 1 1 81 708 108 29
1667 4 2 1 1 544 557 427 558
1668 4 2 1 1 451 440 516 463
1669 4 2 1 1 413 459 500 469
1670 4 2 1 1 507 451 594 633
1671 4 2 1 1 341 522 377 367
1672 4 2 1 1 133 710 686 55
1673 4 2 1 1 133 710 55 153
1674 4 2 1 1 474 444 565 604
1675 4 2 1 1 280 278 281 528
1676 4 2 1 1 503 546 459 483
1677 4 2 1 1 422 498 488 603
1678 4 2 1 1 674 710 613 153
1679 4 2 1 1 24 677 104 556
1680 4 2 1 1 692 168 709 508
1681 4 2 1 1 91 105 101 576
1682 4 2 1 1 500 539 483 623
1683 4 2 1 1 347 348 553 618
1684 4 2 1 1 110 126 98 630
1685 4 2 1 1 164 154 172 640
1686 4 2 1 1 333 486 336 643
1687 4 2 1 1 420 551 609 630
1688 4 2 1 1 235 254 234 646
1689 4 2 1 1 509 558 444 578
1690 4 2 1 1 699 260 508 249
1691 4 2 1 1 419 478 583 637
1692 4 2 1 1 242 678 78 221
1693 4 2 1 1 364 478 607 394
1694 4 2 1 1 382 323 315 508
1695 4 2 1 1 728 183 197 174
1696 4 2 1 1 285 275 284 586
1697 4 2 1 1 425 506 516 582
1698 4 2 1 1 704 316 565 689
1699 4 2 1 1 507 582 451 633
1700 4 2 1 1 441 549 548 592
1701 4 2 1 1 229 243 220 562
1702 4 2 1 1 424 579 507 633
1703 4 2 1 1 679 24 83 556
1704 4 2 1 1 432 512 600 661
1705 4 2 1 1 411 611 441 661
1706 4 2 1 1 90 438 636 92
1707 4 2 1 1 411 531 465 610
1708 4 2 1 1 192 701 199 495
1709 4 2 1 1 295 533 283 613
1710 4 2 1 1 188 660 190 580
1711 4 2 1 1 143 149 161 602
1712 4 2 1 1 700 180 684 13
1713 4 2 1 1 478 455 621 622
1714 4 2 1 1 222 245 259 534
1715 4 2 1 1 722 9 2 215
1716 4 2 1 1 432 512 530 600
1717 4 2 1 1 458 500 603 469
1718 4 2 1 1 83 632 102 581
1719 4 2 1 1 46 533 243 250
1720 4 2 1 1 356 344 343 476
1721 4 2 1 1 446 573 466 626
1722 4 2 1 1 681 201 721 10
1723 4 2 1 1 423 531 619 661
1724 4 2 1 1 459 539 494 483
1725 4 2 1 1 126 84 109 577
1726 4 2 1 1 375 373 374 514
1727 4 2 1 1 381 529 330 333
1728 4 2 1 1 161 533 133 613
1729 4 2 1 1 138 458 605 484
1730 4 2 1 1 465 600 619 661
1731 4 2 1 1 347 348 349 553
1732 4 2 1 1 577 201 11 721
1733 4 2 1 1 11 10 721 201
1734 4 2 1 1 417 571 447 505
1735 4 2 1 1 452 595 538 632
1736 4 2 1 1 460 488 499 498
1737 4 2 1 1 410 511 561 595
1738 4 2 1 1 410 561 560 594
1739 4 2 1 1 435 563 564 434
1740 4 2 1 1 504 535 413 668
1741 4 2 1 1 413 459 469 546
1742 4 2 1 1 486 513 418 529
1743 4 2 1 1 45 46 250 533
1744 4 2 1 1 420 516 464 463
1745 4 2 1 1 706 477 105 576
1746 4 2 1 1 523 543 434 650
1747 4 2 1 1 399 590 322 659
1748 4 2 1 1 324 456 554 608
1749 4 2 1 1 110 121 84 577
1750 4 2 1 1 424 466 594 596
1751 4 2 1 1 447 535 435 434
1752 4 2 1 1 326 325 526 387
1753 4 2 1 1 88 10 681 109
1754 4 2 1 1 502 555 233 648
1755 4 2 1 1 93 92 94 632
1756 4 2 1 1 425 617 477 656
1757 4 2 1 1 245 682 73 225
1758 4 2 1 1 111 689 565 666
1759 4 2 1 1 418 486 570 621
1760 4 2 1 1 319 457 320 608
1761 4 2 1 1 446 573 569 505
1762 4 2 1 1 302 268 532 667
1763 4 2 1 1 397 541 322 590
1764 4 2 1 1 698 261 719 550
1765 4 2 1 1 108 118 115 532
1766 4 2 1 1 299 302 292 532
1767 4 2 1 1 682 306 533 269
1768 4 2 1 1 422 554 539 623
1769 4 2 1 1 446 569 573 626
1770 4 2 1 1 663 603 458 588
1771 4 2 1 1 89 683 18 82
1772 4 2 1 1 433 587 492 641
1773 4 2 1 1 317 585 707 622
1774 4 2 1 1 671 125 87 550
1775 4 2 1 1 66 196 175 607
1776 4 2 1 1 185 184 186 518
1777 4 2 1 1 164 134 160 489
1778 4 2 1 1 276 275 274 586
1779 4 2 1 1 202 599 218 660
1780 4 2 1 1 86 684 13 106
1781 4 2 1 1 434 612 605 650
1782 4 2 1 1 368 353 361 467
1783 4 2 1 1 112 706 105 16
1784 4 2 1 1 412 512 530 492
1785 4 2 1 1 284 586 279 631
1786 4 2 1 1 241 508 249 593
1787 4 2 1 1 507 425 635 636
1788 4 2 1 1 133 171 686 533
1789 4 2 1 1 138 458 484 136
1790 4 2 1 1 460 416 488 603
1791 4 2 1 1 397 321 541 542
1792 4 2 1 1 262 225 682 533
1793 4 2 1 1 334 478 621 622
1794 4 2 1 1 354 487 372 657
1795 4 2 1 1 441 520 519 547
1796 4 2 1 1 187 518 191 660
1797 4 2 1 1 506 582 443 639
1798 4 2 1 1 300 667 301 281
1799 4 2 1 1 439 631 599 634
1800 4 2 1 1 529 541 437 659
1801 4 2 1 1 338 566 336 589
1802 4 2 1 1 127 714 674 53
1803 4 2 1 1 383 477 385 567
1804 4 2 1 1 480 513 615 541
1805 4 2 1 1 325 554 526 593
1806 4 2 1 1 692 168 508 131
1807 4 2 1 1 681 201 515 721
1808 4 2 1 1 671 308 550 270
1809 4 2 1 1 323 315 508 593
1810 4 2 1 1 432 614 587 492
1811 4 2 1 1 721 580 577 201
1812 4 2 1 1 721 580 201 515
1813 4 2 1 1 566 584 431 589
1814 4 2 1 1 320 457 590 608
1815 4 2 1 1 686 306 295 533
1816 4 2 1 1 541 322 659 381
1817 4 2 1 1 133 710 153 613
1818 4 2 1 1 352 358 360 474
1819 4 2 1 1 24 104 83 556
1820 4 2 1 1 643 381 380 333
1821 4 2 1 1 284 276 279 586
1822 4 2 1 1 535 612 434 505
1823 4 2 1 1 687 196 66 607
1824 4 2 1 1 418 628 497 629
1825 4 2 1 1 157 508 145 588
1826 4 2 1 1 672 289 720 510
1827 4 2 1 1 208 189 188 536
1828 4 2 1 1 85 104 25 677
1829 4 2 1 1 429 534 524 648
1830 4 2 1 1 237 502 233 648
1831 4 2 1 1 447 504 535 505
1832 4 2 1 1 638 656 481 669
1833 4 2 1 1 297 550 300 655
1834 4 2 1 1 675 246 222 71
1835 4 2 1 1 605 612 416 650
1836 4 2 1 1 526 370 325 593
1837 4 2 1 1 365 669 481 385
1838 4 2 1 1 245 682 225 534
1839 4 2 1 1 81 708 29 672
1840 4 2 1 1 426 489 640 653
1841 4 2 1 1 701 271 680 61
1842 4 2 1 1 339 340 338 584
1843 4 2 1 1 114 115 88 515
1844 4 2 1 1 264 524 248 648
1845 4 2 1 1 192 204 178 489
1846 4 2 1 1 296 285 271 489
1847 4 2 1 1 430 568 532 667
1848 4 2 1 1 601 571 446 645
1849 4 2 1 1 675 246 71 711
1850 4 2 1 1 188 186 187 536
1851 4 2 1 1 114 88 123 515
1852 4 2 1 1 678 454 593 526
1853 4 2 1 1 439 599 495 660
1854 4 2 1 1 135 128 42 457
1855 4 2 1 1 389 476 357 544
1856 4 2 1 1 463 537 645 670
1857 4 2 1 1 465 596 442 619
1858 4 2 1 1 392 513 615 622
1859 4 2 1 1 408 621 332 486
1860 4 2 1 1 437 541 529 649
1861 4 2 1 1 278 286 281 528
1862 4 2 1 1 244 254 253 556
1863 4 2 1 1 672 289 30 720
1864 4 2 1 1 279 568 282 631
1865 4 2 1 1 464 516 420 551
1866 4 2 1 1 408 332 333 486
1867 4 2 1 1 352 591 350 652
1868 4 2 1 1 401 693 382 508
1869 4 2 1 1 415 538 595 632
1870 4 2 1 1 414 521 517 579
1871 4 2 1 1 432 530 512 492
1872 4 2 1 1 481 491 365 607
1873 4 2 1 1 108 688 114 28
1874 4 2 1 1 480 513 541 649
1875 4 2 1 1 90 438 92 93
1876 4 2 1 1 472 644 618 652
1877 4 2 1 1 495 599 439 631
1878 4 2 1 1 533 723 45 171
1879 4 2 1 1 121 100 551 630
1880 4 2 1 1 142 163 144 523
1881 4 2 1 1 671 289 720 31
1882 4 2 1 1 461 571 540 670
1883 4 2 1 1 687 707 622 317
1884 4 2 1 1 372 354 386 487
1885 4 2 1 1 267 274 275 545
1886 4 2 1 1 160 34 154 489
1887 4 2 1 1 327 359 372 490
1888 4 2 1 1 385 477 481 567
1889 4 2 1 1 554 608 456 623
1890 4 2 1 1 683 406 363 311
1891 4 2 1 1 222 248 264 524
1892 4 2 1 1 711 252 70 698
1893 4 2 1 1 388 384 527 591
1894 4 2 1 1 367 373 375 514
1895 4 2 1 1 432 600 441 661
1896 4 2 1 1 443 579 507 635
1897 4 2 1 1 535 563 435 434
1898 4 2 1 1 138 458 136 139
1899 4 2 1 1 237 230 233 502
1900 4 2 1 1 425 582 507 635
1901 4 2 1 1 127 714 53 155
1902 4 2 1 1 373 327 374 490
1903 4 2 1 1 416 488 562 662
1904 4 2 1 1 601 571 645 417
1905 4 2 1 1 678 242 79 593
1906 4 2 1 1 277 278 276 575
1907 4 2 1 1 698 261 550 252
1908 4 2 1 1 674 274 273 267
1909 4 2 1 1 196 195 211 455
1910 4 2 1 1 704 111 565 89
1911 4 2 1 1 419 491 481 607
1912 4 2 1 1 190 210 209 580
1913 4 2 1 1 31 30 289 720
1914 4 2 1 1 93 99 90 565
1915 4 2 1 1 587 641 433 644
1916 4 2 1 1 671 289 510 720
1917 4 2 1 1 420 577 551 630
1918 4 2 1 1 334 332 331 621
1919 4 2 1 1 138 458 139 605
1920 4 2 1 1 4 69 719 308
1921 4 2 1 1 412 530 466 639
1922 4 2 1 1 421 482 614 654
1923 4 2 1 1 425 516 507 582
1924 4 2 1 1 451 466 594 633
1925 4 2 1 1 579 444 509 604
1926 4 2 1 1 697 261 226 550
1927 4 2 1 1 370 79 315 593
1928 4 2 1 1 100 91 101 551
1929 4 2 1 1 410 543 559 612
1930 4 2 1 1 516 551 464 656
1931 4 2 1 1 117 107 116 510
1932 4 2 1 1 300 289 301 510
1933 4 2 1 1 460 612 469 619
1934 4 2 1 1 369 318 385 481
1935 4 2 1 1 315 401 382 508
1936 4 2 1 1 442 499 548 610
1937 4 2 1 1 698 719 69 308
1938 4 2 1 1 162 127 163 545
1939 4 2 1 1 438 507 579 636
1940 4 2 1 1 303 283 288 534
1941 4 2 1 1 206 712 200 58
1942 4 2 1 1 528 568 430 667
1943 4 2 1 1 224 253 251 666
1944 4 2 1 1 233 234 555 646
1945 4 2 1 1 698 719 308 550
1946 4 2 1 1 20 3 403 718
1947 4 2 1 1 464 638 481 419
1948 4 2 1 1 449 547 520 549
1949 4 2 1 1 234 255 236 555
1950 4 2 1 1 314 364 66 607
1951 4 2 1 1 41 128 151 542
1952 4 2 1 1 726 132 691 37
1953 4 2 1 1 272 298 307 515
1954 4 2 1 1 704 316 689 19
1955 4 2 1 1 399 375 374 514
1956 4 2 1 1 323 319 405 608
1957 4 2 1 1 713 718 75 263
1958 4 2 1 1 422 588 608 623
1959 4 2 1 1 89 683 82 444
1960 4 2 1 1 618 644 467 652
1961 4 2 1 1 431 616 496 637
1962 4 2 1 1 416 469 460 612
1963 4 2 1 1 352 350 351 652
1964 4 2 1 1 70 698 69 297
1965 4 2 1 1 296 51 694 309
1966 4 2 1 1 233 555 236 648
1967 4 2 1 1 435 629 480 668
1968 4 2 1 1 126 110 84 577
1969 4 2 1 1 510 550 468 655
1970 4 2 1 1 236 264 248 648
1971 4 2 1 1 206 712 58 690
1972 4 2 1 1 410 601 505 574
1973 4 2 1 1 447 535 504 668
1974 4 2 1 1 421 614 503 654
1975 4 2 1 1 443 509 665 579
1976 4 2 1 1 340 342 341 625
1977 4 2 1 1 452 594 561 595
1978 4 2 1 1 121 110 100 630
1979 4 2 1 1 434 605 523 650
1980 4 2 1 1 434 543 505 612
1981 4 2 1 1 194 189 207 464
1982 4 2 1 1 242 241 249 593
1983 4 2 1 1 681 721 515 109
1984 4 2 1 1 459 603 500 469
1985 4 2 1 1 727 131 663 150
1986 4 2 1 1 559 612 543 650
1987 4 2 1 1 434 543 612 650
1988 4 2 1 1 477 425 576 578
1989 4 2 1 1 422 500 588 623
1990 4 2 1 1 282 280 302 568
1991 4 2 1 1 240 449 239 221
1992 4 2 1 1 294 279 282 631
1993 4 2 1 1 272 299 298 515
1994 4 2 1 1 197 204 192 653
1995 4 2 1 1 111 565 99 666
1996 4 2 1 1 136 145 458 588
1997 4 2 1 1 108 81 118 532
1998 4 2 1 1 302 268 292 532
1999 4 2 1 1 663 422 508 488
2000 4 2 1 1 718 689 403 20
2001 4 2 1 1 411 610 651 498
2002 4 2 1 1 412 530 639 492
2003 4 2 1 1 476 617 616 669
2004 4 2 1 1 476 616 491 669
2005 4 2 1 1 718 689 666 403
2006 4 2 1 1 329 376 392 615
2007 4 2 1 1 350 348 351 652
2008 4 2 1 1 230 499 231 232
2009 4 2 1 1 526 325 370 387
2010 4 2 1 1 249 508 699 593
2011 4 2 1 1 500 588 458 603
2012 4 2 1 1 113 125 697 550
2013 4 2 1 1 137 542 128 484
2014 4 2 1 1 215 179 206 515
2015 4 2 1 1 717 1 14 217
2016 4 2 1 1 457 319 312 42
2017 4 2 1 1 628 629 447 668
2018 4 2 1 1 83 120 23 679
2019 4 2 1 1 480 597 513 629
2020 4 2 1 1 280 302 568 667
2021 4 2 1 1 442 610 465 619
2022 4 2 1 1 717 684 217 14
2023 4 2 1 1 222 264 246 524
2024 4 2 1 1 266 304 287 524
2025 4 2 1 1 569 571 446 505
2026 4 2 1 1 443 633 530 639
2027 4 2 1 1 277 276 274 575
2028 4 2 1 1 507 594 452 595
2029 4 2 1 1 397 322 541 396
2030 4 2 1 1 488 231 241 228
2031 4 2 1 1 359 377 347 553
2032 4 2 1 1 535 563 434 605
2033 4 2 1 1 176 218 202 599
2034 4 2 1 1 41 457 128 542
2035 4 2 1 1 503 432 611 661
2036 4 2 1 1 287 281 286 655
2037 4 2 1 1 427 544 558 578
2038 4 2 1 1 98 606 95 630
2039 4 2 1 1 108 688 28 708
2040 4 2 1 1 369 481 365 607
2041 4 2 1 1 505 601 446 574
2042 4 2 1 1 481 567 477 656
2043 4 2 1 1 366 336 566 643
2044 4 2 1 1 266 287 286 524
2045 4 2 1 1 500 623 483 624
2046 4 2 1 1 133 161 159 533
2047 4 2 1 1 544 578 427 617
2048 4 2 1 1 644 604 652 647
2049 4 2 1 1 451 582 466 633
2050 4 2 1 1 717 684 567 217
2051 4 2 1 1 597 615 513 622
2052 4 2 1 1 161 133 153 613
2053 4 2 1 1 521 549 441 642
2054 4 2 1 1 310 293 599 634
2055 4 2 1 1 472 618 553 657
2056 4 2 1 1 432 519 611 441
2057 4 2 1 1 282 302 299 634
2058 4 2 1 1 127 714 155 545
2059 4 2 1 1 477 576 544 578
2060 4 2 1 1 112 706 16 685
2061 4 2 1 1 516 440 451 582
2062 4 2 1 1 227 228 220 562
2063 4 2 1 1 663 422 488 603
2064 4 2 1 1 348 618 368 652
2065 4 2 1 1 83 102 103 581
2066 4 2 1 1 466 560 451 594
2067 4 2 1 1 359 349 372 553
2068 4 2 1 1 326 409 386 598
2069 4 2 1 1 270 300 297 550
2070 4 2 1 1 87 113 116 550
2071 4 2 1 1 466 573 446 574
2072 4 2 1 1 372 386 409 598
2073 4 2 1 1 259 245 238 534
2074 4 2 1 1 234 236 233 555
2075 4 2 1 1 530 633 466 639
2076 4 2 1 1 425 578 506 635
2077 4 2 1 1 714 296 52 694
2078 4 2 1 1 439 568 631 634
2079 4 2 1 1 597 621 455 622
2080 4 2 1 1 424 579 517 642
2081 4 2 1 1 350 591 393 657
2082 4 2 1 1 376 40 39 716
2083 4 2 1 1 392 513 622 331
2084 4 2 1 1 376 39 400 716
2085 4 2 1 1 725 157 693 43
2086 4 2 1 1 182 185 564 518
2087 4 2 1 1 376 716 400 585
2088 4 2 1 1 457 608 588 623
2089 4 2 1 1 145 588 508 663
2090 4 2 1 1 529 541 513 649
2091 4 2 1 1 319 312 320 457
2092 4 2 1 1 615 716 585 151
2093 4 2 1 1 714 134 694 52
2094 4 2 1 1 212 695 205 64
2095 4 2 1 1 367 380 366 643
2096 4 2 1 1 240 235 239 449
2097 4 2 1 1 725 157 43 135
2098 4 2 1 1 415 592 549 642
2099 4 2 1 1 456 608 590 623
2100 4 2 1 1 223 727 49 692
2101 4 2 1 1 604 644 414 647
2102 4 2 1 1 100 609 551 630
2103 4 2 1 1 406 378 311 576
2104 4 2 1 1 300 667 281 655
2105 4 2 1 1 414 517 665 579
2106 4 2 1 1 726 132 37 152
2107 4 2 1 1 644 652 604 467
2108 4 2 1 1 474 647 591 652
2109 4 2 1 1 457 588 500 623
2110 4 2 1 1 22 113 697 120
2111 4 2 1 1 201 173 209 577
2112 4 2 1 1 465 619 531 661
2113 4 2 1 1 85 111 99 666
2114 4 2 1 1 332 336 333 486
2115 4 2 1 1 615 716 696 376
2116 4 2 1 1 421 654 503 483
2117 4 2 1 1 308 69 698 297
2118 4 2 1 1 308 297 698 550
2119 4 2 1 1 287 297 300 655
2120 4 2 1 1 465 441 600 661
2121 4 2 1 1 541 542 321 615
2122 4 2 1 1 728 204 197 653
2123 4 2 1 1 392 317 364 622
2124 4 2 1 1 238 225 250 533
2125 4 2 1 1 163 164 144 640
2126 4 2 1 1 363 358 361 474
2127 4 2 1 1 207 180 205 567
2128 4 2 1 1 472 647 644 652
2129 4 2 1 1 140 148 143 602
2130 4 2 1 1 239 449 235 646
2131 4 2 1 1 256 226 252 550
2132 4 2 1 1 259 237 248 648
2133 4 2 1 1 449 548 547 549
2134 4 2 1 1 341 366 338 566
2135 4 2 1 1 419 481 491 638
2136 4 2 1 1 157 145 135 588
2137 4 2 1 1 295 269 283 533
2138 4 2 1 1 716 170 724 585
2139 4 2 1 1 179 210 206 515
2140 4 2 1 1 691 214 585 177
2141 4 2 1 1 421 620 664 483
2142 4 2 1 1 365 669 385 356
2143 4 2 1 1 679 255 247 219
2144 4 2 1 1 421 494 620 483
2145 4 2 1 1 332 335 336 589
2146 4 2 1 1 411 525 498 651
2147 4 2 1 1 273 295 283 613
2148 4 2 1 1 592 595 424 642
2149 4 2 1 1 570 583 478 637
2150 4 2 1 1 457 590 623 624
2151 4 2 1 1 233 232 234 646
2152 4 2 1 1 442 460 610 619
2153 4 2 1 1 670 446 645 463
2154 4 2 1 1 691 170 132 585
2155 4 2 1 1 447 571 569 505
2156 4 2 1 1 583 637 496 638
2157 4 2 1 1 371 385 383 477
2158 4 2 1 1 410 560 601 574
2159 4 2 1 1 441 610 411 465
2160 4 2 1 1 141 156 146 563
2161 4 2 1 1 279 280 282 568
2162 4 2 1 1 504 447 569 505
2163 4 2 1 1 513 331 621 622
2164 4 2 1 1 398 541 321 615
2165 4 2 1 1 607 369 715 65
2166 4 2 1 1 106 121 101 551
2167 4 2 1 1 712 200 59 599
2168 4 2 1 1 64 65 715 369
2169 4 2 1 1 696 41 151 542
2170 4 2 1 1 251 76 713 527
2171 4 2 1 1 358 474 352 652
2172 4 2 1 1 343 365 356 491
2173 4 2 1 1 145 508 131 663
2174 4 2 1 1 212 695 64 715
2175 4 2 1 1 281 301 280 667
2176 4 2 1 1 417 645 537 670
2177 4 2 1 1 509 578 444 635
2178 4 2 1 1 131 145 157 508
2179 4 2 1 1 157 168 131 508
2180 4 2 1 1 715 695 64 369
2181 4 2 1 1 617 638 440 616
2182 4 2 1 1 707 214 585 724
2183 4 2 1 1 583 658 461 670
2184 4 2 1 1 142 144 141 523
2185 4 2 1 1 424 592 465 596
2186 4 2 1 1 145 458 588 663
2187 4 2 1 1 176 673 59 599
2188 4 2 1 1 132 158 147 585
2189 4 2 1 1 320 312 397 457
2190 4 2 1 1 342 345 346 552
2191 4 2 1 1 321 396 397 541
2192 4 2 1 1 441 521 520 549
2193 4 2 1 1 338 336 337 589
2194 4 2 1 1 497 629 480 649
2195 4 2 1 1 715 481 369 607
2196 4 2 1 1 685 402 567 383
2197 4 2 1 1 347 346 348 618
2198 4 2 1 1 711 252 246 70
2199 4 2 1 1 112 86 101 567
2200 4 2 1 1 158 716 40 151
2201 4 2 1 1 488 498 454 499
2202 4 2 1 1 715 695 369 481
2203 4 2 1 1 458 165 145 139
2204 4 2 1 1 313 526 388 527
2205 4 2 1 1 428 527 526 449
2206 4 2 1 1 124 684 567 717
2207 4 2 1 1 513 621 597 622
2208 4 2 1 1 293 59 265 599
2209 4 2 1 1 440 466 582 639
2210 4 2 1 1 414 587 519 473
2211 4 2 1 1 643 381 333 529
2212 4 2 1 1 716 170 585 158
2213 4 2 1 1 373 359 327 490
2214 4 2 1 1 669 385 356 357
2215 4 2 1 1 22 697 679 120
2216 4 2 1 1 410 543 505 601
2217 4 2 1 1 173 208 209 577
2218 4 2 1 1 695 402 318 567
2219 4 2 1 1 98 96 95 606
2220 4 2 1 1 176 59 200 599
2221 4 2 1 1 364 478 394 334
2222 4 2 1 1 697 679 120 581
2223 4 2 1 1 140 141 138 605
2224 4 2 1 1 120 83 103 581
2225 4 2 1 1 161 153 162 613
2226 4 2 1 1 136 135 145 588
2227 4 2 1 1 542 624 457 484
2228 4 2 1 1 223 260 249 508
2229 4 2 1 1 223 249 241 508
2230 4 2 1 1 714 134 52 155
2231 4 2 1 1 670 446 463 658
2232 4 2 1 1 310 299 293 634
2233 4 2 1 1 480 513 649 629
2234 4 2 1 1 240 449 221 527
2235 4 2 1 1 124 684 717 14
2236 4 2 1 1 465 610 531 619
2237 4 2 1 1 383 385 318 567
2238 4 2 1 1 346 345 353 552
2239 4 2 1 1 443 635 509 579
2240 4 2 1 1 182 185 195 564
2241 4 2 1 1 438 609 507 636
2242 4 2 1 1 482 492 614 654
2243 4 2 1 1 159 171 133 533
2244 4 2 1 1 145 139 136 458
2245 4 2 1 1 146 156 167 563
2246 4 2 1 1 95 609 100 630
2247 4 2 1 1 443 582 633 639
2248 4 2 1 1 334 394 335 478
2249 4 2 1 1 190 202 218 660
2250 4 2 1 1 399 322 375 659
2251 4 2 1 1 342 347 377 625
2252 4 2 1 1 175 65 607 212
2253 4 2 1 1 112 685 124 567
2254 4 2 1 1 326 386 387 526
2255 4 2 1 1 394 491 478 607
2256 4 2 1 1 464 463 516 656
2257 4 2 1 1 225 262 250 533
2258 4 2 1 1 478 491 419 607
2259 4 2 1 1 687 203 67 196
2260 4 2 1 1 697 550 247 581
2261 4 2 1 1 390 360 316 666
2262 4 2 1 1 695 205 217 567
2263 4 2 1 1 338 337 339 584
2264 4 2 1 1 195 203 177 585
2265 4 2 1 1 283 274 273 613
2266 4 2 1 1 477 656 617 669
2267 4 2 1 1 714 285 290 296
2268 4 2 1 1 323 554 325 593
2269 4 2 1 1 687 455 203 196
2270 4 2 1 1 491 638 481 669
2271 4 2 1 1 96 98 118 606
2272 4 2 1 1 535 612 505 469
2273 4 2 1 1 499 548 449 646
2274 4 2 1 1 707 214 724 68
2275 4 2 1 1 314 65 607 66
2276 4 2 1 1 357 477 371 544
2277 4 2 1 1 371 544 477 576
2278 4 2 1 1 539 620 494 483
2279 4 2 1 1 440 451 582 466
2280 4 2 1 1 53 290 52 714
2281 4 2 1 1 252 226 261 550
2282 4 2 1 1 696 716 615 151
2283 4 2 1 1 446 601 560 574
2284 4 2 1 1 414 509 604 579
2285 4 2 1 1 186 188 189 536
2286 4 2 1 1 466 560 594 574
2287 4 2 1 1 500 535 458 484
2288 4 2 1 1 415 595 592 642
2289 4 2 1 1 392 513 331 329
2290 4 2 1 1 424 594 595 596
2291 4 2 1 1 366 336 338 566
2292 4 2 1 1 155 163 127 545
2293 4 2 1 1 328 312 41 542
2294 4 2 1 1 505 543 434 601
2295 4 2 1 1 466 633 582 639
2296 4 2 1 1 417 601 505 434
2297 4 2 1 1 228 229 562 662
2298 4 2 1 1 388 393 384 591
2299 4 2 1 1 254 244 219 556
2300 4 2 1 1 82 576 91 636
2301 4 2 1 1 295 306 269 533
2302 4 2 1 1 248 233 236 648
2303 4 2 1 1 541 322 381 396
2304 4 2 1 1 320 590 391 608
2305 4 2 1 1 275 714 290 267
2306 4 2 1 1 371 378 544 576
2307 4 2 1 1 697 21 22 226
2308 4 2 1 1 576 578 425 636
2309 4 2 1 1 330 381 396 541
2310 4 2 1 1 148 149 143 602
2311 4 2 1 1 404 384 360 527
2312 4 2 1 1 422 608 554 623
2313 4 2 1 1 697 261 21 226
2314 4 2 1 1 520 521 436 549
2315 4 2 1 1 313 370 387 526
2316 4 2 1 1 190 209 188 580
2317 4 2 1 1 334 621 331 622
2318 4 2 1 1 714 296 290 52
2319 4 2 1 1 601 571 417 505
2320 4 2 1 1 397 457 312 542
2321 4 2 1 1 507 609 425 636
2322 4 2 1 1 548 549 449 646
2323 4 2 1 1 270 297 308 550
2324 4 2 1 1 113 87 125 550
2325 4 2 1 1 424 595 592 596
2326 4 2 1 1 302 301 268 667
2327 4 2 1 1 417 505 447 434
2328 4 2 1 1 361 474 358 652
2329 4 2 1 1 305 284 294 631
2330 4 2 1 1 422 539 500 623
2331 4 2 1 1 232 239 235 646
2332 4 2 1 1 410 594 574 596
2333 4 2 1 1 411 548 547 651
2334 4 2 1 1 491 616 637 638
2335 4 2 1 1 343 339 337 584
2336 4 2 1 1 444 578 576 636
2337 4 2 1 1 364 478 334 622
2338 4 2 1 1 560 601 446 645
2339 4 2 1 1 267 714 53 674
2340 4 2 1 1 398 513 541 615
2341 4 2 1 1 267 714 674 545
2342 4 2 1 1 110 98 95 630
2343 4 2 1 1 104 119 83 556
2344 4 2 1 1 237 233 248 648
2345 4 2 1 1 345 379 355 557
2346 4 2 1 1 87 32 125 671
2347 4 2 1 1 22 697 226 247
2348 4 2 1 1 220 228 229 562
2349 4 2 1 1 187 191 202 660
2350 4 2 1 1 317 392 376 585
2351 4 2 1 1 398 513 330 541
2352 4 2 1 1 671 308 270 32
2353 4 2 1 1 414 665 509 579
2354 4 2 1 1 465 442 592 610
2355 4 2 1 1 389 355 379 557
2356 4 2 1 1 480 513 597 615
2357 4 2 1 1 124 684 14 86
2358 4 2 1 1 432 441 611 661
2359 4 2 1 1 480 542 541 615
2360 4 2 1 1 714 285 296 489
2361 4 2 1 1 313 388 384 527
2362 4 2 1 1 410 594 560 574
2363 4 2 1 1 444 635 578 636
2364 4 2 1 1 351 358 352 652
2365 4 2 1 1 458 457 500 484
2366 4 2 1 1 139 140 138 605
2367 4 2 1 1 137 136 138 484
2368 4 2 1 1 680 216 178 62
2369 4 2 1 1 124 684 86 567
2370 4 2 1 1 327 372 409 598
2371 4 2 1 1 355 544 378 558
2372 4 2 1 1 92 91 609 636
2373 4 2 1 1 82 91 90 636
2374 4 2 1 1 680 216 62 705
2375 4 2 1 1 349 348 350 657
2376 4 2 1 1 411 547 525 651
2377 4 2 1 1 425 578 635 636
2378 4 2 1 1 92 100 95 609
2379 4 2 1 1 499 610 460 498
2380 4 2 1 1 411 610 548 651
2381 4 2 1 1 206 57 215 690
2382 4 2 1 1 517 521 441 642
2383 4 2 1 1 457 590 608 623
2384 4 2 1 1 713 403 666 390
2385 4 2 1 1 122 729 718 666
2386 4 2 1 1 221 678 77 527
2387 4 2 1 1 353 355 362 558
2388 4 2 1 1 685 402 383 15
2389 4 2 1 1 276 284 275 586
2390 4 2 1 1 122 729 666 85
2391 4 2 1 1 713 75 390 76
2392 4 2 1 1 123 688 27 114
2393 4 2 1 1 688 722 515 123
2394 4 2 1 1 385 371 357 477
2395 4 2 1 1 122 689 666 718
2396 4 2 1 1 122 689 718 20
2397 4 2 1 1 122 729 85 26
2398 4 2 1 1 447 505 535 434
2399 4 2 1 1 440 496 616 638
2400 4 2 1 1 480 629 497 668
2401 4 2 1 1 150 145 131 663
2402 4 2 1 1 698 261 252 69
2403 4 2 1 1 690 307 272 57
2404 4 2 1 1 122 729 26 718
2405 4 2 1 1 692 168 131 50
2406 4 2 1 1 489 160 33 169
2407 4 2 1 1 354 350 393 657
2408 4 2 1 1 195 181 182 564
2409 4 2 1 1 697 719 125 21
2410 4 2 1 1 95 100 110 630
2411 4 2 1 1 428 525 547 449
2412 4 2 1 1 682 306 269 74
2413 4 2 1 1 284 279 294 631
2414 4 2 1 1 74 262 225 682
2415 4 2 1 1 713 718 263 666
2416 4 2 1 1 263 251 713 666
2417 4 2 1 1 395 365 343 491
2418 4 2 1 1 713 76 390 527
2419 4 2 1 1 691 214 177 38
2420 4 2 1 1 193 185 186 537
2421 4 2 1 1 413 500 624 484
2422 4 2 1 1 349 359 347 553
2423 4 2 1 1 686 133 56 171
2424 4 2 1 1 380 375 381 659
2425 4 2 1 1 681 123 9 88
2426 4 2 1 1 449 548 499 651
2427 4 2 1 1 337 335 395 589
2428 4 2 1 1 112 685 15 124
2429 4 2 1 1 681 215 179 9
2430 4 2 1 1 694 169 51 134
2431 4 2 1 1 691 38 132 170
2432 4 2 1 1 128 136 137 484
2433 4 2 1 1 517 579 521 642
2434 4 2 1 1 77 313 404 527
2435 4 2 1 1 172 144 164 640
2436 4 2 1 1 416 612 559 650
2437 4 2 1 1 395 394 365 491
2438 4 2 1 1 349 354 372 657
2439 4 2 1 1 698 261 69 719
2440 4 2 1 1 414 644 587 473
2441 4 2 1 1 713 436 390 666
2442 4 2 1 1 402 383 318 567
2443 4 2 1 1 329 328 376 615
2444 4 2 1 1 417 571 645 670
2445 4 2 1 1 184 182 183 518
2446 4 2 1 1 465 592 442 596
2447 4 2 1 1 435 597 480 629
2448 4 2 1 1 397 312 321 542
2449 4 2 1 1 686 723 533 171
2450 4 2 1 1 693 168 44 157
2451 4 2 1 1 378 357 371 544
2452 4 2 1 1 457 623 500 624
2453 4 2 1 1 365 669 356 491
2454 4 2 1 1 458 457 484 136
2455 4 2 1 1 170 158 132 585
2456 4 2 1 1 258 221 77 527
2457 4 2 1 1 92 90 91 636
2458 4 2 1 1 310 282 299 634
2459 4 2 1 1 693 168 157 508
2460 4 2 1 1 389 378 355 544
2461 4 2 1 1 319 320 405 608
2462 4 2 1 1 707 214 68 203
2463 4 2 1 1 314 369 365 607
2464 4 2 1 1 525 526 454 449
2465 4 2 1 1 333 336 366 643
2466 4 2 1 1 692 168 50 709
2467 4 2 1 1 346 368 348 618
2468 4 2 1 1 293 265 310 599
2469 4 2 1 1 384 352 360 591
2470 4 2 1 1 695 717 567 217
2471 4 2 1 1 531 610 460 619
2472 4 2 1 1 458 165 139 416
2473 4 2 1 1 435 480 597 615
2474 4 2 1 1 228 230 229 662
2475 4 2 1 1 713 403 390 75
2476 4 2 1 1 77 76 258 527
2477 4 2 1 1 190 187 202 660
2478 4 2 1 1 176 59 673 60
2479 4 2 1 1 697 719 550 125
2480 4 2 1 1 100 101 121 551
2481 4 2 1 1 454 499 498 651
2482 4 2 1 1 616 638 491 669
2483 4 2 1 1 694 169 134 489
2484 4 2 1 1 533 262 250 45
2485 4 2 1 1 695 63 217 205
2486 4 2 1 1 122 689 20 111
2487 4 2 1 1 491 637 419 638
2488 4 2 1 1 113 125 21 697
2489 4 2 1 1 100 92 91 609
2490 4 2 1 1 122 689 111 666
2491 4 2 1 1 496 637 616 638
2492 4 2 1 1 183 192 191 653
2493 4 2 1 1 232 235 234 646
2494 4 2 1 1 498 525 454 651
2495 4 2 1 1 177 203 214 585
2496 4 2 1 1 385 365 369 481
2497 4 2 1 1 218 176 200 599
2498 4 2 1 1 159 533 45 171
2499 4 2 1 1 428 526 525 449
2500 4 2 1 1 521 579 438 642
2501 4 2 1 1 675 71 222 72
2502 4 2 1 1 707 214 203 585
2503 4 2 1 1 197 192 183 653
2504 4 2 1 1 348 368 351 652
2505 4 2 1 1 193 211 185 537
2506 4 2 1 1 371 17 311 576
2507 4 2 1 1 317 376 400 585
2508 4 2 1 1 388 387 386 526
2509 4 2 1 1 82 683 17 576
2510 4 2 1 1 326 407 409 598
2511 4 2 1 1 716 170 158 39
2512 4 2 1 1 75 263 251 713
2513 4 2 1 1 362 355 378 558
2514 4 2 1 1 411 531 610 498
2515 4 2 1 1 392 513 329 615
2516 4 2 1 1 706 105 17 576
2517 4 2 1 1 699 260 249 80
2518 4 2 1 1 390 436 713 527
2519 4 2 1 1 102 119 93 632
2520 4 2 1 1 716 170 39 724
2521 4 2 1 1 102 93 94 632
2522 4 2 1 1 676 36 35 130
2523 4 2 1 1 180 217 205 567
2524 4 2 1 1 381 375 322 659
2525 4 2 1 1 365 491 394 607
2526 4 2 1 1 453 601 560 645
2527 4 2 1 1 81 29 30 672
2528 4 2 1 1 47 48 562 129
2529 4 2 1 1 31 30 720 107
2530 4 2 1 1 324 554 405 608
2531 4 2 1 1 182 184 185 518
2532 4 2 1 1 371 311 378 576
2533 4 2 1 1 111 89 99 565
2534 4 2 1 1 330 331 408 513
2535 4 2 1 1 323 325 315 593
2536 4 2 1 1 323 405 325 554
2537 4 2 1 1 393 350 352 591
2538 4 2 1 1 221 77 678 78
2539 4 2 1 1 112 124 86 567
2540 4 2 1 1 499 651 610 498
2541 4 2 1 1 330 398 329 513
2542 4 2 1 1 377 341 342 625
2543 4 2 1 1 41 42 128 457
2544 4 2 1 1 680 178 61 62
2545 4 2 1 1 313 387 388 526
2546 4 2 1 1 477 481 656 669
2547 4 2 1 1 336 335 337 589
2548 4 2 1 1 280 301 302 667
2549 4 2 1 1 684 13 14 86
2550 4 2 1 1 58 712 59 293
2551 4 2 1 1 31 32 87 671
2552 4 2 1 1 84 12 11 577
2553 4 2 1 1 313 384 404 527
2554 4 2 1 1 328 321 542 615
2555 4 2 1 1 99 89 90 565
2556 4 2 1 1 516 463 440 656
2557 4 2 1 1 419 637 583 638
2558 4 2 1 1 674 53 54 127
2559 4 2 1 1 9 10 681 88
2560 4 2 1 1 225 74 682 73
2561 4 2 1 1 690 206 57 58
2562 4 2 1 1 324 405 391 608
2563 4 2 1 1 25 26 85 729
2564 4 2 1 1 83 23 24 679
2565 4 2 1 1 293 712 59 599
2566 4 2 1 1 11 10 109 721
2567 4 2 1 1 272 712 690 58
2568 4 2 1 1 712 293 515 599
2569 4 2 1 1 272 712 58 293
2570 4 2 1 1 711 297 698 70
2571 4 2 1 1 711 297 70 304
2572 4 2 1 1 304 711 71 70
2573 4 2 1 1 472 473 644 647
2574 4 2 1 1 414 644 473 647
2575 4 2 1 1 525 651 547 449
2576 4 2 1 1 548 592 442 610
2577 4 2 1 1 675 711 71 304
2578 4 2 1 1 58 200 59 712
2579 4 2 1 1 675 711 304 524
2580 4 2 1 1 82 17 105 576
2581 4 2 1 1 394 364 314 607
2582 4 2 1 1 113 21 22 697
2583 4 2 1 1 710 55 153 54
2584 4 2 1 1 398 329 513 615
2585 4 2 1 1 370 315 325 593
2586 4 2 1 1 687 67 66 196
2587 4 2 1 1 300 281 287 655
2588 4 2 1 1 695 63 205 64
2589 4 2 1 1 70 252 69 698
2590 4 2 1 1 328 398 321 615
2591 4 2 1 1 607 65 175 66
2592 4 2 1 1 329 331 330 513
2593 4 2 1 1 13 12 106 700
2594 4 2 1 1 258 240 221 527
2595 4 2 1 1 24 25 104 677
2596 4 2 1 1 396 321 398 541
2597 4 2 1 1 457 624 500 484
2598 4 2 1 1 403 390 316 666
2599 4 2 1 1 135 42 43 725
2600 4 2 1 1 37 38 132 691
2601 4 2 1 1 706 16 17 105
2602 4 2 1 1 604 647 474 652
2603 4 2 1 1 704 18 19 89
2604 4 2 1 1 61 199 701 60
2605 4 2 1 1 547 548 449 651
2606 4 2 1 1 56 133 686 55
2607 4 2 1 1 73 245 72 702
2608 4 2 1 1 251 263 224 666
2609 4 2 1 1 688 28 27 114
2610 4 2 1 1 249 80 79 699
2611 4 2 1 1 134 52 51 694
2612 4 2 1 1 689 19 20 111
2613 4 2 1 1 242 78 678 79
2614 4 2 1 1 692 49 50 131
2615 4 2 1 1 160 33 34 489
2616 4 2 1 1 165 145 150 663
2617 4 2 1 1 45 46 533 159
2618 4 2 1 1 327 409 407 598
2619 4 2 1 1 231 230 228 662
2620 4 2 1 1 151 40 41 696
2621 4 2 1 1 361 358 351 652
2622 4 2 1 1 53 714 52 155
2623 4 2 1 1 683 17 18 82
2624 4 2 1 1 525 454 651 449
2625 4 2 1 1 37 36 726 152
2626 4 2 1 1 357 378 389 544
2627 4 2 1 1 685 15 16 112
2628 4 2 1 1 727 48 49 150
2629 4 2 1 1 548 610 499 651
2630 4 2 1 1 35 34 728 154
2631 4 2 1 1 407 326 325 554
2632 4 2 1 1 82 105 91 576
2633 4 2 1 1 108 28 29 708
2634 4 2 1 1 333 366 380 643
2635 4 2 1 1 320 397 391 590
2636 4 2 1 1 352 384 393 591
2637 4 2 1 1 716 40 39 158
2638 4 2 1 1 251 75 713 76
2639 4 2 1 1 705 33 6 169
2640 4 2 1 1 168 44 7 709
2641 4 2 1 1 709 50 7 168
2642 4 2 1 1 2 27 123 722
2643 4 2 1 1 1 15 717 124
2644 4 2 1 1 123 9 2 722
2645 4 2 1 1 722 215 2 57
2646 4 2 1 1 705 62 6 216
2647 4 2 1 1 705 6 51 169
2648 4 2 1 1 122 26 3 718
2649 4 2 1 1 124 1 14 717
2650 4 2 1 1 723 56 8 171
2651 4 2 1 1 125 32 4 719
2652 4 2 1 1 8 723 262 74
2653 4 2 1 1 724 214 5 68
2654 4 2 1 1 5 38 724 170
2655 4 2 1 1 397 322 399 590
2656 4 2 1 1 320 391 405 608
2657 4 2 1 1 354 349 350 657
2658 4 2 1 1 111 85 122 666
2659 4 2 1 1 460 610 531 498
2660 4 2 1 1 719 21 4 125
2661 4 2 1 1 45 8 171 723
2662 4 2 1 1 717 63 1 217
2663 4 2 1 1 4 69 261 719
2664 4 2 1 1 365 394 314 607
2665 4 2 1 1 711 287 297 304
2666 4 2 1 1 679 23 22 120
2667 4 2 1 1 617 638 616 669
2668 4 2 1 1 43 44 157 693
2669 4 2 1 1 296 309 694 489
2670 4 2 1 1 166 47 46 703
2671 4 2 1 1 20 3 718 122
2672 4 2 1 1 711 246 71 70
2673 4 2 1 1 170 5 39 724
2674 4 2 1 1 80 709 260 7
2675 4 2 1 1 64 65 212 715
2676 4 2 1 1 361 351 368 652
2677 4 2 1 1 397 399 391 590
2678 4 2 1 1 405 324 325 554
2679 4 2 1 1 398 330 396 541
2680 4 2 1 1 67 68 203 707
2681 4 2 1 1 321 312 328 542
2682 4 2 1 1 398 328 329 615
2683 4 2 1 1 364 331 392 622
2684 4 2 1 1 325 324 407 554
2685 4 2 1 1 364 334 331 622
2686 4 2 1 1 725 157 135 588
2687 4 2 1 1 575 485 613 534
2688 4 2 1 1 575 613 485 462
2689 4 2 1 1 664 590 623 456
2690 4 2 1 1 664 623 590 437
2691 4 2 1 1 587 627 473 644
2692 4 2 1 1 587 627 644 433
2693 4 2 1 1 226 247 697 550
2694 4 2 1 1 99 677 85 666
2695 4 2 1 1 525 487 526 428
2696 4 2 1 1 525 526 487 450
2697 4 2 1 1 341 522 367 566
2698 4 2 1 1 341 522 566 625
2699 4 2 1 1 482 433 492 475
2700 4 2 1 1 85 677 25 729
2701 4 2 1 1 605 148 416 139
2702 4 2 1 1 605 416 148 602
2703 4 2 1 1 612 442 416 559
2704 4 2 1 1 612 416 442 460
2705 4 2 1 1 85 677 729 666
2706 4 2 1 1 696 40 41 328
2707 4 2 1 1 657 428 388 487
2708 4 2 1 1 657 388 428 591
2709 4 2 1 1 627 472 487 473
2710 4 2 1 1 627 487 472 553
2711 4 2 1 1 589 332 478 486
2712 4 2 1 1 589 478 332 335
2713 4 2 1 1 575 303 283 277
2714 4 2 1 1 575 283 303 534
2715 4 2 1 1 602 162 142 462
2716 4 2 1 1 602 142 162 143
2717 4 2 1 1 553 644 627 433
2718 4 2 1 1 627 644 553 472
2719 4 2 1 1 532 298 299 515
2720 4 2 1 1 532 299 298 292
2721 4 2 1 1 659 448 437 529
2722 4 2 1 1 659 437 448 514
2723 4 2 1 1 598 620 487 450
2724 4 2 1 1 487 620 598 490
2725 4 2 1 1 560 420 463 451
2726 4 2 1 1 560 463 420 453
2727 4 2 1 1 532 114 115 108
2728 4 2 1 1 532 115 114 515
2729 4 2 1 1 626 658 446 461
2730 4 2 1 1 446 658 626 466
2731 4 2 1 1 677 253 244 224
2732 4 2 1 1 666 556 253 436
2733 4 2 1 1 618 625 433 553
2734 4 2 1 1 433 625 618 552
2735 4 2 1 1 664 623 539 456
2736 4 2 1 1 664 539 623 483
2737 4 2 1 1 421 433 614 482
2738 4 2 1 1 421 433 482 522
2739 4 2 1 1 652 657 591 350
2740 4 2 1 1 591 657 652 472
2741 4 2 1 1 151 585 147 158
2742 4 2 1 1 147 585 151 435
2743 4 2 1 1 564 177 195 181
2744 4 2 1 1 564 177 181 726
2745 4 2 1 1 544 669 357 477
2746 4 2 1 1 357 669 544 476
2747 4 2 1 1 641 558 509 427
2748 4 2 1 1 641 509 558 467
2749 4 2 1 1 677 253 224 666
2750 4 2 1 1 674 273 710 54
2751 4 2 1 1 535 469 504 413
2752 4 2 1 1 273 55 710 54
2753 4 2 1 1 230 499 232 502
2754 4 2 1 1 232 499 231 239
2755 4 2 1 1 203 455 195 196
2756 4 2 1 1 687 455 196 607
2757 4 2 1 1 642 507 438 595
2758 4 2 1 1 642 438 507 579
2759 4 2 1 1 674 273 613 710
2760 4 2 1 1 441 610 465 592
2761 4 2 1 1 90 438 93 565
2762 4 2 1 1 92 438 636 609
2763 4 2 1 1 587 611 614 432
2764 4 2 1 1 614 611 587 473
2765 4 2 1 1 388 428 527 526
2766 4 2 1 1 527 428 388 591
2767 4 2 1 1 631 265 305 495
2768 4 2 1 1 631 305 265 294
2769 4 2 1 1 399 456 514 374
2770 4 2 1 1 399 456 374 391
2771 4 2 1 1 670 455 417 540
2772 4 2 1 1 670 417 455 537
2773 4 2 1 1 714 134 155 489
2774 4 2 1 1 537 419 463 464
2775 4 2 1 1 43 44 693 382
2776 4 2 1 1 463 536 537 464
2777 4 2 1 1 441 642 592 424
2778 4 2 1 1 295 710 55 686
2779 4 2 1 1 595 442 415 592
2780 4 2 1 1 595 415 442 511
2781 4 2 1 1 152 676 130 36
2782 4 2 1 1 152 676 36 726
2783 4 2 1 1 129 703 166 149
2784 4 2 1 1 295 710 686 613
2785 4 2 1 1 709 44 7 401
2786 4 2 1 1 696 376 40 328
2787 4 2 1 1 556 565 632 438
2788 4 2 1 1 556 632 565 99
2789 4 2 1 1 93 632 565 438
2790 4 2 1 1 93 565 632 99
2791 4 2 1 1 138 563 146 484
2792 4 2 1 1 138 563 484 605
2793 4 2 1 1 597 417 455 540
2794 4 2 1 1 597 447 435 417
2795 4 2 1 1 662 485 416 502
2796 4 2 1 1 662 416 485 562
2797 4 2 1 1 628 668 504 497
2798 4 2 1 1 504 668 628 447
2799 4 2 1 1 728 130 35 154
2800 4 2 1 1 174 728 471 676
2801 4 2 1 1 669 385 357 477
2802 4 2 1 1 669 385 477 481
2803 4 2 1 1 251 76 527 258
2804 4 2 1 1 80 709 7 401
2805 4 2 1 1 159 703 166 46
2806 4 2 1 1 159 703 46 533
2807 4 2 1 1 264 711 246 524
2808 4 2 1 1 711 287 304 524
2809 4 2 1 1 593 79 249 242
2810 4 2 1 1 593 249 79 699
2811 4 2 1 1 636 444 579 438
2812 4 2 1 1 579 444 636 635
2813 4 2 1 1 693 709 401 44
2814 4 2 1 1 693 709 508 401
2815 4 2 1 1 671 720 107 31
2816 4 2 1 1 300 671 270 289
2817 4 2 1 1 671 289 31 270
2818 4 2 1 1 671 719 32 125
2819 4 2 1 1 671 719 125 550
2820 4 2 1 1 31 32 671 270
2821 4 2 1 1 532 268 510 667
2822 4 2 1 1 328 41 696 542
2823 4 2 1 1 672 720 30 107
2824 4 2 1 1 708 268 672 532
2825 4 2 1 1 672 720 107 510
2826 4 2 1 1 708 268 532 292
2827 4 2 1 1 672 29 30 268
2828 4 2 1 1 673 291 265 495
2829 4 2 1 1 265 673 495 599
2830 4 2 1 1 291 673 265 60
2831 4 2 1 1 673 265 59 599
2832 4 2 1 1 673 59 265 60
2833 4 2 1 1 260 709 699 508
2834 4 2 1 1 577 721 11 109
2835 4 2 1 1 708 28 29 292
2836 4 2 1 1 173 577 12 198
2837 4 2 1 1 577 12 11 173
2838 4 2 1 1 674 274 267 545
2839 4 2 1 1 674 710 153 54
2840 4 2 1 1 674 273 54 267
2841 4 2 1 1 275 714 267 545
2842 4 2 1 1 267 714 290 53
2843 4 2 1 1 267 53 54 674
2844 4 2 1 1 266 675 524 534
2845 4 2 1 1 266 288 675 534
2846 4 2 1 1 675 304 266 524
2847 4 2 1 1 72 675 266 288
2848 4 2 1 1 675 71 266 304
2849 4 2 1 1 266 71 675 72
2850 4 2 1 1 676 182 174 181
2851 4 2 1 1 676 182 181 564
2852 4 2 1 1 728 172 154 640
2853 4 2 1 1 174 36 35 676
2854 4 2 1 1 676 36 181 174
2855 4 2 1 1 728 130 471 676
2856 4 2 1 1 708 688 28 292
2857 4 2 1 1 562 727 150 48
2858 4 2 1 1 562 227 48 220
2859 4 2 1 1 47 48 220 562
2860 4 2 1 1 47 243 562 220
2861 4 2 1 1 677 253 666 556
2862 4 2 1 1 24 244 677 556
2863 4 2 1 1 244 25 677 224
2864 4 2 1 1 24 25 677 244
2865 4 2 1 1 313 678 370 526
2866 4 2 1 1 678 526 313 527
2867 4 2 1 1 370 678 313 78
2868 4 2 1 1 678 313 77 527
2869 4 2 1 1 678 77 313 78
2870 4 2 1 1 708 268 292 29
2871 4 2 1 1 679 255 219 556
2872 4 2 1 1 219 24 679 556
2873 4 2 1 1 679 247 23 219
2874 4 2 1 1 679 23 24 219
2875 4 2 1 1 701 178 199 61
2876 4 2 1 1 271 680 309 489
2877 4 2 1 1 701 178 61 680
2878 4 2 1 1 62 271 680 309
2879 4 2 1 1 271 680 61 62
2880 4 2 1 1 681 721 109 10
2881 4 2 1 1 681 722 9 123
2882 4 2 1 1 681 201 10 179
2883 4 2 1 1 681 722 123 515
2884 4 2 1 1 9 10 179 681
2885 4 2 1 1 269 533 682 534
2886 4 2 1 1 288 269 682 534
2887 4 2 1 1 73 269 682 288
2888 4 2 1 1 682 723 74 262
2889 4 2 1 1 682 723 262 533
2890 4 2 1 1 682 74 269 73
2891 4 2 1 1 683 406 311 576
2892 4 2 1 1 683 406 576 444
2893 4 2 1 1 311 18 363 683
2894 4 2 1 1 683 311 17 576
2895 4 2 1 1 311 17 18 683
2896 4 2 1 1 684 700 13 106
2897 4 2 1 1 684 700 106 567
2898 4 2 1 1 180 684 217 567
2899 4 2 1 1 180 14 217 684
2900 4 2 1 1 180 13 14 684
2901 4 2 1 1 685 477 383 567
2902 4 2 1 1 706 383 685 477
2903 4 2 1 1 706 383 477 371
2904 4 2 1 1 685 717 15 124
2905 4 2 1 1 685 717 124 567
2906 4 2 1 1 383 15 16 685
2907 4 2 1 1 686 533 295 613
2908 4 2 1 1 295 710 613 273
2909 4 2 1 1 686 723 171 56
2910 4 2 1 1 295 710 273 55
2911 4 2 1 1 686 306 56 295
2912 4 2 1 1 56 686 295 55
2913 4 2 1 1 364 687 607 622
2914 4 2 1 1 687 364 317 622
2915 4 2 1 1 364 687 66 607
2916 4 2 1 1 364 67 687 317
2917 4 2 1 1 364 67 66 687
2918 4 2 1 1 708 268 29 672
2919 4 2 1 1 457 725 42 135
2920 4 2 1 1 708 688 292 532
2921 4 2 1 1 41 312 457 542
2922 4 2 1 1 41 42 457 312
2923 4 2 1 1 688 515 298 532
2924 4 2 1 1 688 298 292 532
2925 4 2 1 1 688 722 123 27
2926 4 2 1 1 688 292 298 28
2927 4 2 1 1 688 307 27 298
2928 4 2 1 1 298 28 27 688
2929 4 2 1 1 489 728 34 154
2930 4 2 1 1 489 705 169 33
2931 4 2 1 1 67 68 707 317
2932 4 2 1 1 489 216 33 204
2933 4 2 1 1 489 33 34 204
2934 4 2 1 1 704 111 89 19
2935 4 2 1 1 689 316 565 666
2936 4 2 1 1 704 111 19 689
2937 4 2 1 1 316 689 403 666
2938 4 2 1 1 689 20 316 403
2939 4 2 1 1 316 19 20 689
2940 4 2 1 1 272 712 293 515
2941 4 2 1 1 690 722 57 215
2942 4 2 1 1 272 712 515 690
2943 4 2 1 1 690 722 215 515
2944 4 2 1 1 272 690 57 58
2945 4 2 1 1 726 147 152 564
2946 4 2 1 1 726 177 37 691
2947 4 2 1 1 691 724 38 170
2948 4 2 1 1 691 724 170 585
2949 4 2 1 1 37 38 691 177
2950 4 2 1 1 692 508 223 663
2951 4 2 1 1 727 131 150 49
2952 4 2 1 1 223 692 260 508
2953 4 2 1 1 727 131 49 692
2954 4 2 1 1 223 50 260 692
2955 4 2 1 1 223 49 50 692
2956 4 2 1 1 707 68 400 317
2957 4 2 1 1 607 715 212 65
2958 4 2 1 1 607 369 65 314
$EndElements
