$MeshFormat
2.2 0 8
$EndMeshFormat
$PhysicalNames
1
3 1 "tissue"
$EndPhysicalNames
$Nodes
1982
1 0 0 0.08
2 0 0 0
3 0 0.08 0.08
4 0 0.08 0
5 0.08 0 0.08
6 0.08 0 0
7 0.08 0.08 0.08
8 0.08 0.08 0
9 0 0 0.01142857142857141
10 0 0 0.0228571428571428
11 0 0 0.03428571428571419
12 0 0 0.04571428571428559
13 0 0 0.05714285714285704
14 0 0 0.06857142857142852
15 0 0.01120856450219523 0.08
16 0 0.02188332319331331 0.08
17 0 0.0312576559926787 0.08
18 0 0.03999999999999994 0.08
19 0 0.04874234400732119 0.08
20 0 0.0581166768066867 0.08
21 0 0.0687914354978047 0.08
22 0 0.08 0.01142857142857141
23 0 0.08 0.0228571428571428
24 0 0.08 0.03428571428571419
25 0 0.08 0.04571428571428559
26 0 0.08 0.05714285714285704
27 0 0.08 0.06857142857142852
28 0 0.01142857142857141 0
29 0 0.0228571428571428 0
30 0 0.03428571428571419 0
31 0 0.04571428571428559 0
32 0 0.05714285714285704 0
33 0 0.06857142857142852 0
34 0.08 0 0.01142857142857141
35 0.08 0 0.0228571428571428
36 0.08 0 0.03428571428571419
37 0.08 0 0.04571428571428559
38 0.08 0 0.05714285714285704
39 0.08 0 0.06857142857142852
40 0.08 0.01120856450219523 0.08
41 0.08 0.02188332319331331 0.08
42 0.08 0.0312576559926787 0.08
43 0.08 0.03999999999999994 0.08
44 0.08 0.04874234400732119 0.08
45 0.08 0.0581166768066867 0.08
46 0.08 0.0687914354978047 0.08
47 0.08 0.08 0.01142857142857141
48 0.08 0.08 0.0228571428571428
49 0.08 0.08 0.03428571428571419
50 0.08 0.08 0.04571428571428559
51 0.08 0.08 0.05714285714285704
52 0.08 0.08 0.06857142857142852
53 0.08 0.01142857142857141 0
54 0.08 0.0228571428571428 0
55 0.08 0.03428571428571419 0
56 0.08 0.04571428571428559 0
57 0.08 0.05714285714285704 0
58 0.08 0.06857142857142852 0
59 0.01142857142857141 0 0
60 0.0228571428571428 0 0
61 0.03428571428571419 0 0
62 0.04571428571428559 0 0
63 0.05714285714285704 0 0
64 0.06857142857142852 0 0
65 0.01120856450219523 0 0.08
66 0.02188332319331331 0 0.08
67 0.0312576559926787 0 0.08
68 0.03999999999999994 0 0.08
69 0.04874234400732119 0 0.08
70 0.0581166768066867 0 0.08
71 0.0687914354978047 0 0.08
72 0.01142857142857141 0.08 0
73 0.0228571428571428 0.08 0
74 0.03428571428571419 0.08 0
75 0.04571428571428559 0.08 0
76 0.05714285714285704 0.08 0
77 0.06857142857142852 0.08 0
78 0.01120856450219523 0.08 0.08
79 0.02188332319331331 0.08 0.08
80 0.0312576559926787 0.08 0.08
81 0.03999999999999994 0.08 0.08
82 0.04874234400732119 0.08 0.08
83 0.0581166768066867 0.08 0.08
84 0.0687914354978047 0.08 0.08
85 0 0.03881561237192666 0.01165675567468589
86 0 0.035214032297579 0.07226945052901979
87 0 0.07109103464080797 0.0399405549594964
88 0 0.009762216496911433 0.04107671627438142
89 0 0.05326500622057277 0.07175997851303811
90 0 0.009927814999268243 0.06246597314872526
91 0 0.01750302093913354 0.01046531129219554
92 0 0.06280457042392891 0.009273022373519218
93 0 0.0701025668138921 0.06285714285714276
94 0 0.06298152843186604 0.07177065115700137
95 0 0.0579630851424455 0.06299610554353954
96 0 0.04774930879446647 0.06356770539222073
97 0 0.05193920284462353 0.05467772867403429
98 0 0.04222709531082129 0.05543307114295794
99 0 0.04624303374731487 0.04674647086163111
100 0 0.03670347142656942 0.04768804411403682
101 0 0.04064710249505509 0.03880743217990815
102 0 0.03326748116607657 0.05599051286404816
103 0 0.05026474129616486 0.03741096541600669
104 0 0.03079542633475122 0.03970109735280132
105 0 0.03435310454180254 0.03037491368511608
106 0 0.0245678016032766 0.0311434695982483
107 0 0.02829348220294998 0.01953665347745425
108 0 0.061957344192702 0.05356709206379377
109 0 0.02620118684505988 0.07187395995181303
110 0 0.01656881206201367 0.07148871429794276
111 0 0.02064608595689507 0.06323734168193146
112 0 0.0172370970739587 0.0518981118910833
113 0 0.01720463996778016 0.02343841612564818
114 0 0.06998227075405994 0.02813362026040763
115 0 0.0512224114183568 0.01017102751841614
116 0 0.05928882665354625 0.02107131192068462
117 0 0.04423211478724082 0.07228442386258144
118 0 0.03878804523147708 0.06407629675090698
119 0 0.02730971773836418 0.04853193704346907
120 0 0.04748390752182442 0.0206100446017284
121 0 0.02835099453137343 0.008331744088867134
122 0 0.0606082925141857 0.03494109990324063
123 0 0.02091662030419288 0.04102035147194812
124 0 0.05559658817068993 0.04582241819079109
125 0 0.07084981413848881 0.01714285714285711
126 0 0.008487695625161454 0.02876193722624151
127 0 0.04394536021728971 0.02964117737240916
128 0 0.07180220491467319 0.05142857142857132
129 0 0.008451836800009898 0.0174259354000652
130 0 0.02989867791644636 0.06386315966212268
131 0 0.07193673557675166 0.07196149191613965
132 0 0.007268624250296138 0.05159358386121075
133 0 0.007728638874259978 0.07226295753519968
134 0 0.0716918941193708 0.008308105880629205
135 0 0.008283621287891223 0.008283621287891223
136 0 0.05231822564060219 0.0287349198428139
137 0 0.02541976077154598 0.05608592113434404
138 0 0.06421109288661175 0.04513994730917864
139 0 0.03762149948541147 0.02206322909722481
140 0 0.01582746257789515 0.03377077667170537
141 0.08 0.03881561237192666 0.01165675567468589
142 0.08 0.035214032297579 0.07226945052901979
143 0.08 0.07109103464080797 0.0399405549594964
144 0.08 0.009762216496911433 0.04107671627438142
145 0.08 0.05326500622057277 0.07175997851303811
146 0.08 0.009927814999268243 0.06246597314872526
147 0.08 0.0628045704239289 0.009273022373519218
148 0.08 0.01750302093913354 0.01046531129219554
149 0.08 0.0701025668138921 0.06285714285714276
150 0.08 0.06298152843186604 0.07177065115700137
151 0.08 0.0579630851424455 0.06299610554353954
152 0.08 0.04774930879446647 0.06356770539222073
153 0.08 0.05193920284462353 0.05467772867403429
154 0.08 0.04222709531082129 0.05543307114295794
155 0.08 0.04624303374731487 0.04674647086163111
156 0.08 0.03670347142656942 0.04768804411403682
157 0.08 0.04064710249505509 0.03880743217990815
158 0.08 0.03326748116607657 0.05599051286404816
159 0.08 0.05026474129616486 0.03741096541600669
160 0.08 0.03079542633475122 0.03970109735280132
161 0.08 0.03435310454180254 0.03037491368511608
162 0.08 0.0245678016032766 0.0311434695982483
163 0.08 0.02829348220294998 0.01953665347745425
164 0.08 0.061957344192702 0.05356709206379377
165 0.08 0.02620118684505988 0.07187395995181303
166 0.08 0.01656881206201367 0.07148871429794276
167 0.08 0.02064608595689507 0.06323734168193146
168 0.08 0.0172370970739587 0.0518981118910833
169 0.08 0.01720463996778016 0.02343841612564818
170 0.08 0.06998227075405994 0.02813362026040763
171 0.08 0.05122241141835679 0.01017102751841614
172 0.08 0.05928882665354625 0.02107131192068462
173 0.08 0.04423211478724082 0.07228442386258144
174 0.08 0.03878804523147708 0.06407629675090698
175 0.08 0.02730971773836418 0.04853193704346907
176 0.08 0.04748390752182442 0.02061004460172841
177 0.08 0.02835099453137343 0.008331744088867136
178 0.08 0.0606082925141857 0.03494109990324063
179 0.08 0.02091662030419288 0.04102035147194812
180 0.08 0.05559658817068993 0.04582241819079109
181 0.08 0.0708498141384888 0.01714285714285711
182 0.08 0.008487695625161454 0.02876193722624151
183 0.08 0.04394536021728971 0.02964117737240916
184 0.08 0.07180220491467319 0.05142857142857132
185 0.08 0.008451836800009898 0.0174259354000652
186 0.08 0.02989867791644636 0.06386315966212268
187 0.08 0.07193673557675166 0.07196149191613965
188 0.08 0.007268624250296138 0.05159358386121075
189 0.08 0.007728638874259978 0.07226295753519968
190 0.08 0.07169189411937078 0.008308105880629217
191 0.08 0.008283621287891223 0.008283621287891223
192 0.08 0.05231822564060219 0.0287349198428139
193 0.08 0.02541976077154598 0.05608592113434404
194 0.08 0.06421109288661175 0.04513994730917864
195 0.08 0.03762149948541148 0.02206322909722482
196 0.08 0.01582746257789515 0.03377077667170537
197 0.04042604483391027 0 0.009599710982708301
198 0.0352349295807176 0 0.0723006299908442
199 0.07101182354419844 0 0.03989657387003538
200 0.008926745377834942 0 0.04236054120702185
201 0.05333715158794187 0 0.07168177259172766
202 0.01016401738212024 0 0.0623337465038486
203 0.0628045704239289 0 0.00927302237351922
204 0.008935808891626663 0 0.01719513140827849
205 0.0701025668138921 0 0.06285714285714276
206 0.06337465885794809 0 0.07151393399338471
207 0.05798695275099948 0 0.06288555902188217
208 0.04780060279854186 0 0.06350081522815466
209 0.05182599379934623 0 0.05459716382046535
210 0.04212257796108752 0 0.05545977766538467
211 0.04599880560895631 0 0.04675033074960706
212 0.036493326828989 0 0.04780096006959168
213 0.04032261975175569 0 0.03887942415197425
214 0.03319257425501448 0 0.05611720282862093
215 0.04994624590226527 0 0.03751950144055362
216 0.0304718904390064 0 0.03985826006234486
217 0.03394179322872155 0 0.02989605972824119
218 0.02352847257364324 0 0.03050068721882979
219 0.02817067804745372 0 0.02071535646796214
220 0.06181929914900215 0 0.05338918712250711
221 0.02635435823942251 0 0.07197891743741114
222 0.01714458805672926 0 0.071722659956016
223 0.0208613805976722 0 0.06334802068544119
224 0.01712426618714272 0 0.05217928162323017
225 0.06994028991691764 0 0.0281262900788308
226 0.05142857142857131 0 0.009897433186107862
227 0.05921805154717921 0 0.02112632505846905
228 0.01099927350048742 0 0.02971043218979479
229 0.04423750207522557 0 0.07228122192318447
230 0.03878795932167881 0 0.0641232624654002
231 0.02857142857142849 0 0.009573418009150386
232 0.02711758011133185 0 0.04875913645547239
233 0.04754797237869383 0 0.01974031894680281
234 0.0604727767747987 0 0.03478269601797272
235 0.0196947046982411 0 0.04056138979278231
236 0.05534562220359217 0 0.04570386067271548
237 0.0708498141384888 0 0.01714285714285711
238 0.01781001967520592 0 0.01063958020700402
239 0.07174053429381468 0 0.05142857142857132
240 0.04362536651378555 0 0.02895139654154607
241 0.01788885053768339 0 0.02175223749837385
242 0.02994710461645204 0 0.06396422064289323
243 0.007185760865505863 0 0.05169263827024342
244 0.008142485890804834 0 0.07187409920643896
245 0.05216208262334452 0 0.02842404760106886
246 0.0722138268135149 0 0.07222140475960348
247 0.008308105880629198 0 0.008308105880629198
248 0.07169189411937078 0 0.008308105880629212
249 0.03684198328917648 0 0.01832076567022096
250 0.02539616165512358 0 0.05626578971986398
251 0.06407801119308122 0 0.0450401778223604
252 0.04042604483391027 0.08 0.009599710982708301
253 0.0352349295807176 0.08 0.0723006299908442
254 0.07101182354419844 0.08 0.03989657387003538
255 0.008926745377834942 0.08 0.04236054120702185
256 0.05333715158794187 0.08 0.07168177259172766
257 0.01016401738212024 0.08 0.0623337465038486
258 0.0628045704239289 0.08 0.00927302237351922
259 0.008935808891626663 0.08 0.01719513140827849
260 0.0701025668138921 0.08 0.06285714285714276
261 0.06337465885794809 0.08 0.07151393399338471
262 0.05798695275099948 0.08 0.06288555902188217
263 0.04780060279854186 0.08 0.06350081522815466
264 0.05182599379934623 0.08 0.05459716382046535
265 0.04212257796108752 0.08 0.05545977766538467
266 0.04599880560895631 0.08 0.04675033074960706
267 0.036493326828989 0.08 0.04780096006959168
268 0.04032261975175569 0.08 0.03887942415197425
269 0.03319257425501448 0.08 0.05611720282862093
270 0.04994624590226527 0.08 0.03751950144055362
271 0.0304718904390064 0.08 0.03985826006234486
272 0.03394179322872155 0.08 0.02989605972824119
273 0.02352847257364324 0.08 0.03050068721882979
274 0.02817067804745372 0.08 0.02071535646796214
275 0.06181929914900215 0.08 0.05338918712250711
276 0.02635435823942251 0.08 0.07197891743741114
277 0.01714458805672926 0.08 0.071722659956016
278 0.0208613805976722 0.08 0.06334802068544119
279 0.01712426618714272 0.08 0.05217928162323017
280 0.06994028991691764 0.08 0.0281262900788308
281 0.05142857142857131 0.08 0.009897433186107862
282 0.05921805154717921 0.08 0.02112632505846905
283 0.01099927350048742 0.08 0.02971043218979479
284 0.04423750207522557 0.08 0.07228122192318447
285 0.03878795932167881 0.08 0.0641232624654002
286 0.02857142857142849 0.08 0.009573418009150386
287 0.02711758011133185 0.08 0.04875913645547239
288 0.04754797237869383 0.08 0.01974031894680281
289 0.0604727767747987 0.08 0.03478269601797272
290 0.0196947046982411 0.08 0.04056138979278231
291 0.05534562220359217 0.08 0.04570386067271548
292 0.0708498141384888 0.08 0.01714285714285711
293 0.01781001967520592 0.08 0.01063958020700402
294 0.07174053429381468 0.08 0.05142857142857132
295 0.04362536651378555 0.08 0.02895139654154607
296 0.01788885053768339 0.08 0.02175223749837385
297 0.02994710461645204 0.08 0.06396422064289323
298 0.007185760865505863 0.08 0.05169263827024342
299 0.008142485890804834 0.08 0.07187409920643896
300 0.05216208262334452 0.08 0.02842404760106886
301 0.0722138268135149 0.08 0.07222140475960348
302 0.008308105880629198 0.08 0.008308105880629198
303 0.07169189411937078 0.08 0.008308105880629212
304 0.03684198328917648 0.08 0.01832076567022096
305 0.02539616165512358 0.08 0.05626578971986398
306 0.06407801119308122 0.08 0.0450401778223604
307 0.03968603227271831 0.01120631394864601 0
308 0.03924866340513807 0.06921627484340812 0
309 0.06996909340914348 0.03991082957416321 0
310 0.009832045981348942 0.03970789698035988 0
311 0.06326395504321899 0.07038824724804711 0
312 0.009488628167187436 0.06282848820243485 0
313 0.01654597073959284 0.00959808939497016 0
314 0.06308102438485394 0.009702845874423403 0
315 0.07007138906245147 0.05150288011676855 0
316 0.059748025009289 0.04566260228272959 0
317 0.05981959522979228 0.0338384873465892 0
318 0.04941196411529885 0.03957065597486042 0
319 0.04907629956861571 0.05114643066511834 0
320 0.03890690905076548 0.04534287160196766 0
321 0.03908514547128197 0.0334403086292893 0
322 0.02863176159473192 0.03925830571783795 0
323 0.02845299613481785 0.05125696558589866 0
324 0.02938803726867848 0.0280423072973384 0
325 0.05887815322415665 0.05897198754341813 0
326 0.04923850754393504 0.02811614401469072 0
327 0.05891238610446035 0.02081831024646269 0
328 0.03861156594106974 0.05689375182039947 0
329 0.02854269451330996 0.06298975506157725 0
330 0.05199282214135293 0.06995342540918363 0
331 0.009671902593086599 0.05127291488789339 0
332 0.07005638327919013 0.02845970298939489 0
333 0.05206720146847735 0.0100310742764457 0
334 0.009609657611929567 0.02822641417063546 0
335 0.02718571232720957 0.01026571979273125 0
336 0.03934056161968633 0.0229689707886085 0
337 0.07079803478519263 0.06290601301536822 0
338 0.07079093255516165 0.01708721784410493 0
339 0.01800257421457324 0.06996034091351225 0
340 0.009150185861511164 0.01714285714285711 0
341 0.02033913025274002 0.02070712809265555 0
342 0.01894014685806829 0.05723851882266071 0
343 0.01948208552543465 0.04512264828464783 0
344 0.01971532399044331 0.03312473359751196 0
345 0.04770901831846128 0.06114404282022846 0
346 0.02857142857142849 0.07260041097849343 0
347 0.04784893780185548 0.01862816265497072 0
348 0.07169189411937073 0.07169189411937073 0
349 0.008308105880629198 0.008308105880629198 0
350 0.008308105880629212 0.07169189411937078 0
351 0.0716918941193708 0.008308105880629205 0
352 0.03118789474820655 0.01863808798399594 0
353 0.04384606362272763 0.07333623680889981 0.08
354 0.04503019500362505 0.006887761693893266 0.08
355 0.007538417224767974 0.04364901952590824 0.08
356 0.07242890800103716 0.04437117200366056 0.08
357 0.007844751173371483 0.026570489592996 0.08
358 0.07215524882662852 0.026570489592996 0.08
359 0.02586864114112961 0.07260646963056537 0.08
360 0.02707493968159146 0.006918328034975817 0.08
361 0.07131848872322144 0.06345405615224571 0.08
362 0.008681511276778565 0.0634540561522457 0.08
363 0.06356006057858059 0.00816717999265658 0.08
364 0.03493170658134005 0.007517856217710388 0.08
365 0.03061132654518062 0.01498766576824169 0.08
366 0.02489461427328764 0.01381393473101282 0.08
367 0.02807877378022077 0.01848878701483348 0.08
368 0.03255416293409934 0.01851895753761308 0.08
369 0.03045003217264521 0.02203238566692165 0.08
370 0.03450931089460942 0.02198690830681284 0.08
371 0.03249286992835423 0.0254400012309121 0.08
372 0.0364757022237904 0.02544901473915852 0.08
373 0.03443979714531439 0.02888836985748702 0.08
374 0.03843649534984216 0.02892288774361097 0.08
375 0.03640118543328975 0.03236438673796516 0.08
376 0.04040022512046636 0.03240319606371171 0.08
377 0.03836525520293711 0.03584637976865869 0.08
378 0.04236488953000714 0.03588627571527722 0.08
379 0.04033007849183263 0.03932992148014303 0.08
380 0.0363302701678831 0.03928965724942392 0.08
381 0.03829525951368193 0.04277356243117924 0.08
382 0.04229506876069727 0.04281382834948722 0.08
383 0.03429547231362776 0.04273334794297087 0.08
384 0.03626051545557737 0.04621737374728603 0.08
385 0.0322607181348965 0.04617713655957951 0.08
386 0.04439950016902035 0.03244214159565122 0.08
387 0.0302956663637323 0.04269309141098723 0.08
388 0.03047106293645829 0.02886658204947624 0.08
389 0.0282609321132159 0.0461356104587388 0.08
390 0.03422576824838867 0.04966117799338288 0.08
391 0.03822556588064749 0.04970141588148681 0.08
392 0.04636457251849669 0.03592624289038036 0.08
393 0.0483993016140697 0.03248239148771766 0.08
394 0.05036435085734389 0.03596643931767996 0.08
395 0.04643425143962308 0.02899833854118075 0.08
396 0.036190819746844 0.05314522253302607 0.08
397 0.04019061741340436 0.05318546049565648 0.08
398 0.03221506789371921 0.05309142258420528 0.08
399 0.0385175330243428 0.02200637763256087 0.08
400 0.05043404723168844 0.02903857847033576 0.08
401 0.04846899754104573 0.0255545305761719 0.08
402 0.02629586929604874 0.04265263574961418 0.08
403 0.0242611365253683 0.04609512160948119 0.08
404 0.05246879474699587 0.02559477103268902 0.08
405 0.054433843683014 0.02907881727963962 0.08
406 0.03815587157457381 0.05662926781129263 0.08
407 0.04215566918562796 0.05666950564895813 0.08
408 0.04419041496578115 0.05322569820121727 0.08
409 0.04615546678584521 0.05670974346222638 0.08
410 0.04819021257555768 0.0532659360360073 0.08
411 0.05015526439382295 0.05674998129296661 0.08
412 0.0521900101847743 0.05330617386953677 0.08
413 0.0263774178396948 0.02223191404322003 0.08
414 0.02229607211381051 0.04261231977558899 0.08
415 0.05022495836656449 0.04982212861270228 0.08
416 0.05422475597597182 0.04986236644666107 0.08
417 0.02433081534398801 0.03916876077327779 0.08
418 0.02033101784064947 0.03912851013622285 0.08
419 0.02236576310910716 0.03568475242746458 0.08
420 0.05050374537264758 0.02211072406585529 0.08
421 0.05646859207629016 0.02563501144236646 0.08
422 0.05415506200300078 0.05679021912640876 0.08
423 0.05205533874054572 0.06029235022593415 0.08
424 0.05843364072890406 0.02911905713943484 0.08
425 0.02026132639437801 0.04605611417525976 0.08
426 0.02231459577558172 0.04958005598963731 0.08
427 0.01824128145574889 0.04950677392063847 0.08
428 0.02036287263952803 0.05312439388853345 0.08
429 0.05225970415775797 0.04637832118981746 0.08
430 0.05625950221814174 0.04641855929033312 0.08
431 0.05822455366059259 0.04990260432516017 0.08
432 0.04012092338327267 0.06011331304671299 0.08
433 0.03612112577539035 0.06007307521618854 0.08
434 0.0563481319522125 0.06025942758974277 0.08
435 0.05437662801773192 0.06441423996059016 0.08
436 0.01836596554341778 0.03564451030103159 0.08
437 0.02040071124606088 0.03220071122294958 0.08
438 0.06025929946437231 0.04645879690981292 0.08
439 0.05829424809916167 0.04297475192062261 0.08
440 0.06228300611105078 0.04990975992678595 0.08
441 0.06048359463897852 0.0256666761305126 0.08
442 0.05852078065305835 0.02206452002008365 0.08
443 0.06309956163727043 0.02199228555533483 0.08
444 0.03808617759228279 0.06355712047005606 0.08
445 0.06229404527267512 0.04301498949713808 0.08
446 0.06032899433304074 0.03953094475939607 0.08
447 0.06432879114054166 0.03957118211965598 0.08
448 0.01689118200415841 0.0531184794448743 0.08
449 0.01824954857055357 0.05682491695194465 0.08
450 0.02257435400923794 0.05685572315858972 0.08
451 0.02002349641084711 0.06088949747682404 0.08
452 0.02463811875651892 0.06050320700829673 0.08
453 0.03408637998285866 0.06351688263605967 0.08
454 0.03568481163397202 0.06787505756936935 0.08
455 0.04832960366954288 0.03941024475165041 0.08
456 0.05639889240389984 0.03256286103879656 0.08
457 0.06236373756559813 0.03608714013667869 0.08
458 0.06243618671763757 0.02915774517035472 0.08
459 0.02636537273466178 0.0357250941421012 0.08
460 0.04650469776157047 0.02207006022001243 0.08
461 0.04853882102282096 0.01862660670331033 0.08
462 0.04454005511181208 0.01858616267573215 0.08
463 0.0663635367504572 0.0361273745897656 0.08
464 0.05258198137618384 0.01864239028744703 0.08
465 0.05058604322590213 0.01513292807077717 0.08
466 0.05861552588225911 0.06397521467793479 0.08
467 0.0608450485269089 0.0600422566091747 0.08
468 0.04214212286110497 0.06363053269463051 0.08
469 0.01630904297460981 0.03910082503577264 0.08
470 0.01626397685185302 0.04601722129154321 0.08
471 0.01436616782529026 0.03560428274971332 0.08
472 0.0322353121969739 0.05999544067335284 0.08
473 0.04969708045582406 0.06389110932707259 0.08
474 0.05141449100881146 0.06799629328283162 0.08
475 0.04825990544360324 0.04633808385598548 0.08
476 0.0523293963063776 0.03945047578814523 0.08
477 0.03725645915446528 0.01335477546902601 0.08
478 0.02655744461220107 0.05664440744448579 0.08
479 0.03011516156121859 0.06350770646047363 0.08
480 0.007925515426502636 0.05151283980787062 0.08
481 0.05483404362164258 0.01507601634108147 0.08
482 0.05259416960098888 0.01076041114563375 0.08
483 0.01927195195720043 0.007741921048657669 0.08
484 0.01735379125986701 0.01587111739834061 0.08
485 0.008217351996991286 0.01615919529834706 0.08
486 0.06053759602541042 0.01804658424987888 0.08
487 0.06573633657048455 0.01631362025563938 0.08
488 0.02264950777346782 0.06571730258034615 0.08
489 0.01797435213850997 0.07234178097266522 0.08
490 0.06020024501385073 0.05329527291439422 0.08
491 0.06398072086925777 0.05372685554475718 0.08
492 0.07192390185338729 0.05123252295659766 0.08
493 0.006419284771666499 0.03687452150125905 0.08
494 0.01241528779177636 0.009159402597594636 0.08
495 0.02295555506492233 0.01909253128224507 0.08
496 0.01890449034403701 0.02157188911337746 0.08
497 0.06412773732784571 0.07329047372819238 0.08
498 0.06637987601364753 0.0501167962788695 0.08
499 0.02450177590946032 0.05316051568383371 0.08
500 0.07320161484916965 0.03702055190798736 0.08
501 0.01300963342703905 0.05631229429550377 0.08
502 0.06629384277741679 0.04305522726935702 0.08
503 0.01587144180653558 0.06577327601672341 0.08
504 0.011577675010485 0.03890550918006846 0.08
505 0.03767128949211741 0.07360812369543408 0.08
506 0.05632919646968046 0.03949070956425246 0.08
507 0.04622516057294988 0.0497818908652481 0.08
508 0.04801395897479461 0.06022074992108715 0.08
509 0.02440025615584353 0.03224109084554964 0.08
510 0.02243491405555213 0.02880328536721879 0.08
511 0.01843556891659471 0.02872439751904249 0.08
512 0.05619158107509829 0.05333118227375154 0.08
513 0.06424323964617351 0.04648532687675428 0.08
514 0.04412072099274079 0.06015355088080861 0.08
515 0.01829298500479848 0.04257452097395067 0.08
516 0.04222536314756812 0.04974165294437417 0.08
517 0.01429647385349006 0.0425321354293166 0.08
518 0.02833059071599926 0.03920902322810224 0.08
519 0.03036535826319091 0.03576523408323518 0.08
520 0.03422835227315692 0.05655274594211499 0.08
521 0.05451369755968415 0.02212576259758587 0.08
522 0.03027309430771648 0.04959287129471571 0.08
523 0.04446919928762421 0.02551428896997043 0.08
524 0.03233041894061767 0.03924930496560265 0.08
525 0.04026031361613279 0.04625761314916925 0.08
526 0.05239909607151057 0.0325226258533035 0.08
527 0.04426011065639997 0.04629785143415961 0.08
528 0.04432984422800419 0.03937009210460528 0.08
529 0.04629486346707266 0.04285406301148603 0.08
530 0.0542944501983479 0.04293451573852527 0.08
531 0.034365582757966 0.03580615666106395 0.08
532 0.05029464804418841 0.04289427757302817 0.08
533 0.05436414216013584 0.03600666789157449 0.08
534 0.05836394169647155 0.03604690374570552 0.08
535 0.0603991447082728 0.03260284091209657 0.08
536 0.04243484765064347 0.02895985422672132 0.08
537 0.06444587826177696 0.03261660366282501 0.08
538 0.0694707764340069 0.03221750529232303 0.08
539 0.02647187976513767 0.02887566185169527 0.08
540 0.03240702748674575 0.03232875907635839 0.08
541 0.02841349289033965 0.03230040367473598 0.08
542 0.04047373792269447 0.02548002125622468 0.08
543 0.04250838952590608 0.02202934470540314 0.08
544 0.04070142004722882 0.01864420376879351 0.08
545 0.04269919220659073 0.01490137293088678 0.08
546 0.02634356063322569 0.04958051085853493 0.08
547 0.03675642060144894 0.01873830698526266 0.08
548 0.05619761984719587 0.01919105469921538 0.08
549 0.05831665141047082 0.05667897928539034 0.08
550 0.0163789778938314 0.03214880991332454 0.08
551 0.01178202307819296 0.03172433546862586 0.08
552 0.06415599369003465 0.06518350863887909 0.08
553 0.07186724409147416 0.009159814150093185 0.08
554 0.02851321268421756 0.02549593096732099 0.08
555 0.04657364673761569 0.01514263042740663 0.08
556 0.01409888620469204 0.05040725860214296 0.08
557 0.02446739788270232 0.02559112527595624 0.08
558 0.02047040519720526 0.02527286048037803 0.08
559 0.0403879465049531 0.06826473957289374 0.08
560 0.045594089558254 0.06769371802131906 0.08
561 0.02841954726322353 0.05299868892531164 0.08
562 0.04591359456854369 0.06311793216898358 0.08
563 0.008955978287336554 0.07172675810657315 0.08
564 0.03038691885312056 0.05649221221056745 0.08
565 0.01714496806850522 0.02513076626320569 0.08
566 0.03198714829979242 0.06694542812451806 0.08
567 0.01417746720301556 0.02761784214838593 0.08
568 0.07310254487830228 0.01878389595581124 0.08
569 0.06839956164995878 0.03976363622105387 0.08
570 0.01214077186357009 0.04640846942330951 0.08
571 0.01394047000763126 0.02215354996910879 0.08
572 0.0642344160303457 0.02570044815765381 0.08
573 0.06691033390598498 0.02812479739134683 0.08
574 0.07187267166117188 0.071952306188103 0.08
575 0.07016232843480025 0.05732015571809061 0.08
576 0.02841036000845729 0.06015306499217091 0.08
577 0.05089352547697441 0.07319277411150246 0.08
578 0.057385796887192 0.06972178634284722 0.08
579 0.02757769690665072 0.06718787384518136 0.08
580 0.03191337415681967 0.07195622472511061 0.08
581 0.02263505326571234 0.02275206403903536 0.08
582 0.0158198599217936 0.0606852835582946 0.08
583 0.07385497571208849 0.03176767065184755 0.08
584 0.05912100601680205 0.01252632184641892 0.08
585 0.05683126743629974 0.007369533748535977 0.08
586 0.0446087017579203 0.01160810397085066 0.08
587 0.0481486759949469 0.01101273672939285 0.08
588 0.05055946384329708 0.006269324260880837 0.08
589 0.0404943797881535 0.009938938903976463 0.08
590 0.06787681369598224 0.02279189510016789 0.08
591 0.0680603687555367 0.04660996925701906 0.08
592 0.03502070546362505 0.01562371634154222 0.08
593 0.007197802416333008 0.03194564110184633 0.08
594 0.006024779242627844 0.006024779242627844 0.08
595 0.02652920407071074 0.06377541615584907 0.08
596 0.06171910899124784 0.05659716895051817 0.08
597 0.03946725312108113 0.0155912510569463 0.08
598 0.03353147927937007 0.01247460705809298 0.08
599 0.02997262672072136 0.01098138915723255 0.08
600 0.007686397501490229 0.05761440359303293 0.08
601 0.06565628088002995 0.05858535967413468 0.08
602 0.06751857523366014 0.05398924157936542 0.08
603 0.01026859062039354 0.0350108580003026 0.08
604 0.03827888597980181 0.04124032468545102 0.0399221892971539
605 0.05413519783888789 0.02817896891044218 0.05515265671485216
606 0.05358837701270361 0.05415066837013273 0.0547283231016478
607 0.02469787119940017 0.02698042466316837 0.05671788882886745
608 0.0235350331129793 0.05128335903520466 0.05622077427015242
609 0.04192927175088063 0.0411095280250301 0.06214831800682603
610 0.03929809972894486 0.01936248317619029 0.06293684256870813
611 0.06315752553695096 0.03996595074167966 0.06261267881141076
612 0.04028501624845983 0.05901968316266312 0.06380375534591284
613 0.05138541857893316 0.0409755478609448 0.04826701802856304
614 0.05252763686728158 0.02295308289792551 0.03044904611765058
615 0.03705480367329039 0.02021345716670565 0.04242702823706935
616 0.05330325885181681 0.05653440955208163 0.03005828232399789
617 0.04037682135319155 0.05829161604498408 0.04519461652174833
618 0.0215955473298764 0.05315008093586653 0.03430575644336829
619 0.01972033243447102 0.03117088121602829 0.03573090239445826
620 0.03523409985760239 0.02913766986942398 0.02633422882806474
621 0.02800315108630902 0.03879569472294097 0.06494038599307646
622 0.04256383369112997 0.03054278075883153 0.0516087450599467
623 0.03637357005022662 0.04977466497961849 0.0252542816980809
624 0.02506697527638421 0.04043238105823504 0.04651762404424881
625 0.04731415102146002 0.02993824306789845 0.06673849234053594
626 0.05111126546521635 0.04864263968873798 0.06761438787363704
627 0.06551920352850779 0.05520025858171292 0.06540288881040608
628 0.01539351130405144 0.03246186376728816 0.06351178261517754
629 0.06371761669960965 0.02730687378410312 0.06785248164377904
630 0.05149676472391081 0.0162118372820914 0.06263588674914751
631 0.05002908591530312 0.06002573001420616 0.067656656741914
632 0.03405888832191966 0.04892404218294442 0.05214868594039383
633 0.04579103146106993 0.017708178946891 0.05161459067610723
634 0.02476810948891698 0.06169728687767614 0.06603716035574357
635 0.03074993327637913 0.06337569476704691 0.05397884792528818
636 0.05155930352900713 0.03993745132099134 0.03285310189674766
637 0.03015111967344029 0.02580027959717979 0.06791739045522548
638 0.04758168267329595 0.04871938525925264 0.0414387834968307
639 0.01616916448155301 0.01784712487660758 0.06750636262921532
640 0.0314201967256746 0.05151952716926419 0.06762587253837515
641 0.0185000649793153 0.04747463030928411 0.06723642058159374
642 0.04823202100404112 0.03234158296956818 0.04239117140303897
643 0.06552081310021 0.04783384884022929 0.04238814075993471
644 0.03323925572663781 0.03205903446078033 0.04560889385112066
645 0.02264587513660662 0.01907479772179673 0.0459879000269959
646 0.06428173913511215 0.02967581794103661 0.04292173808581025
647 0.06570718562457621 0.02936117279413094 0.05493262712958836
648 0.06503857606483296 0.01882047122189495 0.05633312716049547
649 0.06039281057090663 0.01667944093719482 0.04344307433813908
650 0.03179796086906611 0.01680339138616088 0.05276849447850299
651 0.03387380114987002 0.03534458157286383 0.05289126459718717
652 0.02042025106565904 0.0420199550011538 0.0216278043477486
653 0.0199970746376062 0.04031330450074095 0.05705027141410568
654 0.01035102705559715 0.03058944095784628 0.04676373293129223
655 0.01368048669599749 0.04913898998995123 0.046915693347198
656 0.05299780310770705 0.05845665676320037 0.04329394128382336
657 0.0466461092681025 0.06692256984540319 0.05532885179405534
658 0.03861736481356879 0.03441721037087162 0.06935470213129445
659 0.05312757600141314 0.0372513187620513 0.05994010494224778
660 0.04183128075311758 0.04680111363798399 0.0686953032361092
661 0.02847669856412027 0.05553089428424665 0.04482754568554845
662 0.03372633964355104 0.05962919080265373 0.03054247453598093
663 0.01717927161355292 0.06171418271127314 0.05107261273274691
664 0.01396506541772734 0.05834642003250278 0.06186730779919893
665 0.02384060586556996 0.06796402483861907 0.04180942217930528
666 0.04382630828415455 0.04993806181204614 0.06021162138332092
667 0.05451917254749203 0.03923200754886082 0.07113120321199044
668 0.02704743722368419 0.04221938938389752 0.03540547842620059
669 0.02686563514028098 0.02012791554248754 0.03211047455776461
670 0.06515465973300684 0.04859936968399617 0.05497659270280528
671 0.0290746273826659 0.01494513032239084 0.06359615915341714
672 0.06408407032283144 0.06224383605513677 0.04900415379840335
673 0.04021328316386936 0.0159035679807939 0.0302377565491836
674 0.03832416566689698 0.04975905433758002 0.03810881994217273
675 0.04795190987420497 0.02118977375052382 0.04072178723502115
676 0.04176006796329426 0.03881981574723657 0.04974415772835969
677 0.0685309450094379 0.04837670833921177 0.02505931014221857
678 0.0509909270313911 0.04786791111435235 0.01746173053730763
679 0.01265158637350143 0.01898253060249046 0.05394559105300784
680 0.03422251513252185 0.02566810335063803 0.05689031606332626
681 0.05694748681277034 0.0639721040756378 0.05879559715256972
682 0.04439711760291045 0.02173186911809105 0.07137217857408078
683 0.01646404121767481 0.04230989178502509 0.03942677934238528
684 0.05679292669119129 0.04567070863176177 0.05778535684039492
685 0.04475744664715985 0.05645135632958391 0.07189424148500988
686 0.04266445572116873 0.06684587908416374 0.07046586925743009
687 0.03734443838937778 0.06906044621068859 0.0601185332009061
688 0.06062363029092788 0.04667736084642746 0.07127160354773616
689 0.04428736070221469 0.0555877951349797 0.05029222231638288
690 0.03281787892067441 0.04465610295760114 0.05924468982256446
691 0.06432861655216365 0.03607516594631551 0.07191625920695466
692 0.04336337925073452 0.04391953811365015 0.03327667209757128
693 0.06513655772737031 0.03225732747163497 0.0265616951790674
694 0.06092879603323363 0.0410689915018134 0.04780171708325744
695 0.02297393289762495 0.03132815749567753 0.07196039475392918
696 0.05550308448771956 0.02824891160156532 0.04693044656778672
697 0.04664241870508949 0.02646650387245275 0.05815003120006981
698 0.03319492871969404 0.05651729912850787 0.07131245230857043
699 0.04610040046100922 0.03910703588834901 0.07213213656465868
700 0.04278695557869735 0.02664769559422859 0.03642160589144423
701 0.03635084379696324 0.0183063912759268 0.06946453135874613
702 0.0392107153034606 0.05726784010978767 0.05481276103357759
703 0.04979537806710249 0.03290240096854923 0.01979694938901003
704 0.03156610132687669 0.07223811932151677 0.06995129646827565
705 0.06283311390296299 0.04029288384645637 0.03659419683246628
706 0.03096473336091845 0.04582923510090236 0.04310012011181755
707 0.0437412726176592 0.03458914004627498 0.03289939240462958
708 0.03559200611051879 0.03818308689906107 0.03268218910044042
709 0.03918504521970029 0.06622199116350498 0.05103887003770506
710 0.02121531607484214 0.06615378080709852 0.01890902573099693
711 0.05457496814290025 0.0497144025696523 0.04735808214349962
712 0.03317109669539544 0.04234785757469991 0.07235505981893452
713 0.05753543000305741 0.03497373424074209 0.05320950663065262
714 0.05191358224213426 0.02381170097082401 0.07164828075473011
715 0.02275785241056251 0.02993339307887845 0.04721174369783109
716 0.06958960534726749 0.03965167497344606 0.0567373880907058
717 0.03117797152538378 0.05601134418720533 0.05937440103285827
718 0.062860484104049 0.06237891188692951 0.03608058653954018
719 0.04243751025375739 0.06616458504435699 0.01620062881737692
720 0.05466593830125437 0.0544175162014113 0.07233049241994506
721 0.02085132072982288 0.05249281778116495 0.07131691517115803
722 0.02506683812852102 0.04415612446560009 0.07220328361527403
723 0.06240461628901698 0.01755510716788016 0.07172077782910891
724 0.03968349597435451 0.03201751726746219 0.06161352121449407
725 0.05045049687941539 0.03320721873062583 0.04998253466385403
726 0.04477030786160364 0.06543371052214578 0.03572938294544699
727 0.02785593093198873 0.04337548082608016 0.05453700620048836
728 0.0574482904461644 0.03119508811982009 0.03571511756767458
729 0.04088420714976301 0.04108123888701982 0.02429757647637354
730 0.03855527196641655 0.022374208786593 0.05057249655861362
731 0.03766531747417345 0.01265687339002214 0.04782155296961429
732 0.03657384474831964 0.008404672853276077 0.05911208851373254
733 0.04283267271952078 0.01134762224332477 0.06780401330594073
734 0.0428972539641245 0.01128306277760228 0.03881366233612156
735 0.04668908984544574 0.01204222125970375 0.05938151234192675
736 0.03233592567686353 0.01879660126691817 0.01125774179913747
737 0.02312468072344199 0.02411473211583902 0.07262222501098477
738 0.02488042552000642 0.04823872472073479 0.04868077892475572
739 0.02029466106325413 0.04040215135344024 0.07219202624611752
740 0.0116784816958626 0.01727538816884587 0.02981766682118607
741 0.03929135192379877 0.04996989490754771 0.04448527034768313
742 0.0292786504388412 0.02504978919903493 0.05013744724681635
743 0.04941588951686864 0.04053517317574836 0.04147356893504344
744 0.048265271102371 0.05811473602493767 0.05831582662417746
745 0.04188435553172102 0.02644227125024937 0.04352711588330022
746 0.04474239727349057 0.05755208204332754 0.03650641442346526
747 0.06050526018680229 0.03285561924895632 0.06097105847784474
748 0.04699510515303289 0.04440270260055962 0.05470442138255866
749 0.02086521319970303 0.06873728821137846 0.05663738881571168
750 0.02207361740206474 0.03345140472678334 0.06203006035137752
751 0.01476799507302561 0.02952892499424318 0.05722245694587414
752 0.07106497348202011 0.01869296660508668 0.03473834716872192
753 0.02912191862307523 0.03398790971929259 0.03542402533470825
754 0.02727945413260097 0.03801023271590872 0.02560396356304818
755 0.05588930349960532 0.01622829548122324 0.05615210366195409
756 0.05473663917294962 0.05640405346943724 0.06510748999204359
757 0.0558074799326538 0.03396995346060991 0.04552492804834434
758 0.04688949894928745 0.07000713271768182 0.04432807439932403
759 0.0547588449346958 0.04903863626134417 0.03476281883705259
760 0.03063362011424096 0.03433389814095384 0.07254555611194219
761 0.03426592352726614 0.02637452233955231 0.03712557244427674
762 0.03343242490426018 0.0375496919896095 0.04649348167626748
763 0.0397147331842589 0.02630677985257808 0.06730978423663839
764 0.0701069990942651 0.045972927030449 0.06446655172520158
765 0.05507911611558096 0.02616803974347398 0.06310813849914219
766 0.0322329124952845 0.03214039800600466 0.06273306563718571
767 0.06069567592753422 0.0628701814168198 0.07252439924594248
768 0.01423280645945179 0.04846070268220377 0.05774981987010838
769 0.01151937796532408 0.04172668464448025 0.0636283572139331
770 0.009634226810234807 0.04045440043362314 0.05414048908212855
771 0.05467033925157175 0.01157782844766131 0.03310055313489705
772 0.06947866792254559 0.03364809356714519 0.06430643396409062
773 0.02573814582505404 0.04708087640697418 0.06405269124665687
774 0.04543494916247948 0.03635525208609364 0.05627526196425216
775 0.02148091846784373 0.02537374043812611 0.06464271305996112
776 0.06022279700009704 0.04893192573556097 0.06157808167396289
777 0.02426568774026204 0.03444155033264146 0.05399188761552608
778 0.02248667323448642 0.01906104860458615 0.05858686624534983
779 0.05352314921634114 0.01466140474662806 0.01291564019169601
780 0.0624119841215552 0.02476440746265631 0.05159011084509171
781 0.0326116156293428 0.007518591530803086 0.07027767762049801
782 0.03700523908746584 0.03356667617358751 0.03919653607283394
783 0.02669989671277169 0.0464403876205073 0.02484547285785624
784 0.03252958542316405 0.01428338168089335 0.04661751141063594
785 0.06196089212272057 0.02392079561661432 0.05839472254774796
786 0.05733841598447992 0.03145659104835852 0.07278436459280022
787 0.02350680107161326 0.06073976378913742 0.05817938942473398
788 0.04764487742939664 0.02605473855186778 0.04872944059498865
789 0.01799874205466757 0.02798120429644095 0.02260103631962198
790 0.04760682820749604 0.04775159122992405 0.03592542315777079
791 0.04742795938385325 0.04561645471517105 0.0491475637855911
792 0.0250091368941007 0.05482812033046965 0.06442006782305469
793 0.03025948213744162 0.05342854171995094 0.05021780313335553
794 0.03877833931178302 0.05238132185487807 0.06335857696776284
795 0.03389202117882096 0.03316315125573105 0.01018352731769111
796 0.04308000351200834 0.03010920989754365 0.07326419104513876
797 0.01906856021997723 0.04028263596410006 0.02907628484843783
798 0.05708728255954265 0.06694332280391928 0.01357152816239642
799 0.06972752844917957 0.03589058599472125 0.04650006505368859
800 0.02304923194021464 0.01309898921200875 0.0502965706621424
801 0.04763890415280309 0.04957121180222497 0.07301660711672278
802 0.04870763545080754 0.0419583597679367 0.06356161219559248
803 0.03555569114876263 0.05159669192159694 0.07330539802031774
804 0.04285032828775246 0.02412262254908237 0.02684018058076577
805 0.04982417136966305 0.03410808347723938 0.07273964257934576
806 0.01379881060753413 0.0702371651863135 0.0692804670210688
807 0.0256066632939536 0.02656356978677187 0.04128812740049181
808 0.04255460134998471 0.03619352061902654 0.04557363340081506
809 0.05290027007602549 0.04423156079532938 0.0731397409024631
810 0.02846517943550438 0.05105797172136187 0.03563911238097918
811 0.02371774930036231 0.04756307004674042 0.03800704913890462
812 0.0190937974405186 0.05342356444467675 0.04425534652634429
813 0.05672662243263573 0.04469636766245397 0.04547777296665262
814 0.02501751028675669 0.03586628291824553 0.04148205488323164
815 0.05168131132959562 0.03161007203178429 0.02849491291665825
816 0.03010511621265772 0.02215370720365375 0.06097454086741598
817 0.01044659448440312 0.06660136976887485 0.03756715038092782
818 0.04652737377297562 0.06167222950010266 0.04949848257086602
819 0.04677899474659378 0.0558940774868378 0.02465972160453003
820 0.05020808631145475 0.01000880028056475 0.04662638782933273
821 0.04600850228977037 0.008891575418181807 0.05317755656312241
822 0.03620694492134616 0.03939243082398014 0.06469234788690563
823 0.04805356479404812 0.02128027977430569 0.06422219286275703
824 0.02061256628082145 0.04098217598415849 0.06422623611027599
825 0.01585942237854293 0.02583615809765235 0.04126253580853789
826 0.008729941932292727 0.03417313835159452 0.03896982454722667
827 0.01706021469003094 0.03749199959360511 0.05045945257564451
828 0.04622608199399511 0.0528307028786659 0.06487662385871845
829 0.05132013557474255 0.04958633304294405 0.06011640719935976
830 0.0349605258938581 0.03057743258740265 0.0498239871314126
831 0.06102654043888715 0.03807763090436106 0.05732429533912974
832 0.03310270169419268 0.05788759634530533 0.04889412137994011
833 0.03508779470195651 0.06689319438907834 0.04242389592734198
834 0.03176188848787952 0.07245125981264036 0.04889873609646839
835 0.03332425946778255 0.04284467049566401 0.03584718727298664
836 0.06947295888584575 0.04344656339691944 0.07366972481311024
837 0.04959533405047312 0.01727518878506261 0.07386217106482333
838 0.03099805451197383 0.01169024625977325 0.0360233484600401
839 0.05571708095026959 0.02145913217043809 0.04912275923661857
840 0.05847002017666022 0.05650115331346289 0.04073128316499297
841 0.06245354850222183 0.05450538300271368 0.05897529727806987
842 0.0441045362408118 0.06397469952638056 0.06243175579086405
843 0.05204978446383812 0.06855891747593411 0.06238710996597185
844 0.0514512640902882 0.07117529774574528 0.07184653836596692
845 0.03471496579604886 0.02927703102708411 0.07358223448160012
846 0.01181228089436103 0.03330598515491836 0.0753225819196772
847 0.01129714814567012 0.04395067930664669 0.07011295610816273
848 0.05634776086591207 0.04398374264487733 0.06326064059011793
849 0.01044234250625131 0.04710319702219225 0.02919115636781059
850 0.06270897761312985 0.05272724520763031 0.07203473715862109
851 0.030759668336781 0.06255149599601513 0.063298413568662
852 0.05104824978030915 0.04888467929209964 0.05210734087147764
853 0.0517163232470529 0.02932134747721927 0.03882977911788521
854 0.02806792440761206 0.01678722652840551 0.07207293432732777
855 0.03232453037292878 0.03682051485115332 0.03975349813267941
856 0.0694610759892912 0.04235678723038453 0.04059403189643744
857 0.02632917162891498 0.06044465356924996 0.0738638231181868
858 0.03581934034298093 0.04133924348168424 0.05536183834750916
859 0.01478032948053168 0.027529814242017 0.07228131852975481
860 0.04431071632104038 0.03532211030458433 0.06557945340666457
861 0.05418081446397333 0.03476670300626739 0.06616671831787686
862 0.05495277074557457 0.06931669659365103 0.03545974435013859
863 0.05775951180678914 0.07074151459197732 0.04595727063832904
864 0.04744184093742616 0.06336925530460392 0.07231296275736902
865 0.04073103828683097 0.06058283532887265 0.07254951497591655
866 0.01837829092045727 0.03556510845717308 0.0436478134891019
867 0.009243664477506462 0.03870495825522021 0.04417728300355665
868 0.039408095707989 0.01587754654152978 0.05497361695959095
869 0.04728677083492609 0.05754145468567349 0.04248927045907466
870 0.0302024347067085 0.023885838706536 0.04442785790086616
871 0.05442165467702256 0.06216614640731905 0.05280214480060163
872 0.01156217045353115 0.05675445005380263 0.0705244105709944
873 0.03220223645830459 0.0564742644183827 0.03924155384830525
874 0.06433873362383577 0.02957991540116228 0.07448446177608298
875 0.04269400890880474 0.01958519404139205 0.04554231523184637
876 0.04394738790950073 0.03816835737780071 0.03811557787109893
877 0.0207591045491083 0.02307010527042078 0.04981637991280344
878 0.0080620888304993 0.01477004456625701 0.04536760075255261
879 0.02826994775115491 0.03338579808527189 0.04923933453299667
880 0.01896328749313943 0.04298170300354176 0.05263789485058232
881 0.05043520120323129 0.02975004764298367 0.05933745868610668
882 0.07243820883553113 0.06500371495076976 0.06056243002821884
883 0.04087288689070503 0.04348679323369251 0.07431812085164892
884 0.02040470486985822 0.05028439745219913 0.05010969397980369
885 0.009416834733307088 0.05853216140692021 0.05317077551940129
886 0.03078631778648967 0.04446344492568473 0.04990215195169466
887 0.04438027591282018 0.04501244102648244 0.06385840066236591
888 0.0331028415568357 0.01583033305405646 0.05905584453535386
889 0.02595116676525463 0.03834814502381856 0.07308096408419766
890 0.04228928328209342 0.04757056866016748 0.05361021068877007
891 0.02911566254669866 0.05466779945296953 0.07514875871667098
892 0.02562994381142826 0.05998101789287248 0.03995576694890676
893 0.02083705727191539 0.07017462842670807 0.02962841810614463
894 0.03061488344827394 0.04971888481935882 0.07593103948095792
895 0.01915379429750293 0.04960861153047843 0.059471299094646
896 0.0112789496924762 0.05179386545319847 0.06627530311778705
897 0.02701913364898427 0.02810510513140546 0.07341038784662919
898 0.04812049743586301 0.04301468665932206 0.02750830531005521
899 0.05825408069296404 0.04236395057189237 0.0222668044221679
900 0.02856429011346896 0.01156578178263487 0.05649436834826609
901 0.01747423590006869 0.009223690450917896 0.06439735645813585
902 0.03098148816394617 0.04157251641946483 0.02992846094749192
903 0.06082964528110304 0.04076723452533421 0.07274257415348094
904 0.03723789142498646 0.04243138600699065 0.04770993771993296
905 0.07153047819964976 0.02531572583236038 0.06671705527279659
906 0.03941157665982101 0.02394428674141912 0.0749230223379886
907 0.04526607383117636 0.0609119894722325 0.05456676216617574
908 0.06044929969768742 0.04657128687154956 0.05044687850332648
909 0.04047632430140384 0.06222757184264228 0.0562477906277739
910 0.02139224923681738 0.04829581242479432 0.07544373319442858
911 0.02161811204427686 0.01104864316960519 0.03545889166031409
912 0.03838898426163614 0.06224859960680122 0.03669448441461385
913 0.01293377542638912 0.03656849180676067 0.0587834433741871
914 0.04419281413846552 0.05067614003901338 0.03508650692708948
915 0.03383310078495055 0.05113311736749747 0.04367283343496701
916 0.05311261779246689 0.05525604773703702 0.04832176305070354
917 0.06024367301930142 0.05507235411091341 0.05054530101262467
918 0.06764641388563403 0.04705099817303847 0.04816893617706418
919 0.03935093307837483 0.0473647968279851 0.03159300368140178
920 0.03250044217556683 0.05323829497770038 0.02998257826168768
921 0.03926500671222102 0.02378875551632182 0.05649632496401086
922 0.04482447196012459 0.04401919807796008 0.04323067435839809
923 0.0395038862635437 0.03703935717573015 0.05489748674457712
924 0.04968001612090623 0.02440293108204061 0.05475793385854723
925 0.03008789396664148 0.05627242827796237 0.06514385375718861
926 0.03707657404025348 0.02712441350723951 0.04635254091654675
927 0.04885538599162776 0.02918877489340866 0.07263276970207502
928 0.01266114650370346 0.05399848977968835 0.03800976201873429
929 0.04450554189354919 0.07261176679151519 0.05918383316816792
930 0.05822977705594744 0.02005068267659886 0.06112839217908914
931 0.06156078546991477 0.00917598832483282 0.06067141954057855
932 0.04043454788189654 0.0415207683063528 0.06663399657776539
933 0.03622240512986231 0.01318711738291978 0.06511132484972677
934 0.02864401310954162 0.07219022708364695 0.0619090184697357
935 0.02572792737461578 0.02217314972543051 0.06784096099528014
936 0.05962108569366777 0.0244680069463259 0.0374262239258811
937 0.03094571446658177 0.05863193102784337 0.01805662622149807
938 0.02793436510297606 0.04691864263517312 0.01312651853696977
939 0.02603996033306335 0.06202134493761179 0.04585100447569063
940 0.0592953954378792 0.0459149370301284 0.0289434122365577
941 0.03446518456049342 0.05026706808710088 0.05953693830523729
942 0.0383448238685996 0.03275749039509092 0.03308343499376352
943 0.05890484463722027 0.02367227545920614 0.01930497915962693
944 0.01753092714292444 0.06079691711049432 0.0683187376589723
945 0.05481323227360317 0.06196499562853536 0.07571251020217751
946 0.03546676286449449 0.06950511899818733 0.03329627329547121
947 0.07311347529681442 0.03145148778856542 0.07220322213889675
948 0.04015279865239629 0.0207545015735824 0.03587834011904956
949 0.04607187296691078 0.01803291697675639 0.05754507628056826
950 0.05978040577354118 0.03649698331325513 0.06643034143177005
951 0.0564277886542674 0.04875908644610139 0.07557422564631172
952 0.03410089537037263 0.04707350007915632 0.0656607634211399
953 0.0470013303515055 0.03013808037189456 0.03545314184656571
954 0.03495947960391723 0.02281593773264844 0.06570245827524313
955 0.02690465638767695 0.03648624561013982 0.05950408549820615
956 0.02496142204828454 0.05757204328346437 0.0269419511800082
957 0.02304305654464349 0.0561688903428889 0.05327542548534609
958 0.04743039291112979 0.05819064123061261 0.06343386587482618
959 0.04120329111255332 0.06412185965238525 0.02772781072029825
960 0.05101336811405156 0.03436351568188272 0.03522439476108031
961 0.01502114463701082 0.02512311797574231 0.06319028242340011
962 0.00734001308835808 0.01873005795069526 0.07045653052935615
963 0.01911930865426434 0.03184580935635645 0.05213305394119536
964 0.03977656176429603 0.05183748864359909 0.05129540323478592
965 0.035586312981298 0.0539952138970872 0.06789751246897799
966 0.03138449267633252 0.02178094901736202 0.07556304392279316
967 0.04087658462633482 0.01751169360092867 0.0744689717152833
968 0.01453439698164532 0.07059286560238338 0.04712890904584033
969 0.01610217601981238 0.04478820813793832 0.06206031978009297
970 0.03063802887306003 0.02976230243585144 0.05745867759445937
971 0.04622113907928244 0.03975737444539929 0.04639222348333683
972 0.02633913270313315 0.03082368758748168 0.06638767085273166
973 0.03863029860699738 0.06272561695630174 0.06780136112154785
974 0.02853605015505135 0.05042070444631146 0.06044386303606672
975 0.04490191941902708 0.02605513716662614 0.0641241438148278
976 0.0528404702471846 0.008373651775558466 0.07313383477404992
977 0.03394868251147895 0.0204216736506927 0.04777877382612463
978 0.02690378673938389 0.02211031490525609 0.05620649632995735
979 0.04053103715812786 0.03481858954931698 0.0747335240247235
980 0.01851741860379079 0.04321646499922233 0.04454165301458887
981 0.04839141761635465 0.01202288346261488 0.07575156348245358
982 0.02677189459703422 0.04111090464949547 0.0419592879460898
983 0.02284788500491792 0.07017773266250626 0.07317119793250539
984 0.03595070638496513 0.03681756655699094 0.07476552558890047
985 0.06048050393970853 0.06024697885666818 0.06456580610034879
986 0.06229315712569344 0.06993673968405514 0.06268764114302697
987 0.02251806701290698 0.04062080498647512 0.03841190833650171
988 0.01958201712386481 0.04411818134097498 0.03429073778216834
989 0.0486486107789679 0.01810253929746668 0.04650646526689185
990 0.06821296100844286 0.02167575382455024 0.0441627605802539
991 0.07018629224258353 0.01116688229487726 0.04553974670582515
992 0.05502119613549155 0.03895180461092556 0.03759757127858326
993 0.05979825743382148 0.0371521688229587 0.0310628115178879
994 0.0530768190082817 0.05126917205323506 0.04179579005833923
995 0.04649139212459787 0.01626777246924507 0.06792223228011668
996 0.04397777829467228 0.06323909004169415 0.04200318948364113
997 0.04874310784700589 0.06117842271073719 0.03849292997231004
998 0.06035569197683382 0.03128553164489442 0.04941771147712702
999 0.02515343261233084 0.02057799293935773 0.05072177627356053
1000 0.03934510028049559 0.04593339270255081 0.05877862469918188
1001 0.03457647505747434 0.06135610019722813 0.05739977708452548
1002 0.04239590638894881 0.05180765791004588 0.07503401012211483
1003 0.05645473693453603 0.05113895229781615 0.06677515698679809
1004 0.05533302891105908 0.0395999525595078 0.05446403172432417
1005 0.03357656565044189 0.02341638874025153 0.03073579410576772
1006 0.04418956629746455 0.02562913551617685 0.05259030760090427
1007 0.06472756429822792 0.03552047392032436 0.05012603156775088
1008 0.07141045711612054 0.03619897933184776 0.03441539802414162
1009 0.04741545247230088 0.04511648988903537 0.06748255256591659
1010 0.02755123200632965 0.02958970613533562 0.02764767397998646
1011 0.05854713915148979 0.03082072301536314 0.05477109082980525
1012 0.05337722213467976 0.05990186386537671 0.06148841278520473
1013 0.0495966340394829 0.05509047705592078 0.07506334763317832
1014 0.0106207413899168 0.06934431771463419 0.05779514729836229
1015 0.01985753985021402 0.06157627691634435 0.04383931300312016
1016 0.03764960941035758 0.02192268752237294 0.01994331456422688
1017 0.03750501922156136 0.02600439680152739 0.06176167971991472
1018 0.05612417071753084 0.02156606150206554 0.04149851132223362
1019 0.01376445574907981 0.05793452021991286 0.02847289425286909
1020 0.03275104050702925 0.04327218817142883 0.02316486298514252
1021 0.05052626380107788 0.04540189987097818 0.04377887014674028
1022 0.06613259699955382 0.03008900772235738 0.06215210991296015
1023 0.02379254273388695 0.04479881728148451 0.0583226814441194
1024 0.0496909532417032 0.0376457696261883 0.06828457447989367
1025 0.04110231932291576 0.05360279720176436 0.04149599512480275
1026 0.06814567327086773 0.03524200979349329 0.01345219583341934
1027 0.03898055981890312 0.05279204828417203 0.03108986170615408
1028 0.05116179197231104 0.03605254376325267 0.0450396271725729
1029 0.06660829179313259 0.02955839998559637 0.04852281656481162
1030 0.07149631729655719 0.02246960090580346 0.05344625351570612
1031 0.04941170764920119 0.05231963776880705 0.0368548565388454
1032 0.02087083702026994 0.05504024429830309 0.0605257235090312
1033 0.02921532521214134 0.04814684628675415 0.05572646226102612
1034 0.0620024028731444 0.04426507512471665 0.05946901113419053
1035 0.05266195056770185 0.02176279575688839 0.05999432060537744
1036 0.07031631097067029 0.0692271898860525 0.04299421361514557
1037 0.02416213763364973 0.04976079437004972 0.0690439771252276
1038 0.04902385464598634 0.02533052762621011 0.06748962307034417
1039 0.06037476813715588 0.02604130728981563 0.07315305639258562
1040 0.02987648268397735 0.04912999727391034 0.04714443940061001
1041 0.03951384370054604 0.05496486464653338 0.05948980629239941
1042 0.02899310144463975 0.04398177192326003 0.06745205839787989
1043 0.03956164008513642 0.0316430752311024 0.04566860895323454
1044 0.0590798838952004 0.02172140549060186 0.0548673479890786
1045 0.03562840849452946 0.04547245295173787 0.04156940580455
1046 0.04460750419968534 0.03084382625559901 0.0457036930998641
1047 0.04560913956376082 0.02245141880683117 0.03256099627189415
1048 0.03161448644509273 0.008602874869333853 0.05066205523089699
1049 0.04584123087544517 0.04411596909958287 0.07486511079149455
1050 0.01891774285827548 0.0232294845182123 0.05874958445971101
1051 0.05838370090845255 0.02285085212709058 0.06742894284171756
1052 0.06434941121587158 0.02097527225746308 0.06502212717965875
1053 0.007295843236797717 0.030660200988594 0.07147794566863526
1054 0.008582409235629689 0.03036696430879787 0.06121033908286248
1055 0.007477942817333983 0.0265173310244789 0.05358307846332674
1056 0.04121085911221053 0.01730448436498644 0.06825235055393392
1057 0.05737987898042046 0.04058451975462164 0.05953147387285249
1058 0.01760351263031129 0.03261991196219036 0.07506315911191175
1059 0.05153428829443402 0.06700446277350409 0.02622520948403717
1060 0.04899583320970782 0.05269996347461417 0.05573763482231311
1061 0.05951065221522564 0.05933738918361691 0.05414698577115952
1062 0.0497484055730346 0.05387428165047158 0.06858415923972011
1063 0.06242948998152671 0.04081107533229794 0.06800468312333331
1064 0.02902517809238534 0.03944992068450396 0.05100781873391842
1065 0.04955306766189916 0.02913862447143241 0.05421689999482569
1066 0.009324439686336996 0.04572289338311337 0.03993848158156559
1067 0.009743056882499591 0.009747895510453427 0.0696575315141639
1068 0.02722283777108495 0.06567129381119023 0.0583581968449339
1069 0.01540993529802261 0.02072550264867804 0.07392504641327841
1070 0.05313784559698564 0.03366933107726224 0.05497114902188663
1071 0.03555490468447708 0.05194329255374899 0.04855133046582857
1072 0.04147413585166827 0.05150422120708829 0.06703764685303062
1073 0.02798160973243951 0.009462369485744219 0.02460390841019138
1074 0.01109850213523118 0.01084991798406141 0.01390940130964217
1075 0.04990743001486275 0.03899699693989076 0.07455063385337057
1076 0.05645612118836738 0.04173595475163644 0.05007287345204029
1077 0.02118099564745852 0.007563385184446499 0.0727563601051175
1078 0.04053354635773641 0.05484842571561663 0.01110672082374022
1079 0.04555576660859832 0.03130686559606961 0.06153701384257264
1080 0.02487087922290275 0.06330626102032623 0.05250302156059788
1081 0.0601540159294195 0.05411530002357139 0.03284969795565895
1082 0.06729174260912789 0.0313607067317603 0.06948879077188484
1083 0.01776161863017022 0.03498591010469048 0.05764456252610016
1084 0.03278722589395937 0.0300869262665999 0.03290817350567276
1085 0.03340368126960423 0.03142462798470587 0.068727469493032
1086 0.04568486788828196 0.03524535280183478 0.05001329179914466
1087 0.05980695475675694 0.04978004106958021 0.05514292409832497
1088 0.05675373349545052 0.01262252635354546 0.07372579131030656
1089 0.05498024740943541 0.03140911730744788 0.05071698432410839
1090 0.01905138092307912 0.02957163529171853 0.06559423241558665
1091 0.01900785650148506 0.03626693751608677 0.06689320707832073
1092 0.05960501045193237 0.009722117282559645 0.0242672918091732
1093 0.06761271059466754 0.05014285991588958 0.06962406698016553
1094 0.06497617809051949 0.01003927520281237 0.03574181224784805
1095 0.02813992384138259 0.02807962330461474 0.06136875472894804
1096 0.05214502699180899 0.04382383972961873 0.05914079986470858
1097 0.0236518291307049 0.04155695943153013 0.05228594212649707
1098 0.02809695618189551 0.04272780884078514 0.06068343608102797
1099 0.04113525769892464 0.03049611791664766 0.04010777773351778
1100 0.02595556611012767 0.03704930612954598 0.03146940683218482
1101 0.05169008155380327 0.04358522753948785 0.03674497655888109
1102 0.03713418561810274 0.03037003017918411 0.05611026044107714
1103 0.06533896281896948 0.03505523664954671 0.05890699020613146
1104 0.0709467370872052 0.05887270026755133 0.04253360528428162
1105 0.02955455826268152 0.04154865145736329 0.0761186524082153
1106 0.03425621443912464 0.0655915980612331 0.07517395938578054
1107 0.05258688657097217 0.03091550753181661 0.04296256606977016
1108 0.01350335333852331 0.0326697933751189 0.03154124703352756
1109 0.07066232676045019 0.05443324890435366 0.0587189878468258
1110 0.03691834202325023 0.04693506939379804 0.07574739411851689
1111 0.05545945249897479 0.06518014531686117 0.06685310129883633
1112 0.05887859285774722 0.008377565887594772 0.05010406694183708
1113 0.04212662618367493 0.03049286483656147 0.06711576063466086
1114 0.05274406420393574 0.02989674043546733 0.07000827465369966
1115 0.06398521515214906 0.04746754912766057 0.03560551981388743
1116 0.03889118149768998 0.05756433636385116 0.06846209176215523
1117 0.0530867801007992 0.007676072169476506 0.05779367282326957
1118 0.0161000192056984 0.04740116925515855 0.04213728391721089
1119 0.0474805894606623 0.0270982404605948 0.04313678795829504
1120 0.01700454382999443 0.04164856093467195 0.06712884799703746
1121 0.0478086429492279 0.06565842237782654 0.06716388055256595
1122 0.05887926107090691 0.05804288241100883 0.07489511669987682
1123 0.05717472409187233 0.03652288625176293 0.07577370467880498
1124 0.03614492423379838 0.03554259610660822 0.05948967127892413
1125 0.04410989749564536 0.07152876704189798 0.05108569998911495
1126 0.03948857253941414 0.07184342489614312 0.04576888587471501
1127 0.05956034575258768 0.05584179167323289 0.06882106753265874
1128 0.02308879386052785 0.01582827769003408 0.0683247547861613
1129 0.03365803049590697 0.01957473065655093 0.03700600392069186
1130 0.02620496880856424 0.05078554394033923 0.07449770651021193
1131 0.04985696060267245 0.03715744266707333 0.05293069214024203
1132 0.02988514729998282 0.06076992266188953 0.07033610257235816
1133 0.03854128012677594 0.02503172491738788 0.040099929088292
1134 0.01696645389600215 0.0271917318839425 0.04809177886934352
1135 0.03786668107730881 0.03627230403422278 0.04890960868114911
1136 0.04735670496459048 0.03739658243211895 0.06202694920485814
1137 0.04106809925221622 0.06057179498334812 0.05065216474594265
1138 0.06430909813152366 0.05435198151585114 0.0458855898517472
1139 0.03396586997272366 0.02306126928737922 0.05280163220171247
1140 0.06214580993130837 0.03505265067557489 0.04562268115906224
1141 0.06050620597642709 0.01633574881036292 0.05048514317489984
1142 0.03248363382004184 0.02651564806370061 0.06264650568135938
1143 0.02025953003536427 0.02803474892396804 0.07510854501481912
1144 0.03660355344402102 0.05695259527806397 0.07538230055917559
1145 0.05435958316675827 0.05444756394120712 0.03676658070146995
1146 0.07148699870459869 0.05657095934916138 0.07142877100228411
1147 0.05284677519326975 0.04986469617311135 0.02643030984048413
1148 0.07334839293651271 0.02831873382137539 0.05964239392275893
1149 0.03760084249130135 0.05645423731282598 0.03567054290129937
1150 0.02492967241302915 0.05376188186818774 0.04034254997384559
1151 0.06135011525329452 0.03341989537105414 0.07601365907560226
1152 0.05770649989270434 0.01903330362783717 0.07512124827211841
1153 0.007723030895915949 0.03604734563155364 0.06657456856033123
1154 0.03890817352151425 0.04004297097617597 0.03545043098245546
1155 0.06219084092124418 0.04354314796282608 0.04167200812068838
1156 0.009475163986933143 0.04904457159696873 0.05326723531612043
1157 0.01883694998526199 0.0373198789306205 0.06200409578079092
1158 0.03138610438761372 0.008406870913677934 0.06283169967098129
1159 0.01716307954260935 0.05380015897631817 0.06574185191863643
1160 0.05327915618485423 0.06982227541877477 0.05508056659408029
1161 0.06551064683468838 0.04764724678473661 0.07548503511942786
1162 0.04128955884889673 0.01235347389403269 0.06230357047200642
1163 0.04380617009602539 0.006289293905146756 0.06074326210330892
1164 0.02358670757779696 0.03927575352004173 0.06073746242958514
1165 0.03426521247070462 0.06641393774688711 0.04892850871176902
1166 0.04432505571427233 0.01373664981313843 0.04700698068504124
1167 0.01993958356343623 0.01997347843374484 0.03677629823446249
1168 0.04655601270159799 0.03896889223768345 0.03385092454020978
1169 0.04869941234090196 0.03656827801649234 0.02907608506001507
1170 0.04381894518327727 0.02485106063655467 0.0399855897307653
1171 0.05943586567973051 0.05016914523453678 0.0412970217877042
1172 0.03788212515933263 0.03149731122360123 0.07640728728505793
1173 0.01952485752724134 0.04344635359968334 0.07616188652096881
1174 0.04788377333380447 0.02192456036569104 0.07529304244222611
1175 0.04978227463351181 0.02590544356586427 0.06279631809266699
1176 0.02110632215157546 0.03512142799554695 0.04941996831717867
1177 0.02822544039577077 0.01785900985545832 0.05970775494695151
1178 0.04673674941987208 0.04356893147517012 0.03850686718013997
1179 0.02574273313879835 0.02477146623342076 0.04663309664422932
1180 0.05785761119575322 0.02951440584645604 0.04187154123013991
1181 0.0603212833585652 0.02470657059726555 0.04569486945231734
1182 0.06014096352825754 0.03481947102882356 0.03888238430810082
1183 0.06497503624305197 0.02907636684447856 0.03587765058681585
1184 0.03646627728272141 0.03583730830209742 0.04327243254468214
1185 0.00819857431508535 0.01962838960082928 0.06122160715417461
1186 0.00942796673083107 0.009433923846201868 0.05620664113635291
1187 0.01584625982896074 0.02078439753500324 0.0473031704539672
1188 0.06831771789161997 0.04076455171842366 0.06632598874583283
1189 0.05176206947764884 0.01715486395742398 0.05103159212533055
1190 0.02810594262897601 0.02726340724239996 0.03553794572209722
1191 0.06463141849543309 0.04544463796970229 0.06475449104408114
1192 0.04334676155143859 0.03231248446430845 0.02700903967521356
1193 0.03145256181677427 0.03946345650986279 0.05702995829880958
1194 0.03685564192482508 0.04386919415745608 0.06340337929469157
1195 0.03270944694039232 0.05820935356967429 0.05386186432949595
1196 0.0260704957074777 0.02969831320839444 0.05220808463786464
1197 0.02593520517502714 0.02066686382210901 0.03948526603488456
1198 0.04588388261388494 0.04865049028633721 0.02983984847715019
1199 0.0255575441758021 0.04945760464006541 0.04341757067748439
1200 0.01839462662049884 0.06444754583202511 0.06314139102151049
1201 0.03297801788276029 0.03730889705403873 0.06893674203295785
1202 0.04621140671167159 0.0589590361838349 0.07579228269042435
1203 0.0307872264557557 0.05988412559615144 0.04387538561524326
1204 0.03162757308983889 0.06345943808657466 0.03865637126663217
1205 0.01357455922055369 0.04294694102198796 0.05753208050489984
1206 0.04999446609182107 0.05786629016438833 0.05316696655656453
1207 0.0350495206700086 0.02141366479077773 0.05988176873769756
1208 0.05643168252935866 0.05223953786677464 0.06013341776046293
1209 0.03467590008851785 0.06765600972119509 0.05445915268569355
1210 0.04492244880430276 0.01693853753049003 0.04117583808221191
1211 0.05550972305870673 0.03098785513207651 0.0601443090580601
1212 0.05250098450094625 0.04308748293196283 0.06818812964339035
1213 0.05469774776615854 0.02788983533309463 0.07555651811029079
1214 0.04165472419306347 0.04185187978191744 0.0555065045134752
1215 0.05020701449027622 0.06318014565026819 0.0623127482512348
1216 0.07205307309942736 0.007920240510879036 0.06616610918386578
1217 0.03952944846417537 0.0419050521583814 0.03064790271119144
1218 0.03519291441966535 0.03928134468920496 0.02761415070482698
1219 0.04407900951690166 0.03992195122125024 0.01266997486346753
1220 0.03880893964888942 0.05075726085119953 0.05628247631438054
1221 0.01402060492412109 0.03463547300938469 0.05313217683399714
1222 0.02538868427596825 0.03314622894872758 0.07561064869730087
1223 0.06612718359107773 0.039251933136641 0.07584948455797262
1224 0.04402593533462044 0.05348886614898862 0.04457373728394564
1225 0.06594266666161853 0.04157084030103159 0.05203031777413932
1226 0.04153589192571038 0.04603397105836571 0.03787335011249602
1227 0.04498254679389489 0.03379620528280766 0.07043754354035975
1228 0.01784009934273936 0.02462411655441293 0.06835684132855016
1229 0.06179790459340299 0.03380992261390131 0.05522927556016809
1230 0.03101704686484698 0.034925204514367 0.03035835695758016
1231 0.02814486109723475 0.0586346298154598 0.05000108419481914
1232 0.02713813045523263 0.05419866755674497 0.07012919977698284
1233 0.02365045354238493 0.04031776282092804 0.06852717548512625
1234 0.06571648033120309 0.04985364178034321 0.06229985225257499
1235 0.04573601141380689 0.07209106506982318 0.06632798052504781
1236 0.04958041480490005 0.01651504699635371 0.02454207650754478
1237 0.03228262354671337 0.01585401952791528 0.07560110688852793
1238 0.03777601568141462 0.01303685014472646 0.0715037022367872
1239 0.007671241670347902 0.06471161494651537 0.066995041223166
1240 0.06442579359395992 0.0232027393200323 0.07123881242804248
1241 0.05205354732329551 0.05495596232641669 0.05927014933571841
1242 0.04888680612967759 0.05171204647053441 0.04609766919745796
1243 0.01703953995127678 0.05400446790345972 0.07600138244504361
1244 0.01534427430481232 0.04987452701502196 0.07086207880315955
1245 0.01649548658380233 0.04472812351273123 0.07176428574136326
1246 0.04345019241459861 0.02562513905097353 0.009261966094002151
1247 0.03105982270502126 0.03840247403168112 0.03502620278934543
1248 0.06555741853708334 0.07034602589124631 0.02815232579932131
1249 0.02793693973136114 0.05693178817624325 0.0340441961201062
1250 0.02685695140209618 0.05878801690032347 0.06158248344863764
1251 0.03194635546478584 0.01386578151858846 0.06949259629396033
1252 0.009333258770080205 0.02296802058614229 0.04643536122945464
1253 0.05968156423065239 0.05045576619918241 0.04713343338305961
1254 0.04352545491347203 0.04766734482813616 0.02209788040601332
1255 0.05363549243899416 0.0366070085142352 0.04999485861018429
1256 0.01669484766813395 0.03643872195053058 0.03787209332753478
1257 0.03730020425858594 0.07277101211912909 0.06595895137602424
1258 0.02832018054609114 0.03089596968266097 0.01928722284277697
1259 0.01056483164260342 0.02842176221195469 0.01116590456933677
1260 0.02438378906132348 0.05331124224665564 0.04746522605399679
1261 0.04269954043356744 0.05902381566617675 0.05939475960854985
1262 0.02161862728581466 0.03061465149403389 0.04154270469797387
1263 0.01836449403035726 0.02592422482237433 0.05434225923162058
1264 0.05981048112008711 0.04432923562340405 0.07643360102760954
1265 0.05086284611976626 0.06314389447662787 0.05708517841264576
1266 0.04802968558922588 0.04610449589400754 0.06034187705672135
1267 0.03550982832894412 0.02434556179771486 0.0710914143107212
1268 0.03396954308047979 0.0486393038068139 0.03354615807677819
1269 0.03599068721356111 0.06189690585875962 0.0524819302038383
1270 0.069880831560633 0.05665571607913237 0.03231865046265577
1271 0.02102044399688111 0.04793636661644039 0.04495750113123135
1272 0.0406739711696359 0.01497111298213296 0.04397758975709921
1273 0.03572780273439727 0.007420509331670464 0.04261184787660951
1274 0.02375490912553935 0.02734027292685255 0.06914781673594093
1275 0.03197600361527132 0.04401865970502819 0.0539128991745775
1276 0.02147313553726929 0.02582447211821777 0.03030070737830892
1277 0.03376585598879846 0.03422783572375401 0.03515441920700151
1278 0.04890797813196557 0.01004738033366212 0.06552183262153749
1279 0.05230510158061965 0.04573991513222833 0.04880325835205055
1280 0.02652061273200647 0.03535969582426983 0.06957028162979281
1281 0.06162690928693349 0.03161052859747954 0.07058276816705095
1282 0.007717536142215924 0.02490260049261272 0.03751602501092813
1283 0.06868530087202185 0.05162016809478143 0.01032046346914979
1284 0.02055290935626711 0.03938745948270338 0.04242243980112587
1285 0.02095857265578535 0.05905149450715783 0.0635139987246582
1286 0.05239078348049509 0.06520301323584458 0.04766238285278603
1287 0.03683885821891651 0.0303180827913581 0.06536465228519719
1288 0.0143906631207736 0.04177277333531406 0.048909448711084
1289 0.03037154145694177 0.02834806300712703 0.0473610525598343
1290 0.02708011031312749 0.04527204011971576 0.04608980126241174
1291 0.06914755433281682 0.06217657497222168 0.06673014420055889
1292 0.0367919241491472 0.01729775497988844 0.05102971858608766
1293 0.04081799517613637 0.0177067316780344 0.04899936754628963
1294 0.03758847636015912 0.06326820933693474 0.06154251496940469
1295 0.0400949882714843 0.03996457557161699 0.04517544691077185
1296 0.0575307320884696 0.05957808015175731 0.04772710069809059
1297 0.05375900906579587 0.03956692005538555 0.06462441982296091
1298 0.03518056918080322 0.04710345160095934 0.04721049059295386
1299 0.03150409658375741 0.03247857667468531 0.04012205090016703
1300 0.07271429018086305 0.04543632531674079 0.05192067852567813
1301 0.05282888859215759 0.02062984956219923 0.07613963514359907
1302 0.03956800097722679 0.04757470640644142 0.04848535195461024
1303 0.04945552610383071 0.01441939569688942 0.05558355865935529
1304 0.04239356775495284 0.04757336153747051 0.07626454407787343
1305 0.03245631349200783 0.06107566512124435 0.07615223179166469
1306 0.05646584417092279 0.04067621462037802 0.01045963260256226
1307 0.05270296338078678 0.05002904916073415 0.07186060525925049
1308 0.02325612740389868 0.04679001020334365 0.05346116897315739
1309 0.06008669085199213 0.05394225523317706 0.06378288817249883
1310 0.04444819503052762 0.02556376593457929 0.07585304347995107
1311 0.02002930709686655 0.02865337000194748 0.06018140756123061
1312 0.04547219091825357 0.03055226761312075 0.05596026442926239
1313 0.007534302340700199 0.05335954578421655 0.04495705439944886
1314 0.07223742840802834 0.02964904655009819 0.04195049782829053
1315 0.02770550474497506 0.05875007635522053 0.05535154655827842
1316 0.03563524936130554 0.05561853774932676 0.06277391727854316
1317 0.05526916195253085 0.04669145532916064 0.06899957281665138
1318 0.0140559889518048 0.05867102056802924 0.04426765296279345
1319 0.07224808401312213 0.04951526386322232 0.04227706276239764
1320 0.04599404167902366 0.0399346033478477 0.05228158026853078
1321 0.02462118483895716 0.02365009287304171 0.06025586209842382
1322 0.02905802673676929 0.06710551042533137 0.07461749851668913
1323 0.05646881388848655 0.05156008316704692 0.05126147076488969
1324 0.05304385196969808 0.02181214966879383 0.06557894487819005
1325 0.0060128961696753 0.0356298899711046 0.05147587027680446
1326 0.0344952655384687 0.04066097839949532 0.04314540801359412
1327 0.04584017881530179 0.04902251335188258 0.06737701962456306
1328 0.02778983831738308 0.04558037652436027 0.03947023026568117
1329 0.0334007022385913 0.0405132572009394 0.05062879144985249
1330 0.03840674826323291 0.0560282981570828 0.0233345006419724
1331 0.05508900112139938 0.0605101024277069 0.03606291296247052
1332 0.06603220484067245 0.03626406455172634 0.0405006720981779
1333 0.03812557964369215 0.02725321449753137 0.05170316006241748
1334 0.0525525886879313 0.02877663319839381 0.0335834299447873
1335 0.05821465959033696 0.02972576927799405 0.02954364957626718
1336 0.05697182427758121 0.04248907878441267 0.03356695324153877
1337 0.04528949698977382 0.02675493952279362 0.07014102059994609
1338 0.03978580380762833 0.03711933886779955 0.03029638571303224
1339 0.03498191942524224 0.05370802049964244 0.05313456399092246
1340 0.04011329203999436 0.0638659103265338 0.04638822927837138
1341 0.02680239696529961 0.0243317800865994 0.07638637312178347
1342 0.03959514936197783 0.03627472772263628 0.06471414067450658
1343 0.03390596717431239 0.05329442021117593 0.03504149460368451
1344 0.04269572773325266 0.02623406883655976 0.04782688190801288
1345 0.02789239024942261 0.066693333099945 0.04893531769892599
1346 0.05468280245869726 0.04829904978602131 0.06301468348471241
1347 0.02877144131855938 0.03695989696759575 0.04439260023469199
1348 0.03582783011777012 0.01305537351035178 0.05399331938571195
1349 0.02566651073878076 0.03177589394761099 0.05821253292043471
1350 0.04145058654849625 0.01346061362401884 0.05176209046235151
1351 0.03905627515201942 0.006794492188840793 0.05213953744820708
1352 0.03762540707583429 0.0298907922822945 0.03697300321033544
1353 0.05561232895794789 0.04072174903068483 0.07631168403920437
1354 0.02042689846934524 0.0590933076010052 0.0751183474389561
1355 0.03798607208471749 0.03584000449986226 0.02139035885783118
1356 0.06466949175509182 0.05546796786626043 0.05355636068623838
1357 0.07138147265933582 0.06199247064701874 0.05096893635313362
1358 0.06441883909789535 0.0697612042575074 0.05290616233224389
1359 0.043745372806804 0.05476945924069163 0.06189231417629266
1360 0.05050289750477135 0.03028181582487979 0.04654789181964948
1361 0.02485819692137926 0.05581775763311344 0.07589072207337089
1362 0.02329186234845829 0.05723289853273111 0.04397277562536615
1363 0.03147555688667691 0.0206055973536038 0.07010813352857272
1364 0.05720712382547986 0.03522636160747949 0.05758071085474057
1365 0.04748618614510587 0.01613011778380529 0.03466800564970662
1366 0.04073038267816188 0.03506137157293253 0.03645846724720667
1367 0.05084564520751053 0.04772258526061426 0.07607521177306557
1368 0.05737156166334749 0.03122321472711062 0.06656992407859406
1369 0.03271667968073685 0.048539423852784 0.03846626510915725
1370 0.05211184498180724 0.02700964187631629 0.05033766157316039
1371 0.04618668121349723 0.05009822215705951 0.05309664536787379
1372 0.01124722888442382 0.04014302292847664 0.03454246788546065
1373 0.05198785471847565 0.02149253706357603 0.03679044568718565
1374 0.03612734342020628 0.02957373554498331 0.04188813130719144
1375 0.05001119459701448 0.03411013527986755 0.0635313304196629
1376 0.05079925984498799 0.0355267580743381 0.04013168353512082
1377 0.02959049496127326 0.02540145830540008 0.05445123537743456
1378 0.02311557544973749 0.04512133958039038 0.06709924793262764
1379 0.05917850954016193 0.03886378304263712 0.04276493426220129
1380 0.05713480441575216 0.02656454792008638 0.05149835790089643
1381 0.02750824730255145 0.03754005247056509 0.03806051716915285
1382 0.02567198292632638 0.04200467503694561 0.02939522508777735
1383 0.04224670100728644 0.07248599944674496 0.0275691215152579
1384 0.04425557175533488 0.06126862966275771 0.06903194189463049
1385 0.05510971026250657 0.05938960958163327 0.07050107122552399
1386 0.07221940288894739 0.04884182245873651 0.07457489258253186
1387 0.03778611592458263 0.03948969789972082 0.07041484078374183
1388 0.04643791147351126 0.03470453155983931 0.07593581632938369
1389 0.01900050450199046 0.04969784492026934 0.02761344742935996
1390 0.01055484505200176 0.05413891659269371 0.01832052997185227
1391 0.05192110233328009 0.02413175033204746 0.04415055309465287
1392 0.04811164397873652 0.06103133733615432 0.03189869253378889
1393 0.05735976801908414 0.05722053669620769 0.05955427502204931
1394 0.05736255058330941 0.02722433128229397 0.06943726069093371
1395 0.0365186571787792 0.02068640641399865 0.07601716677350014
1396 0.04224143872293741 0.007646888328804375 0.04580579349112529
1397 0.0594316275122174 0.01732532873333211 0.03633400434709662
1398 0.03558670244615086 0.04191607641266079 0.07622233349874252
1399 0.03400039091499742 0.03304112073318374 0.07675180972813701
1400 0.03485654150888612 0.05651171260987416 0.04481971712597956
1401 0.03294223624239422 0.05193574337175574 0.06390391068569631
1402 0.0100605320464562 0.03766833451382014 0.0224604314782103
1403 0.03469163431300384 0.0597627051394055 0.06645755998848596
1404 0.07184942767174092 0.04529724746628756 0.03364521638631152
1405 0.05108369027774774 0.04761073753618511 0.03898481506193522
1406 0.00861813195579555 0.04767358455684052 0.0609041997886117
1407 0.05655158362171499 0.02488233196026461 0.05893735464591144
1408 0.04841324953553624 0.05718357158556451 0.04743261517272677
1409 0.04597798485921425 0.05310548560282168 0.03997564526500461
1410 0.02934158160279963 0.07031557755494955 0.009547166969883687
1411 0.03975413563002127 0.06592854944286752 0.07558035605273934
1412 0.03776270883246894 0.07263798031341642 0.05261484594457258
1413 0.02401120851547728 0.03642709131355221 0.06517396309057816
1414 0.04198161221276567 0.03675510445110132 0.05988298138851774
1415 0.07349214829062978 0.04178741247701769 0.04671297082938911
1416 0.04145437017367815 0.01933970006471027 0.05344343141751696
1417 0.05756053341575555 0.0084991511973835 0.04121920769534747
1418 0.01688619271432249 0.03292529890917557 0.04801289561365961
1419 0.03627975279395442 0.01927482167417892 0.05553486719221965
1420 0.02933775634206199 0.04600644962666051 0.03296527714954631
1421 0.02759028498899424 0.0508252150464774 0.03006262685393701
1422 0.05167811238502691 0.04372689407482704 0.05340206001207566
1423 0.04123386565763503 0.01096688941782672 0.01456862965375242
1424 0.04442298367866814 0.03938707428703623 0.07679282393158805
1425 0.01467914632465537 0.02535180306061869 0.03390503636310094
1426 0.02658902108337294 0.008115387509066535 0.04455250623552741
1427 0.05792349037024809 0.03663631898130742 0.04891050323386929
1428 0.04315077860457192 0.02254206262646832 0.06039308386923928
1429 0.06536758517645189 0.03645595814693029 0.06697051628735526
1430 0.01529647981455039 0.0392480323330908 0.05439758044935304
1431 0.02611065531763998 0.05491107428953686 0.05907682947313227
1432 0.06536536176618822 0.04034910267769182 0.05813151549683318
1433 0.01958850950928957 0.01697675035872549 0.0238179456415096
1434 0.07070174139158965 0.01759982846110484 0.07285237765913885
1435 0.04597172389675436 0.06968717923153366 0.07406067576189772
1436 0.02576471558683084 0.05101585335093503 0.05179975800349988
1437 0.04029392684889674 0.07371426563738251 0.07369580931532546
1438 0.04048149121312558 0.06840324347322088 0.04052302425823076
1439 0.03943662251146918 0.02195491566329332 0.07027208231032656
1440 0.04912713526309042 0.01988052057212866 0.06928315901184613
1441 0.06515563771973282 0.04121280266544158 0.03029528027573909
1442 0.04890041023555249 0.04818439011090658 0.05683622447375598
1443 0.02645415582112105 0.04373967723922863 0.05003366358194077
1444 0.04377931477269164 0.06473328754513649 0.05207839518992818
1445 0.02561080860288207 0.03152237735013248 0.03851878407228784
1446 0.05199861056392728 0.01551644535097821 0.04054854472840523
1447 0.05406314472244814 0.03956169458301381 0.04285771024304569
1448 0.02144290642907823 0.0372160618733581 0.07610541356069821
1449 0.03590259793197914 0.03431733826055158 0.02895583015621432
1450 0.05227916261806552 0.05181550091791475 0.07641824970072278
1451 0.04699919710867868 0.03022593846838668 0.05017929659570595
1452 0.04665380568415674 0.007909729238729686 0.02997688420059075
1453 0.0539330575716785 0.03241444018500203 0.07575333005324748
1454 0.04009071047259036 0.03639563637918764 0.04078909524741332
1455 0.02099538431019643 0.02061556330351681 0.06393665551106095
1456 0.03176482071614949 0.03773722858996924 0.07587970315652362
1457 0.04403214317827236 0.0392399075255825 0.02922449838545097
1458 0.0578325022357687 0.0419082255129714 0.06838402541546539
1459 0.04397658081899317 0.02882335846123356 0.03222060417664704
1460 0.04704457455296695 0.03667339265167593 0.04203992952948685
1461 0.01346928966396351 0.04603440012521246 0.06609137200140344
1462 0.006223562349325705 0.04536665847230218 0.06724609460063813
1463 0.05194520874529756 0.02597616591705384 0.05843424387424657
1464 0.05907545451747338 0.03610734025839657 0.07131131588818103
1465 0.01940591383350023 0.0190690458826282 0.052804465699395
1466 0.01936247583067598 0.01191858401137898 0.05562266905777397
1467 0.03578270595015284 0.03769536067814382 0.03780526474217813
1468 0.03017622474202852 0.02819081259197456 0.04193754671190607
1469 0.03869836290682024 0.02261719635949591 0.04593824286452013
1470 0.03440654671521681 0.07159970169545504 0.07562204653147063
1471 0.07344717286910116 0.03046163326982291 0.05133897456658407
1472 0.03667000902904465 0.0498606832587601 0.06840599223164377
1473 0.02510398529142948 0.03160550134114019 0.03285905081527069
1474 0.02086049421007397 0.03366370792935729 0.02767337872482089
1475 0.02931012019619372 0.04009627548454656 0.07038132698661193
1476 0.05408980097314478 0.05575080159966973 0.009925588629386094
1477 0.02148698253667587 0.01801734458773159 0.07423102802118826
1478 0.02131935386203063 0.03127445049352027 0.05613527901867948
1479 0.04377698899319422 0.05451833489589461 0.05628106483444755
1480 0.05923492485396623 0.053747422852233 0.0764644469893294
1481 0.07051602115545695 0.02143458058267927 0.02118657236741716
1482 0.03169759909515436 0.03712495322687025 0.0623350676206699
1483 0.04208519165153041 0.03801421726319412 0.07101037444082633
1484 0.05019612542034766 0.05898542852564259 0.07252753694558232
1485 0.06303405694116371 0.03215069040620164 0.06566036719045781
1486 0.04308594772954801 0.05826014840530391 0.04095786633739019
1487 0.05386818530497466 0.01883937139564525 0.07081332434096756
1488 0.02263386931644808 0.02263534896159215 0.05478157896132129
1489 0.03857371742242852 0.03034106201358181 0.07077635099462609
1490 0.04426678976679091 0.04571450952464959 0.05795499897911822
1491 0.03127398776530384 0.02094102204456036 0.05629303932338696
1492 0.05615858591322908 0.04436319724043378 0.03967661641416531
1493 0.03228805424925038 0.04175864368436556 0.06388181244643744
1494 0.01820483281881014 0.04522827462051116 0.05758583351634286
1495 0.02250646059993712 0.07022976575837765 0.06536129354067449
1496 0.0171560657882179 0.03267183365180919 0.0699522498571032
1497 0.02355082280683147 0.05826457263052412 0.0696429315200492
1498 0.03517296840322942 0.04628471057922746 0.05568133416164963
1499 0.02773891506840079 0.02458404028491752 0.07132535488783086
1500 0.02866880426308279 0.0347269905881975 0.05437267303343934
1501 0.03333885553510123 0.0543558772164419 0.0763271950101871
1502 0.03532844037801926 0.05570024230908417 0.05763377623624381
1503 0.007653182915210887 0.0433449993968866 0.04815879270000405
1504 0.05976426399343783 0.02883847513457594 0.07651900063848631
1505 0.0606149049106828 0.0620651165172268 0.02824069823568606
1506 0.01928743223731175 0.06113549437225407 0.03538847312871828
1507 0.02869141997419464 0.03051083759848046 0.07062531206319574
1508 0.05732004104026005 0.05425630952109373 0.04618690397647674
1509 0.02719281325345445 0.02195972653492178 0.02243161645058954
1510 0.01622417934969425 0.04800614955884085 0.07636828636808689
1511 0.009161931041596703 0.05012409363264666 0.07442217661749213
1512 0.01988353361397708 0.05655273160994901 0.0398307811634708
1513 0.03776806833053167 0.04466870393642511 0.06988969830535809
1514 0.01601995355438701 0.03870400746471453 0.04576750304091006
1515 0.02968237821441163 0.06113315275822322 0.05878296929913829
1516 0.04328810942263756 0.0491359429068374 0.04052784874496349
1517 0.05476371573933622 0.0155331222413443 0.04615163273160623
1518 0.04538962900049736 0.01678303149221633 0.07672308409376775
1519 0.06211725415592736 0.05022800115467568 0.06705760575035902
1520 0.03500502622128602 0.02598451237078749 0.0765623134379351
1521 0.07328629344345156 0.0521870234873302 0.06547126567889021
1522 0.03829770533395391 0.04551871555495913 0.05254032865132842
1523 0.03772579655182731 0.05683984617278316 0.04997588994358719
1524 0.04403535818576818 0.02196427319413028 0.06668712694900278
1525 0.06675928172801379 0.0334617024894619 0.07571553390519552
1526 0.02804750796547724 0.06670700620683037 0.06629701313364285
1527 0.05375500097224079 0.03472175186447982 0.07139312822704867
1528 0.04861854939781997 0.04870463429371291 0.06401471513802454
1529 0.06586184950664167 0.011084743811369 0.0114974165063341
1530 0.02116389814505119 0.02114985254815026 0.06936187250599773
1531 0.05994544588276355 0.06306713797512788 0.04282293850843884
1532 0.0440272990511064 0.02170499421720612 0.04971836917035759
1533 0.05430047433231278 0.0589500802147731 0.05623796595523983
1534 0.02379233219910935 0.05044599139228052 0.06121451369454376
1535 0.04081209642737323 0.06836317504625852 0.05489070148574171
1536 0.05852879080695433 0.06488169966000287 0.05132956782205104
1537 0.009290405779949308 0.06926951274512866 0.0236283705719305
1538 0.03711590334517783 0.04037488732764645 0.06001161049644153
1539 0.04192385954229048 0.02773899120254899 0.06005599613399385
1540 0.07162502720301044 0.03699264957178459 0.06948251686439134
1541 0.05427925160484161 0.02278289460697049 0.05475283085545496
1542 0.02858347572786053 0.04732469237541415 0.05140475937250842
1543 0.05793275558619766 0.03656571162254645 0.0620197950567188
1544 0.04086239806024933 0.01105064808683749 0.05659091745198704
1545 0.05777797446933319 0.0167695789139059 0.06759858554520511
1546 0.04610820921094412 0.06244526018351287 0.05891868314305715
1547 0.05407998749546129 0.0569383072924639 0.07656621468904502
1548 0.02641296753151694 0.04524557794788021 0.07665918959416373
1549 0.06010757012806851 0.04552495942239731 0.06582768198527426
1550 0.04133115149772998 0.02924273726254664 0.01920375418690645
1551 0.06001588236088726 0.04311348702284113 0.05417035723741657
1552 0.04350519711733632 0.0502183236954182 0.04862600541280668
1553 0.03234065678715482 0.06853810762203352 0.02400603456357141
1554 0.0476292462479829 0.03940814073302604 0.02192289923349217
1555 0.07044790159734377 0.03400981874023954 0.05742314783915492
1556 0.04383953042434868 0.06295149140523579 0.07593011945426316
1557 0.05390362671546071 0.04934215337930479 0.0563185999765943
1558 0.006494118742919879 0.03858300158636774 0.0602198987686992
1559 0.06212819746411847 0.02938291567390033 0.0587663888460892
1560 0.01788612356557107 0.06083440674823431 0.05722850578398888
1561 0.007412621804190003 0.06563792992980756 0.04785536898697492
1562 0.01502521172712045 0.03171027984853054 0.03991304357749831
1563 0.02577931026107479 0.01730230630748375 0.05473008601138585
1564 0.01631159465781752 0.04051049900663919 0.06051536815930395
1565 0.01316985433432259 0.03717431876574166 0.06355938410698247
1566 0.04792389235732436 0.02570200188545158 0.03665008056990413
1567 0.03972927608063918 0.0539584596725501 0.07175533364319435
1568 0.02913921255023803 0.06850896081013121 0.05422631222114116
1569 0.01767362082556873 0.03049699677744085 0.04445167326702367
1570 0.04601478281948992 0.04154456156565731 0.05878130562084596
1571 0.02330706931005342 0.01388253943543053 0.06165796097920608
1572 0.04543313459821453 0.04007085529907058 0.06719916344151691
1573 0.06445169457820263 0.0615923545912234 0.05794184485549456
1574 0.04633386050374839 0.05225322038452902 0.07660447630936487
1575 0.01993339037359332 0.05079499872899067 0.03990330473383242
1576 0.03332327143935906 0.01810545457957059 0.06431299374570996
1577 0.02077707470778198 0.04602500996748387 0.06294984376498364
1578 0.04909841701830604 0.03712685402320241 0.04885274347676524
1579 0.03815219778512274 0.06131191026223859 0.07663134778625356
1580 0.03826260095609026 0.01552791384421367 0.05928360362091468
1581 0.0215603972260059 0.05493735214149423 0.06707874411863901
1582 0.03370895896230168 0.05910716815023338 0.06165871948321071
1583 0.04547477569196579 0.05499350107826845 0.03195107783844468
1584 0.02200576272137021 0.05236313107675254 0.07678522374869449
1585 0.006553800771103541 0.05789687527528902 0.06105998205998046
1586 0.005560182620870093 0.05554813494000216 0.06882414364433277
1587 0.02990220215509438 0.03392854646121936 0.06654655342281543
1588 0.04249477104407699 0.04476834371847075 0.02813167818876141
1589 0.02987452784719733 0.05330925233835617 0.05570821865384729
1590 0.01576499846080134 0.01703632712450781 0.06025676718104716
1591 0.07201472230861636 0.03747688130104857 0.02522814934694083
1592 0.06034259841135329 0.02698800939297032 0.06282099077736986
1593 0.0501516767463923 0.05612764278072779 0.03946696126639388
1594 0.02077184173798865 0.02472675517960234 0.04404254891539518
1595 0.04486159466478461 0.06605047918705249 0.04666887647289397
1596 0.06504712447182558 0.05756552343970255 0.07072785975094785
1597 0.06813778958292963 0.06340908916776235 0.07475067447052491
1598 0.04803812502915464 0.0276918090276006 0.0305424193735152
1599 0.05102249409774672 0.02634705181038598 0.02427591208614603
1600 0.04837357253510344 0.0434061256990366 0.03359988712184575
1601 0.03728654137718394 0.06116818600965773 0.04214199449368947
1602 0.04633964231480792 0.034028196967742 0.037630493461307
1603 0.06402514702400249 0.0430024887791384 0.07567650556435306
1604 0.0379113184767749 0.04467939002088345 0.0356833886653535
1605 0.0247381298989355 0.0061916174385429 0.05262483503747419
1606 0.04607842704440962 0.02267203825651253 0.04483889143754859
1607 0.02196572124953452 0.02710597943719132 0.05128685858851167
1608 0.0323718470164551 0.0663707254763522 0.05926913501100615
1609 0.020388222131073 0.03716346339962049 0.0536108122262139
1610 0.02974423495548258 0.04133684579671673 0.0460981342316381
1611 0.03028651831926 0.0475230857644935 0.06384849118651997
1612 0.02141318108894277 0.02329983870591364 0.0765608942117925
1613 0.03076321851369026 0.02742470260467021 0.07691778777246883
1614 0.06079605688006756 0.07154353248151221 0.07247495551611791
1615 0.02681081974901594 0.02503318002304838 0.06439250589571428
1616 0.03537322466854482 0.03476736665032837 0.06484837961038434
1617 0.05228398702362214 0.04536321573574582 0.03092650880407379
1618 0.02143675663273972 0.05039865447338876 0.06486679749222059
1619 0.01271428598518012 0.0240496268521391 0.05776132387243992
1620 0.06259193790020978 0.04647196217847897 0.04600177348370514
1621 0.04953227913399457 0.06367022371947979 0.05254014051333922
1622 0.04926280324270025 0.03886255417145773 0.03726058937812979
1623 0.06101351004773669 0.0496414248113654 0.07633017520977103
1624 0.04455333956937784 0.0169239959541216 0.06235966352736561
1625 0.04017584629993958 0.0448336568310881 0.04324362865376163
1626 0.01670036704102862 0.007603030023185807 0.04624019676139279
1627 0.07471011074451447 0.04434903606271428 0.06812136070483446
1628 0.07334321112076339 0.03903075504607671 0.06156481635030709
1629 0.008761984132851326 0.02443790192379603 0.0229671990488941
1630 0.01295629019566941 0.04410404080989288 0.07574397198332353
1631 0.02231134828210507 0.03602103352196009 0.05788433277623255
1632 0.03689625557113411 0.01541221403476757 0.04031815770855807
1633 0.006803997135865544 0.04021146092987997 0.07365114085597847
1634 0.04018364829668627 0.02787712560373195 0.07616745584511157
1635 0.01609633286150376 0.04823249364083899 0.03599680502315247
1636 0.02859230624694471 0.04835047117317968 0.06930941528949335
1637 0.06555298451200964 0.03645368168820966 0.0548362901971959
1638 0.0691337244765324 0.03503507399577021 0.05231963028645658
1639 0.07392086067280533 0.03830942968972511 0.05318795809897613
1640 0.05196997522317563 0.0642623627837817 0.0717044124955675
1641 0.03143255075615233 0.0415508732950618 0.03992820272000489
1642 0.04797432796774479 0.02282030661853657 0.0176063761606436
1643 0.07167504698673488 0.05252971553231057 0.05139329633344861
1644 0.04926131855638295 0.02189179220219438 0.05062174830846617
1645 0.03348549445501038 0.02457321907652972 0.04863960744429846
1646 0.01512579584347496 0.01763491833568226 0.04091406486481607
1647 0.02160542474032351 0.06584314743819496 0.04832742100452139
1648 0.02419625620682433 0.07277073192606438 0.05057928835724138
1649 0.04268757904580107 0.02148283053319511 0.07692235697110546
1650 0.01695707351562393 0.0488036619091176 0.05347147340452588
1651 0.0268382837770407 0.01034265223981613 0.06804539044407269
1652 0.03327985792490436 0.01589728475218152 0.0261948936784074
1653 0.03828533340813781 0.007120224913340553 0.02858036766197514
1654 0.03967974592750877 0.006838922686315419 0.07419011515664524
1655 0.03869444078320812 0.006095727781783614 0.06747055509184251
1656 0.04729911670825738 0.03431036186926944 0.04612997503980513
1657 0.02708509109371537 0.03131129178419659 0.04389231095505813
1658 0.05118271094186017 0.06556247677351806 0.04175085625476279
1659 0.03790587021795311 0.05877988620056105 0.05938825818854372
1660 0.06747174550081121 0.02352175978095873 0.009927186442075086
1661 0.02443805219693575 0.04245886071684574 0.06374060196719501
1662 0.03899932968284245 0.0269750369028216 0.03272509684304849
1663 0.04329022002151218 0.04272707778159942 0.06996188066970842
1664 0.03202444151591227 0.02873900585882313 0.05255270626970139
1665 0.03405840763765088 0.0246597219321481 0.04311619058224096
1666 0.05031088338470795 0.05318390255443065 0.05085251864402646
1667 0.05918614533429892 0.05494073974843227 0.0223011329423604
1668 0.01351433495190885 0.04346486080612171 0.04426100900323358
1669 0.05165537550849605 0.05254733600108694 0.06368765395717306
1670 0.03303136625455767 0.04763824686670671 0.02863984599442465
1671 0.03078074395707607 0.05219235853298342 0.02311337266496702
1672 0.06265830583729609 0.02116845106172183 0.07598629551896205
1673 0.01397291996783397 0.0450526398549781 0.05258628699056782
1674 0.04931074639767964 0.03411581055872168 0.05801579206800107
1675 0.01906856485455801 0.02842163518283594 0.07049856493388493
1676 0.02949498809699607 0.02037347727169868 0.0479645983737532
1677 0.02286067210801531 0.03456164510129959 0.045233959480997
1678 0.02175027205490856 0.03553273561254445 0.07153178980795015
1679 0.04191267496484148 0.05676066359638764 0.0765791918569218
1680 0.0481221416195786 0.06766075193166171 0.05021031303253672
1681 0.05108737812201675 0.07451089291611369 0.04947900411988321
1682 0.03757515522647931 0.04486235413675639 0.02659388112368504
1683 0.05008016769741919 0.05686525286438929 0.03478092884000212
1684 0.03899661024071 0.05413142730071855 0.04575153592665981
1685 0.04191196002067905 0.02103095327528199 0.04133046653724516
1686 0.0369869566908207 0.01632705461102495 0.07656548162951178
1687 0.04145054057467902 0.01220648799926135 0.07629263918677819
1688 0.05818094226139315 0.05454595548993194 0.05510136998333068
1689 0.0170791149078145 0.036774107263418 0.07207690414857777
1690 0.01405663689867224 0.04025156911115881 0.07296939680282361
1691 0.01123872760782728 0.06815655980391781 0.01117179995717926
1692 0.02756762155821164 0.01566109438770557 0.04921496833301945
1693 0.06083524674009128 0.03773738467834628 0.05194928895236383
1694 0.03875070133165418 0.03275537022729685 0.05178828306101297
1695 0.03362513015229121 0.07393880857897071 0.05786349577425897
1696 0.02568141481199156 0.0195684061321357 0.06347368796326378
1697 0.04857998991859759 0.06157799462930371 0.04486017207187785
1698 0.05173106895651139 0.02991330992084605 0.06478785667470656
1699 0.02759663372334089 0.01248715649789067 0.07505258485267084
1700 0.04991810170029997 0.06122389153596685 0.07657511149220242
1701 0.04131458381136571 0.04987092269386949 0.02690793425157854
1702 0.03344518337400749 0.047238014331557 0.07115440202274105
1703 0.03388854905392438 0.06616529877559328 0.06682120032658012
1704 0.0498041860228915 0.06553296448118359 0.07627157523207799
1705 0.05599783692021162 0.06769358270828302 0.07531552975640018
1706 0.03659154990828312 0.05358659070808373 0.04028771847693625
1707 0.03961604492903902 0.0393206135173584 0.07640662141192776
1708 0.0375685092091388 0.06734404401481936 0.07073035711799672
1709 0.06500417630817555 0.05487606553766111 0.0392198031882641
1710 0.05042639102551054 0.03150026934085653 0.07691594705177943
1711 0.06182865898596382 0.02038931475853711 0.02851772149306033
1712 0.06346026358502752 0.03547998622704993 0.06283020824830703
1713 0.06510629066302882 0.04465095044587916 0.06979403630028773
1714 0.02391435555888467 0.06414551197601485 0.07620481412501932
1715 0.02276619515865005 0.0645068532517145 0.07050971238154524
1716 0.03216783285291078 0.04569758983953258 0.0768384927534449
1717 0.03441244377489604 0.04239097149234859 0.06785301659253398
1718 0.03683255817447856 0.06101932240673683 0.04811792042509984
1719 0.0499071365553039 0.03932801976489647 0.05708801300359649
1720 0.05575500360068505 0.05699186341804783 0.05169419834349855
1721 0.02789682021302338 0.03300316443571424 0.06233537042685951
1722 0.02992049313925266 0.02509582601297258 0.05832517580155434
1723 0.04745354163255195 0.01371613203063606 0.05113875613770404
1724 0.05309514281724374 0.01260674477756792 0.05198778418432397
1725 0.05179548571443968 0.04524356559103285 0.06395998745378673
1726 0.04429954602380736 0.04794805537142363 0.04522110786602084
1727 0.03976102664074051 0.04709991640247905 0.06455209885373904
1728 0.01571515017044619 0.04920179157852306 0.06366551149660819
1729 0.07133553159985241 0.03752706552685682 0.0754330083677206
1730 0.02361414891060077 0.046246413410976 0.03117013247449102
1731 0.04247765334353757 0.04214103480545311 0.03776412540474332
1732 0.03842592347489876 0.05202449193627524 0.07652176755062662
1733 0.0454545203654211 0.01745156423237475 0.0726830416622148
1734 0.04242511307553084 0.0390617914217775 0.03358314043558173
1735 0.02222571051976015 0.02612871178777686 0.03712943318555872
1736 0.03040055204717632 0.01863568880559345 0.04306147346978623
1737 0.0479762381805774 0.02212225433993268 0.05961098704647106
1738 0.01468236634081383 0.05257454661686529 0.06087282035020499
1739 0.05335591640466492 0.01634691045294917 0.07631066888291732
1740 0.0348391513011388 0.0273223389092627 0.06770397255622539
1741 0.02543389009782769 0.0391545300575209 0.05579538496326392
1742 0.04738583899500735 0.03319887371684836 0.05335272216549109
1743 0.02231114819420849 0.04460415014328035 0.04837411539309106
1744 0.01216550074271113 0.03720157060507291 0.04921891739150012
1745 0.06690176600309472 0.02491005430458415 0.06073799228854007
1746 0.07246586427969895 0.01811488758704754 0.061518609575136
1747 0.04351790624177642 0.01479958384658843 0.05625938236051969
1748 0.02049153844376307 0.04006299830579473 0.04787826723221391
1749 0.04865181579333822 0.04214394400941771 0.07072960847271634
1750 0.0550019524544722 0.03439353400896056 0.03998458193431242
1751 0.04057671909654572 0.06667949366846734 0.06507416853344264
1752 0.01414750452767242 0.02973228942423028 0.05183524536521499
1753 0.02952385812723956 0.03159532227253176 0.07620116347641234
1754 0.009544727946743705 0.009144753124641868 0.03640726617478404
1755 0.04018864508089972 0.02318219464474648 0.06494230925693685
1756 0.02956579396776268 0.05826287146723658 0.07674093971387333
1757 0.05470666633765731 0.04506237659207073 0.07697853944446163
1758 0.02565718916909594 0.024566078818948 0.05243878921745677
1759 0.0352236922425897 0.03054817222633805 0.06055600910898249
1760 0.03704271790164068 0.01760983925846095 0.04615340950677402
1761 0.05483595320158381 0.0354859493683355 0.03279272277543823
1762 0.054325351661767 0.03821681318230432 0.02767523981421483
1763 0.06448703172525121 0.01429676990318105 0.06590925460542331
1764 0.02386812368678757 0.02885267417845661 0.06292783522609194
1765 0.01288640628165395 0.06192630692821503 0.07456835456242177
1766 0.02747043692960709 0.05102814359660192 0.0653318661459972
1767 0.03803325235701804 0.04064332060085805 0.05182273884555288
1768 0.0209350683423286 0.03492121131943567 0.03947468646242358
1769 0.02124044023615705 0.03596130284052605 0.01064319383274164
1770 0.05014818988020158 0.01942875082172659 0.05571780052383293
1771 0.04793331434052447 0.05252428940948164 0.06056700353908855
1772 0.0165331122607444 0.03883412527694406 0.07672205316786906
1773 0.02967369374590112 0.02107321549401496 0.06520787186920758
1774 0.02445534748736723 0.005849351098726072 0.06116897323189052
1775 0.02368222133844856 0.01410828856626904 0.04282821971877159
1776 0.03847042399266126 0.05721453167565659 0.0401168124651301
1777 0.06206659443169581 0.0383149468598438 0.07651452762006991
1778 0.0445198391773984 0.05965221650943941 0.04582324494500521
1779 0.06688318690592994 0.05264896756604678 0.07573207112091518
1780 0.06451542029790093 0.05767069579746406 0.07603724501252104
1781 0.02589148008309163 0.01997249130180451 0.07646165134249128
1782 0.03568441632819911 0.03316997790464153 0.07253612624367825
1783 0.0305787540681067 0.07332381490628039 0.04013883350744035
1784 0.06893671550069967 0.04578622856925472 0.05807826654000848
1785 0.07493902976138567 0.04582861631176179 0.05888222211645318
1786 0.05330997163399032 0.02628017550958174 0.06705358453797398
1787 0.04087752133899293 0.01899557861900961 0.05788461269175113
1788 0.07030260127827141 0.008899638154911498 0.05553552457449194
1789 0.03539670969263155 0.04359811872858689 0.03177796527734578
1790 0.009369635943711296 0.03282919318925002 0.05558311016292875
1791 0.03007037112949621 0.06555025145516305 0.04425002685558863
1792 0.04960823193309151 0.04618604648817003 0.07137216697566663
1793 0.04558384395696317 0.02945587532064323 0.03990559072985664
1794 0.0583567783474095 0.05155423546210224 0.07170718364947604
1795 0.04731629677831393 0.07360431853849363 0.03805189533105852
1796 0.04664624871900552 0.04751837668281899 0.07734543153007184
1797 0.01326433823546009 0.02962900063254478 0.06763946127020165
1798 0.01201421884092576 0.02363776272904328 0.06887502438338275
1799 0.01648338778955052 0.05417594023720668 0.05574208347024076
1800 0.01497826103196359 0.05434701095380208 0.05013099245104372
1801 0.01036208004879612 0.05357741827182033 0.05810627968705468
1802 0.0197002410421745 0.05664758141347245 0.04798070306841618
1803 0.01760415079254903 0.05629381857008042 0.07100582373177394
1804 0.07273521873384249 0.02822698096800413 0.03159946715571704
1805 0.05893220130728366 0.04093425760674084 0.06409893717468416
1806 0.05207071048771848 0.01395827595059953 0.07008222724563572
1807 0.05659854633578746 0.008226452702292523 0.06726237305637545
1808 0.03174072801947276 0.05189228193839834 0.07183239161665413
1809 0.05011776574481229 0.04317921370010291 0.07681740283652623
1810 0.02112093165076118 0.03226732927512296 0.07692486299874447
1811 0.07027699685228626 0.02613177401765947 0.0746013335111253
1812 0.03970697477918193 0.04907113043803472 0.07225482363669213
1813 0.02202652494621485 0.05322190503417063 0.01929433542950297
1814 0.04373664376106329 0.05600243866115096 0.06711597638683389
1815 0.0204723853260865 0.04228247382700195 0.06057985168704331
1816 0.0477527506571528 0.06682593980816216 0.06015718421970295
1817 0.0140000326510569 0.03818155745256415 0.04120948493776546
1818 0.0739493129493254 0.03672166649454292 0.04146057705262012
1819 0.01290132922715093 0.03668399085642126 0.06907605889984629
1820 0.02417686399223534 0.02817212000188212 0.07628834489663815
1821 0.0434340061303433 0.03981540973153182 0.04187002979752154
1822 0.01642901640557034 0.02614767043597551 0.07657031462361166
1823 0.009143087652331943 0.02430440905768061 0.07456932968911209
1824 0.02321751635872012 0.04023744198983156 0.03356491995859254
1825 0.03582674191249639 0.06162374274693808 0.0718002210251185
1826 0.02328127842322442 0.05930379337419618 0.04841051069345586
1827 0.01217919240565905 0.04548009561562198 0.01019737897243161
1828 0.0413684381374114 0.05375555628796941 0.03701205584629172
1829 0.04149963565757567 0.0584386842341653 0.03139663372562158
1830 0.05563520129663108 0.03915815309032152 0.0466556092903689
1831 0.0329721669573281 0.04362822913965558 0.04664875921155517
1832 0.05391281422425184 0.07433780251443425 0.06487956509543026
1833 0.05245974215807207 0.03597304397565324 0.0762724863803142
1834 0.02440082007781827 0.04088455640355077 0.07654209712009685
1835 0.02913522835283135 0.05074353323127061 0.0410506021726925
1836 0.04536267530571857 0.02153853689361109 0.03708760167519302
1837 0.0576422211905386 0.02225455363229576 0.07230236108923629
1838 0.05685342843853618 0.04371251776421379 0.07259453933771616
1839 0.0564749838250602 0.02364715405962515 0.07671382033488783
1840 0.03499439868879794 0.01130677185967743 0.07595946813511383
1841 0.04251634245613924 0.03485554259438158 0.05278293839209882
1842 0.04088592236907564 0.02618642701710652 0.07174449033297957
1843 0.06309508278552904 0.05079151868687091 0.05036565460400046
1844 0.03152119809040932 0.03423773321695196 0.0584458243715282
1845 0.03213895170009326 0.03519124557367181 0.02434525438641177
1846 0.0204012565579743 0.02130547447441812 0.009702021034332804
1847 0.03037631863890983 0.02363514099905641 0.03871441969987089
1848 0.04387375433921808 0.03416154362148396 0.04171710588644167
1849 0.02199802894099941 0.03215446733312255 0.06761743862329039
1850 0.03679067800048111 0.04601802952941152 0.01754650998568124
1851 0.02347847005007311 0.05781371446289023 0.009431837659331394
1852 0.02718548010654123 0.06430521706622297 0.033449623825724
1853 0.0663308284498316 0.04017058793905777 0.07126431639996496
1854 0.04648315519238089 0.006963670659459558 0.07215242613005275
1855 0.0313524239999657 0.02655331777563064 0.0724656164461485
1856 0.02837646036232117 0.01751922161315108 0.06779421969329436
1857 0.03405627046094049 0.06270676696433687 0.04523770359747892
1858 0.06771341839164059 0.03797397523353677 0.0617864220364114
1859 0.06730492943224423 0.04265431190391449 0.06159368560864654
1860 0.06442058271291531 0.009480221703892009 0.07359194445899188
1861 0.02068316227083018 0.04562410317371519 0.07082211199084724
1862 0.0306439764241235 0.02949237953136042 0.06542117026031938
1863 0.04453629263851434 0.04686894751104603 0.07162527568518309
1864 0.02936797239307685 0.0453126338223614 0.07299624809552026
1865 0.04976537647466779 0.03316872284759815 0.06829812204888117
1866 0.05590690849164066 0.04628753086260518 0.05226219663407732
1867 0.04624027516179126 0.02932236187106249 0.07702922576401097
1868 0.0246339920844475 0.06356015469391001 0.06191316403787509
1869 0.07203368494496019 0.07096452142976152 0.06957891438738054
1870 0.02621695370090569 0.02058656576694225 0.0718139596799931
1871 0.07199853515318042 0.009243734717854415 0.02574979912360375
1872 0.01656095345824603 0.01475820357725693 0.04861343525554131
1873 0.02393667191099558 0.01043474596369067 0.01383352695053077
1874 0.02961058202598728 0.0211161234049599 0.05215174356427553
1875 0.05185749229602937 0.06003116912953165 0.04899379256383252
1876 0.0277806062108086 0.06274824951440984 0.07719097046294092
1877 0.07130192512819396 0.06031569467451797 0.02110934788706832
1878 0.01604157006584661 0.01322444747619063 0.07394925296372074
1879 0.05895596839593063 0.02669557213166282 0.05623129821358804
1880 0.02389759709995485 0.03550507978054645 0.03623569990761731
1881 0.0167709884061111 0.00790456679891979 0.02729739266283811
1882 0.02709172597596896 0.03677040027835764 0.076870599745607
1883 0.006266032648478676 0.02531336416404306 0.06609097982539468
1884 0.02323808510796599 0.04385319277850531 0.04314996123014701
1885 0.05078326740678835 0.02537638632029304 0.07653351326865117
1886 0.04250543678651127 0.06610891902529767 0.0580472679281028
1887 0.01750680628982673 0.04548715379809983 0.0481424651784633
1888 0.01361613219069146 0.03471133224084813 0.04432467223966763
1889 0.06376043923913577 0.03455717751963995 0.03369401661256276
1890 0.04874225164667733 0.007069637685917868 0.03978238333280633
1891 0.04991117765184119 0.05163886759123256 0.03203144477809297
1892 0.03753679484396094 0.06527178813340428 0.05691711534502649
1893 0.03485322575301162 0.04408902000397128 0.0512030063820216
1894 0.0686481042742635 0.06866936764576577 0.0114447780314307
1895 0.04246571726676009 0.04380566838592032 0.04930263268724435
1896 0.02491378678851439 0.03748842647391807 0.05025892436603328
1897 0.04226788934883492 0.02724985325503909 0.05597405754670185
1898 0.01790469524294712 0.06584043854014537 0.07511046387387238
1899 0.05959552064406681 0.01571779574715948 0.0766533876439939
1900 0.04521704503768535 0.02203478413083233 0.05551717304045241
1901 0.04095476553757466 0.02828170083907741 0.06376728369317793
1902 0.03114264758091632 0.06234807367757482 0.04898965682700573
1903 0.04146870722976111 0.03262208570836545 0.05686443519802822
1904 0.04238538249940475 0.03087229023308541 0.0357803785444686
1905 0.04463012708972339 0.05209882796952815 0.07064740745057672
1906 0.0422746003911053 0.03154245414203276 0.07716153324387896
1907 0.05479066063894171 0.02873062544384732 0.009781298114166809
1908 0.02948683388048896 0.03906336170988119 0.01811259168978683
1909 0.05796328762320295 0.03307847595113504 0.02188093050906839
1910 0.05756737353320945 0.03235291262941897 0.07704719763916015
1911 0.04761622075561601 0.01237212555652312 0.07078774507001485
1912 0.06405362392715409 0.02590070217570834 0.07675983820570828
1913 0.04322918227746298 0.01322885580291763 0.07217019518633121
1914 0.01962593386809421 0.03717510802931153 0.0338103194301033
1915 0.06561632490939974 0.04091748033175241 0.04545414263080686
1916 0.04185279743116222 0.03407722809766029 0.04890207020678876
1917 0.0727748139224705 0.07272142182033613 0.05713843695466211
1918 0.01887500263040882 0.02407399802305447 0.07302005910867237
1919 0.01980967524790725 0.04509531804875781 0.04026429699632402
1920 0.01374820090770278 0.02452320308990464 0.05140387494403333
1921 0.04776440574936523 0.03268330661564402 0.03216242514855068
1922 0.0623736482692614 0.07263310028258183 0.03886395106018761
1923 0.00492984944913927 0.06575674321709948 0.004868374573904973
1924 0.07416130131250466 0.07385978853240291 0.03357147860522593
1925 0.04145201836976726 0.005464488019894423 0.004895931533645036
1926 0.005105247285595837 0.07420854034181171 0.04867734111245813
1927 0.07482777373761956 0.03840577304672282 0.006179799045420975
1928 0.04650611281893047 0.07287066894731602 0.007246315961530993
1929 0.07444913656351296 0.07418858538213512 0.01838725882589621
1930 0.06298559450480681 0.004731366080803157 0.004688900820703027
1931 0.004703502471095378 0.02564529875167202 0.004714335890728224
1932 0.03262603377798302 0.005552215048865736 0.07567227114805047
1933 0.07519759198679879 0.04227489877550618 0.07466946640504649
1934 0.06246820509115929 0.07453367295099395 0.00540200326259038
1935 0.07503269606897268 0.06536274008321723 0.005009372256398872
1936 0.07410355653743975 0.06314895023927412 0.07500375124292614
1937 0.003495819325761313 0.05540265986005031 0.07566887799499207
1938 0.0739259276428865 0.007138244926624833 0.0742520330365843
1939 0.004788062865883597 0.004626754995606976 0.01463118379151894
1940 0.005477920484850169 0.07440962866450346 0.03240579250347551
1941 0.005963398922135513 0.07387530433001417 0.06586447150702859
1942 0.07447981209055864 0.0175503022232962 0.005324913475663305
1943 0.02631941053083303 0.07536715818884827 0.07597912837608092
1944 0.00610115739660693 0.006077617947491055 0.04618125637703073
1945 0.01768582908861528 0.004886252678898129 0.006077146128104081
1946 0.004402144216351857 0.01296493649230052 0.07538112483917112
1947 0.07645501240670559 0.02903720660436286 0.07603395466858824
1948 0.05926682708282486 0.004561464382728095 0.07476571690727098
1949 0.0763682138680845 0.03419857152167831 0.07655925463005672
1950 0.004884298957626024 0.004829627861238453 0.06566775061234423
1951 0.04635057781721237 0.0032728981372425 0.07616652411128914
1952 0.004911206629083223 0.07489019000749854 0.01425836583262576
1953 0.00580555465056743 0.06378053835902735 0.07454127495110251
1954 0.0365156896392945 0.07677441113472812 0.07680904718676627
1955 0.07507414144602435 0.05506191149426644 0.07592583222536617
1956 0.04707066170881047 0.07591038965634794 0.07645096520088208
1957 0.003578957374894315 0.0287028543910994 0.07586998550921924
1958 0.06731921115868468 0.07427096549057399 0.07521838888062329
1959 0.07494250076019297 0.0754862047972002 0.07526133674949477
1960 0.01365044551952341 0.00496919752000543 0.07535256893818042
1961 0.004460082077113048 0.03459521225943885 0.07602604032807235
1962 0.008339018498152079 0.05644284361407504 0.007360723635035076
1963 0.05097567467473726 0.0057402399413536 0.006012525067454858
1964 0.02698154118999878 0.005520925479208938 0.07480224902524149
1965 0.03200521424408935 0.006851774021732888 0.006071890111199896
1966 0.07359304856263935 0.007694870201367397 0.03587181736442303
1967 0.005035651081143916 0.03552122771929307 0.00569592176299626
1968 0.00673320702374868 0.0153216128113455 0.006461976276994297
1969 0.05292107288235876 0.003783285515321602 0.07615258593540226
1970 0.01540443704698132 0.07489259070080607 0.07546383517049451
1971 0.005623505582762162 0.07431963392432986 0.005569949822713743
1972 0.07381489598533508 0.005683418711255981 0.005587464436579836
1973 0.07461946274748019 0.004525970117324347 0.01448126111192289
1974 0.01493388639213085 0.07481335850914848 0.005212501714900487
1975 0.007569221864256112 0.006902193993145403 0.02419254733823349
1976 0.07419771816973453 0.07432063688866047 0.005855951637244794
1977 0.005640822083102036 0.005583417417071316 0.006100856669509182
1978 0.005632496529794409 0.07361073853199809 0.04180603268588013
1979 0.07428572931048277 0.02991217407702011 0.004835567876433278
1980 0.004786308547379599 0.0046197390202462 0.07419936622750546
1981 0.05429395936999366 0.07508267624032695 0.07593197981277997
1982 0.006282673873862383 0.07368744368842405 0.07384255722445607
$EndNodes
$Elements
9832
1 4 2 1 1 716 1432 1858 1859
2 4 2 1 1 854 1477 1699 1781
3 4 2 1 1 715 807 1262 1657
4 4 2 1 1 792 925 634 1497
5 4 2 1 1 715 807 1657 1179
6 4 2 1 1 683 988 987 1914
7 4 2 1 1 1096 1442 1557 1422
8 4 2 1 1 823 630 1035 1324
9 4 2 1 1 83 1981 578 577
10 4 2 1 1 775 961 1050 1455
11 4 2 1 1 871 1265 1160 1621
12 4 2 1 1 1023 1308 1097 880
13 4 2 1 1 712 1201 984 1456
14 4 2 1 1 734 1210 820 1446
15 4 2 1 1 604 835 1467 1641
16 4 2 1 1 658 1227 979 1489
17 4 2 1 1 712 1201 1456 1475
18 4 2 1 1 775 1228 961 1455
19 4 2 1 1 609 860 932 1342
20 4 2 1 1 609 932 822 1342
21 4 2 1 1 796 979 1227 1489
22 4 2 1 1 1023 1494 1308 880
23 4 2 1 1 634 925 792 1250
24 4 2 1 1 466 945 767 1122
25 4 2 1 1 648 755 930 1044
26 4 2 1 1 1340 1165 1126 833
27 4 2 1 1 1096 1557 1442 829
28 4 2 1 1 1447 1492 1379 992
29 4 2 1 1 725 1360 1370 1451
30 4 2 1 1 609 932 860 1572
31 4 2 1 1 563 1982 78 1970
32 4 2 1 1 605 1065 1070 1089
33 4 2 1 1 661 873 1203 1400
34 4 2 1 1 511 1058 1810 1143
35 4 2 1 1 892 1203 661 873
36 4 2 1 1 1071 1302 632 1298
37 4 2 1 1 651 1102 830 1694
38 4 2 1 1 1982 1970 563 806
39 4 2 1 1 788 1370 1360 1451
40 4 2 1 1 1665 977 1469 1645
41 4 2 1 1 3 563 1982 78
42 4 2 1 1 1946 594 1980 1067
43 4 2 1 1 988 1824 987 1914
44 4 2 1 1 787 1032 957 1431
45 4 2 1 1 373 845 1172 1520
46 4 2 1 1 1946 594 15 1980
47 4 2 1 1 433 1144 1305 1579
48 4 2 1 1 604 835 1045 1604
49 4 2 1 1 655 928 812 1118
50 4 2 1 1 1029 1140 1007 799
51 4 2 1 1 782 855 1184 1467
52 4 2 1 1 927 1114 805 1453
53 4 2 1 1 1926 968 1014 1561
54 4 2 1 1 604 1045 1226 1604
55 4 2 1 1 863 1658 758 1795
56 4 2 1 1 594 1 15 1980
57 4 2 1 1 1467 835 1247 1641
58 4 2 1 1 1971 350 1974 1691
59 4 2 1 1 700 1170 1133 948
60 4 2 1 1 72 1971 350 1974
61 4 2 1 1 373 1172 374 1520
62 4 2 1 1 698 803 965 1567
63 4 2 1 1 1089 1427 998 757
64 4 2 1 1 72 1971 1974 302
65 4 2 1 1 793 1260 1040 1436
66 4 2 1 1 679 1185 1590 1619
67 4 2 1 1 792 1232 925 1497
68 4 2 1 1 648 931 755 1141
69 4 2 1 1 465 461 837 1518
70 4 2 1 1 876 1178 743 1622
71 4 2 1 1 1942 351 1972 1529
72 4 2 1 1 608 957 1032 1431
73 4 2 1 1 1942 351 53 1972
74 4 2 1 1 888 933 732 1580
75 4 2 1 1 855 1467 1247 1641
76 4 2 1 1 661 1150 892 873
77 4 2 1 1 708 942 1366 1467
78 4 2 1 1 998 1089 696 1380
79 4 2 1 1 351 6 53 1972
80 4 2 1 1 671 933 888 1576
81 4 2 1 1 785 780 648 1044
82 4 2 1 1 1577 1494 895 1023
83 4 2 1 1 1603 836 502 1223
84 4 2 1 1 771 1236 1092 1452
85 4 2 1 1 1043 1333 926 1344
86 4 2 1 1 1000 1220 794 666
87 4 2 1 1 984 1201 760 1456
88 4 2 1 1 686 1384 864 1556
89 4 2 1 1 662 912 873 1149
90 4 2 1 1 912 1829 1149 662
91 4 2 1 1 665 893 1783 1852
92 4 2 1 1 1968 349 1977 28
93 4 2 1 1 745 926 1344 1043
94 4 2 1 1 1645 830 926 1289
95 4 2 1 1 977 784 1736 1760
96 4 2 1 1 578 1981 83 1614
97 4 2 1 1 1136 774 1414 1570
98 4 2 1 1 764 1093 1191 1713
99 4 2 1 1 1347 1677 814 1657
100 4 2 1 1 1977 2 28 349
101 4 2 1 1 661 1150 1199 1260
102 4 2 1 1 1174 1337 927 714
103 4 2 1 1 866 1677 1284 1748
104 4 2 1 1 1968 349 1074 1977
105 4 2 1 1 724 1616 1124 1759
106 4 2 1 1 997 862 1331 1392
107 4 2 1 1 1162 1278 735 1624
108 4 2 1 1 927 1213 1114 1453
109 4 2 1 1 816 1177 888 1576
110 4 2 1 1 1155 1171 1115 1492
111 4 2 1 1 661 1150 1260 1362
112 4 2 1 1 794 1220 1041 666
113 4 2 1 1 1071 1302 1298 741
114 4 2 1 1 374 1520 1172 1634
115 4 2 1 1 876 1168 1178 1622
116 4 2 1 1 812 1199 1150 1260
117 4 2 1 1 648 930 785 1044
118 4 2 1 1 1934 348 1976 1894
119 4 2 1 1 609 822 932 1194
120 4 2 1 1 998 696 1181 1380
121 4 2 1 1 651 923 1102 1694
122 4 2 1 1 1078 1254 819 1330
123 4 2 1 1 760 1456 1201 1475
124 4 2 1 1 711 1171 994 1508
125 4 2 1 1 1939 135 9 129
126 4 2 1 1 611 1432 831 1034
127 4 2 1 1 1462 1461 1406 896
128 4 2 1 1 682 1337 1174 714
129 4 2 1 1 935 1274 775 1530
130 4 2 1 1 604 1467 1326 1641
131 4 2 1 1 788 1006 924 1065
132 4 2 1 1 1174 1310 927 1337
133 4 2 1 1 1632 784 731 1760
134 4 2 1 1 727 1308 1033 1542
135 4 2 1 1 1338 1154 1366 1734
136 4 2 1 1 769 1120 847 1819
137 4 2 1 1 611 831 1057 1034
138 4 2 1 1 1934 348 77 1976
139 4 2 1 1 686 865 1384 1556
140 4 2 1 1 782 855 1467 1277
141 4 2 1 1 1023 1033 727 1308
142 4 2 1 1 641 1245 1244 1461
143 4 2 1 1 808 971 676 1086
144 4 2 1 1 688 850 1519 1794
145 4 2 1 1 912 873 1149 1776
146 4 2 1 1 381 525 883 1110
147 4 2 1 1 1624 733 1056 1162
148 4 2 1 1 667 950 861 1297
149 4 2 1 1 1089 1427 757 1255
150 4 2 1 1 958 1261 842 1546
151 4 2 1 1 708 1366 1154 1467
152 4 2 1 1 1177 1773 816 1696
153 4 2 1 1 1099 1352 1133 1374
154 4 2 1 1 894 1548 546 1130
155 4 2 1 1 136 928 849 1019
156 4 2 1 1 839 1044 780 1380
157 4 2 1 1 1846 795 1258 736
158 4 2 1 1 1338 1154 1734 1217
159 4 2 1 1 766 1142 970 1759
160 4 2 1 1 661 892 1150 1362
161 4 2 1 1 866 1176 1677 1748
162 4 2 1 1 870 1645 977 1665
163 4 2 1 1 734 1365 1210 1446
164 4 2 1 1 1024 1136 802 1297
165 4 2 1 1 837 1174 461 1301
166 4 2 1 1 8 348 1976 77
167 4 2 1 1 308 1078 719 1410
168 4 2 1 1 727 1097 1023 1308
169 4 2 1 1 641 1461 1244 1728
170 4 2 1 1 931 1112 755 1141
171 4 2 1 1 1953 563 1982 21
172 4 2 1 1 881 697 1079 1312
173 4 2 1 1 676 971 808 1295
174 4 2 1 1 870 1179 742 1289
175 4 2 1 1 682 1310 1174 1337
176 4 2 1 1 1945 349 313 59
177 4 2 1 1 290 893 665 817
178 4 2 1 1 1244 1510 1243 1511
179 4 2 1 1 563 21 3 1982
180 4 2 1 1 744 1012 1241 1533
181 4 2 1 1 766 1124 1616 1759
182 4 2 1 1 648 1044 780 1141
183 4 2 1 1 1953 563 806 1982
184 4 2 1 1 1056 1524 995 1624
185 4 2 1 1 865 1567 685 1679
186 4 2 1 1 149 1869 52 1917
187 4 2 1 1 1340 1126 1165 709
188 4 2 1 1 744 1261 958 1546
189 4 2 1 1 892 661 939 1362
190 4 2 1 1 915 873 661 1400
191 4 2 1 1 1177 1773 1696 671
192 4 2 1 1 788 1006 1065 1451
193 4 2 1 1 604 1154 835 1604
194 4 2 1 1 1464 861 950 1368
195 4 2 1 1 764 1191 1188 1713
196 4 2 1 1 1136 1297 1024 1375
197 4 2 1 1 1305 1144 520 1501
198 4 2 1 1 1953 806 563 1765
199 4 2 1 1 866 1284 1514 1748
200 4 2 1 1 613 813 1076 1830
201 4 2 1 1 1121 1111 844 1640
202 4 2 1 1 766 1095 970 1142
203 4 2 1 1 893 1783 290 665
204 4 2 1 1 685 865 1116 1567
205 4 2 1 1 906 1267 845 1842
206 4 2 1 1 813 1279 1021 613
207 4 2 1 1 908 1076 694 1551
208 4 2 1 1 715 807 1179 1594
209 4 2 1 1 1139 921 1419 730
210 4 2 1 1 132 88 112 878
211 4 2 1 1 605 1089 1070 1011
212 4 2 1 1 970 1142 680 1759
213 4 2 1 1 881 1312 1079 1674
214 4 2 1 1 866 1514 1176 1748
215 4 2 1 1 1160 1286 871 1621
216 4 2 1 1 65 1 594 1980
217 4 2 1 1 725 1070 1065 1089
218 4 2 1 1 651 1767 858 923
219 4 2 1 1 525 883 1110 1304
220 4 2 1 1 887 932 660 1727
221 4 2 1 1 1040 1260 738 1436
222 4 2 1 1 605 1065 881 1070
223 4 2 1 1 651 858 1124 923
224 4 2 1 1 511 558 565 1822
225 4 2 1 1 578 1981 1705 577
226 4 2 1 1 651 830 1102 1664
227 4 2 1 1 812 1118 928 1575
228 4 2 1 1 630 949 1737 1770
229 4 2 1 1 1081 840 718 1331
230 4 2 1 1 27 26 1941 93
231 4 2 1 1 1089 1427 1255 713
232 4 2 1 1 830 926 1289 644
233 4 2 1 1 1705 1981 578 1614
234 4 2 1 1 1353 1777 1123 903
235 4 2 1 1 803 698 1144 1567
236 4 2 1 1 911 1433 1073 1881
237 4 2 1 1 1267 1489 845 1842
238 4 2 1 1 850 688 1623 1794
239 4 2 1 1 659 1096 802 1297
240 4 2 1 1 1326 1467 855 1641
241 4 2 1 1 856 1115 705 1155
242 4 2 1 1 657 1160 1265 1621
243 4 2 1 1 812 1260 1150 1362
244 4 2 1 1 684 1422 1096 1557
245 4 2 1 1 511 1058 1143 1822
246 4 2 1 1 760 889 1456 1475
247 4 2 1 1 154 155 156 1415
248 4 2 1 1 394 1710 1388 1833
249 4 2 1 1 708 942 1338 1366
250 4 2 1 1 1179 1289 870 1468
251 4 2 1 1 1705 1981 844 577
252 4 2 1 1 970 1142 1095 1722
253 4 2 1 1 844 1981 1705 1614
254 4 2 1 1 1113 1227 658 1489
255 4 2 1 1 744 1241 1206 1533
256 4 2 1 1 755 931 930 630
257 4 2 1 1 829 1442 1060 1557
258 4 2 1 1 622 1046 1344 1043
259 4 2 1 1 738 1040 1436 1542
260 4 2 1 1 782 855 1277 1299
261 4 2 1 1 1139 921 730 1333
262 4 2 1 1 1960 65 594 1980
263 4 2 1 1 923 1135 651 1767
264 4 2 1 1 677 899 940 1667
265 4 2 1 1 1953 806 1765 1239
266 4 2 1 1 686 865 973 1384
267 4 2 1 1 715 1569 1262 1594
268 4 2 1 1 1960 1980 594 1067
269 4 2 1 1 776 684 1346 1208
270 4 2 1 1 712 1456 1105 1475
271 4 2 1 1 1522 964 890 1302
272 4 2 1 1 622 1333 1043 1344
273 4 2 1 1 650 888 900 1348
274 4 2 1 1 684 1034 1087 776
275 4 2 1 1 803 390 1110 1732
276 4 2 1 1 82 1956 1981 577
277 4 2 1 1 1981 577 1956 844
278 4 2 1 1 1579 1679 1144 865
279 4 2 1 1 1159 1032 895 1738
280 4 2 1 1 266 267 268 1126
281 4 2 1 1 733 1278 1162 1624
282 4 2 1 1 756 720 1127 1385
283 4 2 1 1 608 957 1431 1589
284 4 2 1 1 715 1289 1179 1657
285 4 2 1 1 373 1172 845 1399
286 4 2 1 1 1551 1076 1693 1004
287 4 2 1 1 1533 1265 744 1012
288 4 2 1 1 434 945 466 1122
289 4 2 1 1 687 1412 929 1535
290 4 2 1 1 1121 1235 842 1751
291 4 2 1 1 907 702 1137 689
292 4 2 1 1 802 1749 1572 1024
293 4 2 1 1 137 102 130 1054
294 4 2 1 1 1012 681 1393 1533
295 4 2 1 1 577 1981 82 83
296 4 2 1 1 1007 1029 998 1140
297 4 2 1 1 1292 1348 1350 868
298 4 2 1 1 802 1212 1749 1024
299 4 2 1 1 1961 846 1053 1633
300 4 2 1 1 896 847 1461 1244
301 4 2 1 1 1533 744 1265 1206
302 4 2 1 1 644 1299 1184 1374
303 4 2 1 1 1948 1088 1860 1807
304 4 2 1 1 624 814 982 1347
305 4 2 1 1 1081 718 1270 1505
306 4 2 1 1 840 994 1171 1508
307 4 2 1 1 656 1593 994 1242
308 4 2 1 1 923 651 1135 1694
309 4 2 1 1 1460 1602 876 1622
310 4 2 1 1 361 552 574 1597
311 4 2 1 1 661 915 1040 1835
312 4 2 1 1 345 719 1078 1476
313 4 2 1 1 1821 1178 1731 922
314 4 2 1 1 1929 303 1976 1894
315 4 2 1 1 659 802 1096 1719
316 4 2 1 1 656 869 1593 1242
317 4 2 1 1 1105 1456 889 1475
318 4 2 1 1 1048 1273 731 1351
319 4 2 1 1 1395 1363 1237 966
320 4 2 1 1 1641 1045 604 835
321 4 2 1 1 845 760 1507 1753
322 4 2 1 1 1168 1921 1169 960
323 4 2 1 1 1376 1602 1460 1622
324 4 2 1 1 645 1167 1197 1775
325 4 2 1 1 955 1164 750 1413
326 4 2 1 1 1929 303 47 1976
327 4 2 1 1 1354 1584 1361 450
328 4 2 1 1 1976 47 8 303
329 4 2 1 1 608 1436 957 1589
330 4 2 1 1 824 1120 969 1564
331 4 2 1 1 832 1195 1339 1523
332 4 2 1 1 1147 898 899 1617
333 4 2 1 1 1952 302 1971 22
334 4 2 1 1 615 977 1665 1736
335 4 2 1 1 753 1277 855 1299
336 4 2 1 1 302 22 4 1971
337 4 2 1 1 511 1058 1822 550
338 4 2 1 1 1624 1056 733 995
339 4 2 1 1 700 1133 1099 1352
340 4 2 1 1 1060 1442 852 1557
341 4 2 1 1 1551 1693 1076 694
342 4 2 1 1 870 1665 977 1736
343 4 2 1 1 1296 1508 916 656
344 4 2 1 1 646 990 936 1183
345 4 2 1 1 624 1284 814 1677
346 4 2 1 1 1035 630 930 1324
347 4 2 1 1 1264 1777 903 1603
348 4 2 1 1 927 1453 805 1710
349 4 2 1 1 1971 1974 302 1691
350 4 2 1 1 737 1274 935 1530
351 4 2 1 1 942 782 1366 1467
352 4 2 1 1 621 1413 955 1721
353 4 2 1 1 763 1489 1267 1842
354 4 2 1 1 72 1971 302 4
355 4 2 1 1 684 1346 1208 1557
356 4 2 1 1 233 1092 779 1236
357 4 2 1 1 767 1385 945 1640
358 4 2 1 1 1952 302 1691 1971
359 4 2 1 1 1938 5 40 553
360 4 2 1 1 40 1938 553 1434
361 4 2 1 1 1577 1494 1023 1815
362 4 2 1 1 728 1182 1180 1183
363 4 2 1 1 725 1370 1065 1451
364 4 2 1 1 816 888 1207 1576
365 4 2 1 1 624 1284 1677 1748
366 4 2 1 1 1264 1777 1603 445
367 4 2 1 1 770 1221 913 1790
368 4 2 1 1 921 1006 730 1333
369 4 2 1 1 635 1068 1315 1515
370 4 2 1 1 653 1023 1097 880
371 4 2 1 1 812 655 1118 1271
372 4 2 1 1 860 1079 724 1414
373 4 2 1 1 1379 1447 992 1750
374 4 2 1 1 887 660 932 1663
375 4 2 1 1 722 739 1233 889
376 4 2 1 1 675 1210 1685 1836
377 4 2 1 1 612 1359 1261 958
378 4 2 1 1 823 1035 1175 1324
379 4 2 1 1 1406 1461 969 1728
380 4 2 1 1 1434 1938 1860 1216
381 4 2 1 1 661 1040 1199 1835
382 4 2 1 1 708 1277 942 1467
383 4 2 1 1 942 1277 782 1467
384 4 2 1 1 910 1130 1037 721
385 4 2 1 1 609 1414 1214 1570
386 4 2 1 1 860 724 1079 1113
387 4 2 1 1 653 1097 1023 1741
388 4 2 1 1 671 933 1576 1251
389 4 2 1 1 1898 563 1970 806
390 4 2 1 1 1036 1270 1104 718
391 4 2 1 1 1258 1355 620 1550
392 4 2 1 1 775 1274 935 1615
393 4 2 1 1 768 1406 969 1728
394 4 2 1 1 213 1273 212 1396
395 4 2 1 1 649 990 936 1181
396 4 2 1 1 1126 1165 709 1412
397 4 2 1 1 638 994 1031 1409
398 4 2 1 1 1982 299 78 1970
399 4 2 1 1 884 812 655 1800
400 4 2 1 1 1873 1965 736 1423
401 4 2 1 1 860 1136 1079 1414
402 4 2 1 1 842 1215 958 1546
403 4 2 1 1 661 1260 1040 793
404 4 2 1 1 1071 1302 741 964
405 4 2 1 1 1000 1214 858 1522
406 4 2 1 1 675 1685 1170 1836
407 4 2 1 1 958 1215 744 1546
408 4 2 1 1 299 1970 1982 806
409 4 2 1 1 748 1096 1422 1442
410 4 2 1 1 850 688 1161 1623
411 4 2 1 1 1184 1299 782 1374
412 4 2 1 1 688 850 1093 1519
413 4 2 1 1 1972 34 1973 248
414 4 2 1 1 745 1099 1046 1793
415 4 2 1 1 1199 1260 812 1271
416 4 2 1 1 620 1010 1005 1084
417 4 2 1 1 1580 1624 1162 1747
418 4 2 1 1 890 1214 1000 1522
419 4 2 1 1 604 835 1154 1467
420 4 2 1 1 698 891 1501 1756
421 4 2 1 1 881 1065 697 1312
422 4 2 1 1 1008 183 1404 157
423 4 2 1 1 876 1178 1168 1731
424 4 2 1 1 1972 34 248 6
425 4 2 1 1 248 1973 1972 1529
426 4 2 1 1 169 752 162 1481
427 4 2 1 1 1939 1977 1074 247
428 4 2 1 1 9 2 1977 247
429 4 2 1 1 845 1753 1507 1855
430 4 2 1 1 534 1123 446 1777
431 4 2 1 1 1038 1114 625 927
432 4 2 1 1 802 1136 1024 1572
433 4 2 1 1 855 1299 762 1347
434 4 2 1 1 1043 1184 808 1454
435 4 2 1 1 600 872 1511 1586
436 4 2 1 1 1939 1977 247 9
437 4 2 1 1 1071 1302 964 632
438 4 2 1 1 1980 1 14 244
439 4 2 1 1 1592 747 1022 1559
440 4 2 1 1 1264 1777 445 446
441 4 2 1 1 607 1311 1321 1764
442 4 2 1 1 1950 1980 14 244
443 4 2 1 1 642 1107 1119 853
444 4 2 1 1 750 955 1413 1721
445 4 2 1 1 1950 1980 244 1067
446 4 2 1 1 513 445 1264 1603
447 4 2 1 1 1046 1099 745 1043
448 4 2 1 1 1821 1178 922 743
449 4 2 1 1 916 994 711 1242
450 4 2 1 1 1788 1030 648 1746
451 4 2 1 1 738 1040 1199 1260
452 4 2 1 1 1036 1270 718 1248
453 4 2 1 1 739 1233 1091 1120
454 4 2 1 1 842 1751 929 1886
455 4 2 1 1 782 1454 1184 1043
456 4 2 1 1 775 1274 1228 1530
457 4 2 1 1 794 1041 1220 941
458 4 2 1 1 1586 1937 600 1953
459 4 2 1 1 968 1978 817 1561
460 4 2 1 1 780 1011 998 1380
461 4 2 1 1 635 1068 1080 1315
462 4 2 1 1 984 377 979 1707
463 4 2 1 1 837 461 1174 1518
464 4 2 1 1 824 1091 1233 1120
465 4 2 1 1 1348 1350 868 1544
466 4 2 1 1 1031 1409 994 1593
467 4 2 1 1 605 1070 1211 1011
468 4 2 1 1 394 393 1388 1710
469 4 2 1 1 710 274 893 1553
470 4 2 1 1 711 994 916 1508
471 4 2 1 1 787 1285 1560 1032
472 4 2 1 1 1091 1233 739 1678
473 4 2 1 1 1948 1088 1807 976
474 4 2 1 1 803 390 1732 1501
475 4 2 1 1 1369 1604 1045 835
476 4 2 1 1 1821 1178 743 876
477 4 2 1 1 946 1783 893 1852
478 4 2 1 1 179 175 160 1314
479 4 2 1 1 976 1948 585 1969
480 4 2 1 1 702 1339 1195 1523
481 4 2 1 1 760 845 1399 1753
482 4 2 1 1 656 1408 869 1242
483 4 2 1 1 534 506 446 1123
484 4 2 1 1 1641 604 1045 1326
485 4 2 1 1 659 802 1136 1297
486 4 2 1 1 795 1258 1016 1550
487 4 2 1 1 1065 1312 881 1674
488 4 2 1 1 781 1158 242 1651
489 4 2 1 1 1865 860 1227 1024
490 4 2 1 1 1117 1278 208 1807
491 4 2 1 1 785 780 1044 1879
492 4 2 1 1 1024 1136 860 1572
493 4 2 1 1 1315 1431 957 1589
494 4 2 1 1 768 1738 1799 1801
495 4 2 1 1 319 678 1078 1219
496 4 2 1 1 42 1949 1947 583
497 4 2 1 1 1942 332 1979 54
498 4 2 1 1 1388 1710 805 1833
499 4 2 1 1 606 1060 852 1557
500 4 2 1 1 1061 1296 917 1720
501 4 2 1 1 263 264 262 1832
502 4 2 1 1 755 1112 1117 1724
503 4 2 1 1 307 1246 736 1423
504 4 2 1 1 432 1556 514 1679
505 4 2 1 1 561 891 1130 1361
506 4 2 1 1 988 1372 683 1635
507 4 2 1 1 984 979 377 1172
508 4 2 1 1 811 1271 1199 1575
509 4 2 1 1 606 916 1206 1720
510 4 2 1 1 729 1192 1355 1554
511 4 2 1 1 1603 502 836 1161
512 4 2 1 1 853 1334 1373 1566
513 4 2 1 1 106 123 140 1282
514 4 2 1 1 674 1268 1027 919
515 4 2 1 1 1507 1753 897 1855
516 4 2 1 1 1848 1793 1046 1099
517 4 2 1 1 727 1443 1308 1542
518 4 2 1 1 1132 1703 1106 1825
519 4 2 1 1 382 1049 883 1304
520 4 2 1 1 865 1556 1411 1579
521 4 2 1 1 309 1979 1927 1026
522 4 2 1 1 309 1979 1026 332
523 4 2 1 1 908 694 1225 1551
524 4 2 1 1 889 760 1456 1882
525 4 2 1 1 1588 919 692 1198
526 4 2 1 1 1286 1296 871 1875
527 4 2 1 1 609 822 1194 1538
528 4 2 1 1 1368 1786 1394 1114
529 4 2 1 1 377 979 376 1172
530 4 2 1 1 54 55 332 1979
531 4 2 1 1 1099 782 1352 1374
532 4 2 1 1 1127 1519 850 1794
533 4 2 1 1 651 1102 970 1664
534 4 2 1 1 1685 1210 1606 875
535 4 2 1 1 1330 1850 1671 937
536 4 2 1 1 1942 332 1660 1979
537 4 2 1 1 613 1076 1004 1255
538 4 2 1 1 829 1096 1266 1442
539 4 2 1 1 245 771 1092 1452
540 4 2 1 1 659 1136 802 1719
541 4 2 1 1 1556 1679 1579 865
542 4 2 1 1 1557 1096 1346 829
543 4 2 1 1 660 887 1009 1663
544 4 2 1 1 284 285 263 1235
545 4 2 1 1 698 803 1144 1501
546 4 2 1 1 887 1009 802 1528
547 4 2 1 1 773 1378 1042 1636
548 4 2 1 1 332 1979 1026 1660
549 4 2 1 1 84 1959 574 1958
550 4 2 1 1 773 1037 1378 1636
551 4 2 1 1 685 1574 1202 1679
552 4 2 1 1 671 888 900 1177
553 4 2 1 1 831 1225 1432 1637
554 4 2 1 1 1174 1440 714 837
555 4 2 1 1 725 1131 1070 1255
556 4 2 1 1 1292 1350 1348 731
557 4 2 1 1 643 1115 856 1155
558 4 2 1 1 1225 1551 694 1693
559 4 2 1 1 985 1385 1111 756
560 4 2 1 1 788 1065 924 1370
561 4 2 1 1 791 971 922 1021
562 4 2 1 1 1958 1959 574 1869
563 4 2 1 1 1368 1786 1114 1698
564 4 2 1 1 865 1116 973 1384
565 4 2 1 1 1865 860 1024 1375
566 4 2 1 1 84 1959 1958 301
567 4 2 1 1 1940 255 1978 817
568 4 2 1 1 1070 1131 1004 1255
569 4 2 1 1 1940 255 24 1978
570 4 2 1 1 1228 1274 737 1530
571 4 2 1 1 1084 1190 753 1473
572 4 2 1 1 1004 1255 1076 1427
573 4 2 1 1 635 1515 1001 1608
574 4 2 1 1 608 884 957 1436
575 4 2 1 1 1506 1249 618 956
576 4 2 1 1 1237 1363 854 966
577 4 2 1 1 698 1501 1305 1756
578 4 2 1 1 336 795 736 1246
579 4 2 1 1 688 1093 850 1161
580 4 2 1 1 796 1227 1113 1489
581 4 2 1 1 1792 1327 801 626
582 4 2 1 1 609 860 1342 1414
583 4 2 1 1 1131 1255 725 1578
584 4 2 1 1 381 1110 883 1398
585 4 2 1 1 753 1247 855 1277
586 4 2 1 1 140 88 126 1754
587 4 2 1 1 439 445 446 1264
588 4 2 1 1 750 1164 1157 1413
589 4 2 1 1 513 1264 1161 1603
590 4 2 1 1 602 1779 491 1780
591 4 2 1 1 1926 1978 25 255
592 4 2 1 1 759 1336 1115 1492
593 4 2 1 1 1848 1793 1099 1602
594 4 2 1 1 1353 1777 903 1264
595 4 2 1 1 1102 830 1333 1664
596 4 2 1 1 1035 765 930 1407
597 4 2 1 1 830 1289 879 644
598 4 2 1 1 378 979 1424 1388
599 4 2 1 1 1036 1270 1248 178
600 4 2 1 1 842 1816 1546 1886
601 4 2 1 1 1148 1555 772 1628
602 4 2 1 1 1047 1662 804 948
603 4 2 1 1 811 1199 1150 1575
604 4 2 1 1 24 25 1978 255
605 4 2 1 1 968 1978 1561 1926
606 4 2 1 1 627 985 841 1309
607 4 2 1 1 801 626 1327 1062
608 4 2 1 1 1353 1777 1264 446
609 4 2 1 1 1036 1270 178 1104
610 4 2 1 1 861 1297 950 1543
611 4 2 1 1 368 367 369 966
612 4 2 1 1 968 1978 1926 255
613 4 2 1 1 1285 1159 1032 1581
614 4 2 1 1 684 1087 1208 776
615 4 2 1 1 1021 813 994 711
616 4 2 1 1 1943 1322 983 704
617 4 2 1 1 757 1447 1379 1750
618 4 2 1 1 1575 812 1199 1150
619 4 2 1 1 1720 1323 606 916
620 4 2 1 1 319 678 1219 1306
621 4 2 1 1 1929 280 1924 48
622 4 2 1 1 49 48 1924 280
623 4 2 1 1 1570 1719 774 1320
624 4 2 1 1 378 1424 392 1388
625 4 2 1 1 1624 1747 1580 1787
626 4 2 1 1 687 929 1412 1695
627 4 2 1 1 1206 1720 916 1875
628 4 2 1 1 780 1141 839 1181
629 4 2 1 1 1929 280 1248 1924
630 4 2 1 1 807 1179 870 1468
631 4 2 1 1 965 1116 698 1567
632 4 2 1 1 651 1124 858 1193
633 4 2 1 1 1368 1786 765 1394
634 4 2 1 1 912 1204 873 1601
635 4 2 1 1 638 1031 994 1405
636 4 2 1 1 646 1140 1029 799
637 4 2 1 1 1625 1731 1226 922
638 4 2 1 1 780 839 1380 1181
639 4 2 1 1 525 382 381 883
640 4 2 1 1 1243 1765 1354 1803
641 4 2 1 1 1016 1258 620 1550
642 4 2 1 1 787 1080 1068 1315
643 4 2 1 1 832 1339 1071 1523
644 4 2 1 1 1748 1677 1896 1176
645 4 2 1 1 1945 349 1977 1074
646 4 2 1 1 1749 667 1075 1024
647 4 2 1 1 1945 349 59 1977
648 4 2 1 1 1102 1333 830 1694
649 4 2 1 1 916 1508 994 656
650 4 2 1 1 791 613 971 1021
651 4 2 1 1 701 1251 1237 1363
652 4 2 1 1 758 1681 863 1795
653 4 2 1 1 1727 609 1194 1000
654 4 2 1 1 661 915 1400 793
655 4 2 1 1 631 1111 1385 756
656 4 2 1 1 1023 1097 727 1741
657 4 2 1 1 633 875 989 1166
658 4 2 1 1 976 1948 1969 201
659 4 2 1 1 1089 1427 713 998
660 4 2 1 1 679 1465 1187 1920
661 4 2 1 1 621 1587 1413 1721
662 4 2 1 1 671 900 888 1158
663 4 2 1 1 618 810 1150 811
664 4 2 1 1 609 1342 822 1538
665 4 2 1 1 782 855 1299 1184
666 4 2 1 1 873 1369 1343 1706
667 4 2 1 1 969 768 895 1494
668 4 2 1 1 525 382 883 1304
669 4 2 1 1 1785 174 154 152
670 4 2 1 1 809 1353 667 1838
671 4 2 1 1 957 1231 1080 1315
672 4 2 1 1 832 1339 1195 793
673 4 2 1 1 958 612 1359 1814
674 4 2 1 1 1328 1369 835 1420
675 4 2 1 1 1508 1171 1138 1253
676 4 2 1 1 724 1113 860 1342
677 4 2 1 1 842 1235 1121 1816
678 4 2 1 1 1432 716 1784 1859
679 4 2 1 1 1977 59 2 349
680 4 2 1 1 725 1089 1065 1370
681 4 2 1 1 794 1220 1000 941
682 4 2 1 1 1330 1671 1850 623
683 4 2 1 1 780 648 1030 647
684 4 2 1 1 609 1136 860 1414
685 4 2 1 1 835 708 1154 1467
686 4 2 1 1 1575 1199 812 1271
687 4 2 1 1 1733 1174 1649 1518
688 4 2 1 1 1447 1492 813 1379
689 4 2 1 1 621 1164 955 1413
690 4 2 1 1 682 995 1440 1733
691 4 2 1 1 855 762 1299 1184
692 4 2 1 1 648 930 755 931
693 4 2 1 1 1854 1278 733 1911
694 4 2 1 1 667 1833 1075 1527
695 4 2 1 1 1576 1580 933 888
696 4 2 1 1 511 1058 550 1810
697 4 2 1 1 862 997 726 1392
698 4 2 1 1 1935 348 1976 58
699 4 2 1 1 58 8 348 1976
700 4 2 1 1 1959 187 46 1869
701 4 2 1 1 785 1044 930 1407
702 4 2 1 1 1013 1202 685 1574
703 4 2 1 1 642 1119 1107 1360
704 4 2 1 1 921 1006 1333 1897
705 4 2 1 1 680 1333 1139 1664
706 4 2 1 1 667 1833 1527 1123
707 4 2 1 1 793 1315 957 1589
708 4 2 1 1 949 1303 633 1770
709 4 2 1 1 1285 1159 1581 944
710 4 2 1 1 879 1064 762 1347
711 4 2 1 1 1834 739 1173 722
712 4 2 1 1 1647 1648 968 749
713 4 2 1 1 793 957 1436 1589
714 4 2 1 1 624 982 814 1284
715 4 2 1 1 1023 1033 1308 608
716 4 2 1 1 774 1570 1136 1719
717 4 2 1 1 842 1261 958 612
718 4 2 1 1 901 1067 639 1590
719 4 2 1 1 970 680 1142 1722
720 4 2 1 1 837 1301 461 1739
721 4 2 1 1 992 1379 705 1492
722 4 2 1 1 222 202 244 1067
723 4 2 1 1 1576 1580 888 1207
724 4 2 1 1 499 1130 546 1584
725 4 2 1 1 609 1000 887 1490
726 4 2 1 1 701 1056 967 1238
727 4 2 1 1 997 1392 1331 1683
728 4 2 1 1 785 930 1052 1592
729 4 2 1 1 792 634 1285 1497
730 4 2 1 1 813 1021 994 1492
731 4 2 1 1 676 808 1086 1916
732 4 2 1 1 706 1045 915 1298
733 4 2 1 1 823 1175 1038 1324
734 4 2 1 1 997 726 996 1658
735 4 2 1 1 1625 1326 1295 904
736 4 2 1 1 1369 1604 835 1268
737 4 2 1 1 870 742 1179 1676
738 4 2 1 1 1935 348 1894 1976
739 4 2 1 1 992 743 1447 1492
740 4 2 1 1 812 1271 1260 884
741 4 2 1 1 967 1056 701 1439
742 4 2 1 1 1873 1965 1423 231
743 4 2 1 1 1625 1731 604 1226
744 4 2 1 1 883 1049 382 1424
745 4 2 1 1 1076 1255 613 1830
746 4 2 1 1 1528 1327 1062 828
747 4 2 1 1 1782 979 984 1172
748 4 2 1 1 1192 1459 942 1662
749 4 2 1 1 307 336 736 1246
750 4 2 1 1 320 938 795 1850
751 4 2 1 1 204 1975 1939 10
752 4 2 1 1 1799 608 1032 895
753 4 2 1 1 1083 1564 913 1157
754 4 2 1 1 745 1469 875 1344
755 4 2 1 1 770 913 1221 1430
756 4 2 1 1 1975 11 10 228
757 4 2 1 1 735 630 949 1624
758 4 2 1 1 722 1037 910 1130
759 4 2 1 1 1625 1326 904 1045
760 4 2 1 1 1528 1062 1327 626
761 4 2 1 1 1245 1510 1244 1630
762 4 2 1 1 618 1150 810 1249
763 4 2 1 1 661 1203 939 1231
764 4 2 1 1 1975 11 228 1754
765 4 2 1 1 995 823 630 1624
766 4 2 1 1 1196 1607 1179 1758
767 4 2 1 1 717 974 1401 925
768 4 2 1 1 1353 1123 446 506
769 4 2 1 1 995 823 1624 1524
770 4 2 1 1 973 865 1708 1825
771 4 2 1 1 1353 1777 446 1123
772 4 2 1 1 514 1556 1202 1679
773 4 2 1 1 774 1079 1136 1414
774 4 2 1 1 628 750 1091 1090
775 4 2 1 1 721 910 1130 1584
776 4 2 1 1 1002 1574 685 1679
777 4 2 1 1 1124 724 1342 1616
778 4 2 1 1 698 1144 1305 1501
779 4 2 1 1 1522 964 1302 632
780 4 2 1 1 684 1087 1034 1551
781 4 2 1 1 635 1080 1231 1315
782 4 2 1 1 204 1975 10 228
783 4 2 1 1 661 1199 1040 1260
784 4 2 1 1 891 698 1132 1756
785 4 2 1 1 656 1296 1286 1875
786 4 2 1 1 1090 1228 775 1274
787 4 2 1 1 1975 1754 228 1881
788 4 2 1 1 736 1016 795 1258
789 4 2 1 1 708 902 835 1789
790 4 2 1 1 378 376 377 979
791 4 2 1 1 241 1975 1881 1074
792 4 2 1 1 73 339 1410 1974
793 4 2 1 1 1098 1023 1741 1164
794 4 2 1 1 717 1401 1316 925
795 4 2 1 1 1071 1339 832 793
796 4 2 1 1 745 1099 1133 1374
797 4 2 1 1 1650 608 1799 895
798 4 2 1 1 637 1142 954 1773
799 4 2 1 1 637 1615 1142 1773
800 4 2 1 1 1970 299 78 277
801 4 2 1 1 1927 55 56 141
802 4 2 1 1 909 1261 842 1294
803 4 2 1 1 706 1040 915 1835
804 4 2 1 1 732 900 888 1348
805 4 2 1 1 642 1360 1028 1656
806 4 2 1 1 1244 1245 847 1461
807 4 2 1 1 696 1370 1360 1391
808 4 2 1 1 1005 948 1129 673
809 4 2 1 1 936 1018 649 1181
810 4 2 1 1 750 1164 955 1631
811 4 2 1 1 73 72 339 1974
812 4 2 1 1 812 1260 1802 884
813 4 2 1 1 1061 1393 681 1533
814 4 2 1 1 699 1572 1749 1024
815 4 2 1 1 630 1303 949 1770
816 4 2 1 1 778 1571 1455 1590
817 4 2 1 1 1287 1616 724 1759
818 4 2 1 1 645 999 877 1465
819 4 2 1 1 722 739 1173 1861
820 4 2 1 1 830 879 1289 1664
821 4 2 1 1 1264 1623 513 1161
822 4 2 1 1 812 1802 1800 884
823 4 2 1 1 802 1528 1009 1725
824 4 2 1 1 1023 1033 608 974
825 4 2 1 1 859 1143 1058 1822
826 4 2 1 1 1953 872 1765 600
827 4 2 1 1 1682 1670 1020 902
828 4 2 1 1 784 1273 1048 1426
829 4 2 1 1 1821 1178 876 1731
830 4 2 1 1 479 1106 1305 1322
831 4 2 1 1 780 998 647 1029
832 4 2 1 1 745 1374 926 1043
833 4 2 1 1 985 1012 681 1393
834 4 2 1 1 1228 1274 1090 1675
835 4 2 1 1 628 1091 750 1157
836 4 2 1 1 974 1033 941 690
837 4 2 1 1 659 1057 1096 1297
838 4 2 1 1 1974 350 72 339
839 4 2 1 1 604 1226 1045 1625
840 4 2 1 1 848 1096 1057 1297
841 4 2 1 1 1262 1594 825 1735
842 4 2 1 1 725 1360 1089 1370
843 4 2 1 1 852 1371 1242 791
844 4 2 1 1 1974 339 1410 1691
845 4 2 1 1 706 1290 1199 1328
846 4 2 1 1 1871 237 1973 35
847 4 2 1 1 1387 1342 1616 822
848 4 2 1 1 237 35 34 1973
849 4 2 1 1 1393 681 1573 1061
850 4 2 1 1 1064 1347 879 1896
851 4 2 1 1 816 1207 888 1491
852 4 2 1 1 916 711 1323 1666
853 4 2 1 1 1157 1164 824 1413
854 4 2 1 1 751 1054 961 628
855 4 2 1 1 992 1101 743 1492
856 4 2 1 1 1210 1272 875 1685
857 4 2 1 1 774 1079 1312 1674
858 4 2 1 1 1174 1440 837 1733
859 4 2 1 1 103 124 99 1313
860 4 2 1 1 705 1008 856 1332
861 4 2 1 1 1973 34 237 248
862 4 2 1 1 233 1452 1092 1236
863 4 2 1 1 1387 1616 1342 658
864 4 2 1 1 999 1179 877 1758
865 4 2 1 1 665 1648 834 1783
866 4 2 1 1 742 1179 999 1758
867 4 2 1 1 808 1135 676 1295
868 4 2 1 1 822 1342 932 1387
869 4 2 1 1 852 711 1242 1666
870 4 2 1 1 248 237 1973 1529
871 4 2 1 1 1707 1483 979 1387
872 4 2 1 1 676 1135 808 1916
873 4 2 1 1 1751 1384 686 973
874 4 2 1 1 816 888 1177 1491
875 4 2 1 1 772 1485 1429 1712
876 4 2 1 1 812 928 1512 1575
877 4 2 1 1 513 445 438 1264
878 4 2 1 1 791 1371 1242 1552
879 4 2 1 1 634 1250 792 1285
880 4 2 1 1 427 910 1243 1584
881 4 2 1 1 794 1041 941 1316
882 4 2 1 1 748 1266 1096 1442
883 4 2 1 1 709 1269 909 1892
884 4 2 1 1 447 1603 1223 1777
885 4 2 1 1 676 1086 971 1320
886 4 2 1 1 731 1048 784 1273
887 4 2 1 1 1264 1353 446 439
888 4 2 1 1 852 1323 711 1666
889 4 2 1 1 1180 1181 1391 1018
890 4 2 1 1 1237 1251 854 1363
891 4 2 1 1 1092 1452 233 245
892 4 2 1 1 866 1418 1176 1514
893 4 2 1 1 636 960 1169 1761
894 4 2 1 1 713 831 1229 1693
895 4 2 1 1 1368 1786 1698 765
896 4 2 1 1 1973 1529 237 1871
897 4 2 1 1 708 835 1154 1789
898 4 2 1 1 1147 899 898 678
899 4 2 1 1 351 64 6 1972
900 4 2 1 1 756 720 1003 1127
901 4 2 1 1 610 1576 933 701
902 4 2 1 1 961 1455 1590 1050
903 4 2 1 1 433 1144 1579 406
904 4 2 1 1 1127 1385 985 756
905 4 2 1 1 320 795 1219 1850
906 4 2 1 1 1237 1781 854 1699
907 4 2 1 1 427 1243 910 1510
908 4 2 1 1 1557 1346 1096 684
909 4 2 1 1 1930 1972 64 351
910 4 2 1 1 1930 1972 351 1529
911 4 2 1 1 848 684 1096 1346
912 4 2 1 1 750 1157 1164 1631
913 4 2 1 1 989 675 1391 1446
914 4 2 1 1 11 12 200 1944
915 4 2 1 1 200 11 1944 1754
916 4 2 1 1 762 1184 855 1326
917 4 2 1 1 818 1340 1137 1444
918 4 2 1 1 253 704 1257 1437
919 4 2 1 1 531 984 377 1399
920 4 2 1 1 633 989 875 1532
921 4 2 1 1 645 1646 1775 1872
922 4 2 1 1 666 887 1266 1528
923 4 2 1 1 465 555 461 1518
924 4 2 1 1 713 831 1693 1004
925 4 2 1 1 711 994 1171 813
926 4 2 1 1 889 1456 1105 1882
927 4 2 1 1 607 1349 970 1196
928 4 2 1 1 855 762 1326 1347
929 4 2 1 1 1468 1289 870 1665
930 4 2 1 1 871 1296 1286 1536
931 4 2 1 1 715 807 1594 1262
932 4 2 1 1 1948 1088 976 585
933 4 2 1 1 979 1227 658 1483
934 4 2 1 1 1707 1483 1387 883
935 4 2 1 1 622 1043 1333 1694
936 4 2 1 1 625 860 1079 1113
937 4 2 1 1 784 1632 1273 838
938 4 2 1 1 873 915 1369 1706
939 4 2 1 1 1551 1057 831 1034
940 4 2 1 1 793 957 1231 1260
941 4 2 1 1 394 393 392 1388
942 4 2 1 1 1172 1520 845 1634
943 4 2 1 1 1944 88 12 132
944 4 2 1 1 92 1390 1962 1691
945 4 2 1 1 1141 649 991 1112
946 4 2 1 1 865 685 1202 1679
947 4 2 1 1 674 1343 1369 1706
948 4 2 1 1 1626 1944 878 1754
949 4 2 1 1 745 1046 1119 1793
950 4 2 1 1 816 1576 954 1773
951 4 2 1 1 870 1179 807 1197
952 4 2 1 1 92 1962 1923 1691
953 4 2 1 1 1551 1057 1034 684
954 4 2 1 1 1626 1944 1754 200
955 4 2 1 1 571 485 357 1823
956 4 2 1 1 531 377 375 1399
957 4 2 1 1 1685 1606 1210 675
958 4 2 1 1 1291 1109 151 1521
959 4 2 1 1 939 661 1231 1826
960 4 2 1 1 1971 33 4 350
961 4 2 1 1 619 1262 825 1735
962 4 2 1 1 313 1968 349 1074
963 4 2 1 1 1971 1923 33 350
964 4 2 1 1 1005 948 804 1662
965 4 2 1 1 653 1494 1023 880
966 4 2 1 1 727 1097 1308 1443
967 4 2 1 1 732 933 888 1158
968 4 2 1 1 788 1360 1370 1391
969 4 2 1 1 347 1423 779 1246
970 4 2 1 1 1290 1328 982 1884
971 4 2 1 1 1971 1923 350 1691
972 4 2 1 1 267 287 271 1783
973 4 2 1 1 1139 921 1333 680
974 4 2 1 1 82 1956 256 1981
975 4 2 1 1 1070 1131 725 1742
976 4 2 1 1 605 1065 1089 1370
977 4 2 1 1 496 1477 1069 1612
978 4 2 1 1 1090 1274 775 1764
979 4 2 1 1 1179 1196 715 1607
980 4 2 1 1 630 931 930 1545
981 4 2 1 1 609 860 1136 1572
982 4 2 1 1 1159 1244 896 1728
983 4 2 1 1 1592 747 1559 1211
984 4 2 1 1 256 1981 1956 844
985 4 2 1 1 642 1046 1360 1656
986 4 2 1 1 737 935 1274 1499
987 4 2 1 1 1023 1098 773 1661
988 4 2 1 1 680 1102 921 1333
989 4 2 1 1 95 96 1585 1586
990 4 2 1 1 520 1305 1501 1756
991 4 2 1 1 896 1244 872 1511
992 4 2 1 1 826 101 867 1372
993 4 2 1 1 745 1133 1099 1170
994 4 2 1 1 700 1099 1133 1170
995 4 2 1 1 724 1342 860 1414
996 4 2 1 1 1264 513 1623 438
997 4 2 1 1 1956 844 577 1435
998 4 2 1 1 71 5 1938 553
999 4 2 1 1 1139 921 680 1419
1000 4 2 1 1 1093 1234 1191 1519
1001 4 2 1 1 934 276 278 1495
1002 4 2 1 1 695 1280 1222 1507
1003 4 2 1 1 1707 1483 883 1424
1004 4 2 1 1 347 1423 1246 307
1005 4 2 1 1 763 1524 1337 1842
1006 4 2 1 1 1274 1764 1090 1849
1007 4 2 1 1 770 1430 1221 1744
1008 4 2 1 1 835 1369 1268 1420
1009 4 2 1 1 667 1212 809 1838
1010 4 2 1 1 1115 643 1319 1709
1011 4 2 1 1 1059 1383 726 1795
1012 4 2 1 1 802 1297 1096 1725
1013 4 2 1 1 1244 1461 896 1728
1014 4 2 1 1 622 1046 1043 1916
1015 4 2 1 1 553 1938 71 1860
1016 4 2 1 1 749 787 1068 1868
1017 4 2 1 1 1178 1226 922 1516
1018 4 2 1 1 957 1260 793 1436
1019 4 2 1 1 1434 1860 1938 553
1020 4 2 1 1 260 1869 986 1917
1021 4 2 1 1 1898 1970 563 489
1022 4 2 1 1 489 1970 78 79
1023 4 2 1 1 1016 1642 804 1236
1024 4 2 1 1 1038 1440 682 1524
1025 4 2 1 1 390 1110 384 1716
1026 4 2 1 1 1199 1290 1271 1884
1027 4 2 1 1 867 1066 101 1503
1028 4 2 1 1 764 1093 836 1627
1029 4 2 1 1 1236 1423 233 1452
1030 4 2 1 1 715 879 1176 1196
1031 4 2 1 1 1844 1759 1102 1124
1032 4 2 1 1 610 954 1207 1576
1033 4 2 1 1 775 1321 1311 1764
1034 4 2 1 1 999 978 1488 1563
1035 4 2 1 1 1300 1319 918 1643
1036 4 2 1 1 1068 787 749 1080
1037 4 2 1 1 638 1178 922 1516
1038 4 2 1 1 1970 78 563 489
1039 4 2 1 1 929 1257 687 1751
1040 4 2 1 1 693 899 993 1441
1041 4 2 1 1 1965 197 1925 1423
1042 4 2 1 1 1524 763 975 1755
1043 4 2 1 1 1086 971 1320 1578
1044 4 2 1 1 858 1214 1000 1538
1045 4 2 1 1 1354 1584 450 1243
1046 4 2 1 1 1749 667 1024 1212
1047 4 2 1 1 627 850 1127 1519
1048 4 2 1 1 390 1716 522 894
1049 4 2 1 1 1204 1852 1783 946
1050 4 2 1 1 756 720 1385 1062
1051 4 2 1 1 1970 1943 79 489
1052 4 2 1 1 607 1321 1095 1764
1053 4 2 1 1 1970 1943 489 983
1054 4 2 1 1 1508 1323 1253 917
1055 4 2 1 1 802 1024 1297 1212
1056 4 2 1 1 101 1066 867 1372
1057 4 2 1 1 1576 1580 1207 610
1058 4 2 1 1 875 1344 1469 1532
1059 4 2 1 1 779 1092 227 1529
1060 4 2 1 1 1522 1000 1220 1498
1061 4 2 1 1 929 1257 1695 687
1062 4 2 1 1 1341 966 1781 1870
1063 4 2 1 1 940 1147 899 1617
1064 4 2 1 1 713 1070 1004 1255
1065 4 2 1 1 743 971 922 1821
1066 4 2 1 1 1013 1202 411 1700
1067 4 2 1 1 780 647 998 1011
1068 4 2 1 1 1853 903 691 1223
1069 4 2 1 1 1466 1563 778 1571
1070 4 2 1 1 738 1260 1199 1271
1071 4 2 1 1 755 1044 648 1141
1072 4 2 1 1 373 375 1172 1399
1073 4 2 1 1 754 783 1020 1908
1074 4 2 1 1 489 1970 983 1898
1075 4 2 1 1 1936 45 46 361
1076 4 2 1 1 1003 1519 1127 1794
1077 4 2 1 1 822 1387 1201 1616
1078 4 2 1 1 1191 1034 611 1549
1079 4 2 1 1 574 1936 1869 46
1080 4 2 1 1 574 1936 46 361
1081 4 2 1 1 389 1548 894 1716
1082 4 2 1 1 988 1389 849 1635
1083 4 2 1 1 1182 1379 992 1750
1084 4 2 1 1 1004 713 1255 1427
1085 4 2 1 1 737 1274 1143 1820
1086 4 2 1 1 877 1488 999 1758
1087 4 2 1 1 1023 1164 1098 1661
1088 4 2 1 1 1316 1401 965 925
1089 4 2 1 1 999 1488 978 1758
1090 4 2 1 1 873 912 662 1204
1091 4 2 1 1 1597 1936 575 1146
1092 4 2 1 1 763 1017 954 1740
1093 4 2 1 1 600 20 1953 1937
1094 4 2 1 1 957 1315 787 1431
1095 4 2 1 1 1135 1841 1916 676
1096 4 2 1 1 1168 1921 707 1169
1097 4 2 1 1 711 1279 1021 813
1098 4 2 1 1 950 1297 1458 1805
1099 4 2 1 1 100 826 867 654
1100 4 2 1 1 922 971 743 1021
1101 4 2 1 1 708 1247 1467 835
1102 4 2 1 1 862 1658 863 1795
1103 4 2 1 1 1037 1636 773 1766
1104 4 2 1 1 776 1191 1034 1234
1105 4 2 1 1 1413 1587 972 1721
1106 4 2 1 1 630 1324 823 1440
1107 4 2 1 1 1464 861 1368 1527
1108 4 2 1 1 1308 1436 1033 1542
1109 4 2 1 1 693 899 1441 1591
1110 4 2 1 1 1788 1030 1746 168
1111 4 2 1 1 922 971 791 1895
1112 4 2 1 1 1354 1584 1243 721
1113 4 2 1 1 1080 1231 957 1826
1114 4 2 1 1 1846 1629 789 1259
1115 4 2 1 1 879 715 1677 1657
1116 4 2 1 1 700 948 1133 1662
1117 4 2 1 1 823 1440 1038 1524
1118 4 2 1 1 1928 345 798 719
1119 4 2 1 1 308 1078 1410 328
1120 4 2 1 1 646 990 1183 1314
1121 4 2 1 1 94 1937 1586 1953
1122 4 2 1 1 995 733 1278 1911
1123 4 2 1 1 297 704 934 1257
1124 4 2 1 1 1037 1581 1618 721
1125 4 2 1 1 865 1144 1567 1679
1126 4 2 1 1 760 1201 984 1782
1127 4 2 1 1 1953 872 600 1586
1128 4 2 1 1 1464 861 1527 667
1129 4 2 1 1 394 1388 455 1075
1130 4 2 1 1 499 1130 1584 1361
1131 4 2 1 1 872 664 944 1159
1132 4 2 1 1 651 1193 858 1329
1133 4 2 1 1 1045 1326 706 1641
1134 4 2 1 1 856 1115 643 1319
1135 4 2 1 1 832 661 1231 1203
1136 4 2 1 1 660 1513 883 1812
1137 4 2 1 1 738 1290 1040 1542
1138 4 2 1 1 1062 1814 828 1905
1139 4 2 1 1 1945 247 59 238
1140 4 2 1 1 1051 1052 930 1592
1141 4 2 1 1 1947 1949 42 142
1142 4 2 1 1 929 1160 1832 843
1143 4 2 1 1 1068 787 1315 1515
1144 4 2 1 1 606 852 1060 1666
1145 4 2 1 1 345 719 1476 798
1146 4 2 1 1 688 1519 1003 1794
1147 4 2 1 1 664 872 896 1159
1148 4 2 1 1 636 960 1168 1169
1149 4 2 1 1 1349 1500 970 1196
1150 4 2 1 1 760 845 1085 1782
1151 4 2 1 1 1947 1949 947 583
1152 4 2 1 1 1037 1581 721 1232
1153 4 2 1 1 1140 1180 757 1182
1154 4 2 1 1 865 973 1116 1825
1155 4 2 1 1 1035 630 823 1737
1156 4 2 1 1 667 1024 861 1527
1157 4 2 1 1 839 696 1370 1380
1158 4 2 1 1 583 947 1947 1811
1159 4 2 1 1 1057 831 1364 1004
1160 4 2 1 1 738 1199 1040 1290
1161 4 2 1 1 773 1636 1611 1766
1162 4 2 1 1 680 1017 921 1102
1163 4 2 1 1 728 1180 936 1183
1164 4 2 1 1 992 993 705 1182
1165 4 2 1 1 1024 860 1136 1375
1166 4 2 1 1 609 1136 1414 1570
1167 4 2 1 1 756 720 1062 1003
1168 4 2 1 1 1733 1174 1518 837
1169 4 2 1 1 313 1968 1074 1846
1170 4 2 1 1 1317 1346 1003 1549
1171 4 2 1 1 939 1362 661 1826
1172 4 2 1 1 765 1368 1394 1592
1173 4 2 1 1 713 1089 1070 1255
1174 4 2 1 1 686 1411 865 1556
1175 4 2 1 1 1812 883 1863 1304
1176 4 2 1 1 951 1623 688 1794
1177 4 2 1 1 883 1513 1110 1812
1178 4 2 1 1 730 1006 921 1416
1179 4 2 1 1 657 1160 1621 1680
1180 4 2 1 1 811 1199 1271 1884
1181 4 2 1 1 1514 1817 866 1888
1182 4 2 1 1 609 1000 1214 1538
1183 4 2 1 1 875 1606 745 1344
1184 4 2 1 1 1040 1290 886 1542
1185 4 2 1 1 588 70 69 1969
1186 4 2 1 1 70 588 585 1969
1187 4 2 1 1 1001 1269 909 702
1188 4 2 1 1 810 1369 1328 1420
1189 4 2 1 1 1253 1620 1138 1843
1190 4 2 1 1 1076 1427 1255 1830
1191 4 2 1 1 1783 1852 1204 665
1192 4 2 1 1 585 70 1969 1948
1193 4 2 1 1 1312 1674 1065 1742
1194 4 2 1 1 1323 1508 1720 917
1195 4 2 1 1 1072 828 1814 1905
1196 4 2 1 1 833 1126 834 1165
1197 4 2 1 1 1211 1407 765 1463
1198 4 2 1 1 734 948 1365 673
1199 4 2 1 1 624 1443 1064 1610
1200 4 2 1 1 1099 1043 1046 1848
1201 4 2 1 1 895 768 969 1728
1202 4 2 1 1 960 1602 1376 1622
1203 4 2 1 1 1248 1270 718 1505
1204 4 2 1 1 636 898 1168 1600
1205 4 2 1 1 308 1078 328 345
1206 4 2 1 1 415 1450 1367 1574
1207 4 2 1 1 1951 1969 588 69
1208 4 2 1 1 658 860 1342 1483
1209 4 2 1 1 1951 1969 1854 588
1210 4 2 1 1 780 998 1181 1380
1211 4 2 1 1 1522 1220 1000 890
1212 4 2 1 1 1945 349 1074 313
1213 4 2 1 1 394 455 1388 392
1214 4 2 1 1 585 1969 588 976
1215 4 2 1 1 816 978 1177 1321
1216 4 2 1 1 658 860 1483 1227
1217 4 2 1 1 915 1045 706 1369
1218 4 2 1 1 1015 1506 817 665
1219 4 2 1 1 849 1372 988 1635
1220 4 2 1 1 702 1479 689 907
1221 4 2 1 1 1045 706 1369 1641
1222 4 2 1 1 900 1563 1466 1571
1223 4 2 1 1 689 1479 702 964
1224 4 2 1 1 785 930 648 1052
1225 4 2 1 1 964 702 689 1523
1226 4 2 1 1 760 1222 1280 1507
1227 4 2 1 1 692 914 1226 790
1228 4 2 1 1 887 802 1266 1528
1229 4 2 1 1 877 1179 1607 1758
1230 4 2 1 1 907 1137 818 689
1231 4 2 1 1 828 1814 1062 958
1232 4 2 1 1 861 1024 667 1297
1233 4 2 1 1 651 970 1500 1664
1234 4 2 1 1 556 1243 1510 1511
1235 4 2 1 1 638 994 1409 1242
1236 4 2 1 1 670 841 1087 776
1237 4 2 1 1 1035 765 1175 1324
1238 4 2 1 1 1093 1386 836 1627
1239 4 2 1 1 415 410 1450 1574
1240 4 2 1 1 1836 700 948 1170
1241 4 2 1 1 624 1347 1064 1896
1242 4 2 1 1 147 1283 1877 1894
1243 4 2 1 1 1969 588 976 1854
1244 4 2 1 1 597 589 477 1687
1245 4 2 1 1 494 65 594 1960
1246 4 2 1 1 973 1384 1116 612
1247 4 2 1 1 494 1960 594 1067
1248 4 2 1 1 824 1157 1120 1564
1249 4 2 1 1 56 1283 309 1927
1250 4 2 1 1 1226 1516 1178 790
1251 4 2 1 1 1201 658 984 1782
1252 4 2 1 1 56 57 315 1283
1253 4 2 1 1 1372 988 1914 797
1254 4 2 1 1 136 103 849 928
1255 4 2 1 1 1083 1564 1157 653
1256 4 2 1 1 608 1033 1308 1436
1257 4 2 1 1 859 1496 1797 846
1258 4 2 1 1 1084 761 1299 1190
1259 4 2 1 1 1363 1576 954 701
1260 4 2 1 1 871 1286 1160 1536
1261 4 2 1 1 610 933 1056 701
1262 4 2 1 1 1865 860 1375 625
1263 4 2 1 1 712 984 1201 1387
1264 4 2 1 1 274 296 710 893
1265 4 2 1 1 545 589 597 1687
1266 4 2 1 1 1283 57 337 1935
1267 4 2 1 1 745 1099 1374 1043
1268 4 2 1 1 692 1226 1178 790
1269 4 2 1 1 625 1079 975 1113
1270 4 2 1 1 1968 1931 1259 340
1271 4 2 1 1 29 28 340 1968
1272 4 2 1 1 1083 1564 653 1430
1273 4 2 1 1 738 1271 1199 1290
1274 4 2 1 1 1968 349 28 340
1275 4 2 1 1 644 1184 1043 1374
1276 4 2 1 1 1968 1931 340 29
1277 4 2 1 1 985 1309 756 1393
1278 4 2 1 1 789 1258 652 1474
1279 4 2 1 1 517 570 470 1630
1280 4 2 1 1 802 609 1136 1572
1281 4 2 1 1 1968 1977 135 28
1282 4 2 1 1 657 1125 1160 1680
1283 4 2 1 1 561 1130 891 894
1284 4 2 1 1 1177 1773 671 1576
1285 4 2 1 1 797 1108 1402 1474
1286 4 2 1 1 421 1504 1839 1213
1287 4 2 1 1 667 1833 1123 1353
1288 4 2 1 1 232 1626 1426 235
1289 4 2 1 1 831 1551 1225 1693
1290 4 2 1 1 812 928 655 1318
1291 4 2 1 1 970 1196 1500 1664
1292 4 2 1 1 1189 1517 1141 1724
1293 4 2 1 1 755 1035 930 1541
1294 4 2 1 1 313 1968 1846 340
1295 4 2 1 1 1267 1395 906 1520
1296 4 2 1 1 860 1113 625 1227
1297 4 2 1 1 701 1395 967 1439
1298 4 2 1 1 906 967 1649 1395
1299 4 2 1 1 881 1211 765 1463
1300 4 2 1 1 670 1109 1234 1784
1301 4 2 1 1 644 1289 879 1657
1302 4 2 1 1 340 1259 1968 1846
1303 4 2 1 1 419 1222 1448 1882
1304 4 2 1 1 726 997 862 1658
1305 4 2 1 1 934 704 1495 1526
1306 4 2 1 1 364 477 589 1840
1307 4 2 1 1 641 1244 1159 1728
1308 4 2 1 1 825 1562 654 1569
1309 4 2 1 1 660 1009 887 1327
1310 4 2 1 1 1545 1763 1088 1807
1311 4 2 1 1 678 1078 1254 819
1312 4 2 1 1 735 949 630 1303
1313 4 2 1 1 605 1211 1070 881
1314 4 2 1 1 1967 30 31 310
1315 4 2 1 1 1038 927 1337 714
1316 4 2 1 1 610 1017 921 1207
1317 4 2 1 1 722 910 1037 1861
1318 4 2 1 1 918 1319 1300 1415
1319 4 2 1 1 773 1098 974 1611
1320 4 2 1 1 695 1222 897 1507
1321 4 2 1 1 697 881 1079 1175
1322 4 2 1 1 832 661 1203 1400
1323 4 2 1 1 916 1242 711 1666
1324 4 2 1 1 1067 1185 639 1590
1325 4 2 1 1 700 1566 953 1793
1326 4 2 1 1 860 625 1079 1375
1327 4 2 1 1 883 699 1424 1483
1328 4 2 1 1 638 1178 1516 790
1329 4 2 1 1 571 357 567 1823
1330 4 2 1 1 31 1967 310 1827
1331 4 2 1 1 631 1385 1111 1640
1332 4 2 1 1 642 853 1119 1793
1333 4 2 1 1 764 836 1093 1713
1334 4 2 1 1 857 452 1756 1876
1335 4 2 1 1 663 749 1647 968
1336 4 2 1 1 977 650 1676 784
1337 4 2 1 1 550 1058 1822 846
1338 4 2 1 1 334 1967 30 1931
1339 4 2 1 1 911 1197 1167 1775
1340 4 2 1 1 1782 979 1172 1489
1341 4 2 1 1 837 465 1518 981
1342 4 2 1 1 701 1251 1363 1576
1343 4 2 1 1 326 321 336 1246
1344 4 2 1 1 310 1967 1259 1827
1345 4 2 1 1 1035 930 765 1324
1346 4 2 1 1 334 1967 1931 1259
1347 4 2 1 1 520 472 1305 1756
1348 4 2 1 1 842 1294 1261 612
1349 4 2 1 1 613 1320 1131 1422
1350 4 2 1 1 796 1172 979 1489
1351 4 2 1 1 1122 1127 850 1794
1352 4 2 1 1 877 999 645 1179
1353 4 2 1 1 1072 1327 828 1905
1354 4 2 1 1 545 586 589 1687
1355 4 2 1 1 230 1158 732 214
1356 4 2 1 1 619 825 1262 1562
1357 4 2 1 1 1233 1378 1042 1661
1358 4 2 1 1 876 1602 1168 1622
1359 4 2 1 1 1966 36 37 199
1360 4 2 1 1 954 1017 763 1755
1361 4 2 1 1 795 1016 1246 1550
1362 4 2 1 1 610 1056 933 1162
1363 4 2 1 1 936 990 646 1181
1364 4 2 1 1 680 1102 970 1759
1365 4 2 1 1 1083 1564 1430 913
1366 4 2 1 1 1004 1057 684 1096
1367 4 2 1 1 1107 1119 853 1391
1368 4 2 1 1 1572 1663 1009 887
1369 4 2 1 1 975 1038 823 1175
1370 4 2 1 1 613 1004 1131 1255
1371 4 2 1 1 1322 1526 1132 1715
1372 4 2 1 1 863 672 1358 1536
1373 4 2 1 1 825 654 1134 1569
1374 4 2 1 1 983 1495 704 1526
1375 4 2 1 1 1770 1644 1900 924
1376 4 2 1 1 504 1633 1630 1690
1377 4 2 1 1 780 1044 839 1141
1378 4 2 1 1 157 159 183 1404
1379 4 2 1 1 714 1114 927 1213
1380 4 2 1 1 1966 199 37 991
1381 4 2 1 1 1393 1573 681 985
1382 4 2 1 1 1926 1014 128 1561
1383 4 2 1 1 461 1174 420 1301
1384 4 2 1 1 224 1466 901 1774
1385 4 2 1 1 830 1333 1043 1694
1386 4 2 1 1 720 1307 1013 1062
1387 4 2 1 1 137 112 119 1055
1388 4 2 1 1 709 1165 1209 1412
1389 4 2 1 1 793 1436 1040 1542
1390 4 2 1 1 865 1202 685 1384
1391 4 2 1 1 276 704 983 1495
1392 4 2 1 1 890 666 1000 1490
1393 4 2 1 1 1935 1283 147 1894
1394 4 2 1 1 889 760 1280 1475
1395 4 2 1 1 982 1610 1347 1641
1396 4 2 1 1 225 1966 36 1871
1397 4 2 1 1 768 1205 969 1406
1398 4 2 1 1 1844 1759 1124 766
1399 4 2 1 1 1106 1322 566 1470
1400 4 2 1 1 505 454 580 1470
1401 4 2 1 1 957 1080 787 1315
1402 4 2 1 1 887 666 1266 1490
1403 4 2 1 1 686 973 865 1708
1404 4 2 1 1 763 1439 1524 1842
1405 4 2 1 1 995 823 1524 1440
1406 4 2 1 1 1647 1826 939 1080
1407 4 2 1 1 662 1027 1343 920
1408 4 2 1 1 824 1577 969 1120
1409 4 2 1 1 711 852 1242 1279
1410 4 2 1 1 1115 1155 643 1171
1411 4 2 1 1 858 1498 1000 1522
1412 4 2 1 1 640 1636 952 1702
1413 4 2 1 1 686 1121 864 1384
1414 4 2 1 1 610 921 1017 1428
1415 4 2 1 1 948 1685 1210 1836
1416 4 2 1 1 774 1079 1414 1903
1417 4 2 1 1 722 1042 1233 1378
1418 4 2 1 1 376 1172 979 1906
1419 4 2 1 1 827 1176 1418 1514
1420 4 2 1 1 1391 1566 1119 853
1421 4 2 1 1 161 163 162 1804
1422 4 2 1 1 1470 1322 1943 704
1423 4 2 1 1 1043 1184 782 1374
1424 4 2 1 1 1042 1702 1636 1864
1425 4 2 1 1 1630 1633 847 1690
1426 4 2 1 1 666 1528 1266 1771
1427 4 2 1 1 676 1086 1841 1916
1428 4 2 1 1 737 897 1274 1820
1429 4 2 1 1 658 860 1227 1113
1430 4 2 1 1 1135 1841 676 923
1431 4 2 1 1 1391 1566 853 1373
1432 4 2 1 1 1075 1527 1833 805
1433 4 2 1 1 1224 1552 689 1684
1434 4 2 1 1 964 702 1220 1479
1435 4 2 1 1 917 1087 1323 1843
1436 4 2 1 1 685 1384 1202 1484
1437 4 2 1 1 199 991 1966 1094
1438 4 2 1 1 1574 801 1450 1367
1439 4 2 1 1 810 1268 1369 1420
1440 4 2 1 1 1088 1545 723 1763
1441 4 2 1 1 685 1116 865 1384
1442 4 2 1 1 681 1160 871 1265
1443 4 2 1 1 225 1966 1871 1094
1444 4 2 1 1 765 1394 1051 1592
1445 4 2 1 1 1327 1062 828 1905
1446 4 2 1 1 75 76 1928 330
1447 4 2 1 1 1121 844 1111 843
1448 4 2 1 1 1928 1934 330 76
1449 4 2 1 1 1459 1566 700 1047
1450 4 2 1 1 904 1135 762 1295
1451 4 2 1 1 699 1024 1227 1572
1452 4 2 1 1 1202 1556 865 1679
1453 4 2 1 1 805 1453 1114 1527
1454 4 2 1 1 635 1001 1209 1608
1455 4 2 1 1 659 1297 1136 1375
1456 4 2 1 1 1630 1690 1173 1772
1457 4 2 1 1 1110 1304 883 1812
1458 4 2 1 1 776 1034 1191 1549
1459 4 2 1 1 932 1663 1572 887
1460 4 2 1 1 611 1034 1191 1859
1461 4 2 1 1 226 1963 779 1529
1462 4 2 1 1 742 1196 1179 1758
1463 4 2 1 1 904 1045 1326 1831
1464 4 2 1 1 839 755 1044 1541
1465 4 2 1 1 721 1130 1037 1232
1466 4 2 1 1 889 739 1233 1678
1467 4 2 1 1 273 893 946 1783
1468 4 2 1 1 642 1119 1046 1793
1469 4 2 1 1 313 1968 340 349
1470 4 2 1 1 1794 1317 1003 688
1471 4 2 1 1 1037 1581 1232 792
1472 4 2 1 1 773 1098 1023 974
1473 4 2 1 1 1457 1192 1554 1169
1474 4 2 1 1 1522 964 632 1220
1475 4 2 1 1 1285 1159 944 664
1476 4 2 1 1 1142 1615 816 1773
1477 4 2 1 1 1079 1113 724 1901
1478 4 2 1 1 1928 1934 798 330
1479 4 2 1 1 1329 651 1135 1767
1480 4 2 1 1 702 1220 1041 1502
1481 4 2 1 1 676 1135 904 1295
1482 4 2 1 1 1193 1275 858 1329
1483 4 2 1 1 720 1127 1122 1794
1484 4 2 1 1 1070 1089 725 1255
1485 4 2 1 1 762 1329 904 1831
1486 4 2 1 1 1043 1135 808 1184
1487 4 2 1 1 925 1316 717 1582
1488 4 2 1 1 904 1329 1135 1767
1489 4 2 1 1 1626 1646 1775 911
1490 4 2 1 1 645 1676 1736 1179
1491 4 2 1 1 896 847 1244 1511
1492 4 2 1 1 394 1388 1075 1833
1493 4 2 1 1 607 1311 1050 1321
1494 4 2 1 1 1369 1604 1268 674
1495 4 2 1 1 857 1232 891 1361
1496 4 2 1 1 879 1289 715 1657
1497 4 2 1 1 664 885 1560 1799
1498 4 2 1 1 635 1231 1080 1902
1499 4 2 1 1 1782 979 1489 658
1500 4 2 1 1 710 1410 274 1553
1501 4 2 1 1 335 307 736 1965
1502 4 2 1 1 213 1396 211 1890
1503 4 2 1 1 618 810 1730 1421
1504 4 2 1 1 243 224 200 1626
1505 4 2 1 1 863 1286 758 1658
1506 4 2 1 1 1727 609 1000 887
1507 4 2 1 1 1459 1566 1047 1598
1508 4 2 1 1 711 1253 1171 1508
1509 4 2 1 1 706 1199 1040 1835
1510 4 2 1 1 736 335 1965 1873
1511 4 2 1 1 332 317 327 1660
1512 4 2 1 1 607 1321 978 1722
1513 4 2 1 1 1283 1306 678 1476
1514 4 2 1 1 290 817 665 968
1515 4 2 1 1 552 1597 601 1780
1516 4 2 1 1 775 1050 961 1311
1517 4 2 1 1 1574 1450 801 1013
1518 4 2 1 1 977 1676 650 1874
1519 4 2 1 1 941 974 717 1589
1520 4 2 1 1 715 1176 879 1677
1521 4 2 1 1 1037 1581 792 1618
1522 4 2 1 1 597 477 592 1686
1523 4 2 1 1 702 964 1220 1339
1524 4 2 1 1 361 601 552 1597
1525 4 2 1 1 839 696 1380 1181
1526 4 2 1 1 536 376 386 1906
1527 4 2 1 1 1632 1736 784 1760
1528 4 2 1 1 917 1508 1296 1138
1529 4 2 1 1 1132 1305 1106 1322
1530 4 2 1 1 1305 1132 698 1756
1531 4 2 1 1 661 1040 915 793
1532 4 2 1 1 1347 1610 1326 1641
1533 4 2 1 1 1062 1528 828 1669
1534 4 2 1 1 621 1098 955 1164
1535 4 2 1 1 1286 1621 1160 1680
1536 4 2 1 1 1962 342 312 1691
1537 4 2 1 1 1395 1363 966 1267
1538 4 2 1 1 421 1504 1213 424
1539 4 2 1 1 233 1236 779 1423
1540 4 2 1 1 1338 1154 708 1366
1541 4 2 1 1 1965 61 60 335
1542 4 2 1 1 860 1227 1024 1572
1543 4 2 1 1 642 1107 1028 1360
1544 4 2 1 1 1974 72 302 293
1545 4 2 1 1 890 1000 666 1220
1546 4 2 1 1 858 1214 1538 923
1547 4 2 1 1 1033 1098 974 1023
1548 4 2 1 1 892 939 661 1203
1549 4 2 1 1 1081 840 1331 1145
1550 4 2 1 1 904 1135 676 1767
1551 4 2 1 1 906 967 1395 1439
1552 4 2 1 1 668 1328 811 987
1553 4 2 1 1 747 1103 1022 1559
1554 4 2 1 1 645 1187 1646 1872
1555 4 2 1 1 884 655 812 1271
1556 4 2 1 1 517 470 1173 1630
1557 4 2 1 1 1116 1144 698 1567
1558 4 2 1 1 914 692 1198 790
1559 4 2 1 1 1235 1257 929 1751
1560 4 2 1 1 1432 831 1103 611
1561 4 2 1 1 498 491 602 1779
1562 4 2 1 1 940 1115 759 1336
1563 4 2 1 1 242 1158 781 1655
1564 4 2 1 1 757 1140 998 1180
1565 4 2 1 1 865 1144 1116 1567
1566 4 2 1 1 1201 984 658 1387
1567 4 2 1 1 722 739 1861 1233
1568 4 2 1 1 732 888 900 1158
1569 4 2 1 1 1040 1071 632 1298
1570 4 2 1 1 1524 975 763 1337
1571 4 2 1 1 712 1475 1042 1717
1572 4 2 1 1 858 651 1329 1767
1573 4 2 1 1 879 1176 777 1896
1574 4 2 1 1 614 1373 1397 936
1575 4 2 1 1 706 915 1040 1298
1576 4 2 1 1 810 1268 1343 1369
1577 4 2 1 1 706 1045 1298 1831
1578 4 2 1 1 1121 1640 631 1111
1579 4 2 1 1 1176 1514 827 1748
1580 4 2 1 1 1096 1297 848 1725
1581 4 2 1 1 792 1497 1285 1581
1582 4 2 1 1 1137 689 702 1523
1583 4 2 1 1 1965 1945 335 60
1584 4 2 1 1 930 1051 765 1324
1585 4 2 1 1 467 1122 767 1780
1586 4 2 1 1 646 998 1029 1140
1587 4 2 1 1 250 223 242 1774
1588 4 2 1 1 650 888 1419 1491
1589 4 2 1 1 1965 1945 1873 335
1590 4 2 1 1 909 709 1137 1269
1591 4 2 1 1 1795 946 726 1438
1592 4 2 1 1 931 1807 206 1860
1593 4 2 1 1 364 589 1654 1840
1594 4 2 1 1 807 1197 1190 1847
1595 4 2 1 1 750 1091 1090 1849
1596 4 2 1 1 905 947 772 1082
1597 4 2 1 1 639 1067 901 1878
1598 4 2 1 1 640 1472 965 1808
1599 4 2 1 1 930 1407 1044 1541
1600 4 2 1 1 373 1399 845 1613
1601 4 2 1 1 1035 630 1737 1770
1602 4 2 1 1 668 1381 982 987
1603 4 2 1 1 742 1179 1196 1289
1604 4 2 1 1 715 1196 1179 1289
1605 4 2 1 1 1686 1687 477 1840
1606 4 2 1 1 690 858 1193 1275
1607 4 2 1 1 1272 1685 1210 1632
1608 4 2 1 1 650 1177 888 1491
1609 4 2 1 1 769 847 1153 1819
1610 4 2 1 1 1089 1360 696 1370
1611 4 2 1 1 675 1606 1170 1685
1612 4 2 1 1 1395 1363 1267 701
1613 4 2 1 1 841 1309 985 1393
1614 4 2 1 1 896 847 1511 1462
1615 4 2 1 1 607 1196 970 1377
1616 4 2 1 1 1794 1317 688 951
1617 4 2 1 1 466 767 467 1122
1618 4 2 1 1 335 1965 61 307
1619 4 2 1 1 608 895 1023 1534
1620 4 2 1 1 890 1220 666 1479
1621 4 2 1 1 755 839 1189 1541
1622 4 2 1 1 417 419 1448 1882
1623 4 2 1 1 992 1182 705 1379
1624 4 2 1 1 645 800 999 1465
1625 4 2 1 1 948 1210 1685 1632
1626 4 2 1 1 1027 1343 920 1268
1627 4 2 1 1 1268 1027 1670 920
1628 4 2 1 1 731 1273 784 1632
1629 4 2 1 1 990 1029 780 1030
1630 4 2 1 1 1054 1185 1055 1619
1631 4 2 1 1 742 870 1645 1676
1632 4 2 1 1 684 1208 1087 1557
1633 4 2 1 1 659 1070 1674 1719
1634 4 2 1 1 966 1395 1267 1520
1635 4 2 1 1 1982 27 299 1941
1636 4 2 1 1 633 1189 1644 1770
1637 4 2 1 1 1051 1394 765 1786
1638 4 2 1 1 296 710 893 1537
1639 4 2 1 1 712 1201 1475 1717
1640 4 2 1 1 683 1668 1066 1817
1641 4 2 1 1 482 976 981 1088
1642 4 2 1 1 620 1258 1016 1509
1643 4 2 1 1 1982 27 1941 131
1644 4 2 1 1 1131 1674 1070 1719
1645 4 2 1 1 479 1106 1322 566
1646 4 2 1 1 1213 1453 927 1710
1647 4 2 1 1 1982 299 806 1941
1648 4 2 1 1 1099 1352 1366 1904
1649 4 2 1 1 1891 1617 1198 1147
1650 4 2 1 1 1180 1182 646 1183
1651 4 2 1 1 700 1170 1566 1793
1652 4 2 1 1 832 661 1400 793
1653 4 2 1 1 929 1695 1257 285
1654 4 2 1 1 621 955 1482 1721
1655 4 2 1 1 1834 739 722 889
1656 4 2 1 1 727 1064 886 1275
1657 4 2 1 1 66 67 1964 360
1658 4 2 1 1 677 1441 899 1591
1659 4 2 1 1 671 888 1177 1576
1660 4 2 1 1 633 1644 1532 1900
1661 4 2 1 1 1964 66 360 1077
1662 4 2 1 1 787 749 1080 1560
1663 4 2 1 1 816 954 1576 1207
1664 4 2 1 1 890 666 1371 1479
1665 4 2 1 1 787 1560 1080 957
1666 4 2 1 1 883 1483 1387 1663
1667 4 2 1 1 721 1361 1130 1232
1668 4 2 1 1 1354 1584 721 1361
1669 4 2 1 1 1064 1443 886 1610
1670 4 2 1 1 360 1964 1077 1699
1671 4 2 1 1 702 1339 1220 1502
1672 4 2 1 1 875 1532 1606 1344
1673 4 2 1 1 764 1188 836 1713
1674 4 2 1 1 690 974 1611 941
1675 4 2 1 1 1964 1932 360 67
1676 4 2 1 1 1060 744 1241 1206
1677 4 2 1 1 1401 1611 974 941
1678 4 2 1 1 1699 1932 1964 781
1679 4 2 1 1 1470 1943 1322 580
1680 4 2 1 1 813 994 1171 1492
1681 4 2 1 1 692 1600 1198 790
1682 4 2 1 1 1840 1932 1699 781
1683 4 2 1 1 1250 787 1431 1032
1684 4 2 1 1 974 1611 1098 690
1685 4 2 1 1 797 1389 652 849
1686 4 2 1 1 639 961 1228 1455
1687 4 2 1 1 842 1235 929 1751
1688 4 2 1 1 1091 1120 824 1157
1689 4 2 1 1 1588 919 1198 1701
1690 4 2 1 1 753 1084 1299 1190
1691 4 2 1 1 1350 1292 1416 1293
1692 4 2 1 1 601 361 575 1597
1693 4 2 1 1 634 1526 1495 1715
1694 4 2 1 1 1041 1220 702 1479
1695 4 2 1 1 975 1079 697 1539
1696 4 2 1 1 975 697 1079 1175
1697 4 2 1 1 1121 1435 864 1640
1698 4 2 1 1 623 1330 1254 1850
1699 4 2 1 1 741 915 1071 1684
1700 4 2 1 1 625 1038 975 1175
1701 4 2 1 1 765 1051 930 1592
1702 4 2 1 1 741 1071 915 1298
1703 4 2 1 1 995 1733 1056 1913
1704 4 2 1 1 879 777 1176 1196
1705 4 2 1 1 333 62 63 1963
1706 4 2 1 1 950 1429 1281 1485
1707 4 2 1 1 921 1017 680 1207
1708 4 2 1 1 632 1220 1498 1522
1709 4 2 1 1 670 1234 841 776
1710 4 2 1 1 613 1004 1076 1422
1711 4 2 1 1 1826 1802 1015 1362
1712 4 2 1 1 390 384 385 1716
1713 4 2 1 1 1042 1702 952 1636
1714 4 2 1 1 693 899 1026 1909
1715 4 2 1 1 638 1021 1405 994
1716 4 2 1 1 930 1035 755 630
1717 4 2 1 1 969 1577 641 1120
1718 4 2 1 1 696 1089 1370 1380
1719 4 2 1 1 487 584 486 1899
1720 4 2 1 1 810 1343 873 1369
1721 4 2 1 1 784 1273 1426 838
1722 4 2 1 1 1075 1424 455 1809
1723 4 2 1 1 774 1136 1079 1674
1724 4 2 1 1 1963 1930 63 333
1725 4 2 1 1 689 1242 1371 1552
1726 4 2 1 1 773 1042 1098 1611
1727 4 2 1 1 992 1336 1101 1492
1728 4 2 1 1 230 732 1158 1655
1729 4 2 1 1 662 873 1249 1343
1730 4 2 1 1 766 1124 1482 1616
1731 4 2 1 1 1846 795 736 324
1732 4 2 1 1 178 1924 1248 1036
1733 4 2 1 1 967 1395 544 1649
1734 4 2 1 1 216 1426 1273 838
1735 4 2 1 1 965 1316 925 1403
1736 4 2 1 1 950 1368 861 1543
1737 4 2 1 1 976 1278 1854 1911
1738 4 2 1 1 720 1122 1127 1385
1739 4 2 1 1 724 1287 1113 1342
1740 4 2 1 1 948 1365 1047 1836
1741 4 2 1 1 464 461 1301 1739
1742 4 2 1 1 929 1751 687 1886
1743 4 2 1 1 694 908 1225 1620
1744 4 2 1 1 1086 1046 622 1916
1745 4 2 1 1 822 1342 1124 1538
1746 4 2 1 1 1963 1925 333 62
1747 4 2 1 1 654 1562 826 1888
1748 4 2 1 1 848 776 684 1346
1749 4 2 1 1 932 1342 860 1483
1750 4 2 1 1 236 234 215 1417
1751 4 2 1 1 621 1482 1587 1721
1752 4 2 1 1 1017 1142 954 1740
1753 4 2 1 1 333 1963 779 1423
1754 4 2 1 1 606 1208 1241 1557
1755 4 2 1 1 319 678 1306 1476
1756 4 2 1 1 1285 1159 664 1032
1757 4 2 1 1 816 1142 954 1207
1758 4 2 1 1 755 1112 931 1117
1759 4 2 1 1 907 689 818 1206
1760 4 2 1 1 1479 1206 907 744
1761 4 2 1 1 1556 1579 1679 432
1762 4 2 1 1 1905 1013 685 1574
1763 4 2 1 1 914 919 1226 674
1764 4 2 1 1 607 1349 1311 1764
1765 4 2 1 1 707 1457 1169 1192
1766 4 2 1 1 1034 1234 1191 1859
1767 4 2 1 1 1000 690 858 1538
1768 4 2 1 1 728 1335 1334 1761
1769 4 2 1 1 774 1312 1079 1903
1770 4 2 1 1 999 1179 742 1676
1771 4 2 1 1 653 1164 1157 1631
1772 4 2 1 1 659 1057 1004 1096
1773 4 2 1 1 892 1204 873 1249
1774 4 2 1 1 905 772 1022 1082
1775 4 2 1 1 1093 1596 1146 627
1776 4 2 1 1 802 1009 1572 1749
1777 4 2 1 1 1369 1604 674 1045
1778 4 2 1 1 410 1013 1450 1574
1779 4 2 1 1 383 1105 1716 1398
1780 4 2 1 1 734 1166 820 1210
1781 4 2 1 1 911 1197 1775 838
1782 4 2 1 1 347 1423 307 333
1783 4 2 1 1 1963 1925 1423 333
1784 4 2 1 1 658 984 979 1387
1785 4 2 1 1 1963 1930 333 1529
1786 4 2 1 1 657 1160 929 1816
1787 4 2 1 1 1568 1648 934 1695
1788 4 2 1 1 816 1321 1177 1696
1789 4 2 1 1 1023 1534 895 1577
1790 4 2 1 1 1065 1370 788 1451
1791 4 2 1 1 1551 1057 684 1004
1792 4 2 1 1 886 727 1275 1542
1793 4 2 1 1 1108 1562 1425 619
1794 4 2 1 1 132 13 12 1944
1795 4 2 1 1 650 900 888 1177
1796 4 2 1 1 890 1371 964 1479
1797 4 2 1 1 664 1200 1014 1239
1798 4 2 1 1 648 1141 780 990
1799 4 2 1 1 1733 1440 837 995
1800 4 2 1 1 1905 1013 1574 801
1801 4 2 1 1 1963 333 779 1529
1802 4 2 1 1 1157 1164 653 1815
1803 4 2 1 1 653 1023 1164 1741
1804 4 2 1 1 465 837 461 1739
1805 4 2 1 1 377 378 979 1707
1806 4 2 1 1 399 372 542 906
1807 4 2 1 1 760 1085 845 1507
1808 4 2 1 1 331 32 31 1962
1809 4 2 1 1 411 1013 409 1202
1810 4 2 1 1 736 1246 1016 1423
1811 4 2 1 1 674 1343 1268 1369
1812 4 2 1 1 755 930 1044 1541
1813 4 2 1 1 607 1311 1349 1478
1814 4 2 1 1 932 1387 1342 1483
1815 4 2 1 1 685 1384 1484 631
1816 4 2 1 1 713 1693 1427 1004
1817 4 2 1 1 644 1374 926 1665
1818 4 2 1 1 169 182 196 1871
1819 4 2 1 1 892 1203 873 1204
1820 4 2 1 1 1022 1103 747 1712
1821 4 2 1 1 331 1962 31 1827
1822 4 2 1 1 378 376 979 1906
1823 4 2 1 1 1070 1674 1131 1742
1824 4 2 1 1 409 1202 1574 1679
1825 4 2 1 1 743 1460 876 1622
1826 4 2 1 1 662 920 956 1671
1827 4 2 1 1 743 876 1460 1821
1828 4 2 1 1 610 954 1576 701
1829 4 2 1 1 941 1316 1041 1502
1830 4 2 1 1 645 1676 1179 999
1831 4 2 1 1 760 1222 889 1280
1832 4 2 1 1 854 966 1363 1870
1833 4 2 1 1 982 1290 706 1328
1834 4 2 1 1 923 676 1320 1841
1835 4 2 1 1 845 760 1399 1782
1836 4 2 1 1 858 1275 690 1498
1837 4 2 1 1 703 1355 1192 1554
1838 4 2 1 1 987 1256 683 1914
1839 4 2 1 1 971 613 743 1021
1840 4 2 1 1 711 908 1253 1323
1841 4 2 1 1 1851 1962 1827 1390
1842 4 2 1 1 794 1727 952 941
1843 4 2 1 1 1372 1914 988 683
1844 4 2 1 1 187 149 150 1869
1845 4 2 1 1 650 888 1348 1419
1846 4 2 1 1 312 1962 1923 32
1847 4 2 1 1 527 1049 382 1304
1848 4 2 1 1 742 1645 870 1289
1849 4 2 1 1 759 1145 994 1171
1850 4 2 1 1 616 1331 1392 1683
1851 4 2 1 1 124 138 108 1561
1852 4 2 1 1 290 817 968 255
1853 4 2 1 1 312 1962 32 331
1854 4 2 1 1 712 1398 1105 1456
1855 4 2 1 1 201 1278 976 1807
1856 4 2 1 1 1405 994 1021 1492
1857 4 2 1 1 1851 1962 1390 1691
1858 4 2 1 1 1042 1702 1864 712
1859 4 2 1 1 1834 739 889 1448
1860 4 2 1 1 1224 1408 1242 869
1861 4 2 1 1 606 1206 1241 1533
1862 4 2 1 1 466 767 945 1705
1863 4 2 1 1 864 1202 1384 1484
1864 4 2 1 1 891 1232 857 1132
1865 4 2 1 1 1579 1679 406 1144
1866 4 2 1 1 662 1149 873 1343
1867 4 2 1 1 685 1574 1002 1905
1868 4 2 1 1 1053 1961 1957 593
1869 4 2 1 1 950 691 1281 1429
1870 4 2 1 1 747 1229 1103 1559
1871 4 2 1 1 1106 1703 1708 1825
1872 4 2 1 1 731 1350 1348 1351
1873 4 2 1 1 797 988 849 1372
1874 4 2 1 1 746 869 997 1486
1875 4 2 1 1 805 699 1227 1388
1876 4 2 1 1 938 1827 1813 1851
1877 4 2 1 1 614 1373 771 1397
1878 4 2 1 1 1844 1759 766 970
1879 4 2 1 1 909 1269 1137 702
1880 4 2 1 1 924 1006 788 1644
1881 4 2 1 1 763 1524 1439 1755
1882 4 2 1 1 336 795 1246 321
1883 4 2 1 1 17 18 493 1961
1884 4 2 1 1 570 480 556 1511
1885 4 2 1 1 1231 1260 661 793
1886 4 2 1 1 493 1961 18 1633
1887 4 2 1 1 985 1309 1127 756
1888 4 2 1 1 593 17 493 1961
1889 4 2 1 1 1067 901 1186 1590
1890 4 2 1 1 805 699 1388 1075
1891 4 2 1 1 658 1201 1085 1782
1892 4 2 1 1 926 1133 745 1469
1893 4 2 1 1 955 1098 1193 1741
1894 4 2 1 1 792 1232 1037 1766
1895 4 2 1 1 371 370 966 1520
1896 4 2 1 1 1101 1492 1405 1021
1897 4 2 1 1 672 1536 1061 1573
1898 4 2 1 1 1812 1863 883 660
1899 4 2 1 1 645 1646 1167 1775
1900 4 2 1 1 955 1164 1098 1741
1901 4 2 1 1 1961 846 1633 493
1902 4 2 1 1 823 1038 975 1524
1903 4 2 1 1 1150 873 810 1249
1904 4 2 1 1 1099 1366 1352 782
1905 4 2 1 1 217 240 249 1653
1906 4 2 1 1 1551 1057 1004 831
1907 4 2 1 1 869 746 997 1593
1908 4 2 1 1 705 1155 1115 1492
1909 4 2 1 1 928 618 1512 1575
1910 4 2 1 1 1647 1826 1080 663
1911 4 2 1 1 730 1139 977 1292
1912 4 2 1 1 650 977 1139 1292
1913 4 2 1 1 847 1245 1244 1630
1914 4 2 1 1 1120 1157 1091 1565
1915 4 2 1 1 471 846 504 1772
1916 4 2 1 1 1347 1641 1381 982
1917 4 2 1 1 1054 1565 1153 628
1918 4 2 1 1 426 910 427 1584
1919 4 2 1 1 735 1162 1624 1747
1920 4 2 1 1 1021 1279 1242 791
1921 4 2 1 1 625 975 1079 1175
1922 4 2 1 1 661 873 915 1835
1923 4 2 1 1 857 1232 1361 1497
1924 4 2 1 1 890 964 1220 1479
1925 4 2 1 1 686 864 1435 1556
1926 4 2 1 1 1042 1378 722 1636
1927 4 2 1 1 649 936 990 1397
1928 4 2 1 1 508 411 1202 1700
1929 4 2 1 1 611 1191 1188 1859
1930 4 2 1 1 709 1209 1269 1892
1931 4 2 1 1 1702 1717 1042 952
1932 4 2 1 1 362 503 582 1765
1933 4 2 1 1 52 260 51 1917
1934 4 2 1 1 1107 1360 1119 1391
1935 4 2 1 1 620 1258 1010 1845
1936 4 2 1 1 746 912 1149 1776
1937 4 2 1 1 1592 747 1211 1368
1938 4 2 1 1 762 1064 879 651
1939 4 2 1 1 455 392 1424 1388
1940 4 2 1 1 741 1071 964 1684
1941 4 2 1 1 605 881 1065 1463
1942 4 2 1 1 725 1131 1086 1742
1943 4 2 1 1 1980 1 15 133
1944 4 2 1 1 624 1064 1347 1610
1945 4 2 1 1 1311 1263 1478 607
1946 4 2 1 1 1751 1384 973 612
1947 4 2 1 1 829 1241 1208 1557
1948 4 2 1 1 831 1551 1693 1004
1949 4 2 1 1 1137 1340 818 1778
1950 4 2 1 1 52 1869 260 1917
1951 4 2 1 1 833 1165 834 1791
1952 4 2 1 1 1928 345 719 308
1953 4 2 1 1 869 1409 746 1593
1954 4 2 1 1 736 795 1016 1246
1955 4 2 1 1 783 1730 1389 652
1956 4 2 1 1 745 1133 926 1374
1957 4 2 1 1 626 1009 1528 1725
1958 4 2 1 1 1387 1483 932 1663
1959 4 2 1 1 906 967 1439 682
1960 4 2 1 1 914 674 1516 1828
1961 4 2 1 1 483 66 65 1960
1962 4 2 1 1 1702 1716 1110 894
1963 4 2 1 1 743 1460 971 1821
1964 4 2 1 1 906 845 1267 1520
1965 4 2 1 1 840 1296 1531 656
1966 4 2 1 1 695 897 1274 1507
1967 4 2 1 1 911 1426 216 838
1968 4 2 1 1 942 1366 1352 1904
1969 4 2 1 1 758 726 996 1438
1970 4 2 1 1 1224 1408 869 1778
1971 4 2 1 1 676 1135 923 1767
1972 4 2 1 1 1395 372 906 1520
1973 4 2 1 1 801 1307 1013 1450
1974 4 2 1 1 1281 1429 1082 1485
1975 4 2 1 1 1082 1281 691 1429
1976 4 2 1 1 625 975 1038 1337
1977 4 2 1 1 634 925 1250 851
1978 4 2 1 1 1017 954 610 1755
1979 4 2 1 1 297 1257 934 1695
1980 4 2 1 1 952 1401 794 941
1981 4 2 1 1 117 19 18 1633
1982 4 2 1 1 1290 1743 1271 1884
1983 4 2 1 1 1968 1259 1074 1846
1984 4 2 1 1 721 1130 1361 1584
1985 4 2 1 1 697 1065 881 1463
1986 4 2 1 1 666 1266 1442 1771
1987 4 2 1 1 1911 837 995 1733
1988 4 2 1 1 738 1271 1290 1743
1989 4 2 1 1 634 1495 1200 1715
1990 4 2 1 1 1366 1454 1154 1467
1991 4 2 1 1 1072 666 1327 1727
1992 4 2 1 1 642 1046 1119 1360
1993 4 2 1 1 657 1125 929 1160
1994 4 2 1 1 839 989 1189 1644
1995 4 2 1 1 1346 1528 829 1725
1996 4 2 1 1 1532 1644 1006 1900
1997 4 2 1 1 65 494 483 1960
1998 4 2 1 1 1960 483 66 1077
1999 4 2 1 1 690 1193 858 1538
2000 4 2 1 1 1122 1480 549 1547
2001 4 2 1 1 712 984 1398 1456
2002 4 2 1 1 805 1114 927 1865
2003 4 2 1 1 871 1720 1206 1875
2004 4 2 1 1 1878 1960 494 1067
2005 4 2 1 1 1347 1381 1641 855
2006 4 2 1 1 944 634 1200 1715
2007 4 2 1 1 845 1520 373 1613
2008 4 2 1 1 382 381 883 1707
2009 4 2 1 1 821 1303 1723 1747
2010 4 2 1 1 1071 1400 915 793
2011 4 2 1 1 1547 549 512 1480
2012 4 2 1 1 1017 610 954 1207
2013 4 2 1 1 992 1750 960 1761
2014 4 2 1 1 681 986 985 1573
2015 4 2 1 1 633 875 1166 1293
2016 4 2 1 1 1878 366 483 1077
2017 4 2 1 1 1844 1759 970 1102
2018 4 2 1 1 843 986 1160 1832
2019 4 2 1 1 640 965 698 1808
2020 4 2 1 1 1878 1960 1067 1077
2021 4 2 1 1 529 455 1424 1809
2022 4 2 1 1 293 710 296 1691
2023 4 2 1 1 647 1103 1229 1559
2024 4 2 1 1 544 1395 967 1686
2025 4 2 1 1 786 1114 1213 1453
2026 4 2 1 1 759 1031 1145 1891
2027 4 2 1 1 92 1390 1691 116
2028 4 2 1 1 964 689 1552 1684
2029 4 2 1 1 627 841 985 1573
2030 4 2 1 1 829 1096 1346 1725
2031 4 2 1 1 1059 1331 1505 862
2032 4 2 1 1 856 705 1115 1404
2033 4 2 1 1 1233 1120 739 1861
2034 4 2 1 1 401 1174 1310 1885
2035 4 2 1 1 373 375 374 1172
2036 4 2 1 1 702 964 1339 1523
2037 4 2 1 1 1959 46 7 574
2038 4 2 1 1 829 1266 1096 1725
2039 4 2 1 1 835 1045 1369 1641
2040 4 2 1 1 633 1303 1189 1770
2041 4 2 1 1 1762 898 636 1617
2042 4 2 1 1 660 883 1663 1863
2043 4 2 1 1 655 812 1318 1800
2044 4 2 1 1 84 1959 301 7
2045 4 2 1 1 778 1563 1177 1571
2046 4 2 1 1 301 1959 1958 1869
2047 4 2 1 1 1040 1199 706 1290
2048 4 2 1 1 1261 1294 909 1659
2049 4 2 1 1 775 961 1090 1311
2050 4 2 1 1 574 1959 46 1869
2051 4 2 1 1 372 542 906 1634
2052 4 2 1 1 698 1144 1116 1825
2053 4 2 1 1 241 228 218 1881
2054 4 2 1 1 1096 802 1570 1719
2055 4 2 1 1 1113 1287 658 1342
2056 4 2 1 1 852 1442 1422 1557
2057 4 2 1 1 954 1142 816 1773
2058 4 2 1 1 626 1528 1062 1669
2059 4 2 1 1 1160 1358 681 1536
2060 4 2 1 1 744 1215 1012 1265
2061 4 2 1 1 1071 793 1040 632
2062 4 2 1 1 1242 1371 852 1666
2063 4 2 1 1 746 1486 912 1776
2064 4 2 1 1 409 1202 1013 1574
2065 4 2 1 1 929 1832 1160 264
2066 4 2 1 1 569 1223 836 1729
2067 4 2 1 1 1027 1198 914 919
2068 4 2 1 1 83 497 1958 84
2069 4 2 1 1 1958 574 84 497
2070 4 2 1 1 952 1727 1194 941
2071 4 2 1 1 795 1355 1258 1550
2072 4 2 1 1 994 1593 1409 1242
2073 4 2 1 1 970 1095 766 1721
2074 4 2 1 1 1016 1423 1246 1642
2075 4 2 1 1 1348 1351 1350 1544
2076 4 2 1 1 881 765 1175 1463
2077 4 2 1 1 370 1395 966 1520
2078 4 2 1 1 839 696 1181 1391
2079 4 2 1 1 732 1163 210 1351
2080 4 2 1 1 83 1958 497 1614
2081 4 2 1 1 738 1260 1271 884
2082 4 2 1 1 1081 840 1145 1171
2083 4 2 1 1 747 1011 1229 1559
2084 4 2 1 1 743 1178 922 1021
2085 4 2 1 1 16 1823 1957 357
2086 4 2 1 1 709 909 1137 1444
2087 4 2 1 1 1544 1580 1162 1747
2088 4 2 1 1 1101 1405 1178 1021
2089 4 2 1 1 606 852 1323 1557
2090 4 2 1 1 455 1424 1075 1388
2091 4 2 1 1 998 1140 757 1427
2092 4 2 1 1 929 1412 1125 1535
2093 4 2 1 1 1022 1485 772 1712
2094 4 2 1 1 1237 1781 1699 367
2095 4 2 1 1 906 845 1520 1634
2096 4 2 1 1 1336 1762 1617 940
2097 4 2 1 1 730 1333 1006 1344
2098 4 2 1 1 734 1365 1446 1890
2099 4 2 1 1 886 1610 1290 1831
2100 4 2 1 1 637 954 1363 1773
2101 4 2 1 1 1391 1446 1373 1018
2102 4 2 1 1 977 1139 730 1645
2103 4 2 1 1 605 1407 1211 1463
2104 4 2 1 1 1957 17 16 357
2105 4 2 1 1 857 1305 1132 1322
2106 4 2 1 1 1541 1370 1644 924
2107 4 2 1 1 942 782 1352 1366
2108 4 2 1 1 610 1162 933 1580
2109 4 2 1 1 1957 593 17 357
2110 4 2 1 1 390 391 1110 1732
2111 4 2 1 1 606 1323 852 1666
2112 4 2 1 1 906 967 682 1649
2113 4 2 1 1 1149 1829 1027 662
2114 4 2 1 1 706 1290 1610 1831
2115 4 2 1 1 1957 1053 357 1823
2116 4 2 1 1 626 1212 1009 1725
2117 4 2 1 1 1935 147 190 1894
2118 4 2 1 1 1957 593 357 1053
2119 4 2 1 1 179 196 144 752
2120 4 2 1 1 707 1192 1338 1457
2121 4 2 1 1 1085 1489 845 1740
2122 4 2 1 1 1667 1270 1877 1505
2123 4 2 1 1 808 1184 1135 1295
2124 4 2 1 1 829 1241 1060 1771
2125 4 2 1 1 1027 1343 1268 674
2126 4 2 1 1 668 1420 1328 835
2127 4 2 1 1 1035 1407 930 1541
2128 4 2 1 1 268 270 266 1795
2129 4 2 1 1 502 836 569 1223
2130 4 2 1 1 817 124 122 1313
2131 4 2 1 1 1000 1194 690 1538
2132 4 2 1 1 81 82 353 1956
2133 4 2 1 1 616 1583 819 1891
2134 4 2 1 1 839 696 1391 1370
2135 4 2 1 1 524 1105 1398 1456
2136 4 2 1 1 667 1123 903 1353
2137 4 2 1 1 839 1391 989 1644
2138 4 2 1 1 618 892 1150 1249
2139 4 2 1 1 1864 1130 1548 894
2140 4 2 1 1 1785 174 1628 154
2141 4 2 1 1 879 1500 777 1196
2142 4 2 1 1 1494 1308 1650 895
2143 4 2 1 1 647 1007 1029 998
2144 4 2 1 1 776 1346 1549 1003
2145 4 2 1 1 81 1956 353 1437
2146 4 2 1 1 1168 1602 960 1622
2147 4 2 1 1 644 1468 1374 1665
2148 4 2 1 1 872 1159 944 1803
2149 4 2 1 1 1336 1617 1762 636
2150 4 2 1 1 369 1613 371 966
2151 4 2 1 1 1063 1458 950 1464
2152 4 2 1 1 935 1274 637 1615
2153 4 2 1 1 613 1076 1279 1422
2154 4 2 1 1 792 1250 1431 1032
2155 4 2 1 1 1956 82 353 577
2156 4 2 1 1 727 1064 1097 1443
2157 4 2 1 1 734 1446 820 1890
2158 4 2 1 1 970 1102 680 1664
2159 4 2 1 1 1298 1522 904 1302
2160 4 2 1 1 1707 1483 1424 979
2161 4 2 1 1 657 1265 1160 1816
2162 4 2 1 1 824 1164 1157 1815
2163 4 2 1 1 796 927 1310 1337
2164 4 2 1 1 353 1956 1435 1437
2165 4 2 1 1 1656 1451 1086 1046
2166 4 2 1 1 1956 577 353 1435
2167 4 2 1 1 41 40 568 1434
2168 4 2 1 1 381 384 525 1110
2169 4 2 1 1 523 401 460 1310
2170 4 2 1 1 1162 1163 735 1278
2171 4 2 1 1 806 944 1200 1715
2172 4 2 1 1 1033 1498 941 690
2173 4 2 1 1 670 1109 841 1234
2174 4 2 1 1 668 835 1328 1641
2175 4 2 1 1 829 1060 1442 1771
2176 4 2 1 1 656 869 1408 1697
2177 4 2 1 1 1645 830 1289 1664
2178 4 2 1 1 727 1097 1064 1741
2179 4 2 1 1 670 1087 841 1356
2180 4 2 1 1 1296 1508 917 1720
2181 4 2 1 1 1929 1877 1248 1894
2182 4 2 1 1 894 1716 1110 390
2183 4 2 1 1 1305 1144 1825 1579
2184 4 2 1 1 1682 1020 1670 623
2185 4 2 1 1 992 1376 960 1750
2186 4 2 1 1 1853 903 1223 1603
2187 4 2 1 1 1547 512 549 422
2188 4 2 1 1 336 324 352 736
2189 4 2 1 1 1272 1632 731 1760
2190 4 2 1 1 1068 1526 1495 1868
2191 4 2 1 1 40 553 568 1434
2192 4 2 1 1 1297 950 1543 1805
2193 4 2 1 1 691 1063 950 1464
2194 4 2 1 1 960 1169 815 1921
2195 4 2 1 1 492 45 44 1955
2196 4 2 1 1 1214 1895 748 1320
2197 4 2 1 1 293 1410 710 1691
2198 4 2 1 1 926 1333 730 1344
2199 4 2 1 1 1955 492 45 575
2200 4 2 1 1 606 1060 1206 1666
2201 4 2 1 1 1411 1556 468 1579
2202 4 2 1 1 466 435 578 1705
2203 4 2 1 1 1242 638 1021 1726
2204 4 2 1 1 626 1003 1317 1346
2205 4 2 1 1 127 1066 1372 849
2206 4 2 1 1 608 1308 884 1436
2207 4 2 1 1 1403 1294 1703 973
2208 4 2 1 1 44 492 1955 1386
2209 4 2 1 1 1702 1716 894 1864
2210 4 2 1 1 1340 1444 818 1595
2211 4 2 1 1 912 1601 873 1776
2212 4 2 1 1 686 1257 1235 1751
2213 4 2 1 1 613 1320 1422 791
2214 4 2 1 1 226 1930 1963 1529
2215 4 2 1 1 884 1260 957 1436
2216 4 2 1 1 91 1074 1259 1629
2217 4 2 1 1 850 627 1093 1519
2218 4 2 1 1 928 1019 618 1635
2219 4 2 1 1 1882 1448 1834 889
2220 4 2 1 1 307 336 352 736
2221 4 2 1 1 320 1078 938 1850
2222 4 2 1 1 726 758 996 1658
2223 4 2 1 1 622 1333 1006 1897
2224 4 2 1 1 855 1347 1326 1641
2225 4 2 1 1 606 1206 1060 1241
2226 4 2 1 1 831 1225 1034 1432
2227 4 2 1 1 886 1064 727 1443
2228 4 2 1 1 1779 1955 1146 575
2229 4 2 1 1 801 626 1062 1307
2230 4 2 1 1 908 670 1087 1551
2231 4 2 1 1 1224 741 1552 1684
2232 4 2 1 1 25 26 128 1926
2233 4 2 1 1 853 1373 1334 936
2234 4 2 1 1 227 226 779 1529
2235 4 2 1 1 1226 1516 914 674
2236 4 2 1 1 1779 1955 575 492
2237 4 2 1 1 951 809 1307 1317
2238 4 2 1 1 908 1323 1087 1843
2239 4 2 1 1 823 1175 1035 1737
2240 4 2 1 1 1494 1650 1308 880
2241 4 2 1 1 1964 1651 1077 1699
2242 4 2 1 1 682 1524 1439 1842
2243 4 2 1 1 1954 80 505 81
2244 4 2 1 1 907 1261 744 1546
2245 4 2 1 1 401 1174 460 1310
2246 4 2 1 1 81 505 1954 1437
2247 4 2 1 1 879 651 830 644
2248 4 2 1 1 1882 1834 1448 417
2249 4 2 1 1 1248 1877 178 1270
2250 4 2 1 1 829 1528 1346 1669
2251 4 2 1 1 700 1352 1099 1904
2252 4 2 1 1 1070 1089 713 1011
2253 4 2 1 1 812 1271 1118 1575
2254 4 2 1 1 1098 1741 1023 727
2255 4 2 1 1 648 780 1030 990
2256 4 2 1 1 864 1484 1384 631
2257 4 2 1 1 1250 1315 787 1515
2258 4 2 1 1 917 1087 1688 1323
2259 4 2 1 1 505 1954 1437 1470
2260 4 2 1 1 676 1295 904 1895
2261 4 2 1 1 767 1111 1385 1640
2262 4 2 1 1 1080 1231 939 1902
2263 4 2 1 1 1012 1393 1241 1533
2264 4 2 1 1 1954 505 80 1470
2265 4 2 1 1 1006 697 1312 1897
2266 4 2 1 1 362 20 21 1953
2267 4 2 1 1 926 730 1333 1645
2268 4 2 1 1 664 1560 1285 1032
2269 4 2 1 1 730 1293 1469 1532
2270 4 2 1 1 593 17 1961 1957
2271 4 2 1 1 751 1083 913 628
2272 4 2 1 1 1266 1528 802 1725
2273 4 2 1 1 1034 1225 831 1551
2274 4 2 1 1 1438 268 1783 1126
2275 4 2 1 1 699 1075 1049 1424
2276 4 2 1 1 872 1244 1243 1511
2277 4 2 1 1 1676 1692 650 1874
2278 4 2 1 1 975 1175 823 1737
2279 4 2 1 1 613 1131 1004 1422
2280 4 2 1 1 621 1475 1201 1493
2281 4 2 1 1 458 1151 874 1504
2282 4 2 1 1 746 914 1031 1409
2283 4 2 1 1 713 1364 1229 831
2284 4 2 1 1 791 1320 971 613
2285 4 2 1 1 607 978 1377 1722
2286 4 2 1 1 778 1177 978 1321
2287 4 2 1 1 913 1205 769 1564
2288 4 2 1 1 637 954 1267 1363
2289 4 2 1 1 1541 1644 1370 839
2290 4 2 1 1 1033 1275 727 1542
2291 4 2 1 1 283 893 817 1537
2292 4 2 1 1 952 1611 1401 941
2293 4 2 1 1 691 903 1063 1464
2294 4 2 1 1 775 1090 961 1228
2295 4 2 1 1 1836 700 1170 1566
2296 4 2 1 1 1298 1522 1893 904
2297 4 2 1 1 1402 1474 652 797
2298 4 2 1 1 425 1510 427 910
2299 4 2 1 1 106 113 107 1629
2300 4 2 1 1 1040 1071 915 793
2301 4 2 1 1 447 1603 1777 445
2302 4 2 1 1 682 1337 1524 1842
2303 4 2 1 1 492 356 591 1386
2304 4 2 1 1 669 1276 1010 1509
2305 4 2 1 1 715 963 1134 1607
2306 4 2 1 1 661 1260 1231 1826
2307 4 2 1 1 685 1814 1062 1905
2308 4 2 1 1 434 945 1122 1547
2309 4 2 1 1 680 921 1207 1419
2310 4 2 1 1 786 1281 1504 1039
2311 4 2 1 1 137 1055 1054 1185
2312 4 2 1 1 478 891 1361 1756
2313 4 2 1 1 1864 1130 894 1636
2314 4 2 1 1 618 1389 1421 1730
2315 4 2 1 1 1585 872 1586 896
2316 4 2 1 1 809 1075 667 1353
2317 4 2 1 1 1116 1144 865 1825
2318 4 2 1 1 631 1814 958 1062
2319 4 2 1 1 890 1371 666 1490
2320 4 2 1 1 1953 362 20 600
2321 4 2 1 1 534 1151 1123 1777
2322 4 2 1 1 688 1063 903 1458
2323 4 2 1 1 197 1963 1925 1423
2324 4 2 1 1 1114 1038 1698 1786
2325 4 2 1 1 894 803 1110 1702
2326 4 2 1 1 747 1368 950 1543
2327 4 2 1 1 1391 1566 1373 675
2328 4 2 1 1 372 906 1520 1634
2329 4 2 1 1 846 1690 504 1772
2330 4 2 1 1 706 1326 1045 1831
2331 4 2 1 1 728 960 853 1750
2332 4 2 1 1 1034 1087 670 1551
2333 4 2 1 1 751 961 1050 1311
2334 4 2 1 1 832 661 793 1231
2335 4 2 1 1 682 1038 1337 714
2336 4 2 1 1 1067 1186 1185 1590
2337 4 2 1 1 1381 1641 855 1247
2338 4 2 1 1 1953 563 21 362
2339 4 2 1 1 380 1398 984 1456
2340 4 2 1 1 291 264 266 1681
2341 4 2 1 1 1086 622 1046 1451
2342 4 2 1 1 644 1347 1657 879
2343 4 2 1 1 1184 808 1454 1295
2344 4 2 1 1 362 600 1953 1765
2345 4 2 1 1 762 1347 1064 1610
2346 4 2 1 1 1086 1320 676 1841
2347 4 2 1 1 889 1222 760 1882
2348 4 2 1 1 651 923 1124 1102
2349 4 2 1 1 1891 914 1583 1198
2350 4 2 1 1 969 1406 769 1461
2351 4 2 1 1 607 970 1095 1722
2352 4 2 1 1 1522 964 1220 890
2353 4 2 1 1 1953 1982 131 21
2354 4 2 1 1 833 1204 912 1601
2355 4 2 1 1 632 964 1071 1339
2356 4 2 1 1 555 1518 465 981
2357 4 2 1 1 747 1364 1229 1011
2358 4 2 1 1 855 1247 753 1381
2359 4 2 1 1 743 1101 992 1622
2360 4 2 1 1 1310 1867 401 1885
2361 4 2 1 1 1071 1339 793 632
2362 4 2 1 1 711 852 1866 1323
2363 4 2 1 1 22 23 1952 259
2364 4 2 1 1 662 946 912 959
2365 4 2 1 1 1060 744 1206 1479
2366 4 2 1 1 859 1822 1058 846
2367 4 2 1 1 766 1482 1124 1844
2368 4 2 1 1 710 1813 1390 1851
2369 4 2 1 1 439 446 506 1353
2370 4 2 1 1 1013 411 1547 1700
2371 4 2 1 1 921 1102 1017 1539
2372 4 2 1 1 970 1377 1196 1664
2373 4 2 1 1 1952 302 22 259
2374 4 2 1 1 1952 1971 134 22
2375 4 2 1 1 1713 903 1853 1603
2376 4 2 1 1 725 1028 1360 1656
2377 4 2 1 1 969 1120 769 1564
2378 4 2 1 1 1339 1502 1195 1589
2379 4 2 1 1 730 1006 1416 1532
2380 4 2 1 1 1191 1234 776 1519
2381 4 2 1 1 621 1233 1042 1661
2382 4 2 1 1 1968 1074 1259 91
2383 4 2 1 1 697 1006 924 1900
2384 4 2 1 1 1287 1342 724 1616
2385 4 2 1 1 23 1952 259 1537
2386 4 2 1 1 985 1127 767 1385
2387 4 2 1 1 784 1426 1048 1692
2388 4 2 1 1 690 1611 952 941
2389 4 2 1 1 1896 1741 777 1500
2390 4 2 1 1 1213 424 1504 1910
2391 4 2 1 1 452 1354 857 1361
2392 4 2 1 1 9 10 1939 129
2393 4 2 1 1 874 1151 691 1281
2394 4 2 1 1 259 1537 1952 1691
2395 4 2 1 1 626 1346 1528 1669
2396 4 2 1 1 1381 1641 1247 668
2397 4 2 1 1 808 971 1086 1656
2398 4 2 1 1 845 1489 1172 1634
2399 4 2 1 1 354 69 68 1951
2400 4 2 1 1 588 69 354 1951
2401 4 2 1 1 1625 1326 1045 604
2402 4 2 1 1 689 1371 1242 1666
2403 4 2 1 1 1071 1339 964 1523
2404 4 2 1 1 1464 861 667 950
2405 4 2 1 1 122 928 817 1313
2406 4 2 1 1 728 960 1750 1761
2407 4 2 1 1 631 1814 1062 685
2408 4 2 1 1 354 1951 68 1654
2409 4 2 1 1 640 698 965 925
2410 4 2 1 1 369 371 370 966
2411 4 2 1 1 1311 1263 607 1050
2412 4 2 1 1 398 891 894 561
2413 4 2 1 1 1208 1346 829 1557
2414 4 2 1 1 855 1381 753 1299
2415 4 2 1 1 1064 1329 762 1610
2416 4 2 1 1 954 1142 1017 1207
2417 4 2 1 1 925 634 1497 1132
2418 4 2 1 1 1049 1075 699 1749
2419 4 2 1 1 399 544 1395 1649
2420 4 2 1 1 1895 1214 890 1522
2421 4 2 1 1 686 1235 1121 1751
2422 4 2 1 1 671 1571 1158 1651
2423 4 2 1 1 750 1413 972 1721
2424 4 2 1 1 761 1084 1299 1352
2425 4 2 1 1 354 588 1951 1854
2426 4 2 1 1 1096 1422 1004 1719
2427 4 2 1 1 1538 1214 1414 923
2428 4 2 1 1 886 1329 1064 1610
2429 4 2 1 1 1720 1323 917 1688
2430 4 2 1 1 746 1776 1149 1828
2431 4 2 1 1 753 1084 1277 1299
2432 4 2 1 1 399 906 542 1649
2433 4 2 1 1 634 1132 1526 1715
2434 4 2 1 1 354 1951 1654 1854
2435 4 2 1 1 1320 1422 1719 1131
2436 4 2 1 1 802 1009 1212 1725
2437 4 2 1 1 690 952 1194 941
2438 4 2 1 1 1042 1475 621 1493
2439 4 2 1 1 618 1249 810 1421
2440 4 2 1 1 1114 861 1368 1698
2441 4 2 1 1 1620 1138 1171 1253
2442 4 2 1 1 1462 1511 1633 847
2443 4 2 1 1 969 1205 769 1406
2444 4 2 1 1 925 1403 1316 1582
2445 4 2 1 1 901 1466 1186 1590
2446 4 2 1 1 659 1070 1004 1364
2447 4 2 1 1 713 1004 1070 1364
2448 4 2 1 1 202 13 14 1950
2449 4 2 1 1 999 1692 1676 1874
2450 4 2 1 1 1968 91 135 1074
2451 4 2 1 1 1140 998 1693 1427
2452 4 2 1 1 1836 700 1566 1047
2453 4 2 1 1 202 14 244 1950
2454 4 2 1 1 1178 1600 1101 1622
2455 4 2 1 1 1950 202 13 1186
2456 4 2 1 1 902 708 1218 1789
2457 4 2 1 1 1094 1397 649 990
2458 4 2 1 1 756 1241 1012 1393
2459 4 2 1 1 1767 1895 1522 1214
2460 4 2 1 1 715 1657 1262 1677
2461 4 2 1 1 1963 226 779 1423
2462 4 2 1 1 727 886 1443 1542
2463 4 2 1 1 1194 1493 690 1538
2464 4 2 1 1 832 1203 1231 1902
2465 4 2 1 1 418 1448 1173 1834
2466 4 2 1 1 202 1950 244 1067
2467 4 2 1 1 608 974 1431 1534
2468 4 2 1 1 1018 936 853 1180
2469 4 2 1 1 869 656 997 1697
2470 4 2 1 1 722 1105 889 1475
2471 4 2 1 1 810 1268 920 1343
2472 4 2 1 1 721 1361 1232 1497
2473 4 2 1 1 1250 1285 787 1032
2474 4 2 1 1 847 1120 1690 1819
2475 4 2 1 1 1381 1641 668 982
2476 4 2 1 1 1085 1287 658 1489
2477 4 2 1 1 763 1439 954 1755
2478 4 2 1 1 202 1950 1067 1186
2479 4 2 1 1 950 1458 1297 667
2480 4 2 1 1 682 995 1733 1056
2481 4 2 1 1 689 1479 1060 1206
2482 4 2 1 1 842 1261 909 1546
2483 4 2 1 1 1242 1021 638 994
2484 4 2 1 1 1813 1827 1390 1851
2485 4 2 1 1 1012 1241 756 958
2486 4 2 1 1 744 1241 1012 958
2487 4 2 1 1 1079 724 1539 1901
2488 4 2 1 1 627 1234 1093 1519
2489 4 2 1 1 1004 1422 1131 1719
2490 4 2 1 1 858 1193 1124 1538
2491 4 2 1 1 975 1113 1079 1901
2492 4 2 1 1 709 1165 1340 1718
2493 4 2 1 1 1211 1368 861 1698
2494 4 2 1 1 65 1 1980 244
2495 4 2 1 1 290 1648 665 1783
2496 4 2 1 1 1000 858 690 1498
2497 4 2 1 1 891 564 1501 1756
2498 4 2 1 1 1720 1323 1688 606
2499 4 2 1 1 319 1078 678 1476
2500 4 2 1 1 752 1966 196 144
2501 4 2 1 1 842 1384 958 1121
2502 4 2 1 1 607 1377 970 1722
2503 4 2 1 1 747 950 1368 1485
2504 4 2 1 1 1250 1515 787 1868
2505 4 2 1 1 815 1169 960 1761
2506 4 2 1 1 1245 1461 641 1120
2507 4 2 1 1 830 926 644 1043
2508 4 2 1 1 1419 1348 1580 888
2509 4 2 1 1 1082 1429 772 1485
2510 4 2 1 1 293 274 296 710
2511 4 2 1 1 640 965 1401 925
2512 4 2 1 1 977 650 1139 1874
2513 4 2 1 1 786 1281 1151 1504
2514 4 2 1 1 1729 583 1949 500
2515 4 2 1 1 903 667 1353 1838
2516 4 2 1 1 1117 630 1278 1807
2517 4 2 1 1 313 1846 1074 1873
2518 4 2 1 1 801 1367 1307 1450
2519 4 2 1 1 847 1245 1120 1461
2520 4 2 1 1 773 1042 1378 1661
2521 4 2 1 1 933 1056 733 1162
2522 4 2 1 1 647 1022 1103 1559
2523 4 2 1 1 1371 1442 666 1490
2524 4 2 1 1 848 1346 1317 1549
2525 4 2 1 1 1341 1499 966 1870
2526 4 2 1 1 889 1105 722 1834
2527 4 2 1 1 307 347 336 1246
2528 4 2 1 1 1949 42 43 500
2529 4 2 1 1 690 1194 1000 941
2530 4 2 1 1 42 1949 583 500
2531 4 2 1 1 640 1401 965 1472
2532 4 2 1 1 913 1083 751 1221
2533 4 2 1 1 941 1033 974 1589
2534 4 2 1 1 656 916 1296 1875
2535 4 2 1 1 900 1774 1605 214
2536 4 2 1 1 828 958 1062 1669
2537 4 2 1 1 609 1214 1000 1490
2538 4 2 1 1 1140 1915 1379 694
2539 4 2 1 1 955 1098 621 1482
2540 4 2 1 1 1102 1694 923 1903
2541 4 2 1 1 904 762 1135 1329
2542 4 2 1 1 975 823 1428 1737
2543 4 2 1 1 723 1672 1152 1899
2544 4 2 1 1 731 1351 1273 1396
2545 4 2 1 1 43 1949 500 1729
2546 4 2 1 1 1376 853 960 1750
2547 4 2 1 1 989 1391 675 1606
2548 4 2 1 1 616 1145 1081 1331
2549 4 2 1 1 880 1308 1097 1743
2550 4 2 1 1 1021 791 1242 1726
2551 4 2 1 1 1948 70 71 363
2552 4 2 1 1 1006 1644 924 1900
2553 4 2 1 1 1419 1580 1348 868
2554 4 2 1 1 1948 585 70 363
2555 4 2 1 1 1948 363 71 1860
2556 4 2 1 1 855 1347 1381 1299
2557 4 2 1 1 1795 946 1438 268
2558 4 2 1 1 989 1446 1391 1517
2559 4 2 1 1 769 847 1120 1461
2560 4 2 1 1 384 1110 381 1398
2561 4 2 1 1 418 1173 414 1834
2562 4 2 1 1 672 1296 1536 1531
2563 4 2 1 1 682 995 1056 1524
2564 4 2 1 1 147 1283 171 1877
2565 4 2 1 1 605 924 1065 1370
2566 4 2 1 1 1508 1323 916 711
2567 4 2 1 1 636 992 1101 1622
2568 4 2 1 1 1754 1282 140 878
2569 4 2 1 1 639 1571 1455 1128
2570 4 2 1 1 467 601 596 1780
2571 4 2 1 1 764 1521 1093 1627
2572 4 2 1 1 1079 1175 881 1698
2573 4 2 1 1 773 1098 1042 1661
2574 4 2 1 1 621 1042 1098 1661
2575 4 2 1 1 1207 1580 1419 1787
2576 4 2 1 1 1982 1239 806 1953
2577 4 2 1 1 1878 962 485 1069
2578 4 2 1 1 855 1277 1247 1467
2579 4 2 1 1 1702 1717 952 1513
2580 4 2 1 1 1794 1317 951 1307
2581 4 2 1 1 833 946 912 1204
2582 4 2 1 1 933 733 1056 1238
2583 4 2 1 1 405 424 1213 1910
2584 4 2 1 1 890 1302 964 1552
2585 4 2 1 1 558 1612 1143 1820
2586 4 2 1 1 589 477 1687 1840
2587 4 2 1 1 226 1930 1529 203
2588 4 2 1 1 488 451 503 1898
2589 4 2 1 1 755 1035 1541 1770
2590 4 2 1 1 896 1461 1406 1728
2591 4 2 1 1 224 1605 1466 1774
2592 4 2 1 1 585 363 1948 1860
2593 4 2 1 1 1017 1428 921 1539
2594 4 2 1 1 1713 903 1603 688
2595 4 2 1 1 297 253 704 1257
2596 4 2 1 1 777 963 1478 1609
2597 4 2 1 1 626 1528 1346 1725
2598 4 2 1 1 503 489 488 1898
2599 4 2 1 1 1947 41 42 358
2600 4 2 1 1 703 1192 1355 1550
2601 4 2 1 1 478 891 1756 564
2602 4 2 1 1 755 630 1035 1770
2603 4 2 1 1 235 232 216 1426
2604 4 2 1 1 479 1106 566 453
2605 4 2 1 1 625 1337 1038 927
2606 4 2 1 1 822 1493 1194 1538
2607 4 2 1 1 42 1947 358 583
2608 4 2 1 1 1222 1280 1678 889
2609 4 2 1 1 1947 41 358 1811
2610 4 2 1 1 464 461 420 1301
2611 4 2 1 1 601 491 596 1780
2612 4 2 1 1 890 1522 1302 1895
2613 4 2 1 1 1962 1390 115 1827
2614 4 2 1 1 883 1424 382 1707
2615 4 2 1 1 923 1124 1102 1903
2616 4 2 1 1 358 583 1947 1811
2617 4 2 1 1 908 1323 711 1866
2618 4 2 1 1 965 1472 803 1808
2619 4 2 1 1 1576 1580 610 933
2620 4 2 1 1 706 1610 982 1641
2621 4 2 1 1 994 1145 1031 1593
2622 4 2 1 1 1042 1233 621 1475
2623 4 2 1 1 889 1448 1222 1882
2624 4 2 1 1 650 1692 1676 784
2625 4 2 1 1 1131 1674 774 1742
2626 4 2 1 1 254 1248 1036 1922
2627 4 2 1 1 793 1339 1195 1589
2628 4 2 1 1 1946 16 15 485
2629 4 2 1 1 842 1384 1121 1751
2630 4 2 1 1 1946 1980 133 1067
2631 4 2 1 1 870 1197 807 1847
2632 4 2 1 1 634 944 1285 1497
2633 4 2 1 1 1753 1613 1820 897
2634 4 2 1 1 841 1356 1087 1688
2635 4 2 1 1 495 1477 496 1612
2636 4 2 1 1 786 1114 1453 1527
2637 4 2 1 1 428 427 1243 1584
2638 4 2 1 1 613 1076 813 1279
2639 4 2 1 1 1946 16 485 962
2640 4 2 1 1 1179 1197 870 1736
2641 4 2 1 1 1334 1566 953 1598
2642 4 2 1 1 824 1233 1091 1413
2643 4 2 1 1 1946 1980 15 133
2644 4 2 1 1 485 1946 962 1067
2645 4 2 1 1 313 59 60 1945
2646 4 2 1 1 664 885 1799 1801
2647 4 2 1 1 760 1222 1507 1753
2648 4 2 1 1 914 1198 1027 1583
2649 4 2 1 1 364 598 477 1840
2650 4 2 1 1 685 1484 1013 1062
2651 4 2 1 1 745 1170 1119 1606
2652 4 2 1 1 1038 1324 1175 1786
2653 4 2 1 1 1945 1977 247 1074
2654 4 2 1 1 1065 1674 1070 1742
2655 4 2 1 1 92 1390 116 115
2656 4 2 1 1 512 951 1450 1480
2657 4 2 1 1 695 1143 1058 1675
2658 4 2 1 1 777 963 1609 1176
2659 4 2 1 1 1308 1443 1097 1743
2660 4 2 1 1 787 749 1200 1868
2661 4 2 1 1 890 1371 1490 748
2662 4 2 1 1 1265 907 744 1546
2663 4 2 1 1 95 1585 1239 1586
2664 4 2 1 1 230 242 198 1655
2665 4 2 1 1 852 1242 1279 791
2666 4 2 1 1 419 1448 1222 1810
2667 4 2 1 1 369 1613 966 1341
2668 4 2 1 1 1266 829 1528 1725
2669 4 2 1 1 1059 1331 862 1392
2670 4 2 1 1 990 168 175 1030
2671 4 2 1 1 911 1073 669 838
2672 4 2 1 1 1968 28 135 91
2673 4 2 1 1 1027 1343 674 1149
2674 4 2 1 1 756 1309 1127 1003
2675 4 2 1 1 60 313 1945 335
2676 4 2 1 1 640 952 1401 1472
2677 4 2 1 1 498 492 591 1386
2678 4 2 1 1 644 1043 926 1374
2679 4 2 1 1 644 1347 879 762
2680 4 2 1 1 797 1824 988 1914
2681 4 2 1 1 733 1163 1162 1278
2682 4 2 1 1 746 1486 1776 1828
2683 4 2 1 1 98 1156 770 1503
2684 4 2 1 1 640 952 1472 1702
2685 4 2 1 1 1896 1741 1500 1064
2686 4 2 1 1 711 1242 1021 1279
2687 4 2 1 1 677 1283 899 1667
2688 4 2 1 1 607 1095 1321 1722
2689 4 2 1 1 432 468 1556 1579
2690 4 2 1 1 1006 1312 697 1065
2691 4 2 1 1 932 1572 609 887
2692 4 2 1 1 957 793 1231 1315
2693 4 2 1 1 699 1227 1483 1572
2694 4 2 1 1 335 313 1945 1873
2695 4 2 1 1 925 1497 1232 1132
2696 4 2 1 1 1500 1193 1064 1741
2697 4 2 1 1 785 780 1879 647
2698 4 2 1 1 1938 5 39 189
2699 4 2 1 1 722 1233 1042 1475
2700 4 2 1 1 508 411 409 1202
2701 4 2 1 1 556 1243 427 1510
2702 4 2 1 1 660 1327 887 1727
2703 4 2 1 1 621 1098 1042 1493
2704 4 2 1 1 53 148 1942 191
2705 4 2 1 1 1287 1489 1085 1740
2706 4 2 1 1 313 1074 1945 1873
2707 4 2 1 1 1945 1977 59 247
2708 4 2 1 1 639 1571 1128 901
2709 4 2 1 1 955 1193 1500 1741
2710 4 2 1 1 777 955 1500 1741
2711 4 2 1 1 818 1778 1340 1595
2712 4 2 1 1 620 1355 1258 1845
2713 4 2 1 1 1265 744 907 1206
2714 4 2 1 1 645 877 1187 1465
2715 4 2 1 1 757 1107 1028 1750
2716 4 2 1 1 737 1530 1477 1918
2717 4 2 1 1 646 1180 936 1181
2718 4 2 1 1 262 260 261 986
2719 4 2 1 1 1944 13 12 243
2720 4 2 1 1 380 524 1398 1456
2721 4 2 1 1 12 1944 243 200
2722 4 2 1 1 1203 1601 1204 1857
2723 4 2 1 1 1944 13 243 1186
2724 4 2 1 1 961 1311 751 628
2725 4 2 1 1 763 1267 954 1439
2726 4 2 1 1 325 1894 311 798
2727 4 2 1 1 904 1895 1625 1302
2728 4 2 1 1 369 1613 1341 554
2729 4 2 1 1 605 1065 924 1463
2730 4 2 1 1 415 410 412 1450
2731 4 2 1 1 864 1121 686 1435
2732 4 2 1 1 1646 1626 1754 911
2733 4 2 1 1 757 1028 1447 1750
2734 4 2 1 1 717 1250 925 1582
2735 4 2 1 1 635 1068 1515 1608
2736 4 2 1 1 1626 1944 200 243
2737 4 2 1 1 639 1571 901 1590
2738 4 2 1 1 690 1194 952 1493
2739 4 2 1 1 910 1245 1173 1510
2740 4 2 1 1 1006 730 1344 1532
2741 4 2 1 1 1010 1230 1100 1473
2742 4 2 1 1 79 359 1943 80
2743 4 2 1 1 1341 539 1613 1820
2744 4 2 1 1 80 359 1943 580
2745 4 2 1 1 1021 613 1279 791
2746 4 2 1 1 1650 608 895 1308
2747 4 2 1 1 1442 1490 1371 748
2748 4 2 1 1 1376 1447 1028 1750
2749 4 2 1 1 769 1153 847 1462
2750 4 2 1 1 965 803 698 1808
2751 4 2 1 1 664 1032 1159 1738
2752 4 2 1 1 489 79 359 1943
2753 4 2 1 1 814 1381 1347 1299
2754 4 2 1 1 1047 1662 948 700
2755 4 2 1 1 641 1461 969 1120
2756 4 2 1 1 720 1062 1013 1484
2757 4 2 1 1 398 891 561 564
2758 4 2 1 1 1124 1102 724 1759
2759 4 2 1 1 868 1580 1747 1787
2760 4 2 1 1 682 967 1056 1733
2761 4 2 1 1 898 1198 1147 1254
2762 4 2 1 1 151 1146 1291 1521
2763 4 2 1 1 770 1205 913 1430
2764 4 2 1 1 512 1480 1450 1547
2765 4 2 1 1 881 1070 1065 1674
2766 4 2 1 1 724 1102 1124 1903
2767 4 2 1 1 829 1442 1266 1771
2768 4 2 1 1 1943 359 489 983
2769 4 2 1 1 753 1100 1230 1473
2770 4 2 1 1 530 1353 476 1809
2771 4 2 1 1 1000 1498 690 941
2772 4 2 1 1 1943 1322 580 359
2773 4 2 1 1 697 924 1006 1065
2774 4 2 1 1 1846 795 324 1769
2775 4 2 1 1 1211 1011 747 1559
2776 4 2 1 1 22 23 125 1952
2777 4 2 1 1 765 1407 1035 1463
2778 4 2 1 1 908 711 813 1866
2779 4 2 1 1 801 626 1307 1792
2780 4 2 1 1 822 1482 1124 1616
2781 4 2 1 1 1175 1324 765 1786
2782 4 2 1 1 425 470 1510 1173
2783 4 2 1 1 969 769 1205 1564
2784 4 2 1 1 860 1483 1227 1572
2785 4 2 1 1 705 1441 1008 1889
2786 4 2 1 1 612 973 1294 1403
2787 4 2 1 1 663 1799 1800 957
2788 4 2 1 1 1770 1900 1644 633
2789 4 2 1 1 636 1101 1600 1622
2790 4 2 1 1 842 1121 958 1215
2791 4 2 1 1 1943 1322 359 983
2792 4 2 1 1 512 951 1480 431
2793 4 2 1 1 1609 1478 1631 1083
2794 4 2 1 1 658 860 1113 1342
2795 4 2 1 1 409 1574 408 1679
2796 4 2 1 1 616 1392 819 1583
2797 4 2 1 1 604 876 1154 1731
2798 4 2 1 1 1294 1403 851 1582
2799 4 2 1 1 932 1194 1513 1727
2800 4 2 1 1 907 1479 689 1206
2801 4 2 1 1 1942 54 53 338
2802 4 2 1 1 1942 1972 191 1529
2803 4 2 1 1 441 1504 1039 1839
2804 4 2 1 1 656 1408 916 1875
2805 4 2 1 1 1942 1972 53 191
2806 4 2 1 1 802 1212 1009 1749
2807 4 2 1 1 840 994 1145 1171
2808 4 2 1 1 380 984 531 1456
2809 4 2 1 1 637 1274 972 1615
2810 4 2 1 1 662 912 946 1204
2811 4 2 1 1 654 867 1325 1744
2812 4 2 1 1 391 1304 1110 1732
2813 4 2 1 1 1327 666 887 1727
2814 4 2 1 1 1942 338 1529 1660
2815 4 2 1 1 677 1026 1591 899
2816 4 2 1 1 1964 1651 1699 781
2817 4 2 1 1 284 1235 844 1435
2818 4 2 1 1 1942 332 54 338
2819 4 2 1 1 1341 539 1820 557
2820 4 2 1 1 670 1087 1034 776
2821 4 2 1 1 1942 1979 177 54
2822 4 2 1 1 1311 1083 750 1478
2823 4 2 1 1 27 26 257 1941
2824 4 2 1 1 715 1134 963 1418
2825 4 2 1 1 1706 741 1684 915
2826 4 2 1 1 899 1283 678 1667
2827 4 2 1 1 624 1097 1748 1896
2828 4 2 1 1 950 1063 691 1429
2829 4 2 1 1 1311 1263 1050 751
2830 4 2 1 1 1941 257 27 299
2831 4 2 1 1 1311 1263 751 1478
2832 4 2 1 1 720 1003 1127 1794
2833 4 2 1 1 1650 608 1308 884
2834 4 2 1 1 26 257 1941 1014
2835 4 2 1 1 1009 1212 626 1792
2836 4 2 1 1 764 1234 1109 1784
2837 4 2 1 1 604 1154 876 1454
2838 4 2 1 1 798 1877 1283 1894
2839 4 2 1 1 267 271 268 1783
2840 4 2 1 1 232 1048 1273 1426
2841 4 2 1 1 1164 1661 1023 1815
2842 4 2 1 1 1095 1142 766 1862
2843 4 2 1 1 1258 652 754 1908
2844 4 2 1 1 692 1217 919 1588
2845 4 2 1 1 257 299 1941 806
2846 4 2 1 1 1321 1615 1455 1696
2847 4 2 1 1 257 806 1941 1014
2848 4 2 1 1 1753 1820 1613 539
2849 4 2 1 1 757 1379 1182 1750
2850 4 2 1 1 516 1304 1002 1574
2851 4 2 1 1 476 1353 1075 1809
2852 4 2 1 1 283 24 23 1940
2853 4 2 1 1 366 1699 1477 1781
2854 4 2 1 1 1561 1978 817 87
2855 4 2 1 1 1311 1083 1478 751
2856 4 2 1 1 853 953 1334 1566
2857 4 2 1 1 119 1282 104 654
2858 4 2 1 1 283 1940 23 1537
2859 4 2 1 1 933 1238 701 1251
2860 4 2 1 1 1017 1142 680 1207
2861 4 2 1 1 897 1507 1222 1753
2862 4 2 1 1 525 1110 391 1304
2863 4 2 1 1 664 1159 896 1738
2864 4 2 1 1 755 839 1141 1189
2865 4 2 1 1 1155 1379 1332 1915
2866 4 2 1 1 1058 1143 695 1810
2867 4 2 1 1 1940 1978 87 817
2868 4 2 1 1 1037 641 1618 1378
2869 4 2 1 1 730 1469 1344 1532
2870 4 2 1 1 738 1308 1436 884
2871 4 2 1 1 1940 283 817 1537
2872 4 2 1 1 758 996 1658 1595
2873 4 2 1 1 659 1096 1004 1719
2874 4 2 1 1 528 455 392 1424
2875 4 2 1 1 932 1483 860 1572
2876 4 2 1 1 382 1049 529 1424
2877 4 2 1 1 624 1290 1443 1610
2878 4 2 1 1 1825 1703 1403 1132
2879 4 2 1 1 646 1180 1140 1182
2880 4 2 1 1 705 1115 1336 1492
2881 4 2 1 1 941 1041 1220 1502
2882 4 2 1 1 1113 1287 724 1901
2883 4 2 1 1 668 811 988 987
2884 4 2 1 1 725 1086 1451 1742
2885 4 2 1 1 1940 1978 24 87
2886 4 2 1 1 892 873 1150 1249
2887 4 2 1 1 1074 1939 247 204
2888 4 2 1 1 1687 981 354 1854
2889 4 2 1 1 667 950 1458 1464
2890 4 2 1 1 664 885 1014 1560
2891 4 2 1 1 1294 1001 1608 1892
2892 4 2 1 1 774 923 1320 1841
2893 4 2 1 1 1226 1625 1516 674
2894 4 2 1 1 965 698 1116 1403
2895 4 2 1 1 918 908 670 1843
2896 4 2 1 1 1854 733 1278 1163
2897 4 2 1 1 1706 741 915 674
2898 4 2 1 1 1154 1366 876 1454
2899 4 2 1 1 1083 1478 963 1609
2900 4 2 1 1 1243 872 1765 1803
2901 4 2 1 1 1155 694 1379 1915
2902 4 2 1 1 715 1176 963 1196
2903 4 2 1 1 1102 1539 921 1897
2904 4 2 1 1 881 1175 765 1698
2905 4 2 1 1 647 1011 1229 998
2906 4 2 1 1 1789 1420 902 835
2907 4 2 1 1 503 451 582 1898
2908 4 2 1 1 636 1101 1336 1617
2909 4 2 1 1 848 1458 1297 1805
2910 4 2 1 1 710 1691 1410 1851
2911 4 2 1 1 1728 1738 1406 896
2912 4 2 1 1 1035 1175 765 1463
2913 4 2 1 1 964 1371 689 1479
2914 4 2 1 1 9 10 204 1939
2915 4 2 1 1 737 1143 1274 1675
2916 4 2 1 1 890 1371 791 1552
2917 4 2 1 1 224 1186 901 1466
2918 4 2 1 1 636 1168 898 1169
2919 4 2 1 1 822 1387 932 1717
2920 4 2 1 1 1003 1309 1127 1519
2921 4 2 1 1 765 930 1407 1592
2922 4 2 1 1 957 1260 884 1802
2923 4 2 1 1 1137 907 909 702
2924 4 2 1 1 936 1180 646 1183
2925 4 2 1 1 848 776 1346 1549
2926 4 2 1 1 909 1294 842 1886
2927 4 2 1 1 1019 1389 618 1635
2928 4 2 1 1 204 247 9 1939
2929 4 2 1 1 828 1327 1072 666
2930 4 2 1 1 1378 1577 641 1618
2931 4 2 1 1 716 1432 1225 1637
2932 4 2 1 1 1221 1325 770 1744
2933 4 2 1 1 327 1660 317 1907
2934 4 2 1 1 491 440 490 1623
2935 4 2 1 1 1439 701 954 1755
2936 4 2 1 1 903 688 1458 1838
2937 4 2 1 1 1395 372 1520 370
2938 4 2 1 1 900 1177 650 1563
2939 4 2 1 1 1011 1559 1211 1879
2940 4 2 1 1 1206 1875 818 1621
2941 4 2 1 1 716 1432 1103 1858
2942 4 2 1 1 999 1488 1465 1563
2943 4 2 1 1 1792 1327 626 1009
2944 4 2 1 1 1025 1776 1486 1828
2945 4 2 1 1 771 614 1397 1711
2946 4 2 1 1 929 1235 842 1816
2947 4 2 1 1 780 1030 1029 647
2948 4 2 1 1 369 1613 554 371
2949 4 2 1 1 497 552 578 1614
2950 4 2 1 1 841 1234 627 1309
2951 4 2 1 1 637 1363 935 1773
2952 4 2 1 1 378 528 392 1424
2953 4 2 1 1 735 1747 1303 821
2954 4 2 1 1 241 1975 1074 204
2955 4 2 1 1 1107 1376 1028 1750
2956 4 2 1 1 877 1465 999 1488
2957 4 2 1 1 1028 1255 757 1830
2958 4 2 1 1 129 1975 10 1939
2959 4 2 1 1 934 687 1703 1608
2960 4 2 1 1 670 908 1225 1551
2961 4 2 1 1 794 1401 1316 941
2962 4 2 1 1 890 1895 791 748
2963 4 2 1 1 245 771 234 1092
2964 4 2 1 1 841 1109 670 1356
2965 4 2 1 1 633 1166 989 1723
2966 4 2 1 1 622 1006 1333 1344
2967 4 2 1 1 816 1142 1207 1722
2968 4 2 1 1 246 5 39 1938
2969 4 2 1 1 696 1089 998 757
2970 4 2 1 1 1448 1678 1222 1810
2971 4 2 1 1 982 1347 814 1381
2972 4 2 1 1 1079 724 1414 1903
2973 4 2 1 1 679 1055 1185 1619
2974 4 2 1 1 668 1328 1420 811
2975 4 2 1 1 246 1938 39 1216
2976 4 2 1 1 750 1157 1091 1413
2977 4 2 1 1 824 1564 969 1815
2978 4 2 1 1 720 1385 1484 1547
2979 4 2 1 1 378 979 1388 1906
2980 4 2 1 1 1556 1700 864 1704
2981 4 2 1 1 607 1050 1263 1488
2982 4 2 1 1 1254 819 1147 678
2983 4 2 1 1 1292 1416 730 1419
2984 4 2 1 1 1141 991 649 990
2985 4 2 1 1 909 1659 1001 702
2986 4 2 1 1 1222 1678 1280 695
2987 4 2 1 1 1054 1565 628 913
2988 4 2 1 1 1147 1198 898 1617
2989 4 2 1 1 890 791 1371 748
2990 4 2 1 1 663 1560 1799 957
2991 4 2 1 1 1694 1841 923 1903
2992 4 2 1 1 605 1211 881 1463
2993 4 2 1 1 1929 1877 1894 181
2994 4 2 1 1 628 1091 1157 1565
2995 4 2 1 1 612 1403 1294 1582
2996 4 2 1 1 1051 629 1394 1039
2997 4 2 1 1 192 1270 677 1404
2998 4 2 1 1 904 1298 1045 1831
2999 4 2 1 1 917 1087 1843 1356
3000 4 2 1 1 1007 1915 799 1140
3001 4 2 1 1 817 1019 893 1506
3002 4 2 1 1 750 955 1349 1631
3003 4 2 1 1 611 1543 1057 831
3004 4 2 1 1 826 1372 867 1817
3005 4 2 1 1 812 1362 1015 1802
3006 4 2 1 1 1049 1367 1796 1809
3007 4 2 1 1 654 867 1744 1888
3008 4 2 1 1 1002 1304 801 1574
3009 4 2 1 1 893 290 1783 273
3010 4 2 1 1 1138 1319 1104 1643
3011 4 2 1 1 1982 1239 1953 131
3012 4 2 1 1 797 1389 1730 652
3013 4 2 1 1 1538 1414 1214 609
3014 4 2 1 1 1133 1469 926 1665
3015 4 2 1 1 1137 1444 909 907
3016 4 2 1 1 677 940 899 1441
3017 4 2 1 1 1317 1346 848 1725
3018 4 2 1 1 1050 1311 775 1321
3019 4 2 1 1 1937 20 19 480
3020 4 2 1 1 612 1294 1261 1659
3021 4 2 1 1 894 546 1548 389
3022 4 2 1 1 636 1168 960 1622
3023 4 2 1 1 1075 1527 805 1024
3024 4 2 1 1 20 1937 600 480
3025 4 2 1 1 1304 1574 516 1796
3026 4 2 1 1 639 1571 1590 1455
3027 4 2 1 1 347 1423 333 779
3028 4 2 1 1 1014 1200 806 1239
3029 4 2 1 1 537 463 538 1525
3030 4 2 1 1 675 1170 1119 1566
3031 4 2 1 1 695 1496 1058 1678
3032 4 2 1 1 197 1963 1423 226
3033 4 2 1 1 1236 1599 614 1711
3034 4 2 1 1 1462 1633 1511 117
3035 4 2 1 1 19 1937 480 1511
3036 4 2 1 1 322 795 320 938
3037 4 2 1 1 1321 1764 1615 1095
3038 4 2 1 1 707 1192 942 1338
3039 4 2 1 1 1077 1477 366 1699
3040 4 2 1 1 1206 1265 1621 907
3041 4 2 1 1 1039 1504 1213 1839
3042 4 2 1 1 1023 1661 1577 1815
3043 4 2 1 1 615 1469 1133 1665
3044 4 2 1 1 1028 757 1447 1830
3045 4 2 1 1 710 1537 296 1691
3046 4 2 1 1 625 1175 1079 1698
3047 4 2 1 1 1079 881 1375 1698
3048 4 2 1 1 410 1013 412 1450
3049 4 2 1 1 662 956 920 1249
3050 4 2 1 1 612 1116 973 1403
3051 4 2 1 1 803 390 1501 894
3052 4 2 1 1 600 480 1937 1511
3053 4 2 1 1 399 1395 906 1649
3054 4 2 1 1 595 452 488 1714
3055 4 2 1 1 801 1574 1304 1796
3056 4 2 1 1 1174 1440 1733 682
3057 4 2 1 1 1788 1030 168 991
3058 4 2 1 1 614 936 1397 1711
3059 4 2 1 1 339 1410 1691 1851
3060 4 2 1 1 1206 818 1875 1408
3061 4 2 1 1 741 964 1302 1552
3062 4 2 1 1 938 652 1813 1827
3063 4 2 1 1 671 900 1158 1571
3064 4 2 1 1 1140 1693 998 1007
3065 4 2 1 1 91 1259 107 1629
3066 4 2 1 1 870 807 1468 1847
3067 4 2 1 1 856 918 643 1915
3068 4 2 1 1 812 928 1318 1512
3069 4 2 1 1 695 1274 1143 1675
3070 4 2 1 1 1975 740 1754 1881
3071 4 2 1 1 561 546 1130 894
3072 4 2 1 1 91 107 1259 121
3073 4 2 1 1 1936 575 45 361
3074 4 2 1 1 727 1193 1098 1741
3075 4 2 1 1 1955 150 1936 45
3076 4 2 1 1 677 1026 899 1283
3077 4 2 1 1 731 1348 1292 784
3078 4 2 1 1 1182 1332 1183 1889
3079 4 2 1 1 755 1189 1141 1724
3080 4 2 1 1 772 905 186 947
3081 4 2 1 1 611 1543 831 1712
3082 4 2 1 1 682 1056 967 1439
3083 4 2 1 1 1506 1249 956 1852
3084 4 2 1 1 1982 27 3 299
3085 4 2 1 1 795 1219 1355 1550
3086 4 2 1 1 856 643 1155 1915
3087 4 2 1 1 1170 1685 948 1836
3088 4 2 1 1 927 714 1213 1885
3089 4 2 1 1 750 1349 955 1721
3090 4 2 1 1 681 1358 986 1573
3091 4 2 1 1 1336 1617 1101 759
3092 4 2 1 1 674 1604 1268 919
3093 4 2 1 1 1053 1633 1819 1153
3094 4 2 1 1 730 1469 977 1645
3095 4 2 1 1 1597 575 1936 361
3096 4 2 1 1 337 57 58 1935
3097 4 2 1 1 680 1377 1139 1491
3098 4 2 1 1 1935 348 58 337
3099 4 2 1 1 658 1342 1387 1483
3100 4 2 1 1 631 1385 1062 756
3101 4 2 1 1 791 971 1320 1895
3102 4 2 1 1 1093 1521 1386 1627
3103 4 2 1 1 293 274 710 1410
3104 4 2 1 1 1769 1402 1259 789
3105 4 2 1 1 1051 1394 1837 1039
3106 4 2 1 1 1226 1045 1625 674
3107 4 2 1 1 925 1582 1250 851
3108 4 2 1 1 711 1253 908 813
3109 4 2 1 1 900 1466 1563 800
3110 4 2 1 1 739 1120 1091 1689
3111 4 2 1 1 842 1384 1751 612
3112 4 2 1 1 669 838 1073 1652
3113 4 2 1 1 1321 816 1615 1696
3114 4 2 1 1 697 881 1175 1463
3115 4 2 1 1 692 914 1198 919
3116 4 2 1 1 1117 735 630 1303
3117 4 2 1 1 1323 1720 1508 916
3118 4 2 1 1 792 1285 1250 1032
3119 4 2 1 1 626 1009 1327 1528
3120 4 2 1 1 400 1710 1213 1885
3121 4 2 1 1 1935 1976 190 58
3122 4 2 1 1 869 746 1409 1486
3123 4 2 1 1 951 1307 809 1367
3124 4 2 1 1 1168 1921 960 1602
3125 4 2 1 1 662 873 1204 1249
3126 4 2 1 1 963 827 1221 1609
3127 4 2 1 1 700 953 1459 1904
3128 4 2 1 1 780 1141 1181 990
3129 4 2 1 1 238 219 231 1873
3130 4 2 1 1 1096 802 1266 1570
3131 4 2 1 1 1702 1716 1864 712
3132 4 2 1 1 175 990 1030 1471
3133 4 2 1 1 384 390 391 1110
3134 4 2 1 1 1283 337 57 315
3135 4 2 1 1 607 1488 1263 1607
3136 4 2 1 1 617 1601 1486 1776
3137 4 2 1 1 1548 1864 1105 722
3138 4 2 1 1 503 582 1765 1898
3139 4 2 1 1 1051 1240 629 1039
3140 4 2 1 1 30 29 1931 121
3141 4 2 1 1 1021 1447 1492 813
3142 4 2 1 1 914 1516 1226 790
3143 4 2 1 1 1224 1408 1778 689
3144 4 2 1 1 337 1283 1935 1894
3145 4 2 1 1 1004 1096 684 1422
3146 4 2 1 1 539 388 1613 1753
3147 4 2 1 1 225 36 35 1871
3148 4 2 1 1 1119 1360 788 1391
3149 4 2 1 1 667 903 1123 1464
3150 4 2 1 1 620 1005 804 1662
3151 4 2 1 1 225 1966 1094 199
3152 4 2 1 1 767 1111 985 1385
3153 4 2 1 1 436 1058 471 1772
3154 4 2 1 1 1540 186 947 772
3155 4 2 1 1 680 1139 1419 1491
3156 4 2 1 1 1846 795 1769 1258
3157 4 2 1 1 1871 237 35 225
3158 4 2 1 1 139 127 105 1402
3159 4 2 1 1 668 811 1420 1730
3160 4 2 1 1 181 1929 47 190
3161 4 2 1 1 972 1764 1274 1849
3162 4 2 1 1 782 1374 1099 1043
3163 4 2 1 1 705 1115 1404 1441
3164 4 2 1 1 1058 1143 859 1675
3165 4 2 1 1 493 603 593 846
3166 4 2 1 1 614 1566 1334 1598
3167 4 2 1 1 722 889 1233 1475
3168 4 2 1 1 1145 1593 1331 1683
3169 4 2 1 1 1871 1973 185 35
3170 4 2 1 1 952 1513 1194 1727
3171 4 2 1 1 903 691 1223 1777
3172 4 2 1 1 615 1469 977 1760
3173 4 2 1 1 1508 1323 711 1253
3174 4 2 1 1 1656 1451 1046 1360
3175 4 2 1 1 706 1298 1040 1831
3176 4 2 1 1 834 1165 1126 1412
3177 4 2 1 1 311 1934 77 76
3178 4 2 1 1 502 513 1161 1603
3179 4 2 1 1 611 1549 1034 1805
3180 4 2 1 1 841 1109 627 1234
3181 4 2 1 1 822 1201 1387 1717
3182 4 2 1 1 714 1114 1213 1394
3183 4 2 1 1 786 1213 1114 1394
3184 4 2 1 1 631 958 1121 1215
3185 4 2 1 1 604 876 1731 1821
3186 4 2 1 1 703 1169 815 1762
3187 4 2 1 1 1702 1716 712 1110
3188 4 2 1 1 890 964 1371 1552
3189 4 2 1 1 888 1419 1207 1580
3190 4 2 1 1 1038 1337 975 1524
3191 4 2 1 1 1320 1719 1422 748
3192 4 2 1 1 627 1109 841 1573
3193 4 2 1 1 743 1028 971 1460
3194 4 2 1 1 1322 1703 1106 1132
3195 4 2 1 1 1138 918 1319 1643
3196 4 2 1 1 934 276 1495 704
3197 4 2 1 1 1039 1213 786 1394
3198 4 2 1 1 1837 1213 1039 1394
3199 4 2 1 1 847 1690 1633 1819
3200 4 2 1 1 998 1029 780 1181
3201 4 2 1 1 858 1522 1214 1767
3202 4 2 1 1 1934 1976 303 1894
3203 4 2 1 1 487 568 553 1434
3204 4 2 1 1 681 1265 871 1533
3205 4 2 1 1 1656 1451 1360 725
3206 4 2 1 1 1177 1321 778 1696
3207 4 2 1 1 642 1460 1376 1602
3208 4 2 1 1 715 963 1607 1196
3209 4 2 1 1 1110 1398 712 1513
3210 4 2 1 1 658 1287 1113 1489
3211 4 2 1 1 175 1314 990 1471
3212 4 2 1 1 1101 1336 759 1492
3213 4 2 1 1 1037 641 1378 1861
3214 4 2 1 1 996 997 869 1486
3215 4 2 1 1 774 1674 1312 1742
3216 4 2 1 1 730 1416 1293 1532
3217 4 2 1 1 751 1083 963 1221
3218 4 2 1 1 930 1052 1051 1545
3219 4 2 1 1 906 1310 542 1649
3220 4 2 1 1 1609 1631 1478 777
3221 4 2 1 1 610 1207 921 1787
3222 4 2 1 1 856 1008 705 1404
3223 4 2 1 1 715 879 1196 1289
3224 4 2 1 1 368 1395 1237 966
3225 4 2 1 1 620 1010 1258 1509
3226 4 2 1 1 1934 1976 77 303
3227 4 2 1 1 715 1179 1607 1594
3228 4 2 1 1 1128 1651 854 1699
3229 4 2 1 1 1896 1741 1064 1097
3230 4 2 1 1 76 311 1934 330
3231 4 2 1 1 638 1409 1224 1242
3232 4 2 1 1 696 1180 998 1181
3233 4 2 1 1 1049 1367 1809 1792
3234 4 2 1 1 330 311 1934 798
3235 4 2 1 1 311 1934 798 1894
3236 4 2 1 1 1552 1895 890 1302
3237 4 2 1 1 709 909 1535 1892
3238 4 2 1 1 731 1293 1292 1350
3239 4 2 1 1 674 1369 915 1706
3240 4 2 1 1 700 1099 1170 1793
3241 4 2 1 1 620 1010 1084 1230
3242 4 2 1 1 915 873 1400 1706
3243 4 2 1 1 765 1368 1211 1698
3244 4 2 1 1 227 203 226 1529
3245 4 2 1 1 1645 830 1664 1333
3246 4 2 1 1 44 43 356 1933
3247 4 2 1 1 846 1633 504 1690
3248 4 2 1 1 752 1314 1804 1183
3249 4 2 1 1 1933 356 44 1386
3250 4 2 1 1 963 1176 827 1609
3251 4 2 1 1 697 1897 1006 1900
3252 4 2 1 1 356 1933 43 1729
3253 4 2 1 1 772 1082 947 1540
3254 4 2 1 1 368 1237 1395 1686
3255 4 2 1 1 887 1490 1000 666
3256 4 2 1 1 639 1069 962 1878
3257 4 2 1 1 764 1191 1093 1234
3258 4 2 1 1 675 1119 1606 1391
3259 4 2 1 1 775 1050 1321 1455
3260 4 2 1 1 236 215 211 1890
3261 4 2 1 1 620 1192 942 1662
3262 4 2 1 1 633 875 1293 1532
3263 4 2 1 1 918 670 908 1225
3264 4 2 1 1 737 1274 1228 1675
3265 4 2 1 1 886 1275 1064 1329
3266 4 2 1 1 1178 1600 692 790
3267 4 2 1 1 838 1273 217 1653
3268 4 2 1 1 903 1458 1063 1464
3269 4 2 1 1 676 1320 971 1895
3270 4 2 1 1 276 704 1943 983
3271 4 2 1 1 1049 1424 1075 1809
3272 4 2 1 1 885 97 1156 1801
3273 4 2 1 1 637 1615 972 1862
3274 4 2 1 1 648 991 1141 990
3275 4 2 1 1 1136 1570 802 1719
3276 4 2 1 1 1377 1491 680 1722
3277 4 2 1 1 748 1719 1570 1320
3278 4 2 1 1 879 830 651 1664
3279 4 2 1 1 527 529 382 1049
3280 4 2 1 1 1029 1030 990 1471
3281 4 2 1 1 880 1650 1308 884
3282 4 2 1 1 964 1552 741 1684
3283 4 2 1 1 839 1380 1370 1541
3284 4 2 1 1 762 1135 1329 651
3285 4 2 1 1 1297 1057 1805 1543
3286 4 2 1 1 1795 946 268 1383
3287 4 2 1 1 1338 1154 1217 708
3288 4 2 1 1 1177 1773 1576 816
3289 4 2 1 1 918 1225 908 1620
3290 4 2 1 1 1933 836 356 1386
3291 4 2 1 1 356 836 1933 1729
3292 4 2 1 1 1626 1646 878 1872
3293 4 2 1 1 1006 1532 788 1644
3294 4 2 1 1 867 1066 1668 1817
3295 4 2 1 1 912 746 1149 1829
3296 4 2 1 1 607 1263 1478 1607
3297 4 2 1 1 975 763 1113 1901
3298 4 2 1 1 959 1553 1330 662
3299 4 2 1 1 1119 1566 1170 1793
3300 4 2 1 1 638 922 1178 1021
3301 4 2 1 1 1190 1197 807 1735
3302 4 2 1 1 864 1384 1121 631
3303 4 2 1 1 704 934 1257 1703
3304 4 2 1 1 932 1513 660 1727
3305 4 2 1 1 777 963 1176 1196
3306 4 2 1 1 934 1703 687 1257
3307 4 2 1 1 998 1180 696 757
3308 4 2 1 1 848 684 1034 1057
3309 4 2 1 1 1222 1448 889 1678
3310 4 2 1 1 857 1132 1497 1715
3311 4 2 1 1 685 1202 1013 1484
3312 4 2 1 1 691 1082 874 1281
3313 4 2 1 1 721 1243 910 1584
3314 4 2 1 1 1767 1895 1214 676
3315 4 2 1 1 1099 745 1170 1793
3316 4 2 1 1 1728 1406 1738 768
3317 4 2 1 1 771 1446 1365 1890
3318 4 2 1 1 212 1273 1048 1351
3319 4 2 1 1 952 1493 1194 1717
3320 4 2 1 1 1170 1606 745 1685
3321 4 2 1 1 727 1064 1275 1193
3322 4 2 1 1 68 67 364 1932
3323 4 2 1 1 1932 364 68 1654
3324 4 2 1 1 1017 1102 680 1759
3325 4 2 1 1 499 1130 1361 561
3326 4 2 1 1 691 874 1082 1525
3327 4 2 1 1 827 1288 1430 880
3328 4 2 1 1 486 443 487 1672
3329 4 2 1 1 1099 1454 782 1043
3330 4 2 1 1 320 1219 1078 1850
3331 4 2 1 1 955 1193 1098 1482
3332 4 2 1 1 648 931 1141 1788
3333 4 2 1 1 548 481 464 1739
3334 4 2 1 1 896 1159 872 1244
3335 4 2 1 1 1207 610 1580 1787
3336 4 2 1 1 67 364 1932 360
3337 4 2 1 1 365 599 366 1699
3338 4 2 1 1 1126 1438 268 1795
3339 4 2 1 1 777 963 1196 1478
3340 4 2 1 1 745 875 1469 1685
3341 4 2 1 1 908 918 1620 1843
3342 4 2 1 1 557 1341 1612 1820
3343 4 2 1 1 680 1419 1207 1491
3344 4 2 1 1 1283 147 57 1935
3345 4 2 1 1 1840 1932 781 1654
3346 4 2 1 1 717 1195 1001 1502
3347 4 2 1 1 400 1867 1710 1885
3348 4 2 1 1 930 785 1407 1592
3349 4 2 1 1 692 919 1217 1604
3350 4 2 1 1 724 1102 1017 1759
3351 4 2 1 1 770 1325 1221 1790
3352 4 2 1 1 748 1570 1214 1320
3353 4 2 1 1 939 1231 1080 1826
3354 4 2 1 1 1153 1797 1819 1053
3355 4 2 1 1 610 1428 1017 1755
3356 4 2 1 1 1891 1617 1147 759
3357 4 2 1 1 770 1156 98 1406
3358 4 2 1 1 669 1197 1190 1735
3359 4 2 1 1 599 1932 360 1699
3360 4 2 1 1 785 648 647 1745
3361 4 2 1 1 744 1215 1265 1546
3362 4 2 1 1 383 1105 1398 524
3363 4 2 1 1 1931 1259 340 334
3364 4 2 1 1 827 1748 1288 880
3365 4 2 1 1 768 1205 1156 1673
3366 4 2 1 1 30 29 334 1931
3367 4 2 1 1 952 794 1401 1472
3368 4 2 1 1 1232 1497 792 1581
3369 4 2 1 1 414 418 515 1173
3370 4 2 1 1 638 1178 1405 1021
3371 4 2 1 1 875 745 1606 1685
3372 4 2 1 1 1218 1230 708 902
3373 4 2 1 1 972 1413 1280 1587
3374 4 2 1 1 1357 1358 882 1917
3375 4 2 1 1 529 1424 1049 1809
3376 4 2 1 1 818 1444 1137 907
3377 4 2 1 1 208 1278 1163 1854
3378 4 2 1 1 1710 1867 927 1885
3379 4 2 1 1 736 335 1873 1846
3380 4 2 1 1 334 29 340 1931
3381 4 2 1 1 636 1101 992 1336
3382 4 2 1 1 400 401 1867 1885
3383 4 2 1 1 1945 247 238 1074
3384 4 2 1 1 1090 1675 1274 1849
3385 4 2 1 1 796 1310 927 1867
3386 4 2 1 1 1895 1214 676 1320
3387 4 2 1 1 966 1499 1363 1870
3388 4 2 1 1 434 1122 549 1547
3389 4 2 1 1 579 595 488 1714
3390 4 2 1 1 801 1304 1002 1863
3391 4 2 1 1 285 929 1235 1257
3392 4 2 1 1 921 730 1416 1419
3393 4 2 1 1 334 1967 1259 310
3394 4 2 1 1 234 1092 771 1094
3395 4 2 1 1 334 1967 310 30
3396 4 2 1 1 961 1590 1455 639
3397 4 2 1 1 314 63 64 1930
3398 4 2 1 1 530 1757 1353 1809
3399 4 2 1 1 939 1231 1203 1902
3400 4 2 1 1 963 1176 715 1418
3401 4 2 1 1 823 1324 1038 1440
3402 4 2 1 1 567 571 1822 565
3403 4 2 1 1 752 936 990 1183
3404 4 2 1 1 1467 1326 1184 604
3405 4 2 1 1 1120 1565 1091 1819
3406 4 2 1 1 767 985 986 1291
3407 4 2 1 1 1930 64 314 351
3408 4 2 1 1 690 1493 1193 1538
3409 4 2 1 1 510 558 1143 1820
3410 4 2 1 1 405 1453 1213 1710
3411 4 2 1 1 607 1095 970 1349
3412 4 2 1 1 581 1612 1341 1781
3413 4 2 1 1 1116 1403 698 1825
3414 4 2 1 1 695 972 1280 1507
3415 4 2 1 1 608 1534 1431 1032
3416 4 2 1 1 688 951 1317 1838
3417 4 2 1 1 988 987 811 1919
3418 4 2 1 1 874 1504 1281 1039
3419 4 2 1 1 314 1930 351 1529
3420 4 2 1 1 405 1213 400 1710
3421 4 2 1 1 333 63 314 1930
3422 4 2 1 1 674 914 1027 1828
3423 4 2 1 1 954 1576 1363 1773
3424 4 2 1 1 1242 656 916 994
3425 4 2 1 1 660 1072 1327 1727
3426 4 2 1 1 544 1518 967 1649
3427 4 2 1 1 772 1103 1022 1712
3428 4 2 1 1 717 1001 1195 1515
3429 4 2 1 1 722 1861 1173 910
3430 4 2 1 1 1057 1297 659 1543
3431 4 2 1 1 606 1241 1208 1393
3432 4 2 1 1 887 666 1000 1727
3433 4 2 1 1 794 1000 666 1727
3434 4 2 1 1 224 250 232 1605
3435 4 2 1 1 870 1676 1179 1736
3436 4 2 1 1 1727 609 887 932
3437 4 2 1 1 1017 1102 724 1539
3438 4 2 1 1 1964 1651 781 221
3439 4 2 1 1 689 1408 818 1206
3440 4 2 1 1 1151 1281 874 1504
3441 4 2 1 1 912 959 1829 662
3442 4 2 1 1 1667 1270 1505 1081
3443 4 2 1 1 100 1325 867 1503
3444 4 2 1 1 1250 1431 717 925
3445 4 2 1 1 314 333 1930 1529
3446 4 2 1 1 73 1974 1410 293
3447 4 2 1 1 73 346 74 1410
3448 4 2 1 1 618 1150 892 1512
3449 4 2 1 1 1120 1245 847 1690
3450 4 2 1 1 591 836 502 1161
3451 4 2 1 1 767 1127 1122 1385
3452 4 2 1 1 625 1038 1175 1698
3453 4 2 1 1 903 1464 691 1777
3454 4 2 1 1 1391 1566 675 1119
3455 4 2 1 1 848 684 1057 1096
3456 4 2 1 1 1093 1596 627 850
3457 4 2 1 1 1027 919 623 1701
3458 4 2 1 1 308 1078 345 719
3459 4 2 1 1 100 867 101 1503
3460 4 2 1 1 626 1346 1317 1725
3461 4 2 1 1 975 1113 763 1337
3462 4 2 1 1 646 998 1140 1180
3463 4 2 1 1 292 47 48 1929
3464 4 2 1 1 1266 1528 829 1771
3465 4 2 1 1 637 954 1142 1740
3466 4 2 1 1 645 1676 999 1692
3467 4 2 1 1 1056 1238 733 1913
3468 4 2 1 1 898 692 1168 1600
3469 4 2 1 1 1059 1392 959 819
3470 4 2 1 1 975 1079 1539 1901
3471 4 2 1 1 733 1238 933 1655
3472 4 2 1 1 803 1702 894 1808
3473 4 2 1 1 875 1469 1293 1532
3474 4 2 1 1 885 1014 108 1585
3475 4 2 1 1 762 651 879 644
3476 4 2 1 1 1552 1895 1302 1726
3477 4 2 1 1 1015 1362 939 1826
3478 4 2 1 1 755 839 1044 1141
3479 4 2 1 1 906 1310 682 1842
3480 4 2 1 1 1233 1091 1413 1678
3481 4 2 1 1 1370 1391 839 1644
3482 4 2 1 1 688 951 1264 1623
3483 4 2 1 1 670 1087 1356 1843
3484 4 2 1 1 1010 754 1100 1230
3485 4 2 1 1 647 1229 1007 998
3486 4 2 1 1 660 883 1513 1663
3487 4 2 1 1 1825 1403 1703 973
3488 4 2 1 1 845 1507 1085 1855
3489 4 2 1 1 1021 1447 813 613
3490 4 2 1 1 419 459 1222 1882
3491 4 2 1 1 705 856 1155 1332
3492 4 2 1 1 765 1211 881 1698
3493 4 2 1 1 842 1384 612 958
3494 4 2 1 1 668 1247 835 1641
3495 4 2 1 1 794 1472 952 1727
3496 4 2 1 1 622 1046 1451 1344
3497 4 2 1 1 607 1095 1349 1764
3498 4 2 1 1 633 1293 1350 1416
3499 4 2 1 1 1929 1976 190 1894
3500 4 2 1 1 1940 87 114 817
3501 4 2 1 1 659 1004 1057 1364
3502 4 2 1 1 853 1180 1750 1107
3503 4 2 1 1 1090 1311 961 628
3504 4 2 1 1 492 1386 498 1779
3505 4 2 1 1 1001 1515 851 1608
3506 4 2 1 1 867 1372 1066 1817
3507 4 2 1 1 970 680 1377 1664
3508 4 2 1 1 1028 1447 743 613
3509 4 2 1 1 562 1202 1556 1700
3510 4 2 1 1 1132 1403 851 1703
3511 4 2 1 1 967 701 1238 1686
3512 4 2 1 1 1519 1713 1549 1191
3513 4 2 1 1 904 1831 1329 1893
3514 4 2 1 1 1592 1022 747 1485
3515 4 2 1 1 1001 909 1269 1892
3516 4 2 1 1 249 233 197 1423
3517 4 2 1 1 105 1108 826 1282
3518 4 2 1 1 133 1 14 1980
3519 4 2 1 1 792 1037 1618 1766
3520 4 2 1 1 1036 1248 718 1922
3521 4 2 1 1 871 1206 1621 1875
3522 4 2 1 1 614 804 1047 1598
3523 4 2 1 1 755 1117 931 630
3524 4 2 1 1 155 1319 1300 1643
3525 4 2 1 1 1048 1426 800 1692
3526 4 2 1 1 1350 1416 1292 868
3527 4 2 1 1 1929 1976 47 190
3528 4 2 1 1 1864 1130 1636 722
3529 4 2 1 1 1553 956 710 937
3530 4 2 1 1 816 978 1321 1722
3531 4 2 1 1 629 1394 1368 1592
3532 4 2 1 1 927 1867 1310 1885
3533 4 2 1 1 1929 280 48 292
3534 4 2 1 1 1970 277 78 79
3535 4 2 1 1 1929 1924 170 48
3536 4 2 1 1 645 800 1465 1872
3537 4 2 1 1 750 972 1413 1849
3538 4 2 1 1 869 1409 1593 1242
3539 4 2 1 1 633 989 1189 1723
3540 4 2 1 1 869 997 996 1697
3541 4 2 1 1 1767 1895 676 904
3542 4 2 1 1 292 1929 1248 1894
3543 4 2 1 1 54 55 1979 177
3544 4 2 1 1 744 1261 907 1479
3545 4 2 1 1 412 1013 411 1547
3546 4 2 1 1 431 430 416 951
3547 4 2 1 1 710 937 1410 1553
3548 4 2 1 1 308 75 74 1928
3549 4 2 1 1 633 1416 1350 1747
3550 4 2 1 1 412 1450 1013 1547
3551 4 2 1 1 1633 1690 846 1819
3552 4 2 1 1 1061 871 681 1536
3553 4 2 1 1 457 1525 1151 1777
3554 4 2 1 1 705 993 992 1336
3555 4 2 1 1 945 1484 1385 1547
3556 4 2 1 1 625 1113 975 1337
3557 4 2 1 1 1063 1191 611 1549
3558 4 2 1 1 713 1011 1089 998
3559 4 2 1 1 621 1098 1164 1661
3560 4 2 1 1 944 1200 664 1239
3561 4 2 1 1 787 1200 749 1560
3562 4 2 1 1 460 1310 1174 1649
3563 4 2 1 1 967 1395 701 1686
3564 4 2 1 1 557 1612 558 1820
3565 4 2 1 1 640 1702 1472 1808
3566 4 2 1 1 904 1045 1298 1625
3567 4 2 1 1 308 1928 74 1410
3568 4 2 1 1 845 1489 1085 1782
3569 4 2 1 1 419 417 459 1882
3570 4 2 1 1 611 1057 1543 1805
3571 4 2 1 1 625 1079 1375 1698
3572 4 2 1 1 1928 308 75 330
3573 4 2 1 1 933 1238 1056 701
3574 4 2 1 1 793 1195 1315 1589
3575 4 2 1 1 806 983 1970 1898
3576 4 2 1 1 745 1469 1133 1685
3577 4 2 1 1 1508 1138 1171 840
3578 4 2 1 1 1312 1539 1079 1903
3579 4 2 1 1 1177 1563 900 1571
3580 4 2 1 1 1081 1147 616 1667
3581 4 2 1 1 685 1484 1062 631
3582 4 2 1 1 444 1106 1411 1579
3583 4 2 1 1 695 1222 1678 1810
3584 4 2 1 1 784 1426 1692 1775
3585 4 2 1 1 1114 1698 1038 625
3586 4 2 1 1 1119 1170 675 1606
3587 4 2 1 1 578 552 466 1705
3588 4 2 1 1 1516 674 1025 1828
3589 4 2 1 1 561 522 546 894
3590 4 2 1 1 866 1176 1418 1677
3591 4 2 1 1 354 68 589 1654
3592 4 2 1 1 606 1241 1393 1533
3593 4 2 1 1 1865 860 625 1227
3594 4 2 1 1 712 1398 1110 1716
3595 4 2 1 1 631 1062 958 756
3596 4 2 1 1 1927 1026 141 1283
3597 4 2 1 1 96 118 98 1558
3598 4 2 1 1 1001 1294 851 1582
3599 4 2 1 1 1079 1136 860 1375
3600 4 2 1 1 1727 609 932 1194
3601 4 2 1 1 692 898 1198 1600
3602 4 2 1 1 1928 345 308 330
3603 4 2 1 1 714 1440 1324 1487
3604 4 2 1 1 438 951 431 1623
3605 4 2 1 1 381 1398 883 1707
3606 4 2 1 1 906 542 1310 1634
3607 4 2 1 1 1548 1864 894 1716
3608 4 2 1 1 649 991 1112 1417
3609 4 2 1 1 1005 1129 669 1652
3610 4 2 1 1 653 1164 1023 1815
3611 4 2 1 1 288 1928 798 719
3612 4 2 1 1 917 1087 1356 1688
3613 4 2 1 1 309 55 56 1927
3614 4 2 1 1 72 1971 4 350
3615 4 2 1 1 906 682 1310 1649
3616 4 2 1 1 895 1159 1618 1032
3617 4 2 1 1 222 221 223 1077
3618 4 2 1 1 606 1208 1557 1688
3619 4 2 1 1 641 1159 1618 1728
3620 4 2 1 1 670 1225 1034 1551
3621 4 2 1 1 212 1351 1048 214
3622 4 2 1 1 650 900 1563 1692
3623 4 2 1 1 1878 485 962 1067
3624 4 2 1 1 56 309 1283 315
3625 4 2 1 1 632 1220 964 1339
3626 4 2 1 1 722 1037 1130 1636
3627 4 2 1 1 515 517 470 1173
3628 4 2 1 1 452 857 1714 1876
3629 4 2 1 1 877 1607 1179 1594
3630 4 2 1 1 1005 1129 1652 673
3631 4 2 1 1 624 982 1610 1347
3632 4 2 1 1 430 951 1264 1757
3633 4 2 1 1 942 1192 707 1459
3634 4 2 1 1 689 1371 1060 1479
3635 4 2 1 1 1927 1979 177 1026
3636 4 2 1 1 995 1278 733 1624
3637 4 2 1 1 691 1525 1082 1540
3638 4 2 1 1 409 1013 410 1574
3639 4 2 1 1 668 982 1328 987
3640 4 2 1 1 1741 1896 1609 1097
3641 4 2 1 1 1081 1145 759 1171
3642 4 2 1 1 1067 1077 901 1878
3643 4 2 1 1 622 1333 1102 1694
3644 4 2 1 1 1076 1866 1422 1004
3645 4 2 1 1 963 1221 1083 1609
3646 4 2 1 1 809 1317 951 1838
3647 4 2 1 1 1222 1753 539 1820
3648 4 2 1 1 373 374 372 1520
3649 4 2 1 1 672 917 1061 1296
3650 4 2 1 1 343 1827 938 1851
3651 4 2 1 1 868 1416 1292 1419
3652 4 2 1 1 950 1458 1063 1805
3653 4 2 1 1 801 1013 1307 1062
3654 4 2 1 1 1927 1979 55 177
3655 4 2 1 1 756 1241 1208 1669
3656 4 2 1 1 1793 1904 700 1099
3657 4 2 1 1 1021 1447 613 743
3658 4 2 1 1 512 951 431 416
3659 4 2 1 1 670 1643 1109 1784
3660 4 2 1 1 776 1234 1309 1519
3661 4 2 1 1 1029 990 1314 1471
3662 4 2 1 1 611 1858 1432 1859
3663 4 2 1 1 648 1030 991 990
3664 4 2 1 1 1042 1493 1098 1611
3665 4 2 1 1 656 1286 1296 1531
3666 4 2 1 1 899 993 940 1762
3667 4 2 1 1 987 1284 1256 1768
3668 4 2 1 1 1256 1284 866 1768
3669 4 2 1 1 683 1372 1066 1635
3670 4 2 1 1 681 1358 1160 986
3671 4 2 1 1 635 1209 1165 1568
3672 4 2 1 1 1283 56 141 1927
3673 4 2 1 1 1066 1118 683 1635
3674 4 2 1 1 604 1454 876 1821
3675 4 2 1 1 1454 1043 1099 1848
3676 4 2 1 1 725 1065 1070 1742
3677 4 2 1 1 964 689 1371 1552
3678 4 2 1 1 1928 719 252 1410
3679 4 2 1 1 909 842 1546 1886
3680 4 2 1 1 1060 744 1479 1771
3681 4 2 1 1 319 1219 318 1306
3682 4 2 1 1 879 777 1500 1896
3683 4 2 1 1 837 981 1518 1733
3684 4 2 1 1 1844 1349 1500 970
3685 4 2 1 1 309 1026 1927 1283
3686 4 2 1 1 983 1526 1322 1715
3687 4 2 1 1 873 1204 1203 1601
3688 4 2 1 1 709 1340 1126 1595
3689 4 2 1 1 749 934 1568 1648
3690 4 2 1 1 631 1215 1012 958
3691 4 2 1 1 744 1012 1215 958
3692 4 2 1 1 922 1516 1226 1625
3693 4 2 1 1 294 50 51 1917
3694 4 2 1 1 979 658 1387 1483
3695 4 2 1 1 396 1144 1732 1501
3696 4 2 1 1 1285 1497 944 1581
3697 4 2 1 1 294 1036 50 1917
3698 4 2 1 1 802 1212 1297 1725
3699 4 2 1 1 670 908 1087 1843
3700 4 2 1 1 777 955 1349 1500
3701 4 2 1 1 1294 1608 1001 851
3702 4 2 1 1 753 1247 1100 1381
3703 4 2 1 1 967 1238 1056 1913
3704 4 2 1 1 1075 1749 1049 1809
3705 4 2 1 1 613 1255 1028 1830
3706 4 2 1 1 622 1451 1086 1742
3707 4 2 1 1 611 1188 1063 1429
3708 4 2 1 1 716 1858 1628 1859
3709 4 2 1 1 382 379 381 1707
3710 4 2 1 1 1051 1837 1240 1039
3711 4 2 1 1 458 1151 1504 535
3712 4 2 1 1 140 126 740 1754
3713 4 2 1 1 1013 1307 720 1450
3714 4 2 1 1 1363 1773 1576 1856
3715 4 2 1 1 609 1194 1000 1538
3716 4 2 1 1 857 1361 1354 1497
3717 4 2 1 1 1354 1361 721 1497
3718 4 2 1 1 39 38 205 1216
3719 4 2 1 1 915 1045 741 1298
3720 4 2 1 1 378 1424 979 1707
3721 4 2 1 1 38 205 1216 1788
3722 4 2 1 1 1199 1328 811 1835
3723 4 2 1 1 667 1458 1212 1838
3724 4 2 1 1 637 935 1615 1773
3725 4 2 1 1 1201 1280 760 1475
3726 4 2 1 1 663 1080 957 1826
3727 4 2 1 1 725 1086 1131 1578
3728 4 2 1 1 682 995 1524 1440
3729 4 2 1 1 247 59 2 1977
3730 4 2 1 1 663 1080 1560 957
3731 4 2 1 1 841 1061 1393 1573
3732 4 2 1 1 883 1398 1110 1513
3733 4 2 1 1 653 1157 1083 1631
3734 4 2 1 1 730 977 1469 1760
3735 4 2 1 1 19 355 18 1633
3736 4 2 1 1 573 874 1525 1811
3737 4 2 1 1 954 1439 1267 701
3738 4 2 1 1 1277 1299 1084 1352
3739 4 2 1 1 1006 1312 1065 1451
3740 4 2 1 1 771 1236 614 1711
3741 4 2 1 1 1936 1291 1146 1597
3742 4 2 1 1 650 1348 1292 1419
3743 4 2 1 1 355 19 1511 1633
3744 4 2 1 1 541 539 1222 1753
3745 4 2 1 1 857 1756 452 1361
3746 4 2 1 1 1062 1385 631 1484
3747 4 2 1 1 761 1662 948 1005
3748 4 2 1 1 990 1314 179 752
3749 4 2 1 1 973 1403 1116 1825
3750 4 2 1 1 694 1140 1007 1693
3751 4 2 1 1 767 1640 945 1705
3752 4 2 1 1 1090 628 961 1797
3753 4 2 1 1 664 1585 885 1801
3754 4 2 1 1 898 899 1617 1762
3755 4 2 1 1 693 1183 1711 1804
3756 4 2 1 1 968 1978 255 817
3757 4 2 1 1 1026 176 141 1283
3758 4 2 1 1 733 1655 1163 1854
3759 4 2 1 1 979 1387 984 1707
3760 4 2 1 1 895 1728 1159 1738
3761 4 2 1 1 911 1626 1426 1775
3762 4 2 1 1 25 26 1926 298
3763 4 2 1 1 524 380 531 1456
3764 4 2 1 1 737 1143 1612 1820
3765 4 2 1 1 650 900 1048 1348
3766 4 2 1 1 1926 255 25 298
3767 4 2 1 1 1340 1778 996 1595
3768 4 2 1 1 997 1331 862 1658
3769 4 2 1 1 942 1084 1277 1449
3770 4 2 1 1 931 206 1216 1860
3771 4 2 1 1 791 1552 1242 1726
3772 4 2 1 1 114 1940 817 1537
3773 4 2 1 1 761 1133 1352 1374
3774 4 2 1 1 1496 1678 1849 1091
3775 4 2 1 1 688 1003 1519 1549
3776 4 2 1 1 654 1569 1562 1888
3777 4 2 1 1 473 474 435 1704
3778 4 2 1 1 220 251 236 1112
3779 4 2 1 1 629 1052 1051 1592
3780 4 2 1 1 298 26 1926 1014
3781 4 2 1 1 755 1541 1189 1770
3782 4 2 1 1 1221 654 1752 1790
3783 4 2 1 1 614 1373 1334 1566
3784 4 2 1 1 1037 722 1378 1636
3785 4 2 1 1 626 1346 1669 1003
3786 4 2 1 1 1926 968 255 298
3787 4 2 1 1 1350 1416 868 1747
3788 4 2 1 1 610 701 1056 1755
3789 4 2 1 1 1325 1503 98 770
3790 4 2 1 1 618 1389 956 1421
3791 4 2 1 1 810 920 1249 1343
3792 4 2 1 1 935 1363 637 1499
3793 4 2 1 1 963 1083 751 1478
3794 4 2 1 1 1138 1620 918 1843
3795 4 2 1 1 1208 1241 829 1669
3796 4 2 1 1 697 1079 1312 1539
3797 4 2 1 1 753 1381 1100 1880
3798 4 2 1 1 609 1570 1490 887
3799 4 2 1 1 1109 1521 764 1785
3800 4 2 1 1 938 937 1671 1850
3801 4 2 1 1 112 679 1055 1185
3802 4 2 1 1 622 1102 1333 1897
3803 4 2 1 1 708 1247 835 902
3804 4 2 1 1 725 1360 1028 757
3805 4 2 1 1 1960 66 65 222
3806 4 2 1 1 319 1078 320 1219
3807 4 2 1 1 1124 1482 1193 1844
3808 4 2 1 1 1391 1373 1446 675
3809 4 2 1 1 993 1336 940 1762
3810 4 2 1 1 1324 1786 1038 714
3811 4 2 1 1 680 1207 1142 1722
3812 4 2 1 1 1058 1678 1496 1689
3813 4 2 1 1 989 1166 875 1210
3814 4 2 1 1 719 1330 1078 819
3815 4 2 1 1 626 1669 1062 1003
3816 4 2 1 1 746 914 1409 1828
3817 4 2 1 1 1519 1549 1713 688
3818 4 2 1 1 61 62 307 1925
3819 4 2 1 1 915 741 1045 674
3820 4 2 1 1 613 1255 1131 1578
3821 4 2 1 1 1072 1359 828 666
3822 4 2 1 1 227 233 245 1092
3823 4 2 1 1 396 1144 1501 520
3824 4 2 1 1 327 779 1529 1660
3825 4 2 1 1 903 1458 667 1838
3826 4 2 1 1 1214 748 1895 890
3827 4 2 1 1 1038 1175 1698 1786
3828 4 2 1 1 1341 1613 897 1820
3829 4 2 1 1 333 307 62 1925
3830 4 2 1 1 983 704 1322 1526
3831 4 2 1 1 201 1278 1807 208
3832 4 2 1 1 688 1264 951 1838
3833 4 2 1 1 646 990 1029 1181
3834 4 2 1 1 1130 1361 891 1232
3835 4 2 1 1 434 549 422 1547
3836 4 2 1 1 1700 1484 1640 945
3837 4 2 1 1 720 1385 1062 1484
3838 4 2 1 1 693 1026 943 1909
3839 4 2 1 1 891 857 1361 1756
3840 4 2 1 1 857 891 1132 1756
3841 4 2 1 1 737 1612 1341 1820
3842 4 2 1 1 1558 1462 1153 769
3843 4 2 1 1 746 1031 914 1583
3844 4 2 1 1 1953 872 1586 1239
3845 4 2 1 1 622 1312 1006 1451
3846 4 2 1 1 813 1620 908 694
3847 4 2 1 1 819 1583 1392 1829
3848 4 2 1 1 1517 1724 1189 820
3849 4 2 1 1 307 61 1925 1965
3850 4 2 1 1 1242 916 656 1408
3851 4 2 1 1 780 1029 990 1181
3852 4 2 1 1 1141 1189 839 1517
3853 4 2 1 1 307 1925 333 1423
3854 4 2 1 1 1119 1170 745 1793
3855 4 2 1 1 809 951 1757 1838
3856 4 2 1 1 416 951 430 1757
3857 4 2 1 1 534 1123 1151 1910
3858 4 2 1 1 1024 861 1527 1865
3859 4 2 1 1 1834 739 1448 1173
3860 4 2 1 1 325 1894 798 1283
3861 4 2 1 1 626 1003 1307 1317
3862 4 2 1 1 1168 1600 1178 1622
3863 4 2 1 1 1068 787 1515 1868
3864 4 2 1 1 1054 1565 913 1558
3865 4 2 1 1 401 1310 523 1867
3866 4 2 1 1 963 1221 827 1418
3867 4 2 1 1 773 1534 1023 1577
3868 4 2 1 1 544 547 1395 1686
3869 4 2 1 1 1051 1052 629 1240
3870 4 2 1 1 1064 1329 1275 1193
3871 4 2 1 1 1294 909 1001 1892
3872 4 2 1 1 985 986 681 1111
3873 4 2 1 1 1250 1582 1515 851
3874 4 2 1 1 993 1335 728 1761
3875 4 2 1 1 613 1320 971 1578
3876 4 2 1 1 136 122 928 1019
3877 4 2 1 1 1180 1182 728 1750
3878 4 2 1 1 766 1287 1085 1862
3879 4 2 1 1 509 541 539 1222
3880 4 2 1 1 1056 1162 610 1624
3881 4 2 1 1 613 1028 1447 1830
3882 4 2 1 1 1363 1576 1251 1856
3883 4 2 1 1 1140 1182 757 1379
3884 4 2 1 1 822 932 1194 1717
3885 4 2 1 1 607 1488 1607 1758
3886 4 2 1 1 1965 197 1423 231
3887 4 2 1 1 1157 1564 824 1815
3888 4 2 1 1 1951 201 229 1854
3889 4 2 1 1 606 1557 1323 1688
3890 4 2 1 1 753 1230 1100 1247
3891 4 2 1 1 1439 1056 701 1755
3892 4 2 1 1 760 1201 1085 1587
3893 4 2 1 1 383 1105 524 387
3894 4 2 1 1 763 1337 1113 1842
3895 4 2 1 1 1044 1380 839 1541
3896 4 2 1 1 768 969 1205 1494
3897 4 2 1 1 1482 1538 1193 1493
3898 4 2 1 1 631 1484 1385 1640
3899 4 2 1 1 50 49 1924 254
3900 4 2 1 1 695 1274 972 1507
3901 4 2 1 1 854 1781 966 1870
3902 4 2 1 1 56 57 1283 171
3903 4 2 1 1 1823 1883 1053 1798
3904 4 2 1 1 758 1286 863 1681
3905 4 2 1 1 994 1031 759 1405
3906 4 2 1 1 1907 1219 1306 318
3907 4 2 1 1 1609 1748 1896 1176
3908 4 2 1 1 1806 1739 1088 1487
3909 4 2 1 1 611 1543 950 1805
3910 4 2 1 1 1110 1398 384 1716
3911 4 2 1 1 830 926 1043 1333
3912 4 2 1 1 921 1539 1428 1897
3913 4 2 1 1 929 1160 843 1816
3914 4 2 1 1 1924 50 254 1036
3915 4 2 1 1 941 1498 1033 632
3916 4 2 1 1 254 1924 1036 1248
3917 4 2 1 1 178 1924 1036 143
3918 4 2 1 1 284 844 1956 1435
3919 4 2 1 1 33 32 312 1923
3920 4 2 1 1 1144 1679 406 1732
3921 4 2 1 1 1108 1562 619 1256
3922 4 2 1 1 646 1029 998 1181
3923 4 2 1 1 312 350 33 1923
3924 4 2 1 1 745 1344 926 1469
3925 4 2 1 1 1219 703 1355 1550
3926 4 2 1 1 1087 1557 1208 1688
3927 4 2 1 1 350 1923 312 1691
3928 4 2 1 1 208 1655 1854 1163
3929 4 2 1 1 940 993 899 1441
3930 4 2 1 1 1195 1231 793 1315
3931 4 2 1 1 532 530 476 1809
3932 4 2 1 1 105 826 1108 1372
3933 4 2 1 1 753 1084 1230 1277
3934 4 2 1 1 1037 910 721 1861
3935 4 2 1 1 1322 1703 1132 1526
3936 4 2 1 1 824 1378 1577 1120
3937 4 2 1 1 766 1616 1287 1759
3938 4 2 1 1 103 849 928 1066
3939 4 2 1 1 623 1027 920 1670
3940 4 2 1 1 1033 1098 1023 727
3941 4 2 1 1 227 779 233 1092
3942 4 2 1 1 581 557 1341 1612
3943 4 2 1 1 433 1144 406 520
3944 4 2 1 1 1962 342 1827 331
3945 4 2 1 1 611 1188 1191 1063
3946 4 2 1 1 612 1582 1294 1659
3947 4 2 1 1 824 1091 1157 1413
3948 4 2 1 1 1329 1831 886 1893
3949 4 2 1 1 622 1006 1312 1897
3950 4 2 1 1 821 1723 1303 1724
3951 4 2 1 1 856 1115 1319 1404
3952 4 2 1 1 619 1108 1256 1914
3953 4 2 1 1 886 1542 1275 632
3954 4 2 1 1 313 341 340 1846
3955 4 2 1 1 1294 1582 1001 1659
3956 4 2 1 1 1163 1117 1278 208
3957 4 2 1 1 635 1001 1195 1269
3958 4 2 1 1 639 962 1069 1798
3959 4 2 1 1 695 1058 1496 1675
3960 4 2 1 1 1633 1511 1630 847
3961 4 2 1 1 766 1142 1287 1862
3962 4 2 1 1 1056 610 1524 1624
3963 4 2 1 1 1011 1089 998 1380
3964 4 2 1 1 717 1431 974 925
3965 4 2 1 1 1290 1443 886 1542
3966 4 2 1 1 748 1422 1096 1719
3967 4 2 1 1 827 1418 1221 1744
3968 4 2 1 1 1228 1455 775 1530
3969 4 2 1 1 738 1308 1443 1542
3970 4 2 1 1 189 5 40 1938
3971 4 2 1 1 450 1243 449 1354
3972 4 2 1 1 664 1239 1014 1585
3973 4 2 1 1 706 1328 1199 1835
3974 4 2 1 1 668 1100 1247 1381
3975 4 2 1 1 196 1966 752 1871
3976 4 2 1 1 1174 1518 460 1649
3977 4 2 1 1 862 726 1059 1392
3978 4 2 1 1 158 154 156 1639
3979 4 2 1 1 221 781 242 1651
3980 4 2 1 1 1155 705 1332 1379
3981 4 2 1 1 624 1284 1748 1884
3982 4 2 1 1 757 1379 1447 1830
3983 4 2 1 1 624 1610 982 1290
3984 4 2 1 1 705 1336 992 1492
3985 4 2 1 1 1281 629 874 1039
3986 4 2 1 1 733 995 1056 1913
3987 4 2 1 1 186 1148 772 1628
3988 4 2 1 1 471 504 469 1772
3989 4 2 1 1 1081 1147 1667 940
3990 4 2 1 1 839 1018 1517 1391
3991 4 2 1 1 747 1211 1364 1011
3992 4 2 1 1 312 1962 1691 1923
3993 4 2 1 1 921 1333 1102 1897
3994 4 2 1 1 645 877 1179 1594
3995 4 2 1 1 790 1600 1198 1617
3996 4 2 1 1 667 1458 903 1464
3997 4 2 1 1 1208 1669 1346 1003
3998 4 2 1 1 1391 1446 1018 1517
3999 4 2 1 1 1225 1034 1432 1784
4000 4 2 1 1 889 1448 739 1678
4001 4 2 1 1 410 409 411 1013
4002 4 2 1 1 895 768 1728 1738
4003 4 2 1 1 1011 1089 1380 605
4004 4 2 1 1 1467 1184 1326 855
4005 4 2 1 1 672 1104 1138 1531
4006 4 2 1 1 1202 1384 865 1556
4007 4 2 1 1 518 1834 1105 1882
4008 4 2 1 1 935 1455 1615 1696
4009 4 2 1 1 827 1176 963 1418
4010 4 2 1 1 951 1367 416 1450
4011 4 2 1 1 1268 1670 1027 919
4012 4 2 1 1 239 37 991 1788
4013 4 2 1 1 837 1301 1487 714
4014 4 2 1 1 682 1337 1038 1524
4015 4 2 1 1 1018 1373 936 1397
4016 4 2 1 1 1236 943 1599 1711
4017 4 2 1 1 1869 1958 301 261
4018 4 2 1 1 863 1358 1160 1536
4019 4 2 1 1 807 1594 1262 1735
4020 4 2 1 1 1213 1710 927 1885
4021 4 2 1 1 428 1243 450 1584
4022 4 2 1 1 627 1127 985 1309
4023 4 2 1 1 485 1069 962 1823
4024 4 2 1 1 126 11 1975 1754
4025 4 2 1 1 37 239 38 1788
4026 4 2 1 1 691 1464 1151 1777
4027 4 2 1 1 1095 1615 972 1764
4028 4 2 1 1 1691 1390 1851 710
4029 4 2 1 1 717 1315 1195 1589
4030 4 2 1 1 1962 342 331 312
4031 4 2 1 1 1940 255 817 283
4032 4 2 1 1 1337 1227 625 1113
4033 4 2 1 1 755 1141 1112 1724
4034 4 2 1 1 372 1520 374 1634
4035 4 2 1 1 672 1356 1357 1573
4036 4 2 1 1 620 1005 1010 1509
4037 4 2 1 1 635 1165 1209 1269
4038 4 2 1 1 1323 1557 1087 1688
4039 4 2 1 1 582 501 362 1765
4040 4 2 1 1 1496 1678 1091 1689
4041 4 2 1 1 897 737 1341 1820
4042 4 2 1 1 1298 1522 1302 632
4043 4 2 1 1 871 1160 681 1536
4044 4 2 1 1 1516 1625 922 1726
4045 4 2 1 1 1791 1204 1783 833
4046 4 2 1 1 358 590 573 1811
4047 4 2 1 1 695 1274 1675 1849
4048 4 2 1 1 706 915 1369 1835
4049 4 2 1 1 1788 146 168 1746
4050 4 2 1 1 705 1404 1008 1441
4051 4 2 1 1 914 692 1226 919
4052 4 2 1 1 1779 1480 850 1623
4053 4 2 1 1 845 1842 1634 906
4054 4 2 1 1 153 1521 1109 1785
4055 4 2 1 1 1586 1937 89 1511
4056 4 2 1 1 1840 1932 1654 364
4057 4 2 1 1 774 1086 1131 1742
4058 4 2 1 1 1058 859 1496 1675
4059 4 2 1 1 416 1367 951 1757
4060 4 2 1 1 885 1156 97 1313
4061 4 2 1 1 1779 1480 1623 491
4062 4 2 1 1 777 1500 1349 1196
4063 4 2 1 1 694 1620 1225 1915
4064 4 2 1 1 786 1213 1039 1504
4065 4 2 1 1 1018 1373 853 936
4066 4 2 1 1 1972 6 53 191
4067 4 2 1 1 841 1393 985 1573
4068 4 2 1 1 686 1435 1411 1556
4069 4 2 1 1 1623 491 1480 490
4070 4 2 1 1 645 1692 1775 1736
4071 4 2 1 1 1497 1132 634 1715
4072 4 2 1 1 509 1222 539 1820
4073 4 2 1 1 726 959 1059 1392
4074 4 2 1 1 183 677 1404 192
4075 4 2 1 1 1794 1317 1307 1003
4076 4 2 1 1 285 297 269 1695
4077 4 2 1 1 135 2 28 1977
4078 4 2 1 1 607 1607 1478 1196
4079 4 2 1 1 717 1316 941 1502
4080 4 2 1 1 1101 743 1178 1622
4081 4 2 1 1 1928 719 1410 308
4082 4 2 1 1 1881 228 235 1754
4083 4 2 1 1 296 283 259 1537
4084 4 2 1 1 1881 235 228 218
4085 4 2 1 1 196 1966 182 144
4086 4 2 1 1 518 1105 524 1456
4087 4 2 1 1 1779 492 575 602
4088 4 2 1 1 1789 1420 835 1268
4089 4 2 1 1 1779 1955 492 1386
4090 4 2 1 1 1516 1625 741 674
4091 4 2 1 1 680 1142 1017 1759
4092 4 2 1 1 1178 1405 1101 790
4093 4 2 1 1 846 567 357 1823
4094 4 2 1 1 1109 1357 164 1643
4095 4 2 1 1 533 1353 1123 1833
4096 4 2 1 1 638 1516 922 1726
4097 4 2 1 1 821 1350 1544 1747
4098 4 2 1 1 461 460 1174 1518
4099 4 2 1 1 1150 1199 811 1835
4100 4 2 1 1 1879 1592 1211 1407
4101 4 2 1 1 1850 1355 1219 729
4102 4 2 1 1 1093 1596 850 1779
4103 4 2 1 1 901 222 202 223
4104 4 2 1 1 846 357 567 551
4105 4 2 1 1 827 1609 1176 1748
4106 4 2 1 1 717 1195 1502 1589
4107 4 2 1 1 1331 1593 1145 656
4108 4 2 1 1 707 876 1168 1734
4109 4 2 1 1 925 634 1132 851
4110 4 2 1 1 1779 1955 1386 1146
4111 4 2 1 1 602 492 498 1779
4112 4 2 1 1 610 1056 1524 1755
4113 4 2 1 1 1581 1618 1159 1032
4114 4 2 1 1 1094 1711 771 1397
4115 4 2 1 1 1085 1740 845 1855
4116 4 2 1 1 1195 1269 832 1902
4117 4 2 1 1 411 412 410 1013
4118 4 2 1 1 523 1310 460 1649
4119 4 2 1 1 1839 714 1837 1301
4120 4 2 1 1 1316 1116 612 1403
4121 4 2 1 1 621 1280 1413 1587
4122 4 2 1 1 792 925 1232 1766
4123 4 2 1 1 566 1322 580 1470
4124 4 2 1 1 926 1344 730 1469
4125 4 2 1 1 633 1416 949 1900
4126 4 2 1 1 1136 1375 1079 1674
4127 4 2 1 1 712 1110 1513 1702
4128 4 2 1 1 848 1034 1549 1805
4129 4 2 1 1 218 838 217 1073
4130 4 2 1 1 484 485 1069 1878
4131 4 2 1 1 858 1538 1124 923
4132 4 2 1 1 731 1348 1048 1351
4133 4 2 1 1 791 922 1726 1021
4134 4 2 1 1 1397 1094 1711 752
4135 4 2 1 1 769 1205 913 1558
4136 4 2 1 1 1439 1524 1056 1755
4137 4 2 1 1 1684 1776 1400 617
4138 4 2 1 1 1061 1356 672 1573
4139 4 2 1 1 179 991 990 752
4140 4 2 1 1 1871 1094 1711 1092
4141 4 2 1 1 518 387 524 1105
4142 4 2 1 1 1307 1317 809 1792
4143 4 2 1 1 773 1611 1636 1042
4144 4 2 1 1 720 1480 1122 1547
4145 4 2 1 1 995 823 1440 630
4146 4 2 1 1 1839 714 1301 1885
4147 4 2 1 1 531 380 377 984
4148 4 2 1 1 1022 1082 772 1485
4149 4 2 1 1 1135 1184 1043 644
4150 4 2 1 1 1871 1711 1094 752
4151 4 2 1 1 1579 1679 432 406
4152 4 2 1 1 1907 1909 1306 703
4153 4 2 1 1 815 1334 1335 1761
4154 4 2 1 1 980 1748 1284 1884
4155 4 2 1 1 1878 366 1077 1477
4156 4 2 1 1 756 1309 1208 1393
4157 4 2 1 1 993 728 1335 1889
4158 4 2 1 1 366 599 360 1699
4159 4 2 1 1 387 1548 389 1716
4160 4 2 1 1 643 1620 1155 1915
4161 4 2 1 1 370 1395 368 966
4162 4 2 1 1 846 1797 1053 1819
4163 4 2 1 1 1133 1129 1665 761
4164 4 2 1 1 352 736 324 1846
4165 4 2 1 1 645 1775 800 1872
4166 4 2 1 1 1000 1214 890 1490
4167 4 2 1 1 743 971 1028 613
4168 4 2 1 1 1355 1338 1218 1449
4169 4 2 1 1 687 934 1257 1695
4170 4 2 1 1 1434 1811 41 165
4171 4 2 1 1 1076 813 908 694
4172 4 2 1 1 743 1376 1028 1460
4173 4 2 1 1 1010 1190 1084 1473
4174 4 2 1 1 941 1502 1339 1589
4175 4 2 1 1 1434 41 1811 568
4176 4 2 1 1 615 1665 1129 1736
4177 4 2 1 1 640 1611 1636 1766
4178 4 2 1 1 635 1195 1001 1515
4179 4 2 1 1 1316 1116 1403 965
4180 4 2 1 1 715 1134 1418 1569
4181 4 2 1 1 1022 747 1485 1712
4182 4 2 1 1 540 1399 373 1613
4183 4 2 1 1 1085 1201 760 1782
4184 4 2 1 1 1510 1511 1244 1630
4185 4 2 1 1 517 504 355 1630
4186 4 2 1 1 1879 1592 1407 785
4187 4 2 1 1 848 776 1549 1034
4188 4 2 1 1 608 1033 1436 1589
4189 4 2 1 1 293 1974 1410 1691
4190 4 2 1 1 635 1209 1001 1269
4191 4 2 1 1 754 783 1908 652
4192 4 2 1 1 518 402 1105 1834
4193 4 2 1 1 1112 1141 1517 1724
4194 4 2 1 1 783 938 1908 652
4195 4 2 1 1 912 946 726 959
4196 4 2 1 1 182 1966 196 1871
4197 4 2 1 1 902 783 1420 1670
4198 4 2 1 1 807 1197 1179 1594
4199 4 2 1 1 512 951 416 1450
4200 4 2 1 1 735 1544 1162 1747
4201 4 2 1 1 1908 938 783 1020
4202 4 2 1 1 1729 1949 947 142
4203 4 2 1 1 262 256 263 1832
4204 4 2 1 1 1684 1776 617 1025
4205 4 2 1 1 1028 1376 743 1447
4206 4 2 1 1 858 1767 1214 923
4207 4 2 1 1 523 460 543 1649
4208 4 2 1 1 735 1278 1117 630
4209 4 2 1 1 714 1324 1051 1487
4210 4 2 1 1 1270 1505 1248 1877
4211 4 2 1 1 1684 1776 1025 1706
4212 4 2 1 1 258 77 303 1934
4213 4 2 1 1 641 1618 1577 1728
4214 4 2 1 1 861 659 1375 1297
4215 4 2 1 1 85 1402 107 1259
4216 4 2 1 1 1365 614 1373 771
4217 4 2 1 1 666 1442 1266 1490
4218 4 2 1 1 845 1613 1399 1753
4219 4 2 1 1 693 1711 1183 1335
4220 4 2 1 1 193 167 1148 1746
4221 4 2 1 1 451 488 452 1714
4222 4 2 1 1 290 279 255 968
4223 4 2 1 1 746 1409 1031 1593
4224 4 2 1 1 691 1151 874 1525
4225 4 2 1 1 1788 168 146 188
4226 4 2 1 1 405 424 421 1213
4227 4 2 1 1 1140 1915 799 1332
4228 4 2 1 1 947 1949 1947 142
4229 4 2 1 1 818 1206 1621 907
4230 4 2 1 1 912 946 833 1438
4231 4 2 1 1 915 1071 1040 1298
4232 4 2 1 1 605 1370 1380 1541
4233 4 2 1 1 947 1949 1729 583
4234 4 2 1 1 763 1287 1017 1740
4235 4 2 1 1 693 1026 899 1591
4236 4 2 1 1 183 677 192 176
4237 4 2 1 1 655 1066 928 1118
4238 4 2 1 1 1112 1141 931 1788
4239 4 2 1 1 788 1391 1370 1644
4240 4 2 1 1 661 1199 1150 1835
4241 4 2 1 1 811 987 1884 1919
4242 4 2 1 1 635 1231 1195 1315
4243 4 2 1 1 646 998 1180 1181
4244 4 2 1 1 848 1297 1212 1725
4245 4 2 1 1 1406 1462 896 1586
4246 4 2 1 1 782 1454 1366 1467
4247 4 2 1 1 391 525 384 1110
4248 4 2 1 1 663 1014 885 1560
4249 4 2 1 1 863 672 1036 1358
4250 4 2 1 1 1943 1470 80 580
4251 4 2 1 1 673 1047 948 1365
4252 4 2 1 1 1248 178 1877 170
4253 4 2 1 1 182 1966 36 144
4254 4 2 1 1 1943 253 80 1470
4255 4 2 1 1 1033 1498 1275 632
4256 4 2 1 1 454 505 559 1470
4257 4 2 1 1 1400 1684 915 1706
4258 4 2 1 1 1246 1642 779 1907
4259 4 2 1 1 300 1059 862 1795
4260 4 2 1 1 1939 135 1074 1977
4261 4 2 1 1 1304 801 1049 1863
4262 4 2 1 1 163 1481 162 1804
4263 4 2 1 1 916 1508 1296 1720
4264 4 2 1 1 647 1103 1022 1555
4265 4 2 1 1 1063 1549 611 1805
4266 4 2 1 1 1036 1104 672 1531
4267 4 2 1 1 1237 701 1395 1686
4268 4 2 1 1 1403 1703 1294 851
4269 4 2 1 1 1804 179 160 1314
4270 4 2 1 1 387 1105 1548 1716
4271 4 2 1 1 435 474 578 1705
4272 4 2 1 1 925 1132 1403 851
4273 4 2 1 1 1297 1805 1057 848
4274 4 2 1 1 668 988 811 1730
4275 4 2 1 1 682 1439 906 1842
4276 4 2 1 1 816 1177 978 1491
4277 4 2 1 1 487 486 1672 1899
4278 4 2 1 1 722 1037 1378 1861
4279 4 2 1 1 737 1274 897 1499
4280 4 2 1 1 52 1959 7 301
4281 4 2 1 1 1939 135 129 1074
4282 4 2 1 1 589 1687 1654 1840
4283 4 2 1 1 1780 767 552 1597
4284 4 2 1 1 610 921 1428 1787
4285 4 2 1 1 714 1051 1324 1786
4286 4 2 1 1 537 874 1151 1525
4287 4 2 1 1 217 1073 838 1653
4288 4 2 1 1 90 962 1185 111
4289 4 2 1 1 850 1127 1122 1596
4290 4 2 1 1 887 1327 1009 1528
4291 4 2 1 1 1438 1601 1340 833
4292 4 2 1 1 1780 552 767 467
4293 4 2 1 1 993 1182 728 1889
4294 4 2 1 1 688 1264 1161 1623
4295 4 2 1 1 707 876 1734 1366
4296 4 2 1 1 808 1454 1295 1821
4297 4 2 1 1 1133 1129 761 948
4298 4 2 1 1 988 618 1635 811
4299 4 2 1 1 697 924 1065 1463
4300 4 2 1 1 688 1317 1003 1549
4301 4 2 1 1 620 1084 1005 1662
4302 4 2 1 1 1194 1513 952 1717
4303 4 2 1 1 797 1100 754 1382
4304 4 2 1 1 426 546 403 910
4305 4 2 1 1 839 1189 989 1517
4306 4 2 1 1 554 539 388 1613
4307 4 2 1 1 1427 1693 1076 1004
4308 4 2 1 1 717 1515 1250 1582
4309 4 2 1 1 126 113 140 740
4310 4 2 1 1 502 445 513 1603
4311 4 2 1 1 623 1670 1671 1020
4312 4 2 1 1 695 1678 1058 1810
4313 4 2 1 1 1054 913 751 1790
4314 4 2 1 1 1911 837 1733 981
4315 4 2 1 1 941 1220 1339 1502
4316 4 2 1 1 830 1135 651 1694
4317 4 2 1 1 1138 1104 1357 1643
4318 4 2 1 1 1929 1877 181 170
4319 4 2 1 1 791 1726 922 1895
4320 4 2 1 1 1208 1241 756 1393
4321 4 2 1 1 834 1648 1568 1695
4322 4 2 1 1 880 1748 1288 1887
4323 4 2 1 1 550 437 511 1810
4324 4 2 1 1 180 178 159 1104
4325 4 2 1 1 362 501 600 1765
4326 4 2 1 1 862 1059 300 1248
4327 4 2 1 1 892 1852 1506 665
4328 4 2 1 1 1225 1637 831 1693
4329 4 2 1 1 701 1267 954 1363
4330 4 2 1 1 415 1574 1367 1796
4331 4 2 1 1 686 1121 1235 1435
4332 4 2 1 1 824 969 1577 1815
4333 4 2 1 1 835 1369 1328 1641
4334 4 2 1 1 1877 192 178 1270
4335 4 2 1 1 1390 1537 710 1691
4336 4 2 1 1 1093 1161 688 1713
4337 4 2 1 1 883 699 1483 1663
4338 4 2 1 1 100 826 654 104
4339 4 2 1 1 795 938 322 1769
4340 4 2 1 1 1975 113 740 1074
4341 4 2 1 1 238 241 219 1873
4342 4 2 1 1 1212 1297 667 1024
4343 4 2 1 1 1381 1445 753 1299
4344 4 2 1 1 1208 1346 1669 829
4345 4 2 1 1 438 951 1623 1264
4346 4 2 1 1 683 1284 980 1514
4347 4 2 1 1 627 1127 850 1596
4348 4 2 1 1 1656 1451 725 1086
4349 4 2 1 1 152 173 145 1627
4350 4 2 1 1 927 1310 1174 1885
4351 4 2 1 1 775 1455 1321 1615
4352 4 2 1 1 836 1161 591 1386
4353 4 2 1 1 852 1557 1422 1866
4354 4 2 1 1 743 1376 1460 1622
4355 4 2 1 1 834 1648 287 1783
4356 4 2 1 1 1864 1130 722 1548
4357 4 2 1 1 749 934 278 1495
4358 4 2 1 1 1001 702 1195 1269
4359 4 2 1 1 1482 1538 1493 822
4360 4 2 1 1 1078 1330 937 1850
4361 4 2 1 1 1005 804 948 673
4362 4 2 1 1 719 1330 959 1553
4363 4 2 1 1 658 1201 1387 1616
4364 4 2 1 1 757 1427 1379 1830
4365 4 2 1 1 670 1034 1234 776
4366 4 2 1 1 1601 1718 1340 1857
4367 4 2 1 1 788 1119 1391 1606
4368 4 2 1 1 683 1066 1372 1817
4369 4 2 1 1 81 1954 253 1437
4370 4 2 1 1 661 1150 873 1835
4371 4 2 1 1 320 323 938 1078
4372 4 2 1 1 854 1251 1237 1699
4373 4 2 1 1 1063 1188 1191 1713
4374 4 2 1 1 516 1002 1304 1732
4375 4 2 1 1 761 1374 1299 1468
4376 4 2 1 1 619 1474 1108 1914
4377 4 2 1 1 635 1269 1195 1902
4378 4 2 1 1 627 985 1127 1596
4379 4 2 1 1 1231 1260 957 1826
4380 4 2 1 1 774 1131 1086 1320
4381 4 2 1 1 709 1137 1340 1444
4382 4 2 1 1 776 1519 1003 1549
4383 4 2 1 1 864 1384 1202 1556
4384 4 2 1 1 899 703 1306 1909
4385 4 2 1 1 792 974 1766 1534
4386 4 2 1 1 566 579 580 1322
4387 4 2 1 1 792 974 1534 1431
4388 4 2 1 1 1279 1422 1076 1866
4389 4 2 1 1 1287 1740 1085 1862
4390 4 2 1 1 784 1692 1676 1736
4391 4 2 1 1 1751 1384 1121 686
4392 4 2 1 1 818 1408 689 1778
4393 4 2 1 1 692 1168 1178 1731
4394 4 2 1 1 693 1008 1441 1889
4395 4 2 1 1 785 780 647 648
4396 4 2 1 1 507 516 1574 1796
4397 4 2 1 1 813 613 1447 1830
4398 4 2 1 1 397 406 1679 1732
4399 4 2 1 1 989 1391 839 1517
4400 4 2 1 1 789 1769 1846 1259
4401 4 2 1 1 1237 1238 701 1686
4402 4 2 1 1 778 1321 1050 1455
4403 4 2 1 1 933 1238 781 1655
4404 4 2 1 1 471 1772 1058 846
4405 4 2 1 1 763 1489 1287 1740
4406 4 2 1 1 1055 679 1252 1920
4407 4 2 1 1 761 948 1129 1005
4408 4 2 1 1 1219 1246 703 1550
4409 4 2 1 1 1948 1807 1860 206
4410 4 2 1 1 1625 1731 922 1821
4411 4 2 1 1 631 1814 685 1384
4412 4 2 1 1 1877 178 192 172
4413 4 2 1 1 1248 1877 798 1894
4414 4 2 1 1 628 1091 1565 1819
4415 4 2 1 1 1025 741 1516 1224
4416 4 2 1 1 1292 1293 730 1416
4417 4 2 1 1 633 1189 989 1644
4418 4 2 1 1 36 1966 182 1871
4419 4 2 1 1 750 1349 1311 1478
4420 4 2 1 1 835 1604 1154 1789
4421 4 2 1 1 1111 986 843 1832
4422 4 2 1 1 720 1450 1480 1547
4423 4 2 1 1 1625 1326 604 1295
4424 4 2 1 1 1139 1333 730 1645
4425 4 2 1 1 770 1205 1406 1558
4426 4 2 1 1 471 504 846 603
4427 4 2 1 1 1749 1572 1663 1009
4428 4 2 1 1 634 944 1497 1715
4429 4 2 1 1 673 1632 1129 838
4430 4 2 1 1 1139 1645 977 1874
4431 4 2 1 1 113 740 1074 1629
4432 4 2 1 1 848 776 1034 684
4433 4 2 1 1 1034 1784 1234 1859
4434 4 2 1 1 1207 1419 921 1787
4435 4 2 1 1 808 971 1460 1821
4436 4 2 1 1 898 1168 692 1457
4437 4 2 1 1 1288 1673 1430 880
4438 4 2 1 1 824 1577 1378 1661
4439 4 2 1 1 1327 1528 887 666
4440 4 2 1 1 84 1959 7 574
4441 4 2 1 1 545 967 544 1518
4442 4 2 1 1 813 1447 1379 1830
4443 4 2 1 1 664 1014 885 1585
4444 4 2 1 1 273 946 272 1783
4445 4 2 1 1 725 1028 1255 757
4446 4 2 1 1 1045 1369 915 674
4447 4 2 1 1 778 1488 978 1563
4448 4 2 1 1 840 1081 1709 1171
4449 4 2 1 1 632 1220 1339 941
4450 4 2 1 1 711 1021 1242 994
4451 4 2 1 1 1374 1468 761 1665
4452 4 2 1 1 1513 1472 952 1702
4453 4 2 1 1 1626 1944 243 1186
4454 4 2 1 1 745 1119 1046 1344
4455 4 2 1 1 126 11 10 1975
4456 4 2 1 1 1208 1309 841 1393
4457 4 2 1 1 689 1224 1242 1552
4458 4 2 1 1 1010 1276 789 1509
4459 4 2 1 1 1160 1265 843 1816
4460 4 2 1 1 853 1750 1180 728
4461 4 2 1 1 1129 1665 761 1847
4462 4 2 1 1 1826 1015 1802 663
4463 4 2 1 1 1142 1740 1287 1862
4464 4 2 1 1 1762 636 898 1169
4465 4 2 1 1 294 51 260 1917
4466 4 2 1 1 615 875 1760 1272
4467 4 2 1 1 1846 335 341 352
4468 4 2 1 1 861 1543 1368 1211
4469 4 2 1 1 24 25 87 1978
4470 4 2 1 1 636 898 1600 1617
4471 4 2 1 1 215 213 211 1890
4472 4 2 1 1 708 1218 1217 1338
4473 4 2 1 1 1422 1442 852 748
4474 4 2 1 1 989 820 1189 1723
4475 4 2 1 1 861 659 1297 1543
4476 4 2 1 1 1038 1440 1324 714
4477 4 2 1 1 816 1142 1095 1615
4478 4 2 1 1 673 1129 1632 948
4479 4 2 1 1 1322 1703 1526 704
4480 4 2 1 1 377 984 380 1707
4481 4 2 1 1 379 382 1424 1707
4482 4 2 1 1 1642 1236 943 1599
4483 4 2 1 1 1920 1055 654 1252
4484 4 2 1 1 658 1085 1489 1782
4485 4 2 1 1 923 774 1903 1841
4486 4 2 1 1 378 1388 386 1906
4487 4 2 1 1 1920 654 1055 1752
4488 4 2 1 1 1457 1554 1192 729
4489 4 2 1 1 724 1079 1539 1903
4490 4 2 1 1 418 1173 1448 1772
4491 4 2 1 1 645 1676 1692 1736
4492 4 2 1 1 1337 1227 1113 796
4493 4 2 1 1 1028 1107 642 1376
4494 4 2 1 1 737 897 1341 1499
4495 4 2 1 1 952 690 1493 1611
4496 4 2 1 1 935 637 1274 1499
4497 4 2 1 1 916 1666 1408 1242
4498 4 2 1 1 650 1048 900 1692
4499 4 2 1 1 1054 751 913 628
4500 4 2 1 1 971 808 1460 1656
4501 4 2 1 1 533 1353 1833 476
4502 4 2 1 1 797 1824 1730 988
4503 4 2 1 1 1579 1411 1825 1106
4504 4 2 1 1 1090 750 1311 628
4505 4 2 1 1 653 1564 1157 1815
4506 4 2 1 1 886 632 1275 1893
4507 4 2 1 1 1311 1349 750 1764
4508 4 2 1 1 729 1355 1219 1554
4509 4 2 1 1 1730 1824 797 1382
4510 4 2 1 1 972 1615 1095 1862
4511 4 2 1 1 737 1341 1612 1781
4512 4 2 1 1 750 1413 1091 1849
4513 4 2 1 1 569 500 463 1729
4514 4 2 1 1 405 1213 1453 1910
4515 4 2 1 1 839 1141 649 1181
4516 4 2 1 1 770 1406 98 1558
4517 4 2 1 1 624 982 1284 1884
4518 4 2 1 1 791 1895 1320 748
4519 4 2 1 1 1907 1246 318 326
4520 4 2 1 1 1473 1474 619 1914
4521 4 2 1 1 404 400 1213 1885
4522 4 2 1 1 634 944 1200 1285
4523 4 2 1 1 990 168 1030 991
4524 4 2 1 1 970 1102 651 1844
4525 4 2 1 1 228 200 235 1754
4526 4 2 1 1 549 1122 596 1480
4527 4 2 1 1 961 1054 751 1619
4528 4 2 1 1 813 1155 1379 1492
4529 4 2 1 1 1081 1147 940 759
4530 4 2 1 1 1907 1219 318 1246
4531 4 2 1 1 846 1053 357 593
4532 4 2 1 1 846 357 1053 1823
4533 4 2 1 1 1040 1542 886 632
4534 4 2 1 1 645 1187 877 1594
4535 4 2 1 1 1063 611 950 1805
4536 4 2 1 1 1378 1120 1233 1861
4537 4 2 1 1 778 978 1177 1563
4538 4 2 1 1 1438 1783 268 946
4539 4 2 1 1 1318 1506 1015 1512
4540 4 2 1 1 387 518 402 1105
4541 4 2 1 1 476 1075 1353 1833
4542 4 2 1 1 1042 1475 712 1864
4543 4 2 1 1 1124 1342 822 1616
4544 4 2 1 1 1070 1011 1364 1211
4545 4 2 1 1 621 1164 1413 1661
4546 4 2 1 1 1645 830 1333 926
4547 4 2 1 1 1579 1825 1411 865
4548 4 2 1 1 1853 903 1063 691
4549 4 2 1 1 604 1154 1454 1467
4550 4 2 1 1 136 1019 849 1390
4551 4 2 1 1 1540 186 772 1628
4552 4 2 1 1 1063 950 611 1429
4553 4 2 1 1 933 1580 1162 732
4554 4 2 1 1 1325 1744 1503 770
4555 4 2 1 1 886 1443 1290 1610
4556 4 2 1 1 222 66 221 1077
4557 4 2 1 1 496 484 571 1069
4558 4 2 1 1 1027 1701 1198 919
4559 4 2 1 1 1503 1744 1325 867
4560 4 2 1 1 895 1618 1159 1728
4561 4 2 1 1 1844 1349 970 1721
4562 4 2 1 1 676 971 1295 1895
4563 4 2 1 1 808 1043 1046 1916
4564 4 2 1 1 731 1272 1273 1632
4565 4 2 1 1 781 1238 933 1251
4566 4 2 1 1 434 466 467 1122
4567 4 2 1 1 193 186 158 1148
4568 4 2 1 1 1571 1466 1774 901
4569 4 2 1 1 991 1094 649 990
4570 4 2 1 1 629 1051 1394 1592
4571 4 2 1 1 764 1784 1109 1785
4572 4 2 1 1 1101 1178 790 1600
4573 4 2 1 1 318 1219 321 1246
4574 4 2 1 1 707 1338 942 1366
4575 4 2 1 1 1614 1981 83 256
4576 4 2 1 1 103 1066 928 1313
4577 4 2 1 1 528 529 455 1424
4578 4 2 1 1 180 1643 164 1357
4579 4 2 1 1 93 1239 95 1585
4580 4 2 1 1 922 1295 971 1895
4581 4 2 1 1 780 1011 1380 1879
4582 4 2 1 1 707 1366 942 1904
4583 4 2 1 1 725 1255 1089 757
4584 4 2 1 1 810 1150 811 1835
4585 4 2 1 1 1242 1552 1224 1726
4586 4 2 1 1 499 1130 561 546
4587 4 2 1 1 1108 1562 1256 826
4588 4 2 1 1 834 305 287 1648
4589 4 2 1 1 184 164 149 1917
4590 4 2 1 1 1837 1213 1394 714
4591 4 2 1 1 661 1362 1260 1826
4592 4 2 1 1 164 1643 180 153
4593 4 2 1 1 742 1289 1196 1664
4594 4 2 1 1 965 1403 925 698
4595 4 2 1 1 1275 1542 1033 632
4596 4 2 1 1 997 1658 996 1697
4597 4 2 1 1 805 1527 1114 1865
4598 4 2 1 1 669 1190 1197 1847
4599 4 2 1 1 1839 441 1672 1039
4600 4 2 1 1 1094 771 1711 1092
4601 4 2 1 1 813 1171 1155 1492
4602 4 2 1 1 1761 1335 1762 993
4603 4 2 1 1 1013 1484 1202 1700
4604 4 2 1 1 747 1368 1543 1211
4605 4 2 1 1 615 1133 1469 1685
4606 4 2 1 1 1283 141 56 171
4607 4 2 1 1 935 775 1455 1530
4608 4 2 1 1 1046 788 1119 1360
4609 4 2 1 1 913 1205 770 1558
4610 4 2 1 1 706 1326 1610 1641
4611 4 2 1 1 377 376 375 1172
4612 4 2 1 1 728 853 936 1180
4613 4 2 1 1 1383 1795 300 295
4614 4 2 1 1 650 1292 1139 1419
4615 4 2 1 1 610 954 701 1755
4616 4 2 1 1 1513 1472 1702 1812
4617 4 2 1 1 1105 1398 712 1716
4618 4 2 1 1 1292 1348 868 1419
4619 4 2 1 1 802 1572 1009 887
4620 4 2 1 1 1383 300 1795 1059
4621 4 2 1 1 655 1288 1668 1887
4622 4 2 1 1 125 114 116 1537
4623 4 2 1 1 645 1465 1187 1872
4624 4 2 1 1 933 1576 1251 701
4625 4 2 1 1 232 1048 212 1273
4626 4 2 1 1 624 1748 1743 1884
4627 4 2 1 1 1314 1183 1332 1008
4628 4 2 1 1 169 752 1481 1871
4629 4 2 1 1 1377 1491 1874 1139
4630 4 2 1 1 1558 1153 1462 118
4631 4 2 1 1 348 311 337 1894
4632 4 2 1 1 158 175 193 1471
4633 4 2 1 1 516 1304 391 1732
4634 4 2 1 1 3 1982 299 78
4635 4 2 1 1 643 918 1138 1620
4636 4 2 1 1 615 875 1272 1685
4637 4 2 1 1 1907 1219 1246 703
4638 4 2 1 1 824 1577 1661 1815
4639 4 2 1 1 1001 717 1502 1582
4640 4 2 1 1 668 1328 982 1641
4641 4 2 1 1 773 1611 974 1766
4642 4 2 1 1 670 1034 1225 1784
4643 4 2 1 1 1253 1138 917 1843
4644 4 2 1 1 868 1580 1544 1747
4645 4 2 1 1 911 1197 838 669
4646 4 2 1 1 915 1400 1071 1684
4647 4 2 1 1 1139 1292 730 1419
4648 4 2 1 1 993 705 1182 1889
4649 4 2 1 1 828 1528 1327 666
4650 4 2 1 1 792 1431 1250 925
4651 4 2 1 1 516 1002 408 1574
4652 4 2 1 1 637 1267 954 1740
4653 4 2 1 1 83 1958 261 84
4654 4 2 1 1 718 1270 1104 1709
4655 4 2 1 1 230 210 732 1163
4656 4 2 1 1 95 89 96 1586
4657 4 2 1 1 607 1377 978 1758
4658 4 2 1 1 530 1809 429 1757
4659 4 2 1 1 945 1385 1484 1640
4660 4 2 1 1 693 993 899 1909
4661 4 2 1 1 708 1230 1247 902
4662 4 2 1 1 679 1050 1619 1590
4663 4 2 1 1 932 1513 1194 1717
4664 4 2 1 1 1246 1423 779 1642
4665 4 2 1 1 941 1589 1339 632
4666 4 2 1 1 808 1135 1043 1916
4667 4 2 1 1 728 1334 960 1761
4668 4 2 1 1 1023 1577 1661 773
4669 4 2 1 1 1128 1696 935 1856
4670 4 2 1 1 346 329 308 1410
4671 4 2 1 1 1945 1074 238 1873
4672 4 2 1 1 1924 280 1248 254
4673 4 2 1 1 608 974 1033 1589
4674 4 2 1 1 1262 1657 814 1677
4675 4 2 1 1 1115 1319 1270 1709
4676 4 2 1 1 530 429 1809 532
4677 4 2 1 1 783 938 1671 1020
4678 4 2 1 1 1547 512 412 1450
4679 4 2 1 1 988 811 1635 1919
4680 4 2 1 1 867 1668 1514 1817
4681 4 2 1 1 636 1600 1101 1617
4682 4 2 1 1 743 1492 1101 1021
4683 4 2 1 1 249 1423 231 1873
4684 4 2 1 1 1409 1516 914 790
4685 4 2 1 1 709 1535 1209 1892
4686 4 2 1 1 1294 1886 909 1892
4687 4 2 1 1 761 1352 1299 1374
4688 4 2 1 1 1782 979 658 984
4689 4 2 1 1 720 1003 1307 1062
4690 4 2 1 1 762 1184 1135 644
4691 4 2 1 1 679 1050 1590 1465
4692 4 2 1 1 647 1229 1011 1559
4693 4 2 1 1 275 1160 863 1358
4694 4 2 1 1 730 1292 977 1760
4695 4 2 1 1 444 1411 468 1579
4696 4 2 1 1 1982 1239 131 1941
4697 4 2 1 1 703 1554 1169 1762
4698 4 2 1 1 1933 1540 142 1729
4699 4 2 1 1 1577 1618 895 1728
4700 4 2 1 1 638 1242 1224 1726
4701 4 2 1 1 1275 1498 1033 690
4702 4 2 1 1 767 1122 945 1385
4703 4 2 1 1 1905 1567 1814 1072
4704 4 2 1 1 1135 1184 762 1295
4705 4 2 1 1 1486 1601 912 1776
4706 4 2 1 1 847 1462 1153 1633
4707 4 2 1 1 763 1113 1287 1489
4708 4 2 1 1 937 1078 719 1330
4709 4 2 1 1 1298 1831 904 1893
4710 4 2 1 1 214 250 242 1774
4711 4 2 1 1 408 1002 397 1679
4712 4 2 1 1 570 517 355 1630
4713 4 2 1 1 1839 1672 441 442
4714 4 2 1 1 608 1023 974 1534
4715 4 2 1 1 604 1295 1454 1821
4716 4 2 1 1 1150 1362 892 1512
4717 4 2 1 1 1054 1185 961 1883
4718 4 2 1 1 1027 623 919 1670
4719 4 2 1 1 1015 1318 812 1802
4720 4 2 1 1 221 1077 1651 1774
4721 4 2 1 1 158 1555 1148 1628
4722 4 2 1 1 378 379 1424 1707
4723 4 2 1 1 423 945 434 1547
4724 4 2 1 1 994 1508 840 656
4725 4 2 1 1 691 1525 1223 1777
4726 4 2 1 1 528 378 379 1424
4727 4 2 1 1 695 1810 1820 1222
4728 4 2 1 1 1905 1814 1567 685
4729 4 2 1 1 1787 1900 1428 949
4730 4 2 1 1 719 1553 304 1410
4731 4 2 1 1 1513 1702 1110 1812
4732 4 2 1 1 1049 1367 1792 801
4733 4 2 1 1 627 1109 1291 1521
4734 4 2 1 1 122 817 928 1019
4735 4 2 1 1 922 1726 1625 1895
4736 4 2 1 1 301 260 52 1869
4737 4 2 1 1 1217 1218 708 1789
4738 4 2 1 1 1147 1198 819 1254
4739 4 2 1 1 1953 1239 1586 94
4740 4 2 1 1 748 1096 1266 1570
4741 4 2 1 1 898 1762 1554 899
4742 4 2 1 1 369 1781 1341 966
4743 4 2 1 1 876 1366 1154 1734
4744 4 2 1 1 627 1291 1109 1573
4745 4 2 1 1 587 465 482 981
4746 4 2 1 1 448 556 501 1243
4747 4 2 1 1 1208 756 1669 1003
4748 4 2 1 1 1159 1728 896 1738
4749 4 2 1 1 321 320 795 1219
4750 4 2 1 1 651 1124 1193 1844
4751 4 2 1 1 516 397 408 1002
4752 4 2 1 1 1973 35 34 185
4753 4 2 1 1 635 1315 1195 1515
4754 4 2 1 1 1200 1495 806 1715
4755 4 2 1 1 1058 1496 846 1689
4756 4 2 1 1 366 1477 495 1781
4757 4 2 1 1 622 1742 1086 1841
4758 4 2 1 1 343 938 323 1851
4759 4 2 1 1 1554 1762 898 1169
4760 4 2 1 1 1219 1355 703 1554
4761 4 2 1 1 783 1421 1389 1730
4762 4 2 1 1 832 1195 1231 793
4763 4 2 1 1 1212 1317 848 1725
4764 4 2 1 1 526 1710 394 1833
4765 4 2 1 1 426 427 428 1584
4766 4 2 1 1 701 1238 1237 1251
4767 4 2 1 1 962 1067 639 1878
4768 4 2 1 1 678 899 898 1554
4769 4 2 1 1 1878 485 494 484
4770 4 2 1 1 611 1034 1057 1805
4771 4 2 1 1 1878 494 485 1067
4772 4 2 1 1 260 275 294 1917
4773 4 2 1 1 787 1285 1200 1560
4774 4 2 1 1 758 1658 1286 1595
4775 4 2 1 1 683 1256 987 1284
4776 4 2 1 1 1386 1521 145 1627
4777 4 2 1 1 689 1408 1666 1242
4778 4 2 1 1 187 46 7 1959
4779 4 2 1 1 85 107 1402 139
4780 4 2 1 1 1684 1776 1706 1400
4781 4 2 1 1 293 1410 73 286
4782 4 2 1 1 732 1163 1351 1544
4783 4 2 1 1 821 1723 1350 1747
4784 4 2 1 1 427 426 425 910
4785 4 2 1 1 1105 1548 722 1834
4786 4 2 1 1 73 339 346 1410
4787 4 2 1 1 1337 1227 796 927
4788 4 2 1 1 1465 1872 1466 679
4789 4 2 1 1 221 242 223 1774
4790 4 2 1 1 928 618 1575 1635
4791 4 2 1 1 680 1491 1207 1722
4792 4 2 1 1 794 1000 1727 941
4793 4 2 1 1 996 1697 1658 1595
4794 4 2 1 1 399 544 547 1395
4795 4 2 1 1 1310 1337 682 1842
4796 4 2 1 1 1212 1317 626 1792
4797 4 2 1 1 657 929 1535 1886
4798 4 2 1 1 1943 253 1470 704
4799 4 2 1 1 1643 1843 1138 918
4800 4 2 1 1 872 1243 501 1511
4801 4 2 1 1 1243 721 1244 1803
4802 4 2 1 1 737 935 1499 1870
4803 4 2 1 1 615 875 1685 1469
4804 4 2 1 1 1854 208 201 229
4805 4 2 1 1 632 1220 941 1498
4806 4 2 1 1 1337 1227 927 625
4807 4 2 1 1 821 1396 1166 820
4808 4 2 1 1 533 1353 476 506
4809 4 2 1 1 127 139 120 1402
4810 4 2 1 1 464 481 465 1739
4811 4 2 1 1 989 1210 875 1606
4812 4 2 1 1 675 1210 989 1606
4813 4 2 1 1 666 1442 1060 1771
4814 4 2 1 1 741 1298 1045 1625
4815 4 2 1 1 719 1078 937 1410
4816 4 2 1 1 631 1215 1121 1111
4817 4 2 1 1 728 960 1334 853
4818 4 2 1 1 738 1443 1290 1542
4819 4 2 1 1 692 898 1457 1588
4820 4 2 1 1 986 1291 985 1573
4821 4 2 1 1 1012 1393 985 756
4822 4 2 1 1 834 1209 1568 1165
4823 4 2 1 1 265 1412 929 1695
4824 4 2 1 1 201 1278 208 1854
4825 4 2 1 1 1627 1628 764 1785
4826 4 2 1 1 802 609 1572 887
4827 4 2 1 1 743 1101 1178 1021
4828 4 2 1 1 688 903 1264 1838
4829 4 2 1 1 1054 1565 1558 1153
4830 4 2 1 1 1383 272 268 295
4831 4 2 1 1 749 1068 1495 1868
4832 4 2 1 1 250 214 232 1605
4833 4 2 1 1 1788 1030 991 648
4834 4 2 1 1 1727 1513 1472 952
4835 4 2 1 1 1871 36 35 182
4836 4 2 1 1 230 1655 1163 732
4837 4 2 1 1 334 1846 1259 340
4838 4 2 1 1 965 1401 794 1472
4839 4 2 1 1 720 1484 1013 1547
4840 4 2 1 1 1305 1825 1144 698
4841 4 2 1 1 605 1380 1011 1879
4842 4 2 1 1 1072 1116 965 1567
4843 4 2 1 1 808 1295 971 1821
4844 4 2 1 1 242 781 198 1655
4845 4 2 1 1 1187 1252 679 1920
4846 4 2 1 1 883 1398 1387 1707
4847 4 2 1 1 1754 1282 878 1646
4848 4 2 1 1 1440 1487 837 1806
4849 4 2 1 1 971 1578 1028 613
4850 4 2 1 1 713 1229 1364 1011
4851 4 2 1 1 739 1245 1120 1690
4852 4 2 1 1 720 1307 1003 1794
4853 4 2 1 1 929 1235 843 1832
4854 4 2 1 1 1972 34 191 1973
4855 4 2 1 1 641 721 1244 1861
4856 4 2 1 1 1415 1319 157 856
4857 4 2 1 1 782 1099 1366 1454
4858 4 2 1 1 369 1781 966 367
4859 4 2 1 1 922 638 1726 1021
4860 4 2 1 1 201 1278 1854 976
4861 4 2 1 1 1004 713 831 1364
4862 4 2 1 1 638 1516 1409 790
4863 4 2 1 1 1399 1613 540 1753
4864 4 2 1 1 931 630 1117 1807
4865 4 2 1 1 1383 268 272 946
4866 4 2 1 1 9 2 135 1977
4867 4 2 1 1 1041 794 666 1359
4868 4 2 1 1 1687 354 981 586
4869 4 2 1 1 853 1373 1018 1391
4870 4 2 1 1 626 1307 1003 1062
4871 4 2 1 1 1033 1098 727 690
4872 4 2 1 1 875 1272 1166 1293
4873 4 2 1 1 1088 1487 1152 1545
4874 4 2 1 1 981 354 1854 588
4875 4 2 1 1 266 758 1126 1795
4876 4 2 1 1 688 1161 1264 1603
4877 4 2 1 1 1046 1086 808 1916
4878 4 2 1 1 914 1516 1409 1828
4879 4 2 1 1 1096 1570 748 1719
4880 4 2 1 1 124 885 97 1313
4881 4 2 1 1 1081 1147 759 616
4882 4 2 1 1 124 885 1313 1561
4883 4 2 1 1 1849 1675 1496 1090
4884 4 2 1 1 978 1491 1377 1722
4885 4 2 1 1 190 47 8 1976
4886 4 2 1 1 1941 1239 131 93
4887 4 2 1 1 773 974 1023 1534
4888 4 2 1 1 769 1406 1205 1558
4889 4 2 1 1 1088 1807 1763 1860
4890 4 2 1 1 1496 1675 1849 695
4891 4 2 1 1 641 1244 1245 1861
4892 4 2 1 1 1846 1769 344 1259
4893 4 2 1 1 1496 1091 1849 1090
4894 4 2 1 1 780 1380 1044 1879
4895 4 2 1 1 268 295 270 1795
4896 4 2 1 1 1496 1849 1678 695
4897 4 2 1 1 122 817 1019 1537
4898 4 2 1 1 221 1932 781 1964
4899 4 2 1 1 1180 1391 1181 696
4900 4 2 1 1 853 1018 1180 1391
4901 4 2 1 1 1291 151 1109 882
4902 4 2 1 1 707 942 1459 1904
4903 4 2 1 1 1283 677 176 1877
4904 4 2 1 1 511 510 558 1143
4905 4 2 1 1 778 1050 1488 1465
4906 4 2 1 1 624 1743 1290 1884
4907 4 2 1 1 8 1976 303 77
4908 4 2 1 1 955 777 1349 1631
4909 4 2 1 1 1806 1739 1487 837
4910 4 2 1 1 1221 1430 1083 1609
4911 4 2 1 1 883 699 1663 1049
4912 4 2 1 1 857 1354 452 1714
4913 4 2 1 1 785 1052 648 1745
4914 4 2 1 1 488 1714 451 1898
4915 4 2 1 1 677 1026 1283 176
4916 4 2 1 1 1108 1372 1256 1914
4917 4 2 1 1 682 1440 1038 714
4918 4 2 1 1 893 1506 956 1852
4919 4 2 1 1 652 1390 849 1389
4920 4 2 1 1 876 1602 1460 1848
4921 4 2 1 1 794 666 1072 1727
4922 4 2 1 1 1459 1566 1598 953
4923 4 2 1 1 653 1083 1430 1609
4924 4 2 1 1 741 1302 1298 1625
4925 4 2 1 1 731 1048 1348 784
4926 4 2 1 1 649 1112 1141 1517
4927 4 2 1 1 1961 846 493 593
4928 4 2 1 1 652 849 1390 1402
4929 4 2 1 1 137 1883 1185 1054
4930 4 2 1 1 1133 1129 948 615
4931 4 2 1 1 548 1152 1301 1839
4932 4 2 1 1 816 1095 1142 1722
4933 4 2 1 1 1379 1427 1140 694
4934 4 2 1 1 778 1321 978 1488
4935 4 2 1 1 1281 874 629 1082
4936 4 2 1 1 1101 1600 790 1617
4937 4 2 1 1 1609 1896 1748 1097
4938 4 2 1 1 681 1061 1536 1573
4939 4 2 1 1 1107 1028 1360 757
4940 4 2 1 1 1124 1342 724 1414
4941 4 2 1 1 1207 1491 816 1722
4942 4 2 1 1 971 1295 922 1821
4943 4 2 1 1 756 1062 958 1669
4944 4 2 1 1 1620 1171 1138 643
4945 4 2 1 1 1501 698 803 1808
4946 4 2 1 1 633 1303 949 1747
4947 4 2 1 1 1706 741 674 1025
4948 4 2 1 1 702 1001 1195 1502
4949 4 2 1 1 751 1263 963 1478
4950 4 2 1 1 371 1520 966 1613
4951 4 2 1 1 782 1277 942 1352
4952 4 2 1 1 562 1202 1700 508
4953 4 2 1 1 1300 1319 155 1415
4954 4 2 1 1 806 1970 983 277
4955 4 2 1 1 680 1102 1333 1664
4956 4 2 1 1 146 1216 1746 1788
4957 4 2 1 1 1224 1408 689 1242
4958 4 2 1 1 892 1506 1015 665
4959 4 2 1 1 462 460 1518 1649
4960 4 2 1 1 606 1393 1208 1688
4961 4 2 1 1 620 1230 1084 1449
4962 4 2 1 1 387 1105 402 1548
4963 4 2 1 1 1140 1379 757 1427
4964 4 2 1 1 910 1244 721 1861
4965 4 2 1 1 898 1169 1168 1457
4966 4 2 1 1 604 1454 1184 1467
4967 4 2 1 1 789 740 1276 1425
4968 4 2 1 1 1879 1592 785 1559
4969 4 2 1 1 1182 1183 1332 646
4970 4 2 1 1 706 1290 982 1610
4971 4 2 1 1 425 515 470 1173
4972 4 2 1 1 843 1160 681 1265
4973 4 2 1 1 679 1050 1465 1263
4974 4 2 1 1 558 1143 1612 1822
4975 4 2 1 1 134 33 4 1971
4976 4 2 1 1 1263 1488 877 1607
4977 4 2 1 1 847 1633 1153 1819
4978 4 2 1 1 1847 1665 1736 1129
4979 4 2 1 1 869 997 656 1593
4980 4 2 1 1 1703 687 1751 1294
4981 4 2 1 1 478 891 564 561
4982 4 2 1 1 687 1886 1294 1892
4983 4 2 1 1 453 1305 1106 1579
4984 4 2 1 1 1230 1277 1084 1449
4985 4 2 1 1 885 1585 97 1801
4986 4 2 1 1 677 1026 176 1591
4987 4 2 1 1 1395 1363 701 1237
4988 4 2 1 1 285 253 1257 1437
4989 4 2 1 1 1227 1483 979 1388
4990 4 2 1 1 216 217 838 1273
4991 4 2 1 1 599 1237 1840 1699
4992 4 2 1 1 1017 1287 1142 1740
4993 4 2 1 1 1115 759 1492 1171
4994 4 2 1 1 931 1763 1545 1807
4995 4 2 1 1 1625 1731 1821 604
4996 4 2 1 1 1847 1736 1665 870
4997 4 2 1 1 665 1345 834 1648
4998 4 2 1 1 1941 1239 93 1014
4999 4 2 1 1 609 1214 1490 1570
5000 4 2 1 1 901 222 223 1077
5001 4 2 1 1 924 1370 605 1541
5002 4 2 1 1 672 917 1296 1138
5003 4 2 1 1 1662 1904 942 1352
5004 4 2 1 1 249 197 231 1423
5005 4 2 1 1 719 304 1553 1383
5006 4 2 1 1 1140 1332 1182 1379
5007 4 2 1 1 674 1027 1149 1828
5008 4 2 1 1 1070 1674 881 1211
5009 4 2 1 1 1060 744 1771 1241
5010 4 2 1 1 618 1019 956 1389
5011 4 2 1 1 949 1747 1624 1787
5012 4 2 1 1 857 1132 1305 1756
5013 4 2 1 1 681 1012 985 1111
5014 4 2 1 1 548 1301 521 1839
5015 4 2 1 1 1367 1792 809 1809
5016 4 2 1 1 305 934 1648 1695
5017 4 2 1 1 699 1075 1424 1388
5018 4 2 1 1 1286 1536 1531 863
5019 4 2 1 1 748 1422 1320 791
5020 4 2 1 1 984 1399 531 1456
5021 4 2 1 1 1972 64 6 248
5022 4 2 1 1 447 1603 445 502
5023 4 2 1 1 1298 1522 632 1893
5024 4 2 1 1 979 1172 796 1906
5025 4 2 1 1 1506 1249 1852 892
5026 4 2 1 1 1483 1424 979 1388
5027 4 2 1 1 1128 1455 935 1696
5028 4 2 1 1 1072 1472 794 1727
5029 4 2 1 1 1049 1796 529 1809
5030 4 2 1 1 1495 1526 983 1715
5031 4 2 1 1 519 1456 1399 1753
5032 4 2 1 1 1325 98 1503 100
5033 4 2 1 1 1428 1539 1017 1755
5034 4 2 1 1 1702 1717 1513 712
5035 4 2 1 1 819 1330 1254 1701
5036 4 2 1 1 623 920 1027 1330
5037 4 2 1 1 404 420 401 1885
5038 4 2 1 1 1194 1727 1000 941
5039 4 2 1 1 1041 1479 1359 666
5040 4 2 1 1 1058 1448 436 1810
5041 4 2 1 1 649 1181 1141 990
5042 4 2 1 1 1188 1628 1858 1859
5043 4 2 1 1 699 1483 1227 1388
5044 4 2 1 1 1046 788 1360 1451
5045 4 2 1 1 709 1209 1165 1269
5046 4 2 1 1 818 1286 1621 1875
5047 4 2 1 1 831 1637 1229 1693
5048 4 2 1 1 729 1682 1254 1850
5049 4 2 1 1 951 1367 809 1757
5050 4 2 1 1 1732 1679 1567 1144
5051 4 2 1 1 124 885 1561 108
5052 4 2 1 1 814 1445 1381 1299
5053 4 2 1 1 950 1281 691 1464
5054 4 2 1 1 980 1743 1748 1884
5055 4 2 1 1 660 1072 1812 1905
5056 4 2 1 1 836 1603 1161 1713
5057 4 2 1 1 788 1370 924 1644
5058 4 2 1 1 58 8 1976 190
5059 4 2 1 1 1633 1630 1511 355
5060 4 2 1 1 606 1533 1393 1688
5061 4 2 1 1 474 577 578 1705
5062 4 2 1 1 1494 1564 1815 969
5063 4 2 1 1 1166 1272 734 1396
5064 4 2 1 1 1531 1536 1286 1296
5065 4 2 1 1 750 1157 1083 628
5066 4 2 1 1 920 1330 1671 662
5067 4 2 1 1 1905 1013 801 1062
5068 4 2 1 1 1387 1398 984 1707
5069 4 2 1 1 1093 850 1161 1779
5070 4 2 1 1 607 1196 1377 1758
5071 4 2 1 1 109 1823 16 962
5072 4 2 1 1 637 1363 1267 1855
5073 4 2 1 1 1049 1367 801 1796
5074 4 2 1 1 758 1438 996 1595
5075 4 2 1 1 822 1194 1493 1717
5076 4 2 1 1 818 1697 1286 1875
5077 4 2 1 1 1172 1489 845 1782
5078 4 2 1 1 1699 1932 360 1964
5079 4 2 1 1 1379 1830 1427 694
5080 4 2 1 1 711 1279 813 1866
5081 4 2 1 1 432 406 433 1579
5082 4 2 1 1 475 529 1796 1809
5083 4 2 1 1 1275 632 1498 1893
5084 4 2 1 1 1732 1567 803 1144
5085 4 2 1 1 670 1300 1643 1784
5086 4 2 1 1 16 1823 109 1957
5087 4 2 1 1 637 1499 1363 1855
5088 4 2 1 1 1088 976 1806 1807
5089 4 2 1 1 1057 1034 848 1805
5090 4 2 1 1 828 1359 1072 1814
5091 4 2 1 1 207 206 931 1807
5092 4 2 1 1 1348 1580 888 732
5093 4 2 1 1 730 926 1469 1645
5094 4 2 1 1 725 1089 1360 757
5095 4 2 1 1 1971 22 4 134
5096 4 2 1 1 647 1229 1103 1637
5097 4 2 1 1 1201 1482 621 1493
5098 4 2 1 1 607 978 1321 1488
5099 4 2 1 1 1531 1922 863 1036
5100 4 2 1 1 1961 846 593 1053
5101 4 2 1 1 800 1692 1426 1775
5102 4 2 1 1 738 1436 1308 1542
5103 4 2 1 1 1913 1687 1518 967
5104 4 2 1 1 1761 1762 1335 815
5105 4 2 1 1 1561 663 968 1014
5106 4 2 1 1 1891 914 1198 790
5107 4 2 1 1 1913 1518 1687 981
5108 4 2 1 1 704 1526 934 1703
5109 4 2 1 1 833 1204 1601 1857
5110 4 2 1 1 1091 1689 1120 1819
5111 4 2 1 1 620 1005 1016 804
5112 4 2 1 1 1935 57 58 147
5113 4 2 1 1 1263 751 1752 1920
5114 4 2 1 1 1221 1418 963 1752
5115 4 2 1 1 108 95 97 1585
5116 4 2 1 1 1265 1546 657 907
5117 4 2 1 1 1007 1915 1140 694
5118 4 2 1 1 692 1178 1168 1600
5119 4 2 1 1 288 1928 719 252
5120 4 2 1 1 1103 1229 747 831
5121 4 2 1 1 1156 1205 770 1673
5122 4 2 1 1 965 803 1472 1567
5123 4 2 1 1 599 1237 1699 365
5124 4 2 1 1 1359 666 1479 1771
5125 4 2 1 1 775 935 1455 1615
5126 4 2 1 1 921 1897 1428 1900
5127 4 2 1 1 793 1436 1033 1589
5128 4 2 1 1 174 173 152 1627
5129 4 2 1 1 1432 831 1637 1103
5130 4 2 1 1 526 393 394 1710
5131 4 2 1 1 658 1287 1085 1616
5132 4 2 1 1 1203 1400 873 1601
5133 4 2 1 1 399 542 543 1649
5134 4 2 1 1 760 1280 1201 1587
5135 4 2 1 1 796 1227 979 1388
5136 4 2 1 1 605 1463 924 1541
5137 4 2 1 1 881 1375 1698 1211
5138 4 2 1 1 458 537 573 874
5139 4 2 1 1 1326 1610 762 1831
5140 4 2 1 1 50 49 143 1924
5141 4 2 1 1 965 1116 1072 794
5142 4 2 1 1 218 216 217 838
5143 4 2 1 1 910 1245 1244 1861
5144 4 2 1 1 563 1765 806 1898
5145 4 2 1 1 742 1645 1289 1664
5146 4 2 1 1 643 918 1620 1915
5147 4 2 1 1 913 1430 1205 1564
5148 4 2 1 1 1948 1807 206 201
5149 4 2 1 1 534 457 1151 1777
5150 4 2 1 1 1348 1580 732 1544
5151 4 2 1 1 1793 1904 953 700
5152 4 2 1 1 702 1269 1137 1523
5153 4 2 1 1 599 1237 365 598
5154 4 2 1 1 1483 1663 1572 932
5155 4 2 1 1 142 1540 186 947
5156 4 2 1 1 758 1438 1126 1795
5157 4 2 1 1 1280 1678 1413 1849
5158 4 2 1 1 815 1169 703 1192
5159 4 2 1 1 1662 1904 1352 700
5160 4 2 1 1 621 1280 1201 1475
5161 4 2 1 1 1553 946 273 893
5162 4 2 1 1 807 1197 1594 1735
5163 4 2 1 1 883 1304 1049 1863
5164 4 2 1 1 1553 273 946 272
5165 4 2 1 1 806 944 1715 1898
5166 4 2 1 1 627 985 1291 1573
5167 4 2 1 1 617 1340 1137 1778
5168 4 2 1 1 663 1800 1802 957
5169 4 2 1 1 685 1567 1002 1679
5170 4 2 1 1 1083 1157 913 628
5171 4 2 1 1 950 611 1429 1712
5172 4 2 1 1 1022 905 1082 629
5173 4 2 1 1 692 1198 898 1588
5174 4 2 1 1 1185 1186 679 1590
5175 4 2 1 1 899 678 1283 1306
5176 4 2 1 1 658 1342 1287 1616
5177 4 2 1 1 1223 1729 691 1853
5178 4 2 1 1 898 1147 678 1254
5179 4 2 1 1 1476 1306 316 1283
5180 4 2 1 1 665 1647 1345 1648
5181 4 2 1 1 1139 1333 1645 1664
5182 4 2 1 1 881 1079 1375 1674
5183 4 2 1 1 746 912 726 1829
5184 4 2 1 1 1787 1900 949 1416
5185 4 2 1 1 408 1574 1002 1679
5186 4 2 1 1 805 1024 1527 1865
5187 4 2 1 1 127 1066 849 103
5188 4 2 1 1 750 1083 1157 1631
5189 4 2 1 1 1174 1440 682 714
5190 4 2 1 1 933 1158 781 1251
5191 4 2 1 1 763 954 1267 1740
5192 4 2 1 1 1476 316 1306 319
5193 4 2 1 1 168 991 188 1788
5194 4 2 1 1 1339 1589 793 632
5195 4 2 1 1 1365 614 771 1236
5196 4 2 1 1 750 1478 1083 1631
5197 4 2 1 1 618 1019 928 1506
5198 4 2 1 1 673 1452 1365 734
5199 4 2 1 1 938 1078 323 1851
5200 4 2 1 1 815 1334 960 1921
5201 4 2 1 1 1217 1218 729 1338
5202 4 2 1 1 642 1460 1602 1848
5203 4 2 1 1 722 1378 1233 1861
5204 4 2 1 1 495 1477 1612 1781
5205 4 2 1 1 443 590 487 1672
5206 4 2 1 1 1058 1678 1448 1810
5207 4 2 1 1 537 573 874 1525
5208 4 2 1 1 614 1047 1566 1598
5209 4 2 1 1 240 213 215 1452
5210 4 2 1 1 1375 1698 861 1865
5211 4 2 1 1 763 1287 1113 1901
5212 4 2 1 1 772 905 1022 1148
5213 4 2 1 1 100 119 104 654
5214 4 2 1 1 639 1067 962 1185
5215 4 2 1 1 660 1072 1472 1812
5216 4 2 1 1 636 1600 1168 1622
5217 4 2 1 1 1265 657 1621 907
5218 4 2 1 1 1127 1309 627 1519
5219 4 2 1 1 767 1127 985 1596
5220 4 2 1 1 1929 1877 170 1248
5221 4 2 1 1 1529 943 1660 779
5222 4 2 1 1 618 956 1249 1421
5223 4 2 1 1 849 1019 928 1635
5224 4 2 1 1 1769 1402 789 652
5225 4 2 1 1 836 1161 1093 1713
5226 4 2 1 1 1294 1001 909 1659
5227 4 2 1 1 1786 714 1114 1038
5228 4 2 1 1 436 1448 1058 1772
5229 4 2 1 1 1237 1781 367 966
5230 4 2 1 1 927 1114 714 1038
5231 4 2 1 1 1311 1083 751 628
5232 4 2 1 1 1947 947 165 1811
5233 4 2 1 1 617 1601 1400 1718
5234 4 2 1 1 1769 1402 652 1827
5235 4 2 1 1 1422 852 791 748
5236 4 2 1 1 1064 1097 624 1896
5237 4 2 1 1 633 989 1532 1644
5238 4 2 1 1 645 1692 999 800
5239 4 2 1 1 1953 1239 94 131
5240 4 2 1 1 722 1173 1548 910
5241 4 2 1 1 1172 1399 984 1782
5242 4 2 1 1 233 227 226 779
5243 4 2 1 1 189 166 146 1216
5244 4 2 1 1 1025 1409 1516 1828
5245 4 2 1 1 877 1607 1488 1758
5246 4 2 1 1 1636 1232 1766 1037
5247 4 2 1 1 814 1677 1284 1768
5248 4 2 1 1 712 984 1387 1398
5249 4 2 1 1 186 905 772 1148
5250 4 2 1 1 666 1220 1041 1479
5251 4 2 1 1 990 168 991 179
5252 4 2 1 1 866 1284 1256 1817
5253 4 2 1 1 631 958 1012 756
5254 4 2 1 1 1766 1232 1636 640
5255 4 2 1 1 945 1547 423 1700
5256 4 2 1 1 904 1298 1302 1625
5257 4 2 1 1 1811 538 583 947
5258 4 2 1 1 1951 69 68 229
5259 4 2 1 1 321 1219 795 1246
5260 4 2 1 1 1811 583 538 358
5261 4 2 1 1 1311 1083 628 750
5262 4 2 1 1 731 784 1292 1760
5263 4 2 1 1 815 960 1334 1761
5264 4 2 1 1 458 1151 535 537
5265 4 2 1 1 1353 1757 809 1809
5266 4 2 1 1 396 1144 520 406
5267 4 2 1 1 579 983 359 1322
5268 4 2 1 1 297 285 1257 1695
5269 4 2 1 1 857 1322 1132 1715
5270 4 2 1 1 518 1105 1456 1882
5271 4 2 1 1 220 931 1112 1117
5272 4 2 1 1 817 1506 893 665
5273 4 2 1 1 1953 563 362 1765
5274 4 2 1 1 717 974 1431 1589
5275 4 2 1 1 546 1130 1548 910
5276 4 2 1 1 959 726 912 1829
5277 4 2 1 1 291 863 1681 1795
5278 4 2 1 1 479 576 595 1876
5279 4 2 1 1 887 1490 1266 1570
5280 4 2 1 1 1837 1545 1152 1487
5281 4 2 1 1 1235 1257 686 1437
5282 4 2 1 1 1152 1545 1837 723
5283 4 2 1 1 1271 1919 1575 811
5284 4 2 1 1 1628 1784 716 1859
5285 4 2 1 1 637 1740 1085 1855
5286 4 2 1 1 666 1060 1371 1479
5287 4 2 1 1 516 397 1002 1732
5288 4 2 1 1 1933 1540 1729 836
5289 4 2 1 1 666 1371 1060 1442
5290 4 2 1 1 1069 1530 1228 1918
5291 4 2 1 1 762 1135 651 644
5292 4 2 1 1 1575 1919 1271 1118
5293 4 2 1 1 904 1893 1767 1522
5294 4 2 1 1 606 1206 1533 1720
5295 4 2 1 1 1767 1893 904 1329
5296 4 2 1 1 708 1230 1218 1449
5297 4 2 1 1 972 695 1280 1849
5298 4 2 1 1 783 1421 1420 1670
5299 4 2 1 1 1577 1494 1815 969
5300 4 2 1 1 11 12 1944 88
5301 4 2 1 1 1272 1293 875 1760
5302 4 2 1 1 810 1249 873 1343
5303 4 2 1 1 1174 1310 682 1649
5304 4 2 1 1 810 920 1268 1421
5305 4 2 1 1 1402 107 105 139
5306 4 2 1 1 902 668 1420 1382
5307 4 2 1 1 277 983 806 1495
5308 4 2 1 1 92 1390 115 1962
5309 4 2 1 1 1749 1663 1572 699
5310 4 2 1 1 772 1712 1429 1858
5311 4 2 1 1 140 123 878 1282
5312 4 2 1 1 902 1420 668 835
5313 4 2 1 1 800 1466 1465 1872
5314 4 2 1 1 275 1160 1358 986
5315 4 2 1 1 686 865 1411 1708
5316 4 2 1 1 436 550 471 1058
5317 4 2 1 1 1688 1720 1533 1061
5318 4 2 1 1 719 288 252 304
5319 4 2 1 1 614 1335 936 1711
5320 4 2 1 1 973 1708 1703 1825
5321 4 2 1 1 1089 696 1360 757
5322 4 2 1 1 664 1560 1032 1799
5323 4 2 1 1 214 732 210 1351
5324 4 2 1 1 1688 1533 1720 606
5325 4 2 1 1 1001 1515 717 1582
5326 4 2 1 1 1061 681 871 1533
5327 4 2 1 1 378 392 386 1388
5328 4 2 1 1 688 1519 1093 1713
5329 4 2 1 1 1162 1544 732 1580
5330 4 2 1 1 732 1351 1348 1544
5331 4 2 1 1 636 1761 1169 1762
5332 4 2 1 1 646 799 1314 1332
5333 4 2 1 1 429 1367 1757 1809
5334 4 2 1 1 1943 253 704 276
5335 4 2 1 1 818 1408 1697 1875
5336 4 2 1 1 1123 1151 786 1464
5337 4 2 1 1 1021 1447 743 1492
5338 4 2 1 1 930 1545 931 1763
5339 4 2 1 1 749 305 934 1648
5340 4 2 1 1 875 1532 989 1606
5341 4 2 1 1 319 320 318 1219
5342 4 2 1 1 994 759 1031 1145
5343 4 2 1 1 1575 1635 811 1919
5344 4 2 1 1 633 949 1416 1747
5345 4 2 1 1 1042 1493 952 1717
5346 4 2 1 1 635 1080 1345 1902
5347 4 2 1 1 641 1618 1159 721
5348 4 2 1 1 641 1577 1378 1120
5349 4 2 1 1 817 968 1015 665
5350 4 2 1 1 1606 1391 1644 989
5351 4 2 1 1 1142 766 1287 1759
5352 4 2 1 1 859 1797 1053 846
5353 4 2 1 1 290 893 817 283
5354 4 2 1 1 772 1103 1712 1858
5355 4 2 1 1 615 875 1469 1760
5356 4 2 1 1 922 1625 1295 1895
5357 4 2 1 1 1480 596 491 1780
5358 4 2 1 1 455 476 1075 1809
5359 4 2 1 1 713 1229 1011 998
5360 4 2 1 1 783 938 652 1813
5361 4 2 1 1 697 1428 1539 1897
5362 4 2 1 1 551 550 567 846
5363 4 2 1 1 731 1272 1166 1396
5364 4 2 1 1 635 1080 1068 1568
5365 4 2 1 1 759 1031 1891 790
5366 4 2 1 1 557 510 539 1820
5367 4 2 1 1 786 1213 1504 1910
5368 4 2 1 1 285 1257 1235 1437
5369 4 2 1 1 678 819 1147 1667
5370 4 2 1 1 967 1733 1518 1913
5371 4 2 1 1 955 777 1631 1741
5372 4 2 1 1 765 1407 1211 1592
5373 4 2 1 1 146 166 167 1746
5374 4 2 1 1 708 1154 1217 1789
5375 4 2 1 1 664 872 944 1239
5376 4 2 1 1 1241 1557 1060 606
5377 4 2 1 1 769 1565 1120 1819
5378 4 2 1 1 883 699 1049 1424
5379 4 2 1 1 1365 614 1236 1047
5380 4 2 1 1 810 1420 811 1730
5381 4 2 1 1 1096 1266 802 1725
5382 4 2 1 1 209 1163 1117 821
5383 4 2 1 1 1013 1547 1484 1700
5384 4 2 1 1 834 1209 1695 1568
5385 4 2 1 1 881 1674 1375 1211
5386 4 2 1 1 816 1491 978 1722
5387 4 2 1 1 758 1125 1680 1681
5388 4 2 1 1 1787 1900 1416 921
5389 4 2 1 1 1117 1303 755 1724
5390 4 2 1 1 290 893 283 273
5391 4 2 1 1 1014 1200 664 1560
5392 4 2 1 1 1072 1567 1472 1812
5393 4 2 1 1 760 1085 1507 1587
5394 4 2 1 1 1602 1376 853 960
5395 4 2 1 1 170 181 172 1877
5396 4 2 1 1 1541 1380 1879 1044
5397 4 2 1 1 252 719 304 1410
5398 4 2 1 1 655 1503 1288 1673
5399 4 2 1 1 771 215 1417 1890
5400 4 2 1 1 638 1405 1178 790
5401 4 2 1 1 1022 1103 772 1555
5402 4 2 1 1 607 1321 1050 1488
5403 4 2 1 1 814 1880 1445 1768
5404 4 2 1 1 620 1084 942 1449
5405 4 2 1 1 809 1367 1307 1792
5406 4 2 1 1 827 1430 1221 1609
5407 4 2 1 1 336 795 321 324
5408 4 2 1 1 90 1185 1067 1186
5409 4 2 1 1 1749 1792 1049 1809
5410 4 2 1 1 621 1482 1098 1493
5411 4 2 1 1 1037 773 1618 1766
5412 4 2 1 1 810 1420 1328 811
5413 4 2 1 1 629 1281 1485 1368
5414 4 2 1 1 618 1730 810 811
5415 4 2 1 1 1558 1153 130 1054
5416 4 2 1 1 425 403 1173 910
5417 4 2 1 1 1232 1497 857 1132
5418 4 2 1 1 150 46 187 1869
5419 4 2 1 1 619 825 1425 1735
5420 4 2 1 1 436 550 1058 1810
5421 4 2 1 1 754 1474 797 652
5422 4 2 1 1 613 1028 1255 1578
5423 4 2 1 1 923 1414 1124 1903
5424 4 2 1 1 729 1588 1254 1682
5425 4 2 1 1 402 1548 1105 1834
5426 4 2 1 1 883 1049 1663 1863
5427 4 2 1 1 1427 1693 713 998
5428 4 2 1 1 1076 1551 908 1866
5429 4 2 1 1 628 1090 1091 1496
5430 4 2 1 1 741 1625 1516 1726
5431 4 2 1 1 1215 681 1265 843
5432 4 2 1 1 659 1375 1674 1211
5433 4 2 1 1 786 1527 1464 1368
5434 4 2 1 1 462 1518 544 1649
5435 4 2 1 1 622 1043 1694 1916
5436 4 2 1 1 1128 1571 1455 1696
5437 4 2 1 1 993 1762 899 1909
5438 4 2 1 1 465 981 837 1739
5439 4 2 1 1 706 982 1328 1641
5440 4 2 1 1 112 679 1185 1186
5441 4 2 1 1 1408 1206 916 1875
5442 4 2 1 1 1106 1579 1305 1825
5443 4 2 1 1 1844 1349 1721 955
5444 4 2 1 1 1129 761 1005 1847
5445 4 2 1 1 414 1173 403 1548
5446 4 2 1 1 442 1672 1152 1839
5447 4 2 1 1 851 1868 1515 1250
5448 4 2 1 1 655 1673 1288 1887
5449 4 2 1 1 1076 1830 813 694
5450 4 2 1 1 1109 1784 1643 1785
5451 4 2 1 1 482 1739 481 1088
5452 4 2 1 1 743 1376 992 1447
5453 4 2 1 1 893 1019 817 1537
5454 4 2 1 1 71 5 246 1938
5455 4 2 1 1 649 1018 936 1397
5456 4 2 1 1 1438 1601 833 912
5457 4 2 1 1 713 1693 1229 998
5458 4 2 1 1 1438 1601 996 1340
5459 4 2 1 1 425 403 414 1173
5460 4 2 1 1 777 1478 1349 1631
5461 4 2 1 1 1418 1744 1514 1888
5462 4 2 1 1 1515 1868 851 1068
5463 4 2 1 1 662 956 937 1671
5464 4 2 1 1 404 400 405 1213
5465 4 2 1 1 626 1317 1212 1725
5466 4 2 1 1 1926 87 1978 1561
5467 4 2 1 1 1704 1700 562 1556
5468 4 2 1 1 1055 1752 654 1790
5469 4 2 1 1 1548 1864 1716 1105
5470 4 2 1 1 85 1402 1259 1827
5471 4 2 1 1 1791 1783 1204 665
5472 4 2 1 1 951 1480 431 1623
5473 4 2 1 1 816 1321 1095 1722
5474 4 2 1 1 805 1227 1024 1865
5475 4 2 1 1 669 1433 1276 1509
5476 4 2 1 1 236 211 209 820
5477 4 2 1 1 830 1135 1694 1043
5478 4 2 1 1 1704 562 1700 473
5479 4 2 1 1 853 1793 1602 953
5480 4 2 1 1 663 1560 885 1799
5481 4 2 1 1 1264 1353 439 1757
5482 4 2 1 1 573 1525 538 1811
5483 4 2 1 1 623 1254 1330 1701
5484 4 2 1 1 637 972 1274 1507
5485 4 2 1 1 1850 1020 1671 938
5486 4 2 1 1 590 1811 1672 1912
5487 4 2 1 1 242 1651 1158 1774
5488 4 2 1 1 1234 1309 841 776
5489 4 2 1 1 1215 681 843 1111
5490 4 2 1 1 707 1168 1169 1457
5491 4 2 1 1 1037 641 1861 721
5492 4 2 1 1 683 980 1284 1919
5493 4 2 1 1 720 951 1307 1794
5494 4 2 1 1 797 1100 1824 1914
5495 4 2 1 1 1850 1671 1020 623
5496 4 2 1 1 1735 825 1167 1594
5497 4 2 1 1 759 1115 1081 1171
5498 4 2 1 1 664 1200 944 1285
5499 4 2 1 1 1288 1748 980 1887
5500 4 2 1 1 407 432 514 1679
5501 4 2 1 1 786 1151 1123 1910
5502 4 2 1 1 1244 721 1159 1803
5503 4 2 1 1 237 1529 1092 1871
5504 4 2 1 1 1529 943 779 1092
5505 4 2 1 1 107 1259 1402 1629
5506 4 2 1 1 908 1551 1087 1866
5507 4 2 1 1 684 1087 1551 1866
5508 4 2 1 1 109 17 16 1957
5509 4 2 1 1 491 440 1623 1779
5510 4 2 1 1 455 476 394 1075
5511 4 2 1 1 384 1398 383 1716
5512 4 2 1 1 612 1041 1261 1359
5513 4 2 1 1 475 1367 429 1809
5514 4 2 1 1 879 1500 1196 1664
5515 4 2 1 1 963 1478 1263 1607
5516 4 2 1 1 736 335 1846 352
5517 4 2 1 1 1553 710 956 893
5518 4 2 1 1 704 1106 1703 1708
5519 4 2 1 1 929 1160 1125 1681
5520 4 2 1 1 1268 1604 835 1789
5521 4 2 1 1 1191 1234 764 1859
5522 4 2 1 1 1252 1282 825 1646
5523 4 2 1 1 742 1139 1645 1664
5524 4 2 1 1 582 1243 501 1765
5525 4 2 1 1 1969 70 69 201
5526 4 2 1 1 1183 1335 728 1889
5527 4 2 1 1 1737 1770 949 1900
5528 4 2 1 1 649 1094 991 1417
5529 4 2 1 1 734 1273 838 1653
5530 4 2 1 1 604 1184 1454 1295
5531 4 2 1 1 600 872 501 1511
5532 4 2 1 1 874 1082 1811 629
5533 4 2 1 1 853 953 1566 1793
5534 4 2 1 1 89 95 94 1586
5535 4 2 1 1 640 1401 952 1611
5536 4 2 1 1 1083 1221 913 1430
5537 4 2 1 1 148 54 53 1942
5538 4 2 1 1 627 1093 1234 1521
5539 4 2 1 1 844 843 1121 1235
5540 4 2 1 1 812 1318 1015 1512
5541 4 2 1 1 1217 1338 729 1457
5542 4 2 1 1 519 531 1399 1456
5543 4 2 1 1 394 1075 476 1833
5544 4 2 1 1 1626 1646 1872 1775
5545 4 2 1 1 839 1018 1391 1181
5546 4 2 1 1 737 1143 1675 1918
5547 4 2 1 1 635 1165 1345 1568
5548 4 2 1 1 716 1103 1555 1858
5549 4 2 1 1 683 987 988 1919
5550 4 2 1 1 919 1604 1268 1789
5551 4 2 1 1 604 1625 1295 1821
5552 4 2 1 1 1982 21 3 131
5553 4 2 1 1 1400 1718 1601 1857
5554 4 2 1 1 727 1098 1193 690
5555 4 2 1 1 963 1418 1134 1752
5556 4 2 1 1 615 1129 948 1632
5557 4 2 1 1 1743 1748 880 1887
5558 4 2 1 1 17 18 1961 86
5559 4 2 1 1 1215 681 1111 1012
5560 4 2 1 1 691 1151 1525 1777
5561 4 2 1 1 967 682 1649 1733
5562 4 2 1 1 911 1197 669 1167
5563 4 2 1 1 1647 1826 663 1015
5564 4 2 1 1 1846 335 1873 313
5565 4 2 1 1 647 1007 1229 1637
5566 4 2 1 1 1152 1837 1301 1839
5567 4 2 1 1 659 1674 1070 1211
5568 4 2 1 1 1372 1914 683 1256
5569 4 2 1 1 740 113 106 1629
5570 4 2 1 1 935 1696 1615 1773
5571 4 2 1 1 946 1204 833 1783
5572 4 2 1 1 983 806 1495 1715
5573 4 2 1 1 726 1059 959 1383
5574 4 2 1 1 1184 1454 782 1467
5575 4 2 1 1 643 1138 918 1319
5576 4 2 1 1 1672 1811 1240 1912
5577 4 2 1 1 861 1024 1297 1375
5578 4 2 1 1 627 1309 1234 1519
5579 4 2 1 1 768 1799 1156 1801
5580 4 2 1 1 786 1123 1464 1527
5581 4 2 1 1 651 1329 1064 1193
5582 4 2 1 1 1933 1540 836 1627
5583 4 2 1 1 766 1721 1095 1862
5584 4 2 1 1 1031 1593 1145 1683
5585 4 2 1 1 1615 1696 816 1773
5586 4 2 1 1 91 1931 1259 1968
5587 4 2 1 1 495 581 413 1781
5588 4 2 1 1 1128 1571 671 1651
5589 4 2 1 1 1331 1593 997 1683
5590 4 2 1 1 1848 1793 1602 642
5591 4 2 1 1 910 1244 1243 721
5592 4 2 1 1 1032 1560 787 957
5593 4 2 1 1 265 929 1125 1681
5594 4 2 1 1 91 1931 1968 29
5595 4 2 1 1 784 1736 838 1775
5596 4 2 1 1 1060 1557 1241 829
5597 4 2 1 1 527 529 1049 1796
5598 4 2 1 1 1567 1812 1072 1905
5599 4 2 1 1 862 1059 726 1795
5600 4 2 1 1 183 677 176 1591
5601 4 2 1 1 1262 1569 825 1594
5602 4 2 1 1 692 1217 1457 1734
5603 4 2 1 1 744 1771 1241 958
5604 4 2 1 1 727 1064 1193 1741
5605 4 2 1 1 112 679 1186 878
5606 4 2 1 1 654 825 1134 1252
5607 4 2 1 1 548 1739 1152 1899
5608 4 2 1 1 1516 1224 1409 1025
5609 4 2 1 1 418 1448 436 1772
5610 4 2 1 1 720 951 1450 1307
5611 4 2 1 1 818 689 1137 1778
5612 4 2 1 1 717 1195 1315 1515
5613 4 2 1 1 891 698 1501 1808
5614 4 2 1 1 1085 1287 766 1616
5615 4 2 1 1 1153 1462 118 1633
5616 4 2 1 1 870 977 1645 1676
5617 4 2 1 1 446 445 447 1777
5618 4 2 1 1 222 1960 66 1077
5619 4 2 1 1 1230 1247 753 1277
5620 4 2 1 1 708 1247 1230 1277
5621 4 2 1 1 723 1240 1051 1837
5622 4 2 1 1 783 956 1389 1421
5623 4 2 1 1 545 967 1518 1687
5624 4 2 1 1 819 1392 959 1829
5625 4 2 1 1 1068 1080 749 1568
5626 4 2 1 1 613 1131 1320 1578
5627 4 2 1 1 533 1453 1123 1910
5628 4 2 1 1 556 480 501 1511
5629 4 2 1 1 461 462 460 1518
5630 4 2 1 1 1700 1640 1484 864
5631 4 2 1 1 256 1981 844 1614
5632 4 2 1 1 728 1334 936 853
5633 4 2 1 1 112 1055 137 1185
5634 4 2 1 1 1626 911 235 1754
5635 4 2 1 1 1355 1338 1449 1192
5636 4 2 1 1 1049 1304 527 1796
5637 4 2 1 1 1891 914 790 1031
5638 4 2 1 1 291 862 863 1795
5639 4 2 1 1 199 234 251 1094
5640 4 2 1 1 1046 808 1086 1656
5641 4 2 1 1 127 1066 103 101
5642 4 2 1 1 1098 1493 690 1611
5643 4 2 1 1 1844 1349 955 1500
5644 4 2 1 1 1112 1724 1517 820
5645 4 2 1 1 975 1539 1428 1755
5646 4 2 1 1 861 1698 1375 1211
5647 4 2 1 1 648 1030 647 1745
5648 4 2 1 1 736 1423 1073 1873
5649 4 2 1 1 684 1422 1866 1004
5650 4 2 1 1 654 1221 1418 1744
5651 4 2 1 1 192 172 176 1877
5652 4 2 1 1 723 1088 1763 1860
5653 4 2 1 1 861 1024 1375 1865
5654 4 2 1 1 620 942 1084 1662
5655 4 2 1 1 989 1166 820 1723
5656 4 2 1 1 833 1126 1340 1438
5657 4 2 1 1 128 108 138 1561
5658 4 2 1 1 822 1482 1201 1493
5659 4 2 1 1 1124 1414 724 1903
5660 4 2 1 1 630 1278 995 1624
5661 4 2 1 1 1047 1662 700 1459
5662 4 2 1 1 1903 1694 622 1102
5663 4 2 1 1 699 1663 1049 1749
5664 4 2 1 1 911 1167 669 1433
5665 4 2 1 1 849 797 1402 652
5666 4 2 1 1 697 1428 1897 1900
5667 4 2 1 1 734 1273 1272 1632
5668 4 2 1 1 1010 1258 754 1845
5669 4 2 1 1 620 1010 1230 1845
5670 4 2 1 1 737 1675 1228 1918
5671 4 2 1 1 1929 280 292 1248
5672 4 2 1 1 692 1154 1217 1734
5673 4 2 1 1 1097 653 1609 1741
5674 4 2 1 1 793 1033 1436 1542
5675 4 2 1 1 612 1316 1041 794
5676 4 2 1 1 655 1288 1503 1668
5677 4 2 1 1 1270 1319 1115 1404
5678 4 2 1 1 520 1501 564 1756
5679 4 2 1 1 847 1244 1511 1630
5680 4 2 1 1 1186 1466 679 1590
5681 4 2 1 1 342 1827 343 1851
5682 4 2 1 1 1033 1098 690 974
5683 4 2 1 1 712 1387 1201 1717
5684 4 2 1 1 1223 1525 691 1729
5685 4 2 1 1 989 1189 820 1517
5686 4 2 1 1 942 1277 708 1449
5687 4 2 1 1 504 603 493 846
5688 4 2 1 1 1281 1464 950 1368
5689 4 2 1 1 848 1346 1096 1725
5690 4 2 1 1 490 549 596 1480
5691 4 2 1 1 622 1006 1344 1451
5692 4 2 1 1 714 1394 1051 1786
5693 4 2 1 1 1254 1330 1078 1850
5694 4 2 1 1 1903 622 1694 1841
5695 4 2 1 1 553 363 487 1860
5696 4 2 1 1 1151 1281 786 1464
5697 4 2 1 1 841 1393 1061 1688
5698 4 2 1 1 991 251 1112 1417
5699 4 2 1 1 705 1008 1332 1889
5700 4 2 1 1 761 1084 1352 1662
5701 4 2 1 1 414 515 425 1173
5702 4 2 1 1 786 1394 1281 1039
5703 4 2 1 1 1167 1646 911 1775
5704 4 2 1 1 525 527 382 1304
5705 4 2 1 1 645 1197 1179 1736
5706 4 2 1 1 693 1441 1008 1591
5707 4 2 1 1 1061 871 1296 1720
5708 4 2 1 1 400 401 395 1867
5709 4 2 1 1 827 1430 1288 1744
5710 4 2 1 1 136 122 103 928
5711 4 2 1 1 914 746 1583 1828
5712 4 2 1 1 905 1052 1240 629
5713 4 2 1 1 1395 372 370 399
5714 4 2 1 1 761 1133 1374 1665
5715 4 2 1 1 1612 1918 1477 1069
5716 4 2 1 1 1027 1330 920 662
5717 4 2 1 1 1153 1797 1053 1054
5718 4 2 1 1 633 1293 1166 1350
5719 4 2 1 1 1585 872 896 664
5720 4 2 1 1 485 571 1069 1823
5721 4 2 1 1 1121 1384 958 631
5722 4 2 1 1 722 1548 1130 910
5723 4 2 1 1 750 1349 1478 1631
5724 4 2 1 1 759 1171 994 1492
5725 4 2 1 1 1366 1454 1099 1848
5726 4 2 1 1 1299 1374 644 1468
5727 4 2 1 1 608 1308 1023 895
5728 4 2 1 1 955 1500 1193 1844
5729 4 2 1 1 1123 1453 533 1833
5730 4 2 1 1 1874 1758 742 999
5731 4 2 1 1 750 1721 972 1764
5732 4 2 1 1 1850 1355 729 1020
5733 4 2 1 1 1121 1640 864 631
5734 4 2 1 1 843 1121 1235 1816
5735 4 2 1 1 1292 784 977 1760
5736 4 2 1 1 611 950 1543 1712
5737 4 2 1 1 752 990 936 1397
5738 4 2 1 1 520 564 472 1756
5739 4 2 1 1 717 1502 941 1589
5740 4 2 1 1 645 1692 800 1775
5741 4 2 1 1 304 719 288 1383
5742 4 2 1 1 784 1676 977 1736
5743 4 2 1 1 1280 695 1678 1849
5744 4 2 1 1 511 1143 558 1822
5745 4 2 1 1 969 769 1120 1461
5746 4 2 1 1 760 1507 1280 1587
5747 4 2 1 1 853 1566 1119 1793
5748 4 2 1 1 1134 877 1263 1920
5749 4 2 1 1 668 1247 1100 902
5750 4 2 1 1 1477 1918 1612 737
5751 4 2 1 1 18 86 117 1633
5752 4 2 1 1 66 67 221 1964
5753 4 2 1 1 852 1323 1557 1866
5754 4 2 1 1 619 1473 1276 1474
5755 4 2 1 1 1124 1538 1414 923
5756 4 2 1 1 1133 1129 615 1665
5757 4 2 1 1 1281 950 1485 1368
5758 4 2 1 1 1103 611 831 1712
5759 4 2 1 1 159 178 192 1270
5760 4 2 1 1 695 972 1274 1849
5761 4 2 1 1 1748 880 1609 1097
5762 4 2 1 1 1851 1962 1691 342
5763 4 2 1 1 621 1201 1280 1587
5764 4 2 1 1 1897 1903 1312 622
5765 4 2 1 1 605 1407 1463 1541
5766 4 2 1 1 540 519 1399 1753
5767 4 2 1 1 987 1880 1768 1914
5768 4 2 1 1 942 1277 1084 1352
5769 4 2 1 1 1466 1571 778 1590
5770 4 2 1 1 290 1648 968 665
5771 4 2 1 1 1059 1331 1392 616
5772 4 2 1 1 809 1317 1212 1792
5773 4 2 1 1 952 1493 1042 1611
5774 4 2 1 1 1585 872 664 1239
5775 4 2 1 1 909 907 1444 1886
5776 4 2 1 1 783 1671 938 1813
5777 4 2 1 1 644 1665 1289 1468
5778 4 2 1 1 1262 1445 807 1735
5779 4 2 1 1 670 1234 1034 1784
5780 4 2 1 1 622 1312 1841 1903
5781 4 2 1 1 778 1455 1050 1590
5782 4 2 1 1 540 1613 388 1753
5783 4 2 1 1 922 1226 1178 1731
5784 4 2 1 1 692 1178 1226 1731
5785 4 2 1 1 669 1129 1197 838
5786 4 2 1 1 183 677 1591 1404
5787 4 2 1 1 1390 1813 652 1827
5788 4 2 1 1 966 1499 1341 1855
5789 4 2 1 1 765 1324 1051 1786
5790 4 2 1 1 842 929 1816 1886
5791 4 2 1 1 637 1085 1507 1855
5792 4 2 1 1 556 501 1243 1511
5793 4 2 1 1 1748 1609 880 827
5794 4 2 1 1 1041 1316 612 1659
5795 4 2 1 1 1787 1900 921 1428
5796 4 2 1 1 625 1698 1375 1865
5797 4 2 1 1 535 534 457 1151
5798 4 2 1 1 763 1017 1287 1901
5799 4 2 1 1 444 453 1106 1579
5800 4 2 1 1 618 1506 928 1512
5801 4 2 1 1 368 1395 547 1686
5802 4 2 1 1 640 1636 1702 1808
5803 4 2 1 1 1162 1655 733 933
5804 4 2 1 1 1159 1581 944 1803
5805 4 2 1 1 1301 1739 1487 1152
5806 4 2 1 1 1212 1458 1317 1838
5807 4 2 1 1 893 1019 956 1506
5808 4 2 1 1 660 1513 932 1663
5809 4 2 1 1 1606 1644 1391 788
5810 4 2 1 1 845 1740 1267 1855
5811 4 2 1 1 913 1564 769 1565
5812 4 2 1 1 330 325 311 798
5813 4 2 1 1 1341 1499 897 1855
5814 4 2 1 1 1120 1564 1157 1565
5815 4 2 1 1 664 1200 1285 1560
5816 4 2 1 1 1800 1799 1156 1650
5817 4 2 1 1 895 1738 1032 1799
5818 4 2 1 1 1962 32 31 115
5819 4 2 1 1 648 1141 991 1788
5820 4 2 1 1 1131 774 1674 1719
5821 4 2 1 1 487 723 1899 1672
5822 4 2 1 1 734 1210 948 1632
5823 4 2 1 1 868 1416 1419 1787
5824 4 2 1 1 949 735 1624 1747
5825 4 2 1 1 943 1026 693 1481
5826 4 2 1 1 1929 47 48 181
5827 4 2 1 1 1229 1693 1007 998
5828 4 2 1 1 920 1249 956 1421
5829 4 2 1 1 673 1047 1365 1236
5830 4 2 1 1 1897 1903 622 1102
5831 4 2 1 1 668 988 1730 1824
5832 4 2 1 1 253 80 1954 81
5833 4 2 1 1 624 1290 982 1884
5834 4 2 1 1 1482 1538 822 1124
5835 4 2 1 1 1087 1208 841 1688
5836 4 2 1 1 334 1846 340 341
5837 4 2 1 1 928 1506 1318 1512
5838 4 2 1 1 1487 1739 1301 837
5839 4 2 1 1 1935 1976 1894 190
5840 4 2 1 1 1727 1472 1513 660
5841 4 2 1 1 854 1651 1128 1856
5842 4 2 1 1 1551 1866 1076 1004
5843 4 2 1 1 221 1932 1964 67
5844 4 2 1 1 1483 1572 1663 699
5845 4 2 1 1 1219 1254 729 1554
5846 4 2 1 1 1400 1601 1203 1857
5847 4 2 1 1 1243 1354 721 1803
5848 4 2 1 1 1173 1548 414 1834
5849 4 2 1 1 810 1268 1420 1421
5850 4 2 1 1 100 867 1325 654
5851 4 2 1 1 1165 1857 1340 1718
5852 4 2 1 1 380 984 1398 1707
5853 4 2 1 1 207 931 1117 1807
5854 4 2 1 1 390 1501 894 398
5855 4 2 1 1 75 76 281 1928
5856 4 2 1 1 980 1514 1284 1748
5857 4 2 1 1 899 1306 1026 1909
5858 4 2 1 1 1340 1857 1165 833
5859 4 2 1 1 1953 872 1239 1765
5860 4 2 1 1 985 1012 756 1111
5861 4 2 1 1 461 460 420 1174
5862 4 2 1 1 1874 1758 999 978
5863 4 2 1 1 230 208 210 1163
5864 4 2 1 1 1209 1608 1001 1892
5865 4 2 1 1 390 1501 398 396
5866 4 2 1 1 509 1810 1222 1820
5867 4 2 1 1 660 1472 1072 1727
5868 4 2 1 1 509 419 459 1222
5869 4 2 1 1 233 1653 240 1452
5870 4 2 1 1 1020 1682 729 1850
5871 4 2 1 1 757 1182 1180 1750
5872 4 2 1 1 737 1530 935 1870
5873 4 2 1 1 370 368 369 966
5874 4 2 1 1 854 1251 1651 1856
5875 4 2 1 1 696 1180 1107 757
5876 4 2 1 1 618 956 1019 1506
5877 4 2 1 1 704 1322 1106 1470
5878 4 2 1 1 980 1271 1743 1884
5879 4 2 1 1 103 928 122 1313
5880 4 2 1 1 1212 1317 809 1838
5881 4 2 1 1 224 901 223 1774
5882 4 2 1 1 830 1135 1043 644
5883 4 2 1 1 1252 112 679 1055
5884 4 2 1 1 850 1779 1596 1780
5885 4 2 1 1 1499 1507 1855 637
5886 4 2 1 1 953 707 1921 1459
5887 4 2 1 1 950 1485 747 1712
5888 4 2 1 1 900 1048 800 1692
5889 4 2 1 1 1963 62 63 226
5890 4 2 1 1 650 1348 1048 784
5891 4 2 1 1 213 1273 734 1653
5892 4 2 1 1 1933 1540 1627 142
5893 4 2 1 1 1120 1689 739 1690
5894 4 2 1 1 849 1389 1019 1635
5895 4 2 1 1 1087 1323 908 1866
5896 4 2 1 1 192 677 1270 1877
5897 4 2 1 1 339 329 1410 1851
5898 4 2 1 1 1395 372 399 906
5899 4 2 1 1 924 1770 1737 1900
5900 4 2 1 1 1002 801 1863 1905
5901 4 2 1 1 1749 1863 1049 1792
5902 4 2 1 1 934 1068 749 1568
5903 4 2 1 1 1108 797 1372 1914
5904 4 2 1 1 1009 1749 1212 1792
5905 4 2 1 1 1788 1746 1763 1216
5906 4 2 1 1 848 1317 1212 1458
5907 4 2 1 1 534 1151 535 1910
5908 4 2 1 1 1188 1540 772 1628
5909 4 2 1 1 1322 479 579 1876
5910 4 2 1 1 559 1435 1411 1437
5911 4 2 1 1 1763 1807 931 1860
5912 4 2 1 1 930 931 648 1763
5913 4 2 1 1 560 474 473 1704
5914 4 2 1 1 457 537 1151 1525
5915 4 2 1 1 731 1166 1350 1396
5916 4 2 1 1 284 1235 1435 1437
5917 4 2 1 1 1958 261 84 301
5918 4 2 1 1 751 1221 963 1752
5919 4 2 1 1 799 1314 156 1471
5920 4 2 1 1 1193 1482 955 1844
5921 4 2 1 1 1045 741 1625 674
5922 4 2 1 1 1075 1353 809 1809
5923 4 2 1 1 1011 780 647 1879
5924 4 2 1 1 438 951 1264 430
5925 4 2 1 1 277 1943 1970 983
5926 4 2 1 1 1336 1761 993 992
5927 4 2 1 1 953 707 1459 1904
5928 4 2 1 1 1160 1286 863 1536
5929 4 2 1 1 1891 914 1031 1583
5930 4 2 1 1 1934 258 798 1894
5931 4 2 1 1 110 16 15 1946
5932 4 2 1 1 1846 344 1769 324
5933 4 2 1 1 516 525 391 1304
5934 4 2 1 1 768 1156 1650 1673
5935 4 2 1 1 1070 1364 659 1211
5936 4 2 1 1 934 1495 1068 1526
5937 4 2 1 1 1006 1451 788 1344
5938 4 2 1 1 1964 1651 221 1077
5939 4 2 1 1 1061 1296 871 1536
5940 4 2 1 1 913 1054 1558 1790
5941 4 2 1 1 1359 828 666 1771
5942 4 2 1 1 844 1435 1121 1640
5943 4 2 1 1 965 1472 1072 1567
5944 4 2 1 1 533 1353 506 1123
5945 4 2 1 1 101 826 105 1372
5946 4 2 1 1 921 1416 1006 1900
5947 4 2 1 1 1614 1291 1597 767
5948 4 2 1 1 834 1783 833 1791
5949 4 2 1 1 442 1152 548 1839
5950 4 2 1 1 921 1419 1416 1787
5951 4 2 1 1 495 413 367 1781
5952 4 2 1 1 556 427 1243 448
5953 4 2 1 1 840 1296 1138 1531
5954 4 2 1 1 895 1494 768 1650
5955 4 2 1 1 1173 1245 910 1861
5956 4 2 1 1 123 1252 878 1282
5957 4 2 1 1 617 996 1340 1778
5958 4 2 1 1 150 882 1291 1869
5959 4 2 1 1 976 981 1806 1911
5960 4 2 1 1 1082 1525 1811 947
5961 4 2 1 1 639 961 1185 1798
5962 4 2 1 1 953 707 1904 1602
5963 4 2 1 1 840 1331 1145 656
5964 4 2 1 1 1613 1855 1341 897
5965 4 2 1 1 1417 1446 820 1517
5966 4 2 1 1 1453 1527 805 1833
5967 4 2 1 1 619 1276 1108 1474
5968 4 2 1 1 730 1293 1292 1760
5969 4 2 1 1 665 834 1345 1791
5970 4 2 1 1 452 478 1361 1756
5971 4 2 1 1 841 1208 1087 776
5972 4 2 1 1 1098 1482 1193 1493
5973 4 2 1 1 726 946 912 1438
5974 4 2 1 1 1341 1855 1613 966
5975 4 2 1 1 1662 1904 700 1459
5976 4 2 1 1 683 988 1635 1919
5977 4 2 1 1 1975 740 126 1754
5978 4 2 1 1 966 1520 1267 1855
5979 4 2 1 1 506 534 533 1123
5980 4 2 1 1 629 1485 1022 1592
5981 4 2 1 1 1682 1020 1218 902
5982 4 2 1 1 989 1606 1532 1644
5983 4 2 1 1 1406 896 1585 1586
5984 4 2 1 1 812 1362 1150 1512
5985 4 2 1 1 946 959 662 1553
5986 4 2 1 1 407 409 408 1679
5987 4 2 1 1 403 1548 1173 910
5988 4 2 1 1 383 1105 387 1716
5989 4 2 1 1 761 1190 1084 1005
5990 4 2 1 1 355 480 570 1511
5991 4 2 1 1 681 1012 1265 1533
5992 4 2 1 1 1689 1448 1772 1058
5993 4 2 1 1 1499 1507 637 1274
5994 4 2 1 1 1140 1915 1332 1379
5995 4 2 1 1 1085 1587 1201 1616
5996 4 2 1 1 882 164 1109 1357
5997 4 2 1 1 939 1345 1080 1902
5998 4 2 1 1 853 1602 1793 642
5999 4 2 1 1 1267 1520 845 1855
6000 4 2 1 1 1487 1837 1301 1152
6001 4 2 1 1 914 1583 1027 1828
6002 4 2 1 1 1702 1717 712 1042
6003 4 2 1 1 1634 1842 845 1489
6004 4 2 1 1 1008 1314 1183 1804
6005 4 2 1 1 986 1358 882 1573
6006 4 2 1 1 1602 853 1376 642
6007 4 2 1 1 976 1806 1278 1911
6008 4 2 1 1 1301 1837 1487 714
6009 4 2 1 1 215 771 245 1452
6010 4 2 1 1 306 1036 294 1358
6011 4 2 1 1 530 439 1353 1757
6012 4 2 1 1 839 1018 1181 649
6013 4 2 1 1 692 1168 1731 1734
6014 4 2 1 1 116 1537 1390 1691
6015 4 2 1 1 164 1357 882 1917
6016 4 2 1 1 562 1202 508 514
6017 4 2 1 1 814 1880 1768 987
6018 4 2 1 1 1134 877 1187 1594
6019 4 2 1 1 388 540 373 1613
6020 4 2 1 1 751 1263 1050 1619
6021 4 2 1 1 646 1182 1140 1332
6022 4 2 1 1 1073 1423 249 1873
6023 4 2 1 1 629 1394 1281 1368
6024 4 2 1 1 1839 714 1213 1837
6025 4 2 1 1 814 1880 987 1381
6026 4 2 1 1 1035 1463 1407 1541
6027 4 2 1 1 1703 1751 973 1294
6028 4 2 1 1 562 1202 514 1556
6029 4 2 1 1 664 1032 1738 1799
6030 4 2 1 1 612 1814 1116 794
6031 4 2 1 1 716 1639 1300 1785
6032 4 2 1 1 304 274 286 1410
6033 4 2 1 1 705 1379 1155 1492
6034 4 2 1 1 433 1305 453 1579
6035 4 2 1 1 1031 1409 914 790
6036 4 2 1 1 1129 838 1652 673
6037 4 2 1 1 673 948 1047 804
6038 4 2 1 1 1647 1826 1015 939
6039 4 2 1 1 889 1280 1233 1475
6040 4 2 1 1 676 1214 1767 923
6041 4 2 1 1 864 1556 1202 1700
6042 4 2 1 1 1506 1249 892 618
6043 4 2 1 1 441 1672 1039 1912
6044 4 2 1 1 510 557 558 1820
6045 4 2 1 1 702 1001 1502 1659
6046 4 2 1 1 306 1036 863 1922
6047 4 2 1 1 863 1036 306 1358
6048 4 2 1 1 144 36 37 1966
6049 4 2 1 1 630 930 1324 1545
6050 4 2 1 1 662 1343 1027 1149
6051 4 2 1 1 987 1824 1381 1880
6052 4 2 1 1 795 1246 1219 1550
6053 4 2 1 1 1822 496 571 1069
6054 4 2 1 1 953 707 1602 1921
6055 4 2 1 1 1035 1463 924 1737
6056 4 2 1 1 1075 1388 805 1833
6057 4 2 1 1 669 1167 1197 1735
6058 4 2 1 1 741 1025 1684 1224
6059 4 2 1 1 581 1341 413 1781
6060 4 2 1 1 1836 700 1047 948
6061 4 2 1 1 184 1036 194 1357
6062 4 2 1 1 596 1480 1122 1780
6063 4 2 1 1 731 1292 1293 1760
6064 4 2 1 1 1263 1619 751 1920
6065 4 2 1 1 1016 1258 736 1509
6066 4 2 1 1 465 461 464 1739
6067 4 2 1 1 262 1160 986 1832
6068 4 2 1 1 876 1366 1602 1848
6069 4 2 1 1 1095 1321 816 1615
6070 4 2 1 1 917 1688 1061 1720
6071 4 2 1 1 678 898 1254 1554
6072 4 2 1 1 1806 1545 1487 1088
6073 4 2 1 1 1745 1559 785 1592
6074 4 2 1 1 970 1721 766 1844
6075 4 2 1 1 423 508 473 1700
6076 4 2 1 1 715 1607 1134 1594
6077 4 2 1 1 614 1334 815 1598
6078 4 2 1 1 1499 1507 1274 897
6079 4 2 1 1 1123 1527 1453 1833
6080 4 2 1 1 150 151 1146 1291
6081 4 2 1 1 1163 1351 1544 821
6082 4 2 1 1 840 1709 1081 718
6083 4 2 1 1 1857 1791 1204 1203
6084 4 2 1 1 731 1293 1272 1760
6085 4 2 1 1 787 1315 1250 1431
6086 4 2 1 1 1057 659 1364 1543
6087 4 2 1 1 1733 1174 682 1649
6088 4 2 1 1 242 1158 230 214
6089 4 2 1 1 865 1144 1579 1825
6090 4 2 1 1 482 976 1088 585
6091 4 2 1 1 1444 1621 818 1680
6092 4 2 1 1 845 1399 1172 1782
6093 4 2 1 1 700 1133 1352 1662
6094 4 2 1 1 1857 1204 1791 833
6095 4 2 1 1 213 1452 734 1890
6096 4 2 1 1 617 1400 1523 1718
6097 4 2 1 1 795 1769 1258 1908
6098 4 2 1 1 1966 752 1871 1094
6099 4 2 1 1 615 1736 1632 1760
6100 4 2 1 1 663 1799 885 1800
6101 4 2 1 1 1672 1839 1837 1152
6102 4 2 1 1 1196 1289 879 1664
6103 4 2 1 1 1749 1863 1792 1009
6104 4 2 1 1 322 320 323 938
6105 4 2 1 1 1810 510 511 1143
6106 4 2 1 1 838 669 1129 1652
6107 4 2 1 1 1745 1592 1052 629
6108 4 2 1 1 1110 1732 1304 1812
6109 4 2 1 1 662 1553 956 1852
6110 4 2 1 1 1006 788 1532 1344
6111 4 2 1 1 1541 1879 1380 605
6112 4 2 1 1 540 519 531 1399
6113 4 2 1 1 536 1310 1634 1867
6114 4 2 1 1 716 1103 1432 1637
6115 4 2 1 1 1318 1800 812 1802
6116 4 2 1 1 711 1866 852 1279
6117 4 2 1 1 602 491 601 1780
6118 4 2 1 1 649 1446 1417 1517
6119 4 2 1 1 1810 511 510 437
6120 4 2 1 1 987 814 1381 982
6121 4 2 1 1 790 1101 1617 759
6122 4 2 1 1 142 42 43 1949
6123 4 2 1 1 949 1303 735 1747
6124 4 2 1 1 1513 1472 1812 660
6125 4 2 1 1 579 983 1322 1714
6126 4 2 1 1 668 1100 1381 1824
6127 4 2 1 1 444 1106 454 1411
6128 4 2 1 1 745 1046 1043 1344
6129 4 2 1 1 754 797 1382 652
6130 4 2 1 1 1571 1774 1466 900
6131 4 2 1 1 436 437 550 1810
6132 4 2 1 1 225 1092 1094 1871
6133 4 2 1 1 987 814 982 1284
6134 4 2 1 1 953 960 1921 1602
6135 4 2 1 1 452 576 1756 1876
6136 4 2 1 1 987 814 1284 1768
6137 4 2 1 1 1152 1487 1088 1739
6138 4 2 1 1 657 1444 1125 1680
6139 4 2 1 1 953 960 1602 853
6140 4 2 1 1 1907 1909 703 943
6141 4 2 1 1 1091 1413 1678 1849
6142 4 2 1 1 734 1166 1210 1272
6143 4 2 1 1 660 1009 1327 1863
6144 4 2 1 1 1208 1393 841 1688
6145 4 2 1 1 802 609 887 1570
6146 4 2 1 1 631 1814 1384 958
6147 4 2 1 1 1828 1706 1776 1149
6148 4 2 1 1 651 1193 1500 1844
6149 4 2 1 1 1981 256 82 83
6150 4 2 1 1 773 1378 1577 1661
6151 4 2 1 1 185 1529 1973 1871
6152 4 2 1 1 1689 1448 1058 1678
6153 4 2 1 1 838 1632 734 673
6154 4 2 1 1 737 1341 1781 1870
6155 4 2 1 1 1837 1213 1839 1039
6156 4 2 1 1 1321 1615 1764 775
6157 4 2 1 1 1279 852 1422 1866
6158 4 2 1 1 580 579 359 1322
6159 4 2 1 1 368 592 1237 1686
6160 4 2 1 1 988 618 811 1730
6161 4 2 1 1 751 1050 961 1619
6162 4 2 1 1 1105 1834 889 1882
6163 4 2 1 1 715 1134 1569 1594
6164 4 2 1 1 258 303 292 1894
6165 4 2 1 1 1561 663 1014 885
6166 4 2 1 1 642 1046 1656 1848
6167 4 2 1 1 176 171 141 1283
6168 4 2 1 1 1247 1277 708 1467
6169 4 2 1 1 832 1231 1195 1902
6170 4 2 1 1 814 1880 1381 1445
6171 4 2 1 1 458 1504 874 1912
6172 4 2 1 1 91 129 135 1074
6173 4 2 1 1 691 1281 1151 1464
6174 4 2 1 1 79 1943 276 80
6175 4 2 1 1 420 1301 1174 1885
6176 4 2 1 1 970 1377 680 1722
6177 4 2 1 1 709 909 1444 1535
6178 4 2 1 1 1023 895 1308 1494
6179 4 2 1 1 767 1111 1640 1705
6180 4 2 1 1 1077 1477 1128 1878
6181 4 2 1 1 1532 1606 788 1644
6182 4 2 1 1 1121 1215 842 1816
6183 4 2 1 1 671 1696 1128 1856
6184 4 2 1 1 355 493 18 1633
6185 4 2 1 1 29 28 1968 91
6186 4 2 1 1 694 1427 1140 1693
6187 4 2 1 1 993 940 1336 1441
6188 4 2 1 1 1112 1417 820 1517
6189 4 2 1 1 834 1126 833 1783
6190 4 2 1 1 694 1007 1225 1693
6191 4 2 1 1 1822 558 496 1612
6192 4 2 1 1 654 1325 1221 1744
6193 4 2 1 1 629 1368 1485 1592
6194 4 2 1 1 456 1453 533 1910
6195 4 2 1 1 1478 1607 963 1196
6196 4 2 1 1 616 1145 1331 1683
6197 4 2 1 1 592 547 597 1686
6198 4 2 1 1 1131 774 1719 1320
6199 4 2 1 1 1547 412 512 422
6200 4 2 1 1 1499 1507 897 1855
6201 4 2 1 1 662 1204 946 1852
6202 4 2 1 1 523 1310 536 1867
6203 4 2 1 1 1051 1324 930 1545
6204 4 2 1 1 1900 633 1770 949
6205 4 2 1 1 718 1104 1036 1531
6206 4 2 1 1 734 820 1396 1890
6207 4 2 1 1 1629 1402 105 1108
6208 4 2 1 1 511 565 567 1822
6209 4 2 1 1 1166 1272 731 1293
6210 4 2 1 1 90 962 111 110
6211 4 2 1 1 653 1205 1494 880
6212 4 2 1 1 1477 1530 1069 1918
6213 4 2 1 1 674 1027 914 919
6214 4 2 1 1 624 1443 1290 1743
6215 4 2 1 1 720 1122 1480 1794
6216 4 2 1 1 517 1630 1173 1772
6217 4 2 1 1 980 683 1514 1668
6218 4 2 1 1 921 1006 1897 1900
6219 4 2 1 1 1354 1497 721 1803
6220 4 2 1 1 1117 755 1303 630
6221 4 2 1 1 825 1282 1252 654
6222 4 2 1 1 721 1497 1581 1803
6223 4 2 1 1 778 1590 1050 1465
6224 4 2 1 1 450 1354 452 1361
6225 4 2 1 1 696 1360 1107 1391
6226 4 2 1 1 1891 1617 759 790
6227 4 2 1 1 1316 1116 965 794
6228 4 2 1 1 734 838 1273 1632
6229 4 2 1 1 425 426 403 910
6230 4 2 1 1 937 1671 1330 662
6231 4 2 1 1 833 1601 1340 1857
6232 4 2 1 1 1109 1643 153 1785
6233 4 2 1 1 546 1584 1130 910
6234 4 2 1 1 99 1066 1313 1503
6235 4 2 1 1 1071 1523 964 1684
6236 4 2 1 1 1494 1815 1564 653
6237 4 2 1 1 625 927 1114 1865
6238 4 2 1 1 475 1796 1367 1809
6239 4 2 1 1 640 1232 925 1766
6240 4 2 1 1 1766 1401 1611 974
6241 4 2 1 1 180 159 155 1319
6242 4 2 1 1 188 37 38 1788
6243 4 2 1 1 597 477 1686 1687
6244 4 2 1 1 90 962 110 1067
6245 4 2 1 1 419 1222 509 1810
6246 4 2 1 1 1745 1559 1592 1022
6247 4 2 1 1 153 1109 164 1643
6248 4 2 1 1 452 595 576 1876
6249 4 2 1 1 1709 1138 1319 1104
6250 4 2 1 1 675 989 1210 1446
6251 4 2 1 1 599 1932 1699 1840
6252 4 2 1 1 241 1073 219 1873
6253 4 2 1 1 1793 1904 1099 1602
6254 4 2 1 1 823 975 1428 1524
6255 4 2 1 1 1348 1580 1544 868
6256 4 2 1 1 1795 946 1383 726
6257 4 2 1 1 710 1390 1019 1537
6258 4 2 1 1 703 1762 815 1909
6259 4 2 1 1 797 1372 849 1402
6260 4 2 1 1 909 1546 1261 907
6261 4 2 1 1 630 1806 1278 1807
6262 4 2 1 1 801 1792 1049 1863
6263 4 2 1 1 1269 1523 832 1718
6264 4 2 1 1 635 1195 1231 1902
6265 4 2 1 1 1037 1130 1636 1232
6266 4 2 1 1 104 123 106 1282
6267 4 2 1 1 743 992 1376 1622
6268 4 2 1 1 960 1376 992 1622
6269 4 2 1 1 1316 1116 794 612
6270 4 2 1 1 1795 1383 268 295
6271 4 2 1 1 654 1562 1282 826
6272 4 2 1 1 1282 1562 654 825
6273 4 2 1 1 1555 1638 716 1639
6274 4 2 1 1 752 1314 1183 990
6275 4 2 1 1 144 188 168 991
6276 4 2 1 1 1028 725 1255 1578
6277 4 2 1 1 293 286 274 1410
6278 4 2 1 1 1953 20 21 94
6279 4 2 1 1 262 261 256 1832
6280 4 2 1 1 1466 1605 900 1774
6281 4 2 1 1 866 1514 1284 1817
6282 4 2 1 1 1052 1240 723 1434
6283 4 2 1 1 1400 832 1718 1857
6284 4 2 1 1 938 1671 937 1813
6285 4 2 1 1 1645 1676 977 1874
6286 4 2 1 1 607 1607 1196 1758
6287 4 2 1 1 635 1568 1068 1608
6288 4 2 1 1 796 1634 1489 1842
6289 4 2 1 1 1804 179 1314 752
6290 4 2 1 1 150 45 46 1936
6291 4 2 1 1 626 1317 1307 1792
6292 4 2 1 1 715 1418 1176 1677
6293 4 2 1 1 1917 1357 1036 184
6294 4 2 1 1 1299 1352 782 1374
6295 4 2 1 1 913 769 1558 1565
6296 4 2 1 1 190 147 181 1894
6297 4 2 1 1 1917 1036 1357 1358
6298 4 2 1 1 163 169 162 1481
6299 4 2 1 1 613 1422 1279 791
6300 4 2 1 1 762 1329 1064 651
6301 4 2 1 1 416 1367 415 1450
6302 4 2 1 1 390 1501 396 1732
6303 4 2 1 1 620 1016 1005 1509
6304 4 2 1 1 1689 1448 1678 739
6305 4 2 1 1 501 1243 872 1765
6306 4 2 1 1 1188 1540 836 1853
6307 4 2 1 1 337 325 315 1283
6308 4 2 1 1 653 1430 1205 880
6309 4 2 1 1 1082 1811 1525 874
6310 4 2 1 1 433 1144 520 1305
6311 4 2 1 1 1928 345 330 798
6312 4 2 1 1 618 892 1506 1512
6313 4 2 1 1 1002 397 1679 1732
6314 4 2 1 1 305 279 287 1648
6315 4 2 1 1 719 937 1330 1553
6316 4 2 1 1 803 390 894 1110
6317 4 2 1 1 629 1281 1394 1039
6318 4 2 1 1 129 1975 1939 1074
6319 4 2 1 1 1797 1054 628 961
6320 4 2 1 1 746 1486 997 726
6321 4 2 1 1 1689 1448 739 1772
6322 4 2 1 1 1577 1494 969 895
6323 4 2 1 1 819 1027 1198 1583
6324 4 2 1 1 1198 1600 898 1617
6325 4 2 1 1 1322 479 1876 1305
6326 4 2 1 1 980 1271 1118 1887
6327 4 2 1 1 142 1540 947 1729
6328 4 2 1 1 615 948 1133 1685
6329 4 2 1 1 809 1792 1749 1809
6330 4 2 1 1 970 1349 1095 1721
6331 4 2 1 1 466 434 435 945
6332 4 2 1 1 527 1304 516 1796
6333 4 2 1 1 510 1810 509 1820
6334 4 2 1 1 1116 612 1384 1814
6335 4 2 1 1 1063 1188 1713 1853
6336 4 2 1 1 979 796 1388 1906
6337 4 2 1 1 760 1399 984 1456
6338 4 2 1 1 128 1014 108 1561
6339 4 2 1 1 1098 1193 690 1493
6340 4 2 1 1 1420 1421 1268 1670
6341 4 2 1 1 1233 1413 1280 1678
6342 4 2 1 1 1706 741 1025 1684
6343 4 2 1 1 309 1979 332 55
6344 4 2 1 1 635 1209 1568 1608
6345 4 2 1 1 515 1772 1173 418
6346 4 2 1 1 727 1193 1275 690
6347 4 2 1 1 581 558 557 1612
6348 4 2 1 1 838 1653 1652 673
6349 4 2 1 1 786 1281 1394 1368
6350 4 2 1 1 237 1092 225 1871
6351 4 2 1 1 974 1534 773 1766
6352 4 2 1 1 1150 810 873 1835
6353 4 2 1 1 830 1135 644 651
6354 4 2 1 1 514 409 1679 1202
6355 4 2 1 1 435 945 1700 1704
6356 4 2 1 1 644 1468 1289 1657
6357 4 2 1 1 761 1352 1133 1662
6358 4 2 1 1 856 1319 157 1404
6359 4 2 1 1 285 284 253 1437
6360 4 2 1 1 639 1228 1069 1530
6361 4 2 1 1 1090 1228 1675 1797
6362 4 2 1 1 455 532 476 1809
6363 4 2 1 1 1359 666 1072 794
6364 4 2 1 1 980 1748 1743 1887
6365 4 2 1 1 1109 1357 1356 1573
6366 4 2 1 1 514 1679 409 407
6367 4 2 1 1 902 783 1670 1020
6368 4 2 1 1 1643 1784 1300 1785
6369 4 2 1 1 747 1543 950 1712
6370 4 2 1 1 1920 1055 751 1752
6371 4 2 1 1 810 1249 920 1421
6372 4 2 1 1 778 1050 1321 1488
6373 4 2 1 1 1435 1556 864 1704
6374 4 2 1 1 635 1165 1269 1902
6375 4 2 1 1 734 1452 213 1653
6376 4 2 1 1 1373 1397 1018 1446
6377 4 2 1 1 528 382 529 1424
6378 4 2 1 1 938 1078 937 1850
6379 4 2 1 1 290 287 279 1648
6380 4 2 1 1 744 1359 1479 1771
6381 4 2 1 1 1920 751 1055 1619
6382 4 2 1 1 89 1511 1462 1586
6383 4 2 1 1 1205 1494 969 1564
6384 4 2 1 1 685 1002 1567 1905
6385 4 2 1 1 684 1422 1557 1866
6386 4 2 1 1 1223 1603 903 1777
6387 4 2 1 1 909 907 1261 702
6388 4 2 1 1 1927 177 141 1026
6389 4 2 1 1 1168 1921 1602 707
6390 4 2 1 1 763 975 1755 1901
6391 4 2 1 1 806 1715 983 1898
6392 4 2 1 1 1825 1132 1305 1106
6393 4 2 1 1 1496 1091 1819 1689
6394 4 2 1 1 1444 709 1125 1595
6395 4 2 1 1 68 67 1932 198
6396 4 2 1 1 619 1425 825 1562
6397 4 2 1 1 1156 655 1650 1673
6398 4 2 1 1 846 1689 1496 1819
6399 4 2 1 1 1825 1305 1132 698
6400 4 2 1 1 900 1605 1048 214
6401 4 2 1 1 1060 1371 852 1442
6402 4 2 1 1 796 1172 1489 1634
6403 4 2 1 1 668 987 988 1824
6404 4 2 1 1 708 1218 1338 1449
6405 4 2 1 1 233 779 226 1423
6406 4 2 1 1 1078 1410 328 1851
6407 4 2 1 1 121 1967 1259 1931
6408 4 2 1 1 755 1303 630 1770
6409 4 2 1 1 1665 1645 1469 926
6410 4 2 1 1 542 1310 1634 536
6411 4 2 1 1 1233 1378 824 1120
6412 4 2 1 1 752 1094 990 1397
6413 4 2 1 1 646 1332 1140 799
6414 4 2 1 1 928 1575 1118 1635
6415 4 2 1 1 97 1406 1156 1801
6416 4 2 1 1 683 1118 1066 1668
6417 4 2 1 1 266 758 1125 1126
6418 4 2 1 1 646 799 1029 1314
6419 4 2 1 1 1665 1469 977 615
6420 4 2 1 1 642 1028 1460 1656
6421 4 2 1 1 1221 1325 654 1790
6422 4 2 1 1 1761 1750 1182 992
6423 4 2 1 1 735 1303 1117 821
6424 4 2 1 1 651 1102 1124 1844
6425 4 2 1 1 1044 1407 785 1879
6426 4 2 1 1 279 278 257 1014
6427 4 2 1 1 1459 1566 953 700
6428 4 2 1 1 194 180 164 1357
6429 4 2 1 1 550 471 1058 846
6430 4 2 1 1 630 1487 1440 1806
6431 4 2 1 1 1076 1427 694 1693
6432 4 2 1 1 1210 1365 948 1836
6433 4 2 1 1 1393 1533 1061 1688
6434 4 2 1 1 481 486 584 1899
6435 4 2 1 1 639 1455 1228 1530
6436 4 2 1 1 207 1117 208 1807
6437 4 2 1 1 50 184 51 1917
6438 4 2 1 1 384 381 383 1398
6439 4 2 1 1 868 1419 1580 1787
6440 4 2 1 1 653 1631 1609 1741
6441 4 2 1 1 436 1448 419 1810
6442 4 2 1 1 1905 1013 1062 685
6443 4 2 1 1 528 379 382 1424
6444 4 2 1 1 650 1419 1139 1491
6445 4 2 1 1 1033 1589 941 632
6446 4 2 1 1 924 1035 1737 1770
6447 4 2 1 1 1534 1618 773 1766
6448 4 2 1 1 754 1100 797 1474
6449 4 2 1 1 1211 1368 765 1592
6450 4 2 1 1 671 1177 900 1571
6451 4 2 1 1 673 1423 1236 1452
6452 4 2 1 1 1176 1609 777 1896
6453 4 2 1 1 568 1434 590 1811
6454 4 2 1 1 1182 1750 1761 728
6455 4 2 1 1 745 1133 1170 1685
6456 4 2 1 1 623 1254 1682 1850
6457 4 2 1 1 737 1612 1143 1918
6458 4 2 1 1 643 918 856 1319
6459 4 2 1 1 1158 1651 1571 1774
6460 4 2 1 1 657 929 1125 1535
6461 4 2 1 1 614 1334 1373 936
6462 4 2 1 1 1336 1761 992 636
6463 4 2 1 1 819 1198 1147 1891
6464 4 2 1 1 1095 1615 1142 1862
6465 4 2 1 1 1182 993 1761 992
6466 4 2 1 1 1627 1933 173 1386
6467 4 2 1 1 1294 1608 687 1892
6468 4 2 1 1 805 699 1075 1024
6469 4 2 1 1 817 124 1313 1561
6470 4 2 1 1 265 1125 929 1412
6471 4 2 1 1 761 1133 948 1662
6472 4 2 1 1 783 1671 1670 1020
6473 4 2 1 1 663 1318 1015 1802
6474 4 2 1 1 1197 1736 1129 1847
6475 4 2 1 1 1078 819 678 1476
6476 4 2 1 1 289 306 291 1922
6477 4 2 1 1 1064 624 1097 1443
6478 4 2 1 1 729 898 1254 1588
6479 4 2 1 1 786 1464 1281 1368
6480 4 2 1 1 1365 614 1047 1373
6481 4 2 1 1 533 1123 534 1910
6482 4 2 1 1 686 1435 1235 1437
6483 4 2 1 1 870 1736 1197 1847
6484 4 2 1 1 121 1967 1931 30
6485 4 2 1 1 643 1171 1155 1620
6486 4 2 1 1 290 817 255 283
6487 4 2 1 1 757 1180 1107 1750
6488 4 2 1 1 1526 1608 934 1703
6489 4 2 1 1 259 302 293 1691
6490 4 2 1 1 208 1655 1163 230
6491 4 2 1 1 1048 1605 232 214
6492 4 2 1 1 731 1273 1272 1396
6493 4 2 1 1 1828 1706 1149 674
6494 4 2 1 1 687 1608 934 1695
6495 4 2 1 1 614 1047 804 1236
6496 4 2 1 1 704 1257 1437 1708
6497 4 2 1 1 1761 993 1182 728
6498 4 2 1 1 734 1396 820 1166
6499 4 2 1 1 913 628 1157 1565
6500 4 2 1 1 654 1744 1418 1888
6501 4 2 1 1 668 1381 987 1824
6502 4 2 1 1 346 339 329 1410
6503 4 2 1 1 1173 739 1245 1861
6504 4 2 1 1 526 1453 1710 1833
6505 4 2 1 1 810 1369 873 1835
6506 4 2 1 1 1052 1545 930 1763
6507 4 2 1 1 234 225 1092 1094
6508 4 2 1 1 1732 1567 1679 1002
6509 4 2 1 1 1965 1925 307 1423
6510 4 2 1 1 1205 1430 653 1564
6511 4 2 1 1 1188 1627 1540 1628
6512 4 2 1 1 655 1066 1118 1668
6513 4 2 1 1 1258 754 652 1474
6514 4 2 1 1 1156 1205 768 1406
6515 4 2 1 1 1897 1903 1102 1539
6516 4 2 1 1 1718 1902 1269 1165
6517 4 2 1 1 1243 1244 910 1510
6518 4 2 1 1 1878 1960 1077 483
6519 4 2 1 1 433 1305 520 472
6520 4 2 1 1 1766 1401 974 925
6521 4 2 1 1 751 913 1221 1790
6522 4 2 1 1 1093 1519 1191 1713
6523 4 2 1 1 749 1495 1200 1868
6524 4 2 1 1 760 984 1399 1782
6525 4 2 1 1 1237 1781 966 854
6526 4 2 1 1 1718 1902 1165 1857
6527 4 2 1 1 710 956 893 1019
6528 4 2 1 1 325 1894 1283 337
6529 4 2 1 1 1155 1171 813 1620
6530 4 2 1 1 1237 367 1699 365
6531 4 2 1 1 433 1305 472 453
6532 4 2 1 1 759 1405 1101 1492
6533 4 2 1 1 1644 839 1541 1189
6534 4 2 1 1 81 82 1956 284
6535 4 2 1 1 105 826 104 1282
6536 4 2 1 1 249 1423 1073 1653
6537 4 2 1 1 1541 1770 1644 1189
6538 4 2 1 1 1367 1574 801 1796
6539 4 2 1 1 1625 1726 1302 1895
6540 4 2 1 1 864 1640 1435 1704
6541 4 2 1 1 1523 1195 1269 832
6542 4 2 1 1 708 1338 942 1449
6543 4 2 1 1 1644 1770 1541 924
6544 4 2 1 1 513 440 1161 1623
6545 4 2 1 1 1749 1863 1009 1663
6546 4 2 1 1 775 1311 1090 1764
6547 4 2 1 1 1090 1311 750 1764
6548 4 2 1 1 631 1012 1215 1111
6549 4 2 1 1 1267 1363 966 1855
6550 4 2 1 1 1158 1571 900 1774
6551 4 2 1 1 1148 647 1030 1745
6552 4 2 1 1 86 1153 118 1633
6553 4 2 1 1 808 1821 1460 1848
6554 4 2 1 1 339 1691 342 1851
6555 4 2 1 1 1377 1874 1491 978
6556 4 2 1 1 458 874 573 1912
6557 4 2 1 1 1806 1545 1088 1807
6558 4 2 1 1 1423 1652 1073 1653
6559 4 2 1 1 1051 1487 1324 1545
6560 4 2 1 1 582 1243 1765 1354
6561 4 2 1 1 285 265 929 1695
6562 4 2 1 1 972 1280 1413 1849
6563 4 2 1 1 390 522 1716 385
6564 4 2 1 1 321 318 320 1219
6565 4 2 1 1 1874 1758 978 1377
6566 4 2 1 1 876 1731 1168 1734
6567 4 2 1 1 659 1375 1136 1674
6568 4 2 1 1 854 1651 1251 1699
6569 4 2 1 1 1431 1534 792 1032
6570 4 2 1 1 1428 1524 610 1624
6571 4 2 1 1 737 1612 1477 1781
6572 4 2 1 1 840 1145 994 656
6573 4 2 1 1 1182 1332 705 1379
6574 4 2 1 1 1314 1332 1183 646
6575 4 2 1 1 679 1252 1187 878
6576 4 2 1 1 102 98 118 1558
6577 4 2 1 1 637 972 1507 1862
6578 4 2 1 1 224 250 1605 1774
6579 4 2 1 1 778 1465 1488 1563
6580 4 2 1 1 1662 1904 1459 942
6581 4 2 1 1 667 1464 1123 1527
6582 4 2 1 1 684 1557 1087 1866
6583 4 2 1 1 729 1338 1192 1457
6584 4 2 1 1 937 719 1410 1553
6585 4 2 1 1 1874 1758 1377 742
6586 4 2 1 1 630 931 1545 1807
6587 4 2 1 1 752 1711 1183 1804
6588 4 2 1 1 697 1428 975 1539
6589 4 2 1 1 1028 725 1578 1656
6590 4 2 1 1 714 1487 1051 1837
6591 4 2 1 1 582 1243 1354 449
6592 4 2 1 1 1136 1674 774 1719
6593 4 2 1 1 343 1769 938 1827
6594 4 2 1 1 1288 1430 770 1744
6595 4 2 1 1 940 1115 1081 759
6596 4 2 1 1 746 1593 1031 1683
6597 4 2 1 1 1191 1519 776 1549
6598 4 2 1 1 764 1234 1093 1521
6599 4 2 1 1 1808 1130 891 1232
6600 4 2 1 1 691 1082 1429 1540
6601 4 2 1 1 1010 1473 1100 1474
6602 4 2 1 1 262 1160 275 986
6603 4 2 1 1 753 1299 1445 1190
6604 4 2 1 1 837 1487 1440 714
6605 4 2 1 1 867 654 826 1888
6606 4 2 1 1 215 771 1452 1890
6607 4 2 1 1 946 893 1553 1852
6608 4 2 1 1 1008 1441 1404 1591
6609 4 2 1 1 649 1417 1112 1517
6610 4 2 1 1 1528 666 828 1771
6611 4 2 1 1 1359 828 1771 958
6612 4 2 1 1 1114 1527 861 1865
6613 4 2 1 1 937 1410 1078 1851
6614 4 2 1 1 1766 1401 925 640
6615 4 2 1 1 797 1389 849 988
6616 4 2 1 1 644 1299 1468 1657
6617 4 2 1 1 561 499 478 1361
6618 4 2 1 1 672 1357 1358 1573
6619 4 2 1 1 1108 1562 1282 1425
6620 4 2 1 1 707 1168 1457 1734
6621 4 2 1 1 538 1525 947 1811
6622 4 2 1 1 519 1456 1753 1882
6623 4 2 1 1 637 1142 1615 1862
6624 4 2 1 1 824 1413 1164 1661
6625 4 2 1 1 1068 851 1515 1608
6626 4 2 1 1 940 1617 1336 759
6627 4 2 1 1 116 1019 1390 1537
6628 4 2 1 1 375 373 540 1399
6629 4 2 1 1 327 326 347 1907
6630 4 2 1 1 651 1500 970 1844
6631 4 2 1 1 258 1934 303 1894
6632 4 2 1 1 1086 1131 1578 1320
6633 4 2 1 1 1252 679 112 878
6634 4 2 1 1 871 1533 1206 1720
6635 4 2 1 1 645 1179 1197 1594
6636 4 2 1 1 205 931 207 206
6637 4 2 1 1 715 1569 1418 1677
6638 4 2 1 1 1122 1127 767 1596
6639 4 2 1 1 647 1029 1007 1638
6640 4 2 1 1 294 1358 1036 1917
6641 4 2 1 1 1108 1425 1282 1629
6642 4 2 1 1 1496 1819 1091 628
6643 4 2 1 1 1534 1577 773 1618
6644 4 2 1 1 616 1331 1081 1505
6645 4 2 1 1 402 417 414 1834
6646 4 2 1 1 579 479 595 1876
6647 4 2 1 1 1491 1563 1177 978
6648 4 2 1 1 614 804 1598 1599
6649 4 2 1 1 653 1494 1205 1564
6650 4 2 1 1 515 1772 517 1173
6651 4 2 1 1 844 1235 1121 1435
6652 4 2 1 1 160 1314 1008 1804
6653 4 2 1 1 1069 859 1822 1918
6654 4 2 1 1 1017 724 1287 1901
6655 4 2 1 1 899 1283 1026 1306
6656 4 2 1 1 1159 1244 641 721
6657 4 2 1 1 617 1340 1601 1718
6658 4 2 1 1 758 1286 1680 1595
6659 4 2 1 1 1061 1533 871 1720
6660 4 2 1 1 1643 1843 918 670
6661 4 2 1 1 327 347 333 779
6662 4 2 1 1 1868 634 1495 1200
6663 4 2 1 1 1868 1495 634 1526
6664 4 2 1 1 688 1063 1458 1549
6665 4 2 1 1 119 100 102 1325
6666 4 2 1 1 435 945 423 1700
6667 4 2 1 1 1777 1123 1464 1151
6668 4 2 1 1 521 1839 1301 1885
6669 4 2 1 1 754 1258 1010 1474
6670 4 2 1 1 1056 1439 682 1524
6671 4 2 1 1 612 1041 1359 794
6672 4 2 1 1 692 1457 1168 1734
6673 4 2 1 1 1777 1464 1123 903
6674 4 2 1 1 485 962 16 1823
6675 4 2 1 1 723 1052 1051 1240
6676 4 2 1 1 755 1189 1303 1770
6677 4 2 1 1 1286 1680 1160 1681
6678 4 2 1 1 1749 667 1212 809
6679 4 2 1 1 117 1462 89 1511
6680 4 2 1 1 1022 1745 905 629
6681 4 2 1 1 282 1248 798 1894
6682 4 2 1 1 917 1356 1061 1688
6683 4 2 1 1 832 1400 1203 1857
6684 4 2 1 1 1238 967 1687 1913
6685 4 2 1 1 708 1277 1230 1449
6686 4 2 1 1 1033 1542 793 632
6687 4 2 1 1 158 193 1148 1471
6688 4 2 1 1 692 1457 1217 1588
6689 4 2 1 1 904 1625 1895 1295
6690 4 2 1 1 1932 198 781 1654
6691 4 2 1 1 575 602 601 1780
6692 4 2 1 1 923 1903 774 1414
6693 4 2 1 1 622 1841 1086 1916
6694 4 2 1 1 1134 1263 1752 1920
6695 4 2 1 1 622 1312 1451 1742
6696 4 2 1 1 807 1468 1847 1190
6697 4 2 1 1 611 1188 1429 1858
6698 4 2 1 1 1113 1337 796 1842
6699 4 2 1 1 1349 1478 777 1196
6700 4 2 1 1 639 1185 962 1798
6701 4 2 1 1 450 428 449 1243
6702 4 2 1 1 952 1636 1611 1042
6703 4 2 1 1 768 1650 1494 1673
6704 4 2 1 1 951 1264 1757 1838
6705 4 2 1 1 1017 1287 724 1759
6706 4 2 1 1 1779 1480 491 1780
6707 4 2 1 1 1709 1319 1138 643
6708 4 2 1 1 1196 1377 742 1664
6709 4 2 1 1 901 202 1067 1186
6710 4 2 1 1 521 404 1839 1885
6711 4 2 1 1 1222 1753 760 1882
6712 4 2 1 1 1877 181 147 1894
6713 4 2 1 1 666 1060 1479 1771
6714 4 2 1 1 1611 1636 952 640
6715 4 2 1 1 783 1382 902 1420
6716 4 2 1 1 1317 1458 848 1549
6717 4 2 1 1 1363 1499 966 1855
6718 4 2 1 1 683 1256 1284 1817
6719 4 2 1 1 1908 1850 938 1020
6720 4 2 1 1 1408 1666 916 1206
6721 4 2 1 1 206 70 71 1948
6722 4 2 1 1 707 1338 1366 1734
6723 4 2 1 1 1295 1625 922 1821
6724 4 2 1 1 617 1486 996 1778
6725 4 2 1 1 996 1486 869 1778
6726 4 2 1 1 154 152 153 1785
6727 4 2 1 1 347 326 336 1246
6728 4 2 1 1 102 1054 1055 1790
6729 4 2 1 1 827 1514 1288 1748
6730 4 2 1 1 1288 1514 980 1748
6731 4 2 1 1 716 1225 1432 1784
6732 4 2 1 1 1646 1754 1626 878
6733 4 2 1 1 664 896 1801 1738
6734 4 2 1 1 924 1463 1035 1541
6735 4 2 1 1 669 1197 1129 1847
6736 4 2 1 1 1153 1797 1054 628
6737 4 2 1 1 1403 851 1582 925
6738 4 2 1 1 1487 1545 1051 1837
6739 4 2 1 1 542 1310 536 523
6740 4 2 1 1 269 834 1412 1695
6741 4 2 1 1 832 1523 1400 1718
6742 4 2 1 1 813 1379 1155 694
6743 4 2 1 1 678 1306 899 1554
6744 4 2 1 1 822 1493 1201 1717
6745 4 2 1 1 796 1337 1310 1842
6746 4 2 1 1 877 1465 1263 1920
6747 4 2 1 1 676 1320 1214 923
6748 4 2 1 1 672 1357 1036 1358
6749 4 2 1 1 1134 1263 877 1607
6750 4 2 1 1 963 1263 1134 1607
6751 4 2 1 1 899 1306 703 1554
6752 4 2 1 1 73 72 1974 293
6753 4 2 1 1 995 1911 1733 1913
6754 4 2 1 1 875 1210 1166 1272
6755 4 2 1 1 734 1272 1210 1632
6756 4 2 1 1 1649 523 542 543
6757 4 2 1 1 510 1143 1810 1820
6758 4 2 1 1 1789 1420 1268 1670
6759 4 2 1 1 964 1523 689 1684
6760 4 2 1 1 94 1937 1953 20
6761 4 2 1 1 1137 1523 1269 1718
6762 4 2 1 1 821 211 1351 1396
6763 4 2 1 1 996 1438 1340 1595
6764 4 2 1 1 220 205 239 1788
6765 4 2 1 1 768 1494 1205 1673
6766 4 2 1 1 612 1261 1041 1659
6767 4 2 1 1 806 1200 944 1239
6768 4 2 1 1 721 1497 1232 1581
6769 4 2 1 1 1735 1167 825 1425
6770 4 2 1 1 1002 1574 801 1905
6771 4 2 1 1 770 1205 1156 1406
6772 4 2 1 1 1785 174 152 1627
6773 4 2 1 1 662 1249 920 1343
6774 4 2 1 1 926 1374 1133 1665
6775 4 2 1 1 673 1016 1423 1652
6776 4 2 1 1 212 1048 232 214
6777 4 2 1 1 660 1327 1072 1905
6778 4 2 1 1 672 1104 1036 1357
6779 4 2 1 1 1491 1563 978 1874
6780 4 2 1 1 658 1201 1616 1085
6781 4 2 1 1 1336 1761 1762 993
6782 4 2 1 1 548 1301 1152 1739
6783 4 2 1 1 652 1258 1769 1908
6784 4 2 1 1 802 609 1570 1136
6785 4 2 1 1 452 576 478 1756
6786 4 2 1 1 668 1420 1382 1730
6787 4 2 1 1 647 1559 1011 1879
6788 4 2 1 1 615 977 1736 1760
6789 4 2 1 1 1483 1424 1388 699
6790 4 2 1 1 128 93 108 1014
6791 4 2 1 1 1001 1269 1209 1892
6792 4 2 1 1 87 138 817 1561
6793 4 2 1 1 703 943 1599 1642
6794 4 2 1 1 873 1369 915 1835
6795 4 2 1 1 650 977 1292 784
6796 4 2 1 1 863 1536 1531 672
6797 4 2 1 1 205 931 206 1216
6798 4 2 1 1 1531 1036 863 672
6799 4 2 1 1 876 1454 1366 1848
6800 4 2 1 1 278 806 1014 1495
6801 4 2 1 1 1423 1642 1016 1236
6802 4 2 1 1 718 862 1331 1531
6803 4 2 1 1 655 1156 1650 1800
6804 4 2 1 1 730 1469 1293 1760
6805 4 2 1 1 759 1031 790 1405
6806 4 2 1 1 935 1128 1856 1870
6807 4 2 1 1 672 1358 1536 1573
6808 4 2 1 1 693 1481 1026 1591
6809 4 2 1 1 695 1820 1810 1143
6810 4 2 1 1 892 665 1204 1852
6811 4 2 1 1 688 1063 1549 1713
6812 4 2 1 1 672 1061 917 1356
6813 4 2 1 1 1081 1145 616 759
6814 4 2 1 1 967 1056 1733 1913
6815 4 2 1 1 764 1628 1188 1859
6816 4 2 1 1 1614 1291 767 986
6817 4 2 1 1 642 1028 1376 1460
6818 4 2 1 1 1111 1614 844 1705
6819 4 2 1 1 429 1367 416 1757
6820 4 2 1 1 1115 1081 1171 1709
6821 4 2 1 1 241 1873 1074 1881
6822 4 2 1 1 718 862 1248 1505
6823 4 2 1 1 746 912 1486 726
6824 4 2 1 1 1945 59 60 238
6825 4 2 1 1 167 186 193 1148
6826 4 2 1 1 381 380 1398 1707
6827 4 2 1 1 850 1480 1122 1794
6828 4 2 1 1 704 1437 253 1470
6829 4 2 1 1 1792 1327 1009 1863
6830 4 2 1 1 727 1275 1033 690
6831 4 2 1 1 633 1293 1416 1532
6832 4 2 1 1 462 545 544 1518
6833 4 2 1 1 1147 819 616 1667
6834 4 2 1 1 327 779 1660 1907
6835 4 2 1 1 208 1655 230 229
6836 4 2 1 1 1205 1673 1494 880
6837 4 2 1 1 1355 1338 1192 729
6838 4 2 1 1 1201 1482 822 1616
6839 4 2 1 1 1236 943 1711 1092
6840 4 2 1 1 764 1784 1628 1859
6841 4 2 1 1 861 1698 1114 1865
6842 4 2 1 1 586 1518 981 1687
6843 4 2 1 1 137 1883 1054 130
6844 4 2 1 1 972 750 1764 1849
6845 4 2 1 1 869 1697 996 1778
6846 4 2 1 1 1411 1435 686 1437
6847 4 2 1 1 1381 1824 1100 1880
6848 4 2 1 1 940 1617 899 1762
6849 4 2 1 1 1002 1863 1812 1905
6850 4 2 1 1 894 1636 1702 1864
6851 4 2 1 1 620 942 1192 1449
6852 4 2 1 1 1895 904 1522 1302
6853 4 2 1 1 863 1286 1160 1681
6854 4 2 1 1 1411 1708 865 1825
6855 4 2 1 1 1005 669 1010 1509
6856 4 2 1 1 109 110 111 962
6857 4 2 1 1 1510 1173 470 1630
6858 4 2 1 1 1897 1903 1539 1312
6859 4 2 1 1 1175 1463 1035 1737
6860 4 2 1 1 898 1169 1457 1554
6861 4 2 1 1 937 956 662 1553
6862 4 2 1 1 172 171 176 1877
6863 4 2 1 1 641 969 1461 1728
6864 4 2 1 1 1703 1751 687 1257
6865 4 2 1 1 1767 1895 904 1522
6866 4 2 1 1 1406 1558 1462 96
6867 4 2 1 1 669 1073 911 1433
6868 4 2 1 1 1207 1419 888 1491
6869 4 2 1 1 1491 1563 1874 650
6870 4 2 1 1 765 1698 1175 1786
6871 4 2 1 1 1161 1623 440 1779
6872 4 2 1 1 1080 1568 1345 1648
6873 4 2 1 1 714 1051 1394 1837
6874 4 2 1 1 459 541 1222 1882
6875 4 2 1 1 762 1326 1347 1610
6876 4 2 1 1 1253 1508 917 1138
6877 4 2 1 1 607 978 1488 1758
6878 4 2 1 1 1627 1933 1386 836
6879 4 2 1 1 611 1103 1432 1858
6880 4 2 1 1 396 1144 406 1732
6881 4 2 1 1 290 287 1648 1783
6882 4 2 1 1 817 124 1561 138
6883 4 2 1 1 1278 630 735 1624
6884 4 2 1 1 1713 903 688 1063
6885 4 2 1 1 720 951 1794 1480
6886 4 2 1 1 179 990 175 1314
6887 4 2 1 1 415 507 1574 1796
6888 4 2 1 1 624 1097 1443 1743
6889 4 2 1 1 673 1423 1016 1236
6890 4 2 1 1 1029 647 1030 1471
6891 4 2 1 1 323 1078 328 1851
6892 4 2 1 1 1153 1558 769 1565
6893 4 2 1 1 1462 1558 1406 769
6894 4 2 1 1 1191 1549 1063 1713
6895 4 2 1 1 900 800 1563 1692
6896 4 2 1 1 946 833 1438 1783
6897 4 2 1 1 1465 1466 778 1590
6898 4 2 1 1 119 1282 654 1252
6899 4 2 1 1 861 1527 1114 1368
6900 4 2 1 1 629 1281 1082 1485
6901 4 2 1 1 1890 1452 1365 771
6902 4 2 1 1 1890 1365 1452 734
6903 4 2 1 1 1184 762 1299 644
6904 4 2 1 1 621 1233 1280 1475
6905 4 2 1 1 757 1255 1427 1830
6906 4 2 1 1 767 986 985 1111
6907 4 2 1 1 655 1313 1156 1800
6908 4 2 1 1 745 1606 1119 1344
6909 4 2 1 1 782 1299 1277 1352
6910 4 2 1 1 657 1816 929 1886
6911 4 2 1 1 948 1210 734 1365
6912 4 2 1 1 1161 1603 688 1713
6913 4 2 1 1 648 1052 930 1763
6914 4 2 1 1 1250 1315 717 1431
6915 4 2 1 1 1116 1814 1072 794
6916 4 2 1 1 851 1515 1001 1582
6917 4 2 1 1 1007 1229 1637 1693
6918 4 2 1 1 1245 1173 1510 1630
6919 4 2 1 1 735 1163 1162 1544
6920 4 2 1 1 1415 799 1225 1915
6921 4 2 1 1 463 500 538 1729
6922 4 2 1 1 650 1048 1692 784
6923 4 2 1 1 1390 1402 120 1827
6924 4 2 1 1 1220 1498 1000 941
6925 4 2 1 1 997 1486 996 726
6926 4 2 1 1 768 1738 895 1799
6927 4 2 1 1 825 1425 1282 1562
6928 4 2 1 1 747 1103 831 1712
6929 4 2 1 1 19 117 1511 1633
6930 4 2 1 1 654 1134 1752 1920
6931 4 2 1 1 1007 1029 799 1638
6932 4 2 1 1 1455 1571 778 1696
6933 4 2 1 1 961 1050 1590 1619
6934 4 2 1 1 474 844 1705 1704
6935 4 2 1 1 1840 1251 1699 1237
6936 4 2 1 1 819 1198 1027 1701
6937 4 2 1 1 1293 1469 875 1760
6938 4 2 1 1 119 1055 112 1252
6939 4 2 1 1 1934 258 77 76
6940 4 2 1 1 692 1217 1154 1604
6941 4 2 1 1 707 876 1366 1602
6942 4 2 1 1 992 960 636 1761
6943 4 2 1 1 644 1347 762 1299
6944 4 2 1 1 644 1347 1299 1657
6945 4 2 1 1 660 1812 1863 1905
6946 4 2 1 1 1164 1631 653 1741
6947 4 2 1 1 406 432 407 1679
6948 4 2 1 1 810 811 1328 1835
6949 4 2 1 1 591 502 513 1161
6950 4 2 1 1 125 134 22 1952
6951 4 2 1 1 1342 1538 1414 1124
6952 4 2 1 1 456 533 534 1910
6953 4 2 1 1 638 1409 1031 790
6954 4 2 1 1 297 285 253 1257
6955 4 2 1 1 1414 1538 1342 609
6956 4 2 1 1 819 1330 1027 1829
6957 4 2 1 1 928 1118 1066 1635
6958 4 2 1 1 444 468 432 1579
6959 4 2 1 1 723 1051 1052 1545
6960 4 2 1 1 267 1126 1125 1412
6961 4 2 1 1 722 1548 1173 1834
6962 4 2 1 1 1037 641 721 1618
6963 4 2 1 1 232 1626 235 224
6964 4 2 1 1 1008 1314 160 1818
6965 4 2 1 1 1162 1655 933 732
6966 4 2 1 1 192 176 677 1877
6967 4 2 1 1 1506 1852 893 665
6968 4 2 1 1 212 213 216 1273
6969 4 2 1 1 792 974 1431 925
6970 4 2 1 1 601 1597 575 1780
6971 4 2 1 1 578 1614 552 1705
6972 4 2 1 1 793 1542 1040 632
6973 4 2 1 1 1104 1709 1138 1531
6974 4 2 1 1 633 1723 1303 1747
6975 4 2 1 1 1215 681 1012 1265
6976 4 2 1 1 1058 1496 859 846
6977 4 2 1 1 792 974 925 1766
6978 4 2 1 1 1513 1663 1387 932
6979 4 2 1 1 1366 1099 1602 1848
6980 4 2 1 1 1387 1663 1513 883
6981 4 2 1 1 146 188 38 1788
6982 4 2 1 1 683 1635 1118 1919
6983 4 2 1 1 1053 1823 859 846
6984 4 2 1 1 1261 1479 1041 702
6985 4 2 1 1 986 1111 1614 1832
6986 4 2 1 1 618 811 1150 1575
6987 4 2 1 1 709 1444 1340 1595
6988 4 2 1 1 858 1522 1767 1893
6989 4 2 1 1 1204 1249 892 1852
6990 4 2 1 1 1944 132 1186 878
6991 4 2 1 1 224 235 200 1626
6992 4 2 1 1 685 1567 1116 1814
6993 4 2 1 1 981 1518 1733 1913
6994 4 2 1 1 541 1753 1222 1882
6995 4 2 1 1 605 1011 1211 1879
6996 4 2 1 1 495 496 581 1612
6997 4 2 1 1 640 1232 698 925
6998 4 2 1 1 617 1684 1025 1224
6999 4 2 1 1 617 1137 1340 1718
7000 4 2 1 1 155 1300 153 1643
7001 4 2 1 1 482 1739 1088 981
7002 4 2 1 1 1081 616 1505 1667
7003 4 2 1 1 719 959 1330 819
7004 4 2 1 1 383 380 524 1398
7005 4 2 1 1 256 1614 844 1832
7006 4 2 1 1 354 1687 589 586
7007 4 2 1 1 320 328 323 1078
7008 4 2 1 1 1418 1569 654 1888
7009 4 2 1 1 1491 1563 650 1177
7010 4 2 1 1 919 1268 1670 1789
7011 4 2 1 1 1253 813 1171 1620
7012 4 2 1 1 1013 1450 720 1547
7013 4 2 1 1 683 1284 1514 1817
7014 4 2 1 1 905 1240 1052 1434
7015 4 2 1 1 1384 612 958 1814
7016 4 2 1 1 1061 1356 841 1688
7017 4 2 1 1 149 51 184 1917
7018 4 2 1 1 880 1743 1097 1748
7019 4 2 1 1 1086 1578 725 1656
7020 4 2 1 1 1244 1245 910 1510
7021 4 2 1 1 281 1934 798 1928
7022 4 2 1 1 1828 1409 1486 1025
7023 4 2 1 1 458 1151 537 874
7024 4 2 1 1 800 1775 1626 1872
7025 4 2 1 1 1444 907 657 1886
7026 4 2 1 1 1860 487 584 363
7027 4 2 1 1 1345 939 665 1791
7028 4 2 1 1 1544 1747 735 821
7029 4 2 1 1 1481 1591 693 1804
7030 4 2 1 1 1828 1486 1409 746
7031 4 2 1 1 1041 1502 1316 1659
7032 4 2 1 1 94 1937 20 89
7033 4 2 1 1 742 1377 1139 1664
7034 4 2 1 1 224 1466 1605 1626
7035 4 2 1 1 1511 1586 896 1462
7036 4 2 1 1 901 1651 1077 1774
7037 4 2 1 1 393 1867 386 1388
7038 4 2 1 1 963 1263 751 1752
7039 4 2 1 1 404 1213 1839 1885
7040 4 2 1 1 1076 813 1279 1866
7041 4 2 1 1 1605 1774 250 214
7042 4 2 1 1 1182 1183 728 1889
7043 4 2 1 1 836 1540 1188 1627
7044 4 2 1 1 641 1577 969 1728
7045 4 2 1 1 969 1577 895 1728
7046 4 2 1 1 687 1535 929 1886
7047 4 2 1 1 1511 896 1586 872
7048 4 2 1 1 1022 1148 647 1555
7049 4 2 1 1 616 819 1147 1891
7050 4 2 1 1 935 1455 1128 1530
7051 4 2 1 1 696 1107 1180 1391
7052 4 2 1 1 1107 853 1180 1391
7053 4 2 1 1 335 736 307 352
7054 4 2 1 1 1766 1401 640 1611
7055 4 2 1 1 753 1445 1381 1880
7056 4 2 1 1 209 220 236 1112
7057 4 2 1 1 851 1608 1526 1703
7058 4 2 1 1 901 222 1077 1067
7059 4 2 1 1 798 1505 1667 1877
7060 4 2 1 1 813 1830 1379 694
7061 4 2 1 1 341 352 324 1846
7062 4 2 1 1 393 386 1867 395
7063 4 2 1 1 325 798 345 1476
7064 4 2 1 1 96 1462 1406 1586
7065 4 2 1 1 1354 1497 944 1715
7066 4 2 1 1 1209 1412 687 1535
7067 4 2 1 1 1189 1724 1723 820
7068 4 2 1 1 771 1092 1236 1711
7069 4 2 1 1 863 862 1531 1658
7070 4 2 1 1 501 872 600 1765
7071 4 2 1 1 758 1125 1126 1595
7072 4 2 1 1 1445 1468 1299 1657
7073 4 2 1 1 944 1581 1497 1803
7074 4 2 1 1 649 1141 839 1517
7075 4 2 1 1 443 572 590 1912
7076 4 2 1 1 1115 1336 940 1441
7077 4 2 1 1 1965 307 736 1423
7078 4 2 1 1 718 1709 1104 1531
7079 4 2 1 1 584 585 1088 1860
7080 4 2 1 1 798 282 1059 1248
7081 4 2 1 1 288 281 282 798
7082 4 2 1 1 711 1171 1253 813
7083 4 2 1 1 761 1847 1468 1190
7084 4 2 1 1 1846 335 313 341
7085 4 2 1 1 275 863 306 1358
7086 4 2 1 1 264 1160 929 1681
7087 4 2 1 1 770 98 1325 1558
7088 4 2 1 1 858 1767 1329 1893
7089 4 2 1 1 1118 1271 655 1887
7090 4 2 1 1 617 1137 689 1778
7091 4 2 1 1 1187 878 1646 1872
7092 4 2 1 1 1966 752 1094 991
7093 4 2 1 1 1007 1915 694 1225
7094 4 2 1 1 1166 1293 731 1350
7095 4 2 1 1 1224 1409 869 1242
7096 4 2 1 1 758 1125 1595 1680
7097 4 2 1 1 1713 903 1063 1853
7098 4 2 1 1 282 292 1248 1894
7099 4 2 1 1 258 282 281 798
7100 4 2 1 1 622 1312 1742 1841
7101 4 2 1 1 33 32 1923 92
7102 4 2 1 1 468 1411 560 1556
7103 4 2 1 1 897 1753 1222 1820
7104 4 2 1 1 263 929 264 1832
7105 4 2 1 1 1169 1761 815 1762
7106 4 2 1 1 614 1047 1373 1566
7107 4 2 1 1 474 844 1704 1435
7108 4 2 1 1 1153 1797 628 1819
7109 4 2 1 1 1261 1359 1041 1479
7110 4 2 1 1 1254 1078 1219 1850
7111 4 2 1 1 981 976 1854 1911
7112 4 2 1 1 1265 1546 1215 1816
7113 4 2 1 1 785 1559 647 1879
7114 4 2 1 1 643 1115 1171 1709
7115 4 2 1 1 405 1453 456 1910
7116 4 2 1 1 358 568 590 1811
7117 4 2 1 1 1087 1557 1323 1866
7118 4 2 1 1 890 1490 1214 748
7119 4 2 1 1 713 1364 1070 1011
7120 4 2 1 1 617 1486 1025 1776
7121 4 2 1 1 1808 1130 1232 1636
7122 4 2 1 1 116 1019 136 1390
7123 4 2 1 1 953 960 853 1334
7124 4 2 1 1 997 1593 1331 656
7125 4 2 1 1 181 1929 190 1894
7126 4 2 1 1 1108 1282 1562 826
7127 4 2 1 1 1650 608 884 1799
7128 4 2 1 1 826 1256 1108 1372
7129 4 2 1 1 1135 1694 1043 1916
7130 4 2 1 1 1225 1620 918 1915
7131 4 2 1 1 241 1073 1873 1881
7132 4 2 1 1 843 1121 1215 1111
7133 4 2 1 1 655 1668 1118 1887
7134 4 2 1 1 605 1370 1089 1380
7135 4 2 1 1 1202 1484 864 1700
7136 4 2 1 1 1211 1407 605 1879
7137 4 2 1 1 698 1132 1403 925
7138 4 2 1 1 175 168 193 1030
7139 4 2 1 1 815 1192 1598 1921
7140 4 2 1 1 992 636 960 1622
7141 4 2 1 1 862 718 1248 1922
7142 4 2 1 1 310 343 331 1827
7143 4 2 1 1 614 815 1334 1335
7144 4 2 1 1 1106 1708 1411 1825
7145 4 2 1 1 841 1109 1356 1573
7146 4 2 1 1 627 1291 985 1596
7147 4 2 1 1 1076 908 813 1866
7148 4 2 1 1 1154 1604 1217 1789
7149 4 2 1 1 99 101 1066 1503
7150 4 2 1 1 322 343 344 1769
7151 4 2 1 1 1513 1387 1398 712
7152 4 2 1 1 732 1048 1348 1351
7153 4 2 1 1 808 1656 1046 1848
7154 4 2 1 1 1513 1398 1387 883
7155 4 2 1 1 1046 1043 808 1848
7156 4 2 1 1 861 659 1543 1211
7157 4 2 1 1 738 1443 1308 1743
7158 4 2 1 1 789 1258 1010 1509
7159 4 2 1 1 812 1260 1362 1802
7160 4 2 1 1 92 1962 115 32
7161 4 2 1 1 1118 1635 1575 1919
7162 4 2 1 1 756 958 1241 1669
7163 4 2 1 1 918 1415 1225 1915
7164 4 2 1 1 744 1359 1771 958
7165 4 2 1 1 1205 1430 1673 880
7166 4 2 1 1 1017 1142 1287 1759
7167 4 2 1 1 1772 504 1630 1690
7168 4 2 1 1 400 1867 393 1710
7169 4 2 1 1 832 1400 1071 793
7170 4 2 1 1 754 1010 1100 1474
7171 4 2 1 1 1772 1630 504 517
7172 4 2 1 1 1692 1736 784 1775
7173 4 2 1 1 653 1083 1609 1631
7174 4 2 1 1 1118 1271 980 1919
7175 4 2 1 1 99 1156 98 1503
7176 4 2 1 1 1585 1014 93 1239
7177 4 2 1 1 1940 24 23 114
7178 4 2 1 1 874 1811 573 1912
7179 4 2 1 1 759 994 1405 1492
7180 4 2 1 1 723 1052 1434 1763
7181 4 2 1 1 1128 854 1856 1870
7182 4 2 1 1 165 41 42 1947
7183 4 2 1 1 647 1148 1022 1745
7184 4 2 1 1 1585 93 1014 108
7185 4 2 1 1 709 1269 1165 1718
7186 4 2 1 1 689 1666 1408 1206
7187 4 2 1 1 428 427 448 1243
7188 4 2 1 1 928 1066 655 1313
7189 4 2 1 1 977 1676 870 1736
7190 4 2 1 1 674 1149 1343 1706
7191 4 2 1 1 873 1343 1149 1706
7192 4 2 1 1 1280 1507 972 1587
7193 4 2 1 1 438 951 430 431
7194 4 2 1 1 1936 1291 1597 1869
7195 4 2 1 1 417 1448 418 1834
7196 4 2 1 1 1804 179 752 162
7197 4 2 1 1 854 1363 1251 1856
7198 4 2 1 1 482 976 585 588
7199 4 2 1 1 653 1097 1609 880
7200 4 2 1 1 438 445 439 1264
7201 4 2 1 1 356 500 569 1729
7202 4 2 1 1 639 1069 1477 1530
7203 4 2 1 1 800 1605 1466 1626
7204 4 2 1 1 955 1631 1164 1741
7205 4 2 1 1 1316 1403 612 1582
7206 4 2 1 1 221 1651 242 1774
7207 4 2 1 1 342 343 323 1851
7208 4 2 1 1 1113 796 1489 1842
7209 4 2 1 1 1010 669 1190 1276
7210 4 2 1 1 509 459 541 1222
7211 4 2 1 1 1160 1680 1125 1681
7212 4 2 1 1 1555 1628 716 1858
7213 4 2 1 1 1942 351 338 53
7214 4 2 1 1 717 1315 1250 1515
7215 4 2 1 1 482 1739 981 465
7216 4 2 1 1 737 1781 1477 1870
7217 4 2 1 1 901 202 1186 224
7218 4 2 1 1 891 698 1232 1132
7219 4 2 1 1 1851 1962 342 1827
7220 4 2 1 1 1800 1156 1799 885
7221 4 2 1 1 105 1372 1108 1402
7222 4 2 1 1 1482 1538 1124 1193
7223 4 2 1 1 839 1018 649 1517
7224 4 2 1 1 1088 584 1860 1899
7225 4 2 1 1 1163 1117 821 735
7226 4 2 1 1 733 1238 1654 1913
7227 4 2 1 1 156 1314 799 1818
7228 4 2 1 1 536 1867 1634 1906
7229 4 2 1 1 991 1094 251 1417
7230 4 2 1 1 720 951 1480 1450
7231 4 2 1 1 935 1530 1128 1870
7232 4 2 1 1 722 1475 1042 1864
7233 4 2 1 1 832 1857 1203 1902
7234 4 2 1 1 669 1010 1190 1005
7235 4 2 1 1 1053 1797 859 1798
7236 4 2 1 1 707 876 1602 1168
7237 4 2 1 1 971 1578 1086 1656
7238 4 2 1 1 306 289 254 1922
7239 4 2 1 1 279 257 298 1014
7240 4 2 1 1 1417 1890 1446 771
7241 4 2 1 1 747 1229 1364 831
7242 4 2 1 1 1103 611 1712 1858
7243 4 2 1 1 1672 1837 1839 1039
7244 4 2 1 1 688 1264 903 1603
7245 4 2 1 1 1100 1247 1230 902
7246 4 2 1 1 707 1457 1338 1734
7247 4 2 1 1 122 114 817 1537
7248 4 2 1 1 1278 1806 976 1807
7249 4 2 1 1 894 1702 1636 1808
7250 4 2 1 1 668 1730 1382 1824
7251 4 2 1 1 1446 1890 1417 820
7252 4 2 1 1 1218 1230 754 1845
7253 4 2 1 1 841 1309 1208 776
7254 4 2 1 1 623 1330 1027 1701
7255 4 2 1 1 697 924 1463 1737
7256 4 2 1 1 784 838 1426 1775
7257 4 2 1 1 742 1377 1196 1758
7258 4 2 1 1 1650 1673 655 1887
7259 4 2 1 1 786 1453 1123 1527
7260 4 2 1 1 239 205 38 1788
7261 4 2 1 1 1135 1841 923 1694
7262 4 2 1 1 879 651 1064 1500
7263 4 2 1 1 1092 1529 1481 1871
7264 4 2 1 1 752 1397 936 1711
7265 4 2 1 1 1789 1420 1670 902
7266 4 2 1 1 1362 1802 1260 1826
7267 4 2 1 1 587 482 588 981
7268 4 2 1 1 1059 1667 1505 616
7269 4 2 1 1 689 1060 1371 1666
7270 4 2 1 1 852 1371 1060 1666
7271 4 2 1 1 1032 1799 1560 957
7272 4 2 1 1 507 527 516 1796
7273 4 2 1 1 527 475 529 1796
7274 4 2 1 1 1392 1583 746 1829
7275 4 2 1 1 86 130 118 1153
7276 4 2 1 1 1039 1504 441 1912
7277 4 2 1 1 1201 1587 1482 1616
7278 4 2 1 1 1951 201 69 229
7279 4 2 1 1 177 163 1026 1660
7280 4 2 1 1 719 1059 959 819
7281 4 2 1 1 673 1016 1005 804
7282 4 2 1 1 97 98 1156 1406
7283 4 2 1 1 1823 1883 1798 962
7284 4 2 1 1 627 1146 1291 1596
7285 4 2 1 1 619 1768 1445 1880
7286 4 2 1 1 175 1030 193 1471
7287 4 2 1 1 1982 1239 1941 806
7288 4 2 1 1 712 1475 1105 1864
7289 4 2 1 1 702 1502 1041 1659
7290 4 2 1 1 655 1318 1313 1800
7291 4 2 1 1 705 1336 1115 1441
7292 4 2 1 1 820 1166 989 1210
7293 4 2 1 1 215 245 240 1452
7294 4 2 1 1 950 1429 1485 1712
7295 4 2 1 1 746 997 1593 1683
7296 4 2 1 1 1271 1884 980 1919
7297 4 2 1 1 811 1884 1271 1919
7298 4 2 1 1 1528 1669 829 1771
7299 4 2 1 1 800 1426 1048 1605
7300 4 2 1 1 760 1753 1456 1882
7301 4 2 1 1 1272 1273 734 1396
7302 4 2 1 1 754 902 1218 1020
7303 4 2 1 1 1001 1582 1502 1659
7304 4 2 1 1 462 543 460 1649
7305 4 2 1 1 878 1282 1252 1646
7306 4 2 1 1 746 726 1392 1829
7307 4 2 1 1 1624 630 1737 823
7308 4 2 1 1 825 1134 1187 1594
7309 4 2 1 1 900 1466 800 1605
7310 4 2 1 1 995 1440 837 1806
7311 4 2 1 1 971 1460 1028 1656
7312 4 2 1 1 819 1583 1198 1891
7313 4 2 1 1 1418 1569 866 1677
7314 4 2 1 1 638 1031 1405 790
7315 4 2 1 1 1134 1187 877 1920
7316 4 2 1 1 789 1276 1108 1425
7317 4 2 1 1 868 1747 1416 1787
7318 4 2 1 1 1749 667 809 1075
7319 4 2 1 1 732 1048 1351 214
7320 4 2 1 1 276 983 277 1495
7321 4 2 1 1 907 1479 1261 702
7322 4 2 1 1 108 97 885 1585
7323 4 2 1 1 645 1197 1736 1775
7324 4 2 1 1 949 1416 1747 1787
7325 4 2 1 1 744 1359 958 1261
7326 4 2 1 1 617 1025 1486 1224
7327 4 2 1 1 911 1167 740 1646
7328 4 2 1 1 1737 630 1624 949
7329 4 2 1 1 709 1137 1269 1718
7330 4 2 1 1 1254 1219 1078 678
7331 4 2 1 1 1540 186 1628 174
7332 4 2 1 1 754 783 652 1382
7333 4 2 1 1 704 1437 1470 1708
7334 4 2 1 1 1618 773 1378 1577
7335 4 2 1 1 1139 1377 742 1874
7336 4 2 1 1 1188 1191 764 1859
7337 4 2 1 1 1059 719 288 798
7338 4 2 1 1 407 408 397 1679
7339 4 2 1 1 1618 1378 773 1037
7340 4 2 1 1 1790 1558 770 1325
7341 4 2 1 1 967 1649 1518 1733
7342 4 2 1 1 797 1108 1372 1402
7343 4 2 1 1 157 1415 856 1818
7344 4 2 1 1 127 120 849 1402
7345 4 2 1 1 1790 770 1558 913
7346 4 2 1 1 1190 1276 669 1735
7347 4 2 1 1 1111 844 1614 1832
7348 4 2 1 1 1184 1326 762 1295
7349 4 2 1 1 880 1494 1650 1673
7350 4 2 1 1 1529 943 1092 1481
7351 4 2 1 1 1326 762 904 1831
7352 4 2 1 1 867 1288 1503 1744
7353 4 2 1 1 153 1521 1785 152
7354 4 2 1 1 615 1632 1272 1760
7355 4 2 1 1 734 1653 838 673
7356 4 2 1 1 836 1188 764 1627
7357 4 2 1 1 693 1335 943 1711
7358 4 2 1 1 412 416 415 1450
7359 4 2 1 1 604 1326 1184 1295
7360 4 2 1 1 586 1518 1687 545
7361 4 2 1 1 324 344 341 1846
7362 4 2 1 1 475 429 532 1809
7363 4 2 1 1 768 1156 1799 1650
7364 4 2 1 1 763 1113 1489 1842
7365 4 2 1 1 1828 1706 674 1025
7366 4 2 1 1 866 1562 1569 1888
7367 4 2 1 1 336 795 324 736
7368 4 2 1 1 552 767 466 1705
7369 4 2 1 1 1741 1609 1896 777
7370 4 2 1 1 240 217 213 1653
7371 4 2 1 1 621 1280 1233 1413
7372 4 2 1 1 619 1562 1262 1768
7373 4 2 1 1 1286 818 1621 1680
7374 4 2 1 1 1102 724 1539 1903
7375 4 2 1 1 275 1681 863 1160
7376 4 2 1 1 1409 1486 1025 1224
7377 4 2 1 1 869 1486 1409 1224
7378 4 2 1 1 861 659 1211 1375
7379 4 2 1 1 1300 1225 918 1415
7380 4 2 1 1 423 435 434 945
7381 4 2 1 1 100 826 104 101
7382 4 2 1 1 630 1324 1487 1545
7383 4 2 1 1 653 1023 1494 1815
7384 4 2 1 1 693 1591 1008 1804
7385 4 2 1 1 807 1735 1445 1190
7386 4 2 1 1 731 1350 1351 1396
7387 4 2 1 1 1956 284 1435 1437
7388 4 2 1 1 454 566 580 1470
7389 4 2 1 1 669 1129 1005 1847
7390 4 2 1 1 1328 1369 706 1641
7391 4 2 1 1 1262 1445 814 1657
7392 4 2 1 1 1238 1687 967 1686
7393 4 2 1 1 627 1291 1146 1521
7394 4 2 1 1 1025 1516 741 674
7395 4 2 1 1 1233 1280 889 1678
7396 4 2 1 1 1090 1764 750 1849
7397 4 2 1 1 942 1352 1084 1662
7398 4 2 1 1 1399 377 1172 984
7399 4 2 1 1 469 418 436 1772
7400 4 2 1 1 1233 1413 824 1661
7401 4 2 1 1 621 1413 1233 1661
7402 4 2 1 1 552 1958 1597 1614
7403 4 2 1 1 126 88 11 1754
7404 4 2 1 1 350 312 339 1691
7405 4 2 1 1 625 1227 927 1865
7406 4 2 1 1 600 501 480 1511
7407 4 2 1 1 642 1376 1107 853
7408 4 2 1 1 633 1350 1723 1747
7409 4 2 1 1 663 885 1318 1800
7410 4 2 1 1 663 1800 1318 1802
7411 4 2 1 1 1808 1130 1636 894
7412 4 2 1 1 615 1685 1272 1632
7413 4 2 1 1 1017 1755 1539 1901
7414 4 2 1 1 975 1539 1755 1901
7415 4 2 1 1 729 1254 1219 1850
7416 4 2 1 1 484 1069 1477 1878
7417 4 2 1 1 646 1029 990 1314
7418 4 2 1 1 824 1378 1233 1661
7419 4 2 1 1 1286 871 1621 1875
7420 4 2 1 1 615 1129 1632 1736
7421 4 2 1 1 174 1540 1627 1628
7422 4 2 1 1 983 1715 1714 1898
7423 4 2 1 1 1388 1710 393 1867
7424 4 2 1 1 1415 157 1319 155
7425 4 2 1 1 232 1048 1426 1605
7426 4 2 1 1 212 1273 1351 1396
7427 4 2 1 1 185 1481 1529 1871
7428 4 2 1 1 1924 49 143 170
7429 4 2 1 1 981 354 588 587
7430 4 2 1 1 655 1271 884 1887
7431 4 2 1 1 1326 904 762 1295
7432 4 2 1 1 1208 1309 756 1003
7433 4 2 1 1 709 1126 1125 1595
7434 4 2 1 1 670 1225 918 1300
7435 4 2 1 1 405 456 424 1910
7436 4 2 1 1 1020 1355 1218 1845
7437 4 2 1 1 279 749 968 1648
7438 4 2 1 1 928 1066 849 1635
7439 4 2 1 1 754 1230 1010 1845
7440 4 2 1 1 1460 1656 808 1848
7441 4 2 1 1 493 355 504 1633
7442 4 2 1 1 1105 1716 712 1864
7443 4 2 1 1 776 1309 1208 1003
7444 4 2 1 1 156 1471 158 1639
7445 4 2 1 1 807 1445 1262 1657
7446 4 2 1 1 781 1158 933 1655
7447 4 2 1 1 786 1453 1213 1910
7448 4 2 1 1 581 496 558 1612
7449 4 2 1 1 935 1696 1773 1856
7450 4 2 1 1 1509 1873 1073 1433
7451 4 2 1 1 610 1524 1428 1755
7452 4 2 1 1 258 282 798 1894
7453 4 2 1 1 1806 1739 837 981
7454 4 2 1 1 611 1432 1034 1859
7455 4 2 1 1 616 1392 1583 1683
7456 4 2 1 1 599 1932 1840 364
7457 4 2 1 1 599 1932 364 360
7458 4 2 1 1 247 204 238 1074
7459 4 2 1 1 1107 853 1376 1750
7460 4 2 1 1 102 1055 1325 1790
7461 4 2 1 1 863 1531 1286 1658
7462 4 2 1 1 235 200 1626 1754
7463 4 2 1 1 417 1834 518 1882
7464 4 2 1 1 805 1388 1227 927
7465 4 2 1 1 456 526 533 1453
7466 4 2 1 1 736 1073 1423 1652
7467 4 2 1 1 234 771 215 1417
7468 4 2 1 1 1145 1683 1891 1031
7469 4 2 1 1 1203 1857 1791 1902
7470 4 2 1 1 1907 1219 703 1306
7471 4 2 1 1 92 134 125 1691
7472 4 2 1 1 256 844 284 1235
7473 4 2 1 1 230 1158 242 1655
7474 4 2 1 1 1930 63 64 203
7475 4 2 1 1 685 1116 1384 1814
7476 4 2 1 1 423 1547 411 1700
7477 4 2 1 1 770 1503 1288 1744
7478 4 2 1 1 1502 1582 1316 1659
7479 4 2 1 1 928 1313 655 1318
7480 4 2 1 1 866 1569 1262 1677
7481 4 2 1 1 243 1186 224 1626
7482 4 2 1 1 1116 1567 1072 1814
7483 4 2 1 1 620 804 1016 1550
7484 4 2 1 1 655 1156 1503 1673
7485 4 2 1 1 639 1477 1128 1530
7486 4 2 1 1 1793 1904 1602 953
7487 4 2 1 1 836 1093 1161 1386
7488 4 2 1 1 660 1663 1009 1863
7489 4 2 1 1 1017 1539 724 1901
7490 4 2 1 1 654 1418 1221 1752
7491 4 2 1 1 1276 1433 789 1509
7492 4 2 1 1 619 1262 1445 1768
7493 4 2 1 1 944 1497 1354 1803
7494 4 2 1 1 1103 1555 647 1637
7495 4 2 1 1 850 1623 1480 1794
7496 4 2 1 1 288 1928 252 281
7497 4 2 1 1 871 1206 1265 1621
7498 4 2 1 1 737 1228 1530 1918
7499 4 2 1 1 649 1397 1417 1446
7500 4 2 1 1 809 1757 1367 1809
7501 4 2 1 1 1399 1456 760 1753
7502 4 2 1 1 213 734 1273 1396
7503 4 2 1 1 1445 1468 1657 807
7504 4 2 1 1 797 1389 988 1730
7505 4 2 1 1 876 1460 1821 1848
7506 4 2 1 1 1586 1937 1511 600
7507 4 2 1 1 381 379 380 1707
7508 4 2 1 1 375 376 374 1172
7509 4 2 1 1 1262 1562 866 1768
7510 4 2 1 1 1195 1339 702 1502
7511 4 2 1 1 917 1138 672 1356
7512 4 2 1 1 204 1975 1074 1939
7513 4 2 1 1 1144 1501 803 1732
7514 4 2 1 1 638 1224 1516 1726
7515 4 2 1 1 426 1584 546 910
7516 4 2 1 1 1063 1458 1549 1805
7517 4 2 1 1 1338 1457 1217 1734
7518 4 2 1 1 322 321 320 795
7519 4 2 1 1 874 1811 1240 629
7520 4 2 1 1 1085 1507 1587 1862
7521 4 2 1 1 612 1316 1582 1659
7522 4 2 1 1 447 1603 502 1223
7523 4 2 1 1 1237 1686 592 1840
7524 4 2 1 1 751 1752 1055 1790
7525 4 2 1 1 617 689 1137 1523
7526 4 2 1 1 649 1018 1397 1446
7527 4 2 1 1 85 120 1402 1827
7528 4 2 1 1 808 1454 1821 1848
7529 4 2 1 1 606 916 1323 1666
7530 4 2 1 1 1322 1703 704 1106
7531 4 2 1 1 918 670 1300 1643
7532 4 2 1 1 1979 177 1026 1660
7533 4 2 1 1 327 347 779 1907
7534 4 2 1 1 739 1120 1245 1861
7535 4 2 1 1 709 1340 1137 1718
7536 4 2 1 1 180 1104 1319 1643
7537 4 2 1 1 1732 1567 1002 1812
7538 4 2 1 1 404 405 421 1213
7539 4 2 1 1 1092 1481 943 1711
7540 4 2 1 1 805 1710 1453 1833
7541 4 2 1 1 1100 668 1382 1824
7542 4 2 1 1 660 1863 1327 1905
7543 4 2 1 1 1072 1472 965 794
7544 4 2 1 1 947 1540 1525 1729
7545 4 2 1 1 866 1569 1418 1888
7546 4 2 1 1 664 1799 1738 1801
7547 4 2 1 1 719 959 1383 1553
7548 4 2 1 1 718 1531 1036 1922
7549 4 2 1 1 692 1604 1226 919
7550 4 2 1 1 961 1797 1054 1883
7551 4 2 1 1 654 1418 1134 1569
7552 4 2 1 1 797 1108 1474 1914
7553 4 2 1 1 924 1541 1035 1770
7554 4 2 1 1 404 1213 421 1839
7555 4 2 1 1 978 1563 999 1874
7556 4 2 1 1 823 1524 1428 1624
7557 4 2 1 1 742 999 1676 1874
7558 4 2 1 1 1462 1461 896 847
7559 4 2 1 1 1054 751 1055 1790
7560 4 2 1 1 671 1571 1128 1696
7561 4 2 1 1 961 639 1185 1590
7562 4 2 1 1 291 863 862 1922
7563 4 2 1 1 955 1482 1721 1844
7564 4 2 1 1 778 1321 1455 1696
7565 4 2 1 1 766 1721 1482 1844
7566 4 2 1 1 198 229 230 1655
7567 4 2 1 1 114 87 122 817
7568 4 2 1 1 659 1364 1543 1211
7569 4 2 1 1 548 464 521 1301
7570 4 2 1 1 1115 1270 1081 1709
7571 4 2 1 1 576 1305 1756 1876
7572 4 2 1 1 606 916 1666 1206
7573 4 2 1 1 1382 797 1730 652
7574 4 2 1 1 1126 1438 833 1783
7575 4 2 1 1 1411 1437 686 1708
7576 4 2 1 1 245 234 227 1092
7577 4 2 1 1 766 1587 1482 1721
7578 4 2 1 1 1732 1567 1812 803
7579 4 2 1 1 885 108 1014 1561
7580 4 2 1 1 555 587 586 981
7581 4 2 1 1 1848 1793 642 1046
7582 4 2 1 1 679 1466 1186 1872
7583 4 2 1 1 1466 1626 1186 1872
7584 4 2 1 1 718 1331 862 1505
7585 4 2 1 1 267 834 1126 1412
7586 4 2 1 1 893 956 1553 1852
7587 4 2 1 1 482 976 588 981
7588 4 2 1 1 753 1100 1473 1880
7589 4 2 1 1 112 1186 1185 90
7590 4 2 1 1 1304 1812 1002 1863
7591 4 2 1 1 961 1228 1090 1797
7592 4 2 1 1 1166 1723 821 820
7593 4 2 1 1 1227 1388 796 927
7594 4 2 1 1 1860 584 487 1899
7595 4 2 1 1 373 1520 371 1613
7596 4 2 1 1 142 173 174 1627
7597 4 2 1 1 123 1252 112 878
7598 4 2 1 1 539 541 388 1753
7599 4 2 1 1 1064 1500 651 1193
7600 4 2 1 1 844 1704 1640 1705
7601 4 2 1 1 507 516 408 1574
7602 4 2 1 1 849 1372 127 1402
7603 4 2 1 1 1982 27 131 3
7604 4 2 1 1 663 1014 1560 749
7605 4 2 1 1 1053 1961 1633 86
7606 4 2 1 1 619 1108 1276 1425
7607 4 2 1 1 656 1658 997 1697
7608 4 2 1 1 219 218 217 1073
7609 4 2 1 1 120 136 127 849
7610 4 2 1 1 810 1421 1420 1730
7611 4 2 1 1 1071 1400 832 1523
7612 4 2 1 1 856 1155 1332 1915
7613 4 2 1 1 1181 1180 936 1018
7614 4 2 1 1 117 86 118 1633
7615 4 2 1 1 649 1018 1446 1517
7616 4 2 1 1 645 1197 1167 1594
7617 4 2 1 1 432 468 514 1556
7618 4 2 1 1 876 1821 1454 1848
7619 4 2 1 1 857 1497 1354 1715
7620 4 2 1 1 560 562 468 1556
7621 4 2 1 1 927 1710 1388 1867
7622 4 2 1 1 1472 1702 803 1808
7623 4 2 1 1 678 1476 819 1667
7624 4 2 1 1 621 1482 1201 1587
7625 4 2 1 1 1822 496 558 565
7626 4 2 1 1 1839 714 1885 1213
7627 4 2 1 1 201 1969 976 1854
7628 4 2 1 1 1399 1172 377 375
7629 4 2 1 1 1165 834 1345 1568
7630 4 2 1 1 563 503 1765 1898
7631 4 2 1 1 603 551 593 846
7632 4 2 1 1 1822 496 1069 1612
7633 4 2 1 1 211 213 212 1396
7634 4 2 1 1 401 1174 1885 420
7635 4 2 1 1 1107 1360 696 757
7636 4 2 1 1 850 1623 1161 1779
7637 4 2 1 1 89 20 19 1937
7638 4 2 1 1 1547 1122 1385 945
7639 4 2 1 1 804 620 1192 1550
7640 4 2 1 1 840 1296 656 1508
7641 4 2 1 1 478 891 561 1361
7642 4 2 1 1 499 450 1361 1584
7643 4 2 1 1 1448 1173 739 1772
7644 4 2 1 1 761 1084 1662 1005
7645 4 2 1 1 758 726 1438 1795
7646 4 2 1 1 856 1008 157 1818
7647 4 2 1 1 836 1603 1713 1853
7648 4 2 1 1 1975 740 1881 1074
7649 4 2 1 1 224 243 202 1186
7650 4 2 1 1 1965 197 231 61
7651 4 2 1 1 387 389 385 1716
7652 4 2 1 1 871 1265 1206 1533
7653 4 2 1 1 669 1005 1190 1847
7654 4 2 1 1 879 1500 1064 1896
7655 4 2 1 1 1547 1385 1122 720
7656 4 2 1 1 145 151 152 1521
7657 4 2 1 1 1234 1784 764 1859
7658 4 2 1 1 992 1447 1376 1750
7659 4 2 1 1 980 683 1118 1919
7660 4 2 1 1 1643 1843 670 1356
7661 4 2 1 1 789 1276 740 1433
7662 4 2 1 1 209 1117 1112 820
7663 4 2 1 1 650 1292 1348 784
7664 4 2 1 1 122 1019 116 1537
7665 4 2 1 1 171 1283 176 1877
7666 4 2 1 1 1462 1461 847 769
7667 4 2 1 1 1081 1270 718 1709
7668 4 2 1 1 953 960 1334 1921
7669 4 2 1 1 288 1059 300 1383
7670 4 2 1 1 1926 26 128 1014
7671 4 2 1 1 1065 725 1451 1742
7672 4 2 1 1 1145 1891 1683 616
7673 4 2 1 1 776 1519 1309 1003
7674 4 2 1 1 692 1731 1154 1734
7675 4 2 1 1 1117 1303 1724 821
7676 4 2 1 1 669 1167 1276 1433
7677 4 2 1 1 911 1646 740 1754
7678 4 2 1 1 148 1529 1481 1660
7679 4 2 1 1 656 1286 1697 1875
7680 4 2 1 1 1610 1831 1329 762
7681 4 2 1 1 576 1305 472 1756
7682 4 2 1 1 149 187 52 1869
7683 4 2 1 1 119 102 137 1055
7684 4 2 1 1 942 1338 1192 1449
7685 4 2 1 1 145 1146 151 1521
7686 4 2 1 1 1216 1434 166 1746
7687 4 2 1 1 864 1700 1640 1704
7688 4 2 1 1 933 1655 1158 732
7689 4 2 1 1 376 374 1172 1906
7690 4 2 1 1 703 899 1554 1762
7691 4 2 1 1 407 397 406 1679
7692 4 2 1 1 683 1372 1256 1817
7693 4 2 1 1 579 1714 1322 1876
7694 4 2 1 1 655 1503 1066 1668
7695 4 2 1 1 234 1094 771 1417
7696 4 2 1 1 1354 1765 944 1803
7697 4 2 1 1 769 1564 1120 1565
7698 4 2 1 1 102 1558 1054 1790
7699 4 2 1 1 1217 1682 1218 1789
7700 4 2 1 1 732 1158 900 214
7701 4 2 1 1 103 99 1066 1313
7702 4 2 1 1 938 343 322 1769
7703 4 2 1 1 951 1307 1367 1450
7704 4 2 1 1 1961 86 18 1633
7705 4 2 1 1 1670 1682 919 1789
7706 4 2 1 1 279 298 968 1014
7707 4 2 1 1 805 699 1024 1227
7708 4 2 1 1 1165 1345 834 1791
7709 4 2 1 1 732 1048 214 900
7710 4 2 1 1 1054 1055 751 1619
7711 4 2 1 1 1966 752 991 144
7712 4 2 1 1 120 1390 849 1402
7713 4 2 1 1 619 1445 1262 1735
7714 4 2 1 1 691 1729 1540 1853
7715 4 2 1 1 630 995 1278 1806
7716 4 2 1 1 552 1958 1614 497
7717 4 2 1 1 1059 288 719 1383
7718 4 2 1 1 1640 1700 945 1704
7719 4 2 1 1 1262 1562 825 1569
7720 4 2 1 1 672 1138 1104 1357
7721 4 2 1 1 1080 749 1568 1648
7722 4 2 1 1 412 411 422 1547
7723 4 2 1 1 615 948 1685 1632
7724 4 2 1 1 1610 1329 1831 886
7725 4 2 1 1 1749 1863 1663 1049
7726 4 2 1 1 166 1938 1434 1216
7727 4 2 1 1 454 1106 566 1470
7728 4 2 1 1 1434 1672 590 1811
7729 4 2 1 1 981 1854 1687 1913
7730 4 2 1 1 821 1350 1166 1396
7731 4 2 1 1 442 521 421 1839
7732 4 2 1 1 1306 309 1283 1026
7733 4 2 1 1 1203 1791 939 1902
7734 4 2 1 1 1570 774 1214 1320
7735 4 2 1 1 866 1284 1677 1768
7736 4 2 1 1 1570 1214 774 1414
7737 4 2 1 1 631 756 1012 1111
7738 4 2 1 1 623 1682 1020 1850
7739 4 2 1 1 803 894 1501 1808
7740 4 2 1 1 1388 927 805 1710
7741 4 2 1 1 923 1214 774 1320
7742 4 2 1 1 136 849 120 1390
7743 4 2 1 1 1174 1301 837 714
7744 4 2 1 1 920 1421 956 1671
7745 4 2 1 1 867 1817 1514 1888
7746 4 2 1 1 1190 1005 761 1847
7747 4 2 1 1 272 946 268 1783
7748 4 2 1 1 818 1621 1444 907
7749 4 2 1 1 272 1383 946 1553
7750 4 2 1 1 825 1282 1425 1646
7751 4 2 1 1 733 1654 1238 1655
7752 4 2 1 1 898 1457 729 1554
7753 4 2 1 1 1967 85 1259 1827
7754 4 2 1 1 1155 1620 694 1915
7755 4 2 1 1 466 552 467 767
7756 4 2 1 1 758 1680 1286 1681
7757 4 2 1 1 368 547 592 1686
7758 4 2 1 1 1063 691 1429 1853
7759 4 2 1 1 267 1126 834 1783
7760 4 2 1 1 709 1125 1126 1412
7761 4 2 1 1 654 1134 1418 1752
7762 4 2 1 1 1118 1668 980 1887
7763 4 2 1 1 1387 1513 932 1717
7764 4 2 1 1 767 985 1291 1596
7765 4 2 1 1 1122 1480 850 1780
7766 4 2 1 1 971 1028 1578 1656
7767 4 2 1 1 923 774 1214 1414
7768 4 2 1 1 611 1188 1858 1859
7769 4 2 1 1 106 140 740 1282
7770 4 2 1 1 1418 1514 1744 827
7771 4 2 1 1 736 1423 1016 1652
7772 4 2 1 1 1066 1372 849 1635
7773 4 2 1 1 1052 1746 1434 1763
7774 4 2 1 1 722 1105 1475 1864
7775 4 2 1 1 1797 1819 1496 628
7776 4 2 1 1 1874 1563 1692 650
7777 4 2 1 1 439 430 1264 1757
7778 4 2 1 1 1869 1958 261 1614
7779 4 2 1 1 818 1444 1680 1595
7780 4 2 1 1 1874 1692 1563 999
7781 4 2 1 1 1027 1829 1330 662
7782 4 2 1 1 221 198 242 781
7783 4 2 1 1 395 401 523 1867
7784 4 2 1 1 772 1148 1022 1555
7785 4 2 1 1 716 1628 1639 1785
7786 4 2 1 1 230 210 214 732
7787 4 2 1 1 1965 197 61 1925
7788 4 2 1 1 225 237 227 1092
7789 4 2 1 1 642 1656 1460 1848
7790 4 2 1 1 1509 1873 1433 1846
7791 4 2 1 1 1081 1115 677 1270
7792 4 2 1 1 656 1331 997 1658
7793 4 2 1 1 859 1675 1228 1797
7794 4 2 1 1 1090 1675 1496 1797
7795 4 2 1 1 610 1162 1580 1624
7796 4 2 1 1 214 210 212 1351
7797 4 2 1 1 519 1753 541 1882
7798 4 2 1 1 1710 526 405 1453
7799 4 2 1 1 723 1763 1434 1860
7800 4 2 1 1 679 1590 1466 1465
7801 4 2 1 1 619 1768 1880 1914
7802 4 2 1 1 965 1401 1316 794
7803 4 2 1 1 544 967 597 1686
7804 4 2 1 1 496 484 1069 1477
7805 4 2 1 1 1710 405 526 400
7806 4 2 1 1 1063 1429 1188 1853
7807 4 2 1 1 1138 1356 917 1843
7808 4 2 1 1 1304 1732 1002 1812
7809 4 2 1 1 991 1141 1112 1788
7810 4 2 1 1 1662 804 1192 1459
7811 4 2 1 1 220 1112 931 1788
7812 4 2 1 1 300 862 270 1795
7813 4 2 1 1 717 1431 1315 1589
7814 4 2 1 1 1444 1535 909 1886
7815 4 2 1 1 599 1237 598 1840
7816 4 2 1 1 1591 163 161 1804
7817 4 2 1 1 225 1966 199 36
7818 4 2 1 1 1662 1192 804 620
7819 4 2 1 1 237 227 1092 1529
7820 4 2 1 1 966 1613 1520 1855
7821 4 2 1 1 728 1335 1183 936
7822 4 2 1 1 665 1783 834 1791
7823 4 2 1 1 542 1310 523 1649
7824 4 2 1 1 1159 1618 1581 721
7825 4 2 1 1 662 1249 1204 1852
7826 4 2 1 1 122 136 116 1019
7827 4 2 1 1 803 1732 1110 1812
7828 4 2 1 1 1022 1148 905 1745
7829 4 2 1 1 836 1713 1188 1853
7830 4 2 1 1 834 1209 1165 1412
7831 4 2 1 1 1134 1263 963 1752
7832 4 2 1 1 163 1481 1026 1660
7833 4 2 1 1 108 93 95 1585
7834 4 2 1 1 105 1282 1629 1108
7835 4 2 1 1 1073 1652 838 1653
7836 4 2 1 1 1053 1819 1633 846
7837 4 2 1 1 97 1585 1406 1801
7838 4 2 1 1 231 61 60 1965
7839 4 2 1 1 1534 895 1032 608
7840 4 2 1 1 552 1958 497 574
7841 4 2 1 1 145 1386 1146 1521
7842 4 2 1 1 374 1634 1172 1906
7843 4 2 1 1 1748 1896 1677 624
7844 4 2 1 1 316 1283 325 1476
7845 4 2 1 1 180 1357 1104 1643
7846 4 2 1 1 895 1650 768 1799
7847 4 2 1 1 1884 1328 1199 1290
7848 4 2 1 1 612 1359 1814 794
7849 4 2 1 1 209 821 1117 820
7850 4 2 1 1 688 1458 1317 1549
7851 4 2 1 1 1355 1338 729 1218
7852 4 2 1 1 1884 1199 1328 811
7853 4 2 1 1 789 1425 1108 1629
7854 4 2 1 1 843 1265 1215 1816
7855 4 2 1 1 1667 1270 1081 677
7856 4 2 1 1 1825 1132 1403 698
7857 4 2 1 1 796 1310 1634 1842
7858 4 2 1 1 938 1769 652 1827
7859 4 2 1 1 1525 1540 691 1729
7860 4 2 1 1 776 1208 1346 1003
7861 4 2 1 1 138 87 128 1561
7862 4 2 1 1 162 196 179 752
7863 4 2 1 1 153 1521 152 151
7864 4 2 1 1 675 1365 1210 1836
7865 4 2 1 1 726 758 1658 1795
7866 4 2 1 1 1258 1845 1355 1908
7867 4 2 1 1 1520 1613 845 1855
7868 4 2 1 1 402 414 1548 1834
7869 4 2 1 1 697 1539 1312 1897
7870 4 2 1 1 1891 1617 790 1198
7871 4 2 1 1 825 1187 1252 1646
7872 4 2 1 1 389 387 402 1548
7873 4 2 1 1 961 1798 1797 1883
7874 4 2 1 1 1082 1525 947 1540
7875 4 2 1 1 838 1073 218 911
7876 4 2 1 1 86 1053 1153 1633
7877 4 2 1 1 1077 1651 1128 1699
7878 4 2 1 1 548 481 1739 1899
7879 4 2 1 1 1055 654 1325 1790
7880 4 2 1 1 753 1445 1473 1190
7881 4 2 1 1 697 924 1737 1900
7882 4 2 1 1 99 1313 1156 1503
7883 4 2 1 1 1908 1850 1020 1355
7884 4 2 1 1 723 1088 1152 1545
7885 4 2 1 1 229 1655 1654 1854
7886 4 2 1 1 1236 943 1092 779
7887 4 2 1 1 1907 1909 943 1026
7888 4 2 1 1 1020 1218 729 1682
7889 4 2 1 1 796 1634 1310 1867
7890 4 2 1 1 1155 1620 813 694
7891 4 2 1 1 289 1248 254 1922
7892 4 2 1 1 154 1415 156 1639
7893 4 2 1 1 1823 1883 962 109
7894 4 2 1 1 289 862 300 1248
7895 4 2 1 1 184 1357 164 1917
7896 4 2 1 1 52 1959 187 7
7897 4 2 1 1 325 1283 798 1476
7898 4 2 1 1 96 1406 1585 1586
7899 4 2 1 1 277 1943 983 276
7900 4 2 1 1 148 191 185 1529
7901 4 2 1 1 1062 1669 756 1003
7902 4 2 1 1 1162 1655 732 1163
7903 4 2 1 1 937 1078 938 1851
7904 4 2 1 1 466 945 435 1705
7905 4 2 1 1 156 175 158 1471
7906 4 2 1 1 798 1248 1505 1877
7907 4 2 1 1 605 1407 1541 1879
7908 4 2 1 1 513 438 440 1623
7909 4 2 1 1 559 1437 1411 1470
7910 4 2 1 1 836 1223 1603 1853
7911 4 2 1 1 400 393 1867 395
7912 4 2 1 1 218 216 838 911
7913 4 2 1 1 378 386 376 1906
7914 4 2 1 1 1185 1798 961 1883
7915 4 2 1 1 898 729 1254 1554
7916 4 2 1 1 1240 1672 1434 1811
7917 4 2 1 1 678 1254 1219 1554
7918 4 2 1 1 749 1068 934 1495
7919 4 2 1 1 1093 1596 1779 1146
7920 4 2 1 1 1924 280 254 49
7921 4 2 1 1 616 1392 1059 819
7922 4 2 1 1 844 1235 256 1832
7923 4 2 1 1 1288 1514 827 1744
7924 4 2 1 1 1005 1016 673 1652
7925 4 2 1 1 1084 1190 1010 1005
7926 4 2 1 1 1200 1285 787 1868
7927 4 2 1 1 1634 1867 796 1906
7928 4 2 1 1 1423 1452 673 1653
7929 4 2 1 1 347 1246 779 1907
7930 4 2 1 1 656 1286 1658 1697
7931 4 2 1 1 627 1146 1093 1521
7932 4 2 1 1 1059 1331 616 1505
7933 4 2 1 1 1711 936 1183 1335
7934 4 2 1 1 1840 1251 1237 1238
7935 4 2 1 1 734 1632 948 673
7936 4 2 1 1 1792 1327 1863 801
7937 4 2 1 1 1711 1183 936 752
7938 4 2 1 1 834 305 1648 1695
7939 4 2 1 1 740 1282 1425 1629
7940 4 2 1 1 127 1066 101 1372
7941 4 2 1 1 781 1654 198 1655
7942 4 2 1 1 957 1260 1802 1826
7943 4 2 1 1 568 487 590 1434
7944 4 2 1 1 1082 1485 1022 629
7945 4 2 1 1 504 355 1630 1633
7946 4 2 1 1 402 414 403 1548
7947 4 2 1 1 186 158 1148 1628
7948 4 2 1 1 559 1435 1437 353
7949 4 2 1 1 169 752 1871 196
7950 4 2 1 1 934 1526 1068 1608
7951 4 2 1 1 961 639 1228 1798
7952 4 2 1 1 356 569 836 1729
7953 4 2 1 1 803 1472 1567 1812
7954 4 2 1 1 246 1938 1216 1860
7955 4 2 1 1 808 1043 1454 1848
7956 4 2 1 1 972 1587 1507 1862
7957 4 2 1 1 1745 1559 1022 647
7958 4 2 1 1 663 1014 749 968
7959 4 2 1 1 633 1350 1166 1723
7960 4 2 1 1 703 899 1762 1909
7961 4 2 1 1 415 507 410 1574
7962 4 2 1 1 225 234 199 1094
7963 4 2 1 1 763 1755 1017 1901
7964 4 2 1 1 426 499 546 1584
7965 4 2 1 1 1667 1270 677 1877
7966 4 2 1 1 142 174 1540 1627
7967 4 2 1 1 454 1411 1106 1470
7968 4 2 1 1 273 272 271 1783
7969 4 2 1 1 345 1078 319 1476
7970 4 2 1 1 1908 1850 1355 795
7971 4 2 1 1 697 1463 1175 1737
7972 4 2 1 1 819 959 1330 1829
7973 4 2 1 1 750 1349 1721 1764
7974 4 2 1 1 498 1386 1161 1779
7975 4 2 1 1 789 740 1425 1629
7976 4 2 1 1 680 1139 1377 1664
7977 4 2 1 1 389 894 546 522
7978 4 2 1 1 185 1481 1871 169
7979 4 2 1 1 772 1628 1555 1858
7980 4 2 1 1 1354 1715 944 1898
7981 4 2 1 1 669 1073 1509 1652
7982 4 2 1 1 1946 110 962 1067
7983 4 2 1 1 1629 105 1402 107
7984 4 2 1 1 959 1059 719 1383
7985 4 2 1 1 546 1548 403 910
7986 4 2 1 1 150 882 151 1291
7987 4 2 1 1 635 1345 1080 1568
7988 4 2 1 1 663 957 1802 1826
7989 4 2 1 1 826 1817 867 1888
7990 4 2 1 1 1216 1763 931 1860
7991 4 2 1 1 938 322 343 323
7992 4 2 1 1 1480 491 596 490
7993 4 2 1 1 316 318 317 1306
7994 4 2 1 1 369 413 554 1341
7995 4 2 1 1 709 1412 1209 1535
7996 4 2 1 1 901 1077 223 1774
7997 4 2 1 1 105 1629 1282 106
7998 4 2 1 1 792 1618 1534 1766
7999 4 2 1 1 146 38 1216 1788
8000 4 2 1 1 901 1571 1128 1651
8001 4 2 1 1 746 1583 1392 1683
8002 4 2 1 1 671 1158 1251 1651
8003 4 2 1 1 205 206 246 1216
8004 4 2 1 1 699 1749 1075 1024
8005 4 2 1 1 678 1219 1306 1554
8006 4 2 1 1 726 1658 862 1795
8007 4 2 1 1 927 1174 714 1885
8008 4 2 1 1 530 439 506 1353
8009 4 2 1 1 630 1440 995 1806
8010 4 2 1 1 159 1104 1270 1319
8011 4 2 1 1 1571 1651 901 1774
8012 4 2 1 1 843 681 986 1111
8013 4 2 1 1 1597 1958 574 1869
8014 4 2 1 1 1059 1248 862 1505
8015 4 2 1 1 526 533 1453 1833
8016 4 2 1 1 296 893 283 1537
8017 4 2 1 1 261 1614 986 1869
8018 4 2 1 1 1100 1474 1473 1914
8019 4 2 1 1 1019 1389 849 1390
8020 4 2 1 1 919 674 1604 1226
8021 4 2 1 1 656 1286 1531 1658
8022 4 2 1 1 581 557 413 1341
8023 4 2 1 1 1045 1604 674 1226
8024 4 2 1 1 546 389 403 1548
8025 4 2 1 1 723 1051 1545 1837
8026 4 2 1 1 1154 692 1604 1731
8027 4 2 1 1 843 1215 1121 1816
8028 4 2 1 1 1334 1335 728 936
8029 4 2 1 1 703 1306 1219 1554
8030 4 2 1 1 211 1396 821 820
8031 4 2 1 1 779 943 1660 1907
8032 4 2 1 1 746 1828 1149 1829
8033 4 2 1 1 1114 1698 625 1865
8034 4 2 1 1 1059 1667 616 819
8035 4 2 1 1 988 618 1730 1389
8036 4 2 1 1 628 1565 1153 1819
8037 4 2 1 1 1486 1601 996 912
8038 4 2 1 1 454 444 453 1106
8039 4 2 1 1 790 1405 1101 759
8040 4 2 1 1 714 1114 1394 1786
8041 4 2 1 1 1486 996 1601 617
8042 4 2 1 1 1111 844 1640 1705
8043 4 2 1 1 789 1509 1433 1846
8044 4 2 1 1 734 1396 213 1890
8045 4 2 1 1 294 254 50 1036
8046 4 2 1 1 544 545 597 967
8047 4 2 1 1 716 1555 1103 1637
8048 4 2 1 1 1591 161 163 195
8049 4 2 1 1 617 1523 1137 1718
8050 4 2 1 1 1799 608 884 957
8051 4 2 1 1 279 968 749 1014
8052 4 2 1 1 719 819 1078 1476
8053 4 2 1 1 1365 1373 1047 1836
8054 4 2 1 1 130 1053 109 1883
8055 4 2 1 1 884 1802 1800 957
8056 4 2 1 1 623 920 1330 1671
8057 4 2 1 1 1085 1587 766 1862
8058 4 2 1 1 786 1394 1114 1368
8059 4 2 1 1 409 514 508 1202
8060 4 2 1 1 1237 367 368 966
8061 4 2 1 1 1129 838 1632 1736
8062 4 2 1 1 1306 309 1026 317
8063 4 2 1 1 272 1553 304 1383
8064 4 2 1 1 639 901 1128 1878
8065 4 2 1 1 614 1599 1335 1711
8066 4 2 1 1 409 410 408 1574
8067 4 2 1 1 19 117 89 1511
8068 4 2 1 1 637 1507 1085 1862
8069 4 2 1 1 1438 1601 912 996
8070 4 2 1 1 693 943 1335 1909
8071 4 2 1 1 1167 669 1276 1735
8072 4 2 1 1 1226 1604 692 1731
8073 4 2 1 1 1027 1330 819 1701
8074 4 2 1 1 1257 686 1437 1708
8075 4 2 1 1 1163 1117 735 1278
8076 4 2 1 1 342 323 329 1851
8077 4 2 1 1 130 86 109 1053
8078 4 2 1 1 874 629 1240 1039
8079 4 2 1 1 417 419 418 1448
8080 4 2 1 1 1340 1601 996 617
8081 4 2 1 1 1103 772 1555 1858
8082 4 2 1 1 1238 1687 1654 1913
8083 4 2 1 1 119 1282 1252 123
8084 4 2 1 1 772 1429 1082 1540
8085 4 2 1 1 991 1112 251 1788
8086 4 2 1 1 1689 1690 1120 1819
8087 4 2 1 1 586 1518 545 555
8088 4 2 1 1 809 1212 1749 1792
8089 4 2 1 1 560 562 1556 1704
8090 4 2 1 1 1187 1465 877 1920
8091 4 2 1 1 715 1262 1569 1677
8092 4 2 1 1 737 1499 1341 1870
8093 4 2 1 1 1498 1522 858 1893
8094 4 2 1 1 256 1956 284 844
8095 4 2 1 1 566 454 453 1106
8096 4 2 1 1 334 1846 341 344
8097 4 2 1 1 650 1491 1139 1874
8098 4 2 1 1 1093 1161 1386 1779
8099 4 2 1 1 739 1173 1245 1690
8100 4 2 1 1 180 194 178 1104
8101 4 2 1 1 1341 539 557 554
8102 4 2 1 1 1936 1291 1869 150
8103 4 2 1 1 766 1587 1085 1616
8104 4 2 1 1 1218 1682 902 1789
8105 4 2 1 1 90 962 1067 1185
8106 4 2 1 1 1046 788 1451 1344
8107 4 2 1 1 620 1230 1449 1845
8108 4 2 1 1 1095 1721 1349 1764
8109 4 2 1 1 912 1438 996 726
8110 4 2 1 1 442 486 548 1152
8111 4 2 1 1 841 1356 1061 1573
8112 4 2 1 1 1350 1351 821 1544
8113 4 2 1 1 1552 1895 1726 791
8114 4 2 1 1 1840 1251 1238 781
8115 4 2 1 1 916 1720 1296 1875
8116 4 2 1 1 185 1481 169 148
8117 4 2 1 1 722 1042 1636 1864
8118 4 2 1 1 326 318 321 1246
8119 4 2 1 1 1128 1477 854 1870
8120 4 2 1 1 681 1536 1358 1573
8121 4 2 1 1 1046 788 1344 1119
8122 4 2 1 1 862 1531 718 1922
8123 4 2 1 1 733 1911 995 1913
8124 4 2 1 1 987 1768 1256 1914
8125 4 2 1 1 1340 1438 1126 1595
8126 4 2 1 1 1558 130 1153 118
8127 4 2 1 1 1846 1629 1259 1074
8128 4 2 1 1 859 1823 1822 846
8129 4 2 1 1 687 1209 1535 1892
8130 4 2 1 1 1529 943 1481 1660
8131 4 2 1 1 744 1359 1261 1479
8132 4 2 1 1 1225 1300 1639 1415
8133 4 2 1 1 266 1125 758 1681
8134 4 2 1 1 856 1319 918 1415
8135 4 2 1 1 205 931 1216 1788
8136 4 2 1 1 535 457 537 1151
8137 4 2 1 1 679 1050 1263 1619
8138 4 2 1 1 391 390 396 1732
8139 4 2 1 1 397 396 406 1732
8140 4 2 1 1 1020 1355 1845 1908
8141 4 2 1 1 219 1073 249 1873
8142 4 2 1 1 671 1251 1576 1856
8143 4 2 1 1 1014 749 1200 1560
8144 4 2 1 1 1669 1771 958 1241
8145 4 2 1 1 1521 1785 1627 764
8146 4 2 1 1 814 1445 1262 1768
8147 4 2 1 1 267 269 834 1412
8148 4 2 1 1 958 1771 1669 828
8149 4 2 1 1 1059 1667 819 798
8150 4 2 1 1 1804 179 162 160
8151 4 2 1 1 180 1319 155 1643
8152 4 2 1 1 1151 1504 535 1910
8153 4 2 1 1 657 1546 1265 1816
8154 4 2 1 1 1066 655 1313 1503
8155 4 2 1 1 1289 1665 1645 870
8156 4 2 1 1 1026 1481 163 1591
8157 4 2 1 1 1806 1739 981 1088
8158 4 2 1 1 864 1640 1484 631
8159 4 2 1 1 1015 1318 817 1506
8160 4 2 1 1 905 1434 165 1811
8161 4 2 1 1 1065 1451 1312 1742
8162 4 2 1 1 1008 183 157 161
8163 4 2 1 1 677 1270 1115 1404
8164 4 2 1 1 1645 1665 1289 926
8165 4 2 1 1 723 1434 1240 1672
8166 4 2 1 1 1477 1699 1128 854
8167 4 2 1 1 764 1109 1234 1521
8168 4 2 1 1 769 1153 1565 1819
8169 4 2 1 1 474 844 1435 577
8170 4 2 1 1 195 1026 163 1591
8171 4 2 1 1 939 1362 1015 892
8172 4 2 1 1 882 1291 986 1573
8173 4 2 1 1 184 50 143 1036
8174 4 2 1 1 1263 1488 1050 1465
8175 4 2 1 1 793 1589 1033 632
8176 4 2 1 1 521 1301 420 1885
8177 4 2 1 1 1599 1550 804 1192
8178 4 2 1 1 823 1624 1428 1737
8179 4 2 1 1 443 441 572 1912
8180 4 2 1 1 1266 1570 802 887
8181 4 2 1 1 1169 703 1192 1554
8182 4 2 1 1 377 379 378 1707
8183 4 2 1 1 1642 943 1236 779
8184 4 2 1 1 937 710 1410 1851
8185 4 2 1 1 771 1397 1373 1446
8186 4 2 1 1 908 1620 1253 1843
8187 4 2 1 1 322 324 795 1769
8188 4 2 1 1 95 1239 94 1586
8189 4 2 1 1 569 502 356 836
8190 4 2 1 1 163 1591 1481 1804
8191 4 2 1 1 1697 1778 818 1595
8192 4 2 1 1 1473 1880 1100 1914
8193 4 2 1 1 1052 905 1434 1746
8194 4 2 1 1 96 97 95 1585
8195 4 2 1 1 668 835 1247 902
8196 4 2 1 1 281 1934 1928 76
8197 4 2 1 1 633 1189 1303 1723
8198 4 2 1 1 1218 754 1230 902
8199 4 2 1 1 617 1400 1601 1776
8200 4 2 1 1 345 328 319 1078
8201 4 2 1 1 1955 45 44 145
8202 4 2 1 1 1223 1525 463 1777
8203 4 2 1 1 215 234 245 771
8204 4 2 1 1 304 274 1410 1553
8205 4 2 1 1 96 98 1406 1558
8206 4 2 1 1 947 1525 538 1729
8207 4 2 1 1 481 1088 1739 1899
8208 4 2 1 1 278 276 277 1495
8209 4 2 1 1 1264 903 1353 1838
8210 4 2 1 1 92 1962 32 1923
8211 4 2 1 1 689 1060 1666 1206
8212 4 2 1 1 276 297 253 704
8213 4 2 1 1 734 1452 1653 673
8214 4 2 1 1 610 1624 1580 1787
8215 4 2 1 1 949 1428 1624 1737
8216 4 2 1 1 1007 1637 1225 1693
8217 4 2 1 1 1225 1639 1300 716
8218 4 2 1 1 50 1036 184 1917
8219 4 2 1 1 1077 1128 901 1878
8220 4 2 1 1 319 316 325 1476
8221 4 2 1 1 526 456 405 1453
8222 4 2 1 1 852 1371 791 748
8223 4 2 1 1 1877 147 181 172
8224 4 2 1 1 748 1490 1214 1570
8225 4 2 1 1 49 48 170 1924
8226 4 2 1 1 1585 872 1239 1586
8227 4 2 1 1 1057 1543 1364 831
8228 4 2 1 1 747 1364 1543 831
8229 4 2 1 1 1128 1699 1477 1077
8230 4 2 1 1 677 1081 940 1115
8231 4 2 1 1 26 93 128 1014
8232 4 2 1 1 1081 1331 718 1505
8233 4 2 1 1 1183 1332 1008 1889
8234 4 2 1 1 550 511 567 1822
8235 4 2 1 1 1044 1541 1407 1879
8236 4 2 1 1 1597 1958 1869 1614
8237 4 2 1 1 840 1296 1508 1138
8238 4 2 1 1 1109 670 1356 1643
8239 4 2 1 1 1305 1322 857 1876
8240 4 2 1 1 88 140 878 1754
8241 4 2 1 1 177 55 1927 141
8242 4 2 1 1 1015 1362 812 1512
8243 4 2 1 1 530 506 476 1353
8244 4 2 1 1 1445 1299 814 1657
8245 4 2 1 1 1975 113 1074 129
8246 4 2 1 1 282 300 1059 1248
8247 4 2 1 1 1832 986 261 1614
8248 4 2 1 1 670 1225 1300 1784
8249 4 2 1 1 742 1645 1139 1874
8250 4 2 1 1 748 1266 1442 1490
8251 4 2 1 1 1928 75 74 252
8252 4 2 1 1 479 1106 453 1305
8253 4 2 1 1 399 543 544 1649
8254 4 2 1 1 423 434 422 1547
8255 4 2 1 1 1946 594 1067 485
8256 4 2 1 1 548 464 1301 1739
8257 4 2 1 1 438 439 430 1264
8258 4 2 1 1 1509 1873 1846 736
8259 4 2 1 1 507 475 527 1796
8260 4 2 1 1 263 1235 929 1832
8261 4 2 1 1 392 393 386 1388
8262 4 2 1 1 1322 479 566 579
8263 4 2 1 1 627 1234 1109 1521
8264 4 2 1 1 1313 1318 817 1561
8265 4 2 1 1 1313 817 1318 928
8266 4 2 1 1 789 1474 1402 1108
8267 4 2 1 1 1509 1873 736 1073
8268 4 2 1 1 726 959 946 1383
8269 4 2 1 1 1402 1474 789 652
8270 4 2 1 1 197 1963 226 62
8271 4 2 1 1 871 1296 1720 1875
8272 4 2 1 1 1123 1453 786 1910
8273 4 2 1 1 877 1134 1607 1594
8274 4 2 1 1 632 1522 1498 1893
8275 4 2 1 1 817 928 1019 1506
8276 4 2 1 1 779 1642 1423 1236
8277 4 2 1 1 241 1073 218 219
8278 4 2 1 1 1268 1421 920 1670
8279 4 2 1 1 267 265 269 1412
8280 4 2 1 1 859 1069 1822 1823
8281 4 2 1 1 556 470 570 1510
8282 4 2 1 1 487 723 1672 1434
8283 4 2 1 1 498 513 440 1161
8284 4 2 1 1 597 1686 967 1687
8285 4 2 1 1 1316 1502 717 1582
8286 4 2 1 1 417 418 414 1834
8287 4 2 1 1 1145 1593 994 656
8288 4 2 1 1 657 1535 1444 1886
8289 4 2 1 1 618 811 1575 1635
8290 4 2 1 1 800 999 1465 1563
8291 4 2 1 1 809 1749 1075 1809
8292 4 2 1 1 951 1480 1623 1794
8293 4 2 1 1 635 1345 1165 1902
8294 4 2 1 1 1535 1886 687 1892
8295 4 2 1 1 1423 673 1652 1653
8296 4 2 1 1 707 1192 1169 1921
8297 4 2 1 1 706 1369 1328 1835
8298 4 2 1 1 662 946 1553 1852
8299 4 2 1 1 986 1111 767 1614
8300 4 2 1 1 1335 1762 993 1909
8301 4 2 1 1 154 153 1300 1785
8302 4 2 1 1 620 1192 1355 1449
8303 4 2 1 1 1737 697 975 1175
8304 4 2 1 1 462 461 555 1518
8305 4 2 1 1 1737 975 697 1428
8306 4 2 1 1 740 1167 911 1433
8307 4 2 1 1 1955 1146 145 1386
8308 4 2 1 1 540 531 375 1399
8309 4 2 1 1 671 1773 1696 1856
8310 4 2 1 1 1149 873 1706 1776
8311 4 2 1 1 1828 1706 1025 1776
8312 4 2 1 1 815 1762 1335 1909
8313 4 2 1 1 1950 133 1980 1067
8314 4 2 1 1 940 1081 677 1667
8315 4 2 1 1 441 1504 458 1912
8316 4 2 1 1 624 1097 1743 1748
8317 4 2 1 1 266 1681 758 1795
8318 4 2 1 1 1754 1282 1646 740
8319 4 2 1 1 866 1817 1562 1888
8320 4 2 1 1 339 342 329 1851
8321 4 2 1 1 296 273 283 893
8322 4 2 1 1 796 927 1388 1867
8323 4 2 1 1 859 1053 1798 1823
8324 4 2 1 1 142 165 1947 947
8325 4 2 1 1 1754 1282 740 140
8326 4 2 1 1 792 1618 1581 1032
8327 4 2 1 1 898 729 1457 1588
8328 4 2 1 1 1359 1814 828 958
8329 4 2 1 1 475 415 1367 1796
8330 4 2 1 1 1382 1420 783 1730
8331 4 2 1 1 901 1571 1466 1590
8332 4 2 1 1 194 1036 1104 1357
8333 4 2 1 1 435 945 1704 1705
8334 4 2 1 1 281 1928 252 75
8335 4 2 1 1 647 1148 1030 1471
8336 4 2 1 1 241 1073 1881 218
8337 4 2 1 1 431 1480 490 1623
8338 4 2 1 1 707 1602 1366 1904
8339 4 2 1 1 235 216 911 1426
8340 4 2 1 1 429 415 416 1367
8341 4 2 1 1 534 446 457 1777
8342 4 2 1 1 938 1813 937 1851
8343 4 2 1 1 224 1186 1466 1626
8344 4 2 1 1 485 571 484 1069
8345 4 2 1 1 207 201 206 1807
8346 4 2 1 1 804 1459 1047 1598
8347 4 2 1 1 1100 1382 668 902
8348 4 2 1 1 1283 1476 678 1667
8349 4 2 1 1 705 1332 1182 1889
8350 4 2 1 1 665 1015 892 939
8351 4 2 1 1 988 618 1389 1635
8352 4 2 1 1 655 1800 1650 884
8353 4 2 1 1 901 1128 1077 1651
8354 4 2 1 1 309 1979 55 1927
8355 4 2 1 1 1317 1458 688 1838
8356 4 2 1 1 1657 1468 1179 807
8357 4 2 1 1 736 1016 1509 1652
8358 4 2 1 1 1733 1911 981 1913
8359 4 2 1 1 117 118 1462 1633
8360 4 2 1 1 321 322 324 795
8361 4 2 1 1 373 372 371 1520
8362 4 2 1 1 91 113 1074 1629
8363 4 2 1 1 272 304 1553 274
8364 4 2 1 1 946 1383 959 1553
8365 4 2 1 1 102 1325 1558 1790
8366 4 2 1 1 792 1534 1618 1032
8367 4 2 1 1 366 484 495 1477
8368 4 2 1 1 118 96 1462 1558
8369 4 2 1 1 142 186 1540 174
8370 4 2 1 1 1657 1179 1468 1289
8371 4 2 1 1 1950 90 1067 1186
8372 4 2 1 1 1091 1678 739 1689
8373 4 2 1 1 880 1673 1650 1887
8374 4 2 1 1 439 530 430 1757
8375 4 2 1 1 412 512 416 1450
8376 4 2 1 1 559 1435 353 560
8377 4 2 1 1 1197 838 1129 1736
8378 4 2 1 1 210 1351 1163 821
8379 4 2 1 1 487 723 1434 1860
8380 4 2 1 1 1942 332 338 1660
8381 4 2 1 1 85 120 139 1402
8382 4 2 1 1 738 1290 1443 1743
8383 4 2 1 1 738 1743 1308 884
8384 4 2 1 1 973 612 1294 1751
8385 4 2 1 1 1256 866 1562 1768
8386 4 2 1 1 1068 1526 851 1608
8387 4 2 1 1 634 1285 1200 1868
8388 4 2 1 1 143 50 1924 1036
8389 4 2 1 1 638 1224 1409 1516
8390 4 2 1 1 150 882 1869 149
8391 4 2 1 1 789 1010 1258 1474
8392 4 2 1 1 1540 1729 836 1853
8393 4 2 1 1 498 591 1161 1386
8394 4 2 1 1 843 1235 929 1816
8395 4 2 1 1 48 170 1929 181
8396 4 2 1 1 207 931 220 1117
8397 4 2 1 1 604 1731 1604 1226
8398 4 2 1 1 1718 1902 1857 832
8399 4 2 1 1 1948 1088 585 1860
8400 4 2 1 1 814 1299 1347 1657
8401 4 2 1 1 579 488 983 1714
8402 4 2 1 1 846 1058 1689 1772
8403 4 2 1 1 184 194 164 1357
8404 4 2 1 1 774 1320 1086 1841
8405 4 2 1 1 906 1634 1310 1842
8406 4 2 1 1 161 1008 1591 1804
8407 4 2 1 1 234 225 227 1092
8408 4 2 1 1 812 1512 1150 1575
8409 4 2 1 1 1948 1807 201 976
8410 4 2 1 1 872 1243 1244 1803
8411 4 2 1 1 648 1030 1745 1746
8412 4 2 1 1 1198 1254 898 1588
8413 4 2 1 1 913 1157 1564 1565
8414 4 2 1 1 517 469 504 1772
8415 4 2 1 1 1053 1054 130 1153
8416 4 2 1 1 842 1294 612 1751
8417 4 2 1 1 1007 1637 647 1638
8418 4 2 1 1 741 1224 1552 1726
8419 4 2 1 1 173 1386 145 1627
8420 4 2 1 1 856 799 1415 1915
8421 4 2 1 1 104 105 101 826
8422 4 2 1 1 154 1300 155 1415
8423 4 2 1 1 1496 1819 1797 846
8424 4 2 1 1 1975 113 129 126
8425 4 2 1 1 721 1581 1159 1803
8426 4 2 1 1 1039 1240 1672 1837
8427 4 2 1 1 1972 34 6 191
8428 4 2 1 1 1069 1228 639 1798
8429 4 2 1 1 1587 1721 766 1862
8430 4 2 1 1 972 1721 1587 1862
8431 4 2 1 1 1095 1721 972 1862
8432 4 2 1 1 286 73 74 1410
8433 4 2 1 1 1604 1731 604 1154
8434 4 2 1 1 127 1372 105 1402
8435 4 2 1 1 1015 968 1647 665
8436 4 2 1 1 178 1924 143 170
8437 4 2 1 1 659 1674 1136 1719
8438 4 2 1 1 367 1699 366 1781
8439 4 2 1 1 844 1111 843 1832
8440 4 2 1 1 521 442 548 1839
8441 4 2 1 1 895 1618 1534 1032
8442 4 2 1 1 178 1924 170 1248
8443 4 2 1 1 1306 309 317 316
8444 4 2 1 1 319 318 316 1306
8445 4 2 1 1 1926 968 298 1014
8446 4 2 1 1 1926 87 25 1978
8447 4 2 1 1 940 759 1147 1617
8448 4 2 1 1 233 1653 1452 1423
8449 4 2 1 1 1288 1503 770 1673
8450 4 2 1 1 885 1156 1313 1800
8451 4 2 1 1 623 1670 920 1671
8452 4 2 1 1 1336 1761 636 1762
8453 4 2 1 1 1093 1386 1146 1779
8454 4 2 1 1 266 1126 268 1795
8455 4 2 1 1 1428 1524 975 1755
8456 4 2 1 1 1957 86 1053 109
8457 4 2 1 1 275 986 1358 1917
8458 4 2 1 1 1128 1651 671 1856
8459 4 2 1 1 1075 1527 1024 667
8460 4 2 1 1 1632 838 784 1736
8461 4 2 1 1 783 754 902 1382
8462 4 2 1 1 152 145 1521 1627
8463 4 2 1 1 467 549 434 1122
8464 4 2 1 1 637 1267 1740 1855
8465 4 2 1 1 686 973 1708 1751
8466 4 2 1 1 614 804 1599 1236
8467 4 2 1 1 275 306 294 1358
8468 4 2 1 1 1658 1697 1286 1595
8469 4 2 1 1 485 494 594 1067
8470 4 2 1 1 576 1305 1876 479
8471 4 2 1 1 866 1562 1262 1569
8472 4 2 1 1 1147 1667 899 678
8473 4 2 1 1 177 1942 148 1660
8474 4 2 1 1 786 1114 1527 1368
8475 4 2 1 1 226 1930 203 63
8476 4 2 1 1 586 1518 555 981
8477 4 2 1 1 266 1125 267 1126
8478 4 2 1 1 872 944 1765 1803
8479 4 2 1 1 1027 1828 1583 1829
8480 4 2 1 1 909 1886 1535 1892
8481 4 2 1 1 560 1411 1435 1556
8482 4 2 1 1 758 1126 1438 1595
8483 4 2 1 1 1147 899 1667 940
8484 4 2 1 1 703 943 1642 1907
8485 4 2 1 1 671 933 1251 1158
8486 4 2 1 1 291 306 275 863
8487 4 2 1 1 902 1682 1670 1789
8488 4 2 1 1 1327 1863 801 1905
8489 4 2 1 1 213 217 1273 1653
8490 4 2 1 1 671 933 1158 888
8491 4 2 1 1 274 273 893 1553
8492 4 2 1 1 1162 1544 1163 732
8493 4 2 1 1 1230 1473 1084 753
8494 4 2 1 1 165 947 905 1811
8495 4 2 1 1 878 1252 1187 1646
8496 4 2 1 1 1238 1654 781 1655
8497 4 2 1 1 437 436 419 1810
8498 4 2 1 1 1084 1473 1230 1010
8499 4 2 1 1 1308 1743 880 884
8500 4 2 1 1 788 1119 1606 1344
8501 4 2 1 1 52 1959 1869 187
8502 4 2 1 1 820 1446 989 1517
8503 4 2 1 1 693 1441 993 1889
8504 4 2 1 1 591 356 502 836
8505 4 2 1 1 271 290 273 1783
8506 4 2 1 1 475 415 429 1367
8507 4 2 1 1 1960 222 1067 1077
8508 4 2 1 1 909 1546 907 1886
8509 4 2 1 1 1109 1291 882 1573
8510 4 2 1 1 239 37 199 991
8511 4 2 1 1 107 121 85 1259
8512 4 2 1 1 529 532 455 1809
8513 4 2 1 1 545 597 967 1687
8514 4 2 1 1 182 169 185 1871
8515 4 2 1 1 999 1563 800 1692
8516 4 2 1 1 360 483 366 1077
8517 4 2 1 1 548 1152 486 1899
8518 4 2 1 1 278 806 257 1014
8519 4 2 1 1 583 947 538 1729
8520 4 2 1 1 1341 539 554 1613
8521 4 2 1 1 803 1110 1702 1812
8522 4 2 1 1 1026 1481 943 1660
8523 4 2 1 1 148 1481 163 1660
8524 4 2 1 1 739 1690 1689 1772
8525 4 2 1 1 892 1362 1015 1512
8526 4 2 1 1 355 19 480 1511
8527 4 2 1 1 607 1478 1349 1196
8528 4 2 1 1 818 1680 1286 1595
8529 4 2 1 1 464 420 521 1301
8530 4 2 1 1 1170 948 1685 1133
8531 4 2 1 1 671 1177 1571 1696
8532 4 2 1 1 121 1967 30 85
8533 4 2 1 1 858 1329 1275 1893
8534 4 2 1 1 552 1614 767 1705
8535 4 2 1 1 151 882 164 1109
8536 4 2 1 1 671 1576 1773 1856
8537 4 2 1 1 547 368 370 1395
8538 4 2 1 1 288 282 300 1059
8539 4 2 1 1 1068 1526 1868 851
8540 4 2 1 1 515 1772 418 469
8541 4 2 1 1 121 1967 85 1259
8542 4 2 1 1 980 1743 1271 1887
8543 4 2 1 1 817 124 138 122
8544 4 2 1 1 852 1279 1422 791
8545 4 2 1 1 866 1677 1262 1768
8546 4 2 1 1 1944 88 132 878
8547 4 2 1 1 840 1331 656 1531
8548 4 2 1 1 1626 1944 1186 878
8549 4 2 1 1 825 1187 1134 1252
8550 4 2 1 1 88 878 1944 1754
8551 4 2 1 1 856 157 1008 1404
8552 4 2 1 1 619 1256 1562 1768
8553 4 2 1 1 496 495 484 1477
8554 4 2 1 1 1785 174 1627 1628
8555 4 2 1 1 1148 1745 1030 1746
8556 4 2 1 1 123 119 112 1252
8557 4 2 1 1 1345 665 939 1647
8558 4 2 1 1 909 1261 1659 702
8559 4 2 1 1 815 1192 703 1599
8560 4 2 1 1 747 1543 1364 1211
8561 4 2 1 1 783 1382 1730 652
8562 4 2 1 1 211 821 209 820
8563 4 2 1 1 221 1932 67 198
8564 4 2 1 1 1390 1813 1389 652
8565 4 2 1 1 1167 1594 1197 1735
8566 4 2 1 1 1275 1329 886 1893
8567 4 2 1 1 453 472 479 1305
8568 4 2 1 1 1314 1332 799 1818
8569 4 2 1 1 166 1938 1216 189
8570 4 2 1 1 242 1774 1158 214
8571 4 2 1 1 588 981 976 1854
8572 4 2 1 1 662 956 1249 1852
8573 4 2 1 1 142 1933 1729 43
8574 4 2 1 1 1307 1367 801 1792
8575 4 2 1 1 1553 662 937 1330
8576 4 2 1 1 177 148 163 1660
8577 4 2 1 1 1521 1627 1785 152
8578 4 2 1 1 754 1020 1218 1845
8579 4 2 1 1 637 1085 1740 1862
8580 4 2 1 1 851 1526 1132 1703
8581 4 2 1 1 1911 837 981 1806
8582 4 2 1 1 1100 754 1382 902
8583 4 2 1 1 1946 133 110 1067
8584 4 2 1 1 1054 961 1185 1619
8585 4 2 1 1 945 1484 1547 1700
8586 4 2 1 1 747 831 1543 1712
8587 4 2 1 1 1907 1909 1026 1306
8588 4 2 1 1 437 509 510 1810
8589 4 2 1 1 974 1431 1589 608
8590 4 2 1 1 398 891 564 1501
8591 4 2 1 1 1215 1546 842 1816
8592 4 2 1 1 1073 1433 669 1509
8593 4 2 1 1 61 62 1925 197
8594 4 2 1 1 1082 905 1811 629
8595 4 2 1 1 404 521 420 1885
8596 4 2 1 1 442 486 1152 1672
8597 4 2 1 1 772 1188 1628 1858
8598 4 2 1 1 672 1296 1061 1536
8599 4 2 1 1 314 351 338 1529
8600 4 2 1 1 800 1426 1626 1775
8601 4 2 1 1 325 345 798 330
8602 4 2 1 1 653 1609 1430 880
8603 4 2 1 1 761 1468 1299 1190
8604 4 2 1 1 693 993 1335 1889
8605 4 2 1 1 130 1054 102 1558
8606 4 2 1 1 1304 1049 801 1796
8607 4 2 1 1 710 956 1019 1813
8608 4 2 1 1 281 1934 76 258
8609 4 2 1 1 1258 1509 789 1846
8610 4 2 1 1 1232 698 925 1132
8611 4 2 1 1 1682 1254 1701 1588
8612 4 2 1 1 194 1036 178 1104
8613 4 2 1 1 398 891 1501 894
8614 4 2 1 1 459 519 541 1882
8615 4 2 1 1 742 1676 1645 1874
8616 4 2 1 1 956 1389 1019 1813
8617 4 2 1 1 1135 1841 1694 1916
8618 4 2 1 1 346 308 74 1410
8619 4 2 1 1 1090 1496 628 1797
8620 4 2 1 1 679 1263 1465 1920
8621 4 2 1 1 1015 1506 892 1512
8622 4 2 1 1 675 1373 1365 1836
8623 4 2 1 1 1156 1313 655 1503
8624 4 2 1 1 908 813 1253 1620
8625 4 2 1 1 419 436 418 1448
8626 4 2 1 1 130 1054 1053 1883
8627 4 2 1 1 1306 309 316 1283
8628 4 2 1 1 947 1082 905 1811
8629 4 2 1 1 357 485 16 1823
8630 4 2 1 1 1799 608 957 1032
8631 4 2 1 1 1059 798 1248 1505
8632 4 2 1 1 1324 1440 630 1487
8633 4 2 1 1 1929 1924 1248 170
8634 4 2 1 1 165 186 905 947
8635 4 2 1 1 345 319 325 1476
8636 4 2 1 1 749 278 934 305
8637 4 2 1 1 1850 1355 795 1219
8638 4 2 1 1 429 416 430 1757
8639 4 2 1 1 616 1683 1583 1891
8640 4 2 1 1 652 1402 1390 1827
8641 4 2 1 1 1561 663 885 1318
8642 4 2 1 1 740 106 113 140
8643 4 2 1 1 820 1210 989 1446
8644 4 2 1 1 821 1351 1350 1396
8645 4 2 1 1 35 1871 182 185
8646 4 2 1 1 1073 217 249 1653
8647 4 2 1 1 729 1218 1217 1682
8648 4 2 1 1 996 1778 1697 1595
8649 4 2 1 1 1493 1717 1475 1201
8650 4 2 1 1 1493 1475 1717 1042
8651 4 2 1 1 1444 1125 709 1535
8652 4 2 1 1 99 97 1156 1313
8653 4 2 1 1 447 1223 463 1777
8654 4 2 1 1 88 140 123 878
8655 4 2 1 1 961 1590 1185 1619
8656 4 2 1 1 972 1721 1095 1764
8657 4 2 1 1 1047 1662 1459 804
8658 4 2 1 1 193 1148 1030 1746
8659 4 2 1 1 372 374 542 1634
8660 4 2 1 1 1005 1509 1016 1652
8661 4 2 1 1 771 1373 1365 1446
8662 4 2 1 1 843 681 1160 986
8663 4 2 1 1 1283 57 147 171
8664 4 2 1 1 675 1210 1365 1446
8665 4 2 1 1 634 1868 1526 851
8666 4 2 1 1 1843 1253 1323 917
8667 4 2 1 1 657 1621 1444 1680
8668 4 2 1 1 299 277 1970 806
8669 4 2 1 1 1718 1902 832 1269
8670 4 2 1 1 931 648 1763 1788
8671 4 2 1 1 570 1511 1510 1630
8672 4 2 1 1 1266 1490 748 1570
8673 4 2 1 1 91 1931 29 121
8674 4 2 1 1 99 100 101 1503
8675 4 2 1 1 800 1048 900 1605
8676 4 2 1 1 1599 1550 1192 703
8677 4 2 1 1 1328 1369 810 1835
8678 4 2 1 1 443 442 441 1672
8679 4 2 1 1 1073 249 217 219
8680 4 2 1 1 895 1577 1534 1618
8681 4 2 1 1 1100 1230 754 902
8682 4 2 1 1 265 264 929 1681
8683 4 2 1 1 493 504 846 1633
8684 4 2 1 1 1459 1192 707 1921
8685 4 2 1 1 210 821 211 1351
8686 4 2 1 1 495 1612 581 1781
8687 4 2 1 1 641 1245 1120 1861
8688 4 2 1 1 1445 1473 1190 1735
8689 4 2 1 1 709 1125 1412 1535
8690 4 2 1 1 1682 1701 1254 623
8691 4 2 1 1 560 1435 474 1704
8692 4 2 1 1 1878 366 1477 484
8693 4 2 1 1 634 1526 1132 851
8694 4 2 1 1 1481 752 162 1804
8695 4 2 1 1 1951 229 1654 1854
8696 4 2 1 1 640 1808 698 1232
8697 4 2 1 1 781 1251 1651 1699
8698 4 2 1 1 1020 729 1218 1355
8699 4 2 1 1 710 1019 893 1537
8700 4 2 1 1 1366 1602 1099 1904
8701 4 2 1 1 564 520 398 1501
8702 4 2 1 1 1843 1323 1253 908
8703 4 2 1 1 852 1442 1371 748
8704 4 2 1 1 867 1503 1288 1668
8705 4 2 1 1 1745 1559 647 785
8706 4 2 1 1 876 1154 1731 1734
8707 4 2 1 1 1563 1465 1466 778
8708 4 2 1 1 796 1172 1634 1906
8709 4 2 1 1 1103 1637 1229 831
8710 4 2 1 1 1643 1843 1356 1138
8711 4 2 1 1 1275 1498 858 1893
8712 4 2 1 1 1911 837 1806 995
8713 4 2 1 1 356 836 591 1386
8714 4 2 1 1 1418 1514 866 1888
8715 4 2 1 1 1808 1130 894 891
8716 4 2 1 1 805 927 1227 1865
8717 4 2 1 1 585 482 584 1088
8718 4 2 1 1 859 1069 1228 1918
8719 4 2 1 1 166 905 167 1746
8720 4 2 1 1 540 541 519 1753
8721 4 2 1 1 197 1963 62 1925
8722 4 2 1 1 1392 726 959 1829
8723 4 2 1 1 1504 1912 1039 874
8724 4 2 1 1 518 1456 519 1882
8725 4 2 1 1 142 1933 43 173
8726 4 2 1 1 1563 1466 1465 800
8727 4 2 1 1 1416 1900 1532 1006
8728 4 2 1 1 1428 1737 949 1900
8729 4 2 1 1 697 1737 1428 1900
8730 4 2 1 1 677 1404 1115 1441
8731 4 2 1 1 1363 1499 935 1870
8732 4 2 1 1 1237 367 365 368
8733 4 2 1 1 391 396 397 1732
8734 4 2 1 1 1806 1545 1807 630
8735 4 2 1 1 550 1822 567 846
8736 4 2 1 1 649 1397 1094 1417
8737 4 2 1 1 525 516 527 1304
8738 4 2 1 1 1420 1421 783 1730
8739 4 2 1 1 1053 1961 86 1957
8740 4 2 1 1 96 1406 97 1585
8741 4 2 1 1 879 651 1500 1664
8742 4 2 1 1 523 536 395 1867
8743 4 2 1 1 94 93 131 1239
8744 4 2 1 1 891 1501 894 1808
8745 4 2 1 1 838 1736 1197 1775
8746 4 2 1 1 741 1552 1302 1726
8747 4 2 1 1 1122 1596 767 1780
8748 4 2 1 1 1562 1817 826 1888
8749 4 2 1 1 1134 825 1569 1594
8750 4 2 1 1 657 1125 1444 1535
8751 4 2 1 1 1002 1812 1567 1905
8752 4 2 1 1 1532 1900 1416 633
8753 4 2 1 1 818 1697 1408 1778
8754 4 2 1 1 1408 1697 869 1778
8755 4 2 1 1 656 1697 1408 1875
8756 4 2 1 1 109 1053 1957 1823
8757 4 2 1 1 44 43 1933 173
8758 4 2 1 1 1217 1457 729 1588
8759 4 2 1 1 1878 1960 483 494
8760 4 2 1 1 442 443 486 1672
8761 4 2 1 1 481 584 482 1088
8762 4 2 1 1 1040 1298 886 1831
8763 4 2 1 1 1148 1471 647 1555
8764 4 2 1 1 1365 1373 675 1446
8765 4 2 1 1 26 298 257 1014
8766 4 2 1 1 356 43 500 1729
8767 4 2 1 1 928 817 1318 1506
8768 4 2 1 1 703 815 1599 1909
8769 4 2 1 1 267 1125 265 1412
8770 4 2 1 1 155 157 156 1415
8771 4 2 1 1 732 1048 900 1348
8772 4 2 1 1 209 1163 821 210
8773 4 2 1 1 1301 714 1174 1885
8774 4 2 1 1 792 1581 1285 1032
8775 4 2 1 1 755 1303 1189 1724
8776 4 2 1 1 986 1291 882 1869
8777 4 2 1 1 305 749 279 1648
8778 4 2 1 1 912 996 1486 726
8779 4 2 1 1 296 1537 259 1691
8780 4 2 1 1 647 1471 1029 1638
8781 4 2 1 1 1040 886 1298 632
8782 4 2 1 1 1950 133 1067 90
8783 4 2 1 1 873 1601 1400 1776
8784 4 2 1 1 598 1237 592 1840
8785 4 2 1 1 286 74 252 1410
8786 4 2 1 1 766 1482 1587 1616
8787 4 2 1 1 1955 150 45 145
8788 4 2 1 1 19 89 1937 1511
8789 4 2 1 1 1167 1276 740 1425
8790 4 2 1 1 683 1284 987 1919
8791 4 2 1 1 634 1250 1285 1868
8792 4 2 1 1 1893 886 1298 1831
8793 4 2 1 1 532 529 475 1809
8794 4 2 1 1 872 1244 1159 1803
8795 4 2 1 1 1221 1430 827 1744
8796 4 2 1 1 980 1118 683 1668
8797 4 2 1 1 687 1412 1209 1695
8798 4 2 1 1 401 1174 420 460
8799 4 2 1 1 1106 1470 1411 1708
8800 4 2 1 1 693 943 1481 1711
8801 4 2 1 1 1288 770 1430 1673
8802 4 2 1 1 1173 1630 1245 1690
8803 4 2 1 1 232 1273 216 1426
8804 4 2 1 1 905 1745 1148 1746
8805 4 2 1 1 664 1801 896 1585
8806 4 2 1 1 559 1437 1470 505
8807 4 2 1 1 98 100 99 1503
8808 4 2 1 1 679 1619 1263 1920
8809 4 2 1 1 560 1556 1435 1704
8810 4 2 1 1 275 1681 1160 264
8811 4 2 1 1 137 1883 130 111
8812 4 2 1 1 1286 1697 818 1595
8813 4 2 1 1 657 1444 1621 907
8814 4 2 1 1 854 1363 1856 1870
8815 4 2 1 1 885 1318 1313 1561
8816 4 2 1 1 740 1276 1167 1433
8817 4 2 1 1 457 463 1525 1777
8818 4 2 1 1 172 178 170 1877
8819 4 2 1 1 873 1400 1706 1776
8820 4 2 1 1 1262 1677 814 1768
8821 4 2 1 1 106 1282 740 1629
8822 4 2 1 1 448 501 449 1243
8823 4 2 1 1 1388 1867 386 1906
8824 4 2 1 1 265 266 264 1681
8825 4 2 1 1 675 1170 1566 1836
8826 4 2 1 1 1173 1690 739 1772
8827 4 2 1 1 37 188 991 1788
8828 4 2 1 1 712 1513 1387 1717
8829 4 2 1 1 1008 183 161 1591
8830 4 2 1 1 244 1960 222 1067
8831 4 2 1 1 1788 1763 1746 648
8832 4 2 1 1 266 270 291 1795
8833 4 2 1 1 519 518 524 1456
8834 4 2 1 1 220 1112 209 1117
8835 4 2 1 1 819 1027 1583 1829
8836 4 2 1 1 884 1800 1799 957
8837 4 2 1 1 278 806 1495 277
8838 4 2 1 1 1217 919 1588 1682
8839 4 2 1 1 672 1356 1138 1357
8840 4 2 1 1 450 452 478 1361
8841 4 2 1 1 463 1525 1223 1729
8842 4 2 1 1 154 1300 1415 1639
8843 4 2 1 1 848 1549 1458 1805
8844 4 2 1 1 654 1252 1134 1920
8845 4 2 1 1 935 1856 1363 1870
8846 4 2 1 1 1893 1298 886 632
8847 4 2 1 1 783 1389 956 1813
8848 4 2 1 1 86 1053 130 1153
8849 4 2 1 1 224 223 250 1774
8850 4 2 1 1 150 882 149 151
8851 4 2 1 1 320 319 328 1078
8852 4 2 1 1 1263 877 1488 1465
8853 4 2 1 1 213 215 1452 1890
8854 4 2 1 1 157 1008 161 160
8855 4 2 1 1 1952 1971 1691 134
8856 4 2 1 1 556 427 470 1510
8857 4 2 1 1 1138 1171 840 1709
8858 4 2 1 1 1007 1915 1225 799
8859 4 2 1 1 1555 1628 158 1639
8860 4 2 1 1 1218 1355 1449 1845
8861 4 2 1 1 1687 1854 1654 1913
8862 4 2 1 1 159 1319 1270 1404
8863 4 2 1 1 291 270 862 1795
8864 4 2 1 1 102 1054 137 1055
8865 4 2 1 1 834 305 1695 269
8866 4 2 1 1 1106 704 1470 1708
8867 4 2 1 1 1436 884 1260 738
8868 4 2 1 1 617 689 1523 1684
8869 4 2 1 1 241 1975 204 228
8870 4 2 1 1 1094 990 991 752
8871 4 2 1 1 156 157 160 1818
8872 4 2 1 1 201 207 208 1807
8873 4 2 1 1 1561 663 1318 968
8874 4 2 1 1 647 1555 1471 1638
8875 4 2 1 1 827 1430 1609 880
8876 4 2 1 1 1716 389 522 894
8877 4 2 1 1 698 1808 891 1232
8878 4 2 1 1 738 1271 1743 884
8879 4 2 1 1 803 1702 1472 1812
8880 4 2 1 1 495 367 366 1781
8881 4 2 1 1 147 171 172 1877
8882 4 2 1 1 516 391 397 1732
8883 4 2 1 1 113 129 91 1074
8884 4 2 1 1 522 389 1716 385
8885 4 2 1 1 386 1867 536 1906
8886 4 2 1 1 797 1100 1382 1824
8887 4 2 1 1 771 1365 1236 1452
8888 4 2 1 1 741 1516 1224 1726
8889 4 2 1 1 1054 1797 1053 1883
8890 4 2 1 1 1960 65 1980 244
8891 4 2 1 1 1016 1550 804 1642
8892 4 2 1 1 1426 1605 800 1626
8893 4 2 1 1 667 1833 1353 1075
8894 4 2 1 1 746 1031 1583 1683
8895 4 2 1 1 127 101 105 1372
8896 4 2 1 1 786 1504 1151 1910
8897 4 2 1 1 478 499 450 1361
8898 4 2 1 1 910 1510 1173 425
8899 4 2 1 1 1356 1357 1109 1643
8900 4 2 1 1 1302 1625 741 1726
8901 4 2 1 1 1938 189 39 1216
8902 4 2 1 1 1439 1267 1395 906
8903 4 2 1 1 1955 1936 1146 575
8904 4 2 1 1 112 137 111 1185
8905 4 2 1 1 1086 1742 774 1841
8906 4 2 1 1 550 551 471 846
8907 4 2 1 1 867 1514 1288 1744
8908 4 2 1 1 1439 1395 1267 701
8909 4 2 1 1 179 144 991 752
8910 4 2 1 1 163 141 177 1026
8911 4 2 1 1 112 1186 90 132
8912 4 2 1 1 749 1495 278 1014
8913 4 2 1 1 754 1845 1258 1908
8914 4 2 1 1 940 677 1115 1441
8915 4 2 1 1 1074 1846 1433 1873
8916 4 2 1 1 261 1614 256 1832
8917 4 2 1 1 111 90 112 1185
8918 4 2 1 1 882 1358 1357 1573
8919 4 2 1 1 1626 235 911 1426
8920 4 2 1 1 329 328 1410 1851
8921 4 2 1 1 203 237 248 1529
8922 4 2 1 1 614 1335 1334 936
8923 4 2 1 1 1769 310 1259 1827
8924 4 2 1 1 1928 252 74 1410
8925 4 2 1 1 596 549 467 1122
8926 4 2 1 1 1608 1703 1294 687
8927 4 2 1 1 772 1429 1188 1858
8928 4 2 1 1 919 1217 1604 1789
8929 4 2 1 1 770 1205 1430 1673
8930 4 2 1 1 377 380 379 1707
8931 4 2 1 1 1238 1687 1686 1840
8932 4 2 1 1 799 1225 1007 1638
8933 4 2 1 1 1345 1647 1080 1648
8934 4 2 1 1 175 156 1314 1471
8935 4 2 1 1 451 1714 1354 1898
8936 4 2 1 1 1128 1530 1477 1870
8937 4 2 1 1 1608 1294 1703 851
8938 4 2 1 1 52 1959 301 1869
8939 4 2 1 1 1236 1365 673 1452
8940 4 2 1 1 208 1655 229 1854
8941 4 2 1 1 1411 1470 1437 1708
8942 4 2 1 1 572 458 573 1912
8943 4 2 1 1 199 251 991 1094
8944 4 2 1 1 1975 113 126 740
8945 4 2 1 1 785 1052 1745 1592
8946 4 2 1 1 316 309 315 1283
8947 4 2 1 1 1612 1822 1143 1918
8948 4 2 1 1 371 372 370 1520
8949 4 2 1 1 193 168 167 1746
8950 4 2 1 1 1212 1458 1297 848
8951 4 2 1 1 684 1866 1551 1004
8952 4 2 1 1 124 103 122 1313
8953 4 2 1 1 859 1496 1675 1797
8954 4 2 1 1 937 1671 956 1813
8955 4 2 1 1 498 1161 440 1779
8956 4 2 1 1 920 1670 1421 1671
8957 4 2 1 1 91 1931 121 1259
8958 4 2 1 1 1955 1936 575 45
8959 4 2 1 1 826 104 1282 654
8960 4 2 1 1 173 1933 44 1386
8961 4 2 1 1 425 470 427 1510
8962 4 2 1 1 590 1434 487 1672
8963 4 2 1 1 114 1940 24 87
8964 4 2 1 1 200 228 11 1754
8965 4 2 1 1 103 99 101 1066
8966 4 2 1 1 1041 1659 1261 702
8967 4 2 1 1 771 1417 1397 1446
8968 4 2 1 1 535 1504 424 1910
8969 4 2 1 1 282 280 289 1248
8970 4 2 1 1 149 52 51 1917
8971 4 2 1 1 1942 1979 1660 177
8972 4 2 1 1 619 1256 1768 1914
8973 4 2 1 1 614 1598 815 1599
8974 4 2 1 1 882 1357 1109 1573
8975 4 2 1 1 675 1566 1373 1836
8976 4 2 1 1 880 1288 1673 1887
8977 4 2 1 1 767 1614 1111 1705
8978 4 2 1 1 840 718 1331 1531
8979 4 2 1 1 275 1681 264 291
8980 4 2 1 1 559 1437 505 353
8981 4 2 1 1 1029 1314 799 1471
8982 4 2 1 1 703 1550 1246 1642
8983 4 2 1 1 124 885 108 97
8984 4 2 1 1 1297 1458 1212 667
8985 4 2 1 1 1010 1276 1190 1473
8986 4 2 1 1 870 1468 1665 1847
8987 4 2 1 1 761 1665 1468 1847
8988 4 2 1 1 559 1435 560 1411
8989 4 2 1 1 826 1256 1372 1817
8990 4 2 1 1 956 1421 783 1671
8991 4 2 1 1 777 1609 1631 1741
8992 4 2 1 1 317 1026 1306 1907
8993 4 2 1 1 153 1643 1300 1785
8994 4 2 1 1 905 1052 1745 1746
8995 4 2 1 1 671 1651 1251 1856
8996 4 2 1 1 385 384 383 1716
8997 4 2 1 1 1769 310 1827 343
8998 4 2 1 1 665 1791 939 892
8999 4 2 1 1 868 1544 1350 1747
9000 4 2 1 1 288 282 1059 798
9001 4 2 1 1 859 1228 1069 1798
9002 4 2 1 1 705 993 1336 1441
9003 4 2 1 1 1884 987 1328 982
9004 4 2 1 1 462 544 543 1649
9005 4 2 1 1 1824 1880 987 1914
9006 4 2 1 1 317 1660 1026 1907
9007 4 2 1 1 1353 1757 1264 1838
9008 4 2 1 1 1055 1252 119 654
9009 4 2 1 1 1238 1654 1687 1840
9010 4 2 1 1 144 1966 37 991
9011 4 2 1 1 824 1661 1164 1815
9012 4 2 1 1 582 1243 449 501
9013 4 2 1 1 226 1930 63 1963
9014 4 2 1 1 1059 1667 798 1505
9015 4 2 1 1 267 834 287 1783
9016 4 2 1 1 1187 1872 679 878
9017 4 2 1 1 159 157 1319 1404
9018 4 2 1 1 781 1654 1238 1840
9019 4 2 1 1 499 428 450 1584
9020 4 2 1 1 281 1934 258 798
9021 4 2 1 1 1743 884 1271 1887
9022 4 2 1 1 274 273 296 893
9023 4 2 1 1 267 268 1126 1783
9024 4 2 1 1 1228 1675 859 1918
9025 4 2 1 1 614 815 1335 1599
9026 4 2 1 1 787 1285 1250 1868
9027 4 2 1 1 944 1239 872 1765
9028 4 2 1 1 639 1128 1455 1530
9029 4 2 1 1 81 253 284 1437
9030 4 2 1 1 918 856 1415 1915
9031 4 2 1 1 457 447 463 1777
9032 4 2 1 1 275 1358 294 1917
9033 4 2 1 1 37 188 144 991
9034 4 2 1 1 26 1941 93 1014
9035 4 2 1 1 1421 1670 783 1671
9036 4 2 1 1 386 536 1867 395
9037 4 2 1 1 1950 13 14 90
9038 4 2 1 1 693 1711 1481 1804
9039 4 2 1 1 369 1781 367 413
9040 4 2 1 1 154 158 1628 1639
9041 4 2 1 1 1462 1461 769 1406
9042 4 2 1 1 587 555 465 981
9043 4 2 1 1 1884 1328 987 811
9044 4 2 1 1 459 417 518 1882
9045 4 2 1 1 221 1932 198 781
9046 4 2 1 1 576 1305 479 472
9047 4 2 1 1 1703 1751 1257 1708
9048 4 2 1 1 519 524 531 1456
9049 4 2 1 1 819 1254 1198 1701
9050 4 2 1 1 1831 1040 1290 886
9051 4 2 1 1 1596 1779 1146 1780
9052 4 2 1 1 656 1531 1331 1658
9053 4 2 1 1 325 1894 337 311
9054 4 2 1 1 749 1200 1495 1014
9055 4 2 1 1 817 1561 1318 968
9056 4 2 1 1 1831 1290 1040 706
9057 4 2 1 1 797 1474 1100 1914
9058 4 2 1 1 953 1598 1459 1921
9059 4 2 1 1 1489 1740 1267 845
9060 4 2 1 1 1169 1192 815 1921
9061 4 2 1 1 943 1026 1660 1907
9062 4 2 1 1 1552 1895 791 890
9063 4 2 1 1 648 1745 1052 1746
9064 4 2 1 1 1489 1267 1740 763
9065 4 2 1 1 716 1300 1225 1784
9066 4 2 1 1 211 1396 820 1890
9067 4 2 1 1 353 577 560 1435
9068 4 2 1 1 239 251 220 1788
9069 4 2 1 1 809 1757 1353 1838
9070 4 2 1 1 781 1251 1158 1651
9071 4 2 1 1 829 1669 1241 1771
9072 4 2 1 1 1270 1319 1104 1709
9073 4 2 1 1 451 450 449 1354
9074 4 2 1 1 1402 1629 789 1108
9075 4 2 1 1 536 1634 374 1906
9076 4 2 1 1 1156 770 1503 1673
9077 4 2 1 1 867 1066 1503 1668
9078 4 2 1 1 639 1477 1069 1878
9079 4 2 1 1 125 1537 116 1691
9080 4 2 1 1 490 512 549 1480
9081 4 2 1 1 1080 1345 939 1647
9082 4 2 1 1 440 431 490 1623
9083 4 2 1 1 788 1606 1532 1344
9084 4 2 1 1 508 423 411 1700
9085 4 2 1 1 162 160 161 1804
9086 4 2 1 1 905 1745 1052 629
9087 4 2 1 1 148 177 54 1942
9088 4 2 1 1 669 1509 1005 1652
9089 4 2 1 1 850 1596 1122 1780
9090 4 2 1 1 1400 1523 1071 1684
9091 4 2 1 1 1068 1568 934 1608
9092 4 2 1 1 197 233 226 1423
9093 4 2 1 1 655 884 1650 1887
9094 4 2 1 1 740 1074 1433 1881
9095 4 2 1 1 1402 789 1629 1259
9096 4 2 1 1 160 1008 161 1804
9097 4 2 1 1 111 109 962 1883
9098 4 2 1 1 679 1872 1186 878
9099 4 2 1 1 1433 1873 1881 1074
9100 4 2 1 1 834 1209 1412 1695
9101 4 2 1 1 1568 1608 1209 1695
9102 4 2 1 1 158 1471 1148 1555
9103 4 2 1 1 1955 150 145 1146
9104 4 2 1 1 444 433 453 1579
9105 4 2 1 1 843 1235 844 1832
9106 4 2 1 1 1026 176 1591 195
9107 4 2 1 1 278 806 277 257
9108 4 2 1 1 421 441 442 1839
9109 4 2 1 1 931 1763 1216 1788
9110 4 2 1 1 1354 1714 1715 1898
9111 4 2 1 1 789 1433 740 1629
9112 4 2 1 1 233 1653 1423 249
9113 4 2 1 1 277 1943 276 79
9114 4 2 1 1 305 297 934 1695
9115 4 2 1 1 166 905 1746 1434
9116 4 2 1 1 1640 1704 945 1705
9117 4 2 1 1 236 820 1417 1890
9118 4 2 1 1 617 1523 1400 1684
9119 4 2 1 1 616 759 1145 1891
9120 4 2 1 1 1223 836 1729 1853
9121 4 2 1 1 309 317 332 1026
9122 4 2 1 1 637 1740 1142 1862
9123 4 2 1 1 1069 1798 962 1823
9124 4 2 1 1 825 1425 1167 1646
9125 4 2 1 1 381 380 383 1398
9126 4 2 1 1 443 1672 441 1912
9127 4 2 1 1 1203 1791 1204 892
9128 4 2 1 1 753 1473 1445 1880
9129 4 2 1 1 1177 778 1571 1696
9130 4 2 1 1 687 1209 1608 1695
9131 4 2 1 1 244 1960 65 222
9132 4 2 1 1 693 1335 1183 1889
9133 4 2 1 1 1008 1332 1314 1818
9134 4 2 1 1 555 545 462 1518
9135 4 2 1 1 645 1594 1167 1646
9136 4 2 1 1 1022 1592 1745 629
9137 4 2 1 1 498 591 513 1161
9138 4 2 1 1 355 1511 570 1630
9139 4 2 1 1 844 1435 1640 1704
9140 4 2 1 1 388 371 554 1613
9141 4 2 1 1 332 1026 317 1660
9142 4 2 1 1 151 164 153 1109
9143 4 2 1 1 1650 884 880 1887
9144 4 2 1 1 368 592 365 1237
9145 4 2 1 1 312 342 339 1691
9146 4 2 1 1 980 1514 1288 1668
9147 4 2 1 1 1822 1823 567 846
9148 4 2 1 1 665 1015 939 1647
9149 4 2 1 1 231 1945 1873 1965
9150 4 2 1 1 366 360 1077 1699
9151 4 2 1 1 376 536 374 1906
9152 4 2 1 1 1072 1814 1359 794
9153 4 2 1 1 673 1016 804 1236
9154 4 2 1 1 285 929 263 1235
9155 4 2 1 1 857 1354 1714 1715
9156 4 2 1 1 1940 255 283 24
9157 4 2 1 1 468 560 1411 559
9158 4 2 1 1 939 1791 1345 1902
9159 4 2 1 1 618 1150 1512 1575
9160 4 2 1 1 156 799 1471 1639
9161 4 2 1 1 885 1313 1318 1800
9162 4 2 1 1 1080 1648 1647 749
9163 4 2 1 1 132 13 1944 1186
9164 4 2 1 1 97 96 98 1406
9165 4 2 1 1 541 540 388 1753
9166 4 2 1 1 679 1187 1465 1872
9167 4 2 1 1 1240 1434 905 1811
9168 4 2 1 1 1373 1566 1047 1836
9169 4 2 1 1 751 1221 1752 1790
9170 4 2 1 1 885 1156 1799 1801
9171 4 2 1 1 221 223 1077 1774
9172 4 2 1 1 623 919 1670 1682
9173 4 2 1 1 552 1597 767 1614
9174 4 2 1 1 327 1529 338 1660
9175 4 2 1 1 691 1540 1429 1853
9176 4 2 1 1 982 987 1284 1884
9177 4 2 1 1 874 1240 1811 1912
9178 4 2 1 1 289 280 254 1248
9179 4 2 1 1 258 292 282 1894
9180 4 2 1 1 232 1626 224 1605
9181 4 2 1 1 482 1739 465 481
9182 4 2 1 1 1855 1613 1753 897
9183 4 2 1 1 1855 1753 1613 845
9184 4 2 1 1 212 1351 211 1396
9185 4 2 1 1 1401 717 941 974
9186 4 2 1 1 423 422 411 1547
9187 4 2 1 1 1779 1480 1780 850
9188 4 2 1 1 1117 1724 1112 820
9189 4 2 1 1 641 1120 1378 1861
9190 4 2 1 1 195 141 163 1026
9191 4 2 1 1 1703 1751 1708 973
9192 4 2 1 1 231 1945 1965 60
9193 4 2 1 1 562 514 468 1556
9194 4 2 1 1 142 1933 173 1627
9195 4 2 1 1 1034 1432 1784 1859
9196 4 2 1 1 1514 1744 867 1888
9197 4 2 1 1 1059 819 719 798
9198 4 2 1 1 944 1765 1354 1898
9199 4 2 1 1 552 1958 574 1597
9200 4 2 1 1 919 1682 1217 1789
9201 4 2 1 1 115 1390 120 1827
9202 4 2 1 1 284 285 1235 1437
9203 4 2 1 1 490 431 512 1480
9204 4 2 1 1 1026 176 195 141
9205 4 2 1 1 338 327 314 1529
9206 4 2 1 1 1389 1390 1019 1813
9207 4 2 1 1 1614 1291 986 1869
9208 4 2 1 1 1322 1714 857 1876
9209 4 2 1 1 153 155 154 1300
9210 4 2 1 1 154 1300 1639 1785
9211 4 2 1 1 1284 980 1884 1919
9212 4 2 1 1 1138 1709 840 1531
9213 4 2 1 1 487 723 1860 1899
9214 4 2 1 1 859 1675 1143 1918
9215 4 2 1 1 87 138 122 817
9216 4 2 1 1 279 305 278 749
9217 4 2 1 1 828 1669 1528 1771
9218 4 2 1 1 754 1020 1845 1908
9219 4 2 1 1 161 183 195 1591
9220 4 2 1 1 567 1822 571 1823
9221 4 2 1 1 1948 201 206 70
9222 4 2 1 1 1951 201 1854 1969
9223 4 2 1 1 623 919 1682 1701
9224 4 2 1 1 1846 1629 1074 1433
9225 4 2 1 1 288 300 295 1383
9226 4 2 1 1 801 1062 1327 1905
9227 4 2 1 1 817 1318 1015 968
9228 4 2 1 1 452 1714 595 1876
9229 4 2 1 1 1654 1655 733 1854
9230 4 2 1 1 1152 1739 1088 1899
9231 4 2 1 1 647 1637 1555 1638
9232 4 2 1 1 1158 1774 900 214
9233 4 2 1 1 174 154 158 1628
9234 4 2 1 1 620 1449 1355 1845
9235 4 2 1 1 819 1476 719 798
9236 4 2 1 1 804 1192 1459 1598
9237 4 2 1 1 99 97 98 1156
9238 4 2 1 1 80 505 580 1470
9239 4 2 1 1 1029 1471 799 1638
9240 4 2 1 1 518 417 402 1834
9241 4 2 1 1 327 317 326 1907
9242 4 2 1 1 1345 1791 1165 1902
9243 4 2 1 1 1404 1441 677 1591
9244 4 2 1 1 274 272 273 1553
9245 4 2 1 1 1225 716 1638 1639
9246 4 2 1 1 510 509 539 1820
9247 4 2 1 1 1974 350 339 1691
9248 4 2 1 1 483 494 484 1878
9249 4 2 1 1 474 844 577 1705
9250 4 2 1 1 1401 941 717 1316
9251 4 2 1 1 246 1216 206 1860
9252 4 2 1 1 209 1163 210 208
9253 4 2 1 1 400 404 401 1885
9254 4 2 1 1 1878 366 484 483
9255 4 2 1 1 772 1188 1429 1540
9256 4 2 1 1 657 907 1546 1886
9257 4 2 1 1 990 168 179 175
9258 4 2 1 1 44 145 173 1386
9259 4 2 1 1 740 1433 1074 1629
9260 4 2 1 1 616 1147 759 1891
9261 4 2 1 1 1256 1562 866 1817
9262 4 2 1 1 1599 1550 703 1642
9263 4 2 1 1 1764 1615 1274 775
9264 4 2 1 1 1514 1668 683 1817
9265 4 2 1 1 1471 1638 1555 1639
9266 4 2 1 1 110 16 1946 962
9267 4 2 1 1 1764 1274 1615 972
9268 4 2 1 1 231 1945 60 238
9269 4 2 1 1 1330 1829 959 662
9270 4 2 1 1 421 1504 424 441
9271 4 2 1 1 1599 1550 1642 804
9272 4 2 1 1 729 1217 1588 1682
9273 4 2 1 1 318 317 1306 1907
9274 4 2 1 1 740 1425 1282 1646
9275 4 2 1 1 111 962 1185 1883
9276 4 2 1 1 68 229 198 1654
9277 4 2 1 1 789 1769 652 1258
9278 4 2 1 1 1165 1791 1857 1902
9279 4 2 1 1 617 689 1684 1224
9280 4 2 1 1 295 304 288 1383
9281 4 2 1 1 1146 1386 1093 1521
9282 4 2 1 1 198 1654 229 1655
9283 4 2 1 1 703 1642 1246 1907
9284 4 2 1 1 752 1711 1481 1871
9285 4 2 1 1 294 306 254 1036
9286 4 2 1 1 1444 1595 1125 1680
9287 4 2 1 1 166 905 1434 165
9288 4 2 1 1 981 1911 1854 1913
9289 4 2 1 1 1406 1585 896 1801
9290 4 2 1 1 937 956 710 1813
9291 4 2 1 1 706 1610 1326 1831
9292 4 2 1 1 1596 1597 767 1780
9293 4 2 1 1 421 1504 441 1839
9294 4 2 1 1 857 1756 1305 1876
9295 4 2 1 1 800 1626 1466 1872
9296 4 2 1 1 740 1433 911 1881
9297 4 2 1 1 1583 1683 1031 1891
9298 4 2 1 1 679 1055 1619 1920
9299 4 2 1 1 491 498 440 1779
9300 4 2 1 1 145 150 151 1146
9301 4 2 1 1 1960 244 1980 1067
9302 4 2 1 1 261 986 260 1869
9303 4 2 1 1 783 956 1671 1813
9304 4 2 1 1 231 1945 238 1873
9305 4 2 1 1 1429 1712 611 1858
9306 4 2 1 1 619 1880 1473 1914
9307 4 2 1 1 547 370 399 1395
9308 4 2 1 1 1832 261 986 262
9309 4 2 1 1 806 1495 1200 1014
9310 4 2 1 1 158 1471 1555 1639
9311 4 2 1 1 327 338 332 1660
9312 4 2 1 1 663 1560 1080 749
9313 4 2 1 1 521 404 421 1839
9314 4 2 1 1 854 1477 1781 1870
9315 4 2 1 1 146 1216 166 1746
9316 4 2 1 1 275 260 986 1917
9317 4 2 1 1 1427 1830 1076 694
9318 4 2 1 1 148 1942 1529 1660
9319 4 2 1 1 579 595 1714 1876
9320 4 2 1 1 1152 1672 723 1837
9321 4 2 1 1 859 1798 1069 1823
9322 4 2 1 1 279 749 278 1014
9323 4 2 1 1 1176 1677 1896 879
9324 4 2 1 1 901 222 1067 202
9325 4 2 1 1 186 174 158 1628
9326 4 2 1 1 799 1415 156 1818
9327 4 2 1 1 723 1672 1240 1837
9328 4 2 1 1 343 342 331 1827
9329 4 2 1 1 703 1599 943 1909
9330 4 2 1 1 643 1171 1138 1709
9331 4 2 1 1 299 257 277 806
9332 4 2 1 1 1879 1592 1559 1211
9333 4 2 1 1 347 326 1246 1907
9334 4 2 1 1 798 819 1476 1667
9335 4 2 1 1 980 1668 1288 1887
9336 4 2 1 1 639 1128 1477 1878
9337 4 2 1 1 132 90 13 1186
9338 4 2 1 1 634 1250 1868 851
9339 4 2 1 1 388 373 371 1613
9340 4 2 1 1 1769 310 343 344
9341 4 2 1 1 369 1781 413 1341
9342 4 2 1 1 548 486 481 1899
9343 4 2 1 1 136 103 127 849
9344 4 2 1 1 768 1406 1738 1801
9345 4 2 1 1 804 1642 1599 1236
9346 4 2 1 1 1957 86 109 17
9347 4 2 1 1 122 116 114 1537
9348 4 2 1 1 238 1074 241 1873
9349 4 2 1 1 444 454 559 1411
9350 4 2 1 1 1134 1252 1187 1920
9351 4 2 1 1 156 160 1314 1818
9352 4 2 1 1 180 155 153 1643
9353 4 2 1 1 1614 1291 1869 1597
9354 4 2 1 1 237 203 227 1529
9355 4 2 1 1 931 205 220 1788
9356 4 2 1 1 737 1477 1530 1870
9357 4 2 1 1 266 291 1681 1795
9358 4 2 1 1 1354 1765 582 1898
9359 4 2 1 1 537 538 573 1525
9360 4 2 1 1 716 1637 1225 1638
9361 4 2 1 1 610 1428 1624 1787
9362 4 2 1 1 241 1975 228 1881
9363 4 2 1 1 1445 1468 807 1190
9364 4 2 1 1 463 538 1525 1729
9365 4 2 1 1 825 1167 1594 1646
9366 4 2 1 1 246 39 205 1216
9367 4 2 1 1 582 451 449 1354
9368 4 2 1 1 85 30 31 1967
9369 4 2 1 1 1322 1714 983 1715
9370 4 2 1 1 467 596 1122 1780
9371 4 2 1 1 308 329 328 1410
9372 4 2 1 1 1237 1238 1686 1840
9373 4 2 1 1 39 189 146 1216
9374 4 2 1 1 165 41 1947 1811
9375 4 2 1 1 718 840 1709 1531
9376 4 2 1 1 534 535 456 1910
9377 4 2 1 1 262 1160 1832 264
9378 4 2 1 1 166 1938 189 40
9379 4 2 1 1 1312 774 1841 1903
9380 4 2 1 1 859 1797 1228 1798
9381 4 2 1 1 1162 1655 1163 733
9382 4 2 1 1 733 1654 1854 1913
9383 4 2 1 1 1588 1682 919 1701
9384 4 2 1 1 488 983 1714 1898
9385 4 2 1 1 83 261 1958 1614
9386 4 2 1 1 206 1948 71 1860
9387 4 2 1 1 882 1358 986 1917
9388 4 2 1 1 364 589 68 1654
9389 4 2 1 1 856 1332 799 1915
9390 4 2 1 1 673 804 1047 1236
9391 4 2 1 1 1138 1357 1356 1643
9392 4 2 1 1 997 746 1392 1683
9393 4 2 1 1 157 156 1415 1818
9394 4 2 1 1 1334 1598 953 1921
9395 4 2 1 1 568 358 41 1811
9396 4 2 1 1 1677 879 1347 1896
9397 4 2 1 1 489 983 488 1898
9398 4 2 1 1 185 1481 148 1529
9399 4 2 1 1 1347 1677 1896 624
9400 4 2 1 1 716 1300 1784 1785
9401 4 2 1 1 204 241 238 1074
9402 4 2 1 1 710 937 1813 1851
9403 4 2 1 1 551 603 471 846
9404 4 2 1 1 1677 1347 879 1657
9405 4 2 1 1 202 243 13 1186
9406 4 2 1 1 1246 1550 1016 1642
9407 4 2 1 1 1284 1884 987 1919
9408 4 2 1 1 1846 1629 1433 789
9409 4 2 1 1 815 1598 1192 1599
9410 4 2 1 1 1583 1828 746 1829
9411 4 2 1 1 1936 1291 150 1146
9412 4 2 1 1 575 1779 602 1780
9413 4 2 1 1 795 938 1769 1908
9414 4 2 1 1 100 1325 119 654
9415 4 2 1 1 657 1546 1816 1886
9416 4 2 1 1 935 1773 1363 1856
9417 4 2 1 1 764 1627 1188 1628
9418 4 2 1 1 180 1104 159 1319
9419 4 2 1 1 619 1445 1473 1880
9420 4 2 1 1 265 269 1412 1695
9421 4 2 1 1 862 863 1531 1922
9422 4 2 1 1 847 1245 1630 1690
9423 4 2 1 1 869 1778 1486 1224
9424 4 2 1 1 617 1486 1778 1224
9425 4 2 1 1 911 1073 218 1881
9426 4 2 1 1 1218 1449 1230 1845
9427 4 2 1 1 129 1975 126 10
9428 4 2 1 1 1445 1468 1190 1299
9429 4 2 1 1 1335 1599 815 1909
9430 4 2 1 1 789 1108 1276 1474
9431 4 2 1 1 1166 1350 821 1723
9432 4 2 1 1 716 1628 1555 1639
9433 4 2 1 1 43 142 1949 1729
9434 4 2 1 1 239 991 251 1788
9435 4 2 1 1 447 502 569 1223
9436 4 2 1 1 233 1653 249 240
9437 4 2 1 1 1769 310 344 1259
9438 4 2 1 1 619 1425 1276 1735
9439 4 2 1 1 1950 133 90 14
9440 4 2 1 1 949 1624 1428 1787
9441 4 2 1 1 475 507 415 1796
9442 4 2 1 1 125 116 92 1691
9443 4 2 1 1 640 1636 1808 1232
9444 4 2 1 1 1434 1746 1216 1763
9445 4 2 1 1 1094 1397 771 1417
9446 4 2 1 1 856 1332 1008 1818
9447 4 2 1 1 164 882 149 1917
9448 4 2 1 1 1806 1545 630 1487
9449 4 2 1 1 236 1112 1417 820
9450 4 2 1 1 437 419 509 1810
9451 4 2 1 1 1254 1588 1198 1701
9452 4 2 1 1 672 1138 1296 1531
9453 4 2 1 1 272 268 271 1783
9454 4 2 1 1 209 211 210 821
9455 4 2 1 1 622 1694 1841 1916
9456 4 2 1 1 289 862 1248 1922
9457 4 2 1 1 424 458 441 1504
9458 4 2 1 1 1951 201 1969 69
9459 4 2 1 1 515 1772 469 517
9460 4 2 1 1 451 1354 582 1898
9461 4 2 1 1 90 1950 13 1186
9462 4 2 1 1 783 902 754 1020
9463 4 2 1 1 159 1270 192 1404
9464 4 2 1 1 1100 1880 1824 1914
9465 4 2 1 1 799 1225 1638 1639
9466 4 2 1 1 1335 1599 943 1711
9467 4 2 1 1 1943 253 276 80
9468 4 2 1 1 856 1415 799 1818
9469 4 2 1 1 232 212 216 1273
9470 4 2 1 1 859 1143 1822 1918
9471 4 2 1 1 572 441 458 1912
9472 4 2 1 1 456 535 424 1910
9473 4 2 1 1 318 326 317 1907
9474 4 2 1 1 31 85 1967 1827
9475 4 2 1 1 444 559 468 1411
9476 4 2 1 1 857 1714 1322 1715
9477 4 2 1 1 997 1392 746 726
9478 4 2 1 1 1240 1811 905 629
9479 4 2 1 1 153 1521 151 1109
9480 4 2 1 1 289 291 862 1922
9481 4 2 1 1 1149 1828 1027 1829
9482 4 2 1 1 304 295 272 1383
9483 4 2 1 1 398 520 396 1501
9484 4 2 1 1 282 292 280 1248
9485 4 2 1 1 473 435 1700 1704
9486 4 2 1 1 137 1883 111 1185
9487 4 2 1 1 846 1689 1690 1772
9488 4 2 1 1 677 1283 1667 1877
9489 4 2 1 1 1973 191 1529 185
9490 4 2 1 1 716 1555 1637 1638
9491 4 2 1 1 716 1784 1628 1785
9492 4 2 1 1 590 572 573 1912
9493 4 2 1 1 821 1723 1724 820
9494 4 2 1 1 452 450 451 1354
9495 4 2 1 1 115 120 85 1827
9496 4 2 1 1 1930 248 1972 1529
9497 4 2 1 1 316 315 325 1283
9498 4 2 1 1 693 1183 1008 1889
9499 4 2 1 1 1228 1797 961 1798
9500 4 2 1 1 1258 1355 795 1908
9501 4 2 1 1 1434 1763 1216 1860
9502 4 2 1 1 1840 1251 781 1699
9503 4 2 1 1 981 354 587 586
9504 4 2 1 1 457 463 537 1525
9505 4 2 1 1 110 109 16 962
9506 4 2 1 1 216 213 217 1273
9507 4 2 1 1 472 564 576 1756
9508 4 2 1 1 1186 1872 1626 878
9509 4 2 1 1 293 296 259 1691
9510 4 2 1 1 236 251 234 1417
9511 4 2 1 1 334 1846 344 1259
9512 4 2 1 1 298 255 279 968
9513 4 2 1 1 1930 248 1529 203
9514 4 2 1 1 733 1854 1911 1913
9515 4 2 1 1 1190 1473 1276 1735
9516 4 2 1 1 663 1080 1647 749
9517 4 2 1 1 553 487 1434 1860
9518 4 2 1 1 165 42 142 1947
9519 4 2 1 1 1347 1677 624 814
9520 4 2 1 1 144 168 179 991
9521 4 2 1 1 169 163 148 1481
9522 4 2 1 1 106 107 105 1629
9523 4 2 1 1 1529 327 333 779
9524 4 2 1 1 451 452 1354 1714
9525 4 2 1 1 354 1687 1854 1654
9526 4 2 1 1 686 1708 1257 1751
9527 4 2 1 1 867 1288 1514 1668
9528 4 2 1 1 362 563 503 1765
9529 4 2 1 1 435 1704 474 1705
9530 4 2 1 1 300 289 270 862
9531 4 2 1 1 774 1742 1312 1841
9532 4 2 1 1 1942 351 1529 338
9533 4 2 1 1 235 1754 911 1881
9534 4 2 1 1 143 178 194 1036
9535 4 2 1 1 569 463 1223 1729
9536 4 2 1 1 1529 333 327 314
9537 4 2 1 1 240 213 1452 1653
9538 4 2 1 1 1439 1842 1267 906
9539 4 2 1 1 1055 119 1325 654
9540 4 2 1 1 94 1937 89 1586
9541 4 2 1 1 934 1608 1568 1695
9542 4 2 1 1 133 90 110 1067
9543 4 2 1 1 798 1476 1283 1667
9544 4 2 1 1 290 279 968 1648
9545 4 2 1 1 723 1152 1088 1899
9546 4 2 1 1 704 1703 1257 1708
9547 4 2 1 1 206 71 246 1860
9548 4 2 1 1 221 66 1964 1077
9549 4 2 1 1 454 559 1411 1470
9550 4 2 1 1 269 265 285 1695
9551 4 2 1 1 112 88 123 878
9552 4 2 1 1 553 71 363 1860
9553 4 2 1 1 560 473 562 1704
9554 4 2 1 1 736 1509 1073 1652
9555 4 2 1 1 1769 1402 1827 1259
9556 4 2 1 1 1267 1842 1439 763
9557 4 2 1 1 834 305 269 287
9558 4 2 1 1 570 556 1510 1511
9559 4 2 1 1 119 102 1055 1325
9560 4 2 1 1 1941 131 27 93
9561 4 2 1 1 239 199 251 991
9562 4 2 1 1 723 1088 1860 1899
9563 4 2 1 1 934 276 704 297
9564 4 2 1 1 789 1769 1258 1846
9565 4 2 1 1 1069 1822 1612 1918
9566 4 2 1 1 825 1187 1646 1594
9567 4 2 1 1 986 1869 882 1917
9568 4 2 1 1 598 365 592 1237
9569 4 2 1 1 428 448 449 1243
9570 4 2 1 1 617 1778 689 1224
9571 4 2 1 1 705 993 1441 1889
9572 4 2 1 1 710 1019 1390 1813
9573 4 2 1 1 331 31 310 1827
9574 4 2 1 1 100 826 101 867
9575 4 2 1 1 563 489 503 1898
9576 4 2 1 1 693 1335 993 1909
9577 4 2 1 1 111 130 109 1883
9578 4 2 1 1 856 799 1332 1818
9579 4 2 1 1 1822 496 565 571
9580 4 2 1 1 551 357 593 846
9581 4 2 1 1 236 209 1112 820
9582 4 2 1 1 1908 1850 795 938
9583 4 2 1 1 736 1509 1258 1846
9584 4 2 1 1 1459 1598 1192 1921
9585 4 2 1 1 584 363 585 1860
9586 4 2 1 1 166 1938 40 1434
9587 4 2 1 1 833 1165 1791 1857
9588 4 2 1 1 943 779 1642 1907
9589 4 2 1 1 590 573 1811 1912
9590 4 2 1 1 207 220 209 1117
9591 4 2 1 1 645 1646 1187 1594
9592 4 2 1 1 265 267 266 1125
9593 4 2 1 1 218 235 216 911
9594 4 2 1 1 1030 1148 193 1471
9595 4 2 1 1 619 1473 1445 1735
9596 4 2 1 1 413 557 554 1341
9597 4 2 1 1 193 1030 168 1746
9598 4 2 1 1 207 209 208 1117
9599 4 2 1 1 458 424 535 1504
9600 4 2 1 1 167 905 1148 1746
9601 4 2 1 1 398 522 561 894
9602 4 2 1 1 354 1687 1654 589
9603 4 2 1 1 1951 229 68 1654
9604 4 2 1 1 240 245 233 1452
9605 4 2 1 1 1276 1473 1010 1474
9606 4 2 1 1 150 1936 46 1869
9607 4 2 1 1 149 882 1869 1917
9608 4 2 1 1 962 1798 1185 1883
9609 4 2 1 1 1008 183 1591 1404
9610 4 2 1 1 1719 1004 1070 1131
9611 4 2 1 1 443 590 1672 1912
9612 4 2 1 1 799 1415 1225 1639
9613 4 2 1 1 1952 1537 125 1691
9614 4 2 1 1 89 1462 96 1586
9615 4 2 1 1 1946 594 485 15
9616 4 2 1 1 687 1608 1209 1892
9617 4 2 1 1 159 1104 178 1270
9618 4 2 1 1 271 287 290 1783
9619 4 2 1 1 393 526 400 1710
9620 4 2 1 1 598 364 599 1840
9621 4 2 1 1 105 104 106 1282
9622 4 2 1 1 23 125 1952 1537
9623 4 2 1 1 789 1276 1010 1474
9624 4 2 1 1 1952 302 259 1691
9625 4 2 1 1 821 1724 1117 820
9626 4 2 1 1 560 577 474 1435
9627 4 2 1 1 91 107 113 1629
9628 4 2 1 1 1719 1070 1004 659
9629 4 2 1 1 574 1936 361 1597
9630 4 2 1 1 1052 648 1746 1763
9631 4 2 1 1 134 1923 1971 1691
9632 4 2 1 1 846 1690 1689 1819
9633 4 2 1 1 652 1769 938 1908
9634 4 2 1 1 83 256 261 1614
9635 4 2 1 1 70 201 1969 1948
9636 4 2 1 1 165 142 186 947
9637 4 2 1 1 1950 133 14 1980
9638 4 2 1 1 305 269 297 1695
9639 4 2 1 1 1962 115 31 1827
9640 4 2 1 1 1291 1596 1146 1597
9641 4 2 1 1 806 1239 944 1765
9642 4 2 1 1 663 1647 1015 968
9643 4 2 1 1 740 911 1754 1881
9644 4 2 1 1 663 1015 1318 968
9645 4 2 1 1 94 21 1953 131
9646 4 2 1 1 1648 665 1647 968
9647 4 2 1 1 275 260 262 986
9648 4 2 1 1 573 538 358 1811
9649 4 2 1 1 1926 87 1561 128
9650 4 2 1 1 232 1626 1605 1426
9651 4 2 1 1 428 499 426 1584
9652 4 2 1 1 1941 1239 1014 806
9653 4 2 1 1 39 146 38 1216
9654 4 2 1 1 723 1545 1052 1763
9655 4 2 1 1 99 124 97 1313
9656 4 2 1 1 265 1125 266 1681
9657 4 2 1 1 220 251 1112 1788
9658 4 2 1 1 1592 747 1368 1485
9659 4 2 1 1 184 143 194 1036
9660 4 2 1 1 134 1923 1691 92
9661 4 2 1 1 1192 1598 804 1599
9662 4 2 1 1 263 265 264 929
9663 4 2 1 1 768 1156 1406 1801
9664 4 2 1 1 194 1104 180 1357
9665 4 2 1 1 1886 1294 1751 687
9666 4 2 1 1 1886 1751 1294 842
9667 4 2 1 1 117 118 96 1462
9668 4 2 1 1 310 334 344 1259
9669 4 2 1 1 619 1276 1473 1735
9670 4 2 1 1 1167 1425 740 1646
9671 4 2 1 1 815 1598 1334 1921
9672 4 2 1 1 1650 1799 884 1800
9673 4 2 1 1 1820 1274 695 897
9674 4 2 1 1 481 584 1088 1899
9675 4 2 1 1 253 1954 80 1470
9676 4 2 1 1 169 752 196 162
9677 4 2 1 1 151 149 164 882
9678 4 2 1 1 277 1943 79 1970
9679 4 2 1 1 1388 796 1867 1906
9680 4 2 1 1 31 115 85 1827
9681 4 2 1 1 23 114 125 1537
9682 4 2 1 1 695 1274 1820 1143
9683 4 2 1 1 256 1235 263 1832
9684 4 2 1 1 267 269 287 834
9685 4 2 1 1 530 429 430 1757
9686 4 2 1 1 571 1822 1069 1823
9687 4 2 1 1 526 394 533 1833
9688 4 2 1 1 134 1952 125 1691
9689 4 2 1 1 176 195 183 1591
9690 4 2 1 1 251 1094 234 1417
9691 4 2 1 1 1429 1540 1188 1853
9692 4 2 1 1 146 167 168 1746
9693 4 2 1 1 329 323 328 1851
9694 4 2 1 1 118 130 102 1558
9695 4 2 1 1 236 1417 215 1890
9696 4 2 1 1 1278 1806 995 1911
9697 4 2 1 1 874 1039 1240 1912
9698 4 2 1 1 1938 246 71 1860
9699 4 2 1 1 291 306 863 1922
9700 4 2 1 1 488 359 579 983
9701 4 2 1 1 695 1222 1820 897
9702 4 2 1 1 1481 1711 1092 1871
9703 4 2 1 1 209 1163 208 1117
9704 4 2 1 1 41 165 166 1434
9705 4 2 1 1 1974 293 302 1691
9706 4 2 1 1 291 270 289 862
9707 4 2 1 1 1163 1544 735 821
9708 4 2 1 1 976 981 1088 1806
9709 4 2 1 1 1433 1881 1873 1073
9710 4 2 1 1 1406 896 1738 1801
9711 4 2 1 1 620 1355 1192 1550
9712 4 2 1 1 44 1955 145 1386
9713 4 2 1 1 1039 1672 1240 1912
9714 4 2 1 1 1628 1784 764 1785
9715 4 2 1 1 112 1186 132 878
9716 4 2 1 1 447 569 463 1223
9717 4 2 1 1 236 1112 251 1417
9718 4 2 1 1 1426 838 911 1775
9719 4 2 1 1 356 492 44 1386
9720 4 2 1 1 583 538 500 1729
9721 4 2 1 1 944 806 1765 1898
9722 4 2 1 1 94 95 93 1239
9723 4 2 1 1 574 1936 1597 1869
9724 4 2 1 1 693 1008 1183 1804
9725 4 2 1 1 41 166 40 1434
9726 4 2 1 1 834 1345 1568 1648
9727 4 2 1 1 1926 87 128 25
9728 4 2 1 1 518 519 459 1882
9729 4 2 1 1 119 1282 123 104
9730 4 2 1 1 934 276 297 278
9731 4 2 1 1 1944 11 88 1754
9732 4 2 1 1 134 1923 92 33
9733 4 2 1 1 931 220 205 207
9734 4 2 1 1 1007 1225 1637 1638
9735 4 2 1 1 477 598 592 1840
9736 4 2 1 1 1823 1883 109 1053
9737 4 2 1 1 383 387 385 1716
9738 4 2 1 1 1389 1813 783 652
9739 4 2 1 1 102 100 98 1325
9740 4 2 1 1 473 508 562 1700
9741 4 2 1 1 1954 253 1437 1470
9742 4 2 1 1 1146 1597 1596 1780
9743 4 2 1 1 306 254 1036 1922
9744 4 2 1 1 235 911 218 1881
9745 4 2 1 1 295 300 270 1795
9746 4 2 1 1 1481 1711 752 1804
9747 4 2 1 1 297 278 305 934
9748 4 2 1 1 262 1160 264 275
9749 4 2 1 1 359 488 489 983
9750 4 2 1 1 799 1638 1471 1639
9751 4 2 1 1 390 522 398 894
9752 4 2 1 1 1523 1269 1195 702
9753 4 2 1 1 547 544 597 1686
9754 4 2 1 1 81 353 505 1437
9755 4 2 1 1 880 884 1743 1887
9756 4 2 1 1 1303 1723 1189 1724
9757 4 2 1 1 507 408 410 1574
9758 4 2 1 1 175 156 160 1314
9759 4 2 1 1 767 1596 1291 1597
9760 4 2 1 1 1331 1531 862 1658
9761 4 2 1 1 1934 348 1894 311
9762 4 2 1 1 116 136 120 1390
9763 4 2 1 1 15 110 1946 133
9764 4 2 1 1 457 446 447 1777
9765 4 2 1 1 578 83 497 1614
9766 4 2 1 1 1939 135 1977 9
9767 4 2 1 1 1973 191 185 34
9768 4 2 1 1 275 1681 291 863
9769 4 2 1 1 156 1415 799 1639
9770 4 2 1 1 483 360 66 1077
9771 4 2 1 1 134 1923 33 1971
9772 4 2 1 1 575 1146 1779 1780
9773 4 2 1 1 939 1791 1203 892
9774 4 2 1 1 1276 1425 1167 1735
9775 4 2 1 1 89 117 96 1462
9776 4 2 1 1 1929 303 1894 292
9777 4 2 1 1 367 365 366 1699
9778 4 2 1 1 389 402 403 1548
9779 4 2 1 1 159 157 155 1319
9780 4 2 1 1 157 1008 160 1818
9781 4 2 1 1 154 1639 1628 1785
9782 4 2 1 1 536 542 374 1634
9783 4 2 1 1 1930 248 203 64
9784 4 2 1 1 159 192 183 1404
9785 4 2 1 1 444 432 433 1579
9786 4 2 1 1 826 1562 1256 1817
9787 4 2 1 1 81 284 1956 1437
9788 4 2 1 1 665 1204 1791 892
9789 4 2 1 1 570 1510 470 1630
9790 4 2 1 1 1934 348 311 77
9791 4 2 1 1 263 256 284 1235
9792 4 2 1 1 1973 191 1972 1529
9793 4 2 1 1 166 905 165 167
9794 4 2 1 1 82 284 256 1956
9795 4 2 1 1 1289 1665 644 926
9796 4 2 1 1 1930 248 64 1972
9797 4 2 1 1 943 1599 1335 1909
9798 4 2 1 1 901 202 224 223
9799 4 2 1 1 435 423 473 1700
9800 4 2 1 1 219 249 231 1873
9801 4 2 1 1 467 552 601 1780
9802 4 2 1 1 120 115 116 1390
9803 4 2 1 1 283 23 259 1537
9804 4 2 1 1 167 165 186 905
9805 4 2 1 1 236 211 820 1890
9806 4 2 1 1 798 1667 1283 1877
9807 4 2 1 1 147 58 1935 190
9808 4 2 1 1 17 86 1961 1957
9809 4 2 1 1 285 265 263 929
9810 4 2 1 1 167 905 186 1148
9811 4 2 1 1 261 260 301 1869
9812 4 2 1 1 102 1325 98 1558
9813 4 2 1 1 394 476 533 1833
9814 4 2 1 1 1797 1798 1053 1883
9815 4 2 1 1 576 564 478 1756
9816 4 2 1 1 212 210 211 1351
9817 4 2 1 1 477 592 1686 1840
9818 4 2 1 1 1955 150 1146 1936
9819 4 2 1 1 1935 348 337 1894
9820 4 2 1 1 282 289 300 1248
9821 4 2 1 1 1929 303 292 47
9822 4 2 1 1 322 344 324 1769
9823 4 2 1 1 198 1932 68 1654
9824 4 2 1 1 438 431 440 1623
9825 4 2 1 1 1942 191 148 1529
9826 4 2 1 1 575 1597 1146 1780
9827 4 2 1 1 1940 114 23 1537
9828 4 2 1 1 1152 1672 486 1899
9829 4 2 1 1 288 1928 281 798
9830 4 2 1 1 286 252 304 1410
9831 4 2 1 1 1968 1977 1074 135
9832 4 2 1 1 436 471 469 1772
$EndElements
