$MeshFormat
2.2 0 8
$EndMeshFormat
$PhysicalNames
1
3 1 "tissue"
$EndPhysicalNames
$Nodes
1379
1 0 0 0.08
2 0 0 0
3 0 0.08 0.08
4 0 0.08 0
5 0.08 0 0.08
6 0.08 0 0
7 0.08 0.08 0.08
8 0.08 0.08 0
9 0 0 0.01142857142857141
10 0 0 0.0228571428571428
11 0 0 0.03428571428571419
12 0 0 0.04571428571428559
13 0 0 0.05714285714285704
14 0 0 0.06857142857142852
15 0 0.01168846567744185 0.08
16 0 0.02337693135488367 0.08
17 0 0.03462236441848578 0.08
18 0 0.04537763558151415 0.08
19 0 0.05662306864511617 0.08
20 0 0.06831153432255808 0.08
21 0 0.08 0.01142857142857141
22 0 0.08 0.0228571428571428
23 0 0.08 0.03428571428571419
24 0 0.08 0.04571428571428559
25 0 0.08 0.05714285714285704
26 0 0.08 0.06857142857142852
27 0 0.01142857142857141 0
28 0 0.0228571428571428 0
29 0 0.03428571428571419 0
30 0 0.04571428571428559 0
31 0 0.05714285714285704 0
32 0 0.06857142857142852 0
33 0.08 0 0.01142857142857141
34 0.08 0 0.0228571428571428
35 0.08 0 0.03428571428571419
36 0.08 0 0.04571428571428559
37 0.08 0 0.05714285714285704
38 0.08 0 0.06857142857142852
39 0.08 0.01168846567744185 0.08
40 0.08 0.02337693135488367 0.08
41 0.08 0.03462236441848578 0.08
42 0.08 0.04537763558151415 0.08
43 0.08 0.05662306864511617 0.08
44 0.08 0.06831153432255808 0.08
45 0.08 0.08 0.01142857142857141
46 0.08 0.08 0.0228571428571428
47 0.08 0.08 0.03428571428571419
48 0.08 0.08 0.04571428571428559
49 0.08 0.08 0.05714285714285704
50 0.08 0.08 0.06857142857142852
51 0.08 0.01142857142857141 0
52 0.08 0.0228571428571428 0
53 0.08 0.03428571428571419 0
54 0.08 0.04571428571428559 0
55 0.08 0.05714285714285704 0
56 0.08 0.06857142857142852 0
57 0.01142857142857141 0 0
58 0.0228571428571428 0 0
59 0.03428571428571419 0 0
60 0.04571428571428559 0 0
61 0.05714285714285704 0 0
62 0.06857142857142852 0 0
63 0.01168846567744185 0 0.08
64 0.02337693135488367 0 0.08
65 0.03462236441848578 0 0.08
66 0.04537763558151415 0 0.08
67 0.05662306864511617 0 0.08
68 0.06831153432255808 0 0.08
69 0.01142857142857141 0.08 0
70 0.0228571428571428 0.08 0
71 0.03428571428571419 0.08 0
72 0.04571428571428559 0.08 0
73 0.05714285714285704 0.08 0
74 0.06857142857142852 0.08 0
75 0.01168846567744185 0.08 0.08
76 0.02337693135488367 0.08 0.08
77 0.03462236441848578 0.08 0.08
78 0.04537763558151415 0.08 0.08
79 0.05662306864511617 0.08 0.08
80 0.06831153432255808 0.08 0.08
81 0 0.04005706718921276 0.07054504603657655
82 0 0.03999999999999989 0.00989743318610784
83 0 0.07039687886413562 0.0399999999999999
84 0 0.01054419226105856 0.04033975634196534
85 0 0.06302822320172641 0.07049132852927839
86 0 0.01753176862001802 0.07052063694913294
87 0 0.06295956999116711 0.009788568609672929
88 0 0.01041701402459669 0.01826288419606564
89 0 0.02894480109309506 0.07042088276997599
90 0 0.03464394908654847 0.06085982079646404
91 0 0.04617067945486306 0.06052870035936556
92 0 0.0404416360750119 0.05138140724128089
93 0 0.0290723823519436 0.05098924408035361
94 0 0.03508759092112881 0.04112018501266763
95 0 0.04681375008369305 0.04214518549797301
96 0 0.04134450579350461 0.03121473987737462
97 0 0.02941494385369348 0.03076821608258385
98 0 0.05299813157540466 0.0326372440819388
99 0 0.0468719452386647 0.02099281578352774
100 0 0.05966806811067703 0.0219022945230353
101 0 0.02315335250460442 0.04079421353860119
102 0 0.01736606314562847 0.05107899728139572
103 0 0.01750292027437314 0.02982140780336062
104 0 0.0231150717151514 0.01978054225553479
105 0 0.05185930648850502 0.06987382577051626
106 0 0.07010570658395771 0.05145178322205234
107 0 0.05909448813726165 0.04431710137883148
108 0 0.05914688148093092 0.05847345389158241
109 0 0.07056343978364199 0.02841228718241058
110 0 0.05142857142857131 0.009897433186107855
111 0 0.02884034207080415 0.009935214617788898
112 0 0.03493113477863637 0.02043149363381962
113 0 0.02281291644349837 0.06112112078907751
114 0 0.07068146563624338 0.06285714285714275
115 0 0.01019339803898175 0.06199902196585547
116 0 0.0708498141384888 0.01714285714285711
117 0 0.01749437466281594 0.009381124491669751
118 0 0.05033348704635213 0.05136916967380667
119 0 0.007692825312005678 0.02911338109684972
120 0 0.007620730689133755 0.05125498368927183
121 0 0.06252182309260314 0.03369147939109206
122 0 0.008308105880629199 0.008308105880629199
123 0 0.07169189411937078 0.008308105880629217
124 0 0.008346246365471986 0.07172680310292086
125 0 0.07218981863279771 0.07219621516624161
126 0.08 0.04005706718921276 0.07054504603657655
127 0.08 0.03999999999999989 0.00989743318610784
128 0.08 0.07039687886413562 0.0399999999999999
129 0.08 0.01032478093404927 0.04024268310140378
130 0.08 0.06302822320172641 0.07049132852927839
131 0.08 0.01753176862001802 0.07052063694913294
132 0.08 0.06295956999116711 0.009788568609672929
133 0.08 0.01781581302105095 0.009785494567308746
134 0.08 0.02894480109309506 0.07042088276997599
135 0.08 0.03464394908654847 0.06085982079646404
136 0.08 0.04617067945486306 0.06052870035936556
137 0.08 0.0404416360750119 0.05138140724128089
138 0.08 0.02907238235194361 0.05098924408035362
139 0.08 0.03508759092112881 0.04112018501266765
140 0.08 0.04681375008369305 0.04214518549797301
141 0.08 0.04134450579350461 0.03121473987737462
142 0.08 0.02941494385369348 0.03076821608258386
143 0.08 0.05299813157540466 0.0326372440819388
144 0.08 0.0468719452386647 0.02099281578352774
145 0.08 0.05966806811067703 0.0219022945230353
146 0.08 0.02311678395010287 0.04077803466517428
147 0.08 0.01736606314562848 0.05107899728139575
148 0.08 0.01767882322072366 0.0301349336157818
149 0.08 0.02353166537831597 0.02027108250665716
150 0.08 0.05185930648850502 0.06987382577051626
151 0.08 0.07010570658395771 0.05145178322205234
152 0.08 0.05909448813726165 0.04431710137883148
153 0.08 0.05914688148093092 0.05847345389158241
154 0.08 0.07056343978364199 0.02841228718241058
155 0.08 0.05142857142857131 0.009897433186107855
156 0.08 0.0286886987426077 0.009956112622931296
157 0.08 0.03497529316779772 0.02051673334319708
158 0.08 0.0107053695463875 0.01877356407007639
159 0.08 0.02281291644349837 0.06112112078907751
160 0.08 0.07068146563624338 0.06285714285714275
161 0.08 0.01019339803898175 0.06199902196585547
162 0.08 0.0708498141384888 0.01714285714285711
163 0.08 0.05033348704635213 0.05136916967380667
164 0.08 0.0075768484237319 0.05123556904115953
165 0.08 0.007741794740232085 0.02925880758602379
166 0.08 0.06252182309260314 0.03369147939109206
167 0.08 0.008366294943644291 0.008366294943644293
168 0.08 0.07169189411937078 0.008308105880629217
169 0.08 0.008346246365471986 0.07172680310292086
170 0.08 0.07218981863279771 0.07219621516624161
171 0.04008061749352807 0 0.07056910128770123
172 0.03999999999999989 0 0.00989743318610784
173 0.07011757517430743 0 0.03981694732504343
174 0.01049040243373079 0 0.04038880658940128
175 0.06244031571873338 0 0.07148607969128967
176 0.01754826643987268 0 0.07053461062544551
177 0.0629521495342944 0 0.009786243786583921
178 0.01037611551915574 0 0.01828457084488638
179 0.02901374880275217 0 0.07050086361522848
180 0.0346498163378759 0 0.06090778248196535
181 0.04713637272236133 0 0.06036724327324187
182 0.04039797769791123 0 0.05140852564675903
183 0.02903722904024238 0 0.05106074897293202
184 0.03500199979615948 0 0.04117091878878405
185 0.0463217617401614 0 0.04130049877749842
186 0.04121896656225403 0 0.03105071865766522
187 0.02924585357131807 0 0.0307724520865292
188 0.05260114223861811 0 0.03175653819617266
189 0.04766176352168215 0 0.02093397095476352
190 0.05969598943068107 0 0.02167459675480536
191 0.023063587098524 0 0.04086379869302804
192 0.01732395734789336 0 0.05120441962347198
193 0.01740267239401112 0 0.02986149506147121
194 0.02303450487516114 0 0.01978941451974903
195 0.05841044139420844 0 0.04332700321165755
196 0.05124173514212488 0 0.07091852478007332
197 0.06967404475879441 0 0.05085656665734552
198 0.05865363941828899 0 0.05524978624311974
199 0.0704898828471163 0 0.02823516063521448
200 0.05142857142857131 0 0.009897433186107862
201 0.0287980535355119 0 0.009934563940892736
202 0.03534447863802641 0 0.02067301445731719
203 0.02281525872206551 0 0.06117759469603102
204 0.06839906764156919 0 0.06266855340026342
205 0.01018843151969123 0 0.06201900869293123
206 0.0708498141384888 0 0.01714285714285711
207 0.01746708234936203 0 0.00938610919769289
208 0.00765383806937953 0 0.02913554592772317
209 0.007600558260263075 0 0.05129387555258942
210 0.05003082529255787 0 0.05036312504073898
211 0.06227591833922061 0 0.03363370544572401
212 0.008308105880629198 0 0.008308105880629198
213 0.07169189411937078 0 0.008308105880629212
214 0.00834624636547197 0 0.07172680310292083
215 0.07174376889067297 0 0.07214435883234713
216 0.05757422612861556 0 0.06413803747759761
217 0.04008061749352807 0.08 0.07056910128770123
218 0.03999999999999989 0.08 0.00989743318610784
219 0.07011757517430743 0.08 0.03981694732504343
220 0.01049040243373079 0.08 0.04038880658940128
221 0.06244031571873338 0.08 0.07148607969128967
222 0.01754826643987268 0.08 0.07053461062544551
223 0.0629521495342944 0.08 0.009786243786583921
224 0.01037611551915574 0.08 0.01828457084488638
225 0.02901374880275217 0.08 0.07050086361522848
226 0.0346498163378759 0.08 0.06090778248196535
227 0.04713637272236133 0.08 0.06036724327324187
228 0.04039797769791123 0.08 0.05140852564675903
229 0.02903722904024238 0.08 0.05106074897293202
230 0.03500199979615948 0.08 0.04117091878878405
231 0.0463217617401614 0.08 0.04130049877749842
232 0.04121896656225403 0.08 0.03105071865766522
233 0.02924585357131807 0.08 0.0307724520865292
234 0.05260114223861811 0.08 0.03175653819617266
235 0.04766176352168215 0.08 0.02093397095476352
236 0.05969598943068107 0.08 0.02167459675480536
237 0.023063587098524 0.08 0.04086379869302804
238 0.01732395734789336 0.08 0.05120441962347198
239 0.01740267239401112 0.08 0.02986149506147121
240 0.02303450487516114 0.08 0.01978941451974903
241 0.05841044139420844 0.08 0.04332700321165755
242 0.05124173514212488 0.08 0.07091852478007332
243 0.06967404475879441 0.08 0.05085656665734552
244 0.05865363941828899 0.08 0.05524978624311974
245 0.0704898828471163 0.08 0.02823516063521448
246 0.05142857142857131 0.08 0.009897433186107862
247 0.0287980535355119 0.08 0.009934563940892736
248 0.03534447863802641 0.08 0.02067301445731719
249 0.02281525872206551 0.08 0.06117759469603102
250 0.06839906764156919 0.08 0.06266855340026342
251 0.01018843151969123 0.08 0.06201900869293123
252 0.0708498141384888 0.08 0.01714285714285711
253 0.01746708234936203 0.08 0.00938610919769289
254 0.00765383806937953 0.08 0.02913554592772317
255 0.007600558260263075 0.08 0.05129387555258942
256 0.05003082529255787 0.08 0.05036312504073898
257 0.06227591833922061 0.08 0.03363370544572401
258 0.008308105880629198 0.08 0.008308105880629198
259 0.07169189411937078 0.08 0.008308105880629212
260 0.00834624636547197 0.08 0.07172680310292083
261 0.07174376889067297 0.08 0.07214435883234713
262 0.05757422612861556 0.08 0.06413803747759761
263 0.03968603227271829 0.01120631394864601 0
264 0.03924866340513808 0.06921627484340813 0
265 0.06996909340914348 0.03991082957416321 0
266 0.009832045981348935 0.03970789698035991 0
267 0.06326395504321899 0.07038824724804711 0
268 0.009488628167187436 0.06282848820243486 0
269 0.06308102438485394 0.009702845874423403 0
270 0.01654597073959284 0.009598089394970158 0
271 0.07007138906245147 0.05150288011676855 0
272 0.059748025009289 0.04566260228272959 0
273 0.05981959522979227 0.03383848734658921 0
274 0.04941196411529885 0.03957065597486044 0
275 0.04907629956861571 0.05114643066511836 0
276 0.03890690905076548 0.04534287160196769 0
277 0.03908514547128195 0.03344030862928932 0
278 0.02863176159473192 0.039258305717838 0
279 0.02845299613481788 0.0512569655858987 0
280 0.02938803726867845 0.02804230729733843 0
281 0.05887815322415665 0.05897198754341813 0
282 0.04923850754393501 0.02811614401469074 0
283 0.05891238610446033 0.02081831024646269 0
284 0.03861156594106976 0.0568937518203995 0
285 0.02854269451330998 0.06298975506157731 0
286 0.05199282214135294 0.06995342540918363 0
287 0.009671902593086593 0.05127291488789341 0
288 0.07005638327919013 0.02845970298939489 0
289 0.05206720146847733 0.0100310742764457 0
290 0.009609657611929558 0.02822641417063548 0
291 0.02718571232720954 0.01026571979273126 0
292 0.0393405616196863 0.02296897078860852 0
293 0.07079803478519263 0.06290601301536822 0
294 0.07079093255516164 0.01708721784410493 0
295 0.01800257421457324 0.06996034091351226 0
296 0.009150185861511164 0.01714285714285711 0
297 0.02033913025274 0.02070712809265557 0
298 0.01894014685806829 0.05723851882266073 0
299 0.01948208552543464 0.04512264828464788 0
300 0.01971532399044328 0.03312473359751204 0
301 0.04770901831846129 0.06114404282022847 0
302 0.02857142857142849 0.07260041097849348 0
303 0.04784893780185545 0.01862816265497073 0
304 0.07169189411937073 0.07169189411937073 0
305 0.008308105880629198 0.008308105880629198 0
306 0.008308105880629212 0.07169189411937077 0
307 0.07169189411937078 0.008308105880629217 0
308 0.03118789474820652 0.01863808798399596 0
309 0.04004040777354802 0.009635848136745376 0.08
310 0.04081615054472678 0.07230004785312 0.08
311 0.07219585775353454 0.03788717225536652 0.08
312 0.006962450226072732 0.04016787846700737 0.08
313 0.06168094438739152 0.07051580862254331 0.08
314 0.01020560534142259 0.0604337375978408 0.08
315 0.06257473146284923 0.009868648471999081 0.08
316 0.01956626240215911 0.01020560534142261 0.08
317 0.05142875075684829 0.009539943426192543 0.08
318 0.05792344796754643 0.0163952287844614 0.08
319 0.0483331751007744 0.0161717196555966 0.08
320 0.06450590881109416 0.01826497558469216 0.08
321 0.06234039415907416 0.02437543769717289 0.08
322 0.05415689932087672 0.02488752042604405 0.08
323 0.07202306295552835 0.02896198913232811 0.08
324 0.06289375182156275 0.03440874438016783 0.08
325 0.008859443109506386 0.05242866860675252 0.08
326 0.01707541822013258 0.05823695866271899 0.08
327 0.01728007047932031 0.04869368236336803 0.08
328 0.01841028219970568 0.06424483978683189 0.08
329 0.02468590072459791 0.06095240713920839 0.08
330 0.02388450089407432 0.05321808356020052 0.08
331 0.02775925694259124 0.07257604748142213 0.08
332 0.0347125975833964 0.06400727280140579 0.08
333 0.05250409025505189 0.06818514893743596 0.08
334 0.05804391976002563 0.06405808426479291 0.08
335 0.04809420753276248 0.0628849092593349 0.08
336 0.06439543519924011 0.06185470586442167 0.08
337 0.06157525971312076 0.05514571953834393 0.08
338 0.05358790527813727 0.05595640069538246 0.08
339 0.07245803252392438 0.05236091746806643 0.08
340 0.06346109116063943 0.04469170570945961 0.08
341 0.02757446445973067 0.008627229901425419 0.08
342 0.02255075610292547 0.01714604705120786 0.08
343 0.03130631763663191 0.01728007047932032 0.08
344 0.01596856037705327 0.01837722727989474 0.08
345 0.01822784183641345 0.025074294135101 0.08
346 0.02599878126570618 0.02410927091037406 0.08
347 0.008830351504932325 0.03056671699103949 0.08
348 0.0166352468614179 0.03491442342820722 0.08
349 0.06739648033158205 0.05600101321798006 0.08
350 0.06712527994761193 0.0240337819788332 0.08
351 0.02413296238225898 0.06740400271960544 0.08
352 0.01298396695550836 0.0245190192020792 0.08
353 0.07146518674114227 0.009817865169538399 0.08
354 0.009898242416944574 0.07106484292626383 0.08
355 0.07129780995992369 0.07026615792107097 0.08
356 0.00897072376771698 0.009892733263642756 0.08
357 0.06442545305297048 0.0508935269797437 0.08
358 0.05921238358754286 0.04829202018523757 0.08
359 0.05911797712011574 0.04341867959124843 0.08
360 0.05551775316277353 0.04569322787421193 0.08
361 0.05539338711437594 0.04161129971829483 0.08
362 0.05199696211400771 0.04378722059297457 0.08
363 0.05186750097730444 0.0397933275296536 0.08
364 0.04848134154323455 0.04191740785402106 0.08
365 0.04833997653830399 0.03792309797806304 0.08
366 0.04495186449090223 0.04004795716828383 0.08
367 0.04480770365396675 0.03605120424892855 0.08
368 0.0414187465534704 0.03817559118549576 0.08
369 0.04156402692171077 0.04217323647288274 0.08
370 0.03802969106981158 0.04029997353202622 0.08
371 0.04127404853256116 0.03417835715020746 0.08
372 0.03817462606767143 0.04429738538155546 0.08
373 0.03464035617355234 0.04242416505520381 0.08
374 0.0344954764090413 0.03842679071090569 0.08
375 0.04170888147524774 0.04617061151916624 0.08
376 0.03110609672954526 0.0405509518969213 0.08
377 0.03831950997009261 0.04829476677085968 0.08
378 0.03096121936467616 0.03655357746222038 0.08
379 0.0446633638195027 0.03205420866469345 0.08
380 0.04112927323675774 0.03018107091826127 0.08
381 0.0418537787382281 0.05016798706774551 0.08
382 0.05170889567450931 0.03579975300337197 0.08
383 0.03125098007021206 0.04454832995071446 0.08
384 0.02771671126502391 0.0426751105239796 0.08
385 0.0384643924275614 0.05229214319138806 0.08
386 0.04451872368144744 0.02805693125603286 0.08
387 0.04098443194146908 0.02618372745415106 0.08
388 0.03759506124271979 0.02830790128722205 0.08
389 0.04199866097233752 0.05416536267490905 0.08
390 0.04538479089107003 0.05204735668527986 0.08
391 0.03493012572737807 0.05041892403113618 0.08
392 0.04805280884586028 0.0299300218530383 0.08
393 0.03507500436829935 0.0544162994908336 0.08
394 0.05206991367642372 0.04771683671204387 0.08
395 0.02777249124996185 0.04684059307849668 0.08
396 0.03745016490202544 0.02431053606888636 0.08
397 0.04083953922668856 0.02218635812613102 0.08
398 0.0338184552385791 0.02645408241431779 0.08
399 0.03150195385100178 0.05262982385176275 0.08
400 0.02431247271615152 0.04482728509613867 0.08
401 0.02417996883945025 0.04080656152540512 0.08
402 0.03435060400981144 0.03442943024561269 0.08
403 0.03083904680451408 0.03259244280408927 0.08
404 0.02743073776202589 0.03468639972258986 0.08
405 0.03168561532041731 0.05654045565338267 0.08
406 0.04780291393768629 0.0259365482134965 0.08
407 0.02085083749956765 0.04292929737241572 0.08
408 0.02734897994880236 0.03081608006483621 0.08
409 0.02390446765471542 0.03283033032267962 0.08
410 0.04572497878761422 0.05610770105766522 0.08
411 0.04217990938571096 0.05818121645934414 0.08
412 0.05869689491418158 0.03936901179976578 0.08
413 0.03730526191987597 0.02031316153977626 0.08
414 0.04076352921728336 0.01881102300264749 0.08
415 0.03701371456801818 0.01608179851428308 0.08
416 0.04907063933535674 0.05395632689626849 0.08
417 0.02430759930087259 0.02944781027231445 0.08
418 0.0205776170326357 0.03857315431993608 0.08
419 0.01725878667540275 0.04105282941360199 0.08
420 0.02424036335116833 0.049074373429193 0.08
421 0.02030176435623744 0.03070415713325163 0.08
422 0.03511118912025127 0.05867971202784256 0.08
423 0.03277165101079554 0.02183088461715292 0.08
424 0.05138110265895344 0.02777262244046825 0.08
425 0.02996763801510556 0.02497491709100217 0.08
426 0.06161549704479377 0.04061062212927458 0.08
427 0.02093793351820262 0.04692342380505866 0.08
428 0.02024260845289176 0.05088831688724609 0.08
429 0.02768091357065907 0.05118987924971999 0.08
430 0.03859721788971535 0.05633693802121174 0.08
431 0.02757204985646506 0.03867951961821672 0.08
432 0.03862360129365468 0.06063791417455645 0.08
433 0.04286890494864265 0.06218606019355695 0.08
434 0.04524317312311102 0.04804383124532188 0.08
435 0.0240280230478665 0.03675121051843828 0.08
436 0.02108942379057459 0.03475465514450257 0.08
437 0.04435628723394842 0.02406018785393793 0.08
438 0.03478524278186616 0.04642154604230199 0.08
439 0.0313202845418465 0.04867484936735534 0.08
440 0.03788475963242972 0.0363025711657733 0.08
441 0.03773991071810797 0.03230523448041862 0.08
442 0.03420209424387691 0.03044391417900376 0.08
443 0.04509388604697984 0.04404066761705464 0.08
444 0.04819327965592823 0.03392684142924066 0.08
445 0.05157216704589929 0.03179736405814595 0.08
446 0.05508005135294741 0.03365347175652184 0.08
447 0.05483836397688311 0.02954711180245456 0.08
448 0.05884544981434627 0.03168797186836394 0.08
449 0.04860719327227973 0.04590998584770226 0.08
450 0.04875788312992162 0.04995395106479759 0.08
451 0.0525452848366187 0.0515207596800206 0.08
452 0.05713864055243358 0.05286388735866755 0.08
453 0.04914323098792885 0.05843157707620143 0.08
454 0.02751479591728198 0.02021465490157255 0.08
455 0.05519721250638149 0.0376269422132196 0.08
456 0.04787472990977801 0.02173262995056281 0.08
457 0.04443291223782293 0.01972892218035788 0.08
458 0.04272629100403791 0.01503440505858399 0.08
459 0.03210028846097547 0.06059882501777911 0.08
460 0.02721896049483494 0.05584442191339826 0.08
461 0.05871472276160658 0.03566826795447516 0.08
462 0.06375884947778643 0.02936608859137402 0.08
463 0.05279265390927974 0.02015571000946251 0.08
464 0.03059201761323391 0.02875098989589989 0.08
465 0.04560224632853183 0.05955829280922052 0.08
466 0.04482930108558595 0.06721263712370783 0.08
467 0.0153958343029019 0.02915572217793571 0.08
468 0.02965968771207126 0.06476205360245978 0.08
469 0.03948547375834592 0.06591776839930621 0.08
470 0.04741184770473597 0.07347088345520744 0.08
471 0.05529679516315848 0.04921734636203631 0.08
472 0.03294052258574412 0.01205793339515489 0.08
473 0.07259129300244503 0.06090289957320222 0.08
474 0.01921102349563766 0.07254828881902055 0.08
475 0.07251990640922945 0.01935733481628623 0.08
476 0.007451920543376827 0.01955063533909706 0.08
477 0.05073548561085159 0.02396693684481226 0.08
478 0.02696040413337097 0.02724667749555355 0.08
479 0.05861451981336217 0.02696557478198232 0.08
480 0.01786957392379871 0.04517280401346875 0.08
481 0.0128571705900115 0.04560417262768472 0.08
482 0.006128367976598754 0.04697790178076018 0.08
483 0.04567566269645608 0.009929804776950147 0.08
484 0.06152195368280435 0.03741285095347022 0.08
485 0.02907009054257938 0.05973963266524565 0.08
486 0.06535135926263193 0.03870942304633189 0.08
487 0.06744743113206786 0.03369961039677891 0.08
488 0.05318675265751874 0.06126446698777718 0.08
489 0.05348122521197051 0.01484616481836089 0.08
490 0.05692809832540367 0.01196822221609139 0.08
491 0.0345992362838304 0.01887647878763314 0.08
492 0.02276002293422166 0.0257746082809222 0.08
493 0.01250880117156744 0.03846120418550816 0.08
494 0.02690885318407888 0.01425525684501727 0.08
495 0.01508106725441455 0.05296089482247277 0.08
496 0.02192931830648449 0.0577471621312063 0.08
497 0.057987985526746 0.05852387745156427 0.08
498 0.05774716213120632 0.02192931830648448 0.08
499 0.06058793422651691 0.05179878851549818 0.08
500 0.0346587279370725 0.006188564213937113 0.08
501 0.02217012640560033 0.0217826837598454 0.08
502 0.01964258262559954 0.05461028321276893 0.08
503 0.03450925515993623 0.06992719835628565 0.08
504 0.06964863229228345 0.04498673017341371 0.08
505 0.04134108652154576 0.03965199470105948 0.03987737057189879
506 0.02622440830988869 0.03134453099730606 0.05596420661769107
507 0.05721247291986975 0.04002372785026378 0.05689520208428518
508 0.04054342425834472 0.05805401569958748 0.05659693515172238
509 0.0454403790932512 0.02105215229781954 0.05806819915545661
510 0.03914092209951599 0.03984125974679363 0.06349204340546681
511 0.02130278449065878 0.04989308915716995 0.06162193533181811
512 0.05751538567805763 0.02270904227187802 0.03824873485407232
513 0.02586550626076815 0.0588754083973902 0.04063536578305797
514 0.04961542148939118 0.04948730053857278 0.06580842688092851
515 0.03069170579377415 0.04392437825956461 0.05123170215070161
516 0.05751754854887651 0.05747339259490188 0.03994028289613377
517 0.03731220676115136 0.02881933454897613 0.05025050189393092
518 0.02493743635515332 0.03328611725561387 0.03708404808444046
519 0.05019355422256174 0.0315435660255928 0.06693661271744961
520 0.04534723803313133 0.04579442679557114 0.05091927014676265
521 0.05122237139313415 0.03498452724998474 0.04704226117050855
522 0.03484660357495348 0.02755018293673906 0.0665890298772228
523 0.02624501380357317 0.03951774086045301 0.06771142079614446
524 0.03403258820973185 0.05231116344659106 0.06729493448900155
525 0.05909497287272902 0.04073815134594536 0.02934763177872747
526 0.0399746307820971 0.02375820318808321 0.03401267208614164
527 0.05867798385023729 0.0244307448775397 0.05397112711030305
528 0.02902020595977411 0.02062304819932268 0.05535095970089893
529 0.02003367417075151 0.01885418474212338 0.06540377766255955
530 0.04072590839322325 0.0542919090553253 0.02425478932537155
531 0.06017670935446672 0.03783870803244735 0.06866305987271229
532 0.04355299108879063 0.05998636971798962 0.06781538605630391
533 0.03684457359161137 0.01398702001358579 0.06741021800893736
534 0.0305123826000438 0.03766335969327873 0.01659969974585232
535 0.05369791927913948 0.05783999119344999 0.05424488448066909
536 0.06533570188623765 0.05166128975567496 0.06165673559410387
537 0.05652556870210774 0.06266654042287563 0.06777868074084969
538 0.03603632001412417 0.05278665095763401 0.04287911270501485
539 0.02941098862514977 0.05663740148749294 0.05196571400374955
540 0.01795247738184617 0.04850335026486804 0.04804559595441429
541 0.05615039725151929 0.01700014383839027 0.06667421724833709
542 0.04606948419852704 0.03415430126666819 0.05549552650107668
543 0.06460239149763966 0.03528820538573021 0.04732306722529569
544 0.01739856521734269 0.0202108399774621 0.04944599244847803
545 0.04420230680591779 0.0235099309381101 0.06838466698384847
546 0.04591549967298104 0.02076362689717257 0.04573079176214265
547 0.02668952985343679 0.06581662453885863 0.06648175082229629
548 0.01640553779173256 0.0630116717371009 0.05503955733204065
549 0.04658602472931017 0.04166623670826526 0.0703681370749481
550 0.02666302873783417 0.04347610351708314 0.03675618542613324
551 0.01427104429915127 0.04388338774148804 0.0687880083974189
552 0.05627808137075702 0.04511059672914251 0.04552586722631564
553 0.04732810956702984 0.04979542996957202 0.04181460488679702
554 0.03635651557416912 0.047906770132739 0.05681728480012679
555 0.01436093912111511 0.04014724980043998 0.05520027184830682
556 0.0177772721549876 0.03171503662318914 0.06613164160816815
557 0.03574779415666161 0.03631368079706241 0.07195030255833801
558 0.02489597653488224 0.04951970654913412 0.07091952474978083
559 0.02682802123795447 0.03243130360555022 0.07090072253685159
560 0.04720083208802411 0.06783354533593762 0.04129200570851962
561 0.04178959717266684 0.0291795931293534 0.04147465089339038
562 0.03520247940126624 0.03378708525272836 0.05887798926143093
563 0.04263817963021705 0.04898083598156782 0.07174732815542555
564 0.04759275498863737 0.04298229575339257 0.06004894696595973
565 0.02755180120786703 0.02901779893282709 0.04540528827824448
566 0.04592608776960913 0.05530887102497264 0.04650749990880708
567 0.0122964851598621 0.02755715884686195 0.05384757603007174
568 0.04918928503706443 0.07063617485659879 0.05714633403358688
569 0.03904839754325702 0.03903922927907896 0.05349302782243321
570 0.03377502901565032 0.01253551113175505 0.045203558331947
571 0.02151495375946107 0.01482964928256953 0.02684977606884816
572 0.03805032533019156 0.06817503160552964 0.06184658794744391
573 0.03108172068818825 0.04533612408957865 0.06021993121686781
574 0.04262469213825961 0.02915523808620943 0.06349035962725856
575 0.05778172602314009 0.03071915917614906 0.06168392825176772
576 0.06649724654683255 0.05250543576769456 0.04969816885030744
577 0.05552656835553114 0.04504138483664009 0.07252601935001611
578 0.04761627073991552 0.05920521333757566 0.06272169572936183
579 0.02316521648172386 0.03863518814909964 0.04867254824370668
580 0.04388965264079847 0.0322952842413733 0.07192077210226776
581 0.0499862185403064 0.02742226238903334 0.05904099732904327
582 0.05772452464538408 0.02962069565287512 0.0709320666013345
583 0.05389912960534446 0.02082760675131746 0.01305875284577238
584 0.03384264579024996 0.06030007838306825 0.07088194017063112
585 0.0546408157616709 0.04835559618026455 0.05839727674333169
586 0.03299166067844736 0.03723320775312595 0.04409521444097048
587 0.03355185126038255 0.03310104555998473 0.0325960820536812
588 0.01538702653144407 0.05807332180933081 0.06856277350084107
589 0.03324725507725632 0.04475368155338876 0.07311029341606883
590 0.03377209948535204 0.06858397369759303 0.05136448265995079
591 0.03806235458086934 0.0452435001429314 0.04755252916029017
592 0.04155649122615664 0.05242756869537055 0.0633648285745836
593 0.01667373953111784 0.05340748869866373 0.02233613668663466
594 0.05448439160259423 0.01273575976761498 0.05209098341151763
595 0.03299392642925096 0.05510781954656533 0.06173725134216067
596 0.02786933660485228 0.05621476190688145 0.06546780846525639
597 0.0361982225910469 0.02255529153988565 0.04868780195520562
598 0.03874002001127866 0.01297502583226122 0.05423074262742573
599 0.07211836125311197 0.03891189955477607 0.06236457477507247
600 0.0688649588844196 0.03032789433716076 0.06637906402033092
601 0.05371569091823127 0.03651620100128745 0.07242550620266205
602 0.05396397402635491 0.03246881351742008 0.05413209048447019
603 0.04691362937013481 0.01437436908512416 0.06613804547597016
604 0.04194875788344948 0.03557929319196074 0.04693555077334318
605 0.02997861050804788 0.03610119375496237 0.05249061788404461
606 0.04647465364865708 0.05133399364935226 0.05638971413864584
607 0.04795548807315422 0.03535898546919081 0.02928976829179521
608 0.05333809822347083 0.03941823595400364 0.06503231510257258
609 0.06004831879961172 0.04751876091741732 0.06585209094875795
610 0.05848812703171975 0.04991883170523282 0.07054407095109758
611 0.05015235106271158 0.05552786381595779 0.07203642270389961
612 0.01838045278880486 0.04089827157330971 0.03920366333080819
613 0.05052924925450394 0.02739009597354421 0.07330711368899105
614 0.05031079279115468 0.03972608540963433 0.05185736667778074
615 0.06447522097380966 0.04566300254392427 0.07278121917009038
616 0.04576987920371353 0.02738961912308913 0.05187819645183103
617 0.02322077739746311 0.03710342843829419 0.07247854669506827
618 0.04848902808479008 0.03931394068933639 0.0424243841638153
619 0.0277066160885421 0.03174628483468818 0.06464523584348962
620 0.02583194380405031 0.04887403124934895 0.05383279384525148
621 0.02721116878364065 0.04872003677605058 0.04536104165014604
622 0.03973063539759038 0.05107970501539293 0.05033874283900436
623 0.05382448297888381 0.02565313438175674 0.04689582108768588
624 0.03910665398804062 0.02591895976148505 0.05639913102097833
625 0.03889385150007534 0.02000661460465619 0.06256352241413551
626 0.05795246976593021 0.03557978190249884 0.03754660241325251
627 0.06924835511263426 0.04713776040248079 0.03550553241066197
628 0.05771546263739149 0.05902126826783442 0.01984728902310569
629 0.024426572076089 0.03740920282682906 0.05949413707174759
630 0.04323131767447797 0.0577152464535747 0.0406942458913294
631 0.03810852530561799 0.04819857122528848 0.03265964399664973
632 0.0308581612366331 0.02227980255804267 0.07251023763627508
633 0.009966304859184778 0.0537536823956221 0.05639613189827424
634 0.01561896502854989 0.03142423514582552 0.02135538680860072
635 0.05766466072665734 0.0370545681172092 0.04803418865713393
636 0.06486594319765725 0.0436675818102769 0.05213072581118364
637 0.03809448496845585 0.028045813562927 0.07317655112716223
638 0.04040696402706227 0.04174791601555992 0.07275815277710573
639 0.02374767986802834 0.05878380864968876 0.05586290498362696
640 0.02339369417970413 0.02304935368471635 0.05396654573975419
641 0.01999041492650632 0.02768886974383284 0.04853304930484027
642 0.0680540827687504 0.05855239164497666 0.07002746092006956
643 0.03340885808824013 0.04515897969656137 0.06523007923484979
644 0.06434351741415523 0.07020571412536493 0.05321704784796424
645 0.05268665335789191 0.04871859466176873 0.050048374339265
646 0.008952894563917133 0.03674455921096723 0.04773865915436711
647 0.01066801228087426 0.02370406996151423 0.0370304132624687
648 0.03534469694085284 0.02948905708517532 0.04310146618830429
649 0.01889865418798036 0.05467188513750455 0.05277931071754106
650 0.05445162549093247 0.0581225969364068 0.06240800215938563
651 0.02622584474538909 0.02558157573428167 0.06796060878340106
652 0.02892691702988493 0.01637679447166569 0.06212945848365475
653 0.02806560184157502 0.01171160547364397 0.05474912604518991
654 0.03011350678144244 0.02741444169996387 0.05315362073370669
655 0.06464009814792328 0.03302136710431419 0.05315204539621314
656 0.02926833166274794 0.03667861318338922 0.07522304708062706
657 0.03704123057465657 0.05477629248486239 0.07414072444567883
658 0.02904256957011608 0.05314601756030454 0.07365893618892499
659 0.04580848074076395 0.03677365253545435 0.06443584070010956
660 0.03935584764465481 0.06893133443894767 0.07211892685271784
661 0.05017103078886848 0.02004558450181572 0.0536981127821698
662 0.03207850781682769 0.01865499131444404 0.03721139208629753
663 0.04992004226213086 0.04815985317782209 0.07296453311237146
664 0.0490384247419765 0.02465291836823001 0.06633614393393299
665 0.06858311494305389 0.01275552884936079 0.04554859281459046
666 0.02327346877351597 0.0410488298447641 0.05311383948983486
667 0.06672063360604091 0.01138373712457551 0.05803753842223459
668 0.04718003155556027 0.04432789341321345 0.02956280260424134
669 0.03286662759544147 0.03755847862039691 0.06431921136106981
670 0.04146136008297909 0.04362453092593499 0.05647415617936555
671 0.03685862851207738 0.01935258295504278 0.009747772955709232
672 0.03778779753688999 0.0563758681902591 0.06515077686932097
673 0.0478995738092469 0.06494492692644747 0.0722181068600135
674 0.02048783703894461 0.04404161237851738 0.0636280231820715
675 0.02987645782048145 0.05060389778987665 0.06366555414470126
676 0.04358222591775097 0.04514317507209405 0.0651982256891324
677 0.02572275317772964 0.04129646748776226 0.07525051040605271
678 0.03923297332064395 0.01978410149837604 0.07392970781685988
679 0.03248944863003586 0.03005146475341728 0.07431507539280705
680 0.01534589984079554 0.01062765285227465 0.05820046516777693
681 0.04346961922657266 0.04290977442037502 0.01416979281405372
682 0.0535346793071436 0.04715262115143299 0.03416637280941818
683 0.05142913014076358 0.05668289011445011 0.03114103341726711
684 0.02588936041851048 0.06409845777748223 0.05182668512301817
685 0.03527280438912512 0.06054881007700593 0.04239006518371308
686 0.02735873708414134 0.06613710813526616 0.0263335886343611
687 0.04454007345722065 0.05467963086954654 0.07419045474596173
688 0.02984419889919146 0.02589307928308397 0.05876372167115192
689 0.01898586112076918 0.02537585736403571 0.0603462989703316
690 0.05998740112527177 0.02775391509175077 0.04771984228393034
691 0.06747391044329364 0.02537882231237083 0.05012226662304498
692 0.01841856087790371 0.02885743531922285 0.07421781921685884
693 0.00962727718392959 0.02218322664285962 0.06741918916475824
694 0.03342628152964586 0.0395272603441636 0.05830667347629521
695 0.05052841625408865 0.01303285425615211 0.03498353464084393
696 0.04128356242749752 0.04943467542296535 0.04100426750646552
697 0.04835857930424715 0.06227350126578562 0.05452772348216822
698 0.06419222622876009 0.02151662505922082 0.06438280917742638
699 0.04023994752153108 0.03485802939330064 0.06790538846132697
700 0.02387919908817058 0.04381838620726825 0.04770869651977495
701 0.04167169231860382 0.06067339285661036 0.06183166035731956
702 0.03994102710831766 0.05901533903544293 0.04766089977591396
703 0.007396093238946283 0.03671029629657784 0.07341190109803375
704 0.04966535191014365 0.03377047966560048 0.03679832720211437
705 0.05133456692050214 0.03338115165581974 0.05890291303864337
706 0.03249015398759585 0.05105705216969239 0.05188357545252504
707 0.04114859064366674 0.03513691085632908 0.05707521468124648
708 0.03987765424445743 0.02062177311868394 0.0521237042056184
709 0.01471540418950487 0.0460409483054623 0.06073098640338411
710 0.007555868567732784 0.0420719106686057 0.06237752238567396
711 0.02504127024675021 0.01121655223143617 0.07295687028023422
712 0.04901047683801834 0.03567635333225235 0.07564369908196565
713 0.06796082383408451 0.03080239450428563 0.0283893985695728
714 0.02464364176884071 0.03751454506196643 0.04302157130393811
715 0.04331775904534781 0.04928423952230226 0.04655022684679393
716 0.01914776109956193 0.04650480588029971 0.07509621591230958
717 0.02529211966955107 0.03930843036437158 0.02831523472923641
718 0.0391757984052233 0.0609586265053076 0.07317056162463732
719 0.0102621841120711 0.05720575063967191 0.03493061267532569
720 0.03364613689903868 0.04249607086442794 0.04172619988756827
721 0.03380354650321021 0.04199290018691176 0.03406307394056914
722 0.05867755384966625 0.04068487236531045 0.07438553273330205
723 0.05060821911873865 0.01802018763726978 0.06018762411251542
724 0.04599670199202847 0.05382152023375006 0.0654577739415558
725 0.02275284535530261 0.02366915649962511 0.07363648102075965
726 0.05036104047960137 0.04318069949124504 0.06598450702421556
727 0.05922090270995074 0.03636694745970645 0.06218415931821672
728 0.06400023820071206 0.04306718032822605 0.05804523321870989
729 0.05365505249660512 0.06984827427959815 0.03188171536626635
730 0.04714113755055793 0.02903649790238315 0.04615630724227288
731 0.04960537864508738 0.02460884692827326 0.03698903196267101
732 0.01734771478208752 0.03398667861312103 0.05731932731836054
733 0.0374401125687345 0.04899995554756302 0.07544968463543905
734 0.05302992698407728 0.06129940402354581 0.04823789031124459
735 0.05253040601214372 0.05432249244459916 0.04424073681823808
736 0.03458351251067435 0.02777648637538346 0.06025611481017246
737 0.01969505378952438 0.04860676478251431 0.06796568146447229
738 0.008760624967004898 0.05104446716157449 0.06694511886403652
739 0.03679317964378103 0.06014981152617636 0.0601172882340197
740 0.02948039016064399 0.06195518522900834 0.0561403102692127
741 0.04148188327092556 0.06470211726119117 0.05580440462301313
742 0.05335147374560729 0.008453734479753153 0.06148693393688059
743 0.02837885855877197 0.035041303459297 0.04712624542757346
744 0.03688153261340289 0.0381741891394024 0.04763469302507361
745 0.06147583590114312 0.03478787823402791 0.07470907439732304
746 0.07092733631154996 0.03978378563876091 0.07204386654523784
747 0.03028538944759517 0.01829815393983808 0.04866012621787837
748 0.05555120261862501 0.04381254615812436 0.05147537538471361
749 0.0497779593827984 0.04499251967409452 0.04607059670213279
750 0.05581010171879657 0.03451261722943023 0.06751602382440325
751 0.03568443785330374 0.02168202727983196 0.06934540328525537
752 0.04994247123670037 0.01791932784430227 0.07362245277045655
753 0.04622765389963138 0.03283102079286227 0.05037048722172336
754 0.02994434034066033 0.05376196200494496 0.04656721526432987
755 0.02316954785479229 0.05549510852412116 0.04682238401780234
756 0.03144630644459021 0.05231566922287985 0.03897055735772414
757 0.02917970404044369 0.04933389589653436 0.02925762549736438
758 0.06468544828127221 0.04409899233283539 0.06530635469119495
759 0.01953963794238532 0.03893403216952336 0.06808678079366431
760 0.03847204558860944 0.0447471479718718 0.06695468994703267
761 0.03849512800787059 0.03496009025965929 0.04255672259770797
762 0.0449731999759849 0.04020746699620312 0.05510972796784051
763 0.05574059352950726 0.05039822834327623 0.07558488116357663
764 0.05468020929672805 0.02807025973153572 0.06693298198792005
765 0.05098732984213692 0.04346059882718551 0.07307299275308037
766 0.03402919351142502 0.05675402822920272 0.05532201862825772
767 0.07162476165236158 0.04659967202700638 0.05661187917307803
768 0.02430173363884746 0.05733011193694953 0.07175908995809689
769 0.04104470053123885 0.05264642787905741 0.05659307100612403
770 0.06720029134710864 0.0138479713321411 0.0262744152359852
771 0.04594308775900775 0.04512293574070152 0.07454945730224831
772 0.05579903400425874 0.02944260391166579 0.03081415350944621
773 0.03836821980526472 0.04660723505374371 0.05219869178111741
774 0.03164596726591092 0.03281563289036934 0.06932159092921331
775 0.04372643213796267 0.04307557124450317 0.04684465343090025
776 0.05812557133179951 0.05024565643706544 0.05290522085309003
777 0.02826112239028961 0.04534774247653878 0.06681926839339
778 0.04029749768632345 0.03595755755284754 0.07491178115271119
779 0.04582305800180395 0.02783371111453017 0.07386477413528909
780 0.04509905488945007 0.01579326403250763 0.0540087931101257
781 0.04543625994963287 0.00994367087925173 0.04722634426789818
782 0.06283161798277383 0.02077118991884542 0.07340117885018217
783 0.04868177902454949 0.04367620364783233 0.05447220471653606
784 0.0534715366266043 0.06364097055648606 0.05852065244632874
785 0.03354752698380995 0.05976875592064059 0.06547533615593143
786 0.03772332227095242 0.06308962446735397 0.06672979240627559
787 0.02115920245160231 0.04513070456145402 0.05703935556086255
788 0.0214170606229108 0.0239451879829027 0.03976618517083313
789 0.0498835923208879 0.06476504233802544 0.06497350193020066
790 0.01621114130168636 0.06769899648260366 0.03873972744325849
791 0.06182703229333313 0.05190630814477554 0.07563257015097385
792 0.04200969114457113 0.02668733339231559 0.04581394359312498
793 0.02986743635631134 0.03663029765469478 0.05700672257765043
794 0.03135077314260779 0.01477251216251273 0.07505570360684605
795 0.02871255306804246 0.03970518192790862 0.04780934670032148
796 0.01857333131321973 0.05763006734040611 0.06083005279512418
797 0.01526947665013972 0.06894066415762265 0.06474353353192065
798 0.06135066441355246 0.05946742690926181 0.05470120372551782
799 0.05334037152961867 0.03214077811282511 0.07516220560117363
800 0.05062826165476243 0.05467696459776135 0.06677890591032445
801 0.04044833507863872 0.01921700901450784 0.06731487319894855
802 0.04471510087400622 0.02050698233005827 0.06356641812058894
803 0.05339168662831443 0.04033314894738189 0.04684202937574888
804 0.04265725161811996 0.01536822336026684 0.06089713257087904
805 0.03526273843282723 0.01546002548026386 0.05982006907411678
806 0.02072658248223795 0.05384068697859707 0.07523997559706545
807 0.05176124025472586 0.01820999098987078 0.04298539016571829
808 0.04406451973721334 0.02728402789054163 0.05809783757548746
809 0.04006336265382252 0.02847297693734005 0.06816195487784345
810 0.05361265332754483 0.04285948966757039 0.0608093447138655
811 0.0321162806311601 0.03199177119566424 0.05050691121595147
812 0.06765051521192678 0.03696919325821581 0.01296787039518898
813 0.03415563118009748 0.01050633156210786 0.03197996664336885
814 0.05544578576431445 0.07151391348047982 0.0642781485845256
815 0.03328381309060507 0.04779285771082874 0.04442890405980796
816 0.02988433553800612 0.04858008531340915 0.07544499173959712
817 0.0423973943006275 0.03002232553633628 0.05438208303990861
818 0.04342310533253589 0.01289744534139006 0.07300849912380644
819 0.04188106545398691 0.04021142750463829 0.0671888760201217
820 0.03348628451092248 0.03971532946515494 0.07579972502586629
821 0.02291448865726856 0.02930171607320081 0.06572469480242991
822 0.02932417260604693 0.06989426438329285 0.05877314874422077
823 0.04550647201611908 0.02796207599761185 0.06803541947411083
824 0.03073388148852093 0.05058316127580089 0.01271566632776757
825 0.03803821304109056 0.04760671276970006 0.06269265759396504
826 0.05614941875552153 0.02417075765902161 0.06157692133089288
827 0.01221133142748834 0.012158329019709 0.01230584826948848
828 0.02044449921078847 0.04746706095419411 0.0422756044417509
829 0.03002842491275102 0.05169865463111711 0.05650408725847954
830 0.04660853937731559 0.03609220028249248 0.06908091394829814
831 0.01867293071244972 0.04302945522874004 0.05111999810155023
832 0.04048797522590614 0.03742409676946518 0.0346410688368169
833 0.05516553656682314 0.05110637937253165 0.06429916123411539
834 0.04093730697173687 0.01674378762680295 0.04778862724826574
835 0.02123501438035585 0.03588701203645585 0.05276085936715178
836 0.03054821241482964 0.03792991544832423 0.03790128742721858
837 0.0434948349110825 0.03457834222067813 0.04044036263076603
838 0.02304330016725 0.04371182815038904 0.06942474270628798
839 0.03748134643996687 0.03206609304046106 0.07587152648277598
840 0.0376555810944288 0.03136082693060965 0.06419054540213617
841 0.03533257845743106 0.03520144550758148 0.05359689401542853
842 0.03762582348390002 0.05202643446363291 0.06172638436548012
843 0.04633040591445858 0.03163158074680814 0.0607417463976084
844 0.0235170771864692 0.03473008171370168 0.06656470512120996
845 0.05386839189303992 0.02963358842698492 0.04178750787101458
846 0.04634002104798838 0.04872423833362016 0.06145226072547332
847 0.05945237963672981 0.05728230749406591 0.07426911902870913
848 0.01247439160710288 0.05532935928451729 0.04704163020205628
849 0.0415007539244014 0.0243415370684653 0.06501119824660083
850 0.04003421892040602 0.0293916397846984 0.02267534322846105
851 0.04026341374010575 0.01969983496793723 0.05726126963524456
852 0.04422362598902592 0.05157563460967089 0.05104539126773484
853 0.05113495148944959 0.03845817226606721 0.05683312569463209
854 0.04758639084028132 0.04635745841408567 0.06895658892223132
855 0.052764100635688 0.01013753536099199 0.07274096241296941
856 0.04886864212546087 0.02987822632615232 0.05492552254713556
857 0.05985342967325867 0.06712984232193109 0.04223799098790651
858 0.02433010688276346 0.02720625815274118 0.02894369165327201
859 0.02923675421169057 0.04443774722444044 0.04641419368894636
860 0.03143218176505985 0.02334796488192829 0.0658233409740232
861 0.04848223011694756 0.03133811630255323 0.07179933657163345
862 0.03537072407072406 0.05480379430263324 0.04924375221567664
863 0.01812891341315703 0.03408490358818139 0.04339204717856564
864 0.03826019066384916 0.02402751560547626 0.04091241113099263
865 0.03263595742785314 0.06805506936016957 0.06757263008810638
866 0.04138926151156262 0.05477185692723908 0.07014539215631749
867 0.03090267649874272 0.03927797363209584 0.07046818860059903
868 0.04880521216267154 0.0586802542257992 0.07572574543797102
869 0.03371347439538807 0.06041147973132487 0.05022368947291173
870 0.0491354466567771 0.05464010804674716 0.05200523488019836
871 0.03275317268099788 0.04388401514410454 0.05548278039163527
872 0.05044717705834665 0.05244392155788474 0.06095440815672098
873 0.0574182832114191 0.01833532117173696 0.05791996278546571
874 0.04725247905682129 0.06740086392851823 0.01339965745333654
875 0.009266043056466567 0.04514178018155576 0.05161623250003065
876 0.04733108201098359 0.03852535729859216 0.0477185416732426
877 0.01414551164736185 0.06827573244386712 0.01115427053690967
878 0.02821072900844158 0.06915648709589078 0.03994507503292085
879 0.02481009554335848 0.03405874091963552 0.07656963009911612
880 0.0446551817462497 0.0548433983560477 0.05986149962980744
881 0.03245871387496406 0.02384827601702945 0.04435806613824385
882 0.02750851805130132 0.0319049470319838 0.05133427126935654
883 0.02551060961447438 0.05054244440824022 0.06568955830499223
884 0.03033224033074641 0.04871899259248083 0.06922775414177297
885 0.05489666794257921 0.04038312830210317 0.0700387207539115
886 0.05259682328306703 0.05074628437946008 0.07000450833456899
887 0.02275576311795529 0.0317967557051189 0.06085627073716567
888 0.04472914010822372 0.02190898092174047 0.07503405154340904
889 0.05683163751407943 0.03483501607144928 0.05744404534911169
890 0.03829858557003258 0.05473531285988213 0.03658030909582367
891 0.0418460365775686 0.06463572171425601 0.03061534954409176
892 0.04509505177223919 0.05638675472208146 0.05393686869864157
893 0.05770431679069039 0.02469147975613661 0.07508527408817332
894 0.01001057700651064 0.04818965858995805 0.04074374185885505
895 0.04545901891250909 0.07233748092433592 0.06487541173444654
896 0.01919733429470463 0.04794513338301954 0.03343961662016117
897 0.03045315756131703 0.02796470606825751 0.06967768959092054
898 0.02834702207332735 0.02634287996695956 0.07518363067191609
899 0.03609355323646727 0.02287697478163146 0.07522341585225702
900 0.06452478330588708 0.01069315831139796 0.07022707144873742
901 0.05861800658570417 0.056609652682119 0.04824810557672547
902 0.03100080278011787 0.0314540785059905 0.05770560132109674
903 0.01192942378734978 0.01194216338349569 0.07012005219866335
904 0.03171871032032984 0.02375441192300625 0.05025251044933354
905 0.01589289184147086 0.03963392840326388 0.07518444571911451
906 0.04328818740944163 0.01763056836183423 0.03961084233960187
907 0.04375551502435699 0.03951967921736217 0.06112207015793379
908 0.0482273078464749 0.05035781195054173 0.04767893399278413
909 0.04042307214314213 0.03391303679908002 0.05139918819328085
910 0.01450991687549507 0.03820624144198273 0.0630280612939467
911 0.008741265543378472 0.03512452117243518 0.0566624923589459
912 0.03390651762542854 0.05169137959574611 0.07599555090122044
913 0.0287418764612814 0.03911459801041945 0.06196434380177041
914 0.02412568010279405 0.04667730263833351 0.07608623645733389
915 0.06106843110132403 0.02009874848802853 0.04565158686413698
916 0.04186625545734633 0.007257404645093158 0.06375556955680584
917 0.03268277836049559 0.05721505228378539 0.07562592417111114
918 0.03479786100139094 0.0179755827056206 0.05253809125571504
919 0.05511639978610877 0.06979201877269757 0.05121892364551602
920 0.03196291850641973 0.05586253339239339 0.06724848891899113
921 0.04135379966624331 0.05166253433768857 0.07625526107347555
922 0.0593172018254492 0.04368473071457493 0.06985363140489556
923 0.05984627536227315 0.04562830593720341 0.07606420984248197
924 0.06858096541956878 0.02970198298708734 0.05811493036608019
925 0.05033821914880771 0.03876998367108091 0.06782008371761794
926 0.01622423232602079 0.03270984687126749 0.0510599512544071
927 0.0155650627906203 0.03526745172840599 0.07090544019053346
928 0.02812421529056802 0.06281289186531225 0.07422080474864784
929 0.034926188875568 0.04739213933201009 0.03913699890001635
930 0.06687967457221511 0.06429987153481319 0.03109435301201116
931 0.05516172862419914 0.02867453904181084 0.05736828523670767
932 0.02001812659463127 0.07114485812025946 0.07349094207009943
933 0.06805595882666093 0.01087549367638413 0.01124732442076516
934 0.03590054391475651 0.03965075196174373 0.06717270342575667
935 0.06191535681870834 0.03377408556108085 0.06547978839347526
936 0.04376205270133003 0.04361393855479815 0.04122290123250575
937 0.04610475940682149 0.03979243066019907 0.03732821212445378
938 0.04168205285399761 0.07234236547747419 0.05597011019837392
939 0.04428781664317252 0.0399724657254629 0.07601222045380863
940 0.06317712459653561 0.04176144011311922 0.04548449582069743
941 0.03312381673960416 0.04008161955006487 0.05230450839246036
942 0.03576368230801403 0.03121842519726124 0.07025831759171303
943 0.02983460404556323 0.03337516646431518 0.04118077542739432
944 0.03137537938427383 0.00781242608074137 0.06266616411389229
945 0.04626283992209589 0.009011366853258766 0.05623508624397072
946 0.02390734691361981 0.04997052120236332 0.04941506723139456
947 0.0210664037773776 0.04117889294309943 0.07602562975535222
948 0.01438453475352443 0.05118935877985185 0.0736959714795996
949 0.05469279705568941 0.0488656179034966 0.04096833575379956
950 0.04048584276545789 0.03125332799120315 0.04568508747188883
951 0.01202077783062496 0.01125638111222009 0.03664429816160121
952 0.07032800163098116 0.02642576891360861 0.03950012905291356
953 0.02358789419893172 0.064788845342198 0.0599745547097325
954 0.0490241752104256 0.02210850302070507 0.02780884895079215
955 0.03710697675528457 0.04376394885668263 0.06009179552596642
956 0.04535074562904243 0.03034995421216755 0.00975633730927627
957 0.02560763801033642 0.04171455069156719 0.05875143803189784
958 0.03633773064499562 0.03346235157590084 0.04759352410203101
959 0.07157471896101701 0.02043249063428754 0.07041350174769169
960 0.05326209943607325 0.03129372938307326 0.07056709331517702
961 0.03997427323577725 0.05378386993991117 0.04628696749042305
962 0.03637440859275563 0.03036500157219822 0.05538827832308314
963 0.02527718133519333 0.01154565055117784 0.04165240048019959
964 0.05398376535311669 0.04660955703117622 0.07651188898095214
965 0.03602819673585599 0.04438161567084058 0.07638687263893665
966 0.03794830479835409 0.05866404566455995 0.06933553180011408
967 0.05877788897665599 0.04498092026174912 0.05567501459940526
968 0.04638352732775588 0.04136677411510466 0.06531854817635697
969 0.008345338022283651 0.06072346125661988 0.06314912459854981
970 0.0568344588963205 0.03647640061955922 0.07659228877386028
971 0.04561543277351458 0.02532526081760977 0.06232167527699006
972 0.06368201577704516 0.02758380384185064 0.07351376027941882
973 0.038205065329909 0.03051388514758865 0.03792751400076927
974 0.02902819603164052 0.04094784735071448 0.05503752929628523
975 0.03879357251100395 0.02664085373310727 0.06201019399617617
976 0.04964263977876272 0.05649621204007278 0.05753644978784771
977 0.0568672568009783 0.0323906769411233 0.04606797591477006
978 0.07222380843322039 0.04814952180690563 0.06524034203955395
979 0.01131096934830505 0.06863215072526761 0.025263638483628
980 0.07049137426887368 0.04407097990623916 0.04684137674390024
981 0.04268064069013772 0.0565268045246988 0.06411567225587039
982 0.04569927556584936 0.0337348374888046 0.04515694244058779
983 0.05343998142637103 0.03623962561463041 0.04222903952009501
984 0.03416009196038788 0.03461951716570429 0.07656121276827495
985 0.04117429531350491 0.04330375956761524 0.05117591784872852
986 0.02616387116636661 0.04850079167371116 0.0581922496753493
987 0.05254965227473214 0.02628460804177364 0.05351479661634603
988 0.05498707042015408 0.02121088977276816 0.05064008460066581
989 0.04470054424087748 0.019100638374816 0.07058346064436914
990 0.05480918247918654 0.03794180510010722 0.05219592843402261
991 0.0604832304252975 0.03902236484562292 0.05276919287870496
992 0.06344883811399725 0.03921603961908899 0.07610465319563457
993 0.02412715626712039 0.03773354396077094 0.0769840088220218
994 0.05202600591101712 0.05160678094243118 0.05504792432879711
995 0.05662786064303021 0.05399941295269779 0.05743632735608721
996 0.06281125412365064 0.05006118265254646 0.04275240877245941
997 0.05139387042794289 0.04709337765950964 0.06235121232965476
998 0.05413403544277455 0.04562052375396355 0.06736728469519936
999 0.06122228922477594 0.0282028742510132 0.06549421083758024
1000 0.05812358270169406 0.02389693390166292 0.06906488019279709
1001 0.01578031299308386 0.04008357457632438 0.01358154612008616
1002 0.03019197737273804 0.04295290781782002 0.07624151807283858
1003 0.01849027969571755 0.03456223864703395 0.03298532034555343
1004 0.01084585033140306 0.04261351080787979 0.02840969159034117
1005 0.03569471099009879 0.04954837880833492 0.04852571531610471
1006 0.04439197773855636 0.02976180134813646 0.03436033834815014
1007 0.03848559265048407 0.05069896926304198 0.06734102364355454
1008 0.04972244476348052 0.0350656512234624 0.05267610482904875
1009 0.05126422511569187 0.0302628202556744 0.04970902482154365
1010 0.02860428810067143 0.05049848239635587 0.05114105830400269
1011 0.04595822600160387 0.0312750274893039 0.07655342752789106
1012 0.01280728277615822 0.0291493364246173 0.06198056311154818
1013 0.01181115301535923 0.01962475747629654 0.05929681582604274
1014 0.04553258224682263 0.04633799871348811 0.05679280164800207
1015 0.02600181476897464 0.0516046785447032 0.07642128503692762
1016 0.0252777993935103 0.0534978463476638 0.05257521792171402
1017 0.04303484580758158 0.04416201069976746 0.07083915386032522
1018 0.06926698531104006 0.07195736753091908 0.06463463844636431
1019 0.05072256513475664 0.06001179752420959 0.06873686094571005
1020 0.04131005166949327 0.03018117006009614 0.07656204342422213
1021 0.07271457225225966 0.03494407497891074 0.05076469875768577
1022 0.04086128147865584 0.02523793560075912 0.05058270698113156
1023 0.06856782875254568 0.03755514199758343 0.03794742307040384
1024 0.02541101979122359 0.03657205460377732 0.05352240994535839
1025 0.06001001949920214 0.04849025840106848 0.06015601927883461
1026 0.05752110110375389 0.01755494923398335 0.07486496296351003
1027 0.05163299687628749 0.05278087345104991 0.07605241440864952
1028 0.0380237362721099 0.06123427511344943 0.05319232257106692
1029 0.04511912631335625 0.04945976574585317 0.07590392670061277
1030 0.03807914393054661 0.0412476832579659 0.02524311631590124
1031 0.06043412858041895 0.05559138507603222 0.06489954963474297
1032 0.07051488091450928 0.06024687804122399 0.05796858812192997
1033 0.06175701753753169 0.03687520586289203 0.05739020125754811
1034 0.0368454453586275 0.03606001212406772 0.06253797191716597
1035 0.04103169983438709 0.02542194685927478 0.07633712380819756
1036 0.0427041735196704 0.0605712374711579 0.05198362047569166
1037 0.02655167045170955 0.01877533352620152 0.06835247329047259
1038 0.03054173917768705 0.02810465768017726 0.0640099174288406
1039 0.03320615887100505 0.03240106933578987 0.06409299174893815
1040 0.01997280076235719 0.04141560911777598 0.04531544782611029
1041 0.03188168874517203 0.06414957461101241 0.06199986282041552
1042 0.02624491474236747 0.02538653830164593 0.01159622243388551
1043 0.05088391013405989 0.04388232108660797 0.05053645335365602
1044 0.0451826985031851 0.03227604077452117 0.0664707371584328
1045 0.01822718655273866 0.02529842812667966 0.0680314233248789
1046 0.01351099610387762 0.02441648938776574 0.07492829139710243
1047 0.02419354706781945 0.02920459673368778 0.07632487956041112
1048 0.03318586622870852 0.02813035393407965 0.04746724588857382
1049 0.04488068255705452 0.02442107545472893 0.04151663247505928
1050 0.04358482959753186 0.04916884082281107 0.06647832951277222
1051 0.03360069171170865 0.04280164579350579 0.04731994268349048
1052 0.06903971786869315 0.04706131401752044 0.02427546047952147
1053 0.06815959245837262 0.06867822954113635 0.01171267534634212
1054 0.03206899113875899 0.06685882682024438 0.01312230197855339
1055 0.0551105209014497 0.05552326567266824 0.06989674381341117
1056 0.03937796107221782 0.04126583205702257 0.04486395948102517
1057 0.02151472523173523 0.05439030562343507 0.06702012606665991
1058 0.02416504345687222 0.0593763192498549 0.06405137998408851
1059 0.05190666473524788 0.02889373772722039 0.06298298959415391
1060 0.02831076662343438 0.05980506251256157 0.0617145904641405
1061 0.03952095769452396 0.0237267365415074 0.07056427338729457
1062 0.05283410286769748 0.03509440234784983 0.0194137844232534
1063 0.00770639708478448 0.04488419527750786 0.07350797009149811
1064 0.02635217063802083 0.02858178164653548 0.06131410930094334
1065 0.02551373632363294 0.02282627307959244 0.06190372198151899
1066 0.02191744393167985 0.0177819226788747 0.0581582667852628
1067 0.04917662724837794 0.02005807571798609 0.06706100536752388
1068 0.04512741588999807 0.02141092588724615 0.05156344158677199
1069 0.04373278111269049 0.03787046956891375 0.07194096672022911
1070 0.0385767661283756 0.07196330436078317 0.04394615782922211
1071 0.05382500063074367 0.06095749653431497 0.07473386427465391
1072 0.05938377940192598 0.06842026863294318 0.07263318653793041
1073 0.03144347126651589 0.02714852106415322 0.03786557244432322
1074 0.0624776916255978 0.03004780210744479 0.04091834951483084
1075 0.06208801439513867 0.02550040735496409 0.05846580522238708
1076 0.02030556613327683 0.02865717819201872 0.05517787044252485
1077 0.03883161682391508 0.03920041460170855 0.05884855948035659
1078 0.05378218556043775 0.03980493768814443 0.07602693400936436
1079 0.0344988390773611 0.04862395739510861 0.07073487740818696
1080 0.04303426116634155 0.03000383518920933 0.04918274645401268
1081 0.06695577349448312 0.06035051455070218 0.04403265296722799
1082 0.03485720321615157 0.06403129884053116 0.07541697207473314
1083 0.01943328024647972 0.04021191579750176 0.06034635387303001
1084 0.05251656736663552 0.03959113880797863 0.0352793547327904
1085 0.009289567010412569 0.03605424147904248 0.03692497385235007
1086 0.03610472368046912 0.0389069250005037 0.03960802859860689
1087 0.0372300846721967 0.05428586459650545 0.05772901839879238
1088 0.0311927117806468 0.04772585216286142 0.04893650400831971
1089 0.04144357634833883 0.045820908412089 0.07638015810010053
1090 0.03625914872283444 0.04151711392895636 0.07146012909854775
1091 0.03532088713089416 0.007315943224274065 0.07275761551358444
1092 0.03265899705433775 0.03656669596568638 0.04877403823931284
1093 0.04730050959361422 0.05193818982998775 0.07074053151892547
1094 0.06439841532914167 0.05136881390093798 0.06881276042112273
1095 0.05447890287062347 0.03413893617399484 0.06317401104574133
1096 0.0479039656259095 0.02386258393436562 0.07139201736610351
1097 0.05191684948644335 0.02311498930728423 0.07577963045196413
1098 0.03986921266798041 0.03091150015299226 0.05959586720779911
1099 0.05008211611450381 0.03518381161611372 0.06425552453165423
1100 0.02418441404883185 0.07232866752573043 0.06530026701188676
1101 0.04934707217375563 0.02888453705957983 0.0768654038849543
1102 0.02815568295226211 0.0445849996922855 0.07175226730762953
1103 0.05452439722386841 0.03361186138265527 0.05022744404262582
1104 0.05894237141628949 0.03372947111832005 0.05174446668452157
1105 0.04106132291921518 0.04725989652144715 0.04918719820531418
1106 0.02593779873227611 0.0233268927799012 0.04883827497291176
1107 0.02885588859797966 0.06085270246884861 0.06790419468130636
1108 0.04570192051355131 0.0100940907383742 0.01053274597138633
1109 0.02279766386896472 0.04582114995590459 0.05201485217892338
1110 0.03963827206535378 0.05586771518501371 0.0520895239162157
1111 0.03259693907103374 0.02520839967116499 0.07666184286456949
1112 0.01753424936578968 0.05139461987464112 0.05803915616371957
1113 0.05747707718955704 0.03483994550781062 0.07211238837906685
1114 0.04806473376434989 0.01673014014003531 0.04860862541501939
1115 0.03427693226726808 0.02614532744357205 0.07177044292972792
1116 0.04292474469258233 0.02424525471103637 0.05494063031868039
1117 0.04667362038846477 0.05711458283274853 0.07021000708117242
1118 0.029248428895796 0.03171513206282615 0.07683702261259111
1119 0.03137962960464166 0.05800294869944445 0.03348778399777894
1120 0.03924955332671436 0.05655784568600619 0.07680077783872656
1121 0.02724874651680662 0.04644827836610844 0.05042714681690776
1122 0.04522493353917263 0.05140646972442878 0.03458018155754708
1123 0.04459527387862813 0.03697303465625903 0.05176389197248052
1124 0.0257529464892737 0.05398729345389974 0.06137200941837721
1125 0.01985212151446596 0.03393763856559871 0.0762123030760951
1126 0.02155014979644617 0.03281529409758523 0.07101402201447296
1127 0.05647242657651409 0.04615339601939634 0.01007783708499898
1128 0.02641908956968626 0.01876299860255905 0.07500526825190483
1129 0.04850600812424338 0.04849420454753002 0.05270043398257371
1130 0.05766722130652803 0.0406827288543153 0.0650836571428898
1131 0.02860244937726787 0.06122688084579629 0.04608378400089386
1132 0.07162849792840432 0.05340288944621104 0.0408579179037876
1133 0.02362606663171115 0.05316785253351355 0.05697812302509567
1134 0.0479657281908338 0.03099082291282804 0.04119894801813653
1135 0.03504953739738909 0.02394953804088389 0.05429029107579484
1136 0.03480118294802088 0.03526354932131446 0.0673126460261842
1137 0.04171486637908237 0.0484895287490598 0.05976285139079559
1138 0.02263260126866541 0.01063363142554997 0.06508873412436877
1139 0.04820906975692398 0.02433582052103032 0.05615253132110867
1140 0.06169594370815245 0.06443857491350793 0.06180175294162224
1141 0.0589884763186649 0.03867734242003566 0.0430218372208914
1142 0.05984241180207741 0.04379499657460496 0.03804787589397889
1143 0.0605397609201522 0.05215029853790647 0.03390636360558892
1144 0.05351646396160133 0.05375529903886997 0.04958274334918166
1145 0.05740965723645069 0.05060190501163585 0.0469580766680389
1146 0.03398131105108147 0.01890414173862881 0.06530369013473403
1147 0.03800521572721389 0.04001084325382297 0.07646226715082408
1148 0.04464973783647837 0.05988342507609943 0.05756329929510715
1149 0.05286134879854654 0.02299273349471308 0.07048793178337069
1150 0.04534442593436137 0.02480746123697804 0.04766481180224667
1151 0.05407531218840957 0.0421801776303329 0.04087916811664837
1152 0.0344327475742122 0.06363236550456644 0.05675727792271263
1153 0.03380481838703055 0.0510187230035059 0.05947973422735591
1154 0.04321352056906518 0.06529269605316342 0.06615636970987923
1155 0.03470158096876653 0.04106092467371117 0.06270839664888282
1156 0.05484852742307769 0.008856515375182545 0.02261609796892981
1157 0.05615276650619598 0.02881844038990812 0.0512696214424601
1158 0.02592240827724086 0.03582458624483363 0.06321599952744347
1159 0.03541180154058442 0.05553403375064217 0.06969047487309607
1160 0.06385653092190532 0.05003288197626472 0.05543806375533531
1161 0.03474299636221909 0.02184556883393454 0.05977851507556548
1162 0.07169789806721882 0.02170020378533602 0.05792921654843833
1163 0.04583166389367967 0.04615034258943582 0.04447076963996044
1164 0.04174059594656496 0.02365263617364878 0.06022752188828178
1165 0.03857604184695378 0.0490495702450906 0.04519478383798396
1166 0.02099343162633714 0.07141909574689297 0.05318977133838129
1167 0.03477332113015391 0.03371464148402457 0.03963588840581073
1168 0.06355373701647375 0.03287936613794459 0.060261997377271
1169 0.06541126234139641 0.03525314047812102 0.07064252160674699
1170 0.05974770441375619 0.04215376804887199 0.0610863402132517
1171 0.05577387806336455 0.04326008265589205 0.07699083521020367
1172 0.02549075485598575 0.04699424986970752 0.06221463445153193
1173 0.05045723301194304 0.06077403994746983 0.04018540213393212
1174 0.05832089363207861 0.03111464070962554 0.07616619809183307
1175 0.0368571117422901 0.02342399840762677 0.06513484942279402
1176 0.04617446703484649 0.06898823638976784 0.04986820061782066
1177 0.02497661081456398 0.02669294111757178 0.05704018474618321
1178 0.04725059532861158 0.05316299436683056 0.07666367725441728
1179 0.03369246064624701 0.04760202452327223 0.07679235642539999
1180 0.02845925280244321 0.05306182914998861 0.06886788659596074
1181 0.06720941341264614 0.03816700721018225 0.05537572584458988
1182 0.03963555447765154 0.05593092270718035 0.06080151474779272
1183 0.05435902228724705 0.04749715432721133 0.02272745298879256
1184 0.01929836447826775 0.01819845345353229 0.07326037743116456
1185 0.05293988477990666 0.04300062728523504 0.05571494920100698
1186 0.0307830135853806 0.04130063256992077 0.06548899229240938
1187 0.03447482194153707 0.04936570569609942 0.06462613067123556
1188 0.02864991582979126 0.05644734787657425 0.05726596063152876
1189 0.02706882970995662 0.04469128518304391 0.054797978688561
1190 0.04667769414363446 0.03663836899985695 0.05951206888464623
1191 0.0461594932474204 0.04168199367288389 0.05050404216352385
1192 0.06467487057172165 0.03813262083616538 0.06398175875622955
1193 0.04247177186453999 0.02697858776250998 0.07197076130546783
1194 0.04967359493026116 0.02481048184359397 0.04378856992372966
1195 0.023682069793096 0.04668917765064321 0.06601519234168041
1196 0.04338479725704413 0.0449353203608417 0.03650346670602862
1197 0.04360853364760454 0.03882807767847791 0.04374519974304299
1198 0.05442992595454862 0.03811856316395826 0.06083470684144562
1199 0.03576416616507484 0.02758617606564106 0.07665959626670743
1200 0.04529352620900381 0.06558314004603677 0.06052579093989877
1201 0.01093602006743974 0.02811509764437004 0.04574095305553748
1202 0.04650864236084579 0.0613672497985548 0.04792217611098659
1203 0.05084061709521278 0.05350453676219188 0.03828536943578818
1204 0.07141948485796952 0.06956271485870968 0.04536692136311042
1205 0.0373700996630913 0.05147537730823446 0.07160014113806722
1206 0.02073171890880433 0.03870501374211022 0.05617556417230043
1207 0.03712535939002211 0.04523707137908999 0.04324331924585655
1208 0.03874298073373105 0.04368513143877169 0.03914817485951273
1209 0.04924140180986269 0.0451329665269377 0.03875316736108857
1210 0.03651417748977961 0.05167315840820973 0.0536711084006778
1211 0.02143714178659758 0.04991899155865798 0.0545827277193746
1212 0.01608713410822398 0.04806560705615892 0.05396588764227572
1213 0.0293474692722327 0.04008066550343799 0.04299230925207917
1214 0.0346240636855993 0.006298887419141511 0.05028573867390311
1215 0.06046164126741715 0.03011913108442868 0.05517642725316857
1216 0.05355536538104257 0.02758738232919417 0.07684904602057381
1217 0.04366323463517777 0.05935269723760202 0.07578797396040585
1218 0.04028387966265742 0.06496364756349922 0.04804947699559526
1219 0.05015893408138917 0.02776886083904852 0.06903070901637536
1220 0.05296432181188798 0.04695240042699673 0.05402745904401453
1221 0.03725752396061244 0.04205357601700464 0.05025177001347746
1222 0.03699647221100794 0.04290480283485035 0.05485446879548291
1223 0.05333495475253349 0.02314645075284543 0.05704225293616889
1224 0.02210297528721406 0.03209873325299154 0.05290248186572229
1225 0.04943980632002092 0.02517463938518651 0.05045190527278912
1226 0.04954419376906763 0.02162762336698126 0.04808969043624126
1227 0.05001791437394119 0.04729498330074067 0.05769101205769951
1228 0.02935413843503839 0.03587775094811881 0.06616763523098558
1229 0.04958119609807166 0.03924428756319045 0.06237433640186441
1230 0.02068237818582328 0.03592932147616548 0.06186640646787375
1231 0.01797582068909124 0.05505337414430382 0.04044485081388115
1232 0.05311727288112467 0.02281102437304868 0.06532816218770601
1233 0.01514151096408256 0.0523223015027196 0.06441024282006989
1234 0.03268746219632829 0.05283978588250849 0.07155642337006593
1235 0.007977374812112449 0.01853869396118562 0.05034748365234519
1236 0.007604148070916792 0.00728198392388118 0.05061528869335388
1237 0.02137004715425903 0.0586111120041426 0.03270482977903971
1238 0.04721072648382345 0.02513642006047978 0.07669667411378818
1239 0.06135403232468956 0.04689342888106585 0.04911147788394437
1240 0.008262852549486277 0.03376769492663685 0.06566738459915622
1241 0.04118865609094278 0.02207321641908387 0.04615364284494836
1242 0.03002706807398006 0.01403263706968822 0.06869088112511078
1243 0.03095519024415198 0.03523645375089683 0.06145776128018601
1244 0.04203317240324662 0.04349673711696231 0.06162220429471374
1245 0.04041666061920178 0.00934007121660776 0.04014380392079066
1246 0.01372674492463661 0.03292442965148156 0.07572156996525586
1247 0.04190926138886387 0.03520525321823747 0.06255904546699284
1248 0.06311910309806348 0.01866532236827156 0.0537215158451874
1249 0.0680119158890977 0.02326465312737156 0.01314190220893532
1250 0.02687109368959029 0.03405785981648794 0.05944999051979264
1251 0.03089364738200439 0.0101252151458978 0.01816255030991292
1252 0.06359375597637605 0.04016615376021715 0.07088703731368108
1253 0.04973902631627232 0.02350050734679688 0.06179822593458503
1254 0.02343317899989618 0.03957476682725049 0.06376663393017569
1255 0.008676878179465631 0.06707316757247599 0.0470638051205384
1256 0.03043408714133752 0.02145743603235247 0.07682961907899478
1257 0.0271289158621432 0.04176747432773156 0.05121154966767887
1258 0.02279706887513927 0.03337268420035796 0.04859300977995921
1259 0.04402306873102322 0.03461359112012817 0.0766267578440033
1260 0.009021233921923815 0.02797504404937255 0.009215575669667386
1261 0.0271404808715369 0.05659377293631156 0.07642872746795915
1262 0.0299218154009819 0.05709684713628334 0.0712992851537899
1263 0.03522559535568778 0.0180639766458291 0.07659076388126164
1264 0.03043232168000526 0.04753112554214525 0.05406466066341073
1265 0.01444793494054964 0.0417874722603845 0.04571031486851815
1266 0.06072127201726913 0.0099340518591387 0.03724540400018125
1267 0.05478889697662346 0.008221010711293289 0.04420178521408291
1268 0.03318906551726838 0.02081165083881653 0.02670106404912798
1269 0.03226138596711842 0.05967027288639876 0.05955200303227564
1270 0.03284142850887367 0.01817655473113813 0.07059744184828864
1271 0.04189234153404025 0.03948341934414143 0.04934060337311738
1272 0.02258006495784538 0.0281796253210635 0.07092399717825697
1273 0.04751599563493333 0.04604788173130709 0.06452466587877385
1274 0.02525190301240252 0.04368563290871071 0.04293168757206802
1275 0.04603843286061526 0.05318532509381145 0.01039118212741496
1276 0.04198188960880445 0.04833714842549442 0.05404847949722145
1277 0.05073355718938984 0.03473789556846775 0.07037846881272805
1278 0.01432307406431384 0.05512091313135887 0.01047969870797721
1279 0.04908313912983665 0.04701262906977777 0.07682040427623214
1280 0.00754020605476007 0.07178663835250029 0.05657099334161241
1281 0.06870324774050952 0.03326877791908644 0.07477834128104192
1282 0.07057182150527942 0.04985254439150495 0.07385566118422869
1283 0.03455305535950016 0.04587844337258184 0.05174562331536794
1284 0.04778002042950908 0.02832485266336034 0.06421166785833202
1285 0.0294012274461904 0.04615084163204727 0.04174767964325919
1286 0.05884602276634252 0.04213650303703702 0.04887593696316323
1287 0.01978442734501736 0.06234331064137914 0.04700903003168239
1288 0.03901888355691463 0.03834908443687756 0.07107902421276266
1289 0.07054543121477853 0.05195256206459999 0.009451534394419262
1290 0.02998593998460007 0.07163133552996415 0.07393925322271261
1291 0.05254777312954798 0.04961591286195439 0.04574029734047671
1292 0.03809190606286783 0.04610382616550433 0.07193071151940691
1293 0.02604537817628304 0.04292943233883187 0.06401520192864568
1294 0.02115026782166836 0.06289091669633091 0.06766127623154716
1295 0.04856298289818576 0.04179490162174889 0.07677944358645629
1296 0.04705194372258222 0.07278788168855946 0.0739285006435884
1297 0.03967460659446859 0.03175517518884702 0.07219665045572624
1298 0.01981658892285636 0.008008779313925966 0.04845027271284345
1299 0.04259969908168922 0.01744098091459835 0.07634046103069543
1300 0.04953137821197816 0.03892247494073427 0.07261766438245773
1301 0.02465380524520135 0.02830938224588982 0.05161339487407275
1302 0.02389228366292226 0.01650278555784786 0.05088400503318314
1303 0.05446074859879663 0.02726382434962164 0.07244717567043796
1304 0.03776086811787973 0.01392467446675842 0.07506766262492906
1305 0.03264830527288672 0.03296613842567805 0.0452601029840486
1306 0.03752431977178789 0.02585159439997631 0.04558225784846178
1307 0.01808425724029102 0.03792697609629549 0.05043617113004185
1308 0.0411036027841576 0.04573894347267166 0.04432694589024204
1309 0.006181839754399012 0.027609536547252 0.05974578999269192
1310 0.02251049107423099 0.03423713641741186 0.05695571486582627
1311 0.01154638903187145 0.02947637783909813 0.07070921514853912
1312 0.01777575353359757 0.06092740097780627 0.07434260301038555
1313 0.0429058518620717 0.01204726754783396 0.02476273397467601
1314 0.00933911221919625 0.02206348647760661 0.02602677053650287
1315 0.03607466180239981 0.01892974202958375 0.04417275812073986
1316 0.02493752959393492 0.0513780283833651 0.0390845822849533
1317 0.05649358878416066 0.04605706192559835 0.06233885679807859
1318 0.03319753864808393 0.04393875279348637 0.06915196686256514
1319 0.04234112245398064 0.06497977313818933 0.07611276687528835
1320 0.02762882186480733 0.01999853503563313 0.0431876053174907
1321 0.06118523190242534 0.03226616620713519 0.07011447941746514
1322 0.07599477713764535 0.02825516100651569 0.07566164917679169
1323 0.007667025472707307 0.0448809659844252 0.006901749544876895
1324 0.07464874720669276 0.03723885990958362 0.005421378308172788
1325 0.03886897374313513 0.07510536815337801 0.07578103663173527
1326 0.07435977278613753 0.07265903111513018 0.03537662681948803
1327 0.02387843319958577 0.00853674268420941 0.008388941267341693
1328 0.06574104341881772 0.004961196801493793 0.005063293526235709
1329 0.008330291417911698 0.007910734131931926 0.02543492542767776
1330 0.06581730144456512 0.07512211443374736 0.005014973861290285
1331 0.07341170709108955 0.00572615101308045 0.06309788384959146
1332 0.03985234224031555 0.07396534516005845 0.005706109284836188
1333 0.07276880909575939 0.006961065645181059 0.03566317133736643
1334 0.07503262964591169 0.07514247187395331 0.01418156466775412
1335 0.005677485276240683 0.06490815374809855 0.00502714633075312
1336 0.07500793976489467 0.06540556098933126 0.005147853673417064
1337 0.005031805065360042 0.01475974193015108 0.005139621023340283
1338 0.07483224126064184 0.01507750473118194 0.005293285647125702
1339 0.007207078845506454 0.07270626085937205 0.03516909647952231
1340 0.01844824740808137 0.005481605336062155 0.07471136195898233
1341 0.005882114567674433 0.07503732852446351 0.01533802109316628
1342 0.07488231136883715 0.005524040400317291 0.01554662527346978
1343 0.00526162584131297 0.02595268083661061 0.07474218160565158
1344 0.06657224757680549 0.07403463941564425 0.0743450387136992
1345 0.0461956131819896 0.005492090244428679 0.07425559939058132
1346 0.07458405213844019 0.05580239850535289 0.07487676923543368
1347 0.07409930845016331 0.01474610893066019 0.07560926024506334
1348 0.007987273952494255 0.05780753898057157 0.0734709191065257
1349 0.01597760965663171 0.07530396693663298 0.004902739305342805
1350 0.007216185736247758 0.07366889530328924 0.06569003145062516
1351 0.02868203383520044 0.004180810175783115 0.07556286450166556
1352 0.06316412936466345 0.005165785640968059 0.07542360396569592
1353 0.03571991447300236 0.007546455389541811 0.007007894216764403
1354 0.07281852797010965 0.07255280946125547 0.02336792210659047
1355 0.05621495600792733 0.07286883752709424 0.007342849226460192
1356 0.004724286980395938 0.07485925564441362 0.025344441372575
1357 0.0735803238108637 0.005629246968808938 0.0747902075317395
1358 0.07458658160903478 0.02608657241473323 0.005685374659833035
1359 0.005484448783750769 0.05464949078543161 0.004896426131213563
1360 0.0251633329793116 0.07459920908974287 0.008152520599084157
1361 0.07479179995791436 0.00503871114382486 0.02560516856840358
1362 0.05713484888335175 0.00805972838618684 0.008450479359490989
1363 0.07435175419464211 0.07440245005559143 0.005626276334298021
1364 0.00531476624966049 0.005315539054451062 0.01496633551493093
1365 0.004638697552128316 0.015615047220658 0.07506718638716035
1366 0.005300285267713223 0.005127100427912603 0.03725193904945601
1367 0.00558340572218511 0.005374920993108811 0.06460911826292107
1368 0.01446009417414938 0.005109799931658303 0.005124040297287909
1369 0.006127797862196259 0.07432357333225523 0.005580503657093815
1370 0.07211141041621924 0.06593495585307591 0.07390702454088727
1371 0.005156691230605969 0.05142984988804322 0.07468032339816892
1372 0.07337752754423413 0.07236682916092818 0.05453063149568881
1373 0.005718451320845755 0.005734723726220418 0.005761261605593388
1374 0.07427586707019966 0.005598272576501019 0.005695312636548103
1375 0.07418922259362012 0.00491043092963268 0.04858705329695347
1376 0.00830880345239097 0.07405040085378603 0.07371822711352809
1377 0.07397136921245984 0.07421470067496232 0.07460090254656911
1378 0.006122289837736421 0.006116370269653761 0.07473508577325898
1379 0.009019116627259842 0.06612388805014648 0.07213996402844992
$EndNodes
$Elements
6533
1 4 2 1 1 720 744 586 1086
2 4 2 1 1 614 803 748 990
3 4 2 1 1 586 744 720 1051
4 4 2 1 1 586 1051 720 1213
5 4 2 1 1 675 884 643 1187
6 4 2 1 1 1124 1133 796 639
7 4 2 1 1 548 848 633 1255
8 4 2 1 1 241 560 857 919
9 4 2 1 1 571 1329 951 1314
10 4 2 1 1 80 1377 355 1344
11 4 2 1 1 909 962 707 841
12 4 2 1 1 694 841 793 941
13 4 2 1 1 868 1027 611 1071
14 4 2 1 1 765 885 577 1078
15 4 2 1 1 427 716 428 914
16 4 2 1 1 852 566 961 1110
17 4 2 1 1 562 793 694 841
18 4 2 1 1 611 1027 868 1178
19 4 2 1 1 872 994 976 995
20 4 2 1 1 572 660 217 865
21 4 2 1 1 602 853 705 889
22 4 2 1 1 605 941 795 1257
23 4 2 1 1 650 872 578 976
24 4 2 1 1 514 1093 1050 854
25 4 2 1 1 3 20 125 1376
26 4 2 1 1 853 889 602 990
27 4 2 1 1 603 945 804 723
28 4 2 1 1 1370 1344 1377 1018
29 4 2 1 1 594 667 665 1248
30 4 2 1 1 1306 950 517 792
31 4 2 1 1 532 718 786 966
32 4 2 1 1 551 910 709 674
33 4 2 1 1 554 769 842 1137
34 4 2 1 1 509 661 1139 723
35 4 2 1 1 605 974 941 1257
36 4 2 1 1 554 842 825 1137
37 4 2 1 1 248 874 891 1054
38 4 2 1 1 980 996 940 1239
39 4 2 1 1 385 733 657 921
40 4 2 1 1 509 1068 1116 1139
41 4 2 1 1 803 990 1286 748
42 4 2 1 1 683 930 1143 628
43 4 2 1 1 515 795 941 1257
44 4 2 1 1 852 892 566 1110
45 4 2 1 1 653 528 805 918
46 4 2 1 1 1348 948 738 588
47 4 2 1 1 854 886 663 998
48 4 2 1 1 734 784 535 798
49 4 2 1 1 893 972 582 1174
50 4 2 1 1 541 723 603 1067
51 4 2 1 1 823 861 779 1219
52 4 2 1 1 795 941 605 1092
53 4 2 1 1 414 457 458 1299
54 4 2 1 1 308 291 671 1042
55 4 2 1 1 385 657 733 912
56 4 2 1 1 605 793 841 941
57 4 2 1 1 839 371 441 1020
58 4 2 1 1 532 1217 718 866
59 4 2 1 1 677 523 838 1102
60 4 2 1 1 722 577 885 1078
61 4 2 1 1 1331 959 667 900
62 4 2 1 1 536 978 767 1032
63 4 2 1 1 557 774 656 867
64 4 2 1 1 677 523 1102 867
65 4 2 1 1 577 886 998 663
66 4 2 1 1 832 973 587 1006
67 4 2 1 1 371 1020 778 1259
68 4 2 1 1 576 767 1032 1160
69 4 2 1 1 514 1050 1093 724
70 4 2 1 1 440 778 839 984
71 4 2 1 1 969 1348 588 1379
72 4 2 1 1 681 277 956 534
73 4 2 1 1 518 587 717 836
74 4 2 1 1 552 748 645 1043
75 4 2 1 1 536 1032 767 1160
76 4 2 1 1 276 278 277 534
77 4 2 1 1 358 964 763 923
78 4 2 1 1 80 1377 1344 261
79 4 2 1 1 886 1027 763 1055
80 4 2 1 1 112 1001 634 1260
81 4 2 1 1 769 892 852 1110
82 4 2 1 1 277 956 534 1042
83 4 2 1 1 681 277 534 276
84 4 2 1 1 734 784 798 919
85 4 2 1 1 625 801 804 802
86 4 2 1 1 562 1077 1034 707
87 4 2 1 1 624 975 808 1098
88 4 2 1 1 1306 950 792 561
89 4 2 1 1 744 720 1056 1086
90 4 2 1 1 779 823 580 861
91 4 2 1 1 854 998 663 765
92 4 2 1 1 636 576 980 1239
93 4 2 1 1 622 852 961 1110
94 4 2 1 1 595 829 675 1124
95 4 2 1 1 823 1096 545 664
96 4 2 1 1 135 600 599 924
97 4 2 1 1 277 534 278 1042
98 4 2 1 1 469 433 432 1319
99 4 2 1 1 562 1077 707 841
100 4 2 1 1 517 817 624 1022
101 4 2 1 1 561 761 648 950
102 4 2 1 1 697 784 578 976
103 4 2 1 1 795 1051 941 1092
104 4 2 1 1 645 994 776 1144
105 4 2 1 1 509 661 1068 1139
106 4 2 1 1 602 705 853 1008
107 4 2 1 1 515 941 974 1257
108 4 2 1 1 730 753 616 1009
109 4 2 1 1 1306 950 561 648
110 4 2 1 1 514 886 854 998
111 4 2 1 1 664 545 823 971
112 4 2 1 1 20 1379 1376 354
113 4 2 1 1 808 975 574 1098
114 4 2 1 1 538 890 696 929
115 4 2 1 1 440 778 984 1147
116 4 2 1 1 517 1048 648 1306
117 4 2 1 1 523 777 838 1102
118 4 2 1 1 769 852 622 1110
119 4 2 1 1 811 962 841 902
120 4 2 1 1 755 1131 539 754
121 4 2 1 1 633 969 548 1255
122 4 2 1 1 576 996 980 1239
123 4 2 1 1 1078 885 1300 765
124 4 2 1 1 721 757 550 929
125 4 2 1 1 536 798 1032 1160
126 4 2 1 1 675 643 884 777
127 4 2 1 1 479 972 893 1174
128 4 2 1 1 511 986 1211 1133
129 4 2 1 1 611 1027 886 1055
130 4 2 1 1 595 829 1124 1188
131 4 2 1 1 730 1009 616 1225
132 4 2 1 1 550 757 756 929
133 4 2 1 1 1327 1042 827 1251
134 4 2 1 1 85 1379 114 125
135 4 2 1 1 808 975 624 1164
136 4 2 1 1 1327 1042 1251 671
137 4 2 1 1 559 867 617 656
138 4 2 1 1 593 99 1001 1004
139 4 2 1 1 623 690 512 845
140 4 2 1 1 846 880 606 1137
141 4 2 1 1 278 534 276 824
142 4 2 1 1 523 1228 867 559
143 4 2 1 1 517 624 817 962
144 4 2 1 1 977 1009 623 1157
145 4 2 1 1 232 560 1070 891
146 4 2 1 1 397 899 1035 678
147 4 2 1 1 909 962 841 517
148 4 2 1 1 1350 969 797 1379
149 4 2 1 1 697 734 535 870
150 4 2 1 1 1306 950 648 517
151 4 2 1 1 577 886 610 998
152 4 2 1 1 562 1077 841 694
153 4 2 1 1 793 841 562 902
154 4 2 1 1 605 841 793 902
155 4 2 1 1 932 1379 1376 797
156 4 2 1 1 645 552 749 1291
157 4 2 1 1 891 1070 232 878
158 4 2 1 1 556 821 1126 1272
159 4 2 1 1 643 777 675 573
160 4 2 1 1 657 917 393 1120
161 4 2 1 1 3 20 1376 354
162 4 2 1 1 542 762 853 1008
163 4 2 1 1 707 962 817 1098
164 4 2 1 1 690 623 988 1157
165 4 2 1 1 675 883 777 884
166 4 2 1 1 664 802 545 971
167 4 2 1 1 514 800 1093 886
168 4 2 1 1 539 740 639 1188
169 4 2 1 1 769 592 842 1137
170 4 2 1 1 914 838 947 716
171 4 2 1 1 422 917 718 1120
172 4 2 1 1 517 950 648 958
173 4 2 1 1 704 772 626 845
174 4 2 1 1 707 562 841 962
175 4 2 1 1 1054 593 686 877
176 4 2 1 1 969 1379 114 85
177 4 2 1 1 103 1329 1314 951
178 4 2 1 1 346 1128 898 1256
179 4 2 1 1 592 880 846 1137
180 4 2 1 1 1054 593 877 1278
181 4 2 1 1 355 1377 44 1370
182 4 2 1 1 575 750 727 1095
183 4 2 1 1 535 697 870 976
184 4 2 1 1 740 953 639 1060
185 4 2 1 1 679 942 774 984
186 4 2 1 1 1054 593 1278 824
187 4 2 1 1 574 975 808 1164
188 4 2 1 1 524 675 884 1180
189 4 2 1 1 716 806 428 914
190 4 2 1 1 593 1001 99 1278
191 4 2 1 1 285 824 1054 1278
192 4 2 1 1 577 763 663 964
193 4 2 1 1 1183 682 683 668
194 4 2 1 1 784 919 814 1140
195 4 2 1 1 768 1180 596 1262
196 4 2 1 1 843 1190 707 1247
197 4 2 1 1 774 942 557 984
198 4 2 1 1 659 1190 843 1247
199 4 2 1 1 1370 1344 1018 1072
200 4 2 1 1 578 784 650 976
201 4 2 1 1 661 723 594 873
202 4 2 1 1 539 862 706 754
203 4 2 1 1 920 596 1180 1262
204 4 2 1 1 803 990 614 521
205 4 2 1 1 648 565 1048 1305
206 4 2 1 1 595 739 1087 766
207 4 2 1 1 122 9 2 1373
208 4 2 1 1 776 994 645 1220
209 4 2 1 1 576 1032 798 1160
210 4 2 1 1 453 868 1027 1178
211 4 2 1 1 603 855 818 916
212 4 2 1 1 615 746 992 1252
213 4 2 1 1 658 816 399 1015
214 4 2 1 1 551 759 910 674
215 4 2 1 1 595 1087 739 1182
216 4 2 1 1 613 779 861 1219
217 4 2 1 1 248 891 686 1054
218 4 2 1 1 1149 1097 1026 893
219 4 2 1 1 394 1027 964 1279
220 4 2 1 1 577 663 998 765
221 4 2 1 1 518 788 858 1073
222 4 2 1 1 528 654 688 1135
223 4 2 1 1 514 1093 800 724
224 4 2 1 1 605 506 1024 882
225 4 2 1 1 706 539 766 862
226 4 2 1 1 574 808 971 1164
227 4 2 1 1 657 718 584 917
228 4 2 1 1 601 799 960 1113
229 4 2 1 1 508 1087 739 766
230 4 2 1 1 635 803 983 521
231 4 2 1 1 277 278 280 1042
232 4 2 1 1 823 1096 664 1219
233 4 2 1 1 542 853 762 1190
234 4 2 1 1 811 654 962 902
235 4 2 1 1 699 934 1034 1136
236 4 2 1 1 114 1379 1350 125
237 4 2 1 1 743 1092 811 1305
238 4 2 1 1 1377 44 7 355
239 4 2 1 1 539 706 1010 754
240 4 2 1 1 651 1045 821 1065
241 4 2 1 1 80 1377 261 7
242 4 2 1 1 559 617 867 523
243 4 2 1 1 524 884 675 1187
244 4 2 1 1 751 678 899 1270
245 4 2 1 1 654 517 811 962
246 4 2 1 1 562 1077 694 1034
247 4 2 1 1 1074 1141 1023 626
248 4 2 1 1 534 681 276 824
249 4 2 1 1 1350 969 1379 114
250 4 2 1 1 577 1078 722 1171
251 4 2 1 1 545 849 823 971
252 4 2 1 1 707 562 962 1098
253 4 2 1 1 584 786 718 966
254 4 2 1 1 749 775 618 876
255 4 2 1 1 1378 14 1367 214
256 4 2 1 1 848 875 540 1212
257 4 2 1 1 823 1096 1219 779
258 4 2 1 1 563 1017 1089 1292
259 4 2 1 1 566 702 961 1110
260 4 2 1 1 743 586 1092 1305
261 4 2 1 1 557 656 774 984
262 4 2 1 1 929 720 721 1208
263 4 2 1 1 516 1081 996 1143
264 4 2 1 1 517 841 811 962
265 4 2 1 1 391 385 733 912
266 4 2 1 1 742 855 603 916
267 4 2 1 1 88 1329 1364 827
268 4 2 1 1 573 913 694 1155
269 4 2 1 1 518 836 717 550
270 4 2 1 1 1041 1060 740 1269
271 4 2 1 1 808 856 817 843
272 4 2 1 1 1333 148 770 665
273 4 2 1 1 653 747 528 918
274 4 2 1 1 920 675 524 1180
275 4 2 1 1 163 576 767 1032
276 4 2 1 1 869 1218 702 685
277 4 2 1 1 672 701 532 981
278 4 2 1 1 217 660 572 895
279 4 2 1 1 872 976 650 995
280 4 2 1 1 1378 14 214 1
281 4 2 1 1 744 761 586 1086
282 4 2 1 1 1062 273 583 956
283 4 2 1 1 615 758 746 1252
284 4 2 1 1 753 817 616 856
285 4 2 1 1 542 817 753 856
286 4 2 1 1 699 1034 934 510
287 4 2 1 1 817 856 542 843
288 4 2 1 1 394 450 1027 1279
289 4 2 1 1 600 746 134 599
290 4 2 1 1 744 569 909 1271
291 4 2 1 1 535 784 697 976
292 4 2 1 1 841 958 811 1092
293 4 2 1 1 606 880 769 1137
294 4 2 1 1 1054 593 824 686
295 4 2 1 1 1249 273 1062 812
296 4 2 1 1 285 1054 877 1278
297 4 2 1 1 779 613 1096 1219
298 4 2 1 1 1323 99 1001 1278
299 4 2 1 1 756 757 631 929
300 4 2 1 1 1350 1379 1376 125
301 4 2 1 1 870 908 566 1144
302 4 2 1 1 600 972 959 1281
303 4 2 1 1 520 762 670 985
304 4 2 1 1 521 730 845 1009
305 4 2 1 1 630 891 560 1173
306 4 2 1 1 1376 1379 1350 797
307 4 2 1 1 554 670 773 1276
308 4 2 1 1 214 1367 1378 903
309 4 2 1 1 535 798 650 995
310 4 2 1 1 1338 307 1374 933
311 4 2 1 1 866 1093 1050 724
312 4 2 1 1 853 990 602 1008
313 4 2 1 1 580 809 699 1044
314 4 2 1 1 112 1001 1260 82
315 4 2 1 1 679 898 464 1118
316 4 2 1 1 697 976 578 1148
317 4 2 1 1 630 683 891 1173
318 4 2 1 1 464 898 679 1111
319 4 2 1 1 201 1353 1327 1251
320 4 2 1 1 657 584 718 966
321 4 2 1 1 643 573 675 1187
322 4 2 1 1 617 947 905 1125
323 4 2 1 1 899 1035 637 1199
324 4 2 1 1 1338 307 51 1374
325 4 2 1 1 1130 1095 1198 727
326 4 2 1 1 744 1056 761 1086
327 4 2 1 1 566 892 870 1202
328 4 2 1 1 672 920 524 1159
329 4 2 1 1 566 734 870 1144
330 4 2 1 1 843 856 542 705
331 4 2 1 1 555 710 709 875
332 4 2 1 1 748 1239 967 1286
333 4 2 1 1 307 6 51 1374
334 4 2 1 1 563 1089 733 1292
335 4 2 1 1 135 924 599 1021
336 4 2 1 1 601 960 750 1113
337 4 2 1 1 393 657 385 912
338 4 2 1 1 605 811 743 1092
339 4 2 1 1 571 1042 858 1268
340 4 2 1 1 883 884 675 1180
341 4 2 1 1 1369 1335 32 306
342 4 2 1 1 549 830 819 968
343 4 2 1 1 134 746 600 1281
344 4 2 1 1 557 656 820 867
345 4 2 1 1 1369 21 4 123
346 4 2 1 1 879 408 1047 1118
347 4 2 1 1 592 846 880 724
348 4 2 1 1 558 658 816 884
349 4 2 1 1 605 841 811 1092
350 4 2 1 1 614 748 803 1043
351 4 2 1 1 740 1041 953 1060
352 4 2 1 1 571 1329 1314 827
353 4 2 1 1 573 1186 777 1293
354 4 2 1 1 658 884 558 1180
355 4 2 1 1 338 868 1071 1027
356 4 2 1 1 642 536 978 1094
357 4 2 1 1 727 1170 1130 1192
358 4 2 1 1 872 833 995 650
359 4 2 1 1 838 914 677 1102
360 4 2 1 1 582 960 799 1113
361 4 2 1 1 670 762 520 1014
362 4 2 1 1 1369 32 4 306
363 4 2 1 1 749 618 803 876
364 4 2 1 1 994 995 776 1144
365 4 2 1 1 530 891 874 1054
366 4 2 1 1 1093 866 563 687
367 4 2 1 1 170 44 7 1377
368 4 2 1 1 806 914 716 558
369 4 2 1 1 726 810 564 997
370 4 2 1 1 1098 1247 840 574
371 4 2 1 1 118 848 633 875
372 4 2 1 1 579 714 700 795
373 4 2 1 1 1369 1335 306 877
374 4 2 1 1 279 824 285 1278
375 4 2 1 1 422 718 917 1082
376 4 2 1 1 385 657 393 1120
377 4 2 1 1 1014 1244 846 1137
378 4 2 1 1 839 371 1020 778
379 4 2 1 1 1251 1353 1327 671
380 4 2 1 1 135 600 924 1162
381 4 2 1 1 616 817 808 856
382 4 2 1 1 248 874 235 891
383 4 2 1 1 700 666 579 1257
384 4 2 1 1 665 667 1162 1248
385 4 2 1 1 739 1087 508 1182
386 4 2 1 1 1330 304 1363 1053
387 4 2 1 1 659 699 830 819
388 4 2 1 1 1330 304 74 1363
389 4 2 1 1 595 739 672 1182
390 4 2 1 1 1363 8 304 74
391 4 2 1 1 758 1025 536 728
392 4 2 1 1 700 666 1257 1109
393 4 2 1 1 699 574 840 1247
394 4 2 1 1 276 681 274 1275
395 4 2 1 1 672 920 785 595
396 4 2 1 1 569 670 762 985
397 4 2 1 1 570 963 184 1214
398 4 2 1 1 718 917 657 1120
399 4 2 1 1 777 1172 573 1293
400 4 2 1 1 913 1155 573 1186
401 4 2 1 1 845 1074 772 626
402 4 2 1 1 577 765 1078 1171
403 4 2 1 1 564 1014 670 1244
404 4 2 1 1 808 624 1116 1164
405 4 2 1 1 693 903 115 1013
406 4 2 1 1 977 1103 1009 1157
407 4 2 1 1 705 889 853 1198
408 4 2 1 1 1120 393 422 917
409 4 2 1 1 57 1373 1368 305
410 4 2 1 1 282 583 273 956
411 4 2 1 1 542 853 705 1008
412 4 2 1 1 579 666 1024 1257
413 4 2 1 1 1343 1046 693 1311
414 4 2 1 1 1373 305 827 1368
415 4 2 1 1 25 1350 114 1280
416 4 2 1 1 57 1373 305 2
417 4 2 1 1 400 914 677 947
418 4 2 1 1 948 428 716 806
419 4 2 1 1 646 555 926 1307
420 4 2 1 1 658 558 816 1015
421 4 2 1 1 508 892 769 1110
422 4 2 1 1 1377 170 44 1370
423 4 2 1 1 535 995 994 1144
424 4 2 1 1 1370 1377 170 1018
425 4 2 1 1 384 677 914 1002
426 4 2 1 1 777 1102 867 1318
427 4 2 1 1 636 980 940 1239
428 4 2 1 1 771 1279 443 1295
429 4 2 1 1 707 843 542 1190
430 4 2 1 1 358 964 923 360
431 4 2 1 1 313 1370 336 1072
432 4 2 1 1 675 829 595 1153
433 4 2 1 1 449 1295 443 1279
434 4 2 1 1 732 1206 1083 1230
435 4 2 1 1 39 1357 353 1347
436 4 2 1 1 678 751 533 1270
437 4 2 1 1 39 1357 1347 169
438 4 2 1 1 391 385 377 733
439 4 2 1 1 825 842 592 1137
440 4 2 1 1 821 1126 844 556
441 4 2 1 1 679 774 656 984
442 4 2 1 1 775 876 749 1191
443 4 2 1 1 1014 846 1244 564
444 4 2 1 1 1276 554 1137 769
445 4 2 1 1 635 543 977 1141
446 4 2 1 1 787 831 666 1206
447 4 2 1 1 580 823 779 1193
448 4 2 1 1 539 706 766 829
449 4 2 1 1 1014 1137 670 1244
450 4 2 1 1 681 277 276 274
451 4 2 1 1 353 1357 900 1347
452 4 2 1 1 320 1347 900 959
453 4 2 1 1 1331 959 900 169
454 4 2 1 1 566 1036 702 1110
455 4 2 1 1 744 841 569 941
456 4 2 1 1 716 914 407 947
457 4 2 1 1 356 1 15 1378
458 4 2 1 1 1378 1365 15 356
459 4 2 1 1 676 846 564 1244
460 4 2 1 1 1378 1365 356 903
461 4 2 1 1 314 1379 1312 1348
462 4 2 1 1 570 813 184 963
463 4 2 1 1 841 744 958 1092
464 4 2 1 1 569 694 841 1077
465 4 2 1 1 1061 1035 899 678
466 4 2 1 1 241 560 919 231
467 4 2 1 1 939 1147 1089 638
468 4 2 1 1 236 930 628 1053
469 4 2 1 1 654 736 688 1135
470 4 2 1 1 964 1027 663 1279
471 4 2 1 1 688 736 654 902
472 4 2 1 1 932 1379 797 1312
473 4 2 1 1 314 1379 1348 20
474 4 2 1 1 152 576 1032 1081
475 4 2 1 1 648 943 565 1305
476 4 2 1 1 521 1009 977 1103
477 4 2 1 1 1078 1300 885 601
478 4 2 1 1 605 882 811 902
479 4 2 1 1 907 968 564 1244
480 4 2 1 1 743 811 565 1305
481 4 2 1 1 616 1116 1068 1139
482 4 2 1 1 912 1079 816 1234
483 4 2 1 1 744 909 569 841
484 4 2 1 1 804 945 780 723
485 4 2 1 1 816 1079 912 1179
486 4 2 1 1 802 849 545 971
487 4 2 1 1 553 715 908 566
488 4 2 1 1 676 564 968 1244
489 4 2 1 1 511 1211 986 787
490 4 2 1 1 675 573 777 1172
491 4 2 1 1 777 573 643 1186
492 4 2 1 1 231 1070 560 1176
493 4 2 1 1 532 701 672 786
494 4 2 1 1 853 889 507 1198
495 4 2 1 1 778 557 984 1147
496 4 2 1 1 880 846 872 724
497 4 2 1 1 1096 1193 779 823
498 4 2 1 1 20 1379 125 1376
499 4 2 1 1 700 666 1109 831
500 4 2 1 1 700 666 831 579
501 4 2 1 1 624 808 817 1098
502 4 2 1 1 523 838 759 617
503 4 2 1 1 543 636 991 1181
504 4 2 1 1 867 1136 774 1228
505 4 2 1 1 551 910 927 1240
506 4 2 1 1 622 1210 773 1276
507 4 2 1 1 557 774 867 1136
508 4 2 1 1 798 1032 1081 644
509 4 2 1 1 744 909 604 1271
510 4 2 1 1 533 751 678 801
511 4 2 1 1 566 892 1036 1110
512 4 2 1 1 526 587 973 1006
513 4 2 1 1 554 842 769 1087
514 4 2 1 1 862 961 622 1005
515 4 2 1 1 1371 948 1063 738
516 4 2 1 1 654 811 882 902
517 4 2 1 1 1096 1193 823 545
518 4 2 1 1 968 1244 907 819
519 4 2 1 1 518 587 836 943
520 4 2 1 1 643 573 1155 1186
521 4 2 1 1 427 407 716 914
522 4 2 1 1 626 977 845 1074
523 4 2 1 1 98 593 719 1004
524 4 2 1 1 986 1133 620 1211
525 4 2 1 1 535 976 994 995
526 4 2 1 1 1276 1137 554 670
527 4 2 1 1 564 810 726 1229
528 4 2 1 1 672 524 920 595
529 4 2 1 1 1342 213 1374 33
530 4 2 1 1 601 750 960 1277
531 4 2 1 1 867 1186 777 1318
532 4 2 1 1 631 757 721 929
533 4 2 1 1 948 1063 481 325
534 4 2 1 1 528 652 1161 1065
535 4 2 1 1 614 1008 853 762
536 4 2 1 1 658 399 816 912
537 4 2 1 1 811 841 605 902
538 4 2 1 1 586 744 1051 1092
539 4 2 1 1 399 912 658 917
540 4 2 1 1 585 967 776 1025
541 4 2 1 1 553 908 715 1163
542 4 2 1 1 785 672 966 1159
543 4 2 1 1 663 771 563 854
544 4 2 1 1 575 889 931 705
545 4 2 1 1 1072 221 1344 1018
546 4 2 1 1 1062 273 956 1127
547 4 2 1 1 1181 728 1192 599
548 4 2 1 1 749 876 803 1043
549 4 2 1 1 665 148 770 952
550 4 2 1 1 1118 1047 559 898
551 4 2 1 1 876 1043 749 1191
552 4 2 1 1 566 870 734 1202
553 4 2 1 1 213 33 6 1374
554 4 2 1 1 281 628 1289 1053
555 4 2 1 1 596 1107 768 1262
556 4 2 1 1 561 648 864 1306
557 4 2 1 1 939 1089 1147 369
558 4 2 1 1 103 1329 951 119
559 4 2 1 1 1263 1256 632 794
560 4 2 1 1 532 1019 673 1117
561 4 2 1 1 1154 718 786 532
562 4 2 1 1 533 603 801 818
563 4 2 1 1 598 944 1214 916
564 4 2 1 1 528 654 904 1106
565 4 2 1 1 194 1329 571 827
566 4 2 1 1 804 805 598 916
567 4 2 1 1 672 739 595 785
568 4 2 1 1 1059 931 575 826
569 4 2 1 1 787 986 620 1211
570 4 2 1 1 707 1190 907 1247
571 4 2 1 1 112 1001 82 99
572 4 2 1 1 676 1244 968 819
573 4 2 1 1 672 592 866 1007
574 4 2 1 1 727 750 531 1130
575 4 2 1 1 1192 1033 1170 728
576 4 2 1 1 683 930 628 729
577 4 2 1 1 560 857 734 1173
578 4 2 1 1 145 1354 1053 930
579 4 2 1 1 884 1102 777 1318
580 4 2 1 1 563 760 1017 1292
581 4 2 1 1 587 836 943 1167
582 4 2 1 1 538 961 862 1005
583 4 2 1 1 563 771 663 1029
584 4 2 1 1 1342 213 933 1374
585 4 2 1 1 622 769 1210 1276
586 4 2 1 1 1336 304 1363 56
587 4 2 1 1 580 823 809 1044
588 4 2 1 1 198 665 594 667
589 4 2 1 1 734 870 697 1202
590 4 2 1 1 587 850 832 1006
591 4 2 1 1 726 997 564 1273
592 4 2 1 1 709 710 551 738
593 4 2 1 1 56 8 304 1363
594 4 2 1 1 377 733 385 921
595 4 2 1 1 1105 1308 715 775
596 4 2 1 1 1227 564 1185 810
597 4 2 1 1 658 768 558 1015
598 4 2 1 1 589 1102 884 1318
599 4 2 1 1 520 715 775 1105
600 4 2 1 1 778 557 839 984
601 4 2 1 1 948 428 806 495
602 4 2 1 1 566 696 715 961
603 4 2 1 1 848 875 118 894
604 4 2 1 1 677 947 838 617
605 4 2 1 1 884 816 1079 1234
606 4 2 1 1 441 984 440 839
607 4 2 1 1 554 829 706 1264
608 4 2 1 1 13 14 1367 115
609 4 2 1 1 278 534 1001 1042
610 4 2 1 1 720 1051 744 1056
611 4 2 1 1 551 910 759 927
612 4 2 1 1 581 808 843 856
613 4 2 1 1 554 706 829 1210
614 4 2 1 1 616 1139 1068 1225
615 4 2 1 1 867 1102 589 1318
616 4 2 1 1 1336 304 1053 1363
617 4 2 1 1 1118 559 1047 879
618 4 2 1 1 604 950 909 958
619 4 2 1 1 528 1135 688 1161
620 4 2 1 1 232 560 891 729
621 4 2 1 1 569 1077 841 707
622 4 2 1 1 524 672 842 595
623 4 2 1 1 750 925 608 1099
624 4 2 1 1 1051 586 795 1213
625 4 2 1 1 258 21 4 1369
626 4 2 1 1 1222 985 773 670
627 4 2 1 1 1105 1308 1165 715
628 4 2 1 1 372 1089 369 1147
629 4 2 1 1 658 1015 399 1261
630 4 2 1 1 744 761 604 958
631 4 2 1 1 400 677 401 947
632 4 2 1 1 201 1353 1251 172
633 4 2 1 1 727 531 750 935
634 4 2 1 1 925 1099 750 1277
635 4 2 1 1 650 784 535 976
636 4 2 1 1 681 1127 274 1275
637 4 2 1 1 635 990 803 521
638 4 2 1 1 559 774 679 897
639 4 2 1 1 1227 1185 564 783
640 4 2 1 1 561 792 730 950
641 4 2 1 1 736 860 688 1161
642 4 2 1 1 478 464 898 1118
643 4 2 1 1 574 971 849 1164
644 4 2 1 1 658 1180 768 1262
645 4 2 1 1 595 1124 1060 1188
646 4 2 1 1 603 742 945 723
647 4 2 1 1 1341 1369 21 258
648 4 2 1 1 585 995 833 1025
649 4 2 1 1 509 971 802 1253
650 4 2 1 1 1044 861 830 580
651 4 2 1 1 512 772 770 954
652 4 2 1 1 632 1256 1263 899
653 4 2 1 1 605 506 882 902
654 4 2 1 1 586 795 743 1092
655 4 2 1 1 743 795 605 1092
656 4 2 1 1 958 1305 1048 811
657 4 2 1 1 521 845 977 1009
658 4 2 1 1 1124 796 1133 511
659 4 2 1 1 545 1067 664 1096
660 4 2 1 1 520 1043 749 1129
661 4 2 1 1 509 661 780 1068
662 4 2 1 1 553 936 696 1196
663 4 2 1 1 643 884 1079 1187
664 4 2 1 1 817 1098 808 843
665 4 2 1 1 841 941 744 1092
666 4 2 1 1 357 615 923 791
667 4 2 1 1 397 899 678 413
668 4 2 1 1 632 1270 1263 794
669 4 2 1 1 616 856 1139 1225
670 4 2 1 1 569 762 670 1077
671 4 2 1 1 539 869 754 1131
672 4 2 1 1 201 1353 172 59
673 4 2 1 1 1061 899 1035 637
674 4 2 1 1 442 679 839 1199
675 4 2 1 1 273 583 283 1249
676 4 2 1 1 1061 989 888 678
677 4 2 1 1 1073 648 943 565
678 4 2 1 1 442 984 679 1118
679 4 2 1 1 643 884 777 1318
680 4 2 1 1 582 750 960 1113
681 4 2 1 1 776 967 748 1239
682 4 2 1 1 645 749 1043 1129
683 4 2 1 1 591 985 775 1105
684 4 2 1 1 532 1117 673 1217
685 4 2 1 1 703 17 18 81
686 4 2 1 1 604 761 1056 1197
687 4 2 1 1 605 506 902 793
688 4 2 1 1 1254 838 1293 674
689 4 2 1 1 839 371 778 440
690 4 2 1 1 577 886 663 763
691 4 2 1 1 845 772 1074 512
692 4 2 1 1 604 761 744 1056
693 4 2 1 1 645 908 749 1129
694 4 2 1 1 758 1130 609 1170
695 4 2 1 1 690 977 623 1157
696 4 2 1 1 788 858 647 1003
697 4 2 1 1 688 1135 736 1161
698 4 2 1 1 549 1295 771 939
699 4 2 1 1 657 912 393 917
700 4 2 1 1 562 1034 694 1243
701 4 2 1 1 636 767 576 1160
702 4 2 1 1 695 731 512 954
703 4 2 1 1 674 511 737 1195
704 4 2 1 1 528 904 654 1135
705 4 2 1 1 1341 1369 258 877
706 4 2 1 1 1263 1270 632 899
707 4 2 1 1 553 1122 1203 1209
708 4 2 1 1 356 63 1 1378
709 4 2 1 1 520 749 908 1129
710 4 2 1 1 384 677 400 914
711 4 2 1 1 291 263 308 671
712 4 2 1 1 1378 63 1 214
713 4 2 1 1 658 558 768 1180
714 4 2 1 1 236 257 729 930
715 4 2 1 1 677 523 867 617
716 4 2 1 1 1340 1378 63 356
717 4 2 1 1 506 902 793 1250
718 4 2 1 1 1340 1378 356 903
719 4 2 1 1 554 829 1153 1210
720 4 2 1 1 853 507 889 990
721 4 2 1 1 533 801 603 804
722 4 2 1 1 689 556 821 887
723 4 2 1 1 909 962 517 817
724 4 2 1 1 160 50 49 1018
725 4 2 1 1 298 279 285 1278
726 4 2 1 1 594 780 945 723
727 4 2 1 1 1354 236 1053 930
728 4 2 1 1 523 867 777 1102
729 4 2 1 1 39 1357 5 353
730 4 2 1 1 543 991 635 1104
731 4 2 1 1 520 985 670 1276
732 4 2 1 1 654 902 736 962
733 4 2 1 1 1024 1250 1310 506
734 4 2 1 1 759 844 523 617
735 4 2 1 1 679 559 898 1118
736 4 2 1 1 633 875 848 1212
737 4 2 1 1 592 672 866 981
738 4 2 1 1 533 805 804 916
739 4 2 1 1 581 856 843 705
740 4 2 1 1 531 745 722 1113
741 4 2 1 1 800 872 578 650
742 4 2 1 1 1360 247 71 70
743 4 2 1 1 709 555 875 1212
744 4 2 1 1 595 829 766 1153
745 4 2 1 1 645 748 552 1145
746 4 2 1 1 694 669 913 1243
747 4 2 1 1 372 965 1089 1147
748 4 2 1 1 811 841 517 958
749 4 2 1 1 672 842 595 1182
750 4 2 1 1 666 835 579 1024
751 4 2 1 1 1312 948 1348 588
752 4 2 1 1 261 50 7 1377
753 4 2 1 1 881 904 597 1048
754 4 2 1 1 605 1024 974 1257
755 4 2 1 1 1061 989 678 801
756 4 2 1 1 909 962 817 707
757 4 2 1 1 623 845 730 1009
758 4 2 1 1 1174 461 324 745
759 4 2 1 1 480 905 716 947
760 4 2 1 1 564 907 670 762
761 4 2 1 1 837 1134 1006 704
762 4 2 1 1 522 809 942 1115
763 4 2 1 1 1174 324 461 448
764 4 2 1 1 115 1013 680 1235
765 4 2 1 1 630 891 683 1122
766 4 2 1 1 530 686 891 1054
767 4 2 1 1 510 699 819 934
768 4 2 1 1 637 942 809 1115
769 4 2 1 1 1097 888 456 1238
770 4 2 1 1 841 909 517 958
771 4 2 1 1 1377 261 1018 1344
772 4 2 1 1 399 917 658 1261
773 4 2 1 1 1044 861 580 823
774 4 2 1 1 554 955 670 1137
775 4 2 1 1 576 767 636 980
776 4 2 1 1 534 824 278 1001
777 4 2 1 1 664 1096 1149 1219
778 4 2 1 1 672 842 592 1007
779 4 2 1 1 850 858 534 1042
780 4 2 1 1 562 694 793 1243
781 4 2 1 1 616 856 808 1139
782 4 2 1 1 520 775 715 1163
783 4 2 1 1 678 1263 899 1270
784 4 2 1 1 240 1360 1054 877
785 4 2 1 1 589 1079 816 1179
786 4 2 1 1 328 474 351 932
787 4 2 1 1 605 795 1024 1257
788 4 2 1 1 634 858 571 1042
789 4 2 1 1 690 845 623 977
790 4 2 1 1 829 554 573 1264
791 4 2 1 1 579 1024 795 1257
792 4 2 1 1 575 750 1095 764
793 4 2 1 1 1018 1377 50 261
794 4 2 1 1 563 854 1050 1093
795 4 2 1 1 369 939 368 1147
796 4 2 1 1 686 757 593 824
797 4 2 1 1 442 839 679 984
798 4 2 1 1 743 811 605 882
799 4 2 1 1 1331 1357 900 215
800 4 2 1 1 800 886 611 1093
801 4 2 1 1 601 722 885 1078
802 4 2 1 1 194 1327 827 1251
803 4 2 1 1 838 914 1102 558
804 4 2 1 1 564 670 1014 762
805 4 2 1 1 778 1020 580 1259
806 4 2 1 1 478 408 464 1118
807 4 2 1 1 801 818 603 989
808 4 2 1 1 535 870 734 1144
809 4 2 1 1 535 650 976 995
810 4 2 1 1 217 865 660 1290
811 4 2 1 1 760 819 638 1090
812 4 2 1 1 769 842 1182 1087
813 4 2 1 1 520 908 749 1163
814 4 2 1 1 645 749 552 1043
815 4 2 1 1 584 785 966 1159
816 4 2 1 1 577 886 763 610
817 4 2 1 1 565 811 654 1048
818 4 2 1 1 578 784 697 1200
819 4 2 1 1 520 715 908 1163
820 4 2 1 1 385 921 657 1120
821 4 2 1 1 736 562 902 1039
822 4 2 1 1 694 1034 669 1243
823 4 2 1 1 669 1136 867 1228
824 4 2 1 1 674 511 1195 1172
825 4 2 1 1 799 582 1113 1174
826 4 2 1 1 768 1261 658 1262
827 4 2 1 1 885 765 925 1300
828 4 2 1 1 346 725 898 1128
829 4 2 1 1 670 554 1222 955
830 4 2 1 1 803 1286 990 635
831 4 2 1 1 520 775 749 1191
832 4 2 1 1 688 860 736 1038
833 4 2 1 1 545 809 823 849
834 4 2 1 1 622 1105 1005 1165
835 4 2 1 1 554 825 955 1137
836 4 2 1 1 524 1007 672 1159
837 4 2 1 1 622 715 1105 1165
838 4 2 1 1 4 69 258 1369
839 4 2 1 1 665 148 952 146
840 4 2 1 1 426 923 992 722
841 4 2 1 1 1314 1329 88 827
842 4 2 1 1 769 880 592 1137
843 4 2 1 1 543 991 655 1181
844 4 2 1 1 1331 959 169 161
845 4 2 1 1 283 273 282 583
846 4 2 1 1 589 884 816 1079
847 4 2 1 1 699 934 557 1288
848 4 2 1 1 635 977 1103 521
849 4 2 1 1 569 841 694 941
850 4 2 1 1 1062 273 1127 812
851 4 2 1 1 528 1161 688 1065
852 4 2 1 1 1159 1234 917 1262
853 4 2 1 1 1329 193 951 208
854 4 2 1 1 766 1153 829 1210
855 4 2 1 1 574 808 1098 843
856 4 2 1 1 521 753 730 1009
857 4 2 1 1 590 822 740 1152
858 4 2 1 1 584 917 718 1082
859 4 2 1 1 622 773 1105 1276
860 4 2 1 1 691 924 655 1215
861 4 2 1 1 594 665 198 1267
862 4 2 1 1 424 447 322 1216
863 4 2 1 1 333 466 470 1296
864 4 2 1 1 656 557 820 984
865 4 2 1 1 506 654 882 902
866 4 2 1 1 614 990 748 1185
867 4 2 1 1 929 1165 815 1207
868 4 2 1 1 730 561 950 982
869 4 2 1 1 38 5 1357 215
870 4 2 1 1 524 842 672 1007
871 4 2 1 1 580 699 830 1044
872 4 2 1 1 400 407 914 947
873 4 2 1 1 563 663 854 1093
874 4 2 1 1 632 898 1128 1256
875 4 2 1 1 1323 99 1278 110
876 4 2 1 1 851 1164 625 802
877 4 2 1 1 687 410 868 1217
878 4 2 1 1 905 947 418 1125
879 4 2 1 1 506 902 688 654
880 4 2 1 1 505 1056 761 1197
881 4 2 1 1 112 634 1001 1004
882 4 2 1 1 674 511 1172 787
883 4 2 1 1 623 977 845 1009
884 4 2 1 1 1222 985 670 569
885 4 2 1 1 562 736 902 962
886 4 2 1 1 1331 1357 215 38
887 4 2 1 1 760 934 819 1090
888 4 2 1 1 512 952 915 1266
889 4 2 1 1 648 761 561 973
890 4 2 1 1 633 710 709 738
891 4 2 1 1 697 870 892 1202
892 4 2 1 1 618 1163 749 1209
893 4 2 1 1 539 684 755 639
894 4 2 1 1 464 442 679 1118
895 4 2 1 1 598 944 916 805
896 4 2 1 1 26 1376 125 1350
897 4 2 1 1 443 939 771 1295
898 4 2 1 1 328 1379 932 1312
899 4 2 1 1 575 727 750 935
900 4 2 1 1 3 1376 75 354
901 4 2 1 1 75 1376 932 354
902 4 2 1 1 598 653 805 918
903 4 2 1 1 753 856 616 1009
904 4 2 1 1 138 924 1162 135
905 4 2 1 1 601 960 799 1277
906 4 2 1 1 581 843 808 971
907 4 2 1 1 720 1086 721 1208
908 4 2 1 1 441 984 839 442
909 4 2 1 1 932 1379 354 1376
910 4 2 1 1 957 1083 787 1206
911 4 2 1 1 689 732 556 887
912 4 2 1 1 1126 759 617 844
913 4 2 1 1 1127 273 956 274
914 4 2 1 1 609 758 922 1130
915 4 2 1 1 656 774 679 559
916 4 2 1 1 352 476 347 1046
917 4 2 1 1 506 887 1076 1177
918 4 2 1 1 806 1261 330 1015
919 4 2 1 1 687 563 921 866
920 4 2 1 1 793 941 605 974
921 4 2 1 1 699 659 1247 819
922 4 2 1 1 769 1110 1210 1087
923 4 2 1 1 699 840 942 1136
924 4 2 1 1 1059 931 826 581
925 4 2 1 1 431 677 656 993
926 4 2 1 1 1283 554 1264 871
927 4 2 1 1 568 814 784 919
928 4 2 1 1 573 694 913 957
929 4 2 1 1 785 920 672 1159
930 4 2 1 1 574 809 699 840
931 4 2 1 1 701 739 672 786
932 4 2 1 1 798 1081 1032 576
933 4 2 1 1 1061 989 801 545
934 4 2 1 1 507 748 967 991
935 4 2 1 1 816 914 395 1015
936 4 2 1 1 508 739 1028 766
937 4 2 1 1 743 565 943 1305
938 4 2 1 1 581 843 971 1284
939 4 2 1 1 750 885 608 925
940 4 2 1 1 601 885 750 925
941 4 2 1 1 839 371 440 441
942 4 2 1 1 1373 9 2 212
943 4 2 1 1 276 824 681 1275
944 4 2 1 1 987 1139 856 1225
945 4 2 1 1 532 866 672 981
946 4 2 1 1 541 603 752 1067
947 4 2 1 1 680 529 1066 1013
948 4 2 1 1 194 571 1251 827
949 4 2 1 1 1364 1373 212 9
950 4 2 1 1 647 788 571 858
951 4 2 1 1 975 809 522 1175
952 4 2 1 1 522 897 774 1038
953 4 2 1 1 874 729 891 628
954 4 2 1 1 750 885 531 1130
955 4 2 1 1 532 672 866 966
956 4 2 1 1 711 1091 944 1242
957 4 2 1 1 652 805 653 528
958 4 2 1 1 531 922 758 1130
959 4 2 1 1 549 819 676 968
960 4 2 1 1 565 654 904 1048
961 4 2 1 1 554 706 1210 1283
962 4 2 1 1 507 889 990 991
963 4 2 1 1 1364 1373 827 212
964 4 2 1 1 876 1008 753 521
965 4 2 1 1 648 565 881 1048
966 4 2 1 1 669 1034 934 1136
967 4 2 1 1 1130 1095 727 750
968 4 2 1 1 521 730 753 982
969 4 2 1 1 1251 1353 671 1108
970 4 2 1 1 412 970 722 992
971 4 2 1 1 436 435 879 993
972 4 2 1 1 690 691 655 1215
973 4 2 1 1 582 764 750 999
974 4 2 1 1 389 921 687 1178
975 4 2 1 1 491 413 415 1263
976 4 2 1 1 57 1373 2 212
977 4 2 1 1 549 676 819 1017
978 4 2 1 1 664 545 802 1067
979 4 2 1 1 294 1358 1249 1338
980 4 2 1 1 853 990 614 1185
981 4 2 1 1 616 753 730 1080
982 4 2 1 1 929 721 720 550
983 4 2 1 1 766 829 595 1188
984 4 2 1 1 511 1112 796 1133
985 4 2 1 1 878 232 230 1070
986 4 2 1 1 543 636 940 991
987 4 2 1 1 697 892 870 976
988 4 2 1 1 395 384 914 1002
989 4 2 1 1 338 868 1027 453
990 4 2 1 1 874 1053 236 628
991 4 2 1 1 522 1061 1175 809
992 4 2 1 1 604 837 761 1197
993 4 2 1 1 194 1327 1251 201
994 4 2 1 1 1358 1338 52 133
995 4 2 1 1 704 845 626 983
996 4 2 1 1 1177 654 528 640
997 4 2 1 1 668 832 937 1196
998 4 2 1 1 872 995 833 585
999 4 2 1 1 844 887 556 1230
1000 4 2 1 1 281 628 1053 874
1001 4 2 1 1 294 1358 1338 52
1002 4 2 1 1 1122 682 1209 668
1003 4 2 1 1 173 1375 1333 665
1004 4 2 1 1 811 1048 565 1305
1005 4 2 1 1 622 1005 961 1165
1006 4 2 1 1 624 1022 817 1116
1007 4 2 1 1 699 942 840 809
1008 4 2 1 1 538 961 1005 1165
1009 4 2 1 1 385 393 430 1120
1010 4 2 1 1 860 688 1161 1065
1011 4 2 1 1 679 897 774 942
1012 4 2 1 1 541 752 603 855
1013 4 2 1 1 556 844 821 887
1014 4 2 1 1 554 1210 773 1283
1015 4 2 1 1 532 578 1019 1117
1016 4 2 1 1 530 757 686 824
1017 4 2 1 1 553 908 749 1291
1018 4 2 1 1 764 519 1095 1059
1019 4 2 1 1 799 1113 970 1174
1020 4 2 1 1 1192 1170 1033 727
1021 4 2 1 1 761 950 604 958
1022 4 2 1 1 666 831 787 1109
1023 4 2 1 1 897 942 679 1115
1024 4 2 1 1 1177 528 654 688
1025 4 2 1 1 684 539 755 1131
1026 4 2 1 1 679 839 637 942
1027 4 2 1 1 763 1027 847 1055
1028 4 2 1 1 509 780 661 723
1029 4 2 1 1 718 786 584 1082
1030 4 2 1 1 643 1079 884 1318
1031 4 2 1 1 173 1375 665 197
1032 4 2 1 1 481 493 312 1063
1033 4 2 1 1 678 818 801 989
1034 4 2 1 1 1331 197 1375 37
1035 4 2 1 1 608 885 750 1130
1036 4 2 1 1 1044 861 823 519
1037 4 2 1 1 760 1050 825 1007
1038 4 2 1 1 736 840 562 1039
1039 4 2 1 1 697 1148 578 1200
1040 4 2 1 1 672 1007 866 1159
1041 4 2 1 1 320 900 782 959
1042 4 2 1 1 829 1188 1016 1133
1043 4 2 1 1 1093 866 687 1117
1044 4 2 1 1 401 400 384 677
1045 4 2 1 1 549 1295 939 1300
1046 4 2 1 1 806 1015 768 1261
1047 4 2 1 1 845 977 626 983
1048 4 2 1 1 622 961 715 1165
1049 4 2 1 1 560 685 630 1218
1050 4 2 1 1 806 330 1261 496
1051 4 2 1 1 730 950 792 1080
1052 4 2 1 1 3 260 75 1376
1053 4 2 1 1 1347 169 900 959
1054 4 2 1 1 760 643 1079 1187
1055 4 2 1 1 547 865 928 1107
1056 4 2 1 1 635 983 977 521
1057 4 2 1 1 760 825 1050 676
1058 4 2 1 1 403 984 442 1118
1059 4 2 1 1 538 756 815 754
1060 4 2 1 1 527 690 988 1157
1061 4 2 1 1 753 1008 876 1123
1062 4 2 1 1 1331 197 667 1375
1063 4 2 1 1 624 817 808 1116
1064 4 2 1 1 975 522 809 840
1065 4 2 1 1 586 761 744 958
1066 4 2 1 1 538 961 696 630
1067 4 2 1 1 766 829 706 1210
1068 4 2 1 1 637 679 942 1115
1069 4 2 1 1 532 786 672 966
1070 4 2 1 1 1323 1001 82 1260
1071 4 2 1 1 397 678 888 1299
1072 4 2 1 1 800 1093 611 1117
1073 4 2 1 1 724 1093 800 1117
1074 4 2 1 1 533 625 805 1146
1075 4 2 1 1 819 699 510 1247
1076 4 2 1 1 753 909 604 1080
1077 4 2 1 1 554 1283 1222 871
1078 4 2 1 1 521 753 876 982
1079 4 2 1 1 819 934 699 1288
1080 4 2 1 1 1375 36 37 197
1081 4 2 1 1 571 951 193 963
1082 4 2 1 1 374 440 984 1147
1083 4 2 1 1 552 749 803 1043
1084 4 2 1 1 598 944 805 653
1085 4 2 1 1 574 1044 843 1247
1086 4 2 1 1 527 691 690 1215
1087 4 2 1 1 371 380 441 1020
1088 4 2 1 1 538 815 929 1165
1089 4 2 1 1 520 670 1014 1276
1090 4 2 1 1 563 687 1029 1093
1091 4 2 1 1 526 561 864 1049
1092 4 2 1 1 197 1375 665 667
1093 4 2 1 1 1305 586 761 1167
1094 4 2 1 1 505 761 837 1197
1095 4 2 1 1 428 427 327 716
1096 4 2 1 1 909 950 604 1080
1097 4 2 1 1 598 804 780 851
1098 4 2 1 1 1074 1141 626 977
1099 4 2 1 1 809 1061 637 1115
1100 4 2 1 1 645 1145 552 1291
1101 4 2 1 1 659 843 1044 1247
1102 4 2 1 1 564 670 907 1244
1103 4 2 1 1 563 687 921 1029
1104 4 2 1 1 1305 761 586 958
1105 4 2 1 1 687 868 410 1178
1106 4 2 1 1 509 1068 780 851
1107 4 2 1 1 685 1070 891 878
1108 4 2 1 1 427 400 407 914
1109 4 2 1 1 553 696 1122 1196
1110 4 2 1 1 733 921 377 1089
1111 4 2 1 1 1023 1021 980 543
1112 4 2 1 1 512 690 623 915
1113 4 2 1 1 967 991 748 1286
1114 4 2 1 1 561 864 792 1306
1115 4 2 1 1 761 648 950 958
1116 4 2 1 1 736 522 1039 1038
1117 4 2 1 1 565 654 811 882
1118 4 2 1 1 652 805 528 1161
1119 4 2 1 1 736 902 1038 1039
1120 4 2 1 1 431 677 993 401
1121 4 2 1 1 800 650 1055 833
1122 4 2 1 1 1328 307 1374 62
1123 4 2 1 1 302 877 285 1054
1124 4 2 1 1 256 919 568 1176
1125 4 2 1 1 679 1118 656 559
1126 4 2 1 1 538 929 696 1165
1127 4 2 1 1 510 699 1034 1247
1128 4 2 1 1 593 534 1001 824
1129 4 2 1 1 757 756 1119 1316
1130 4 2 1 1 585 994 872 995
1131 4 2 1 1 680 115 903 1013
1132 4 2 1 1 1023 1021 543 952
1133 4 2 1 1 1265 828 1040 612
1134 4 2 1 1 657 584 966 1159
1135 4 2 1 1 774 1038 897 619
1136 4 2 1 1 507 967 728 991
1137 4 2 1 1 692 556 1126 1272
1138 4 2 1 1 713 1023 141 1052
1139 4 2 1 1 522 774 897 942
1140 4 2 1 1 633 848 649 1212
1141 4 2 1 1 1254 1293 838 523
1142 4 2 1 1 699 830 819 1069
1143 4 2 1 1 210 182 181 945
1144 4 2 1 1 413 899 678 1263
1145 4 2 1 1 62 6 307 1374
1146 4 2 1 1 832 837 704 937
1147 4 2 1 1 539 755 1016 639
1148 4 2 1 1 720 1051 1056 1207
1149 4 2 1 1 1106 565 641 1301
1150 4 2 1 1 735 566 908 1144
1151 4 2 1 1 1044 861 519 830
1152 4 2 1 1 199 1333 211 173
1153 4 2 1 1 1328 307 933 1374
1154 4 2 1 1 508 769 1087 1110
1155 4 2 1 1 627 141 1023 1052
1156 4 2 1 1 1337 305 1373 27
1157 4 2 1 1 736 1039 522 840
1158 4 2 1 1 751 899 678 1061
1159 4 2 1 1 585 776 995 1025
1160 4 2 1 1 626 772 704 1084
1161 4 2 1 1 564 997 810 1227
1162 4 2 1 1 856 1008 542 705
1163 4 2 1 1 584 920 785 1159
1164 4 2 1 1 1373 2 27 305
1165 4 2 1 1 679 839 942 984
1166 4 2 1 1 604 876 753 982
1167 4 2 1 1 532 673 718 1217
1168 4 2 1 1 845 977 690 1074
1169 4 2 1 1 694 913 793 1243
1170 4 2 1 1 535 784 650 798
1171 4 2 1 1 575 705 1059 1095
1172 4 2 1 1 1373 1368 827 212
1173 4 2 1 1 659 830 699 1044
1174 4 2 1 1 298 285 877 1278
1175 4 2 1 1 793 694 941 974
1176 4 2 1 1 520 749 775 1163
1177 4 2 1 1 559 844 821 1126
1178 4 2 1 1 601 925 750 1277
1179 4 2 1 1 512 770 695 954
1180 4 2 1 1 649 848 540 1212
1181 4 2 1 1 1378 1 15 124
1182 4 2 1 1 642 978 536 1032
1183 4 2 1 1 1247 843 1098 707
1184 4 2 1 1 340 923 615 992
1185 4 2 1 1 553 696 715 566
1186 4 2 1 1 507 990 748 991
1187 4 2 1 1 699 809 574 1044
1188 4 2 1 1 1027 1055 1071 847
1189 4 2 1 1 608 726 810 1229
1190 4 2 1 1 574 849 975 1164
1191 4 2 1 1 706 862 766 1210
1192 4 2 1 1 256 568 938 1176
1193 4 2 1 1 575 750 764 999
1194 4 2 1 1 526 1073 587 1268
1195 4 2 1 1 673 1019 868 1117
1196 4 2 1 1 694 913 669 1155
1197 4 2 1 1 556 689 821 1045
1198 4 2 1 1 561 864 648 973
1199 4 2 1 1 303 583 282 956
1200 4 2 1 1 787 620 986 1189
1201 4 2 1 1 1042 1268 1251 671
1202 4 2 1 1 372 369 370 1147
1203 4 2 1 1 540 875 848 894
1204 4 2 1 1 739 595 785 1269
1205 4 2 1 1 1345 916 818 855
1206 4 2 1 1 523 777 867 1186
1207 4 2 1 1 1337 305 827 1373
1208 4 2 1 1 677 523 617 838
1209 4 2 1 1 368 939 778 1147
1210 4 2 1 1 1081 1132 996 1143
1211 4 2 1 1 939 1089 443 771
1212 4 2 1 1 1086 1056 1208 720
1213 4 2 1 1 955 573 694 1155
1214 4 2 1 1 959 972 323 1281
1215 4 2 1 1 606 852 769 892
1216 4 2 1 1 464 679 442 1199
1217 4 2 1 1 452 847 763 1027
1218 4 2 1 1 603 818 533 916
1219 4 2 1 1 1018 243 49 1372
1220 4 2 1 1 308 297 291 1042
1221 4 2 1 1 737 806 948 716
1222 4 2 1 1 555 831 787 1206
1223 4 2 1 1 809 840 574 975
1224 4 2 1 1 940 980 627 996
1225 4 2 1 1 346 898 725 1047
1226 4 2 1 1 536 758 728 767
1227 4 2 1 1 716 838 737 558
1228 4 2 1 1 303 583 671 1108
1229 4 2 1 1 522 942 897 1115
1230 4 2 1 1 832 850 607 1006
1231 4 2 1 1 443 1089 375 434
1232 4 2 1 1 526 864 561 973
1233 4 2 1 1 457 1299 397 888
1234 4 2 1 1 760 1079 643 1318
1235 4 2 1 1 674 511 787 709
1236 4 2 1 1 396 1035 899 1199
1237 4 2 1 1 640 641 1301 1106
1238 4 2 1 1 584 657 917 1159
1239 4 2 1 1 990 991 889 1104
1240 4 2 1 1 397 1299 457 414
1241 4 2 1 1 1065 651 529 1037
1242 4 2 1 1 1265 555 1307 831
1243 4 2 1 1 630 685 560 891
1244 4 2 1 1 516 729 683 1173
1245 4 2 1 1 893 1174 582 1303
1246 4 2 1 1 536 995 1025 1031
1247 4 2 1 1 536 1025 995 1160
1248 4 2 1 1 1180 1262 1234 920
1249 4 2 1 1 659 830 968 819
1250 4 2 1 1 195 185 210 1267
1251 4 2 1 1 616 1009 856 1225
1252 4 2 1 1 597 918 747 1315
1253 4 2 1 1 596 883 675 1180
1254 4 2 1 1 552 803 748 1043
1255 4 2 1 1 730 982 950 1080
1256 4 2 1 1 719 100 121 979
1257 4 2 1 1 618 775 749 1163
1258 4 2 1 1 645 748 776 1220
1259 4 2 1 1 244 814 568 919
1260 4 2 1 1 606 769 880 892
1261 4 2 1 1 569 841 909 707
1262 4 2 1 1 518 858 788 1003
1263 4 2 1 1 838 523 1293 777
1264 4 2 1 1 477 1101 1097 1238
1265 4 2 1 1 613 1149 1096 1219
1266 4 2 1 1 920 1234 1159 1262
1267 4 2 1 1 516 735 949 1145
1268 4 2 1 1 243 48 49 1372
1269 4 2 1 1 1134 983 704 618
1270 4 2 1 1 684 822 590 1166
1271 4 2 1 1 588 948 806 1312
1272 4 2 1 1 1150 1194 730 1225
1273 4 2 1 1 817 1022 616 1116
1274 4 2 1 1 604 753 876 1123
1275 4 2 1 1 760 1079 1007 1187
1276 4 2 1 1 826 1000 764 1232
1277 4 2 1 1 149 770 1249 158
1278 4 2 1 1 920 675 1180 596
1279 4 2 1 1 833 1025 995 1031
1280 4 2 1 1 909 542 817 753
1281 4 2 1 1 856 987 581 1139
1282 4 2 1 1 574 699 1044 1247
1283 4 2 1 1 1249 1062 273 583
1284 4 2 1 1 555 1083 732 1206
1285 4 2 1 1 232 248 235 891
1286 4 2 1 1 994 776 585 1220
1287 4 2 1 1 520 775 985 1105
1288 4 2 1 1 596 785 595 1060
1289 4 2 1 1 794 1091 711 1242
1290 4 2 1 1 764 1095 519 750
1291 4 2 1 1 649 1016 639 1133
1292 4 2 1 1 275 276 274 1275
1293 4 2 1 1 542 705 853 1190
1294 4 2 1 1 761 837 604 950
1295 4 2 1 1 187 813 571 963
1296 4 2 1 1 1183 668 683 530
1297 4 2 1 1 1372 243 48 1204
1298 4 2 1 1 1372 644 243 1204
1299 4 2 1 1 793 913 694 957
1300 4 2 1 1 726 925 885 765
1301 4 2 1 1 1327 297 827 1042
1302 4 2 1 1 551 738 710 1063
1303 4 2 1 1 523 759 838 1254
1304 4 2 1 1 618 749 1151 1209
1305 4 2 1 1 243 644 1372 1018
1306 4 2 1 1 605 743 882 1024
1307 4 2 1 1 652 528 1066 1065
1308 4 2 1 1 605 795 743 1024
1309 4 2 1 1 1333 148 665 129
1310 4 2 1 1 732 1307 1206 835
1311 4 2 1 1 1370 1072 1018 642
1312 4 2 1 1 1306 1022 1241 792
1313 4 2 1 1 777 838 558 1195
1314 4 2 1 1 460 1015 330 1261
1315 4 2 1 1 381 377 921 1089
1316 4 2 1 1 696 1163 715 1308
1317 4 2 1 1 811 517 654 1048
1318 4 2 1 1 734 857 560 919
1319 4 2 1 1 519 764 750 960
1320 4 2 1 1 577 923 763 964
1321 4 2 1 1 630 890 538 685
1322 4 2 1 1 596 1057 768 1058
1323 4 2 1 1 874 729 628 236
1324 4 2 1 1 529 689 693 1045
1325 4 2 1 1 888 989 752 1299
1326 4 2 1 1 758 922 615 609
1327 4 2 1 1 1343 1046 1311 347
1328 4 2 1 1 1371 19 18 482
1329 4 2 1 1 19 1371 325 482
1330 4 2 1 1 566 735 734 1144
1331 4 2 1 1 587 721 717 836
1332 4 2 1 1 666 579 835 1307
1333 4 2 1 1 495 1348 1312 948
1334 4 2 1 1 657 966 718 866
1335 4 2 1 1 921 1029 381 1089
1336 4 2 1 1 18 1371 482 1063
1337 4 2 1 1 777 883 675 1172
1338 4 2 1 1 578 701 880 981
1339 4 2 1 1 476 903 693 1046
1340 4 2 1 1 910 1083 709 674
1341 4 2 1 1 508 739 701 741
1342 4 2 1 1 386 779 1011 1101
1343 4 2 1 1 395 914 816 1002
1344 4 2 1 1 765 1279 771 1295
1345 4 2 1 1 810 997 726 998
1346 4 2 1 1 545 823 809 1193
1347 4 2 1 1 869 1218 685 590
1348 4 2 1 1 578 880 701 1148
1349 4 2 1 1 158 1249 149 133
1350 4 2 1 1 694 955 871 573
1351 4 2 1 1 842 1087 595 1182
1352 4 2 1 1 758 1025 728 1170
1353 4 2 1 1 676 1137 846 1244
1354 4 2 1 1 325 482 1371 1063
1355 4 2 1 1 1209 1203 949 682
1356 4 2 1 1 581 1059 1253 826
1357 4 2 1 1 686 757 530 1119
1358 4 2 1 1 1327 297 1042 291
1359 4 2 1 1 553 749 908 1163
1360 4 2 1 1 1134 983 618 521
1361 4 2 1 1 788 1106 641 544
1362 4 2 1 1 519 750 1099 1277
1363 4 2 1 1 570 184 813 1245
1364 4 2 1 1 673 1117 868 1217
1365 4 2 1 1 828 894 540 1231
1366 4 2 1 1 608 810 726 998
1367 4 2 1 1 555 709 710 910
1368 4 2 1 1 436 993 879 1125
1369 4 2 1 1 664 1067 802 1253
1370 4 2 1 1 43 44 1370 473
1371 4 2 1 1 574 823 809 849
1372 4 2 1 1 575 750 999 935
1373 4 2 1 1 484 970 412 992
1374 4 2 1 1 638 760 1090 1292
1375 4 2 1 1 573 974 694 957
1376 4 2 1 1 163 767 576 980
1377 4 2 1 1 539 829 766 1188
1378 4 2 1 1 464 403 442 1118
1379 4 2 1 1 1370 44 355 473
1380 4 2 1 1 609 922 610 998
1381 4 2 1 1 542 762 1008 1123
1382 4 2 1 1 579 1040 863 1307
1383 4 2 1 1 654 962 736 1135
1384 4 2 1 1 770 1249 158 933
1385 4 2 1 1 1374 6 51 167
1386 4 2 1 1 149 770 158 148
1387 4 2 1 1 397 888 678 1035
1388 4 2 1 1 840 1039 942 1136
1389 4 2 1 1 1192 728 1181 1033
1390 4 2 1 1 683 930 729 516
1391 4 2 1 1 512 713 770 772
1392 4 2 1 1 632 898 1111 1115
1393 4 2 1 1 410 389 687 1178
1394 4 2 1 1 709 710 633 875
1395 4 2 1 1 93 567 646 911
1396 4 2 1 1 890 891 630 1122
1397 4 2 1 1 551 737 716 838
1398 4 2 1 1 840 942 1039 522
1399 4 2 1 1 553 735 908 1291
1400 4 2 1 1 1370 1346 43 473
1401 4 2 1 1 914 947 838 677
1402 4 2 1 1 1370 1346 473 642
1403 4 2 1 1 719 100 979 593
1404 4 2 1 1 313 1370 1072 1344
1405 4 2 1 1 397 414 413 678
1406 4 2 1 1 4 69 1369 306
1407 4 2 1 1 1232 1253 1059 826
1408 4 2 1 1 545 809 849 1061
1409 4 2 1 1 632 897 898 1115
1410 4 2 1 1 542 843 705 1190
1411 4 2 1 1 821 651 559 1272
1412 4 2 1 1 872 880 578 976
1413 4 2 1 1 606 880 872 976
1414 4 2 1 1 592 866 724 981
1415 4 2 1 1 509 802 723 1253
1416 4 2 1 1 477 406 1101 1238
1417 4 2 1 1 638 1090 819 1288
1418 4 2 1 1 688 860 1038 1065
1419 4 2 1 1 760 825 643 1187
1420 4 2 1 1 514 854 726 998
1421 4 2 1 1 533 625 801 804
1422 4 2 1 1 592 724 866 1050
1423 4 2 1 1 1043 1185 783 614
1424 4 2 1 1 1139 723 1253 509
1425 4 2 1 1 518 587 943 1073
1426 4 2 1 1 386 1101 1238 779
1427 4 2 1 1 1312 928 329 768
1428 4 2 1 1 777 883 558 884
1429 4 2 1 1 484 970 992 745
1430 4 2 1 1 507 889 991 1033
1431 4 2 1 1 563 1029 663 1093
1432 4 2 1 1 1254 1230 844 759
1433 4 2 1 1 1051 795 586 1092
1434 4 2 1 1 1254 844 1230 1158
1435 4 2 1 1 557 942 839 984
1436 4 2 1 1 1349 1369 69 306
1437 4 2 1 1 397 899 413 396
1438 4 2 1 1 563 921 866 1205
1439 4 2 1 1 953 1058 639 1060
1440 4 2 1 1 563 1029 921 1089
1441 4 2 1 1 639 796 649 1133
1442 4 2 1 1 274 681 956 1127
1443 4 2 1 1 1349 1369 306 877
1444 4 2 1 1 814 919 644 1140
1445 4 2 1 1 377 965 733 1089
1446 4 2 1 1 598 945 916 1214
1447 4 2 1 1 522 809 840 942
1448 4 2 1 1 1327 270 1368 827
1449 4 2 1 1 774 522 1038 1039
1450 4 2 1 1 731 772 704 845
1451 4 2 1 1 1208 936 696 1308
1452 4 2 1 1 762 614 1008 1123
1453 4 2 1 1 691 1075 1248 1162
1454 4 2 1 1 1327 270 58 1368
1455 4 2 1 1 816 1002 914 1102
1456 4 2 1 1 163 152 576 1032
1457 4 2 1 1 549 1295 1300 765
1458 4 2 1 1 796 1057 511 1124
1459 4 2 1 1 511 1172 883 1195
1460 4 2 1 1 553 1196 1122 1209
1461 4 2 1 1 578 880 872 724
1462 4 2 1 1 422 917 459 1082
1463 4 2 1 1 739 785 672 786
1464 4 2 1 1 513 1131 878 1287
1465 4 2 1 1 538 630 696 890
1466 4 2 1 1 658 917 1234 1262
1467 4 2 1 1 809 574 849 975
1468 4 2 1 1 664 1059 1232 1253
1469 4 2 1 1 511 883 737 1195
1470 4 2 1 1 1368 58 57 270
1471 4 2 1 1 408 1047 409 879
1472 4 2 1 1 708 780 1068 851
1473 4 2 1 1 914 1002 677 1102
1474 4 2 1 1 534 587 1030 717
1475 4 2 1 1 659 925 830 1099
1476 4 2 1 1 637 839 679 1199
1477 4 2 1 1 585 776 967 1220
1478 4 2 1 1 748 967 776 1220
1479 4 2 1 1 360 964 923 1171
1480 4 2 1 1 524 675 595 1187
1481 4 2 1 1 426 923 722 359
1482 4 2 1 1 623 1009 730 1225
1483 4 2 1 1 1043 1185 1220 783
1484 4 2 1 1 505 761 1056 1086
1485 4 2 1 1 1097 1101 477 1216
1486 4 2 1 1 622 852 715 961
1487 4 2 1 1 1236 205 1367 13
1488 4 2 1 1 769 1210 1110 622
1489 4 2 1 1 592 842 672 1182
1490 4 2 1 1 13 14 205 1367
1491 4 2 1 1 997 998 810 1317
1492 4 2 1 1 743 565 882 1258
1493 4 2 1 1 524 1079 884 1187
1494 4 2 1 1 672 739 701 1182
1495 4 2 1 1 701 739 508 1182
1496 4 2 1 1 275 274 1127 1275
1497 4 2 1 1 1265 555 831 875
1498 4 2 1 1 464 1111 679 1199
1499 4 2 1 1 1367 214 14 205
1500 4 2 1 1 722 745 1252 992
1501 4 2 1 1 664 1096 1067 1149
1502 4 2 1 1 547 953 1041 1060
1503 4 2 1 1 564 726 968 1229
1504 4 2 1 1 880 872 846 606
1505 4 2 1 1 829 573 554 1153
1506 4 2 1 1 893 1216 1174 1303
1507 4 2 1 1 595 766 1087 1153
1508 4 2 1 1 205 1367 680 1236
1509 4 2 1 1 205 680 1367 903
1510 4 2 1 1 708 1022 597 1135
1511 4 2 1 1 691 952 543 1021
1512 4 2 1 1 607 850 954 1006
1513 4 2 1 1 551 710 709 910
1514 4 2 1 1 904 918 597 1135
1515 4 2 1 1 1370 1344 355 1377
1516 4 2 1 1 389 1217 687 1120
1517 4 2 1 1 647 1003 858 1314
1518 4 2 1 1 1096 1193 545 888
1519 4 2 1 1 98 99 593 1004
1520 4 2 1 1 1251 1353 1108 172
1521 4 2 1 1 643 955 1155 573
1522 4 2 1 1 561 837 761 950
1523 4 2 1 1 909 542 753 1123
1524 4 2 1 1 553 936 1196 1209
1525 4 2 1 1 569 1077 670 1222
1526 4 2 1 1 663 577 964 765
1527 4 2 1 1 726 564 968 1273
1528 4 2 1 1 389 390 921 1178
1529 4 2 1 1 888 1035 779 1193
1530 4 2 1 1 549 819 830 1069
1531 4 2 1 1 702 1028 1036 1218
1532 4 2 1 1 711 794 341 1091
1533 4 2 1 1 73 246 72 1355
1534 4 2 1 1 248 232 686 891
1535 4 2 1 1 1070 1176 938 1218
1536 4 2 1 1 600 1169 746 1192
1537 4 2 1 1 232 235 729 891
1538 4 2 1 1 1264 1010 1088 1121
1539 4 2 1 1 575 1059 764 1095
1540 4 2 1 1 709 910 555 1083
1541 4 2 1 1 208 1366 1329 11
1542 4 2 1 1 760 1017 676 1050
1543 4 2 1 1 519 750 1095 1099
1544 4 2 1 1 788 662 858 1073
1545 4 2 1 1 579 795 700 1257
1546 4 2 1 1 11 12 174 1366
1547 4 2 1 1 734 784 919 697
1548 4 2 1 1 431 1002 656 677
1549 4 2 1 1 112 1001 99 1004
1550 4 2 1 1 755 621 946 828
1551 4 2 1 1 1349 302 877 295
1552 4 2 1 1 1023 1021 952 139
1553 4 2 1 1 12 174 1366 1236
1554 4 2 1 1 566 715 852 961
1555 4 2 1 1 1366 174 951 1236
1556 4 2 1 1 362 1295 1279 765
1557 4 2 1 1 236 245 257 930
1558 4 2 1 1 779 861 580 1011
1559 4 2 1 1 917 1159 657 1234
1560 4 2 1 1 574 823 849 971
1561 4 2 1 1 506 1064 887 1177
1562 4 2 1 1 591 1056 1051 1207
1563 4 2 1 1 726 998 854 765
1564 4 2 1 1 389 1217 1120 411
1565 4 2 1 1 743 795 579 1024
1566 4 2 1 1 549 676 854 968
1567 4 2 1 1 603 723 541 742
1568 4 2 1 1 434 1029 771 1089
1569 4 2 1 1 691 1248 1075 527
1570 4 2 1 1 820 984 557 1147
1571 4 2 1 1 283 282 303 583
1572 4 2 1 1 526 1006 561 1049
1573 4 2 1 1 1264 1088 1010 706
1574 4 2 1 1 687 868 1117 1217
1575 4 2 1 1 289 583 1108 1362
1576 4 2 1 1 208 1366 11 174
1577 4 2 1 1 507 990 853 1185
1578 4 2 1 1 539 862 754 869
1579 4 2 1 1 422 718 432 1120
1580 4 2 1 1 582 999 750 1321
1581 4 2 1 1 1345 317 67 855
1582 4 2 1 1 1068 1139 661 1225
1583 4 2 1 1 1020 371 379 1259
1584 4 2 1 1 643 955 573 825
1585 4 2 1 1 835 1206 666 1307
1586 4 2 1 1 1068 851 1116 708
1587 4 2 1 1 768 1015 658 1261
1588 4 2 1 1 532 724 866 981
1589 4 2 1 1 604 950 837 982
1590 4 2 1 1 603 742 916 945
1591 4 2 1 1 1345 317 66 67
1592 4 2 1 1 377 372 965 1089
1593 4 2 1 1 686 877 240 1054
1594 4 2 1 1 563 1017 760 1050
1595 4 2 1 1 777 1186 643 1318
1596 4 2 1 1 443 1089 434 771
1597 4 2 1 1 674 511 709 737
1598 4 2 1 1 760 1007 825 1187
1599 4 2 1 1 436 418 993 1125
1600 4 2 1 1 879 656 404 1118
1601 4 2 1 1 606 1137 1276 1014
1602 4 2 1 1 303 671 583 956
1603 4 2 1 1 572 701 741 1200
1604 4 2 1 1 1116 851 1068 509
1605 4 2 1 1 653 963 570 1214
1606 4 2 1 1 629 1230 1206 1310
1607 4 2 1 1 1097 888 1238 1096
1608 4 2 1 1 650 995 798 1031
1609 4 2 1 1 540 700 946 1109
1610 4 2 1 1 607 954 772 1006
1611 4 2 1 1 1122 682 668 683
1612 4 2 1 1 1020 379 371 380
1613 4 2 1 1 593 534 824 757
1614 4 2 1 1 550 721 720 836
1615 4 2 1 1 699 557 934 1136
1616 4 2 1 1 539 740 684 639
1617 4 2 1 1 705 575 889 1095
1618 4 2 1 1 782 900 698 959
1619 4 2 1 1 508 880 769 892
1620 4 2 1 1 584 786 785 865
1621 4 2 1 1 78 310 77 1325
1622 4 2 1 1 829 573 986 1264
1623 4 2 1 1 732 1206 1307 555
1624 4 2 1 1 876 1271 1123 1191
1625 4 2 1 1 177 1362 933 1328
1626 4 2 1 1 379 1011 1020 1259
1627 4 2 1 1 1180 1057 883 558
1628 4 2 1 1 708 624 1022 1135
1629 4 2 1 1 60 61 1362 200
1630 4 2 1 1 507 991 728 1033
1631 4 2 1 1 78 310 1325 1296
1632 4 2 1 1 722 970 412 1078
1633 4 2 1 1 533 625 804 805
1634 4 2 1 1 543 655 991 1104
1635 4 2 1 1 915 594 665 1248
1636 4 2 1 1 982 1134 837 618
1637 4 2 1 1 374 440 402 984
1638 4 2 1 1 715 1165 696 1308
1639 4 2 1 1 521 1134 982 618
1640 4 2 1 1 696 1165 929 1207
1641 4 2 1 1 676 564 846 1273
1642 4 2 1 1 508 741 701 1148
1643 4 2 1 1 808 843 574 971
1644 4 2 1 1 479 321 893 972
1645 4 2 1 1 807 915 623 988
1646 4 2 1 1 590 684 740 822
1647 4 2 1 1 78 470 310 1296
1648 4 2 1 1 613 861 779 1101
1649 4 2 1 1 809 975 849 1175
1650 4 2 1 1 522 736 840 975
1651 4 2 1 1 536 642 1031 1094
1652 4 2 1 1 517 904 597 1135
1653 4 2 1 1 939 443 1089 369
1654 4 2 1 1 643 955 825 760
1655 4 2 1 1 734 784 697 535
1656 4 2 1 1 634 571 827 1042
1657 4 2 1 1 310 660 1325 1296
1658 4 2 1 1 832 761 1086 1167
1659 4 2 1 1 527 690 1157 1215
1660 4 2 1 1 1164 851 1116 509
1661 4 2 1 1 299 824 1278 1001
1662 4 2 1 1 1258 1301 565 882
1663 4 2 1 1 748 803 552 1286
1664 4 2 1 1 670 985 773 1276
1665 4 2 1 1 859 1213 795 1274
1666 4 2 1 1 1282 126 42 746
1667 4 2 1 1 671 303 1108 263
1668 4 2 1 1 1130 1170 758 1192
1669 4 2 1 1 833 872 585 997
1670 4 2 1 1 526 954 906 1313
1671 4 2 1 1 700 859 795 1274
1672 4 2 1 1 584 1159 917 1262
1673 4 2 1 1 1365 16 15 476
1674 4 2 1 1 115 113 693 1013
1675 4 2 1 1 520 715 852 908
1676 4 2 1 1 747 528 904 1106
1677 4 2 1 1 840 1034 699 1247
1678 4 2 1 1 780 804 598 945
1679 4 2 1 1 805 1146 625 1161
1680 4 2 1 1 526 813 906 662
1681 4 2 1 1 540 755 649 946
1682 4 2 1 1 432 718 422 1082
1683 4 2 1 1 645 776 748 1145
1684 4 2 1 1 616 1150 730 1225
1685 4 2 1 1 1289 54 55 155
1686 4 2 1 1 638 1089 965 1147
1687 4 2 1 1 356 1365 15 476
1688 4 2 1 1 672 786 785 966
1689 4 2 1 1 565 904 881 1048
1690 4 2 1 1 509 971 808 1164
1691 4 2 1 1 563 771 1029 1089
1692 4 2 1 1 586 720 836 1213
1693 4 2 1 1 191 193 951 963
1694 4 2 1 1 611 868 687 1178
1695 4 2 1 1 579 795 743 714
1696 4 2 1 1 556 1045 821 1272
1697 4 2 1 1 734 901 857 798
1698 4 2 1 1 829 1016 1188 539
1699 4 2 1 1 818 678 533 1304
1700 4 2 1 1 996 1132 627 1143
1701 4 2 1 1 526 973 587 1073
1702 4 2 1 1 1065 1038 1064 651
1703 4 2 1 1 766 1087 1153 1210
1704 4 2 1 1 837 950 561 982
1705 4 2 1 1 539 1010 829 1016
1706 4 2 1 1 829 1010 620 1016
1707 4 2 1 1 1365 1343 16 476
1708 4 2 1 1 549 854 676 1017
1709 4 2 1 1 752 603 818 989
1710 4 2 1 1 386 1011 392 1101
1711 4 2 1 1 829 1133 1124 1188
1712 4 2 1 1 424 477 1101 1216
1713 4 2 1 1 551 1233 709 738
1714 4 2 1 1 708 780 851 598
1715 4 2 1 1 939 1017 549 1069
1716 4 2 1 1 319 752 489 855
1717 4 2 1 1 1063 1371 738 105
1718 4 2 1 1 712 363 382 1078
1719 4 2 1 1 391 733 377 1179
1720 4 2 1 1 517 817 1022 1080
1721 4 2 1 1 557 867 934 1136
1722 4 2 1 1 417 408 478 1047
1723 4 2 1 1 140 980 627 1023
1724 4 2 1 1 401 947 677 993
1725 4 2 1 1 549 1295 765 771
1726 4 2 1 1 596 920 1107 1262
1727 4 2 1 1 592 1007 825 1050
1728 4 2 1 1 665 1162 691 1248
1729 4 2 1 1 652 529 1037 1065
1730 4 2 1 1 162 1354 1334 1053
1731 4 2 1 1 240 1360 877 253
1732 4 2 1 1 526 973 561 1006
1733 4 2 1 1 669 934 867 1136
1734 4 2 1 1 476 356 1365 903
1735 4 2 1 1 871 573 554 1264
1736 4 2 1 1 420 427 428 914
1737 4 2 1 1 552 803 749 1151
1738 4 2 1 1 986 1189 957 787
1739 4 2 1 1 762 907 670 1077
1740 4 2 1 1 665 148 146 129
1741 4 2 1 1 876 1271 1191 775
1742 4 2 1 1 1005 1105 591 1165
1743 4 2 1 1 720 1213 859 1285
1744 4 2 1 1 1346 43 42 150
1745 4 2 1 1 777 558 838 1102
1746 4 2 1 1 675 883 596 1124
1747 4 2 1 1 638 1017 939 1069
1748 4 2 1 1 1065 1064 1038 688
1749 4 2 1 1 289 583 1362 283
1750 4 2 1 1 553 749 1163 1209
1751 4 2 1 1 608 1095 750 1099
1752 4 2 1 1 1365 1343 476 693
1753 4 2 1 1 537 642 1072 847
1754 4 2 1 1 517 904 654 1048
1755 4 2 1 1 1247 1098 843 574
1756 4 2 1 1 429 816 395 1015
1757 4 2 1 1 540 831 700 1109
1758 4 2 1 1 512 623 845 1194
1759 4 2 1 1 789 673 532 1019
1760 4 2 1 1 1122 682 683 1203
1761 4 2 1 1 596 1058 768 1107
1762 4 2 1 1 525 668 607 1084
1763 4 2 1 1 1213 743 943 586
1764 4 2 1 1 733 563 921 1089
1765 4 2 1 1 479 1174 893 1216
1766 4 2 1 1 909 542 1123 707
1767 4 2 1 1 1027 1071 1055 611
1768 4 2 1 1 512 807 623 1194
1769 4 2 1 1 1333 148 129 165
1770 4 2 1 1 1337 117 827 1260
1771 4 2 1 1 917 928 459 1082
1772 4 2 1 1 961 630 538 685
1773 4 2 1 1 659 925 968 830
1774 4 2 1 1 1283 1264 554 706
1775 4 2 1 1 1097 1101 613 1238
1776 4 2 1 1 700 859 621 1121
1777 4 2 1 1 664 1232 1067 1253
1778 4 2 1 1 829 675 986 573
1779 4 2 1 1 1120 422 393 430
1780 4 2 1 1 555 911 646 926
1781 4 2 1 1 758 1025 1170 609
1782 4 2 1 1 623 1194 807 1226
1783 4 2 1 1 985 775 1191 1271
1784 4 2 1 1 664 1059 764 1232
1785 4 2 1 1 798 995 536 1031
1786 4 2 1 1 1213 743 586 795
1787 4 2 1 1 89 1240 703 1311
1788 4 2 1 1 559 897 679 898
1789 4 2 1 1 389 687 921 1120
1790 4 2 1 1 695 770 512 1266
1791 4 2 1 1 810 853 564 1185
1792 4 2 1 1 862 1210 1110 766
1793 4 2 1 1 138 952 691 1021
1794 4 2 1 1 594 988 873 1248
1795 4 2 1 1 399 816 429 1015
1796 4 2 1 1 633 649 548 796
1797 4 2 1 1 1098 1247 707 1034
1798 4 2 1 1 476 1365 693 903
1799 4 2 1 1 302 295 285 877
1800 4 2 1 1 520 749 1043 1191
1801 4 2 1 1 750 764 582 960
1802 4 2 1 1 859 1051 795 1213
1803 4 2 1 1 603 916 804 945
1804 4 2 1 1 522 774 942 1039
1805 4 2 1 1 518 717 587 858
1806 4 2 1 1 386 1020 779 1035
1807 4 2 1 1 544 951 788 963
1808 4 2 1 1 635 983 803 1141
1809 4 2 1 1 534 824 757 1030
1810 4 2 1 1 843 1099 705 1190
1811 4 2 1 1 555 787 1083 1206
1812 4 2 1 1 1042 1251 1268 571
1813 4 2 1 1 414 678 397 1299
1814 4 2 1 1 415 458 309 1304
1815 4 2 1 1 571 1329 193 951
1816 4 2 1 1 505 832 1086 1208
1817 4 2 1 1 732 1083 910 1230
1818 4 2 1 1 702 1036 566 1202
1819 4 2 1 1 194 1329 827 178
1820 4 2 1 1 732 1206 1230 1310
1821 4 2 1 1 555 787 709 1083
1822 4 2 1 1 791 358 452 763
1823 4 2 1 1 623 915 690 988
1824 4 2 1 1 1364 10 9 178
1825 4 2 1 1 1104 1033 655 991
1826 4 2 1 1 713 952 142 1023
1827 4 2 1 1 774 1039 1038 619
1828 4 2 1 1 994 585 776 995
1829 4 2 1 1 526 850 587 1006
1830 4 2 1 1 1197 1271 876 775
1831 4 2 1 1 719 790 848 1231
1832 4 2 1 1 563 1017 771 1089
1833 4 2 1 1 529 903 693 1013
1834 4 2 1 1 866 1050 1093 563
1835 4 2 1 1 562 840 736 1098
1836 4 2 1 1 801 1146 533 751
1837 4 2 1 1 1032 1081 644 1204
1838 4 2 1 1 1023 1021 139 980
1839 4 2 1 1 597 1022 517 1135
1840 4 2 1 1 617 879 1126 559
1841 4 2 1 1 223 1355 1330 1053
1842 4 2 1 1 598 944 653 1214
1843 4 2 1 1 793 694 974 957
1844 4 2 1 1 737 806 716 558
1845 4 2 1 1 631 756 890 1119
1846 4 2 1 1 391 912 733 1179
1847 4 2 1 1 791 452 358 499
1848 4 2 1 1 386 387 1020 1035
1849 4 2 1 1 521 730 982 1134
1850 4 2 1 1 615 746 504 992
1851 4 2 1 1 587 832 721 1086
1852 4 2 1 1 1258 1301 882 1224
1853 4 2 1 1 507 748 990 1185
1854 4 2 1 1 505 832 761 1086
1855 4 2 1 1 632 725 1128 898
1856 4 2 1 1 808 1116 616 1139
1857 4 2 1 1 887 1310 1076 732
1858 4 2 1 1 684 590 878 1166
1859 4 2 1 1 1353 59 60 172
1860 4 2 1 1 617 1126 844 559
1861 4 2 1 1 580 830 712 861
1862 4 2 1 1 212 1364 9 178
1863 4 2 1 1 579 863 1258 1307
1864 4 2 1 1 587 943 1073 1167
1865 4 2 1 1 689 556 1012 1045
1866 4 2 1 1 43 44 130 1370
1867 4 2 1 1 804 851 625 802
1868 4 2 1 1 1364 1329 10 178
1869 4 2 1 1 1340 1138 903 711
1870 4 2 1 1 700 714 579 1040
1871 4 2 1 1 1241 1022 1068 1150
1872 4 2 1 1 538 1005 862 754
1873 4 2 1 1 431 677 401 384
1874 4 2 1 1 212 1364 178 827
1875 4 2 1 1 574 971 843 1284
1876 4 2 1 1 730 753 982 1080
1877 4 2 1 1 188 190 189 1156
1878 4 2 1 1 551 927 703 1240
1879 4 2 1 1 603 802 804 801
1880 4 2 1 1 631 890 530 1119
1881 4 2 1 1 525 1023 713 1052
1882 4 2 1 1 638 1089 1017 1292
1883 4 2 1 1 1324 812 127 1289
1884 4 2 1 1 760 1007 563 1050
1885 4 2 1 1 1364 1329 178 827
1886 4 2 1 1 172 1313 1108 1251
1887 4 2 1 1 616 808 817 1116
1888 4 2 1 1 698 972 600 999
1889 4 2 1 1 1363 45 8 259
1890 4 2 1 1 347 1246 1046 1311
1891 4 2 1 1 594 945 742 723
1892 4 2 1 1 528 918 904 1135
1893 4 2 1 1 915 594 1248 988
1894 4 2 1 1 608 925 726 1229
1895 4 2 1 1 1334 1363 259 45
1896 4 2 1 1 771 854 663 765
1897 4 2 1 1 549 925 830 968
1898 4 2 1 1 769 1182 842 592
1899 4 2 1 1 1176 228 231 1070
1900 4 2 1 1 838 1195 1293 674
1901 4 2 1 1 907 1190 659 1247
1902 4 2 1 1 1076 1310 887 506
1903 4 2 1 1 899 1111 396 1199
1904 4 2 1 1 570 747 653 918
1905 4 2 1 1 862 869 766 1110
1906 4 2 1 1 619 821 844 887
1907 4 2 1 1 513 1231 790 1237
1908 4 2 1 1 795 941 1051 515
1909 4 2 1 1 62 6 1374 213
1910 4 2 1 1 678 801 751 1061
1911 4 2 1 1 554 955 825 573
1912 4 2 1 1 219 857 930 1204
1913 4 2 1 1 359 923 722 1171
1914 4 2 1 1 93 646 567 1201
1915 4 2 1 1 712 1295 1078 1300
1916 4 2 1 1 115 693 86 903
1917 4 2 1 1 838 914 558 716
1918 4 2 1 1 676 968 564 1273
1919 4 2 1 1 89 693 1240 1311
1920 4 2 1 1 358 763 791 923
1921 4 2 1 1 590 741 572 1152
1922 4 2 1 1 517 909 950 958
1923 4 2 1 1 1334 1363 1053 259
1924 4 2 1 1 1265 828 612 894
1925 4 2 1 1 637 1035 1061 1193
1926 4 2 1 1 539 706 829 1010
1927 4 2 1 1 887 1064 689 1177
1928 4 2 1 1 833 995 650 1031
1929 4 2 1 1 631 696 890 929
1930 4 2 1 1 443 1089 369 375
1931 4 2 1 1 191 963 951 1298
1932 4 2 1 1 565 811 743 882
1933 4 2 1 1 545 802 801 849
1934 4 2 1 1 533 944 1091 1242
1935 4 2 1 1 721 757 717 550
1936 4 2 1 1 518 858 587 1073
1937 4 2 1 1 1086 1208 1056 505
1938 4 2 1 1 1235 113 115 1013
1939 4 2 1 1 60 61 289 1362
1940 4 2 1 1 611 687 868 1117
1941 4 2 1 1 145 1354 930 154
1942 4 2 1 1 922 610 615 609
1943 4 2 1 1 896 1003 1004 717
1944 4 2 1 1 697 1176 734 1202
1945 4 2 1 1 394 450 451 1027
1946 4 2 1 1 226 822 572 865
1947 4 2 1 1 809 1061 545 1193
1948 4 2 1 1 1360 253 1349 877
1949 4 2 1 1 1362 289 60 1108
1950 4 2 1 1 269 1362 61 1328
1951 4 2 1 1 1235 115 113 102
1952 4 2 1 1 635 991 940 1286
1953 4 2 1 1 936 1208 1056 1308
1954 4 2 1 1 93 102 101 1235
1955 4 2 1 1 761 832 505 837
1956 4 2 1 1 801 1146 751 1175
1957 4 2 1 1 407 480 716 947
1958 4 2 1 1 489 490 317 855
1959 4 2 1 1 257 857 729 930
1960 4 2 1 1 720 721 1086 836
1961 4 2 1 1 257 219 857 930
1962 4 2 1 1 620 787 1109 1189
1963 4 2 1 1 666 1109 787 1189
1964 4 2 1 1 712 363 1078 1295
1965 4 2 1 1 157 812 713 1052
1966 4 2 1 1 879 993 617 1125
1967 4 2 1 1 734 516 857 901
1968 4 2 1 1 580 778 699 1297
1969 4 2 1 1 157 713 141 1052
1970 4 2 1 1 1180 1234 1262 658
1971 4 2 1 1 821 1045 651 1272
1972 4 2 1 1 692 1046 1246 1311
1973 4 2 1 1 637 1061 899 1115
1974 4 2 1 1 899 1061 751 1115
1975 4 2 1 1 1308 1208 1056 1207
1976 4 2 1 1 384 400 395 914
1977 4 2 1 1 453 1027 416 1178
1978 4 2 1 1 643 955 760 1155
1979 4 2 1 1 1358 133 156 1249
1980 4 2 1 1 1340 1138 711 179
1981 4 2 1 1 704 772 607 1084
1982 4 2 1 1 534 717 634 858
1983 4 2 1 1 1362 583 1108 1156
1984 4 2 1 1 269 1362 1328 933
1985 4 2 1 1 695 731 954 906
1986 4 2 1 1 1333 199 1361 35
1987 4 2 1 1 199 35 34 1361
1988 4 2 1 1 665 667 147 1162
1989 4 2 1 1 461 970 745 1174
1990 4 2 1 1 1057 948 1233 737
1991 4 2 1 1 406 386 392 1101
1992 4 2 1 1 788 863 518 1003
1993 4 2 1 1 539 766 862 869
1994 4 2 1 1 1183 682 668 525
1995 4 2 1 1 211 1333 199 770
1996 4 2 1 1 1275 281 628 1127
1997 4 2 1 1 543 1104 977 690
1998 4 2 1 1 648 958 761 1305
1999 4 2 1 1 596 595 675 1124
2000 4 2 1 1 1371 948 738 1348
2001 4 2 1 1 550 836 720 1213
2002 4 2 1 1 1304 1270 533 794
2003 4 2 1 1 1333 199 770 1361
2004 4 2 1 1 568 784 697 919
2005 4 2 1 1 762 569 1123 707
2006 4 2 1 1 436 418 435 993
2007 4 2 1 1 809 823 574 1044
2008 4 2 1 1 373 965 820 1002
2009 4 2 1 1 832 850 587 1030
2010 4 2 1 1 441 984 442 402
2011 4 2 1 1 577 763 923 610
2012 4 2 1 1 147 665 164 667
2013 4 2 1 1 1249 1338 1358 133
2014 4 2 1 1 584 865 785 1107
2015 4 2 1 1 592 866 1007 1050
2016 4 2 1 1 819 1090 934 1288
2017 4 2 1 1 1134 983 521 845
2018 4 2 1 1 536 1031 642 1032
2019 4 2 1 1 712 363 1295 365
2020 4 2 1 1 645 1144 776 1145
2021 4 2 1 1 663 964 763 1027
2022 4 2 1 1 89 1343 693 1311
2023 4 2 1 1 784 789 537 814
2024 4 2 1 1 472 415 309 1304
2025 4 2 1 1 386 1238 1101 406
2026 4 2 1 1 294 1249 933 1338
2027 4 2 1 1 750 999 935 1321
2028 4 2 1 1 608 885 726 925
2029 4 2 1 1 708 851 624 1135
2030 4 2 1 1 1011 712 444 1101
2031 4 2 1 1 614 990 853 1008
2032 4 2 1 1 763 610 886 1055
2033 4 2 1 1 621 828 700 946
2034 4 2 1 1 515 795 859 1051
2035 4 2 1 1 1313 583 850 954
2036 4 2 1 1 708 1068 834 1241
2037 4 2 1 1 898 464 425 1111
2038 4 2 1 1 671 1251 1108 1313
2039 4 2 1 1 755 621 828 1316
2040 4 2 1 1 1313 850 583 671
2041 4 2 1 1 593 877 100 979
2042 4 2 1 1 712 363 365 382
2043 4 2 1 1 876 1008 614 1123
2044 4 2 1 1 1349 302 1360 877
2045 4 2 1 1 462 324 487 1281
2046 4 2 1 1 827 1042 571 1251
2047 4 2 1 1 562 736 962 1098
2048 4 2 1 1 283 583 933 1249
2049 4 2 1 1 452 791 763 847
2050 4 2 1 1 592 672 981 1182
2051 4 2 1 1 514 726 854 1273
2052 4 2 1 1 146 665 691 952
2053 4 2 1 1 643 825 573 1187
2054 4 2 1 1 673 789 537 1019
2055 4 2 1 1 367 365 444 712
2056 4 2 1 1 522 860 736 1175
2057 4 2 1 1 533 804 603 916
2058 4 2 1 1 1345 916 196 171
2059 4 2 1 1 1349 302 70 1360
2060 4 2 1 1 319 818 752 855
2061 4 2 1 1 525 812 713 1062
2062 4 2 1 1 632 725 1037 1128
2063 4 2 1 1 925 968 726 1229
2064 4 2 1 1 679 984 656 1118
2065 4 2 1 1 302 1360 71 70
2066 4 2 1 1 549 854 726 968
2067 4 2 1 1 590 938 741 1218
2068 4 2 1 1 1306 1022 792 517
2069 4 2 1 1 626 772 713 1074
2070 4 2 1 1 600 959 134 1281
2071 4 2 1 1 635 940 543 1141
2072 4 2 1 1 338 847 1027 1071
2073 4 2 1 1 513 685 754 756
2074 4 2 1 1 538 890 756 685
2075 4 2 1 1 1332 1360 71 302
2076 4 2 1 1 712 1011 444 1259
2077 4 2 1 1 636 967 1239 1286
2078 4 2 1 1 358 964 360 471
2079 4 2 1 1 614 1008 876 521
2080 4 2 1 1 688 528 1065 1177
2081 4 2 1 1 715 1163 775 1308
2082 4 2 1 1 374 984 820 1147
2083 4 2 1 1 1332 1360 302 1054
2084 4 2 1 1 622 961 862 1110
2085 4 2 1 1 1149 1026 1097 752
2086 4 2 1 1 562 1034 840 1098
2087 4 2 1 1 80 1377 7 355
2088 4 2 1 1 518 836 714 943
2089 4 2 1 1 559 1126 821 1272
2090 4 2 1 1 924 1075 691 1162
2091 4 2 1 1 496 806 768 1261
2092 4 2 1 1 533 805 652 1146
2093 4 2 1 1 1032 1372 644 1018
2094 4 2 1 1 227 228 256 938
2095 4 2 1 1 302 1360 877 1054
2096 4 2 1 1 762 1123 569 1271
2097 4 2 1 1 203 653 680 1138
2098 4 2 1 1 826 999 764 1000
2099 4 2 1 1 680 529 1138 1066
2100 4 2 1 1 714 518 612 550
2101 4 2 1 1 512 770 713 952
2102 4 2 1 1 419 348 493 905
2103 4 2 1 1 666 831 579 1307
2104 4 2 1 1 1355 281 1053 874
2105 4 2 1 1 713 770 148 952
2106 4 2 1 1 697 741 1148 1200
2107 4 2 1 1 909 542 707 817
2108 4 2 1 1 652 1066 529 1065
2109 4 2 1 1 704 937 837 618
2110 4 2 1 1 145 1354 154 162
2111 4 2 1 1 663 771 765 1279
2112 4 2 1 1 268 1359 1335 31
2113 4 2 1 1 699 1034 840 1136
2114 4 2 1 1 986 573 675 1172
2115 4 2 1 1 601 970 799 1113
2116 4 2 1 1 792 864 561 1049
2117 4 2 1 1 835 1258 926 1307
2118 4 2 1 1 543 977 1104 635
2119 4 2 1 1 525 713 772 1062
2120 4 2 1 1 689 1076 887 1177
2121 4 2 1 1 31 30 287 1359
2122 4 2 1 1 1359 1323 30 287
2123 4 2 1 1 728 758 599 767
2124 4 2 1 1 727 1168 1033 1192
2125 4 2 1 1 292 280 308 671
2126 4 2 1 1 722 922 577 923
2127 4 2 1 1 1376 222 932 797
2128 4 2 1 1 764 1232 1059 826
2129 4 2 1 1 785 786 584 966
2130 4 2 1 1 541 1000 826 1232
2131 4 2 1 1 665 952 770 1266
2132 4 2 1 1 100 877 593 1278
2133 4 2 1 1 624 851 708 1116
2134 4 2 1 1 746 599 600 1192
2135 4 2 1 1 1207 1208 696 1308
2136 4 2 1 1 932 928 1312 1294
2137 4 2 1 1 399 405 917 1261
2138 4 2 1 1 783 853 1185 564
2139 4 2 1 1 680 529 903 1138
2140 4 2 1 1 638 819 760 1017
2141 4 2 1 1 573 871 694 974
2142 4 2 1 1 873 1075 826 698
2143 4 2 1 1 268 1359 31 287
2144 4 2 1 1 1176 231 228 256
2145 4 2 1 1 319 888 752 1299
2146 4 2 1 1 236 1355 1053 874
2147 4 2 1 1 166 1326 154 930
2148 4 2 1 1 512 770 952 1266
2149 4 2 1 1 1359 1323 287 1278
2150 4 2 1 1 622 715 852 1105
2151 4 2 1 1 1375 164 665 667
2152 4 2 1 1 510 1034 934 1155
2153 4 2 1 1 232 560 729 231
2154 4 2 1 1 697 919 734 1176
2155 4 2 1 1 765 1078 1295 1300
2156 4 2 1 1 597 747 881 1315
2157 4 2 1 1 506 654 688 1177
2158 4 2 1 1 557 1297 778 839
2159 4 2 1 1 1198 810 1130 1170
2160 4 2 1 1 787 957 666 1189
2161 4 2 1 1 326 806 495 1312
2162 4 2 1 1 759 1230 844 556
2163 4 2 1 1 975 1161 624 1164
2164 4 2 1 1 720 1207 1056 1208
2165 4 2 1 1 607 772 954 1062
2166 4 2 1 1 592 880 769 1182
2167 4 2 1 1 664 1059 1253 1284
2168 4 2 1 1 601 750 885 1113
2169 4 2 1 1 749 803 618 1151
2170 4 2 1 1 876 1271 604 1123
2171 4 2 1 1 934 1034 669 1155
2172 4 2 1 1 1324 288 1358 812
2173 4 2 1 1 614 803 876 1043
2174 4 2 1 1 670 1222 554 773
2175 4 2 1 1 1098 1247 1034 840
2176 4 2 1 1 580 712 830 1069
2177 4 2 1 1 655 690 543 691
2178 4 2 1 1 198 667 594 742
2179 4 2 1 1 531 885 750 1113
2180 4 2 1 1 326 806 502 495
2181 4 2 1 1 661 594 723 780
2182 4 2 1 1 719 848 790 1255
2183 4 2 1 1 949 1151 749 1209
2184 4 2 1 1 708 1022 624 1116
2185 4 2 1 1 770 772 713 1249
2186 4 2 1 1 526 906 813 1313
2187 4 2 1 1 519 1044 830 1099
2188 4 2 1 1 831 666 1206 1307
2189 4 2 1 1 455 412 970 1078
2190 4 2 1 1 709 787 555 1212
2191 4 2 1 1 909 1123 569 707
2192 4 2 1 1 1265 828 894 540
2193 4 2 1 1 1362 583 1156 933
2194 4 2 1 1 560 729 857 1173
2195 4 2 1 1 412 722 1078 1171
2196 4 2 1 1 785 786 739 1041
2197 4 2 1 1 879 1047 409 1125
2198 4 2 1 1 861 1011 779 1101
2199 4 2 1 1 703 551 905 927
2200 4 2 1 1 289 583 283 303
2201 4 2 1 1 139 142 952 1023
2202 4 2 1 1 179 711 944 1138
2203 4 2 1 1 562 707 1034 1098
2204 4 2 1 1 689 887 821 1064
2205 4 2 1 1 373 820 376 1002
2206 4 2 1 1 1324 288 53 1358
2207 4 2 1 1 569 744 941 1221
2208 4 2 1 1 1122 682 1203 1209
2209 4 2 1 1 495 806 948 1312
2210 4 2 1 1 611 687 1093 1178
2211 4 2 1 1 874 891 530 628
2212 4 2 1 1 532 578 789 1019
2213 4 2 1 1 616 817 753 1080
2214 4 2 1 1 810 585 1185 1227
2215 4 2 1 1 288 52 53 1358
2216 4 2 1 1 578 872 800 724
2217 4 2 1 1 1210 862 1005 706
2218 4 2 1 1 522 736 975 1175
2219 4 2 1 1 501 454 342 1128
2220 4 2 1 1 606 1014 846 1137
2221 4 2 1 1 597 881 747 904
2222 4 2 1 1 783 853 564 762
2223 4 2 1 1 530 824 686 1054
2224 4 2 1 1 1020 1035 388 1199
2225 4 2 1 1 509 808 1116 1164
2226 4 2 1 1 736 860 1161 1175
2227 4 2 1 1 1210 1005 862 622
2228 4 2 1 1 574 823 971 1284
2229 4 2 1 1 741 1036 1028 1218
2230 4 2 1 1 653 805 652 944
2231 4 2 1 1 489 855 752 1026
2232 4 2 1 1 626 1023 525 1142
2233 4 2 1 1 161 667 959 1162
2234 4 2 1 1 851 624 1161 1164
2235 4 2 1 1 194 1327 201 207
2236 4 2 1 1 244 568 256 919
2237 4 2 1 1 553 908 735 566
2238 4 2 1 1 874 729 236 235
2239 4 2 1 1 753 521 1008 1009
2240 4 2 1 1 1153 825 1187 573
2241 4 2 1 1 382 1078 970 712
2242 4 2 1 1 909 569 1123 1271
2243 4 2 1 1 377 372 438 965
2244 4 2 1 1 710 910 551 1240
2245 4 2 1 1 383 1002 816 1179
2246 4 2 1 1 484 970 745 461
2247 4 2 1 1 631 890 756 929
2248 4 2 1 1 843 1059 581 705
2249 4 2 1 1 370 369 368 1147
2250 4 2 1 1 650 1031 1055 833
2251 4 2 1 1 346 478 898 1047
2252 4 2 1 1 816 884 658 1234
2253 4 2 1 1 553 696 936 1163
2254 4 2 1 1 678 989 888 1299
2255 4 2 1 1 1059 1219 519 1284
2256 4 2 1 1 519 1095 1059 1099
2257 4 2 1 1 933 1338 1249 133
2258 4 2 1 1 168 45 8 1363
2259 4 2 1 1 288 1358 812 1249
2260 4 2 1 1 241 857 644 919
2261 4 2 1 1 588 1294 797 1312
2262 4 2 1 1 765 362 1078 1171
2263 4 2 1 1 818 533 678 801
2264 4 2 1 1 783 1014 520 762
2265 4 2 1 1 549 939 771 1017
2266 4 2 1 1 1083 1206 629 1230
2267 4 2 1 1 1134 983 845 704
2268 4 2 1 1 190 1362 1156 933
2269 4 2 1 1 738 1371 1348 105
2270 4 2 1 1 581 971 1253 1284
2271 4 2 1 1 538 815 756 929
2272 4 2 1 1 732 556 887 1230
2273 4 2 1 1 538 756 890 929
2274 4 2 1 1 675 573 829 1153
2275 4 2 1 1 1059 1219 1284 664
2276 4 2 1 1 510 955 1155 760
2277 4 2 1 1 514 724 846 1050
2278 4 2 1 1 1059 1219 664 764
2279 4 2 1 1 206 770 1342 933
2280 4 2 1 1 538 815 1005 754
2281 4 2 1 1 617 905 927 1125
2282 4 2 1 1 467 1046 347 1246
2283 4 2 1 1 634 827 571 1314
2284 4 2 1 1 557 1297 839 942
2285 4 2 1 1 424 477 406 1101
2286 4 2 1 1 779 613 1101 1238
2287 4 2 1 1 5 1357 68 353
2288 4 2 1 1 523 844 759 1254
2289 4 2 1 1 659 925 1099 1229
2290 4 2 1 1 596 920 785 1107
2291 4 2 1 1 1352 1357 353 68
2292 4 2 1 1 683 930 516 1143
2293 4 2 1 1 548 649 633 848
2294 4 2 1 1 1352 1357 900 353
2295 4 2 1 1 123 32 4 1369
2296 4 2 1 1 549 854 771 765
2297 4 2 1 1 554 1222 1283 773
2298 4 2 1 1 547 1290 932 928
2299 4 2 1 1 934 1090 760 1318
2300 4 2 1 1 39 1357 169 5
2301 4 2 1 1 224 1356 1341 979
2302 4 2 1 1 844 1158 887 1230
2303 4 2 1 1 722 923 577 1171
2304 4 2 1 1 431 1002 677 384
2305 4 2 1 1 637 809 942 1297
2306 4 2 1 1 641 1201 788 544
2307 4 2 1 1 644 1018 814 1140
2308 4 2 1 1 241 560 231 729
2309 4 2 1 1 1003 1085 634 1314
2310 4 2 1 1 575 764 1059 826
2311 4 2 1 1 596 1060 1058 1107
2312 4 2 1 1 632 1128 1037 1270
2313 4 2 1 1 698 900 667 959
2314 4 2 1 1 748 991 990 1286
2315 4 2 1 1 1371 948 1348 325
2316 4 2 1 1 783 853 762 614
2317 4 2 1 1 715 520 852 1105
2318 4 2 1 1 830 1044 659 1099
2319 4 2 1 1 608 1130 810 998
2320 4 2 1 1 736 1161 975 1175
2321 4 2 1 1 566 961 702 630
2322 4 2 1 1 224 1356 979 254
2323 4 2 1 1 1349 302 295 70
2324 4 2 1 1 566 852 715 908
2325 4 2 1 1 1033 1168 655 1181
2326 4 2 1 1 506 688 902 1064
2327 4 2 1 1 301 281 874 1275
2328 4 2 1 1 1035 386 1238 779
2329 4 2 1 1 830 1099 925 1277
2330 4 2 1 1 746 758 615 978
2331 4 2 1 1 912 1079 733 1179
2332 4 2 1 1 694 569 941 1222
2333 4 2 1 1 641 565 863 1258
2334 4 2 1 1 149 770 148 713
2335 4 2 1 1 1356 22 23 254
2336 4 2 1 1 367 712 444 1259
2337 4 2 1 1 92 875 710 911
2338 4 2 1 1 529 1045 651 1065
2339 4 2 1 1 607 954 850 1062
2340 4 2 1 1 732 926 835 1224
2341 4 2 1 1 802 1067 723 1253
2342 4 2 1 1 767 978 153 1032
2343 4 2 1 1 703 1246 347 1311
2344 4 2 1 1 525 682 668 1084
2345 4 2 1 1 603 989 752 1067
2346 4 2 1 1 687 611 1093 1117
2347 4 2 1 1 1198 1130 810 608
2348 4 2 1 1 1356 1339 254 23
2349 4 2 1 1 1360 253 70 1349
2350 4 2 1 1 511 737 883 1057
2351 4 2 1 1 519 1099 830 1277
2352 4 2 1 1 110 1323 1359 1278
2353 4 2 1 1 508 769 880 1182
2354 4 2 1 1 670 1077 955 1222
2355 4 2 1 1 719 790 1231 1237
2356 4 2 1 1 1326 245 930 219
2357 4 2 1 1 726 968 854 1273
2358 4 2 1 1 854 968 676 1273
2359 4 2 1 1 553 949 749 1209
2360 4 2 1 1 524 1007 1079 1187
2361 4 2 1 1 1059 1219 764 519
2362 4 2 1 1 308 671 280 1042
2363 4 2 1 1 528 747 904 918
2364 4 2 1 1 699 659 1044 1247
2365 4 2 1 1 426 412 359 722
2366 4 2 1 1 650 800 872 833
2367 4 2 1 1 606 872 846 1227
2368 4 2 1 1 558 884 883 1180
2369 4 2 1 1 815 859 720 1051
2370 4 2 1 1 1356 1339 979 254
2371 4 2 1 1 613 1097 1096 1149
2372 4 2 1 1 829 986 675 1124
2373 4 2 1 1 837 1006 1134 561
2374 4 2 1 1 676 1050 846 1137
2375 4 2 1 1 732 1224 835 1310
2376 4 2 1 1 534 587 717 858
2377 4 2 1 1 382 455 970 1078
2378 4 2 1 1 915 952 665 1266
2379 4 2 1 1 821 1045 689 1065
2380 4 2 1 1 484 970 461 412
2381 4 2 1 1 518 612 863 714
2382 4 2 1 1 121 790 1255 719
2383 4 2 1 1 244 644 814 919
2384 4 2 1 1 259 8 1363 74
2385 4 2 1 1 626 525 713 772
2386 4 2 1 1 26 1376 1350 260
2387 4 2 1 1 620 829 1016 1133
2388 4 2 1 1 26 1376 260 3
2389 4 2 1 1 222 1350 797 1376
2390 4 2 1 1 804 805 625 851
2391 4 2 1 1 41 311 42 746
2392 4 2 1 1 599 1168 600 1192
2393 4 2 1 1 108 969 633 1255
2394 4 2 1 1 525 626 713 1023
2395 4 2 1 1 236 1355 874 246
2396 4 2 1 1 634 534 858 1042
2397 4 2 1 1 642 791 349 847
2398 4 2 1 1 985 1221 1056 1271
2399 4 2 1 1 930 1052 627 1143
2400 4 2 1 1 558 883 777 1195
2401 4 2 1 1 73 1355 72 286
2402 4 2 1 1 783 853 614 1185
2403 4 2 1 1 591 1056 985 1221
2404 4 2 1 1 1209 949 1203 553
2405 4 2 1 1 805 916 533 944
2406 4 2 1 1 529 693 903 1184
2407 4 2 1 1 564 853 810 1229
2408 4 2 1 1 719 848 107 894
2409 4 2 1 1 559 774 897 619
2410 4 2 1 1 166 1326 930 1204
2411 4 2 1 1 152 1081 1032 1204
2412 4 2 1 1 652 860 1161 1065
2413 4 2 1 1 808 856 581 1139
2414 4 2 1 1 601 885 925 1300
2415 4 2 1 1 824 1001 593 1278
2416 4 2 1 1 144 812 1052 1289
2417 4 2 1 1 726 549 925 765
2418 4 2 1 1 710 875 555 911
2419 4 2 1 1 191 1214 963 1298
2420 4 2 1 1 514 800 886 833
2421 4 2 1 1 1355 1332 72 286
2422 4 2 1 1 1355 1332 286 874
2423 4 2 1 1 547 1058 953 1060
2424 4 2 1 1 267 1355 1330 73
2425 4 2 1 1 666 957 787 1206
2426 4 2 1 1 525 627 1023 1052
2427 4 2 1 1 390 1029 921 1178
2428 4 2 1 1 726 765 885 998
2429 4 2 1 1 514 846 872 997
2430 4 2 1 1 1147 373 372 965
2431 4 2 1 1 330 420 428 1015
2432 4 2 1 1 1105 1308 775 591
2433 4 2 1 1 538 756 754 685
2434 4 2 1 1 1355 281 874 286
2435 4 2 1 1 121 790 719 979
2436 4 2 1 1 1012 1045 556 1311
2437 4 2 1 1 862 1005 706 754
2438 4 2 1 1 177 1362 1328 61
2439 4 2 1 1 267 1355 73 286
2440 4 2 1 1 624 962 736 1098
2441 4 2 1 1 698 1000 972 999
2442 4 2 1 1 350 959 782 972
2443 4 2 1 1 717 1001 534 634
2444 4 2 1 1 514 872 833 997
2445 4 2 1 1 801 1146 1175 625
2446 4 2 1 1 659 925 1229 968
2447 4 2 1 1 1326 245 1354 930
2448 4 2 1 1 240 877 686 979
2449 4 2 1 1 1326 245 47 1354
2450 4 2 1 1 368 778 939 1259
2451 4 2 1 1 986 1124 829 1133
2452 4 2 1 1 441 984 402 440
2453 4 2 1 1 41 746 1281 311
2454 4 2 1 1 1147 372 373 370
2455 4 2 1 1 580 712 1069 1259
2456 4 2 1 1 1018 244 243 644
2457 4 2 1 1 1113 1174 582 1321
2458 4 2 1 1 1018 243 244 250
2459 4 2 1 1 717 757 721 1030
2460 4 2 1 1 956 1042 850 534
2461 4 2 1 1 378 820 984 656
2462 4 2 1 1 963 1214 653 1298
2463 4 2 1 1 639 1133 1016 1188
2464 4 2 1 1 508 1087 769 1182
2465 4 2 1 1 896 1003 717 550
2466 4 2 1 1 47 46 1354 245
2467 4 2 1 1 668 631 832 1196
2468 4 2 1 1 714 700 795 1274
2469 4 2 1 1 577 885 765 998
2470 4 2 1 1 635 1103 977 1104
2471 4 2 1 1 762 569 985 1271
2472 4 2 1 1 391 393 385 912
2473 4 2 1 1 622 1005 773 1210
2474 4 2 1 1 288 812 273 1249
2475 4 2 1 1 252 1354 1334 46
2476 4 2 1 1 1241 1068 1022 708
2477 4 2 1 1 640 1076 689 1177
2478 4 2 1 1 222 1350 1376 260
2479 4 2 1 1 395 816 383 1002
2480 4 2 1 1 716 838 947 759
2481 4 2 1 1 1152 766 1028 739
2482 4 2 1 1 653 652 1066 1138
2483 4 2 1 1 362 1078 1295 765
2484 4 2 1 1 1096 1097 752 1149
2485 4 2 1 1 115 1235 680 1236
2486 4 2 1 1 252 1354 46 245
2487 4 2 1 1 732 887 689 1076
2488 4 2 1 1 172 1313 1251 202
2489 4 2 1 1 789 784 578 1200
2490 4 2 1 1 508 739 741 1028
2491 4 2 1 1 717 1001 634 1004
2492 4 2 1 1 587 1073 858 1268
2493 4 2 1 1 802 1067 603 723
2494 4 2 1 1 861 712 799 1277
2495 4 2 1 1 737 1195 883 558
2496 4 2 1 1 973 837 832 761
2497 4 2 1 1 577 722 885 922
2498 4 2 1 1 100 98 99 593
2499 4 2 1 1 894 896 1231 828
2500 4 2 1 1 514 800 872 724
2501 4 2 1 1 143 627 930 1052
2502 4 2 1 1 679 1115 637 1199
2503 4 2 1 1 1354 236 930 245
2504 4 2 1 1 1084 1142 525 682
2505 4 2 1 1 647 858 571 1314
2506 4 2 1 1 756 815 621 1285
2507 4 2 1 1 576 980 996 1132
2508 4 2 1 1 785 1060 1041 1269
2509 4 2 1 1 514 1050 846 1273
2510 4 2 1 1 700 621 859 1274
2511 4 2 1 1 710 738 91 1063
2512 4 2 1 1 531 885 722 922
2513 4 2 1 1 514 872 846 724
2514 4 2 1 1 564 968 907 1229
2515 4 2 1 1 773 1210 1005 1283
2516 4 2 1 1 94 1085 646 1201
2517 4 2 1 1 597 904 747 918
2518 4 2 1 1 736 624 975 1161
2519 4 2 1 1 973 837 761 561
2520 4 2 1 1 659 1099 843 1190
2521 4 2 1 1 785 865 786 1041
2522 4 2 1 1 659 907 968 1229
2523 4 2 1 1 801 849 625 1175
2524 4 2 1 1 700 828 621 1274
2525 4 2 1 1 1219 1303 1149 764
2526 4 2 1 1 520 1191 783 762
2527 4 2 1 1 176 680 903 1138
2528 4 2 1 1 263 59 60 1353
2529 4 2 1 1 536 798 1031 1032
2530 4 2 1 1 412 1078 361 1171
2531 4 2 1 1 781 945 598 1214
2532 4 2 1 1 636 991 967 1286
2533 4 2 1 1 232 560 231 1070
2534 4 2 1 1 539 740 1188 766
2535 4 2 1 1 731 772 512 954
2536 4 2 1 1 263 1353 60 1108
2537 4 2 1 1 56 8 1363 168
2538 4 2 1 1 602 987 856 1009
2539 4 2 1 1 622 852 769 1276
2540 4 2 1 1 543 980 636 1181
2541 4 2 1 1 812 1062 525 1183
2542 4 2 1 1 657 921 1205 866
2543 4 2 1 1 597 904 517 1048
2544 4 2 1 1 923 964 577 1171
2545 4 2 1 1 509 1164 851 802
2546 4 2 1 1 509 971 1164 802
2547 4 2 1 1 383 965 1002 1179
2548 4 2 1 1 880 976 892 1148
2549 4 2 1 1 543 940 635 991
2550 4 2 1 1 288 273 283 1249
2551 4 2 1 1 571 788 647 951
2552 4 2 1 1 681 1062 956 1127
2553 4 2 1 1 1368 305 827 270
2554 4 2 1 1 535 901 798 995
2555 4 2 1 1 850 1042 956 671
2556 4 2 1 1 560 891 685 1070
2557 4 2 1 1 614 1043 876 1191
2558 4 2 1 1 1304 1270 794 1263
2559 4 2 1 1 1239 967 1160 776
2560 4 2 1 1 616 1080 730 1150
2561 4 2 1 1 791 923 763 610
2562 4 2 1 1 569 694 1077 1222
2563 4 2 1 1 504 340 615 992
2564 4 2 1 1 152 576 1081 1132
2565 4 2 1 1 362 964 765 1279
2566 4 2 1 1 788 858 662 571
2567 4 2 1 1 846 1050 592 1137
2568 4 2 1 1 946 1016 1010 754
2569 4 2 1 1 619 774 1228 559
2570 4 2 1 1 916 1091 1345 818
2571 4 2 1 1 521 845 730 1134
2572 4 2 1 1 1312 928 768 1294
2573 4 2 1 1 727 889 575 1095
2574 4 2 1 1 758 1170 728 1192
2575 4 2 1 1 583 772 770 1249
2576 4 2 1 1 702 869 862 1110
2577 4 2 1 1 862 1110 1210 622
2578 4 2 1 1 1088 1264 1283 706
2579 4 2 1 1 383 965 373 1002
2580 4 2 1 1 606 1276 1137 769
2581 4 2 1 1 558 768 806 1015
2582 4 2 1 1 263 671 1353 1108
2583 4 2 1 1 236 1355 246 223
2584 4 2 1 1 74 1330 223 73
2585 4 2 1 1 291 1353 1327 59
2586 4 2 1 1 291 1353 59 263
2587 4 2 1 1 571 788 951 963
2588 4 2 1 1 593 979 719 1237
2589 4 2 1 1 896 894 719 1004
2590 4 2 1 1 236 1355 223 1053
2591 4 2 1 1 709 674 1083 787
2592 4 2 1 1 427 407 480 716
2593 4 2 1 1 542 1008 753 1123
2594 4 2 1 1 532 981 701 578
2595 4 2 1 1 781 598 570 1214
2596 4 2 1 1 386 1011 779 1020
2597 4 2 1 1 507 889 727 1198
2598 4 2 1 1 601 885 722 1113
2599 4 2 1 1 217 660 1325 1290
2600 4 2 1 1 762 1271 1191 1123
2601 4 2 1 1 596 785 1060 1107
2602 4 2 1 1 1191 1271 762 985
2603 4 2 1 1 294 1358 52 288
2604 4 2 1 1 144 127 812 1289
2605 4 2 1 1 621 946 700 1121
2606 4 2 1 1 103 1329 119 88
2607 4 2 1 1 226 572 217 865
2608 4 2 1 1 179 64 1351 1340
2609 4 2 1 1 564 997 846 1273
2610 4 2 1 1 542 856 753 1008
2611 4 2 1 1 190 1362 933 177
2612 4 2 1 1 722 885 531 1113
2613 4 2 1 1 1106 881 904 747
2614 4 2 1 1 137 599 767 1021
2615 4 2 1 1 853 1198 810 1229
2616 4 2 1 1 938 1070 228 1176
2617 4 2 1 1 57 1373 212 1368
2618 4 2 1 1 838 1195 737 558
2619 4 2 1 1 649 796 1112 1133
2620 4 2 1 1 751 1061 801 1175
2621 4 2 1 1 736 962 624 1135
2622 4 2 1 1 984 1118 378 656
2623 4 2 1 1 194 1327 207 827
2624 4 2 1 1 770 772 583 954
2625 4 2 1 1 1020 386 379 380
2626 4 2 1 1 165 158 1361 770
2627 4 2 1 1 631 757 756 1119
2628 4 2 1 1 1088 1121 515 1264
2629 4 2 1 1 601 799 712 1277
2630 4 2 1 1 652 1146 805 1161
2631 4 2 1 1 728 967 636 991
2632 4 2 1 1 562 1039 1034 1243
2633 4 2 1 1 880 701 508 1182
2634 4 2 1 1 68 353 1352 315
2635 4 2 1 1 389 1217 411 410
2636 4 2 1 1 601 712 1078 1300
2637 4 2 1 1 995 1025 776 1160
2638 4 2 1 1 756 621 815 754
2639 4 2 1 1 272 812 265 1289
2640 4 2 1 1 941 1051 1221 744
2641 4 2 1 1 849 1164 971 802
2642 4 2 1 1 1343 16 17 89
2643 4 2 1 1 815 1051 720 1207
2644 4 2 1 1 490 1352 67 855
2645 4 2 1 1 580 861 712 1011
2646 4 2 1 1 388 1020 387 1035
2647 4 2 1 1 726 885 608 998
2648 4 2 1 1 1351 711 1340 341
2649 4 2 1 1 776 1025 967 1160
2650 4 2 1 1 538 754 862 685
2651 4 2 1 1 1337 305 296 827
2652 4 2 1 1 514 726 997 998
2653 4 2 1 1 191 184 963 1214
2654 4 2 1 1 639 1124 1133 1188
2655 4 2 1 1 613 1101 1097 1216
2656 4 2 1 1 811 1092 958 1305
2657 4 2 1 1 547 1290 1100 932
2658 4 2 1 1 705 853 1190 1229
2659 4 2 1 1 68 1352 67 315
2660 4 2 1 1 346 454 1128 1256
2661 4 2 1 1 1368 212 207 827
2662 4 2 1 1 878 230 232 233
2663 4 2 1 1 159 959 600 1162
2664 4 2 1 1 140 139 980 1023
2665 4 2 1 1 641 1106 788 565
2666 4 2 1 1 692 1046 467 1246
2667 4 2 1 1 626 525 772 1084
2668 4 2 1 1 647 1085 1003 1314
2669 4 2 1 1 736 902 688 1038
2670 4 2 1 1 918 1161 805 851
2671 4 2 1 1 625 851 805 1161
2672 4 2 1 1 729 891 683 1173
2673 4 2 1 1 315 353 1352 900
2674 4 2 1 1 404 378 1118 656
2675 4 2 1 1 210 742 594 945
2676 4 2 1 1 853 507 810 1198
2677 4 2 1 1 656 879 617 559
2678 4 2 1 1 516 930 1081 1143
2679 4 2 1 1 517 1022 624 1135
2680 4 2 1 1 1020 379 386 1011
2681 4 2 1 1 810 997 585 1227
2682 4 2 1 1 346 898 425 1256
2683 4 2 1 1 633 649 796 1112
2684 4 2 1 1 941 1051 744 1092
2685 4 2 1 1 752 541 1067 1149
2686 4 2 1 1 853 810 507 1185
2687 4 2 1 1 1073 648 565 881
2688 4 2 1 1 365 939 1295 712
2689 4 2 1 1 758 767 536 978
2690 4 2 1 1 570 598 834 918
2691 4 2 1 1 490 1352 855 900
2692 4 2 1 1 963 184 187 813
2693 4 2 1 1 611 886 1027 1093
2694 4 2 1 1 663 1027 886 1093
2695 4 2 1 1 533 916 818 1091
2696 4 2 1 1 560 891 729 1173
2697 4 2 1 1 587 717 721 1030
2698 4 2 1 1 150 978 642 1032
2699 4 2 1 1 91 738 633 969
2700 4 2 1 1 698 924 600 1162
2701 4 2 1 1 736 1135 624 1161
2702 4 2 1 1 368 939 367 1259
2703 4 2 1 1 619 1228 844 559
2704 4 2 1 1 378 820 374 984
2705 4 2 1 1 708 780 598 834
2706 4 2 1 1 564 846 997 1227
2707 4 2 1 1 1154 718 532 673
2708 4 2 1 1 99 100 593 1278
2709 4 2 1 1 163 980 576 1132
2710 4 2 1 1 880 981 701 1182
2711 4 2 1 1 613 1097 1149 1303
2712 4 2 1 1 1075 1162 698 1248
2713 4 2 1 1 712 601 1277 1300
2714 4 2 1 1 522 1061 809 1115
2715 4 2 1 1 1096 1193 888 779
2716 4 2 1 1 936 1163 618 1209
2717 4 2 1 1 365 939 712 367
2718 4 2 1 1 552 996 949 1145
2719 4 2 1 1 535 734 901 1144
2720 4 2 1 1 387 386 437 1035
2721 4 2 1 1 936 1056 1208 505
2722 4 2 1 1 623 730 1194 1225
2723 4 2 1 1 92 646 875 911
2724 4 2 1 1 667 742 216 900
2725 4 2 1 1 480 327 427 716
2726 4 2 1 1 337 349 791 847
2727 4 2 1 1 561 730 792 1049
2728 4 2 1 1 89 703 1343 1311
2729 4 2 1 1 963 187 184 191
2730 4 2 1 1 536 995 798 1160
2731 4 2 1 1 122 2 27 1373
2732 4 2 1 1 772 1062 713 1249
2733 4 2 1 1 607 850 832 1030
2734 4 2 1 1 1213 1274 859 1285
2735 4 2 1 1 764 664 1149 1219
2736 4 2 1 1 681 668 1183 530
2737 4 2 1 1 698 972 1000 782
2738 4 2 1 1 500 64 1351 65
2739 4 2 1 1 388 839 1020 1199
2740 4 2 1 1 740 1060 639 1188
2741 4 2 1 1 359 722 412 1171
2742 4 2 1 1 669 1034 1039 1243
2743 4 2 1 1 1192 1168 1181 599
2744 4 2 1 1 689 1065 640 1177
2745 4 2 1 1 551 737 838 674
2746 4 2 1 1 452 338 847 1027
2747 4 2 1 1 780 781 598 834
2748 4 2 1 1 577 610 922 998
2749 4 2 1 1 117 122 1337 827
2750 4 2 1 1 638 819 1017 1069
2751 4 2 1 1 203 944 653 1138
2752 4 2 1 1 722 1252 745 531
2753 4 2 1 1 972 1000 782 893
2754 4 2 1 1 631 530 757 1119
2755 4 2 1 1 584 928 917 1082
2756 4 2 1 1 1219 1303 764 960
2757 4 2 1 1 647 788 544 951
2758 4 2 1 1 563 854 771 1017
2759 4 2 1 1 778 939 638 1147
2760 4 2 1 1 696 936 1163 1308
2761 4 2 1 1 669 1034 694 1155
2762 4 2 1 1 625 849 801 802
2763 4 2 1 1 590 869 1131 685
2764 4 2 1 1 815 591 1005 1051
2765 4 2 1 1 584 920 1159 1262
2766 4 2 1 1 580 809 823 1193
2767 4 2 1 1 1355 281 286 267
2768 4 2 1 1 366 939 443 1295
2769 4 2 1 1 915 1267 594 807
2770 4 2 1 1 628 930 145 1053
2771 4 2 1 1 404 879 435 993
2772 4 2 1 1 558 914 816 1015
2773 4 2 1 1 551 838 716 759
2774 4 2 1 1 519 861 823 1219
2775 4 2 1 1 763 886 663 1027
2776 4 2 1 1 580 1069 830 699
2777 4 2 1 1 410 390 389 1178
2778 4 2 1 1 714 795 1213 1274
2779 4 2 1 1 776 1145 576 1239
2780 4 2 1 1 681 850 1062 1030
2781 4 2 1 1 64 500 1351 341
2782 4 2 1 1 597 918 708 1135
2783 4 2 1 1 1088 1283 1264 515
2784 4 2 1 1 652 860 1146 1161
2785 4 2 1 1 512 845 690 1074
2786 4 2 1 1 597 1022 708 1241
2787 4 2 1 1 515 871 941 1283
2788 4 2 1 1 681 850 1030 534
2789 4 2 1 1 521 977 845 983
2790 4 2 1 1 871 1222 941 1283
2791 4 2 1 1 580 1020 1011 1259
2792 4 2 1 1 297 296 827 1260
2793 4 2 1 1 661 1139 987 1225
2794 4 2 1 1 141 713 142 1023
2795 4 2 1 1 121 1339 790 979
2796 4 2 1 1 578 981 880 724
2797 4 2 1 1 1154 718 673 660
2798 4 2 1 1 622 1105 852 1276
2799 4 2 1 1 257 245 219 930
2800 4 2 1 1 368 366 367 939
2801 4 2 1 1 879 656 993 404
2802 4 2 1 1 263 292 308 671
2803 4 2 1 1 698 1075 924 1162
2804 4 2 1 1 349 791 642 1282
2805 4 2 1 1 1097 888 1096 752
2806 4 2 1 1 916 1345 1091 171
2807 4 2 1 1 1321 972 1174 582
2808 4 2 1 1 764 582 960 1303
2809 4 2 1 1 958 517 1048 648
2810 4 2 1 1 382 799 712 970
2811 4 2 1 1 410 868 453 1178
2812 4 2 1 1 737 883 1057 558
2813 4 2 1 1 5 215 68 1357
2814 4 2 1 1 606 892 880 976
2815 4 2 1 1 780 594 781 1114
2816 4 2 1 1 746 978 615 1282
2817 4 2 1 1 637 942 839 1297
2818 4 2 1 1 1321 1174 972 745
2819 4 2 1 1 621 754 756 1316
2820 4 2 1 1 1351 500 65 1091
2821 4 2 1 1 459 485 468 928
2822 4 2 1 1 806 1015 914 558
2823 4 2 1 1 880 578 976 1148
2824 4 2 1 1 434 443 771 1279
2825 4 2 1 1 626 713 1023 1074
2826 4 2 1 1 912 917 657 1234
2827 4 2 1 1 801 1061 849 1175
2828 4 2 1 1 145 930 628 1052
2829 4 2 1 1 500 1351 341 1091
2830 4 2 1 1 341 794 472 1091
2831 4 2 1 1 343 454 423 1256
2832 4 2 1 1 755 621 1316 754
2833 4 2 1 1 606 870 852 892
2834 4 2 1 1 581 971 808 1139
2835 4 2 1 1 526 1268 850 1313
2836 4 2 1 1 94 646 93 1201
2837 4 2 1 1 538 1005 815 1165
2838 4 2 1 1 383 816 439 1179
2839 4 2 1 1 26 25 251 1350
2840 4 2 1 1 507 728 967 1170
2841 4 2 1 1 632 725 898 651
2842 4 2 1 1 762 985 520 1191
2843 4 2 1 1 542 762 1123 707
2844 4 2 1 1 616 1022 817 1080
2845 4 2 1 1 469 332 503 1082
2846 4 2 1 1 874 729 235 891
2847 4 2 1 1 514 872 800 833
2848 4 2 1 1 726 925 549 968
2849 4 2 1 1 942 1039 774 1136
2850 4 2 1 1 161 147 667 1162
2851 4 2 1 1 103 1329 88 1314
2852 4 2 1 1 677 993 947 617
2853 4 2 1 1 25 251 1350 1280
2854 4 2 1 1 299 824 1001 278
2855 4 2 1 1 835 926 732 1307
2856 4 2 1 1 713 812 525 1052
2857 4 2 1 1 872 997 846 1227
2858 4 2 1 1 23 24 83 1339
2859 4 2 1 1 444 712 445 1101
2860 4 2 1 1 727 1130 1170 1198
2861 4 2 1 1 88 10 9 1364
2862 4 2 1 1 671 850 583 956
2863 4 2 1 1 588 768 806 1057
2864 4 2 1 1 104 827 117 1260
2865 4 2 1 1 1015 914 428 806
2866 4 2 1 1 862 961 702 1110
2867 4 2 1 1 580 1069 778 1259
2868 4 2 1 1 1106 528 1302 747
2869 4 2 1 1 1015 428 914 420
2870 4 2 1 1 320 1347 959 475
2871 4 2 1 1 350 323 959 972
2872 4 2 1 1 549 939 1069 1300
2873 4 2 1 1 1350 251 26 260
2874 4 2 1 1 633 709 875 1212
2875 4 2 1 1 251 797 1350 1280
2876 4 2 1 1 716 905 480 481
2877 4 2 1 1 108 107 106 1255
2878 4 2 1 1 798 901 776 995
2879 4 2 1 1 553 715 696 1163
2880 4 2 1 1 591 1005 773 1105
2881 4 2 1 1 511 1057 883 1124
2882 4 2 1 1 619 887 844 1158
2883 4 2 1 1 520 1043 783 1191
2884 4 2 1 1 222 1350 260 251
2885 4 2 1 1 1022 1068 1150 616
2886 4 2 1 1 894 1231 896 719
2887 4 2 1 1 550 714 836 1213
2888 4 2 1 1 567 911 93 1309
2889 4 2 1 1 522 897 1038 860
2890 4 2 1 1 526 850 954 1313
2891 4 2 1 1 681 850 534 956
2892 4 2 1 1 568 784 789 1200
2893 4 2 1 1 853 705 1198 1229
2894 4 2 1 1 648 761 1167 1305
2895 4 2 1 1 938 590 1070 1218
2896 4 2 1 1 790 686 979 239
2897 4 2 1 1 558 816 914 1102
2898 4 2 1 1 365 939 367 366
2899 4 2 1 1 138 924 135 1021
2900 4 2 1 1 127 1324 156 812
2901 4 2 1 1 705 1190 1099 1229
2902 4 2 1 1 763 847 610 1055
2903 4 2 1 1 151 48 128 1204
2904 4 2 1 1 703 1240 927 1311
2905 4 2 1 1 646 555 875 911
2906 4 2 1 1 939 1017 1089 771
2907 4 2 1 1 1018 50 49 250
2908 4 2 1 1 537 650 1031 1055
2909 4 2 1 1 1018 261 50 250
2910 4 2 1 1 902 1039 562 1243
2911 4 2 1 1 1194 1225 1150 1226
2912 4 2 1 1 160 1372 1018 49
2913 4 2 1 1 327 948 716 481
2914 4 2 1 1 409 436 435 879
2915 4 2 1 1 516 949 996 1145
2916 4 2 1 1 758 609 615 1094
2917 4 2 1 1 562 793 902 1243
2918 4 2 1 1 1341 123 1369 877
2919 4 2 1 1 596 595 785 920
2920 4 2 1 1 712 1069 939 1300
2921 4 2 1 1 135 600 134 599
2922 4 2 1 1 123 1335 1369 877
2923 4 2 1 1 248 686 240 1054
2924 4 2 1 1 413 678 414 1263
2925 4 2 1 1 1060 1124 639 1188
2926 4 2 1 1 582 750 1113 1321
2927 4 2 1 1 783 1043 614 1191
2928 4 2 1 1 530 683 891 1122
2929 4 2 1 1 543 690 655 1104
2930 4 2 1 1 697 892 976 1148
2931 4 2 1 1 660 786 718 1082
2932 4 2 1 1 815 1051 1005 1088
2933 4 2 1 1 783 1191 614 762
2934 4 2 1 1 573 986 957 1172
2935 4 2 1 1 382 799 970 446
2936 4 2 1 1 512 623 807 915
2937 4 2 1 1 511 1112 1133 1211
2938 4 2 1 1 1032 1372 1204 644
2939 4 2 1 1 742 916 196 855
2940 4 2 1 1 766 1110 1087 1210
2941 4 2 1 1 1260 28 29 290
2942 4 2 1 1 711 179 944 1091
2943 4 2 1 1 299 824 278 279
2944 4 2 1 1 757 824 530 1030
2945 4 2 1 1 151 1372 48 1204
2946 4 2 1 1 240 1360 253 247
2947 4 2 1 1 194 1329 178 193
2948 4 2 1 1 594 873 667 1248
2949 4 2 1 1 714 612 1040 1274
2950 4 2 1 1 597 834 708 918
2951 4 2 1 1 160 1372 1032 1018
2952 4 2 1 1 763 791 610 847
2953 4 2 1 1 804 916 598 945
2954 4 2 1 1 955 1244 825 760
2955 4 2 1 1 636 980 767 1181
2956 4 2 1 1 356 344 316 903
2957 4 2 1 1 527 988 987 1157
2958 4 2 1 1 169 131 161 959
2959 4 2 1 1 1358 156 812 1249
2960 4 2 1 1 1090 1292 760 1318
2961 4 2 1 1 388 839 441 1020
2962 4 2 1 1 410 465 868 1217
2963 4 2 1 1 59 58 201 1327
2964 4 2 1 1 899 1115 1111 1199
2965 4 2 1 1 765 964 362 1171
2966 4 2 1 1 591 775 985 1056
2967 4 2 1 1 513 755 754 1131
2968 4 2 1 1 641 788 863 565
2969 4 2 1 1 140 627 141 1023
2970 4 2 1 1 899 637 1115 1199
2971 4 2 1 1 816 658 912 1234
2972 4 2 1 1 1310 1024 1224 835
2973 4 2 1 1 1005 1210 706 1283
2974 4 2 1 1 206 770 933 190
2975 4 2 1 1 623 807 988 1226
2976 4 2 1 1 190 1362 177 200
2977 4 2 1 1 587 832 1086 1167
2978 4 2 1 1 598 653 570 1214
2979 4 2 1 1 593 686 979 1237
2980 4 2 1 1 832 973 761 1167
2981 4 2 1 1 206 770 190 199
2982 4 2 1 1 869 1028 766 1110
2983 4 2 1 1 790 686 239 878
2984 4 2 1 1 563 1007 866 1050
2985 4 2 1 1 1349 69 70 295
2986 4 2 1 1 572 701 786 739
2987 4 2 1 1 821 844 559 619
2988 4 2 1 1 107 848 118 894
2989 4 2 1 1 912 1205 1234 657
2990 4 2 1 1 89 1240 693 1309
2991 4 2 1 1 989 1067 545 1096
2992 4 2 1 1 1089 381 434 1029
2993 4 2 1 1 561 1049 1006 1134
2994 4 2 1 1 684 869 1131 590
2995 4 2 1 1 722 531 922 1252
2996 4 2 1 1 249 225 222 1100
2997 4 2 1 1 716 737 551 948
2998 4 2 1 1 123 1335 877 87
2999 4 2 1 1 782 893 321 972
3000 4 2 1 1 555 910 732 1083
3001 4 2 1 1 519 764 960 1219
3002 4 2 1 1 927 1246 703 1311
3003 4 2 1 1 1013 1066 680 544
3004 4 2 1 1 1022 1068 616 1116
3005 4 2 1 1 723 742 594 873
3006 4 2 1 1 507 967 748 1185
3007 4 2 1 1 581 971 1139 1253
3008 4 2 1 1 720 550 1213 1285
3009 4 2 1 1 632 794 1128 1270
3010 4 2 1 1 1153 825 573 554
3011 4 2 1 1 121 1339 979 109
3012 4 2 1 1 1089 434 381 375
3013 4 2 1 1 957 1172 986 787
3014 4 2 1 1 1244 1137 955 825
3015 4 2 1 1 567 646 911 926
3016 4 2 1 1 1126 759 844 556
3017 4 2 1 1 618 936 775 1163
3018 4 2 1 1 846 724 592 1050
3019 4 2 1 1 569 762 1077 707
3020 4 2 1 1 931 1157 602 1215
3021 4 2 1 1 540 700 828 946
3022 4 2 1 1 1074 1141 977 543
3023 4 2 1 1 381 375 377 1089
3024 4 2 1 1 549 771 854 1017
3025 4 2 1 1 658 917 912 1234
3026 4 2 1 1 272 1127 812 1289
3027 4 2 1 1 1310 1224 1024 506
3028 4 2 1 1 671 303 263 292
3029 4 2 1 1 510 1244 955 760
3030 4 2 1 1 602 987 1009 1157
3031 4 2 1 1 673 895 789 1154
3032 4 2 1 1 1364 122 827 1373
3033 4 2 1 1 838 674 737 1195
3034 4 2 1 1 912 1205 1079 1234
3035 4 2 1 1 568 919 697 1176
3036 4 2 1 1 78 1325 77 217
3037 4 2 1 1 606 769 852 1276
3038 4 2 1 1 613 861 799 960
3039 4 2 1 1 283 1362 289 269
3040 4 2 1 1 1122 1196 668 1209
3041 4 2 1 1 585 1025 833 1317
3042 4 2 1 1 565 654 882 1301
3043 4 2 1 1 632 725 651 1037
3044 4 2 1 1 529 651 725 1037
3045 4 2 1 1 506 688 1064 1177
3046 4 2 1 1 69 1349 306 295
3047 4 2 1 1 851 624 1135 1161
3048 4 2 1 1 1024 1250 629 1310
3049 4 2 1 1 799 970 446 1174
3050 4 2 1 1 545 849 801 1061
3051 4 2 1 1 330 428 806 1015
3052 4 2 1 1 1067 1232 723 1253
3053 4 2 1 1 306 295 1349 877
3054 4 2 1 1 513 754 685 1131
3055 4 2 1 1 552 749 949 1151
3056 4 2 1 1 955 1137 1244 670
3057 4 2 1 1 869 1218 590 1028
3058 4 2 1 1 1360 253 247 70
3059 4 2 1 1 635 1141 803 1286
3060 4 2 1 1 793 913 629 1250
3061 4 2 1 1 1323 299 1278 1001
3062 4 2 1 1 1179 965 377 438
3063 4 2 1 1 1324 288 812 265
3064 4 2 1 1 335 868 673 1071
3065 4 2 1 1 926 1258 863 1307
3066 4 2 1 1 692 1045 556 1272
3067 4 2 1 1 526 587 850 1268
3068 4 2 1 1 513 755 1131 1287
3069 4 2 1 1 449 1295 1279 362
3070 4 2 1 1 549 726 854 765
3071 4 2 1 1 1082 503 468 332
3072 4 2 1 1 514 997 726 1273
3073 4 2 1 1 712 861 830 1277
3074 4 2 1 1 134 746 126 599
3075 4 2 1 1 1179 377 965 733
3076 4 2 1 1 652 805 533 944
3077 4 2 1 1 572 660 786 1154
3078 4 2 1 1 149 770 713 1249
3079 4 2 1 1 511 986 1124 1172
3080 4 2 1 1 651 1038 897 860
3081 4 2 1 1 560 1176 1070 1218
3082 4 2 1 1 495 1348 948 325
3083 4 2 1 1 218 874 248 1054
3084 4 2 1 1 233 248 232 686
3085 4 2 1 1 509 1139 971 1253
3086 4 2 1 1 529 693 689 1013
3087 4 2 1 1 420 1015 395 914
3088 4 2 1 1 314 1379 20 354
3089 4 2 1 1 541 826 723 1232
3090 4 2 1 1 244 814 644 1018
3091 4 2 1 1 511 787 1112 1211
3092 4 2 1 1 607 1062 850 1030
3093 4 2 1 1 1184 345 1046 344
3094 4 2 1 1 793 974 605 1024
3095 4 2 1 1 507 727 889 1033
3096 4 2 1 1 301 275 281 1275
3097 4 2 1 1 536 609 758 1094
3098 4 2 1 1 314 19 20 1348
3099 4 2 1 1 382 799 446 445
3100 4 2 1 1 381 377 385 921
3101 4 2 1 1 545 989 802 1067
3102 4 2 1 1 217 242 78 1296
3103 4 2 1 1 1365 86 693 903
3104 4 2 1 1 581 1139 987 1223
3105 4 2 1 1 1181 924 1168 655
3106 4 2 1 1 521 982 876 618
3107 4 2 1 1 972 1000 893 582
3108 4 2 1 1 635 977 983 1141
3109 4 2 1 1 566 1036 892 1202
3110 4 2 1 1 667 594 742 873
3111 4 2 1 1 580 699 809 1297
3112 4 2 1 1 395 1015 420 429
3113 4 2 1 1 712 1277 830 1300
3114 4 2 1 1 1029 1093 687 1178
3115 4 2 1 1 603 802 723 804
3116 4 2 1 1 593 534 757 717
3117 4 2 1 1 587 721 836 1086
3118 4 2 1 1 284 874 1054 1275
3119 4 2 1 1 1349 258 1369 877
3120 4 2 1 1 1137 825 1050 592
3121 4 2 1 1 525 607 772 1084
3122 4 2 1 1 392 1011 444 1101
3123 4 2 1 1 328 1379 1312 314
3124 4 2 1 1 879 993 656 617
3125 4 2 1 1 680 529 1013 903
3126 4 2 1 1 549 1017 819 1069
3127 4 2 1 1 522 1061 1115 751
3128 4 2 1 1 606 870 892 976
3129 4 2 1 1 840 1034 562 1039
3130 4 2 1 1 522 751 860 1175
3131 4 2 1 1 649 540 946 1211
3132 4 2 1 1 619 1038 902 1039
3133 4 2 1 1 717 896 593 1004
3134 4 2 1 1 702 1028 869 1110
3135 4 2 1 1 694 1077 955 1155
3136 4 2 1 1 1319 1296 466 673
3137 4 2 1 1 880 508 701 1148
3138 4 2 1 1 536 767 728 1160
3139 4 2 1 1 374 820 373 1147
3140 4 2 1 1 564 1014 846 1227
3141 4 2 1 1 770 1342 933 158
3142 4 2 1 1 896 1003 550 612
3143 4 2 1 1 581 1253 1059 1284
3144 4 2 1 1 1292 1007 1205 563
3145 4 2 1 1 730 1080 792 1150
3146 4 2 1 1 97 634 1004 1085
3147 4 2 1 1 861 712 1011 1101
3148 4 2 1 1 675 1124 986 1172
3149 4 2 1 1 537 1019 789 650
3150 4 2 1 1 531 1130 758 1192
3151 4 2 1 1 1316 757 1237 1119
3152 4 2 1 1 522 736 860 1038
3153 4 2 1 1 507 1033 728 1170
3154 4 2 1 1 399 393 912 917
3155 4 2 1 1 513 1119 756 1316
3156 4 2 1 1 943 648 1073 1167
3157 4 2 1 1 575 935 999 1168
3158 4 2 1 1 856 931 987 602
3159 4 2 1 1 1034 1039 840 1136
3160 4 2 1 1 752 463 1026 1097
3161 4 2 1 1 142 713 148 952
3162 4 2 1 1 607 832 704 937
3163 4 2 1 1 1265 555 875 646
3164 4 2 1 1 684 1131 878 590
3165 4 2 1 1 445 1101 799 1216
3166 4 2 1 1 206 1361 1342 770
3167 4 2 1 1 695 906 954 1313
3168 4 2 1 1 1062 668 1030 607
3169 4 2 1 1 312 18 482 1063
3170 4 2 1 1 541 752 1026 1149
3171 4 2 1 1 95 646 894 875
3172 4 2 1 1 319 456 752 888
3173 4 2 1 1 600 599 924 1168
3174 4 2 1 1 856 1009 987 1225
3175 4 2 1 1 1137 1050 825 676
3176 4 2 1 1 859 1088 621 1121
3177 4 2 1 1 803 618 983 521
3178 4 2 1 1 275 1127 281 1275
3179 4 2 1 1 439 816 399 912
3180 4 2 1 1 835 1206 732 1310
3181 4 2 1 1 475 40 39 1347
3182 4 2 1 1 419 905 480 947
3183 4 2 1 1 1346 349 642 1282
3184 4 2 1 1 779 1096 613 1238
3185 4 2 1 1 520 908 852 1129
3186 4 2 1 1 1093 866 1117 724
3187 4 2 1 1 605 941 841 1092
3188 4 2 1 1 640 544 1106 1302
3189 4 2 1 1 605 506 793 1024
3190 4 2 1 1 383 395 439 816
3191 4 2 1 1 94 647 1085 1201
3192 4 2 1 1 612 714 550 1274
3193 4 2 1 1 639 1058 796 1124
3194 4 2 1 1 918 1161 851 1135
3195 4 2 1 1 633 107 1255 848
3196 4 2 1 1 645 749 908 1291
3197 4 2 1 1 1034 1077 694 1155
3198 4 2 1 1 913 1158 629 1250
3199 4 2 1 1 829 1010 706 1264
3200 4 2 1 1 620 1010 829 1264
3201 4 2 1 1 575 889 727 1168
3202 4 2 1 1 353 475 39 1347
3203 4 2 1 1 362 1295 363 364
3204 4 2 1 1 389 1217 410 687
3205 4 2 1 1 179 1351 65 1091
3206 4 2 1 1 585 810 967 1317
3207 4 2 1 1 346 725 492 1047
3208 4 2 1 1 1173 1202 566 734
3209 4 2 1 1 1347 475 40 959
3210 4 2 1 1 128 152 151 1204
3211 4 2 1 1 940 996 627 1142
3212 4 2 1 1 320 1347 475 353
3213 4 2 1 1 722 970 745 992
3214 4 2 1 1 985 1056 775 1271
3215 4 2 1 1 681 277 274 956
3216 4 2 1 1 925 765 549 1300
3217 4 2 1 1 551 710 703 1063
3218 4 2 1 1 495 1348 325 314
3219 4 2 1 1 704 731 845 1134
3220 4 2 1 1 820 965 373 1147
3221 4 2 1 1 603 742 541 855
3222 4 2 1 1 758 1025 609 536
3223 4 2 1 1 512 772 731 845
3224 4 2 1 1 799 861 613 1101
3225 4 2 1 1 319 457 888 1299
3226 4 2 1 1 539 1016 755 754
3227 4 2 1 1 533 1091 794 1242
3228 4 2 1 1 656 1118 879 559
3229 4 2 1 1 664 971 823 1284
3230 4 2 1 1 585 967 810 1185
3231 4 2 1 1 335 673 1217 1319
3232 4 2 1 1 766 1269 1152 740
3233 4 2 1 1 460 399 1015 1261
3234 4 2 1 1 434 771 1029 1279
3235 4 2 1 1 203 680 653 1298
3236 4 2 1 1 609 998 833 1317
3237 4 2 1 1 969 1348 1379 85
3238 4 2 1 1 519 843 1044 1099
3239 4 2 1 1 659 1190 907 1229
3240 4 2 1 1 969 1348 105 738
3241 4 2 1 1 446 382 455 970
3242 4 2 1 1 327 716 480 481
3243 4 2 1 1 780 781 594 945
3244 4 2 1 1 339 43 42 1346
3245 4 2 1 1 408 409 1047 417
3246 4 2 1 1 597 708 834 1241
3247 4 2 1 1 579 831 700 1040
3248 4 2 1 1 817 962 624 1098
3249 4 2 1 1 1317 1130 810 1170
3250 4 2 1 1 101 647 94 1201
3251 4 2 1 1 649 946 755 1016
3252 4 2 1 1 645 1043 748 1220
3253 4 2 1 1 799 960 861 1277
3254 4 2 1 1 440 368 778 1147
3255 4 2 1 1 852 870 566 892
3256 4 2 1 1 227 568 244 814
3257 4 2 1 1 533 751 1146 1270
3258 4 2 1 1 414 1263 678 1299
3259 4 2 1 1 1346 42 339 1282
3260 4 2 1 1 572 741 701 739
3261 4 2 1 1 982 1197 618 837
3262 4 2 1 1 701 786 532 1154
3263 4 2 1 1 752 855 541 1026
3264 4 2 1 1 1346 339 43 473
3265 4 2 1 1 518 863 788 565
3266 4 2 1 1 93 646 92 911
3267 4 2 1 1 139 141 142 1023
3268 4 2 1 1 762 614 1123 1191
3269 4 2 1 1 1346 349 1282 339
3270 4 2 1 1 515 1189 871 1264
3271 4 2 1 1 1041 1107 785 865
3272 4 2 1 1 868 1019 611 1117
3273 4 2 1 1 1003 1004 634 1085
3274 4 2 1 1 1372 48 49 151
3275 4 2 1 1 1346 349 339 473
3276 4 2 1 1 1024 1250 506 793
3277 4 2 1 1 847 537 1055 1071
3278 4 2 1 1 704 772 731 1006
3279 4 2 1 1 821 1064 651 1065
3280 4 2 1 1 647 951 544 1235
3281 4 2 1 1 557 1147 778 1288
3282 4 2 1 1 640 654 528 1106
3283 4 2 1 1 515 859 795 1257
3284 4 2 1 1 795 859 700 1257
3285 4 2 1 1 713 812 157 1249
3286 4 2 1 1 817 909 753 1080
3287 4 2 1 1 598 708 918 851
3288 4 2 1 1 315 900 490 1026
3289 4 2 1 1 506 1224 1076 1310
3290 4 2 1 1 594 661 988 1114
3291 4 2 1 1 1327 297 291 270
3292 4 2 1 1 312 17 18 703
3293 4 2 1 1 1351 64 179 65
3294 4 2 1 1 568 789 784 814
3295 4 2 1 1 781 570 598 834
3296 4 2 1 1 660 469 503 1082
3297 4 2 1 1 584 928 865 1107
3298 4 2 1 1 540 700 831 1040
3299 4 2 1 1 555 732 926 1307
3300 4 2 1 1 822 953 740 1041
3301 4 2 1 1 312 703 18 1063
3302 4 2 1 1 557 867 820 1090
3303 4 2 1 1 614 876 803 521
3304 4 2 1 1 483 855 1345 818
3305 4 2 1 1 1041 1107 865 547
3306 4 2 1 1 284 874 1275 301
3307 4 2 1 1 627 525 1023 1142
3308 4 2 1 1 598 570 653 918
3309 4 2 1 1 543 691 690 1074
3310 4 2 1 1 608 810 1198 1229
3311 4 2 1 1 1345 67 196 855
3312 4 2 1 1 539 869 740 766
3313 4 2 1 1 792 517 1022 1080
3314 4 2 1 1 593 979 686 877
3315 4 2 1 1 1275 628 281 874
3316 4 2 1 1 598 781 780 945
3317 4 2 1 1 145 1354 162 1053
3318 4 2 1 1 806 1057 768 558
3319 4 2 1 1 572 701 1200 1154
3320 4 2 1 1 412 722 426 992
3321 4 2 1 1 1197 1271 775 1056
3322 4 2 1 1 659 968 907 819
3323 4 2 1 1 624 736 975 1098
3324 4 2 1 1 564 783 1014 1227
3325 4 2 1 1 856 931 602 705
3326 4 2 1 1 594 661 873 988
3327 4 2 1 1 574 1044 823 1284
3328 4 2 1 1 872 585 997 1227
3329 4 2 1 1 135 159 600 1162
3330 4 2 1 1 546 834 906 1114
3331 4 2 1 1 872 994 585 1227
3332 4 2 1 1 800 578 724 1117
3333 4 2 1 1 1354 236 245 252
3334 4 2 1 1 511 737 1057 1233
3335 4 2 1 1 1056 1221 744 1271
3336 4 2 1 1 1099 1198 705 1229
3337 4 2 1 1 610 998 886 833
3338 4 2 1 1 653 1066 528 1302
3339 4 2 1 1 240 1360 247 1054
3340 4 2 1 1 588 1379 1348 1312
3341 4 2 1 1 704 837 832 1006
3342 4 2 1 1 303 282 292 956
3343 4 2 1 1 329 468 485 928
3344 4 2 1 1 759 674 838 1254
3345 4 2 1 1 784 537 789 650
3346 4 2 1 1 526 954 850 1006
3347 4 2 1 1 786 865 584 1082
3348 4 2 1 1 748 1145 776 1239
3349 4 2 1 1 145 1052 628 1289
3350 4 2 1 1 309 1345 66 1091
3351 4 2 1 1 951 963 544 1298
3352 4 2 1 1 520 783 1043 1129
3353 4 2 1 1 632 899 751 1115
3354 4 2 1 1 336 1072 642 847
3355 4 2 1 1 1345 67 66 196
3356 4 2 1 1 404 409 435 879
3357 4 2 1 1 510 955 1077 1155
3358 4 2 1 1 704 618 983 1084
3359 4 2 1 1 1097 888 752 456
3360 4 2 1 1 226 217 572 895
3361 4 2 1 1 923 722 615 992
3362 4 2 1 1 309 1345 1091 818
3363 4 2 1 1 207 58 57 1368
3364 4 2 1 1 618 876 775 1197
3365 4 2 1 1 690 691 527 915
3366 4 2 1 1 923 615 722 922
3367 4 2 1 1 313 1370 1344 355
3368 4 2 1 1 1370 1072 642 336
3369 4 2 1 1 1035 1238 386 437
3370 4 2 1 1 403 402 442 984
3371 4 2 1 1 556 759 910 927
3372 4 2 1 1 425 898 1111 1256
3373 4 2 1 1 591 773 985 1105
3374 4 2 1 1 147 164 161 667
3375 4 2 1 1 294 1249 288 283
3376 4 2 1 1 682 1142 525 1143
3377 4 2 1 1 241 256 231 919
3378 4 2 1 1 143 930 145 1052
3379 4 2 1 1 540 894 848 1231
3380 4 2 1 1 717 1001 593 534
3381 4 2 1 1 130 642 1370 1018
3382 4 2 1 1 1351 711 341 1091
3383 4 2 1 1 669 1155 913 1186
3384 4 2 1 1 948 1057 588 806
3385 4 2 1 1 1173 1202 734 560
3386 4 2 1 1 1130 1095 750 608
3387 4 2 1 1 79 313 1344 80
3388 4 2 1 1 574 843 1044 1284
3389 4 2 1 1 1362 583 933 283
3390 4 2 1 1 239 240 686 979
3391 4 2 1 1 987 988 623 1157
3392 4 2 1 1 780 804 509 851
3393 4 2 1 1 313 1344 80 355
3394 4 2 1 1 79 1344 313 1072
3395 4 2 1 1 701 981 672 1182
3396 4 2 1 1 833 998 997 1317
3397 4 2 1 1 982 1197 837 604
3398 4 2 1 1 1252 615 722 992
3399 4 2 1 1 949 1145 735 1291
3400 4 2 1 1 139 952 138 1021
3401 4 2 1 1 532 724 981 578
3402 4 2 1 1 228 256 938 1176
3403 4 2 1 1 1252 722 615 922
3404 4 2 1 1 347 16 17 1343
3405 4 2 1 1 109 1339 979 1356
3406 4 2 1 1 17 347 1343 703
3407 4 2 1 1 557 1297 942 699
3408 4 2 1 1 357 615 791 1282
3409 4 2 1 1 802 971 664 1253
3410 4 2 1 1 673 1072 814 1296
3411 4 2 1 1 591 1051 815 1207
3412 4 2 1 1 685 891 890 1119
3413 4 2 1 1 551 1233 738 948
3414 4 2 1 1 982 1197 604 876
3415 4 2 1 1 449 1295 362 364
3416 4 2 1 1 1371 948 325 1063
3417 4 2 1 1 1067 1096 752 1149
3418 4 2 1 1 543 940 636 980
3419 4 2 1 1 1000 1026 893 1149
3420 4 2 1 1 657 718 1120 866
3421 4 2 1 1 939 712 367 1259
3422 4 2 1 1 555 831 1206 1307
3423 4 2 1 1 819 699 1069 1288
3424 4 2 1 1 579 1258 835 1307
3425 4 2 1 1 776 901 576 1145
3426 4 2 1 1 896 1231 828 1316
3427 4 2 1 1 86 115 113 693
3428 4 2 1 1 612 550 828 1274
3429 4 2 1 1 955 1077 670 1244
3430 4 2 1 1 653 1066 652 528
3431 4 2 1 1 1289 54 127 1324
3432 4 2 1 1 679 1111 1115 1199
3433 4 2 1 1 1343 347 16 476
3434 4 2 1 1 86 16 15 1365
3435 4 2 1 1 1217 866 1117 687
3436 4 2 1 1 820 589 1090 867
3437 4 2 1 1 602 990 889 1104
3438 4 2 1 1 86 1343 1365 693
3439 4 2 1 1 537 784 814 1140
3440 4 2 1 1 736 840 975 1098
3441 4 2 1 1 232 235 234 729
3442 4 2 1 1 722 970 601 1113
3443 4 2 1 1 335 1217 673 868
3444 4 2 1 1 1343 1046 347 476
3445 4 2 1 1 334 847 1071 1072
3446 4 2 1 1 361 1078 362 1171
3447 4 2 1 1 297 290 296 1260
3448 4 2 1 1 552 949 749 1291
3449 4 2 1 1 510 1077 1034 1155
3450 4 2 1 1 985 1105 773 1276
3451 4 2 1 1 225 865 217 1290
3452 4 2 1 1 640 1066 689 544
3453 4 2 1 1 515 1121 1189 1264
3454 4 2 1 1 793 1243 913 1250
3455 4 2 1 1 1197 1271 1056 604
3456 4 2 1 1 1117 866 1217 532
3457 4 2 1 1 523 1158 844 1254
3458 4 2 1 1 522 1061 751 1175
3459 4 2 1 1 1343 703 347 1311
3460 4 2 1 1 703 710 551 1240
3461 4 2 1 1 336 1370 355 473
3462 4 2 1 1 745 970 722 1113
3463 4 2 1 1 712 580 1011 1259
3464 4 2 1 1 524 1007 1159 1205
3465 4 2 1 1 545 801 802 989
3466 4 2 1 1 704 937 618 1084
3467 4 2 1 1 630 553 1122 1203
3468 4 2 1 1 633 107 108 1255
3469 4 2 1 1 211 1333 1266 173
3470 4 2 1 1 373 374 376 820
3471 4 2 1 1 537 1071 847 1072
3472 4 2 1 1 640 641 1106 544
3473 4 2 1 1 603 802 801 989
3474 4 2 1 1 649 755 540 848
3475 4 2 1 1 1343 1046 476 693
3476 4 2 1 1 553 749 949 1291
3477 4 2 1 1 238 251 255 1280
3478 4 2 1 1 938 1176 741 1218
3479 4 2 1 1 1008 1103 1009 521
3480 4 2 1 1 798 995 776 1160
3481 4 2 1 1 1333 148 165 770
3482 4 2 1 1 452 763 451 1027
3483 4 2 1 1 913 1243 1158 1250
3484 4 2 1 1 604 909 753 1123
3485 4 2 1 1 633 107 118 108
3486 4 2 1 1 627 980 940 1023
3487 4 2 1 1 676 1017 854 1050
3488 4 2 1 1 513 1237 1119 1316
3489 4 2 1 1 912 1205 657 733
3490 4 2 1 1 601 970 722 1078
3491 4 2 1 1 241 644 244 919
3492 4 2 1 1 116 877 1341 979
3493 4 2 1 1 440 368 371 778
3494 4 2 1 1 632 1111 899 1115
3495 4 2 1 1 934 1155 643 760
3496 4 2 1 1 617 1125 927 1126
3497 4 2 1 1 1007 866 1159 1205
3498 4 2 1 1 1000 1026 1149 541
3499 4 2 1 1 622 773 1005 1105
3500 4 2 1 1 471 394 763 964
3501 4 2 1 1 505 837 832 937
3502 4 2 1 1 554 871 955 573
3503 4 2 1 1 704 837 1134 618
3504 4 2 1 1 97 634 1085 1314
3505 4 2 1 1 790 1231 513 1287
3506 4 2 1 1 515 974 871 1189
3507 4 2 1 1 827 1260 104 1314
3508 4 2 1 1 146 665 147 691
3509 4 2 1 1 905 927 551 759
3510 4 2 1 1 366 443 364 1295
3511 4 2 1 1 206 34 33 1342
3512 4 2 1 1 471 763 394 451
3513 4 2 1 1 813 963 570 662
3514 4 2 1 1 198 197 665 667
3515 4 2 1 1 725 692 1047 1272
3516 4 2 1 1 391 377 438 1179
3517 4 2 1 1 1126 759 556 927
3518 4 2 1 1 967 1170 1025 1317
3519 4 2 1 1 638 939 778 1069
3520 4 2 1 1 513 790 878 1237
3521 4 2 1 1 526 906 731 1049
3522 4 2 1 1 1361 35 34 165
3523 4 2 1 1 718 966 532 866
3524 4 2 1 1 619 1039 902 1243
3525 4 2 1 1 546 1049 906 1241
3526 4 2 1 1 1351 711 1091 179
3527 4 2 1 1 512 713 772 1074
3528 4 2 1 1 152 140 163 1132
3529 4 2 1 1 566 870 852 908
3530 4 2 1 1 534 587 858 850
3531 4 2 1 1 709 737 511 1233
3532 4 2 1 1 717 836 721 550
3533 4 2 1 1 610 1055 1031 833
3534 4 2 1 1 134 600 159 959
3535 4 2 1 1 423 396 899 1111
3536 4 2 1 1 587 1073 973 1167
3537 4 2 1 1 640 528 1066 1302
3538 4 2 1 1 651 860 1065 1038
3539 4 2 1 1 713 1062 812 1249
3540 4 2 1 1 1239 1160 967 636
3541 4 2 1 1 537 673 1019 1071
3542 4 2 1 1 111 104 117 1260
3543 4 2 1 1 702 566 630 1202
3544 4 2 1 1 665 915 691 952
3545 4 2 1 1 592 842 825 1007
3546 4 2 1 1 563 854 1017 1050
3547 4 2 1 1 1027 763 394 964
3548 4 2 1 1 572 865 822 1041
3549 4 2 1 1 967 810 1170 1317
3550 4 2 1 1 511 1124 883 1172
3551 4 2 1 1 1342 213 33 206
3552 4 2 1 1 1322 134 959 1281
3553 4 2 1 1 573 1189 986 1264
3554 4 2 1 1 665 147 691 1162
3555 4 2 1 1 660 895 673 1154
3556 4 2 1 1 737 806 558 1057
3557 4 2 1 1 637 1035 1020 1199
3558 4 2 1 1 1022 1068 1116 708
3559 4 2 1 1 1283 941 1051 1221
3560 4 2 1 1 578 1154 532 789
3561 4 2 1 1 1027 394 763 451
3562 4 2 1 1 589 733 1292 1079
3563 4 2 1 1 610 998 833 609
3564 4 2 1 1 551 709 737 674
3565 4 2 1 1 1021 1181 767 980
3566 4 2 1 1 907 707 762 1190
3567 4 2 1 1 241 644 857 1204
3568 4 2 1 1 352 467 345 1046
3569 4 2 1 1 755 828 1231 1316
3570 4 2 1 1 206 1361 770 199
3571 4 2 1 1 1342 1374 167 33
3572 4 2 1 1 557 1090 820 1147
3573 4 2 1 1 407 400 401 947
3574 4 2 1 1 1041 1107 547 1060
3575 4 2 1 1 1180 1057 558 768
3576 4 2 1 1 702 1036 1028 1110
3577 4 2 1 1 990 991 635 1286
3578 4 2 1 1 247 248 240 1054
3579 4 2 1 1 206 1361 199 34
3580 4 2 1 1 657 921 733 1205
3581 4 2 1 1 733 921 563 1205
3582 4 2 1 1 320 782 350 959
3583 4 2 1 1 529 1045 693 1184
3584 4 2 1 1 549 1069 830 1300
3585 4 2 1 1 527 690 915 988
3586 4 2 1 1 1021 767 1181 599
3587 4 2 1 1 579 1024 835 1258
3588 4 2 1 1 224 877 240 979
3589 4 2 1 1 25 114 106 1280
3590 4 2 1 1 255 25 24 1280
3591 4 2 1 1 516 901 735 1145
3592 4 2 1 1 632 1128 794 1256
3593 4 2 1 1 1024 1250 793 629
3594 4 2 1 1 432 1120 718 1217
3595 4 2 1 1 1323 99 110 82
3596 4 2 1 1 421 1047 692 1125
3597 4 2 1 1 809 699 942 1297
3598 4 2 1 1 81 1240 710 703
3599 4 2 1 1 890 891 530 1119
3600 4 2 1 1 859 1121 700 1257
3601 4 2 1 1 515 1121 859 1257
3602 4 2 1 1 678 888 1061 1035
3603 4 2 1 1 1106 881 747 1320
3604 4 2 1 1 593 757 686 1237
3605 4 2 1 1 1140 1072 642 1018
3606 4 2 1 1 573 1172 957 1293
3607 4 2 1 1 751 1146 860 1175
3608 4 2 1 1 1061 989 545 888
3609 4 2 1 1 530 891 890 1122
3610 4 2 1 1 255 24 1255 1280
3611 4 2 1 1 536 728 1025 1160
3612 4 2 1 1 470 333 1296 79
3613 4 2 1 1 362 361 363 1078
3614 4 2 1 1 734 857 516 1173
3615 4 2 1 1 1146 1175 1161 860
3616 4 2 1 1 796 1058 1057 1124
3617 4 2 1 1 659 1044 843 1099
3618 4 2 1 1 543 655 1021 1181
3619 4 2 1 1 717 757 593 896
3620 4 2 1 1 1260 117 28 1337
3621 4 2 1 1 698 1000 826 541
3622 4 2 1 1 565 714 863 1258
3623 4 2 1 1 651 860 1037 1065
3624 4 2 1 1 529 1013 689 1066
3625 4 2 1 1 688 1038 902 1064
3626 4 2 1 1 126 150 136 978
3627 4 2 1 1 600 999 935 1168
3628 4 2 1 1 79 333 1296 1072
3629 4 2 1 1 1193 1061 888 1035
3630 4 2 1 1 1341 21 22 224
3631 4 2 1 1 233 239 686 878
3632 4 2 1 1 526 731 1006 1049
3633 4 2 1 1 235 236 234 729
3634 4 2 1 1 534 681 824 1030
3635 4 2 1 1 604 1056 744 1271
3636 4 2 1 1 816 912 439 1179
3637 4 2 1 1 939 1089 1017 638
3638 4 2 1 1 1341 258 21 224
3639 4 2 1 1 116 1356 979 1341
3640 4 2 1 1 801 1146 625 533
3641 4 2 1 1 982 1197 876 618
3642 4 2 1 1 116 1356 1341 22
3643 4 2 1 1 582 972 999 1321
3644 4 2 1 1 653 747 570 963
3645 4 2 1 1 533 944 916 1091
3646 4 2 1 1 915 594 988 807
3647 4 2 1 1 1193 888 1061 545
3648 4 2 1 1 748 552 1145 1239
3649 4 2 1 1 1051 1056 1221 744
3650 4 2 1 1 941 1222 1221 1283
3651 4 2 1 1 889 1095 727 1198
3652 4 2 1 1 963 187 193 571
3653 4 2 1 1 641 1224 1076 1301
3654 4 2 1 1 918 1161 1135 528
3655 4 2 1 1 1060 1188 740 1269
3656 4 2 1 1 533 1091 818 1304
3657 4 2 1 1 362 1295 1078 363
3658 4 2 1 1 586 836 1167 943
3659 4 2 1 1 398 396 1111 1199
3660 4 2 1 1 258 224 1341 877
3661 4 2 1 1 404 408 879 1118
3662 4 2 1 1 627 996 980 1132
3663 4 2 1 1 583 1062 772 1249
3664 4 2 1 1 963 193 187 191
3665 4 2 1 1 869 1218 1028 702
3666 4 2 1 1 803 1141 552 1286
3667 4 2 1 1 319 752 818 1299
3668 4 2 1 1 576 1081 901 798
3669 4 2 1 1 902 1243 793 1250
3670 4 2 1 1 1375 129 1333 665
3671 4 2 1 1 152 163 576 1132
3672 4 2 1 1 525 1052 812 1183
3673 4 2 1 1 876 618 803 521
3674 4 2 1 1 1265 828 540 1040
3675 4 2 1 1 241 560 729 857
3676 4 2 1 1 1255 1287 790 1166
3677 4 2 1 1 670 1077 907 1244
3678 4 2 1 1 547 822 953 1100
3679 4 2 1 1 1341 877 224 979
3680 4 2 1 1 1076 1224 732 1310
3681 4 2 1 1 551 1233 948 737
3682 4 2 1 1 921 1029 687 1178
3683 4 2 1 1 586 958 1092 1305
3684 4 2 1 1 343 794 1128 1256
3685 4 2 1 1 606 852 1129 1276
3686 4 2 1 1 530 631 757 1030
3687 4 2 1 1 564 907 1190 1229
3688 4 2 1 1 426 923 340 992
3689 4 2 1 1 835 926 1258 1224
3690 4 2 1 1 669 1039 1034 1136
3691 4 2 1 1 319 457 456 888
3692 4 2 1 1 586 1305 743 943
3693 4 2 1 1 577 923 922 610
3694 4 2 1 1 764 1149 1000 1303
3695 4 2 1 1 851 708 918 1135
3696 4 2 1 1 689 1012 693 1045
3697 4 2 1 1 91 633 710 875
3698 4 2 1 1 526 864 906 1049
3699 4 2 1 1 732 1076 926 1224
3700 4 2 1 1 484 324 461 745
3701 4 2 1 1 580 778 1069 699
3702 4 2 1 1 1173 1202 560 630
3703 4 2 1 1 1349 258 877 253
3704 4 2 1 1 906 1049 864 1241
3705 4 2 1 1 426 923 359 340
3706 4 2 1 1 889 931 602 1215
3707 4 2 1 1 554 955 871 1222
3708 4 2 1 1 1340 316 63 64
3709 4 2 1 1 723 661 1139 1223
3710 4 2 1 1 506 1024 882 1224
3711 4 2 1 1 1146 860 1037 1270
3712 4 2 1 1 514 997 833 998
3713 4 2 1 1 1151 949 1142 682
3714 4 2 1 1 63 356 316 1340
3715 4 2 1 1 237 790 239 878
3716 4 2 1 1 764 1000 582 1303
3717 4 2 1 1 678 818 989 1299
3718 4 2 1 1 437 888 397 1035
3719 4 2 1 1 581 1223 931 826
3720 4 2 1 1 796 1058 953 1294
3721 4 2 1 1 378 820 656 376
3722 4 2 1 1 356 316 1340 903
3723 4 2 1 1 1115 679 898 1111
3724 4 2 1 1 685 590 878 1131
3725 4 2 1 1 357 499 337 791
3726 4 2 1 1 388 839 1199 442
3727 4 2 1 1 447 799 446 1174
3728 4 2 1 1 913 1254 1293 957
3729 4 2 1 1 449 1295 364 443
3730 4 2 1 1 186 1245 695 1313
3731 4 2 1 1 990 1103 1008 521
3732 4 2 1 1 30 29 1323 82
3733 4 2 1 1 830 1069 712 1300
3734 4 2 1 1 754 1131 869 685
3735 4 2 1 1 745 970 1113 1174
3736 4 2 1 1 973 1073 648 1167
3737 4 2 1 1 225 249 226 1100
3738 4 2 1 1 1340 316 64 341
3739 4 2 1 1 896 1003 612 1004
3740 4 2 1 1 1208 936 505 1196
3741 4 2 1 1 675 883 1124 1172
3742 4 2 1 1 856 931 705 581
3743 4 2 1 1 975 1161 625 1175
3744 4 2 1 1 745 1174 1113 1321
3745 4 2 1 1 130 642 1018 1032
3746 4 2 1 1 332 422 459 1082
3747 4 2 1 1 542 762 707 1190
3748 4 2 1 1 560 1070 685 1218
3749 4 2 1 1 101 647 1201 1235
3750 4 2 1 1 472 309 1091 1304
3751 4 2 1 1 863 1040 579 714
3752 4 2 1 1 1019 1055 537 1071
3753 4 2 1 1 821 887 619 1064
3754 4 2 1 1 175 855 1352 900
3755 4 2 1 1 517 950 909 1080
3756 4 2 1 1 602 1008 856 705
3757 4 2 1 1 967 1025 728 1160
3758 4 2 1 1 577 964 765 1171
3759 4 2 1 1 575 999 764 826
3760 4 2 1 1 1367 680 115 903
3761 4 2 1 1 498 1097 893 1026
3762 4 2 1 1 532 673 789 1154
3763 4 2 1 1 1138 1184 903 711
3764 4 2 1 1 642 537 1031 847
3765 4 2 1 1 634 858 1003 1314
3766 4 2 1 1 787 831 555 1212
3767 4 2 1 1 871 941 694 974
3768 4 2 1 1 316 711 1340 903
3769 4 2 1 1 1323 99 82 1001
3770 4 2 1 1 112 1260 634 1314
3771 4 2 1 1 1129 1220 994 1227
3772 4 2 1 1 758 922 531 1252
3773 4 2 1 1 586 836 720 1086
3774 4 2 1 1 641 863 788 1201
3775 4 2 1 1 1121 1189 1109 1257
3776 4 2 1 1 489 752 463 1026
3777 4 2 1 1 546 834 1068 1241
3778 4 2 1 1 932 1290 225 76
3779 4 2 1 1 1166 1287 790 878
3780 4 2 1 1 316 341 1340 711
3781 4 2 1 1 1317 1130 1170 609
3782 4 2 1 1 86 1343 693 89
3783 4 2 1 1 720 859 815 1285
3784 4 2 1 1 388 441 380 1020
3785 4 2 1 1 629 913 793 957
3786 4 2 1 1 23 24 1339 220
3787 4 2 1 1 697 784 568 1200
3788 4 2 1 1 586 1213 836 943
3789 4 2 1 1 819 1017 676 760
3790 4 2 1 1 392 444 445 1101
3791 4 2 1 1 1115 898 679 897
3792 4 2 1 1 695 1266 512 807
3793 4 2 1 1 1319 1296 673 660
3794 4 2 1 1 913 629 1254 957
3795 4 2 1 1 558 884 816 1102
3796 4 2 1 1 781 834 780 1114
3797 4 2 1 1 423 425 398 1111
3798 4 2 1 1 32 31 1335 87
3799 4 2 1 1 591 773 1005 1283
3800 4 2 1 1 504 746 615 1282
3801 4 2 1 1 752 818 603 855
3802 4 2 1 1 827 1042 297 1260
3803 4 2 1 1 629 793 1024 957
3804 4 2 1 1 226 822 865 1100
3805 4 2 1 1 149 148 142 713
3806 4 2 1 1 814 1018 221 1072
3807 4 2 1 1 226 895 572 938
3808 4 2 1 1 720 1051 859 1213
3809 4 2 1 1 1339 254 23 220
3810 4 2 1 1 176 680 1138 203
3811 4 2 1 1 530 890 631 1122
3812 4 2 1 1 597 1048 517 1306
3813 4 2 1 1 1024 1224 835 1258
3814 4 2 1 1 628 1052 930 1143
3815 4 2 1 1 931 1157 1215 527
3816 4 2 1 1 969 1348 738 588
3817 4 2 1 1 875 894 540 1265
3818 4 2 1 1 229 228 226 590
3819 4 2 1 1 79 1344 221 80
3820 4 2 1 1 640 1065 528 1177
3821 4 2 1 1 928 932 351 1290
3822 4 2 1 1 514 854 1050 1273
3823 4 2 1 1 553 949 735 1291
3824 4 2 1 1 1129 1043 1220 783
3825 4 2 1 1 581 987 931 1223
3826 4 2 1 1 507 727 1170 1198
3827 4 2 1 1 632 1115 751 860
3828 4 2 1 1 588 969 796 1233
3829 4 2 1 1 556 732 689 1012
3830 4 2 1 1 445 712 799 1101
3831 4 2 1 1 645 908 870 1144
3832 4 2 1 1 691 915 690 1074
3833 4 2 1 1 109 1339 1356 23
3834 4 2 1 1 443 366 369 939
3835 4 2 1 1 661 988 1114 1226
3836 4 2 1 1 717 1001 1004 593
3837 4 2 1 1 930 1132 1081 1143
3838 4 2 1 1 1144 901 995 776
3839 4 2 1 1 545 888 989 1096
3840 4 2 1 1 220 24 1339 1255
3841 4 2 1 1 1144 995 901 535
3842 4 2 1 1 745 1169 531 1252
3843 4 2 1 1 946 1016 649 1211
3844 4 2 1 1 143 930 627 1132
3845 4 2 1 1 220 1339 790 1255
3846 4 2 1 1 1341 123 877 116
3847 4 2 1 1 861 799 712 1101
3848 4 2 1 1 812 1127 1062 1183
3849 4 2 1 1 1364 122 1373 9
3850 4 2 1 1 715 961 696 1165
3851 4 2 1 1 559 651 898 1272
3852 4 2 1 1 239 1339 254 979
3853 4 2 1 1 1316 1237 757 896
3854 4 2 1 1 522 751 1115 860
3855 4 2 1 1 1266 1333 211 770
3856 4 2 1 1 352 344 476 1046
3857 4 2 1 1 627 525 1142 1143
3858 4 2 1 1 492 692 421 1047
3859 4 2 1 1 816 884 589 1102
3860 4 2 1 1 606 1129 1014 1276
3861 4 2 1 1 907 1077 707 1247
3862 4 2 1 1 685 891 1119 878
3863 4 2 1 1 1335 877 87 1278
3864 4 2 1 1 1176 919 231 256
3865 4 2 1 1 399 439 429 816
3866 4 2 1 1 239 1339 979 790
3867 4 2 1 1 1338 52 51 294
3868 4 2 1 1 1176 231 919 560
3869 4 2 1 1 596 1060 595 1124
3870 4 2 1 1 445 424 1101 1216
3871 4 2 1 1 631 668 832 1030
3872 4 2 1 1 540 828 700 1040
3873 4 2 1 1 587 858 850 1268
3874 4 2 1 1 831 875 555 1212
3875 4 2 1 1 708 834 598 918
3876 4 2 1 1 729 516 857 1173
3877 4 2 1 1 698 959 667 1162
3878 4 2 1 1 195 198 665 1267
3879 4 2 1 1 320 1347 353 900
3880 4 2 1 1 174 191 951 1298
3881 4 2 1 1 695 731 906 807
3882 4 2 1 1 856 931 581 987
3883 4 2 1 1 643 934 760 1318
3884 4 2 1 1 697 568 741 1200
3885 4 2 1 1 1100 953 1294 797
3886 4 2 1 1 358 964 471 763
3887 4 2 1 1 126 746 978 599
3888 4 2 1 1 323 311 41 1281
3889 4 2 1 1 534 587 850 1030
3890 4 2 1 1 112 97 634 1004
3891 4 2 1 1 882 654 506 1301
3892 4 2 1 1 534 757 717 1030
3893 4 2 1 1 631 890 696 1122
3894 4 2 1 1 235 248 218 874
3895 4 2 1 1 551 716 905 759
3896 4 2 1 1 460 399 429 1015
3897 4 2 1 1 663 765 964 1279
3898 4 2 1 1 870 994 645 1144
3899 4 2 1 1 523 617 844 559
3900 4 2 1 1 624 851 1116 1164
3901 4 2 1 1 594 780 661 1114
3902 4 2 1 1 729 857 516 930
3903 4 2 1 1 641 863 926 1258
3904 4 2 1 1 188 1313 695 1156
3905 4 2 1 1 573 871 1189 1264
3906 4 2 1 1 371 778 368 1259
3907 4 2 1 1 907 1077 762 707
3908 4 2 1 1 381 921 390 1029
3909 4 2 1 1 686 530 891 1119
3910 4 2 1 1 631 1122 696 1196
3911 4 2 1 1 137 767 980 1021
3912 4 2 1 1 530 1054 874 1275
3913 4 2 1 1 1005 1088 1051 1283
3914 4 2 1 1 544 788 647 1201
3915 4 2 1 1 544 1298 963 1302
3916 4 2 1 1 818 752 989 1299
3917 4 2 1 1 157 812 156 1249
3918 4 2 1 1 820 965 589 1002
3919 4 2 1 1 519 960 750 1277
3920 4 2 1 1 409 404 408 879
3921 4 2 1 1 628 1053 145 1289
3922 4 2 1 1 589 884 1079 1318
3923 4 2 1 1 485 917 405 1261
3924 4 2 1 1 1197 1271 604 876
3925 4 2 1 1 165 148 158 770
3926 4 2 1 1 755 621 754 946
3927 4 2 1 1 932 1312 928 351
3928 4 2 1 1 834 1068 780 1114
3929 4 2 1 1 538 862 961 685
3930 4 2 1 1 777 884 558 1102
3931 4 2 1 1 1041 1107 1060 785
3932 4 2 1 1 815 859 1051 1088
3933 4 2 1 1 515 941 871 974
3934 4 2 1 1 270 296 305 827
3935 4 2 1 1 878 686 232 891
3936 4 2 1 1 1338 1374 167 933
3937 4 2 1 1 571 662 788 963
3938 4 2 1 1 246 1332 1355 874
3939 4 2 1 1 467 347 1046 352
3940 4 2 1 1 513 1231 1237 1316
3941 4 2 1 1 609 1130 922 998
3942 4 2 1 1 513 878 790 1287
3943 4 2 1 1 700 714 1040 1274
3944 4 2 1 1 173 1375 197 36
3945 4 2 1 1 274 273 272 1127
3946 4 2 1 1 634 571 858 1314
3947 4 2 1 1 107 848 719 1255
3948 4 2 1 1 595 1087 842 1153
3949 4 2 1 1 567 1076 689 544
3950 4 2 1 1 791 642 1094 847
3951 4 2 1 1 430 422 432 1120
3952 4 2 1 1 557 1090 1147 1288
3953 4 2 1 1 702 630 961 685
3954 4 2 1 1 1255 121 1339 790
3955 4 2 1 1 878 232 686 233
3956 4 2 1 1 585 1220 1185 1227
3957 4 2 1 1 389 921 385 1120
3958 4 2 1 1 654 904 517 1135
3959 4 2 1 1 792 950 517 1080
3960 4 2 1 1 946 1010 621 754
3961 4 2 1 1 889 1033 727 1168
3962 4 2 1 1 676 846 1050 1273
3963 4 2 1 1 994 1129 645 1220
3964 4 2 1 1 559 898 1047 1272
3965 4 2 1 1 930 627 1132 1143
3966 4 2 1 1 515 1189 1121 1257
3967 4 2 1 1 1051 1221 1056 591
3968 4 2 1 1 550 896 828 1316
3969 4 2 1 1 416 453 338 1027
3970 4 2 1 1 46 45 162 1334
3971 4 2 1 1 615 357 504 1282
3972 4 2 1 1 721 757 631 1030
3973 4 2 1 1 87 877 100 1278
3974 4 2 1 1 799 970 601 712
3975 4 2 1 1 719 979 790 1237
3976 4 2 1 1 753 1008 856 1009
3977 4 2 1 1 599 758 728 1192
3978 4 2 1 1 378 984 403 1118
3979 4 2 1 1 1130 1095 608 1198
3980 4 2 1 1 602 931 889 705
3981 4 2 1 1 1181 924 655 1021
3982 4 2 1 1 523 844 1228 559
3983 4 2 1 1 1104 1033 991 889
3984 4 2 1 1 383 965 1179 438
3985 4 2 1 1 638 1069 778 1288
3986 4 2 1 1 1266 1333 665 173
3987 4 2 1 1 865 928 584 1082
3988 4 2 1 1 517 909 817 1080
3989 4 2 1 1 888 1035 437 1238
3990 4 2 1 1 515 1264 871 1283
3991 4 2 1 1 719 100 593 98
3992 4 2 1 1 602 1008 990 1103
3993 4 2 1 1 837 618 937 1197
3994 4 2 1 1 97 103 104 1314
3995 4 2 1 1 755 828 946 540
3996 4 2 1 1 600 698 959 972
3997 4 2 1 1 460 330 496 1261
3998 4 2 1 1 294 1358 288 1249
3999 4 2 1 1 383 373 376 1002
4000 4 2 1 1 796 797 588 1294
4001 4 2 1 1 357 358 791 923
4002 4 2 1 1 190 1362 200 1156
4003 4 2 1 1 539 1010 1016 754
4004 4 2 1 1 185 186 184 1245
4005 4 2 1 1 141 627 143 1052
4006 4 2 1 1 634 1260 827 1314
4007 4 2 1 1 24 25 106 1280
4008 4 2 1 1 651 1064 821 619
4009 4 2 1 1 511 709 1112 787
4010 4 2 1 1 141 157 142 713
4011 4 2 1 1 91 710 633 738
4012 4 2 1 1 1297 1020 778 839
4013 4 2 1 1 893 1149 1097 1303
4014 4 2 1 1 1317 1130 609 998
4015 4 2 1 1 973 837 561 1006
4016 4 2 1 1 636 967 728 1160
4017 4 2 1 1 948 428 495 327
4018 4 2 1 1 1219 1303 960 613
4019 4 2 1 1 815 929 720 1285
4020 4 2 1 1 1104 977 1157 1103
4021 4 2 1 1 990 1008 614 521
4022 4 2 1 1 182 1214 781 1245
4023 4 2 1 1 724 578 532 1117
4024 4 2 1 1 889 602 1104 1215
4025 4 2 1 1 589 1002 816 1102
4026 4 2 1 1 47 46 154 1354
4027 4 2 1 1 396 388 1035 1199
4028 4 2 1 1 1096 1097 613 1238
4029 4 2 1 1 561 837 982 1134
4030 4 2 1 1 586 1086 761 1167
4031 4 2 1 1 685 890 756 1119
4032 4 2 1 1 554 1087 769 1210
4033 4 2 1 1 611 1019 800 1117
4034 4 2 1 1 495 948 327 481
4035 4 2 1 1 1150 1225 1068 1226
4036 4 2 1 1 1338 1374 51 167
4037 4 2 1 1 93 1201 567 1235
4038 4 2 1 1 596 1058 1060 1124
4039 4 2 1 1 559 1047 879 1126
4040 4 2 1 1 873 1075 698 1248
4041 4 2 1 1 534 634 1001 1042
4042 4 2 1 1 294 1249 283 933
4043 4 2 1 1 229 249 238 1166
4044 4 2 1 1 625 1161 975 1164
4045 4 2 1 1 512 952 713 1074
4046 4 2 1 1 631 929 721 1208
4047 4 2 1 1 612 863 1040 1265
4048 4 2 1 1 731 906 526 954
4049 4 2 1 1 334 336 847 1072
4050 4 2 1 1 436 879 409 1125
4051 4 2 1 1 752 456 463 1097
4052 4 2 1 1 581 1059 843 1284
4053 4 2 1 1 451 452 471 763
4054 4 2 1 1 284 874 301 264
4055 4 2 1 1 1105 1308 591 1165
4056 4 2 1 1 692 927 1126 556
4057 4 2 1 1 1297 778 1020 580
4058 4 2 1 1 27 28 1337 296
4059 4 2 1 1 721 1086 832 1208
4060 4 2 1 1 383 965 438 373
4061 4 2 1 1 1337 305 27 296
4062 4 2 1 1 1180 1057 768 596
4063 4 2 1 1 84 647 1235 951
4064 4 2 1 1 703 905 551 1063
4065 4 2 1 1 129 35 36 1333
4066 4 2 1 1 848 1231 790 1287
4067 4 2 1 1 529 652 1037 1138
4068 4 2 1 1 520 1105 985 1276
4069 4 2 1 1 591 1221 773 1283
4070 4 2 1 1 782 959 698 972
4071 4 2 1 1 28 296 1260 1337
4072 4 2 1 1 28 1260 296 290
4073 4 2 1 1 633 796 548 969
4074 4 2 1 1 378 820 376 374
4075 4 2 1 1 720 929 815 1207
4076 4 2 1 1 1337 1373 122 27
4077 4 2 1 1 683 1173 630 1203
4078 4 2 1 1 666 1109 1189 1257
4079 4 2 1 1 957 1172 674 1293
4080 4 2 1 1 873 1075 527 826
4081 4 2 1 1 537 789 673 814
4082 4 2 1 1 78 1325 217 1296
4083 4 2 1 1 563 866 1007 1205
4084 4 2 1 1 512 915 807 1266
4085 4 2 1 1 116 21 22 1341
4086 4 2 1 1 648 761 973 1167
4087 4 2 1 1 98 719 894 1004
4088 4 2 1 1 1166 1287 878 684
4089 4 2 1 1 728 636 767 1181
4090 4 2 1 1 704 607 772 1006
4091 4 2 1 1 661 723 873 1223
4092 4 2 1 1 554 1153 1087 1210
4093 4 2 1 1 1128 1242 1037 1270
4094 4 2 1 1 987 1009 623 1225
4095 4 2 1 1 591 985 773 1221
4096 4 2 1 1 296 1337 827 1260
4097 4 2 1 1 138 924 1021 691
4098 4 2 1 1 149 713 157 1249
4099 4 2 1 1 216 742 855 900
4100 4 2 1 1 399 405 393 917
4101 4 2 1 1 455 412 461 970
4102 4 2 1 1 112 104 1260 1314
4103 4 2 1 1 541 667 742 873
4104 4 2 1 1 510 1077 955 1244
4105 4 2 1 1 779 1011 580 1020
4106 4 2 1 1 1255 1339 121 83
4107 4 2 1 1 1336 56 55 293
4108 4 2 1 1 716 947 905 759
4109 4 2 1 1 632 1111 898 1256
4110 4 2 1 1 540 1109 946 1211
4111 4 2 1 1 519 830 861 1277
4112 4 2 1 1 163 767 153 1032
4113 4 2 1 1 1345 916 855 196
4114 4 2 1 1 1316 550 757 756
4115 4 2 1 1 567 646 926 1201
4116 4 2 1 1 1166 1287 684 548
4117 4 2 1 1 862 869 702 685
4118 4 2 1 1 1146 1161 1175 625
4119 4 2 1 1 471 452 358 763
4120 4 2 1 1 1316 757 550 896
4121 4 2 1 1 664 764 1149 1232
4122 4 2 1 1 570 747 918 1315
4123 4 2 1 1 561 982 730 1134
4124 4 2 1 1 140 141 139 1023
4125 4 2 1 1 674 1172 957 787
4126 4 2 1 1 573 913 1186 1293
4127 4 2 1 1 557 942 774 1136
4128 4 2 1 1 531 1113 750 1321
4129 4 2 1 1 587 1086 836 1167
4130 4 2 1 1 583 850 954 1062
4131 4 2 1 1 515 974 1189 1257
4132 4 2 1 1 940 991 636 1286
4133 4 2 1 1 1336 304 56 293
4134 4 2 1 1 744 909 958 604
4135 4 2 1 1 730 845 623 1194
4136 4 2 1 1 278 276 279 824
4137 4 2 1 1 775 520 985 1191
4138 4 2 1 1 782 900 541 698
4139 4 2 1 1 1304 1270 1263 678
4140 4 2 1 1 957 986 573 1189
4141 4 2 1 1 544 1201 647 1235
4142 4 2 1 1 530 824 1054 1275
4143 4 2 1 1 1315 1320 747 881
4144 4 2 1 1 95 646 875 92
4145 4 2 1 1 586 958 744 1092
4146 4 2 1 1 741 1028 590 1218
4147 4 2 1 1 157 149 142 713
4148 4 2 1 1 735 901 734 1144
4149 4 2 1 1 1336 1363 168 56
4150 4 2 1 1 556 910 732 1012
4151 4 2 1 1 445 799 447 1216
4152 4 2 1 1 560 734 919 1176
4153 4 2 1 1 1219 1303 613 1149
4154 4 2 1 1 791 1094 642 1282
4155 4 2 1 1 150 1346 642 1282
4156 4 2 1 1 598 805 804 851
4157 4 2 1 1 1322 41 134 1281
4158 4 2 1 1 101 94 93 1201
4159 4 2 1 1 285 824 284 1054
4160 4 2 1 1 974 1024 666 1257
4161 4 2 1 1 513 685 756 1119
4162 4 2 1 1 1315 1320 881 662
4163 4 2 1 1 600 1168 935 1192
4164 4 2 1 1 815 1005 591 1165
4165 4 2 1 1 757 1119 686 1237
4166 4 2 1 1 518 714 836 550
4167 4 2 1 1 1283 1051 941 515
4168 4 2 1 1 274 282 273 956
4169 4 2 1 1 507 810 1198 1170
4170 4 2 1 1 973 837 1006 832
4171 4 2 1 1 609 1025 1170 1317
4172 4 2 1 1 620 1109 787 1211
4173 4 2 1 1 591 1005 1051 1283
4174 4 2 1 1 774 1136 1039 1228
4175 4 2 1 1 93 101 1201 1235
4176 4 2 1 1 618 775 936 1197
4177 4 2 1 1 650 798 784 1140
4178 4 2 1 1 1332 874 218 1054
4179 4 2 1 1 758 978 536 1094
4180 4 2 1 1 581 1223 826 1253
4181 4 2 1 1 655 924 691 1021
4182 4 2 1 1 194 571 193 187
4183 4 2 1 1 503 660 1082 1290
4184 4 2 1 1 116 100 877 979
4185 4 2 1 1 1057 1233 948 588
4186 4 2 1 1 337 499 452 791
4187 4 2 1 1 541 667 873 698
4188 4 2 1 1 123 116 87 877
4189 4 2 1 1 520 1014 783 1129
4190 4 2 1 1 652 1037 860 1065
4191 4 2 1 1 431 404 993 656
4192 4 2 1 1 533 652 944 1242
4193 4 2 1 1 632 898 897 651
4194 4 2 1 1 822 865 547 1041
4195 4 2 1 1 1292 1007 563 760
4196 4 2 1 1 652 653 944 1138
4197 4 2 1 1 702 961 862 685
4198 4 2 1 1 1367 115 680 1236
4199 4 2 1 1 708 780 834 1068
4200 4 2 1 1 273 812 272 1127
4201 4 2 1 1 289 583 303 1108
4202 4 2 1 1 619 1158 844 1228
4203 4 2 1 1 557 934 867 1090
4204 4 2 1 1 538 696 961 1165
4205 4 2 1 1 611 886 800 1055
4206 4 2 1 1 572 786 660 865
4207 4 2 1 1 559 897 898 651
4208 4 2 1 1 759 556 910 1230
4209 4 2 1 1 898 425 464 478
4210 4 2 1 1 1213 743 795 714
4211 4 2 1 1 202 172 201 1251
4212 4 2 1 1 313 1370 355 336
4213 4 2 1 1 549 830 925 1300
4214 4 2 1 1 645 908 1144 1291
4215 4 2 1 1 600 935 999 1321
4216 4 2 1 1 293 1336 1053 1289
4217 4 2 1 1 783 1220 1129 1227
4218 4 2 1 1 485 917 1261 928
4219 4 2 1 1 799 1174 1216 1303
4220 4 2 1 1 1129 1220 1043 645
4221 4 2 1 1 508 1087 766 1110
4222 4 2 1 1 508 1036 741 1148
4223 4 2 1 1 227 256 568 938
4224 4 2 1 1 285 279 284 824
4225 4 2 1 1 55 1336 293 1289
4226 4 2 1 1 544 1066 680 1302
4227 4 2 1 1 1084 1142 682 1151
4228 4 2 1 1 306 1335 32 268
4229 4 2 1 1 589 733 1079 1179
4230 4 2 1 1 632 751 899 1270
4231 4 2 1 1 444 1011 379 1259
4232 4 2 1 1 843 1059 705 1099
4233 4 2 1 1 519 1059 843 1099
4234 4 2 1 1 285 295 298 877
4235 4 2 1 1 661 987 988 1225
4236 4 2 1 1 744 909 841 958
4237 4 2 1 1 787 1211 1109 1212
4238 4 2 1 1 509 851 804 802
4239 4 2 1 1 32 31 268 1335
4240 4 2 1 1 809 849 1061 1175
4241 4 2 1 1 680 1066 653 1302
4242 4 2 1 1 531 885 922 1130
4243 4 2 1 1 949 1143 682 1203
4244 4 2 1 1 661 987 1139 1223
4245 4 2 1 1 860 1037 652 1146
4246 4 2 1 1 507 727 1033 1170
4247 4 2 1 1 550 1274 1213 1285
4248 4 2 1 1 931 987 527 1223
4249 4 2 1 1 852 908 870 1129
4250 4 2 1 1 669 867 934 1186
4251 4 2 1 1 567 926 732 1076
4252 4 2 1 1 588 1379 1312 797
4253 4 2 1 1 137 599 136 767
4254 4 2 1 1 712 939 1295 1300
4255 4 2 1 1 747 963 653 1302
4256 4 2 1 1 596 1057 1058 1124
4257 4 2 1 1 1185 1220 783 1227
4258 4 2 1 1 912 1205 733 1079
4259 4 2 1 1 268 1359 287 1278
4260 4 2 1 1 506 1064 902 1250
4261 4 2 1 1 613 1216 1097 1303
4262 4 2 1 1 1048 517 958 811
4263 4 2 1 1 138 924 691 1162
4264 4 2 1 1 234 236 257 729
4265 4 2 1 1 852 870 606 1129
4266 4 2 1 1 555 910 710 911
4267 4 2 1 1 934 1186 867 1318
4268 4 2 1 1 589 816 1002 1179
4269 4 2 1 1 661 780 1068 1114
4270 4 2 1 1 376 1002 820 656
4271 4 2 1 1 916 945 182 1214
4272 4 2 1 1 1180 1057 596 883
4273 4 2 1 1 685 1070 590 1218
4274 4 2 1 1 87 1359 31 1335
4275 4 2 1 1 268 877 1335 1278
4276 4 2 1 1 237 1166 790 878
4277 4 2 1 1 465 411 433 1217
4278 4 2 1 1 369 366 368 939
4279 4 2 1 1 508 1028 741 1036
4280 4 2 1 1 1323 299 1001 266
4281 4 2 1 1 518 717 1003 550
4282 4 2 1 1 580 779 1020 1193
4283 4 2 1 1 268 306 1335 877
4284 4 2 1 1 1153 825 554 842
4285 4 2 1 1 640 689 1076 544
4286 4 2 1 1 694 941 871 1222
4287 4 2 1 1 800 1019 578 1117
4288 4 2 1 1 227 256 244 568
4289 4 2 1 1 544 788 1106 1320
4290 4 2 1 1 46 45 1334 252
4291 4 2 1 1 271 272 265 1289
4292 4 2 1 1 870 908 645 1129
4293 4 2 1 1 116 1356 22 109
4294 4 2 1 1 814 1072 242 1296
4295 4 2 1 1 607 937 704 1084
4296 4 2 1 1 45 1334 252 259
4297 4 2 1 1 689 1064 821 1065
4298 4 2 1 1 531 745 1113 1321
4299 4 2 1 1 949 996 552 1142
4300 4 2 1 1 996 1142 949 1143
4301 4 2 1 1 204 667 216 900
4302 4 2 1 1 740 822 684 953
4303 4 2 1 1 828 1040 612 1274
4304 4 2 1 1 610 1031 1055 847
4305 4 2 1 1 153 767 136 978
4306 4 2 1 1 242 814 221 1072
4307 4 2 1 1 212 178 207 827
4308 4 2 1 1 757 896 717 550
4309 4 2 1 1 1106 1302 528 640
4310 4 2 1 1 778 1069 939 1259
4311 4 2 1 1 819 1069 638 1288
4312 4 2 1 1 684 869 590 740
4313 4 2 1 1 668 1183 1062 681
4314 4 2 1 1 252 259 1334 1053
4315 4 2 1 1 507 810 1170 967
4316 4 2 1 1 134 135 159 600
4317 4 2 1 1 511 1057 796 1233
4318 4 2 1 1 1354 236 252 1053
4319 4 2 1 1 512 690 915 1074
4320 4 2 1 1 252 1354 1053 1334
4321 4 2 1 1 486 504 746 992
4322 4 2 1 1 546 1114 906 807
4323 4 2 1 1 649 1112 633 1212
4324 4 2 1 1 508 766 1028 1110
4325 4 2 1 1 953 1100 822 1166
4326 4 2 1 1 873 541 698 826
4327 4 2 1 1 694 871 955 1222
4328 4 2 1 1 732 910 556 1230
4329 4 2 1 1 969 1379 588 797
4330 4 2 1 1 706 1088 1010 754
4331 4 2 1 1 1376 222 260 75
4332 4 2 1 1 623 988 987 1225
4333 4 2 1 1 606 976 872 994
4334 4 2 1 1 301 281 286 874
4335 4 2 1 1 883 1057 596 1124
4336 4 2 1 1 876 1123 614 1191
4337 4 2 1 1 1347 40 39 131
4338 4 2 1 1 746 311 42 504
4339 4 2 1 1 381 389 390 921
4340 4 2 1 1 550 720 929 1285
4341 4 2 1 1 901 1081 857 798
4342 4 2 1 1 543 1021 980 1181
4343 4 2 1 1 492 692 1047 725
4344 4 2 1 1 787 709 1112 1212
4345 4 2 1 1 754 869 862 685
4346 4 2 1 1 647 97 1085 1314
4347 4 2 1 1 25 255 251 1280
4348 4 2 1 1 492 692 725 345
4349 4 2 1 1 969 105 1348 85
4350 4 2 1 1 1173 1202 630 566
4351 4 2 1 1 1075 1168 999 924
4352 4 2 1 1 934 1155 669 1186
4353 4 2 1 1 229 878 590 1166
4354 4 2 1 1 564 1190 907 762
4355 4 2 1 1 88 827 104 1314
4356 4 2 1 1 222 932 797 1100
4357 4 2 1 1 1370 170 44 130
4358 4 2 1 1 1059 1095 705 1099
4359 4 2 1 1 276 284 824 1275
4360 4 2 1 1 669 1039 1136 1228
4361 4 2 1 1 631 1208 832 1196
4362 4 2 1 1 755 649 639 1287
4363 4 2 1 1 239 224 240 979
4364 4 2 1 1 402 378 374 984
4365 4 2 1 1 397 899 396 1035
4366 4 2 1 1 523 1186 867 1228
4367 4 2 1 1 693 1046 903 1184
4368 4 2 1 1 685 878 513 1131
4369 4 2 1 1 787 1109 831 1212
4370 4 2 1 1 948 1063 738 551
4371 4 2 1 1 982 1080 604 950
4372 4 2 1 1 447 799 1174 1216
4373 4 2 1 1 746 504 42 1282
4374 4 2 1 1 1346 349 473 642
4375 4 2 1 1 357 340 358 923
4376 4 2 1 1 244 262 814 1018
4377 4 2 1 1 555 732 911 926
4378 4 2 1 1 972 1000 582 999
4379 4 2 1 1 1282 126 746 978
4380 4 2 1 1 555 732 910 911
4381 4 2 1 1 604 1080 982 753
4382 4 2 1 1 552 1239 748 1286
4383 4 2 1 1 1059 931 581 705
4384 4 2 1 1 654 1177 506 1301
4385 4 2 1 1 621 1010 946 1121
4386 4 2 1 1 1146 1242 533 1270
4387 4 2 1 1 1315 1320 662 570
4388 4 2 1 1 1352 215 900 1357
4389 4 2 1 1 647 863 788 1003
4390 4 2 1 1 673 814 789 895
4391 4 2 1 1 144 155 127 1289
4392 4 2 1 1 629 1024 1206 957
4393 4 2 1 1 865 1082 660 1290
4394 4 2 1 1 144 812 157 1052
4395 4 2 1 1 615 923 791 610
4396 4 2 1 1 642 1094 978 1282
4397 4 2 1 1 224 1356 254 22
4398 4 2 1 1 186 813 1245 1313
4399 4 2 1 1 150 642 978 1282
4400 4 2 1 1 630 890 685 891
4401 4 2 1 1 634 1042 827 1260
4402 4 2 1 1 188 1313 1156 189
4403 4 2 1 1 606 994 872 1227
4404 4 2 1 1 571 813 662 963
4405 4 2 1 1 1292 563 1205 733
4406 4 2 1 1 121 107 719 1255
4407 4 2 1 1 896 1237 1231 1316
4408 4 2 1 1 608 1099 925 1229
4409 4 2 1 1 529 689 1045 1065
4410 4 2 1 1 737 806 1057 948
4411 4 2 1 1 833 997 585 1317
4412 4 2 1 1 1037 1128 725 1184
4413 4 2 1 1 152 143 140 1132
4414 4 2 1 1 1292 1007 1079 1205
4415 4 2 1 1 176 680 203 205
4416 4 2 1 1 662 788 963 1320
4417 4 2 1 1 1208 936 1196 696
4418 4 2 1 1 599 728 767 1181
4419 4 2 1 1 516 734 735 901
4420 4 2 1 1 643 1186 934 1318
4421 4 2 1 1 569 744 1221 1271
4422 4 2 1 1 867 1186 669 1228
4423 4 2 1 1 540 1109 1211 1212
4424 4 2 1 1 183 653 203 944
4425 4 2 1 1 464 398 1111 1199
4426 4 2 1 1 439 395 429 816
4427 4 2 1 1 692 725 345 1046
4428 4 2 1 1 410 465 453 868
4429 4 2 1 1 927 1125 905 1246
4430 4 2 1 1 939 1069 712 1259
4431 4 2 1 1 560 734 1176 1202
4432 4 2 1 1 790 686 878 1237
4433 4 2 1 1 518 717 858 1003
4434 4 2 1 1 198 216 667 742
4435 4 2 1 1 1294 1057 796 1058
4436 4 2 1 1 718 1082 432 1319
4437 4 2 1 1 633 738 709 1233
4438 4 2 1 1 841 962 562 902
4439 4 2 1 1 412 455 361 1078
4440 4 2 1 1 884 1180 658 1234
4441 4 2 1 1 931 1157 987 602
4442 4 2 1 1 93 90 113 1309
4443 4 2 1 1 1348 1371 19 105
4444 4 2 1 1 489 319 463 752
4445 4 2 1 1 655 1104 690 1215
4446 4 2 1 1 278 1001 300 1042
4447 4 2 1 1 698 999 826 1000
4448 4 2 1 1 1352 215 1357 68
4449 4 2 1 1 145 144 1052 1289
4450 4 2 1 1 620 986 829 1133
4451 4 2 1 1 180 944 916 1214
4452 4 2 1 1 649 1133 1112 1211
4453 4 2 1 1 407 419 480 947
4454 4 2 1 1 572 739 786 1041
4455 4 2 1 1 516 996 949 1143
4456 4 2 1 1 689 567 732 1076
4457 4 2 1 1 767 978 758 599
4458 4 2 1 1 714 1213 550 1274
4459 4 2 1 1 629 1206 1024 1310
4460 4 2 1 1 396 388 387 1035
4461 4 2 1 1 524 595 842 1187
4462 4 2 1 1 507 810 967 1185
4463 4 2 1 1 506 887 1064 1250
4464 4 2 1 1 531 750 935 1321
4465 4 2 1 1 589 1002 965 1179
4466 4 2 1 1 857 901 516 1081
4467 4 2 1 1 1333 35 36 173
4468 4 2 1 1 1181 1168 1192 1033
4469 4 2 1 1 927 1125 692 1126
4470 4 2 1 1 540 1211 649 1212
4471 4 2 1 1 447 445 446 799
4472 4 2 1 1 620 1010 946 1016
4473 4 2 1 1 495 1348 314 1312
4474 4 2 1 1 508 892 1036 1148
4475 4 2 1 1 548 1255 969 1280
4476 4 2 1 1 542 707 817 843
4477 4 2 1 1 1333 199 35 173
4478 4 2 1 1 115 102 1235 1236
4479 4 2 1 1 631 668 1122 1196
4480 4 2 1 1 510 907 1077 1244
4481 4 2 1 1 615 978 758 1094
4482 4 2 1 1 800 1019 1055 650
4483 4 2 1 1 583 671 1108 1313
4484 4 2 1 1 587 973 832 1167
4485 4 2 1 1 794 1242 1128 1270
4486 4 2 1 1 1340 1138 179 176
4487 4 2 1 1 815 859 621 1285
4488 4 2 1 1 948 428 327 716
4489 4 2 1 1 776 1144 901 1145
4490 4 2 1 1 1306 1022 517 597
4491 4 2 1 1 187 571 813 1251
4492 4 2 1 1 815 1165 591 1207
4493 4 2 1 1 1347 169 959 131
4494 4 2 1 1 299 824 279 1278
4495 4 2 1 1 1375 129 665 164
4496 4 2 1 1 166 1081 930 1132
4497 4 2 1 1 479 893 322 1216
4498 4 2 1 1 970 1078 601 712
4499 4 2 1 1 112 634 97 1314
4500 4 2 1 1 752 989 888 1096
4501 4 2 1 1 731 954 526 1006
4502 4 2 1 1 54 1289 265 1324
4503 4 2 1 1 574 975 840 1098
4504 4 2 1 1 583 956 850 1062
4505 4 2 1 1 326 806 1312 496
4506 4 2 1 1 183 182 184 1214
4507 4 2 1 1 227 226 228 938
4508 4 2 1 1 638 1017 760 1292
4509 4 2 1 1 1375 129 164 36
4510 4 2 1 1 151 152 1032 1204
4511 4 2 1 1 456 406 477 1238
4512 4 2 1 1 955 1077 694 1222
4513 4 2 1 1 1333 1361 165 35
4514 4 2 1 1 665 1333 1266 770
4515 4 2 1 1 588 738 969 1233
4516 4 2 1 1 866 724 532 1117
4517 4 2 1 1 565 1106 788 1320
4518 4 2 1 1 229 590 822 1166
4519 4 2 1 1 544 1106 1302 1320
4520 4 2 1 1 396 413 423 899
4521 4 2 1 1 590 869 1028 1152
4522 4 2 1 1 693 1240 1012 1309
4523 4 2 1 1 554 842 1087 1153
4524 4 2 1 1 576 1145 996 1239
4525 4 2 1 1 683 630 1122 1203
4526 4 2 1 1 728 1025 967 1170
4527 4 2 1 1 458 1299 818 1304
4528 4 2 1 1 13 12 1236 209
4529 4 2 1 1 1140 1072 1018 814
4530 4 2 1 1 822 1041 740 1152
4531 4 2 1 1 586 836 1086 1167
4532 4 2 1 1 130 1370 170 1018
4533 4 2 1 1 1138 1184 711 1037
4534 4 2 1 1 203 653 183 1298
4535 4 2 1 1 595 1153 842 1187
4536 4 2 1 1 589 965 820 1090
4537 4 2 1 1 1152 766 740 869
4538 4 2 1 1 645 994 870 1129
4539 4 2 1 1 386 387 380 1020
4540 4 2 1 1 588 797 796 969
4541 4 2 1 1 932 225 1290 1100
4542 4 2 1 1 160 1372 49 151
4543 4 2 1 1 526 864 973 1073
4544 4 2 1 1 1047 1125 879 1126
4545 4 2 1 1 117 88 122 827
4546 4 2 1 1 175 215 204 900
4547 4 2 1 1 830 1277 925 1300
4548 4 2 1 1 589 820 1002 867
4549 4 2 1 1 643 1155 934 1186
4550 4 2 1 1 191 183 1214 1298
4551 4 2 1 1 513 754 755 1316
4552 4 2 1 1 613 960 799 1303
4553 4 2 1 1 772 954 731 1006
4554 4 2 1 1 268 295 306 877
4555 4 2 1 1 564 1014 783 762
4556 4 2 1 1 742 196 916 181
4557 4 2 1 1 510 934 819 760
4558 4 2 1 1 752 463 456 319
4559 4 2 1 1 695 954 770 1156
4560 4 2 1 1 1222 985 569 1221
4561 4 2 1 1 508 880 892 1148
4562 4 2 1 1 859 1274 621 1285
4563 4 2 1 1 324 745 462 1174
4564 4 2 1 1 423 899 413 1263
4565 4 2 1 1 579 863 714 1258
4566 4 2 1 1 589 733 1179 965
4567 4 2 1 1 655 691 543 1021
4568 4 2 1 1 1236 205 13 209
4569 4 2 1 1 529 725 651 1045
4570 4 2 1 1 1125 993 947 418
4571 4 2 1 1 575 1075 999 826
4572 4 2 1 1 1236 1367 115 13
4573 4 2 1 1 625 975 849 1164
4574 4 2 1 1 946 755 1016 754
4575 4 2 1 1 278 300 280 1042
4576 4 2 1 1 755 513 1231 1287
4577 4 2 1 1 519 823 1044 1284
4578 4 2 1 1 31 30 1359 110
4579 4 2 1 1 849 975 625 1175
4580 4 2 1 1 518 1003 612 550
4581 4 2 1 1 76 474 75 932
4582 4 2 1 1 246 1332 874 218
4583 4 2 1 1 805 598 918 851
4584 4 2 1 1 1005 1088 706 754
4585 4 2 1 1 684 878 1131 1287
4586 4 2 1 1 1125 947 993 617
4587 4 2 1 1 484 324 745 992
4588 4 2 1 1 132 56 55 1336
4589 4 2 1 1 1183 682 525 1143
4590 4 2 1 1 518 863 565 714
4591 4 2 1 1 210 742 945 181
4592 4 2 1 1 624 962 517 1135
4593 4 2 1 1 517 962 654 1135
4594 4 2 1 1 183 653 944 1214
4595 4 2 1 1 361 359 412 1171
4596 4 2 1 1 382 799 445 712
4597 4 2 1 1 785 920 584 1107
4598 4 2 1 1 75 474 354 932
4599 4 2 1 1 696 929 631 1208
4600 4 2 1 1 590 1028 741 1152
4601 4 2 1 1 698 600 959 1162
4602 4 2 1 1 1079 1205 733 1292
4603 4 2 1 1 509 808 971 1139
4604 4 2 1 1 516 1173 683 1203
4605 4 2 1 1 346 501 725 1128
4606 4 2 1 1 831 1040 579 1307
4607 4 2 1 1 344 342 316 1184
4608 4 2 1 1 486 992 746 1281
4609 4 2 1 1 421 409 1047 1125
4610 4 2 1 1 334 847 497 1071
4611 4 2 1 1 163 153 152 1032
4612 4 2 1 1 547 932 1100 1294
4613 4 2 1 1 548 797 796 953
4614 4 2 1 1 264 71 1332 72
4615 4 2 1 1 674 1254 957 1293
4616 4 2 1 1 515 1088 859 1121
4617 4 2 1 1 572 895 660 1154
4618 4 2 1 1 546 1068 1150 1241
4619 4 2 1 1 623 1225 1194 1226
4620 4 2 1 1 479 462 972 1174
4621 4 2 1 1 825 1007 842 1187
4622 4 2 1 1 646 1085 95 894
4623 4 2 1 1 880 981 592 724
4624 4 2 1 1 689 732 567 1012
4625 4 2 1 1 781 594 210 1267
4626 4 2 1 1 931 1157 527 987
4627 4 2 1 1 432 422 332 1082
4628 4 2 1 1 639 1060 1058 1124
4629 4 2 1 1 158 1249 133 933
4630 4 2 1 1 156 133 149 1249
4631 4 2 1 1 362 1279 394 964
4632 4 2 1 1 135 599 137 1021
4633 4 2 1 1 37 38 161 1331
4634 4 2 1 1 1104 1157 977 690
4635 4 2 1 1 915 1267 807 1266
4636 4 2 1 1 922 1130 885 998
4637 4 2 1 1 276 275 284 1275
4638 4 2 1 1 176 179 203 1138
4639 4 2 1 1 681 1062 1127 1183
4640 4 2 1 1 546 1068 834 1114
4641 4 2 1 1 166 1081 1132 152
4642 4 2 1 1 432 411 1120 1217
4643 4 2 1 1 707 1098 817 843
4644 4 2 1 1 535 994 870 1144
4645 4 2 1 1 302 264 71 1332
4646 4 2 1 1 1023 1141 940 1142
4647 4 2 1 1 635 1103 990 521
4648 4 2 1 1 516 949 735 1203
4649 4 2 1 1 1268 850 1042 858
4650 4 2 1 1 72 1332 264 286
4651 4 2 1 1 362 394 1279 449
4652 4 2 1 1 302 264 1332 1054
4653 4 2 1 1 174 951 1236 1298
4654 4 2 1 1 239 1339 790 220
4655 4 2 1 1 957 1083 674 787
4656 4 2 1 1 600 1169 935 1321
4657 4 2 1 1 696 630 961 566
4658 4 2 1 1 166 1326 1204 128
4659 4 2 1 1 529 1037 725 1184
4660 4 2 1 1 1265 555 646 1307
4661 4 2 1 1 663 1029 771 1279
4662 4 2 1 1 464 442 398 1199
4663 4 2 1 1 565 1106 654 1301
4664 4 2 1 1 897 1038 651 619
4665 4 2 1 1 797 1100 953 1166
4666 4 2 1 1 873 541 826 723
4667 4 2 1 1 1268 1042 850 671
4668 4 2 1 1 523 777 1186 1293
4669 4 2 1 1 404 378 403 1118
4670 4 2 1 1 216 855 175 900
4671 4 2 1 1 264 874 1332 1054
4672 4 2 1 1 613 799 1101 1216
4673 4 2 1 1 284 1054 824 1275
4674 4 2 1 1 631 832 1208 721
4675 4 2 1 1 834 918 597 1315
4676 4 2 1 1 629 887 1158 1230
4677 4 2 1 1 418 947 401 993
4678 4 2 1 1 126 136 135 599
4679 4 2 1 1 211 770 1156 1266
4680 4 2 1 1 1367 214 205 903
4681 4 2 1 1 508 1036 892 1110
4682 4 2 1 1 789 578 784 650
4683 4 2 1 1 440 370 368 1147
4684 4 2 1 1 625 851 1161 1164
4685 4 2 1 1 779 1035 888 1238
4686 4 2 1 1 181 916 742 945
4687 4 2 1 1 759 1083 910 674
4688 4 2 1 1 110 1323 82 30
4689 4 2 1 1 633 1112 709 1212
4690 4 2 1 1 423 398 396 1111
4691 4 2 1 1 239 240 233 686
4692 4 2 1 1 233 237 239 878
4693 4 2 1 1 611 1093 1027 1178
4694 4 2 1 1 281 628 1127 1289
4695 4 2 1 1 602 856 1008 1009
4696 4 2 1 1 680 653 1066 1138
4697 4 2 1 1 610 1094 609 1031
4698 4 2 1 1 1332 264 286 874
4699 4 2 1 1 516 1143 949 1203
4700 4 2 1 1 495 502 428 806
4701 4 2 1 1 589 733 965 1292
4702 4 2 1 1 815 621 859 1088
4703 4 2 1 1 714 836 1213 943
4704 4 2 1 1 870 994 606 1129
4705 4 2 1 1 531 727 1130 1192
4706 4 2 1 1 498 1097 1026 463
4707 4 2 1 1 1027 1279 1178 663
4708 4 2 1 1 896 894 1004 612
4709 4 2 1 1 902 1038 619 1064
4710 4 2 1 1 1332 247 1360 1054
4711 4 2 1 1 1109 1121 620 1189
4712 4 2 1 1 490 1352 900 315
4713 4 2 1 1 844 1158 523 1228
4714 4 2 1 1 194 207 178 827
4715 4 2 1 1 826 931 527 1223
4716 4 2 1 1 630 553 696 1122
4717 4 2 1 1 1027 1178 1279 450
4718 4 2 1 1 920 675 596 595
4719 4 2 1 1 546 906 834 1241
4720 4 2 1 1 215 900 1331 204
4721 4 2 1 1 144 127 157 812
4722 4 2 1 1 585 967 1025 1317
4723 4 2 1 1 1082 459 468 928
4724 4 2 1 1 623 1009 987 1157
4725 4 2 1 1 583 933 770 1156
4726 4 2 1 1 1029 1178 1279 663
4727 4 2 1 1 456 888 437 1238
4728 4 2 1 1 529 1066 652 1138
4729 4 2 1 1 613 799 1216 1303
4730 4 2 1 1 701 741 1200 1148
4731 4 2 1 1 926 1224 641 1258
4732 4 2 1 1 755 828 540 1231
4733 4 2 1 1 896 894 612 828
4734 4 2 1 1 799 582 1174 1303
4735 4 2 1 1 81 1240 703 89
4736 4 2 1 1 1058 1060 547 1107
4737 4 2 1 1 1328 307 269 933
4738 4 2 1 1 519 1044 843 1284
4739 4 2 1 1 660 469 1082 1319
4740 4 2 1 1 232 234 231 729
4741 4 2 1 1 640 1065 689 1066
4742 4 2 1 1 423 1111 899 1256
4743 4 2 1 1 535 901 734 798
4744 4 2 1 1 510 1034 1077 1247
4745 4 2 1 1 707 1077 1034 1247
4746 4 2 1 1 728 767 636 1160
4747 4 2 1 1 651 559 897 619
4748 4 2 1 1 949 1142 682 1143
4749 4 2 1 1 1255 1166 238 1280
4750 4 2 1 1 572 786 865 1041
4751 4 2 1 1 284 874 264 1054
4752 4 2 1 1 612 518 863 1003
4753 4 2 1 1 591 1051 1221 1283
4754 4 2 1 1 1331 1375 164 37
4755 4 2 1 1 792 1049 730 1150
4756 4 2 1 1 474 76 331 932
4757 4 2 1 1 674 1083 957 1254
4758 4 2 1 1 629 957 1083 1254
4759 4 2 1 1 661 988 987 1223
4760 4 2 1 1 1029 1279 1178 450
4761 4 2 1 1 1366 119 951 1329
4762 4 2 1 1 496 768 806 1312
4763 4 2 1 1 1025 609 833 1317
4764 4 2 1 1 1174 461 446 448
4765 4 2 1 1 632 897 1115 860
4766 4 2 1 1 37 38 1331 204
4767 4 2 1 1 571 951 647 1314
4768 4 2 1 1 774 1039 619 1228
4769 4 2 1 1 758 599 746 1192
4770 4 2 1 1 916 944 180 1091
4771 4 2 1 1 899 1111 632 1256
4772 4 2 1 1 946 1010 620 1121
4773 4 2 1 1 257 241 729 857
4774 4 2 1 1 617 905 947 759
4775 4 2 1 1 130 1346 1370 642
4776 4 2 1 1 38 1331 204 215
4777 4 2 1 1 893 1097 322 1216
4778 4 2 1 1 525 627 1052 1143
4779 4 2 1 1 527 987 988 1223
4780 4 2 1 1 179 944 203 1138
4781 4 2 1 1 1332 247 1054 218
4782 4 2 1 1 1331 1375 667 164
4783 4 2 1 1 1331 667 204 900
4784 4 2 1 1 157 127 156 812
4785 4 2 1 1 855 900 541 1026
4786 4 2 1 1 617 759 947 838
4787 4 2 1 1 579 743 1024 1258
4788 4 2 1 1 553 1163 936 1209
4789 4 2 1 1 1153 825 842 1187
4790 4 2 1 1 524 920 1180 1234
4791 4 2 1 1 1181 924 1021 599
4792 4 2 1 1 1032 1372 151 1204
4793 4 2 1 1 491 423 413 1263
4794 4 2 1 1 1118 1047 478 408
4795 4 2 1 1 53 127 1324 156
4796 4 2 1 1 607 668 937 1084
4797 4 2 1 1 626 1141 1023 1142
4798 4 2 1 1 577 922 885 998
4799 4 2 1 1 462 745 972 1174
4800 4 2 1 1 541 723 1067 1232
4801 4 2 1 1 617 927 905 759
4802 4 2 1 1 578 1148 701 1200
4803 4 2 1 1 646 1085 863 1201
4804 4 2 1 1 509 1116 808 1139
4805 4 2 1 1 547 953 822 1041
4806 4 2 1 1 540 831 1109 1212
4807 4 2 1 1 1043 1185 614 748
4808 4 2 1 1 1118 478 1047 898
4809 4 2 1 1 866 966 672 1159
4810 4 2 1 1 636 1160 576 1239
4811 4 2 1 1 831 1265 1040 1307
4812 4 2 1 1 523 913 1186 1228
4813 4 2 1 1 600 999 972 1321
4814 4 2 1 1 144 157 141 1052
4815 4 2 1 1 311 487 486 1281
4816 4 2 1 1 74 267 1330 73
4817 4 2 1 1 48 47 128 1326
4818 4 2 1 1 582 799 960 1303
4819 4 2 1 1 576 1160 776 1239
4820 4 2 1 1 336 1370 473 642
4821 4 2 1 1 1325 77 217 1290
4822 4 2 1 1 524 1180 884 1234
4823 4 2 1 1 739 785 1041 1269
4824 4 2 1 1 776 798 576 901
4825 4 2 1 1 709 511 1112 1233
4826 4 2 1 1 346 478 425 898
4827 4 2 1 1 1330 1363 259 1053
4828 4 2 1 1 1330 1363 74 259
4829 4 2 1 1 633 1112 796 1233
4830 4 2 1 1 98 894 96 1004
4831 4 2 1 1 864 648 973 1073
4832 4 2 1 1 1038 1064 651 619
4833 4 2 1 1 575 931 889 1215
4834 4 2 1 1 445 447 424 1216
4835 4 2 1 1 1355 281 267 1053
4836 4 2 1 1 745 992 324 1281
4837 4 2 1 1 498 893 782 1026
4838 4 2 1 1 190 770 933 1156
4839 4 2 1 1 906 1245 834 1315
4840 4 2 1 1 1036 1176 697 1202
4841 4 2 1 1 696 631 1196 1208
4842 4 2 1 1 1075 1168 924 1215
4843 4 2 1 1 511 1124 986 1133
4844 4 2 1 1 146 691 138 952
4845 4 2 1 1 592 981 880 1182
4846 4 2 1 1 1326 47 128 154
4847 4 2 1 1 95 107 118 894
4848 4 2 1 1 267 1355 1053 1330
4849 4 2 1 1 143 145 144 1052
4850 4 2 1 1 885 1130 608 998
4851 4 2 1 1 1329 11 10 208
4852 4 2 1 1 589 1002 1102 867
4853 4 2 1 1 172 1313 202 189
4854 4 2 1 1 84 647 951 103
4855 4 2 1 1 693 1045 1012 1311
4856 4 2 1 1 626 704 983 1084
4857 4 2 1 1 883 1172 777 1195
4858 4 2 1 1 608 1198 1099 1229
4859 4 2 1 1 1183 682 1143 683
4860 4 2 1 1 646 926 863 1307
4861 4 2 1 1 635 991 990 1104
4862 4 2 1 1 329 768 928 1261
4863 4 2 1 1 863 1265 1085 646
4864 4 2 1 1 554 1276 1210 769
4865 4 2 1 1 10 178 1329 208
4866 4 2 1 1 745 992 1169 1252
4867 4 2 1 1 508 1028 1036 1110
4868 4 2 1 1 1210 1276 554 773
4869 4 2 1 1 948 1063 551 481
4870 4 2 1 1 1319 1296 660 310
4871 4 2 1 1 395 383 384 1002
4872 4 2 1 1 140 627 980 1132
4873 4 2 1 1 669 1186 913 1228
4874 4 2 1 1 557 1297 699 778
4875 4 2 1 1 434 449 443 1279
4876 4 2 1 1 208 1366 174 951
4877 4 2 1 1 573 871 974 1189
4878 4 2 1 1 1235 1298 1236 951
4879 4 2 1 1 335 1217 433 1319
4880 4 2 1 1 1366 119 1329 11
4881 4 2 1 1 803 983 618 1151
4882 4 2 1 1 557 934 1090 1288
4883 4 2 1 1 1292 1007 760 1079
4884 4 2 1 1 1329 193 208 178
4885 4 2 1 1 93 911 90 1309
4886 4 2 1 1 591 775 1056 1308
4887 4 2 1 1 92 710 90 911
4888 4 2 1 1 675 1153 595 1187
4889 4 2 1 1 1258 1301 1224 641
4890 4 2 1 1 194 1329 193 571
4891 4 2 1 1 565 1073 881 1320
4892 4 2 1 1 182 945 781 1214
4893 4 2 1 1 611 1019 868 1071
4894 4 2 1 1 570 834 1245 1315
4895 4 2 1 1 431 1002 384 376
4896 4 2 1 1 620 829 986 1264
4897 4 2 1 1 1342 213 206 933
4898 4 2 1 1 176 1340 63 64
4899 4 2 1 1 893 582 1000 1303
4900 4 2 1 1 209 192 174 1236
4901 4 2 1 1 766 1152 1269 739
4902 4 2 1 1 1328 62 61 269
4903 4 2 1 1 1140 1072 814 537
4904 4 2 1 1 524 1079 1007 1205
4905 4 2 1 1 595 1269 739 766
4906 4 2 1 1 1235 1298 951 544
4907 4 2 1 1 951 1235 84 1236
4908 4 2 1 1 663 1027 1093 1178
4909 4 2 1 1 225 932 222 1100
4910 4 2 1 1 548 796 649 639
4911 4 2 1 1 268 1359 1278 1335
4912 4 2 1 1 241 243 644 1204
4913 4 2 1 1 346 492 478 1047
4914 4 2 1 1 698 1000 541 782
4915 4 2 1 1 770 933 583 1249
4916 4 2 1 1 590 740 869 1152
4917 4 2 1 1 1138 1184 1037 529
4918 4 2 1 1 450 1029 390 1178
4919 4 2 1 1 653 528 747 1302
4920 4 2 1 1 758 978 746 599
4921 4 2 1 1 226 865 225 1100
4922 4 2 1 1 584 917 928 1262
4923 4 2 1 1 870 976 606 994
4924 4 2 1 1 575 889 1168 1215
4925 4 2 1 1 81 710 91 1063
4926 4 2 1 1 227 568 814 895
4927 4 2 1 1 628 1143 683 1183
4928 4 2 1 1 570 918 834 1315
4929 4 2 1 1 116 100 87 877
4930 4 2 1 1 321 350 782 972
4931 4 2 1 1 826 1223 723 1253
4932 4 2 1 1 529 689 1065 1066
4933 4 2 1 1 103 647 951 1314
4934 4 2 1 1 910 911 732 1012
4935 4 2 1 1 320 782 900 1026
4936 4 2 1 1 370 374 373 1147
4937 4 2 1 1 1344 221 261 1018
4938 4 2 1 1 671 303 292 956
4939 4 2 1 1 547 1290 928 865
4940 4 2 1 1 501 725 1128 1184
4941 4 2 1 1 1328 307 62 269
4942 4 2 1 1 450 416 1027 1178
4943 4 2 1 1 516 930 857 1081
4944 4 2 1 1 510 1155 934 760
4945 4 2 1 1 612 896 828 550
4946 4 2 1 1 537 1055 1031 847
4947 4 2 1 1 705 1099 1095 1198
4948 4 2 1 1 826 723 1232 1253
4949 4 2 1 1 1095 1099 608 1198
4950 4 2 1 1 572 741 739 1152
4951 4 2 1 1 718 673 660 1319
4952 4 2 1 1 213 1328 177 933
4953 4 2 1 1 602 1009 1008 1103
4954 4 2 1 1 600 935 1169 1192
4955 4 2 1 1 768 1107 1058 1294
4956 4 2 1 1 388 839 442 441
4957 4 2 1 1 666 1206 1024 957
4958 4 2 1 1 435 418 401 993
4959 4 2 1 1 578 1154 789 1200
4960 4 2 1 1 328 1379 314 354
4961 4 2 1 1 1324 288 265 53
4962 4 2 1 1 728 1033 991 1181
4963 4 2 1 1 301 286 264 874
4964 4 2 1 1 283 1362 269 933
4965 4 2 1 1 735 1144 908 1291
4966 4 2 1 1 621 1285 1274 1316
4967 4 2 1 1 1328 1374 213 62
4968 4 2 1 1 185 695 186 1245
4969 4 2 1 1 1062 668 607 525
4970 4 2 1 1 1059 931 705 575
4971 4 2 1 1 668 1122 683 530
4972 4 2 1 1 160 1372 151 1032
4973 4 2 1 1 704 1006 731 1134
4974 4 2 1 1 882 1024 743 1258
4975 4 2 1 1 615 609 610 1094
4976 4 2 1 1 1100 1294 953 547
4977 4 2 1 1 695 188 1156 1266
4978 4 2 1 1 1188 1016 639 539
4979 4 2 1 1 516 996 901 1145
4980 4 2 1 1 683 891 729 628
4981 4 2 1 1 419 480 905 481
4982 4 2 1 1 640 1076 1177 1301
4983 4 2 1 1 1213 743 714 943
4984 4 2 1 1 493 703 905 1246
4985 4 2 1 1 689 1066 1013 544
4986 4 2 1 1 131 134 159 959
4987 4 2 1 1 1006 1049 731 1134
4988 4 2 1 1 519 960 861 1219
4989 4 2 1 1 518 943 565 1073
4990 4 2 1 1 901 996 576 1145
4991 4 2 1 1 269 1362 289 61
4992 4 2 1 1 394 471 360 964
4993 4 2 1 1 222 797 249 1100
4994 4 2 1 1 551 674 838 759
4995 4 2 1 1 940 980 543 1023
4996 4 2 1 1 510 1077 907 1247
4997 4 2 1 1 810 585 997 1317
4998 4 2 1 1 337 791 452 847
4999 4 2 1 1 237 1166 878 229
5000 4 2 1 1 323 475 350 959
5001 4 2 1 1 439 912 391 1179
5002 4 2 1 1 382 444 365 712
5003 4 2 1 1 479 447 1174 1216
5004 4 2 1 1 367 444 379 1259
5005 4 2 1 1 59 58 1327 291
5006 4 2 1 1 615 922 923 610
5007 4 2 1 1 1315 1320 570 747
5008 4 2 1 1 740 953 684 639
5009 4 2 1 1 778 1147 638 1288
5010 4 2 1 1 524 842 1007 1187
5011 4 2 1 1 572 822 226 590
5012 4 2 1 1 583 770 954 1156
5013 4 2 1 1 296 270 297 827
5014 4 2 1 1 582 764 999 1000
5015 4 2 1 1 201 1353 59 1327
5016 4 2 1 1 615 922 758 1252
5017 4 2 1 1 797 1294 932 1312
5018 4 2 1 1 1074 1141 543 1023
5019 4 2 1 1 1045 1046 692 1311
5020 4 2 1 1 177 1362 61 200
5021 4 2 1 1 1000 1026 541 782
5022 4 2 1 1 861 960 613 1219
5023 4 2 1 1 1327 1368 207 827
5024 4 2 1 1 687 1120 1217 866
5025 4 2 1 1 556 927 910 1240
5026 4 2 1 1 685 878 590 1070
5027 4 2 1 1 421 409 417 1047
5028 4 2 1 1 265 273 288 812
5029 4 2 1 1 253 224 258 877
5030 4 2 1 1 524 1205 1159 1234
5031 4 2 1 1 734 857 919 798
5032 4 2 1 1 918 1161 528 805
5033 4 2 1 1 1103 1104 602 1157
5034 4 2 1 1 334 336 497 847
5035 4 2 1 1 551 716 948 481
5036 4 2 1 1 291 1353 263 671
5037 4 2 1 1 1037 1138 652 1242
5038 4 2 1 1 1326 245 219 47
5039 4 2 1 1 515 1051 859 1088
5040 4 2 1 1 745 1169 972 1321
5041 4 2 1 1 211 1156 188 1266
5042 4 2 1 1 1366 119 11 84
5043 4 2 1 1 526 813 1268 1313
5044 4 2 1 1 432 1217 718 1319
5045 4 2 1 1 1338 307 933 294
5046 4 2 1 1 904 654 565 1106
5047 4 2 1 1 1327 1368 58 207
5048 4 2 1 1 1327 1042 671 291
5049 4 2 1 1 1258 1301 641 565
5050 4 2 1 1 291 1353 671 1327
5051 4 2 1 1 1104 1033 889 1215
5052 4 2 1 1 427 420 400 914
5053 4 2 1 1 882 506 1224 1301
5054 4 2 1 1 467 421 692 1125
5055 4 2 1 1 661 1114 1068 1226
5056 4 2 1 1 731 1049 906 807
5057 4 2 1 1 326 495 314 1312
5058 4 2 1 1 636 728 991 1181
5059 4 2 1 1 578 1154 1200 701
5060 4 2 1 1 796 969 633 1233
5061 4 2 1 1 87 1359 1335 1278
5062 4 2 1 1 620 1109 946 1121
5063 4 2 1 1 700 946 1109 1121
5064 4 2 1 1 220 790 238 1255
5065 4 2 1 1 91 710 92 875
5066 4 2 1 1 343 794 1256 1263
5067 4 2 1 1 434 1029 450 1279
5068 4 2 1 1 379 444 392 1011
5069 4 2 1 1 174 191 193 951
5070 4 2 1 1 1327 297 270 827
5071 4 2 1 1 457 397 437 888
5072 4 2 1 1 386 379 392 1011
5073 4 2 1 1 650 1031 798 1140
5074 4 2 1 1 1289 127 54 155
5075 4 2 1 1 1361 1342 770 158
5076 4 2 1 1 403 378 402 984
5077 4 2 1 1 756 929 815 1285
5078 4 2 1 1 130 1018 160 1032
5079 4 2 1 1 99 110 100 1278
5080 4 2 1 1 741 1036 697 1148
5081 4 2 1 1 1045 1046 693 1184
5082 4 2 1 1 696 890 630 1122
5083 4 2 1 1 607 704 832 1006
5084 4 2 1 1 920 675 595 524
5085 4 2 1 1 612 1040 863 714
5086 4 2 1 1 505 936 1056 1197
5087 4 2 1 1 1348 19 20 85
5088 4 2 1 1 852 520 1129 1276
5089 4 2 1 1 1350 969 114 1280
5090 4 2 1 1 188 1266 695 1267
5091 4 2 1 1 298 877 268 1278
5092 4 2 1 1 825 1137 676 1244
5093 4 2 1 1 1184 345 344 501
5094 4 2 1 1 81 703 710 1063
5095 4 2 1 1 1222 985 1221 773
5096 4 2 1 1 630 1218 685 702
5097 4 2 1 1 690 977 543 1074
5098 4 2 1 1 606 846 1014 1227
5099 4 2 1 1 210 742 181 198
5100 4 2 1 1 77 331 76 1290
5101 4 2 1 1 627 1023 940 1142
5102 4 2 1 1 173 195 665 1266
5103 4 2 1 1 790 686 1237 979
5104 4 2 1 1 117 104 88 827
5105 4 2 1 1 936 1056 775 1308
5106 4 2 1 1 630 553 1203 566
5107 4 2 1 1 557 778 699 1288
5108 4 2 1 1 1290 76 932 331
5109 4 2 1 1 195 198 197 665
5110 4 2 1 1 222 1350 251 797
5111 4 2 1 1 1338 167 133 933
5112 4 2 1 1 576 798 776 1160
5113 4 2 1 1 775 1056 936 1197
5114 4 2 1 1 861 960 519 1277
5115 4 2 1 1 752 1067 989 1096
5116 4 2 1 1 262 221 814 1018
5117 4 2 1 1 1106 881 1320 565
5118 4 2 1 1 360 923 359 1171
5119 4 2 1 1 1350 969 1280 797
5120 4 2 1 1 414 458 415 1299
5121 4 2 1 1 1154 718 660 786
5122 4 2 1 1 1014 1129 520 1276
5123 4 2 1 1 514 846 997 1273
5124 4 2 1 1 431 404 435 993
5125 4 2 1 1 505 837 937 1197
5126 4 2 1 1 295 268 298 877
5127 4 2 1 1 142 148 146 952
5128 4 2 1 1 180 182 183 1214
5129 4 2 1 1 523 913 1254 1293
5130 4 2 1 1 637 1020 839 1199
5131 4 2 1 1 680 1013 544 1235
5132 4 2 1 1 1174 446 461 970
5133 4 2 1 1 192 183 191 1298
5134 4 2 1 1 300 1001 266 1260
5135 4 2 1 1 873 1075 1248 527
5136 4 2 1 1 223 1355 246 73
5137 4 2 1 1 26 25 1350 114
5138 4 2 1 1 1043 1185 748 1220
5139 4 2 1 1 176 680 205 903
5140 4 2 1 1 705 1095 889 1198
5141 4 2 1 1 660 673 895 1296
5142 4 2 1 1 719 100 98 121
5143 4 2 1 1 48 47 1326 219
5144 4 2 1 1 718 660 1082 1319
5145 4 2 1 1 1367 115 124 903
5146 4 2 1 1 666 835 1024 1206
5147 4 2 1 1 942 1136 557 699
5148 4 2 1 1 389 385 430 1120
5149 4 2 1 1 902 1064 619 1250
5150 4 2 1 1 657 1120 921 866
5151 4 2 1 1 921 1120 687 866
5152 4 2 1 1 718 1217 1120 866
5153 4 2 1 1 164 37 161 1331
5154 4 2 1 1 898 651 725 1272
5155 4 2 1 1 466 673 335 1319
5156 4 2 1 1 476 344 903 1046
5157 4 2 1 1 1326 48 219 1204
5158 4 2 1 1 826 873 723 1223
5159 4 2 1 1 723 1223 1139 1253
5160 4 2 1 1 561 730 1049 1134
5161 4 2 1 1 663 1093 1029 1178
5162 4 2 1 1 522 1115 897 860
5163 4 2 1 1 467 348 421 1125
5164 4 2 1 1 639 953 796 1058
5165 4 2 1 1 585 967 1185 1220
5166 4 2 1 1 629 1230 1158 1254
5167 4 2 1 1 1245 1313 906 695
5168 4 2 1 1 485 917 928 459
5169 4 2 1 1 621 1088 815 754
5170 4 2 1 1 833 609 1025 1031
5171 4 2 1 1 272 273 265 812
5172 4 2 1 1 546 1194 1150 1226
5173 4 2 1 1 497 847 338 1071
5174 4 2 1 1 700 1040 828 1274
5175 4 2 1 1 512 915 952 1074
5176 4 2 1 1 423 1256 899 1263
5177 4 2 1 1 410 453 416 1178
5178 4 2 1 1 660 865 786 1082
5179 4 2 1 1 600 924 999 1168
5180 4 2 1 1 812 1127 1052 1289
5181 4 2 1 1 697 1036 741 1176
5182 4 2 1 1 541 855 742 900
5183 4 2 1 1 375 372 377 1089
5184 4 2 1 1 621 1088 1010 1121
5185 4 2 1 1 208 1366 951 1329
5186 4 2 1 1 95 118 875 894
5187 4 2 1 1 755 848 649 1287
5188 4 2 1 1 910 1083 759 1230
5189 4 2 1 1 781 1214 570 1245
5190 4 2 1 1 349 337 336 847
5191 4 2 1 1 216 742 196 855
5192 4 2 1 1 87 1359 1278 110
5193 4 2 1 1 1151 1142 949 552
5194 4 2 1 1 686 1119 891 878
5195 4 2 1 1 239 1339 220 254
5196 4 2 1 1 506 1301 1076 1224
5197 4 2 1 1 595 1060 785 1269
5198 4 2 1 1 1016 1133 649 1211
5199 4 2 1 1 983 1084 618 1151
5200 4 2 1 1 225 1100 865 1290
5201 4 2 1 1 575 727 935 1168
5202 4 2 1 1 1326 1354 154 930
5203 4 2 1 1 219 930 1326 1204
5204 4 2 1 1 244 241 243 644
5205 4 2 1 1 255 220 238 1255
5206 4 2 1 1 1047 1126 559 1272
5207 4 2 1 1 1326 1354 47 154
5208 4 2 1 1 848 894 719 1231
5209 4 2 1 1 580 809 1193 1297
5210 4 2 1 1 565 714 743 943
5211 4 2 1 1 567 911 732 926
5212 4 2 1 1 693 1012 689 1013
5213 4 2 1 1 651 559 619 821
5214 4 2 1 1 906 1313 1245 813
5215 4 2 1 1 137 980 139 1021
5216 4 2 1 1 620 1133 1016 1211
5217 4 2 1 1 246 1332 218 72
5218 4 2 1 1 751 632 860 1270
5219 4 2 1 1 595 1188 1060 1269
5220 4 2 1 1 789 814 568 895
5221 4 2 1 1 118 633 91 875
5222 4 2 1 1 1317 1130 998 810
5223 4 2 1 1 310 503 77 1325
5224 4 2 1 1 552 1145 949 1291
5225 4 2 1 1 240 248 233 686
5226 4 2 1 1 503 77 1325 1290
5227 4 2 1 1 898 725 1047 1272
5228 4 2 1 1 873 541 723 742
5229 4 2 1 1 607 937 668 832
5230 4 2 1 1 95 646 92 94
5231 4 2 1 1 642 1032 1031 1140
5232 4 2 1 1 153 978 150 1032
5233 4 2 1 1 423 454 425 1256
5234 4 2 1 1 564 1190 853 1229
5235 4 2 1 1 864 1241 792 1306
5236 4 2 1 1 780 509 804 723
5237 4 2 1 1 1282 126 978 150
5238 4 2 1 1 546 906 1049 807
5239 4 2 1 1 1033 1168 889 1215
5240 4 2 1 1 503 1325 310 660
5241 4 2 1 1 493 905 348 1246
5242 4 2 1 1 656 677 867 617
5243 4 2 1 1 551 1233 737 709
5244 4 2 1 1 629 1158 887 1250
5245 4 2 1 1 182 781 185 1245
5246 4 2 1 1 567 641 926 1076
5247 4 2 1 1 1049 1134 730 1194
5248 4 2 1 1 677 867 1002 656
5249 4 2 1 1 133 52 51 1338
5250 4 2 1 1 292 277 671 956
5251 4 2 1 1 94 647 97 1085
5252 4 2 1 1 237 1166 229 238
5253 4 2 1 1 1325 660 503 1290
5254 4 2 1 1 349 336 642 847
5255 4 2 1 1 911 1240 90 1309
5256 4 2 1 1 465 335 868 1217
5257 4 2 1 1 292 671 277 280
5258 4 2 1 1 688 1065 1064 1177
5259 4 2 1 1 632 651 897 860
5260 4 2 1 1 388 380 387 1020
5261 4 2 1 1 183 653 1214 1298
5262 4 2 1 1 673 1071 537 1072
5263 4 2 1 1 725 651 1045 1272
5264 4 2 1 1 365 939 366 1295
5265 4 2 1 1 76 75 222 932
5266 4 2 1 1 105 91 738 1063
5267 4 2 1 1 1342 34 33 158
5268 4 2 1 1 330 502 496 806
5269 4 2 1 1 540 848 755 1231
5270 4 2 1 1 1324 54 53 265
5271 4 2 1 1 1042 671 277 956
5272 4 2 1 1 343 1128 454 1256
5273 4 2 1 1 163 140 137 980
5274 4 2 1 1 657 1159 966 866
5275 4 2 1 1 1042 277 671 280
5276 4 2 1 1 535 976 870 994
5277 4 2 1 1 297 1042 300 1260
5278 4 2 1 1 548 639 649 1287
5279 4 2 1 1 1138 1184 529 903
5280 4 2 1 1 227 568 895 938
5281 4 2 1 1 120 115 13 1236
5282 4 2 1 1 54 265 1289 271
5283 4 2 1 1 611 800 1019 1055
5284 4 2 1 1 1181 924 599 1168
5285 4 2 1 1 1340 179 64 176
5286 4 2 1 1 338 868 453 488
5287 4 2 1 1 600 924 698 999
5288 4 2 1 1 692 556 1045 1311
5289 4 2 1 1 796 1112 511 1233
5290 4 2 1 1 348 905 418 1125
5291 4 2 1 1 858 1073 662 1268
5292 4 2 1 1 637 1061 809 1193
5293 4 2 1 1 853 1190 564 762
5294 4 2 1 1 1375 129 36 1333
5295 4 2 1 1 671 850 1268 1313
5296 4 2 1 1 467 1125 692 1246
5297 4 2 1 1 418 905 419 947
5298 4 2 1 1 1048 1305 958 648
5299 4 2 1 1 901 1144 735 1145
5300 4 2 1 1 550 929 756 1285
5301 4 2 1 1 162 1354 154 46
5302 4 2 1 1 27 28 117 1337
5303 4 2 1 1 541 900 782 1026
5304 4 2 1 1 1052 1127 812 1183
5305 4 2 1 1 1255 1166 1280 548
5306 4 2 1 1 649 1016 755 639
5307 4 2 1 1 1294 1057 1058 768
5308 4 2 1 1 666 1189 974 1257
5309 4 2 1 1 1215 1075 691 924
5310 4 2 1 1 530 891 683 628
5311 4 2 1 1 588 806 768 1312
5312 4 2 1 1 632 1037 651 860
5313 4 2 1 1 149 157 156 1249
5314 4 2 1 1 228 1070 938 590
5315 4 2 1 1 1324 1358 156 812
5316 4 2 1 1 342 711 1184 1128
5317 4 2 1 1 620 1121 1010 1264
5318 4 2 1 1 691 1075 1215 527
5319 4 2 1 1 695 781 185 1267
5320 4 2 1 1 551 1063 905 481
5321 4 2 1 1 741 568 938 1200
5322 4 2 1 1 1324 1358 53 156
5323 4 2 1 1 525 772 607 1062
5324 4 2 1 1 1097 1216 893 1303
5325 4 2 1 1 172 1313 189 1108
5326 4 2 1 1 452 451 338 1027
5327 4 2 1 1 225 217 77 1290
5328 4 2 1 1 820 1090 965 1147
5329 4 2 1 1 572 226 938 590
5330 4 2 1 1 344 903 1046 1184
5331 4 2 1 1 656 677 617 993
5332 4 2 1 1 543 952 691 1074
5333 4 2 1 1 1331 197 37 204
5334 4 2 1 1 543 1023 952 1074
5335 4 2 1 1 650 537 1031 1140
5336 4 2 1 1 96 1004 894 1085
5337 4 2 1 1 1342 158 167 933
5338 4 2 1 1 319 818 458 1299
5339 4 2 1 1 226 217 225 865
5340 4 2 1 1 1106 881 565 904
5341 4 2 1 1 578 1019 800 650
5342 4 2 1 1 265 812 1324 1289
5343 4 2 1 1 568 697 741 1176
5344 4 2 1 1 30 29 266 1323
5345 4 2 1 1 428 502 330 806
5346 4 2 1 1 333 1072 673 1296
5347 4 2 1 1 774 559 867 1228
5348 4 2 1 1 755 684 1131 1287
5349 4 2 1 1 266 1323 29 1260
5350 4 2 1 1 360 362 964 1171
5351 4 2 1 1 593 896 719 1004
5352 4 2 1 1 633 107 848 118
5353 4 2 1 1 87 100 110 1278
5354 4 2 1 1 389 381 385 921
5355 4 2 1 1 552 1142 1141 1151
5356 4 2 1 1 620 1016 946 1211
5357 4 2 1 1 887 619 1064 1250
5358 4 2 1 1 867 559 774 656
5359 4 2 1 1 547 1290 865 1100
5360 4 2 1 1 153 151 152 1032
5361 4 2 1 1 886 1093 854 663
5362 4 2 1 1 67 175 196 855
5363 4 2 1 1 90 1240 89 1309
5364 4 2 1 1 965 1090 638 1147
5365 4 2 1 1 524 1079 1205 1234
5366 4 2 1 1 369 372 375 1089
5367 4 2 1 1 231 234 241 729
5368 4 2 1 1 697 1036 892 1148
5369 4 2 1 1 779 1035 1020 1193
5370 4 2 1 1 96 97 1004 1085
5371 4 2 1 1 519 843 1059 1284
5372 4 2 1 1 1018 243 250 49
5373 4 2 1 1 493 905 703 1063
5374 4 2 1 1 863 1085 1265 612
5375 4 2 1 1 988 661 1225 1226
5376 4 2 1 1 611 1055 1019 1071
5377 4 2 1 1 30 266 287 1323
5378 4 2 1 1 788 863 647 1201
5379 4 2 1 1 1152 766 869 1028
5380 4 2 1 1 87 1359 110 31
5381 4 2 1 1 777 1195 1172 1293
5382 4 2 1 1 797 249 1100 1166
5383 4 2 1 1 185 781 695 1245
5384 4 2 1 1 796 797 548 969
5385 4 2 1 1 1000 1026 782 893
5386 4 2 1 1 646 894 875 1265
5387 4 2 1 1 55 132 1336 1289
5388 4 2 1 1 886 854 1093 514
5389 4 2 1 1 357 615 340 923
5390 4 2 1 1 220 255 24 1255
5391 4 2 1 1 674 1172 1195 1293
5392 4 2 1 1 864 1049 792 1241
5393 4 2 1 1 1023 1141 543 940
5394 4 2 1 1 182 210 781 945
5395 4 2 1 1 796 953 797 1294
5396 4 2 1 1 733 1089 965 1292
5397 4 2 1 1 965 1089 638 1292
5398 4 2 1 1 509 804 723 802
5399 4 2 1 1 88 1329 119 10
5400 4 2 1 1 1064 1065 689 1177
5401 4 2 1 1 691 915 665 1248
5402 4 2 1 1 300 299 266 1001
5403 4 2 1 1 792 1150 1022 1241
5404 4 2 1 1 255 1255 238 1280
5405 4 2 1 1 531 935 727 1192
5406 4 2 1 1 494 794 711 1128
5407 4 2 1 1 759 1230 1083 1254
5408 4 2 1 1 129 147 146 665
5409 4 2 1 1 974 1189 666 957
5410 4 2 1 1 320 350 475 959
5411 4 2 1 1 1221 1222 773 1283
5412 4 2 1 1 629 1083 957 1206
5413 4 2 1 1 331 503 468 1290
5414 4 2 1 1 616 1068 1150 1225
5415 4 2 1 1 523 913 1158 1254
5416 4 2 1 1 431 378 404 656
5417 4 2 1 1 161 959 159 1162
5418 4 2 1 1 456 437 888 457
5419 4 2 1 1 1260 28 117 111
5420 4 2 1 1 1366 119 84 951
5421 4 2 1 1 824 530 681 1275
5422 4 2 1 1 1323 82 29 1260
5423 4 2 1 1 648 1167 943 1305
5424 4 2 1 1 670 1137 1014 1276
5425 4 2 1 1 637 1020 1035 1193
5426 4 2 1 1 329 496 768 1261
5427 4 2 1 1 76 222 225 932
5428 4 2 1 1 583 954 772 1062
5429 4 2 1 1 1049 1194 546 807
5430 4 2 1 1 460 405 399 1261
5431 4 2 1 1 531 1169 745 1321
5432 4 2 1 1 184 570 1214 1245
5433 4 2 1 1 1083 674 759 1254
5434 4 2 1 1 926 1076 641 1224
5435 4 2 1 1 112 96 97 1004
5436 4 2 1 1 618 1151 1084 1209
5437 4 2 1 1 166 1326 128 154
5438 4 2 1 1 662 881 864 1073
5439 4 2 1 1 1013 1235 113 1309
5440 4 2 1 1 677 1102 1002 867
5441 4 2 1 1 781 906 834 1114
5442 4 2 1 1 309 500 472 1091
5443 4 2 1 1 888 1096 779 1238
5444 4 2 1 1 93 90 911 92
5445 4 2 1 1 1012 1013 693 1309
5446 4 2 1 1 648 881 864 1306
5447 4 2 1 1 637 839 1020 1297
5448 4 2 1 1 620 1189 1121 1264
5449 4 2 1 1 568 789 895 1200
5450 4 2 1 1 210 594 198 1267
5451 4 2 1 1 887 1158 619 1250
5452 4 2 1 1 781 210 594 945
5453 4 2 1 1 516 735 734 1173
5454 4 2 1 1 590 572 741 938
5455 4 2 1 1 251 249 797 1166
5456 4 2 1 1 717 634 1003 1004
5457 4 2 1 1 676 1050 854 1273
5458 4 2 1 1 666 1024 974 957
5459 4 2 1 1 434 381 390 1029
5460 4 2 1 1 130 170 160 1018
5461 4 2 1 1 1323 299 266 287
5462 4 2 1 1 567 689 1013 544
5463 4 2 1 1 629 1158 913 1254
5464 4 2 1 1 494 341 711 794
5465 4 2 1 1 668 1084 682 1209
5466 4 2 1 1 732 1230 887 1310
5467 4 2 1 1 298 299 279 1278
5468 4 2 1 1 141 143 144 1052
5469 4 2 1 1 606 1129 994 1227
5470 4 2 1 1 735 949 553 1203
5471 4 2 1 1 121 1339 109 83
5472 4 2 1 1 745 1169 992 1281
5473 4 2 1 1 615 504 357 340
5474 4 2 1 1 1378 14 1 124
5475 4 2 1 1 489 318 490 1026
5476 4 2 1 1 553 566 735 1203
5477 4 2 1 1 692 1125 1047 1126
5478 4 2 1 1 266 1001 1323 1260
5479 4 2 1 1 617 879 1125 1126
5480 4 2 1 1 321 782 498 893
5481 4 2 1 1 506 1076 1301 1177
5482 4 2 1 1 382 363 455 1078
5483 4 2 1 1 242 221 79 1072
5484 4 2 1 1 537 1055 1019 650
5485 4 2 1 1 623 988 1225 1226
5486 4 2 1 1 156 1358 52 133
5487 4 2 1 1 166 1081 152 1204
5488 4 2 1 1 162 1354 46 1334
5489 4 2 1 1 587 721 832 1030
5490 4 2 1 1 81 1240 89 90
5491 4 2 1 1 1347 1357 900 169
5492 4 2 1 1 202 813 186 1313
5493 4 2 1 1 906 1241 864 1315
5494 4 2 1 1 98 95 96 894
5495 4 2 1 1 180 171 181 916
5496 4 2 1 1 328 496 326 1312
5497 4 2 1 1 505 937 936 1197
5498 4 2 1 1 357 339 504 1282
5499 4 2 1 1 312 482 481 1063
5500 4 2 1 1 345 344 352 1046
5501 4 2 1 1 281 293 1053 1289
5502 4 2 1 1 523 1186 913 1293
5503 4 2 1 1 119 11 10 1329
5504 4 2 1 1 195 665 1266 1267
5505 4 2 1 1 567 689 1012 1013
5506 4 2 1 1 1323 299 287 1278
5507 4 2 1 1 246 236 235 874
5508 4 2 1 1 116 109 100 979
5509 4 2 1 1 143 627 140 1132
5510 4 2 1 1 40 41 1322 323
5511 4 2 1 1 662 963 570 1320
5512 4 2 1 1 664 1253 971 1284
5513 4 2 1 1 1304 1270 678 533
5514 4 2 1 1 19 1371 1348 325
5515 4 2 1 1 166 1081 1204 930
5516 4 2 1 1 792 1080 1022 1150
5517 4 2 1 1 93 94 92 646
5518 4 2 1 1 179 180 944 1091
5519 4 2 1 1 882 1224 1024 1258
5520 4 2 1 1 240 224 253 877
5521 4 2 1 1 631 530 668 1030
5522 4 2 1 1 936 937 618 1197
5523 4 2 1 1 575 931 1075 826
5524 4 2 1 1 342 711 1128 494
5525 4 2 1 1 602 1103 990 1104
5526 4 2 1 1 579 714 743 1258
5527 4 2 1 1 528 1065 640 1066
5528 4 2 1 1 664 1149 1067 1232
5529 4 2 1 1 485 917 459 405
5530 4 2 1 1 615 610 791 1094
5531 4 2 1 1 683 682 1143 1203
5532 4 2 1 1 800 1055 886 833
5533 4 2 1 1 881 662 864 1315
5534 4 2 1 1 527 915 691 1248
5535 4 2 1 1 628 1127 1183 1275
5536 4 2 1 1 1322 40 323 959
5537 4 2 1 1 173 1375 36 1333
5538 4 2 1 1 572 701 1154 786
5539 4 2 1 1 584 1107 920 1262
5540 4 2 1 1 824 681 530 1030
5541 4 2 1 1 698 1162 667 1248
5542 4 2 1 1 323 41 1322 1281
5543 4 2 1 1 514 886 998 833
5544 4 2 1 1 681 668 530 1030
5545 4 2 1 1 618 1084 937 1209
5546 4 2 1 1 289 263 60 1108
5547 4 2 1 1 594 988 807 1114
5548 4 2 1 1 395 400 420 914
5549 4 2 1 1 537 814 673 1072
5550 4 2 1 1 621 756 1285 1316
5551 4 2 1 1 475 323 40 959
5552 4 2 1 1 572 741 938 1200
5553 4 2 1 1 184 1214 182 1245
5554 4 2 1 1 130 1346 642 150
5555 4 2 1 1 336 337 497 847
5556 4 2 1 1 338 868 488 1071
5557 4 2 1 1 110 1323 30 1359
5558 4 2 1 1 657 1159 1205 1234
5559 4 2 1 1 243 219 48 1204
5560 4 2 1 1 668 1062 1183 525
5561 4 2 1 1 1056 1207 591 1308
5562 4 2 1 1 802 989 603 1067
5563 4 2 1 1 29 82 111 1260
5564 4 2 1 1 619 1243 902 1250
5565 4 2 1 1 881 1306 597 1315
5566 4 2 1 1 884 1079 524 1234
5567 4 2 1 1 826 999 698 1075
5568 4 2 1 1 629 887 1230 1310
5569 4 2 1 1 195 210 198 1267
5570 4 2 1 1 191 183 184 1214
5571 4 2 1 1 239 254 224 979
5572 4 2 1 1 580 1193 1020 1297
5573 4 2 1 1 711 1128 1037 1184
5574 4 2 1 1 1327 270 291 58
5575 4 2 1 1 866 657 1159 1205
5576 4 2 1 1 551 905 716 481
5577 4 2 1 1 1024 1206 835 1310
5578 4 2 1 1 301 284 275 1275
5579 4 2 1 1 1058 1107 547 1294
5580 4 2 1 1 621 1010 1088 754
5581 4 2 1 1 188 695 185 1267
5582 4 2 1 1 584 928 1107 1262
5583 4 2 1 1 91 633 108 969
5584 4 2 1 1 113 693 1013 1309
5585 4 2 1 1 697 892 1036 1202
5586 4 2 1 1 408 403 464 1118
5587 4 2 1 1 146 147 138 691
5588 4 2 1 1 513 756 754 1316
5589 4 2 1 1 863 1085 647 1201
5590 4 2 1 1 637 1193 809 1297
5591 4 2 1 1 600 972 1169 1321
5592 4 2 1 1 711 903 316 1184
5593 4 2 1 1 460 485 405 1261
5594 4 2 1 1 552 940 996 1239
5595 4 2 1 1 512 845 731 1194
5596 4 2 1 1 906 662 813 1245
5597 4 2 1 1 394 449 450 1279
5598 4 2 1 1 1332 247 218 71
5599 4 2 1 1 527 873 826 1223
5600 4 2 1 1 103 647 1314 97
5601 4 2 1 1 1294 1057 768 588
5602 4 2 1 1 147 138 691 1162
5603 4 2 1 1 290 266 29 1260
5604 4 2 1 1 735 566 734 1173
5605 4 2 1 1 504 486 340 992
5606 4 2 1 1 1255 1287 1166 548
5607 4 2 1 1 175 204 216 900
5608 4 2 1 1 472 1091 794 1304
5609 4 2 1 1 700 1121 1109 1257
5610 4 2 1 1 541 667 698 900
5611 4 2 1 1 1075 1168 1215 575
5612 4 2 1 1 1339 24 83 1255
5613 4 2 1 1 154 145 166 930
5614 4 2 1 1 834 1241 906 1315
5615 4 2 1 1 135 134 126 599
5616 4 2 1 1 825 1244 676 760
5617 4 2 1 1 106 114 108 1280
5618 4 2 1 1 88 104 103 1314
5619 4 2 1 1 323 1322 959 1281
5620 4 2 1 1 1036 1202 702 1218
5621 4 2 1 1 501 492 346 725
5622 4 2 1 1 412 426 484 992
5623 4 2 1 1 164 147 129 665
5624 4 2 1 1 616 1022 1080 1150
5625 4 2 1 1 188 1313 189 186
5626 4 2 1 1 567 732 911 1012
5627 4 2 1 1 186 813 184 1245
5628 4 2 1 1 814 895 673 1296
5629 4 2 1 1 477 322 1097 1216
5630 4 2 1 1 520 852 1105 1276
5631 4 2 1 1 537 650 784 1140
5632 4 2 1 1 748 1185 967 1220
5633 4 2 1 1 132 145 1053 1289
5634 4 2 1 1 1091 66 65 171
5635 4 2 1 1 1332 247 71 1360
5636 4 2 1 1 515 1051 1088 1283
5637 4 2 1 1 201 58 207 1327
5638 4 2 1 1 658 1261 917 1262
5639 4 2 1 1 467 421 345 692
5640 4 2 1 1 324 462 448 1174
5641 4 2 1 1 741 1028 739 1152
5642 4 2 1 1 1031 1032 798 1140
5643 4 2 1 1 1091 65 66 500
5644 4 2 1 1 526 662 1073 1268
5645 4 2 1 1 370 440 374 1147
5646 4 2 1 1 660 895 217 1296
5647 4 2 1 1 695 781 1267 807
5648 4 2 1 1 546 1150 1068 1226
5649 4 2 1 1 653 1298 680 1302
5650 4 2 1 1 195 197 173 665
5651 4 2 1 1 855 319 483 317
5652 4 2 1 1 202 1251 813 1313
5653 4 2 1 1 638 1147 1090 1288
5654 4 2 1 1 556 692 927 1311
5655 4 2 1 1 855 483 319 818
5656 4 2 1 1 1353 172 60 1108
5657 4 2 1 1 241 234 257 729
5658 4 2 1 1 66 1091 500 309
5659 4 2 1 1 620 946 1109 1211
5660 4 2 1 1 124 115 86 903
5661 4 2 1 1 262 221 242 814
5662 4 2 1 1 309 1345 818 483
5663 4 2 1 1 1345 317 855 483
5664 4 2 1 1 246 1332 72 1355
5665 4 2 1 1 648 864 881 1073
5666 4 2 1 1 134 40 1322 959
5667 4 2 1 1 589 1090 867 1318
5668 4 2 1 1 937 1196 936 1209
5669 4 2 1 1 1099 1190 659 1229
5670 4 2 1 1 695 731 807 512
5671 4 2 1 1 683 1183 530 628
5672 4 2 1 1 895 242 1296 814
5673 4 2 1 1 140 143 141 627
5674 4 2 1 1 512 1194 731 807
5675 4 2 1 1 331 351 932 1290
5676 4 2 1 1 180 916 182 1214
5677 4 2 1 1 64 341 1351 1340
5678 4 2 1 1 224 1356 22 1341
5679 4 2 1 1 335 488 868 1071
5680 4 2 1 1 1330 304 1053 267
5681 4 2 1 1 198 216 204 667
5682 4 2 1 1 222 251 249 797
5683 4 2 1 1 702 1202 630 1218
5684 4 2 1 1 895 242 814 227
5685 4 2 1 1 198 204 197 667
5686 4 2 1 1 794 1091 533 1304
5687 4 2 1 1 525 1143 1052 1183
5688 4 2 1 1 567 1235 1013 1309
5689 4 2 1 1 373 438 372 965
5690 4 2 1 1 552 996 1145 1239
5691 4 2 1 1 124 1365 1378 903
5692 4 2 1 1 1107 1294 928 547
5693 4 2 1 1 386 406 437 1238
5694 4 2 1 1 272 281 1127 1289
5695 4 2 1 1 703 81 18 1063
5696 4 2 1 1 1084 1142 1151 626
5697 4 2 1 1 1107 928 1294 768
5698 4 2 1 1 248 247 218 1054
5699 4 2 1 1 472 794 1263 1304
5700 4 2 1 1 136 137 135 599
5701 4 2 1 1 595 1188 1269 766
5702 4 2 1 1 741 938 568 1176
5703 4 2 1 1 905 1063 493 481
5704 4 2 1 1 34 1361 165 158
5705 4 2 1 1 1062 668 681 1030
5706 4 2 1 1 1156 1362 200 1108
5707 4 2 1 1 635 990 1103 1104
5708 4 2 1 1 1263 343 423 1256
5709 4 2 1 1 223 1355 73 1330
5710 4 2 1 1 857 1081 930 1204
5711 4 2 1 1 465 433 335 1217
5712 4 2 1 1 602 1009 1103 1157
5713 4 2 1 1 823 1219 664 1284
5714 4 2 1 1 932 928 1294 547
5715 4 2 1 1 346 454 501 1128
5716 4 2 1 1 986 1172 511 787
5717 4 2 1 1 466 433 469 1319
5718 4 2 1 1 444 382 445 712
5719 4 2 1 1 552 1141 803 1151
5720 4 2 1 1 691 952 915 1074
5721 4 2 1 1 1052 1143 628 1183
5722 4 2 1 1 290 297 300 1260
5723 4 2 1 1 139 146 138 952
5724 4 2 1 1 434 450 449 1279
5725 4 2 1 1 629 1083 1230 1254
5726 4 2 1 1 1336 304 293 1053
5727 4 2 1 1 735 1145 1144 1291
5728 4 2 1 1 1026 498 320 782
5729 4 2 1 1 1176 1202 1036 1218
5730 4 2 1 1 479 321 498 893
5731 4 2 1 1 271 55 293 1289
5732 4 2 1 1 1334 168 1053 1363
5733 4 2 1 1 822 572 1152 590
5734 4 2 1 1 915 1267 1266 665
5735 4 2 1 1 115 120 102 1236
5736 4 2 1 1 237 1166 238 790
5737 4 2 1 1 1000 1149 764 1232
5738 4 2 1 1 331 468 351 1290
5739 4 2 1 1 113 89 693 1309
5740 4 2 1 1 783 1129 1014 1227
5741 4 2 1 1 498 1097 463 322
5742 4 2 1 1 300 1042 1001 1260
5743 4 2 1 1 216 196 175 855
5744 4 2 1 1 678 818 1299 1304
5745 4 2 1 1 644 857 1081 798
5746 4 2 1 1 606 1014 1129 1227
5747 4 2 1 1 283 269 294 933
5748 4 2 1 1 570 834 781 1245
5749 4 2 1 1 631 1122 668 530
5750 4 2 1 1 620 986 1189 1264
5751 4 2 1 1 524 1159 920 1234
5752 4 2 1 1 725 692 1272 1045
5753 4 2 1 1 1340 1138 176 903
5754 4 2 1 1 343 794 494 1128
5755 4 2 1 1 211 770 190 1156
5756 4 2 1 1 886 1055 610 833
5757 4 2 1 1 163 137 767 980
5758 4 2 1 1 1075 1168 575 999
5759 4 2 1 1 315 320 353 900
5760 4 2 1 1 1332 71 218 72
5761 4 2 1 1 462 745 324 1281
5762 4 2 1 1 109 1339 23 83
5763 4 2 1 1 1333 129 35 165
5764 4 2 1 1 186 185 188 695
5765 4 2 1 1 648 1048 881 1306
5766 4 2 1 1 738 633 969 1233
5767 4 2 1 1 277 292 282 956
5768 4 2 1 1 815 1088 1005 754
5769 4 2 1 1 547 865 822 1100
5770 4 2 1 1 527 931 826 1075
5771 4 2 1 1 1348 325 314 19
5772 4 2 1 1 357 358 499 791
5773 4 2 1 1 519 1219 823 1284
5774 4 2 1 1 333 313 334 1072
5775 4 2 1 1 94 101 97 647
5776 4 2 1 1 116 1356 109 979
5777 4 2 1 1 251 1166 797 1280
5778 4 2 1 1 392 424 406 1101
5779 4 2 1 1 79 1296 242 1072
5780 4 2 1 1 556 910 1012 1240
5781 4 2 1 1 913 669 1228 1243
5782 4 2 1 1 1260 28 111 29
5783 4 2 1 1 319 489 317 855
5784 4 2 1 1 40 41 134 1322
5785 4 2 1 1 572 1041 822 1152
5786 4 2 1 1 625 1164 849 802
5787 4 2 1 1 229 1070 590 878
5788 4 2 1 1 13 12 120 1236
5789 4 2 1 1 1377 50 7 170
5790 4 2 1 1 1334 168 1363 45
5791 4 2 1 1 362 394 360 964
5792 4 2 1 1 450 434 390 1029
5793 4 2 1 1 229 1070 878 230
5794 4 2 1 1 267 281 293 1053
5795 4 2 1 1 259 223 1330 1053
5796 4 2 1 1 695 1156 770 1266
5797 4 2 1 1 944 1138 711 1242
5798 4 2 1 1 1066 1302 544 640
5799 4 2 1 1 894 107 98 95
5800 4 2 1 1 431 1002 376 656
5801 4 2 1 1 994 1220 585 1227
5802 4 2 1 1 309 1345 483 66
5803 4 2 1 1 894 98 107 719
5804 4 2 1 1 552 996 940 1142
5805 4 2 1 1 725 692 1045 1046
5806 4 2 1 1 276 284 279 824
5807 4 2 1 1 1104 1033 1215 655
5808 4 2 1 1 1336 132 1053 1289
5809 4 2 1 1 34 1342 1361 158
5810 4 2 1 1 329 928 485 1261
5811 4 2 1 1 376 384 383 1002
5812 4 2 1 1 95 118 92 875
5813 4 2 1 1 1325 660 217 1296
5814 4 2 1 1 719 896 593 1237
5815 4 2 1 1 711 1138 1037 1242
5816 4 2 1 1 1263 423 343 491
5817 4 2 1 1 646 95 1085 94
5818 4 2 1 1 747 570 963 1320
5819 4 2 1 1 1331 169 900 1357
5820 4 2 1 1 493 348 347 1246
5821 4 2 1 1 257 219 241 857
5822 4 2 1 1 523 1158 913 1228
5823 4 2 1 1 661 873 988 1223
5824 4 2 1 1 652 1138 944 1242
5825 4 2 1 1 659 907 1247 819
5826 4 2 1 1 881 1048 597 1306
5827 4 2 1 1 431 435 401 993
5828 4 2 1 1 641 926 863 1201
5829 4 2 1 1 1331 959 161 667
5830 4 2 1 1 868 1019 673 1071
5831 4 2 1 1 1333 1361 770 165
5832 4 2 1 1 576 996 901 1081
5833 4 2 1 1 211 199 190 770
5834 4 2 1 1 834 906 781 1245
5835 4 2 1 1 166 930 143 1132
5836 4 2 1 1 527 931 1075 1215
5837 4 2 1 1 969 1255 108 1280
5838 4 2 1 1 743 714 565 1258
5839 4 2 1 1 739 1041 1152 1269
5840 4 2 1 1 965 1090 589 1292
5841 4 2 1 1 95 96 894 1085
5842 4 2 1 1 797 1100 932 1294
5843 4 2 1 1 192 680 203 1298
5844 4 2 1 1 330 429 420 1015
5845 4 2 1 1 572 895 1154 1200
5846 4 2 1 1 626 1084 983 1151
5847 4 2 1 1 468 928 351 1290
5848 4 2 1 1 88 1329 10 1364
5849 4 2 1 1 638 1090 965 1292
5850 4 2 1 1 481 325 495 948
5851 4 2 1 1 618 937 936 1209
5852 4 2 1 1 510 1247 907 819
5853 4 2 1 1 107 98 121 719
5854 4 2 1 1 609 1094 536 1031
5855 4 2 1 1 675 573 1153 1187
5856 4 2 1 1 621 1274 828 1316
5857 4 2 1 1 1146 1242 1270 1037
5858 4 2 1 1 692 1125 927 1246
5859 4 2 1 1 494 472 341 794
5860 4 2 1 1 952 1023 713 1074
5861 4 2 1 1 308 280 297 1042
5862 4 2 1 1 567 641 1076 544
5863 4 2 1 1 569 1221 941 1222
5864 4 2 1 1 612 894 1085 1265
5865 4 2 1 1 205 680 192 1236
5866 4 2 1 1 194 571 187 1251
5867 4 2 1 1 755 639 684 1287
5868 4 2 1 1 526 864 1073 662
5869 4 2 1 1 1306 1022 597 1241
5870 4 2 1 1 867 1090 934 1318
5871 4 2 1 1 730 1134 845 1194
5872 4 2 1 1 703 927 905 1246
5873 4 2 1 1 612 894 1004 1085
5874 4 2 1 1 548 797 953 1166
5875 4 2 1 1 573 1189 974 957
5876 4 2 1 1 969 105 91 738
5877 4 2 1 1 228 938 226 590
5878 4 2 1 1 645 1144 1145 1291
5879 4 2 1 1 1294 1057 588 796
5880 4 2 1 1 124 1365 903 86
5881 4 2 1 1 450 416 451 1027
5882 4 2 1 1 693 1046 1045 1311
5883 4 2 1 1 740 1269 1188 766
5884 4 2 1 1 132 168 1336 1053
5885 4 2 1 1 602 1157 1104 1215
5886 4 2 1 1 490 900 855 1026
5887 4 2 1 1 626 983 977 1141
5888 4 2 1 1 570 813 662 1245
5889 4 2 1 1 321 479 462 972
5890 4 2 1 1 518 565 788 1073
5891 4 2 1 1 55 155 132 1289
5892 4 2 1 1 181 196 216 742
5893 4 2 1 1 510 907 1244 819
5894 4 2 1 1 233 230 237 878
5895 4 2 1 1 86 1343 89 16
5896 4 2 1 1 1183 1275 530 628
5897 4 2 1 1 974 1024 793 957
5898 4 2 1 1 190 206 177 933
5899 4 2 1 1 467 692 345 1046
5900 4 2 1 1 79 221 1344 1072
5901 4 2 1 1 629 1250 887 1310
5902 4 2 1 1 693 1012 1240 1311
5903 4 2 1 1 906 1114 781 807
5904 4 2 1 1 93 1235 567 1309
5905 4 2 1 1 505 936 937 1196
5906 4 2 1 1 188 1313 186 695
5907 4 2 1 1 67 317 490 855
5908 4 2 1 1 526 813 662 1268
5909 4 2 1 1 963 1298 653 1302
5910 4 2 1 1 516 901 996 1081
5911 4 2 1 1 77 76 225 1290
5912 4 2 1 1 468 329 351 928
5913 4 2 1 1 371 368 367 1259
5914 4 2 1 1 275 274 272 1127
5915 4 2 1 1 550 1274 1285 1316
5916 4 2 1 1 237 220 239 790
5917 4 2 1 1 84 1366 951 1236
5918 4 2 1 1 241 857 219 1204
5919 4 2 1 1 112 104 111 1260
5920 4 2 1 1 488 497 338 1071
5921 4 2 1 1 548 649 848 1287
5922 4 2 1 1 917 1261 928 1262
5923 4 2 1 1 328 326 314 1312
5924 4 2 1 1 349 357 791 1282
5925 4 2 1 1 915 1267 665 594
5926 4 2 1 1 501 1128 342 1184
5927 4 2 1 1 163 140 980 1132
5928 4 2 1 1 465 410 411 1217
5929 4 2 1 1 969 91 105 108
5930 4 2 1 1 89 86 113 693
5931 4 2 1 1 604 909 1123 1271
5932 4 2 1 1 492 417 478 1047
5933 4 2 1 1 781 807 594 1267
5934 4 2 1 1 940 1141 635 1286
5935 4 2 1 1 530 1183 681 1275
5936 4 2 1 1 436 421 348 1125
5937 4 2 1 1 527 988 873 1223
5938 4 2 1 1 548 953 796 639
5939 4 2 1 1 649 1211 1112 1212
5940 4 2 1 1 684 953 548 639
5941 4 2 1 1 103 647 97 101
5942 4 2 1 1 633 709 1112 1233
5943 4 2 1 1 756 550 1285 1316
5944 4 2 1 1 597 1306 1241 1315
5945 4 2 1 1 588 948 738 1233
5946 4 2 1 1 432 411 430 1120
5947 4 2 1 1 38 5 169 1357
5948 4 2 1 1 187 186 202 813
5949 4 2 1 1 741 1176 1036 1218
5950 4 2 1 1 682 1151 949 1209
5951 4 2 1 1 447 446 448 1174
5952 4 2 1 1 493 347 703 1246
5953 4 2 1 1 391 439 399 912
5954 4 2 1 1 86 1343 16 1365
5955 4 2 1 1 77 503 331 1290
5956 4 2 1 1 206 1361 34 1342
5957 4 2 1 1 113 90 89 1309
5958 4 2 1 1 348 905 1125 1246
5959 4 2 1 1 227 895 226 938
5960 4 2 1 1 575 1075 931 1215
5961 4 2 1 1 200 1362 60 1108
5962 4 2 1 1 143 166 145 930
5963 4 2 1 1 1352 215 175 900
5964 4 2 1 1 187 813 202 1251
5965 4 2 1 1 610 1094 1031 847
5966 4 2 1 1 229 1070 230 228
5967 4 2 1 1 600 746 1169 1281
5968 4 2 1 1 177 206 213 933
5969 4 2 1 1 446 455 461 970
5970 4 2 1 1 1345 196 66 171
5971 4 2 1 1 893 1000 1149 1303
5972 4 2 1 1 1184 345 501 725
5973 4 2 1 1 106 83 24 1255
5974 4 2 1 1 789 1154 895 1200
5975 4 2 1 1 731 1194 1049 807
5976 4 2 1 1 294 269 307 933
5977 4 2 1 1 342 711 494 316
5978 4 2 1 1 422 393 405 917
5979 4 2 1 1 928 1082 865 1290
5980 4 2 1 1 1319 1296 310 466
5981 4 2 1 1 174 193 208 951
5982 4 2 1 1 680 1298 544 1302
5983 4 2 1 1 586 943 1167 1305
5984 4 2 1 1 781 594 807 1114
5985 4 2 1 1 1340 214 1378 903
5986 4 2 1 1 1251 1268 813 1313
5987 4 2 1 1 581 1139 1223 1253
5988 4 2 1 1 548 953 684 1166
5989 4 2 1 1 159 135 138 1162
5990 4 2 1 1 342 454 494 1128
5991 4 2 1 1 26 1376 3 125
5992 4 2 1 1 1352 215 68 175
5993 4 2 1 1 1037 1128 711 1242
5994 4 2 1 1 138 137 139 1021
5995 4 2 1 1 1026 320 315 900
5996 4 2 1 1 678 1299 1263 1304
5997 4 2 1 1 17 1343 89 703
5998 4 2 1 1 630 553 566 696
5999 4 2 1 1 684 953 822 1166
6000 4 2 1 1 358 359 360 923
6001 4 2 1 1 544 963 788 1320
6002 4 2 1 1 363 365 364 1295
6003 4 2 1 1 758 1192 746 1252
6004 4 2 1 1 387 437 397 1035
6005 4 2 1 1 391 399 393 912
6006 4 2 1 1 642 1018 1032 1140
6007 4 2 1 1 1331 169 1357 38
6008 4 2 1 1 634 858 717 1003
6009 4 2 1 1 104 112 97 1314
6010 4 2 1 1 676 760 1244 819
6011 4 2 1 1 1158 1243 619 1250
6012 4 2 1 1 1112 1211 787 1212
6013 4 2 1 1 1026 315 320 318
6014 4 2 1 1 1084 1142 626 525
6015 4 2 1 1 1142 1151 626 1141
6016 4 2 1 1 139 142 146 952
6017 4 2 1 1 195 1266 188 1267
6018 4 2 1 1 328 329 496 1312
6019 4 2 1 1 640 641 544 1076
6020 4 2 1 1 740 1152 1041 1269
6021 4 2 1 1 218 246 235 874
6022 4 2 1 1 655 924 1168 1215
6023 4 2 1 1 516 683 1143 1203
6024 4 2 1 1 925 1277 601 1300
6025 4 2 1 1 646 1085 894 1265
6026 4 2 1 1 662 813 571 1268
6027 4 2 1 1 513 755 1231 1316
6028 4 2 1 1 486 324 992 1281
6029 4 2 1 1 567 1013 1012 1309
6030 4 2 1 1 414 415 1263 1299
6031 4 2 1 1 911 1012 910 1240
6032 4 2 1 1 1049 1194 1150 546
6033 4 2 1 1 746 1169 992 1252
6034 4 2 1 1 101 102 84 1235
6035 4 2 1 1 1082 468 459 332
6036 4 2 1 1 1001 1042 634 1260
6037 4 2 1 1 133 167 158 933
6038 4 2 1 1 452 338 497 847
6039 4 2 1 1 1345 171 66 1091
6040 4 2 1 1 253 69 70 1349
6041 4 2 1 1 529 725 1045 1184
6042 4 2 1 1 1150 1194 1049 730
6043 4 2 1 1 660 469 1319 310
6044 4 2 1 1 84 1235 102 1236
6045 4 2 1 1 275 272 281 1127
6046 4 2 1 1 913 1228 1158 1243
6047 4 2 1 1 473 349 336 642
6048 4 2 1 1 527 873 988 1248
6049 4 2 1 1 189 200 1108 1156
6050 4 2 1 1 501 345 492 725
6051 4 2 1 1 531 1192 758 1252
6052 4 2 1 1 200 60 172 1108
6053 4 2 1 1 153 163 136 767
6054 4 2 1 1 342 711 316 1184
6055 4 2 1 1 803 1141 983 1151
6056 4 2 1 1 462 972 745 1281
6057 4 2 1 1 241 244 256 919
6058 4 2 1 1 488 334 497 1071
6059 4 2 1 1 789 1019 578 650
6060 4 2 1 1 415 1299 458 1304
6061 4 2 1 1 751 860 1146 1270
6062 4 2 1 1 469 432 1082 1319
6063 4 2 1 1 692 1126 1047 1272
6064 4 2 1 1 685 1119 513 878
6065 4 2 1 1 505 1196 832 1208
6066 4 2 1 1 619 1228 1039 1243
6067 4 2 1 1 360 361 362 1171
6068 4 2 1 1 731 1134 1049 1194
6069 4 2 1 1 161 131 159 959
6070 4 2 1 1 130 1346 150 43
6071 4 2 1 1 130 1032 150 642
6072 4 2 1 1 359 358 340 923
6073 4 2 1 1 671 1268 1251 1313
6074 4 2 1 1 546 1226 1114 807
6075 4 2 1 1 150 1032 130 153
6076 4 2 1 1 282 274 277 956
6077 4 2 1 1 346 425 454 1256
6078 4 2 1 1 527 988 915 1248
6079 4 2 1 1 530 1275 874 628
6080 4 2 1 1 1364 122 9 88
6081 4 2 1 1 349 339 357 1282
6082 4 2 1 1 17 89 81 703
6083 4 2 1 1 1049 1150 792 1241
6084 4 2 1 1 1025 609 536 1031
6085 4 2 1 1 392 445 424 1101
6086 4 2 1 1 1235 1298 544 680
6087 4 2 1 1 171 916 180 1091
6088 4 2 1 1 1340 214 903 176
6089 4 2 1 1 312 347 17 703
6090 4 2 1 1 472 794 343 1263
6091 4 2 1 1 796 1057 588 1233
6092 4 2 1 1 820 1002 867 656
6093 4 2 1 1 492 692 345 421
6094 4 2 1 1 807 1114 988 1226
6095 4 2 1 1 1068 1225 661 1226
6096 4 2 1 1 768 928 1261 1262
6097 4 2 1 1 864 1306 881 1315
6098 4 2 1 1 644 798 1032 1140
6099 4 2 1 1 552 1141 940 1286
6100 4 2 1 1 533 1242 794 1270
6101 4 2 1 1 182 210 185 781
6102 4 2 1 1 1030 631 721 832
6103 4 2 1 1 252 236 223 1053
6104 4 2 1 1 660 469 310 503
6105 4 2 1 1 573 913 1293 957
6106 4 2 1 1 180 183 944 1214
6107 4 2 1 1 216 198 181 742
6108 4 2 1 1 81 1240 90 710
6109 4 2 1 1 192 205 203 680
6110 4 2 1 1 230 232 231 1070
6111 4 2 1 1 179 180 203 944
6112 4 2 1 1 1039 1228 669 1243
6113 4 2 1 1 929 696 1207 1208
6114 4 2 1 1 229 226 822 590
6115 4 2 1 1 1331 197 204 667
6116 4 2 1 1 1126 759 927 617
6117 4 2 1 1 450 390 416 1178
6118 4 2 1 1 429 330 460 1015
6119 4 2 1 1 1052 1127 628 1289
6120 4 2 1 1 413 414 415 1263
6121 4 2 1 1 644 919 857 798
6122 4 2 1 1 472 1263 415 1304
6123 4 2 1 1 583 1156 954 1313
6124 4 2 1 1 184 186 187 813
6125 4 2 1 1 1289 54 271 55
6126 4 2 1 1 145 162 132 1053
6127 4 2 1 1 1026 320 498 318
6128 4 2 1 1 184 182 185 1245
6129 4 2 1 1 1331 164 667 161
6130 4 2 1 1 118 91 92 875
6131 4 2 1 1 340 486 426 992
6132 4 2 1 1 612 1003 863 1085
6133 4 2 1 1 404 403 408 1118
6134 4 2 1 1 775 1163 936 1308
6135 4 2 1 1 1351 711 179 1340
6136 4 2 1 1 98 96 99 1004
6137 4 2 1 1 655 991 1033 1181
6138 4 2 1 1 768 1107 928 1262
6139 4 2 1 1 720 929 1207 1208
6140 4 2 1 1 978 1094 615 1282
6141 4 2 1 1 619 1158 1228 1243
6142 4 2 1 1 236 628 930 729
6143 4 2 1 1 531 935 1169 1321
6144 4 2 1 1 718 1217 673 1319
6145 4 2 1 1 244 250 262 1018
6146 4 2 1 1 325 482 1063 481
6147 4 2 1 1 794 711 1128 1242
6148 4 2 1 1 875 540 831 1265
6149 4 2 1 1 552 940 1141 1142
6150 4 2 1 1 1069 699 778 1288
6151 4 2 1 1 264 302 285 1054
6152 4 2 1 1 655 1168 1033 1215
6153 4 2 1 1 99 96 112 1004
6154 4 2 1 1 578 1154 701 532
6155 4 2 1 1 583 1108 1156 1313
6156 4 2 1 1 567 1201 544 1235
6157 4 2 1 1 745 972 1169 1281
6158 4 2 1 1 1331 169 38 161
6159 4 2 1 1 438 439 391 1179
6160 4 2 1 1 484 426 486 992
6161 4 2 1 1 128 166 152 1204
6162 4 2 1 1 1265 1307 863 1040
6163 4 2 1 1 229 822 249 1166
6164 4 2 1 1 467 348 1125 1246
6165 4 2 1 1 467 347 348 1246
6166 4 2 1 1 873 698 667 1248
6167 4 2 1 1 1265 863 1307 646
6168 4 2 1 1 992 1169 746 1281
6169 4 2 1 1 459 422 405 917
6170 4 2 1 1 637 1020 1193 1297
6171 4 2 1 1 326 806 496 502
6172 4 2 1 1 1378 14 124 1367
6173 4 2 1 1 911 90 1240 710
6174 4 2 1 1 202 186 189 1313
6175 4 2 1 1 300 278 299 1001
6176 4 2 1 1 640 1177 654 1301
6177 4 2 1 1 145 155 144 1289
6178 4 2 1 1 706 1088 1005 1283
6179 4 2 1 1 1282 126 150 42
6180 4 2 1 1 490 1352 315 67
6181 4 2 1 1 272 271 281 1289
6182 4 2 1 1 1367 124 1378 903
6183 4 2 1 1 895 242 227 217
6184 4 2 1 1 205 192 209 1236
6185 4 2 1 1 506 887 1250 1310
6186 4 2 1 1 788 1073 565 1320
6187 4 2 1 1 983 1141 626 1151
6188 4 2 1 1 12 1366 84 1236
6189 4 2 1 1 541 667 900 742
6190 4 2 1 1 329 768 496 1312
6191 4 2 1 1 572 938 895 1200
6192 4 2 1 1 131 1347 40 959
6193 4 2 1 1 610 791 1094 847
6194 4 2 1 1 462 323 972 1281
6195 4 2 1 1 12 84 120 1236
6196 4 2 1 1 85 1348 19 105
6197 4 2 1 1 855 1352 67 175
6198 4 2 1 1 419 493 481 905
6199 4 2 1 1 560 630 1202 1218
6200 4 2 1 1 518 714 565 943
6201 4 2 1 1 541 1067 1149 1232
6202 4 2 1 1 954 1156 695 1313
6203 4 2 1 1 361 455 363 1078
6204 4 2 1 1 264 285 284 1054
6205 4 2 1 1 173 211 195 1266
6206 4 2 1 1 875 831 540 1212
6207 4 2 1 1 456 477 1097 1238
6208 4 2 1 1 109 22 23 1356
6209 4 2 1 1 123 1335 32 1369
6210 4 2 1 1 328 1379 354 932
6211 4 2 1 1 567 926 641 1201
6212 4 2 1 1 491 415 343 1263
6213 4 2 1 1 331 351 474 932
6214 4 2 1 1 632 1037 860 1270
6215 4 2 1 1 105 81 91 1063
6216 4 2 1 1 210 742 198 594
6217 4 2 1 1 227 244 262 814
6218 4 2 1 1 123 1335 87 32
6219 4 2 1 1 547 953 1058 1294
6220 4 2 1 1 220 237 238 790
6221 4 2 1 1 351 329 328 1312
6222 4 2 1 1 407 401 418 947
6223 4 2 1 1 552 940 1239 1286
6224 4 2 1 1 477 424 322 1216
6225 4 2 1 1 438 383 439 1179
6226 4 2 1 1 433 411 432 1217
6227 4 2 1 1 469 432 332 1082
6228 4 2 1 1 131 40 134 959
6229 4 2 1 1 698 999 924 1075
6230 4 2 1 1 280 300 297 1042
6231 4 2 1 1 192 203 183 1298
6232 4 2 1 1 261 80 221 1344
6233 4 2 1 1 531 1169 1192 1252
6234 4 2 1 1 433 1217 432 1319
6235 4 2 1 1 755 1231 848 1287
6236 4 2 1 1 1367 14 124 115
6237 4 2 1 1 569 1221 985 1271
6238 4 2 1 1 343 472 494 794
6239 4 2 1 1 1328 1374 933 213
6240 4 2 1 1 350 462 323 972
6241 4 2 1 1 681 850 956 1062
6242 4 2 1 1 746 1192 1169 1252
6243 4 2 1 1 1255 1287 548 848
6244 4 2 1 1 662 1245 906 1315
6245 4 2 1 1 185 781 210 1267
6246 4 2 1 1 548 969 797 1280
6247 4 2 1 1 1349 258 253 69
6248 4 2 1 1 335 488 453 868
6249 4 2 1 1 335 673 333 1071
6250 4 2 1 1 1140 798 919 644
6251 4 2 1 1 79 313 333 1072
6252 4 2 1 1 311 486 746 1281
6253 4 2 1 1 566 1173 735 1203
6254 4 2 1 1 895 938 568 1200
6255 4 2 1 1 161 159 147 1162
6256 4 2 1 1 505 937 832 1196
6257 4 2 1 1 546 1194 1226 807
6258 4 2 1 1 935 1168 727 1192
6259 4 2 1 1 695 1266 807 1267
6260 4 2 1 1 570 1245 662 1315
6261 4 2 1 1 863 926 646 1201
6262 4 2 1 1 610 609 833 1031
6263 4 2 1 1 310 466 469 1319
6264 4 2 1 1 881 1073 662 1320
6265 4 2 1 1 357 337 349 791
6266 4 2 1 1 612 1004 1003 1085
6267 4 2 1 1 12 209 174 1236
6268 4 2 1 1 500 341 472 1091
6269 4 2 1 1 668 607 832 1030
6270 4 2 1 1 1012 1240 911 1309
6271 4 2 1 1 1018 170 160 50
6272 4 2 1 1 831 540 1040 1265
6273 4 2 1 1 150 42 1346 1282
6274 4 2 1 1 725 1046 1045 1184
6275 4 2 1 1 211 190 188 1156
6276 4 2 1 1 556 1240 1012 1311
6277 4 2 1 1 333 673 466 1296
6278 4 2 1 1 150 153 136 978
6279 4 2 1 1 1140 919 798 784
6280 4 2 1 1 550 828 1274 1316
6281 4 2 1 1 189 190 200 1156
6282 4 2 1 1 466 310 470 1296
6283 4 2 1 1 510 1244 760 819
6284 4 2 1 1 189 1156 1108 1313
6285 4 2 1 1 1364 122 88 827
6286 4 2 1 1 458 483 309 818
6287 4 2 1 1 1235 93 113 1309
6288 4 2 1 1 160 151 153 1032
6289 4 2 1 1 117 122 27 1337
6290 4 2 1 1 1328 177 62 213
6291 4 2 1 1 781 695 906 807
6292 4 2 1 1 1255 1287 848 790
6293 4 2 1 1 1337 1373 827 122
6294 4 2 1 1 367 379 371 1259
6295 4 2 1 1 84 647 103 101
6296 4 2 1 1 111 82 112 1260
6297 4 2 1 1 710 911 910 1240
6298 4 2 1 1 492 421 417 1047
6299 4 2 1 1 1358 52 53 156
6300 4 2 1 1 338 451 416 1027
6301 4 2 1 1 628 1127 1052 1183
6302 4 2 1 1 207 57 212 1368
6303 4 2 1 1 176 205 214 903
6304 4 2 1 1 513 878 1119 1237
6305 4 2 1 1 644 1081 857 1204
6306 4 2 1 1 126 41 42 746
6307 4 2 1 1 348 418 436 1125
6308 4 2 1 1 498 1097 322 893
6309 4 2 1 1 181 182 916 945
6310 4 2 1 1 1350 125 26 114
6311 4 2 1 1 132 155 145 1289
6312 4 2 1 1 486 504 311 746
6313 4 2 1 1 498 322 479 893
6314 4 2 1 1 1340 214 176 63
6315 4 2 1 1 1368 305 270 57
6316 4 2 1 1 229 1070 228 590
6317 4 2 1 1 1349 258 69 1369
6318 4 2 1 1 489 490 855 1026
6319 4 2 1 1 1241 1306 864 1315
6320 4 2 1 1 337 452 497 847
6321 4 2 1 1 411 389 430 1120
6322 4 2 1 1 996 1081 576 1132
6323 4 2 1 1 130 1346 43 1370
6324 4 2 1 1 179 171 180 1091
6325 4 2 1 1 615 1094 791 1282
6326 4 2 1 1 121 100 109 979
6327 4 2 1 1 108 91 118 633
6328 4 2 1 1 415 1263 1299 1304
6329 4 2 1 1 548 684 639 1287
6330 4 2 1 1 135 137 138 1021
6331 4 2 1 1 1330 304 267 74
6332 4 2 1 1 531 1169 935 1192
6333 4 2 1 1 695 781 906 1245
6334 4 2 1 1 42 504 339 1282
6335 4 2 1 1 333 1071 673 1072
6336 4 2 1 1 289 303 263 1108
6337 4 2 1 1 834 597 1241 1315
6338 4 2 1 1 1334 168 45 162
6339 4 2 1 1 196 181 171 916
6340 4 2 1 1 591 1207 1165 1308
6341 4 2 1 1 249 822 226 1100
6342 4 2 1 1 477 322 463 1097
6343 4 2 1 1 719 1231 896 1237
6344 4 2 1 1 195 211 188 1266
6345 4 2 1 1 348 419 418 905
6346 4 2 1 1 696 1165 1207 1308
6347 4 2 1 1 329 460 496 1261
6348 4 2 1 1 361 360 359 1171
6349 4 2 1 1 226 227 217 895
6350 4 2 1 1 863 1003 647 1085
6351 4 2 1 1 1255 1166 790 238
6352 4 2 1 1 287 298 268 1278
6353 4 2 1 1 68 175 67 1352
6354 4 2 1 1 226 249 229 822
6355 4 2 1 1 845 1134 731 1194
6356 4 2 1 1 662 571 858 1268
6357 4 2 1 1 493 703 312 1063
6358 4 2 1 1 684 869 740 539
6359 4 2 1 1 84 647 101 1235
6360 4 2 1 1 320 321 350 782
6361 4 2 1 1 681 1183 1127 1275
6362 4 2 1 1 468 1082 928 1290
6363 4 2 1 1 1235 113 93 102
6364 4 2 1 1 436 409 421 1125
6365 4 2 1 1 396 387 397 1035
6366 4 2 1 1 1068 1114 546 1226
6367 4 2 1 1 410 416 390 1178
6368 4 2 1 1 684 869 539 1131
6369 4 2 1 1 479 322 447 1216
6370 4 2 1 1 281 271 293 1289
6371 4 2 1 1 1018 170 50 1377
6372 4 2 1 1 1334 168 162 1053
6373 4 2 1 1 644 1032 1018 1140
6374 4 2 1 1 797 1166 548 1280
6375 4 2 1 1 556 927 1240 1311
6376 4 2 1 1 1330 223 259 74
6377 4 2 1 1 192 191 174 1298
6378 4 2 1 1 334 488 333 1071
6379 4 2 1 1 241 219 243 1204
6380 4 2 1 1 304 267 293 1053
6381 4 2 1 1 1336 1363 1053 168
6382 4 2 1 1 195 188 185 1267
6383 4 2 1 1 192 174 1236 1298
6384 4 2 1 1 319 458 457 1299
6385 4 2 1 1 354 474 328 932
6386 4 2 1 1 114 969 108 1280
6387 4 2 1 1 822 1100 249 1166
6388 4 2 1 1 1340 214 63 1378
6389 4 2 1 1 335 333 488 1071
6390 4 2 1 1 95 94 96 1085
6391 4 2 1 1 516 735 1173 1203
6392 4 2 1 1 813 1251 571 1268
6393 4 2 1 1 544 1302 963 1320
6394 4 2 1 1 164 36 37 1375
6395 4 2 1 1 739 1041 572 1152
6396 4 2 1 1 1338 51 133 167
6397 4 2 1 1 682 1084 1151 1209
6398 4 2 1 1 376 378 431 656
6399 4 2 1 1 223 259 252 1053
6400 4 2 1 1 654 1106 640 1301
6401 4 2 1 1 479 448 462 1174
6402 4 2 1 1 365 366 364 1295
6403 4 2 1 1 130 160 153 1032
6404 4 2 1 1 1345 317 483 66
6405 4 2 1 1 136 978 767 599
6406 4 2 1 1 1146 1242 652 533
6407 4 2 1 1 126 978 136 599
6408 4 2 1 1 526 906 864 662
6409 4 2 1 1 83 106 107 1255
6410 4 2 1 1 760 1292 1079 1318
6411 4 2 1 1 593 896 757 1237
6412 4 2 1 1 1119 878 686 1237
6413 4 2 1 1 448 479 447 1174
6414 4 2 1 1 747 963 1302 1320
6415 4 2 1 1 1338 307 294 51
6416 4 2 1 1 487 311 323 1281
6417 4 2 1 1 567 1201 641 544
6418 4 2 1 1 183 203 180 944
6419 4 2 1 1 300 266 290 1260
6420 4 2 1 1 1140 1072 537 642
6421 4 2 1 1 333 335 466 673
6422 4 2 1 1 201 194 202 1251
6423 4 2 1 1 668 1196 937 1209
6424 4 2 1 1 640 641 1076 1301
6425 4 2 1 1 589 1079 1292 1318
6426 4 2 1 1 1140 642 537 1031
6427 4 2 1 1 486 487 324 1281
6428 4 2 1 1 318 489 463 1026
6429 4 2 1 1 541 1149 1000 1232
6430 4 2 1 1 567 544 1013 1235
6431 4 2 1 1 106 108 1255 1280
6432 4 2 1 1 668 937 1084 1209
6433 4 2 1 1 168 132 162 1053
6434 4 2 1 1 347 312 493 703
6435 4 2 1 1 864 662 906 1315
6436 4 2 1 1 1104 1157 690 1215
6437 4 2 1 1 1341 123 116 21
6438 4 2 1 1 20 85 125 1379
6439 4 2 1 1 1374 33 6 167
6440 4 2 1 1 940 636 1239 1286
6441 4 2 1 1 1347 169 131 39
6442 4 2 1 1 1336 132 56 168
6443 4 2 1 1 319 483 458 818
6444 4 2 1 1 546 1150 1049 1241
6445 4 2 1 1 1235 1298 680 1236
6446 4 2 1 1 229 237 230 878
6447 4 2 1 1 78 1296 79 470
6448 4 2 1 1 351 328 932 1312
6449 4 2 1 1 476 344 356 903
6450 4 2 1 1 92 91 90 710
6451 4 2 1 1 41 746 134 1281
6452 4 2 1 1 124 1365 86 15
6453 4 2 1 1 1082 468 503 1290
6454 4 2 1 1 105 19 18 1371
6455 4 2 1 1 456 477 463 1097
6456 4 2 1 1 341 316 494 711
6457 4 2 1 1 466 335 433 1319
6458 4 2 1 1 298 287 299 1278
6459 4 2 1 1 1312 928 351 329
6460 4 2 1 1 221 250 261 1018
6461 4 2 1 1 128 48 1326 1204
6462 4 2 1 1 627 1142 996 1143
6463 4 2 1 1 152 166 143 1132
6464 4 2 1 1 589 1292 1090 1318
6465 4 2 1 1 192 1236 680 1298
6466 4 2 1 1 321 462 350 972
6467 4 2 1 1 24 106 1255 1280
6468 4 2 1 1 406 456 437 1238
6469 4 2 1 1 498 321 320 782
6470 4 2 1 1 423 425 1111 1256
6471 4 2 1 1 329 485 460 1261
6472 4 2 1 1 818 1091 309 1304
6473 4 2 1 1 484 486 324 992
6474 4 2 1 1 1146 1242 1037 652
6475 4 2 1 1 462 487 323 1281
6476 4 2 1 1 1184 345 725 1046
6477 4 2 1 1 407 418 419 947
6478 4 2 1 1 1342 1374 933 167
6479 4 2 1 1 334 1071 333 1072
6480 4 2 1 1 630 1173 566 1203
6481 4 2 1 1 172 189 200 1108
6482 4 2 1 1 103 84 119 951
6483 4 2 1 1 120 84 102 1236
6484 4 2 1 1 600 1169 972 1281
6485 4 2 1 1 788 662 1073 1320
6486 4 2 1 1 158 33 1342 167
6487 4 2 1 1 124 1365 15 1378
6488 4 2 1 1 96 94 97 1085
6489 4 2 1 1 344 316 903 1184
6490 4 2 1 1 396 398 388 1199
6491 4 2 1 1 1376 222 75 932
6492 4 2 1 1 238 1166 251 1280
6493 4 2 1 1 343 494 454 1128
6494 4 2 1 1 1341 123 21 1369
6495 4 2 1 1 18 81 105 1063
6496 4 2 1 1 560 1202 1176 1218
6497 4 2 1 1 453 465 335 868
6498 4 2 1 1 458 818 309 1304
6499 4 2 1 1 472 343 415 1263
6500 4 2 1 1 463 498 318 1026
6501 4 2 1 1 85 20 1348 1379
6502 4 2 1 1 228 230 231 1070
6503 4 2 1 1 692 1246 927 1311
6504 4 2 1 1 1031 1094 642 847
6505 4 2 1 1 251 238 249 1166
6506 4 2 1 1 18 105 1371 1063
6507 4 2 1 1 41 746 126 134
6508 4 2 1 1 747 1302 1106 1320
6509 4 2 1 1 262 250 221 1018
6510 4 2 1 1 895 242 217 1296
6511 4 2 1 1 78 1296 242 79
6512 4 2 1 1 121 83 107 1255
6513 4 2 1 1 147 159 138 1162
6514 4 2 1 1 442 388 398 1199
6515 4 2 1 1 11 12 1366 84
6516 4 2 1 1 114 85 108 969
6517 4 2 1 1 425 464 398 1111
6518 4 2 1 1 81 90 91 710
6519 4 2 1 1 187 202 194 1251
6520 4 2 1 1 342 344 501 1184
6521 4 2 1 1 318 315 490 1026
6522 4 2 1 1 334 313 336 1072
6523 4 2 1 1 179 65 171 1091
6524 4 2 1 1 1293 1195 838 777
6525 4 2 1 1 262 242 227 814
6526 4 2 1 1 768 1294 588 1312
6527 4 2 1 1 567 1012 911 1309
6528 4 2 1 1 108 85 105 969
6529 4 2 1 1 137 136 163 767
6530 4 2 1 1 137 140 139 980
6531 4 2 1 1 177 62 61 1328
6532 4 2 1 1 180 181 182 916
6533 4 2 1 1 127 54 53 1324
$EndElements
