$MeshFormat
2.2 0 8
$EndMeshFormat
$PhysicalNames
1
3 1 "tissue"
$EndPhysicalNames
$Nodes
987
1 0 0 0.08
2 0 0 0
3 0 0.08 0.08
4 0 0.08 0
5 0.08 0 0.08
6 0.08 0 0
7 0.08 0.08 0.08
8 0.08 0.08 0
9 0 0 0.01142857142857141
10 0 0 0.0228571428571428
11 0 0 0.03428571428571419
12 0 0 0.04571428571428559
13 0 0 0.05714285714285704
14 0 0 0.06857142857142852
15 0 0.01142857142857141 0.08
16 0 0.0228571428571428 0.08
17 0 0.03428571428571419 0.08
18 0 0.04571428571428559 0.08
19 0 0.05714285714285704 0.08
20 0 0.06857142857142852 0.08
21 0 0.08 0.01142857142857141
22 0 0.08 0.0228571428571428
23 0 0.08 0.03428571428571419
24 0 0.08 0.04571428571428559
25 0 0.08 0.05714285714285704
26 0 0.08 0.06857142857142852
27 0 0.01142857142857141 0
28 0 0.0228571428571428 0
29 0 0.03428571428571419 0
30 0 0.04571428571428559 0
31 0 0.05714285714285704 0
32 0 0.06857142857142852 0
33 0.08 0 0.01142857142857141
34 0.08 0 0.0228571428571428
35 0.08 0 0.03428571428571419
36 0.08 0 0.04571428571428559
37 0.08 0 0.05714285714285704
38 0.08 0 0.06857142857142852
39 0.08 0.01142857142857141 0.08
40 0.08 0.0228571428571428 0.08
41 0.08 0.03428571428571419 0.08
42 0.08 0.04571428571428559 0.08
43 0.08 0.05714285714285704 0.08
44 0.08 0.06857142857142852 0.08
45 0.08 0.08 0.01142857142857141
46 0.08 0.08 0.0228571428571428
47 0.08 0.08 0.03428571428571419
48 0.08 0.08 0.04571428571428559
49 0.08 0.08 0.05714285714285704
50 0.08 0.08 0.06857142857142852
51 0.08 0.01142857142857141 0
52 0.08 0.0228571428571428 0
53 0.08 0.03428571428571419 0
54 0.08 0.04571428571428559 0
55 0.08 0.05714285714285704 0
56 0.08 0.06857142857142852 0
57 0.01142857142857141 0 0
58 0.0228571428571428 0 0
59 0.03428571428571419 0 0
60 0.04571428571428559 0 0
61 0.05714285714285704 0 0
62 0.06857142857142852 0 0
63 0.01142857142857141 0 0.08
64 0.0228571428571428 0 0.08
65 0.03428571428571419 0 0.08
66 0.04571428571428559 0 0.08
67 0.05714285714285704 0 0.08
68 0.06857142857142852 0 0.08
69 0.01142857142857141 0.08 0
70 0.0228571428571428 0.08 0
71 0.03428571428571419 0.08 0
72 0.04571428571428559 0.08 0
73 0.05714285714285704 0.08 0
74 0.06857142857142852 0.08 0
75 0.01142857142857141 0.08 0.08
76 0.0228571428571428 0.08 0.08
77 0.03428571428571419 0.08 0.08
78 0.04571428571428559 0.08 0.08
79 0.05714285714285704 0.08 0.08
80 0.06857142857142852 0.08 0.08
81 0 0.0397078969803599 0.009832045981348941
82 0 0.03991082957416321 0.06996909340914348
83 0 0.06921624058144235 0.03924814491767438
84 0 0.01120685053612115 0.03968654573665948
85 0 0.07039402435542953 0.06320420468348693
86 0 0.009703288536842608 0.06308249696987302
87 0 0.06282839513497147 0.009488627306479491
88 0 0.009598089394970158 0.01654597073959284
89 0 0.05142857142857132 0.07010256681389217
90 0 0.0457142857142856 0.0597102619684789
91 0 0.03384838301845384 0.05981975923737902
92 0 0.03958769659249584 0.04940432564319445
93 0 0.05116370123218368 0.04900858634418612
94 0 0.04534860916430506 0.03889412710546482
95 0 0.03344451914088176 0.0390853136494655
96 0 0.03925830571783796 0.02863176159473191
97 0 0.05125696558589867 0.02845299613481786
98 0 0.02804300904927047 0.02938806529837574
99 0 0.05897206539161659 0.05885885542793782
100 0 0.02812282878526878 0.04924077513744807
101 0 0.02082127870606096 0.05891345730927563
102 0 0.05689755261783871 0.03859768209204144
103 0 0.0629901695818809 0.02854029243690706
104 0 0.06995441594471659 0.05197938841745038
105 0 0.0284602610958897 0.07005643686851064
106 0 0.01003235824674879 0.05206831005203797
107 0 0.05127271696442129 0.009671900762647701
108 0 0.02822641417063546 0.009609657611929565
109 0 0.01026580922397711 0.02718579790453309
110 0 0.02297161907759245 0.03934165687184019
111 0 0.0629030431706587 0.07079595794201486
112 0 0.01708739004789642 0.07079104524167919
113 0 0.06996024316240905 0.01800232798405933
114 0 0.01714285714285711 0.009150185861511166
115 0 0.02070724111882383 0.02033914648231442
116 0 0.0572385231190382 0.01893970502505768
117 0 0.04512264828464785 0.01948208552543465
118 0 0.03312473359751197 0.0197153239904433
119 0 0.0611441653398111 0.04770798261846054
120 0 0.07260022603821104 0.02857142857142849
121 0 0.01863098707035843 0.04785014902145227
122 0 0.07169189411937073 0.07169189411937073
123 0 0.008308105880629199 0.008308105880629199
124 0 0.008308105880629212 0.07169189411937077
125 0 0.07169189411937078 0.008308105880629217
126 0 0.018638905801157 0.03118824245874458
127 0.08 0.0397078969803599 0.009832045981348932
128 0.08 0.03991082957416321 0.06996909340914348
129 0.08 0.06921624058144234 0.03924814491767438
130 0.08 0.01117452789189271 0.03972240442208787
131 0.08 0.07039402435542953 0.06320420468348693
132 0.08 0.009703288536842606 0.063082496969873
133 0.08 0.06282839513497147 0.009488627306479491
134 0.08 0.01649709664477618 0.00960128498567212
135 0.08 0.05142857142857132 0.07010256681389217
136 0.08 0.0457142857142856 0.0597102619684789
137 0.08 0.03384838301845383 0.05981975923737903
138 0.08 0.03958769659249583 0.04940432564319445
139 0.08 0.05116370123218369 0.04900858634418612
140 0.08 0.04534860916430506 0.03889412710546482
141 0.08 0.03344451914088176 0.03908531364946549
142 0.08 0.03925830571783797 0.02863176159473192
143 0.08 0.05125696558589867 0.02845299613481788
144 0.08 0.02733625583180682 0.02940709793755109
145 0.08 0.0589720653916166 0.05885885542793782
146 0.08 0.02812282878526878 0.04924077513744807
147 0.08 0.02082127870606096 0.05891345730927563
148 0.08 0.05689755261783871 0.03859768209204145
149 0.08 0.0629901695818809 0.02854029243690707
150 0.08 0.06995441594471659 0.05197938841745038
151 0.08 0.0284602610958897 0.07005643686851064
152 0.08 0.01002697113937738 0.05207428649960936
153 0.08 0.05127271696442129 0.009671900762647699
154 0.08 0.009552562627620562 0.02788291119667579
155 0.08 0.02752328827247985 0.01023466144365049
156 0.08 0.02281073001571059 0.03939264055894062
157 0.08 0.0629030431706587 0.07079595794201486
158 0.08 0.01708739004789641 0.07079104524167919
159 0.08 0.06996024316240905 0.01800232798405934
160 0.08 0.009150185861511164 0.01714285714285711
161 0.08 0.0572385231190382 0.01893970502505768
162 0.08 0.04512264828464785 0.01948208552543465
163 0.08 0.03293592339275107 0.01997449436452594
164 0.08 0.01975375878858555 0.02118361430726273
165 0.08 0.06114416533981109 0.04770798261846054
166 0.08 0.07260022603821104 0.0285714285714285
167 0.08 0.01859126730766208 0.04786871278547231
168 0.08 0.07169189411937073 0.07169189411937073
169 0.08 0.008308105880629198 0.008308105880629198
170 0.08 0.008308105880629212 0.07169189411937078
171 0.08 0.07169189411937078 0.008308105880629217
172 0.08 0.01818212409164388 0.03137839113687806
173 0.009832045981348932 0 0.0397078969803599
174 0.06996909340914348 0 0.03991082957416321
175 0.03924814491767438 0 0.06921624058144234
176 0.03972240442208787 0 0.01117452789189271
177 0.07068660943097407 0 0.062877851865708
178 0.063082496969873 0 0.009703288536842606
179 0.00960128498567212 0 0.01649709664477618
180 0.009488627306479491 0 0.06282839513497149
181 0.06997233626733922 0 0.05149044263413852
182 0.0596970909540834 0 0.04569615646361264
183 0.0598175640683131 0 0.033845361476675
184 0.04940176461261755 0 0.03958417146042053
185 0.04899386268589632 0 0.05113842607695233
186 0.03889124632398704 0 0.04534380911642062
187 0.0390844066807897 0 0.03344313161088847
188 0.02863176159473192 0 0.03925830571783797
189 0.02845299613481788 0 0.05125696558589867
190 0.02940702081436437 0 0.02733613784456249
191 0.04923983127606163 0 0.02812150641796087
192 0.05891300887635385 0 0.02082065814761999
193 0.03859474801874685 0 0.05689254008398609
194 0.0285398034246913 0 0.06298933415957214
195 0.05876337089178109 0 0.0590427747618005
196 0.05190563069036689 0 0.07004216580359045
197 0.07005632217662933 0 0.02846010308446131
198 0.009671900762647699 0 0.05127271696442129
199 0.05207421176078907 0 0.01002686771297056
200 0.02788291119667579 0 0.009552562627620562
201 0.01023466144365049 0 0.02752328827247985
202 0.03939231923339913 0 0.02281025870161967
203 0.06285714285714276 0 0.07084981413848877
204 0.07079102081067809 0 0.01708735626987556
205 0.01800227808485364 0 0.06996015791523469
206 0.01714285714285711 0 0.009150185861511164
207 0.01893961520648744 0 0.05723836967412435
208 0.01948208552543465 0 0.04512264828464785
209 0.01997448151066149 0 0.03293590372821035
210 0.02118360512593098 0 0.01975374474248504
211 0.04770798261846054 0 0.06114416533981109
212 0.0285714285714285 0 0.07260022603821104
213 0.04786835511373832 0 0.01859076377441276
214 0.07169189411937073 0 0.07169189411937073
215 0.008308105880629198 0 0.008308105880629198
216 0.07169189411937078 0 0.008308105880629212
217 0.008308105880629205 0 0.0716918941193708
218 0.03137833290401236 0 0.01818203789915306
219 0.009832045981348932 0.08 0.0397078969803599
220 0.06996909340914348 0.08 0.03991082957416321
221 0.03924814491767438 0.08 0.06921624058144234
222 0.03972240442208787 0.08 0.01117452789189271
223 0.07068660943097407 0.08 0.062877851865708
224 0.009488627306479491 0.08 0.06282839513497147
225 0.063082496969873 0.08 0.009703288536842606
226 0.00960128498567212 0.08 0.01649709664477618
227 0.06997233626733922 0.08 0.05149044263413852
228 0.0596970909540834 0.08 0.04569615646361264
229 0.0598175640683131 0.08 0.033845361476675
230 0.04940176461261755 0.08 0.03958417146042053
231 0.04899386268589632 0.08 0.05113842607695233
232 0.03889124632398704 0.08 0.04534380911642062
233 0.0390844066807897 0.08 0.03344313161088847
234 0.02863176159473192 0.08 0.03925830571783797
235 0.02845299613481788 0.08 0.05125696558589867
236 0.02940702081436437 0.08 0.02733613784456249
237 0.04923983127606163 0.08 0.02812150641796087
238 0.05891300887635385 0.08 0.02082065814761999
239 0.03859474801874685 0.08 0.05689254008398609
240 0.0285398034246913 0.08 0.06298933415957214
241 0.05876337089178109 0.08 0.0590427747618005
242 0.05190563069036689 0.08 0.07004216580359045
243 0.07005632217662933 0.08 0.02846010308446131
244 0.009671900762647699 0.08 0.05127271696442129
245 0.05207421176078907 0.08 0.01002686771297056
246 0.02788291119667579 0.08 0.009552562627620562
247 0.01023466144365049 0.08 0.02752328827247985
248 0.03939231923339913 0.08 0.02281025870161967
249 0.06285714285714276 0.08 0.07084981413848877
250 0.07079102081067809 0.08 0.01708735626987556
251 0.01800227808485365 0.08 0.06996015791523469
252 0.01714285714285711 0.08 0.009150185861511164
253 0.01893961520648744 0.08 0.05723836967412435
254 0.01948208552543465 0.08 0.04512264828464785
255 0.01997448151066149 0.08 0.03293590372821035
256 0.02118360512593098 0.08 0.01975374474248504
257 0.04770798261846054 0.08 0.06114416533981109
258 0.0285714285714285 0.08 0.07260022603821104
259 0.04786835511373832 0.08 0.01859076377441276
260 0.07169189411937073 0.08 0.07169189411937073
261 0.008308105880629198 0.08 0.008308105880629198
262 0.07169189411937078 0.08 0.008308105880629212
263 0.008308105880629217 0.08 0.07169189411937078
264 0.03137833290401236 0.08 0.01818203789915306
265 0.03968603227271829 0.01120631394864601 0
266 0.03924866340513808 0.06921627484340813 0
267 0.06996909340914348 0.03991082957416321 0
268 0.009832045981348935 0.03970789698035991 0
269 0.06326395504321899 0.07038824724804711 0
270 0.009488628167187436 0.06282848820243486 0
271 0.06308102438485394 0.009702845874423403 0
272 0.01654597073959284 0.009598089394970158 0
273 0.07007138906245147 0.05150288011676855 0
274 0.059748025009289 0.04566260228272959 0
275 0.05981959522979227 0.03383848734658921 0
276 0.04941196411529885 0.03957065597486044 0
277 0.04907629956861571 0.05114643066511836 0
278 0.03890690905076548 0.04534287160196769 0
279 0.03908514547128195 0.03344030862928932 0
280 0.02863176159473192 0.039258305717838 0
281 0.02845299613481788 0.0512569655858987 0
282 0.02938803726867845 0.02804230729733843 0
283 0.05887815322415665 0.05897198754341813 0
284 0.04923850754393501 0.02811614401469074 0
285 0.05891238610446033 0.02081831024646269 0
286 0.03861156594106976 0.0568937518203995 0
287 0.02854269451330998 0.06298975506157731 0
288 0.05199282214135294 0.06995342540918363 0
289 0.009671902593086593 0.05127291488789341 0
290 0.07005638327919013 0.02845970298939489 0
291 0.05206720146847733 0.0100310742764457 0
292 0.009609657611929558 0.02822641417063548 0
293 0.02718571232720954 0.01026571979273126 0
294 0.0393405616196863 0.02296897078860852 0
295 0.07079803478519263 0.06290601301536822 0
296 0.07079093255516164 0.01708721784410493 0
297 0.01800257421457324 0.06996034091351226 0
298 0.009150185861511164 0.01714285714285711 0
299 0.02033913025274 0.02070712809265557 0
300 0.01894014685806829 0.05723851882266073 0
301 0.01948208552543464 0.04512264828464788 0
302 0.01971532399044328 0.03312473359751204 0
303 0.04770901831846129 0.06114404282022847 0
304 0.02857142857142849 0.07260041097849348 0
305 0.04784893780185545 0.01862816265497073 0
306 0.07169189411937073 0.07169189411937073 0
307 0.008308105880629198 0.008308105880629198 0
308 0.008308105880629212 0.07169189411937077 0
309 0.07169189411937078 0.008308105880629217 0
310 0.03118789474820652 0.01863808798399596 0
311 0.009403538240962572 0.03983470901602069 0.08
312 0.07167076212057695 0.03942799112977061 0.08
313 0.04099908136577628 0.06910060756027218 0.08
314 0.04034753071816025 0.008256750177681516 0.08
315 0.06170922516153983 0.06991298548482355 0.08
316 0.01005478377817715 0.06164955233185128 0.08
317 0.0614351911533271 0.01023040492578732 0.08
318 0.01827812129221222 0.009690170867439361 0.08
319 0.07020750223996831 0.04937620256139452 0.08
320 0.06174301638645757 0.0457142857142856 0.08
321 0.05100633658356848 0.07102894026490152 0.08
322 0.04642472106792321 0.06219410878735611 0.08
323 0.03605118510243903 0.06224370947275566 0.08
324 0.04094847865508362 0.05560058345322103 0.08
325 0.03212097340189924 0.0683702443629662 0.08
326 0.02980494531779639 0.06124315870947281 0.08
327 0.02495015078796384 0.06579289879054112 0.08
328 0.03390427878129276 0.05638013474517335 0.08
329 0.02823284772605185 0.05528544908205525 0.08
330 0.03132456253525283 0.051377510759378 0.08
331 0.02658327373771556 0.05039858720996018 0.08
332 0.02962396856601292 0.04711702190997234 0.08
333 0.03379378743163239 0.04775727910083245 0.08
334 0.03220401269055363 0.04386952415195165 0.08
335 0.0361893166193067 0.04440316308518908 0.08
336 0.03466285954951365 0.04067199713551756 0.08
337 0.03862422068199484 0.04120096000663152 0.08
338 0.0371021284175737 0.03749675668671409 0.08
339 0.04106562405892159 0.03802856036806135 0.08
340 0.0425852472959358 0.04172652445340647 0.08
341 0.03314326669622761 0.03696021556517781 0.08
342 0.04501079141440718 0.03856775383011492 0.08
343 0.04350578396695194 0.03486179272789637 0.08
344 0.03558032937535237 0.0337936527889163 0.08
345 0.04747803119763147 0.03547215072563362 0.08
346 0.02838856154767591 0.04324375789052176 0.08
347 0.03161725439800027 0.03326015692319328 0.08
348 0.0459528903167003 0.03170695159678213 0.08
349 0.04997488651247901 0.03233498875778878 0.08
350 0.04839630660132777 0.0285268392008736 0.08
351 0.04439903153305539 0.02797050435399799 0.08
352 0.03406044167779469 0.0300937460090836 0.08
353 0.05247897597394353 0.02890188436970655 0.08
354 0.03010525957814445 0.02949301973607848 0.08
355 0.0276146049463445 0.03278526021512128 0.08
356 0.04652807436287738 0.04226851914335547 0.08
357 0.02607960055799812 0.02898467169586291 0.08
358 0.02856621591864145 0.02565202574403651 0.08
359 0.05419968777766687 0.03305953937050837 0.08
360 0.05678399362459664 0.02939887560565882 0.08
361 0.04702714434723549 0.02465345965187436 0.08
362 0.04280558608866855 0.02407140008586497 0.08
363 0.054909215992342 0.02485262392676258 0.08
364 0.04410522993543926 0.04538339646841988 0.08
365 0.04806443353243486 0.04595623106273709 0.08
366 0.0504565339855851 0.04283927556155898 0.08
367 0.06196023119906709 0.02517700830984386 0.08
368 0.02322794318979484 0.03230995255803958 0.08
369 0.02126889248489866 0.02779427878675316 0.08
370 0.05202386404076599 0.04649971475753945 0.08
371 0.04954822130836188 0.04970028190666758 0.08
372 0.05364826694708179 0.050329935245711 0.08
373 0.03788303902074801 0.04812309018927118 0.08
374 0.04546570843320413 0.0205308163348106 0.08
375 0.02309190505315246 0.05379924884141193 0.08
376 0.02163222227133889 0.0490361862136036 0.08
377 0.05109317166145947 0.05390674733635873 0.08
378 0.05606592707271728 0.05455410761290062 0.08
379 0.02500279085389936 0.03629011126697816 0.08
380 0.0588164547109594 0.03377262058265205 0.08
381 0.03802446844227861 0.03062726436073719 0.08
382 0.03650086629633037 0.02695328715916095 0.08
383 0.05578858722803194 0.03731447671936743 0.08
384 0.05376356719361572 0.04343626638795087 0.08
385 0.02054907614520998 0.03603812780985393 0.08
386 0.02281657604025341 0.0398244299522803 0.08
387 0.04057749578431642 0.02032592214006291 0.08
388 0.01629290765463417 0.05323874480478226 0.08
389 0.04713251656669982 0.05300835989205981 0.08
390 0.05257335953339529 0.05881194415581843 0.08
391 0.06055453324198962 0.03842335716340203 0.08
392 0.06990399444347863 0.02919815843911847 0.08
393 0.05970370845600531 0.06077782313339443 0.08
394 0.008908090663727476 0.02958267585855311 0.08
395 0.05001620384039333 0.009495338870466807 0.08
396 0.029821943293067 0.009672783338954478 0.08
397 0.02340802341082192 0.01651648961175684 0.08
398 0.03215342361438936 0.01759176008829817 0.08
399 0.01912581764614201 0.05979186135656442 0.08
400 0.05151255620329743 0.03619562351759407 0.08
401 0.03576723683950259 0.05166761156107331 0.08
402 0.03959050846904955 0.05173261093871604 0.08
403 0.04564448290918477 0.04904164675581148 0.08
404 0.03254015983053798 0.02639383106799823 0.08
405 0.03543565220753309 0.02224161622801717 0.08
406 0.02918925525329131 0.03651710481690155 0.08
407 0.03954444222773659 0.03432712021378306 0.08
408 0.0419824576746065 0.03115912256107983 0.08
409 0.04046812956091618 0.02746110211328223 0.08
410 0.04016154216839685 0.04487147957653943 0.08
411 0.0509195806008781 0.02110307405884533 0.08
412 0.03076987476607912 0.04015953957423486 0.08
413 0.06901915325440956 0.01805296042064567 0.08
414 0.05855369053013179 0.01919951538533992 0.08
415 0.01362227824064728 0.01962218759689299 0.08
416 0.008508852850916182 0.05066099903909835 0.08
417 0.0694153453125342 0.06161494622797643 0.08
418 0.04895622804097868 0.03919957605824231 0.08
419 0.02559093373861602 0.04622567426107718 0.08
420 0.01730851379226291 0.04008720390970948 0.08
421 0.01584958747049669 0.04623536760215647 0.08
422 0.05603857548529623 0.04649547129603786 0.08
423 0.04178508606362517 0.04850545899910677 0.08
424 0.06453596242787965 0.0353562217029079 0.08
425 0.02703129285921264 0.03969463788533884 0.08
426 0.03915754598755292 0.02421066554527765 0.08
427 0.05084015112442812 0.02536019682809473 0.08
428 0.01475204982891277 0.03462765125056982 0.08
429 0.06244943689706496 0.05379918231617146 0.08
430 0.05275138108207354 0.03985413357119681 0.08
431 0.0379278001867903 0.05480276922374624 0.08
432 0.04368245702603156 0.01509281014480487 0.08
433 0.04333726086945879 0.05233124119657308 0.08
434 0.04829095547221212 0.05732268436043735 0.08
435 0.01743003428457006 0.07161307530432881 0.08
436 0.05677327676957744 0.04187299847537344 0.08
437 0.01906699379934457 0.03146698532764515 0.08
438 0.02138471557239067 0.0439557520850796 0.08
439 0.05428347016048643 0.0645451603652588 0.08
440 0.03728734706216495 0.0149791870210004 0.08
441 0.02504113330622131 0.05918252335600911 0.08
442 0.03110310511944765 0.02255053334935747 0.08
443 0.008707810718471511 0.01218995761336856 0.08
444 0.04458968874842038 0.05686526397008941 0.08
445 0.05777944979379714 0.05046225302970176 0.08
446 0.01601497051512502 0.02723743405097457 0.08
447 0.02094649178373061 0.02288342880171518 0.08
448 0.02679644637315627 0.02149371755058213 0.08
449 0.07163370505635563 0.008366294943644381 0.08
450 0.07163370505635565 0.07163370505635565 0.08
451 0.00833451780122965 0.07166548219877035 0.08
452 0.02506185714298584 0.04251365045965698 0.08
453 0.04122564455181122 0.06075436600899007 0.08
454 0.03822072880134821 0.05831579663332593 0.08
455 0.05386502448853614 0.01539943591304928 0.08
456 0.02718908608507465 0.07394617561419099 0.08
457 0.02461279416722187 0.02529496903261681 0.08
458 0.06240012728119629 0.03058057692803622 0.08
459 0.06574235528337442 0.04165961165435213 0.08
460 0.04878979487780866 0.01632429506439538 0.08
461 0.03919838178394628 0.03877953007843721 0.03885949701626656
462 0.02582642598473995 0.02848628242993234 0.05533964800360183
463 0.05158424689672785 0.02696033887771728 0.05633197794585874
464 0.04704423030003334 0.04731171195989986 0.05730440866152669
465 0.02430456503735912 0.05169915353664668 0.05599051573919881
466 0.03912907259879938 0.03679199787249245 0.06325217083427419
467 0.0278876934089246 0.04139624338427927 0.06828331739343718
468 0.05260016121189448 0.03739013207819852 0.06648106720729173
469 0.03792334833062713 0.04938011414901633 0.06811164672074309
470 0.0402120383688583 0.0213775838228285 0.06659746835944717
471 0.03618425108414277 0.04397953005507295 0.0545283827250236
472 0.04296176717602902 0.06047123912308078 0.04432002284279947
473 0.02149617427938337 0.0377891244738281 0.04172994202900575
474 0.0616121224393406 0.03940477441769804 0.05130341038955544
475 0.05896561073152189 0.02333954283852691 0.03007755046728116
476 0.03898473453237065 0.03116454962464052 0.05317829041290176
477 0.03268565881074117 0.02134222456014294 0.03155019098436361
478 0.02967894936050577 0.02698616510442351 0.06524149635991033
479 0.02746231087772012 0.05727299648407041 0.02411444318326393
480 0.04728220125286945 0.04623029048884311 0.07053658977258766
481 0.06331124842879522 0.05085319032440289 0.06376003382472412
482 0.05138557316700806 0.05921991733204375 0.06846214263088728
483 0.05834162341559347 0.0600966083301471 0.05083658965134735
484 0.03793336222290528 0.05803192158603241 0.05580547007414879
485 0.04840878262178868 0.02703404415732921 0.06879765105458069
486 0.04641914052474997 0.03716270860350263 0.05618496366780973
487 0.04147770475627312 0.01618681484576452 0.05011411570449097
488 0.02442198123139026 0.05509435097778184 0.06725172885011602
489 0.04973085119245593 0.03138062835366634 0.04305760833303988
490 0.05463955354326817 0.0554382475584513 0.02487301887277834
491 0.06875185816928135 0.02709286420466619 0.06039151670043318
492 0.01634317814074274 0.03008684598588181 0.06717639264486473
493 0.01058187838385915 0.04921210024550646 0.06482587619650111
494 0.01820858688683875 0.01711446028090149 0.06917590223466846
495 0.03034613515791894 0.03639047446843547 0.05831109149036
496 0.05175237151945217 0.04651657409930396 0.04619735898978887
497 0.0542823879826325 0.01171846652607792 0.06475906861679308
498 0.03448104767903756 0.04102516059707374 0.07254944483148455
499 0.04523468757825461 0.03623962240494369 0.0720964055441852
500 0.03506980565300773 0.02840647131575427 0.06157306683103439
501 0.02822346720753411 0.01823096446686689 0.06356041063859001
502 0.03736685961574051 0.03033439803409452 0.07200299633914231
503 0.03034610829279879 0.05265263504367099 0.04422107446906713
504 0.0404999307158246 0.04340307361220432 0.06257819383808277
505 0.01842046928098768 0.04054939318852274 0.05824015566924577
506 0.04654837489829756 0.03349255928832762 0.06333816631935414
507 0.03217026417533059 0.02093485148270592 0.07358683156073839
508 0.04266973148116968 0.05184195136760048 0.04886860205784149
509 0.06541453488635347 0.01290455407560021 0.05145649443226139
510 0.03170087178632328 0.04409383461573738 0.06309955690289673
511 0.03588282945443397 0.06067817122106941 0.06854215665278106
512 0.02470109511641163 0.06806949093473824 0.05651174714655514
513 0.0540709362074728 0.04618226140380194 0.07061608506563208
514 0.02912979534056206 0.03321814963654885 0.0714756552578286
515 0.04546394950225954 0.03217214421865829 0.0204430601436505
516 0.05670479990650286 0.04150038392515016 0.05793572203408243
517 0.03855315487248547 0.03629625353640889 0.05669576286834128
518 0.03255326474363857 0.03789305705199907 0.04897857308193009
519 0.01441863580810539 0.06245099036999148 0.04325332731777724
520 0.04473108369938214 0.05523990278843779 0.07030060223578222
521 0.04213245170073322 0.054824407988641 0.06308021403885493
522 0.03672788513701857 0.05061425592688039 0.05908799746941627
523 0.01565267143851013 0.03638446359289733 0.02164035307269492
524 0.03229805410079663 0.04869199868733087 0.0726587617626879
525 0.04261026978692509 0.03991568404382825 0.04784156927915594
526 0.06549524734854312 0.05518708238982277 0.03806830298664133
527 0.06468266528274473 0.03895256637839969 0.06539850510526554
528 0.02655876302858737 0.04410875123377248 0.05458872194576442
529 0.05346714536348351 0.03316997379677956 0.05928338492773783
530 0.03269394430226689 0.02927212687823618 0.04039860437695916
531 0.05593177256199754 0.03689679245160141 0.02967831970668092
532 0.0451943340409531 0.04123528345026055 0.06453091916879115
533 0.02215074667775813 0.03463888371064313 0.05110452197219113
534 0.01177447292146079 0.0224932166664978 0.04749860649066982
535 0.05469698349937299 0.0530349902841345 0.07194149103519215
536 0.04191208453688891 0.04487902894550348 0.07230409775637957
537 0.03287294205736133 0.05384322110791964 0.0511178355191317
538 0.05017769878162675 0.05696369553399497 0.05601975657193979
539 0.05323067011903335 0.04494566266869792 0.06366698993832104
540 0.0582966745936934 0.05158871306201034 0.0574252565051992
541 0.0502885788803415 0.05076497422467462 0.06654690941751198
542 0.06876343476400984 0.06880640574081999 0.06594142624371763
543 0.02987761244625883 0.03746443820582063 0.06461949358918993
544 0.02408373344435444 0.03475396882820982 0.06510375549555926
545 0.05722695635579719 0.03181915691711308 0.07256988851119893
546 0.04301807581283598 0.02894937556276896 0.05800420652516478
547 0.04259076749513854 0.02813078622432834 0.07153748137141125
548 0.02632781404005087 0.04471389827702063 0.07436997782774246
549 0.06307899115332812 0.02853220195074372 0.05224975402598005
550 0.05384283304040424 0.03887496838563147 0.05037249625291421
551 0.03665175753943724 0.02162065638173871 0.05381223082543183
552 0.02345030710933785 0.01382394010965795 0.05032524626535364
553 0.04275527777649245 0.02379446346475831 0.04239113404438018
554 0.03823537884520321 0.03611515812234498 0.0749311302320574
555 0.01727886412641901 0.03142021623927987 0.05704091831789473
556 0.03409304026260057 0.04429169702482855 0.04521978007088678
557 0.0398986836589895 0.05296825839735748 0.0756921363931858
558 0.05018968614427508 0.04100518089975546 0.07454078969350808
559 0.02074978568063179 0.02578434479076155 0.07362794624491249
560 0.02810430797523801 0.05748686843140639 0.0605298909454251
561 0.04520408123468874 0.04267090605217722 0.05575280361746402
562 0.04483879265558769 0.02253807618273452 0.0569850945425416
563 0.01120649009433994 0.04803795266329082 0.04516622260236774
564 0.04977925753771943 0.01828972205765632 0.07231831590793389
565 0.01855376383236309 0.06006683231795518 0.06026344638637748
566 0.0420396610065949 0.06969092604593473 0.06288827588907471
567 0.03153739530006094 0.03043363933985303 0.07511933303407213
568 0.04055574162214486 0.03102614885614437 0.06393464732886978
569 0.04747436883155824 0.02467889861388991 0.0632845604145891
570 0.05911372006910304 0.02213518103852307 0.06532199723696189
571 0.03160856342478922 0.0551976298501301 0.07069411143135376
572 0.03285266337491851 0.06268677510986047 0.04712343061458809
573 0.03278263473999043 0.04669892685411849 0.03571620269234565
574 0.05640598010768887 0.01828189666537316 0.01541146332348593
575 0.03944662907646342 0.04202897810282524 0.06657913593040087
576 0.02091237984283729 0.03743358699495874 0.07174383045883052
577 0.04328319306015022 0.04980287098859141 0.06572807659534974
578 0.05526731229156106 0.03199446880291796 0.06552952654997991
579 0.04124852984720346 0.05381172411032852 0.02887191735648691
580 0.03655365101549719 0.009225519149943561 0.06339676226313186
581 0.05086220442919863 0.01931816300995029 0.04978459725123537
582 0.02989195419827785 0.04970125389761596 0.05472878040897484
583 0.04590055022702547 0.06394168060438536 0.01348058290070709
584 0.04751167763034311 0.03072482399863065 0.07480969828927901
585 0.02401027065156023 0.04662056592389795 0.06035029992129714
586 0.0352507051994054 0.01696054139163393 0.01448368288096583
587 0.04690026322574195 0.03486380700472973 0.04967698657530512
588 0.04196355314230898 0.03318466548895099 0.04316624740517561
589 0.02949438530532888 0.03302707517813156 0.05338353487500572
590 0.04411196958932311 0.03071538991880934 0.0328795911514726
591 0.01424366545075198 0.04746168781142917 0.03150051938805323
592 0.03267858709570944 0.05226120314682408 0.06238389662031536
593 0.06720140839575023 0.02701717790680004 0.01424287217195105
594 0.05101291758379492 0.0357597301260269 0.07247580032895889
595 0.04845442953060027 0.04219182166535385 0.06007704048002367
596 0.05088494606538263 0.04483775448474121 0.05365580495422956
597 0.02784044171695236 0.04741615371878175 0.06877063752305422
598 0.01989450265282055 0.04778177748020496 0.06878365538354776
599 0.01453643401618452 0.01214561490951008 0.02534050445027333
600 0.05769288598888704 0.02435105022220674 0.07378840838849046
601 0.06935179178063598 0.01203543275330965 0.06463524272059908
602 0.03399986877854726 0.03263807156110063 0.06647139356927988
603 0.02934768830903993 0.03120155829567712 0.06205679724377444
604 0.02362759802743886 0.02746054436247446 0.06395052091634268
605 0.02722718695307873 0.04791291703353079 0.04967479118326792
606 0.03934798311073914 0.05586903853097783 0.06833616731292849
607 0.01113821272384218 0.03531803061837473 0.04833548552899962
608 0.06867942022851016 0.04796064936133494 0.054078005163015
609 0.03519921924865956 0.03979172459866151 0.06215556420821344
610 0.04268922960218203 0.03390427084687796 0.05953174088545955
611 0.04309037456222872 0.05183974988242207 0.05645227625718444
612 0.05559564923130398 0.06610764086750162 0.03915829142793053
613 0.04312820496825113 0.01088428360867105 0.03932605262127586
614 0.04491182779298909 0.04976356445037006 0.0759537675389
615 0.04513701668820268 0.04088722623211068 0.07538044456463672
616 0.02636296279180922 0.04076965514402159 0.06009260118994169
617 0.01946492014751809 0.04038254198579598 0.06558885435522763
618 0.02348848599465931 0.05056480120728314 0.07510532573119644
619 0.03412886131589377 0.02422404885310657 0.06633371794333889
620 0.01200874175591841 0.06563866723521161 0.01226141683001197
621 0.05969812311596507 0.03329576527799945 0.04245917013466474
622 0.03186512879415872 0.0418533905586193 0.05848496649301251
623 0.04197400455787544 0.02558996411497086 0.05190683489391509
624 0.02526540909024168 0.02985791613087963 0.07583337743760961
625 0.04561736529620013 0.03196468029409088 0.06873192106691596
626 0.04318212014670436 0.06179662832424113 0.06702460930122491
627 0.0341626588412783 0.06880418981384309 0.03004666550933982
628 0.02260433906987155 0.06752391536522179 0.07076910377835924
629 0.05018772042630309 0.05597651369004254 0.04656227980064228
630 0.04451041908333457 0.0516087874549719 0.04082565018685142
631 0.05520909283162845 0.06846532328424253 0.06146106881989961
632 0.04138960163810381 0.03234842690679352 0.07528115003261483
633 0.0483612936992965 0.04603020376001933 0.07624953685727152
634 0.038500336898494 0.01993041532041777 0.07476961283429566
635 0.03934131574252119 0.05844129623251653 0.07470473355938442
636 0.03449216263328624 0.03429873597541199 0.06053489445862877
637 0.06138655526422102 0.03531760146227557 0.05830173560892254
638 0.06684120889820756 0.06635828392620513 0.01145233495233271
639 0.03610992837445514 0.02239428691667214 0.06040339741146824
640 0.03012970926135651 0.02451215619222554 0.05894045975448378
641 0.03085371802879123 0.03773546843315032 0.04167343672127564
642 0.05648930966337042 0.03964796641663261 0.07489044777619609
643 0.03450397158340946 0.03452890142125297 0.07211358477368103
644 0.03578928668463667 0.05690347891564657 0.06159673556150369
645 0.03531417775772555 0.06419633316020651 0.06197716271815152
646 0.04767590685688577 0.0403273325143472 0.05150401206690196
647 0.01664718378059805 0.05578565227893389 0.07203478090078572
648 0.0298052596925925 0.0399820693084194 0.07625571974367959
649 0.03600093688486714 0.04519200140154753 0.0755700804323802
650 0.04917806165254003 0.02578226948185648 0.07575932350907258
651 0.04248407487146248 0.03740975713980225 0.05372671958954454
652 0.06125765969790491 0.05056128896082129 0.04759855512726039
653 0.01074243651089051 0.03854823850159753 0.0637647806393498
654 0.03856345486285156 0.02674237051810649 0.07601202490185288
655 0.02337561679606246 0.03340342184587625 0.03255270001352076
656 0.01209688675540154 0.01225998785164361 0.05276371612710595
657 0.05155538605180442 0.04264890301632256 0.06785224827864858
658 0.04819770671327427 0.04590270089548351 0.06401293166996304
659 0.05734156847053954 0.040935041991074 0.06450275182134847
660 0.06316521517069504 0.0432035686119479 0.05843593249835671
661 0.05826000322722476 0.03648846017965777 0.06839228918573505
662 0.04875739069839342 0.03733955125321927 0.06158289022810307
663 0.04807150357864112 0.05110268990839466 0.0529893254387083
664 0.02527732952544229 0.03365864154527876 0.05912331736303206
665 0.04026270335048502 0.04659064731796998 0.05662202774811229
666 0.0393125138725172 0.04608763297022814 0.04990657146085866
667 0.03272521390618377 0.0420236944024774 0.06737554506693452
668 0.01572637022458428 0.04906231889765281 0.01455573845343583
669 0.03837428954433135 0.04730505423415268 0.01235908082209549
670 0.04394042392893698 0.03861862150988814 0.06011944252330424
671 0.04773341878819704 0.03232358005212749 0.05905381549175101
672 0.06106372831032934 0.05101800830989883 0.07341531128896142
673 0.06166796409351067 0.05931710920465642 0.07007079264578679
674 0.03746153949341734 0.05123701585197381 0.04517685334893419
675 0.04939313294376804 0.0588358240802481 0.07512367154863614
676 0.04760230038596944 0.06897139578111983 0.07180614381697964
677 0.04810821647470451 0.03996298055918128 0.04487571631083884
678 0.04793834506718261 0.06865149354752816 0.05195772368754543
679 0.02320675679220159 0.03164986927343542 0.07028093268270365
680 0.07094418905713416 0.04639652590240656 0.06490801406366914
681 0.07110693876984282 0.05462638082183018 0.07158193907914608
682 0.03902554631120884 0.04115449318491139 0.07631927893268173
683 0.04577815541916298 0.04617853612141725 0.04955383477158998
684 0.02527196539755601 0.03931692429643842 0.07646859614360554
685 0.03978636771495162 0.03385845335404352 0.06926151330715567
686 0.06950667755327407 0.03026486104902113 0.03262442759686149
687 0.04204858518992642 0.04982848107312039 0.07101667871655015
688 0.03717530477803391 0.04041235722375567 0.05132105909197499
689 0.03723722037421511 0.03854791865470143 0.04529027270904653
690 0.03297644223131044 0.03495402589384596 0.07646289161572642
691 0.06847753607133521 0.01347937613948854 0.02342927797768232
692 0.06356661291711081 0.0424061805780559 0.07459056897093318
693 0.01849239590832074 0.04569032738979628 0.07452289208770792
694 0.02640449577129126 0.05760829228063439 0.05127569836164439
695 0.03377268683382315 0.01054934210263996 0.07192698748064287
696 0.05805546513144534 0.02849316603662256 0.06047092090668543
697 0.05879339614022405 0.02078434602647021 0.05648201609972165
698 0.02751643672488233 0.02251240904677698 0.0691917183652712
699 0.06756239654823221 0.03314653738804178 0.07271842822300455
700 0.04819194680534337 0.03618213175332856 0.06693214775461594
701 0.00987943738062879 0.02431717488287759 0.07238089754880123
702 0.03217206482922051 0.05391796261492416 0.07608768962867529
703 0.04673830050827427 0.05149564428936412 0.06056540930917061
704 0.05560884064436789 0.05738990590653495 0.06220755270567208
705 0.03818561790854703 0.03182605354866717 0.05816594187539564
706 0.02013512751502555 0.0520874442923073 0.06197112573007923
707 0.02152049691365349 0.009688161258614183 0.03899044970579056
708 0.06664876502306848 0.05898774177487327 0.05826014602035544
709 0.03462336713689251 0.0320102122542899 0.04815068970687948
710 0.05681290631767023 0.05143717263544727 0.06638030254970893
711 0.0313426985578496 0.04265654991572247 0.05072754746301621
712 0.0486206241023153 0.05142601629591145 0.0718194928710963
713 0.03357751608147175 0.04619590806609909 0.06910965145939278
714 0.02755528097438817 0.05130682233229663 0.06067915768888264
715 0.04648528468553147 0.04119054766770223 0.0692616950100869
716 0.06510344651551371 0.04681628074323887 0.01295961197274171
717 0.03444388712365194 0.03449521597414756 0.05410152622371785
718 0.04144706187993018 0.0251043772303079 0.06238207467200792
719 0.07025331302890835 0.03667515271431628 0.05409739925945327
720 0.05532610292418809 0.03058873101381157 0.05181379661546964
721 0.03267674969491094 0.0158577674926799 0.05643160684820937
722 0.03627703927295969 0.04676115084044869 0.06434961486441852
723 0.02756012393335541 0.02488478213156239 0.07561010051134043
724 0.025925577925688 0.01576883222478719 0.07309275493016297
725 0.05362980602772319 0.00956651437130366 0.05222035423061826
726 0.02859976876162445 0.0620745701721977 0.06685722054860968
727 0.02565546952709252 0.05813249295982575 0.07478692287456351
728 0.05695716379205736 0.03570576281377046 0.0627903991741927
729 0.0349067910238483 0.01815286735698156 0.06738662686114999
730 0.05275366043148921 0.04557333630286643 0.05869766653664991
731 0.05842894713289555 0.04631094175005155 0.06255240791754094
732 0.03617996553518949 0.03103234671775527 0.0764108890792513
733 0.01508451795297825 0.03994652129677314 0.07060101146189439
734 0.04836163666778441 0.03626379170149465 0.07651561898230796
735 0.01788409692553991 0.07011792109395872 0.03056332066824514
736 0.04349712745393166 0.03691298343446663 0.0654541039071008
737 0.03556189465177519 0.04527381847242318 0.05922497894400743
738 0.03713972565042039 0.02589543252005578 0.04758190365639582
739 0.03259608247291641 0.01729940381536245 0.04356666315933003
740 0.04444616843555376 0.02003931090674978 0.0258809458986784
741 0.03041906052973019 0.03403885769768639 0.01217040114747779
742 0.02011011176132892 0.04253403974794048 0.04915847934140311
743 0.02086110104582646 0.02114593497349066 0.05717229770317011
744 0.04107682301166821 0.03959511039499797 0.07048788785269895
745 0.05239547307953977 0.05054968450883689 0.06125028130079434
746 0.04399370504310606 0.05736687254170196 0.05837978696537687
747 0.01176111977138721 0.05354233293746522 0.055317874683586
748 0.03927184770200387 0.04133702890821716 0.05756031970577829
749 0.05109960620043786 0.03959897536921783 0.05662928193949088
750 0.04100842737263775 0.04931481508783168 0.06092583675098085
751 0.06944695882723047 0.06877038804887582 0.04460758151571926
752 0.04277209868653287 0.03737661115150123 0.07650379831204192
753 0.03029233441627191 0.04355163165986265 0.07173384332720509
754 0.02139671811500243 0.04879993183251326 0.04143936281215888
755 0.03159377557406457 0.03122902887287233 0.05766613280561463
756 0.01134810827514892 0.06893457562758099 0.06911122048357102
757 0.0089243126667727 0.070009310253623 0.05332586582981629
758 0.05129985072840314 0.02824691408120313 0.06259730928451152
759 0.05308337905776163 0.03942714050705103 0.06173201754693489
760 0.05396559828606325 0.0502021790118387 0.0358004372329114
761 0.03602107600604117 0.03818293822704497 0.06844123905896755
762 0.03166598804153468 0.02792472624635895 0.07052927113426979
763 0.0156516692004557 0.01153504105600387 0.01165603407360434
764 0.01268631572204513 0.0251340952195495 0.01141933354354901
765 0.03830426945024057 0.05194975754313912 0.05305110465272016
766 0.03749668813341358 0.05734765915249856 0.0487893326067451
767 0.03883573109303872 0.02426131268818092 0.07075849548390986
768 0.05199621755130086 0.03183942381494541 0.07647356163130034
769 0.05028907032603609 0.03448347213690235 0.05487473615636369
770 0.02914073909714041 0.0387776509589671 0.05362697583942306
771 0.02606283228684473 0.0399326551563098 0.0490020059732082
772 0.01061037056438132 0.03210031630478925 0.03722986876243285
773 0.03092236728386518 0.04503599946475589 0.07643898778725007
774 0.04425863452156295 0.04235702847717546 0.02672704570321241
775 0.03695659746964431 0.05259329428111912 0.06487571197474606
776 0.01817401659843952 0.03203074561413727 0.07508015493466534
777 0.02637745391286638 0.03609960742066604 0.06895446448726431
778 0.04479997979433911 0.009836600621373906 0.07262095862920313
779 0.07023562194705549 0.02533235624849652 0.04549866565810225
780 0.05046158876301517 0.0401865984791431 0.01025049976635324
781 0.02462574955343793 0.008954714290905394 0.06236641635917094
782 0.03229299152994639 0.0710573956340774 0.06916598850435536
783 0.05859081813838292 0.02318222824636556 0.04512586475218584
784 0.04438244220772648 0.04491710181152487 0.0609659756342358
785 0.03434281616568555 0.02787849072690024 0.05456143479037095
786 0.02971916170374256 0.02475613534961178 0.05026515659423172
787 0.0318224755722516 0.06118371434060382 0.074790981836868
788 0.05723168402006985 0.04587256730192728 0.05337754291346465
789 0.02845261559549512 0.06869177105075944 0.01294715624420593
790 0.02779599450870314 0.0438243541047211 0.04448252170572425
791 0.06150249862901092 0.03109422562379952 0.0666071232616119
792 0.04756909609863683 0.06301873674342251 0.06151219738813751
793 0.05904737467085843 0.04284164525021724 0.04128161707205016
794 0.07047922131115375 0.04080814361218861 0.04329752492999899
795 0.04367493002511735 0.03252928845659663 0.0549094953177903
796 0.04383412447855829 0.06121564359583007 0.07327520105363781
797 0.02373388228061815 0.0381075975091533 0.05598262095961524
798 0.07018865893791225 0.06683877259967783 0.02857879220642523
799 0.05331049992996287 0.04352880269712892 0.07694057038042869
800 0.03408400140899477 0.03957570552542065 0.07648944486337385
801 0.007883011687384712 0.03462554279435773 0.07213376488634927
802 0.05111626149502094 0.05140952728725338 0.0761671696981981
803 0.05645298676958586 0.01550055114433424 0.0733854124279766
804 0.04381030889158434 0.04469444436487562 0.06727637117230055
805 0.02660608204067702 0.03886877045267179 0.07231993626356342
806 0.03290182959109045 0.02601661808941704 0.07663905109826795
807 0.03105561302013393 0.03791098231767797 0.07132270675640308
808 0.04166194097906851 0.04504496557903716 0.04353296748875779
809 0.04480094893794389 0.01165367949509082 0.05863820239599461
810 0.02792232713914573 0.03156133858569662 0.06698830002511745
811 0.03784364680277951 0.02783682006223141 0.06751158685981988
812 0.03260136601840709 0.0541074399406433 0.05700475694231584
813 0.0565778496583226 0.07024509848934829 0.0232622400856998
814 0.0170160014745361 0.04576670093382493 0.06233593694017945
815 0.0398707589269904 0.0489085646619024 0.07659184953070222
816 0.03505714577245468 0.04867138040230107 0.05509056830162094
817 0.03389092406282163 0.04760445508483549 0.05021855703180378
818 0.04554456938987813 0.02905088180766111 0.063251150560848
819 0.02128605872292814 0.02719505601157742 0.04605349266224418
820 0.02322494215809232 0.04251857814524625 0.07044446387812614
821 0.03903490464475214 0.02672696720994449 0.05766196390015139
822 0.03903322805251884 0.03573105865330765 0.04964837194486865
823 0.05772099731313048 0.01105727114426084 0.0400367924678042
824 0.072863966517699 0.04050625491488472 0.0726611986320365
825 0.03740977797856448 0.0483327116406389 0.0722342062338055
826 0.03389500363151074 0.03263971615712282 0.02715869477358504
827 0.0340458467866812 0.03924983870076329 0.05532462416357968
828 0.02033077432924492 0.05302763803470839 0.04859242225805295
829 0.03487210578755331 0.04990778443909271 0.07620740917230967
830 0.03311819971030311 0.05044175961493529 0.06766795519425242
831 0.05230898654910285 0.02239693610503041 0.06807343397477573
832 0.06831351350690304 0.04534747903086168 0.02768049819273735
833 0.02896413436621421 0.04599223531640461 0.05902040882277584
834 0.03276466214783698 0.0609822164568458 0.05492253910326523
835 0.04166322672636563 0.06317733186017122 0.05383501993015635
836 0.03908274067967742 0.07124460471169168 0.04396182535526841
837 0.04990510636979872 0.0389973384514827 0.06963224554165022
838 0.06777602011002368 0.02296439666046955 0.07224327727835249
839 0.01997433333631663 0.0463022783307355 0.05506664841132917
840 0.04980532451938611 0.03091970348167335 0.06617116172223722
841 0.05661991777635685 0.06775136413068054 0.07173031023419058
842 0.05448827344301234 0.03896942431516501 0.07034797733771493
843 0.03166843700980104 0.04507837413519445 0.05480713798932232
844 0.02813478059969016 0.03446851582542488 0.07633138976122826
845 0.07101546943396291 0.05653777251818902 0.04816377392936416
846 0.04931176569383477 0.04073772652669715 0.06479537845740928
847 0.0274018112149517 0.04366944256486643 0.06404684892183242
848 0.04591546053027135 0.06884735362153295 0.03078944687899554
849 0.0271503737478937 0.05335293127365208 0.01021509963249684
850 0.05146462439657378 0.03410034319793985 0.06364713827523096
851 0.009602071939058649 0.06114395020591009 0.02769233412170605
852 0.04550788993983421 0.0195223942536131 0.07566925547584936
853 0.04889552638276691 0.02674059155567667 0.04880813724291808
854 0.05163376726638126 0.02106951551580863 0.06002215208458856
855 0.04799426143217893 0.02575985006770827 0.009631023426120714
856 0.0296555697515905 0.04399255939401749 0.0226865691519742
857 0.05621032774044879 0.04755436568082191 0.07587883219097026
858 0.05153060753846955 0.02296648290064472 0.03851585965280491
859 0.044655684809765 0.02242116072108482 0.07092120895213745
860 0.04253939417743546 0.01589740294513829 0.06826299217365836
861 0.04607944748077991 0.02014342058490357 0.06494591193150644
862 0.03242453046335004 0.04883371228897834 0.05942283193850388
863 0.03944520350807622 0.05455704904580549 0.05866931178974846
864 0.04759827676301945 0.05647945570784182 0.06347098606570278
865 0.02443557784781203 0.04883717288708898 0.06464650792392769
866 0.0522332038457074 0.03248747843071555 0.06956278868913118
867 0.02479427352037842 0.05858902892327197 0.03776416545757489
868 0.009012216895870706 0.02639503828207556 0.06092058840538873
869 0.05334840141384353 0.02827908526507643 0.07366432458895995
870 0.03871192618419072 0.06582500633047378 0.07271568978523972
871 0.03415390389877548 0.01025758387005127 0.02769515810735829
872 0.05653073222115576 0.03418001970142427 0.07653070235098441
873 0.02902744629509648 0.05005686126948518 0.07612809634664365
874 0.04262936928738629 0.04478814611632961 0.07680469486979032
875 0.0187556340530359 0.03496049212317218 0.06270340628402998
876 0.02340043202885581 0.02254601468752227 0.01796791089056965
877 0.04290628673947134 0.02815391138474382 0.0766950795276045
878 0.03203293628679336 0.05669083606616155 0.06539796042493085
879 0.02599601781611133 0.06992989625543919 0.04096719695723014
880 0.04075672699897258 0.06007455583865005 0.06154004953242852
881 0.04757315431612723 0.05831221442249967 0.03586342037277637
882 0.07124533337065204 0.01177736471045365 0.03810104203640914
883 0.0402654765014229 0.04638346229654932 0.06807260935032489
884 0.04578856897041844 0.05465894561947535 0.07615777112366179
885 0.009705920920782589 0.01097813826419834 0.06804705711319795
886 0.06009747588520225 0.04380380583371497 0.06970335093183387
887 0.03460051244384688 0.07073678164812484 0.05485877324990812
888 0.0453435877067732 0.03378580888310247 0.07718719085307187
889 0.03451201947328246 0.008043163350422457 0.05136789928996471
890 0.04710187953905774 0.02931792358009222 0.05384317257241963
891 0.04238911037516053 0.02375925961858276 0.07617336811545664
892 0.05883234104139448 0.07132105237137758 0.05155323350011821
893 0.03531295017471681 0.02637112100365945 0.07290982085872477
894 0.02745603808446937 0.03308180175541214 0.04761214460650343
895 0.03609083534223751 0.05905150869098739 0.03815405461231042
896 0.05269685842440176 0.03696815239784997 0.07688812858075914
897 0.05185766214188046 0.01053722360850138 0.02673879129549432
898 0.01015975908699211 0.0460069340487561 0.07312971598571566
899 0.02988731495762424 0.04830524865021742 0.0636755458507112
900 0.02909018089776762 0.05230961188500845 0.06544849603108374
901 0.02397523085850234 0.03462559579461869 0.07470766219146571
902 0.0472376753087781 0.02697139767063518 0.05939637810123294
903 0.0205428281274053 0.0221172053483025 0.03643531196094602
904 0.05563861278021878 0.03679155409458908 0.05612594196509867
905 0.009753424383304191 0.04206201578466662 0.05558866803199707
906 0.03722566769108049 0.04392053684741009 0.07000354899306409
907 0.0230119728579294 0.04376299375044174 0.06488369789955398
908 0.01033742530441089 0.02559740166195853 0.02721130250686064
909 0.04719856283554472 0.01059590710282787 0.01241144667863612
910 0.05498012182186764 0.02785041331600316 0.0678911242206407
911 0.009571143903045849 0.01526356396970146 0.03806421066370837
912 0.02454575654734063 0.03953087863753887 0.06640849298409322
913 0.05566293770384251 0.05811826129546179 0.07535521996920475
914 0.04291377069071688 0.05607952795714164 0.05268216820148596
915 0.03618691574643821 0.05258397679081614 0.07177605359166429
916 0.06149064777428013 0.03628530933924547 0.07406595989728086
917 0.04783928764634286 0.04166918173557164 0.03692728194642492
918 0.03625105804551001 0.05600527594487113 0.07654526832865778
919 0.04334194693727842 0.02595771579093238 0.06689376387095011
920 0.05181680287285284 0.05012281257945328 0.05611452264462484
921 0.05404128740090852 0.05162863510695696 0.05153165237698267
922 0.02231267023480442 0.03849480901789874 0.06199030960477514
923 0.02671301059528793 0.02811413491810785 0.07080217643308287
924 0.06671831130389308 0.01109591880385056 0.01060879244924224
925 0.007916448424838813 0.05830239393650417 0.06906457576122535
926 0.02230614869984095 0.04279348476627048 0.07659791720233768
927 0.01025422088075242 0.03873691222904368 0.008920630287317658
928 0.04273561491191695 0.03058193819904966 0.04908855538301363
929 0.04167452585162845 0.04278932845228397 0.05268092309293385
930 0.04303281215269666 0.04798864838987403 0.05318694112407316
931 0.04012139681640736 0.01780004253820094 0.06090973170141897
932 0.004823587094690494 0.06299041037006513 0.004866448478061535
933 0.005322919416145967 0.007610819564099688 0.0446589995459881
934 0.07148330341746417 0.03690304462554238 0.006353800701259943
935 0.03921878737039594 0.07392068039515978 0.006124173418274337
936 0.03235641157579432 0.007973446985721454 0.007171810192664692
937 0.06575988620608075 0.004774212230338438 0.00469486566243547
938 0.005863759927011825 0.005118794045463461 0.0176216707264416
939 0.06335261040700729 0.07493019544842175 0.004704788118604555
940 0.006568538701898431 0.005598338761784889 0.05700912318028681
941 0.00568848285802593 0.01512874747221945 0.004904376831697972
942 0.07464179174599808 0.004975808566121046 0.01488609954302286
943 0.05485942788522954 0.07488044445770721 0.0754796482177745
944 0.01738667087876322 0.004994621967190337 0.004869915143961042
945 0.07537106016446032 0.004924376955025783 0.06503988182911928
946 0.07528308369695158 0.07526391112893757 0.06555688599003641
947 0.0743885857878671 0.03090499489583875 0.07581894597820447
948 0.03897526766871423 0.07288026844662827 0.07384670346834465
949 0.0747633792668692 0.01771843475557673 0.005288175785663019
950 0.008122384152688995 0.07298259144792231 0.02408680401337289
951 0.0546580008089976 0.00654932757601345 0.07404173001366386
952 0.01570300812911045 0.005375563678082959 0.07479225358603106
953 0.005243532122302014 0.06568805894819316 0.07509636793931559
954 0.00406661908921813 0.05149069337477363 0.0753861742418382
955 0.07343788149860624 0.01402809000816937 0.0742748924036804
956 0.02446499263127939 0.07519323235658865 0.07374349775815447
957 0.07485127551079723 0.06535413585603761 0.07464824813053017
958 0.01809043452469648 0.07429909660386963 0.00518513369228219
959 0.07500301754489966 0.07418308849466849 0.01614417633789441
960 0.004331297523971624 0.02903567016817451 0.07564248424033436
961 0.005095741717011945 0.01530096417608538 0.07476948677603507
962 0.007074593573177293 0.07217813194498368 0.03580638353383802
963 0.05202403599584256 0.07341761681350617 0.006066248517634122
964 0.07397389317901519 0.04849971169244661 0.005534370308022605
965 0.0741054359467679 0.005718468914397941 0.00547843228228959
966 0.06486723301999324 0.07492840810437686 0.0748825118678471
967 0.005021640042715778 0.07500615372734783 0.06558448862954482
968 0.02840980787515979 0.07573599525046339 0.005150501561180167
969 0.005266317514777429 0.02567420977373603 0.005032051232210585
970 0.07487176245377694 0.02910226469587945 0.005617015332314025
971 0.07502133654826626 0.07499732746194748 0.0561837270074527
972 0.02623063865994169 0.005693633928735104 0.07517762372660787
973 0.06513295938725146 0.00850925508574657 0.07371795587188826
974 0.05700270891037492 0.005290977100905345 0.007250801838384088
975 0.005859542675168744 0.07379546708874642 0.005701651116262048
976 0.07442252139592682 0.07446956382050246 0.07404842974180031
977 0.004881155015163665 0.07445394030763985 0.01462851461515582
978 0.005810877327082973 0.00632033207423215 0.07476551857254701
979 0.005671028419126417 0.07441248934227127 0.07444596877866222
980 0.006436478302015285 0.05176711354413779 0.006292720475185419
981 0.01496399755466827 0.075180893212862 0.07479892885889998
982 0.007294473100498384 0.006516144293063482 0.03203977160249614
983 0.006406377233526781 0.005587009860488654 0.005741220409811526
984 0.07406686136591668 0.07462952929533032 0.005683795329569068
985 0.07404729956424552 0.006154717154588654 0.07401124075589038
986 0.07418970692046004 0.005556677270778527 0.05362518526969164
987 0.07476565121221193 0.005451646540136991 0.02536754112532801
$EndNodes
$Elements
4352
1 4 2 1 1 570 696 491 697
2 4 2 1 1 637 660 527 719
3 4 2 1 1 150 708 542 751
4 4 2 1 1 483 629 526 652
5 4 2 1 1 407 554 632 732
6 4 2 1 1 639 718 562 821
7 4 2 1 1 628 726 488 565
8 4 2 1 1 635 557 520 884
9 4 2 1 1 546 705 476 821
10 4 2 1 1 324 884 557 635
11 4 2 1 1 594 625 700 866
12 4 2 1 1 418 615 558 734
13 4 2 1 1 476 651 517 795
14 4 2 1 1 407 344 554 732
15 4 2 1 1 476 517 705 795
16 4 2 1 1 532 736 575 504
17 4 2 1 1 575 736 466 504
18 4 2 1 1 850 671 529 758
19 4 2 1 1 650 831 485 869
20 4 2 1 1 544 576 777 912
21 4 2 1 1 616 907 505 922
22 4 2 1 1 657 539 759 846
23 4 2 1 1 554 744 685 761
24 4 2 1 1 144 691 686 593
25 4 2 1 1 475 531 515 590
26 4 2 1 1 485 818 625 840
27 4 2 1 1 137 699 824 527
28 4 2 1 1 475 515 531 593
29 4 2 1 1 117 523 927 668
30 4 2 1 1 347 567 354 844
31 4 2 1 1 117 523 668 591
32 4 2 1 1 468 578 661 866
33 4 2 1 1 785 500 639 821
34 4 2 1 1 554 685 643 761
35 4 2 1 1 119 563 519 747
36 4 2 1 1 850 671 758 506
37 4 2 1 1 541 712 482 520
38 4 2 1 1 476 717 517 822
39 4 2 1 1 475 574 515 593
40 4 2 1 1 471 666 688 817
41 4 2 1 1 850 671 506 662
42 4 2 1 1 506 625 818 840
43 4 2 1 1 476 517 651 822
44 4 2 1 1 600 831 650 869
45 4 2 1 1 482 541 535 712
46 4 2 1 1 532 575 736 744
47 4 2 1 1 115 763 114 764
48 4 2 1 1 672 886 680 692
49 4 2 1 1 344 690 554 732
50 4 2 1 1 981 451 979 756
51 4 2 1 1 115 763 764 599
52 4 2 1 1 570 601 497 697
53 4 2 1 1 418 615 734 342
54 4 2 1 1 899 713 510 722
55 4 2 1 1 625 840 700 866
56 4 2 1 1 660 680 527 719
57 4 2 1 1 470 718 619 811
58 4 2 1 1 544 617 576 912
59 4 2 1 1 494 724 205 781
60 4 2 1 1 981 451 75 979
61 4 2 1 1 899 713 722 830
62 4 2 1 1 613 739 188 889
63 4 2 1 1 850 671 662 529
64 4 2 1 1 500 619 718 811
65 4 2 1 1 708 751 150 845
66 4 2 1 1 117 523 591 96
67 4 2 1 1 634 806 654 893
68 4 2 1 1 979 3 451 75
69 4 2 1 1 515 574 475 740
70 4 2 1 1 114 88 123 763
71 4 2 1 1 517 476 705 717
72 4 2 1 1 504 532 784 804
73 4 2 1 1 503 694 572 867
74 4 2 1 1 575 466 736 744
75 4 2 1 1 625 866 584 485
76 4 2 1 1 489 550 621 677
77 4 2 1 1 569 562 718 902
78 4 2 1 1 672 680 886 481
79 4 2 1 1 486 749 662 769
80 4 2 1 1 554 498 744 761
81 4 2 1 1 529 662 749 769
82 4 2 1 1 932 308 975 620
83 4 2 1 1 741 780 669 515
84 4 2 1 1 528 605 582 843
85 4 2 1 1 533 555 664 797
86 4 2 1 1 658 730 539 595
87 4 2 1 1 411 600 564 650
88 4 2 1 1 533 589 462 894
89 4 2 1 1 525 688 666 689
90 4 2 1 1 188 739 613 871
91 4 2 1 1 137 699 527 491
92 4 2 1 1 334 648 412 346
93 4 2 1 1 625 840 866 485
94 4 2 1 1 351 584 650 877
95 4 2 1 1 528 582 833 843
96 4 2 1 1 899 713 830 597
97 4 2 1 1 941 114 123 763
98 4 2 1 1 527 731 659 886
99 4 2 1 1 941 307 298 763
100 4 2 1 1 489 531 621 858
101 4 2 1 1 932 308 32 975
102 4 2 1 1 567 624 354 844
103 4 2 1 1 419 618 548 926
104 4 2 1 1 557 606 520 687
105 4 2 1 1 210 871 763 599
106 4 2 1 1 512 628 253 756
107 4 2 1 1 594 625 866 584
108 4 2 1 1 972 781 724 695
109 4 2 1 1 275 855 593 780
110 4 2 1 1 616 664 495 543
111 4 2 1 1 975 32 4 308
112 4 2 1 1 939 306 984 638
113 4 2 1 1 939 306 74 984
114 4 2 1 1 285 574 593 855
115 4 2 1 1 588 917 677 489
116 4 2 1 1 354 624 567 723
117 4 2 1 1 558 615 356 633
118 4 2 1 1 118 523 764 927
119 4 2 1 1 462 533 555 664
120 4 2 1 1 899 713 597 510
121 4 2 1 1 741 780 515 855
122 4 2 1 1 245 583 638 813
123 4 2 1 1 93 563 119 747
124 4 2 1 1 275 855 780 284
125 4 2 1 1 984 8 306 74
126 4 2 1 1 609 636 495 827
127 4 2 1 1 539 659 657 759
128 4 2 1 1 503 828 694 867
129 4 2 1 1 657 759 468 846
130 4 2 1 1 119 747 519 757
131 4 2 1 1 944 307 983 763
132 4 2 1 1 708 751 483 892
133 4 2 1 1 344 338 554 690
134 4 2 1 1 102 519 563 591
135 4 2 1 1 118 523 927 117
136 4 2 1 1 406 648 690 844
137 4 2 1 1 344 338 407 554
138 4 2 1 1 210 871 599 190
139 4 2 1 1 680 681 672 692
140 4 2 1 1 548 648 346 684
141 4 2 1 1 944 307 57 983
142 4 2 1 1 657 659 468 759
143 4 2 1 1 486 646 769 587
144 4 2 1 1 471 688 711 817
145 4 2 1 1 465 528 582 833
146 4 2 1 1 577 775 750 722
147 4 2 1 1 491 637 527 719
148 4 2 1 1 57 2 983 307
149 4 2 1 1 577 469 775 722
150 4 2 1 1 385 576 684 901
151 4 2 1 1 619 767 470 811
152 4 2 1 1 554 643 498 761
153 4 2 1 1 476 705 546 795
154 4 2 1 1 406 648 341 690
155 4 2 1 1 497 509 725 697
156 4 2 1 1 535 541 482 710
157 4 2 1 1 347 690 567 844
158 4 2 1 1 107 932 87 620
159 4 2 1 1 938 123 88 763
160 4 2 1 1 497 509 195 725
161 4 2 1 1 718 821 546 562
162 4 2 1 1 466 568 685 602
163 4 2 1 1 942 216 965 33
164 4 2 1 1 932 289 270 620
165 4 2 1 1 938 215 763 179
166 4 2 1 1 594 625 584 499
167 4 2 1 1 495 603 636 543
168 4 2 1 1 466 636 568 602
169 4 2 1 1 785 639 500 640
170 4 2 1 1 474 652 608 794
171 4 2 1 1 580 695 501 781
172 4 2 1 1 469 722 577 883
173 4 2 1 1 767 811 619 893
174 4 2 1 1 468 659 657 842
175 4 2 1 1 502 554 643 732
176 4 2 1 1 88 599 938 763
177 4 2 1 1 529 749 662 759
178 4 2 1 1 648 800 690 807
179 4 2 1 1 602 685 761 643
180 4 2 1 1 205 494 952 724
181 4 2 1 1 280 668 927 741
182 4 2 1 1 594 625 499 700
183 4 2 1 1 533 505 555 797
184 4 2 1 1 339 554 338 682
185 4 2 1 1 602 761 685 466
186 4 2 1 1 747 757 925 565
187 4 2 1 1 360 545 600 869
188 4 2 1 1 280 741 669 849
189 4 2 1 1 505 653 555 875
190 4 2 1 1 616 622 495 770
191 4 2 1 1 503 537 674 766
192 4 2 1 1 216 33 6 965
193 4 2 1 1 388 618 693 647
194 4 2 1 1 841 631 249 542
195 4 2 1 1 942 216 924 965
196 4 2 1 1 800 773 334 649
197 4 2 1 1 385 684 576 926
198 4 2 1 1 818 485 758 840
199 4 2 1 1 844 807 648 690
200 4 2 1 1 629 663 508 683
201 4 2 1 1 563 591 519 754
202 4 2 1 1 741 849 668 856
203 4 2 1 1 622 827 770 843
204 4 2 1 1 39 985 449 955
205 4 2 1 1 145 542 150 708
206 4 2 1 1 39 985 955 170
207 4 2 1 1 938 983 123 763
208 4 2 1 1 356 366 558 633
209 4 2 1 1 366 418 356 558
210 4 2 1 1 188 707 739 871
211 4 2 1 1 501 721 580 781
212 4 2 1 1 938 201 10 179
213 4 2 1 1 107 980 620 668
214 4 2 1 1 463 671 529 769
215 4 2 1 1 657 842 659 513
216 4 2 1 1 411 650 564 852
217 4 2 1 1 670 736 532 504
218 4 2 1 1 643 690 800 807
219 4 2 1 1 419 548 618 873
220 4 2 1 1 351 584 877 348
221 4 2 1 1 973 955 985 601
222 4 2 1 1 642 857 513 799
223 4 2 1 1 463 529 671 758
224 4 2 1 1 466 685 744 761
225 4 2 1 1 938 982 109 10
226 4 2 1 1 466 736 670 504
227 4 2 1 1 80 976 450 966
228 4 2 1 1 642 857 799 436
229 4 2 1 1 537 694 582 812
230 4 2 1 1 575 667 761 906
231 4 2 1 1 467 777 805 912
232 4 2 1 1 502 643 567 732
233 4 2 1 1 658 730 595 464
234 4 2 1 1 245 963 638 583
235 4 2 1 1 851 950 735 620
236 4 2 1 1 601 697 570 491
237 4 2 1 1 528 622 616 770
238 4 2 1 1 504 784 577 804
239 4 2 1 1 341 690 648 800
240 4 2 1 1 750 784 665 464
241 4 2 1 1 492 679 559 604
242 4 2 1 1 507 723 442 806
243 4 2 1 1 976 966 542 450
244 4 2 1 1 281 280 669 849
245 4 2 1 1 504 532 670 784
246 4 2 1 1 558 480 513 657
247 4 2 1 1 602 643 502 685
248 4 2 1 1 811 685 568 602
249 4 2 1 1 80 976 966 260
250 4 2 1 1 354 723 567 806
251 4 2 1 1 476 709 717 822
252 4 2 1 1 275 855 284 285
253 4 2 1 1 658 730 464 745
254 4 2 1 1 63 1 443 978
255 4 2 1 1 938 599 179 763
256 4 2 1 1 275 855 285 593
257 4 2 1 1 734 584 349 888
258 4 2 1 1 497 509 697 601
259 4 2 1 1 737 843 833 862
260 4 2 1 1 466 568 610 736
261 4 2 1 1 506 610 568 736
262 4 2 1 1 662 671 486 769
263 4 2 1 1 734 349 584 768
264 4 2 1 1 418 615 342 356
265 4 2 1 1 658 784 532 804
266 4 2 1 1 144 163 593 686
267 4 2 1 1 610 795 517 651
268 4 2 1 1 707 739 552 889
269 4 2 1 1 703 658 745 541
270 4 2 1 1 950 962 851 735
271 4 2 1 1 280 668 741 849
272 4 2 1 1 145 708 150 845
273 4 2 1 1 622 833 737 843
274 4 2 1 1 765 817 666 816
275 4 2 1 1 830 899 592 722
276 4 2 1 1 507 767 619 893
277 4 2 1 1 114 763 941 764
278 4 2 1 1 339 554 682 752
279 4 2 1 1 498 643 554 800
280 4 2 1 1 407 632 381 732
281 4 2 1 1 952 978 443 885
282 4 2 1 1 407 632 554 752
283 4 2 1 1 519 591 102 851
284 4 2 1 1 532 736 715 744
285 4 2 1 1 529 671 662 769
286 4 2 1 1 952 978 885 217
287 4 2 1 1 491 527 137 719
288 4 2 1 1 357 457 369 624
289 4 2 1 1 338 554 690 800
290 4 2 1 1 959 262 984 638
291 4 2 1 1 667 722 713 906
292 4 2 1 1 366 558 633 799
293 4 2 1 1 574 593 475 691
294 4 2 1 1 959 262 45 984
295 4 2 1 1 509 174 182 823
296 4 2 1 1 190 599 707 871
297 4 2 1 1 653 733 493 898
298 4 2 1 1 606 687 557 915
299 4 2 1 1 618 647 598 693
300 4 2 1 1 504 722 577 750
301 4 2 1 1 544 664 616 543
302 4 2 1 1 489 590 531 858
303 4 2 1 1 984 45 8 262
304 4 2 1 1 554 690 643 732
305 4 2 1 1 789 248 236 627
306 4 2 1 1 486 795 610 651
307 4 2 1 1 797 875 664 922
308 4 2 1 1 718 562 546 902
309 4 2 1 1 324 884 635 444
310 4 2 1 1 355 354 624 844
311 4 2 1 1 502 567 643 762
312 4 2 1 1 715 736 499 744
313 4 2 1 1 598 618 548 597
314 4 2 1 1 96 523 772 908
315 4 2 1 1 520 606 557 635
316 4 2 1 1 977 261 975 21
317 4 2 1 1 355 347 354 844
318 4 2 1 1 593 686 475 691
319 4 2 1 1 763 871 876 599
320 4 2 1 1 575 804 532 504
321 4 2 1 1 730 759 539 595
322 4 2 1 1 515 475 590 740
323 4 2 1 1 368 379 844 901
324 4 2 1 1 577 712 541 520
325 4 2 1 1 962 851 735 519
326 4 2 1 1 962 851 519 83
327 4 2 1 1 604 923 679 559
328 4 2 1 1 261 21 4 975
329 4 2 1 1 818 758 485 569
330 4 2 1 1 594 642 545 842
331 4 2 1 1 564 650 600 831
332 4 2 1 1 816 843 737 862
333 4 2 1 1 539 745 658 541
334 4 2 1 1 503 572 537 766
335 4 2 1 1 543 636 609 602
336 4 2 1 1 410 682 649 874
337 4 2 1 1 518 717 709 822
338 4 2 1 1 400 768 734 896
339 4 2 1 1 477 739 707 871
340 4 2 1 1 577 784 658 804
341 4 2 1 1 605 711 528 771
342 4 2 1 1 457 559 369 624
343 4 2 1 1 336 649 682 800
344 4 2 1 1 556 688 666 817
345 4 2 1 1 494 501 604 698
346 4 2 1 1 546 476 623 821
347 4 2 1 1 350 650 584 768
348 4 2 1 1 517 717 688 822
349 4 2 1 1 483 526 629 612
350 4 2 1 1 500 603 602 636
351 4 2 1 1 977 261 620 975
352 4 2 1 1 649 815 410 874
353 4 2 1 1 137 680 527 824
354 4 2 1 1 941 307 983 27
355 4 2 1 1 657 659 539 513
356 4 2 1 1 118 523 117 96
357 4 2 1 1 608 680 660 719
358 4 2 1 1 664 797 555 875
359 4 2 1 1 983 2 27 307
360 4 2 1 1 612 629 483 678
361 4 2 1 1 789 236 248 264
362 4 2 1 1 643 514 690 807
363 4 2 1 1 586 763 218 871
364 4 2 1 1 495 622 609 827
365 4 2 1 1 499 632 554 685
366 4 2 1 1 703 745 658 464
367 4 2 1 1 551 639 562 821
368 4 2 1 1 941 307 763 983
369 4 2 1 1 338 339 407 554
370 4 2 1 1 242 676 631 841
371 4 2 1 1 119 99 747 757
372 4 2 1 1 115 763 599 88
373 4 2 1 1 606 635 571 915
374 4 2 1 1 636 717 495 827
375 4 2 1 1 635 571 915 918
376 4 2 1 1 471 737 816 843
377 4 2 1 1 147 509 601 491
378 4 2 1 1 558 513 480 633
379 4 2 1 1 512 519 694 565
380 4 2 1 1 554 632 499 752
381 4 2 1 1 665 784 561 464
382 4 2 1 1 616 622 528 833
383 4 2 1 1 210 871 190 218
384 4 2 1 1 517 636 609 827
385 4 2 1 1 669 849 741 856
386 4 2 1 1 499 625 584 632
387 4 2 1 1 546 623 476 795
388 4 2 1 1 444 635 796 884
389 4 2 1 1 542 751 708 892
390 4 2 1 1 979 26 3 263
391 4 2 1 1 979 967 26 263
392 4 2 1 1 506 818 758 840
393 4 2 1 1 811 685 602 502
394 4 2 1 1 487 623 551 562
395 4 2 1 1 127 970 593 934
396 4 2 1 1 480 577 687 712
397 4 2 1 1 120 962 950 23
398 4 2 1 1 702 915 571 918
399 4 2 1 1 979 967 263 756
400 4 2 1 1 309 62 6 965
401 4 2 1 1 551 785 639 821
402 4 2 1 1 229 751 612 798
403 4 2 1 1 371 614 802 633
404 4 2 1 1 543 810 603 602
405 4 2 1 1 667 498 761 906
406 4 2 1 1 372 378 802 377
407 4 2 1 1 583 627 248 789
408 4 2 1 1 486 662 595 670
409 4 2 1 1 83 851 519 102
410 4 2 1 1 838 570 491 601
411 4 2 1 1 763 876 871 586
412 4 2 1 1 701 494 885 868
413 4 2 1 1 464 596 595 561
414 4 2 1 1 547 650 859 485
415 4 2 1 1 937 965 62 309
416 4 2 1 1 498 643 800 807
417 4 2 1 1 986 152 509 601
418 4 2 1 1 938 983 9 123
419 4 2 1 1 757 219 24 244
420 4 2 1 1 614 633 480 712
421 4 2 1 1 486 646 749 769
422 4 2 1 1 180 940 14 885
423 4 2 1 1 253 512 240 628
424 4 2 1 1 502 632 554 732
425 4 2 1 1 496 550 677 793
426 4 2 1 1 339 407 554 752
427 4 2 1 1 516 659 539 759
428 4 2 1 1 338 682 554 800
429 4 2 1 1 418 615 356 558
430 4 2 1 1 545 661 578 866
431 4 2 1 1 425 346 648 684
432 4 2 1 1 937 965 309 924
433 4 2 1 1 348 584 877 888
434 4 2 1 1 406 412 341 648
435 4 2 1 1 302 741 280 927
436 4 2 1 1 257 566 631 676
437 4 2 1 1 531 593 515 780
438 4 2 1 1 39 985 170 5
439 4 2 1 1 625 818 485 919
440 4 2 1 1 586 282 876 741
441 4 2 1 1 851 950 620 113
442 4 2 1 1 471 622 737 843
443 4 2 1 1 449 985 5 68
444 4 2 1 1 457 624 357 723
445 4 2 1 1 473 591 563 754
446 4 2 1 1 616 505 907 585
447 4 2 1 1 973 985 449 68
448 4 2 1 1 458 600 545 699
449 4 2 1 1 547 650 584 877
450 4 2 1 1 137 699 491 151
451 4 2 1 1 582 812 714 862
452 4 2 1 1 352 567 347 690
453 4 2 1 1 575 667 906 722
454 4 2 1 1 464 595 596 730
455 4 2 1 1 973 838 413 955
456 4 2 1 1 467 805 820 912
457 4 2 1 1 976 44 7 450
458 4 2 1 1 346 648 548 773
459 4 2 1 1 844 807 690 514
460 4 2 1 1 957 976 450 44
461 4 2 1 1 643 690 567 732
462 4 2 1 1 186 613 188 889
463 4 2 1 1 592 812 522 862
464 4 2 1 1 602 603 500 478
465 4 2 1 1 521 626 606 520
466 4 2 1 1 498 682 554 744
467 4 2 1 1 516 728 759 904
468 4 2 1 1 210 871 218 763
469 4 2 1 1 335 649 410 682
470 4 2 1 1 695 724 501 781
471 4 2 1 1 544 777 576 679
472 4 2 1 1 957 976 542 450
473 4 2 1 1 502 643 554 685
474 4 2 1 1 80 976 260 7
475 4 2 1 1 662 749 595 759
476 4 2 1 1 516 728 659 759
477 4 2 1 1 472 629 612 678
478 4 2 1 1 627 735 236 789
479 4 2 1 1 336 649 800 334
480 4 2 1 1 934 593 127 716
481 4 2 1 1 770 827 711 843
482 4 2 1 1 15 978 961 443
483 4 2 1 1 913 378 802 535
484 4 2 1 1 385 684 379 901
485 4 2 1 1 972 781 695 212
486 4 2 1 1 173 656 707 911
487 4 2 1 1 619 639 500 718
488 4 2 1 1 354 358 723 806
489 4 2 1 1 24 25 757 244
490 4 2 1 1 480 577 712 541
491 4 2 1 1 188 613 187 871
492 4 2 1 1 621 677 550 793
493 4 2 1 1 386 684 385 926
494 4 2 1 1 515 774 531 780
495 4 2 1 1 180 13 14 940
496 4 2 1 1 508 630 629 683
497 4 2 1 1 357 624 354 723
498 4 2 1 1 557 635 915 918
499 4 2 1 1 973 497 803 601
500 4 2 1 1 532 700 662 846
501 4 2 1 1 610 670 486 651
502 4 2 1 1 15 978 1 124
503 4 2 1 1 586 282 741 294
504 4 2 1 1 595 662 532 670
505 4 2 1 1 495 664 616 797
506 4 2 1 1 604 640 603 478
507 4 2 1 1 632 381 654 877
508 4 2 1 1 717 709 785 589
509 4 2 1 1 118 523 96 908
510 4 2 1 1 302 280 301 927
511 4 2 1 1 577 722 504 883
512 4 2 1 1 938 88 109 599
513 4 2 1 1 280 278 281 669
514 4 2 1 1 164 691 144 593
515 4 2 1 1 739 786 530 819
516 4 2 1 1 559 624 457 723
517 4 2 1 1 857 802 378 535
518 4 2 1 1 665 765 666 816
519 4 2 1 1 568 610 506 818
520 4 2 1 1 466 636 602 609
521 4 2 1 1 466 744 575 761
522 4 2 1 1 102 563 94 591
523 4 2 1 1 527 692 680 886
524 4 2 1 1 608 660 474 719
525 4 2 1 1 137 527 680 719
526 4 2 1 1 687 712 577 520
527 4 2 1 1 603 664 495 755
528 4 2 1 1 517 670 610 651
529 4 2 1 1 513 633 558 799
530 4 2 1 1 548 452 926 684
531 4 2 1 1 94 563 607 772
532 4 2 1 1 608 719 474 794
533 4 2 1 1 667 713 498 906
534 4 2 1 1 471 711 688 827
535 4 2 1 1 509 174 823 882
536 4 2 1 1 481 731 527 886
537 4 2 1 1 800 773 649 498
538 4 2 1 1 572 879 512 887
539 4 2 1 1 480 712 633 513
540 4 2 1 1 567 690 352 732
541 4 2 1 1 633 712 614 802
542 4 2 1 1 430 418 558 896
543 4 2 1 1 700 850 468 866
544 4 2 1 1 594 734 584 768
545 4 2 1 1 368 844 624 901
546 4 2 1 1 418 366 430 558
547 4 2 1 1 594 700 468 866
548 4 2 1 1 470 639 619 718
549 4 2 1 1 700 846 715 837
550 4 2 1 1 346 425 452 684
551 4 2 1 1 664 755 603 462
552 4 2 1 1 1 978 15 443
553 4 2 1 1 628 647 488 727
554 4 2 1 1 575 667 722 609
555 4 2 1 1 418 734 558 896
556 4 2 1 1 526 652 629 760
557 4 2 1 1 582 817 816 843
558 4 2 1 1 519 565 747 828
559 4 2 1 1 548 452 684 346
560 4 2 1 1 468 662 700 846
561 4 2 1 1 508 472 674 766
562 4 2 1 1 961 978 15 124
563 4 2 1 1 496 663 629 683
564 4 2 1 1 961 978 885 443
565 4 2 1 1 47 46 798 243
566 4 2 1 1 567 732 352 806
567 4 2 1 1 544 664 604 875
568 4 2 1 1 482 712 675 520
569 4 2 1 1 638 959 798 159
570 4 2 1 1 668 741 523 927
571 4 2 1 1 578 468 850 866
572 4 2 1 1 885 978 961 124
573 4 2 1 1 643 762 567 514
574 4 2 1 1 220 798 47 751
575 4 2 1 1 115 763 88 114
576 4 2 1 1 204 987 942 691
577 4 2 1 1 379 684 844 901
578 4 2 1 1 557 635 606 915
579 4 2 1 1 279 669 280 741
580 4 2 1 1 204 987 691 197
581 4 2 1 1 785 640 755 462
582 4 2 1 1 882 197 987 35
583 4 2 1 1 499 625 632 685
584 4 2 1 1 354 347 352 567
585 4 2 1 1 373 410 649 815
586 4 2 1 1 121 933 911 656
587 4 2 1 1 798 959 638 243
588 4 2 1 1 556 711 688 817
589 4 2 1 1 244 25 757 224
590 4 2 1 1 757 962 83 24
591 4 2 1 1 496 550 646 677
592 4 2 1 1 971 150 542 751
593 4 2 1 1 35 34 197 987
594 4 2 1 1 585 528 616 839
595 4 2 1 1 419 773 548 873
596 4 2 1 1 510 737 622 833
597 4 2 1 1 467 820 597 907
598 4 2 1 1 483 751 708 845
599 4 2 1 1 595 662 486 749
600 4 2 1 1 515 780 593 855
601 4 2 1 1 489 588 553 928
602 4 2 1 1 987 691 197 882
603 4 2 1 1 195 509 182 725
604 4 2 1 1 550 587 720 769
605 4 2 1 1 177 509 195 601
606 4 2 1 1 465 833 714 585
607 4 2 1 1 177 986 945 37
608 4 2 1 1 174 986 36 882
609 4 2 1 1 730 759 516 539
610 4 2 1 1 592 644 522 812
611 4 2 1 1 596 646 496 550
612 4 2 1 1 638 984 171 56
613 4 2 1 1 548 820 598 597
614 4 2 1 1 757 925 565 756
615 4 2 1 1 364 614 874 423
616 4 2 1 1 769 795 671 486
617 4 2 1 1 467 543 807 777
618 4 2 1 1 499 615 558 715
619 4 2 1 1 558 615 499 734
620 4 2 1 1 572 503 867 895
621 4 2 1 1 809 778 580 211
622 4 2 1 1 472 914 766 508
623 4 2 1 1 220 798 751 229
624 4 2 1 1 508 663 629 914
625 4 2 1 1 37 36 181 986
626 4 2 1 1 366 430 558 799
627 4 2 1 1 364 614 423 403
628 4 2 1 1 602 500 619 478
629 4 2 1 1 514 567 690 844
630 4 2 1 1 769 795 486 587
631 4 2 1 1 463 769 529 720
632 4 2 1 1 177 986 37 181
633 4 2 1 1 471 665 666 816
634 4 2 1 1 174 986 882 509
635 4 2 1 1 468 700 837 846
636 4 2 1 1 533 742 505 797
637 4 2 1 1 371 614 633 403
638 4 2 1 1 615 480 633 558
639 4 2 1 1 608 794 652 845
640 4 2 1 1 152 986 509 882
641 4 2 1 1 177 509 601 986
642 4 2 1 1 349 350 584 768
643 4 2 1 1 525 587 651 822
644 4 2 1 1 485 831 650 859
645 4 2 1 1 254 735 879 519
646 4 2 1 1 286 669 583 849
647 4 2 1 1 315 673 841 542
648 4 2 1 1 227 751 542 892
649 4 2 1 1 486 651 646 587
650 4 2 1 1 945 214 985 601
651 4 2 1 1 545 699 600 791
652 4 2 1 1 553 590 477 530
653 4 2 1 1 245 939 638 963
654 4 2 1 1 423 815 614 874
655 4 2 1 1 492 544 576 679
656 4 2 1 1 658 784 577 703
657 4 2 1 1 407 408 381 632
658 4 2 1 1 537 605 582 694
659 4 2 1 1 563 473 607 772
660 4 2 1 1 532 595 670 784
661 4 2 1 1 271 937 61 62
662 4 2 1 1 716 531 780 593
663 4 2 1 1 492 544 604 875
664 4 2 1 1 488 628 565 647
665 4 2 1 1 360 545 458 600
666 4 2 1 1 609 737 722 504
667 4 2 1 1 474 904 516 550
668 4 2 1 1 945 214 38 985
669 4 2 1 1 576 805 777 912
670 4 2 1 1 666 688 556 689
671 4 2 1 1 634 507 806 893
672 4 2 1 1 810 923 679 604
673 4 2 1 1 527 660 659 731
674 4 2 1 1 188 186 187 613
675 4 2 1 1 964 153 638 716
676 4 2 1 1 5 38 214 985
677 4 2 1 1 918 915 829 702
678 4 2 1 1 605 528 742 771
679 4 2 1 1 552 786 739 819
680 4 2 1 1 468 661 578 728
681 4 2 1 1 519 747 565 757
682 4 2 1 1 809 854 497 725
683 4 2 1 1 462 819 786 743
684 4 2 1 1 635 520 796 884
685 4 2 1 1 589 709 518 717
686 4 2 1 1 737 504 609 748
687 4 2 1 1 554 632 502 685
688 4 2 1 1 487 581 623 562
689 4 2 1 1 597 667 510 713
690 4 2 1 1 658 730 745 539
691 4 2 1 1 685 736 466 744
692 4 2 1 1 541 535 712 513
693 4 2 1 1 486 651 587 795
694 4 2 1 1 638 306 984 56
695 4 2 1 1 568 625 506 736
696 4 2 1 1 404 358 354 806
697 4 2 1 1 800 773 498 648
698 4 2 1 1 962 83 519 757
699 4 2 1 1 363 600 650 869
700 4 2 1 1 127 970 934 53
701 4 2 1 1 618 693 548 926
702 4 2 1 1 310 936 265 586
703 4 2 1 1 430 558 642 896
704 4 2 1 1 478 698 619 762
705 4 2 1 1 891 877 650 547
706 4 2 1 1 495 609 622 543
707 4 2 1 1 531 774 490 780
708 4 2 1 1 466 705 636 517
709 4 2 1 1 56 8 306 984
710 4 2 1 1 504 575 804 883
711 4 2 1 1 584 594 499 734
712 4 2 1 1 688 717 517 827
713 4 2 1 1 935 245 583 963
714 4 2 1 1 482 535 675 712
715 4 2 1 1 567 723 624 923
716 4 2 1 1 504 804 577 883
717 4 2 1 1 649 753 498 773
718 4 2 1 1 500 602 811 568
719 4 2 1 1 248 627 583 848
720 4 2 1 1 549 696 697 491
721 4 2 1 1 458 545 872 916
722 4 2 1 1 605 828 742 839
723 4 2 1 1 517 688 651 822
724 4 2 1 1 188 739 707 889
725 4 2 1 1 935 245 963 72
726 4 2 1 1 254 512 519 879
727 4 2 1 1 229 798 612 813
728 4 2 1 1 938 215 983 763
729 4 2 1 1 938 215 9 983
730 4 2 1 1 357 354 358 723
731 4 2 1 1 466 705 517 610
732 4 2 1 1 477 707 599 871
733 4 2 1 1 648 498 753 773
734 4 2 1 1 550 769 646 587
735 4 2 1 1 983 9 2 215
736 4 2 1 1 243 798 229 813
737 4 2 1 1 442 405 507 806
738 4 2 1 1 94 563 92 607
739 4 2 1 1 744 804 575 536
740 4 2 1 1 96 772 523 591
741 4 2 1 1 551 739 721 786
742 4 2 1 1 938 201 982 10
743 4 2 1 1 472 678 612 836
744 4 2 1 1 467 820 753 597
745 4 2 1 1 173 982 933 911
746 4 2 1 1 544 810 603 543
747 4 2 1 1 706 560 488 714
748 4 2 1 1 707 982 173 911
749 4 2 1 1 465 714 833 582
750 4 2 1 1 913 802 378 377
751 4 2 1 1 605 742 528 839
752 4 2 1 1 519 591 851 867
753 4 2 1 1 475 593 531 686
754 4 2 1 1 251 253 628 756
755 4 2 1 1 982 11 10 201
756 4 2 1 1 715 804 744 536
757 4 2 1 1 259 583 245 813
758 4 2 1 1 938 201 599 982
759 4 2 1 1 665 750 504 784
760 4 2 1 1 319 672 681 692
761 4 2 1 1 218 936 586 176
762 4 2 1 1 734 768 594 896
763 4 2 1 1 707 982 911 599
764 4 2 1 1 505 555 653 905
765 4 2 1 1 538 678 629 835
766 4 2 1 1 471 711 827 843
767 4 2 1 1 245 939 963 73
768 4 2 1 1 464 595 784 561
769 4 2 1 1 753 820 548 597
770 4 2 1 1 482 676 631 792
771 4 2 1 1 444 796 675 884
772 4 2 1 1 499 632 584 888
773 4 2 1 1 488 714 560 900
774 4 2 1 1 521 606 644 775
775 4 2 1 1 663 703 611 464
776 4 2 1 1 956 435 981 628
777 4 2 1 1 791 570 600 910
778 4 2 1 1 485 869 831 910
779 4 2 1 1 537 816 582 817
780 4 2 1 1 282 741 764 876
781 4 2 1 1 632 654 381 732
782 4 2 1 1 688 711 518 827
783 4 2 1 1 505 555 797 875
784 4 2 1 1 533 555 505 607
785 4 2 1 1 582 605 817 843
786 4 2 1 1 571 606 775 878
787 4 2 1 1 575 667 609 761
788 4 2 1 1 346 548 419 773
789 4 2 1 1 575 744 536 906
790 4 2 1 1 681 692 680 824
791 4 2 1 1 488 560 878 900
792 4 2 1 1 510 667 609 722
793 4 2 1 1 62 271 937 309
794 4 2 1 1 572 867 694 879
795 4 2 1 1 956 435 76 981
796 4 2 1 1 523 741 668 856
797 4 2 1 1 781 580 889 721
798 4 2 1 1 981 75 435 76
799 4 2 1 1 353 650 350 768
800 4 2 1 1 284 780 279 855
801 4 2 1 1 202 897 909 871
802 4 2 1 1 656 534 743 552
803 4 2 1 1 536 815 649 874
804 4 2 1 1 495 622 616 543
805 4 2 1 1 465 582 528 605
806 4 2 1 1 741 780 855 279
807 4 2 1 1 495 616 770 797
808 4 2 1 1 981 979 263 756
809 4 2 1 1 408 381 632 877
810 4 2 1 1 517 717 636 827
811 4 2 1 1 757 925 756 85
812 4 2 1 1 514 624 567 844
813 4 2 1 1 294 741 586 855
814 4 2 1 1 500 718 568 811
815 4 2 1 1 981 979 75 263
816 4 2 1 1 716 531 593 832
817 4 2 1 1 477 871 599 876
818 4 2 1 1 781 889 580 194
819 4 2 1 1 407 343 632 752
820 4 2 1 1 826 461 641 530
821 4 2 1 1 279 280 669 278
822 4 2 1 1 473 607 772 819
823 4 2 1 1 172 686 691 882
824 4 2 1 1 504 748 670 466
825 4 2 1 1 464 784 658 703
826 4 2 1 1 218 936 176 200
827 4 2 1 1 854 463 581 562
828 4 2 1 1 592 714 812 862
829 4 2 1 1 515 593 574 855
830 4 2 1 1 341 648 412 800
831 4 2 1 1 435 981 628 756
832 4 2 1 1 646 677 525 683
833 4 2 1 1 486 670 595 561
834 4 2 1 1 717 785 709 476
835 4 2 1 1 638 153 964 55
836 4 2 1 1 537 572 503 694
837 4 2 1 1 891 650 877 361
838 4 2 1 1 467 543 777 912
839 4 2 1 1 517 610 705 795
840 4 2 1 1 603 664 544 543
841 4 2 1 1 510 737 833 862
842 4 2 1 1 253 512 756 757
843 4 2 1 1 483 629 538 678
844 4 2 1 1 508 472 630 674
845 4 2 1 1 107 620 116 668
846 4 2 1 1 300 620 289 668
847 4 2 1 1 30 289 980 927
848 4 2 1 1 470 619 729 767
849 4 2 1 1 639 640 551 721
850 4 2 1 1 932 289 980 31
851 4 2 1 1 579 583 490 669
852 4 2 1 1 971 131 946 542
853 4 2 1 1 412 406 425 648
854 4 2 1 1 826 641 461 573
855 4 2 1 1 610 670 517 466
856 4 2 1 1 272 298 307 763
857 4 2 1 1 568 506 625 818
858 4 2 1 1 974 178 61 937
859 4 2 1 1 107 87 116 620
860 4 2 1 1 300 270 289 620
861 4 2 1 1 474 793 652 794
862 4 2 1 1 370 366 365 633
863 4 2 1 1 30 31 980 289
864 4 2 1 1 524 713 649 753
865 4 2 1 1 286 583 789 849
866 4 2 1 1 819 743 534 552
867 4 2 1 1 932 289 620 980
868 4 2 1 1 510 713 667 722
869 4 2 1 1 495 755 664 589
870 4 2 1 1 533 819 473 894
871 4 2 1 1 774 760 579 917
872 4 2 1 1 373 410 335 649
873 4 2 1 1 190 599 209 707
874 4 2 1 1 657 715 658 846
875 4 2 1 1 841 249 631 242
876 4 2 1 1 727 571 702 873
877 4 2 1 1 368 385 379 901
878 4 2 1 1 289 668 980 927
879 4 2 1 1 783 858 823 581
880 4 2 1 1 980 289 620 668
881 4 2 1 1 776 801 394 428
882 4 2 1 1 582 843 816 862
883 4 2 1 1 528 770 616 797
884 4 2 1 1 809 778 211 497
885 4 2 1 1 642 857 436 692
886 4 2 1 1 552 534 819 903
887 4 2 1 1 579 583 479 627
888 4 2 1 1 559 679 624 923
889 4 2 1 1 259 848 583 813
890 4 2 1 1 541 704 482 710
891 4 2 1 1 595 759 539 846
892 4 2 1 1 723 762 567 806
893 4 2 1 1 776 394 801 701
894 4 2 1 1 463 853 562 890
895 4 2 1 1 592 812 714 560
896 4 2 1 1 496 596 663 683
897 4 2 1 1 584 632 547 877
898 4 2 1 1 20 3 451 979
899 4 2 1 1 502 643 602 762
900 4 2 1 1 886 857 642 692
901 4 2 1 1 749 759 529 904
902 4 2 1 1 220 798 229 243
903 4 2 1 1 694 828 519 867
904 4 2 1 1 953 979 20 451
905 4 2 1 1 832 716 163 593
906 4 2 1 1 604 640 501 743
907 4 2 1 1 337 339 338 682
908 4 2 1 1 532 658 715 846
909 4 2 1 1 448 507 724 723
910 4 2 1 1 688 717 518 822
911 4 2 1 1 938 201 179 599
912 4 2 1 1 282 741 302 764
913 4 2 1 1 492 544 679 604
914 4 2 1 1 611 750 665 464
915 4 2 1 1 508 674 666 765
916 4 2 1 1 519 747 563 828
917 4 2 1 1 577 784 750 703
918 4 2 1 1 718 919 861 569
919 4 2 1 1 861 919 718 470
920 4 2 1 1 476 709 822 928
921 4 2 1 1 934 275 593 716
922 4 2 1 1 533 462 555 819
923 4 2 1 1 953 979 451 756
924 4 2 1 1 495 664 603 543
925 4 2 1 1 217 14 1 978
926 4 2 1 1 163 716 832 162
927 4 2 1 1 802 513 633 712
928 4 2 1 1 590 553 740 858
929 4 2 1 1 615 480 558 715
930 4 2 1 1 711 770 518 827
931 4 2 1 1 702 829 524 915
932 4 2 1 1 530 473 819 894
933 4 2 1 1 478 619 602 762
934 4 2 1 1 664 589 755 462
935 4 2 1 1 532 658 595 784
936 4 2 1 1 482 631 673 704
937 4 2 1 1 403 371 365 633
938 4 2 1 1 499 685 554 744
939 4 2 1 1 612 678 230 836
940 4 2 1 1 596 730 595 749
941 4 2 1 1 616 664 544 922
942 4 2 1 1 944 307 763 272
943 4 2 1 1 809 854 725 581
944 4 2 1 1 972 205 952 724
945 4 2 1 1 717 770 518 589
946 4 2 1 1 500 602 619 811
947 4 2 1 1 510 722 609 737
948 4 2 1 1 407 343 408 632
949 4 2 1 1 736 662 532 700
950 4 2 1 1 596 646 561 683
951 4 2 1 1 584 866 768 869
952 4 2 1 1 117 927 107 668
953 4 2 1 1 466 685 568 736
954 4 2 1 1 510 616 833 622
955 4 2 1 1 736 662 700 506
956 4 2 1 1 217 1 63 978
957 4 2 1 1 524 753 649 773
958 4 2 1 1 952 978 217 63
959 4 2 1 1 593 716 275 780
960 4 2 1 1 236 735 256 789
961 4 2 1 1 518 717 688 827
962 4 2 1 1 958 261 975 620
963 4 2 1 1 649 682 536 874
964 4 2 1 1 568 818 625 919
965 4 2 1 1 504 750 577 784
966 4 2 1 1 480 687 804 536
967 4 2 1 1 591 519 754 867
968 4 2 1 1 480 658 657 715
969 4 2 1 1 546 623 795 890
970 4 2 1 1 626 511 645 880
971 4 2 1 1 205 494 781 885
972 4 2 1 1 498 800 648 807
973 4 2 1 1 161 133 153 638
974 4 2 1 1 696 791 578 910
975 4 2 1 1 551 640 639 785
976 4 2 1 1 807 602 643 514
977 4 2 1 1 497 509 601 195
978 4 2 1 1 570 831 600 910
979 4 2 1 1 606 796 635 520
980 4 2 1 1 615 682 340 874
981 4 2 1 1 701 492 494 868
982 4 2 1 1 561 748 670 784
983 4 2 1 1 978 217 14 885
984 4 2 1 1 623 476 785 821
985 4 2 1 1 629 630 496 683
986 4 2 1 1 405 654 634 806
987 4 2 1 1 480 657 558 715
988 4 2 1 1 82 653 493 898
989 4 2 1 1 950 226 977 22
990 4 2 1 1 480 687 577 804
991 4 2 1 1 366 633 370 799
992 4 2 1 1 235 512 879 887
993 4 2 1 1 602 543 810 514
994 4 2 1 1 977 21 22 226
995 4 2 1 1 615 682 536 744
996 4 2 1 1 646 677 550 587
997 4 2 1 1 694 519 828 565
998 4 2 1 1 575 504 722 883
999 4 2 1 1 340 339 337 682
1000 4 2 1 1 479 735 627 789
1001 4 2 1 1 977 261 21 226
1002 4 2 1 1 765 817 674 666
1003 4 2 1 1 310 282 299 876
1004 4 2 1 1 526 629 612 760
1005 4 2 1 1 498 554 682 800
1006 4 2 1 1 864 577 703 541
1007 4 2 1 1 498 682 744 906
1008 4 2 1 1 592 522 775 722
1009 4 2 1 1 528 797 616 839
1010 4 2 1 1 606 796 511 635
1011 4 2 1 1 567 762 723 923
1012 4 2 1 1 561 596 683 464
1013 4 2 1 1 376 618 419 926
1014 4 2 1 1 649 713 498 753
1015 4 2 1 1 473 772 655 819
1016 4 2 1 1 585 528 839 465
1017 4 2 1 1 538 629 663 914
1018 4 2 1 1 950 226 620 977
1019 4 2 1 1 932 125 87 620
1020 4 2 1 1 127 593 163 716
1021 4 2 1 1 95 94 607 772
1022 4 2 1 1 487 581 553 623
1023 4 2 1 1 630 683 508 808
1024 4 2 1 1 588 917 489 590
1025 4 2 1 1 658 703 577 541
1026 4 2 1 1 654 767 634 893
1027 4 2 1 1 604 923 559 698
1028 4 2 1 1 944 215 206 763
1029 4 2 1 1 634 426 891 654
1030 4 2 1 1 971 223 542 946
1031 4 2 1 1 507 729 619 767
1032 4 2 1 1 533 607 505 742
1033 4 2 1 1 650 353 363 869
1034 4 2 1 1 106 933 656 940
1035 4 2 1 1 952 494 205 885
1036 4 2 1 1 857 378 802 372
1037 4 2 1 1 977 975 125 21
1038 4 2 1 1 504 750 737 722
1039 4 2 1 1 409 654 381 877
1040 4 2 1 1 646 651 561 929
1041 4 2 1 1 642 661 545 842
1042 4 2 1 1 516 730 539 731
1043 4 2 1 1 463 853 581 562
1044 4 2 1 1 687 606 469 915
1045 4 2 1 1 260 50 7 976
1046 4 2 1 1 976 260 542 966
1047 4 2 1 1 490 760 612 881
1048 4 2 1 1 663 683 596 464
1049 4 2 1 1 543 807 777 514
1050 4 2 1 1 501 698 494 724
1051 4 2 1 1 506 610 736 670
1052 4 2 1 1 578 529 758 850
1053 4 2 1 1 163 164 144 593
1054 4 2 1 1 786 819 552 743
1055 4 2 1 1 946 976 50 260
1056 4 2 1 1 576 820 805 912
1057 4 2 1 1 712 802 675 884
1058 4 2 1 1 323 635 787 870
1059 4 2 1 1 603 636 500 755
1060 4 2 1 1 578 758 696 910
1061 4 2 1 1 946 976 260 542
1062 4 2 1 1 302 764 741 927
1063 4 2 1 1 4 69 975 308
1064 4 2 1 1 271 937 309 924
1065 4 2 1 1 275 276 284 780
1066 4 2 1 1 643 690 554 800
1067 4 2 1 1 310 763 586 876
1068 4 2 1 1 107 927 117 81
1069 4 2 1 1 161 638 153 716
1070 4 2 1 1 465 582 605 694
1071 4 2 1 1 705 717 476 785
1072 4 2 1 1 514 567 624 923
1073 4 2 1 1 786 640 551 785
1074 4 2 1 1 802 513 712 535
1075 4 2 1 1 95 94 92 607
1076 4 2 1 1 718 818 569 902
1077 4 2 1 1 499 715 558 837
1078 4 2 1 1 550 749 646 769
1079 4 2 1 1 453 796 635 870
1080 4 2 1 1 535 513 672 857
1081 4 2 1 1 495 636 603 755
1082 4 2 1 1 932 308 620 270
1083 4 2 1 1 687 883 804 536
1084 4 2 1 1 463 696 529 758
1085 4 2 1 1 500 636 602 568
1086 4 2 1 1 687 469 606 577
1087 4 2 1 1 591 668 117 851
1088 4 2 1 1 176 936 586 909
1089 4 2 1 1 465 828 605 839
1090 4 2 1 1 505 607 555 905
1091 4 2 1 1 974 178 199 61
1092 4 2 1 1 757 925 85 99
1093 4 2 1 1 500 640 603 755
1094 4 2 1 1 471 827 622 843
1095 4 2 1 1 480 614 687 536
1096 4 2 1 1 519 851 735 867
1097 4 2 1 1 740 897 871 909
1098 4 2 1 1 463 696 697 720
1099 4 2 1 1 666 765 665 930
1100 4 2 1 1 460 411 564 852
1101 4 2 1 1 487 185 613 725
1102 4 2 1 1 958 975 69 308
1103 4 2 1 1 463 720 581 853
1104 4 2 1 1 489 553 853 928
1105 4 2 1 1 958 975 308 620
1106 4 2 1 1 585 528 465 833
1107 4 2 1 1 271 974 937 924
1108 4 2 1 1 369 624 559 776
1109 4 2 1 1 490 583 579 848
1110 4 2 1 1 471 737 622 748
1111 4 2 1 1 604 923 698 478
1112 4 2 1 1 833 843 582 862
1113 4 2 1 1 546 818 718 902
1114 4 2 1 1 464 611 750 703
1115 4 2 1 1 536 744 682 906
1116 4 2 1 1 152 509 167 882
1117 4 2 1 1 644 775 606 878
1118 4 2 1 1 119 519 83 757
1119 4 2 1 1 617 598 733 820
1120 4 2 1 1 281 301 280 849
1121 4 2 1 1 579 583 627 848
1122 4 2 1 1 473 530 641 894
1123 4 2 1 1 479 627 583 789
1124 4 2 1 1 524 571 702 915
1125 4 2 1 1 526 483 652 845
1126 4 2 1 1 860 861 809 931
1127 4 2 1 1 480 687 614 712
1128 4 2 1 1 596 749 646 550
1129 4 2 1 1 535 482 673 710
1130 4 2 1 1 491 601 147 838
1131 4 2 1 1 485 569 758 831
1132 4 2 1 1 563 591 473 772
1133 4 2 1 1 522 644 592 775
1134 4 2 1 1 271 974 924 291
1135 4 2 1 1 875 576 544 617
1136 4 2 1 1 927 301 289 668
1137 4 2 1 1 546 821 718 568
1138 4 2 1 1 973 497 601 203
1139 4 2 1 1 351 650 361 877
1140 4 2 1 1 564 778 497 803
1141 4 2 1 1 462 604 603 664
1142 4 2 1 1 469 713 830 722
1143 4 2 1 1 585 616 505 839
1144 4 2 1 1 498 682 649 800
1145 4 2 1 1 615 734 342 752
1146 4 2 1 1 561 683 646 929
1147 4 2 1 1 632 877 584 888
1148 4 2 1 1 61 974 291 60
1149 4 2 1 1 974 291 60 909
1150 4 2 1 1 974 291 909 924
1151 4 2 1 1 68 973 67 317
1152 4 2 1 1 282 764 299 876
1153 4 2 1 1 520 687 606 577
1154 4 2 1 1 927 289 301 268
1155 4 2 1 1 83 757 24 104
1156 4 2 1 1 478 602 603 810
1157 4 2 1 1 449 973 68 317
1158 4 2 1 1 513 558 657 842
1159 4 2 1 1 986 132 601 945
1160 4 2 1 1 973 951 67 317
1161 4 2 1 1 502 654 632 732
1162 4 2 1 1 973 955 413 449
1163 4 2 1 1 516 637 659 728
1164 4 2 1 1 256 950 620 735
1165 4 2 1 1 480 658 715 804
1166 4 2 1 1 222 245 259 583
1167 4 2 1 1 659 513 842 886
1168 4 2 1 1 575 804 883 536
1169 4 2 1 1 511 626 645 870
1170 4 2 1 1 973 951 317 803
1171 4 2 1 1 705 785 476 821
1172 4 2 1 1 218 936 200 763
1173 4 2 1 1 525 651 646 929
1174 4 2 1 1 420 576 693 926
1175 4 2 1 1 470 639 718 931
1176 4 2 1 1 666 688 525 929
1177 4 2 1 1 531 515 590 774
1178 4 2 1 1 624 679 559 776
1179 4 2 1 1 121 933 656 106
1180 4 2 1 1 463 696 758 854
1181 4 2 1 1 185 725 487 809
1182 4 2 1 1 547 584 485 625
1183 4 2 1 1 598 820 617 907
1184 4 2 1 1 706 560 714 465
1185 4 2 1 1 215 179 206 763
1186 4 2 1 1 254 219 519 757
1187 4 2 1 1 765 817 816 537
1188 4 2 1 1 705 755 717 785
1189 4 2 1 1 218 936 763 586
1190 4 2 1 1 532 715 658 804
1191 4 2 1 1 534 656 121 911
1192 4 2 1 1 420 733 576 776
1193 4 2 1 1 310 299 763 876
1194 4 2 1 1 370 802 857 633
1195 4 2 1 1 474 637 516 904
1196 4 2 1 1 151 699 491 838
1197 4 2 1 1 93 119 99 747
1198 4 2 1 1 588 917 590 461
1199 4 2 1 1 490 526 612 760
1200 4 2 1 1 413 973 449 317
1201 4 2 1 1 977 261 226 620
1202 4 2 1 1 499 558 594 837
1203 4 2 1 1 472 914 508 629
1204 4 2 1 1 558 594 642 896
1205 4 2 1 1 529 696 578 758
1206 4 2 1 1 555 607 533 819
1207 4 2 1 1 521 520 606 577
1208 4 2 1 1 882 987 154 35
1209 4 2 1 1 162 127 163 716
1210 4 2 1 1 568 685 625 736
1211 4 2 1 1 485 866 584 869
1212 4 2 1 1 671 758 818 902
1213 4 2 1 1 462 603 604 640
1214 4 2 1 1 830 571 524 915
1215 4 2 1 1 579 479 573 895
1216 4 2 1 1 665 765 611 930
1217 4 2 1 1 318 972 952 724
1218 4 2 1 1 748 688 517 827
1219 4 2 1 1 318 972 724 396
1220 4 2 1 1 340 615 342 752
1221 4 2 1 1 65 972 64 396
1222 4 2 1 1 385 576 420 926
1223 4 2 1 1 173 656 208 707
1224 4 2 1 1 517 705 636 717
1225 4 2 1 1 516 637 728 904
1226 4 2 1 1 481 672 680 681
1227 4 2 1 1 65 972 396 695
1228 4 2 1 1 472 612 629 881
1229 4 2 1 1 335 337 336 682
1230 4 2 1 1 207 552 656 781
1231 4 2 1 1 652 794 526 845
1232 4 2 1 1 408 348 877 888
1233 4 2 1 1 467 807 543 667
1234 4 2 1 1 259 848 813 237
1235 4 2 1 1 539 731 730 745
1236 4 2 1 1 474 660 608 788
1237 4 2 1 1 499 744 554 752
1238 4 2 1 1 741 764 523 927
1239 4 2 1 1 530 473 655 819
1240 4 2 1 1 174 986 509 181
1241 4 2 1 1 626 676 482 792
1242 4 2 1 1 707 982 599 209
1243 4 2 1 1 481 527 680 886
1244 4 2 1 1 482 631 676 841
1245 4 2 1 1 174 36 35 882
1246 4 2 1 1 718 818 546 568
1247 4 2 1 1 396 695 972 724
1248 4 2 1 1 614 557 687 815
1249 4 2 1 1 479 583 579 669
1250 4 2 1 1 473 563 607 742
1251 4 2 1 1 565 628 512 756
1252 4 2 1 1 670 748 504 784
1253 4 2 1 1 822 928 587 651
1254 4 2 1 1 473 591 573 655
1255 4 2 1 1 510 616 622 543
1256 4 2 1 1 475 621 531 858
1257 4 2 1 1 949 169 924 965
1258 4 2 1 1 492 559 679 776
1259 4 2 1 1 471 816 666 817
1260 4 2 1 1 408 877 632 888
1261 4 2 1 1 928 890 795 623
1262 4 2 1 1 524 829 825 915
1263 4 2 1 1 179 9 10 938
1264 4 2 1 1 612 760 629 881
1265 4 2 1 1 380 458 872 916
1266 4 2 1 1 486 671 662 670
1267 4 2 1 1 509 697 601 491
1268 4 2 1 1 951 497 203 196
1269 4 2 1 1 521 775 644 863
1270 4 2 1 1 611 663 538 703
1271 4 2 1 1 194 695 580 781
1272 4 2 1 1 971 223 946 49
1273 4 2 1 1 971 223 49 227
1274 4 2 1 1 174 986 181 36
1275 4 2 1 1 227 48 49 971
1276 4 2 1 1 405 634 507 806
1277 4 2 1 1 185 613 889 487
1278 4 2 1 1 483 704 631 538
1279 4 2 1 1 303 288 266 583
1280 4 2 1 1 318 494 397 724
1281 4 2 1 1 139 794 608 845
1282 4 2 1 1 499 584 734 888
1283 4 2 1 1 106 933 940 12
1284 4 2 1 1 94 591 563 772
1285 4 2 1 1 547 584 625 632
1286 4 2 1 1 531 590 489 917
1287 4 2 1 1 673 704 631 708
1288 4 2 1 1 288 269 939 638
1289 4 2 1 1 595 539 658 846
1290 4 2 1 1 936 59 265 60
1291 4 2 1 1 971 227 48 751
1292 4 2 1 1 227 971 542 751
1293 4 2 1 1 949 290 970 52
1294 4 2 1 1 747 925 757 99
1295 4 2 1 1 155 163 127 593
1296 4 2 1 1 551 623 821 562
1297 4 2 1 1 166 159 149 798
1298 4 2 1 1 202 897 871 191
1299 4 2 1 1 473 533 607 819
1300 4 2 1 1 407 381 344 732
1301 4 2 1 1 251 253 240 628
1302 4 2 1 1 481 660 527 731
1303 4 2 1 1 466 705 610 568
1304 4 2 1 1 807 602 514 543
1305 4 2 1 1 593 686 163 832
1306 4 2 1 1 958 261 620 252
1307 4 2 1 1 730 759 595 749
1308 4 2 1 1 385 776 576 901
1309 4 2 1 1 505 875 797 922
1310 4 2 1 1 832 793 531 686
1311 4 2 1 1 619 698 507 762
1312 4 2 1 1 318 972 396 64
1313 4 2 1 1 511 606 644 880
1314 4 2 1 1 606 796 520 626
1315 4 2 1 1 474 550 720 904
1316 4 2 1 1 603 544 664 604
1317 4 2 1 1 463 671 769 890
1318 4 2 1 1 249 241 542 631
1319 4 2 1 1 281 669 286 849
1320 4 2 1 1 254 735 519 219
1321 4 2 1 1 487 581 562 809
1322 4 2 1 1 337 335 410 682
1323 4 2 1 1 936 60 265 909
1324 4 2 1 1 190 707 188 871
1325 4 2 1 1 637 728 696 791
1326 4 2 1 1 811 685 502 547
1327 4 2 1 1 207 552 781 189
1328 4 2 1 1 740 574 897 909
1329 4 2 1 1 52 53 290 970
1330 4 2 1 1 472 914 629 835
1331 4 2 1 1 758 831 569 854
1332 4 2 1 1 483 540 652 708
1333 4 2 1 1 529 759 728 904
1334 4 2 1 1 487 551 738 739
1335 4 2 1 1 581 823 613 858
1336 4 2 1 1 508 472 629 630
1337 4 2 1 1 822 587 928 588
1338 4 2 1 1 274 275 716 780
1339 4 2 1 1 529 696 637 728
1340 4 2 1 1 500 639 619 640
1341 4 2 1 1 918 829 915 557
1342 4 2 1 1 310 936 586 763
1343 4 2 1 1 616 797 664 922
1344 4 2 1 1 370 802 633 371
1345 4 2 1 1 348 349 350 584
1346 4 2 1 1 539 710 731 745
1347 4 2 1 1 467 805 753 820
1348 4 2 1 1 475 691 686 882
1349 4 2 1 1 737 609 622 748
1350 4 2 1 1 548 753 805 820
1351 4 2 1 1 545 768 360 872
1352 4 2 1 1 934 275 716 267
1353 4 2 1 1 329 331 618 873
1354 4 2 1 1 982 84 933 911
1355 4 2 1 1 838 570 601 803
1356 4 2 1 1 477 590 553 740
1357 4 2 1 1 571 606 511 635
1358 4 2 1 1 784 665 748 504
1359 4 2 1 1 646 683 525 929
1360 4 2 1 1 556 688 711 518
1361 4 2 1 1 412 425 346 648
1362 4 2 1 1 501 724 494 781
1363 4 2 1 1 140 526 794 845
1364 4 2 1 1 420 693 576 733
1365 4 2 1 1 474 550 621 720
1366 4 2 1 1 233 627 248 848
1367 4 2 1 1 838 570 803 600
1368 4 2 1 1 548 618 598 693
1369 4 2 1 1 815 614 433 423
1370 4 2 1 1 177 509 986 181
1371 4 2 1 1 433 614 557 884
1372 4 2 1 1 815 433 614 557
1373 4 2 1 1 360 768 545 869
1374 4 2 1 1 179 599 210 763
1375 4 2 1 1 949 290 593 970
1376 4 2 1 1 371 614 403 389
1377 4 2 1 1 784 748 665 561
1378 4 2 1 1 558 642 594 842
1379 4 2 1 1 791 570 910 696
1380 4 2 1 1 490 774 669 780
1381 4 2 1 1 972 781 212 205
1382 4 2 1 1 638 716 161 798
1383 4 2 1 1 537 582 605 817
1384 4 2 1 1 528 771 770 797
1385 4 2 1 1 549 621 474 719
1386 4 2 1 1 147 779 167 509
1387 4 2 1 1 546 671 610 818
1388 4 2 1 1 506 610 671 818
1389 4 2 1 1 501 695 580 729
1390 4 2 1 1 809 778 497 860
1391 4 2 1 1 939 984 74 262
1392 4 2 1 1 516 539 659 731
1393 4 2 1 1 488 726 560 565
1394 4 2 1 1 476 795 623 928
1395 4 2 1 1 730 788 596 920
1396 4 2 1 1 629 538 835 914
1397 4 2 1 1 632 654 502 547
1398 4 2 1 1 310 936 763 293
1399 4 2 1 1 172 686 882 156
1400 4 2 1 1 970 934 53 290
1401 4 2 1 1 635 557 324 918
1402 4 2 1 1 485 758 840 910
1403 4 2 1 1 486 671 610 795
1404 4 2 1 1 520 712 675 884
1405 4 2 1 1 738 588 709 928
1406 4 2 1 1 483 704 538 540
1407 4 2 1 1 349 345 734 888
1408 4 2 1 1 650 768 353 869
1409 4 2 1 1 564 497 778 860
1410 4 2 1 1 876 903 477 655
1411 4 2 1 1 970 934 290 593
1412 4 2 1 1 529 578 696 728
1413 4 2 1 1 567 502 732 893
1414 4 2 1 1 414 803 600 838
1415 4 2 1 1 104 119 83 757
1416 4 2 1 1 584 650 547 485
1417 4 2 1 1 511 787 635 870
1418 4 2 1 1 724 494 447 559
1419 4 2 1 1 578 696 728 791
1420 4 2 1 1 595 658 464 784
1421 4 2 1 1 612 472 836 848
1422 4 2 1 1 724 447 494 397
1423 4 2 1 1 511 644 606 878
1424 4 2 1 1 490 813 583 848
1425 4 2 1 1 682 744 615 752
1426 4 2 1 1 487 613 581 725
1427 4 2 1 1 708 680 145 681
1428 4 2 1 1 97 102 591 851
1429 4 2 1 1 777 810 543 514
1430 4 2 1 1 948 566 676 870
1431 4 2 1 1 949 169 965 51
1432 4 2 1 1 569 718 562 861
1433 4 2 1 1 373 815 649 829
1434 4 2 1 1 230 678 612 892
1435 4 2 1 1 499 736 685 744
1436 4 2 1 1 29 28 292 969
1437 4 2 1 1 458 545 360 872
1438 4 2 1 1 474 608 652 788
1439 4 2 1 1 277 286 669 583
1440 4 2 1 1 969 764 292 927
1441 4 2 1 1 568 547 811 919
1442 4 2 1 1 792 746 880 835
1443 4 2 1 1 811 547 767 919
1444 4 2 1 1 876 903 655 908
1445 4 2 1 1 389 802 614 884
1446 4 2 1 1 470 718 861 931
1447 4 2 1 1 486 610 671 670
1448 4 2 1 1 710 745 539 541
1449 4 2 1 1 497 860 564 861
1450 4 2 1 1 642 842 513 886
1451 4 2 1 1 670 784 595 561
1452 4 2 1 1 29 969 292 927
1453 4 2 1 1 256 735 620 789
1454 4 2 1 1 298 969 28 941
1455 4 2 1 1 544 603 810 604
1456 4 2 1 1 546 705 821 568
1457 4 2 1 1 591 668 479 856
1458 4 2 1 1 516 730 596 749
1459 4 2 1 1 524 548 773 873
1460 4 2 1 1 334 648 346 773
1461 4 2 1 1 351 350 361 650
1462 4 2 1 1 554 744 682 752
1463 4 2 1 1 147 509 167 152
1464 4 2 1 1 738 739 551 786
1465 4 2 1 1 610 546 818 568
1466 4 2 1 1 613 740 553 858
1467 4 2 1 1 772 100 534 607
1468 4 2 1 1 939 306 638 269
1469 4 2 1 1 567 762 502 893
1470 4 2 1 1 980 668 107 927
1471 4 2 1 1 298 969 941 764
1472 4 2 1 1 641 556 790 518
1473 4 2 1 1 959 262 638 250
1474 4 2 1 1 606 521 644 880
1475 4 2 1 1 864 577 541 520
1476 4 2 1 1 765 817 537 674
1477 4 2 1 1 740 871 586 909
1478 4 2 1 1 174 183 823 882
1479 4 2 1 1 340 342 339 752
1480 4 2 1 1 737 622 609 510
1481 4 2 1 1 343 632 752 888
1482 4 2 1 1 266 286 583 789
1483 4 2 1 1 583 669 479 849
1484 4 2 1 1 467 597 847 907
1485 4 2 1 1 166 149 129 798
1486 4 2 1 1 533 462 819 894
1487 4 2 1 1 541 710 535 513
1488 4 2 1 1 548 693 598 820
1489 4 2 1 1 558 513 642 842
1490 4 2 1 1 447 494 415 559
1491 4 2 1 1 802 513 535 857
1492 4 2 1 1 249 542 966 841
1493 4 2 1 1 245 638 238 813
1494 4 2 1 1 847 912 616 543
1495 4 2 1 1 479 867 573 895
1496 4 2 1 1 516 730 731 788
1497 4 2 1 1 783 823 858 475
1498 4 2 1 1 257 631 566 678
1499 4 2 1 1 936 265 586 909
1500 4 2 1 1 930 663 508 611
1501 4 2 1 1 467 667 597 753
1502 4 2 1 1 525 461 588 689
1503 4 2 1 1 579 669 490 774
1504 4 2 1 1 58 936 59 293
1505 4 2 1 1 284 279 780 276
1506 4 2 1 1 600 831 869 910
1507 4 2 1 1 30 289 927 268
1508 4 2 1 1 675 712 535 802
1509 4 2 1 1 772 100 607 95
1510 4 2 1 1 97 591 117 851
1511 4 2 1 1 675 802 377 884
1512 4 2 1 1 936 944 293 58
1513 4 2 1 1 691 823 183 882
1514 4 2 1 1 503 766 674 895
1515 4 2 1 1 609 667 543 761
1516 4 2 1 1 259 848 237 248
1517 4 2 1 1 602 762 643 514
1518 4 2 1 1 632 685 625 547
1519 4 2 1 1 511 606 571 878
1520 4 2 1 1 575 609 722 504
1521 4 2 1 1 447 457 448 723
1522 4 2 1 1 349 584 348 888
1523 4 2 1 1 708 145 680 608
1524 4 2 1 1 936 944 763 293
1525 4 2 1 1 854 581 463 697
1526 4 2 1 1 262 225 939 638
1527 4 2 1 1 616 833 585 847
1528 4 2 1 1 208 656 552 707
1529 4 2 1 1 507 762 723 806
1530 4 2 1 1 709 786 589 894
1531 4 2 1 1 496 663 596 921
1532 4 2 1 1 470 729 634 767
1533 4 2 1 1 73 269 939 288
1534 4 2 1 1 485 831 758 910
1535 4 2 1 1 560 644 592 812
1536 4 2 1 1 252 620 958 789
1537 4 2 1 1 847 912 543 467
1538 4 2 1 1 161 798 716 832
1539 4 2 1 1 723 724 447 559
1540 4 2 1 1 531 686 593 832
1541 4 2 1 1 693 733 598 820
1542 4 2 1 1 267 274 275 716
1543 4 2 1 1 476 822 651 928
1544 4 2 1 1 400 768 896 359
1545 4 2 1 1 310 936 293 265
1546 4 2 1 1 484 537 765 812
1547 4 2 1 1 565 488 647 706
1548 4 2 1 1 535 672 378 857
1549 4 2 1 1 238 243 229 813
1550 4 2 1 1 704 792 631 538
1551 4 2 1 1 509 174 181 182
1552 4 2 1 1 650 859 564 852
1553 4 2 1 1 464 750 784 703
1554 4 2 1 1 494 868 656 885
1555 4 2 1 1 515 741 586 826
1556 4 2 1 1 185 809 487 889
1557 4 2 1 1 278 286 281 669
1558 4 2 1 1 377 802 675 913
1559 4 2 1 1 631 676 566 792
1560 4 2 1 1 117 97 96 591
1561 4 2 1 1 622 609 827 748
1562 4 2 1 1 949 134 593 924
1563 4 2 1 1 594 768 584 866
1564 4 2 1 1 958 304 968 789
1565 4 2 1 1 555 604 462 664
1566 4 2 1 1 958 304 70 968
1567 4 2 1 1 173 982 201 11
1568 4 2 1 1 225 238 245 638
1569 4 2 1 1 369 559 446 776
1570 4 2 1 1 473 573 591 754
1571 4 2 1 1 329 727 702 873
1572 4 2 1 1 564 600 411 803
1573 4 2 1 1 596 730 516 788
1574 4 2 1 1 333 829 773 873
1575 4 2 1 1 574 192 897 909
1576 4 2 1 1 401 557 815 829
1577 4 2 1 1 376 693 618 926
1578 4 2 1 1 266 71 935 72
1579 4 2 1 1 369 368 624 776
1580 4 2 1 1 617 733 598 814
1581 4 2 1 1 257 631 242 676
1582 4 2 1 1 150 145 131 542
1583 4 2 1 1 444 675 434 884
1584 4 2 1 1 368 624 776 901
1585 4 2 1 1 148 751 526 845
1586 4 2 1 1 611 703 538 746
1587 4 2 1 1 190 210 209 599
1588 4 2 1 1 304 968 71 70
1589 4 2 1 1 565 756 512 757
1590 4 2 1 1 256 950 735 247
1591 4 2 1 1 474 660 637 719
1592 4 2 1 1 507 634 767 893
1593 4 2 1 1 935 968 71 304
1594 4 2 1 1 879 895 867 627
1595 4 2 1 1 747 828 465 839
1596 4 2 1 1 370 802 371 372
1597 4 2 1 1 145 681 542 708
1598 4 2 1 1 577 804 687 883
1599 4 2 1 1 555 905 868 653
1600 4 2 1 1 634 426 654 405
1601 4 2 1 1 700 715 846 532
1602 4 2 1 1 935 71 266 304
1603 4 2 1 1 532 595 658 846
1604 4 2 1 1 597 571 830 900
1605 4 2 1 1 698 723 507 762
1606 4 2 1 1 411 363 600 650
1607 4 2 1 1 113 125 977 620
1608 4 2 1 1 774 760 917 531
1609 4 2 1 1 935 968 304 789
1610 4 2 1 1 25 26 967 224
1611 4 2 1 1 614 687 536 815
1612 4 2 1 1 463 697 581 720
1613 4 2 1 1 81 30 107 927
1614 4 2 1 1 553 581 487 613
1615 4 2 1 1 557 687 815 825
1616 4 2 1 1 291 285 574 924
1617 4 2 1 1 402 401 557 815
1618 4 2 1 1 408 632 343 888
1619 4 2 1 1 224 26 967 263
1620 4 2 1 1 250 243 238 638
1621 4 2 1 1 805 844 648 684
1622 4 2 1 1 609 748 504 466
1623 4 2 1 1 165 150 751 845
1624 4 2 1 1 570 803 600 831
1625 4 2 1 1 510 609 667 543
1626 4 2 1 1 555 868 905 607
1627 4 2 1 1 230 612 836 848
1628 4 2 1 1 618 571 727 873
1629 4 2 1 1 825 829 557 915
1630 4 2 1 1 605 711 556 817
1631 4 2 1 1 967 757 25 224
1632 4 2 1 1 474 516 788 550
1633 4 2 1 1 224 263 967 756
1634 4 2 1 1 137 699 151 824
1635 4 2 1 1 224 756 967 757
1636 4 2 1 1 102 94 97 591
1637 4 2 1 1 727 787 702 571
1638 4 2 1 1 91 868 905 653
1639 4 2 1 1 598 618 488 647
1640 4 2 1 1 609 510 622 543
1641 4 2 1 1 237 233 248 848
1642 4 2 1 1 584 768 650 869
1643 4 2 1 1 88 115 109 599
1644 4 2 1 1 562 639 551 931
1645 4 2 1 1 72 935 266 288
1646 4 2 1 1 675 802 535 913
1647 4 2 1 1 966 80 79 315
1648 4 2 1 1 520 687 614 557
1649 4 2 1 1 529 759 662 850
1650 4 2 1 1 697 725 497 854
1651 4 2 1 1 496 793 788 550
1652 4 2 1 1 138 719 608 794
1653 4 2 1 1 516 659 637 660
1654 4 2 1 1 254 735 219 255
1655 4 2 1 1 209 982 599 201
1656 4 2 1 1 140 794 139 845
1657 4 2 1 1 334 648 773 800
1658 4 2 1 1 626 645 566 880
1659 4 2 1 1 644 645 560 878
1660 4 2 1 1 935 304 266 789
1661 4 2 1 1 738 588 928 553
1662 4 2 1 1 482 673 631 841
1663 4 2 1 1 694 867 519 879
1664 4 2 1 1 461 573 774 826
1665 4 2 1 1 802 513 857 633
1666 4 2 1 1 517 827 609 748
1667 4 2 1 1 403 423 433 614
1668 4 2 1 1 241 227 542 892
1669 4 2 1 1 165 145 150 845
1670 4 2 1 1 471 688 666 929
1671 4 2 1 1 791 570 696 491
1672 4 2 1 1 142 163 686 832
1673 4 2 1 1 254 512 879 235
1674 4 2 1 1 203 195 497 601
1675 4 2 1 1 499 625 685 736
1676 4 2 1 1 80 966 450 315
1677 4 2 1 1 847 912 467 907
1678 4 2 1 1 586 826 741 876
1679 4 2 1 1 419 618 331 873
1680 4 2 1 1 657 837 715 846
1681 4 2 1 1 461 641 556 573
1682 4 2 1 1 91 905 868 607
1683 4 2 1 1 300 789 620 849
1684 4 2 1 1 512 757 519 565
1685 4 2 1 1 718 821 500 568
1686 4 2 1 1 595 749 486 561
1687 4 2 1 1 721 640 786 743
1688 4 2 1 1 736 662 506 670
1689 4 2 1 1 420 576 385 776
1690 4 2 1 1 450 315 966 542
1691 4 2 1 1 428 733 776 801
1692 4 2 1 1 612 678 483 892
1693 4 2 1 1 711 771 605 790
1694 4 2 1 1 497 809 860 861
1695 4 2 1 1 588 587 525 822
1696 4 2 1 1 567 690 643 514
1697 4 2 1 1 743 501 604 494
1698 4 2 1 1 523 668 591 856
1699 4 2 1 1 240 628 512 782
1700 4 2 1 1 568 625 547 919
1701 4 2 1 1 521 611 750 863
1702 4 2 1 1 876 903 908 599
1703 4 2 1 1 966 943 315 79
1704 4 2 1 1 928 651 795 587
1705 4 2 1 1 116 668 620 851
1706 4 2 1 1 574 909 291 924
1707 4 2 1 1 886 857 692 672
1708 4 2 1 1 254 519 512 757
1709 4 2 1 1 966 943 841 315
1710 4 2 1 1 282 302 299 764
1711 4 2 1 1 287 286 789 849
1712 4 2 1 1 811 685 547 568
1713 4 2 1 1 525 683 677 808
1714 4 2 1 1 537 766 572 834
1715 4 2 1 1 887 678 566 835
1716 4 2 1 1 334 648 800 412
1717 4 2 1 1 525 688 651 929
1718 4 2 1 1 202 897 191 213
1719 4 2 1 1 319 692 681 824
1720 4 2 1 1 283 638 288 583
1721 4 2 1 1 716 531 832 490
1722 4 2 1 1 540 483 652 921
1723 4 2 1 1 928 890 623 853
1724 4 2 1 1 252 226 261 620
1725 4 2 1 1 966 542 315 841
1726 4 2 1 1 682 338 336 800
1727 4 2 1 1 283 273 638 716
1728 4 2 1 1 433 389 614 884
1729 4 2 1 1 726 727 571 787
1730 4 2 1 1 430 642 558 799
1731 4 2 1 1 399 647 628 727
1732 4 2 1 1 283 716 638 583
1733 4 2 1 1 815 825 649 829
1734 4 2 1 1 488 597 598 865
1735 4 2 1 1 536 815 687 825
1736 4 2 1 1 572 766 503 895
1737 4 2 1 1 483 526 751 845
1738 4 2 1 1 879 895 627 836
1739 4 2 1 1 468 661 659 842
1740 4 2 1 1 928 795 651 476
1741 4 2 1 1 447 559 457 723
1742 4 2 1 1 466 736 610 670
1743 4 2 1 1 507 634 729 767
1744 4 2 1 1 524 548 873 597
1745 4 2 1 1 400 349 345 734
1746 4 2 1 1 462 640 604 743
1747 4 2 1 1 608 708 145 845
1748 4 2 1 1 134 691 593 924
1749 4 2 1 1 731 513 659 886
1750 4 2 1 1 545 642 594 872
1751 4 2 1 1 611 521 750 703
1752 4 2 1 1 564 778 460 852
1753 4 2 1 1 463 529 696 720
1754 4 2 1 1 671 818 758 506
1755 4 2 1 1 524 548 597 753
1756 4 2 1 1 832 793 686 794
1757 4 2 1 1 480 658 577 541
1758 4 2 1 1 309 6 51 965
1759 4 2 1 1 494 743 656 868
1760 4 2 1 1 315 673 542 417
1761 4 2 1 1 406 690 347 844
1762 4 2 1 1 463 720 853 890
1763 4 2 1 1 475 531 590 858
1764 4 2 1 1 212 695 194 781
1765 4 2 1 1 340 356 342 615
1766 4 2 1 1 982 599 109 911
1767 4 2 1 1 148 526 751 798
1768 4 2 1 1 491 699 527 791
1769 4 2 1 1 717 770 495 827
1770 4 2 1 1 195 182 509 181
1771 4 2 1 1 499 752 632 888
1772 4 2 1 1 838 791 570 600
1773 4 2 1 1 520 626 482 864
1774 4 2 1 1 495 664 797 589
1775 4 2 1 1 935 266 583 789
1776 4 2 1 1 584 650 485 869
1777 4 2 1 1 488 597 865 900
1778 4 2 1 1 876 903 599 477
1779 4 2 1 1 591 655 856 573
1780 4 2 1 1 500 603 640 478
1781 4 2 1 1 185 889 613 186
1782 4 2 1 1 349 353 350 768
1783 4 2 1 1 211 196 497 778
1784 4 2 1 1 222 935 583 789
1785 4 2 1 1 620 735 479 789
1786 4 2 1 1 538 663 611 914
1787 4 2 1 1 532 662 595 846
1788 4 2 1 1 949 965 309 51
1789 4 2 1 1 291 271 285 924
1790 4 2 1 1 470 718 811 919
1791 4 2 1 1 876 908 655 523
1792 4 2 1 1 618 548 597 873
1793 4 2 1 1 461 525 588 677
1794 4 2 1 1 521 750 703 577
1795 4 2 1 1 266 288 935 583
1796 4 2 1 1 267 53 54 934
1797 4 2 1 1 177 509 181 195
1798 4 2 1 1 305 291 574 909
1799 4 2 1 1 148 143 526 798
1800 4 2 1 1 646 651 525 587
1801 4 2 1 1 172 686 156 144
1802 4 2 1 1 403 433 389 614
1803 4 2 1 1 357 355 354 624
1804 4 2 1 1 836 887 879 572
1805 4 2 1 1 375 618 647 727
1806 4 2 1 1 480 577 658 804
1807 4 2 1 1 551 487 721 739
1808 4 2 1 1 949 965 924 309
1809 4 2 1 1 300 620 668 849
1810 4 2 1 1 398 507 634 695
1811 4 2 1 1 463 758 671 902
1812 4 2 1 1 507 762 806 893
1813 4 2 1 1 53 267 290 934
1814 4 2 1 1 847 912 907 616
1815 4 2 1 1 13 12 940 198
1816 4 2 1 1 370 365 371 633
1817 4 2 1 1 129 148 751 798
1818 4 2 1 1 974 192 924 909
1819 4 2 1 1 487 739 613 889
1820 4 2 1 1 505 814 839 905
1821 4 2 1 1 496 793 677 917
1822 4 2 1 1 498 761 643 807
1823 4 2 1 1 202 897 213 909
1824 4 2 1 1 521 775 750 577
1825 4 2 1 1 609 636 517 466
1826 4 2 1 1 520 482 626 796
1827 4 2 1 1 686 156 779 882
1828 4 2 1 1 940 933 198 12
1829 4 2 1 1 552 819 739 903
1830 4 2 1 1 464 663 703 920
1831 4 2 1 1 453 635 323 870
1832 4 2 1 1 553 623 581 853
1833 4 2 1 1 597 713 524 753
1834 4 2 1 1 267 964 716 934
1835 4 2 1 1 562 718 639 931
1836 4 2 1 1 524 571 830 597
1837 4 2 1 1 506 662 671 670
1838 4 2 1 1 496 646 596 683
1839 4 2 1 1 940 933 656 198
1840 4 2 1 1 249 943 841 966
1841 4 2 1 1 809 854 581 562
1842 4 2 1 1 898 598 647 693
1843 4 2 1 1 300 789 849 287
1844 4 2 1 1 522 665 611 750
1845 4 2 1 1 606 626 521 880
1846 4 2 1 1 765 812 522 863
1847 4 2 1 1 524 548 753 773
1848 4 2 1 1 964 127 153 716
1849 4 2 1 1 561 748 651 670
1850 4 2 1 1 774 760 531 490
1851 4 2 1 1 785 755 640 500
1852 4 2 1 1 496 788 596 550
1853 4 2 1 1 614 687 520 712
1854 4 2 1 1 546 821 623 562
1855 4 2 1 1 267 964 934 54
1856 4 2 1 1 535 482 675 913
1857 4 2 1 1 536 614 815 874
1858 4 2 1 1 959 171 159 638
1859 4 2 1 1 508 765 666 930
1860 4 2 1 1 670 748 517 466
1861 4 2 1 1 510 667 597 847
1862 4 2 1 1 597 667 467 847
1863 4 2 1 1 273 54 55 964
1864 4 2 1 1 143 526 798 832
1865 4 2 1 1 499 700 625 736
1866 4 2 1 1 495 717 755 589
1867 4 2 1 1 240 956 251 628
1868 4 2 1 1 589 717 755 785
1869 4 2 1 1 682 336 338 337
1870 4 2 1 1 429 673 672 913
1871 4 2 1 1 352 690 344 732
1872 4 2 1 1 934 275 267 290
1873 4 2 1 1 728 759 529 850
1874 4 2 1 1 540 731 710 745
1875 4 2 1 1 716 531 490 780
1876 4 2 1 1 466 705 568 636
1877 4 2 1 1 431 557 918 324
1878 4 2 1 1 879 887 836 235
1879 4 2 1 1 382 352 732 806
1880 4 2 1 1 242 943 676 841
1881 4 2 1 1 431 557 324 402
1882 4 2 1 1 557 825 815 829
1883 4 2 1 1 552 656 534 707
1884 4 2 1 1 485 818 569 919
1885 4 2 1 1 556 689 688 518
1886 4 2 1 1 615 480 715 536
1887 4 2 1 1 468 700 662 850
1888 4 2 1 1 651 688 525 822
1889 4 2 1 1 267 964 54 273
1890 4 2 1 1 630 496 683 808
1891 4 2 1 1 782 787 511 870
1892 4 2 1 1 91 607 92 905
1893 4 2 1 1 632 654 547 877
1894 4 2 1 1 598 647 488 706
1895 4 2 1 1 594 872 642 896
1896 4 2 1 1 625 685 568 547
1897 4 2 1 1 621 686 531 793
1898 4 2 1 1 254 512 235 253
1899 4 2 1 1 638 964 273 55
1900 4 2 1 1 578 840 758 910
1901 4 2 1 1 356 633 615 874
1902 4 2 1 1 987 160 942 691
1903 4 2 1 1 273 964 638 716
1904 4 2 1 1 709 738 476 785
1905 4 2 1 1 745 864 541 704
1906 4 2 1 1 249 242 241 631
1907 4 2 1 1 93 563 747 905
1908 4 2 1 1 73 963 72 288
1909 4 2 1 1 300 789 287 297
1910 4 2 1 1 490 612 848 881
1911 4 2 1 1 583 479 789 849
1912 4 2 1 1 832 760 490 531
1913 4 2 1 1 482 520 675 796
1914 4 2 1 1 742 828 563 839
1915 4 2 1 1 723 447 724 448
1916 4 2 1 1 596 749 595 561
1917 4 2 1 1 963 939 288 73
1918 4 2 1 1 483 704 540 708
1919 4 2 1 1 352 806 354 567
1920 4 2 1 1 159 638 161 798
1921 4 2 1 1 151 491 147 838
1922 4 2 1 1 500 640 619 478
1923 4 2 1 1 469 713 722 906
1924 4 2 1 1 488 618 598 597
1925 4 2 1 1 537 503 605 694
1926 4 2 1 1 340 682 410 874
1927 4 2 1 1 778 460 803 564
1928 4 2 1 1 616 847 585 907
1929 4 2 1 1 462 533 664 589
1930 4 2 1 1 935 963 288 72
1931 4 2 1 1 935 963 583 288
1932 4 2 1 1 545 791 600 910
1933 4 2 1 1 256 950 247 226
1934 4 2 1 1 579 627 479 895
1935 4 2 1 1 140 526 143 832
1936 4 2 1 1 592 644 560 878
1937 4 2 1 1 840 850 700 866
1938 4 2 1 1 736 662 670 532
1939 4 2 1 1 963 939 638 288
1940 4 2 1 1 600 803 564 831
1941 4 2 1 1 489 621 550 720
1942 4 2 1 1 963 288 638 583
1943 4 2 1 1 288 283 269 638
1944 4 2 1 1 626 520 521 864
1945 4 2 1 1 485 547 625 919
1946 4 2 1 1 529 728 637 904
1947 4 2 1 1 210 179 201 599
1948 4 2 1 1 341 338 690 800
1949 4 2 1 1 608 540 652 788
1950 4 2 1 1 480 633 614 536
1951 4 2 1 1 419 332 773 873
1952 4 2 1 1 358 457 357 723
1953 4 2 1 1 605 771 742 790
1954 4 2 1 1 757 219 962 24
1955 4 2 1 1 140 148 143 526
1956 4 2 1 1 490 716 638 798
1957 4 2 1 1 490 612 526 798
1958 4 2 1 1 176 218 202 586
1959 4 2 1 1 588 822 709 928
1960 4 2 1 1 638 295 55 273
1961 4 2 1 1 538 864 704 792
1962 4 2 1 1 315 673 417 393
1963 4 2 1 1 134 169 160 924
1964 4 2 1 1 591 479 668 851
1965 4 2 1 1 962 23 24 219
1966 4 2 1 1 229 848 612 230
1967 4 2 1 1 477 553 613 740
1968 4 2 1 1 344 341 338 690
1969 4 2 1 1 219 962 519 757
1970 4 2 1 1 247 962 23 950
1971 4 2 1 1 576 776 679 901
1972 4 2 1 1 762 810 514 602
1973 4 2 1 1 611 665 522 765
1974 4 2 1 1 512 726 628 565
1975 4 2 1 1 277 669 278 780
1976 4 2 1 1 615 480 536 633
1977 4 2 1 1 479 573 591 856
1978 4 2 1 1 473 607 533 742
1979 4 2 1 1 420 428 733 776
1980 4 2 1 1 219 519 962 735
1981 4 2 1 1 591 856 655 523
1982 4 2 1 1 173 198 208 656
1983 4 2 1 1 501 640 639 721
1984 4 2 1 1 613 739 477 871
1985 4 2 1 1 465 605 528 839
1986 4 2 1 1 575 536 883 906
1987 4 2 1 1 493 647 598 706
1988 4 2 1 1 90 747 493 905
1989 4 2 1 1 468 728 578 850
1990 4 2 1 1 633 874 614 536
1991 4 2 1 1 555 743 534 819
1992 4 2 1 1 610 705 546 568
1993 4 2 1 1 329 618 727 873
1994 4 2 1 1 129 798 47 166
1995 4 2 1 1 957 168 542 976
1996 4 2 1 1 230 836 233 848
1997 4 2 1 1 278 277 286 669
1998 4 2 1 1 499 594 558 734
1999 4 2 1 1 354 806 352 404
2000 4 2 1 1 586 741 515 855
2001 4 2 1 1 570 497 601 803
2002 4 2 1 1 491 527 637 791
2003 4 2 1 1 598 597 820 907
2004 4 2 1 1 247 962 950 735
2005 4 2 1 1 467 667 753 807
2006 4 2 1 1 721 729 580 931
2007 4 2 1 1 622 495 770 827
2008 4 2 1 1 415 961 16 701
2009 4 2 1 1 864 577 520 521
2010 4 2 1 1 798 47 751 129
2011 4 2 1 1 370 802 372 857
2012 4 2 1 1 505 653 617 814
2013 4 2 1 1 469 722 883 906
2014 4 2 1 1 356 615 340 874
2015 4 2 1 1 569 861 485 919
2016 4 2 1 1 380 458 360 872
2017 4 2 1 1 482 704 673 710
2018 4 2 1 1 508 611 765 930
2019 4 2 1 1 730 759 749 516
2020 4 2 1 1 192 909 199 213
2021 4 2 1 1 368 776 385 901
2022 4 2 1 1 462 743 555 819
2023 4 2 1 1 489 553 590 858
2024 4 2 1 1 501 580 721 729
2025 4 2 1 1 777 805 576 901
2026 4 2 1 1 443 15 16 961
2027 4 2 1 1 619 811 762 893
2028 4 2 1 1 489 550 677 587
2029 4 2 1 1 473 563 742 754
2030 4 2 1 1 160 942 691 924
2031 4 2 1 1 223 241 227 542
2032 4 2 1 1 152 882 36 986
2033 4 2 1 1 471 666 665 929
2034 4 2 1 1 503 537 605 817
2035 4 2 1 1 767 859 547 891
2036 4 2 1 1 946 168 976 542
2037 4 2 1 1 477 586 871 876
2038 4 2 1 1 139 138 608 794
2039 4 2 1 1 588 677 525 587
2040 4 2 1 1 563 102 119 519
2041 4 2 1 1 415 961 701 885
2042 4 2 1 1 974 178 937 924
2043 4 2 1 1 285 305 291 574
2044 4 2 1 1 960 17 16 394
2045 4 2 1 1 642 661 842 886
2046 4 2 1 1 487 738 553 739
2047 4 2 1 1 499 734 615 752
2048 4 2 1 1 553 613 487 739
2049 4 2 1 1 934 275 290 593
2050 4 2 1 1 484 880 746 835
2051 4 2 1 1 479 579 573 856
2052 4 2 1 1 588 917 461 677
2053 4 2 1 1 236 735 627 879
2054 4 2 1 1 352 347 344 690
2055 4 2 1 1 495 770 717 589
2056 4 2 1 1 737 750 522 722
2057 4 2 1 1 472 629 678 835
2058 4 2 1 1 616 797 505 839
2059 4 2 1 1 496 677 646 683
2060 4 2 1 1 300 789 297 620
2061 4 2 1 1 353 427 350 650
2062 4 2 1 1 769 795 587 890
2063 4 2 1 1 974 192 909 199
2064 4 2 1 1 136 680 608 719
2065 4 2 1 1 960 17 394 801
2066 4 2 1 1 539 658 657 541
2067 4 2 1 1 266 287 286 789
2068 4 2 1 1 552 707 534 903
2069 4 2 1 1 488 726 727 571
2070 4 2 1 1 960 394 701 801
2071 4 2 1 1 502 685 632 547
2072 4 2 1 1 473 641 530 655
2073 4 2 1 1 534 772 607 819
2074 4 2 1 1 481 704 540 710
2075 4 2 1 1 394 16 960 701
2076 4 2 1 1 688 471 827 748
2077 4 2 1 1 285 593 574 924
2078 4 2 1 1 529 769 749 904
2079 4 2 1 1 340 410 682 337
2080 4 2 1 1 720 769 587 890
2081 4 2 1 1 575 609 504 466
2082 4 2 1 1 504 665 737 750
2083 4 2 1 1 688 748 517 651
2084 4 2 1 1 679 777 576 901
2085 4 2 1 1 530 739 819 903
2086 4 2 1 1 639 729 721 931
2087 4 2 1 1 46 959 243 250
2088 4 2 1 1 611 746 538 914
2089 4 2 1 1 758 854 569 902
2090 4 2 1 1 249 943 966 79
2091 4 2 1 1 369 368 357 624
2092 4 2 1 1 503 573 867 895
2093 4 2 1 1 529 637 696 720
2094 4 2 1 1 650 891 859 852
2095 4 2 1 1 537 572 694 834
2096 4 2 1 1 254 244 219 757
2097 4 2 1 1 461 556 641 689
2098 4 2 1 1 463 769 720 890
2099 4 2 1 1 524 825 830 915
2100 4 2 1 1 417 673 542 681
2101 4 2 1 1 524 829 702 873
2102 4 2 1 1 285 305 574 855
2103 4 2 1 1 669 780 277 583
2104 4 2 1 1 45 46 250 959
2105 4 2 1 1 617 814 598 907
2106 4 2 1 1 270 297 308 620
2107 4 2 1 1 113 87 125 620
2108 4 2 1 1 517 748 670 651
2109 4 2 1 1 121 933 106 84
2110 4 2 1 1 467 753 805 807
2111 4 2 1 1 448 507 723 442
2112 4 2 1 1 334 333 649 773
2113 4 2 1 1 159 161 149 798
2114 4 2 1 1 778 803 460 395
2115 4 2 1 1 535 673 672 710
2116 4 2 1 1 152 882 130 36
2117 4 2 1 1 446 394 428 776
2118 4 2 1 1 487 562 551 931
2119 4 2 1 1 558 594 837 842
2120 4 2 1 1 538 864 792 746
2121 4 2 1 1 526 652 793 794
2122 4 2 1 1 488 647 618 727
2123 4 2 1 1 964 127 716 934
2124 4 2 1 1 252 958 246 789
2125 4 2 1 1 488 726 628 727
2126 4 2 1 1 967 756 85 757
2127 4 2 1 1 549 637 491 719
2128 4 2 1 1 959 984 171 638
2129 4 2 1 1 655 819 772 903
2130 4 2 1 1 90 493 82 653
2131 4 2 1 1 265 294 310 586
2132 4 2 1 1 477 613 553 739
2133 4 2 1 1 520 614 712 884
2134 4 2 1 1 393 841 673 913
2135 4 2 1 1 474 720 637 904
2136 4 2 1 1 398 507 405 634
2137 4 2 1 1 535 710 672 513
2138 4 2 1 1 550 489 720 587
2139 4 2 1 1 721 786 640 551
2140 4 2 1 1 465 828 747 565
2141 4 2 1 1 257 221 566 676
2142 4 2 1 1 503 605 556 817
2143 4 2 1 1 709 785 786 738
2144 4 2 1 1 687 825 557 915
2145 4 2 1 1 959 984 45 171
2146 4 2 1 1 537 812 484 834
2147 4 2 1 1 250 959 243 638
2148 4 2 1 1 473 591 655 772
2149 4 2 1 1 147 152 132 601
2150 4 2 1 1 83 119 102 519
2151 4 2 1 1 259 848 248 583
2152 4 2 1 1 506 625 700 736
2153 4 2 1 1 650 859 891 547
2154 4 2 1 1 958 968 246 789
2155 4 2 1 1 560 726 488 878
2156 4 2 1 1 534 707 656 911
2157 4 2 1 1 273 295 283 638
2158 4 2 1 1 522 812 644 863
2159 4 2 1 1 933 12 11 173
2160 4 2 1 1 116 620 113 851
2161 4 2 1 1 958 69 70 297
2162 4 2 1 1 202 586 871 909
2163 4 2 1 1 655 903 772 908
2164 4 2 1 1 224 253 756 757
2165 4 2 1 1 134 691 924 160
2166 4 2 1 1 326 727 327 787
2167 4 2 1 1 69 958 308 297
2168 4 2 1 1 644 645 511 880
2169 4 2 1 1 956 435 628 456
2170 4 2 1 1 347 406 341 690
2171 4 2 1 1 524 825 713 830
2172 4 2 1 1 496 629 663 921
2173 4 2 1 1 544 664 875 922
2174 4 2 1 1 887 678 835 836
2175 4 2 1 1 154 691 987 882
2176 4 2 1 1 744 906 761 498
2177 4 2 1 1 958 968 70 246
2178 4 2 1 1 612 751 526 798
2179 4 2 1 1 501 721 639 729
2180 4 2 1 1 173 933 12 198
2181 4 2 1 1 608 540 788 660
2182 4 2 1 1 299 764 763 876
2183 4 2 1 1 488 571 597 900
2184 4 2 1 1 982 84 11 933
2185 4 2 1 1 82 493 89 898
2186 4 2 1 1 958 620 297 789
2187 4 2 1 1 148 526 140 845
2188 4 2 1 1 614 802 712 884
2189 4 2 1 1 500 755 705 785
2190 4 2 1 1 566 645 626 870
2191 4 2 1 1 531 621 475 686
2192 4 2 1 1 886 857 672 513
2193 4 2 1 1 518 770 717 827
2194 4 2 1 1 545 866 578 910
2195 4 2 1 1 523 764 741 876
2196 4 2 1 1 673 417 429 681
2197 4 2 1 1 568 811 718 919
2198 4 2 1 1 308 297 958 620
2199 4 2 1 1 573 579 774 856
2200 4 2 1 1 373 649 333 829
2201 4 2 1 1 695 724 507 729
2202 4 2 1 1 333 773 332 873
2203 4 2 1 1 99 493 747 925
2204 4 2 1 1 514 679 624 901
2205 4 2 1 1 495 797 770 589
2206 4 2 1 1 458 699 545 916
2207 4 2 1 1 566 676 626 792
2208 4 2 1 1 641 530 655 826
2209 4 2 1 1 241 542 631 892
2210 4 2 1 1 600 699 458 838
2211 4 2 1 1 454 635 324 918
2212 4 2 1 1 538 663 629 921
2213 4 2 1 1 134 691 160 164
2214 4 2 1 1 538 631 483 678
2215 4 2 1 1 382 381 654 732
2216 4 2 1 1 500 718 639 821
2217 4 2 1 1 43 44 957 417
2218 4 2 1 1 503 674 537 817
2219 4 2 1 1 512 879 694 519
2220 4 2 1 1 219 247 255 735
2221 4 2 1 1 957 44 450 417
2222 4 2 1 1 860 852 859 634
2223 4 2 1 1 615 715 499 744
2224 4 2 1 1 515 669 774 780
2225 4 2 1 1 408 409 381 877
2226 4 2 1 1 578 728 529 850
2227 4 2 1 1 935 246 968 789
2228 4 2 1 1 388 618 647 375
2229 4 2 1 1 619 640 501 478
2230 4 2 1 1 563 119 102 93
2231 4 2 1 1 382 732 654 806
2232 4 2 1 1 562 861 718 931
2233 4 2 1 1 182 725 509 823
2234 4 2 1 1 514 624 679 923
2235 4 2 1 1 252 256 620 789
2236 4 2 1 1 524 649 713 825
2237 4 2 1 1 489 783 720 853
2238 4 2 1 1 957 43 417 681
2239 4 2 1 1 611 765 522 863
2240 4 2 1 1 481 681 680 708
2241 4 2 1 1 496 596 788 921
2242 4 2 1 1 481 710 540 731
2243 4 2 1 1 605 754 742 828
2244 4 2 1 1 528 711 605 843
2245 4 2 1 1 264 236 256 789
2246 4 2 1 1 528 770 711 843
2247 4 2 1 1 286 303 266 583
2248 4 2 1 1 641 689 556 518
2249 4 2 1 1 492 776 733 801
2250 4 2 1 1 417 542 957 681
2251 4 2 1 1 559 701 446 776
2252 4 2 1 1 534 607 555 819
2253 4 2 1 1 521 703 611 746
2254 4 2 1 1 479 620 668 851
2255 4 2 1 1 100 607 91 868
2256 4 2 1 1 342 752 734 888
2257 4 2 1 1 479 668 620 849
2258 4 2 1 1 450 957 417 542
2259 4 2 1 1 312 42 41 824
2260 4 2 1 1 473 771 533 894
2261 4 2 1 1 644 812 560 834
2262 4 2 1 1 619 639 501 640
2263 4 2 1 1 588 525 689 822
2264 4 2 1 1 604 664 555 875
2265 4 2 1 1 598 865 597 907
2266 4 2 1 1 225 262 250 638
2267 4 2 1 1 192 909 213 897
2268 4 2 1 1 259 248 222 583
2269 4 2 1 1 522 750 611 863
2270 4 2 1 1 548 805 684 820
2271 4 2 1 1 77 782 456 956
2272 4 2 1 1 567 732 806 893
2273 4 2 1 1 710 886 513 731
2274 4 2 1 1 152 167 130 882
2275 4 2 1 1 657 658 480 541
2276 4 2 1 1 490 612 813 848
2277 4 2 1 1 507 619 762 893
2278 4 2 1 1 237 230 233 848
2279 4 2 1 1 474 516 637 660
2280 4 2 1 1 930 663 611 464
2281 4 2 1 1 588 709 689 530
2282 4 2 1 1 649 773 333 829
2283 4 2 1 1 202 586 218 871
2284 4 2 1 1 679 776 624 901
2285 4 2 1 1 495 717 636 755
2286 4 2 1 1 935 246 789 222
2287 4 2 1 1 332 346 419 773
2288 4 2 1 1 617 820 576 912
2289 4 2 1 1 957 168 976 44
2290 4 2 1 1 76 456 956 77
2291 4 2 1 1 710 886 731 481
2292 4 2 1 1 475 574 691 897
2293 4 2 1 1 479 591 573 867
2294 4 2 1 1 705 500 821 568
2295 4 2 1 1 582 537 812 816
2296 4 2 1 1 765 863 611 914
2297 4 2 1 1 946 168 542 131
2298 4 2 1 1 689 709 588 822
2299 4 2 1 1 176 586 202 909
2300 4 2 1 1 484 812 644 834
2301 4 2 1 1 229 848 230 237
2302 4 2 1 1 859 919 485 861
2303 4 2 1 1 474 621 549 720
2304 4 2 1 1 507 698 619 729
2305 4 2 1 1 702 727 329 787
2306 4 2 1 1 726 782 628 787
2307 4 2 1 1 956 981 251 628
2308 4 2 1 1 333 335 334 649
2309 4 2 1 1 581 613 553 858
2310 4 2 1 1 832 793 794 526
2311 4 2 1 1 545 600 869 910
2312 4 2 1 1 958 304 789 297
2313 4 2 1 1 742 754 605 790
2314 4 2 1 1 716 798 490 832
2315 4 2 1 1 529 637 720 904
2316 4 2 1 1 982 84 109 11
2317 4 2 1 1 480 712 513 541
2318 4 2 1 1 271 974 291 61
2319 4 2 1 1 516 659 660 731
2320 4 2 1 1 356 365 366 633
2321 4 2 1 1 566 792 880 835
2322 4 2 1 1 141 686 156 779
2323 4 2 1 1 468 759 728 850
2324 4 2 1 1 680 692 527 824
2325 4 2 1 1 482 631 704 792
2326 4 2 1 1 101 534 868 656
2327 4 2 1 1 652 845 483 708
2328 4 2 1 1 932 107 87 31
2329 4 2 1 1 774 760 490 579
2330 4 2 1 1 611 663 508 914
2331 4 2 1 1 294 855 586 909
2332 4 2 1 1 603 755 640 462
2333 4 2 1 1 456 628 956 782
2334 4 2 1 1 586 477 826 876
2335 4 2 1 1 932 980 620 107
2336 4 2 1 1 807 602 543 761
2337 4 2 1 1 571 635 511 787
2338 4 2 1 1 507 634 695 729
2339 4 2 1 1 140 794 526 832
2340 4 2 1 1 956 981 76 251
2341 4 2 1 1 524 649 825 829
2342 4 2 1 1 401 557 829 918
2343 4 2 1 1 570 758 696 854
2344 4 2 1 1 351 408 348 877
2345 4 2 1 1 489 621 783 858
2346 4 2 1 1 609 761 543 602
2347 4 2 1 1 466 761 609 602
2348 4 2 1 1 540 710 704 745
2349 4 2 1 1 494 604 559 698
2350 4 2 1 1 536 682 615 874
2351 4 2 1 1 296 271 309 924
2352 4 2 1 1 570 697 497 854
2353 4 2 1 1 162 163 142 832
2354 4 2 1 1 294 279 741 855
2355 4 2 1 1 484 765 537 766
2356 4 2 1 1 761 906 744 575
2357 4 2 1 1 481 527 660 680
2358 4 2 1 1 528 622 770 843
2359 4 2 1 1 471 665 748 929
2360 4 2 1 1 320 672 319 692
2361 4 2 1 1 511 626 606 880
2362 4 2 1 1 477 530 590 826
2363 4 2 1 1 159 171 133 638
2364 4 2 1 1 498 713 649 906
2365 4 2 1 1 677 808 496 917
2366 4 2 1 1 497 803 570 831
2367 4 2 1 1 657 658 539 846
2368 4 2 1 1 173 933 198 656
2369 4 2 1 1 809 861 562 931
2370 4 2 1 1 563 754 519 828
2371 4 2 1 1 265 294 586 909
2372 4 2 1 1 464 730 596 920
2373 4 2 1 1 413 40 39 955
2374 4 2 1 1 610 546 705 795
2375 4 2 1 1 535 673 482 913
2376 4 2 1 1 193 194 580 889
2377 4 2 1 1 524 571 597 873
2378 4 2 1 1 93 747 90 905
2379 4 2 1 1 509 581 783 823
2380 4 2 1 1 490 612 798 813
2381 4 2 1 1 524 702 571 873
2382 4 2 1 1 573 641 556 790
2383 4 2 1 1 173 933 656 911
2384 4 2 1 1 474 549 637 720
2385 4 2 1 1 499 594 700 837
2386 4 2 1 1 372 378 445 857
2387 4 2 1 1 381 409 382 654
2388 4 2 1 1 639 721 551 931
2389 4 2 1 1 483 704 708 631
2390 4 2 1 1 109 115 126 599
2391 4 2 1 1 508 674 765 766
2392 4 2 1 1 497 564 803 831
2393 4 2 1 1 714 833 862 899
2394 4 2 1 1 129 149 148 798
2395 4 2 1 1 461 525 677 808
2396 4 2 1 1 516 759 749 904
2397 4 2 1 1 102 93 94 563
2398 4 2 1 1 470 619 639 729
2399 4 2 1 1 832 760 531 793
2400 4 2 1 1 506 671 610 670
2401 4 2 1 1 488 878 571 900
2402 4 2 1 1 521 863 644 880
2403 4 2 1 1 207 940 656 198
2404 4 2 1 1 546 610 671 795
2405 4 2 1 1 106 86 940 656
2406 4 2 1 1 966 260 542 249
2407 4 2 1 1 116 113 103 851
2408 4 2 1 1 745 864 704 538
2409 4 2 1 1 195 196 203 497
2410 4 2 1 1 539 513 710 541
2411 4 2 1 1 504 737 665 748
2412 4 2 1 1 667 713 597 753
2413 4 2 1 1 677 683 496 808
2414 4 2 1 1 96 591 94 772
2415 4 2 1 1 386 379 385 684
2416 4 2 1 1 476 738 709 928
2417 4 2 1 1 594 558 734 896
2418 4 2 1 1 481 608 540 708
2419 4 2 1 1 469 825 687 915
2420 4 2 1 1 240 956 628 782
2421 4 2 1 1 400 768 359 349
2422 4 2 1 1 641 655 573 826
2423 4 2 1 1 549 697 696 720
2424 4 2 1 1 493 565 647 706
2425 4 2 1 1 772 908 903 911
2426 4 2 1 1 207 552 189 208
2427 4 2 1 1 442 723 358 806
2428 4 2 1 1 373 401 815 829
2429 4 2 1 1 413 39 449 955
2430 4 2 1 1 86 940 656 885
2431 4 2 1 1 522 737 665 750
2432 4 2 1 1 506 662 700 850
2433 4 2 1 1 539 657 513 541
2434 4 2 1 1 483 751 526 612
2435 4 2 1 1 955 413 40 838
2436 4 2 1 1 939 984 262 638
2437 4 2 1 1 705 500 785 821
2438 4 2 1 1 646 525 677 587
2439 4 2 1 1 429 393 673 913
2440 4 2 1 1 549 491 637 696
2441 4 2 1 1 514 805 777 901
2442 4 2 1 1 973 838 955 601
2443 4 2 1 1 490 780 669 583
2444 4 2 1 1 838 791 600 699
2445 4 2 1 1 859 919 861 470
2446 4 2 1 1 909 740 855 586
2447 4 2 1 1 973 955 449 985
2448 4 2 1 1 285 924 296 593
2449 4 2 1 1 912 820 907 617
2450 4 2 1 1 594 468 700 837
2451 4 2 1 1 580 809 721 931
2452 4 2 1 1 903 908 599 911
2453 4 2 1 1 518 709 689 822
2454 4 2 1 1 721 809 580 889
2455 4 2 1 1 506 700 625 840
2456 4 2 1 1 636 717 705 755
2457 4 2 1 1 157 542 145 681
2458 4 2 1 1 468 662 759 850
2459 4 2 1 1 299 298 763 764
2460 4 2 1 1 772 819 534 903
2461 4 2 1 1 721 739 552 786
2462 4 2 1 1 224 253 251 756
2463 4 2 1 1 342 734 345 888
2464 4 2 1 1 597 865 847 907
2465 4 2 1 1 555 743 492 868
2466 4 2 1 1 172 144 164 691
2467 4 2 1 1 726 782 787 511
2468 4 2 1 1 540 731 730 788
2469 4 2 1 1 758 831 570 910
2470 4 2 1 1 681 824 42 319
2471 4 2 1 1 277 716 283 583
2472 4 2 1 1 679 810 777 514
2473 4 2 1 1 666 508 683 808
2474 4 2 1 1 726 782 511 645
2475 4 2 1 1 872 391 916 642
2476 4 2 1 1 947 151 699 824
2477 4 2 1 1 503 556 674 817
2478 4 2 1 1 578 728 661 791
2479 4 2 1 1 482 541 520 864
2480 4 2 1 1 762 810 602 478
2481 4 2 1 1 686 793 621 794
2482 4 2 1 1 957 542 157 681
2483 4 2 1 1 886 857 513 642
2484 4 2 1 1 838 791 699 491
2485 4 2 1 1 126 109 599 911
2486 4 2 1 1 373 335 333 649
2487 4 2 1 1 634 767 654 891
2488 4 2 1 1 878 511 645 726
2489 4 2 1 1 569 818 758 902
2490 4 2 1 1 294 279 282 741
2491 4 2 1 1 715 744 615 536
2492 4 2 1 1 473 573 754 790
2493 4 2 1 1 558 642 513 799
2494 4 2 1 1 505 814 585 839
2495 4 2 1 1 29 268 30 927
2496 4 2 1 1 255 735 236 879
2497 4 2 1 1 319 43 42 681
2498 4 2 1 1 515 586 740 826
2499 4 2 1 1 536 682 649 906
2500 4 2 1 1 649 682 498 906
2501 4 2 1 1 240 956 782 258
2502 4 2 1 1 878 645 511 644
2503 4 2 1 1 609 517 748 466
2504 4 2 1 1 160 169 942 924
2505 4 2 1 1 638 716 490 583
2506 4 2 1 1 653 898 801 733
2507 4 2 1 1 578 661 545 791
2508 4 2 1 1 30 980 107 927
2509 4 2 1 1 496 652 629 921
2510 4 2 1 1 90 493 653 905
2511 4 2 1 1 499 615 744 752
2512 4 2 1 1 437 369 446 776
2513 4 2 1 1 954 19 18 416
2514 4 2 1 1 696 758 570 910
2515 4 2 1 1 954 416 898 925
2516 4 2 1 1 574 855 305 909
2517 4 2 1 1 370 799 633 857
2518 4 2 1 1 369 437 368 776
2519 4 2 1 1 207 552 208 656
2520 4 2 1 1 711 817 605 843
2521 4 2 1 1 500 636 705 755
2522 4 2 1 1 897 858 740 613
2523 4 2 1 1 525 461 689 808
2524 4 2 1 1 939 74 269 73
2525 4 2 1 1 18 954 416 898
2526 4 2 1 1 92 607 563 905
2527 4 2 1 1 488 865 714 900
2528 4 2 1 1 954 19 416 925
2529 4 2 1 1 524 713 597 830
2530 4 2 1 1 267 964 273 716
2531 4 2 1 1 461 588 689 530
2532 4 2 1 1 143 798 161 832
2533 4 2 1 1 489 590 553 588
2534 4 2 1 1 688 689 525 822
2535 4 2 1 1 316 19 20 953
2536 4 2 1 1 982 84 911 109
2537 4 2 1 1 611 464 665 930
2538 4 2 1 1 20 316 953 451
2539 4 2 1 1 953 451 316 756
2540 4 2 1 1 773 829 524 873
2541 4 2 1 1 667 543 467 847
2542 4 2 1 1 277 716 583 780
2543 4 2 1 1 540 788 730 920
2544 4 2 1 1 694 879 512 572
2545 4 2 1 1 585 814 706 839
2546 4 2 1 1 31 32 932 270
2547 4 2 1 1 567 806 762 893
2548 4 2 1 1 770 771 533 797
2549 4 2 1 1 483 538 629 921
2550 4 2 1 1 501 724 695 729
2551 4 2 1 1 581 853 623 562
2552 4 2 1 1 190 209 188 707
2553 4 2 1 1 570 831 758 854
2554 4 2 1 1 456 327 435 628
2555 4 2 1 1 953 756 316 925
2556 4 2 1 1 503 754 573 790
2557 4 2 1 1 684 548 820 926
2558 4 2 1 1 540 652 788 921
2559 4 2 1 1 479 669 579 856
2560 4 2 1 1 475 686 779 882
2561 4 2 1 1 434 675 377 884
2562 4 2 1 1 360 353 768 869
2563 4 2 1 1 158 147 601 838
2564 4 2 1 1 563 828 747 839
2565 4 2 1 1 100 92 91 607
2566 4 2 1 1 361 362 877 891
2567 4 2 1 1 204 987 197 34
2568 4 2 1 1 897 858 613 823
2569 4 2 1 1 714 862 592 899
2570 4 2 1 1 575 609 466 761
2571 4 2 1 1 602 762 619 811
2572 4 2 1 1 463 854 758 902
2573 4 2 1 1 490 848 579 881
2574 4 2 1 1 951 497 196 778
2575 4 2 1 1 351 361 362 877
2576 4 2 1 1 327 727 628 787
2577 4 2 1 1 475 740 574 897
2578 4 2 1 1 445 378 672 857
2579 4 2 1 1 809 778 860 580
2580 4 2 1 1 801 898 653 82
2581 4 2 1 1 748 651 688 929
2582 4 2 1 1 505 653 814 905
2583 4 2 1 1 953 316 19 925
2584 4 2 1 1 964 127 934 54
2585 4 2 1 1 406 684 648 844
2586 4 2 1 1 467 805 777 807
2587 4 2 1 1 126 599 908 911
2588 4 2 1 1 115 599 764 908
2589 4 2 1 1 257 231 631 678
2590 4 2 1 1 494 698 559 724
2591 4 2 1 1 325 323 787 870
2592 4 2 1 1 642 661 886 916
2593 4 2 1 1 935 245 72 222
2594 4 2 1 1 930 663 464 683
2595 4 2 1 1 295 306 269 638
2596 4 2 1 1 634 426 405 387
2597 4 2 1 1 518 589 770 894
2598 4 2 1 1 277 278 276 780
2599 4 2 1 1 474 516 660 788
2600 4 2 1 1 585 706 465 839
2601 4 2 1 1 621 474 719 794
2602 4 2 1 1 487 721 809 931
2603 4 2 1 1 476 738 623 785
2604 4 2 1 1 126 599 115 908
2605 4 2 1 1 106 933 12 84
2606 4 2 1 1 285 296 924 271
2607 4 2 1 1 650 363 353 427
2608 4 2 1 1 650 564 859 831
2609 4 2 1 1 444 635 453 796
2610 4 2 1 1 406 684 425 648
2611 4 2 1 1 952 318 63 64
2612 4 2 1 1 952 443 63 318
2613 4 2 1 1 637 696 491 791
2614 4 2 1 1 641 771 894 518
2615 4 2 1 1 527 728 637 791
2616 4 2 1 1 512 235 240 887
2617 4 2 1 1 111 85 756 925
2618 4 2 1 1 113 851 120 103
2619 4 2 1 1 972 781 205 724
2620 4 2 1 1 935 245 222 583
2621 4 2 1 1 537 484 766 834
2622 4 2 1 1 477 740 586 826
2623 4 2 1 1 521 750 775 863
2624 4 2 1 1 521 606 775 577
2625 4 2 1 1 144 156 141 686
2626 4 2 1 1 592 862 522 722
2627 4 2 1 1 486 651 670 561
2628 4 2 1 1 484 812 765 863
2629 4 2 1 1 528 711 770 771
2630 4 2 1 1 497 725 211 809
2631 4 2 1 1 474 621 550 793
2632 4 2 1 1 932 975 125 620
2633 4 2 1 1 477 599 707 903
2634 4 2 1 1 581 725 613 823
2635 4 2 1 1 743 501 494 781
2636 4 2 1 1 649 815 536 825
2637 4 2 1 1 942 216 204 924
2638 4 2 1 1 240 956 258 251
2639 4 2 1 1 114 969 764 941
2640 4 2 1 1 448 507 442 398
2641 4 2 1 1 585 833 714 899
2642 4 2 1 1 475 686 621 779
2643 4 2 1 1 325 787 782 870
2644 4 2 1 1 97 94 96 591
2645 4 2 1 1 648 684 548 805
2646 4 2 1 1 912 907 820 467
2647 4 2 1 1 441 399 327 727
2648 4 2 1 1 101 656 868 885
2649 4 2 1 1 486 749 646 561
2650 4 2 1 1 471 748 688 929
2651 4 2 1 1 932 289 31 270
2652 4 2 1 1 772 100 95 110
2653 4 2 1 1 851 950 113 120
2654 4 2 1 1 486 646 651 561
2655 4 2 1 1 525 683 666 929
2656 4 2 1 1 468 837 594 842
2657 4 2 1 1 472 572 836 895
2658 4 2 1 1 318 494 952 885
2659 4 2 1 1 972 205 212 64
2660 4 2 1 1 474 637 549 719
2661 4 2 1 1 864 577 521 703
2662 4 2 1 1 512 782 726 645
2663 4 2 1 1 655 826 477 876
2664 4 2 1 1 714 862 833 582
2665 4 2 1 1 650 852 361 891
2666 4 2 1 1 626 482 676 796
2667 4 2 1 1 805 844 684 901
2668 4 2 1 1 488 571 618 597
2669 4 2 1 1 92 100 95 607
2670 4 2 1 1 537 765 674 766
2671 4 2 1 1 515 574 740 855
2672 4 2 1 1 490 579 760 881
2673 4 2 1 1 898 598 693 733
2674 4 2 1 1 772 100 110 534
2675 4 2 1 1 211 580 175 778
2676 4 2 1 1 502 654 767 547
2677 4 2 1 1 842 545 866 661
2678 4 2 1 1 490 798 638 813
2679 4 2 1 1 235 234 836 879
2680 4 2 1 1 162 161 716 832
2681 4 2 1 1 175 580 194 695
2682 4 2 1 1 669 774 579 856
2683 4 2 1 1 675 676 482 796
2684 4 2 1 1 623 785 551 821
2685 4 2 1 1 233 836 627 848
2686 4 2 1 1 471 737 665 816
2687 4 2 1 1 665 737 522 816
2688 4 2 1 1 576 617 733 820
2689 4 2 1 1 917 573 808 630
2690 4 2 1 1 209 210 201 599
2691 4 2 1 1 386 385 420 926
2692 4 2 1 1 608 845 652 708
2693 4 2 1 1 932 975 32 125
2694 4 2 1 1 654 767 547 891
2695 4 2 1 1 475 590 740 858
2696 4 2 1 1 594 768 872 896
2697 4 2 1 1 364 633 356 874
2698 4 2 1 1 148 140 139 845
2699 4 2 1 1 619 501 698 478
2700 4 2 1 1 176 59 200 936
2701 4 2 1 1 415 447 397 494
2702 4 2 1 1 854 562 569 902
2703 4 2 1 1 545 578 791 910
2704 4 2 1 1 184 613 185 725
2705 4 2 1 1 606 796 626 511
2706 4 2 1 1 668 849 479 856
2707 4 2 1 1 509 823 783 882
2708 4 2 1 1 631 678 538 792
2709 4 2 1 1 100 534 607 868
2710 4 2 1 1 400 768 349 734
2711 4 2 1 1 671 818 546 902
2712 4 2 1 1 528 742 771 797
2713 4 2 1 1 672 673 429 681
2714 4 2 1 1 709 786 785 589
2715 4 2 1 1 741 826 523 876
2716 4 2 1 1 580 860 809 931
2717 4 2 1 1 627 867 479 895
2718 4 2 1 1 518 689 688 822
2719 4 2 1 1 952 494 318 724
2720 4 2 1 1 518 770 711 771
2721 4 2 1 1 936 293 265 59
2722 4 2 1 1 774 573 461 917
2723 4 2 1 1 521 746 611 863
2724 4 2 1 1 693 733 420 898
2725 4 2 1 1 468 659 661 728
2726 4 2 1 1 468 759 662 846
2727 4 2 1 1 527 659 637 728
2728 4 2 1 1 598 493 706 814
2729 4 2 1 1 128 680 137 824
2730 4 2 1 1 173 982 11 933
2731 4 2 1 1 657 480 513 541
2732 4 2 1 1 329 702 330 873
2733 4 2 1 1 248 233 236 627
2734 4 2 1 1 678 538 792 835
2735 4 2 1 1 130 35 882 154
2736 4 2 1 1 541 482 704 864
2737 4 2 1 1 369 457 447 559
2738 4 2 1 1 831 854 497 861
2739 4 2 1 1 481 673 704 710
2740 4 2 1 1 256 226 252 620
2741 4 2 1 1 950 851 962 120
2742 4 2 1 1 229 848 237 813
2743 4 2 1 1 606 469 775 577
2744 4 2 1 1 511 726 571 787
2745 4 2 1 1 655 530 819 903
2746 4 2 1 1 932 980 107 31
2747 4 2 1 1 402 373 401 815
2748 4 2 1 1 121 933 84 911
2749 4 2 1 1 147 779 509 491
2750 4 2 1 1 830 878 592 900
2751 4 2 1 1 524 773 649 829
2752 4 2 1 1 830 775 469 722
2753 4 2 1 1 481 540 704 708
2754 4 2 1 1 342 343 752 888
2755 4 2 1 1 648 753 548 773
2756 4 2 1 1 937 216 965 924
2757 4 2 1 1 229 848 813 612
2758 4 2 1 1 598 706 488 865
2759 4 2 1 1 659 728 468 759
2760 4 2 1 1 136 608 138 719
2761 4 2 1 1 470 811 767 919
2762 4 2 1 1 574 192 909 924
2763 4 2 1 1 666 683 508 930
2764 4 2 1 1 565 647 628 756
2765 4 2 1 1 591 754 573 867
2766 4 2 1 1 487 809 721 889
2767 4 2 1 1 621 719 549 779
2768 4 2 1 1 492 679 576 776
2769 4 2 1 1 67 66 395 951
2770 4 2 1 1 474 788 793 550
2771 4 2 1 1 484 645 644 880
2772 4 2 1 1 523 826 741 856
2773 4 2 1 1 447 446 369 559
2774 4 2 1 1 497 211 725 195
2775 4 2 1 1 718 569 818 919
2776 4 2 1 1 620 479 735 851
2777 4 2 1 1 120 851 83 103
2778 4 2 1 1 638 583 490 813
2779 4 2 1 1 389 377 802 884
2780 4 2 1 1 300 289 301 668
2781 4 2 1 1 117 107 116 668
2782 4 2 1 1 637 659 527 660
2783 4 2 1 1 646 749 596 561
2784 4 2 1 1 384 366 370 799
2785 4 2 1 1 512 726 782 628
2786 4 2 1 1 503 605 694 828
2787 4 2 1 1 937 216 924 178
2788 4 2 1 1 592 775 830 722
2789 4 2 1 1 66 395 951 778
2790 4 2 1 1 613 725 184 823
2791 4 2 1 1 951 395 67 317
2792 4 2 1 1 510 616 543 847
2793 4 2 1 1 738 588 553 530
2794 4 2 1 1 323 635 454 918
2795 4 2 1 1 255 256 236 735
2796 4 2 1 1 561 665 464 930
2797 4 2 1 1 520 557 614 884
2798 4 2 1 1 645 726 560 878
2799 4 2 1 1 648 753 498 807
2800 4 2 1 1 559 624 723 923
2801 4 2 1 1 962 851 83 120
2802 4 2 1 1 502 762 602 811
2803 4 2 1 1 654 806 732 893
2804 4 2 1 1 509 779 167 882
2805 4 2 1 1 484 835 645 880
2806 4 2 1 1 530 819 786 894
2807 4 2 1 1 951 395 317 803
2808 4 2 1 1 254 512 253 757
2809 4 2 1 1 378 672 535 913
2810 4 2 1 1 505 797 616 922
2811 4 2 1 1 629 652 496 760
2812 4 2 1 1 463 697 696 854
2813 4 2 1 1 101 86 656 885
2814 4 2 1 1 838 791 491 570
2815 4 2 1 1 191 871 613 897
2816 4 2 1 1 475 779 621 783
2817 4 2 1 1 506 840 758 850
2818 4 2 1 1 721 781 501 743
2819 4 2 1 1 395 951 778 803
2820 4 2 1 1 783 823 475 882
2821 4 2 1 1 665 737 471 748
2822 4 2 1 1 247 23 22 950
2823 4 2 1 1 471 816 817 843
2824 4 2 1 1 948 566 870 782
2825 4 2 1 1 603 478 810 604
2826 4 2 1 1 479 620 789 849
2827 4 2 1 1 401 829 702 918
2828 4 2 1 1 487 725 581 809
2829 4 2 1 1 102 83 851 103
2830 4 2 1 1 518 709 589 894
2831 4 2 1 1 588 590 553 530
2832 4 2 1 1 484 644 812 863
2833 4 2 1 1 472 914 835 766
2834 4 2 1 1 512 560 726 565
2835 4 2 1 1 515 740 586 855
2836 4 2 1 1 742 839 563 905
2837 4 2 1 1 706 560 465 565
2838 4 2 1 1 666 674 508 808
2839 4 2 1 1 270 300 297 620
2840 4 2 1 1 87 113 116 620
2841 4 2 1 1 628 782 325 787
2842 4 2 1 1 415 961 443 16
2843 4 2 1 1 861 854 809 562
2844 4 2 1 1 747 839 814 905
2845 4 2 1 1 516 731 660 788
2846 4 2 1 1 908 110 911 772
2847 4 2 1 1 631 673 542 841
2848 4 2 1 1 738 588 530 709
2849 4 2 1 1 500 705 636 568
2850 4 2 1 1 539 731 710 513
2851 4 2 1 1 505 839 742 905
2852 4 2 1 1 187 613 191 871
2853 4 2 1 1 540 730 731 745
2854 4 2 1 1 860 852 634 778
2855 4 2 1 1 645 835 566 880
2856 4 2 1 1 981 251 628 756
2857 4 2 1 1 110 772 534 911
2858 4 2 1 1 489 621 720 783
2859 4 2 1 1 698 723 559 724
2860 4 2 1 1 324 453 444 635
2861 4 2 1 1 99 493 925 89
2862 4 2 1 1 415 559 494 701
2863 4 2 1 1 469 606 775 915
2864 4 2 1 1 701 776 492 801
2865 4 2 1 1 861 809 854 497
2866 4 2 1 1 300 668 301 849
2867 4 2 1 1 382 404 352 806
2868 4 2 1 1 713 825 469 830
2869 4 2 1 1 807 602 761 643
2870 4 2 1 1 360 600 363 869
2871 4 2 1 1 810 923 604 478
2872 4 2 1 1 578 850 840 866
2873 4 2 1 1 701 961 16 112
2874 4 2 1 1 547 919 485 859
2875 4 2 1 1 116 117 668 851
2876 4 2 1 1 540 538 483 921
2877 4 2 1 1 638 153 55 133
2878 4 2 1 1 315 673 393 841
2879 4 2 1 1 414 413 803 838
2880 4 2 1 1 303 286 277 583
2881 4 2 1 1 404 442 358 806
2882 4 2 1 1 469 830 825 915
2883 4 2 1 1 431 557 402 401
2884 4 2 1 1 462 604 555 743
2885 4 2 1 1 527 916 886 661
2886 4 2 1 1 964 127 54 153
2887 4 2 1 1 275 285 290 593
2888 4 2 1 1 471 622 827 748
2889 4 2 1 1 247 962 735 219
2890 4 2 1 1 721 781 552 889
2891 4 2 1 1 238 225 250 638
2892 4 2 1 1 659 842 661 886
2893 4 2 1 1 503 573 754 867
2894 4 2 1 1 157 168 131 542
2895 4 2 1 1 701 776 559 492
2896 4 2 1 1 473 573 641 655
2897 4 2 1 1 581 509 725 823
2898 4 2 1 1 122 967 979 756
2899 4 2 1 1 493 598 733 814
2900 4 2 1 1 185 184 186 613
2901 4 2 1 1 498 713 667 753
2902 4 2 1 1 666 929 683 930
2903 4 2 1 1 254 735 255 879
2904 4 2 1 1 947 699 151 838
2905 4 2 1 1 844 807 514 805
2906 4 2 1 1 446 701 394 776
2907 4 2 1 1 713 825 649 906
2908 4 2 1 1 882 197 35 174
2909 4 2 1 1 487 551 721 931
2910 4 2 1 1 285 284 305 855
2911 4 2 1 1 930 663 683 508
2912 4 2 1 1 630 508 674 808
2913 4 2 1 1 879 895 836 572
2914 4 2 1 1 240 782 512 887
2915 4 2 1 1 559 723 698 923
2916 4 2 1 1 663 464 596 920
2917 4 2 1 1 886 916 527 692
2918 4 2 1 1 133 161 159 638
2919 4 2 1 1 77 782 956 258
2920 4 2 1 1 456 782 77 325
2921 4 2 1 1 560 645 644 834
2922 4 2 1 1 875 576 617 733
2923 4 2 1 1 311 733 801 898
2924 4 2 1 1 644 775 522 863
2925 4 2 1 1 233 234 627 836
2926 4 2 1 1 631 678 231 892
2927 4 2 1 1 950 226 22 247
2928 4 2 1 1 469 825 713 906
2929 4 2 1 1 93 99 90 747
2930 4 2 1 1 406 684 844 379
2931 4 2 1 1 342 345 343 888
2932 4 2 1 1 866 545 842 594
2933 4 2 1 1 147 509 152 601
2934 4 2 1 1 431 557 401 918
2935 4 2 1 1 114 969 941 28
2936 4 2 1 1 647 693 388 898
2937 4 2 1 1 812 714 465 582
2938 4 2 1 1 974 192 199 178
2939 4 2 1 1 530 709 641 894
2940 4 2 1 1 110 534 121 911
2941 4 2 1 1 545 594 768 872
2942 4 2 1 1 368 355 624 844
2943 4 2 1 1 950 977 113 22
2944 4 2 1 1 512 560 645 726
2945 4 2 1 1 948 566 782 221
2946 4 2 1 1 940 198 180 13
2947 4 2 1 1 85 757 25 967
2948 4 2 1 1 247 962 219 23
2949 4 2 1 1 510 862 899 722
2950 4 2 1 1 553 489 853 858
2951 4 2 1 1 465 714 812 560
2952 4 2 1 1 573 826 655 856
2953 4 2 1 1 339 343 407 752
2954 4 2 1 1 501 639 619 729
2955 4 2 1 1 496 630 629 760
2956 4 2 1 1 553 738 530 739
2957 4 2 1 1 645 835 834 887
2958 4 2 1 1 898 598 733 493
2959 4 2 1 1 387 852 634 891
2960 4 2 1 1 472 572 766 835
2961 4 2 1 1 477 739 553 530
2962 4 2 1 1 446 428 437 776
2963 4 2 1 1 669 741 515 856
2964 4 2 1 1 573 774 826 856
2965 4 2 1 1 272 299 298 763
2966 4 2 1 1 630 496 808 917
2967 4 2 1 1 256 950 226 620
2968 4 2 1 1 575 883 722 906
2969 4 2 1 1 417 315 450 542
2970 4 2 1 1 151 137 147 491
2971 4 2 1 1 523 826 655 876
2972 4 2 1 1 296 51 52 949
2973 4 2 1 1 539 659 731 513
2974 4 2 1 1 702 829 330 873
2975 4 2 1 1 415 397 318 494
2976 4 2 1 1 122 967 756 85
2977 4 2 1 1 172 686 144 691
2978 4 2 1 1 887 678 836 239
2979 4 2 1 1 468 837 657 846
2980 4 2 1 1 654 732 502 893
2981 4 2 1 1 228 612 229 751
2982 4 2 1 1 673 429 417 393
2983 4 2 1 1 949 296 51 309
2984 4 2 1 1 522 765 665 816
2985 4 2 1 1 949 290 52 296
2986 4 2 1 1 510 847 597 899
2987 4 2 1 1 645 782 511 870
2988 4 2 1 1 552 739 707 903
2989 4 2 1 1 157 131 145 542
2990 4 2 1 1 484 644 645 834
2991 4 2 1 1 571 878 830 900
2992 4 2 1 1 769 795 890 671
2993 4 2 1 1 832 760 793 526
2994 4 2 1 1 489 783 853 858
2995 4 2 1 1 973 497 203 951
2996 4 2 1 1 647 898 416 925
2997 4 2 1 1 973 838 601 803
2998 4 2 1 1 252 246 256 789
2999 4 2 1 1 601 170 945 132
3000 4 2 1 1 236 627 234 879
3001 4 2 1 1 556 711 605 790
3002 4 2 1 1 183 691 192 897
3003 4 2 1 1 232 235 234 836
3004 4 2 1 1 475 779 783 882
3005 4 2 1 1 565 706 493 747
3006 4 2 1 1 949 970 155 52
3007 4 2 1 1 465 694 812 582
3008 4 2 1 1 230 612 228 892
3009 4 2 1 1 576 684 820 926
3010 4 2 1 1 231 678 230 892
3011 4 2 1 1 555 607 534 868
3012 4 2 1 1 544 777 679 810
3013 4 2 1 1 503 754 828 867
3014 4 2 1 1 10 938 88 109
3015 4 2 1 1 689 709 641 530
3016 4 2 1 1 245 939 73 225
3017 4 2 1 1 534 743 555 868
3018 4 2 1 1 399 628 327 727
3019 4 2 1 1 497 831 570 854
3020 4 2 1 1 136 137 680 719
3021 4 2 1 1 516 596 788 550
3022 4 2 1 1 472 766 572 895
3023 4 2 1 1 256 255 247 735
3024 4 2 1 1 561 464 683 930
3025 4 2 1 1 481 673 672 681
3026 4 2 1 1 586 740 477 871
3027 4 2 1 1 875 576 733 492
3028 4 2 1 1 465 747 706 565
3029 4 2 1 1 326 441 327 727
3030 4 2 1 1 669 515 774 856
3031 4 2 1 1 502 767 811 547
3032 4 2 1 1 909 855 740 574
3033 4 2 1 1 461 590 588 530
3034 4 2 1 1 465 706 585 714
3035 4 2 1 1 591 479 851 867
3036 4 2 1 1 432 460 778 852
3037 4 2 1 1 527 661 659 728
3038 4 2 1 1 545 869 866 910
3039 4 2 1 1 207 781 656 885
3040 4 2 1 1 683 929 561 930
3041 4 2 1 1 692 699 424 916
3042 4 2 1 1 684 805 576 820
3043 4 2 1 1 510 616 847 833
3044 4 2 1 1 522 812 816 862
3045 4 2 1 1 812 694 465 560
3046 4 2 1 1 860 852 778 564
3047 4 2 1 1 421 388 376 693
3048 4 2 1 1 86 940 13 106
3049 4 2 1 1 590 740 477 826
3050 4 2 1 1 296 949 593 924
3051 4 2 1 1 325 628 456 782
3052 4 2 1 1 645 782 566 887
3053 4 2 1 1 89 898 493 925
3054 4 2 1 1 592 899 862 722
3055 4 2 1 1 496 652 788 793
3056 4 2 1 1 283 274 273 716
3057 4 2 1 1 619 698 501 729
3058 4 2 1 1 481 704 673 708
3059 4 2 1 1 616 544 543 912
3060 4 2 1 1 296 309 949 924
3061 4 2 1 1 596 663 920 921
3062 4 2 1 1 579 630 573 917
3063 4 2 1 1 791 916 545 699
3064 4 2 1 1 777 810 544 543
3065 4 2 1 1 530 786 709 894
3066 4 2 1 1 673 681 481 708
3067 4 2 1 1 461 689 641 530
3068 4 2 1 1 522 750 775 722
3069 4 2 1 1 336 341 412 800
3070 4 2 1 1 672 673 481 710
3071 4 2 1 1 364 403 365 633
3072 4 2 1 1 371 614 389 802
3073 4 2 1 1 908 110 772 98
3074 4 2 1 1 611 863 746 914
3075 4 2 1 1 648 548 753 805
3076 4 2 1 1 383 430 642 896
3077 4 2 1 1 536 825 687 883
3078 4 2 1 1 542 673 631 708
3079 4 2 1 1 721 786 552 743
3080 4 2 1 1 514 777 679 901
3081 4 2 1 1 669 479 849 856
3082 4 2 1 1 648 805 753 807
3083 4 2 1 1 695 729 634 860
3084 4 2 1 1 558 715 657 837
3085 4 2 1 1 287 304 297 789
3086 4 2 1 1 945 985 38 170
3087 4 2 1 1 398 442 405 507
3088 4 2 1 1 162 143 161 832
3089 4 2 1 1 472 848 612 881
3090 4 2 1 1 973 497 951 803
3091 4 2 1 1 564 831 497 861
3092 4 2 1 1 576 733 693 820
3093 4 2 1 1 313 948 77 78
3094 4 2 1 1 142 686 141 794
3095 4 2 1 1 364 356 340 874
3096 4 2 1 1 140 142 141 794
3097 4 2 1 1 702 787 328 918
3098 4 2 1 1 545 768 594 866
3099 4 2 1 1 672 673 535 913
3100 4 2 1 1 866 468 842 661
3101 4 2 1 1 523 655 591 772
3102 4 2 1 1 512 645 834 887
3103 4 2 1 1 325 948 782 77
3104 4 2 1 1 333 330 829 873
3105 4 2 1 1 78 313 948 676
3106 4 2 1 1 622 528 833 843
3107 4 2 1 1 566 782 645 870
3108 4 2 1 1 660 540 788 731
3109 4 2 1 1 367 600 458 838
3110 4 2 1 1 183 823 691 897
3111 4 2 1 1 634 426 387 891
3112 4 2 1 1 492 653 555 868
3113 4 2 1 1 666 683 525 808
3114 4 2 1 1 85 757 104 25
3115 4 2 1 1 411 427 363 650
3116 4 2 1 1 571 775 606 915
3117 4 2 1 1 465 560 694 565
3118 4 2 1 1 231 678 239 836
3119 4 2 1 1 228 612 751 892
3120 4 2 1 1 571 488 726 878
3121 4 2 1 1 958 304 297 70
3122 4 2 1 1 973 214 601 985
3123 4 2 1 1 627 836 234 879
3124 4 2 1 1 958 246 70 252
3125 4 2 1 1 579 760 630 917
3126 4 2 1 1 331 375 329 618
3127 4 2 1 1 935 246 222 71
3128 4 2 1 1 402 557 433 815
3129 4 2 1 1 704 710 541 745
3130 4 2 1 1 640 721 501 743
3131 4 2 1 1 489 587 588 928
3132 4 2 1 1 245 939 225 638
3133 4 2 1 1 271 974 61 937
3134 4 2 1 1 367 360 458 600
3135 4 2 1 1 716 780 490 583
3136 4 2 1 1 493 814 653 905
3137 4 2 1 1 158 151 147 838
3138 4 2 1 1 376 331 419 618
3139 4 2 1 1 259 245 238 813
3140 4 2 1 1 318 415 494 885
3141 4 2 1 1 935 246 71 968
3142 4 2 1 1 537 694 812 834
3143 4 2 1 1 502 767 654 893
3144 4 2 1 1 859 919 470 767
3145 4 2 1 1 766 834 484 835
3146 4 2 1 1 707 982 209 173
3147 4 2 1 1 612 483 751 892
3148 4 2 1 1 618 597 571 873
3149 4 2 1 1 741 826 515 856
3150 4 2 1 1 832 760 526 490
3151 4 2 1 1 496 788 652 921
3152 4 2 1 1 897 858 823 475
3153 4 2 1 1 653 814 733 617
3154 4 2 1 1 552 656 781 743
3155 4 2 1 1 257 241 242 631
3156 4 2 1 1 951 497 778 803
3157 4 2 1 1 190 188 187 871
3158 4 2 1 1 604 875 555 492
3159 4 2 1 1 475 783 621 858
3160 4 2 1 1 325 948 77 313
3161 4 2 1 1 470 767 634 859
3162 4 2 1 1 634 859 767 891
3163 4 2 1 1 469 883 825 906
3164 4 2 1 1 895 836 848 627
3165 4 2 1 1 419 438 376 926
3166 4 2 1 1 384 370 422 799
3167 4 2 1 1 582 816 812 862
3168 4 2 1 1 499 734 752 888
3169 4 2 1 1 661 728 527 791
3170 4 2 1 1 446 447 415 559
3171 4 2 1 1 410 815 423 874
3172 4 2 1 1 721 739 889 552
3173 4 2 1 1 947 312 41 824
3174 4 2 1 1 207 940 198 180
3175 4 2 1 1 114 969 28 108
3176 4 2 1 1 665 929 666 930
3177 4 2 1 1 231 230 678 836
3178 4 2 1 1 400 734 418 896
3179 4 2 1 1 526 490 798 832
3180 4 2 1 1 134 691 164 593
3181 4 2 1 1 617 912 544 922
3182 4 2 1 1 560 694 512 834
3183 4 2 1 1 665 561 748 929
3184 4 2 1 1 482 792 704 864
3185 4 2 1 1 415 701 494 885
3186 4 2 1 1 556 689 461 808
3187 4 2 1 1 146 779 719 794
3188 4 2 1 1 179 210 206 763
3189 4 2 1 1 948 676 313 870
3190 4 2 1 1 473 641 573 790
3191 4 2 1 1 691 204 192 924
3192 4 2 1 1 164 160 154 691
3193 4 2 1 1 628 647 399 756
3194 4 2 1 1 987 160 691 154
3195 4 2 1 1 484 863 765 914
3196 4 2 1 1 522 775 750 863
3197 4 2 1 1 786 640 785 462
3198 4 2 1 1 96 94 95 772
3199 4 2 1 1 528 742 797 839
3200 4 2 1 1 777 543 544 912
3201 4 2 1 1 662 759 595 846
3202 4 2 1 1 656 781 494 885
3203 4 2 1 1 172 691 154 882
3204 4 2 1 1 973 214 985 68
3205 4 2 1 1 509 783 779 882
3206 4 2 1 1 563 839 747 905
3207 4 2 1 1 305 855 294 909
3208 4 2 1 1 516 749 596 550
3209 4 2 1 1 92 563 93 905
3210 4 2 1 1 547 919 859 767
3211 4 2 1 1 212 194 205 781
3212 4 2 1 1 127 970 53 155
3213 4 2 1 1 655 826 523 856
3214 4 2 1 1 498 753 667 807
3215 4 2 1 1 432 778 634 852
3216 4 2 1 1 316 647 416 925
3217 4 2 1 1 121 110 100 534
3218 4 2 1 1 418 345 342 734
3219 4 2 1 1 514 624 844 901
3220 4 2 1 1 420 428 311 733
3221 4 2 1 1 295 269 283 638
3222 4 2 1 1 200 944 763 936
3223 4 2 1 1 559 604 494 492
3224 4 2 1 1 311 733 428 801
3225 4 2 1 1 145 680 135 681
3226 4 2 1 1 733 814 653 493
3227 4 2 1 1 512 240 235 253
3228 4 2 1 1 135 824 681 680
3229 4 2 1 1 510 543 667 847
3230 4 2 1 1 90 89 82 493
3231 4 2 1 1 566 835 645 887
3232 4 2 1 1 628 727 726 787
3233 4 2 1 1 629 652 483 921
3234 4 2 1 1 579 848 627 895
3235 4 2 1 1 461 556 808 573
3236 4 2 1 1 522 816 737 862
3237 4 2 1 1 314 66 65 778
3238 4 2 1 1 228 230 229 612
3239 4 2 1 1 509 697 581 725
3240 4 2 1 1 464 703 745 920
3241 4 2 1 1 459 699 692 824
3242 4 2 1 1 402 433 423 815
3243 4 2 1 1 223 260 249 542
3244 4 2 1 1 642 886 692 916
3245 4 2 1 1 544 875 617 922
3246 4 2 1 1 681 824 135 42
3247 4 2 1 1 249 943 79 242
3248 4 2 1 1 596 920 788 921
3249 4 2 1 1 436 642 430 799
3250 4 2 1 1 623 562 853 890
3251 4 2 1 1 512 694 572 834
3252 4 2 1 1 314 65 695 778
3253 4 2 1 1 538 864 746 703
3254 4 2 1 1 139 140 138 794
3255 4 2 1 1 687 883 469 577
3256 4 2 1 1 512 782 645 887
3257 4 2 1 1 287 281 286 849
3258 4 2 1 1 507 695 398 724
3259 4 2 1 1 65 175 695 778
3260 4 2 1 1 200 944 936 58
3261 4 2 1 1 110 98 95 772
3262 4 2 1 1 948 566 221 676
3263 4 2 1 1 115 764 118 908
3264 4 2 1 1 642 692 391 916
3265 4 2 1 1 887 678 239 566
3266 4 2 1 1 104 99 119 757
3267 4 2 1 1 545 661 642 916
3268 4 2 1 1 146 719 138 794
3269 4 2 1 1 106 101 86 656
3270 4 2 1 1 200 944 58 206
3271 4 2 1 1 515 826 774 856
3272 4 2 1 1 986 132 945 37
3273 4 2 1 1 96 772 98 908
3274 4 2 1 1 469 687 825 883
3275 4 2 1 1 666 674 556 817
3276 4 2 1 1 545 642 872 916
3277 4 2 1 1 438 693 376 926
3278 4 2 1 1 118 764 523 908
3279 4 2 1 1 257 242 221 676
3280 4 2 1 1 101 534 656 121
3281 4 2 1 1 277 716 780 274
3282 4 2 1 1 667 761 498 807
3283 4 2 1 1 543 761 667 807
3284 4 2 1 1 515 740 590 826
3285 4 2 1 1 459 692 319 824
3286 4 2 1 1 762 810 478 923
3287 4 2 1 1 493 747 706 814
3288 4 2 1 1 574 192 924 691
3289 4 2 1 1 406 684 379 425
3290 4 2 1 1 209 982 201 173
3291 4 2 1 1 144 142 163 686
3292 4 2 1 1 239 566 782 887
3293 4 2 1 1 409 654 877 891
3294 4 2 1 1 200 944 206 763
3295 4 2 1 1 40 41 947 392
3296 4 2 1 1 282 280 302 741
3297 4 2 1 1 196 195 211 497
3298 4 2 1 1 148 165 751 845
3299 4 2 1 1 897 858 475 740
3300 4 2 1 1 842 468 866 594
3301 4 2 1 1 587 853 720 890
3302 4 2 1 1 835 836 572 887
3303 4 2 1 1 111 99 85 925
3304 4 2 1 1 47 129 48 751
3305 4 2 1 1 436 799 422 857
3306 4 2 1 1 560 512 694 565
3307 4 2 1 1 366 384 430 799
3308 4 2 1 1 197 192 183 691
3309 4 2 1 1 834 835 572 887
3310 4 2 1 1 560 812 694 834
3311 4 2 1 1 947 40 392 838
3312 4 2 1 1 112 105 701 868
3313 4 2 1 1 938 982 599 109
3314 4 2 1 1 522 812 765 816
3315 4 2 1 1 511 571 726 878
3316 4 2 1 1 471 817 711 843
3317 4 2 1 1 236 234 255 879
3318 4 2 1 1 971 131 542 150
3319 4 2 1 1 576 733 492 776
3320 4 2 1 1 947 312 824 699
3321 4 2 1 1 534 772 903 911
3322 4 2 1 1 463 671 890 902
3323 4 2 1 1 496 760 652 793
3324 4 2 1 1 558 837 657 842
3325 4 2 1 1 257 231 241 631
3326 4 2 1 1 409 426 654 891
3327 4 2 1 1 475 691 823 897
3328 4 2 1 1 97 103 102 851
3329 4 2 1 1 389 434 377 884
3330 4 2 1 1 193 580 809 889
3331 4 2 1 1 868 885 112 101
3332 4 2 1 1 533 771 742 797
3333 4 2 1 1 266 304 287 789
3334 4 2 1 1 212 175 194 695
3335 4 2 1 1 220 228 229 751
3336 4 2 1 1 801 82 18 898
3337 4 2 1 1 675 796 520 884
3338 4 2 1 1 381 352 344 732
3339 4 2 1 1 493 747 814 905
3340 4 2 1 1 617 653 505 875
3341 4 2 1 1 626 566 792 880
3342 4 2 1 1 91 90 653 905
3343 4 2 1 1 151 128 137 824
3344 4 2 1 1 398 634 440 695
3345 4 2 1 1 581 720 697 783
3346 4 2 1 1 496 760 793 917
3347 4 2 1 1 161 153 162 716
3348 4 2 1 1 104 85 99 757
3349 4 2 1 1 567 514 762 923
3350 4 2 1 1 556 674 808 573
3351 4 2 1 1 523 655 772 908
3352 4 2 1 1 868 112 885 701
3353 4 2 1 1 512 834 572 887
3354 4 2 1 1 368 379 355 844
3355 4 2 1 1 949 134 155 593
3356 4 2 1 1 623 853 553 928
3357 4 2 1 1 649 825 536 906
3358 4 2 1 1 762 923 698 723
3359 4 2 1 1 508 766 765 914
3360 4 2 1 1 221 239 566 782
3361 4 2 1 1 234 236 233 627
3362 4 2 1 1 436 391 642 692
3363 4 2 1 1 323 787 635 918
3364 4 2 1 1 546 562 623 890
3365 4 2 1 1 556 605 503 790
3366 4 2 1 1 895 848 836 472
3367 4 2 1 1 139 608 145 845
3368 4 2 1 1 578 758 840 850
3369 4 2 1 1 742 754 563 828
3370 4 2 1 1 530 739 738 786
3371 4 2 1 1 580 695 175 778
3372 4 2 1 1 503 556 790 573
3373 4 2 1 1 507 723 698 724
3374 4 2 1 1 928 890 853 587
3375 4 2 1 1 569 831 485 861
3376 4 2 1 1 556 674 666 808
3377 4 2 1 1 345 418 400 734
3378 4 2 1 1 706 714 488 865
3379 4 2 1 1 762 810 923 514
3380 4 2 1 1 265 305 294 909
3381 4 2 1 1 875 576 492 544
3382 4 2 1 1 120 962 23 83
3383 4 2 1 1 694 828 465 565
3384 4 2 1 1 665 561 929 930
3385 4 2 1 1 432 634 387 852
3386 4 2 1 1 93 92 94 563
3387 4 2 1 1 392 699 947 838
3388 4 2 1 1 947 312 699 392
3389 4 2 1 1 115 114 108 764
3390 4 2 1 1 635 796 511 870
3391 4 2 1 1 947 41 151 824
3392 4 2 1 1 414 411 600 803
3393 4 2 1 1 311 17 18 801
3394 4 2 1 1 320 672 692 857
3395 4 2 1 1 425 386 452 684
3396 4 2 1 1 546 795 671 890
3397 4 2 1 1 176 202 213 909
3398 4 2 1 1 489 677 588 587
3399 4 2 1 1 191 187 184 613
3400 4 2 1 1 566 678 631 792
3401 4 2 1 1 481 608 708 680
3402 4 2 1 1 509 581 697 783
3403 4 2 1 1 735 851 479 867
3404 4 2 1 1 114 969 108 764
3405 4 2 1 1 697 720 549 783
3406 4 2 1 1 173 208 209 707
3407 4 2 1 1 720 783 581 853
3408 4 2 1 1 401 330 702 829
3409 4 2 1 1 235 836 239 887
3410 4 2 1 1 626 676 566 870
3411 4 2 1 1 118 115 108 764
3412 4 2 1 1 703 920 663 538
3413 4 2 1 1 241 631 231 892
3414 4 2 1 1 691 192 204 197
3415 4 2 1 1 148 149 143 798
3416 4 2 1 1 576 805 684 901
3417 4 2 1 1 311 801 18 898
3418 4 2 1 1 551 623 738 785
3419 4 2 1 1 698 923 762 478
3420 4 2 1 1 408 343 348 888
3421 4 2 1 1 512 645 560 834
3422 4 2 1 1 421 388 693 898
3423 4 2 1 1 805 844 901 514
3424 4 2 1 1 826 590 461 530
3425 4 2 1 1 691 475 823 882
3426 4 2 1 1 316 416 19 925
3427 4 2 1 1 660 540 731 481
3428 4 2 1 1 223 249 241 542
3429 4 2 1 1 347 341 344 690
3430 4 2 1 1 505 742 607 905
3431 4 2 1 1 435 628 399 756
3432 4 2 1 1 737 862 510 722
3433 4 2 1 1 141 686 779 794
3434 4 2 1 1 203 177 195 601
3435 4 2 1 1 955 170 601 158
3436 4 2 1 1 448 457 358 723
3437 4 2 1 1 227 220 48 751
3438 4 2 1 1 205 781 207 885
3439 4 2 1 1 440 695 634 778
3440 4 2 1 1 696 697 570 854
3441 4 2 1 1 947 312 392 41
3442 4 2 1 1 879 895 572 867
3443 4 2 1 1 127 970 155 593
3444 4 2 1 1 324 884 444 433
3445 4 2 1 1 329 618 375 727
3446 4 2 1 1 136 145 608 680
3447 4 2 1 1 382 654 405 806
3448 4 2 1 1 359 872 768 896
3449 4 2 1 1 146 141 779 794
3450 4 2 1 1 484 765 766 914
3451 4 2 1 1 482 676 675 841
3452 4 2 1 1 410 373 423 815
3453 4 2 1 1 182 184 725 823
3454 4 2 1 1 461 590 774 917
3455 4 2 1 1 368 355 357 624
3456 4 2 1 1 184 613 823 897
3457 4 2 1 1 621 719 779 794
3458 4 2 1 1 473 754 742 790
3459 4 2 1 1 193 809 185 889
3460 4 2 1 1 189 552 781 889
3461 4 2 1 1 621 779 686 794
3462 4 2 1 1 207 940 180 885
3463 4 2 1 1 48 129 150 751
3464 4 2 1 1 333 332 330 873
3465 4 2 1 1 184 191 613 897
3466 4 2 1 1 211 175 196 778
3467 4 2 1 1 303 283 288 583
3468 4 2 1 1 746 864 792 880
3469 4 2 1 1 533 770 589 894
3470 4 2 1 1 435 399 628 327
3471 4 2 1 1 675 439 913 841
3472 4 2 1 1 153 127 162 716
3473 4 2 1 1 223 49 50 946
3474 4 2 1 1 474 788 652 793
3475 4 2 1 1 365 356 364 633
3476 4 2 1 1 189 781 194 889
3477 4 2 1 1 549 720 621 783
3478 4 2 1 1 518 770 771 894
3479 4 2 1 1 489 853 587 928
3480 4 2 1 1 108 118 764 927
3481 4 2 1 1 831 859 485 861
3482 4 2 1 1 461 808 677 917
3483 4 2 1 1 207 940 885 656
3484 4 2 1 1 78 948 221 676
3485 4 2 1 1 559 494 701 492
3486 4 2 1 1 320 692 436 857
3487 4 2 1 1 324 454 453 635
3488 4 2 1 1 361 374 362 891
3489 4 2 1 1 99 493 89 90
3490 4 2 1 1 585 714 706 865
3491 4 2 1 1 617 733 653 875
3492 4 2 1 1 316 756 647 925
3493 4 2 1 1 860 852 564 859
3494 4 2 1 1 585 865 847 899
3495 4 2 1 1 420 385 428 776
3496 4 2 1 1 634 729 470 860
3497 4 2 1 1 322 676 675 796
3498 4 2 1 1 492 555 653 875
3499 4 2 1 1 405 382 426 654
3500 4 2 1 1 476 623 738 928
3501 4 2 1 1 148 165 129 751
3502 4 2 1 1 472 630 674 895
3503 4 2 1 1 618 488 727 571
3504 4 2 1 1 327 628 325 787
3505 4 2 1 1 232 231 239 836
3506 4 2 1 1 579 573 774 917
3507 4 2 1 1 655 530 477 826
3508 4 2 1 1 388 416 316 647
3509 4 2 1 1 212 65 175 695
3510 4 2 1 1 444 322 675 796
3511 4 2 1 1 633 799 513 857
3512 4 2 1 1 158 601 955 838
3513 4 2 1 1 52 155 949 134
3514 4 2 1 1 506 700 840 850
3515 4 2 1 1 826 461 590 774
3516 4 2 1 1 249 943 242 841
3517 4 2 1 1 276 275 274 780
3518 4 2 1 1 847 865 597 899
3519 4 2 1 1 223 50 260 946
3520 4 2 1 1 971 223 227 542
3521 4 2 1 1 479 627 735 867
3522 4 2 1 1 527 699 692 916
3523 4 2 1 1 374 852 387 891
3524 4 2 1 1 971 131 150 49
3525 4 2 1 1 986 132 37 152
3526 4 2 1 1 414 600 367 838
3527 4 2 1 1 494 656 743 781
3528 4 2 1 1 233 232 234 836
3529 4 2 1 1 242 78 221 676
3530 4 2 1 1 22 113 950 120
3531 4 2 1 1 413 973 317 803
3532 4 2 1 1 521 864 746 880
3533 4 2 1 1 839 747 706 465
3534 4 2 1 1 592 775 644 878
3535 4 2 1 1 359 360 768 872
3536 4 2 1 1 579 630 760 881
3537 4 2 1 1 460 455 395 803
3538 4 2 1 1 825 883 536 906
3539 4 2 1 1 155 164 163 593
3540 4 2 1 1 477 740 613 871
3541 4 2 1 1 496 630 760 917
3542 4 2 1 1 566 678 792 835
3543 4 2 1 1 204 987 34 942
3544 4 2 1 1 961 112 701 885
3545 4 2 1 1 264 246 222 789
3546 4 2 1 1 313 796 453 870
3547 4 2 1 1 502 762 811 893
3548 4 2 1 1 172 154 130 882
3549 4 2 1 1 146 138 141 794
3550 4 2 1 1 552 781 721 743
3551 4 2 1 1 459 699 824 312
3552 4 2 1 1 430 400 418 896
3553 4 2 1 1 361 350 427 650
3554 4 2 1 1 101 534 121 100
3555 4 2 1 1 949 290 296 593
3556 4 2 1 1 611 508 765 914
3557 4 2 1 1 143 149 161 798
3558 4 2 1 1 585 847 833 899
3559 4 2 1 1 730 745 540 920
3560 4 2 1 1 325 327 456 628
3561 4 2 1 1 470 729 639 931
3562 4 2 1 1 502 811 767 893
3563 4 2 1 1 223 946 260 542
3564 4 2 1 1 675 676 439 841
3565 4 2 1 1 203 951 196 67
3566 4 2 1 1 533 473 742 771
3567 4 2 1 1 641 771 473 894
3568 4 2 1 1 553 853 581 858
3569 4 2 1 1 568 718 818 919
3570 4 2 1 1 626 864 521 880
3571 4 2 1 1 510 862 833 899
3572 4 2 1 1 150 971 48 751
3573 4 2 1 1 798 159 46 166
3574 4 2 1 1 487 809 562 931
3575 4 2 1 1 473 742 771 790
3576 4 2 1 1 414 411 363 600
3577 4 2 1 1 142 140 143 832
3578 4 2 1 1 533 797 664 589
3579 4 2 1 1 706 560 565 488
3580 4 2 1 1 442 448 358 723
3581 4 2 1 1 745 864 538 703
3582 4 2 1 1 416 647 388 898
3583 4 2 1 1 448 507 398 724
3584 4 2 1 1 446 559 415 701
3585 4 2 1 1 710 886 481 672
3586 4 2 1 1 519 828 754 867
3587 4 2 1 1 791 916 699 527
3588 4 2 1 1 514 777 805 807
3589 4 2 1 1 311 420 733 898
3590 4 2 1 1 439 321 315 841
3591 4 2 1 1 390 377 434 675
3592 4 2 1 1 721 889 739 487
3593 4 2 1 1 110 121 84 911
3594 4 2 1 1 641 894 709 518
3595 4 2 1 1 382 352 381 732
3596 4 2 1 1 585 528 833 616
3597 4 2 1 1 343 339 342 752
3598 4 2 1 1 533 770 797 589
3599 4 2 1 1 313 676 796 870
3600 4 2 1 1 468 657 837 842
3601 4 2 1 1 749 769 550 904
3602 4 2 1 1 370 422 799 857
3603 4 2 1 1 503 754 605 828
3604 4 2 1 1 186 184 187 613
3605 4 2 1 1 695 634 778 860
3606 4 2 1 1 574 593 691 924
3607 4 2 1 1 184 823 183 897
3608 4 2 1 1 642 872 383 896
3609 4 2 1 1 326 329 727 787
3610 4 2 1 1 452 684 386 926
3611 4 2 1 1 671 546 890 902
3612 4 2 1 1 323 454 328 918
3613 4 2 1 1 390 377 675 913
3614 4 2 1 1 585 714 865 899
3615 4 2 1 1 447 448 397 724
3616 4 2 1 1 218 200 210 763
3617 4 2 1 1 703 746 521 864
3618 4 2 1 1 382 409 426 654
3619 4 2 1 1 950 977 620 113
3620 4 2 1 1 972 205 64 952
3621 4 2 1 1 971 131 49 946
3622 4 2 1 1 318 972 64 952
3623 4 2 1 1 555 743 604 492
3624 4 2 1 1 481 608 680 660
3625 4 2 1 1 656 101 121 106
3626 4 2 1 1 463 562 854 902
3627 4 2 1 1 465 694 605 828
3628 4 2 1 1 729 724 698 501
3629 4 2 1 1 581 853 783 858
3630 4 2 1 1 320 319 459 692
3631 4 2 1 1 675 913 439 390
3632 4 2 1 1 406 347 355 844
3633 4 2 1 1 220 47 48 751
3634 4 2 1 1 917 808 573 461
3635 4 2 1 1 613 871 740 897
3636 4 2 1 1 553 738 623 928
3637 4 2 1 1 360 363 353 869
3638 4 2 1 1 872 391 642 383
3639 4 2 1 1 65 396 314 695
3640 4 2 1 1 65 212 972 695
3641 4 2 1 1 208 198 207 656
3642 4 2 1 1 544 810 679 604
3643 4 2 1 1 299 292 298 764
3644 4 2 1 1 580 729 695 860
3645 4 2 1 1 763 764 599 876
3646 4 2 1 1 203 951 67 973
3647 4 2 1 1 693 820 548 926
3648 4 2 1 1 310 299 293 763
3649 4 2 1 1 641 709 689 518
3650 4 2 1 1 585 865 814 907
3651 4 2 1 1 205 207 180 885
3652 4 2 1 1 549 697 509 491
3653 4 2 1 1 98 96 95 772
3654 4 2 1 1 898 598 493 647
3655 4 2 1 1 616 544 912 922
3656 4 2 1 1 18 82 89 898
3657 4 2 1 1 317 414 413 803
3658 4 2 1 1 165 139 145 845
3659 4 2 1 1 493 647 565 925
3660 4 2 1 1 729 698 724 507
3661 4 2 1 1 810 923 514 679
3662 4 2 1 1 949 970 593 155
3663 4 2 1 1 908 110 98 126
3664 4 2 1 1 569 854 831 861
3665 4 2 1 1 430 436 383 642
3666 4 2 1 1 242 943 78 676
3667 4 2 1 1 522 862 737 722
3668 4 2 1 1 274 267 273 716
3669 4 2 1 1 235 239 836 232
3670 4 2 1 1 431 454 324 918
3671 4 2 1 1 574 192 691 897
3672 4 2 1 1 29 30 81 927
3673 4 2 1 1 325 948 313 870
3674 4 2 1 1 480 804 715 536
3675 4 2 1 1 377 372 371 802
3676 4 2 1 1 405 387 440 634
3677 4 2 1 1 220 798 243 47
3678 4 2 1 1 349 348 345 888
3679 4 2 1 1 238 229 237 813
3680 4 2 1 1 542 681 673 708
3681 4 2 1 1 164 154 172 691
3682 4 2 1 1 277 716 274 283
3683 4 2 1 1 398 405 440 634
3684 4 2 1 1 482 841 675 913
3685 4 2 1 1 328 401 702 918
3686 4 2 1 1 396 318 397 724
3687 4 2 1 1 111 953 19 925
3688 4 2 1 1 302 292 764 927
3689 4 2 1 1 81 108 29 927
3690 4 2 1 1 29 292 268 927
3691 4 2 1 1 126 84 109 911
3692 4 2 1 1 436 384 422 799
3693 4 2 1 1 549 696 637 720
3694 4 2 1 1 156 167 779 882
3695 4 2 1 1 483 678 631 892
3696 4 2 1 1 484 746 863 914
3697 4 2 1 1 187 191 202 871
3698 4 2 1 1 128 151 41 824
3699 4 2 1 1 945 214 601 177
3700 4 2 1 1 118 81 117 927
3701 4 2 1 1 302 301 268 927
3702 4 2 1 1 432 387 374 852
3703 4 2 1 1 325 948 870 782
3704 4 2 1 1 322 439 390 675
3705 4 2 1 1 529 720 769 904
3706 4 2 1 1 803 411 460 455
3707 4 2 1 1 572 834 766 835
3708 4 2 1 1 37 38 945 177
3709 4 2 1 1 217 952 205 885
3710 4 2 1 1 136 139 138 608
3711 4 2 1 1 515 590 774 826
3712 4 2 1 1 334 332 333 773
3713 4 2 1 1 421 693 420 898
3714 4 2 1 1 945 985 170 601
3715 4 2 1 1 510 833 847 899
3716 4 2 1 1 505 797 742 839
3717 4 2 1 1 576 820 693 926
3718 4 2 1 1 641 771 518 790
3719 4 2 1 1 182 184 185 725
3720 4 2 1 1 213 191 192 897
3721 4 2 1 1 626 792 864 880
3722 4 2 1 1 221 948 77 782
3723 4 2 1 1 299 302 292 764
3724 4 2 1 1 320 436 422 857
3725 4 2 1 1 112 86 101 885
3726 4 2 1 1 29 108 969 927
3727 4 2 1 1 533 771 770 894
3728 4 2 1 1 379 386 425 684
3729 4 2 1 1 503 605 754 790
3730 4 2 1 1 239 257 221 566
3731 4 2 1 1 844 807 805 648
3732 4 2 1 1 184 183 191 897
3733 4 2 1 1 585 706 814 865
3734 4 2 1 1 193 194 175 580
3735 4 2 1 1 279 280 282 741
3736 4 2 1 1 839 706 747 814
3737 4 2 1 1 656 743 534 868
3738 4 2 1 1 90 92 93 905
3739 4 2 1 1 251 263 224 756
3740 4 2 1 1 599 707 903 911
3741 4 2 1 1 803 460 411 564
3742 4 2 1 1 128 136 137 680
3743 4 2 1 1 432 440 634 778
3744 4 2 1 1 470 859 634 860
3745 4 2 1 1 436 430 384 799
3746 4 2 1 1 341 336 338 800
3747 4 2 1 1 349 359 353 768
3748 4 2 1 1 91 92 90 905
3749 4 2 1 1 375 647 399 727
3750 4 2 1 1 531 774 590 917
3751 4 2 1 1 82 91 653 801
3752 4 2 1 1 89 19 954 925
3753 4 2 1 1 233 230 232 836
3754 4 2 1 1 361 852 374 891
3755 4 2 1 1 474 621 793 794
3756 4 2 1 1 847 865 585 907
3757 4 2 1 1 675 439 676 322
3758 4 2 1 1 300 301 281 849
3759 4 2 1 1 177 986 601 945
3760 4 2 1 1 565 747 493 925
3761 4 2 1 1 604 743 494 492
3762 4 2 1 1 108 764 969 927
3763 4 2 1 1 953 122 979 756
3764 4 2 1 1 85 122 111 756
3765 4 2 1 1 530 738 709 786
3766 4 2 1 1 464 745 730 920
3767 4 2 1 1 132 158 147 601
3768 4 2 1 1 599 876 764 908
3769 4 2 1 1 764 876 523 908
3770 4 2 1 1 193 580 211 809
3771 4 2 1 1 96 98 118 908
3772 4 2 1 1 592 714 899 900
3773 4 2 1 1 383 436 391 642
3774 4 2 1 1 359 400 383 896
3775 4 2 1 1 641 771 790 473
3776 4 2 1 1 116 97 117 851
3777 4 2 1 1 142 144 141 686
3778 4 2 1 1 746 792 538 835
3779 4 2 1 1 511 796 626 870
3780 4 2 1 1 678 239 257 231
3781 4 2 1 1 329 330 331 873
3782 4 2 1 1 551 785 738 786
3783 4 2 1 1 556 503 674 573
3784 4 2 1 1 589 786 785 462
3785 4 2 1 1 111 756 953 925
3786 4 2 1 1 66 196 175 778
3787 4 2 1 1 986 132 152 601
3788 4 2 1 1 477 530 655 903
3789 4 2 1 1 410 423 364 874
3790 4 2 1 1 768 866 545 869
3791 4 2 1 1 707 739 477 903
3792 4 2 1 1 615 874 633 536
3793 4 2 1 1 791 916 661 545
3794 4 2 1 1 973 838 803 413
3795 4 2 1 1 434 444 322 675
3796 4 2 1 1 66 951 196 778
3797 4 2 1 1 882 183 197 174
3798 4 2 1 1 177 203 214 601
3799 4 2 1 1 692 699 527 824
3800 4 2 1 1 290 285 296 593
3801 4 2 1 1 415 961 885 443
3802 4 2 1 1 231 232 230 836
3803 4 2 1 1 424 312 392 699
3804 4 2 1 1 65 66 175 778
3805 4 2 1 1 908 110 126 911
3806 4 2 1 1 272 944 57 58
3807 4 2 1 1 791 916 527 661
3808 4 2 1 1 185 211 725 809
3809 4 2 1 1 78 321 313 676
3810 4 2 1 1 311 18 416 898
3811 4 2 1 1 547 877 654 891
3812 4 2 1 1 492 653 733 875
3813 4 2 1 1 647 756 565 925
3814 4 2 1 1 18 89 954 898
3815 4 2 1 1 587 489 720 853
3816 4 2 1 1 678 257 239 566
3817 4 2 1 1 409 877 362 891
3818 4 2 1 1 256 246 264 789
3819 4 2 1 1 414 455 411 803
3820 4 2 1 1 361 650 411 852
3821 4 2 1 1 765 812 537 816
3822 4 2 1 1 953 122 756 111
3823 4 2 1 1 521 746 863 880
3824 4 2 1 1 112 101 105 868
3825 4 2 1 1 629 630 472 881
3826 4 2 1 1 472 572 835 836
3827 4 2 1 1 626 796 676 870
3828 4 2 1 1 472 674 766 895
3829 4 2 1 1 981 451 756 435
3830 4 2 1 1 359 383 872 896
3831 4 2 1 1 158 955 40 838
3832 4 2 1 1 492 801 653 868
3833 4 2 1 1 509 697 549 783
3834 4 2 1 1 277 276 274 780
3835 4 2 1 1 882 197 183 691
3836 4 2 1 1 956 251 76 258
3837 4 2 1 1 493 898 647 925
3838 4 2 1 1 775 878 830 571
3839 4 2 1 1 621 779 549 783
3840 4 2 1 1 608 540 708 652
3841 4 2 1 1 944 983 215 763
3842 4 2 1 1 147 779 491 146
3843 4 2 1 1 87 32 125 932
3844 4 2 1 1 830 878 775 592
3845 4 2 1 1 209 208 188 707
3846 4 2 1 1 217 952 63 205
3847 4 2 1 1 323 328 787 918
3848 4 2 1 1 326 327 325 787
3849 4 2 1 1 380 424 458 916
3850 4 2 1 1 368 437 385 776
3851 4 2 1 1 630 808 674 573
3852 4 2 1 1 794 832 142 686
3853 4 2 1 1 346 332 334 773
3854 4 2 1 1 794 142 832 140
3855 4 2 1 1 190 202 218 871
3856 4 2 1 1 157 145 135 681
3857 4 2 1 1 710 886 672 513
3858 4 2 1 1 391 692 424 916
3859 4 2 1 1 562 854 569 861
3860 4 2 1 1 444 389 433 884
3861 4 2 1 1 459 699 312 424
3862 4 2 1 1 272 944 58 293
3863 4 2 1 1 788 920 540 921
3864 4 2 1 1 313 322 453 796
3865 4 2 1 1 135 128 42 824
3866 4 2 1 1 932 308 270 32
3867 4 2 1 1 429 319 672 681
3868 4 2 1 1 137 719 146 491
3869 4 2 1 1 482 673 841 913
3870 4 2 1 1 90 82 91 653
3871 4 2 1 1 485 866 869 910
3872 4 2 1 1 561 651 748 929
3873 4 2 1 1 409 362 426 891
3874 4 2 1 1 126 115 98 908
3875 4 2 1 1 509 549 779 783
3876 4 2 1 1 956 435 456 76
3877 4 2 1 1 263 251 981 756
3878 4 2 1 1 482 626 792 864
3879 4 2 1 1 928 890 587 795
3880 4 2 1 1 176 60 936 909
3881 4 2 1 1 158 40 151 838
3882 4 2 1 1 313 676 322 796
3883 4 2 1 1 900 592 560 878
3884 4 2 1 1 324 884 433 557
3885 4 2 1 1 453 323 313 870
3886 4 2 1 1 937 216 178 62
3887 4 2 1 1 589 785 755 462
3888 4 2 1 1 427 411 361 650
3889 4 2 1 1 868 494 743 492
3890 4 2 1 1 320 445 672 857
3891 4 2 1 1 484 834 645 835
3892 4 2 1 1 745 864 703 541
3893 4 2 1 1 136 135 145 680
3894 4 2 1 1 402 423 373 815
3895 4 2 1 1 315 393 439 841
3896 4 2 1 1 469 775 830 915
3897 4 2 1 1 360 367 363 600
3898 4 2 1 1 937 216 62 965
3899 4 2 1 1 373 333 401 829
3900 4 2 1 1 420 693 438 926
3901 4 2 1 1 470 860 729 931
3902 4 2 1 1 193 189 194 889
3903 4 2 1 1 607 742 563 905
3904 4 2 1 1 235 254 234 879
3905 4 2 1 1 89 954 898 925
3906 4 2 1 1 331 376 375 618
3907 4 2 1 1 359 360 353 768
3908 4 2 1 1 206 57 215 944
3909 4 2 1 1 210 200 206 763
3910 4 2 1 1 617 875 505 922
3911 4 2 1 1 952 443 318 885
3912 4 2 1 1 944 293 272 763
3913 4 2 1 1 170 158 132 601
3914 4 2 1 1 312 319 42 824
3915 4 2 1 1 472 881 630 895
3916 4 2 1 1 328 401 330 702
3917 4 2 1 1 472 678 836 835
3918 4 2 1 1 325 313 323 870
3919 4 2 1 1 284 279 294 855
3920 4 2 1 1 492 701 801 868
3921 4 2 1 1 174 183 182 823
3922 4 2 1 1 735 867 627 879
3923 4 2 1 1 597 899 865 900
3924 4 2 1 1 454 323 453 635
3925 4 2 1 1 141 156 146 779
3926 4 2 1 1 387 432 440 634
3927 4 2 1 1 122 967 85 26
3928 4 2 1 1 123 941 27 114
3929 4 2 1 1 814 865 598 907
3930 4 2 1 1 941 983 763 123
3931 4 2 1 1 293 299 272 763
3932 4 2 1 1 729 860 580 931
3933 4 2 1 1 193 185 186 889
3934 4 2 1 1 519 867 735 879
3935 4 2 1 1 530 477 739 903
3936 4 2 1 1 231 230 228 892
3937 4 2 1 1 151 40 947 838
3938 4 2 1 1 745 920 703 538
3939 4 2 1 1 155 134 164 593
3940 4 2 1 1 429 672 378 913
3941 4 2 1 1 135 680 128 824
3942 4 2 1 1 484 835 746 914
3943 4 2 1 1 958 261 252 69
3944 4 2 1 1 175 211 193 580
3945 4 2 1 1 244 254 253 757
3946 4 2 1 1 139 165 148 845
3947 4 2 1 1 944 307 272 57
3948 4 2 1 1 944 983 57 215
3949 4 2 1 1 122 967 26 979
3950 4 2 1 1 946 168 131 50
3951 4 2 1 1 66 314 395 778
3952 4 2 1 1 481 608 660 540
3953 4 2 1 1 653 492 733 801
3954 4 2 1 1 351 362 409 877
3955 4 2 1 1 160 33 942 169
3956 4 2 1 1 258 221 77 782
3957 4 2 1 1 848 881 472 895
3958 4 2 1 1 111 19 89 925
3959 4 2 1 1 939 306 269 74
3960 4 2 1 1 146 156 167 779
3961 4 2 1 1 183 192 191 897
3962 4 2 1 1 74 262 225 939
3963 4 2 1 1 91 653 801 868
3964 4 2 1 1 952 978 63 443
3965 4 2 1 1 150 129 165 751
3966 4 2 1 1 157 43 957 681
3967 4 2 1 1 769 720 550 904
3968 4 2 1 1 321 943 78 79
3969 4 2 1 1 598 814 706 865
3970 4 2 1 1 371 389 377 802
3971 4 2 1 1 199 974 60 909
3972 4 2 1 1 444 453 322 796
3973 4 2 1 1 945 214 177 38
3974 4 2 1 1 900 560 592 714
3975 4 2 1 1 424 699 458 916
3976 4 2 1 1 56 638 133 171
3977 4 2 1 1 938 123 9 88
3978 4 2 1 1 137 136 138 719
3979 4 2 1 1 470 859 860 861
3980 4 2 1 1 938 215 179 9
3981 4 2 1 1 949 169 51 134
3982 4 2 1 1 38 132 945 170
3983 4 2 1 1 375 399 441 727
3984 4 2 1 1 940 86 14 885
3985 4 2 1 1 228 751 227 892
3986 4 2 1 1 546 562 890 902
3987 4 2 1 1 974 192 178 924
3988 4 2 1 1 958 261 69 975
3989 4 2 1 1 531 793 760 917
3990 4 2 1 1 942 965 924 169
3991 4 2 1 1 484 766 835 914
3992 4 2 1 1 579 630 881 895
3993 4 2 1 1 630 573 674 895
3994 4 2 1 1 629 760 630 881
3995 4 2 1 1 41 42 128 824
3996 4 2 1 1 199 60 176 909
3997 4 2 1 1 329 328 330 702
3998 4 2 1 1 291 265 60 909
3999 4 2 1 1 579 573 630 895
4000 4 2 1 1 428 385 437 776
4001 4 2 1 1 943 321 78 676
4002 4 2 1 1 746 835 538 914
4003 4 2 1 1 145 139 136 608
4004 4 2 1 1 429 319 320 672
4005 4 2 1 1 663 538 920 921
4006 4 2 1 1 140 141 138 794
4007 4 2 1 1 383 400 430 896
4008 4 2 1 1 509 779 549 491
4009 4 2 1 1 180 14 217 885
4010 4 2 1 1 527 659 661 886
4011 4 2 1 1 484 644 863 880
4012 4 2 1 1 433 402 324 557
4013 4 2 1 1 143 162 142 832
4014 4 2 1 1 253 224 244 757
4015 4 2 1 1 460 432 374 852
4016 4 2 1 1 946 168 50 976
4017 4 2 1 1 787 328 329 702
4018 4 2 1 1 227 228 220 751
4019 4 2 1 1 311 428 394 801
4020 4 2 1 1 372 422 370 857
4021 4 2 1 1 852 859 634 891
4022 4 2 1 1 322 390 434 675
4023 4 2 1 1 652 760 526 793
4024 4 2 1 1 137 146 147 491
4025 4 2 1 1 865 899 714 900
4026 4 2 1 1 176 59 936 60
4027 4 2 1 1 124 14 86 885
4028 4 2 1 1 977 975 620 125
4029 4 2 1 1 195 185 211 725
4030 4 2 1 1 399 647 316 756
4031 4 2 1 1 409 408 351 877
4032 4 2 1 1 259 238 237 813
4033 4 2 1 1 413 392 40 838
4034 4 2 1 1 419 331 332 873
4035 4 2 1 1 949 169 134 924
4036 4 2 1 1 959 262 250 45
4037 4 2 1 1 458 699 392 838
4038 4 2 1 1 579 881 848 895
4039 4 2 1 1 113 125 21 977
4040 4 2 1 1 319 417 43 681
4041 4 2 1 1 204 216 178 924
4042 4 2 1 1 108 81 118 927
4043 4 2 1 1 302 268 292 927
4044 4 2 1 1 240 239 782 887
4045 4 2 1 1 455 317 395 803
4046 4 2 1 1 314 695 440 778
4047 4 2 1 1 124 978 14 885
4048 4 2 1 1 966 260 249 80
4049 4 2 1 1 42 43 135 681
4050 4 2 1 1 549 779 719 491
4051 4 2 1 1 580 695 778 860
4052 4 2 1 1 194 207 205 781
4053 4 2 1 1 470 861 860 931
4054 4 2 1 1 394 415 16 701
4055 4 2 1 1 953 122 111 20
4056 4 2 1 1 311 394 17 801
4057 4 2 1 1 953 122 20 979
4058 4 2 1 1 406 355 379 844
4059 4 2 1 1 534 903 707 911
4060 4 2 1 1 452 438 419 926
4061 4 2 1 1 79 321 943 315
4062 4 2 1 1 300 281 287 849
4063 4 2 1 1 540 745 704 538
4064 4 2 1 1 830 775 571 915
4065 4 2 1 1 159 959 45 171
4066 4 2 1 1 973 214 68 203
4067 4 2 1 1 789 222 248 583
4068 4 2 1 1 438 421 376 693
4069 4 2 1 1 935 71 222 72
4070 4 2 1 1 771 790 711 518
4071 4 2 1 1 564 860 859 861
4072 4 2 1 1 973 214 203 601
4073 4 2 1 1 981 451 435 75
4074 4 2 1 1 157 135 43 681
4075 4 2 1 1 186 188 189 889
4076 4 2 1 1 410 364 340 874
4077 4 2 1 1 957 168 44 157
4078 4 2 1 1 444 434 389 884
4079 4 2 1 1 413 414 367 838
4080 4 2 1 1 556 711 790 518
4081 4 2 1 1 345 348 343 888
4082 4 2 1 1 374 361 411 852
4083 4 2 1 1 156 130 167 882
4084 4 2 1 1 955 170 158 39
4085 4 2 1 1 228 227 241 892
4086 4 2 1 1 957 168 157 542
4087 4 2 1 1 787 329 328 326
4088 4 2 1 1 943 321 676 841
4089 4 2 1 1 801 17 18 82
4090 4 2 1 1 115 118 98 908
4091 4 2 1 1 432 460 395 778
4092 4 2 1 1 16 112 105 701
4093 4 2 1 1 429 445 378 672
4094 4 2 1 1 221 240 239 782
4095 4 2 1 1 146 719 779 491
4096 4 2 1 1 374 387 362 891
4097 4 2 1 1 193 211 185 809
4098 4 2 1 1 439 676 321 841
4099 4 2 1 1 943 315 321 841
4100 4 2 1 1 882 36 35 130
4101 4 2 1 1 320 422 445 857
4102 4 2 1 1 34 33 204 942
4103 4 2 1 1 147 779 146 167
4104 4 2 1 1 942 216 33 204
4105 4 2 1 1 948 221 77 78
4106 4 2 1 1 30 31 107 980
4107 4 2 1 1 960 16 105 701
4108 4 2 1 1 564 859 831 861
4109 4 2 1 1 105 960 701 801
4110 4 2 1 1 516 904 749 550
4111 4 2 1 1 459 699 424 692
4112 4 2 1 1 388 618 376 693
4113 4 2 1 1 326 329 441 727
4114 4 2 1 1 75 263 251 981
4115 4 2 1 1 184 182 183 823
4116 4 2 1 1 283 303 277 583
4117 4 2 1 1 103 97 116 851
4118 4 2 1 1 318 443 415 885
4119 4 2 1 1 311 421 420 898
4120 4 2 1 1 126 110 84 911
4121 4 2 1 1 937 178 61 62
4122 4 2 1 1 484 863 746 880
4123 4 2 1 1 420 438 386 926
4124 4 2 1 1 234 254 255 879
4125 4 2 1 1 460 374 411 852
4126 4 2 1 1 378 377 390 913
4127 4 2 1 1 182 185 195 725
4128 4 2 1 1 940 13 14 86
4129 4 2 1 1 190 187 202 871
4130 4 2 1 1 872 391 383 380
4131 4 2 1 1 31 32 87 932
4132 4 2 1 1 674 573 503 895
4133 4 2 1 1 84 12 11 933
4134 4 2 1 1 100 91 101 868
4135 4 2 1 1 388 316 399 647
4136 4 2 1 1 798 959 46 159
4137 4 2 1 1 934 53 54 127
4138 4 2 1 1 938 9 10 88
4139 4 2 1 1 987 160 154 34
4140 4 2 1 1 388 618 375 376
4141 4 2 1 1 225 74 939 73
4142 4 2 1 1 463 890 562 902
4143 4 2 1 1 944 206 57 58
4144 4 2 1 1 404 382 405 806
4145 4 2 1 1 194 189 207 781
4146 4 2 1 1 25 26 85 967
4147 4 2 1 1 105 17 960 801
4148 4 2 1 1 199 176 213 909
4149 4 2 1 1 872 391 380 916
4150 4 2 1 1 305 265 291 909
4151 4 2 1 1 83 23 24 962
4152 4 2 1 1 328 431 401 918
4153 4 2 1 1 305 284 294 855
4154 4 2 1 1 440 314 396 695
4155 4 2 1 1 329 375 441 727
4156 4 2 1 1 109 11 10 982
4157 4 2 1 1 312 459 319 824
4158 4 2 1 1 322 321 439 676
4159 4 2 1 1 398 695 396 724
4160 4 2 1 1 424 391 459 692
4161 4 2 1 1 942 965 169 33
4162 4 2 1 1 942 204 691 924
4163 4 2 1 1 987 160 34 942
4164 4 2 1 1 298 28 27 941
4165 4 2 1 1 941 307 27 298
4166 4 2 1 1 156 172 130 882
4167 4 2 1 1 298 969 764 292
4168 4 2 1 1 985 170 601 955
4169 4 2 1 1 58 200 59 936
4170 4 2 1 1 359 380 360 872
4171 4 2 1 1 40 41 151 947
4172 4 2 1 1 442 404 405 806
4173 4 2 1 1 113 21 22 977
4174 4 2 1 1 964 54 55 153
4175 4 2 1 1 46 959 798 243
4176 4 2 1 1 439 841 393 913
4177 4 2 1 1 99 493 90 747
4178 4 2 1 1 252 69 70 958
4179 4 2 1 1 298 969 292 28
4180 4 2 1 1 13 12 106 940
4181 4 2 1 1 24 25 104 757
4182 4 2 1 1 458 424 392 699
4183 4 2 1 1 37 38 132 945
4184 4 2 1 1 205 952 63 64
4185 4 2 1 1 401 333 330 829
4186 4 2 1 1 955 40 39 158
4187 4 2 1 1 540 920 745 538
4188 4 2 1 1 330 332 331 873
4189 4 2 1 1 61 199 974 60
4190 4 2 1 1 429 320 445 672
4191 4 2 1 1 228 241 231 892
4192 4 2 1 1 638 55 56 133
4193 4 2 1 1 420 421 438 693
4194 4 2 1 1 249 80 79 966
4195 4 2 1 1 436 320 391 692
4196 4 2 1 1 73 245 72 963
4197 4 2 1 1 920 538 540 921
4198 4 2 1 1 941 28 27 114
4199 4 2 1 1 138 146 137 719
4200 4 2 1 1 949 51 52 134
4201 4 2 1 1 429 417 319 681
4202 4 2 1 1 941 763 298 764
4203 4 2 1 1 941 983 123 27
4204 4 2 1 1 953 19 20 111
4205 4 2 1 1 946 49 50 131
4206 4 2 1 1 943 242 78 79
4207 4 2 1 1 380 391 424 916
4208 4 2 1 1 34 33 942 160
4209 4 2 1 1 45 46 959 159
4210 4 2 1 1 105 82 17 801
4211 4 2 1 1 67 66 951 196
4212 4 2 1 1 435 399 316 756
4213 4 2 1 1 362 387 426 891
4214 4 2 1 1 328 454 431 918
4215 4 2 1 1 789 248 222 264
4216 4 2 1 1 192 204 178 924
4217 4 2 1 1 112 961 124 885
4218 4 2 1 1 388 399 375 647
4219 4 2 1 1 91 105 101 868
4220 4 2 1 1 68 203 67 973
4221 4 2 1 1 105 801 701 868
4222 4 2 1 1 52 53 970 155
4223 4 2 1 1 37 36 986 152
4224 4 2 1 1 971 48 49 150
4225 4 2 1 1 397 448 398 724
4226 4 2 1 1 135 136 128 680
4227 4 2 1 1 43 44 157 957
4228 4 2 1 1 35 34 987 154
4229 4 2 1 1 89 19 18 954
4230 4 2 1 1 323 328 326 787
4231 4 2 1 1 29 28 969 108
4232 4 2 1 1 311 416 421 898
4233 4 2 1 1 432 314 440 778
4234 4 2 1 1 363 367 414 600
4235 4 2 1 1 372 445 422 857
4236 4 2 1 1 394 446 415 701
4237 4 2 1 1 111 89 99 925
4238 4 2 1 1 258 240 221 782
4239 4 2 1 1 367 458 392 838
4240 4 2 1 1 965 33 6 169
4241 4 2 1 1 123 2 27 983
4242 4 2 1 1 123 9 2 983
4243 4 2 1 1 57 2 215 983
4244 4 2 1 1 965 62 6 216
4245 4 2 1 1 965 6 51 169
4246 4 2 1 1 56 8 984 171
4247 4 2 1 1 262 8 984 74
4248 4 2 1 1 125 32 4 975
4249 4 2 1 1 122 26 3 979
4250 4 2 1 1 976 50 7 168
4251 4 2 1 1 5 38 985 170
4252 4 2 1 1 451 435 316 756
4253 4 2 1 1 217 205 180 885
4254 4 2 1 1 398 440 396 695
4255 4 2 1 1 251 75 981 76
4256 4 2 1 1 314 432 395 778
4257 4 2 1 1 91 801 105 868
4258 4 2 1 1 429 378 393 913
4259 4 2 1 1 82 105 91 801
4260 4 2 1 1 313 321 322 676
4261 4 2 1 1 975 21 4 125
4262 4 2 1 1 171 45 8 984
4263 4 2 1 1 4 69 261 975
4264 4 2 1 1 323 326 325 787
4265 4 2 1 1 263 3 979 75
4266 4 2 1 1 65 212 64 972
4267 4 2 1 1 380 359 383 872
4268 4 2 1 1 80 976 7 450
4269 4 2 1 1 20 3 979 122
4270 4 2 1 1 189 193 186 889
4271 4 2 1 1 397 398 396 724
4272 4 2 1 1 112 124 86 885
4273 4 2 1 1 101 534 100 868
4274 4 2 1 1 950 23 22 120
4275 4 2 1 1 985 214 5 68
4276 4 2 1 1 414 317 455 803
4277 4 2 1 1 105 17 16 960
4278 4 2 1 1 168 44 7 976
4279 4 2 1 1 240 235 239 887
4280 4 2 1 1 961 15 16 112
4281 4 2 1 1 39 985 5 449
4282 4 2 1 1 47 46 166 798
4283 4 2 1 1 968 246 71 70
4284 4 2 1 1 112 961 15 124
4285 4 2 1 1 392 413 367 838
4286 4 2 1 1 439 393 390 913
4287 4 2 1 1 421 416 388 898
4288 4 2 1 1 978 14 1 124
4289 4 2 1 1 378 390 393 913
4290 4 2 1 1 391 320 459 692
4291 4 2 1 1 452 386 438 926
4292 4 2 1 1 76 956 258 77
4293 4 2 1 1 918 571 787 635
4294 4 2 1 1 918 787 571 702
4295 4 2 1 1 351 584 348 350
4296 4 2 1 1 351 584 350 650
4297 4 2 1 1 295 55 56 638
4298 4 2 1 1 603 636 543 602
4299 4 2 1 1 708 892 631 542
4300 4 2 1 1 631 892 708 483
4301 4 2 1 1 866 910 840 578
4302 4 2 1 1 854 725 581 697
4303 4 2 1 1 636 543 609 495
4304 4 2 1 1 638 306 56 295
4305 4 2 1 1 280 668 849 301
4306 4 2 1 1 280 668 301 927
4307 4 2 1 1 741 780 279 669
4308 4 2 1 1 840 910 866 485
4309 4 2 1 1 780 278 279 669
4310 4 2 1 1 780 279 278 276
4311 4 2 1 1 917 793 621 531
4312 4 2 1 1 621 793 917 677
4313 4 2 1 1 621 489 917 531
4314 4 2 1 1 917 489 621 677
4315 4 2 1 1 736 715 700 532
4316 4 2 1 1 736 700 715 499
4317 4 2 1 1 900 899 830 597
4318 4 2 1 1 837 715 700 499
4319 4 2 1 1 336 649 334 335
4320 4 2 1 1 336 649 335 682
4321 4 2 1 1 830 899 900 592
4322 4 2 1 1 505 922 907 617
4323 4 2 1 1 505 814 907 585
4324 4 2 1 1 907 814 505 617
4325 4 2 1 1 586 282 294 310
4326 4 2 1 1 586 282 310 876
4327 4 2 1 1 364 614 403 633
4328 4 2 1 1 364 614 633 874
4329 4 2 1 1 548 452 346 419
4330 4 2 1 1 548 452 419 926
4331 4 2 1 1 800 334 412 336
4332 4 2 1 1 478 604 501 698
4333 4 2 1 1 752 340 682 339
4334 4 2 1 1 752 682 340 615
4335 4 2 1 1 894 462 786 589
4336 4 2 1 1 894 786 462 819
4337 4 2 1 1 813 243 638 238
4338 4 2 1 1 813 638 243 798
4339 4 2 1 1 666 689 808 525
4340 4 2 1 1 808 689 666 556
4341 4 2 1 1 738 487 623 551
4342 4 2 1 1 738 623 487 553
4343 4 2 1 1 907 922 912 617
4344 4 2 1 1 912 922 907 616
4345 4 2 1 1 707 889 189 188
4346 4 2 1 1 189 889 707 552
4347 4 2 1 1 189 208 707 188
4348 4 2 1 1 707 208 189 552
4349 4 2 1 1 744 804 532 575
4350 4 2 1 1 532 804 744 715
4351 4 2 1 1 786 640 462 743
4352 4 2 1 1 478 501 604 640
$EndElements
