$MeshFormat
2.2 0 8
$EndMeshFormat
$PhysicalNames
1
3 1 "tissue"
$EndPhysicalNames
$Nodes
2052
1 0 0 0.08
2 0 0 0
3 0 0.08 0.08
4 0 0.08 0
5 0.08 0 0.08
6 0.08 0 0
7 0.08 0.08 0.08
8 0.08 0.08 0
9 0 0 0.01142857142857141
10 0 0 0.0228571428571428
11 0 0 0.03428571428571419
12 0 0 0.04571428571428559
13 0 0 0.05714285714285704
14 0 0 0.06857142857142852
15 0 0.01159396997854556 0.08
16 0 0.02318793995709111 0.08
17 0 0.03454448055146588 0.08
18 0 0.04545551944853395 0.08
19 0 0.05681206004290873 0.08
20 0 0.06840603002145437 0.08
21 0 0.08 0.01142857142857141
22 0 0.08 0.0228571428571428
23 0 0.08 0.03428571428571419
24 0 0.08 0.04571428571428559
25 0 0.08 0.05714285714285704
26 0 0.08 0.06857142857142852
27 0 0.01142857142857141 0
28 0 0.0228571428571428 0
29 0 0.03428571428571419 0
30 0 0.04571428571428559 0
31 0 0.05714285714285704 0
32 0 0.06857142857142852 0
33 0.08 0 0.01142857142857141
34 0.08 0 0.0228571428571428
35 0.08 0 0.03428571428571419
36 0.08 0 0.04571428571428559
37 0.08 0 0.05714285714285704
38 0.08 0 0.06857142857142852
39 0.08 0.01159396997854556 0.08
40 0.08 0.02318793995709111 0.08
41 0.08 0.03454448055146588 0.08
42 0.08 0.04545551944853395 0.08
43 0.08 0.05681206004290873 0.08
44 0.08 0.06840603002145437 0.08
45 0.08 0.08 0.01142857142857141
46 0.08 0.08 0.0228571428571428
47 0.08 0.08 0.03428571428571419
48 0.08 0.08 0.04571428571428559
49 0.08 0.08 0.05714285714285704
50 0.08 0.08 0.06857142857142852
51 0.08 0.01142857142857141 0
52 0.08 0.0228571428571428 0
53 0.08 0.03428571428571419 0
54 0.08 0.04571428571428559 0
55 0.08 0.05714285714285704 0
56 0.08 0.06857142857142852 0
57 0.01142857142857141 0 0
58 0.0228571428571428 0 0
59 0.03428571428571419 0 0
60 0.04571428571428559 0 0
61 0.05714285714285704 0 0
62 0.06857142857142852 0 0
63 0.01159396997854556 0 0.08
64 0.02318793995709111 0 0.08
65 0.03454448055146588 0 0.08
66 0.04545551944853395 0 0.08
67 0.05681206004290873 0 0.08
68 0.06840603002145437 0 0.08
69 0.01142857142857141 0.08 0
70 0.0228571428571428 0.08 0
71 0.03428571428571419 0.08 0
72 0.04571428571428559 0.08 0
73 0.05714285714285704 0.08 0
74 0.06857142857142852 0.08 0
75 0.01159396997854556 0.08 0.08
76 0.02318793995709111 0.08 0.08
77 0.03454448055146588 0.08 0.08
78 0.04545551944853395 0.08 0.08
79 0.05681206004290873 0.08 0.08
80 0.06840603002145437 0.08 0.08
81 0 0.03990779710829138 0.07040223550880539
82 0 0.0395616935872968 0.009923939004961267
83 0 0.0696385318363197 0.03982258976704252
84 0 0.009627470620217696 0.03999999999999988
85 0 0.06212329411107354 0.07040986113125451
86 0 0.01688828577457555 0.07046657349102264
87 0 0.06264327764178215 0.00921698666113973
88 0 0.009505290477924387 0.01692912791474255
89 0 0.05109731415724161 0.07026840172211407
90 0 0.04545279467637305 0.06054491972096998
91 0 0.03380914795679349 0.060258310402255
92 0 0.03957897039920723 0.05061135376845448
93 0 0.05117605374108272 0.05021520302060471
94 0 0.04498988946926612 0.04014961026759878
95 0 0.03317346121117511 0.04145096609077172
96 0 0.0386061972356951 0.03032782652550087
97 0 0.05057011653790316 0.02964939918471938
98 0 0.02710539017662543 0.03207521650382286
99 0 0.03312743645952859 0.02047617598665381
100 0 0.05702246383676388 0.039817274131934
101 0 0.06255560757637015 0.02906086278332527
102 0 0.06255662364967492 0.0502878270465037
103 0 0.009892340960411316 0.05145178322205233
104 0 0.02094209078719278 0.04407916445007522
105 0 0.02068074253094131 0.05822674167558369
106 0 0.05105279654673607 0.009901027406917942
107 0 0.009592530762337226 0.02818401368083515
108 0 0.02816973231319312 0.06989231017961112
109 0 0.05676037106724958 0.06031935710011034
110 0 0.02038930755832436 0.02150911203273051
111 0 0.02857142857142849 0.009463349995833852
112 0 0.06934991076495006 0.06138548133934748
113 0 0.04452014640963807 0.02017662048291597
114 0 0.009249181558090824 0.06285714285714276
115 0 0.06976043017732225 0.01810169611627357
116 0 0.01684330779567011 0.009368282637322685
117 0 0.05685039581495863 0.01935109877254864
118 0 0.02963688257706198 0.05092530727742803
119 0 0.07239091391800243 0.02882560116189967
120 0 0.07230901325018893 0.05087060820200726
121 0 0.01762596955932233 0.03387893113986087
122 0 0.07149495966709002 0.07153846695470695
123 0 0.008308105880629199 0.008308105880629199
124 0 0.07169189411937078 0.008308105880629217
125 0 0.008045393247912765 0.0719566371164132
126 0.08 0.03990779710829138 0.07040223550880539
127 0.08 0.0395616935872968 0.009923939004961267
128 0.08 0.0696385318363197 0.03982258976704252
129 0.08 0.009627470620217696 0.03999999999999988
130 0.08 0.06212329411107354 0.07040986113125451
131 0.08 0.01688828577457555 0.07046657349102264
132 0.08 0.06264327764178215 0.00921698666113973
133 0.08 0.01692845230302031 0.009454018401207291
134 0.08 0.05109731415724161 0.07026840172211407
135 0.08 0.04545279467637305 0.06054491972096998
136 0.08 0.03380914795679349 0.060258310402255
137 0.08 0.03957897039920723 0.05061135376845448
138 0.08 0.05117605374108272 0.05021520302060471
139 0.08 0.04498988946926612 0.04014961026759878
140 0.08 0.03317346121117511 0.04145096609077172
141 0.08 0.0386061972356951 0.03032782652550087
142 0.08 0.05057011653790316 0.02964939918471938
143 0.08 0.02710514075077853 0.03207508636423367
144 0.08 0.0331271454627072 0.0204760241571331
145 0.08 0.05702246383676388 0.039817274131934
146 0.08 0.06255560757637015 0.02906086278332527
147 0.08 0.06255662364967492 0.0502878270465037
148 0.08 0.009892340960411316 0.05145178322205233
149 0.08 0.02094205515492893 0.04407914585870534
150 0.08 0.02068073993383754 0.05822674032052758
151 0.08 0.05105279654673607 0.009901027406917942
152 0.08 0.009533097233754791 0.02821950507926507
153 0.08 0.02816973188034249 0.06989230995376843
154 0.08 0.05676037106724958 0.06031935710011034
155 0.08 0.02029938135725283 0.02158807934660632
156 0.08 0.02857142857142849 0.009463349995833852
157 0.08 0.06934991076495006 0.06138548133934748
158 0.08 0.0445201216650104 0.02017660757224244
159 0.08 0.009249181558090824 0.06285714285714276
160 0.08 0.06976043017732225 0.01810169611627357
161 0.08 0.009178172795776188 0.01697590383223701
162 0.08 0.05685039169085402 0.01935109662076972
163 0.08 0.02963687493118846 0.05092530328814282
164 0.08 0.07239091391800243 0.02882560116189967
165 0.08 0.07230901325018893 0.05087060820200726
166 0.08 0.01761506250482053 0.03388726277115436
167 0.08 0.07149495966709002 0.07153846695470695
168 0.08 0.008308105880629198 0.008308105880629198
169 0.08 0.07169189411937078 0.008308105880629217
170 0.08 0.008045393247912765 0.0719566371164132
171 0.03992230717823059 0 0.07038724688262858
172 0.0395368807585879 0 0.009922783916678368
173 0.06987872715139692 0 0.03994612213417781
174 0.009619913409081464 0 0.03999999999999988
175 0.06260607474881283 0 0.07063684954080773
176 0.01688828577457555 0 0.07046659291634098
177 0.06265523865363565 0 0.009217761634013074
178 0.009498072857144968 0 0.01693530754052533
179 0.05116987604722802 0 0.07032831254467062
180 0.04545170266965481 0 0.06051388436822877
181 0.03380383403435456 0 0.06024957881016112
182 0.03955242027465352 0 0.05059322826019945
183 0.0511854189948492 0 0.05025787767573765
184 0.04494458272148559 0 0.04015281957749574
185 0.03313215114775475 0 0.0414502703430845
186 0.03853036768259868 0 0.03032455542401651
187 0.05049898916854362 0 0.02962789930369911
188 0.02705062406459942 0 0.03208337625042714
189 0.03307427337698554 0 0.02048366318658947
190 0.05706944355188785 0 0.0399009051272359
191 0.06252301429319515 0 0.02918012752552259
192 0.06306263191483258 0 0.05076621415266158
193 0.009892013093067139 0 0.05145178322205232
194 0.02091828130271118 0 0.04408180332020463
195 0.02067733049414163 0 0.05822710984958169
196 0.05104755514999627 0 0.009902412030254729
197 0.009572406410123871 0 0.02819369509456151
198 0.02817069633164322 0 0.06988842140978539
199 0.05737108713621442 0 0.06089338018987485
200 0.02857142857142849 0 0.009445269667837056
201 0.0203635054962702 0 0.02151103026959512
202 0.06994323384788464 0 0.06195446336437542
203 0.009249181558090833 0 0.06285714285714276
204 0.0444562557630603 0 0.02017917112981293
205 0.05700514452781996 0 0.01920837146102659
206 0.0698408011634529 0 0.01803790911819735
207 0.01683780451519784 0 0.009366618893097783
208 0.02961680345072313 0 0.05092039811664627
209 0.07244850852160899 0 0.02886140318415095
210 0.07261853767252723 0 0.05134428807608803
211 0.01756858527820365 0 0.03371850341900166
212 0.008308105880629198 0 0.008308105880629198
213 0.07169189411937078 0 0.008308105880629212
214 0.008045393247912768 0 0.07195663853225273
215 0.07204174044315173 0 0.07208451733799548
216 0.03992230717823059 0.08 0.07038724688262858
217 0.0395368807585879 0.08 0.009922783916678368
218 0.06987872715139692 0.08 0.03994612213417781
219 0.009619913409081464 0.08 0.03999999999999988
220 0.06260607474881283 0.08 0.07063684954080773
221 0.01688828577457555 0.08 0.07046659291634098
222 0.06265523865363565 0.08 0.009217761634013074
223 0.009498072857144968 0.08 0.01693530754052533
224 0.05116987604722802 0.08 0.07032831254467062
225 0.04545170266965481 0.08 0.06051388436822877
226 0.03380383403435456 0.08 0.06024957881016112
227 0.03955242027465352 0.08 0.05059322826019945
228 0.0511854189948492 0.08 0.05025787767573765
229 0.04494458272148559 0.08 0.04015281957749574
230 0.03313215114775475 0.08 0.0414502703430845
231 0.03853036768259868 0.08 0.03032455542401651
232 0.05049898916854362 0.08 0.02962789930369911
233 0.02705062406459942 0.08 0.03208337625042714
234 0.03307427337698554 0.08 0.02048366318658947
235 0.05706944355188785 0.08 0.0399009051272359
236 0.06252301429319515 0.08 0.02918012752552259
237 0.06306263191483258 0.08 0.05076621415266158
238 0.009892013093067139 0.08 0.05145178322205232
239 0.02091828130271118 0.08 0.04408180332020463
240 0.02067733049414163 0.08 0.05822710984958169
241 0.05104755514999627 0.08 0.009902412030254729
242 0.009572406410123871 0.08 0.02819369509456151
243 0.02817069633164322 0.08 0.06988842140978539
244 0.05737108713621442 0.08 0.06089338018987485
245 0.02857142857142849 0.08 0.009445269667837056
246 0.0203635054962702 0.08 0.02151103026959512
247 0.06994323384788464 0.08 0.06195446336437542
248 0.009249181558090833 0.08 0.06285714285714276
249 0.0444562557630603 0.08 0.02017917112981293
250 0.05700514452781996 0.08 0.01920837146102659
251 0.0698408011634529 0.08 0.01803790911819735
252 0.01683780451519784 0.08 0.009366618893097783
253 0.02961680345072313 0.08 0.05092039811664627
254 0.07244850852160899 0.08 0.02886140318415095
255 0.07261853767252723 0.08 0.05134428807608803
256 0.01756858527820365 0.08 0.03371850341900166
257 0.008308105880629198 0.08 0.008308105880629198
258 0.07169189411937078 0.08 0.008308105880629212
259 0.008045393247912768 0.08 0.07195663853225273
260 0.07204174044315173 0.08 0.07208451733799548
261 0.03968603227271829 0.01120631394864601 0
262 0.03924866340513808 0.06921627484340813 0
263 0.06996909340914348 0.03991082957416321 0
264 0.009832045981348935 0.03970789698035991 0
265 0.06326395504321899 0.07038824724804711 0
266 0.009488628167187436 0.06282848820243486 0
267 0.06308102438485394 0.009702845874423403 0
268 0.01654597073959284 0.009598089394970158 0
269 0.07007138906245147 0.05150288011676855 0
270 0.059748025009289 0.04566260228272959 0
271 0.05981959522979227 0.03383848734658921 0
272 0.04941196411529885 0.03957065597486044 0
273 0.04907629956861571 0.05114643066511836 0
274 0.03890690905076548 0.04534287160196769 0
275 0.03908514547128195 0.03344030862928932 0
276 0.02863176159473192 0.039258305717838 0
277 0.02845299613481788 0.0512569655858987 0
278 0.02938803726867845 0.02804230729733843 0
279 0.05887815322415665 0.05897198754341813 0
280 0.04923850754393501 0.02811614401469074 0
281 0.05891238610446033 0.02081831024646269 0
282 0.03861156594106976 0.0568937518203995 0
283 0.02854269451330998 0.06298975506157731 0
284 0.05199282214135294 0.06995342540918363 0
285 0.009671902593086593 0.05127291488789341 0
286 0.07005638327919013 0.02845970298939489 0
287 0.05206720146847733 0.0100310742764457 0
288 0.009609657611929558 0.02822641417063548 0
289 0.02718571232720954 0.01026571979273126 0
290 0.0393405616196863 0.02296897078860852 0
291 0.07079803478519263 0.06290601301536822 0
292 0.07079093255516164 0.01708721784410493 0
293 0.01800257421457324 0.06996034091351226 0
294 0.009150185861511164 0.01714285714285711 0
295 0.02033913025274 0.02070712809265557 0
296 0.01894014685806829 0.05723851882266073 0
297 0.01948208552543464 0.04512264828464788 0
298 0.01971532399044328 0.03312473359751204 0
299 0.04770901831846129 0.06114404282022847 0
300 0.02857142857142849 0.07260041097849348 0
301 0.04784893780185545 0.01862816265497073 0
302 0.07169189411937073 0.07169189411937073 0
303 0.008308105880629198 0.008308105880629198 0
304 0.008308105880629212 0.07169189411937077 0
305 0.07169189411937078 0.008308105880629217 0
306 0.03118789474820652 0.01863808798399596 0
307 0.008735801219499548 0.03953259425948492 0.08
308 0.07217794747280201 0.03892020353859319 0.08
309 0.03959162378800819 0.07121781244236283 0.08
310 0.04003733152072551 0.008418796681523164 0.08
311 0.06181426751551054 0.07042584243592086 0.08
312 0.06390368135268908 0.00836325690867795 0.08
313 0.0103095119685613 0.06054794305968168 0.08
314 0.01945205694031819 0.01030951196856129 0.08
315 0.007429027559302782 0.05234991507719786 0.08
316 0.01726889143086916 0.05827595378022054 0.08
317 0.01752700458833885 0.04858339313591541 0.08
318 0.01910135777420617 0.0641390777571018 0.08
319 0.02509946921062401 0.06181322847706347 0.08
320 0.02432408718220179 0.05431269389478786 0.08
321 0.03094096603717598 0.07044043478803938 0.08
322 0.03444660610302145 0.06332521273002298 0.08
323 0.04180208022636139 0.06467102246303362 0.08
324 0.05274877261314938 0.07056582691682095 0.08
325 0.05691483896283772 0.06382052828682359 0.08
326 0.06306317077565937 0.06194581128131993 0.08
327 0.06190161775971555 0.05480458794739815 0.08
328 0.05386409643480248 0.05518964957550379 0.08
329 0.07273233896416104 0.0509441788436496 0.08
330 0.06323973485161999 0.04558664674344225 0.08
331 0.06299069654236716 0.03787955057541898 0.08
332 0.05156725140835293 0.009719107098115914 0.08
333 0.05749822640216815 0.01790882690994549 0.08
334 0.04858339313591543 0.01752700458833888 0.08
335 0.06374075692993253 0.0176631316509004 0.08
336 0.06186624318562789 0.02445978778478962 0.08
337 0.05441354202177535 0.02466708693678839 0.08
338 0.07092033171988728 0.02992591801709441 0.08
339 0.02843274859164695 0.009719107098115872 0.08
340 0.0217361419797882 0.01733077849978128 0.08
341 0.03128946065837465 0.01751414793259471 0.08
342 0.01585387372617484 0.01911591347201904 0.08
343 0.01813887396652582 0.0248518198691415 0.08
344 0.02544161776866513 0.02493015910569176 0.08
345 0.009499788941403329 0.03087379376807673 0.08
346 0.01642592613495522 0.03441608775465771 0.08
347 0.01423639359663823 0.04122209139493208 0.08
348 0.02120154775349337 0.03816924627007322 0.08
349 0.05026663063090396 0.06372333222523539 0.08
350 0.04592418653553735 0.0687298831202089 0.08
351 0.04542196830991392 0.05874946006551014 0.08
352 0.07157200135172363 0.009527193980536348 0.08
353 0.01038402357886661 0.07097762115914744 0.08
354 0.07139711060543918 0.06839095790875278 0.08
355 0.009013599472235394 0.0103645111527901 0.08
356 0.06604784077621204 0.05040591678392489 0.08
357 0.05981148026069587 0.0488571263648236 0.08
358 0.05923749161166972 0.04457282598123106 0.08
359 0.05524027281845108 0.0488253308189406 0.08
360 0.0544932379323104 0.04436801808730775 0.08
361 0.05697554670468268 0.05268796944022712 0.08
362 0.05320981390177876 0.05139624600049223 0.08
363 0.05197649242446632 0.04844496629682177 0.08
364 0.05016567313521402 0.05050585750364583 0.08
365 0.04939947915526241 0.04794599425909339 0.08
366 0.04769369283592093 0.04983447305202367 0.08
367 0.04694198498311999 0.04743188115604192 0.08
368 0.04526267829404468 0.0492618106811414 0.08
369 0.04452726581228401 0.04687620295076832 0.08
370 0.04619794681369693 0.04504698333311681 0.08
371 0.0437849091709225 0.04449014195870502 0.08
372 0.04548009147438897 0.04265265745638551 0.08
373 0.04304548124505248 0.04210240138316288 0.08
374 0.04135130552244424 0.04393977463789517 0.08
375 0.04060813121404598 0.04155296394360569 0.08
376 0.04230320800466531 0.03971523365593677 0.08
377 0.03986452970671631 0.0391661582045254 0.08
378 0.0381696443813589 0.04100386037177935 0.08
379 0.04155953763332269 0.03732842800062295 0.08
380 0.03742568539777613 0.03861712894948746 0.08
381 0.03573077242427367 0.04045483883369805 0.08
382 0.03498674923163166 0.03806812106385518 0.08
383 0.03668168688510275 0.03623040553680519 0.08
384 0.03647481643392586 0.04284155201145862 0.08
385 0.03403586889707295 0.04229254688060426 0.08
386 0.03477990468604539 0.04467926191590717 0.08
387 0.04399852337398671 0.03787742205426046 0.08
388 0.04325457037372694 0.03549068929309025 0.08
389 0.04569354026537237 0.03603968632814364 0.08
390 0.04283554590878281 0.04871219341891199 0.08
391 0.04494951795238158 0.03365297142726065 0.08
392 0.04251054063342695 0.03310397281588988 0.08
393 0.03234093334117336 0.04413026195024134 0.08
394 0.03159689358416638 0.04174354777581486 0.08
395 0.03424271868244191 0.03568140484321208 0.08
396 0.03593765510801367 0.0338436895823714 0.08
397 0.04738849012539905 0.03420197067133316 0.08
398 0.04813253305303359 0.03658868369088573 0.08
399 0.04982746774726678 0.03475096950453302 0.08
400 0.03308497361014911 0.04651697601359837 0.08
401 0.04420547716731264 0.03126625748330498 0.08
402 0.04176650192072713 0.0307172583971053 0.08
403 0.02990195877496021 0.04358126268345253 0.08
404 0.05057150937149252 0.03713768323960024 0.08
405 0.03349868136304805 0.03329469012382417 0.08
406 0.03180374681558909 0.03513240497263546 0.08
407 0.03518759602931949 0.03148372394226225 0.08
408 0.05226799702428209 0.03529306711380251 0.08
409 0.04346143704469613 0.02887954338767884 0.08
410 0.04096108731571874 0.02835240817317212 0.08
411 0.03552394877369066 0.04706597515079833 0.08
412 0.0338290146009026 0.04890368992036444 0.08
413 0.03626765523271931 0.0494527933567509 0.08
414 0.03457299944051638 0.05129042129620903 0.08
415 0.03701156333651522 0.05183954865070512 0.08
416 0.05301594312270462 0.03769032853383155 0.08
417 0.03105970697108188 0.03274569081427732 0.08
418 0.02936477231577261 0.0345834056879968 0.08
419 0.02915791848106522 0.04119454862562177 0.08
420 0.02746298370682428 0.04303226352557616 0.08
421 0.04273166594123901 0.02648883614573758 0.08
422 0.04014698914462793 0.02596539706925244 0.08
423 0.04590041221685968 0.02942854249050902 0.08
424 0.0479256940490547 0.04319978772051338 0.08
425 0.02820679051808838 0.04542001529509541 0.08
426 0.04197672396463362 0.02403759031683432 0.08
427 0.05471944152719417 0.03584459283074383 0.08
428 0.05393385784477617 0.03329159912985983 0.08
429 0.03531700852906811 0.05367714509823365 0.08
430 0.03775520099803098 0.05422458454048484 0.08
431 0.04357213537195517 0.05109372324298242 0.08
432 0.02862073203245499 0.03219669162722014 0.08
433 0.03029687664778286 0.03044245388389463 0.08
434 0.05677456753425986 0.03399156818696265 0.08
435 0.03939241855629842 0.02340588700612328 0.08
436 0.03751713937235533 0.02544311827527316 0.08
437 0.03287812051220045 0.05312811879339986 0.08
438 0.04139087838653541 0.02096536588175693 0.08
439 0.04447091901938154 0.02462516509139962 0.08
440 0.02689815346070834 0.03404302427899613 0.08
441 0.0260486818866807 0.03142741871708102 0.08
442 0.02571327865999905 0.04483120005725761 0.08
443 0.05548066002675035 0.03826445858462144 0.08
444 0.04835957348167527 0.05224965062020175 0.08
445 0.03144948101133289 0.04833616032108688 0.08
446 0.04903915873224513 0.0323780560028729 0.08
447 0.02766523038654551 0.03642255684799083 0.08
448 0.02671894332960109 0.04064554948609925 0.08
449 0.0513164600829949 0.03952500069282266 0.08
450 0.03796284039948947 0.04761492451952214 0.08
451 0.03370850119549164 0.05576914532450329 0.08
452 0.02655232536164407 0.04738866291799757 0.08
453 0.0243209591978576 0.03353711392357436 0.08
454 0.05589786692884913 0.03108894117119687 0.08
455 0.05086498032104853 0.04584653940821411 0.08
456 0.0307701111617812 0.05518268353825342 0.08
457 0.05909617540484823 0.03181867771044307 0.08
458 0.03666889115597173 0.02269725544283552 0.08
459 0.0348144162049325 0.02490222907960395 0.08
460 0.03085285328594817 0.03935683371903377 0.08
461 0.03837663055218075 0.03439268864836088 0.08
462 0.03924891816942673 0.03022488887853774 0.08
463 0.04718053944613694 0.04081340529491982 0.08
464 0.04114124724292882 0.05054921098862863 0.08
465 0.04188463731353741 0.05293556802525377 0.08
466 0.04430668907154557 0.05344928027276569 0.08
467 0.02961414655927786 0.05220939673810899 0.08
468 0.05314775391531715 0.03074526956984394 0.08
469 0.03581276412593166 0.02740873595512864 0.08
470 0.03321630211362699 0.02698147001136991 0.08
471 0.03186230318216268 0.02434819824940089 0.08
472 0.02364118723797216 0.04705690061633789 0.08
473 0.0227166113783954 0.04422783535036259 0.08
474 0.03055580381157533 0.02667223784006472 0.08
475 0.02271025979067798 0.03049098141779378 0.08
476 0.04260820466768809 0.0553045283211465 0.08
477 0.03204124166605375 0.05882427780441403 0.08
478 0.02494076791832728 0.04930838774576834 0.08
479 0.03546994963211983 0.05851525781230214 0.08
480 0.0276693168764298 0.04985463865423481 0.08
481 0.03842223636678903 0.02786675654142319 0.08
482 0.03209930420705727 0.05069893719665169 0.08
483 0.04515637185297299 0.02704182845014931 0.08
484 0.04759306910610142 0.02760094744133948 0.08
485 0.03272681940456691 0.03103157928357722 0.08
486 0.0514879275806208 0.03287828668740972 0.08
487 0.03065586696484712 0.0459650613088546 0.08
488 0.03721886480187926 0.0452282529803348 0.08
489 0.0290975891032347 0.04784096024262053 0.08
490 0.04663707394507591 0.03181755660810355 0.08
491 0.04828613124485925 0.02999571204341266 0.08
492 0.04998703578625805 0.02808954655659121 0.08
493 0.04930810348879246 0.02567393828645424 0.08
494 0.03329182092096189 0.03990583451376237 0.08
495 0.03254778364237759 0.03751911979833123 0.08
496 0.03010804409606797 0.0369703592677703 0.08
497 0.02841298208769536 0.0388081138991978 0.08
498 0.02599414095037461 0.03825283813991112 0.08
499 0.02417427549248216 0.03997551851719704 0.08
500 0.02520564598356248 0.03589106534733506 0.08
501 0.03912061303350325 0.03677941609785181 0.08
502 0.04081557663731954 0.03494169467954428 0.08
503 0.0400584600597311 0.03256441292655654 0.08
504 0.03760929666522425 0.03205256581254398 0.08
505 0.03891343695731715 0.04339061053528119 0.08
506 0.03965762578293626 0.04577685546427744 0.08
507 0.0488765787382974 0.03897539710038534 0.08
508 0.04474090778593745 0.04026458332718548 0.08
509 0.0464371037771274 0.03842652963263007 0.08
510 0.04962771782745233 0.04133055437154007 0.08
511 0.0519799957844171 0.04179005645007884 0.08
512 0.0537293318863151 0.04005062068385774 0.08
513 0.05606915148368902 0.04080357492398069 0.08
514 0.05859358656315992 0.03886836555466631 0.08
515 0.04209315817816129 0.04632621143209749 0.08
516 0.04039922914550761 0.04816361831584818 0.08
517 0.03870495736074703 0.05000231407165142 0.08
518 0.03944823817787232 0.05238722844227391 0.08
519 0.04598406983293183 0.05161779615159885 0.08
520 0.04018519739261601 0.05478290016836089 0.08
521 0.04094768862574674 0.05743991354412174 0.08
522 0.05994872273533391 0.03546123771138182 0.08
523 0.06422649989997259 0.03326863683507388 0.08
524 0.05092148776052856 0.05309589051041141 0.08
525 0.05057347608370733 0.05650733221815987 0.08
526 0.0250240085545481 0.04248326438591436 0.08
527 0.03341175243757034 0.02169229355840887 0.08
528 0.03590303695409821 0.01892322595685998 0.08
529 0.03510736678193077 0.01360042855852317 0.08
530 0.04002722964059166 0.01644000224883282 0.08
531 0.06129314016043581 0.04169820320357256 0.08
532 0.02043620871646278 0.03326845980649346 0.08
533 0.02787280533005519 0.02967388960014867 0.08
534 0.04665288528268621 0.05388470310136369 0.08
535 0.0485696989873543 0.04556849124277261 0.08
536 0.02984511427494731 0.02124136057237347 0.08
537 0.03679820693511243 0.02974940162216588 0.08
538 0.05023437775659742 0.04361305580865846 0.08
539 0.04511385542741188 0.01291182475406618 0.08
540 0.02768169264370657 0.05774485513841032 0.08
541 0.05428407536225534 0.02831123484155588 0.08
542 0.03606113609405066 0.05606383196155841 0.08
543 0.05421908677266512 0.04237104415880856 0.08
544 0.03427787755014842 0.02925898390143857 0.08
545 0.04659822425248628 0.0255079946000253 0.08
546 0.04657598376006089 0.0225118522908479 0.08
547 0.05044907865916466 0.02248330555097 0.08
548 0.04444632912607985 0.01881741998661851 0.08
549 0.02937500460301268 0.06319129638512612 0.08
550 0.03815674035710619 0.05687266465713628 0.08
551 0.03874562794627587 0.06079964937941405 0.08
552 0.01751681825766544 0.0295132887764982 0.08
553 0.04886240373350054 0.0545338344862137 0.08
554 0.02237352869557859 0.03571207885182301 0.08
555 0.02076075867627924 0.04673841877203079 0.08
556 0.01165557497960467 0.04624871257665066 0.08
557 0.05069735888070775 0.03041984157423611 0.08
558 0.03180127881536357 0.02884768221002233 0.08
559 0.05710339567733964 0.03648604457367521 0.08
560 0.01344432532765911 0.02532812590910132 0.08
561 0.02778619808992217 0.0543369774904475 0.08
562 0.03000476364735206 0.04987179129565868 0.08
563 0.02541374332741346 0.06662232175279867 0.08
564 0.022530715945221 0.05027587525778552 0.08
565 0.05357227334571306 0.04624113347758081 0.08
566 0.02378982777509824 0.0376001494252679 0.08
567 0.02156847379910237 0.04124959077004857 0.08
568 0.05794060422584635 0.02776045060116429 0.08
569 0.05243817957025759 0.0439429056588318 0.08
570 0.04503826324142126 0.05589922230513528 0.08
571 0.02185632836357567 0.02677618379642971 0.08
572 0.06678337392528136 0.02426679576770288 0.08
573 0.03867649093869909 0.02048634730728171 0.08
574 0.02523183501833926 0.02832452804674747 0.08
575 0.0276327991464406 0.02716582994680914 0.08
576 0.06919034648019787 0.05721725213465902 0.08
577 0.04370271744567939 0.02222783899614363 0.08
578 0.02150068707505467 0.02228028852851041 0.08
579 0.02068928390681682 0.07239371342593305 0.08
580 0.007583176659226662 0.02061139813468406 0.08
581 0.07293980177718604 0.01947648593798203 0.08
582 0.0285524874715649 0.02417244369038986 0.08
583 0.05188073297678951 0.02625120849062113 0.08
584 0.06347220472691061 0.02858337778604469 0.08
585 0.06603285766494191 0.04096080770595401 0.08
586 0.01966614884864631 0.03605729098449353 0.08
587 0.05637573575760987 0.04339598603988375 0.08
588 0.03453048186144227 0.007934583084540552 0.08
589 0.05318667726930279 0.05947322558578486 0.08
590 0.0456804925062673 0.06220130467380067 0.08
591 0.04263666602925096 0.06014785688451444 0.08
592 0.04579445238433232 0.00649517426608115 0.08
593 0.04747903226639722 0.05658968245293217 0.08
594 0.05359371256705781 0.02017995872264063 0.08
595 0.05805812655278507 0.02214924825967704 0.08
596 0.05645508195440833 0.04604340346162792 0.08
597 0.05834704686073363 0.04201162001596527 0.08
598 0.05765099131783342 0.05798696201950958 0.08
599 0.05367354628249722 0.01549680615855049 0.08
600 0.05786592040309142 0.01152518812103171 0.08
601 0.01414698994124667 0.05334404999095769 0.08
602 0.02619670535276784 0.01491982512502378 0.08
603 0.07003845328828948 0.04537887884401631 0.08
604 0.02231164556413762 0.05789647324766382 0.08
605 0.05199939138426556 0.02876342020656965 0.08
606 0.04864151782615028 0.05966152849051522 0.08
607 0.01830489760770384 0.04379628201505609 0.08
608 0.02636603065445181 0.02034128620776646 0.08
609 0.02948675985565417 0.02857210931918888 0.08
610 0.02605422584686649 0.05176107744734773 0.08
611 0.01784326780442743 0.03901947639415401 0.08
612 0.01346011492276528 0.03791000815427241 0.08
613 0.06759020163285211 0.03624265564885559 0.08
614 0.01968488910866918 0.0537814065512218 0.08
615 0.03805402649318607 0.06622930384094228 0.08
616 0.0433305581748042 0.05750819622408563 0.08
617 0.03975016811183314 0.04087922304568396 0.0397859055150399
618 0.03115282168187376 0.028716508108412 0.05772096403660587
619 0.05100643609061389 0.03591618346012894 0.05853583245810638
620 0.03619568201558194 0.05077335075795066 0.05844555689009151
621 0.03895449282264957 0.03851782176242967 0.06565512054618135
622 0.04961898829947307 0.04939911898004719 0.06581818641611106
623 0.04402789705488135 0.02236706547223672 0.06488410652932459
624 0.02248919595389282 0.04236799592460164 0.06375037078317228
625 0.04534909565758636 0.0246569494001272 0.04643770769305829
626 0.03162708715309569 0.04691544411764481 0.06805087521384308
627 0.02026882306828218 0.06065392983341886 0.06259589863659795
628 0.01957379660636415 0.04933174429542546 0.04518226797288956
629 0.0298725246295147 0.03190034973118503 0.06846425391694237
630 0.04771967138810423 0.04820197054845159 0.04916542319150177
631 0.05241590376715832 0.02983534655200429 0.06853901767117095
632 0.05876075071247434 0.04067235796264355 0.06718508487495939
633 0.05611318099840125 0.01943342647050182 0.05578797768891571
634 0.04020469057847677 0.05447198823509814 0.06899255337337504
635 0.04545763344387265 0.061414063323231 0.05780970606061796
636 0.04859166105497432 0.04038901198173114 0.07031645180469512
637 0.03242477782882511 0.04011148253146872 0.05525970568477066
638 0.04050305449126444 0.03400074408090793 0.05557529332919262
639 0.04199960863816492 0.03182719048582699 0.07161497593841144
640 0.01664388896246061 0.03387406017383506 0.04949785357242212
641 0.04051184837533803 0.04520238445059903 0.07145656172998505
642 0.04063134141083215 0.04332368615264927 0.05773332850255006
643 0.01713178932410522 0.03006293285139166 0.0633374468967115
644 0.0358062934573818 0.05843199081688887 0.04210694910697657
645 0.05677874066280208 0.04594209577921484 0.05954007477070195
646 0.06036825042097335 0.03368748880784816 0.04099662239861567
647 0.05622875806048833 0.05441804249967778 0.02558352124512956
648 0.02755298643345426 0.03905080758465452 0.07160350234215329
649 0.03578791979071362 0.02471993111829075 0.07000155901803375
650 0.02576398138838305 0.0191295576866265 0.06611971767396935
651 0.03246034924404376 0.0141130528874772 0.05515363540007445
652 0.03319430346388947 0.0352316472139122 0.04647861552416795
653 0.04854035891207221 0.05569656893926307 0.07000410445087231
654 0.06125469855143912 0.05838792111142517 0.06089613088590547
655 0.03646196246246421 0.03024307633161492 0.06384103828953273
656 0.03944880157057916 0.02421188496339942 0.05645431556247037
657 0.0353569935874395 0.04565614313747689 0.04815914639002546
658 0.02270493700583125 0.02083373886034978 0.04432205925598728
659 0.04399118791990157 0.03272329980227159 0.06311408180805314
660 0.04795383872921227 0.02791605848429487 0.05574154519450675
661 0.04851749643009497 0.03635508043166044 0.04662445259909113
662 0.03393265886056698 0.06431280086349696 0.0614554575447042
663 0.04716012473370596 0.04171100527845441 0.06237637584721628
664 0.04444069068811349 0.05123970953408422 0.05807120989578943
665 0.03522863607725457 0.03467964285797592 0.07213447016583509
666 0.03094519745935186 0.03865639651869891 0.06473498929290185
667 0.06404612087871167 0.03009410861861058 0.06149870495227919
668 0.02216451307942418 0.03412535183772791 0.02737427997103244
669 0.02286664117064169 0.04842349743945858 0.07169986299112061
670 0.02448530169523809 0.03587379929257484 0.05853760874745666
671 0.02909124539386503 0.04734856685686328 0.06168125246684924
672 0.04802814484847029 0.04710067415389189 0.07397605832659379
673 0.03726988777711888 0.04607261780050854 0.0642829250211223
674 0.04841737046202388 0.0253339913961911 0.02423026987880128
675 0.04714581073306498 0.02408633932912967 0.07251861548131232
676 0.03570376140539614 0.0432128783702864 0.07388451178399792
677 0.04458366228381758 0.06884984229013601 0.067589768112812
678 0.03044007621328504 0.056492911995488 0.06550110699882092
679 0.03526936388976783 0.0510728211949657 0.07361815105821982
680 0.04173495468190944 0.03890825670572806 0.07309949164009773
681 0.03715349558524531 0.03965447381424176 0.05141709400906205
682 0.0355129136971566 0.0218095561404369 0.06343763703868562
683 0.05285406104352422 0.03630856790464219 0.07192798042303196
684 0.05303523990608217 0.03667346232609844 0.06513751217561324
685 0.04735769736622639 0.04129136801946559 0.05469150102894636
686 0.05539976580259049 0.03870352243075566 0.0521041808613163
687 0.06092803848731313 0.05060477961983584 0.04421883487834328
688 0.05846727717774496 0.05135358567090297 0.07131110222025322
689 0.04367393315133603 0.05191798511389185 0.0727511505519442
690 0.04262815002362626 0.05024674701836016 0.06448959389698791
691 0.03460149512721912 0.0356964010354544 0.05907143218029825
692 0.02421626156215906 0.05444120282390883 0.05391196276564503
693 0.05215355176555291 0.04330129699295637 0.06550952280531137
694 0.05462512308854738 0.04403281462042551 0.07377693434123643
695 0.02265227924864477 0.04358445128718195 0.05372608479500807
696 0.01785647475695177 0.0373624539691485 0.07145981892439139
697 0.0246814572007303 0.03529941817740528 0.06689592858678294
698 0.04629147437302115 0.01693277003412915 0.05668782248997773
699 0.03134226021342778 0.04705375767308725 0.05559563014087893
700 0.05031474216426234 0.02904247294443705 0.06146231496289396
701 0.05362491130036903 0.02110558019610944 0.06539624824337614
702 0.02798037526092989 0.05443290180011704 0.07206138808566272
703 0.02902670306452605 0.04066050576533946 0.04969903599203815
704 0.04693086890307241 0.03544967983667673 0.07402057643121859
705 0.05631549060841897 0.02817859765193837 0.05395884474411383
706 0.0327346640021679 0.02972504501934851 0.07370903490205245
707 0.04473032771952772 0.03723335455752348 0.05852903011527934
708 0.04026887857453992 0.05603296450348806 0.06188792078715231
709 0.03955815758980882 0.04884519811766879 0.05344011846515102
710 0.06586582589052487 0.05005855297589516 0.06274785326224716
711 0.04258452693991695 0.04367403056850849 0.05210626908663902
712 0.03469674315770333 0.05402163171071339 0.02245536277432109
713 0.02953902726188038 0.04508423883354916 0.07469152520506657
714 0.0592413676541057 0.03922708618748762 0.05974433788732553
715 0.03720759241300001 0.0521977730587639 0.06478953366007718
716 0.05342977629533528 0.05410200530288181 0.05441325462150962
717 0.04948394160389825 0.0610188196037998 0.04567668697210977
718 0.02674744772780156 0.02976378618786138 0.06337606028615905
719 0.02212499676020487 0.02839973736211964 0.071738056574134
720 0.02965282978861705 0.03433286167962447 0.07432335559406657
721 0.04366678024172369 0.04278455810533657 0.06633124369226034
722 0.0390835151219072 0.0147006684600607 0.06880818200564096
723 0.05945774939770301 0.03315607374376509 0.06967562565573457
724 0.04169852259582768 0.05597159816823558 0.05117035894822572
725 0.03462814107727983 0.05872697639881606 0.05240642214128549
726 0.0353490387370799 0.04533592103938636 0.05892620875473024
727 0.04994010963330629 0.04582984075482299 0.05749689474660685
728 0.04775915196906364 0.03529183479436363 0.06838392442862308
729 0.04079848755227785 0.03352750746894059 0.04789288489135649
730 0.03951793422608195 0.02720000864306238 0.03818566284736275
731 0.04104117846934089 0.02705906872540633 0.0748303128018743
732 0.04997479770016325 0.02868807085670369 0.07411728077409385
733 0.03461007878465404 0.04202652860559799 0.06715085908023528
734 0.04700663902338589 0.02838091714457939 0.06660025068208146
735 0.03449812719881 0.03420580695244759 0.06619595840576452
736 0.0431590601719857 0.05874677238832242 0.07355109176959815
737 0.02836001930659741 0.04297127333175099 0.0666449558228588
738 0.04244906921289781 0.04965127963304115 0.04210264834175747
739 0.04716929165435504 0.05537053391395494 0.06256960534641109
740 0.03470764814825571 0.05814566441790536 0.07294829428591043
741 0.04300636261176495 0.03798336251859933 0.05229724073945122
742 0.04115046254706655 0.02880832689410703 0.05970404769790752
743 0.04639991938007925 0.04211472068539322 0.07477566308814243
744 0.02891794457820408 0.0238282713655921 0.07183769204629374
745 0.03444797500030913 0.03382941136400094 0.05372700601053414
746 0.0336328641599001 0.02622397029240577 0.0491186818688941
747 0.02658763247655125 0.03314245215944695 0.05202940480319018
748 0.03714399533037098 0.0295582783701486 0.05881505008892227
749 0.04513763916964314 0.04627912713614371 0.06140908038933571
750 0.03776707275539184 0.0297866659107034 0.06943544756339853
751 0.05687057044715884 0.03049312969301675 0.07469735207902883
752 0.01940970467809389 0.052176365150233 0.06030976547613028
753 0.01116291145787774 0.04583724264396839 0.06690253215949521
754 0.05246382445042264 0.03985329231558236 0.0612490473212004
755 0.04716502583050068 0.03339945090816956 0.05474595089180495
756 0.02713202590090543 0.05254106577780051 0.06707715540721222
757 0.05636367328921906 0.04896314189212904 0.0636826248054249
758 0.03637454209807438 0.04098496511812687 0.06180944240275579
759 0.04055433696030332 0.05392044899655562 0.0559522721176492
760 0.04441023567721802 0.04667917551039504 0.05575565583655121
761 0.02415642957843056 0.06392348836960263 0.07264781157345428
762 0.04054698621649708 0.03989228055223936 0.04484137558940749
763 0.02267069881528644 0.03698380817246658 0.07401278926018312
764 0.04341878792150878 0.03666246667295485 0.06806284395448164
765 0.04093462034889911 0.02196914780052961 0.07105448061162946
766 0.03176307049258684 0.02811918229390104 0.06706819022348705
767 0.05591350654202999 0.03240707297597464 0.06201181113782956
768 0.02259348408773802 0.0229495522918022 0.05782119915235159
769 0.03902153463514301 0.03547214545887259 0.06073879563954774
770 0.04223364075107486 0.02879474194898179 0.06670630976685424
771 0.04780122750941609 0.03648937148144737 0.06293487578189839
772 0.04082861511442365 0.03440166884325836 0.07529278732543754
773 0.04484635045354474 0.04961190346189806 0.06978155333774748
774 0.03222621050441319 0.03261428604698415 0.06334175579602232
775 0.02802997405232665 0.04122241171823833 0.06107021542748664
776 0.0582746987944463 0.01852158798638613 0.0382243663879694
777 0.03781805704306038 0.03887129747491707 0.05632010310882532
778 0.06984307719759211 0.04309178546835044 0.05264445983804012
779 0.03827175606548611 0.04651415179161841 0.07521847733653439
780 0.05077013856213256 0.03994214614813699 0.07504901782690764
781 0.0463505012167781 0.04470036601018467 0.06790782220727044
782 0.03111291645018504 0.03444770761046089 0.05803431520145792
783 0.05707876377638955 0.06975485362983724 0.05009993570147638
784 0.03192444227767788 0.03809685146971743 0.07000404498270074
785 0.0718457334119178 0.03926931503912895 0.06294104599436603
786 0.03166090575547423 0.0393861852738364 0.07556018844283183
787 0.05183767731746675 0.04493187731041468 0.03884201375717046
788 0.03083984750958395 0.0487650805276247 0.03909480298180888
789 0.03739386442940208 0.04382576748798577 0.05398056486255734
790 0.0518356303582656 0.02351610804836184 0.07157102185148591
791 0.06572994634013334 0.02126963547728936 0.07217836524774224
792 0.0293664718073321 0.05454657589807364 0.05816455388505928
793 0.04439340219111559 0.04710600438147802 0.0752119013649559
794 0.04694215996880934 0.04302107099230145 0.04855777360910098
795 0.03713838766887302 0.04720556312869402 0.06806597413813696
796 0.03307095890826368 0.04869128818614718 0.06463163534212066
797 0.03424952787089062 0.05159715765532404 0.06691872649336252
798 0.05423039605012742 0.05545821174749447 0.0663859071377607
799 0.04361686199516125 0.04146859703629296 0.06158763120390098
800 0.02190666926596344 0.06690902280782174 0.05154360428215172
801 0.05484302963957167 0.03986605431093462 0.06957143749997724
802 0.05938124572513496 0.03873116141370484 0.07369039950317974
803 0.02653339175271161 0.02929357775232359 0.07392589772899008
804 0.04448840418097206 0.03035823902706885 0.07552259172516558
805 0.04248805107771898 0.02834719914010493 0.05419817092933385
806 0.04677739656414275 0.02954166134492959 0.04945331083493822
807 0.03974949174906793 0.03355195430202946 0.06592927687254788
808 0.03860082381228653 0.04164056760860198 0.06957451748275743
809 0.04430905391670525 0.0271432598649102 0.06073825387142844
810 0.01529196119545788 0.03630590057915948 0.05830386572432847
811 0.05136073849673928 0.047004656588655 0.06908880729554945
812 0.03260110925947152 0.04973887425316922 0.07554040272311767
813 0.06179280867392463 0.04674620015489965 0.07336968413598885
814 0.04006334374652535 0.0479003737862844 0.05877784028996188
815 0.0459041190412204 0.06004998737115224 0.06952542092683828
816 0.05451323764142613 0.0661126606196944 0.06774492708559574
817 0.02520916851227177 0.03817306963525924 0.05432883283994835
818 0.05291248345632186 0.04462026472063721 0.05248650696531911
819 0.0471134761754921 0.0324765395859949 0.03573305532352839
820 0.03478736581050762 0.05249904977287901 0.05289160894874857
821 0.05018435677005859 0.05017766994520205 0.06034197498182133
822 0.05302022379634352 0.04034872442570591 0.05621349132047688
823 0.03764979349252991 0.03043635474347275 0.0754006619787974
824 0.03279450292270845 0.02787238692062513 0.06124343194284659
825 0.03206893996843235 0.02150989843782776 0.05610783129659292
826 0.02247840132725538 0.009563611747639802 0.06115633975115468
827 0.01111342496140753 0.01184022835609011 0.06817621002210029
828 0.03727196371818127 0.02565012527178552 0.06660282625102558
829 0.01911943831627102 0.05727229278615189 0.06933320210781893
830 0.05678069270124481 0.02659924663517095 0.0647496335068961
831 0.03818730668843463 0.0389240232374939 0.07515088554391451
832 0.02244341283387927 0.03150206789962294 0.04356822759294539
833 0.02861206821124787 0.04462888651613001 0.05712695686800524
834 0.02293882443348498 0.04447808542016283 0.05969263199270534
835 0.04903199114444325 0.05155275318499284 0.07534025229292626
836 0.05447313333934654 0.04906129340180554 0.07484990880983777
837 0.03311016669278548 0.01918847496059769 0.04393516992952445
838 0.03162377645520806 0.04428218921569905 0.06264384560742771
839 0.03839518032944517 0.02626842160945917 0.06114038217111047
840 0.02656428767648085 0.0497504582647648 0.05641044085823588
841 0.05054700897648834 0.0449562288344439 0.06281406172248861
842 0.03242851639985509 0.01834540543934457 0.07015462058155511
843 0.0453581936671698 0.05387654688479716 0.06769908151598418
844 0.04139865157283534 0.05092567934154701 0.07024625668566323
845 0.04756732134655803 0.03262606615431602 0.05954658599493966
846 0.05084801477177981 0.03662985184241284 0.05152230490196146
847 0.02362943483119606 0.04243619386640207 0.07441674784907208
848 0.04190651216111181 0.02097726410581612 0.06130728922919072
849 0.04146876305216983 0.04382070253502605 0.07513000789625117
850 0.03821559474457271 0.02189969795777788 0.0757865024158237
851 0.03940610479185024 0.05402115613487691 0.07479202028751558
852 0.0695569048499505 0.02311652353720368 0.05118517068363726
853 0.02826034294670995 0.02297808946759678 0.06135072014683259
854 0.03585716597876588 0.02623431387541882 0.07539158846938043
855 0.03550891121542332 0.05638930468979115 0.06066620486906207
856 0.03851838242876432 0.03070015100044852 0.05218133122942911
857 0.04075006959071209 0.05258348392617182 0.06059225718219133
858 0.02423834515455857 0.06473555887408183 0.03006575808752337
859 0.03110224141573129 0.04277576729915726 0.07088352498849469
860 0.02332740077974179 0.04250047375312425 0.06848146081096167
861 0.03685438441363091 0.06282623945569038 0.0665221285408279
862 0.04586070387198563 0.01944730086067799 0.06961729582255548
863 0.04744461792430099 0.03014587151033614 0.07102484965567499
864 0.03911554748602009 0.03677891117657114 0.05066628636632563
865 0.04239049484109308 0.0463014299493245 0.06656486592486048
866 0.02690036213785233 0.03895109652489332 0.07651068053788654
867 0.0659451266865 0.04127337320909396 0.02244210874667756
868 0.04951735216792173 0.05176296562180894 0.07156846786229946
869 0.04853631193626662 0.03807147335235529 0.05826077037853394
870 0.05127585737782118 0.04465746725565052 0.07648339348934129
871 0.03149193804989957 0.03824698665767997 0.05209261124290483
872 0.03249270975941484 0.04313715939255709 0.05311383561693618
873 0.03889543662051878 0.02555415741672163 0.04662949807650747
874 0.02789987184186866 0.03512262257277154 0.06297703618764372
875 0.01711938913474112 0.04318056408827965 0.07194402522444956
876 0.02712645890788071 0.03572744000315132 0.07038679192869024
877 0.02557965341198433 0.0496084051697533 0.07596031057489425
878 0.06501547301596315 0.05366383888195007 0.05412827038326361
879 0.05752424495643217 0.04295851315841089 0.06262503832181002
880 0.0482422542807347 0.0312164084950734 0.04339647463144514
881 0.05094729359762181 0.04342715597527539 0.07138607113063364
882 0.05001048102511045 0.03383794503013184 0.06456329711265726
883 0.007842184580003264 0.04657768096973881 0.05118589276398564
884 0.04488327026370061 0.04261765899022301 0.05810047831769719
885 0.04315349565419548 0.06342637674931259 0.05028951353845255
886 0.03873925425773654 0.03224335905903764 0.05981809444061521
887 0.05738031752506259 0.04563306174320267 0.06975106713939354
888 0.05085693663458596 0.02196362115156083 0.05970645609387899
889 0.02498844738968768 0.01367484864248263 0.02511423595801567
890 0.03410797663995085 0.03432776216505786 0.07560808723774874
891 0.04447241515927548 0.03692134183884457 0.0641539367817402
892 0.04549825597752197 0.03833588758242215 0.07580770146015765
893 0.04211235469463212 0.05113389027909388 0.05357057262168526
894 0.04154889289734321 0.04790057777982126 0.04686459675267426
895 0.04942674135784383 0.03988875426413403 0.06698032439861583
896 0.04467722859368136 0.02074228676694999 0.0514855739354614
897 0.05122629545984285 0.01670060985086666 0.04792712334111471
898 0.04969174606287245 0.03434752499181867 0.07727760083559303
899 0.04486902115392688 0.04378358904565598 0.07118199555029575
900 0.03610056508594107 0.04925254585873284 0.05479825881327222
901 0.02596693355427007 0.0459279216858337 0.06324056230962462
902 0.02884130468549232 0.0461200410991707 0.04912730649703737
903 0.06564507301800461 0.03498016916392678 0.05448031219598778
904 0.04318867352181942 0.03301947890134027 0.05152706680684641
905 0.03844530231474921 0.0377958940516426 0.07012229746024265
906 0.04378322173371382 0.0270281158395923 0.07064075122839313
907 0.03456497034080898 0.04696185640337075 0.07020227733180011
908 0.03326917684412051 0.04853769731961435 0.05746076353414257
909 0.02656460674788556 0.04024479902620903 0.06415507648258427
910 0.0151900171218114 0.057014233855581 0.04927477263557341
911 0.04306470312998626 0.03127201609298273 0.05719025722354236
912 0.03477363601203744 0.05735175918757008 0.06758433296938725
913 0.03313646115503103 0.04482929026459744 0.07662805143998343
914 0.04342902322163838 0.02316164127345417 0.05747083379637956
915 0.05054006483941995 0.03422740730991067 0.07154515849301334
916 0.05423920222080662 0.03337707950004204 0.0699767263854465
917 0.05150113014693423 0.02589994421850977 0.06619658090122409
918 0.04547647420491595 0.04611931738214869 0.06513569599549585
919 0.03548861267887796 0.0412056288203528 0.04550158209815586
920 0.03239243836349051 0.02972718798510679 0.06997306332915258
921 0.04499708239681095 0.04682937242489403 0.02718999044386712
922 0.05437123074297346 0.03269919152724686 0.04806943057181703
923 0.02359189952935689 0.04062498878920062 0.05753963752988674
924 0.04028709464740031 0.04924742134856513 0.07686984805851671
925 0.03200092753316457 0.03732921410028015 0.06083276002766336
926 0.0451034271565376 0.02561442646847648 0.07704690799065639
927 0.0270370775720261 0.04607854838836473 0.07041991510195142
928 0.04632617150651398 0.02076998520493834 0.06039266306072031
929 0.02006648388179018 0.04554383677631798 0.06725255582173426
930 0.03387826156720216 0.05377449870607493 0.07557591492729468
931 0.0396128667257947 0.04317138152703368 0.0621433724412826
932 0.03070737030393418 0.02553151448063742 0.07573152710906944
933 0.06251800682327312 0.04595232514297339 0.0496735699317847
934 0.05471177765397664 0.0489245909504674 0.04875198427203519
935 0.03452353978150699 0.03748397853929049 0.05601547115229281
936 0.04584958595054801 0.05545463551607067 0.07698452380723195
937 0.04401919670386382 0.03269774339658088 0.06805137060881827
938 0.03716613547089784 0.02106682894986198 0.06776143892579825
939 0.05138391577580565 0.03772760125982145 0.06891651592227252
940 0.03881034646146418 0.04465513165820087 0.04810899697247124
941 0.03245699556328772 0.03285015538870352 0.07110228354089408
942 0.04637817765148727 0.03578976164906292 0.05032774210278563
943 0.02963884615182129 0.04794570357005993 0.07165826837684798
944 0.04367623678219479 0.02020768726535064 0.07570531802218396
945 0.06484824717266603 0.04235284850259574 0.05936749365484281
946 0.02373030856469496 0.03829863658871735 0.06999668034593308
947 0.04605905455946398 0.05048044512303334 0.06180942999675992
948 0.01241130776989029 0.02369729448640807 0.05354134688634847
949 0.05092483215593715 0.0311137132794281 0.05551898925963406
950 0.04848695767577104 0.05190179729264126 0.05467060440408534
951 0.04638972014110614 0.05548806305218901 0.05792578405359908
952 0.03768235943862379 0.04924826520943131 0.06204061130616453
953 0.0402268987685051 0.04207259064010881 0.06667582492643005
954 0.02789825662333762 0.03916253575169614 0.05733029539665714
955 0.0304436992535214 0.03401255917924901 0.06569815365040689
956 0.03418787751289608 0.03211896382277508 0.05739406434013223
957 0.03473153173876645 0.02901801966869975 0.05454165908001139
958 0.04124096421129941 0.03110531114076678 0.06360371775570275
959 0.02436310573572419 0.03039291187453307 0.0579825743220787
960 0.04747396332617462 0.04891924822661224 0.07662602597002648
961 0.04874427993490334 0.02127831269562453 0.03659126243081576
962 0.03713872860896623 0.03564287460422826 0.06412821692423147
963 0.05175459381100379 0.0234855447897305 0.05056030543811006
964 0.02283461366765944 0.03388256387829697 0.07063152486881095
965 0.02822308544259411 0.04600337875792895 0.06659506946326499
966 0.05507284208173137 0.05454766146818223 0.07507080354030053
967 0.05396503619890151 0.04906514070563323 0.06021610160551612
968 0.02886688915624954 0.03167941794538966 0.05908607858079477
969 0.05444298655798379 0.04071120452357814 0.07670718857872638
970 0.0277136391477331 0.02698058247192107 0.06749900595139277
971 0.04517710270984343 0.03782964137266739 0.07074941216018879
972 0.0397941197444964 0.05470579388465875 0.06501322938331774
973 0.04142278018714295 0.00978059115729156 0.06132395964432952
974 0.04194858056904781 0.06869723155814153 0.02950182581645411
975 0.02841302554356072 0.0441755025631987 0.05265802060668169
976 0.03006943695530553 0.03093084996825309 0.07569121714445365
977 0.05623195377531969 0.03562925421910931 0.05574202262408583
978 0.03380450477144806 0.03062382128934441 0.06546711200313356
979 0.03490867975362071 0.03816572505438285 0.06580493964048828
980 0.03314709563115764 0.02304169277146147 0.0739034213345006
981 0.04174983628688964 0.04085747480676846 0.05396638599890732
982 0.02390441010110007 0.02689698294149243 0.05156924223288938
983 0.03767787288158479 0.05241635778744228 0.06861493337487673
984 0.02779883073137058 0.03742987497875704 0.04295636899091453
985 0.03968923781233429 0.02735453234257604 0.06885871219589185
986 0.05178120919609881 0.007522541913168993 0.06577329907533674
987 0.03614739937401013 0.04169803756129059 0.05609812957123995
988 0.04690313605941894 0.03691312201786769 0.05599392305688779
989 0.02777256997053677 0.02018589589765686 0.07528068457123804
990 0.01903644379974011 0.02053305614740752 0.07350564355983334
991 0.02346248093178611 0.01060841324288989 0.07218043550238244
992 0.05936278755945629 0.05840703969421131 0.06916418857350885
993 0.03986235883759899 0.03347942301766024 0.07183435131405763
994 0.03707160085620437 0.06465698822882414 0.07274502670932707
995 0.02607366386440674 0.05146286897688269 0.06094619638666197
996 0.06127882709224517 0.06252844536705754 0.03662372673304975
997 0.05100137738664883 0.04090191250595331 0.05868877357502073
998 0.02231590292703835 0.03791408770891852 0.06234034146382237
999 0.037934671568555 0.0423638420103056 0.07691913604014503
1000 0.02936492284173755 0.03779067039672671 0.06857443051479008
1001 0.04438150512931101 0.03366123344212775 0.0765993910278346
1002 0.05500589274602709 0.04081521821989731 0.06416572029894134
1003 0.04622198764563283 0.05248944559542263 0.07063393967425938
1004 0.06821055196090134 0.04029799013864359 0.07011336481017102
1005 0.03198230406857479 0.05196161280643784 0.06139126164570726
1006 0.03134746054072675 0.05214891146605387 0.06513304060778474
1007 0.03800282814763475 0.03639307817624843 0.04648397355720523
1008 0.0187047466180453 0.04985405880139277 0.02612955384209693
1009 0.047880693048149 0.02433088343521727 0.06747309743716326
1010 0.05753544077773094 0.0366095213938237 0.06384768517296525
1011 0.04977633545995666 0.02754894729421695 0.06975393289020436
1012 0.03640487093163491 0.04352405416020536 0.07012943150910265
1013 0.03728302155660376 0.03506396960494032 0.0772126728484973
1014 0.06570909106939617 0.05256089919669581 0.07209668282267714
1015 0.02651641078635717 0.0326533666662568 0.07607054311484997
1016 0.03610801442510692 0.04000700606272924 0.07036780389156908
1017 0.06561637504367784 0.06980630212141173 0.06798181596745043
1018 0.04594333339181621 0.03876751373635261 0.06737206667251483
1019 0.0540870524055039 0.0315093707709488 0.06602900286530185
1020 0.03100859487030204 0.01293759098454682 0.06455219826057575
1021 0.04937986050066311 0.03796218296896957 0.07716407439425417
1022 0.01119989886914599 0.02337246902639303 0.07128254815309992
1023 0.010461625542174 0.03521364162141806 0.0666228610346975
1024 0.02887769048718102 0.04215600948583653 0.07717953678477558
1025 0.01254940853556356 0.03894875554861787 0.03968268903316532
1026 0.0342445951873049 0.03981071048984543 0.02741848940392452
1027 0.009247307208300623 0.05957114786106988 0.0651821819417864
1028 0.04573711241668113 0.03869449101828244 0.04150245875530505
1029 0.03855570444283114 0.03919060176226818 0.05974839917024399
1030 0.02966966086616937 0.02695812529437279 0.06360217973572443
1031 0.05416942737582936 0.05612169563774333 0.05934160103520653
1032 0.03511746712982607 0.0310743595190263 0.06081404729198971
1033 0.01567907361614512 0.0453355618985385 0.05905229085287076
1034 0.03188727068170846 0.04459657323698057 0.05890771952406691
1035 0.0558041855292617 0.03702484981005025 0.07621084078894955
1036 0.0599124392892903 0.03475710112454558 0.0763576753738156
1037 0.06849444800440002 0.03389996431509432 0.0742013864760057
1038 0.02718971575978201 0.03314922204400431 0.06562772584868388
1039 0.02279751452594258 0.03114434507804248 0.06671667734509906
1040 0.04393913967333665 0.02899553598128137 0.06391181001447595
1041 0.0374026609499661 0.05490700291064159 0.07077328669344099
1042 0.03623036462716731 0.05634627353809424 0.07644983206701675
1043 0.05324795235299132 0.01566472320482301 0.07319306623929935
1044 0.03934920350932759 0.04890697152464589 0.06586451443303255
1045 0.05457169533369789 0.04896904543435194 0.05540841035926863
1046 0.040988489006474 0.0376259893166513 0.07687302990257225
1047 0.03362948343745301 0.03565970943201749 0.06331319999216688
1048 0.03445407903706254 0.0458959077914841 0.0666243844604006
1049 0.0597386180732371 0.01176970646239814 0.06351504823991204
1050 0.03580745144597258 0.04895884874596073 0.07685881512546167
1051 0.03494047488485683 0.03763124532632897 0.07634408614844188
1052 0.01868145699178426 0.03311455222075681 0.07474105038247876
1053 0.04904636418159227 0.04502625497339158 0.05416762820313989
1054 0.04805655263012241 0.04482806172142598 0.06035049265992068
1055 0.02801792328080721 0.06129249836550508 0.05642772838943928
1056 0.03380735733260607 0.05479774039988523 0.05635415437249407
1057 0.04106294189863447 0.0442802452209352 0.05486680859820756
1058 0.04096229448536916 0.03078737397370087 0.07463888783026171
1059 0.04996479598784065 0.05340970631114997 0.06701347412278338
1060 0.04132911263425693 0.03898906945864578 0.05770901142398797
1061 0.03995998426301355 0.0488374774197794 0.07255031428080667
1062 0.05478444399681019 0.04561137408760292 0.07662141060633017
1063 0.05931339292936587 0.04366171449858235 0.07594566970037488
1064 0.05855639499209517 0.05148991851907416 0.05865133179651452
1065 0.03642510225110149 0.03471092561783565 0.0559650927855544
1066 0.03638072208553844 0.02790981805216585 0.07271493107758066
1067 0.04780008494496483 0.03214160776779974 0.07696705795366628
1068 0.04669310308023666 0.0519562119566376 0.0651850374195634
1069 0.04346206055114701 0.05376999242757471 0.06370298724600913
1070 0.04295566989381491 0.05427272987427842 0.0591166257501185
1071 0.03067648308582249 0.04964166742645523 0.0667406211216138
1072 0.03485942872737353 0.05743337254307469 0.03378121497339451
1073 0.04995166982380292 0.03822870715988406 0.07302226007557475
1074 0.02024274224941492 0.03965989046532219 0.075632108042477
1075 0.03640627527747713 0.03374477377498562 0.04986619038891421
1076 0.05336138867084844 0.03650157973372594 0.06122580921563997
1077 0.04077744774075522 0.03678868764529516 0.01366865181144783
1078 0.04353876509049029 0.03523541081764642 0.05604744880655035
1079 0.03761012979416571 0.01999182953319334 0.04986671652460918
1080 0.02968130507590343 0.02098697058154914 0.05031784210066023
1081 0.04293079900993638 0.04476094318838012 0.06326304449368697
1082 0.03477195678068155 0.04573181568057881 0.05218517870970461
1083 0.03589596325351771 0.0425676712244146 0.05039372950943542
1084 0.03211669451253433 0.04360903961039139 0.04924244599054346
1085 0.04179668992352314 0.06914589293735827 0.05802743332132072
1086 0.05257630331469366 0.04697688753702176 0.06577166446746287
1087 0.03974941733908521 0.04592220155401126 0.05217389982527239
1088 0.04799564905751011 0.03116465081869969 0.06409118255545664
1089 0.03882464025748102 0.04344247835334317 0.07330202562756588
1090 0.03171022233057524 0.05184342683523907 0.07296607577306648
1091 0.04405295981125518 0.05034943854192496 0.07756581435451801
1092 0.03872976647177993 0.05191069436932801 0.04894389974727536
1093 0.03268017846760646 0.03642033819649354 0.07337751336226438
1094 0.04315285488417104 0.03430631978203479 0.05964993709963738
1095 0.02282602311947945 0.02644988379896364 0.0625324554376047
1096 0.03395094695609774 0.02592168306674166 0.05647335708790671
1097 0.04912845544729966 0.06505773807939191 0.07326784653602071
1098 0.04314403919341065 0.04000717395547009 0.06966304699583345
1099 0.04523425726244875 0.03354034323175446 0.07084297419825591
1100 0.03351220114946545 0.05314590174901422 0.04515058460971445
1101 0.02271328852464852 0.0591973434544413 0.04384123614311785
1102 0.04306201400415351 0.04366054112233311 0.04498702206942459
1103 0.02605855888338512 0.04992919340294943 0.070894138869882
1104 0.04220004755254372 0.04855586728341349 0.05606685569736416
1105 0.03352237976858997 0.06756792154083958 0.05368047801273656
1106 0.05155940691465424 0.0449471517706672 0.0467891509389645
1107 0.04401213191243922 0.04230042078370577 0.05474759440246497
1108 0.04525963761971308 0.04139210153432485 0.0520283984753965
1109 0.02988801370287892 0.02780618945652715 0.07042909585984646
1110 0.02563161775397486 0.02992549477679831 0.07053672385075092
1111 0.04917245235230132 0.02481633969528802 0.07668863315537029
1112 0.04057211954363081 0.04784652729565948 0.06358524945780804
1113 0.0525698042855844 0.02532452362150329 0.0434008057883512
1114 0.04085596740487157 0.05414852735352889 0.07180536438584091
1115 0.03886756789909062 0.06131213813350452 0.05584066485600766
1116 0.04298277085856078 0.04740452910874911 0.0523270746138634
1117 0.04575294169549955 0.04487662758107289 0.05220365564520424
1118 0.03665444991028625 0.03699036216417865 0.05361309042931956
1119 0.03552342077469006 0.03627165557104239 0.04141313352902529
1120 0.0429730312269994 0.04867601774467427 0.07244188198725827
1121 0.0338275681093726 0.04108619893917341 0.07575028698239977
1122 0.05421022686052134 0.03990247443068036 0.07321343762986576
1123 0.06062890784564604 0.04909146866946812 0.06745506468278978
1124 0.02863404643616882 0.04378198113125747 0.06355954674956971
1125 0.04755562968854785 0.04501244329502823 0.07727355251984329
1126 0.02822878447230776 0.02848968401838909 0.0121462100066632
1127 0.05357654670350862 0.02745989582673437 0.07641250655556645
1128 0.05180391636317514 0.05052212875023872 0.06830647168385032
1129 0.05264480806523014 0.05128202854466943 0.0640054867615711
1130 0.04095131143617937 0.02784082286564156 0.06321491429544615
1131 0.02094277457158868 0.04159712485034376 0.0467832554298217
1132 0.01973649215098995 0.03557519412853152 0.06612083680847568
1133 0.04947523243184957 0.03277506928831936 0.05089412033088247
1134 0.03057043048063755 0.0347940075616471 0.0535275034350026
1135 0.04146068022060616 0.01141280748870366 0.04838910184172637
1136 0.03738109390049998 0.05951242768507511 0.06999675501845845
1137 0.04517039244967575 0.0309236481894352 0.06075178353353924
1138 0.04288071670948537 0.03561938857038582 0.07229409576723986
1139 0.06470378423093552 0.01251662667150229 0.01966584888839297
1140 0.04011542521501834 0.03014781609909299 0.05704682515655721
1141 0.04495478935524455 0.03003493265182032 0.05387760810696879
1142 0.03781128438207748 0.05272417342231032 0.06122089679976173
1143 0.03306720118371128 0.02645545439359552 0.07244003924850753
1144 0.03092944034367531 0.06765125307062368 0.06851484759542607
1145 0.02520630561120839 0.07037352800834135 0.06222327040566335
1146 0.01321772501940842 0.02222686967805085 0.0344932381141408
1147 0.04615388767685918 0.04967853729659204 0.07360831303772725
1148 0.03797076072005506 0.04537536974343123 0.04270523119456798
1149 0.05520883042724295 0.04164581108823572 0.05895425437048063
1150 0.06082640439122809 0.03987160565826519 0.05455522551359144
1151 0.01102114989465045 0.06816082679489455 0.01369418319226566
1152 0.05039878418788276 0.03320243506384563 0.0604878077831202
1153 0.04926387266167949 0.05380499809493449 0.04915890148939488
1154 0.0306522091196457 0.05106421782340875 0.05566982112751336
1155 0.04460590533575868 0.04691125587653028 0.06862978735122628
1156 0.04787306411463276 0.03583920576613322 0.05989819823078087
1157 0.01573027892990324 0.04980052642911156 0.07411116539330612
1158 0.0472765299164479 0.04788382718226004 0.05888669386633996
1159 0.04999484759229499 0.05792378283787675 0.07611865991249382
1160 0.03490554020534271 0.04667859625416806 0.0624524183585423
1161 0.04739269711252868 0.02832605337295229 0.07703457615868424
1162 0.04910194042652594 0.06441600840098979 0.06293459385776397
1163 0.06879529789856013 0.06512959832309173 0.05537146016895796
1164 0.0127997740376322 0.06704783290604349 0.06957394599040231
1165 0.01124216190675416 0.069421810756692 0.05700657125301555
1166 0.04513087065925935 0.04049477217050553 0.06438953020072093
1167 0.04706468568070767 0.0398418151034451 0.07748186290025413
1168 0.05818635497417615 0.0372859409592064 0.06948128570032525
1169 0.0288496402767898 0.03805783188496779 0.06222434771732972
1170 0.05050403222055808 0.03002279038163374 0.06563534200631758
1171 0.02930602509383071 0.05853403768231189 0.07482141202537865
1172 0.04421328354266432 0.05604362252603677 0.07015511521083624
1173 0.02663478625396704 0.0432657492551113 0.07253336192466917
1174 0.02078678195850083 0.04718386336683883 0.07666613941438521
1175 0.04807002369006501 0.0435765965541251 0.05723970772849005
1176 0.01450517774763893 0.03968808555470049 0.01432164667791512
1177 0.03899792583352693 0.05006224281160188 0.05623910966894387
1178 0.01133249433179847 0.027229600865047 0.04415476486466076
1179 0.03114477046776172 0.03625594316441993 0.07715705638130385
1180 0.03917905905748972 0.02801213124692795 0.05388260749375539
1181 0.03877418192672829 0.02290956502128438 0.06445811343407699
1182 0.04094948158416897 0.01930069744518267 0.06668328273193509
1183 0.06297653744123724 0.07044144902843689 0.009607185451520178
1184 0.05044331345085286 0.05890686059092343 0.06627504140561018
1185 0.03508623501764428 0.008761043779626894 0.07066317329749143
1186 0.02915953861640037 0.04061920489909702 0.05383896873771787
1187 0.05035135404178784 0.05239063556242999 0.04256762463947335
1188 0.04839342945422274 0.04804756272861987 0.06894656284279115
1189 0.02340583283959842 0.02413516968074712 0.07555428252842918
1190 0.02202084870767378 0.05167988151300273 0.06618194216253179
1191 0.04320076373109213 0.05780726188671275 0.06464823677022975
1192 0.04188645458197956 0.06227523603370837 0.06268368867134542
1193 0.024461516337935 0.03350791362816833 0.06280686644506212
1194 0.02060679186681912 0.03283146257652895 0.06051633560105863
1195 0.04578548275328865 0.0387573724067957 0.06117308123916377
1196 0.01012101650836001 0.01370522277758146 0.01070854801465853
1197 0.03526566730849888 0.0314144864250584 0.0732683464286903
1198 0.03224754306923339 0.02472530111729227 0.06368656030298556
1199 0.03269974461885362 0.02357040857581456 0.06951065853120472
1200 0.05329452227469852 0.02960069851531155 0.05941406435834234
1201 0.05740398241073597 0.04689221692443471 0.07359142170320969
1202 0.04841901430213973 0.04301595921348639 0.06489022171340729
1203 0.04275634479152107 0.03556792793660542 0.05010153054453234
1204 0.05279349577011309 0.03897481504466166 0.04763720768751757
1205 0.04356160582138861 0.0483980802984541 0.05915733653105561
1206 0.04221409473197606 0.03935008389702167 0.06615036338988681
1207 0.04414046002434861 0.04139511313440621 0.07720719190938943
1208 0.01639024297444537 0.04120060599574168 0.06485394712061798
1209 0.02719782432181528 0.04501745682932282 0.07738203357253821
1210 0.05162907814952022 0.04627232260576564 0.07357627418453518
1211 0.04922103107312469 0.02707952052367561 0.06400308778402192
1212 0.04074661034217614 0.05221692765716651 0.06685119265682168
1213 0.0227112146676916 0.05320823300567656 0.07350576375117084
1214 0.0422010660170964 0.02929787450105831 0.07748682748359365
1215 0.03725592922201491 0.0426261348202728 0.06453444566871554
1216 0.03022425814244695 0.03052253272788398 0.06499967906504399
1217 0.03424491721368107 0.04872457567602412 0.06767020212216629
1218 0.03202694257339858 0.02807628212336017 0.04257002094967461
1219 0.03480891921104366 0.03065277467964287 0.07647002372339123
1220 0.01256038927620021 0.01184183295523724 0.05035033512976516
1221 0.03013660543925998 0.04724691899476456 0.07714427365364475
1222 0.02904627931681804 0.05099697181198276 0.07701141896102136
1223 0.03505510422069296 0.03909717643020064 0.05864379108426557
1224 0.0533036932356795 0.04308193370983362 0.06147074262721668
1225 0.07161958054617398 0.03167046843580377 0.05766198281640297
1226 0.0310086982939168 0.04129303124631568 0.06157205288118853
1227 0.03149708554626052 0.04062274243428255 0.06773070568397976
1228 0.03062487912159175 0.0350740946470788 0.06909382306811626
1229 0.03046511170242153 0.03419899952447766 0.06113406931945364
1230 0.06150404025751924 0.02543349514085293 0.02820734131022284
1231 0.04099756179471683 0.04593771911131789 0.0774841256846598
1232 0.05033600838416024 0.0349191942993041 0.05530146321461219
1233 0.03507314753833327 0.03919411492169669 0.05372076216000724
1234 0.0458867505230711 0.06505160355783746 0.01339695779132354
1235 0.03833785968633299 0.04478522808356078 0.05689994415397213
1236 0.06550901342626246 0.01141021709296757 0.04649490692512177
1237 0.03703897544827207 0.03066887371476316 0.04517798988923951
1238 0.02740740547643843 0.0344340778445693 0.05618662928980975
1239 0.02180450428789109 0.03377029071525165 0.05414728078156542
1240 0.03375935424173197 0.05441603668766749 0.06414346889872852
1241 0.03131937371571923 0.05694725690069011 0.06981661521113619
1242 0.02611472122577116 0.05762553656919267 0.06872490282861975
1243 0.05196875042239132 0.04144611761901115 0.06880724473384341
1244 0.02646971122588767 0.03298007883990823 0.07240222258782623
1245 0.02343344639503997 0.03249660355862105 0.07427093007250674
1246 0.03860503190520305 0.02736945100335615 0.077531834578644
1247 0.03698436508590169 0.03188083841632591 0.06623373331857468
1248 0.03031587905019159 0.03722435165034874 0.05539457993346041
1249 0.03856774806905172 0.04645340977366272 0.06151822850722474
1250 0.03445902020195789 0.04547915476113412 0.05551010925997069
1251 0.05905421019184912 0.02409409318990152 0.04683725762217675
1252 0.03677648875884566 0.03313625525899423 0.06917557273272995
1253 0.04611710747231001 0.02774400667166411 0.0732301553578866
1254 0.04287022756160982 0.02447856551536529 0.07339512549423007
1255 0.04172557758105172 0.02409917614004483 0.07718822641284059
1256 0.04549914704493865 0.05340815610039796 0.06038288481677547
1257 0.06031805238586597 0.05373150881443246 0.06518689979365862
1258 0.03566153963510391 0.03666493212672938 0.06913826388187991
1259 0.04168463090308108 0.04229947890911465 0.07112200238161519
1260 0.05357123846458526 0.03800683525838885 0.05843583396028207
1261 0.02514003112072734 0.03752218132643827 0.04857940842233198
1262 0.03079271258404284 0.04982541732708772 0.06293528605964864
1263 0.05375104722228537 0.05973895359847177 0.07264295869562323
1264 0.03125669072089505 0.04377561059483545 0.06660563289430341
1265 0.03506201183494502 0.03923334398917361 0.07351962865442724
1266 0.0415428968059065 0.02536675897102495 0.06022292187005237
1267 0.01760611452339162 0.04897591336334779 0.05293473355113852
1268 0.04187759945514621 0.04097687472051069 0.04965301430929283
1269 0.04099910623584938 0.03753500371555682 0.05534469751174181
1270 0.04025021505589371 0.03123316558487181 0.06844700662426013
1271 0.03010083119064929 0.03662181363480838 0.0716356696428239
1272 0.04754969597039812 0.02880183823679327 0.05937340113812956
1273 0.03118517301366959 0.03127417366816511 0.05101648746174758
1274 0.02999585989116772 0.03629344648005504 0.04914479288334939
1275 0.04537923567097438 0.04332656322817446 0.06406855617549879
1276 0.02388229505133871 0.03934217682616234 0.06630233132853568
1277 0.06913771490866484 0.04277299150472157 0.04303562433656725
1278 0.05559898547734731 0.03357354155945238 0.07726676894722405
1279 0.05668155539413189 0.03473586994994851 0.07279590827821132
1280 0.03134813263557278 0.05944670828981984 0.06123093067023332
1281 0.02632552398985043 0.05655456473702417 0.0621243440289664
1282 0.03482970807898942 0.0275390674097334 0.06444310166328103
1283 0.03952566727504453 0.04460135130004429 0.0685164917040947
1284 0.03853605879312192 0.04021770322609018 0.07222429665812803
1285 0.04866665632986648 0.04770088253733842 0.06216356392381005
1286 0.03470294270347817 0.03707484872571642 0.05071397816358504
1287 0.03537326533610023 0.02826172423701076 0.06746074360218281
1288 0.04430688838429695 0.02607634501559816 0.06700135702482997
1289 0.04070710654202727 0.02567194823009273 0.0659957814128487
1290 0.03939982526038827 0.04266684665230425 0.05148036467342785
1291 0.0470218540759511 0.04181359923704192 0.06717037385281412
1292 0.0428036033890113 0.05362534166432422 0.0772135098324909
1293 0.03434018827620432 0.04957207742007308 0.06083127369840372
1294 0.03553387855959268 0.05048743286552539 0.07017308777260056
1295 0.03512786558852391 0.03277542488827973 0.06374567966275388
1296 0.05260909781508707 0.03623626008423545 0.07767800231665058
1297 0.03168128595313677 0.02877183611972456 0.07732967552385975
1298 0.03164374141961965 0.04292754116883524 0.07426266531777485
1299 0.05109564507291377 0.04017652385299302 0.05302685810228114
1300 0.04630877312466666 0.0343932684091698 0.06539619687019414
1301 0.04565235004700288 0.01386791052237926 0.07503102447081753
1302 0.02846737998400015 0.03677575816471425 0.06552444945459104
1303 0.0444524556492543 0.05356129912363343 0.0553338233590196
1304 0.04284670489243611 0.03443873478623815 0.06582932932362
1305 0.04190693679158194 0.04585197900824681 0.05801963902913991
1306 0.03952149153749301 0.03653495650725811 0.07338042238843162
1307 0.04935655459327342 0.03678559851237884 0.06590065065811783
1308 0.04190084808304469 0.03205798073581486 0.07740337871982031
1309 0.04478879816414422 0.02821095581624123 0.05746535624775701
1310 0.05093562281498138 0.03357506780132073 0.06839526330967932
1311 0.02935632955464017 0.05325688543273983 0.06269440495556547
1312 0.02493680605394957 0.04001240520021884 0.07382409956177276
1313 0.02622241308826058 0.03619424004271667 0.07372893233327071
1314 0.03715372125839906 0.01789857603101921 0.06286422984747628
1315 0.06148617474277362 0.0223324836877579 0.06293736953926585
1316 0.02738583207855312 0.04041005859576483 0.06773664811721915
1317 0.05087305366736661 0.0430615827629094 0.05551033763640128
1318 0.03721007497046609 0.01521305545490444 0.07533371517208504
1319 0.03913827114923062 0.03594113481668542 0.05772314622967328
1320 0.02456617922658956 0.04743750512524781 0.05136440525352554
1321 0.05549911717193587 0.04832150650304165 0.06758779370206708
1322 0.04907597564781065 0.04137526629590531 0.07341498302104824
1323 0.03712883123924386 0.01225571407481163 0.01612625175403767
1324 0.03068832798130965 0.067683965226567 0.04114963444631516
1325 0.03678658920519639 0.05266838100384489 0.07720292149381613
1326 0.0281768297212336 0.0277123294463031 0.06030510975869498
1327 0.04901044719376037 0.03916664374676323 0.06134173673874543
1328 0.03791389851078504 0.05651200763082536 0.05820806431904597
1329 0.0372978845699547 0.05963003425951953 0.06130433447283185
1330 0.04130216527444542 0.0345205209837158 0.04154548112593594
1331 0.05662498204417278 0.03019840050996467 0.06960437330999901
1332 0.03687755566569698 0.05570746643107446 0.06380171279774154
1333 0.03885449674748213 0.05802766393618345 0.06637296405619708
1334 0.05133468284835559 0.02643996452580319 0.05749164345924284
1335 0.05382238271124917 0.04929801170368562 0.07138751617625499
1336 0.05308815696775869 0.05417316600436654 0.0707068318611337
1337 0.05335215519798149 0.03114811026212895 0.07258369013351888
1338 0.04663671282078344 0.03153449343632387 0.07387838052506254
1339 0.0368990003897207 0.04842053433616414 0.05104349544955352
1340 0.03913779916350622 0.05721894642179677 0.07391642368984787
1341 0.04920732790038514 0.0710171158994994 0.0425456824922135
1342 0.03600723073480496 0.04881307160715034 0.06522687663466638
1343 0.02852673433696067 0.03228728439076808 0.04649088701886817
1344 0.04637716377756203 0.02640859750347525 0.05167024517538774
1345 0.04948470479726744 0.01627423676844359 0.06306786210639925
1346 0.05148798923387393 0.008860841718980182 0.05662411035859418
1347 0.03968517670903737 0.02853017940161716 0.07218421761033883
1348 0.00816464197955946 0.04134258609871261 0.05926991316870934
1349 0.05375350741041555 0.04481373310829883 0.06931454939650281
1350 0.05734206793645515 0.04202130863361293 0.07158841796906536
1351 0.0360632994600912 0.02331449845696584 0.05854468028376951
1352 0.04854729196190512 0.04255442140922279 0.0520677791927427
1353 0.02783977754823156 0.03623347706278923 0.0776941745100173
1354 0.01270519156061924 0.06644787704636576 0.04185969920896832
1355 0.03167246594846852 0.04586699291551882 0.07145060092009196
1356 0.04224558938394467 0.02945350807936206 0.05039422618489106
1357 0.04512689171085011 0.03286168334246511 0.0483188826495448
1358 0.04800278740504257 0.03161899414631839 0.06795246007420663
1359 0.04263168608301437 0.04361504750503538 0.05968108570790064
1360 0.03305938423219104 0.04936689589504636 0.04926126261911211
1361 0.02955350844423693 0.05035171675746013 0.05936086304666266
1362 0.05026521212297394 0.05020278133049787 0.07751013734227701
1363 0.04410732936590827 0.03881580297438782 0.05547193440864007
1364 0.04577772908837796 0.04484094348519378 0.07391296918628584
1365 0.04214488127547396 0.04927837129981102 0.06768015211374391
1366 0.0440670736367339 0.04452022495037339 0.07760164740677004
1367 0.04892019252173319 0.01979783709044184 0.07603171273950016
1368 0.03111457406906565 0.06777467655043809 0.01197880941521487
1369 0.007958111008337048 0.03546591863120072 0.05031292118584359
1370 0.03262546331039945 0.039722889048825 0.04884477809578013
1371 0.0397124327317457 0.04034644553790023 0.07785272180450932
1372 0.03106857735894353 0.03180917968283999 0.05553188421254684
1373 0.04842037899323588 0.03684897010742648 0.0709764515959911
1374 0.03763985191399052 0.04609597990062 0.07175122973235165
1375 0.04568914022494916 0.04120884814564573 0.07180043811843541
1376 0.03414085963032548 0.05392019122391262 0.07006879737870325
1377 0.05653582688747374 0.04940562025400384 0.01037697906479308
1378 0.03908285241482261 0.02526344916906019 0.07200720030075064
1379 0.02692090720558107 0.04206237340382495 0.05543829432292752
1380 0.05928282807953601 0.05127337913742416 0.07580968714312948
1381 0.06840135409183497 0.0235070171575002 0.03961440458475934
1382 0.01438027131224032 0.05348394198664545 0.06622745849738065
1383 0.07034085875914929 0.05101404381193519 0.03097827150742246
1384 0.0528008812274099 0.03735438539801401 0.04059651781232351
1385 0.05446575175230812 0.03784137161734109 0.03068259822625673
1386 0.0433288681512228 0.05316584658540949 0.07013671531653966
1387 0.04432232939176214 0.04518908766069178 0.0490911326888889
1388 0.04656662710668357 0.0467118315648954 0.04489023833810303
1389 0.04058397871277522 0.0363154866449805 0.06444523719485097
1390 0.04607914923861114 0.03253575598098886 0.05178369768282084
1391 0.04666300125743517 0.05163333279237675 0.07796424775796522
1392 0.05774875765259233 0.05797079694719163 0.04818494596323513
1393 0.04134352000050877 0.02468307345963934 0.05245499903178326
1394 0.02619442358193172 0.0388475062990126 0.06041088967375913
1395 0.02967059460863299 0.02376409562394279 0.06692049274190544
1396 0.03344749690837848 0.04138887088924597 0.06429870246857745
1397 0.03999765398783077 0.04049625568096772 0.06307205239491731
1398 0.06401990513168655 0.03547870450448287 0.06704119265925305
1399 0.03714760014928811 0.04082537335049695 0.06729542300764071
1400 0.04465460607107232 0.0298488617496782 0.06928236047384284
1401 0.04694243747255194 0.04768802148215651 0.05325010511393097
1402 0.02694287586937752 0.04679047773562301 0.07367587982089685
1403 0.05251778154183784 0.03957943016472517 0.06624870288512189
1404 0.01676701720563841 0.03090436700044778 0.06965379170628511
1405 0.04495534227697449 0.03860315622405491 0.04938692650259056
1406 0.0518222736207069 0.0398506265842942 0.07172098181892178
1407 0.04178621773323511 0.03784747197404889 0.06072886005000024
1408 0.05245450226866726 0.07289479414601607 0.06292362479988156
1409 0.04108080589858997 0.04684453474318961 0.07432448843222078
1410 0.03712778750887218 0.04778078872763288 0.05833237113338309
1411 0.03621668112429353 0.04570449116011902 0.07729694558298203
1412 0.05591214051342211 0.02494306284996761 0.05985167539904056
1413 0.02865922606446472 0.02874355022422467 0.0772921607878386
1414 0.03730356346484946 0.03590777986439423 0.06710964766849567
1415 0.04364780194122389 0.03298977537833966 0.07401572942115171
1416 0.02525744600220691 0.04359908545843616 0.0657754324710693
1417 0.04155990849544727 0.0268751591515282 0.05683911437459152
1418 0.04420560097134575 0.05518593764791093 0.0349189741021552
1419 0.03407738883250355 0.0509144666450995 0.07778265629677102
1420 0.03709323773206273 0.04210185230189107 0.05904059277054814
1421 0.03197456972185824 0.03657676306578302 0.06694991580638159
1422 0.06185954680589912 0.02904747111200246 0.07412065474889099
1423 0.05883656975907611 0.02376909423403087 0.07605898757156992
1424 0.06977840518107815 0.05762233833582669 0.0649040497942662
1425 0.06372138472523346 0.03671677483942152 0.06107491850389628
1426 0.05328498025496009 0.04506422195883218 0.05765726323094859
1427 0.0425776255279282 0.02844245891535676 0.07301092193206124
1428 0.02858190549252087 0.04243098252832996 0.06996128230081317
1429 0.05084799414180291 0.03083102107237801 0.07767294032394879
1430 0.05374271543473833 0.03346649539001909 0.0533193031140806
1431 0.03850931609623923 0.05205984751218987 0.0529717573496643
1432 0.02336373337259525 0.0394199762239675 0.07729184682279573
1433 0.02933502496373255 0.04750465844925099 0.05797520770279147
1434 0.03873906439484744 0.0328588773647347 0.06328570332619329
1435 0.05083981794090487 0.03778818272296717 0.0634083589626256
1436 0.02453396168955331 0.04702806381467253 0.06759485584205298
1437 0.03185348317196066 0.04788151029906097 0.06056719485797548
1438 0.04610746201583281 0.0259083559384726 0.06397809882319105
1439 0.009700345433507668 0.02658281627173665 0.06257815345267254
1440 0.05007879013295044 0.04192765324008026 0.07719073318138837
1441 0.04858025819262152 0.02284175486285668 0.06335947942356142
1442 0.04408929026152374 0.0508168374299764 0.04824371010486053
1443 0.04002346372272243 0.04738821466354596 0.06911122982315575
1444 0.04028829634747123 0.05164554301365305 0.06342522965230971
1445 0.04660676640828113 0.03562968095046155 0.07764675286890813
1446 0.04915741340511227 0.05112728977602292 0.0633131763731558
1447 0.04578152129906411 0.04691712647921324 0.07144804816027842
1448 0.04446363511751499 0.05727145646322469 0.06104596935763996
1449 0.04746436011363055 0.03856733084541013 0.05282773495929641
1450 0.05559305852520444 0.04243750676416901 0.05505002641064478
1451 0.03421166927970037 0.02863635915812171 0.05852595143452594
1452 0.03211883966376823 0.0313228566485003 0.05986918927419679
1453 0.04162426564042156 0.03167354991570867 0.06066243162114481
1454 0.04755912708895133 0.04334704360414435 0.07112645476191647
1455 0.05099369984362544 0.04932090373425126 0.05718718156890521
1456 0.05053963813291688 0.03806956155526256 0.05590292412946306
1457 0.06044896212514553 0.0406457627768479 0.06328836889464005
1458 0.0292296480437308 0.03110288351410858 0.07207566317059486
1459 0.02850779996713922 0.046971161418239 0.05477154371124948
1460 0.0456687134375024 0.03385526137731621 0.057891114387962
1461 0.04675858851365351 0.03107432761053611 0.05686142355994731
1462 0.04911821569148567 0.04429819620682967 0.07427191937921303
1463 0.06063063247276453 0.04645782316119633 0.06223125992636779
1464 0.01063849807310898 0.04122421518434066 0.07380201483061104
1465 0.05551771102632239 0.04506044684095918 0.06475727832723475
1466 0.05957362347674128 0.04500288921004075 0.06638151184778296
1467 0.04980993157071671 0.04392850553156801 0.06821878325763366
1468 0.04140105527850313 0.05140043380659375 0.05804227990653944
1469 0.009451793489430035 0.05142151648194886 0.05983919849027901
1470 0.03859833495247824 0.05182244303306181 0.07193917244132961
1471 0.03771220847498739 0.03178924940006485 0.0559668059456662
1472 0.05761821411490715 0.04252639430669388 0.04385736641104498
1473 0.04290093816532467 0.05511659550454019 0.07381086625845729
1474 0.04263324696684995 0.05702763637441994 0.07737668439401015
1475 0.0400425418618004 0.04866666604663047 0.05027621401999804
1476 0.032854848107171 0.04071551574200573 0.05946166349343756
1477 0.04618477075368325 0.05974993891581142 0.07646261643496298
1478 0.03969824362493598 0.03880756907309418 0.05318285082593739
1479 0.02895177616633936 0.04448698679408128 0.06037330088832019
1480 0.04524020700838932 0.03518895643328786 0.06134055912174451
1481 0.01021783432983726 0.05080050612156922 0.0412616091836014
1482 0.05929672286724502 0.03179854501282848 0.0646604343591262
1483 0.0278441857183434 0.009380759286926343 0.04858965333861471
1484 0.02272020253160089 0.01087466248916921 0.03818996864760243
1485 0.03239371135781585 0.03267693504675475 0.06768402370727811
1486 0.04138890370492097 0.04620853587301712 0.06117740361704774
1487 0.0384939451357602 0.05280215805367743 0.0580338839886281
1488 0.03799185686455216 0.04107275647616886 0.05373511878208679
1489 0.04338260692024274 0.03656340410609841 0.07530390148928302
1490 0.04122526329294752 0.05508828324828698 0.04474485260981006
1491 0.03838884363193729 0.02849784126500156 0.06618072132224495
1492 0.02953068484355456 0.03926827791129255 0.07762747456870173
1493 0.0315715742478878 0.03959299161957423 0.07277849182909242
1494 0.0368478277521251 0.05231889159747502 0.0556377567806525
1495 0.0317358829640771 0.06131283894287717 0.06844367049149715
1496 0.03153734213843354 0.06396422867552248 0.07500556262984685
1497 0.0246022918209622 0.07174265352628538 0.07356817578653323
1498 0.03434722917552687 0.02448051888130833 0.06634481460331212
1499 0.03238530980909577 0.02067294529639315 0.06547545257683761
1500 0.03599191247784461 0.03748889785440691 0.06158934156231698
1501 0.04110020189421949 0.03458890920019052 0.06949609595811458
1502 0.04266279149599744 0.04426643844194005 0.06894572753604399
1503 0.04096154104755591 0.05170855414861652 0.0738439470474364
1504 0.0300034057339524 0.0417504099648064 0.05794148159828877
1505 0.06271766307151706 0.0385449533766983 0.0486319857386165
1506 0.07088092269940953 0.03298368038752675 0.04673114573507669
1507 0.05324233796466585 0.05230946482291542 0.05944287423372938
1508 0.04705939063607961 0.02473990100053381 0.05855583442305677
1509 0.02197591328254353 0.04829791613025626 0.05734849444653409
1510 0.02768216351164025 0.02319894995933002 0.03529641367920958
1511 0.04645563513239598 0.02684235321886509 0.0695597597018171
1512 0.0445570240052874 0.02386625417334818 0.06936687099876557
1513 0.03741265896291223 0.03339257337971487 0.07453163964194619
1514 0.04746733602130191 0.03905429070149729 0.07371688233100405
1515 0.05845097786829385 0.0277932381066735 0.01129670258029616
1516 0.04805728816177318 0.05744826589813731 0.05346225572547543
1517 0.05017290494903481 0.04915359470106873 0.07430415300975238
1518 0.02992502402560968 0.04139315373471504 0.06441747463579783
1519 0.02668429853103984 0.01739316977287858 0.05944336246338267
1520 0.05515897047929636 0.0381623963993884 0.06685461989733445
1521 0.03610266992012398 0.02437216441712394 0.05326070224391196
1522 0.03078112515993141 0.05333419008442218 0.06887851410850018
1523 0.049632131706096 0.04679938530951447 0.07733998955582014
1524 0.05246631097916698 0.03914792816865598 0.07796977858797587
1525 0.04612719334139517 0.05538720278751492 0.07297987978082512
1526 0.03900712621922363 0.01892447351695285 0.05638105918026609
1527 0.02996394744885932 0.03323925991961198 0.03766591192397396
1528 0.03348723536646414 0.0412044871805315 0.07106655704285952
1529 0.05459601847926187 0.03715005450173749 0.06995633009800653
1530 0.04111914168379437 0.03150054829605965 0.05378014402825007
1531 0.01836522588790773 0.02832957444967716 0.05748247450745581
1532 0.03251481210629644 0.04665376942979069 0.04474611476711886
1533 0.02737869868023094 0.04928631217090426 0.06449846089400715
1534 0.05549167199591781 0.04232742258676381 0.06736734652084479
1535 0.0534904120901076 0.06175881122172383 0.05626759927711052
1536 0.0590932349141558 0.06709526059060425 0.05992088517332228
1537 0.04877414122353727 0.06863070583506801 0.05364688544170618
1538 0.02891507213402068 0.03261429960170742 0.06301729969364754
1539 0.03058681454926357 0.044630595508914 0.07780286535545435
1540 0.05474307055535749 0.0265608263012354 0.06854050135235855
1541 0.07283032370138733 0.04731542142175936 0.06935550775558329
1542 0.02021112573382674 0.04075181785117901 0.06788240820082014
1543 0.05301419234488861 0.03419231317351825 0.0633571973079078
1544 0.02047586095970183 0.03890992546019856 0.05275032914018595
1545 0.03560249522805846 0.02649111971187964 0.05940562405907729
1546 0.0566300927691351 0.03903279028998052 0.05696693003027509
1547 0.04972453014188275 0.04242867094303727 0.06151441536037026
1548 0.02894689480563904 0.04127343831813209 0.07372857259820736
1549 0.05054900734726306 0.03102108400958269 0.0708461383062588
1550 0.0334551226111699 0.03011122936830974 0.06294269989096433
1551 0.0505242465539177 0.04899622929086399 0.05273882919948716
1552 0.03539331154325089 0.03097605094489191 0.05163788944409022
1553 0.03811390291435136 0.03382855670628988 0.05320724585424019
1554 0.03833989241827768 0.03268196138877903 0.07743182162267061
1555 0.02748850096976223 0.05415939797736709 0.07703667299531254
1556 0.05190006797883003 0.0423738607380507 0.07427150516931874
1557 0.03474228415030529 0.05081650656849223 0.06343864912713297
1558 0.03686442380073986 0.05451431108936079 0.06696897901904976
1559 0.04229587407077763 0.03487046422129955 0.07809105899402381
1560 0.04754428336326819 0.03367030765401442 0.06225100676628521
1561 0.02080060755961053 0.04633725089017564 0.06321027966534412
1562 0.04344223827167056 0.04182008622071352 0.07372543531352195
1563 0.03403292651515557 0.04303977417043287 0.06111920231351645
1564 0.01984829684819851 0.04140630840895914 0.06049135046769775
1565 0.03991753933835913 0.03636096848745219 0.06771552295469992
1566 0.02863472208767075 0.03618386531760948 0.05928411632833393
1567 0.07020161789057636 0.05428801397630041 0.04602984147526411
1568 0.05850482057576735 0.02088276279191136 0.07069962307897906
1569 0.05999805646886507 0.03396290707560662 0.05831127161340734
1570 0.04904780279759812 0.04630841986974152 0.06555367637769924
1571 0.04091174368677174 0.05758317046973923 0.07059079871197374
1572 0.02844593776234983 0.04846333594260822 0.06863883637492459
1573 0.03807342016382552 0.05040311858271522 0.07504593961094952
1574 0.04142656377961736 0.03514571670993229 0.05312284616402274
1575 0.0256701342672626 0.04123508304077717 0.07761020969026235
1576 0.0724015477964379 0.050760191429217 0.05799885346411004
1577 0.05073074869520241 0.02851235024892537 0.05250646772402378
1578 0.02555537512886154 0.0416248406354419 0.05090167460396024
1579 0.03815635146571804 0.04809955014910496 0.07783245877852921
1580 0.03890372436962917 0.0264329557810151 0.05856901835551454
1581 0.03423705414011305 0.05134207982713059 0.05615855674272346
1582 0.03661507432951952 0.06011973284266918 0.07664696789394786
1583 0.05200886880409328 0.02536725358293357 0.06217047646139402
1584 0.04313303709989786 0.02602499698257879 0.06376755390308234
1585 0.05196173349837138 0.03145608172573057 0.06281127846654105
1586 0.05327334613599165 0.02857434112096674 0.06362636079114846
1587 0.04753446936308359 0.04489915502137169 0.06297972055317692
1588 0.04895549043098378 0.03389550047933583 0.0575664854419554
1589 0.03351732268281497 0.03361578710999458 0.06060501923494647
1590 0.01446273629464041 0.02649590293583218 0.01700511783366019
1591 0.07146606370567721 0.02494670480676137 0.06510382689402404
1592 0.03612853164740111 0.05430680173922091 0.07373970877652423
1593 0.02909844228054333 0.03363316133706437 0.07069976112592008
1594 0.05310508801163313 0.03370353414809105 0.05841750633803541
1595 0.06321851880165022 0.0403990230917816 0.07560113249975914
1596 0.05502422016422926 0.01176288264486223 0.01144347264089618
1597 0.03077587058569183 0.04378289407456522 0.05534176747242996
1598 0.02982934139532532 0.02780361980990759 0.0741230712634518
1599 0.03634909007428745 0.02091436517051057 0.07201720013169687
1600 0.04051188357041249 0.01825454577391826 0.0738467095678656
1601 0.01487865322268363 0.04210964409134296 0.05075028982486201
1602 0.02643907701393737 0.04262692165416804 0.05877649543017698
1603 0.02430907415211691 0.0412190600654266 0.06106524922660607
1604 0.03358739669609633 0.04759286365206831 0.0775714299463986
1605 0.0504465539257551 0.03571192218872214 0.07431147486120915
1606 0.05192922805411092 0.0517559711701835 0.07447223521058698
1607 0.03888756036072154 0.05049071268434396 0.05921666844310693
1608 0.04215257689276081 0.03195847544135481 0.06583266683381406
1609 0.03874894248866458 0.02541579903208336 0.075094588270982
1610 0.0349105356892232 0.02704528443717545 0.0260076196531431
1611 0.02559860555991496 0.04556050559317997 0.05621412427636104
1612 0.02961283870171975 0.04519093364635381 0.06919721586130649
1613 0.01906450659577341 0.02793193419791109 0.07559631627529197
1614 0.04512973636794852 0.02832749691357692 0.0781007816078059
1615 0.05390002540595339 0.02242194273660689 0.07620017658573665
1616 0.03797738708317312 0.04673576675488759 0.03470260473088086
1617 0.0402883051542214 0.03949479882167604 0.06858115863763029
1618 0.03180452075718613 0.03371425554852431 0.07763164421669363
1619 0.02689379902173756 0.04395710061469132 0.045053725716091
1620 0.02386529893373511 0.04119821962227142 0.03742620523738987
1621 0.05278767752047427 0.03151678976942133 0.075660543981661
1622 0.03793269450433613 0.03597542510459031 0.03485187289290841
1623 0.03894399489306423 0.02420320135666767 0.06883325261589662
1624 0.03728828903968284 0.04391650890276187 0.06690837230424046
1625 0.03590255934550356 0.0282898351533086 0.06165339339052019
1626 0.06301110412992034 0.0265741336339963 0.05621899626878579
1627 0.02059453245733597 0.03623930593577377 0.07715817148452085
1628 0.01593596047291196 0.03812698943101972 0.07605424479703771
1629 0.03654738234361517 0.03345203379216621 0.05873322881942532
1630 0.04675488729319017 0.04226891421995269 0.07806596344449564
1631 0.04152953068340004 0.03414717493390505 0.06254704508954091
1632 0.04463396623774474 0.04546796300241261 0.03911353583110214
1633 0.04364500572907051 0.04022444787946872 0.05898451572363866
1634 0.05582045191840684 0.03929646318895684 0.06124413008919889
1635 0.02585322533085484 0.0370022488877773 0.06403193964654059
1636 0.04340234113580369 0.03464174186589911 0.02720297104808534
1637 0.04350671891809052 0.04795089868935606 0.06290331167972413
1638 0.04150032240257339 0.02909641595804551 0.07019007243658924
1639 0.03521997573864513 0.0472443989868245 0.07430418394969295
1640 0.04541816762902555 0.0479516471178239 0.07818630502414266
1641 0.04056667065464362 0.05199240007499101 0.07761891144402486
1642 0.05584289138446855 0.03443767089905084 0.06662370723259105
1643 0.04538711590384369 0.0436126326481581 0.06104584912149044
1644 0.03298234527464241 0.03501679578130121 0.05612849696568848
1645 0.04533992591399438 0.0496067251594825 0.05547430915337237
1646 0.02943771800234721 0.03770334459880919 0.07461792776735215
1647 0.04551064286296487 0.04513692274186527 0.05835722907401514
1648 0.03065451766128081 0.05446964713585339 0.05205571810031696
1649 0.02989187392884549 0.05960503212654309 0.04776456838567164
1650 0.04764214039542081 0.05124632664995253 0.06844845871477061
1651 0.02815050628911106 0.03738377799799599 0.05217161352610126
1652 0.03682554406027239 0.03981180102590814 0.06429871525913991
1653 0.03385093901608641 0.04046149291382963 0.05161750140400384
1654 0.03463379562355808 0.02735611544453406 0.07789494979907514
1655 0.06184658108429646 0.02736466826214986 0.06767968342286415
1656 0.04327463390317023 0.01663375527256684 0.06324545442524532
1657 0.04186973940811552 0.03608138892298417 0.05794347236094711
1658 0.04979294175840655 0.03068865486707447 0.05847338532275093
1659 0.04006535929041578 0.04105296423099641 0.07468394631725979
1660 0.03088239571879152 0.04667885128403323 0.0644764902741807
1661 0.03854424958873458 0.04473124309551097 0.07816844828857027
1662 0.02772226373037491 0.04332877185591279 0.01330762474959405
1663 0.02909875359768172 0.04928353675221012 0.05205730880691731
1664 0.06873560461363708 0.06870603811936087 0.02414133038602033
1665 0.03625000467404144 0.0395049209215575 0.07779235878480623
1666 0.03730878475137375 0.027877586012328 0.05033374122595643
1667 0.05354135884943955 0.07290235078720837 0.07309182091615453
1668 0.02456830935872373 0.03577888118279671 0.077388101849113
1669 0.04877261313274883 0.04593293191875892 0.07129984621419864
1670 0.03187050530089303 0.02513160299151507 0.05937361529830933
1671 0.0273306538114836 0.02554201886775748 0.05721978134120507
1672 0.05011001967205941 0.03580086754741529 0.06166949054477645
1673 0.03324436016760974 0.03554799969556136 0.06987679198000459
1674 0.04307907920368203 0.05122374517741648 0.06108912812578902
1675 0.03733239167708516 0.02477081932980505 0.0776354417753856
1676 0.0344006668904719 0.0236899281742345 0.07716382223973717
1677 0.05147846438618382 0.04828576245736678 0.06296827590433755
1678 0.0535818465452112 0.04624271471251745 0.06223539424678872
1679 0.03166646581547231 0.04176616171683615 0.0779641083681501
1680 0.02657655907349792 0.03278880520219295 0.06915956789302964
1681 0.04235927753538168 0.04196182498636807 0.06415448465432125
1682 0.02924547572585502 0.05646392681111469 0.03962673608753293
1683 0.04608626420287012 0.05255122848395547 0.07495754583634798
1684 0.04982958232608159 0.03235785947636768 0.07397392893957835
1685 0.03303180802440657 0.04909024784135437 0.05339655452721073
1686 0.06973603164891332 0.03547790180941926 0.03328003116218289
1687 0.04070223127336998 0.0606797902642511 0.07682673039962438
1688 0.04154754243296607 0.03782839492601971 0.04823304272973247
1689 0.03849809939819538 0.04036902325730108 0.04829089469900293
1690 0.0371769807265361 0.02723356357465708 0.0696888177489383
1691 0.04084127776388038 0.04127072550809663 0.05956831474048062
1692 0.03832276636793237 0.03743184846175242 0.0772785386527598
1693 0.04800959722200052 0.04740821894093552 0.05586948973323443
1694 0.01793330444840747 0.01964800955205563 0.06251890544285135
1695 0.03732339840139182 0.0490498665162479 0.04606001411882499
1696 0.0562485344201337 0.03588676155467448 0.05954537150756321
1697 0.04461929987091558 0.02392379646239772 0.06158945892752945
1698 0.04680073966400406 0.0486552700843071 0.06688042156405448
1699 0.02100369198669008 0.03752993977364478 0.05741186268045731
1700 0.0354153101719876 0.02499977248768935 0.06230533615632337
1701 0.04435226805640014 0.05130635663430405 0.06745975698952675
1702 0.03312904126746759 0.0486127083966041 0.07252719999687074
1703 0.02521061585107755 0.02934770250800948 0.07729742996567736
1704 0.05139421072145423 0.05308032961795086 0.07752648495739949
1705 0.03315303274178133 0.03676001476265366 0.05367564207653425
1706 0.03267771370634193 0.03488052018708064 0.05112281097284462
1707 0.04803968682108489 0.03562634300736643 0.05310468357965206
1708 0.02432533279655026 0.04454351462078225 0.07131459512316346
1709 0.03225964338635462 0.05531779012230658 0.06082696551506302
1710 0.05577898097268063 0.0320947040192124 0.05714043277544629
1711 0.03758183045684732 0.04662763638610574 0.05437680553158809
1712 0.0265783679856341 0.02542840003425732 0.06468487548503893
1713 0.04257520727034501 0.0575141087424347 0.0553489409601798
1714 0.02788828122612307 0.02961238309637907 0.05551526002626632
1715 0.05850113321145955 0.02864954367504689 0.06043412908680469
1716 0.03206293592999764 0.04671210316118008 0.07440047768793434
1717 0.05317332404538092 0.0369570090916542 0.05517090056842511
1718 0.03662020644848132 0.07138082669678587 0.06528546193421372
1719 0.0472987382274321 0.0416773029357177 0.05958726661826696
1720 0.02739951291553041 0.06236620141531011 0.06431990765899172
1721 0.03079405292927419 0.04022428731585923 0.04546432121477931
1722 0.04618641230230763 0.04404798231371316 0.05516097578173957
1723 0.0235920808707954 0.05817384441132349 0.07554775204210198
1724 0.04540652909134339 0.0316446793400363 0.07806599597178547
1725 0.02661417277492124 0.04295138115093374 0.07527656551514145
1726 0.07000929556568471 0.01088019177559599 0.03032014138074273
1727 0.0531464861200261 0.03423067095575256 0.07456001829444088
1728 0.04273962761277588 0.04993236235866576 0.07510071276896374
1729 0.05639051669115042 0.03821112924582621 0.07246117532754533
1730 0.05678096574730546 0.04076338464714074 0.07481750225685486
1731 0.03434993171782218 0.05862786014888154 0.06412609390620809
1732 0.03884130516426822 0.03805792995275605 0.06264805625873664
1733 0.0524195696793439 0.03778517654452279 0.07492744327378691
1734 0.04118239696678671 0.03794956135317933 0.07056571039503427
1735 0.04761091242080213 0.05136952113888223 0.0579410130853779
1736 0.05028017371690927 0.05355961937451018 0.05750159260274557
1737 0.06494287229606376 0.04373900229435409 0.06656923633953654
1738 0.04258422489357173 0.02672771666527484 0.0781357423366424
1739 0.05089810357345907 0.04095503022050222 0.06370432651697717
1740 0.0306530108285398 0.02623210323142542 0.05377300477777493
1741 0.02799252992918299 0.0512285913675526 0.07363691363370146
1742 0.03326005146546506 0.05686468817670424 0.07699959344686783
1743 0.03375073823802192 0.03937611781004152 0.06240662820069128
1744 0.04123313726587408 0.06137167916598107 0.06897954938375303
1745 0.04011633973240571 0.0331661924407105 0.05104731409797538
1746 0.02601707541059565 0.04325665908778622 0.06189072395248026
1747 0.03173051227520608 0.05295258808195416 0.07762577840465446
1748 0.01800600013446461 0.04941438520552272 0.06923560270010061
1749 0.02432878719714985 0.02382956989398283 0.06926844667298906
1750 0.03573271499350208 0.0535463862966266 0.05840639596618653
1751 0.03287753764492995 0.05182438251547063 0.058714138221907
1752 0.05443992261345604 0.07007537166510629 0.02248357261906355
1753 0.04846880943112675 0.02263992669264701 0.05507239060407331
1754 0.05779608244829012 0.04602757889152273 0.05426735454555606
1755 0.06268897850325515 0.04704573497670839 0.05653463602517624
1756 0.05678903409880143 0.04273052051621356 0.04967111175139701
1757 0.02366089194506189 0.04865593684091987 0.0622798035377477
1758 0.05095023142252642 0.04671724351002355 0.06016701747344779
1759 0.03056677003029598 0.03571436961289075 0.06353145664136567
1760 0.04601308762799305 0.04042257884965397 0.05716897220321322
1761 0.05285898235153425 0.04334396079485008 0.07801968440419095
1762 0.04498780134801284 0.02568781274939123 0.05498426687302467
1763 0.03201368131361627 0.05528602899982797 0.07278781477022603
1764 0.04593307342110037 0.05147119792755445 0.05196092754012719
1765 0.03965030178854585 0.03024844520126746 0.07786427674644025
1766 0.03242888615103975 0.04178817613684631 0.0389913135884328
1767 0.02161443165408349 0.04107707263804164 0.07192997686245484
1768 0.03682155294350322 0.03767820674931378 0.07194028418573788
1769 0.03742969457009532 0.03859046215466866 0.06811860879618066
1770 0.03879213672884426 0.02987521458489637 0.06207998995902737
1771 0.0440017208947719 0.03287109778437455 0.05461462398973964
1772 0.03705847783126528 0.04877389235901941 0.07183506193150654
1773 0.06935028118700753 0.01436849464992258 0.05937091874434501
1774 0.03534677085700386 0.03289840873637977 0.07794328885201342
1775 0.03903786481580067 0.02282706943147379 0.06037533265489922
1776 0.0442684055856501 0.03040109515539479 0.07238295152578311
1777 0.03359248636624956 0.05899563043896363 0.05731816550832682
1778 0.03804211905058243 0.02683693854630303 0.0638091562493962
1779 0.04352238545101926 0.006852997719672745 0.07163161616228962
1780 0.04310643809254159 0.03889495081719543 0.07788730707792459
1781 0.05893308584964941 0.05146659877227559 0.05257179606022965
1782 0.05938490221061565 0.05884375867200443 0.05510849973743247
1783 0.04501495186695783 0.035512360277754 0.05322913730321296
1784 0.03252092593460857 0.03869135763997462 0.07798561272972679
1785 0.04477283034121472 0.03976424801276218 0.03434075660036639
1786 0.03509493153779246 0.0427959713505458 0.07787044626429707
1787 0.02105166832755581 0.04489100548418097 0.07165368941535265
1788 0.05186922498600223 0.01146823061312691 0.02659823701044671
1789 0.0359297993055963 0.02863886390698496 0.07552550283333757
1790 0.02992067229249739 0.04880946140274476 0.07449545585583567
1791 0.04252119736989421 0.04160379450510353 0.05694068432532942
1792 0.03040242455767373 0.030113360629836 0.0618565803856303
1793 0.01134177721582805 0.01139390109015129 0.02861255109833909
1794 0.04115211295441413 0.02275780762301881 0.009225281344566041
1795 0.06846624401301318 0.01160513727583222 0.01043960536634471
1796 0.04185993564511497 0.06346169260715696 0.04034102937447576
1797 0.03953797977145142 0.03070928275218773 0.06525496385817466
1798 0.06940118868099832 0.06313001626324667 0.07213803593872388
1799 0.0578108031491792 0.06570203719625163 0.07416545433587501
1800 0.03626119271962266 0.03639153844057938 0.07418255822331803
1801 0.04266004408435069 0.05603197697892256 0.06729940888924726
1802 0.05105710822159265 0.0549918920667635 0.06364158652521708
1803 0.05506227763443594 0.05956915890258217 0.06360053484983558
1804 0.03387698267795541 0.04483511687913547 0.07239843453440323
1805 0.03310844617605825 0.0441638245602945 0.06924478138676289
1806 0.06244800975767129 0.03062283457799496 0.048476637261033
1807 0.02514064385266561 0.04147030545488738 0.0708173919816304
1808 0.03724537427152884 0.0130068705756858 0.03505178080375092
1809 0.05273087915137722 0.04740952661427682 0.07745243917322171
1810 0.06975996602865875 0.04287696807423819 0.01041690647512484
1811 0.06185247466183053 0.04156867918701276 0.070787667948171
1812 0.04796026420333418 0.03030290760240895 0.05329819060814549
1813 0.02350483637703193 0.01257421493745361 0.0112891396438415
1814 0.0594607588975966 0.01014151879723224 0.07317061773437182
1815 0.0696139407178188 0.0106108515144312 0.06991045050781654
1816 0.02879811975907061 0.03240024091654073 0.07802947715210767
1817 0.03663547133446445 0.05179762130403282 0.04046226563935293
1818 0.0542303418141134 0.0510065983278761 0.07749904643897382
1819 0.04256892432093781 0.04792778080032239 0.0777378996173527
1820 0.05849525848868035 0.03927633421258008 0.0774277938067702
1821 0.04918738127823687 0.04027040308886532 0.05625430195025198
1822 0.04084725296141881 0.03333040858471387 0.0584632247705809
1823 0.05011407813130103 0.02809727902900199 0.07811239065276863
1824 0.04815334067153695 0.03311304430791206 0.07107262103033318
1825 0.05092023912437264 0.03797675248245865 0.05989012575389817
1826 0.02621093950580413 0.04693855173650152 0.0597437246849423
1827 0.03123730688175226 0.04969856282081252 0.07817114881371286
1828 0.03682790633729077 0.03682945425618672 0.05775640323923729
1829 0.03889652848796041 0.0553632009700909 0.07766040509967417
1830 0.0301223431393896 0.04001138280103389 0.07036308143482527
1831 0.03706389873896804 0.05020929827129913 0.0672609242372021
1832 0.02693689681950949 0.02565646214364411 0.07688500321150747
1833 0.03818293338058078 0.03128229779900571 0.07202796712524064
1834 0.03885464581156019 0.0283449628986798 0.07477599785995596
1835 0.04173637459055935 0.02546330311176935 0.06937565114280182
1836 0.01645468220408238 0.04848665168849212 0.06401722395193508
1837 0.05332112258055087 0.02800225224472359 0.07172818213630416
1838 0.02242266419383651 0.03238980922648822 0.07744555842884519
1839 0.0423880615681792 0.01848795902004194 0.04319686810825684
1840 0.05118441843058159 0.009230652560134205 0.03782604054621563
1841 0.04321285962136425 0.04533482790975279 0.07213403167635621
1842 0.02705616020155628 0.02121616383035167 0.05507475617867311
1843 0.0224619583057706 0.05074959833707628 0.03747563457302437
1844 0.03241490449998959 0.02012203947788393 0.06070185658530878
1845 0.05029459769203103 0.04838999887524917 0.07141654694679736
1846 0.04663587965418416 0.05970873687468493 0.06341147385027267
1847 0.04125066602518031 0.02683949162089585 0.07167994573390127
1848 0.05944576662611571 0.04298132885293865 0.05846346320175564
1849 0.04855892292817589 0.03956740801389718 0.04942097659293897
1850 0.0115838116543834 0.03270294088849168 0.07449586661880787
1851 0.03487456333446357 0.05425922920568403 0.07810538940346635
1852 0.04691393808183504 0.02868661261597209 0.06263429075724977
1853 0.04651957784454942 0.01262757428898759 0.06858466383687274
1854 0.03465067775919129 0.03094619568769753 0.06808082547722835
1855 0.007079114474758912 0.05831391022922931 0.05295322192145121
1856 0.03481043194978762 0.05316129486136197 0.0614263976839402
1857 0.04778902101222551 0.03937153878117016 0.06431072520928219
1858 0.03500813942142828 0.04215660403351767 0.05362875322487523
1859 0.03050850489651634 0.01352134405383942 0.07463295867360831
1860 0.009478461859931191 0.04135390036467745 0.02726252020043939
1861 0.03988680543782189 0.04711407424689206 0.05559894519817824
1862 0.04382169331898709 0.0358253554783949 0.04593680847658497
1863 0.03608418896987962 0.05554405945853171 0.04931473566658289
1864 0.03720306269715284 0.06187485000252394 0.0476937884821339
1865 0.03389626816244555 0.02700362381135812 0.06967215878261766
1866 0.05040907540013704 0.04383342440144046 0.05931077509844329
1867 0.05694772297769056 0.04767478192970002 0.07747049237933779
1868 0.03304194381991281 0.05456295428360637 0.06721825382169673
1869 0.03874616406693743 0.03070274078967369 0.0488584071593617
1870 0.0450303017750189 0.03980796709246553 0.04625924143390758
1871 0.04686806973310909 0.04830786102892337 0.06406740501410259
1872 0.04240778823256698 0.03995923628911502 0.07574670258819736
1873 0.03943859337920655 0.04126196419422357 0.0563696329345261
1874 0.01533669742637689 0.05796465418433881 0.05765874584136674
1875 0.02234604100151871 0.017138057610428 0.0531390238279936
1876 0.05373719444566982 0.0420332970779351 0.07113945550253715
1877 0.05165224252736954 0.06709516432087582 0.03352289580500296
1878 0.04978844064964705 0.05822784179773397 0.05965042253317096
1879 0.03999499560805347 0.04511857806179791 0.06492250542066609
1880 0.03726697332340057 0.02715329821475745 0.05643067971115228
1881 0.02443011581820064 0.05638519415126582 0.01094792027084714
1882 0.02625915984359661 0.02649377685145739 0.07172055226892682
1883 0.03253781227344057 0.02612041210882088 0.078100081355226
1884 0.009150408100733611 0.0716639444775051 0.02939306745999408
1885 0.03671843212103256 0.04411066020231456 0.06174128667261212
1886 0.03460864030489032 0.04405110264089804 0.06422334574525052
1887 0.04242926379178678 0.02977844661414755 0.06197027891778453
1888 0.03173266138685309 0.0379374897000776 0.0579257173188506
1889 0.02430020003564732 0.02775279828892369 0.06748047870380321
1890 0.04421513251571629 0.03658058377211577 0.07814359138939313
1891 0.02756304939669112 0.03019244673260832 0.0677820289734495
1892 0.04246888852956143 0.04761255394553475 0.07004272732285405
1893 0.03943516871787545 0.06054595517520375 0.07297810100728573
1894 0.03685379730561556 0.02983634220332664 0.07817683400724521
1895 0.03746622209691367 0.05061739367997428 0.07821843078129921
1896 0.02637046880770502 0.0438053167629502 0.06874684004224856
1897 0.05902051843871686 0.03389993579824258 0.05262251682396792
1898 0.04161804754458786 0.02276476052476876 0.06760747677260572
1899 0.0494317041102379 0.05348511848043126 0.06057935333770452
1900 0.04558851821313025 0.02280289397134371 0.07717336924459768
1901 0.01680307308996714 0.05731113627118279 0.03805386118258708
1902 0.05268101168758727 0.03363591999496578 0.07807453914353106
1903 0.05475673838343138 0.0304054880084443 0.07769911236994782
1904 0.007431285783076291 0.0515155143110433 0.07291810631763562
1905 0.03210848634881427 0.02836722115407127 0.06403597152311218
1906 0.01472445565777088 0.05759238501216589 0.07438941660924278
1907 0.04129052859289057 0.0422976083528606 0.07780161654710213
1908 0.02918075068269311 0.04449808669215687 0.07193233590094189
1909 0.02063699982734487 0.04307926807755084 0.07633557731952392
1910 0.03666339663661518 0.04090728704752122 0.07508999925311449
1911 0.04296199385921647 0.06413681586103741 0.07414752050160156
1912 0.04208378189764762 0.07119400533007177 0.07453923680848415
1913 0.06232039929465074 0.03649729785646609 0.07209656926246312
1914 0.0512493717177187 0.04222886327804487 0.04969312235213893
1915 0.07051454453751875 0.0261152835758153 0.01852788549880519
1916 0.01906427510373293 0.04245566867524716 0.05623628404750949
1917 0.05133244472942883 0.04662055944746114 0.05523020102697976
1918 0.0186303469767257 0.02538900225653857 0.06778087858094387
1919 0.0424085139060733 0.05069151015037186 0.01058834673041742
1920 0.04903789900732249 0.0414965375144993 0.04467065106392165
1921 0.04864757953920376 0.05415514635638923 0.07774311025079726
1922 0.04099525071767913 0.02447025506937527 0.06292467462097205
1923 0.03922795517941324 0.04469416804723808 0.05959670542053558
1924 0.0303673941518631 0.05450503384357139 0.07525455639770053
1925 0.05663909681891519 0.02611717670232224 0.07236669413710088
1926 0.02454314292397457 0.04698185433805412 0.0778442075274037
1927 0.03332276572267173 0.02724152922631634 0.07545008125347205
1928 0.03880742764377024 0.03625380502309157 0.05474263575225708
1929 0.03725664045052161 0.04511381761404273 0.05124802134103183
1930 0.03585420011642448 0.03910068072066413 0.04874911205310745
1931 0.0363884966089748 0.02430177177726364 0.07377799572804093
1932 0.02973137753362767 0.03913049466890436 0.05977234145596451
1933 0.02407561545866208 0.0454713427312013 0.07474738943151778
1934 0.0240761263854983 0.04334292387028706 0.07763200193647418
1935 0.04525245606439088 0.03099357102656088 0.06548309374021896
1936 0.02757758371335579 0.04861424460609626 0.07823428887968019
1937 0.06961481320674918 0.06964766797636791 0.04404461061322301
1938 0.05530891864824151 0.02800311412700462 0.03635034657783436
1939 0.03442887408776706 0.07083672676928947 0.07438984458957103
1940 0.02832751791512 0.03497679033214653 0.06776140214498777
1941 0.04016829466983225 0.05452895741986188 0.05904998704024668
1942 0.03410608015883073 0.0356069492971015 0.07818362899258538
1943 0.03359057222372255 0.04259833386931457 0.05713465276472851
1944 0.0521882211574865 0.03930105475278951 0.0188355886178405
1945 0.03418009442804421 0.03892823434198923 0.06868936412514222
1946 0.04838471847080969 0.02611209211358688 0.06124521779756377
1947 0.03993937258854385 0.03498576155330454 0.07808558611957822
1948 0.04457248031604161 0.03922281944204888 0.07360395437920998
1949 0.04223813864821947 0.03893120007721568 0.06345253946345612
1950 0.03142154606410249 0.04614599542432139 0.05254120021223998
1951 0.03430153792395193 0.03783294061627433 0.07145145484499654
1952 0.04375477526006991 0.04467255821047342 0.05418875384656684
1953 0.03501292609053657 0.02977503343068048 0.07076331290758853
1954 0.04342654989767377 0.04407414406019346 0.05673279621889806
1955 0.02921607232167661 0.05106962606828131 0.07023512133291374
1956 0.02873288948275581 0.02650408666490492 0.04749272038864136
1957 0.03648983768276997 0.03355895176455188 0.06160791833180044
1958 0.04857068736999282 0.03130798914780503 0.06147624936133154
1959 0.009144782977779268 0.05170356749026159 0.01005502683432516
1960 0.06063260827110441 0.04599588315802373 0.03507414384235868
1961 0.04454618541252036 0.04884348949135649 0.06587238815299364
1962 0.02859049783789908 0.04855393127501918 0.03061736966856614
1963 0.05118740870040885 0.02776549276722796 0.04821218820123224
1964 0.03213920112948747 0.04967596465042181 0.06974428824889504
1965 0.05292911839653681 0.03508010194666896 0.0674051749218549
1966 0.03255112812009424 0.03132655955490058 0.07781744167387797
1967 0.02745972856243559 0.05135606520302186 0.04635194883256994
1968 0.03095026548284122 0.02326465983968818 0.07766211503007134
1969 0.03313547565875405 0.0192620221609589 0.07631773126110963
1970 0.05370768761201663 0.03857922017452146 0.0636176814966605
1971 0.04141412368221814 0.04503210399188154 0.0496365967681824
1972 0.05610275134472856 0.05203721584575924 0.06746494173998925
1973 0.03971906457581051 0.07177118543751418 0.04504365510149902
1974 0.06933747515566015 0.057656893241635 0.01355147165144144
1975 0.04672637761545099 0.05618416988184085 0.06632385821112409
1976 0.03885240706702037 0.04986739677338526 0.06913173848581812
1977 0.01617909941024017 0.04350335968105522 0.07655376305321726
1978 0.05582577596177783 0.0535115246841316 0.0625790347383219
1979 0.04164300943288929 0.05785818859486964 0.05885221632177946
1980 0.04761494274807549 0.04912073885494903 0.07145858529132479
1981 0.03381194787596105 0.03057953303275227 0.04794391944636078
1982 0.0563572467875368 0.04321160389055795 0.077859916143178
1983 0.05002574648663266 0.05442967493057842 0.07415995662275468
1984 0.03122266492386596 0.04117382931256035 0.05160200245608776
1985 0.02606496529862909 0.03615697678243826 0.06131810256182658
1986 0.04367580096987285 0.02755225786552156 0.07559217240338122
1987 0.009286363680511426 0.05690473196059929 0.02792173795933797
1988 0.02684560142263262 0.03349164507700914 0.0603720589637029
1989 0.0324434159385525 0.03250547131722928 0.07423093411989728
1990 0.05757975261571407 0.03693979305116626 0.04689534463782057
1991 0.03745252803364352 0.05558924163910278 0.05483411554751953
1992 0.0376978814861423 0.03521892346395791 0.07113403487931856
1993 0.06060802172292817 0.05772852503700449 0.07524028704056993
1994 0.02640229276459527 0.03766712903661238 0.06762538917998191
1995 0.04082335465936731 0.04952674190895069 0.06123444348457211
1996 0.06772851775851195 0.04456247188831076 0.074697655135226
1997 0.04536487273524847 0.04180592755638198 0.06938129675634293
1998 0.04955079176236291 0.04560736955360291 0.05080650050556681
1999 0.04251903732575568 0.0301139732891532 0.04549637458161445
2000 0.07405774653092193 0.04227906200888334 0.0750298938291679
2001 0.0056190466502257 0.005555081647464127 0.03995075148060365
2002 0.03965247904882999 0.07378460431253631 0.005729418999213319
2003 0.04471723958984179 0.007660231366986302 0.007466300834163281
2004 0.00489089357821705 0.005204616230069464 0.01797692669025412
2005 0.06500282740933719 0.07500790892897334 0.07504139103823579
2006 0.005754288530330784 0.07336023546666755 0.04542938534022742
2007 0.07523233245683938 0.0752068481025802 0.02484353454860262
2008 0.07255676931144707 0.03287598445726441 0.007351308527768909
2009 0.005023646190414905 0.004985539427679648 0.06162813796545227
2010 0.07492919072454191 0.05468471053694263 0.00569179460631917
2011 0.007241278852563039 0.07430624273550808 0.06688243569126771
2012 0.06498946114272997 0.005273895548282614 0.00492171658736492
2013 0.07371601177096923 0.02519315336019878 0.07422499305647781
2014 0.01728421954108511 0.005613593578947766 0.005016037479285919
2015 0.07429681154774483 0.005111665546765932 0.04332372758263779
2016 0.03712640458185583 0.004106426060460434 0.07511667582394821
2017 0.07485583002065403 0.005049967450429169 0.06512195800261336
2018 0.07363738156759687 0.0741823584603255 0.05443969273299946
2019 0.07343566288960245 0.0187502895047269 0.006034273411066658
2020 0.07419770529570227 0.05537922680259461 0.07375698201566346
2021 0.006346735127064793 0.0620011346324548 0.07462737060260173
2022 0.005603854766414873 0.02555838161464916 0.07523005277850248
2023 0.03013384533755158 0.005732667790521092 0.07528377167683312
2024 0.05042310438107028 0.007141116566343152 0.073788488858041
2025 0.06635279847483742 0.004695849360365521 0.07515918897062221
2026 0.01454717036514876 0.07408060987046317 0.07472787059561367
2027 0.01890626194476788 0.07413040850398098 0.006806644745304468
2028 0.005231587867469683 0.005942791785397244 0.07434398746944607
2029 0.07541553688075397 0.06389055024231857 0.07571568434341956
2030 0.004853054556565495 0.06523766522045454 0.005311669064681527
2031 0.03173856581015132 0.007298070795820183 0.00620034251874713
2032 0.006889264529883823 0.03390576633122223 0.007172368743135087
2033 0.03126394254413459 0.07528135112462396 0.005302223853418774
2034 0.004746762853476178 0.004756796305833699 0.03048300869577741
2035 0.05463813694545867 0.005194457606768417 0.005087791160448444
2036 0.07452014322593097 0.005753550885775506 0.07472838108725929
2037 0.04872835750625126 0.07401989996766024 0.00551832910072025
2038 0.07361866650188352 0.006212077563752851 0.05492100618054106
2039 0.07432184183286053 0.005067897302951225 0.01553423099164501
2040 0.006352710674438468 0.07371606363867919 0.07466035809434811
2041 0.07314981873235307 0.07297832892001424 0.01431176029323632
2042 0.006061275741456692 0.01581723892221339 0.07483487699856559
2043 0.07278062091258881 0.07279219573666136 0.03370449135875107
2044 0.07435727738220459 0.07494251708311889 0.06430914964221755
2045 0.07403659639434942 0.06609034958417348 0.007029787683886853
2046 0.005495497095229718 0.005587736816380175 0.005625323102729406
2047 0.07428335566084876 0.005934044061976194 0.005526378048386961
2048 0.07417428557892032 0.07408350501662074 0.005966635894330592
2049 0.07364141718932095 0.07359808355371089 0.07451556886730058
2050 0.005044459049880304 0.004954181384180835 0.0493047755274193
2051 0.005778512950347789 0.07438099638141032 0.00553079272897907
2052 0.07378286476782202 0.01571535609222968 0.07466114418505147
$EndNodes
$Elements
10162
1 4 2 1 1 752 1190 995 1281
2 4 2 1 1 920 706 1109 1143
3 4 2 1 1 849 999 779 1089
4 4 2 1 1 1844 1526 825 1351
5 4 2 1 1 466 1091 1292 1391
6 4 2 1 1 640 1131 1261 832
7 4 2 1 1 622 1086 811 1570
8 4 2 1 1 1033 810 1601 1916
9 4 2 1 1 66 2024 592 67
10 4 2 1 1 1609 1254 850 1378
11 4 2 1 1 1255 439 1900 926
12 4 2 1 1 918 1081 749 1275
13 4 2 1 1 866 1353 498 1668
14 4 2 1 1 509 1167 1021 1445
15 4 2 1 1 870 1125 538 1523
16 4 2 1 1 779 999 849 1661
17 4 2 1 1 749 1081 918 1637
18 4 2 1 1 897 183 1236 1346
19 4 2 1 1 826 650 1020 1519
20 4 2 1 1 1362 1391 444 1921
21 4 2 1 1 1246 422 1255 1738
22 4 2 1 1 622 811 1188 1570
23 4 2 1 1 704 915 1373 1605
24 4 2 1 1 878 933 778 1755
25 4 2 1 1 834 1602 923 1611
26 4 2 1 1 617 1616 1632 1785
27 4 2 1 1 32 2051 2030 304
28 4 2 1 1 1002 1224 879 1634
29 4 2 1 1 650 744 842 1395
30 4 2 1 1 1181 1700 828 1778
31 4 2 1 1 198 1020 991 1185
32 4 2 1 1 538 1125 870 1440
33 4 2 1 1 775 954 1394 1602
34 4 2 1 1 2030 304 2051 1151
35 4 2 1 1 656 1351 1521 1526
36 4 2 1 1 869 707 1195 1760
37 4 2 1 1 466 519 1091 1391
38 4 2 1 1 732 1253 1161 1338
39 4 2 1 1 660 1461 1272 1658
40 4 2 1 1 1633 1719 1195 1760
41 4 2 1 1 828 1700 1282 1778
42 4 2 1 1 1058 1308 804 1415
43 4 2 1 1 1638 1833 1347 639
44 4 2 1 1 637 987 935 1233
45 4 2 1 1 1011 1170 734 1358
46 4 2 1 1 836 966 1335 1606
47 4 2 1 1 1001 804 1308 1415
48 4 2 1 1 848 928 914 1697
49 4 2 1 1 707 1633 1195 1760
50 4 2 1 1 909 1169 666 1302
51 4 2 1 1 1161 1253 804 1338
52 4 2 1 1 869 1195 1719 1760
53 4 2 1 1 909 775 1169 1394
54 4 2 1 1 610 877 1222 1936
55 4 2 1 1 704 1373 1073 1605
56 4 2 1 1 720 1271 941 1593
57 4 2 1 1 720 1093 941 1271
58 4 2 1 1 1402 1221 877 1209
59 4 2 1 1 693 841 1202 1570
60 4 2 1 1 654 1064 710 1257
61 4 2 1 1 1767 763 1312 1074
62 4 2 1 1 1045 818 934 1754
63 4 2 1 1 954 1602 923 1394
64 4 2 1 1 1638 1833 750 1347
65 4 2 1 1 1402 1221 1209 713
66 4 2 1 1 1255 1900 439 577
67 4 2 1 1 693 1086 841 1570
68 4 2 1 1 1142 1332 972 708
69 4 2 1 1 639 993 1270 1833
70 4 2 1 1 690 1444 1069 1674
71 4 2 1 1 875 1909 1174 1977
72 4 2 1 1 906 1254 1253 1427
73 4 2 1 1 32 2051 304 4
74 4 2 1 1 735 979 962 1047
75 4 2 1 1 68 2036 2025 352
76 4 2 1 1 820 1092 1339 1360
77 4 2 1 1 2025 352 2036 1815
78 4 2 1 1 732 1161 1067 1338
79 4 2 1 1 1228 1271 941 1673
80 4 2 1 1 1035 1036 434 1278
81 4 2 1 1 968 1372 782 1452
82 4 2 1 1 813 1867 1201 1063
83 4 2 1 1 1216 1550 978 1905
84 4 2 1 1 637 935 987 1223
85 4 2 1 1 1093 941 1271 1673
86 4 2 1 1 978 766 1216 1905
87 4 2 1 1 1402 1221 713 1790
88 4 2 1 1 634 983 844 1470
89 4 2 1 1 1219 1513 890 1774
90 4 2 1 1 181 651 826 1020
91 4 2 1 1 605 583 492 1823
92 4 2 1 1 42 2000 1541 126
93 4 2 1 1 722 1318 1301 1600
94 4 2 1 1 329 2000 603 1996
95 4 2 1 1 1219 890 1513 1197
96 4 2 1 1 1152 1588 1594 1658
97 4 2 1 1 885 724 1516 1713
98 4 2 1 1 1402 1221 1790 877
99 4 2 1 1 750 1270 985 1491
100 4 2 1 1 1140 1453 911 1822
101 4 2 1 1 68 2036 352 5
102 4 2 1 1 1541 2000 1004 126
103 4 2 1 1 1462 1523 1210 672
104 4 2 1 1 968 1372 1714 1238
105 4 2 1 1 26 2040 2011 259
106 4 2 1 1 634 1333 1571 1801
107 4 2 1 1 660 949 1461 1658
108 4 2 1 1 976 1015 720 1458
109 4 2 1 1 680 1046 831 1306
110 4 2 1 1 26 2040 259 3
111 4 2 1 1 466 1292 936 1391
112 4 2 1 1 935 987 777 1233
113 4 2 1 1 2026 2011 1164 2040
114 4 2 1 1 181 973 651 1020
115 4 2 1 1 744 980 842 1199
116 4 2 1 1 494 495 460 1784
117 4 2 1 1 349 1159 606 1477
118 4 2 1 1 941 1271 1228 1593
119 4 2 1 1 639 1270 937 1400
120 4 2 1 1 1804 1374 1012 907
121 4 2 1 1 295 1126 1590 1813
122 4 2 1 1 1259 1284 808 1617
123 4 2 1 1 1019 1585 767 1586
124 4 2 1 1 2045 302 2048 56
125 4 2 1 1 937 1400 1270 770
126 4 2 1 1 1526 1656 848 1314
127 4 2 1 1 855 1142 708 1332
128 4 2 1 1 1253 1254 926 1986
129 4 2 1 1 1416 1746 909 624
130 4 2 1 1 718 1038 1039 1891
131 4 2 1 1 1558 797 983 1376
132 4 2 1 1 1108 1363 741 1449
133 4 2 1 1 509 1021 398 1445
134 4 2 1 1 302 56 8 2048
135 4 2 1 1 1253 1427 1254 1986
136 4 2 1 1 498 866 497 1353
137 4 2 1 1 1067 1161 804 1338
138 4 2 1 1 439 926 1255 1738
139 4 2 1 1 782 1452 956 1589
140 4 2 1 1 634 844 983 1212
141 4 2 1 1 703 975 902 1578
142 4 2 1 1 906 1400 1253 1511
143 4 2 1 1 680 831 1046 1659
144 4 2 1 1 1432 1575 847 1934
145 4 2 1 1 427 1296 1278 1902
146 4 2 1 1 685 1363 1108 1449
147 4 2 1 1 1069 857 1070 1674
148 4 2 1 1 694 870 1210 1556
149 4 2 1 1 2045 302 1183 2048
150 4 2 1 1 807 1247 962 1434
151 4 2 1 1 1015 1244 720 1458
152 4 2 1 1 962 1247 807 1414
153 4 2 1 1 920 1143 1109 1865
154 4 2 1 1 2041 2045 1183 2048
155 4 2 1 1 1554 1513 1058 823
156 4 2 1 1 638 1140 911 1822
157 4 2 1 1 918 1202 781 1275
158 4 2 1 1 689 844 1120 1503
159 4 2 1 1 713 1908 1402 943
160 4 2 1 1 1219 1513 1774 1554
161 4 2 1 1 2012 305 2047 62
162 4 2 1 1 777 987 935 1223
163 4 2 1 1 918 1637 1081 865
164 4 2 1 1 1667 816 1017 1799
165 4 2 1 1 859 1264 1227 1428
166 4 2 1 1 850 1254 765 1378
167 4 2 1 1 1142 1487 1328 1941
168 4 2 1 1 1567 933 687 1277
169 4 2 1 1 1025 883 1369 1601
170 4 2 1 1 1247 962 735 1414
171 4 2 1 1 634 844 1114 1470
172 4 2 1 1 1057 1087 711 1290
173 4 2 1 1 1067 1161 491 1724
174 4 2 1 1 665 890 1513 1800
175 4 2 1 1 1058 1554 1308 772
176 4 2 1 1 994 1136 740 1495
177 4 2 1 1 702 1171 1241 1242
178 4 2 1 1 997 822 1317 1426
179 4 2 1 1 782 1229 1452 1589
180 4 2 1 1 2012 305 1795 2047
181 4 2 1 1 975 1379 833 1611
182 4 2 1 1 1247 735 962 1295
183 4 2 1 1 967 1045 1455 1507
184 4 2 1 1 689 1120 844 773
185 4 2 1 1 704 1373 915 1824
186 4 2 1 1 1253 1400 906 1776
187 4 2 1 1 1316 1302 666 1000
188 4 2 1 1 687 1383 996 1567
189 4 2 1 1 631 1170 1011 1358
190 4 2 1 1 698 888 633 1753
191 4 2 1 1 1400 1638 1270 770
192 4 2 1 1 1337 1727 1279 916
193 4 2 1 1 868 1336 1059 653
194 4 2 1 1 1029 769 1500 1828
195 4 2 1 1 699 833 1597 1034
196 4 2 1 1 305 62 6 2047
197 4 2 1 1 2014 303 2046 1196
198 4 2 1 1 665 890 1197 1513
199 4 2 1 1 1224 1002 1465 693
200 4 2 1 1 2014 303 57 2046
201 4 2 1 1 903 945 1150 1425
202 4 2 1 1 545 1111 926 1161
203 4 2 1 1 2046 57 2 303
204 4 2 1 1 639 1270 1400 1638
205 4 2 1 1 354 2049 44 2029
206 4 2 1 1 672 1125 960 793
207 4 2 1 1 939 1403 801 1520
208 4 2 1 1 698 914 848 928
209 4 2 1 1 673 952 1044 1112
210 4 2 1 1 931 1486 1249 1879
211 4 2 1 1 643 810 1132 1194
212 4 2 1 1 457 1422 751 1036
213 4 2 1 1 1004 2000 1541 1996
214 4 2 1 1 948 1178 658 1220
215 4 2 1 1 2029 354 2049 1798
216 4 2 1 1 912 1041 740 1376
217 4 2 1 1 643 1439 1531 1694
218 4 2 1 1 2049 44 7 354
219 4 2 1 1 622 1129 1086 1677
220 4 2 1 1 354 1017 2049 1798
221 4 2 1 1 1013 1513 890 1800
222 4 2 1 1 1449 1456 1299 1821
223 4 2 1 1 1151 257 2051 21
224 4 2 1 1 622 811 1086 1128
225 4 2 1 1 1316 1302 1000 1994
226 4 2 1 1 828 1498 1282 1700
227 4 2 1 1 650 842 744 989
228 4 2 1 1 1680 1940 1038 697
229 4 2 1 1 1444 1674 690 1995
230 4 2 1 1 652 1370 1286 1930
231 4 2 1 1 84 1146 1220 1793
232 4 2 1 1 1867 1982 1062 1063
233 4 2 1 1 620 952 1142 1293
234 4 2 1 1 952 1142 1293 1557
235 4 2 1 1 423 491 1161 1724
236 4 2 1 1 272 1944 1515 1377
237 4 2 1 1 699 1433 833 1034
238 4 2 1 1 915 728 939 1310
239 4 2 1 1 767 1585 1200 1586
240 4 2 1 1 403 1209 1539 1024
241 4 2 1 1 1057 1087 789 1711
242 4 2 1 1 863 1011 734 1358
243 4 2 1 1 257 21 4 2051
244 4 2 1 1 2036 5 39 352
245 4 2 1 1 650 1859 989 991
246 4 2 1 1 684 1403 939 1520
247 4 2 1 1 633 1626 1315 1773
248 4 2 1 1 2036 2052 352 39
249 4 2 1 1 787 1187 1418 1632
250 4 2 1 1 694 1349 1210 1335
251 4 2 1 1 673 931 1249 1879
252 4 2 1 1 915 939 728 1373
253 4 2 1 1 851 1470 1573 1592
254 4 2 1 1 397 1445 1067 1724
255 4 2 1 1 724 1153 1442 1490
256 4 2 1 1 770 906 1638 1835
257 4 2 1 1 1402 1908 927 943
258 4 2 1 1 839 1700 1181 1778
259 4 2 1 1 237 783 1163 1536
260 4 2 1 1 684 1520 939 1965
261 4 2 1 1 684 882 1435 1543
262 4 2 1 1 1804 1374 907 1639
263 4 2 1 1 1253 1400 863 1511
264 4 2 1 1 684 882 1307 1435
265 4 2 1 1 2036 2052 1815 352
266 4 2 1 1 831 1284 680 1306
267 4 2 1 1 84 1220 2001 1793
268 4 2 1 1 782 1589 956 691
269 4 2 1 1 1417 914 1393 1762
270 4 2 1 1 1247 1295 962 1434
271 4 2 1 1 985 1270 770 1491
272 4 2 1 1 939 1520 801 1529
273 4 2 1 1 2011 248 26 259
274 4 2 1 1 962 1389 807 1434
275 4 2 1 1 863 734 1011 1511
276 4 2 1 1 2026 2011 2040 259
277 4 2 1 1 1032 1770 886 1957
278 4 2 1 1 1438 1852 734 1211
279 4 2 1 1 1488 1083 1290 681
280 4 2 1 1 1488 1083 681 1858
281 4 2 1 1 221 2011 259 248
282 4 2 1 1 690 1069 947 1674
283 4 2 1 1 1196 288 28 2032
284 4 2 1 1 768 1531 948 1694
285 4 2 1 1 769 1389 962 1434
286 4 2 1 1 803 1015 976 1458
287 4 2 1 1 711 981 1107 1057
288 4 2 1 1 906 770 1288 1835
289 4 2 1 1 1792 1905 1550 1216
290 4 2 1 1 863 1400 734 1511
291 4 2 1 1 29 28 288 2032
292 4 2 1 1 1892 1061 641 1120
293 4 2 1 1 954 775 1504 1602
294 4 2 1 1 126 1004 785 1037
295 4 2 1 1 2032 1196 288 1590
296 4 2 1 1 655 1770 1032 1957
297 4 2 1 1 1246 1255 422 1675
298 4 2 1 1 15 2028 2042 355
299 4 2 1 1 457 1278 751 1903
300 4 2 1 1 1892 1061 1120 844
301 4 2 1 1 241 1234 1183 1752
302 4 2 1 1 782 1229 968 1452
303 4 2 1 1 397 391 1445 1724
304 4 2 1 1 908 1154 699 1433
305 4 2 1 1 1032 748 886 1770
306 4 2 1 1 844 689 1114 1503
307 4 2 1 1 1069 1444 1212 972
308 4 2 1 1 1163 1392 878 1782
309 4 2 1 1 998 909 1394 1603
310 4 2 1 1 807 1434 1389 1631
311 4 2 1 1 2028 2042 355 827
312 4 2 1 1 1641 1728 1503 1292
313 4 2 1 1 1015 1413 976 1816
314 4 2 1 1 622 811 1128 1188
315 4 2 1 1 866 1548 1312 1725
316 4 2 1 1 15 2028 355 1
317 4 2 1 1 1140 1453 742 911
318 4 2 1 1 871 1274 1286 1706
319 4 2 1 1 785 945 710 1576
320 4 2 1 1 886 742 1140 1453
321 4 2 1 1 650 989 744 1749
322 4 2 1 1 1873 1235 987 1420
323 4 2 1 1 744 1199 842 1395
324 4 2 1 1 1152 1594 1588 619
325 4 2 1 1 2044 260 2049 50
326 4 2 1 1 721 918 1275 1081
327 4 2 1 1 634 1114 844 1386
328 4 2 1 1 1043 1345 1049 986
329 4 2 1 1 881 811 1349 1467
330 4 2 1 1 707 1195 1156 869
331 4 2 1 1 821 1446 1285 1677
332 4 2 1 1 683 1406 1122 1529
333 4 2 1 1 744 932 980 1143
334 4 2 1 1 1852 1438 1946 1211
335 4 2 1 1 694 870 1062 1210
336 4 2 1 1 635 885 1516 1713
337 4 2 1 1 969 1733 1035 1524
338 4 2 1 1 1004 2000 1037 126
339 4 2 1 1 691 1500 769 1828
340 4 2 1 1 665 1197 890 1989
341 4 2 1 1 699 1597 1250 1034
342 4 2 1 1 652 919 1370 1930
343 4 2 1 1 886 1140 742 748
344 4 2 1 1 803 1244 1015 1458
345 4 2 1 1 680 1659 1046 1872
346 4 2 1 1 770 1638 985 1835
347 4 2 1 1 1037 2000 1004 1996
348 4 2 1 1 721 918 1081 865
349 4 2 1 1 791 2052 1815 1591
350 4 2 1 1 755 1461 949 1588
351 4 2 1 1 865 953 1283 1879
352 4 2 1 1 50 7 260 2049
353 4 2 1 1 714 945 1150 1848
354 4 2 1 1 1259 1617 1098 1734
355 4 2 1 1 939 1243 801 1403
356 4 2 1 1 1060 1269 981 1363
357 4 2 1 1 791 2013 1591 1037
358 4 2 1 1 1041 1470 851 1592
359 4 2 1 1 2044 260 1017 2049
360 4 2 1 1 241 2037 1183 1234
361 4 2 1 1 1081 1112 865 1637
362 4 2 1 1 969 1733 1524 780
363 4 2 1 1 2041 258 2048 1183
364 4 2 1 1 870 455 1761 1809
365 4 2 1 1 306 1126 295 1813
366 4 2 1 1 1857 1291 1202 1166
367 4 2 1 1 859 1428 1227 1830
368 4 2 1 1 1216 766 1030 1905
369 4 2 1 1 734 1011 917 1170
370 4 2 1 1 1032 1625 748 1770
371 4 2 1 1 1995 1674 1637 1205
372 4 2 1 1 1892 1061 844 1443
373 4 2 1 1 900 1177 709 1431
374 4 2 1 1 403 1209 1024 420
375 4 2 1 1 664 1645 1303 1735
376 4 2 1 1 1121 676 913 1786
377 4 2 1 1 366 1362 960 1391
378 4 2 1 1 680 1284 831 1659
379 4 2 1 1 1500 769 1029 1732
380 4 2 1 1 742 839 1130 1770
381 4 2 1 1 2041 258 45 2048
382 4 2 1 1 1567 933 1277 778
383 4 2 1 1 1002 1465 693 1534
384 4 2 1 1 776 1381 1236 1726
385 4 2 1 1 676 1786 1121 1910
386 4 2 1 1 988 1449 1456 1707
387 4 2 1 1 685 1449 1299 1821
388 4 2 1 1 744 1143 980 1199
389 4 2 1 1 1058 1554 1765 1308
390 4 2 1 1 1389 1434 769 1631
391 4 2 1 1 2048 45 8 258
392 4 2 1 1 909 1394 1169 1635
393 4 2 1 1 870 1809 1062 1210
394 4 2 1 1 648 1312 866 1548
395 4 2 1 1 1667 1017 816 1408
396 4 2 1 1 908 726 1293 1437
397 4 2 1 1 685 1107 1108 1363
398 4 2 1 1 844 1114 689 1386
399 4 2 1 1 2017 170 159 1815
400 4 2 1 1 1873 789 1235 1057
401 4 2 1 1 865 1502 1283 953
402 4 2 1 1 1995 1637 1674 690
403 4 2 1 1 1641 1728 1292 1091
404 4 2 1 1 655 1625 1032 1770
405 4 2 1 1 838 1226 1124 1479
406 4 2 1 1 741 1405 1108 1449
407 4 2 1 1 902 975 1320 1578
408 4 2 1 1 2004 212 2046 1196
409 4 2 1 1 1739 841 693 1224
410 4 2 1 1 497 1353 866 1492
411 4 2 1 1 1021 704 892 1514
412 4 2 1 1 715 983 1558 797
413 4 2 1 1 383 1051 1013 1942
414 4 2 1 1 781 1202 918 1570
415 4 2 1 1 766 1282 1198 1905
416 4 2 1 1 664 1104 893 1645
417 4 2 1 1 714 1150 945 1425
418 4 2 1 1 1013 890 1513 1774
419 4 2 1 1 947 1637 690 1674
420 4 2 1 1 876 1940 1680 697
421 4 2 1 1 1504 1186 954 1379
422 4 2 1 1 934 787 1472 1106
423 4 2 1 1 1277 1383 687 1567
424 4 2 1 1 737 1227 1264 1428
425 4 2 1 1 2004 212 9 2046
426 4 2 1 1 1328 1487 1142 1750
427 4 2 1 1 9 2 2046 212
428 4 2 1 1 791 2013 572 581
429 4 2 1 1 728 937 1300 1358
430 4 2 1 1 730 1622 819 1636
431 4 2 1 1 1994 1940 697 1302
432 4 2 1 1 741 942 1449 1783
433 4 2 1 1 448 866 498 1575
434 4 2 1 1 666 1302 1169 1759
435 4 2 1 1 1505 1756 1472 1990
436 4 2 1 1 2052 581 40 2013
437 4 2 1 1 1462 1523 672 1125
438 4 2 1 1 1857 1291 1166 1018
439 4 2 1 1 795 1374 1283 1443
440 4 2 1 1 791 2052 1591 2013
441 4 2 1 1 742 748 839 1770
442 4 2 1 1 857 1674 1444 1995
443 4 2 1 1 572 2013 791 1037
444 4 2 1 1 1061 1120 844 1503
445 4 2 1 1 726 1923 1885 1420
446 4 2 1 1 745 1372 956 1644
447 4 2 1 1 754 1149 997 1224
448 4 2 1 1 581 40 39 2052
449 4 2 1 1 1012 1283 795 1374
450 4 2 1 1 581 39 352 2052
451 4 2 1 1 1892 1061 1443 641
452 4 2 1 1 564 610 478 877
453 4 2 1 1 674 819 730 961
454 4 2 1 1 789 1290 1087 1057
455 4 2 1 1 688 1201 813 1380
456 4 2 1 1 572 2013 338 581
457 4 2 1 1 882 1170 1019 1310
458 4 2 1 1 404 1296 399 898
459 4 2 1 1 635 1115 885 1713
460 4 2 1 1 680 1259 1098 1734
461 4 2 1 1 720 890 1093 1179
462 4 2 1 1 693 841 1678 1224
463 4 2 1 1 698 897 896 1753
464 4 2 1 1 747 959 982 1714
465 4 2 1 1 915 1373 728 1824
466 4 2 1 1 478 564 877 1926
467 4 2 1 1 1520 1529 939 1965
468 4 2 1 1 1011 1253 863 1511
469 4 2 1 1 652 1007 919 1930
470 4 2 1 1 497 498 448 866
471 4 2 1 1 335 2052 352 1815
472 4 2 1 1 1300 1358 937 1935
473 4 2 1 1 931 1215 953 1879
474 4 2 1 1 665 941 1197 1989
475 4 2 1 1 638 911 1530 1771
476 4 2 1 1 701 1043 1049 1568
477 4 2 1 1 654 878 710 1064
478 4 2 1 1 923 954 817 1379
479 4 2 1 1 734 1170 917 1211
480 4 2 1 1 974 1072 712 1418
481 4 2 1 1 673 1215 931 1879
482 4 2 1 1 710 785 1541 1737
483 4 2 1 1 791 2052 2013 581
484 4 2 1 1 690 865 1044 1112
485 4 2 1 1 779 849 1089 1409
486 4 2 1 1 764 891 1304 1389
487 4 2 1 1 720 876 1244 1313
488 4 2 1 1 863 1400 1253 1776
489 4 2 1 1 699 1433 1154 1459
490 4 2 1 1 1740 1372 1273 1714
491 4 2 1 1 663 1202 1166 1857
492 4 2 1 1 1075 1869 1552 1981
493 4 2 1 1 717 1535 1537 1516
494 4 2 1 1 1035 1278 427 1296
495 4 2 1 1 949 1232 755 1588
496 4 2 1 1 1116 1764 1645 1401
497 4 2 1 1 404 1021 1296 898
498 4 2 1 1 772 1308 1058 1415
499 4 2 1 1 923 670 954 1394
500 4 2 1 1 817 695 923 1379
501 4 2 1 1 997 1149 822 1426
502 4 2 1 1 671 838 1660 1124
503 4 2 1 1 213 33 6 2047
504 4 2 1 1 866 498 1432 1668
505 4 2 1 1 664 947 1158 1735
506 4 2 1 1 1086 1129 1128 1321
507 4 2 1 1 1740 1372 1714 618
508 4 2 1 1 680 1046 1306 1489
509 4 2 1 1 881 811 1467 1669
510 4 2 1 1 2039 2047 33 213
511 4 2 1 1 515 374 1231 1366
512 4 2 1 1 1327 1825 1156 869
513 4 2 1 1 711 1117 1108 1387
514 4 2 1 1 226 243 240 1145
515 4 2 1 1 711 1057 1107 1952
516 4 2 1 1 835 1391 1362 1921
517 4 2 1 1 725 1115 1105 1777
518 4 2 1 1 468 605 1429 1903
519 4 2 1 1 717 1535 1516 1392
520 4 2 1 1 1438 1852 809 1040
521 4 2 1 1 720 1244 876 1593
522 4 2 1 1 671 838 1124 1479
523 4 2 1 1 618 1326 968 1714
524 4 2 1 1 734 1211 1009 1438
525 4 2 1 1 2039 2047 213 1795
526 4 2 1 1 66 2016 1779 171
527 4 2 1 1 2051 4 69 304
528 4 2 1 1 866 448 1024 1575
529 4 2 1 1 1242 1190 627 1281
530 4 2 1 1 956 957 748 1451
531 4 2 1 1 497 866 448 1492
532 4 2 1 1 991 1694 826 827
533 4 2 1 1 1681 1879 721 1081
534 4 2 1 1 738 1490 1418 1817
535 4 2 1 1 697 1038 1302 1940
536 4 2 1 1 32 2051 4 124
537 4 2 1 1 721 865 1081 1879
538 4 2 1 1 509 507 398 1021
539 4 2 1 1 954 1504 1379 1602
540 4 2 1 1 2027 2051 69 304
541 4 2 1 1 934 818 1551 1998
542 4 2 1 1 1523 672 1125 960
543 4 2 1 1 939 801 1243 1406
544 4 2 1 1 1418 712 1616 1072
545 4 2 1 1 709 893 1116 1475
546 4 2 1 1 272 271 1377 1515
547 4 2 1 1 2027 2051 304 1151
548 4 2 1 1 688 836 966 1335
549 4 2 1 1 764 1206 891 1389
550 4 2 1 1 538 424 1125 1440
551 4 2 1 1 124 2030 2051 1151
552 4 2 1 1 1231 1366 374 1907
553 4 2 1 1 564 1174 614 1213
554 4 2 1 1 1567 933 778 878
555 4 2 1 1 918 1570 1202 1587
556 4 2 1 1 839 742 1130 1266
557 4 2 1 1 1147 1091 1683 1728
558 4 2 1 1 94 1025 883 1369
559 4 2 1 1 1147 1091 1728 793
560 4 2 1 1 272 1944 1377 1919
561 4 2 1 1 1438 1852 1040 734
562 4 2 1 1 538 1125 535 1523
563 4 2 1 1 700 1334 1272 1658
564 4 2 1 1 447 498 497 1353
565 4 2 1 1 1169 1302 909 1635
566 4 2 1 1 1202 1275 1166 1291
567 4 2 1 1 2040 3 20 353
568 4 2 1 1 630 1116 1117 1401
569 4 2 1 1 680 1306 1138 1489
570 4 2 1 1 1032 1451 748 1625
571 4 2 1 1 886 1453 1140 1822
572 4 2 1 1 2024 1853 1779 1301
573 4 2 1 1 622 1128 1086 1129
574 4 2 1 1 956 782 1372 1452
575 4 2 1 1 886 769 1434 1631
576 4 2 1 1 745 1075 1118 1553
577 4 2 1 1 668 1026 1662 1962
578 4 2 1 1 1209 1221 877 1936
579 4 2 1 1 673 1044 952 1342
580 4 2 1 1 1112 1486 1249 1995
581 4 2 1 1 1177 1431 900 1494
582 4 2 1 1 756 995 1190 1281
583 4 2 1 1 686 846 922 1430
584 4 2 1 1 882 1965 1019 1543
585 4 2 1 1 1013 772 1306 1692
586 4 2 1 1 1186 954 1379 817
587 4 2 1 1 1292 1503 689 1728
588 4 2 1 1 1091 464 924 1819
589 4 2 1 1 1109 1143 706 1598
590 4 2 1 1 618 957 956 1451
591 4 2 1 1 970 1110 1109 1891
592 4 2 1 1 1435 1543 882 1672
593 4 2 1 1 399 898 1296 1902
594 4 2 1 1 926 1738 1614 1986
595 4 2 1 1 814 1249 1486 1995
596 4 2 1 1 663 1547 1202 1739
597 4 2 1 1 466 519 431 1091
598 4 2 1 1 174 1220 1484 1793
599 4 2 1 1 523 1422 457 1036
600 4 2 1 1 800 910 1101 692
601 4 2 1 1 624 929 860 1416
602 4 2 1 1 1086 1129 757 1677
603 4 2 1 1 741 1449 1363 1783
604 4 2 1 1 815 1162 1097 1184
605 4 2 1 1 855 1328 1142 1750
606 4 2 1 1 984 1527 1620 1766
607 4 2 1 1 2021 2040 20 353
608 4 2 1 1 2021 2040 353 1164
609 4 2 1 1 674 1938 961 1230
610 4 2 1 1 672 1364 1125 793
611 4 2 1 1 672 1125 1364 1462
612 4 2 1 1 969 694 1556 1761
613 4 2 1 1 1046 1306 772 1692
614 4 2 1 1 683 1122 1406 1733
615 4 2 1 1 1435 882 771 1672
616 4 2 1 1 1861 1087 1116 1057
617 4 2 1 1 2009 193 2050 1220
618 4 2 1 1 811 1321 1128 1335
619 4 2 1 1 955 1038 874 1538
620 4 2 1 1 735 979 1047 1421
621 4 2 1 1 673 1112 1044 1879
622 4 2 1 1 780 1073 1021 1514
623 4 2 1 1 879 1465 1002 1534
624 4 2 1 1 987 1235 726 1420
625 4 2 1 1 715 1142 972 1444
626 4 2 1 1 895 1403 1307 1435
627 4 2 1 1 515 371 374 1366
628 4 2 1 1 1424 1541 710 1576
629 4 2 1 1 2009 193 13 2050
630 4 2 1 1 939 1243 636 1406
631 4 2 1 1 882 1019 1965 1310
632 4 2 1 1 174 2050 2001 12
633 4 2 1 1 2050 13 12 193
634 4 2 1 1 781 1447 899 1454
635 4 2 1 1 673 1044 795 1879
636 4 2 1 1 174 2050 12 193
637 4 2 1 1 720 1271 876 1313
638 4 2 1 1 772 1001 1308 1415
639 4 2 1 1 601 614 317 1157
640 4 2 1 1 720 1015 976 1816
641 4 2 1 1 1177 1410 1711 1861
642 4 2 1 1 866 1548 1492 1646
643 4 2 1 1 782 1589 925 1229
644 4 2 1 1 764 891 1206 1018
645 4 2 1 1 908 1293 726 1410
646 4 2 1 1 1292 1391 1091 1683
647 4 2 1 1 538 1440 870 1761
648 4 2 1 1 1641 1728 1091 924
649 4 2 1 1 861 662 1329 1731
650 4 2 1 1 648 1548 866 1646
651 4 2 1 1 842 1020 650 1499
652 4 2 1 1 870 1523 455 1809
653 4 2 1 1 2009 214 2028 14
654 4 2 1 1 1451 1545 748 1625
655 4 2 1 1 813 1867 1063 357
656 4 2 1 1 464 1091 1641 431
657 4 2 1 1 1289 1491 1130 1778
658 4 2 1 1 624 1276 860 1542
659 4 2 1 1 745 1134 1372 1644
660 4 2 1 1 1003 1386 689 1525
661 4 2 1 1 836 694 1062 1210
662 4 2 1 1 793 1231 849 1366
663 4 2 1 1 900 709 1339 1431
664 4 2 1 1 779 924 1061 1573
665 4 2 1 1 2028 1 14 214
666 4 2 1 1 740 912 1241 1495
667 4 2 1 1 694 870 1556 1761
668 4 2 1 1 711 1087 1057 1116
669 4 2 1 1 2009 214 827 2028
670 4 2 1 1 1397 1215 758 1652
671 4 2 1 1 256 239 219 1354
672 4 2 1 1 962 979 621 1652
673 4 2 1 1 689 844 1386 773
674 4 2 1 1 770 1289 1288 1835
675 4 2 1 1 981 1060 1363 1791
676 4 2 1 1 713 1355 1908 943
677 4 2 1 1 491 1161 1067 1429
678 4 2 1 1 921 1234 712 1418
679 4 2 1 1 775 1124 1226 1479
680 4 2 1 1 1112 1249 952 1995
681 4 2 1 1 1681 1879 1081 931
682 4 2 1 1 917 1009 734 1211
683 4 2 1 1 1150 1546 977 1569
684 4 2 1 1 1302 1421 1000 1940
685 4 2 1 1 1006 1262 1005 1557
686 4 2 1 1 796 1262 1006 1557
687 4 2 1 1 1435 771 882 1307
688 4 2 1 1 1312 1548 1173 1725
689 4 2 1 1 866 1432 498 1575
690 4 2 1 1 2005 354 2049 80
691 4 2 1 1 365 960 366 1362
692 4 2 1 1 1386 1473 689 1525
693 4 2 1 1 466 1091 431 1292
694 4 2 1 1 638 911 1078 1822
695 4 2 1 1 692 792 840 1154
696 4 2 1 1 1108 1117 1107 1722
697 4 2 1 1 1202 1275 918 1587
698 4 2 1 1 1137 1272 809 1309
699 4 2 1 1 935 1705 1248 637
700 4 2 1 1 7 80 2049 354
701 4 2 1 1 629 1891 1109 1458
702 4 2 1 1 886 1140 1471 1822
703 4 2 1 1 741 981 1269 1363
704 4 2 1 1 690 1069 1068 947
705 4 2 1 1 1089 676 1374 1012
706 4 2 1 1 338 2013 572 1037
707 4 2 1 1 633 852 1251 1626
708 4 2 1 1 2005 354 1017 2049
709 4 2 1 1 742 839 748 1580
710 4 2 1 1 1183 302 74 2048
711 4 2 1 1 1289 1130 770 1584
712 4 2 1 1 8 74 302 2048
713 4 2 1 1 91 92 90 1348
714 4 2 1 1 1025 1481 628 1843
715 4 2 1 1 2019 305 2047 1795
716 4 2 1 1 391 1001 1445 1724
717 4 2 1 1 824 1670 1545 1700
718 4 2 1 1 882 728 1300 1358
719 4 2 1 1 671 838 1479 1437
720 4 2 1 1 740 1241 1171 1495
721 4 2 1 1 843 1650 1003 1701
722 4 2 1 1 624 860 1276 1416
723 4 2 1 1 786 1492 1548 1646
724 4 2 1 1 648 1173 1312 1548
725 4 2 1 1 1243 1403 939 895
726 4 2 1 1 937 1270 1608 770
727 4 2 1 1 2019 305 51 2047
728 4 2 1 1 1021 892 704 1445
729 4 2 1 1 1839 896 1079 1135
730 4 2 1 1 1339 900 820 1685
731 4 2 1 1 701 888 633 1345
732 4 2 1 1 737 1264 965 1612
733 4 2 1 1 1069 1444 972 708
734 4 2 1 1 1069 857 1674 1444
735 4 2 1 1 6 51 305 2047
736 4 2 1 1 617 1616 1622 1766
737 4 2 1 1 1088 1211 734 1852
738 4 2 1 1 1397 758 1215 931
739 4 2 1 1 1133 942 1357 1390
740 4 2 1 1 1591 785 1225 1398
741 4 2 1 1 874 1038 1302 1635
742 4 2 1 1 962 979 735 1414
743 4 2 1 1 621 979 962 1414
744 4 2 1 1 1203 1574 904 1783
745 4 2 1 1 752 627 1190 1281
746 4 2 1 1 661 880 1357 1862
747 4 2 1 1 1884 223 1151 22
748 4 2 1 1 182 1135 651 973
749 4 2 1 1 466 936 534 1391
750 4 2 1 1 1081 1275 1681 799
751 4 2 1 1 1868 1558 1240 912
752 4 2 1 1 146 996 1664 1383
753 4 2 1 1 799 1081 931 1681
754 4 2 1 1 1406 1733 1073 683
755 4 2 1 1 21 22 1151 223
756 4 2 1 1 1151 257 21 223
757 4 2 1 1 671 1262 995 1533
758 4 2 1 1 1057 1791 1107 1954
759 4 2 1 1 882 1300 1088 1358
760 4 2 1 1 796 1006 1071 797
761 4 2 1 1 1151 2051 124 21
762 4 2 1 1 271 1377 1515 1810
763 4 2 1 1 1105 1718 1145 662
764 4 2 1 1 2046 2 27 303
765 4 2 1 1 634 1470 1114 1041
766 4 2 1 1 1758 1426 1455 967
767 4 2 1 1 1196 2046 27 303
768 4 2 1 1 2010 291 2045 55
769 4 2 1 1 1779 1318 722 1185
770 4 2 1 1 568 751 1422 1423
771 4 2 1 1 690 1044 865 1365
772 4 2 1 1 1228 1000 1421 1940
773 4 2 1 1 830 1019 767 1586
774 4 2 1 1 796 1071 1217 797
775 4 2 1 1 1047 1589 925 691
776 4 2 1 1 900 1177 1410 1711
777 4 2 1 1 634 844 1212 1386
778 4 2 1 1 711 1107 1108 1117
779 4 2 1 1 906 675 1253 1254
780 4 2 1 1 1867 1982 1063 358
781 4 2 1 1 956 691 1065 1644
782 4 2 1 1 694 870 1761 1062
783 4 2 1 1 2045 56 55 291
784 4 2 1 1 838 1034 1226 1479
785 4 2 1 1 490 1067 491 1724
786 4 2 1 1 2045 302 56 291
787 4 2 1 1 2037 217 2002 1234
788 4 2 1 1 2010 291 1974 2045
789 4 2 1 1 780 1021 1167 1514
790 4 2 1 1 1126 1176 298 1590
791 4 2 1 1 948 982 658 1178
792 4 2 1 1 926 1161 1111 1253
793 4 2 1 1 356 813 357 1380
794 4 2 1 1 781 1275 1202 1291
795 4 2 1 1 295 1590 1196 1813
796 4 2 1 1 742 1266 839 1580
797 4 2 1 1 247 1536 1163 1017
798 4 2 1 1 428 427 1278 1902
799 4 2 1 1 1041 1114 851 1470
800 4 2 1 1 124 2030 1151 87
801 4 2 1 1 631 917 1011 1170
802 4 2 1 1 671 838 1437 1660
803 4 2 1 1 916 1279 683 1727
804 4 2 1 1 974 1368 712 858
805 4 2 1 1 1187 1490 1418 738
806 4 2 1 1 684 1307 939 1403
807 4 2 1 1 631 1019 1170 1310
808 4 2 1 1 1160 1293 726 1437
809 4 2 1 1 545 1161 926 1614
810 4 2 1 1 836 1517 1362 1606
811 4 2 1 1 745 957 956 1372
812 4 2 1 1 947 1205 1637 1674
813 4 2 1 1 630 934 1551 1998
814 4 2 1 1 1024 1492 866 1548
815 4 2 1 1 754 1149 1224 1634
816 4 2 1 1 1743 1563 1226 1396
817 4 2 1 1 890 720 1093 1989
818 4 2 1 1 618 956 957 1372
819 4 2 1 1 962 1047 979 1500
820 4 2 1 1 886 748 1032 1629
821 4 2 1 1 741 942 1405 1449
822 4 2 1 1 952 1112 673 1249
823 4 2 1 1 663 1166 1202 1275
824 4 2 1 1 1065 691 935 1644
825 4 2 1 1 2045 2048 169 56
826 4 2 1 1 660 1753 1508 1762
827 4 2 1 1 631 1358 1011 1549
828 4 2 1 1 2045 1183 291 1974
829 4 2 1 1 1156 1152 619 1672
830 4 2 1 1 183 897 1236 1840
831 4 2 1 1 796 1557 1006 797
832 4 2 1 1 864 1118 1075 1553
833 4 2 1 1 1221 400 913 1604
834 4 2 1 1 1300 1304 937 764
835 4 2 1 1 799 931 1397 1681
836 4 2 1 1 404 408 399 1296
837 4 2 1 1 381 999 378 1665
838 4 2 1 1 339 314 602 991
839 4 2 1 1 1873 789 1057 1488
840 4 2 1 1 631 917 1170 1586
841 4 2 1 1 931 953 1397 1681
842 4 2 1 1 895 1435 1307 1857
843 4 2 1 1 2018 247 2044 49
844 4 2 1 1 996 1383 145 1567
845 4 2 1 1 1156 1152 845 1588
846 4 2 1 1 770 1270 985 1638
847 4 2 1 1 686 922 846 1204
848 4 2 1 1 871 1286 1274 1370
849 4 2 1 1 704 1605 1021 898
850 4 2 1 1 796 626 1071 1660
851 4 2 1 1 903 945 1425 785
852 4 2 1 1 666 1000 1302 1421
853 4 2 1 1 1681 1879 931 953
854 4 2 1 1 623 1697 848 1922
855 4 2 1 1 1156 619 1152 1588
856 4 2 1 1 912 740 1241 1376
857 4 2 1 1 673 952 1249 1160
858 4 2 1 1 661 922 846 1133
859 4 2 1 1 796 626 1660 1048
860 4 2 1 1 2044 50 49 247
861 4 2 1 1 779 1231 849 1409
862 4 2 1 1 538 870 455 1761
863 4 2 1 1 694 1201 1063 1350
864 4 2 1 1 2044 260 50 247
865 4 2 1 1 997 754 1224 1547
866 4 2 1 1 2018 247 1163 2044
867 4 2 1 1 663 1327 1739 1857
868 4 2 1 1 911 1094 1078 1822
869 4 2 1 1 679 1573 1470 1592
870 4 2 1 1 938 1199 649 1498
871 4 2 1 1 813 1014 688 1380
872 4 2 1 1 2044 2049 167 50
873 4 2 1 1 247 2044 1017 1163
874 4 2 1 1 704 1067 1684 898
875 4 2 1 1 920 766 1287 1865
876 4 2 1 1 779 849 1231 1661
877 4 2 1 1 1272 1309 1137 1461
878 4 2 1 1 1085 1105 662 1718
879 4 2 1 1 1767 763 1074 696
880 4 2 1 1 254 2043 2007 47
881 4 2 1 1 1156 1560 1152 1672
882 4 2 1 1 782 1238 968 1566
883 4 2 1 1 893 1431 759 724
884 4 2 1 1 602 608 341 989
885 4 2 1 1 662 1115 1329 1777
886 4 2 1 1 147 1567 1163 1937
887 4 2 1 1 408 399 1296 1902
888 4 2 1 1 563 321 1496 1497
889 4 2 1 1 1558 1240 912 1332
890 4 2 1 1 977 1569 1696 1710
891 4 2 1 1 727 1054 1158 1175
892 4 2 1 1 1045 1064 967 645
893 4 2 1 1 923 670 998 1699
894 4 2 1 1 1166 1681 1275 799
895 4 2 1 1 1289 1778 1130 1922
896 4 2 1 1 863 1253 732 1338
897 4 2 1 1 814 952 1249 1995
898 4 2 1 1 380 1665 1371 1692
899 4 2 1 1 381 999 1665 1786
900 4 2 1 1 638 1140 1530 911
901 4 2 1 1 607 1174 1909 1977
902 4 2 1 1 47 48 218 2043
903 4 2 1 1 694 887 1349 1335
904 4 2 1 1 1060 1319 1657 1407
905 4 2 1 1 629 766 1109 1891
906 4 2 1 1 939 1403 1307 895
907 4 2 1 1 393 1679 913 1786
908 4 2 1 1 690 1068 1069 1701
909 4 2 1 1 1214 1308 401 1724
910 4 2 1 1 1243 1403 693 1534
911 4 2 1 1 381 384 378 999
912 4 2 1 1 909 998 1394 1635
913 4 2 1 1 1146 1484 1220 1793
914 4 2 1 1 757 1086 1677 1678
915 4 2 1 1 218 2043 48 1937
916 4 2 1 1 732 863 1549 1011
917 4 2 1 1 254 2043 47 218
918 4 2 1 1 995 692 752 1281
919 4 2 1 1 1324 1072 1682 858
920 4 2 1 1 1629 1319 1471 1065
921 4 2 1 1 999 1371 378 1665
922 4 2 1 1 1292 1728 1683 1091
923 4 2 1 1 624 1564 834 1603
924 4 2 1 1 98 1146 1025 1178
925 4 2 1 1 900 1339 709 1711
926 4 2 1 1 673 931 1215 1885
927 4 2 1 1 648 1312 1173 1807
928 4 2 1 1 939 636 1243 895
929 4 2 1 1 758 931 1029 1420
930 4 2 1 1 536 1968 527 1969
931 4 2 1 1 1115 724 885 1713
932 4 2 1 1 1307 1435 771 1857
933 4 2 1 1 1105 1115 662 1777
934 4 2 1 1 778 945 785 1576
935 4 2 1 1 670 1566 1985 1988
936 4 2 1 1 668 1662 1008 1962
937 4 2 1 1 333 1043 1568 1814
938 4 2 1 1 356 1014 813 1380
939 4 2 1 1 859 1264 1428 1612
940 4 2 1 1 734 1009 917 1011
941 4 2 1 1 1364 1454 1447 1669
942 4 2 1 1 1629 1471 1319 886
943 4 2 1 1 478 877 610 1936
944 4 2 1 1 663 1327 1547 1739
945 4 2 1 1 658 1178 1146 1220
946 4 2 1 1 781 1155 918 865
947 4 2 1 1 985 1289 770 1835
948 4 2 1 1 626 1572 965 1612
949 4 2 1 1 1743 1563 1396 758
950 4 2 1 1 636 971 1375 1997
951 4 2 1 1 1861 1087 1057 1711
952 4 2 1 1 886 769 1319 1629
953 4 2 1 1 1134 1273 745 1372
954 4 2 1 1 996 2043 236 1937
955 4 2 1 1 642 1791 1057 1954
956 4 2 1 1 892 1167 1021 1514
957 4 2 1 1 935 1065 745 1118
958 4 2 1 1 931 1081 799 1359
959 4 2 1 1 1498 1865 1287 766
960 4 2 1 1 715 972 1142 1332
961 4 2 1 1 740 1136 912 1495
962 4 2 1 1 1585 1088 1170 882
963 4 2 1 1 1942 1013 396 1774
964 4 2 1 1 711 1268 1290 1971
965 4 2 1 1 779 924 1573 1579
966 4 2 1 1 732 863 1338 1684
967 4 2 1 1 131 2052 40 2013
968 4 2 1 1 2013 131 2052 1591
969 4 2 1 1 1108 1352 1117 1722
970 4 2 1 1 384 999 381 1786
971 4 2 1 1 1214 401 1308 402
972 4 2 1 1 903 945 778 1150
973 4 2 1 1 1868 1558 912 1376
974 4 2 1 1 732 1549 863 1684
975 4 2 1 1 893 1442 1116 1475
976 4 2 1 1 690 865 1112 1637
977 4 2 1 1 663 1547 1054 1587
978 4 2 1 1 1000 1227 784 1421
979 4 2 1 1 836 1606 1362 1818
980 4 2 1 1 694 1350 1063 1730
981 4 2 1 1 685 1352 1108 1722
982 4 2 1 1 525 328 524 1704
983 4 2 1 1 662 1145 1144 1718
984 4 2 1 1 378 1371 380 1665
985 4 2 1 1 339 529 588 1859
986 4 2 1 1 681 1083 1653 1858
987 4 2 1 1 861 1136 994 1495
988 4 2 1 1 443 969 1035 1524
989 4 2 1 1 618 1451 956 1452
990 4 2 1 1 198 1020 1185 181
991 4 2 1 1 664 1158 947 1205
992 4 2 1 1 2027 257 2051 1151
993 4 2 1 1 743 1454 1364 1462
994 4 2 1 1 975 833 1379 1597
995 4 2 1 1 580 15 16 2042
996 4 2 1 1 1085 1537 885 1973
997 4 2 1 1 1418 1490 644 1817
998 4 2 1 1 714 1546 1150 1569
999 4 2 1 1 2042 580 15 355
1000 4 2 1 1 2022 2042 580 16
1001 4 2 1 1 639 937 1270 1501
1002 4 2 1 1 728 882 1310 1358
1003 4 2 1 1 808 1016 905 1284
1004 4 2 1 1 2022 2042 1022 580
1005 4 2 1 1 423 490 491 1724
1006 4 2 1 1 342 2042 827 355
1007 4 2 1 1 704 1021 1073 1514
1008 4 2 1 1 984 1131 832 1261
1009 4 2 1 1 1221 913 400 1539
1010 4 2 1 1 342 2042 355 580
1011 4 2 1 1 694 881 1210 1349
1012 4 2 1 1 905 1016 808 1769
1013 4 2 1 1 1280 1329 662 1731
1014 4 2 1 1 1066 1143 706 1953
1015 4 2 1 1 685 1108 1107 1722
1016 4 2 1 1 752 1561 1190 1836
1017 4 2 1 1 2024 1853 1301 1043
1018 4 2 1 1 1500 1957 962 1047
1019 4 2 1 1 786 1492 1024 1548
1020 4 2 1 1 1340 1474 736 1687
1021 4 2 1 1 1641 1728 924 1503
1022 4 2 1 1 637 935 1223 1888
1023 4 2 1 1 1585 1088 882 1958
1024 4 2 1 1 682 1499 1198 1844
1025 4 2 1 1 1198 1282 824 1905
1026 4 2 1 1 875 1767 1542 1787
1027 4 2 1 1 1708 1787 847 1933
1028 4 2 1 1 648 866 1313 1646
1029 4 2 1 1 1158 1175 1054 1647
1030 4 2 1 1 1488 1083 1858 789
1031 4 2 1 1 931 1359 799 1691
1032 4 2 1 1 1009 1011 734 1511
1033 4 2 1 1 666 1227 1396 1518
1034 4 2 1 1 1063 1201 1062 1867
1035 4 2 1 1 2020 2029 130 1798
1036 4 2 1 1 666 1396 1226 1518
1037 4 2 1 1 1051 1093 890 1179
1038 4 2 1 1 630 1117 1116 1387
1039 4 2 1 1 701 830 1315 1412
1040 4 2 1 1 564 1174 877 1926
1041 4 2 1 1 1504 1186 1379 1597
1042 4 2 1 1 626 965 1264 1612
1043 4 2 1 1 750 1491 985 1690
1044 4 2 1 1 2020 2029 43 130
1045 4 2 1 1 834 1564 923 1603
1046 4 2 1 1 2020 1014 576 1798
1047 4 2 1 1 721 953 1502 865
1048 4 2 1 1 735 1047 955 1421
1049 4 2 1 1 652 1286 1007 1930
1050 4 2 1 1 765 1182 862 1600
1051 4 2 1 1 632 801 1534 1520
1052 4 2 1 1 143 1230 1915 1726
1053 4 2 1 1 1693 1647 1722 1175
1054 4 2 1 1 2019 286 2008 52
1055 4 2 1 1 63 355 314 827
1056 4 2 1 1 1166 799 1195 1949
1057 4 2 1 1 400 487 1221 1539
1058 4 2 1 1 660 1461 949 1812
1059 4 2 1 1 1318 842 1185 1859
1060 4 2 1 1 517 924 516 1579
1061 4 2 1 1 660 1344 1577 1753
1062 4 2 1 1 286 52 53 2008
1063 4 2 1 1 365 960 1362 1523
1064 4 2 1 1 610 1222 877 1555
1065 4 2 1 1 630 1387 1116 1442
1066 4 2 1 1 1458 920 706 1109
1067 4 2 1 1 1062 1809 836 1210
1068 4 2 1 1 935 777 1118 1233
1069 4 2 1 1 745 1471 1552 1553
1070 4 2 1 1 367 1125 960 1523
1071 4 2 1 1 666 1169 909 1518
1072 4 2 1 1 622 1285 1446 1677
1073 4 2 1 1 1066 1865 1143 1953
1074 4 2 1 1 2019 1515 1795 1915
1075 4 2 1 1 1067 1445 1001 1724
1076 4 2 1 1 695 1131 1320 1578
1077 4 2 1 1 912 1241 678 1868
1078 4 2 1 1 750 985 1270 1638
1079 4 2 1 1 784 1000 1228 1271
1080 4 2 1 1 635 1162 1085 1192
1081 4 2 1 1 944 1254 850 1255
1082 4 2 1 1 640 832 1025 1131
1083 4 2 1 1 769 1657 1319 1407
1084 4 2 1 1 633 1236 897 1251
1085 4 2 1 1 742 748 1140 1580
1086 4 2 1 1 1866 1317 997 1175
1087 4 2 1 1 707 1078 988 1460
1088 4 2 1 1 1515 2008 1810 1915
1089 4 2 1 1 735 955 1047 774
1090 4 2 1 1 1792 1905 1216 1030
1091 4 2 1 1 1339 1360 1092 1695
1092 4 2 1 1 876 1228 1000 1271
1093 4 2 1 1 1409 849 1089 641
1094 4 2 1 1 1515 2008 1915 2019
1095 4 2 1 1 632 879 1002 1534
1096 4 2 1 1 717 783 1392 996
1097 4 2 1 1 45 46 251 2041
1098 4 2 1 1 881 1462 1210 1669
1099 4 2 1 1 649 1199 938 1599
1100 4 2 1 1 650 853 768 1095
1101 4 2 1 1 666 1047 979 1421
1102 4 2 1 1 2041 2045 2048 169
1103 4 2 1 1 838 1396 1226 1563
1104 4 2 1 1 393 400 386 913
1105 4 2 1 1 2037 262 1234 2002
1106 4 2 1 1 331 523 1036 1037
1107 4 2 1 1 1158 1693 1645 1735
1108 4 2 1 1 2041 2007 46 251
1109 4 2 1 1 517 516 924 464
1110 4 2 1 1 2041 2007 251 1664
1111 4 2 1 1 509 1167 507 1021
1112 4 2 1 1 1044 1112 865 1879
1113 4 2 1 1 1047 1229 925 1589
1114 4 2 1 1 251 1183 2041 1664
1115 4 2 1 1 366 368 1391 1640
1116 4 2 1 1 1108 1363 1107 981
1117 4 2 1 1 741 1363 1108 981
1118 4 2 1 1 2041 2048 45 169
1119 4 2 1 1 366 1391 960 1640
1120 4 2 1 1 478 1926 877 1936
1121 4 2 1 1 852 1626 633 1773
1122 4 2 1 1 377 380 1371 1692
1123 4 2 1 1 2040 75 3 353
1124 4 2 1 1 2026 2040 353 75
1125 4 2 1 1 1693 1647 1175 1158
1126 4 2 1 1 1648 1663 1967 1360
1127 4 2 1 1 411 1411 1050 1579
1128 4 2 1 1 400 913 393 1539
1129 4 2 1 1 665 1093 890 1800
1130 4 2 1 1 1554 1058 1513 772
1131 4 2 1 1 1530 1553 856 1471
1132 4 2 1 1 1488 1083 789 1290
1133 4 2 1 1 954 1238 670 817
1134 4 2 1 1 723 751 1331 1422
1135 4 2 1 1 930 740 1592 1763
1136 4 2 1 1 693 1349 1243 1534
1137 4 2 1 1 968 1238 782 1372
1138 4 2 1 1 538 455 569 1761
1139 4 2 1 1 631 916 1019 1310
1140 4 2 1 1 865 1637 690 1961
1141 4 2 1 1 633 897 963 1251
1142 4 2 1 1 659 1304 1300 891
1143 4 2 1 1 684 882 1543 1965
1144 4 2 1 1 1248 1566 1888 954
1145 4 2 1 1 1029 1319 1060 1407
1146 4 2 1 1 2026 2040 1164 353
1147 4 2 1 1 734 1288 1009 1511
1148 4 2 1 1 1131 695 1267 1601
1149 4 2 1 1 922 1251 646 1806
1150 4 2 1 1 26 2040 3 122
1151 4 2 1 1 720 876 1271 1593
1152 4 2 1 1 1115 1192 662 1329
1153 4 2 1 1 770 958 1130 1797
1154 4 2 1 1 1761 455 565 1809
1155 4 2 1 1 900 1581 820 1685
1156 4 2 1 1 988 1078 755 1460
1157 4 2 1 1 903 945 785 778
1158 4 2 1 1 1003 868 1650 653
1159 4 2 1 1 658 948 1220 1875
1160 4 2 1 1 675 1111 790 732
1161 4 2 1 1 647 1187 787 1960
1162 4 2 1 1 955 1216 1038 1538
1163 4 2 1 1 716 934 1045 1551
1164 4 2 1 1 708 1142 1328 1941
1165 4 2 1 1 918 1155 781 1698
1166 4 2 1 1 884 1719 1633 1760
1167 4 2 1 1 770 1130 1491 1797
1168 4 2 1 1 708 1142 855 1328
1169 4 2 1 1 1327 1672 1156 1825
1170 4 2 1 1 1109 1110 970 1882
1171 4 2 1 1 1054 1547 841 1587
1172 4 2 1 1 1048 1217 795 1342
1173 4 2 1 1 718 1038 1193 1039
1174 4 2 1 1 1447 1454 781 1669
1175 4 2 1 1 1558 1240 1332 715
1176 4 2 1 1 926 1253 675 1254
1177 4 2 1 1 881 811 1669 1210
1178 4 2 1 1 1018 895 1307 1857
1179 4 2 1 1 420 1209 1024 1575
1180 4 2 1 1 1483 658 1220 1875
1181 4 2 1 1 658 1220 1146 1484
1182 4 2 1 1 925 1047 691 1500
1183 4 2 1 1 1530 1471 1180 1140
1184 4 2 1 1 926 1111 545 1900
1185 4 2 1 1 801 1403 1243 1534
1186 4 2 1 1 325 1993 598 1263
1187 4 2 1 1 288 295 298 1590
1188 4 2 1 1 658 982 948 1875
1189 4 2 1 1 934 787 1106 1187
1190 4 2 1 1 813 1867 357 1380
1191 4 2 1 1 974 1368 858 234
1192 4 2 1 1 647 787 1187 1418
1193 4 2 1 1 874 1169 1302 1759
1194 4 2 1 1 1276 1316 909 1416
1195 4 2 1 1 610 1222 480 1936
1196 4 2 1 1 2039 33 34 206
1197 4 2 1 1 540 320 604 1723
1198 4 2 1 1 1330 1237 730 1999
1199 4 2 1 1 246 2027 1368 1151
1200 4 2 1 1 881 811 1210 1349
1201 4 2 1 1 1088 1358 1300 1935
1202 4 2 1 1 206 2039 33 213
1203 4 2 1 1 911 1137 742 1309
1204 4 2 1 1 694 887 1201 1350
1205 4 2 1 1 661 846 922 1204
1206 4 2 1 1 413 411 1050 1579
1207 4 2 1 1 1235 1711 1410 1861
1208 4 2 1 1 698 888 1753 928
1209 4 2 1 1 935 637 1248 1888
1210 4 2 1 1 1048 796 1342 1160
1211 4 2 1 1 636 1073 939 1406
1212 4 2 1 1 650 1395 842 1499
1213 4 2 1 1 698 848 914 1526
1214 4 2 1 1 2039 213 206 1795
1215 4 2 1 1 636 971 1373 1514
1216 4 2 1 1 34 2039 206 1726
1217 4 2 1 1 926 1111 675 1253
1218 4 2 1 1 774 978 1216 1550
1219 4 2 1 1 517 464 924 1641
1220 4 2 1 1 720 890 1179 1618
1221 4 2 1 1 1614 401 1724 1214
1222 4 2 1 1 732 863 1011 1253
1223 4 2 1 1 748 957 956 1471
1224 4 2 1 1 956 957 745 1471
1225 4 2 1 1 515 1366 1231 1819
1226 4 2 1 1 455 870 538 1523
1227 4 2 1 1 748 1032 956 1451
1228 4 2 1 1 941 1093 720 1989
1229 4 2 1 1 874 1302 1169 1635
1230 4 2 1 1 696 1208 875 1542
1231 4 2 1 1 949 1588 1461 1658
1232 4 2 1 1 720 1244 1015 1313
1233 4 2 1 1 1081 1486 931 1879
1234 4 2 1 1 1139 2039 206 1795
1235 4 2 1 1 497 496 1353 1492
1236 4 2 1 1 622 1059 1129 1446
1237 4 2 1 1 1772 779 1573 1639
1238 4 2 1 1 931 758 1215 1885
1239 4 2 1 1 710 1257 1064 1463
1240 4 2 1 1 1155 1188 781 1698
1241 4 2 1 1 1504 1186 1597 637
1242 4 2 1 1 872 1082 1084 1950
1243 4 2 1 1 726 1235 987 1250
1244 4 2 1 1 987 1235 789 1250
1245 4 2 1 1 636 1373 1073 1514
1246 4 2 1 1 655 978 1282 1287
1247 4 2 1 1 1214 1765 1058 1834
1248 4 2 1 1 1147 1091 793 960
1249 4 2 1 1 1210 811 1335 1349
1250 4 2 1 1 659 1608 1040 1935
1251 4 2 1 1 374 1366 373 1907
1252 4 2 1 1 876 1244 1313 964
1253 4 2 1 1 942 1203 904 1783
1254 4 2 1 1 999 1786 676 1910
1255 4 2 1 1 517 1641 924 1895
1256 4 2 1 1 899 1447 1364 1454
1257 4 2 1 1 202 2038 1773 2017
1258 4 2 1 1 828 985 1491 1690
1259 4 2 1 1 727 1175 1158 1693
1260 4 2 1 1 681 1083 1290 1689
1261 4 2 1 1 37 36 210 2038
1262 4 2 1 1 1303 1645 950 1735
1263 4 2 1 1 510 1440 1167 1630
1264 4 2 1 1 828 1289 1181 1778
1265 4 2 1 1 816 1408 1017 1536
1266 4 2 1 1 742 1137 911 1453
1267 4 2 1 1 665 1833 1252 1992
1268 4 2 1 1 930 740 1042 1592
1269 4 2 1 1 1285 1570 841 1677
1270 4 2 1 1 1416 1746 624 901
1271 4 2 1 1 2038 2015 36 210
1272 4 2 1 1 90 753 1348 1469
1273 4 2 1 1 957 745 1273 1372
1274 4 2 1 1 515 369 1366 1819
1275 4 2 1 1 966 1336 1335 1606
1276 4 2 1 1 386 913 400 1604
1277 4 2 1 1 780 1440 969 1556
1278 4 2 1 1 669 1103 877 1402
1279 4 2 1 1 666 979 1047 1743
1280 4 2 1 1 1162 815 1192 1846
1281 4 2 1 1 772 1415 1058 639
1282 4 2 1 1 1376 1592 740 1763
1283 4 2 1 1 704 1067 1001 1338
1284 4 2 1 1 1231 1409 793 849
1285 4 2 1 1 720 1618 976 1989
1286 4 2 1 1 638 1078 911 1771
1287 4 2 1 1 1296 1524 1035 1733
1288 4 2 1 1 696 946 763 964
1289 4 2 1 1 694 1761 1982 1062
1290 4 2 1 1 925 782 1229 1566
1291 4 2 1 1 202 2038 2017 37
1292 4 2 1 1 517 924 1579 1895
1293 4 2 1 1 691 1223 925 1500
1294 4 2 1 1 1461 1588 845 1658
1295 4 2 1 1 675 906 1253 1511
1296 4 2 1 1 430 1829 1325 1851
1297 4 2 1 1 953 1215 931 1397
1298 4 2 1 1 904 1771 1390 1783
1299 4 2 1 1 700 1272 1334 1946
1300 4 2 1 1 431 1292 1091 1641
1301 4 2 1 1 708 1191 1192 1333
1302 4 2 1 1 828 1491 1287 1690
1303 4 2 1 1 542 1829 430 1851
1304 4 2 1 1 1267 1509 1033 1916
1305 4 2 1 1 1072 1324 974 858
1306 4 2 1 1 186 889 1808 1323
1307 4 2 1 1 664 893 1104 1468
1308 4 2 1 1 497 496 447 1353
1309 4 2 1 1 1156 845 1152 1560
1310 4 2 1 1 1331 1337 1279 916
1311 4 2 1 1 192 2038 1236 1773
1312 4 2 1 1 2038 2015 210 1236
1313 4 2 1 1 819 1385 674 1636
1314 4 2 1 1 2037 262 2002 72
1315 4 2 1 1 556 1157 601 317
1316 4 2 1 1 633 1049 701 1345
1317 4 2 1 1 775 909 1169 1518
1318 4 2 1 1 1019 1310 916 1965
1319 4 2 1 1 806 1344 625 1963
1320 4 2 1 1 960 1125 367 1640
1321 4 2 1 1 631 1170 1019 1586
1322 4 2 1 1 972 1444 1142 708
1323 4 2 1 1 378 377 380 1371
1324 4 2 1 1 1008 1843 1620 1962
1325 4 2 1 1 2037 262 72 284
1326 4 2 1 1 1048 795 1012 1624
1327 4 2 1 1 1235 1305 814 1923
1328 4 2 1 1 623 848 1181 1922
1329 4 2 1 1 1021 1167 892 1445
1330 4 2 1 1 766 1198 1282 1498
1331 4 2 1 1 802 1279 1035 1729
1332 4 2 1 1 1293 1856 1751 1005
1333 4 2 1 1 1299 1449 846 1456
1334 4 2 1 1 666 979 1227 1421
1335 4 2 1 1 72 73 2037 284
1336 4 2 1 1 736 1172 1571 815
1337 4 2 1 1 856 1552 1471 1553
1338 4 2 1 1 1156 1327 771 1672
1339 4 2 1 1 735 1421 955 1485
1340 4 2 1 1 1183 2037 73 284
1341 4 2 1 1 866 1312 1575 1725
1342 4 2 1 1 1304 764 1300 891
1343 4 2 1 1 630 1442 1187 1388
1344 4 2 1 1 764 1389 1304 1565
1345 4 2 1 1 410 1246 1214 1738
1346 4 2 1 1 288 1196 295 1590
1347 4 2 1 1 129 1381 1726 1236
1348 4 2 1 1 881 636 1243 1406
1349 4 2 1 1 1504 1186 637 954
1350 4 2 1 1 745 1118 1075 1286
1351 4 2 1 1 807 1389 962 1414
1352 4 2 1 1 720 890 1618 1989
1353 4 2 1 1 2037 284 1183 1234
1354 4 2 1 1 659 1040 1608 958
1355 4 2 1 1 215 5 38 2036
1356 4 2 1 1 1088 1170 882 1358
1357 4 2 1 1 694 1122 969 1556
1358 4 2 1 1 1166 1195 891 1949
1359 4 2 1 1 787 1385 647 1960
1360 4 2 1 1 1048 1012 795 907
1361 4 2 1 1 68 2036 5 215
1362 4 2 1 1 186 1788 1323 1808
1363 4 2 1 1 1577 1430 1133 949
1364 4 2 1 1 1177 814 1410 1861
1365 4 2 1 1 1758 1455 1426 727
1366 4 2 1 1 936 1391 1292 1683
1367 4 2 1 1 412 1050 1604 1419
1368 4 2 1 1 1061 1443 1374 1772
1369 4 2 1 1 546 493 547 1111
1370 4 2 1 1 684 1307 882 1965
1371 4 2 1 1 714 1457 945 1848
1372 4 2 1 1 669 1174 1157 1787
1373 4 2 1 1 650 990 989 1749
1374 4 2 1 1 1293 1751 908 1437
1375 4 2 1 1 922 646 1251 1113
1376 4 2 1 1 622 1570 1285 1677
1377 4 2 1 1 814 1305 1235 1861
1378 4 2 1 1 781 1188 1155 1447
1379 4 2 1 1 215 2025 2036 1815
1380 4 2 1 1 1456 1825 997 869
1381 4 2 1 1 1681 1879 953 721
1382 4 2 1 1 1025 1131 628 1601
1383 4 2 1 1 510 424 1440 1630
1384 4 2 1 1 942 1133 846 1707
1385 4 2 1 1 2017 2036 215 38
1386 4 2 1 1 666 1227 979 1396
1387 4 2 1 1 809 1309 1272 1508
1388 4 2 1 1 619 1825 1456 869
1389 4 2 1 1 2017 2036 1815 215
1390 4 2 1 1 1156 1195 771 1327
1391 4 2 1 1 1082 1250 872 1858
1392 4 2 1 1 2003 287 2035 60
1393 4 2 1 1 159 131 150 1773
1394 4 2 1 1 775 1226 1124 1518
1395 4 2 1 1 1324 1072 1796 644
1396 4 2 1 1 1105 1145 1718 226
1397 4 2 1 1 955 1421 1228 1485
1398 4 2 1 1 287 60 61 2035
1399 4 2 1 1 711 1107 1117 1952
1400 4 2 1 1 1155 1447 899 781
1401 4 2 1 1 844 1365 1701 773
1402 4 2 1 1 969 1556 1440 1761
1403 4 2 1 1 702 1171 1242 1723
1404 4 2 1 1 744 932 1598 1832
1405 4 2 1 1 560 343 990 1613
1406 4 2 1 1 877 669 1402 1933
1407 4 2 1 1 695 1379 975 1611
1408 4 2 1 1 267 2035 61 2012
1409 4 2 1 1 729 904 1203 1745
1410 4 2 1 1 685 988 1363 1449
1411 4 2 1 1 681 1653 1233 1858
1412 4 2 1 1 393 913 1679 1539
1413 4 2 1 1 1530 1180 1471 856
1414 4 2 1 1 648 1493 1548 1646
1415 4 2 1 1 2003 287 1596 2035
1416 4 2 1 1 1219 1513 1554 823
1417 4 2 1 1 782 1238 1134 1372
1418 4 2 1 1 953 1206 1397 1681
1419 4 2 1 1 976 1015 803 1413
1420 4 2 1 1 732 1337 1127 1837
1421 4 2 1 1 1195 1719 1633 799
1422 4 2 1 1 695 1509 1267 1916
1423 4 2 1 1 1353 1668 866 1313
1424 4 2 1 1 480 489 452 1936
1425 4 2 1 1 307 1464 612 1850
1426 4 2 1 1 934 787 1187 687
1427 4 2 1 1 1224 1758 1426 1866
1428 4 2 1 1 935 745 1065 1644
1429 4 2 1 1 717 885 724 1516
1430 4 2 1 1 846 942 661 1133
1431 4 2 1 1 626 1572 1612 943
1432 4 2 1 1 648 866 1312 1313
1433 4 2 1 1 693 1678 841 1086
1434 4 2 1 1 267 2035 2012 1596
1435 4 2 1 1 2004 197 2034 10
1436 4 2 1 1 633 888 701 1412
1437 4 2 1 1 688 1321 887 1335
1438 4 2 1 1 1141 1771 1530 911
1439 4 2 1 1 2019 305 292 51
1440 4 2 1 1 1124 1660 965 1264
1441 4 2 1 1 197 10 11 2034
1442 4 2 1 1 987 637 1223 1943
1443 4 2 1 1 1340 1592 851 1042
1444 4 2 1 1 469 1246 1654 1894
1445 4 2 1 1 1726 143 155 1915
1446 4 2 1 1 904 1530 1141 1771
1447 4 2 1 1 918 781 1570 1698
1448 4 2 1 1 663 1202 1547 1587
1449 4 2 1 1 669 1174 877 1213
1450 4 2 1 1 836 694 1210 1335
1451 4 2 1 1 782 925 1589 691
1452 4 2 1 1 2004 197 1793 2034
1453 4 2 1 1 1389 1407 891 1631
1454 4 2 1 1 871 1248 1705 637
1455 4 2 1 1 174 2034 11 2001
1456 4 2 1 1 618 1372 968 1452
1457 4 2 1 1 731 1214 1058 1834
1458 4 2 1 1 772 1306 1046 1489
1459 4 2 1 1 1029 1500 1223 1828
1460 4 2 1 1 1181 1778 1289 1922
1461 4 2 1 1 414 1419 1325 1895
1462 4 2 1 1 737 1124 965 1264
1463 4 2 1 1 1172 1571 815 1801
1464 4 2 1 1 693 1202 895 1467
1465 4 2 1 1 448 1024 1575 420
1466 4 2 1 1 246 1151 1368 858
1467 4 2 1 1 1504 1597 1034 1943
1468 4 2 1 1 727 1426 1758 1866
1469 4 2 1 1 968 1566 1238 1988
1470 4 2 1 1 1005 1751 1293 1437
1471 4 2 1 1 249 1234 241 1752
1472 4 2 1 1 774 1538 955 1759
1473 4 2 1 1 588 1318 1185 1859
1474 4 2 1 1 174 2034 2001 1793
1475 4 2 1 1 1005 1240 1006 1557
1476 4 2 1 1 956 1032 748 1629
1477 4 2 1 1 665 1197 1252 1833
1478 4 2 1 1 941 1197 706 1953
1479 4 2 1 1 483 1614 926 1738
1480 4 2 1 1 443 1296 416 1524
1481 4 2 1 1 2045 132 56 169
1482 4 2 1 1 1246 1255 731 1738
1483 4 2 1 1 2027 300 2033 1368
1484 4 2 1 1 750 1247 1270 1491
1485 4 2 1 1 1108 1352 1449 1849
1486 4 2 1 1 1443 1879 1044 865
1487 4 2 1 1 650 1749 1095 1918
1488 4 2 1 1 512 969 443 1524
1489 4 2 1 1 677 1085 1162 1192
1490 4 2 1 1 1064 1257 757 1463
1491 4 2 1 1 715 1044 952 1444
1492 4 2 1 1 955 1421 1302 1940
1493 4 2 1 1 711 1387 1108 1268
1494 4 2 1 1 877 1103 669 1213
1495 4 2 1 1 1481 1601 628 1267
1496 4 2 1 1 2027 300 70 2033
1497 4 2 1 1 81 1023 753 1464
1498 4 2 1 1 841 1547 1054 1866
1499 4 2 1 1 1206 1389 764 1565
1500 4 2 1 1 958 1040 770 1130
1501 4 2 1 1 908 620 900 1581
1502 4 2 1 1 565 363 359 1809
1503 4 2 1 1 300 71 70 2033
1504 4 2 1 1 621 1399 1617 953
1505 4 2 1 1 912 740 1041 1136
1506 4 2 1 1 262 2033 2002 71
1507 4 2 1 1 1434 1453 1631 958
1508 4 2 1 1 385 1679 393 1786
1509 4 2 1 1 262 2033 71 300
1510 4 2 1 1 1743 1563 758 1476
1511 4 2 1 1 1043 1049 1345 701
1512 4 2 1 1 1114 689 1386 1473
1513 4 2 1 1 641 1374 1061 1443
1514 4 2 1 1 696 1132 1023 1208
1515 4 2 1 1 1161 1614 804 1986
1516 4 2 1 1 1520 1642 1529 1965
1517 4 2 1 1 241 249 217 1234
1518 4 2 1 1 1001 1067 804 1338
1519 4 2 1 1 641 1283 1374 1443
1520 4 2 1 1 628 1843 1481 1901
1521 4 2 1 1 1036 559 1035 434
1522 4 2 1 1 1362 444 1704 1921
1523 4 2 1 1 914 1508 928 1753
1524 4 2 1 1 779 1089 999 676
1525 4 2 1 1 1942 396 1013 383
1526 4 2 1 1 1481 1601 1267 883
1527 4 2 1 1 755 1078 988 1783
1528 4 2 1 1 690 1044 1365 1212
1529 4 2 1 1 747 1273 1134 1372
1530 4 2 1 1 955 874 1038 1302
1531 4 2 1 1 29 30 2032 264
1532 4 2 1 1 1733 1727 1296 1605
1533 4 2 1 1 1585 1088 1958 700
1534 4 2 1 1 1058 1554 823 1765
1535 4 2 1 1 1067 1445 397 898
1536 4 2 1 1 1156 988 1460 707
1537 4 2 1 1 2032 288 29 264
1538 4 2 1 1 952 1044 715 1342
1539 4 2 1 1 653 1184 1263 1336
1540 4 2 1 1 1876 1534 1243 1349
1541 4 2 1 1 1458 920 1109 629
1542 4 2 1 1 777 1060 1029 1319
1543 4 2 1 1 831 1371 1046 1659
1544 4 2 1 1 217 1234 249 1368
1545 4 2 1 1 926 1614 1161 1986
1546 4 2 1 1 681 1118 1478 1488
1547 4 2 1 1 1471 1552 856 957
1548 4 2 1 1 1614 401 1214 409
1549 4 2 1 1 1012 1048 733 1805
1550 4 2 1 1 755 949 1461 1812
1551 4 2 1 1 793 1364 1125 1366
1552 4 2 1 1 838 1518 1264 1124
1553 4 2 1 1 962 1500 979 1652
1554 4 2 1 1 469 1654 1246 1675
1555 4 2 1 1 2032 1959 264 30
1556 4 2 1 1 369 1640 1366 1819
1557 4 2 1 1 998 697 1132 1193
1558 4 2 1 1 624 860 929 1542
1559 4 2 1 1 826 1483 1220 1875
1560 4 2 1 1 1330 1237 1999 729
1561 4 2 1 1 872 1083 1082 1858
1562 4 2 1 1 655 1247 978 1287
1563 4 2 1 1 1566 1888 954 1932
1564 4 2 1 1 1109 1110 803 1458
1565 4 2 1 1 2032 1176 264 1959
1566 4 2 1 1 881 1322 636 1406
1567 4 2 1 1 900 620 1494 1581
1568 4 2 1 1 956 1065 745 1644
1569 4 2 1 1 715 1444 972 1212
1570 4 2 1 1 784 1227 1000 1830
1571 4 2 1 1 706 1197 941 1989
1572 4 2 1 1 1209 1221 425 1539
1573 4 2 1 1 2006 23 24 219
1574 4 2 1 1 821 947 1285 1446
1575 4 2 1 1 1624 808 1283 1012
1576 4 2 1 1 2002 1234 217 1368
1577 4 2 1 1 1107 1057 981 1791
1578 4 2 1 1 851 1473 1292 1503
1579 4 2 1 1 1092 1442 893 1475
1580 4 2 1 1 620 1293 908 1410
1581 4 2 1 1 1609 1254 1378 731
1582 4 2 1 1 1841 1562 899 1364
1583 4 2 1 1 693 895 1202 1739
1584 4 2 1 1 2029 44 43 130
1585 4 2 1 1 743 1322 1454 1462
1586 4 2 1 1 1884 2006 219 23
1587 4 2 1 1 939 1529 1406 683
1588 4 2 1 1 948 104 1178 1220
1589 4 2 1 1 1160 726 1293 1410
1590 4 2 1 1 1147 1683 689 1728
1591 4 2 1 1 1127 1429 605 1903
1592 4 2 1 1 270 272 271 1377
1593 4 2 1 1 1001 1308 804 1724
1594 4 2 1 1 351 570 616 1474
1595 4 2 1 1 219 1354 2006 1884
1596 4 2 1 1 821 1446 1129 1899
1597 4 2 1 1 681 1233 1118 1488
1598 4 2 1 1 89 753 1469 1904
1599 4 2 1 1 261 2031 2003 1323
1600 4 2 1 1 746 957 1273 1740
1601 4 2 1 1 772 1692 1013 1947
1602 4 2 1 1 892 1445 1489 704
1603 4 2 1 1 709 1431 893 1475
1604 4 2 1 1 112 1164 1027 1165
1605 4 2 1 1 628 1620 1025 1843
1606 4 2 1 1 1303 1645 1764 950
1607 4 2 1 1 731 1255 1246 1609
1608 4 2 1 1 810 1239 1194 1531
1609 4 2 1 1 2031 306 261 289
1610 4 2 1 1 868 1128 1059 1336
1611 4 2 1 1 386 1411 913 1604
1612 4 2 1 1 2031 59 58 289
1613 4 2 1 1 810 1348 1033 1601
1614 4 2 1 1 2031 306 289 1813
1615 4 2 1 1 704 1001 1067 1445
1616 4 2 1 1 434 427 1035 1278
1617 4 2 1 1 72 73 241 2037
1618 4 2 1 1 618 956 1372 1452
1619 4 2 1 1 1109 1891 1110 1458
1620 4 2 1 1 742 1140 1417 1580
1621 4 2 1 1 2031 2014 289 58
1622 4 2 1 1 979 1227 733 1396
1623 4 2 1 1 1038 697 1302 1635
1624 4 2 1 1 2031 2014 1813 289
1625 4 2 1 1 676 1265 1016 1284
1626 4 2 1 1 759 893 1303 1468
1627 4 2 1 1 1041 740 1376 1592
1628 4 2 1 1 733 1227 979 1945
1629 4 2 1 1 2030 31 32 266
1630 4 2 1 1 633 705 1334 1412
1631 4 2 1 1 664 1256 947 1735
1632 4 2 1 1 820 1360 1648 1863
1633 4 2 1 1 622 1129 1059 1128
1634 4 2 1 1 637 1476 1223 1943
1635 4 2 1 1 1365 773 844 1892
1636 4 2 1 1 649 980 1199 1599
1637 4 2 1 1 620 908 1293 1751
1638 4 2 1 1 833 1433 699 1459
1639 4 2 1 1 719 1189 1749 1882
1640 4 2 1 1 1118 777 1478 1488
1641 4 2 1 1 967 1064 1045 1507
1642 4 2 1 1 422 1246 410 1738
1643 4 2 1 1 636 1018 971 1997
1644 4 2 1 1 1351 1526 656 1775
1645 4 2 1 1 1307 1857 891 1018
1646 4 2 1 1 590 349 606 1477
1647 4 2 1 1 841 1570 1285 1587
1648 4 2 1 1 949 755 1133 1812
1649 4 2 1 1 630 1187 1106 1388
1650 4 2 1 1 921 647 1234 1418
1651 4 2 1 1 875 1174 1157 1977
1652 4 2 1 1 1253 906 1427 1776
1653 4 2 1 1 220 247 260 1017
1654 4 2 1 1 659 891 1480 1631
1655 4 2 1 1 1486 1637 1112 1081
1656 4 2 1 1 1026 1620 1527 1766
1657 4 2 1 1 659 1304 891 1631
1658 4 2 1 1 1152 1076 619 1672
1659 4 2 1 1 748 1629 886 1471
1660 4 2 1 1 1397 758 931 1029
1661 4 2 1 1 1364 1462 1454 1669
1662 4 2 1 1 1678 1426 1224 1758
1663 4 2 1 1 737 1416 909 1316
1664 4 2 1 1 1133 1357 942 661
1665 4 2 1 1 1959 266 31 2030
1666 4 2 1 1 672 1462 1669 1210
1667 4 2 1 1 1481 1601 883 1025
1668 4 2 1 1 694 1210 881 1556
1669 4 2 1 1 1268 1688 1405 741
1670 4 2 1 1 508 463 509 1167
1671 4 2 1 1 897 1113 963 1251
1672 4 2 1 1 2030 266 1151 1959
1673 4 2 1 1 651 1135 182 1483
1674 4 2 1 1 734 863 1358 1400
1675 4 2 1 1 713 943 1402 1790
1676 4 2 1 1 647 1919 1944 921
1677 4 2 1 1 1064 1781 716 1782
1678 4 2 1 1 650 991 990 1694
1679 4 2 1 1 898 1605 1296 1727
1680 4 2 1 1 2030 304 266 32
1681 4 2 1 1 1115 662 1192 1085
1682 4 2 1 1 634 983 1470 1041
1683 4 2 1 1 2030 304 1151 266
1684 4 2 1 1 1407 1480 891 1631
1685 4 2 1 1 1185 2016 1779 310
1686 4 2 1 1 1390 1771 755 1783
1687 4 2 1 1 614 1174 1157 1213
1688 4 2 1 1 745 935 1118 1705
1689 4 2 1 1 1577 1430 949 705
1690 4 2 1 1 1083 1082 789 1929
1691 4 2 1 1 1118 1233 777 1488
1692 4 2 1 1 401 409 402 1214
1693 4 2 1 1 2049 167 44 2029
1694 4 2 1 1 1779 2016 66 310
1695 4 2 1 1 354 44 43 2029
1696 4 2 1 1 821 1129 1446 1677
1697 4 2 1 1 896 897 625 963
1698 4 2 1 1 780 969 1122 1556
1699 4 2 1 1 776 1236 897 1840
1700 4 2 1 1 908 1361 1154 1433
1701 4 2 1 1 1160 1249 726 1410
1702 4 2 1 1 354 43 576 2029
1703 4 2 1 1 686 822 1299 1717
1704 4 2 1 1 683 1035 1122 1733
1705 4 2 1 1 1574 1553 1745 1530
1706 4 2 1 1 841 1547 1202 1587
1707 4 2 1 1 570 936 466 1292
1708 4 2 1 1 1235 1305 1057 1861
1709 4 2 1 1 1130 1770 1491 1797
1710 4 2 1 1 999 1089 849 1659
1711 4 2 1 1 1292 1473 689 1503
1712 4 2 1 1 320 877 1213 1555
1713 4 2 1 1 701 1315 830 1568
1714 4 2 1 1 1558 1240 715 797
1715 4 2 1 1 1561 1436 929 1416
1716 4 2 1 1 2029 2049 167 1798
1717 4 2 1 1 851 1641 1292 1829
1718 4 2 1 1 1155 1188 773 1447
1719 4 2 1 1 998 1394 923 1603
1720 4 2 1 1 962 1295 1047 1957
1721 4 2 1 1 821 947 1735 1158
1722 4 2 1 1 792 995 840 1361
1723 4 2 1 1 2011 1164 112 1165
1724 4 2 1 1 1396 1518 1227 1264
1725 4 2 1 1 648 1313 1312 946
1726 4 2 1 1 1091 1391 368 1640
1727 4 2 1 1 735 1258 979 1421
1728 4 2 1 1 745 1065 956 1471
1729 4 2 1 1 777 935 1118 1828
1730 4 2 1 1 241 1183 250 1752
1731 4 2 1 1 1685 1250 1950 1082
1732 4 2 1 1 1051 1179 890 1942
1733 4 2 1 1 1104 1177 814 1468
1734 4 2 1 1 2029 576 354 1798
1735 4 2 1 1 694 881 1349 1876
1736 4 2 1 1 962 735 1047 1295
1737 4 2 1 1 2041 1974 1183 2045
1738 4 2 1 1 633 705 963 1334
1739 4 2 1 1 1029 758 1500 1732
1740 4 2 1 1 63 1 355 2028
1741 4 2 1 1 1142 1444 857 708
1742 4 2 1 1 642 1305 1235 1923
1743 4 2 1 1 15 2028 1 125
1744 4 2 1 1 686 818 1450 1756
1745 4 2 1 1 676 1089 1284 1012
1746 4 2 1 1 1289 770 1130 1491
1747 4 2 1 1 704 1099 1373 1824
1748 4 2 1 1 707 988 1078 1363
1749 4 2 1 1 960 1147 835 1517
1750 4 2 1 1 705 963 1334 1577
1751 4 2 1 1 1319 769 1029 1828
1752 4 2 1 1 637 1597 1504 1943
1753 4 2 1 1 664 893 1303 1645
1754 4 2 1 1 621 1617 1206 953
1755 4 2 1 1 821 1677 1285 1758
1756 4 2 1 1 181 826 651 1483
1757 4 2 1 1 63 2028 355 827
1758 4 2 1 1 1857 1291 1018 895
1759 4 2 1 1 2028 125 2042 827
1760 4 2 1 1 773 1188 1155 1698
1761 4 2 1 1 77 321 76 1497
1762 4 2 1 1 1071 797 1964 1217
1763 4 2 1 1 1337 732 1549 1837
1764 4 2 1 1 77 321 1497 1939
1765 4 2 1 1 459 436 458 1675
1766 4 2 1 1 846 1456 1449 1707
1767 4 2 1 1 252 223 257 1151
1768 4 2 1 1 684 1307 1403 1435
1769 4 2 1 1 779 1061 924 1409
1770 4 2 1 1 1743 1563 1476 1226
1771 4 2 1 1 2027 2033 245 1368
1772 4 2 1 1 2032 298 1176 1590
1773 4 2 1 1 342 1022 990 827
1774 4 2 1 1 2035 60 61 196
1775 4 2 1 1 69 70 2027 293
1776 4 2 1 1 1179 1353 496 1492
1777 4 2 1 1 970 1030 718 1216
1778 4 2 1 1 1226 1479 1034 1504
1779 4 2 1 1 518 1641 1325 1829
1780 4 2 1 1 304 69 2027 293
1781 4 2 1 1 709 1177 1104 893
1782 4 2 1 1 814 1177 1104 1861
1783 4 2 1 1 846 1133 922 1430
1784 4 2 1 1 412 1050 411 1604
1785 4 2 1 1 2027 2033 70 245
1786 4 2 1 1 1609 1254 731 1255
1787 4 2 1 1 844 1701 1386 773
1788 4 2 1 1 304 293 2027 1151
1789 4 2 1 1 974 712 1234 1418
1790 4 2 1 1 918 1587 1275 749
1791 4 2 1 1 2027 1151 293 1368
1792 4 2 1 1 783 1163 1392 1937
1793 4 2 1 1 1010 1569 767 1696
1794 4 2 1 1 879 645 1149 1224
1795 4 2 1 1 541 568 1127 1903
1796 4 2 1 1 902 1578 1320 1619
1797 4 2 1 1 146 996 1383 145
1798 4 2 1 1 1140 1580 748 1880
1799 4 2 1 1 1001 1489 1445 704
1800 4 2 1 1 988 1460 755 1588
1801 4 2 1 1 1515 2008 2019 286
1802 4 2 1 1 1364 1562 899 743
1803 4 2 1 1 737 1428 1264 1612
1804 4 2 1 1 787 1418 921 1632
1805 4 2 1 1 1375 1562 1098 1948
1806 4 2 1 1 18 19 315 1904
1807 4 2 1 1 728 1018 1373 895
1808 4 2 1 1 804 1067 1001 1724
1809 4 2 1 1 77 78 309 1912
1810 4 2 1 1 1227 1421 979 1945
1811 4 2 1 1 1727 1035 1278 1279
1812 4 2 1 1 1619 1532 1967 902
1813 4 2 1 1 1529 1642 916 1965
1814 4 2 1 1 850 435 438 1255
1815 4 2 1 1 894 1116 1387 1442
1816 4 2 1 1 2020 1424 1014 1798
1817 4 2 1 1 659 1040 958 1887
1818 4 2 1 1 728 1307 1018 895
1819 4 2 1 1 678 1280 1495 1731
1820 4 2 1 1 715 972 1558 1212
1821 4 2 1 1 680 1098 1562 1948
1822 4 2 1 1 1197 1219 890 1989
1823 4 2 1 1 822 1456 1299 1717
1824 4 2 1 1 709 1177 900 1711
1825 4 2 1 1 954 923 1602 1379
1826 4 2 1 1 943 1741 1402 1790
1827 4 2 1 1 838 1226 1034 1563
1828 4 2 1 1 383 1051 382 1665
1829 4 2 1 1 920 1109 766 1865
1830 4 2 1 1 85 1027 112 1164
1831 4 2 1 1 955 629 1216 1485
1832 4 2 1 1 1839 896 1135 897
1833 4 2 1 1 1050 779 1639 1573
1834 4 2 1 1 771 882 1560 1672
1835 4 2 1 1 1277 138 139 1567
1836 4 2 1 1 309 77 1912 1939
1837 4 2 1 1 76 75 2026 579
1838 4 2 1 1 656 1266 1580 1775
1839 4 2 1 1 1246 1609 1255 1675
1840 4 2 1 1 186 889 1323 189
1841 4 2 1 1 26 25 2011 112
1842 4 2 1 1 413 412 414 1419
1843 4 2 1 1 353 2026 75 579
1844 4 2 1 1 244 1408 783 1536
1845 4 2 1 1 2027 257 1151 252
1846 4 2 1 1 772 1138 1306 1489
1847 4 2 1 1 393 913 386 1786
1848 4 2 1 1 579 2026 76 1497
1849 4 2 1 1 865 690 1365 1961
1850 4 2 1 1 1154 908 1685 1581
1851 4 2 1 1 1397 758 1029 1732
1852 4 2 1 1 734 1288 1040 1438
1853 4 2 1 1 925 1500 1223 1743
1854 4 2 1 1 1103 1402 943 1741
1855 4 2 1 1 110 111 99 1590
1856 4 2 1 1 1066 1609 1378 1834
1857 4 2 1 1 1046 1659 1371 1872
1858 4 2 1 1 863 1824 1684 1549
1859 4 2 1 1 907 1012 1804 1805
1860 4 2 1 1 833 1034 1504 1597
1861 4 2 1 1 1030 1216 970 766
1862 4 2 1 1 630 1187 1442 1153
1863 4 2 1 1 683 1035 1279 1729
1864 4 2 1 1 1528 1804 1012 1805
1865 4 2 1 1 1050 779 1573 1579
1866 4 2 1 1 1474 1687 1340 1829
1867 4 2 1 1 318 2026 1164 353
1868 4 2 1 1 729 1075 1237 1869
1869 4 2 1 1 1065 1118 935 1828
1870 4 2 1 1 1803 992 1536 816
1871 4 2 1 1 804 1058 1415 1776
1872 4 2 1 1 639 1138 1099 1501
1873 4 2 1 1 737 909 1518 1316
1874 4 2 1 1 1443 1772 1061 1976
1875 4 2 1 1 318 2026 353 579
1876 4 2 1 1 864 1553 1075 1745
1877 4 2 1 1 1181 1289 828 1623
1878 4 2 1 1 726 1437 908 1034
1879 4 2 1 1 915 939 1373 683
1880 4 2 1 1 758 1652 1500 1732
1881 4 2 1 1 1130 958 1770 1797
1882 4 2 1 1 995 1509 840 1826
1883 4 2 1 1 995 1757 1509 1826
1884 4 2 1 1 777 1828 1118 1928
1885 4 2 1 1 900 820 1581 1494
1886 4 2 1 1 719 1703 803 1245
1887 4 2 1 1 743 892 1207 1948
1888 4 2 1 1 520 1292 1641 1829
1889 4 2 1 1 1678 1426 1758 967
1890 4 2 1 1 1587 1643 1275 749
1891 4 2 1 1 948 768 1694 1875
1892 4 2 1 1 1104 1177 709 1861
1893 4 2 1 1 1118 1828 1065 1928
1894 4 2 1 1 728 882 1307 1310
1895 4 2 1 1 1108 1387 1117 794
1896 4 2 1 1 736 1893 1687 1911
1897 4 2 1 1 1210 1462 881 1556
1898 4 2 1 1 848 1266 914 1775
1899 4 2 1 1 97 1481 1860 1987
1900 4 2 1 1 1050 1411 411 1604
1901 4 2 1 1 1086 757 1129 1321
1902 4 2 1 1 701 1412 888 1583
1903 4 2 1 1 1122 1406 801 1529
1904 4 2 1 1 364 1362 444 1704
1905 4 2 1 1 1739 841 1224 1547
1906 4 2 1 1 640 1025 1369 1601
1907 4 2 1 1 1061 1120 1503 1728
1908 4 2 1 1 989 1189 744 1749
1909 4 2 1 1 738 1148 1695 1817
1910 4 2 1 1 726 1249 1885 1923
1911 4 2 1 1 969 1733 780 1122
1912 4 2 1 1 1394 909 775 1603
1913 4 2 1 1 784 1421 1227 1945
1914 4 2 1 1 745 1552 1075 1553
1915 4 2 1 1 1519 1842 825 651
1916 4 2 1 1 648 946 1312 1807
1917 4 2 1 1 1059 1650 868 653
1918 4 2 1 1 610 320 561 1555
1919 4 2 1 1 658 837 1218 1956
1920 4 2 1 1 691 956 1065 1629
1921 4 2 1 1 769 962 1389 1732
1922 4 2 1 1 758 1886 1885 1563
1923 4 2 1 1 749 1275 1081 1643
1924 4 2 1 1 967 1677 821 1758
1925 4 2 1 1 378 999 505 1371
1926 4 2 1 1 826 650 1519 1694
1927 4 2 1 1 312 68 67 2025
1928 4 2 1 1 1002 879 1224 1465
1929 4 2 1 1 312 2025 67 1814
1930 4 2 1 1 1181 1700 1498 828
1931 4 2 1 1 835 1147 960 1683
1932 4 2 1 1 335 2052 1815 791
1933 4 2 1 1 1364 1562 743 1366
1934 4 2 1 1 666 1518 909 1316
1935 4 2 1 1 312 2025 1814 1815
1936 4 2 1 1 1907 999 505 1661
1937 4 2 1 1 2024 67 332 592
1938 4 2 1 1 270 1377 271 1810
1939 4 2 1 1 332 67 2024 1814
1940 4 2 1 1 2024 592 1301 1779
1941 4 2 1 1 743 1207 1562 1948
1942 4 2 1 1 1125 1640 960 793
1943 4 2 1 1 1043 2024 1814 332
1944 4 2 1 1 66 2024 67 179
1945 4 2 1 1 2024 1301 592 332
1946 4 2 1 1 660 1272 1334 1658
1947 4 2 1 1 648 1271 1493 1646
1948 4 2 1 1 718 1216 1038 1891
1949 4 2 1 1 171 973 181 1185
1950 4 2 1 1 688 887 1201 1335
1951 4 2 1 1 1844 1526 1351 1314
1952 4 2 1 1 911 1137 1309 1461
1953 4 2 1 1 876 648 1271 1000
1954 4 2 1 1 1994 648 876 1000
1955 4 2 1 1 1235 726 1420 1923
1956 4 2 1 1 64 65 2023 339
1957 4 2 1 1 1019 1170 882 1585
1958 4 2 1 1 786 1093 1051 1179
1959 4 2 1 1 588 2023 65 339
1960 4 2 1 1 947 1205 1158 749
1961 4 2 1 1 637 1223 1476 1888
1962 4 2 1 1 798 1263 1184 1336
1963 4 2 1 1 1033 1267 752 1509
1964 4 2 1 1 833 1459 699 1597
1965 4 2 1 1 766 1198 1030 1905
1966 4 2 1 1 681 1286 1233 1653
1967 4 2 1 1 1099 1138 764 1501
1968 4 2 1 1 808 1259 1089 1284
1969 4 2 1 1 771 1300 882 1307
1970 4 2 1 1 882 1300 728 1307
1971 4 2 1 1 244 224 225 1408
1972 4 2 1 1 892 743 1167 1514
1973 4 2 1 1 701 1315 633 1412
1974 4 2 1 1 1735 947 1899 1256
1975 4 2 1 1 715 983 797 1831
1976 4 2 1 1 1078 1363 1269 1657
1977 4 2 1 1 722 862 1182 1600
1978 4 2 1 1 2023 64 339 991
1979 4 2 1 1 681 1478 1290 1488
1980 4 2 1 1 980 1143 932 1927
1981 4 2 1 1 982 1273 747 1714
1982 4 2 1 1 1195 1327 869 1719
1983 4 2 1 1 925 1223 1476 1743
1984 4 2 1 1 2019 281 1795 1515
1985 4 2 1 1 1290 1478 981 1488
1986 4 2 1 1 769 1407 1389 1631
1987 4 2 1 1 1270 1501 807 1252
1988 4 2 1 1 137 785 778 1225
1989 4 2 1 1 1859 2023 991 1185
1990 4 2 1 1 530 1301 1318 1600
1991 4 2 1 1 1859 2023 1185 588
1992 4 2 1 1 345 16 17 2022
1993 4 2 1 1 758 1563 1396 1886
1994 4 2 1 1 2022 345 16 580
1995 4 2 1 1 560 2022 1022 580
1996 4 2 1 1 345 2022 17 1850
1997 4 2 1 1 744 1395 650 1749
1998 4 2 1 1 187 191 205 1788
1999 4 2 1 1 560 2022 580 345
2000 4 2 1 1 1141 1356 1530 904
2001 4 2 1 1 838 1660 1124 1264
2002 4 2 1 1 974 1796 1418 1877
2003 4 2 1 1 746 1080 1521 1740
2004 4 2 1 1 443 1035 1296 1524
2005 4 2 1 1 831 1371 999 1665
2006 4 2 1 1 985 1289 828 1491
2007 4 2 1 1 770 1289 985 1491
2008 4 2 1 1 847 1432 1312 1575
2009 4 2 1 1 1124 1416 737 965
2010 4 2 1 1 820 900 1431 1494
2011 4 2 1 1 1282 1498 1198 1700
2012 4 2 1 1 1069 1212 1444 690
2013 4 2 1 1 857 1142 708 1941
2014 4 2 1 1 764 1138 1099 971
2015 4 2 1 1 1722 1647 760 1954
2016 4 2 1 1 313 19 20 2021
2017 4 2 1 1 848 914 1266 1697
2018 4 2 1 1 948 1531 1439 1694
2019 4 2 1 1 870 1556 1462 1210
2020 4 2 1 1 1269 1363 1060 1657
2021 4 2 1 1 681 1233 1488 1858
2022 4 2 1 1 1935 1400 1358 937
2023 4 2 1 1 1252 941 1854 1953
2024 4 2 1 1 2021 20 313 353
2025 4 2 1 1 1058 1214 804 1308
2026 4 2 1 1 315 2021 1904 19
2027 4 2 1 1 871 1248 1134 1705
2028 4 2 1 1 750 1287 1491 1690
2029 4 2 1 1 921 712 1234 1919
2030 4 2 1 1 1764 1116 893 1442
2031 4 2 1 1 671 995 1262 1361
2032 4 2 1 1 708 1192 1191 1448
2033 4 2 1 1 686 1299 822 1450
2034 4 2 1 1 1906 2021 1027 1904
2035 4 2 1 1 2021 353 313 1164
2036 4 2 1 1 397 1067 490 1724
2037 4 2 1 1 1779 1318 1185 310
2038 4 2 1 1 1571 1333 1041 1136
2039 4 2 1 1 1310 1824 1549 915
2040 4 2 1 1 950 1153 1551 1764
2041 4 2 1 1 1329 1332 708 1333
2042 4 2 1 1 919 1721 1370 1084
2043 4 2 1 1 676 1089 999 1910
2044 4 2 1 1 1432 1934 499 1575
2045 4 2 1 1 887 1465 1321 1466
2046 4 2 1 1 728 1307 939 1310
2047 4 2 1 1 315 2021 19 313
2048 4 2 1 1 181 182 651 973
2049 4 2 1 1 687 878 1392 1781
2050 4 2 1 1 1377 1515 867 1944
2051 4 2 1 1 1038 1193 874 1538
2052 4 2 1 1 743 1322 1375 1454
2053 4 2 1 1 1140 748 886 1471
2054 4 2 1 1 952 673 1342 1160
2055 4 2 1 1 329 43 42 2020
2056 4 2 1 1 1098 1375 1259 1562
2057 4 2 1 1 270 263 269 1810
2058 4 2 1 1 1141 1356 904 1390
2059 4 2 1 1 54 55 2010 151
2060 4 2 1 1 751 1127 568 1903
2061 4 2 1 1 974 1368 234 249
2062 4 2 1 1 58 57 207 2014
2063 4 2 1 1 934 1187 1153 1392
2064 4 2 1 1 659 1137 1088 1935
2065 4 2 1 1 1324 1072 644 1682
2066 4 2 1 1 851 1470 1503 1573
2067 4 2 1 1 319 604 318 1723
2068 4 2 1 1 670 1239 1238 959
2069 4 2 1 1 660 1577 1334 1753
2070 4 2 1 1 1138 1306 680 1734
2071 4 2 1 1 636 881 1467 1454
2072 4 2 1 1 1006 1240 1005 1311
2073 4 2 1 1 777 1233 987 1488
2074 4 2 1 1 2020 42 329 1541
2075 4 2 1 1 1585 1088 700 1170
2076 4 2 1 1 2020 329 43 576
2077 4 2 1 1 1023 1464 81 1850
2078 4 2 1 1 669 1157 1174 1213
2079 4 2 1 1 935 1644 1248 1705
2080 4 2 1 1 1098 1502 1259 1997
2081 4 2 1 1 1434 1453 886 1631
2082 4 2 1 1 650 1859 991 1020
2083 4 2 1 1 704 915 1684 1824
2084 4 2 1 1 833 1602 1479 1826
2085 4 2 1 1 850 944 765 1254
2086 4 2 1 1 2020 329 1014 1541
2087 4 2 1 1 576 2020 329 1014
2088 4 2 1 1 292 51 52 2019
2089 4 2 1 1 806 1133 1357 1390
2090 4 2 1 1 1235 1410 814 1861
2091 4 2 1 1 1180 1471 856 957
2092 4 2 1 1 742 886 748 1770
2093 4 2 1 1 656 1266 1417 1580
2094 4 2 1 1 988 1363 1449 1783
2095 4 2 1 1 1777 1648 792 1055
2096 4 2 1 1 1075 1553 856 1745
2097 4 2 1 1 899 1375 743 1562
2098 4 2 1 1 874 1193 1038 1635
2099 4 2 1 1 828 1491 1289 1778
2100 4 2 1 1 1417 1393 914 656
2101 4 2 1 1 1089 849 1259 641
2102 4 2 1 1 925 1047 666 1759
2103 4 2 1 1 668 1176 1008 1662
2104 4 2 1 1 2019 2047 168 1795
2105 4 2 1 1 742 1453 886 1770
2106 4 2 1 1 704 1338 1001 1415
2107 4 2 1 1 707 988 1760 869
2108 4 2 1 1 640 1131 1025 1601
2109 4 2 1 1 838 1518 1124 1226
2110 4 2 1 1 1285 1446 947 1871
2111 4 2 1 1 2019 2047 51 168
2112 4 2 1 1 702 1242 1213 1723
2113 4 2 1 1 1543 1585 1152 1594
2114 4 2 1 1 350 1911 323 1912
2115 4 2 1 1 1161 1614 423 1724
2116 4 2 1 1 813 1737 1014 1996
2117 4 2 1 1 915 1310 939 683
2118 4 2 1 1 693 1002 1403 1739
2119 4 2 1 1 805 1180 1140 1530
2120 4 2 1 1 940 1290 1268 1971
2121 4 2 1 1 759 1303 724 1713
2122 4 2 1 1 1498 1287 1282 766
2123 4 2 1 1 2019 286 52 292
2124 4 2 1 1 860 1416 929 1436
2125 4 2 1 1 1171 1242 1495 1241
2126 4 2 1 1 2019 2008 156 52
2127 4 2 1 1 1252 1833 993 1992
2128 4 2 1 1 139 1383 1277 1567
2129 4 2 1 1 1000 1228 876 1940
2130 4 2 1 1 674 1938 1230 1385
2131 4 2 1 1 738 1616 1148 1817
2132 4 2 1 1 211 194 188 1484
2133 4 2 1 1 1422 1913 1036 1037
2134 4 2 1 1 466 534 519 1391
2135 4 2 1 1 968 1229 782 1566
2136 4 2 1 1 625 730 873 1999
2137 4 2 1 1 1089 1659 999 1910
2138 4 2 1 1 1757 1436 1533 1190
2139 4 2 1 1 704 1073 1021 1605
2140 4 2 1 1 969 1524 512 1761
2141 4 2 1 1 882 1300 771 1560
2142 4 2 1 1 680 1098 1259 1562
2143 4 2 1 1 63 314 64 991
2144 4 2 1 1 728 1300 937 764
2145 4 2 1 1 962 1389 621 1414
2146 4 2 1 1 969 1733 1122 1035
2147 4 2 1 1 1078 1094 911 1460
2148 4 2 1 1 1067 1161 732 1429
2149 4 2 1 1 314 991 63 827
2150 4 2 1 1 692 1055 627 1281
2151 4 2 1 1 573 1318 850 1600
2152 4 2 1 1 923 1699 1564 1916
2153 4 2 1 1 801 1406 939 1529
2154 4 2 1 1 659 1560 1088 1137
2155 4 2 1 1 1001 1338 804 1415
2156 4 2 1 1 1907 999 1661 849
2157 4 2 1 1 1170 1310 882 1358
2158 4 2 1 1 1246 1765 1214 1834
2159 4 2 1 1 186 204 1323 1788
2160 4 2 1 1 1624 808 1012 1399
2161 4 2 1 1 1624 808 1399 953
2162 4 2 1 1 772 1046 1692 1947
2163 4 2 1 1 149 1236 852 1381
2164 4 2 1 1 1866 1317 1175 727
2165 4 2 1 1 946 1316 860 1807
2166 4 2 1 1 91 108 105 1439
2167 4 2 1 1 570 936 1292 1474
2168 4 2 1 1 638 1530 1574 1771
2169 4 2 1 1 877 1221 1222 1936
2170 4 2 1 1 1075 1286 1118 864
2171 4 2 1 1 1124 965 1660 901
2172 4 2 1 1 621 962 1652 1732
2173 4 2 1 1 1574 1771 904 1783
2174 4 2 1 1 1935 1400 937 770
2175 4 2 1 1 48 49 255 2018
2176 4 2 1 1 2018 255 48 1937
2177 4 2 1 1 766 1282 978 1287
2178 4 2 1 1 64 65 198 2023
2179 4 2 1 1 1559 391 388 392
2180 4 2 1 1 1880 1471 1180 957
2181 4 2 1 1 828 649 938 1623
2182 4 2 1 1 1364 1562 1366 849
2183 4 2 1 1 2018 247 49 255
2184 4 2 1 1 624 1416 901 1561
2185 4 2 1 1 1148 940 657 919
2186 4 2 1 1 1235 1057 1305 642
2187 4 2 1 1 892 743 1207 1167
2188 4 2 1 1 1423 1568 333 1615
2189 4 2 1 1 1676 1968 980 1969
2190 4 2 1 1 237 2018 1163 1937
2191 4 2 1 1 905 808 1617 1769
2192 4 2 1 1 1416 1746 901 1124
2193 4 2 1 1 1638 1833 639 1270
2194 4 2 1 1 1186 1379 975 1578
2195 4 2 1 1 2018 2044 157 49
2196 4 2 1 1 685 1053 1352 1722
2197 4 2 1 1 931 1081 1359 1486
2198 4 2 1 1 703 1084 1370 1721
2199 4 2 1 1 2024 1853 1043 986
2200 4 2 1 1 28 27 294 1196
2201 4 2 1 1 1154 1361 908 1751
2202 4 2 1 1 424 535 538 1125
2203 4 2 1 1 785 903 1225 1425
2204 4 2 1 1 129 1381 1236 149
2205 4 2 1 1 952 715 1142 1557
2206 4 2 1 1 27 303 294 1196
2207 4 2 1 1 796 626 1048 1217
2208 4 2 1 1 1347 639 1427 1638
2209 4 2 1 1 689 1473 1292 1683
2210 4 2 1 1 1141 1530 1356 805
2211 4 2 1 1 246 1151 858 1884
2212 4 2 1 1 279 1183 284 1234
2213 4 2 1 1 711 1290 981 1057
2214 4 2 1 1 913 1298 1121 1679
2215 4 2 1 1 202 2038 37 210
2216 4 2 1 1 758 1885 1886 1215
2217 4 2 1 1 1485 1854 1252 941
2218 4 2 1 1 673 1048 1160 1886
2219 4 2 1 1 95 98 1025 1178
2220 4 2 1 1 868 1188 1128 1845
2221 4 2 1 1 1008 858 1881 1151
2222 4 2 1 1 886 1471 1319 1822
2223 4 2 1 1 947 1068 690 1961
2224 4 2 1 1 1339 820 900 1431
2225 4 2 1 1 758 1396 1215 1886
2226 4 2 1 1 822 1299 1317 1450
2227 4 2 1 1 392 1308 1001 1724
2228 4 2 1 1 1767 763 696 946
2229 4 2 1 1 181 973 1020 1185
2230 4 2 1 1 1152 1076 1672 1543
2231 4 2 1 1 687 1392 1567 996
2232 4 2 1 1 796 626 1217 1071
2233 4 2 1 1 733 1012 1399 1624
2234 4 2 1 1 202 38 37 2017
2235 4 2 1 1 1128 1335 868 1845
2236 4 2 1 1 770 1040 958 1608
2237 4 2 1 1 2040 2011 1164 122
2238 4 2 1 1 1559 391 392 1001
2239 4 2 1 1 747 1261 1239 817
2240 4 2 1 1 94 883 1025 1481
2241 4 2 1 1 694 1556 881 1876
2242 4 2 1 1 1104 893 1177 1468
2243 4 2 1 1 74 73 1183 222
2244 4 2 1 1 279 1974 1183 1377
2245 4 2 1 1 837 1079 651 1135
2246 4 2 1 1 757 1321 1465 1466
2247 4 2 1 1 2017 202 38 215
2248 4 2 1 1 192 2038 1773 202
2249 4 2 1 1 775 1479 1226 1504
2250 4 2 1 1 1624 808 953 1283
2251 4 2 1 1 1248 1644 1134 1705
2252 4 2 1 1 1019 1642 1543 1965
2253 4 2 1 1 641 1120 1061 1409
2254 4 2 1 1 1597 637 872 1943
2255 4 2 1 1 727 1317 1053 1917
2256 4 2 1 1 793 1366 1125 1640
2257 4 2 1 1 634 972 1212 1558
2258 4 2 1 1 768 982 948 1531
2259 4 2 1 1 138 1567 778 1576
2260 4 2 1 1 511 512 1524 1761
2261 4 2 1 1 1761 565 455 569
2262 4 2 1 1 448 1024 420 419
2263 4 2 1 1 900 1494 620 1177
2264 4 2 1 1 467 437 482 1747
2265 4 2 1 1 1303 1516 950 1764
2266 4 2 1 1 685 1053 1722 1175
2267 4 2 1 1 811 1335 1128 1845
2268 4 2 1 1 1145 1164 221 1165
2269 4 2 1 1 1075 1552 856 1553
2270 4 2 1 1 819 1636 1622 1785
2271 4 2 1 1 685 1053 1175 1317
2272 4 2 1 1 967 1045 645 1426
2273 4 2 1 1 813 1867 1380 1201
2274 4 2 1 1 955 1485 1216 774
2275 4 2 1 1 620 900 1177 1410
2276 4 2 1 1 1131 1267 695 1320
2277 4 2 1 1 146 996 145 1937
2278 4 2 1 1 939 1406 1073 683
2279 4 2 1 1 974 1368 249 1234
2280 4 2 1 1 975 1379 1186 1597
2281 4 2 1 1 1259 1502 899 1997
2282 4 2 1 1 215 2017 202 1815
2283 4 2 1 1 1226 1476 1034 1563
2284 4 2 1 1 202 2017 1773 1815
2285 4 2 1 1 643 1439 1694 1918
2286 4 2 1 1 2016 588 65 310
2287 4 2 1 1 1044 1112 952 1444
2288 4 2 1 1 845 1588 1152 1658
2289 4 2 1 1 845 1272 1137 1461
2290 4 2 1 1 545 926 483 1614
2291 4 2 1 1 700 1200 1334 1658
2292 4 2 1 1 897 963 896 1753
2293 4 2 1 1 1128 1188 811 1845
2294 4 2 1 1 710 1064 1755 1463
2295 4 2 1 1 198 2016 65 171
2296 4 2 1 1 45 46 2041 160
2297 4 2 1 1 588 310 2016 1185
2298 4 2 1 1 968 1714 1372 618
2299 4 2 1 1 904 1390 942 1783
2300 4 2 1 1 1397 758 1732 1652
2301 4 2 1 1 804 1308 1214 1724
2302 4 2 1 1 685 1108 1352 1449
2303 4 2 1 1 1533 1660 965 901
2304 4 2 1 1 34 209 35 1726
2305 4 2 1 1 1195 1407 891 1949
2306 4 2 1 1 34 206 209 1726
2307 4 2 1 1 919 1721 1084 1532
2308 4 2 1 1 788 1843 1682 1962
2309 4 2 1 1 624 909 998 1603
2310 4 2 1 1 915 1684 1824 1549
2311 4 2 1 1 242 23 22 1884
2312 4 2 1 1 1429 898 486 1902
2313 4 2 1 1 747 982 959 1239
2314 4 2 1 1 877 1174 564 1213
2315 4 2 1 1 1325 1419 1050 1895
2316 4 2 1 1 1884 242 23 219
2317 4 2 1 1 727 1053 1317 1175
2318 4 2 1 1 1117 1352 1108 794
2319 4 2 1 1 895 693 1243 1403
2320 4 2 1 1 810 1544 1601 1916
2321 4 2 1 1 118 91 105 1439
2322 4 2 1 1 640 1531 1239 810
2323 4 2 1 1 728 937 1358 1099
2324 4 2 1 1 1005 1557 1293 1856
2325 4 2 1 1 1500 1957 1047 691
2326 4 2 1 1 1293 1751 1856 620
2327 4 2 1 1 413 450 411 1579
2328 4 2 1 1 979 1421 1258 1945
2329 4 2 1 1 1374 1443 795 1772
2330 4 2 1 1 950 1516 951 1736
2331 4 2 1 1 995 1311 756 1533
2332 4 2 1 1 188 1484 185 1808
2333 4 2 1 1 970 1216 718 1891
2334 4 2 1 1 664 1303 893 1468
2335 4 2 1 1 652 1274 984 1343
2336 4 2 1 1 357 1063 358 1867
2337 4 2 1 1 1021 1073 780 1733
2338 4 2 1 1 664 951 1070 1256
2339 4 2 1 1 412 1050 1419 413
2340 4 2 1 1 424 1630 1125 1440
2341 4 2 1 1 182 1346 1135 973
2342 4 2 1 1 685 1053 1317 1352
2343 4 2 1 1 804 1427 1058 1776
2344 4 2 1 1 625 1079 896 1393
2345 4 2 1 1 989 990 650 991
2346 4 2 1 1 1028 880 1862 1330
2347 4 2 1 1 415 414 1325 1895
2348 4 2 1 1 1884 223 22 242
2349 4 2 1 1 843 1003 1650 653
2350 4 2 1 1 1416 1746 1124 909
2351 4 2 1 1 1884 1151 115 22
2352 4 2 1 1 1013 1513 1554 1774
2353 4 2 1 1 777 987 1223 1420
2354 4 2 1 1 1774 1894 407 1219
2355 4 2 1 1 1994 1940 1302 1000
2356 4 2 1 1 518 1325 1641 1895
2357 4 2 1 1 221 1164 1145 1497
2358 4 2 1 1 1726 173 35 2015
2359 4 2 1 1 1976 1365 844 1443
2360 4 2 1 1 1274 1286 652 1370
2361 4 2 1 1 1020 722 1314 842
2362 4 2 1 1 1994 1940 1000 876
2363 4 2 1 1 1774 1894 1219 1554
2364 4 2 1 1 1032 1550 1452 824
2365 4 2 1 1 1041 1376 983 1294
2366 4 2 1 1 704 1684 1338 1824
2367 4 2 1 1 931 1420 1885 1923
2368 4 2 1 1 814 1305 1205 1486
2369 4 2 1 1 1803 1536 992 654
2370 4 2 1 1 1976 1365 1443 1044
2371 4 2 1 1 631 1019 1540 1586
2372 4 2 1 1 825 1521 1080 1740
2373 4 2 1 1 2015 35 36 173
2374 4 2 1 1 266 293 304 1151
2375 4 2 1 1 901 624 834 1746
2376 4 2 1 1 755 1232 1133 1707
2377 4 2 1 1 206 213 177 1795
2378 4 2 1 1 713 1209 1024 1539
2379 4 2 1 1 1125 1364 743 1366
2380 4 2 1 1 210 2015 36 173
2381 4 2 1 1 913 1411 386 1786
2382 4 2 1 1 759 1303 1070 1468
2383 4 2 1 1 1025 1146 98 1860
2384 4 2 1 1 635 1192 1115 1979
2385 4 2 1 1 1230 1726 1139 1915
2386 4 2 1 1 516 924 464 1819
2387 4 2 1 1 1015 1703 1413 1816
2388 4 2 1 1 2015 173 210 1236
2389 4 2 1 1 855 1056 1709 1777
2390 4 2 1 1 928 1345 888 1441
2391 4 2 1 1 890 1093 1051 1800
2392 4 2 1 1 831 1306 1046 1692
2393 4 2 1 1 1650 1701 843 1068
2394 4 2 1 1 815 677 1097 1162
2395 4 2 1 1 778 1567 878 1576
2396 4 2 1 1 1582 1687 1340 1893
2397 4 2 1 1 711 1108 1107 981
2398 4 2 1 1 739 1069 947 1068
2399 4 2 1 1 1405 1688 1203 741
2400 4 2 1 1 984 1527 832 1620
2401 4 2 1 1 2022 86 108 1022
2402 4 2 1 1 542 1042 1829 1851
2403 4 2 1 1 542 451 479 1742
2404 4 2 1 1 1082 1339 900 1711
2405 4 2 1 1 664 951 1256 1735
2406 4 2 1 1 619 1156 1825 869
2407 4 2 1 1 625 730 880 961
2408 4 2 1 1 666 1227 1000 1421
2409 4 2 1 1 1043 2024 332 1301
2410 4 2 1 1 995 1262 1311 1533
2411 4 2 1 1 1055 1777 1280 792
2412 4 2 1 1 1127 1337 732 1621
2413 4 2 1 1 1088 1137 1560 1958
2414 4 2 1 1 704 1605 898 1684
2415 4 2 1 1 2015 173 1236 1726
2416 4 2 1 1 58 57 2014 268
2417 4 2 1 1 1138 993 772 1306
2418 4 2 1 1 176 826 827 991
2419 4 2 1 1 2014 2046 212 1196
2420 4 2 1 1 977 1150 686 1546
2421 4 2 1 1 731 1246 1214 1834
2422 4 2 1 1 1041 983 1470 1294
2423 4 2 1 1 1860 1481 94 1025
2424 4 2 1 1 676 1284 1016 1012
2425 4 2 1 1 313 353 318 1164
2426 4 2 1 1 691 1047 1589 1957
2427 4 2 1 1 877 1555 1222 1741
2428 4 2 1 1 776 1788 1726 1840
2429 4 2 1 1 268 2014 58 289
2430 4 2 1 1 614 1723 1213 1906
2431 4 2 1 1 997 1547 1224 1866
2432 4 2 1 1 636 1322 881 1454
2433 4 2 1 1 2014 2046 57 212
2434 4 2 1 1 1079 1135 896 1526
2435 4 2 1 1 268 2014 289 1813
2436 4 2 1 1 268 1196 2014 1813
2437 4 2 1 1 807 958 1434 1631
2438 4 2 1 1 198 1020 181 826
2439 4 2 1 1 81 753 1023 1348
2440 4 2 1 1 622 1068 1059 1446
2441 4 2 1 1 97 101 100 1987
2442 4 2 1 1 638 1553 1530 1471
2443 4 2 1 1 1566 1888 1932 925
2444 4 2 1 1 74 73 265 1183
2445 4 2 1 1 626 1264 965 1660
2446 4 2 1 1 788 1766 1620 1962
2447 4 2 1 1 622 1059 1068 1650
2448 4 2 1 1 996 1567 145 1937
2449 4 2 1 1 1183 73 265 284
2450 4 2 1 1 1183 2048 74 258
2451 4 2 1 1 40 41 2013 338
2452 4 2 1 1 1611 975 1320 1459
2453 4 2 1 1 2043 128 48 1937
2454 4 2 1 1 694 1349 887 1350
2455 4 2 1 1 1619 1967 1532 788
2456 4 2 1 1 767 1586 1200 1715
2457 4 2 1 1 1292 1683 1728 689
2458 4 2 1 1 21 22 115 1151
2459 4 2 1 1 817 747 1261 1651
2460 4 2 1 1 970 1030 766 1395
2461 4 2 1 1 1024 1548 866 1725
2462 4 2 1 1 663 1327 1195 1719
2463 4 2 1 1 757 1257 1123 1463
2464 4 2 1 1 1362 1517 835 1606
2465 4 2 1 1 920 1854 941 1953
2466 4 2 1 1 979 1500 1047 1743
2467 4 2 1 1 367 535 1125 1523
2468 4 2 1 1 1233 1286 871 1653
2469 4 2 1 1 683 1279 916 1529
2470 4 2 1 1 675 1253 1011 1511
2471 4 2 1 1 510 1167 463 1630
2472 4 2 1 1 701 830 1412 1583
2473 4 2 1 1 851 1470 1114 1503
2474 4 2 1 1 2013 581 40 338
2475 4 2 1 1 981 1290 1268 1478
2476 4 2 1 1 1145 761 627 1720
2477 4 2 1 1 934 787 687 1472
2478 4 2 1 1 676 1265 1284 1910
2479 4 2 1 1 925 1169 666 1226
2480 4 2 1 1 680 1138 971 1948
2481 4 2 1 1 1078 1771 1574 1783
2482 4 2 1 1 784 1228 1000 1421
2483 4 2 1 1 660 1334 949 1658
2484 4 2 1 1 967 1129 821 1677
2485 4 2 1 1 765 1835 1512 1898
2486 4 2 1 1 750 1347 985 1638
2487 4 2 1 1 1567 933 878 687
2488 4 2 1 1 1285 1570 1871 1587
2489 4 2 1 1 1443 1502 865 1892
2490 4 2 1 1 925 666 1169 1759
2491 4 2 1 1 670 1194 959 1193
2492 4 2 1 1 1483 1220 658 1484
2493 4 2 1 1 636 939 1073 1373
2494 4 2 1 1 1994 648 1000 1316
2495 4 2 1 1 891 1195 1166 1857
2496 4 2 1 1 1270 1491 1247 1797
2497 4 2 1 1 1147 1091 960 1683
2498 4 2 1 1 1051 1093 786 1265
2499 4 2 1 1 2013 338 41 1037
2500 4 2 1 1 661 1384 880 1028
2501 4 2 1 1 1432 847 1909 1934
2502 4 2 1 1 229 235 228 1341
2503 4 2 1 1 1055 1281 1280 1720
2504 4 2 1 1 1355 907 1964 1702
2505 4 2 1 1 445 400 1221 1604
2506 4 2 1 1 1034 1597 1250 1943
2507 4 2 1 1 299 279 284 1234
2508 4 2 1 1 680 971 1138 1734
2509 4 2 1 1 662 1105 1085 1115
2510 4 2 1 1 737 1416 1124 909
2511 4 2 1 1 1040 1288 734 770
2512 4 2 1 1 709 893 1104 1116
2513 4 2 1 1 990 1189 989 1749
2514 4 2 1 1 659 958 1608 1631
2515 4 2 1 1 741 1269 1078 1363
2516 4 2 1 1 197 211 201 1793
2517 4 2 1 1 1089 1284 1259 1659
2518 4 2 1 1 2012 305 62 267
2519 4 2 1 1 1000 1271 784 1830
2520 4 2 1 1 347 1464 556 1977
2521 4 2 1 1 267 61 62 2012
2522 4 2 1 1 763 866 1668 1313
2523 4 2 1 1 979 1258 735 1414
2524 4 2 1 1 693 1403 895 1739
2525 4 2 1 1 1058 823 1513 1833
2526 4 2 1 1 848 1697 1266 1922
2527 4 2 1 1 662 1105 1055 1145
2528 4 2 1 1 1092 1431 893 724
2529 4 2 1 1 2012 2047 213 62
2530 4 2 1 1 849 1366 1207 1562
2531 4 2 1 1 982 832 1343 1956
2532 4 2 1 1 1094 1657 1078 1822
2533 4 2 1 1 267 2035 1596 287
2534 4 2 1 1 129 35 36 2015
2535 4 2 1 1 267 2035 287 61
2536 4 2 1 1 267 1596 2012 1795
2537 4 2 1 1 1983 1683 1921 936
2538 4 2 1 1 26 25 248 2011
2539 4 2 1 1 872 1250 1082 1950
2540 4 2 1 1 89 1469 1027 1904
2541 4 2 1 1 673 1048 1342 1160
2542 4 2 1 1 1137 1852 1088 1935
2543 4 2 1 1 1809 1818 359 1867
2544 4 2 1 1 1526 825 1351 1521
2545 4 2 1 1 697 1193 998 1635
2546 4 2 1 1 759 724 1303 893
2547 4 2 1 1 706 1598 1143 1927
2548 4 2 1 1 814 1249 952 1410
2549 4 2 1 1 1091 924 464 1641
2550 4 2 1 1 930 1742 1763 1924
2551 4 2 1 1 25 248 2011 1165
2552 4 2 1 1 720 1618 1179 1816
2553 4 2 1 1 777 1223 1029 1420
2554 4 2 1 1 774 1216 955 1538
2555 4 2 1 1 648 1271 1000 1830
2556 4 2 1 1 656 1266 1775 914
2557 4 2 1 1 652 1286 1274 1706
2558 4 2 1 1 734 1170 1088 1358
2559 4 2 1 1 1040 1852 1137 1935
2560 4 2 1 1 854 1143 1066 1931
2561 4 2 1 1 320 877 1555 610
2562 4 2 1 1 820 1092 1360 1863
2563 4 2 1 1 704 1445 1067 898
2564 4 2 1 1 892 743 1514 1948
2565 4 2 1 1 2010 291 269 1974
2566 4 2 1 1 627 1242 1720 761
2567 4 2 1 1 984 1274 652 1721
2568 4 2 1 1 749 1205 1305 1486
2569 4 2 1 1 720 1179 1353 1816
2570 4 2 1 1 54 55 269 2010
2571 4 2 1 1 621 1389 962 1732
2572 4 2 1 1 2010 269 54 1810
2573 4 2 1 1 1120 844 773 1892
2574 4 2 1 1 1994 1940 876 697
2575 4 2 1 1 975 833 1459 1611
2576 4 2 1 1 678 1495 912 1731
2577 4 2 1 1 1606 1704 1362 1818
2578 4 2 1 1 953 1397 1206 621
2579 4 2 1 1 1140 1417 1580 1880
2580 4 2 1 1 226 1105 1085 1718
2581 4 2 1 1 993 1270 1252 1501
2582 4 2 1 1 1141 1530 805 911
2583 4 2 1 1 724 885 717 1490
2584 4 2 1 1 425 1221 1209 1936
2585 4 2 1 1 2010 291 55 269
2586 4 2 1 1 689 1503 1120 1728
2587 4 2 1 1 367 1125 370 1640
2588 4 2 1 1 1659 1907 999 1371
2589 4 2 1 1 780 1167 1322 1514
2590 4 2 1 1 693 895 1243 1467
2591 4 2 1 1 932 1883 1676 1927
2592 4 2 1 1 396 1942 1774 405
2593 4 2 1 1 496 1179 418 1353
2594 4 2 1 1 1250 1597 872 1943
2595 4 2 1 1 1588 1658 949 1594
2596 4 2 1 1 851 1114 1041 1340
2597 4 2 1 1 1138 772 993 639
2598 4 2 1 1 866 763 1312 1313
2599 4 2 1 1 1307 891 1857 771
2600 4 2 1 1 349 1263 1097 1799
2601 4 2 1 1 1130 1289 1922 1584
2602 4 2 1 1 1727 1035 1279 683
2603 4 2 1 1 787 647 1385 921
2604 4 2 1 1 269 1810 2010 1974
2605 4 2 1 1 842 980 744 989
2606 4 2 1 1 1462 1523 1125 870
2607 4 2 1 1 874 955 1538 1759
2608 4 2 1 1 1259 1502 1098 953
2609 4 2 1 1 1056 1750 1709 1751
2610 4 2 1 1 1029 769 1319 1407
2611 4 2 1 1 2010 2045 132 55
2612 4 2 1 1 1667 1017 1408 220
2613 4 2 1 1 681 1268 1290 1478
2614 4 2 1 1 13 14 203 2009
2615 4 2 1 1 87 31 32 2030
2616 4 2 1 1 2009 214 14 203
2617 4 2 1 1 960 1362 835 1391
2618 4 2 1 1 1114 1386 1172 1473
2619 4 2 1 1 819 880 730 961
2620 4 2 1 1 810 1601 1544 640
2621 4 2 1 1 1112 690 1637 1995
2622 4 2 1 1 925 666 1047 1743
2623 4 2 1 1 1907 999 1371 505
2624 4 2 1 1 641 1502 1443 1892
2625 4 2 1 1 1786 1665 494 1121
2626 4 2 1 1 1081 1643 1275 799
2627 4 2 1 1 733 979 1396 1652
2628 4 2 1 1 707 1094 1460 1480
2629 4 2 1 1 807 1501 1304 1565
2630 4 2 1 1 550 479 551 1582
2631 4 2 1 1 457 1036 751 1278
2632 4 2 1 1 717 1796 1341 1877
2633 4 2 1 1 1860 1959 113 1987
2634 4 2 1 1 428 1902 1278 1903
2635 4 2 1 1 620 1581 908 1751
2636 4 2 1 1 1044 690 1444 1212
2637 4 2 1 1 2009 2050 103 1220
2638 4 2 1 1 418 1353 1179 1816
2639 4 2 1 1 849 1366 1231 1907
2640 4 2 1 1 623 1181 848 1182
2641 4 2 1 1 397 490 391 1724
2642 4 2 1 1 1059 843 1975 1068
2643 4 2 1 1 906 1400 1638 1776
2644 4 2 1 1 1094 1480 1407 1631
2645 4 2 1 1 901 1416 1124 965
2646 4 2 1 1 744 1143 1109 1598
2647 4 2 1 1 635 1085 885 1115
2648 4 2 1 1 964 763 1052 1245
2649 4 2 1 1 847 1787 1767 1909
2650 4 2 1 1 774 1229 1538 1759
2651 4 2 1 1 2009 2028 125 14
2652 4 2 1 1 2010 151 132 1974
2653 4 2 1 1 1172 1473 1386 1525
2654 4 2 1 1 693 1403 1002 1534
2655 4 2 1 1 846 1299 1456 1717
2656 4 2 1 1 1273 1372 747 1714
2657 4 2 1 1 1137 809 1040 1887
2658 4 2 1 1 678 1241 912 1495
2659 4 2 1 1 795 1217 1048 907
2660 4 2 1 1 2009 2050 13 103
2661 4 2 1 1 1320 1578 1131 1619
2662 4 2 1 1 1857 1291 895 1202
2663 4 2 1 1 392 1001 391 1724
2664 4 2 1 1 865 1443 1283 1502
2665 4 2 1 1 228 783 1408 1537
2666 4 2 1 1 904 1203 942 1357
2667 4 2 1 1 1788 1808 961 674
2668 4 2 1 1 1772 1702 1639 679
2669 4 2 1 1 664 1070 1303 1468
2670 4 2 1 1 713 1221 1209 1539
2671 4 2 1 1 840 1154 1433 1459
2672 4 2 1 1 454 1278 457 1903
2673 4 2 1 1 937 639 1400 1099
2674 4 2 1 1 2009 827 203 1220
2675 4 2 1 1 1106 1472 934 1756
2676 4 2 1 1 263 53 54 2008
2677 4 2 1 1 1545 1670 1351 1700
2678 4 2 1 1 189 889 1323 1813
2679 4 2 1 1 716 950 1153 1551
2680 4 2 1 1 784 1093 1271 1673
2681 4 2 1 1 866 1024 448 1492
2682 4 2 1 1 729 1688 1007 864
2683 4 2 1 1 1034 838 1437 1479
2684 4 2 1 1 789 1250 1082 1858
2685 4 2 1 1 1046 1371 377 1780
2686 4 2 1 1 741 1574 1203 1783
2687 4 2 1 1 1293 1262 1557 1005
2688 4 2 1 1 655 1287 1282 1491
2689 4 2 1 1 1293 1262 1005 1437
2690 4 2 1 1 637 1858 872 1943
2691 4 2 1 1 443 1035 969 1820
2692 4 2 1 1 1125 1366 370 1640
2693 4 2 1 1 249 974 1234 1752
2694 4 2 1 1 1181 1498 1700 682
2695 4 2 1 1 1216 1485 978 774
2696 4 2 1 1 681 1118 1233 1286
2697 4 2 1 1 54 263 2008 1810
2698 4 2 1 1 286 53 263 2008
2699 4 2 1 1 1602 1746 1479 1826
2700 4 2 1 1 978 1485 1216 766
2701 4 2 1 1 855 708 1329 1332
2702 4 2 1 1 696 964 1404 1132
2703 4 2 1 1 706 1219 1197 1989
2704 4 2 1 1 507 449 404 1021
2705 4 2 1 1 639 1415 1058 1776
2706 4 2 1 1 271 2008 263 1810
2707 4 2 1 1 47 46 2007 254
2708 4 2 1 1 1347 1833 1058 639
2709 4 2 1 1 904 1574 1530 1771
2710 4 2 1 1 254 46 2007 251
2711 4 2 1 1 1325 1829 1042 1851
2712 4 2 1 1 1088 1170 734 1211
2713 4 2 1 1 236 2043 1664 254
2714 4 2 1 1 1739 841 1547 1202
2715 4 2 1 1 665 941 1093 1673
2716 4 2 1 1 254 251 2007 1664
2717 4 2 1 1 779 924 1231 1409
2718 4 2 1 1 740 1136 994 1893
2719 4 2 1 1 433 1297 976 1966
2720 4 2 1 1 630 1153 934 1187
2721 4 2 1 1 164 2043 47 2007
2722 4 2 1 1 24 25 2006 238
2723 4 2 1 1 422 1255 435 1675
2724 4 2 1 1 959 747 1238 1714
2725 4 2 1 1 2006 219 24 238
2726 4 2 1 1 713 913 1298 1716
2727 4 2 1 1 1733 1727 1605 683
2728 4 2 1 1 796 1160 1048 1660
2729 4 2 1 1 1574 1745 1553 864
2730 4 2 1 1 715 952 1142 1444
2731 4 2 1 1 1394 1169 1635 1985
2732 4 2 1 1 655 1247 1287 1491
2733 4 2 1 1 634 1212 972 1801
2734 4 2 1 1 203 826 1220 827
2735 4 2 1 1 340 989 991 990
2736 4 2 1 1 1026 1126 668 1662
2737 4 2 1 1 2019 1915 1795 133
2738 4 2 1 1 712 1072 974 858
2739 4 2 1 1 981 1363 1107 1791
2740 4 2 1 1 627 752 692 1281
2741 4 2 1 1 1045 934 818 1551
2742 4 2 1 1 666 1047 1421 1759
2743 4 2 1 1 955 1421 1047 1759
2744 4 2 1 1 721 1275 1166 1681
2745 4 2 1 1 638 1471 1140 1822
2746 4 2 1 1 1001 1308 392 1559
2747 4 2 1 1 2006 219 238 1354
2748 4 2 1 1 445 400 487 1221
2749 4 2 1 1 817 1379 1186 1578
2750 4 2 1 1 619 1156 1672 1825
2751 4 2 1 1 1499 853 1395 1198
2752 4 2 1 1 811 1467 1188 1570
2753 4 2 1 1 188 185 186 1808
2754 4 2 1 1 1246 1654 854 1675
2755 4 2 1 1 672 1462 1364 1669
2756 4 2 1 1 1023 1132 810 1208
2757 4 2 1 1 1754 1064 1781 1045
2758 4 2 1 1 707 1460 1156 1480
2759 4 2 1 1 238 25 2006 1165
2760 4 2 1 1 1207 1366 743 1562
2761 4 2 1 1 2006 238 1165 1354
2762 4 2 1 1 1733 1727 683 1035
2763 4 2 1 1 1685 1950 1250 699
2764 4 2 1 1 1251 1236 1381 852
2765 4 2 1 1 247 1536 1017 244
2766 4 2 1 1 796 797 1342 1557
2767 4 2 1 1 733 1399 979 1652
2768 4 2 1 1 351 936 1474 1477
2769 4 2 1 1 1103 1213 877 1741
2770 4 2 1 1 79 311 2005 80
2771 4 2 1 1 745 1118 1065 1553
2772 4 2 1 1 877 1402 1103 1741
2773 4 2 1 1 192 1049 1236 1346
2774 4 2 1 1 665 1197 941 1252
2775 4 2 1 1 1733 1727 1035 1296
2776 4 2 1 1 718 1039 1889 1891
2777 4 2 1 1 980 1143 649 1199
2778 4 2 1 1 279 1974 1377 269
2779 4 2 1 1 121 1146 84 1793
2780 4 2 1 1 1591 785 1398 1037
2781 4 2 1 1 1550 1792 1452 824
2782 4 2 1 1 1909 1933 1787 1174
2783 4 2 1 1 624 1561 834 1564
2784 4 2 1 1 81 753 1904 1464
2785 4 2 1 1 754 1260 1149 1634
2786 4 2 1 1 1844 1526 1314 651
2787 4 2 1 1 1371 1665 831 1692
2788 4 2 1 1 652 1218 1119 1237
2789 4 2 1 1 713 913 1539 1298
2790 4 2 1 1 630 934 1106 1187
2791 4 2 1 1 951 950 1303 1516
2792 4 2 1 1 170 2052 131 1815
2793 4 2 1 1 707 1363 1078 1657
2794 4 2 1 1 2005 354 80 311
2795 4 2 1 1 1190 1533 756 1436
2796 4 2 1 1 925 1229 1169 1566
2797 4 2 1 1 641 1283 1443 1502
2798 4 2 1 1 340 342 578 990
2799 4 2 1 1 762 1688 1007 1862
2800 4 2 1 1 611 607 1909 1977
2801 4 2 1 1 2039 168 2047 1795
2802 4 2 1 1 1028 1862 880 661
2803 4 2 1 1 1453 1137 659 1887
2804 4 2 1 1 79 2005 311 1667
2805 4 2 1 1 483 926 439 1738
2806 4 2 1 1 619 1456 1260 1717
2807 4 2 1 1 622 1188 1128 1650
2808 4 2 1 1 735 1258 1421 1673
2809 4 2 1 1 47 48 2043 128
2810 4 2 1 1 512 543 969 1761
2811 4 2 1 1 1174 1933 1926 1934
2812 4 2 1 1 1152 882 1543 1672
2813 4 2 1 1 729 864 1075 1745
2814 4 2 1 1 733 1264 1227 1805
2815 4 2 1 1 680 1489 1138 1948
2816 4 2 1 1 632 801 1520 1168
2817 4 2 1 1 570 1292 476 1474
2818 4 2 1 1 1093 786 1493 1646
2819 4 2 1 1 1021 1296 898 1605
2820 4 2 1 1 1236 190 1726 173
2821 4 2 1 1 243 1144 1718 1939
2822 4 2 1 1 311 1017 1667 2005
2823 4 2 1 1 190 187 184 1840
2824 4 2 1 1 1058 1765 823 1834
2825 4 2 1 1 2005 2049 260 80
2826 4 2 1 1 693 1467 1570 1202
2827 4 2 1 1 1273 1714 982 1740
2828 4 2 1 1 1127 1621 1429 1903
2829 4 2 1 1 988 755 1232 1588
2830 4 2 1 1 1093 1493 1271 1646
2831 4 2 1 1 885 1490 724 1864
2832 4 2 1 1 1462 1523 870 1210
2833 4 2 1 1 714 1569 1010 1696
2834 4 2 1 1 851 1114 1473 1503
2835 4 2 1 1 753 1023 1208 1464
2836 4 2 1 1 311 1667 1017 1799
2837 4 2 1 1 937 1400 1358 1099
2838 4 2 1 1 178 9 10 2004
2839 4 2 1 1 1188 1570 781 1698
2840 4 2 1 1 1360 1532 1967 1100
2841 4 2 1 1 115 87 124 1151
2842 4 2 1 1 2004 2046 123 1196
2843 4 2 1 1 515 369 371 1366
2844 4 2 1 1 1682 858 1072 1962
2845 4 2 1 1 947 690 1637 1961
2846 4 2 1 1 2024 1853 986 1779
2847 4 2 1 1 1654 1675 1676 854
2848 4 2 1 1 271 2008 1810 1515
2849 4 2 1 1 913 1679 1121 1786
2850 4 2 1 1 1117 1401 1053 1998
2851 4 2 1 1 1051 1692 1013 1800
2852 4 2 1 1 962 1500 1652 1732
2853 4 2 1 1 246 2027 1151 252
2854 4 2 1 1 446 486 1429 898
2855 4 2 1 1 1792 1905 1030 824
2856 4 2 1 1 1792 1905 824 1550
2857 4 2 1 1 1224 1547 841 1866
2858 4 2 1 1 786 1265 1093 1493
2859 4 2 1 1 707 1060 1363 1657
2860 4 2 1 1 1413 1703 533 1816
2861 4 2 1 1 1061 1409 1120 1728
2862 4 2 1 1 1062 1063 694 1201
2863 4 2 1 1 1192 1329 708 1333
2864 4 2 1 1 834 923 695 1611
2865 4 2 1 1 1013 1051 890 1942
2866 4 2 1 1 253 800 1105 1145
2867 4 2 1 1 710 945 785 1737
2868 4 2 1 1 1711 1410 1250 1235
2869 4 2 1 1 2004 197 10 178
2870 4 2 1 1 690 1112 1044 1444
2871 4 2 1 1 647 1919 921 1234
2872 4 2 1 1 174 1484 211 1793
2873 4 2 1 1 1019 916 1642 1965
2874 4 2 1 1 2012 61 62 177
2875 4 2 1 1 694 1982 1761 969
2876 4 2 1 1 984 832 1131 1620
2877 4 2 1 1 767 1019 830 1482
2878 4 2 1 1 784 1271 1228 1673
2879 4 2 1 1 885 1516 717 1537
2880 4 2 1 1 758 1476 1223 1743
2881 4 2 1 1 758 1885 931 1420
2882 4 2 1 1 956 748 1471 1629
2883 4 2 1 1 1056 820 1494 1581
2884 4 2 1 1 890 1051 1013 1800
2885 4 2 1 1 1259 1375 1098 1997
2886 4 2 1 1 1792 1229 1452 968
2887 4 2 1 1 429 542 430 1851
2888 4 2 1 1 295 1126 278 298
2889 4 2 1 1 518 1325 430 1829
2890 4 2 1 1 714 1634 1696 1010
2891 4 2 1 1 1956 1740 1273 982
2892 4 2 1 1 798 992 1336 1972
2893 4 2 1 1 1215 1397 953 1652
2894 4 2 1 1 1066 1143 649 1931
2895 4 2 1 1 896 963 625 1344
2896 4 2 1 1 720 976 1458 1989
2897 4 2 1 1 1927 1676 1654 1883
2898 4 2 1 1 2004 2034 107 10
2899 4 2 1 1 734 1358 1088 1935
2900 4 2 1 1 944 1255 577 1900
2901 4 2 1 1 1038 1039 1680 697
2902 4 2 1 1 753 1382 1157 1748
2903 4 2 1 1 1066 1609 1834 854
2904 4 2 1 1 786 1548 1493 1646
2905 4 2 1 1 1739 841 1202 693
2906 4 2 1 1 1966 1816 976 433
2907 4 2 1 1 966 992 688 1336
2908 4 2 1 1 705 1626 1806 1897
2909 4 2 1 1 804 1161 1067 1724
2910 4 2 1 1 1008 1881 858 712
2911 4 2 1 1 1304 1501 764 1565
2912 4 2 1 1 851 1114 1340 1473
2913 4 2 1 1 696 964 763 1052
2914 4 2 1 1 968 1326 959 1714
2915 4 2 1 1 418 1179 1618 1816
2916 4 2 1 1 659 1040 1137 1935
2917 4 2 1 1 571 1703 574 1832
2918 4 2 1 1 1347 1427 639 1058
2919 4 2 1 1 687 1392 934 1781
2920 4 2 1 1 1881 293 1151 1368
2921 4 2 1 1 741 942 1203 1405
2922 4 2 1 1 669 1787 1708 1933
2923 4 2 1 1 905 808 1284 1617
2924 4 2 1 1 2019 1915 133 156
2925 4 2 1 1 834 1509 1033 1561
2926 4 2 1 1 1277 138 1567 778
2927 4 2 1 1 727 1455 1426 1917
2928 4 2 1 1 807 1608 958 1631
2929 4 2 1 1 500 498 1353 1668
2930 4 2 1 1 1260 1546 1149 1634
2931 4 2 1 1 1277 138 778 137
2932 4 2 1 1 1128 1335 1321 1972
2933 4 2 1 1 688 1014 813 1123
2934 4 2 1 1 2004 2046 9 123
2935 4 2 1 1 733 1048 1012 1624
2936 4 2 1 1 178 1196 2004 1793
2937 4 2 1 1 693 1467 1086 1570
2938 4 2 1 1 1551 716 1455 1045
2939 4 2 1 1 1147 1728 1120 793
2940 4 2 1 1 501 1046 1947 1692
2941 4 2 1 1 758 1223 1500 1743
2942 4 2 1 1 659 1608 1304 1631
2943 4 2 1 1 702 1103 1213 756
2944 4 2 1 1 367 366 960 1640
2945 4 2 1 1 1020 722 842 1185
2946 4 2 1 1 307 17 18 1464
2947 4 2 1 1 621 953 1397 1652
2948 4 2 1 1 307 17 1464 1850
2949 4 2 1 1 744 1143 1199 1109
2950 4 2 1 1 721 1502 1098 1997
2951 4 2 1 1 662 1055 1280 1720
2952 4 2 1 1 570 466 476 1292
2953 4 2 1 1 125 2042 86 15
2954 4 2 1 1 620 952 1293 1410
2955 4 2 1 1 1223 691 925 1888
2956 4 2 1 1 1224 1426 997 1866
2957 4 2 1 1 2019 168 133 1795
2958 4 2 1 1 695 1379 817 1578
2959 4 2 1 1 862 701 1043 1345
2960 4 2 1 1 779 1089 1374 1409
2961 4 2 1 1 851 1503 1292 1641
2962 4 2 1 1 311 354 326 1798
2963 4 2 1 1 272 1944 1919 1077
2964 4 2 1 1 935 777 1223 1828
2965 4 2 1 1 745 1118 1286 1705
2966 4 2 1 1 629 1228 941 1485
2967 4 2 1 1 510 463 424 1630
2968 4 2 1 1 1038 1216 718 1538
2969 4 2 1 1 693 1534 1465 1349
2970 4 2 1 1 906 1638 1427 1776
2971 4 2 1 1 201 889 189 1813
2972 4 2 1 1 1377 867 1515 1810
2973 4 2 1 1 1077 1919 921 1944
2974 4 2 1 1 899 1375 1259 1997
2975 4 2 1 1 2003 60 59 261
2976 4 2 1 1 666 925 1226 1743
2977 4 2 1 1 689 1003 1525 1683
2978 4 2 1 1 693 1465 1224 1678
2979 4 2 1 1 879 1466 1465 1534
2980 4 2 1 1 844 1443 1061 1976
2981 4 2 1 1 1149 879 714 1848
2982 4 2 1 1 1305 1486 814 1923
2983 4 2 1 1 703 871 1370 1984
2984 4 2 1 1 1008 1959 1860 1987
2985 4 2 1 1 491 1161 1429 1823
2986 4 2 1 1 145 138 147 1567
2987 4 2 1 1 672 1364 1447 1669
2988 4 2 1 1 1027 627 1382 1874
2989 4 2 1 1 786 1051 1265 1121
2990 4 2 1 1 686 1299 846 1717
2991 4 2 1 1 1221 1604 913 1716
2992 4 2 1 1 1239 1544 810 1699
2993 4 2 1 1 157 50 49 2044
2994 4 2 1 1 1394 775 1602 1603
2995 4 2 1 1 671 1533 995 1826
2996 4 2 1 1 973 1345 1656 1853
2997 4 2 1 1 172 2031 1323 2003
2998 4 2 1 1 1688 1689 1007 864
2999 4 2 1 1 2003 287 60 261
3000 4 2 1 1 650 1859 842 989
3001 4 2 1 1 972 708 1332 1333
3002 4 2 1 1 172 2031 2003 59
3003 4 2 1 1 835 868 1683 1983
3004 4 2 1 1 1083 789 1082 1858
3005 4 2 1 1 624 1416 1276 909
3006 4 2 1 1 1114 1470 844 1503
3007 4 2 1 1 874 1538 1193 1988
3008 4 2 1 1 878 687 1392 1567
3009 4 2 1 1 820 1154 1648 1685
3010 4 2 1 1 1098 1375 971 1997
3011 4 2 1 1 919 1007 652 1119
3012 4 2 1 1 911 1309 1141 1461
3013 4 2 1 1 350 590 323 1911
3014 4 2 1 1 988 1456 1232 1707
3015 4 2 1 1 2003 2035 196 60
3016 4 2 1 1 739 1069 1068 1975
3017 4 2 1 1 1081 1359 1643 799
3018 4 2 1 1 491 1067 446 1429
3019 4 2 1 1 725 1105 1115 1864
3020 4 2 1 1 2019 281 1515 286
3021 4 2 1 1 664 1205 947 1674
3022 4 2 1 1 976 1297 433 1413
3023 4 2 1 1 279 1183 1234 1377
3024 4 2 1 1 1035 1122 969 1730
3025 4 2 1 1 895 1202 1291 1467
3026 4 2 1 1 765 1512 862 1898
3027 4 2 1 1 626 965 1071 1660
3028 4 2 1 1 1006 1557 1240 797
3029 4 2 1 1 715 972 1332 1558
3030 4 2 1 1 1008 1662 1176 1881
3031 4 2 1 1 698 914 896 1526
3032 4 2 1 1 959 1238 747 1239
3033 4 2 1 1 1774 1894 1554 504
3034 4 2 1 1 1223 1500 691 1828
3035 4 2 1 1 699 908 1433 1034
3036 4 2 1 1 1231 1366 793 1819
3037 4 2 1 1 814 1410 952 1607
3038 4 2 1 1 1794 2003 1596 1323
3039 4 2 1 1 908 900 620 1410
3040 4 2 1 1 143 1230 1726 1381
3041 4 2 1 1 835 1362 1704 1921
3042 4 2 1 1 262 72 71 2002
3043 4 2 1 1 878 1392 1163 1567
3044 4 2 1 1 1120 1147 689 1728
3045 4 2 1 1 807 1389 1304 1631
3046 4 2 1 1 1008 1881 1176 1959
3047 4 2 1 1 1317 1426 822 1450
3048 4 2 1 1 1009 1441 862 623
3049 4 2 1 1 639 1099 1138 1415
3050 4 2 1 1 680 1306 1284 1734
3051 4 2 1 1 447 500 498 1353
3052 4 2 1 1 692 1055 1281 792
3053 4 2 1 1 859 1227 1264 1805
3054 4 2 1 1 1247 1434 807 1797
3055 4 2 1 1 693 1086 1465 1678
3056 4 2 1 1 1036 1278 1035 1279
3057 4 2 1 1 2019 1915 156 2008
3058 4 2 1 1 635 1085 1162 1537
3059 4 2 1 1 992 688 1336 1972
3060 4 2 1 1 1307 1310 882 1965
3061 4 2 1 1 909 1276 998 1635
3062 4 2 1 1 870 1761 1062 1809
3063 4 2 1 1 588 310 1185 1318
3064 4 2 1 1 1281 756 1242 1190
3065 4 2 1 1 689 1147 1003 1683
3066 4 2 1 1 609 433 558 1297
3067 4 2 1 1 726 1885 1563 1420
3068 4 2 1 1 630 1551 1153 1764
3069 4 2 1 1 262 2033 300 1368
3070 4 2 1 1 733 1227 1528 1805
3071 4 2 1 1 2037 217 1234 241
3072 4 2 1 1 912 1136 861 1495
3073 4 2 1 1 1213 1723 829 1906
3074 4 2 1 1 1006 1071 756 1533
3075 4 2 1 1 759 1328 1941 1979
3076 4 2 1 1 925 1476 1223 1888
3077 4 2 1 1 244 783 237 1536
3078 4 2 1 1 1280 1281 1055 792
3079 4 2 1 1 785 1004 126 1541
3080 4 2 1 1 920 941 706 1953
3081 4 2 1 1 653 1263 1184 815
3082 4 2 1 1 1697 1946 1441 1508
3083 4 2 1 1 698 896 897 1135
3084 4 2 1 1 740 994 1495 1496
3085 4 2 1 1 1204 922 1384 1990
3086 4 2 1 1 659 1137 1040 1887
3087 4 2 1 1 779 1231 924 1579
3088 4 2 1 1 1523 672 960 1517
3089 4 2 1 1 262 2033 1368 2002
3090 4 2 1 1 2041 2045 169 160
3091 4 2 1 1 631 1310 1170 1358
3092 4 2 1 1 114 827 2009 1220
3093 4 2 1 1 262 1234 2002 1368
3094 4 2 1 1 884 1633 1719 799
3095 4 2 1 1 1299 1449 1352 1849
3096 4 2 1 1 2045 302 291 1183
3097 4 2 1 1 668 889 1146 1590
3098 4 2 1 1 846 1204 661 1849
3099 4 2 1 1 2037 217 241 72
3100 4 2 1 1 721 1098 1502 953
3101 4 2 1 1 1561 1436 1416 901
3102 4 2 1 1 836 966 1606 1818
3103 4 2 1 1 1006 1262 796 1071
3104 4 2 1 1 678 1242 1241 1495
3105 4 2 1 1 1046 1559 379 1947
3106 4 2 1 1 716 1736 1031 1878
3107 4 2 1 1 334 546 547 1367
3108 4 2 1 1 450 1411 411 1579
3109 4 2 1 1 1325 930 1592 679
3110 4 2 1 1 1035 1729 1122 1730
3111 4 2 1 1 1066 1609 854 1931
3112 4 2 1 1 946 1276 860 1316
3113 4 2 1 1 835 1362 960 1517
3114 4 2 1 1 367 960 365 1523
3115 4 2 1 1 701 888 1345 1441
3116 4 2 1 1 766 978 1282 1905
3117 4 2 1 1 225 1085 677 1718
3118 4 2 1 1 1325 1419 930 679
3119 4 2 1 1 993 1058 772 1513
3120 4 2 1 1 680 1098 971 1734
3121 4 2 1 1 657 1083 1084 919
3122 4 2 1 1 680 971 1098 1948
3123 4 2 1 1 701 1009 917 1441
3124 4 2 1 1 11 12 174 2001
3125 4 2 1 1 1038 1193 697 1635
3126 4 2 1 1 520 1474 1292 1829
3127 4 2 1 1 1084 1360 1532 902
3128 4 2 1 1 1498 1865 766 1199
3129 4 2 1 1 174 2050 193 1220
3130 4 2 1 1 1015 1244 803 1245
3131 4 2 1 1 624 1603 834 1746
3132 4 2 1 1 1537 227 228 1973
3133 4 2 1 1 1156 988 707 869
3134 4 2 1 1 1175 1693 1053 1722
3135 4 2 1 1 684 939 1307 1965
3136 4 2 1 1 636 1375 971 1514
3137 4 2 1 1 842 1020 1185 1859
3138 4 2 1 1 666 1226 1169 1518
3139 4 2 1 1 1523 672 1517 1210
3140 4 2 1 1 1021 1296 1605 1733
3141 4 2 1 1 1139 2039 1795 161
3142 4 2 1 1 966 688 1335 1336
3143 4 2 1 1 174 2034 1793 197
3144 4 2 1 1 625 963 897 1113
3145 4 2 1 1 1036 559 434 522
3146 4 2 1 1 373 372 1207 1366
3147 4 2 1 1 774 1295 1032 1589
3148 4 2 1 1 1168 1529 1520 1642
3149 4 2 1 1 1697 1946 1508 809
3150 4 2 1 1 656 1266 914 1417
3151 4 2 1 1 572 1037 791 1422
3152 4 2 1 1 773 1003 1650 1701
3153 4 2 1 1 1459 1663 699 1950
3154 4 2 1 1 729 1007 1075 864
3155 4 2 1 1 925 1566 1169 1932
3156 4 2 1 1 83 23 24 2006
3157 4 2 1 1 779 999 1411 676
3158 4 2 1 1 1623 1690 985 828
3159 4 2 1 1 621 1399 953 1652
3160 4 2 1 1 1104 814 1205 1468
3161 4 2 1 1 744 980 932 989
3162 4 2 1 1 84 2050 12 2001
3163 4 2 1 1 174 2034 197 11
3164 4 2 1 1 955 1228 629 1485
3165 4 2 1 1 937 728 764 1099
3166 4 2 1 1 1881 293 1368 283
3167 4 2 1 1 852 1236 633 1251
3168 4 2 1 1 1453 659 958 1887
3169 4 2 1 1 720 976 1618 1816
3170 4 2 1 1 368 1091 519 1391
3171 4 2 1 1 1156 988 869 1588
3172 4 2 1 1 702 1213 1242 756
3173 4 2 1 1 622 1446 1129 1677
3174 4 2 1 1 1577 1430 705 922
3175 4 2 1 1 746 1521 873 1666
3176 4 2 1 1 689 1003 1147 773
3177 4 2 1 1 690 1069 1212 1701
3178 4 2 1 1 627 1242 761 829
3179 4 2 1 1 988 1232 755 1707
3180 4 2 1 1 937 1270 1501 1608
3181 4 2 1 1 776 1113 1251 1938
3182 4 2 1 1 901 834 624 1561
3183 4 2 1 1 1355 1964 907 626
3184 4 2 1 1 1213 1555 702 1723
3185 4 2 1 1 153 136 150 1591
3186 4 2 1 1 1214 1246 731 1738
3187 4 2 1 1 737 1227 1428 1316
3188 4 2 1 1 2014 1196 207 1813
3189 4 2 1 1 2001 1220 174 1793
3190 4 2 1 1 1107 1722 884 1760
3191 4 2 1 1 285 31 30 1959
3192 4 2 1 1 285 30 264 1959
3193 4 2 1 1 1428 859 1548 1830
3194 4 2 1 1 1227 1830 1428 1316
3195 4 2 1 1 1338 1684 863 1824
3196 4 2 1 1 603 2000 308 1996
3197 4 2 1 1 921 1026 1077 1636
3198 4 2 1 1 774 1047 1229 1759
3199 4 2 1 1 707 988 1363 1760
3200 4 2 1 1 563 321 549 1496
3201 4 2 1 1 960 1147 672 793
3202 4 2 1 1 671 1433 1361 1437
3203 4 2 1 1 978 655 1282 1550
3204 4 2 1 1 737 909 1124 1518
3205 4 2 1 1 937 764 1501 1099
3206 4 2 1 1 1220 1694 1875 948
3207 4 2 1 1 1909 1933 1174 1934
3208 4 2 1 1 337 1423 595 1615
3209 4 2 1 1 366 365 367 960
3210 4 2 1 1 1233 1705 935 637
3211 4 2 1 1 1623 1690 828 649
3212 4 2 1 1 710 1424 1014 1541
3213 4 2 1 1 960 1517 1362 1523
3214 4 2 1 1 560 990 1022 1613
3215 4 2 1 1 934 1153 630 1551
3216 4 2 1 1 603 2000 42 308
3217 4 2 1 1 666 1396 979 1743
3218 4 2 1 1 378 384 505 999
3219 4 2 1 1 1833 1270 1252 993
3220 4 2 1 1 984 1274 1261 1343
3221 4 2 1 1 682 1181 938 1314
3222 4 2 1 1 201 1196 889 1813
3223 4 2 1 1 918 865 1155 1961
3224 4 2 1 1 635 1192 1448 1846
3225 4 2 1 1 443 427 416 1296
3226 4 2 1 1 362 524 328 1704
3227 4 2 1 1 157 167 50 2044
3228 4 2 1 1 969 1440 780 1524
3229 4 2 1 1 714 1425 945 1457
3230 4 2 1 1 1996 1037 2000 308
3231 4 2 1 1 526 1575 499 1934
3232 4 2 1 1 830 1331 1540 1655
3233 4 2 1 1 2020 1424 1798 130
3234 4 2 1 1 1697 1946 809 1438
3235 4 2 1 1 675 1011 1009 1511
3236 4 2 1 1 780 1322 1073 1514
3237 4 2 1 1 1320 1619 1967 902
3238 4 2 1 1 1128 1321 1129 1972
3239 4 2 1 1 336 1422 791 1423
3240 4 2 1 1 876 648 946 1313
3241 4 2 1 1 876 648 1313 1271
3242 4 2 1 1 279 1974 269 291
3243 4 2 1 1 618 957 1096 1740
3244 4 2 1 1 1540 1568 830 1655
3245 4 2 1 1 1340 1582 1042 1829
3246 4 2 1 1 1128 1188 868 1650
3247 4 2 1 1 434 428 427 1278
3248 4 2 1 1 1199 1499 1395 1498
3249 4 2 1 1 41 42 2000 308
3250 4 2 1 1 1816 533 441 1703
3251 4 2 1 1 1029 1060 777 1873
3252 4 2 1 1 667 1591 1315 1626
3253 4 2 1 1 828 1181 938 1498
3254 4 2 1 1 41 308 2000 1037
3255 4 2 1 1 687 996 1383 1960
3256 4 2 1 1 856 1530 1180 1356
3257 4 2 1 1 272 1919 1377 273
3258 4 2 1 1 671 1124 1660 901
3259 4 2 1 1 960 1391 1091 1640
3260 4 2 1 1 1048 1264 733 1805
3261 4 2 1 1 835 960 1391 1683
3262 4 2 1 1 312 67 600 1814
3263 4 2 1 1 1559 391 1001 1890
3264 4 2 1 1 668 1126 889 1590
3265 4 2 1 1 839 1181 1700 1775
3266 4 2 1 1 347 1628 1977 611
3267 4 2 1 1 1250 872 1858 1943
3268 4 2 1 1 1545 1351 1670 1096
3269 4 2 1 1 950 1645 1693 1735
3270 4 2 1 1 736 1340 1687 1893
3271 4 2 1 1 1572 1955 1103 943
3272 4 2 1 1 521 1687 1474 1829
3273 4 2 1 1 1138 1489 704 1948
3274 4 2 1 1 999 779 1411 1661
3275 4 2 1 1 347 1628 611 612
3276 4 2 1 1 921 1077 712 1919
3277 4 2 1 1 589 966 1159 1263
3278 4 2 1 1 1251 1381 1236 776
3279 4 2 1 1 79 2005 220 80
3280 4 2 1 1 939 1310 1307 1965
3281 4 2 1 1 1078 1363 988 1783
3282 4 2 1 1 1902 1727 1296 1278
3283 4 2 1 1 706 1197 1219 1789
3284 4 2 1 1 404 1524 1296 1021
3285 4 2 1 1 1171 702 1555 1723
3286 4 2 1 1 1292 1474 851 1829
3287 4 2 1 1 993 1306 1138 1501
3288 4 2 1 1 729 1203 904 1357
3289 4 2 1 1 556 1904 1464 18
3290 4 2 1 1 556 1904 18 315
3291 4 2 1 1 633 888 1334 1753
3292 4 2 1 1 741 1269 981 1478
3293 4 2 1 1 811 1086 1467 1570
3294 4 2 1 1 391 1445 1001 1890
3295 4 2 1 1 298 1176 1126 1662
3296 4 2 1 1 1667 78 79 224
3297 4 2 1 1 605 1429 1127 1823
3298 4 2 1 1 674 1636 1385 1944
3299 4 2 1 1 639 1270 993 1501
3300 4 2 1 1 1667 79 78 324
3301 4 2 1 1 1498 1287 649 828
3302 4 2 1 1 797 1294 1217 1831
3303 4 2 1 1 1138 704 971 1948
3304 4 2 1 1 1209 1575 420 1934
3305 4 2 1 1 1779 310 66 592
3306 4 2 1 1 948 982 640 1531
3307 4 2 1 1 990 314 342 827
3308 4 2 1 1 706 976 1297 1966
3309 4 2 1 1 419 420 403 1024
3310 4 2 1 1 767 1543 1642 1010
3311 4 2 1 1 2011 112 1164 122
3312 4 2 1 1 774 1032 1295 1550
3313 4 2 1 1 1361 1433 908 1437
3314 4 2 1 1 864 1574 1478 1928
3315 4 2 1 1 935 691 1223 1888
3316 4 2 1 1 1779 2016 1185 171
3317 4 2 1 1 909 1276 1635 1994
3318 4 2 1 1 814 1486 1205 1995
3319 4 2 1 1 1969 1859 529 341
3320 4 2 1 1 1969 529 1859 1318
3321 4 2 1 1 1540 1655 1331 1925
3322 4 2 1 1 665 1513 1197 1833
3323 4 2 1 1 776 961 1113 1938
3324 4 2 1 1 696 1208 1023 1464
3325 4 2 1 1 429 430 1325 1851
3326 4 2 1 1 1340 1592 1042 740
3327 4 2 1 1 977 1430 1594 1717
3328 4 2 1 1 914 928 698 1753
3329 4 2 1 1 1037 331 585 1595
3330 4 2 1 1 758 1223 1029 1500
3331 4 2 1 1 638 1574 1078 1771
3332 4 2 1 1 1409 1728 924 1819
3333 4 2 1 1 1360 1532 1100 1695
3334 4 2 1 1 677 861 1744 994
3335 4 2 1 1 644 1490 1418 1796
3336 4 2 1 1 1648 1967 1663 692
3337 4 2 1 1 1324 1796 974 1973
3338 4 2 1 1 96 1025 98 1860
3339 4 2 1 1 772 1013 1306 1513
3340 4 2 1 1 795 1772 1443 1976
3341 4 2 1 1 793 1728 1409 1819
3342 4 2 1 1 940 1290 1087 1929
3343 4 2 1 1 1163 1567 1392 1937
3344 4 2 1 1 1188 1447 781 1669
3345 4 2 1 1 683 1122 1035 1729
3346 4 2 1 1 1421 1673 1258 1945
3347 4 2 1 1 111 1196 2032 1590
3348 4 2 1 1 1324 1101 1354 858
3349 4 2 1 1 262 299 284 1234
3350 4 2 1 1 620 952 1410 1607
3351 4 2 1 1 785 903 778 1225
3352 4 2 1 1 614 1213 1157 1906
3353 4 2 1 1 1325 1573 1050 679
3354 4 2 1 1 1956 1740 982 1080
3355 4 2 1 1 1158 1205 1647 749
3356 4 2 1 1 403 419 1024 1679
3357 4 2 1 1 1232 1456 846 1707
3358 4 2 1 1 1037 585 331 613
3359 4 2 1 1 1242 627 1190 829
3360 4 2 1 1 1187 1418 1490 717
3361 4 2 1 1 1297 474 932 1883
3362 4 2 1 1 1209 1402 713 1725
3363 4 2 1 1 1300 1018 1307 891
3364 4 2 1 1 872 1084 1083 1653
3365 4 2 1 1 927 1103 1572 1436
3366 4 2 1 1 702 1241 1171 1763
3367 4 2 1 1 1126 275 1077 1794
3368 4 2 1 1 376 377 1371 1780
3369 4 2 1 1 940 1290 1083 1689
3370 4 2 1 1 250 241 222 1183
3371 4 2 1 1 1873 1478 981 1269
3372 4 2 1 1 823 1219 1197 1789
3373 4 2 1 1 800 1165 238 1354
3374 4 2 1 1 1757 1436 1190 1561
3375 4 2 1 1 704 915 1605 1684
3376 4 2 1 1 744 1882 1832 1598
3377 4 2 1 1 511 1524 1440 1761
3378 4 2 1 1 727 1053 1175 1693
3379 4 2 1 1 1832 1882 744 1189
3380 4 2 1 1 747 1273 982 1343
3381 4 2 1 1 1452 1550 774 1792
3382 4 2 1 1 104 84 1146 1220
3383 4 2 1 1 1577 1430 922 1133
3384 4 2 1 1 1336 868 1606 1983
3385 4 2 1 1 887 813 1201 1350
3386 4 2 1 1 700 1334 1200 1583
3387 4 2 1 1 276 1077 1662 1126
3388 4 2 1 1 1035 1036 802 1820
3389 4 2 1 1 657 1084 1532 919
3390 4 2 1 1 760 1104 1057 1305
3391 4 2 1 1 833 1479 1433 1826
3392 4 2 1 1 908 1581 1154 1751
3393 4 2 1 1 1867 357 361 359
3394 4 2 1 1 976 1966 706 1989
3395 4 2 1 1 871 1286 1233 1705
3396 4 2 1 1 1233 1286 1118 1705
3397 4 2 1 1 1868 1558 1376 797
3398 4 2 1 1 895 1739 1435 1857
3399 4 2 1 1 520 1292 465 1641
3400 4 2 1 1 2021 19 20 85
3401 4 2 1 1 318 579 563 1497
3402 4 2 1 1 680 1259 1284 1659
3403 4 2 1 1 647 921 787 1418
3404 4 2 1 1 602 989 341 1859
3405 4 2 1 1 1146 1178 104 1220
3406 4 2 1 1 1867 361 357 1380
3407 4 2 1 1 1165 1354 910 1855
3408 4 2 1 1 1297 932 474 1413
3409 4 2 1 1 730 819 674 1636
3410 4 2 1 1 1377 299 1919 1234
3411 4 2 1 1 823 1554 1219 1894
3412 4 2 1 1 660 1344 1141 1812
3413 4 2 1 1 1098 971 1018 1997
3414 4 2 1 1 377 379 1046 1780
3415 4 2 1 1 902 1663 1360 1967
3416 4 2 1 1 936 1292 1473 1683
3417 4 2 1 1 617 1622 1616 1785
3418 4 2 1 1 743 1322 1167 1514
3419 4 2 1 1 1346 1135 973 698
3420 4 2 1 1 720 1179 1093 1646
3421 4 2 1 1 501 1046 1692 377
3422 4 2 1 1 1045 1426 967 1455
3423 4 2 1 1 641 1259 1502 1841
3424 4 2 1 1 751 1279 1337 1727
3425 4 2 1 1 1283 1374 1012 641
3426 4 2 1 1 1137 1453 742 1887
3427 4 2 1 1 934 1106 818 1998
3428 4 2 1 1 939 683 1310 1965
3429 4 2 1 1 925 1169 1229 1759
3430 4 2 1 1 836 1818 1809 1867
3431 4 2 1 1 129 2015 1236 1726
3432 4 2 1 1 2012 2047 1795 213
3433 4 2 1 1 648 1313 1271 1646
3434 4 2 1 1 995 1361 671 1826
3435 4 2 1 1 783 717 1341 996
3436 4 2 1 1 830 1568 1315 1655
3437 4 2 1 1 1483 1220 195 826
3438 4 2 1 1 1135 1483 837 1808
3439 4 2 1 1 1049 1814 175 1815
3440 4 2 1 1 1867 1982 358 596
3441 4 2 1 1 807 1304 1608 1631
3442 4 2 1 1 925 1229 1047 1759
3443 4 2 1 1 246 2027 252 245
3444 4 2 1 1 634 1172 1114 1386
3445 4 2 1 1 1774 1894 504 407
3446 4 2 1 1 1559 391 1890 388
3447 4 2 1 1 871 703 1186 1984
3448 4 2 1 1 213 2012 62 177
3449 4 2 1 1 677 224 1912 1667
3450 4 2 1 1 875 1208 696 1464
3451 4 2 1 1 126 134 135 1541
3452 4 2 1 1 1149 1260 754 997
3453 4 2 1 1 671 1660 1533 901
3454 4 2 1 1 587 596 358 1982
3455 4 2 1 1 677 216 1912 224
3456 4 2 1 1 1230 1944 1385 867
3457 4 2 1 1 1059 843 1068 1650
3458 4 2 1 1 1435 1739 1327 1857
3459 4 2 1 1 765 862 1182 1898
3460 4 2 1 1 716 1153 934 1551
3461 4 2 1 1 1312 1432 866 1575
3462 4 2 1 1 1199 1109 1143 1865
3463 4 2 1 1 659 1304 1608 1935
3464 4 2 1 1 337 583 541 1127
3465 4 2 1 1 677 224 1667 1408
3466 4 2 1 1 744 932 1143 1598
3467 4 2 1 1 1012 733 1528 1805
3468 4 2 1 1 1160 1437 838 1660
3469 4 2 1 1 216 77 243 1939
3470 4 2 1 1 1168 916 1529 1642
3471 4 2 1 1 512 511 543 1761
3472 4 2 1 1 899 1259 1375 1562
3473 4 2 1 1 677 216 224 225
3474 4 2 1 1 941 1228 629 1593
3475 4 2 1 1 1453 958 659 1631
3476 4 2 1 1 1694 1531 1095 768
3477 4 2 1 1 746 1237 1218 1981
3478 4 2 1 1 1273 1274 1134 1706
3479 4 2 1 1 2042 827 86 1022
3480 4 2 1 1 2032 298 1590 288
3481 4 2 1 1 1351 1700 1670 1844
3482 4 2 1 1 634 1333 1558 1041
3483 4 2 1 1 803 1458 976 1598
3484 4 2 1 1 734 1009 1288 1438
3485 4 2 1 1 1076 1543 1435 1672
3486 4 2 1 1 1394 1932 775 1169
3487 4 2 1 1 639 1058 1427 1776
3488 4 2 1 1 619 1260 1594 1717
3489 4 2 1 1 671 1533 1826 901
3490 4 2 1 1 822 1260 1149 997
3491 4 2 1 1 658 982 1080 1956
3492 4 2 1 1 629 1228 955 1940
3493 4 2 1 1 1741 1790 943 1090
3494 4 2 1 1 857 1487 1142 1941
3495 4 2 1 1 1080 982 1875 1842
3496 4 2 1 1 2027 300 1368 293
3497 4 2 1 1 669 927 1402 1708
3498 4 2 1 1 1709 1751 1750 1856
3499 4 2 1 1 1685 1250 1082 900
3500 4 2 1 1 620 1142 952 1607
3501 4 2 1 1 94 883 92 1369
3502 4 2 1 1 646 1230 1381 1938
3503 4 2 1 1 1295 1589 1047 1957
3504 4 2 1 1 566 1432 498 1668
3505 4 2 1 1 1995 1637 1486 1205
3506 4 2 1 1 1106 787 1472 1920
3507 4 2 1 1 1219 1513 823 1197
3508 4 2 1 1 635 1448 1192 1979
3509 4 2 1 1 646 1230 1938 1385
3510 4 2 1 1 1316 1302 1994 909
3511 4 2 1 1 776 961 1230 1788
3512 4 2 1 1 847 1312 1173 1725
3513 4 2 1 1 703 1578 902 1619
3514 4 2 1 1 1995 1486 1637 1112
3515 4 2 1 1 1445 1890 509 1167
3516 4 2 1 1 443 969 513 1820
3517 4 2 1 1 663 1054 1547 1719
3518 4 2 1 1 1526 1314 1775 1351
3519 4 2 1 1 1775 1314 1526 848
3520 4 2 1 1 1186 954 817 1248
3521 4 2 1 1 1396 1563 838 1886
3522 4 2 1 1 1537 227 1973 1085
3523 4 2 1 1 466 570 534 936
3524 4 2 1 1 997 1719 1175 1821
3525 4 2 1 1 924 516 1231 1819
3526 4 2 1 1 786 1093 1179 1646
3527 4 2 1 1 669 927 1103 1402
3528 4 2 1 1 753 1208 1023 1348
3529 4 2 1 1 997 869 1719 1821
3530 4 2 1 1 374 1661 1231 1907
3531 4 2 1 1 860 1316 1276 1416
3532 4 2 1 1 949 1133 755 1232
3533 4 2 1 1 636 1467 881 1243
3534 4 2 1 1 685 1352 1299 1449
3535 4 2 1 1 234 974 231 858
3536 4 2 1 1 1394 1932 954 775
3537 4 2 1 1 822 1299 1456 1821
3538 4 2 1 1 877 1402 1741 1790
3539 4 2 1 1 481 1246 469 1894
3540 4 2 1 1 632 1010 1168 1520
3541 4 2 1 1 902 975 703 1084
3542 4 2 1 1 990 314 827 991
3543 4 2 1 1 1099 728 764 971
3544 4 2 1 1 11 12 2001 84
3545 4 2 1 1 729 1356 904 1745
3546 4 2 1 1 960 1091 1391 1683
3547 4 2 1 1 900 1339 1082 1685
3548 4 2 1 1 1852 1946 1438 809
3549 4 2 1 1 813 1014 1737 1123
3550 4 2 1 1 708 1329 1192 1979
3551 4 2 1 1 1095 959 1194 1193
3552 4 2 1 1 1465 645 1224 1678
3553 4 2 1 1 1214 1246 410 1765
3554 4 2 1 1 1043 333 1568 1615
3555 4 2 1 1 135 778 785 1576
3556 4 2 1 1 733 1396 1215 1652
3557 4 2 1 1 938 1181 828 1623
3558 4 2 1 1 992 1017 654 1536
3559 4 2 1 1 854 980 1143 1931
3560 4 2 1 1 1157 1174 317 1977
3561 4 2 1 1 636 1018 1291 895
3562 4 2 1 1 946 1312 763 1313
3563 4 2 1 1 465 1292 431 1641
3564 4 2 1 1 694 1201 887 1335
3565 4 2 1 1 668 1146 889 1510
3566 4 2 1 1 959 1238 968 1714
3567 4 2 1 1 1003 1172 843 1386
3568 4 2 1 1 1122 801 1350 1729
3569 4 2 1 1 1306 1734 1138 1501
3570 4 2 1 1 1735 1736 951 1899
3571 4 2 1 1 1093 1493 1265 1951
3572 4 2 1 1 2019 281 286 292
3573 4 2 1 1 955 1228 1421 1940
3574 4 2 1 1 700 1170 1088 1211
3575 4 2 1 1 832 658 982 1178
3576 4 2 1 1 2041 258 1183 251
3577 4 2 1 1 997 1224 1149 1426
3578 4 2 1 1 878 778 1576 1755
3579 4 2 1 1 912 1333 1332 1731
3580 4 2 1 1 1568 1655 1540 1925
3581 4 2 1 1 638 1530 1553 1574
3582 4 2 1 1 990 314 991 340
3583 4 2 1 1 622 1128 1059 1650
3584 4 2 1 1 769 1094 1407 1631
3585 4 2 1 1 630 1106 934 1998
3586 4 2 1 1 204 2003 1323 1596
3587 4 2 1 1 905 1284 1306 1734
3588 4 2 1 1 635 1516 885 1537
3589 4 2 1 1 200 2014 1813 2031
3590 4 2 1 1 439 1255 426 1738
3591 4 2 1 1 673 1044 1342 795
3592 4 2 1 1 679 1041 1376 1592
3593 4 2 1 1 1024 866 1575 1725
3594 4 2 1 1 884 1722 1175 1760
3595 4 2 1 1 1792 1229 968 1538
3596 4 2 1 1 2004 9 10 88
3597 4 2 1 1 1783 1707 1390 942
3598 4 2 1 1 377 1371 1046 1692
3599 4 2 1 1 1694 1095 1531 643
3600 4 2 1 1 834 923 1564 1916
3601 4 2 1 1 981 1269 1060 1873
3602 4 2 1 1 710 878 654 1424
3603 4 2 1 1 700 1583 1200 1586
3604 4 2 1 1 1216 1485 629 766
3605 4 2 1 1 630 1117 1387 794
3606 4 2 1 1 865 1365 1155 1961
3607 4 2 1 1 648 1000 1316 1830
3608 4 2 1 1 940 1083 1290 1929
3609 4 2 1 1 340 608 989 1189
3610 4 2 1 1 1034 1476 1226 1504
3611 4 2 1 1 670 954 1394 1566
3612 4 2 1 1 1582 477 1742 479
3613 4 2 1 1 1051 1265 1121 1910
3614 4 2 1 1 455 538 535 1523
3615 4 2 1 1 701 917 1009 790
3616 4 2 1 1 647 996 1383 1664
3617 4 2 1 1 1024 1298 713 1539
3618 4 2 1 1 1582 477 479 322
3619 4 2 1 1 685 1363 988 1760
3620 4 2 1 1 733 979 1399 1945
3621 4 2 1 1 1036 559 522 1820
3622 4 2 1 1 488 506 505 1661
3623 4 2 1 1 1414 1252 1565 1992
3624 4 2 1 1 704 1338 1099 1824
3625 4 2 1 1 842 1199 980 1599
3626 4 2 1 1 868 1517 1147 1980
3627 4 2 1 1 748 1545 1451 1880
3628 4 2 1 1 639 1638 1400 1776
3629 4 2 1 1 1367 1301 599 334
3630 4 2 1 1 1160 1034 726 1563
3631 4 2 1 1 822 1426 1149 1450
3632 4 2 1 1 920 1854 1485 941
3633 4 2 1 1 675 1367 1111 1900
3634 4 2 1 1 796 1217 1048 1342
3635 4 2 1 1 761 1145 1144 1720
3636 4 2 1 1 436 469 1246 1675
3637 4 2 1 1 1009 1438 1211 1441
3638 4 2 1 1 1463 1465 879 1466
3639 4 2 1 1 1006 1071 797 1522
3640 4 2 1 1 668 1146 1025 1860
3641 4 2 1 1 1514 704 892 1948
3642 4 2 1 1 1324 1682 1649 1101
3643 4 2 1 1 626 1048 1264 1660
3644 4 2 1 1 679 1470 1041 1592
3645 4 2 1 1 711 1116 1057 1952
3646 4 2 1 1 192 1236 183 1346
3647 4 2 1 1 736 1744 1571 1893
3648 4 2 1 1 1047 1500 925 1743
3649 4 2 1 1 609 433 1297 1413
3650 4 2 1 1 1008 1481 1025 1843
3651 4 2 1 1 1367 599 1301 1043
3652 4 2 1 1 658 832 982 1956
3653 4 2 1 1 1008 1151 1881 1959
3654 4 2 1 1 717 1535 1392 783
3655 4 2 1 1 1112 1486 1081 1879
3656 4 2 1 1 777 1269 1060 1319
3657 4 2 1 1 99 2032 1176 1590
3658 4 2 1 1 204 2003 1596 196
3659 4 2 1 1 1076 1696 1634 1010
3660 4 2 1 1 452 442 472 1926
3661 4 2 1 1 673 1249 931 1885
3662 4 2 1 1 709 1339 1087 1711
3663 4 2 1 1 847 1074 1312 1432
3664 4 2 1 1 780 1322 1167 1440
3665 4 2 1 1 1576 1163 147 1567
3666 4 2 1 1 1157 1174 875 1787
3667 4 2 1 1 1057 1104 760 1116
3668 4 2 1 1 1039 1404 964 1132
3669 4 2 1 1 1576 147 1163 154
3670 4 2 1 1 1132 697 998 1276
3671 4 2 1 1 113 97 96 1860
3672 4 2 1 1 1498 1287 828 1282
3673 4 2 1 1 1833 1252 1270 750
3674 4 2 1 1 529 1318 588 1859
3675 4 2 1 1 1030 1198 766 1395
3676 4 2 1 1 930 1419 1325 1851
3677 4 2 1 1 124 2030 87 32
3678 4 2 1 1 913 1539 1298 1679
3679 4 2 1 1 640 948 1531 810
3680 4 2 1 1 763 946 1313 964
3681 4 2 1 1 649 1066 1931 1378
3682 4 2 1 1 70 2027 245 252
3683 4 2 1 1 2027 300 293 70
3684 4 2 1 1 1735 1693 1455 1158
3685 4 2 1 1 2012 1596 177 1795
3686 4 2 1 1 636 895 1291 1467
3687 4 2 1 1 993 1058 1513 1833
3688 4 2 1 1 1820 443 559 514
3689 4 2 1 1 1036 559 1820 1035
3690 4 2 1 1 340 991 989 602
3691 4 2 1 1 847 1575 1312 1725
3692 4 2 1 1 1873 1478 1269 777
3693 4 2 1 1 1082 1083 657 1929
3694 4 2 1 1 880 1330 730 1999
3695 4 2 1 1 919 652 1370 1721
3696 4 2 1 1 1486 1637 1081 749
3697 4 2 1 1 433 432 417 1816
3698 4 2 1 1 1339 1711 1082 1929
3699 4 2 1 1 625 1344 963 1963
3700 4 2 1 1 634 1333 972 1558
3701 4 2 1 1 1131 695 1544 1578
3702 4 2 1 1 842 938 1199 1599
3703 4 2 1 1 847 1173 1312 1807
3704 4 2 1 1 1316 946 1276 1994
3705 4 2 1 1 1820 559 443 1035
3706 4 2 1 1 659 1300 1088 1560
3707 4 2 1 1 443 1035 427 1296
3708 4 2 1 1 1318 1185 842 722
3709 4 2 1 1 659 1300 1480 891
3710 4 2 1 1 1325 1641 851 1829
3711 4 2 1 1 1040 809 1438 1584
3712 4 2 1 1 1493 1548 859 1830
3713 4 2 1 1 889 1126 668 1610
3714 4 2 1 1 715 952 1342 1557
3715 4 2 1 1 973 1656 1526 1314
3716 4 2 1 1 1267 1033 1601 1916
3717 4 2 1 1 1749 1918 1889 1095
3718 4 2 1 1 1199 1499 1498 938
3719 4 2 1 1 767 1010 1482 1569
3720 4 2 1 1 781 1291 1202 1467
3721 4 2 1 1 962 769 1500 1732
3722 4 2 1 1 997 1719 1327 1547
3723 4 2 1 1 456 1742 1747 1924
3724 4 2 1 1 364 365 366 1362
3725 4 2 1 1 716 1455 1045 1507
3726 4 2 1 1 811 1669 1210 1845
3727 4 2 1 1 404 398 1021 898
3728 4 2 1 1 1104 814 1305 1205
3729 4 2 1 1 710 654 1257 1424
3730 4 2 1 1 501 1046 377 379
3731 4 2 1 1 1792 1229 1538 774
3732 4 2 1 1 772 1306 993 1513
3733 4 2 1 1 1867 1982 596 1062
3734 4 2 1 1 628 1267 1131 1320
3735 4 2 1 1 767 1543 1019 1642
3736 4 2 1 1 1478 1574 1269 1928
3737 4 2 1 1 647 996 1187 1960
3738 4 2 1 1 2017 170 38 159
3739 4 2 1 1 1070 1448 951 1979
3740 4 2 1 1 231 234 249 974
3741 4 2 1 1 879 1224 1149 1634
3742 4 2 1 1 833 1379 1602 1611
3743 4 2 1 1 801 1122 1350 1876
3744 4 2 1 1 1722 1647 1954 884
3745 4 2 1 1 1889 1918 1749 719
3746 4 2 1 1 647 1664 1383 1974
3747 4 2 1 1 918 1698 1570 1871
3748 4 2 1 1 1994 648 1316 946
3749 4 2 1 1 741 1203 942 1783
3750 4 2 1 1 1726 1788 191 1840
3751 4 2 1 1 843 1068 1069 1975
3752 4 2 1 1 1167 1322 743 1440
3753 4 2 1 1 487 425 1221 1539
3754 4 2 1 1 1223 691 935 1828
3755 4 2 1 1 698 896 1135 1526
3756 4 2 1 1 1026 1610 1077 1636
3757 4 2 1 1 822 686 1546 1717
3758 4 2 1 1 636 1073 1322 1514
3759 4 2 1 1 1015 720 1353 1816
3760 4 2 1 1 651 1079 837 1080
3761 4 2 1 1 732 1338 1067 1684
3762 4 2 1 1 614 601 316 1906
3763 4 2 1 1 684 1642 1520 1965
3764 4 2 1 1 95 1178 1025 1369
3765 4 2 1 1 529 528 1318 1969
3766 4 2 1 1 633 963 705 1251
3767 4 2 1 1 678 1240 1006 1311
3768 4 2 1 1 694 1122 1556 1876
3769 4 2 1 1 1414 1565 905 1992
3770 4 2 1 1 1788 1808 674 1323
3771 4 2 1 1 904 1357 942 1390
3772 4 2 1 1 784 1673 1421 1945
3773 4 2 1 1 662 1192 861 1329
3774 4 2 1 1 837 1483 651 1080
3775 4 2 1 1 1134 1273 747 1274
3776 4 2 1 1 723 916 1168 1642
3777 4 2 1 1 1230 1944 674 1385
3778 4 2 1 1 1069 1256 1070 1448
3779 4 2 1 1 688 887 813 1201
3780 4 2 1 1 877 1174 669 1933
3781 4 2 1 1 1468 814 1995 1607
3782 4 2 1 1 689 1386 1003 773
3783 4 2 1 1 914 1526 1393 896
3784 4 2 1 1 1169 1229 874 1566
3785 4 2 1 1 1364 1366 793 849
3786 4 2 1 1 719 1110 1882 1889
3787 4 2 1 1 1638 1833 1270 750
3788 4 2 1 1 1053 818 1317 1352
3789 4 2 1 1 557 468 605 1429
3790 4 2 1 1 638 1078 1657 1822
3791 4 2 1 1 650 1859 1020 842
3792 4 2 1 1 445 1604 1221 1827
3793 4 2 1 1 794 1108 1387 1268
3794 4 2 1 1 1749 1882 970 1889
3795 4 2 1 1 1740 1372 618 957
3796 4 2 1 1 1094 659 1453 1137
3797 4 2 1 1 1008 712 1662 1881
3798 4 2 1 1 932 1143 1598 1927
3799 4 2 1 1 1013 396 461 383
3800 4 2 1 1 914 1393 1526 656
3801 4 2 1 1 883 910 1481 1855
3802 4 2 1 1 1310 683 916 1965
3803 4 2 1 1 750 1287 1247 1491
3804 4 2 1 1 763 866 1312 1432
3805 4 2 1 1 956 1451 1032 1452
3806 4 2 1 1 631 1011 917 1540
3807 4 2 1 1 883 910 1855 1469
3808 4 2 1 1 1843 1967 1619 788
3809 4 2 1 1 235 1341 232 1877
3810 4 2 1 1 1145 627 761 1164
3811 4 2 1 1 907 1702 1294 1964
3812 4 2 1 1 1843 1619 1967 628
3813 4 2 1 1 1139 1795 1515 1915
3814 4 2 1 1 619 1260 1076 1594
3815 4 2 1 1 650 768 853 1519
3816 4 2 1 1 1171 1496 477 1742
3817 4 2 1 1 821 1285 947 1158
3818 4 2 1 1 821 1455 1758 1158
3819 4 2 1 1 1024 1539 403 1679
3820 4 2 1 1 1145 1164 761 1497
3821 4 2 1 1 1219 1297 544 1966
3822 4 2 1 1 847 1708 1173 1807
3823 4 2 1 1 1238 1566 670 1988
3824 4 2 1 1 735 1485 955 774
3825 4 2 1 1 1166 1206 891 1018
3826 4 2 1 1 735 1247 978 1295
3827 4 2 1 1 1340 1687 1582 1829
3828 4 2 1 1 373 371 372 1366
3829 4 2 1 1 415 413 414 1895
3830 4 2 1 1 1726 2015 35 129
3831 4 2 1 1 935 1248 1644 1888
3832 4 2 1 1 1099 1373 971 704
3833 4 2 1 1 713 1024 1209 1725
3834 4 2 1 1 648 1428 1548 1830
3835 4 2 1 1 300 293 283 1368
3836 4 2 1 1 1726 35 173 209
3837 4 2 1 1 1054 1547 1719 1866
3838 4 2 1 1 681 1268 1478 864
3839 4 2 1 1 346 1627 1052 1628
3840 4 2 1 1 626 965 1572 1071
3841 4 2 1 1 704 1021 1445 898
3842 4 2 1 1 159 2038 2017 1773
3843 4 2 1 1 777 987 1420 1873
3844 4 2 1 1 841 1570 1086 1677
3845 4 2 1 1 831 1265 1051 1910
3846 4 2 1 1 865 1112 1081 1879
3847 4 2 1 1 874 1229 1169 1759
3848 4 2 1 1 159 2038 1773 148
3849 4 2 1 1 1853 1779 973 986
3850 4 2 1 1 78 324 350 1667
3851 4 2 1 1 1111 1253 1161 732
3852 4 2 1 1 440 453 500 1668
3853 4 2 1 1 873 1237 746 1666
3854 4 2 1 1 122 85 112 1164
3855 4 2 1 1 1224 841 1678 1758
3856 4 2 1 1 1188 1467 781 1570
3857 4 2 1 1 646 1686 1506 1381
3858 4 2 1 1 1565 1252 807 1501
3859 4 2 1 1 776 897 1113 961
3860 4 2 1 1 667 1482 1655 1398
3861 4 2 1 1 659 1094 1453 1631
3862 4 2 1 1 1927 1654 1676 854
3863 4 2 1 1 295 1126 298 1590
3864 4 2 1 1 1334 1508 660 1753
3865 4 2 1 1 836 694 1335 1201
3866 4 2 1 1 1059 1128 868 1650
3867 4 2 1 1 695 975 1379 1578
3868 4 2 1 1 694 1063 1062 1982
3869 4 2 1 1 830 1586 767 1715
3870 4 2 1 1 1506 1686 646 1277
3871 4 2 1 1 1304 1389 891 1631
3872 4 2 1 1 1873 1235 1420 642
3873 4 2 1 1 636 1291 1018 1997
3874 4 2 1 1 987 1858 637 1943
3875 4 2 1 1 1498 1865 1199 649
3876 4 2 1 1 752 1190 627 1382
3877 4 2 1 1 842 722 938 1599
3878 4 2 1 1 940 1339 1929 1087
3879 4 2 1 1 1049 633 1315 1773
3880 4 2 1 1 1126 889 1590 1813
3881 4 2 1 1 940 1929 1339 657
3882 4 2 1 1 1482 1715 1655 830
3883 4 2 1 1 700 1334 1583 1946
3884 4 2 1 1 17 81 1464 1850
3885 4 2 1 1 800 1101 910 1354
3886 4 2 1 1 1655 1715 1482 667
3887 4 2 1 1 660 1309 1272 1461
3888 4 2 1 1 440 1015 1353 1816
3889 4 2 1 1 681 1653 1083 1930
3890 4 2 1 1 968 718 1538 1988
3891 4 2 1 1 672 1147 1517 1980
3892 4 2 1 1 718 1193 1038 1538
3893 4 2 1 1 324 1097 1667 1799
3894 4 2 1 1 631 1337 1331 916
3895 4 2 1 1 1570 1587 918 1871
3896 4 2 1 1 324 1097 1799 349
3897 4 2 1 1 715 1044 1444 1212
3898 4 2 1 1 658 1080 837 1956
3899 4 2 1 1 1005 1262 1311 1361
3900 4 2 1 1 868 1845 1517 1980
3901 4 2 1 1 225 1408 1085 1537
3902 4 2 1 1 782 1372 1134 1644
3903 4 2 1 1 740 1376 1763 1241
3904 4 2 1 1 1403 1435 895 1739
3905 4 2 1 1 1314 1775 1181 848
3906 4 2 1 1 299 279 1234 1377
3907 4 2 1 1 667 1425 903 1569
3908 4 2 1 1 687 933 878 1781
3909 4 2 1 1 1424 1541 2020 1014
3910 4 2 1 1 545 439 483 926
3911 4 2 1 1 373 1366 1207 1907
3912 4 2 1 1 1154 1663 1648 1685
3913 4 2 1 1 712 1008 1662 1962
3914 4 2 1 1 1620 1843 788 1962
3915 4 2 1 1 1340 1592 740 1041
3916 4 2 1 1 649 1143 980 1931
3917 4 2 1 1 179 180 171 1779
3918 4 2 1 1 802 1036 1035 1279
3919 4 2 1 1 1537 227 1085 225
3920 4 2 1 1 729 1237 1075 1007
3921 4 2 1 1 1314 1181 1775 682
3922 4 2 1 1 1546 1634 1260 1696
3923 4 2 1 1 331 1036 522 1820
3924 4 2 1 1 1139 2039 161 1726
3925 4 2 1 1 1320 1967 1663 902
3926 4 2 1 1 655 1295 1032 1550
3927 4 2 1 1 664 947 1256 1674
3928 4 2 1 1 1360 1967 1532 902
3929 4 2 1 1 1333 1744 1571 1801
3930 4 2 1 1 631 1019 916 1331
3931 4 2 1 1 950 716 1516 1736
3932 4 2 1 1 721 1166 1206 1681
3933 4 2 1 1 696 946 964 1132
3934 4 2 1 1 730 837 1510 1808
3935 4 2 1 1 1007 1075 652 1237
3936 4 2 1 1 1220 1694 948 827
3937 4 2 1 1 1126 1176 668 1662
3938 4 2 1 1 1008 858 1843 1962
3939 4 2 1 1 1722 1647 884 1175
3940 4 2 1 1 1040 1130 958 1887
3941 4 2 1 1 688 1123 887 1321
3942 4 2 1 1 468 1902 1903 1429
3943 4 2 1 1 1212 1069 972 1801
3944 4 2 1 1 968 1538 718 1792
3945 4 2 1 1 729 1007 1688 1862
3946 4 2 1 1 518 415 1325 1895
3947 4 2 1 1 1663 1967 1320 692
3948 4 2 1 1 756 1190 995 1533
3949 4 2 1 1 1779 1318 310 1301
3950 4 2 1 1 745 1065 1471 1553
3951 4 2 1 1 992 1424 1017 1798
3952 4 2 1 1 721 1081 1275 1681
3953 4 2 1 1 850 435 1255 1675
3954 4 2 1 1 978 1247 655 1295
3955 4 2 1 1 419 497 448 1492
3956 4 2 1 1 334 548 546 1367
3957 4 2 1 1 1003 1172 1386 1525
3958 4 2 1 1 899 1502 1259 1841
3959 4 2 1 1 1809 1517 1523 1362
3960 4 2 1 1 1084 1721 1619 1532
3961 4 2 1 1 1252 1501 1565 1992
3962 4 2 1 1 775 1169 1226 1518
3963 4 2 1 1 694 969 1730 1982
3964 4 2 1 1 1687 1893 994 1911
3965 4 2 1 1 147 145 1567 1937
3966 4 2 1 1 905 1734 1306 1501
3967 4 2 1 1 688 1201 836 1335
3968 4 2 1 1 680 1562 1259 1659
3969 4 2 1 1 2009 14 125 114
3970 4 2 1 1 1693 1647 1158 760
3971 4 2 1 1 673 1342 1048 795
3972 4 2 1 1 1512 623 862 1898
3973 4 2 1 1 434 427 559 1035
3974 4 2 1 1 1056 1154 820 1581
3975 4 2 1 1 1100 1092 1863 1360
3976 4 2 1 1 1016 1399 808 1769
3977 4 2 1 1 235 996 1341 1877
3978 4 2 1 1 95 1025 94 1369
3979 4 2 1 1 844 1212 1386 1701
3980 4 2 1 1 183 190 184 1840
3981 4 2 1 1 1166 1681 799 1949
3982 4 2 1 1 1261 1544 1239 817
3983 4 2 1 1 1100 1092 1360 1695
3984 4 2 1 1 664 1256 1070 1674
3985 4 2 1 1 1070 1256 1069 1674
3986 4 2 1 1 881 1406 1243 1876
3987 4 2 1 1 1116 1442 894 1475
3988 4 2 1 1 704 1067 1338 1684
3989 4 2 1 1 262 282 1234 1368
3990 4 2 1 1 881 1243 1349 1876
3991 4 2 1 1 880 922 646 1384
3992 4 2 1 1 914 1508 1309 809
3993 4 2 1 1 777 1488 987 1873
3994 4 2 1 1 481 436 469 1246
3995 4 2 1 1 839 1778 1181 1922
3996 4 2 1 1 1048 1660 1160 1886
3997 4 2 1 1 1866 1317 727 1426
3998 4 2 1 1 672 1517 1845 1980
3999 4 2 1 1 646 922 880 1113
4000 4 2 1 1 657 1532 1148 919
4001 4 2 1 1 1553 1574 864 1928
4002 4 2 1 1 721 1166 1275 1291
4003 4 2 1 1 468 541 605 1903
4004 4 2 1 1 923 1602 834 1603
4005 4 2 1 1 521 616 476 1474
4006 4 2 1 1 646 1938 880 1384
4007 4 2 1 1 392 401 1308 1724
4008 4 2 1 1 701 1049 633 1315
4009 4 2 1 1 824 1198 1670 1700
4010 4 2 1 1 153 785 1037 126
4011 4 2 1 1 349 1159 1477 1097
4012 4 2 1 1 900 1250 1082 1711
4013 4 2 1 1 789 1082 1250 1711
4014 4 2 1 1 941 1252 1197 1953
4015 4 2 1 1 721 1206 1166 1018
4016 4 2 1 1 1084 1370 1083 1653
4017 4 2 1 1 638 1319 1065 1471
4018 4 2 1 1 880 1938 646 1113
4019 4 2 1 1 625 1113 897 961
4020 4 2 1 1 1217 1964 907 1294
4021 4 2 1 1 1147 1447 1120 773
4022 4 2 1 1 907 1964 1217 626
4023 4 2 1 1 1268 1478 864 741
4024 4 2 1 1 1684 1549 915 1337
4025 4 2 1 1 844 1365 1212 1701
4026 4 2 1 1 404 416 1296 1524
4027 4 2 1 1 633 963 897 1753
4028 4 2 1 1 1268 981 1478 741
4029 4 2 1 1 685 1317 1299 1352
4030 4 2 1 1 1809 1517 1362 836
4031 4 2 1 1 997 1327 1719 869
4032 4 2 1 1 1160 1034 1563 838
4033 4 2 1 1 849 1259 1562 1659
4034 4 2 1 1 674 1610 1323 1808
4035 4 2 1 1 1134 1238 747 1372
4036 4 2 1 1 221 243 76 1497
4037 4 2 1 1 246 1368 234 858
4038 4 2 1 1 1133 1357 880 806
4039 4 2 1 1 670 1238 954 1566
4040 4 2 1 1 192 1773 1236 1049
4041 4 2 1 1 1360 1648 1100 1967
4042 4 2 1 1 807 1434 958 1797
4043 4 2 1 1 916 915 1549 1337
4044 4 2 1 1 185 1135 1808 1483
4045 4 2 1 1 1338 1824 863 1099
4046 4 2 1 1 707 1363 1633 1760
4047 4 2 1 1 446 491 490 1067
4048 4 2 1 1 1183 302 265 74
4049 4 2 1 1 787 1632 921 1785
4050 4 2 1 1 276 1077 1126 275
4051 4 2 1 1 1099 1373 728 971
4052 4 2 1 1 655 1295 1247 1434
4053 4 2 1 1 706 1966 1219 1989
4054 4 2 1 1 583 1127 1111 1823
4055 4 2 1 1 987 1250 1858 1943
4056 4 2 1 1 843 1003 1386 1701
4057 4 2 1 1 1068 947 1871 1961
4058 4 2 1 1 1949 621 1389 1206
4059 4 2 1 1 704 1099 1338 1415
4060 4 2 1 1 777 1319 1029 1828
4061 4 2 1 1 922 705 1806 1897
4062 4 2 1 1 1862 661 942 1357
4063 4 2 1 1 367 368 366 1640
4064 4 2 1 1 703 1261 1619 1721
4065 4 2 1 1 733 1399 1016 1945
4066 4 2 1 1 1862 942 661 1405
4067 4 2 1 1 1726 143 1381 166
4068 4 2 1 1 851 1292 1473 1474
4069 4 2 1 1 1268 1290 940 1689
4070 4 2 1 1 1038 955 1302 1940
4071 4 2 1 1 783 1392 1163 1782
4072 4 2 1 1 1486 1637 749 1205
4073 4 2 1 1 796 1342 797 1217
4074 4 2 1 1 1226 1504 1476 1932
4075 4 2 1 1 762 1102 940 1268
4076 4 2 1 1 1145 1718 243 1144
4077 4 2 1 1 183 1236 190 1840
4078 4 2 1 1 816 1017 992 1536
4079 4 2 1 1 644 1649 1863 1864
4080 4 2 1 1 1148 762 940 919
4081 4 2 1 1 1198 1670 1030 824
4082 4 2 1 1 1068 1069 1701 843
4083 4 2 1 1 807 1389 1414 1565
4084 4 2 1 1 695 834 1509 1916
4085 4 2 1 1 1402 1708 1173 1933
4086 4 2 1 1 1979 1070 759 1713
4087 4 2 1 1 637 954 1248 1888
4088 4 2 1 1 1184 1263 798 1803
4089 4 2 1 1 754 1260 1076 1825
4090 4 2 1 1 1447 773 1147 1980
4091 4 2 1 1 601 315 313 1906
4092 4 2 1 1 1979 759 1070 1941
4093 4 2 1 1 482 1827 467 1747
4094 4 2 1 1 666 1000 1227 1316
4095 4 2 1 1 467 1827 482 562
4096 4 2 1 1 626 1048 1217 907
4097 4 2 1 1 520 476 1292 1474
4098 4 2 1 1 1192 1448 708 1979
4099 4 2 1 1 924 1231 1409 1819
4100 4 2 1 1 1289 1623 1181 1898
4101 4 2 1 1 137 785 1225 136
4102 4 2 1 1 528 527 1676 1969
4103 4 2 1 1 1362 1606 835 1704
4104 4 2 1 1 1783 1390 1707 755
4105 4 2 1 1 983 1041 1558 1376
4106 4 2 1 1 696 1023 1132 1404
4107 4 2 1 1 718 1216 1792 1538
4108 4 2 1 1 1254 1255 926 1986
4109 4 2 1 1 731 1255 1254 1986
4110 4 2 1 1 967 757 1129 1677
4111 4 2 1 1 1325 1419 414 1851
4112 4 2 1 1 638 1319 1471 1822
4113 4 2 1 1 624 1276 1542 998
4114 4 2 1 1 879 1634 714 1457
4115 4 2 1 1 859 1804 1298 1528
4116 4 2 1 1 868 1335 1128 1336
4117 4 2 1 1 1301 862 722 1600
4118 4 2 1 1 101 97 117 1987
4119 4 2 1 1 905 1617 1284 1734
4120 4 2 1 1 1087 1711 1339 1929
4121 4 2 1 1 770 1130 1040 1584
4122 4 2 1 1 494 1786 1121 1679
4123 4 2 1 1 2032 298 288 264
4124 4 2 1 1 1597 1950 1459 699
4125 4 2 1 1 117 113 1959 1987
4126 4 2 1 1 767 1696 1076 1010
4127 4 2 1 1 2002 72 71 217
4128 4 2 1 1 675 906 1511 1512
4129 4 2 1 1 731 1347 1058 1427
4130 4 2 1 1 629 955 1038 1940
4131 4 2 1 1 763 1312 1074 1432
4132 4 2 1 1 744 1109 970 1882
4133 4 2 1 1 1459 1950 1597 975
4134 4 2 1 1 1303 1764 1645 893
4135 4 2 1 1 1873 1478 777 1488
4136 4 2 1 1 759 1177 1468 1487
4137 4 2 1 1 1153 1187 717 1392
4138 4 2 1 1 1188 1467 811 1669
4139 4 2 1 1 951 1713 1070 1979
4140 4 2 1 1 641 849 1259 1841
4141 4 2 1 1 936 1683 1525 1983
4142 4 2 1 1 1840 1236 1726 776
4143 4 2 1 1 1440 1556 870 1761
4144 4 2 1 1 665 1252 941 1673
4145 4 2 1 1 742 1130 1266 809
4146 4 2 1 1 1767 875 696 1074
4147 4 2 1 1 446 1429 1067 898
4148 4 2 1 1 464 1091 431 390
4149 4 2 1 1 1767 696 875 1542
4150 4 2 1 1 1609 1254 1255 850
4151 4 2 1 1 815 1525 1159 1477
4152 4 2 1 1 1157 829 1382 1906
4153 4 2 1 1 740 1041 1136 1340
4154 4 2 1 1 1129 1321 757 1972
4155 4 2 1 1 781 1467 1188 1669
4156 4 2 1 1 930 1742 740 1763
4157 4 2 1 1 959 1671 1326 1095
4158 4 2 1 1 938 1182 765 1600
4159 4 2 1 1 635 1162 1192 1846
4160 4 2 1 1 1086 1128 811 1321
4161 4 2 1 1 815 1159 1525 653
4162 4 2 1 1 1685 1250 900 908
4163 4 2 1 1 385 394 393 1679
4164 4 2 1 1 1171 1495 1242 761
4165 4 2 1 1 840 995 792 692
4166 4 2 1 1 837 1080 658 1483
4167 4 2 1 1 1823 491 557 1429
4168 4 2 1 1 757 1677 967 1678
4169 4 2 1 1 999 831 1665 1910
4170 4 2 1 1 404 399 398 898
4171 4 2 1 1 685 1760 988 1821
4172 4 2 1 1 869 988 1760 1821
4173 4 2 1 1 350 349 590 1097
4174 4 2 1 1 960 1640 1091 793
4175 4 2 1 1 792 1005 1361 1751
4176 4 2 1 1 925 691 782 1888
4177 4 2 1 1 821 1758 1285 1158
4178 4 2 1 1 733 1215 1399 1652
4179 4 2 1 1 774 1047 1295 1589
4180 4 2 1 1 182 181 651 1483
4181 4 2 1 1 1300 1018 891 764
4182 4 2 1 1 1222 1827 562 1936
4183 4 2 1 1 830 701 917 1583
4184 4 2 1 1 998 1276 697 1635
4185 4 2 1 1 992 1263 798 1336
4186 4 2 1 1 153 2013 1037 1591
4187 4 2 1 1 1500 1957 691 769
4188 4 2 1 1 809 1272 1137 1852
4189 4 2 1 1 1966 1816 433 417
4190 4 2 1 1 750 1270 1247 1252
4191 4 2 1 1 1033 1509 834 1916
4192 4 2 1 1 1823 557 491 492
4193 4 2 1 1 621 979 1414 1769
4194 4 2 1 1 1713 1991 1328 1115
4195 4 2 1 1 1713 1328 1991 759
4196 4 2 1 1 705 963 1577 1963
4197 4 2 1 1 1061 1374 641 1409
4198 4 2 1 1 1139 177 1596 1795
4199 4 2 1 1 1491 1770 1130 1778
4200 4 2 1 1 713 1355 943 1716
4201 4 2 1 1 1134 782 1248 1238
4202 4 2 1 1 707 1156 1195 1480
4203 4 2 1 1 1168 1350 801 1729
4204 4 2 1 1 150 131 153 1591
4205 4 2 1 1 624 1208 929 1561
4206 4 2 1 1 698 633 897 1753
4207 4 2 1 1 1956 1740 1080 746
4208 4 2 1 1 337 583 1127 1615
4209 4 2 1 1 707 1363 1060 1633
4210 4 2 1 1 1043 862 1345 1853
4211 4 2 1 1 979 1652 1500 1743
4212 4 2 1 1 1180 1393 805 1417
4213 4 2 1 1 831 1051 1665 1910
4214 4 2 1 1 814 1468 1177 1607
4215 4 2 1 1 869 1456 988 1821
4216 4 2 1 1 1013 396 1774 1554
4217 4 2 1 1 804 1614 1161 1724
4218 4 2 1 1 1861 1087 1711 709
4219 4 2 1 1 640 810 1239 1544
4220 4 2 1 1 418 1179 406 1618
4221 4 2 1 1 673 1886 1624 1048
4222 4 2 1 1 1624 1886 673 1215
4223 4 2 1 1 185 1135 184 1808
4224 4 2 1 1 891 1206 1166 1949
4225 4 2 1 1 96 95 98 1025
4226 4 2 1 1 1683 868 1525 1983
4227 4 2 1 1 718 1889 970 1891
4228 4 2 1 1 1670 1700 1198 1844
4229 4 2 1 1 862 1441 1345 623
4230 4 2 1 1 97 1481 1987 100
4231 4 2 1 1 820 1339 1092 1431
4232 4 2 1 1 1016 1284 1265 1768
4233 4 2 1 1 194 185 188 1484
4234 4 2 1 1 505 999 384 1661
4235 4 2 1 1 633 897 1236 1346
4236 4 2 1 1 960 672 1147 1517
4237 4 2 1 1 897 1236 776 1251
4238 4 2 1 1 1089 1259 849 1659
4239 4 2 1 1 689 1473 1114 1503
4240 4 2 1 1 1196 1590 889 1813
4241 4 2 1 1 793 1409 1231 1819
4242 4 2 1 1 458 1675 850 1676
4243 4 2 1 1 1446 1802 1129 1899
4244 4 2 1 1 1023 1208 810 1348
4245 4 2 1 1 1677 1678 841 1758
4246 4 2 1 1 523 1422 1036 1037
4247 4 2 1 1 521 550 1687 1829
4248 4 2 1 1 715 1240 1332 1856
4249 4 2 1 1 695 923 834 1916
4250 4 2 1 1 1422 1913 1037 1398
4251 4 2 1 1 496 406 418 1179
4252 4 2 1 1 544 1297 1219 1654
4253 4 2 1 1 153 785 1591 1037
4254 4 2 1 1 635 1085 1115 1192
4255 4 2 1 1 1040 809 1130 1887
4256 4 2 1 1 101 1354 1987 1884
4257 4 2 1 1 1030 1670 1326 824
4258 4 2 1 1 513 443 512 969
4259 4 2 1 1 855 1709 1056 1750
4260 4 2 1 1 101 1354 1884 83
4261 4 2 1 1 1465 1086 757 1678
4262 4 2 1 1 978 1247 735 1854
4263 4 2 1 1 1079 1080 825 1521
4264 4 2 1 1 931 1486 1359 1923
4265 4 2 1 1 782 1134 1248 1644
4266 4 2 1 1 971 1138 1099 704
4267 4 2 1 1 1130 809 742 1887
4268 4 2 1 1 706 1297 1219 1966
4269 4 2 1 1 652 1075 1007 1286
4270 4 2 1 1 884 1722 1107 1954
4271 4 2 1 1 655 1032 1295 1957
4272 4 2 1 1 763 866 1432 1668
4273 4 2 1 1 669 1190 1103 1436
4274 4 2 1 1 1881 293 283 296
4275 4 2 1 1 688 1380 1014 1993
4276 4 2 1 1 1692 1051 831 1800
4277 4 2 1 1 162 1664 1974 1383
4278 4 2 1 1 863 1776 1338 1099
4279 4 2 1 1 625 873 1079 1393
4280 4 2 1 1 844 1470 1061 1503
4281 4 2 1 1 1072 1418 644 1817
4282 4 2 1 1 713 1716 943 1790
4283 4 2 1 1 1066 1609 1931 1378
4284 4 2 1 1 2025 352 312 68
4285 4 2 1 1 674 961 730 1808
4286 4 2 1 1 632 1002 879 1457
4287 4 2 1 1 766 1109 1199 1865
4288 4 2 1 1 1134 1274 747 1651
4289 4 2 1 1 747 1274 1273 1343
4290 4 2 1 1 1007 1330 762 1862
4291 4 2 1 1 915 916 1310 683
4292 4 2 1 1 762 1862 1028 1870
4293 4 2 1 1 683 1279 1529 1729
4294 4 2 1 1 677 224 1408 225
4295 4 2 1 1 710 1576 945 1755
4296 4 2 1 1 995 692 840 1509
4297 4 2 1 1 1324 1354 1101 800
4298 4 2 1 1 1061 924 1409 1728
4299 4 2 1 1 1186 954 1248 637
4300 4 2 1 1 831 1051 1692 1665
4301 4 2 1 1 724 893 1092 1442
4302 4 2 1 1 950 1645 1401 1693
4303 4 2 1 1 770 1491 1270 1797
4304 4 2 1 1 1702 1790 812 1090
4305 4 2 1 1 457 434 1036 1278
4306 4 2 1 1 912 1495 861 1731
4307 4 2 1 1 380 382 381 1665
4308 4 2 1 1 1214 1614 804 1724
4309 4 2 1 1 663 1275 1202 1587
4310 4 2 1 1 237 218 255 1937
4311 4 2 1 1 1550 1792 1216 774
4312 4 2 1 1 343 1189 578 990
4313 4 2 1 1 172 60 59 2003
4314 4 2 1 1 933 934 1472 1756
4315 4 2 1 1 675 1011 1253 732
4316 4 2 1 1 1152 1585 1200 1594
4317 4 2 1 1 1027 1165 627 1874
4318 4 2 1 1 1254 1427 906 1847
4319 4 2 1 1 731 1427 1254 1847
4320 4 2 1 1 855 1329 1280 1731
4321 4 2 1 1 1015 1353 720 1313
4322 4 2 1 1 148 852 1236 1773
4323 4 2 1 1 1493 1528 1265 1951
4324 4 2 1 1 995 1311 1262 1361
4325 4 2 1 1 742 1266 1417 809
4326 4 2 1 1 1089 1259 808 641
4327 4 2 1 1 1463 1466 1457 1737
4328 4 2 1 1 772 1001 1415 1489
4329 4 2 1 1 776 1230 961 1938
4330 4 2 1 1 2022 86 16 108
4331 4 2 1 1 631 1019 1331 1540
4332 4 2 1 1 1013 890 1774 1942
4333 4 2 1 1 329 2000 1996 1541
4334 4 2 1 1 1319 769 886 1822
4335 4 2 1 1 719 803 1189 1882
4336 4 2 1 1 586 532 346 1627
4337 4 2 1 1 1258 1414 979 1769
4338 4 2 1 1 729 1862 1357 1999
4339 4 2 1 1 1005 1262 1006 1311
4340 4 2 1 1 1840 1726 1236 190
4341 4 2 1 1 742 1309 1137 809
4342 4 2 1 1 148 159 150 1773
4343 4 2 1 1 701 862 1009 1441
4344 4 2 1 1 97 1481 100 94
4345 4 2 1 1 930 1325 1042 1851
4346 4 2 1 1 779 1374 1061 1409
4347 4 2 1 1 1340 1592 1041 851
4348 4 2 1 1 97 1481 94 1860
4349 4 2 1 1 808 1284 1089 1012
4350 4 2 1 1 715 1332 1142 1856
4351 4 2 1 1 341 989 536 1969
4352 4 2 1 1 830 1540 701 1568
4353 4 2 1 1 1723 540 549 319
4354 4 2 1 1 689 1147 1120 773
4355 4 2 1 1 1350 1168 1811 802
4356 4 2 1 1 636 1243 895 1467
4357 4 2 1 1 677 216 225 1718
4358 4 2 1 1 622 1086 1570 1677
4359 4 2 1 1 372 1207 1366 1630
4360 4 2 1 1 177 2035 1596 2012
4361 4 2 1 1 804 1214 1058 1986
4362 4 2 1 1 1026 1620 1766 1962
4363 4 2 1 1 445 562 482 1827
4364 4 2 1 1 846 1133 1232 1707
4365 4 2 1 1 1173 713 1402 1725
4366 4 2 1 1 2032 298 264 1176
4367 4 2 1 1 1723 549 540 1171
4368 4 2 1 1 815 1159 1263 1097
4369 4 2 1 1 698 1526 973 1656
4370 4 2 1 1 2021 122 20 2040
4371 4 2 1 1 872 1084 1082 1083
4372 4 2 1 1 1959 31 30 106
4373 4 2 1 1 1039 1132 697 1193
4374 4 2 1 1 698 1526 1135 973
4375 4 2 1 1 805 1180 1530 1356
4376 4 2 1 1 904 1574 1203 1745
4377 4 2 1 1 796 1293 1160 1437
4378 4 2 1 1 1397 1681 1206 1949
4379 4 2 1 1 817 1578 1186 1651
4380 4 2 1 1 505 375 1371 1907
4381 4 2 1 1 1304 1389 807 1565
4382 4 2 1 1 653 1336 1263 1983
4383 4 2 1 1 815 1263 1159 653
4384 4 2 1 1 186 204 189 1323
4385 4 2 1 1 1860 1481 1025 1008
4386 4 2 1 1 946 1276 1994 697
4387 4 2 1 1 1580 1880 1351 1545
4388 4 2 1 1 929 1748 875 1787
4389 4 2 1 1 332 600 67 1814
4390 4 2 1 1 1248 1566 954 1238
4391 4 2 1 1 1351 1880 1580 656
4392 4 2 1 1 745 1134 1644 1705
4393 4 2 1 1 720 1458 941 1989
4394 4 2 1 1 706 1143 1066 1927
4395 4 2 1 1 1139 1596 1515 1795
4396 4 2 1 1 1040 1130 809 1584
4397 4 2 1 1 905 1565 1501 1992
4398 4 2 1 1 1566 1888 925 782
4399 4 2 1 1 1012 907 1048 1805
4400 4 2 1 1 711 1117 1116 1952
4401 4 2 1 1 1032 1452 1451 824
4402 4 2 1 1 703 1261 1578 1619
4403 4 2 1 1 855 1332 1329 1731
4404 4 2 1 1 531 514 597 1820
4405 4 2 1 1 1206 1681 1166 1949
4406 4 2 1 1 980 932 1676 1927
4407 4 2 1 1 689 1525 1473 1683
4408 4 2 1 1 684 1435 1076 1543
4409 4 2 1 1 1794 2003 1323 261
4410 4 2 1 1 1098 1734 764 971
4411 4 2 1 1 654 1163 878 1782
4412 4 2 1 1 1271 1313 720 1646
4413 4 2 1 1 660 1272 1309 1508
4414 4 2 1 1 454 1278 1903 428
4415 4 2 1 1 1073 636 1322 1406
4416 4 2 1 1 657 1360 1339 1695
4417 4 2 1 1 833 1504 1379 1597
4418 4 2 1 1 974 712 1368 1234
4419 4 2 1 1 677 1162 1085 1408
4420 4 2 1 1 1002 1010 1520 1970
4421 4 2 1 1 545 1900 439 926
4422 4 2 1 1 518 415 430 1325
4423 4 2 1 1 237 1163 783 1937
4424 4 2 1 1 752 1267 1033 1469
4425 4 2 1 1 1220 1694 827 826
4426 4 2 1 1 996 2043 1937 146
4427 4 2 1 1 139 145 1383 1567
4428 4 2 1 1 859 1528 1227 1805
4429 4 2 1 1 807 1270 1247 1797
4430 4 2 1 1 773 1650 1003 1980
4431 4 2 1 1 1003 1650 868 1980
4432 4 2 1 1 1685 1250 908 699
4433 4 2 1 1 619 1076 1260 1825
4434 4 2 1 1 1120 793 1409 1841
4435 4 2 1 1 759 1177 893 1468
4436 4 2 1 1 1481 1843 1008 1901
4437 4 2 1 1 675 1254 906 1512
4438 4 2 1 1 1140 1180 1417 1880
4439 4 2 1 1 231 974 1324 858
4440 4 2 1 1 774 1452 1032 1550
4441 4 2 1 1 1231 1661 849 1907
4442 4 2 1 1 1247 1270 807 1252
4443 4 2 1 1 439 1900 545 546
4444 4 2 1 1 1366 1640 793 1819
4445 4 2 1 1 333 1568 335 1814
4446 4 2 1 1 652 1218 1237 1981
4447 4 2 1 1 871 1186 1248 637
4448 4 2 1 1 1800 1306 1692 1013
4449 4 2 1 1 812 1604 1221 1716
4450 4 2 1 1 1800 1692 1306 831
4451 4 2 1 1 857 1444 1142 1995
4452 4 2 1 1 1073 1373 939 683
4453 4 2 1 1 655 978 1295 1550
4454 4 2 1 1 916 1279 1168 1529
4455 4 2 1 1 636 939 1373 895
4456 4 2 1 1 623 1009 1288 1512
4457 4 2 1 1 828 1690 1287 649
4458 4 2 1 1 360 596 587 1982
4459 4 2 1 1 550 1042 1582 1829
4460 4 2 1 1 491 484 1161 1823
4461 4 2 1 1 1483 181 195 208
4462 4 2 1 1 1356 1357 806 1999
4463 4 2 1 1 857 1142 1607 1995
4464 4 2 1 1 629 1038 955 1216
4465 4 2 1 1 674 1938 819 961
4466 4 2 1 1 675 1111 1367 790
4467 4 2 1 1 896 914 698 1753
4468 4 2 1 1 993 1306 1501 1992
4469 4 2 1 1 819 730 1330 1622
4470 4 2 1 1 1483 195 181 826
4471 4 2 1 1 624 929 1416 1561
4472 4 2 1 1 655 1434 1247 1797
4473 4 2 1 1 447 496 418 1353
4474 4 2 1 1 743 1364 1125 1462
4475 4 2 1 1 687 934 933 1781
4476 4 2 1 1 1203 1574 864 1745
4477 4 2 1 1 625 806 880 1999
4478 4 2 1 1 912 1558 1333 1041
4479 4 2 1 1 367 535 370 1125
4480 4 2 1 1 931 799 1397 1691
4481 4 2 1 1 956 1372 782 1644
4482 4 2 1 1 1320 1967 1619 628
4483 4 2 1 1 796 1071 1262 1660
4484 4 2 1 1 897 1839 961 1840
4485 4 2 1 1 667 1225 903 1425
4486 4 2 1 1 1051 1121 1665 1910
4487 4 2 1 1 622 1570 1698 1871
4488 4 2 1 1 1090 1702 1294 679
4489 4 2 1 1 971 1375 1098 1948
4490 4 2 1 1 192 1049 1346 199
4491 4 2 1 1 487 400 393 1539
4492 4 2 1 1 952 1142 1444 1995
4493 4 2 1 1 726 1250 987 1943
4494 4 2 1 1 821 1455 967 1758
4495 4 2 1 1 887 1350 632 1811
4496 4 2 1 1 1285 1871 1570 622
4497 4 2 1 1 1003 1683 1147 868
4498 4 2 1 1 731 1254 1427 1986
4499 4 2 1 1 1685 1950 1360 1082
4500 4 2 1 1 1040 809 1137 1852
4501 4 2 1 1 1054 1285 841 1758
4502 4 2 1 1 952 1607 1142 1995
4503 4 2 1 1 919 1007 1689 1930
4504 4 2 1 1 969 1122 694 1730
4505 4 2 1 1 724 717 1153 1490
4506 4 2 1 1 664 1303 951 1735
4507 4 2 1 1 773 1155 1365 1961
4508 4 2 1 1 1126 306 1323 1813
4509 4 2 1 1 1794 306 278 290
4510 4 2 1 1 777 1029 1223 1828
4511 4 2 1 1 748 1880 1451 957
4512 4 2 1 1 1606 868 835 1983
4513 4 2 1 1 796 1437 1160 1660
4514 4 2 1 1 824 1451 1032 1625
4515 4 2 1 1 585 1595 330 1996
4516 4 2 1 1 692 1320 840 1509
4517 4 2 1 1 1139 2039 1726 206
4518 4 2 1 1 727 1426 1317 1917
4519 4 2 1 1 979 1396 1652 1743
4520 4 2 1 1 652 1119 984 1721
4521 4 2 1 1 697 1635 1276 1994
4522 4 2 1 1 1910 1665 1786 1121
4523 4 2 1 1 696 763 1074 1627
4524 4 2 1 1 1792 1229 774 1452
4525 4 2 1 1 661 1870 1849 1920
4526 4 2 1 1 1839 1808 961 1840
4527 4 2 1 1 804 1427 1253 1986
4528 4 2 1 1 772 1013 1513 1554
4529 4 2 1 1 1051 1121 786 1784
4530 4 2 1 1 1181 1182 938 1314
4531 4 2 1 1 1910 1786 1665 999
4532 4 2 1 1 1056 1709 792 1751
4533 4 2 1 1 86 1022 827 1439
4534 4 2 1 1 755 1461 1460 1771
4535 4 2 1 1 174 1220 194 1484
4536 4 2 1 1 2039 168 1795 161
4537 4 2 1 1 1249 952 1410 1160
4538 4 2 1 1 1023 1132 643 810
4539 4 2 1 1 893 1431 1092 1475
4540 4 2 1 1 931 1359 1691 1923
4541 4 2 1 1 1110 1244 803 1458
4542 4 2 1 1 275 276 278 1126
4543 4 2 1 1 754 1076 1260 1634
4544 4 2 1 1 619 1232 1456 1717
4545 4 2 1 1 783 996 1937 1392
4546 4 2 1 1 1066 1143 854 1927
4547 4 2 1 1 530 944 1301 1600
4548 4 2 1 1 1066 1197 823 1833
4549 4 2 1 1 1083 1370 1084 919
4550 4 2 1 1 1322 780 1556 1440
4551 4 2 1 1 634 972 1333 1801
4552 4 2 1 1 1006 1311 1262 1533
4553 4 2 1 1 624 909 1603 1746
4554 4 2 1 1 627 1165 1145 800
4555 4 2 1 1 228 783 244 1408
4556 4 2 1 1 1866 1317 1426 997
4557 4 2 1 1 281 1515 1596 1795
4558 4 2 1 1 711 1087 1116 1971
4559 4 2 1 1 1029 777 1420 1873
4560 4 2 1 1 1567 1937 996 1392
4561 4 2 1 1 805 1140 1180 1417
4562 4 2 1 1 29 30 82 2032
4563 4 2 1 1 1854 1287 766 978
4564 4 2 1 1 1505 1806 903 1897
4565 4 2 1 1 720 941 1458 1593
4566 4 2 1 1 369 370 1366 1640
4567 4 2 1 1 964 1244 1110 1680
4568 4 2 1 1 374 373 1366 371
4569 4 2 1 1 294 295 288 1196
4570 4 2 1 1 992 1017 816 1799
4571 4 2 1 1 845 1480 1156 1460
4572 4 2 1 1 1468 1487 1177 1607
4573 4 2 1 1 1025 1146 832 1178
4574 4 2 1 1 727 1054 1758 1158
4575 4 2 1 1 1430 1594 949 1710
4576 4 2 1 1 746 1273 957 1552
4577 4 2 1 1 937 1608 1304 1935
4578 4 2 1 1 1025 1178 640 1369
4579 4 2 1 1 723 751 1422 1036
4580 4 2 1 1 880 1028 819 1330
4581 4 2 1 1 681 1286 1653 1930
4582 4 2 1 1 735 1247 1414 1252
4583 4 2 1 1 837 658 1218 1510
4584 4 2 1 1 650 990 1749 1918
4585 4 2 1 1 1767 763 946 1312
4586 4 2 1 1 1010 632 1002 1520
4587 4 2 1 1 848 1182 1181 1314
4588 4 2 1 1 1096 1545 1351 1880
4589 4 2 1 1 1854 766 1287 920
4590 4 2 1 1 948 982 768 1875
4591 4 2 1 1 134 1576 1541 1424
4592 4 2 1 1 724 1153 717 1516
4593 4 2 1 1 628 1101 910 692
4594 4 2 1 1 789 1711 1087 1929
4595 4 2 1 1 1958 1137 1272 1852
4596 4 2 1 1 618 1096 957 1451
4597 4 2 1 1 787 921 1385 1785
4598 4 2 1 1 376 1780 1371 1907
4599 4 2 1 1 1966 1816 417 1618
4600 4 2 1 1 1254 1835 1378 1847
4601 4 2 1 1 942 1390 1133 1707
4602 4 2 1 1 659 1480 1300 1560
4603 4 2 1 1 236 1877 1752 996
4604 4 2 1 1 390 431 368 1091
4605 4 2 1 1 1530 1745 904 1356
4606 4 2 1 1 951 1303 950 1735
4607 4 2 1 1 1094 769 1407 1657
4608 4 2 1 1 377 376 379 1780
4609 4 2 1 1 638 1530 1140 1471
4610 4 2 1 1 1195 663 1719 799
4611 4 2 1 1 634 983 1558 1212
4612 4 2 1 1 458 850 528 1676
4613 4 2 1 1 1193 1538 718 1988
4614 4 2 1 1 831 999 1371 1659
4615 4 2 1 1 299 273 279 1377
4616 4 2 1 1 643 1132 1023 1404
4617 4 2 1 1 89 753 1904 81
4618 4 2 1 1 911 1094 1453 1137
4619 4 2 1 1 397 446 490 1067
4620 4 2 1 1 1394 1932 1169 1566
4621 4 2 1 1 822 686 1450 1546
4622 4 2 1 1 1460 1461 911 1771
4623 4 2 1 1 1455 1693 727 1158
4624 4 2 1 1 602 991 989 1859
4625 4 2 1 1 378 505 375 1371
4626 4 2 1 1 1465 1224 645 879
4627 4 2 1 1 89 753 81 90
4628 4 2 1 1 803 1413 1015 1703
4629 4 2 1 1 786 1024 1298 1548
4630 4 2 1 1 157 2018 165 1163
4631 4 2 1 1 1159 966 1704 1983
4632 4 2 1 1 921 1077 1026 712
4633 4 2 1 1 700 1200 1585 1586
4634 4 2 1 1 1262 1660 1071 1533
4635 4 2 1 1 1870 1688 1405 1268
4636 4 2 1 1 857 1468 1070 1674
4637 4 2 1 1 1070 1468 664 1674
4638 4 2 1 1 623 1288 1009 1438
4639 4 2 1 1 664 1070 951 1303
4640 4 2 1 1 832 640 1025 1178
4641 4 2 1 1 1584 1438 1040 1288
4642 4 2 1 1 1906 2021 313 1164
4643 4 2 1 1 1479 1826 1746 901
4644 4 2 1 1 1976 1365 1044 1212
4645 4 2 1 1 905 1501 1306 1992
4646 4 2 1 1 1123 1972 1321 688
4647 4 2 1 1 688 966 836 1380
4648 4 2 1 1 542 1742 1042 1851
4649 4 2 1 1 1727 1035 1296 1278
4650 4 2 1 1 679 1325 1573 1592
4651 4 2 1 1 1176 1860 1008 1959
4652 4 2 1 1 990 719 1189 1749
4653 4 2 1 1 2041 1974 2045 160
4654 4 2 1 1 803 1244 1110 1245
4655 4 2 1 1 465 520 476 1292
4656 4 2 1 1 771 1195 1156 1480
4657 4 2 1 1 644 1324 1649 1864
4658 4 2 1 1 1055 627 1281 1720
4659 4 2 1 1 707 1078 1094 1657
4660 4 2 1 1 1958 1272 1137 845
4661 4 2 1 1 1021 1605 1073 1733
4662 4 2 1 1 1139 177 1795 206
4663 4 2 1 1 717 1153 1392 1516
4664 4 2 1 1 1160 1034 838 1437
4665 4 2 1 1 975 1663 1459 1950
4666 4 2 1 1 87 2030 1151 1959
4667 4 2 1 1 654 992 1257 1424
4668 4 2 1 1 1071 1522 1006 756
4669 4 2 1 1 1833 1252 1953 1197
4670 4 2 1 1 1979 1328 1329 1115
4671 4 2 1 1 351 936 1477 593
4672 4 2 1 1 723 751 1036 1279
4673 4 2 1 1 1973 974 1341 1796
4674 4 2 1 1 1979 1329 1328 708
4675 4 2 1 1 1105 1649 1324 1864
4676 4 2 1 1 2020 2029 576 43
4677 4 2 1 1 1688 1862 1405 1203
4678 4 2 1 1 740 1582 1496 1742
4679 4 2 1 1 663 1275 1587 1643
4680 4 2 1 1 143 1230 1381 1686
4681 4 2 1 1 792 840 1154 1361
4682 4 2 1 1 1154 1361 840 1433
4683 4 2 1 1 484 493 545 1161
4684 4 2 1 1 1552 1666 856 957
4685 4 2 1 1 805 1141 1344 1356
4686 4 2 1 1 1151 1959 1008 1987
4687 4 2 1 1 1432 499 1934 567
4688 4 2 1 1 1026 1126 1077 1610
4689 4 2 1 1 279 1974 291 1183
4690 4 2 1 1 707 1407 1094 1480
4691 4 2 1 1 1788 1230 1726 1139
4692 4 2 1 1 807 1414 1247 1252
4693 4 2 1 1 1152 1594 1200 1658
4694 4 2 1 1 1080 1875 1483 651
4695 4 2 1 1 249 241 250 1752
4696 4 2 1 1 832 1146 658 1178
4697 4 2 1 1 927 1402 1173 1908
4698 4 2 1 1 713 1298 1024 1548
4699 4 2 1 1 670 1194 1239 959
4700 4 2 1 1 773 1698 1155 1961
4701 4 2 1 1 1870 1688 1268 762
4702 4 2 1 1 1012 1374 795 907
4703 4 2 1 1 804 1058 1427 1986
4704 4 2 1 1 618 1452 968 1792
4705 4 2 1 1 431 519 368 1091
4706 4 2 1 1 757 1465 1678 645
4707 4 2 1 1 1458 920 629 941
4708 4 2 1 1 390 1091 1640 1819
4709 4 2 1 1 231 1324 974 1973
4710 4 2 1 1 1086 1467 693 1349
4711 4 2 1 1 811 1467 1086 1349
4712 4 2 1 1 500 566 498 1668
4713 4 2 1 1 1025 832 1146 668
4714 4 2 1 1 696 1052 763 1627
4715 4 2 1 1 776 1113 897 1251
4716 4 2 1 1 675 1253 1111 732
4717 4 2 1 1 971 704 1514 1948
4718 4 2 1 1 99 2032 1590 111
4719 4 2 1 1 1358 1400 863 1099
4720 4 2 1 1 1097 1162 816 1184
4721 4 2 1 1 724 1303 893 1764
4722 4 2 1 1 684 1543 1642 1965
4723 4 2 1 1 203 826 827 176
4724 4 2 1 1 624 1542 1208 998
4725 4 2 1 1 1077 1126 1026 1662
4726 4 2 1 1 1215 953 1399 1652
4727 4 2 1 1 1428 1548 859 1908
4728 4 2 1 1 741 1363 1078 1783
4729 4 2 1 1 1844 1526 651 825
4730 4 2 1 1 699 1459 1154 1663
4731 4 2 1 1 928 1508 914 1697
4732 4 2 1 1 1772 1573 1061 1470
4733 4 2 1 1 1293 1410 952 1160
4734 4 2 1 1 676 1298 1804 1528
4735 4 2 1 1 843 1801 1172 1975
4736 4 2 1 1 1196 2032 28 111
4737 4 2 1 1 1809 1517 836 1210
4738 4 2 1 1 631 1011 1540 1837
4739 4 2 1 1 709 1104 1861 1116
4740 4 2 1 1 1011 790 917 1540
4741 4 2 1 1 351 936 593 570
4742 4 2 1 1 1060 707 1407 1657
4743 4 2 1 1 1220 105 114 827
4744 4 2 1 1 1220 114 105 103
4745 4 2 1 1 315 2021 313 1906
4746 4 2 1 1 745 1644 935 1705
4747 4 2 1 1 373 375 374 1907
4748 4 2 1 1 839 1130 1778 1922
4749 4 2 1 1 1189 803 1703 1832
4750 4 2 1 1 412 1419 1604 1827
4751 4 2 1 1 1085 1105 885 1115
4752 4 2 1 1 1098 1206 764 1617
4753 4 2 1 1 202 1773 1049 1815
4754 4 2 1 1 1935 1400 770 734
4755 4 2 1 1 183 1135 897 1840
4756 4 2 1 1 1460 1480 1094 1137
4757 4 2 1 1 1527 1343 652 984
4758 4 2 1 1 474 1413 932 1832
4759 4 2 1 1 310 1301 592 1779
4760 4 2 1 1 758 1029 1223 1420
4761 4 2 1 1 774 1229 1047 1589
4762 4 2 1 1 1002 1634 1010 1970
4763 4 2 1 1 817 923 695 1544
4764 4 2 1 1 1112 952 1444 1995
4765 4 2 1 1 1282 1287 828 1491
4766 4 2 1 1 805 1356 1344 1393
4767 4 2 1 1 769 1094 1631 1822
4768 4 2 1 1 397 446 1067 898
4769 4 2 1 1 821 1129 1507 1899
4770 4 2 1 1 978 1550 1282 1905
4771 4 2 1 1 1779 1318 1301 722
4772 4 2 1 1 1569 1150 1897 977
4773 4 2 1 1 666 1227 1518 1316
4774 4 2 1 1 389 1445 391 1890
4775 4 2 1 1 1881 293 296 1151
4776 4 2 1 1 721 918 865 781
4777 4 2 1 1 494 1121 1665 1784
4778 4 2 1 1 607 1174 1977 317
4779 4 2 1 1 685 1317 1175 1821
4780 4 2 1 1 574 575 344 1832
4781 4 2 1 1 1003 1525 1683 868
4782 4 2 1 1 469 459 1654 1675
4783 4 2 1 1 652 1343 1527 1218
4784 4 2 1 1 1499 853 1198 1844
4785 4 2 1 1 711 1116 1117 1387
4786 4 2 1 1 997 1317 822 1821
4787 4 2 1 1 1455 1693 1551 1917
4788 4 2 1 1 652 1119 1527 984
4789 4 2 1 1 978 735 1485 1854
4790 4 2 1 1 1014 1380 327 1993
4791 4 2 1 1 972 1191 708 1333
4792 4 2 1 1 1654 1789 854 1927
4793 4 2 1 1 729 1330 1007 1862
4794 4 2 1 1 1527 1119 652 1218
4795 4 2 1 1 927 1173 1428 1908
4796 4 2 1 1 456 1747 1555 1924
4797 4 2 1 1 726 1410 1250 908
4798 4 2 1 1 759 1177 1487 1494
4799 4 2 1 1 1347 1427 731 1847
4800 4 2 1 1 740 1495 1171 1496
4801 4 2 1 1 1757 1561 1509 834
4802 4 2 1 1 703 975 1186 1984
4803 4 2 1 1 808 1399 1016 1012
4804 4 2 1 1 639 937 1501 1099
4805 4 2 1 1 663 1587 1054 1643
4806 4 2 1 1 1509 1561 1757 752
4807 4 2 1 1 450 1411 1579 1661
4808 4 2 1 1 1067 1429 732 1684
4809 4 2 1 1 1709 1005 1751 1856
4810 4 2 1 1 784 1271 1093 1493
4811 4 2 1 1 628 1101 1843 1901
4812 4 2 1 1 1043 2024 986 1814
4813 4 2 1 1 1234 1368 282 1919
4814 4 2 1 1 504 537 407 1894
4815 4 2 1 1 1087 1475 1116 1971
4816 4 2 1 1 930 1042 740 1742
4817 4 2 1 1 779 1374 1089 676
4818 4 2 1 1 874 1538 1229 1759
4819 4 2 1 1 236 251 254 1664
4820 4 2 1 1 927 1428 1173 1896
4821 4 2 1 1 892 1489 1445 1890
4822 4 2 1 1 973 651 1526 1135
4823 4 2 1 1 762 1028 1862 1330
4824 4 2 1 1 789 1082 1711 1929
4825 4 2 1 1 1445 1489 1001 1890
4826 4 2 1 1 1054 1175 727 1866
4827 4 2 1 1 725 1105 1055 1777
4828 4 2 1 1 648 1316 1428 1830
4829 4 2 1 1 440 1353 1015 1668
4830 4 2 1 1 63 214 2028 827
4831 4 2 1 1 648 1548 1493 1830
4832 4 2 1 1 707 1094 1078 1460
4833 4 2 1 1 740 994 1582 1893
4834 4 2 1 1 1057 1107 1952 1954
4835 4 2 1 1 636 1018 1373 971
4836 4 2 1 1 1158 1647 1054 749
4837 4 2 1 1 699 1250 1597 1950
4838 4 2 1 1 1083 1689 1930 919
4839 4 2 1 1 885 1105 1085 1973
4840 4 2 1 1 328 589 966 1159
4841 4 2 1 1 543 360 587 1982
4842 4 2 1 1 468 1902 1429 486
4843 4 2 1 1 350 1667 1097 1912
4844 4 2 1 1 1063 1201 813 1350
4845 4 2 1 1 631 1310 1358 1549
4846 4 2 1 1 1066 1833 823 1834
4847 4 2 1 1 721 1291 1275 781
4848 4 2 1 1 686 1204 846 1299
4849 4 2 1 1 584 1037 572 1422
4850 4 2 1 1 1279 1331 751 1337
4851 4 2 1 1 874 1302 955 1759
4852 4 2 1 1 961 674 1230 1788
4853 4 2 1 1 501 1046 379 1947
4854 4 2 1 1 379 1559 1046 1890
4855 4 2 1 1 956 1471 1065 1629
4856 4 2 1 1 1237 746 1666 1981
4857 4 2 1 1 676 1298 1528 1121
4858 4 2 1 1 1833 1953 1252 750
4859 4 2 1 1 1437 1479 1433 1034
4860 4 2 1 1 236 1877 996 235
4861 4 2 1 1 764 1206 1098 1018
4862 4 2 1 1 103 13 12 2050
4863 4 2 1 1 831 1284 1265 1910
4864 4 2 1 1 702 1213 1103 1741
4865 4 2 1 1 198 1020 826 991
4866 4 2 1 1 851 1325 1042 1592
4867 4 2 1 1 1344 1356 625 1393
4868 4 2 1 1 1902 1727 1278 1621
4869 4 2 1 1 767 1585 1543 1594
4870 4 2 1 1 845 1480 1460 1137
4871 4 2 1 1 721 1206 1098 953
4872 4 2 1 1 2024 986 1814 179
4873 4 2 1 1 351 591 590 1477
4874 4 2 1 1 1173 1725 1402 1933
4875 4 2 1 1 1285 1158 1054 749
4876 4 2 1 1 669 1157 1748 1787
4877 4 2 1 1 498 1432 499 1575
4878 4 2 1 1 1192 1329 1115 1979
4879 4 2 1 1 454 1278 428 434
4880 4 2 1 1 647 1183 1664 1974
4881 4 2 1 1 1437 1433 1479 671
4882 4 2 1 1 1272 1461 845 1658
4883 4 2 1 1 1526 825 1521 1079
4884 4 2 1 1 379 1046 1780 1890
4885 4 2 1 1 669 1190 929 1748
4886 4 2 1 1 148 2015 2038 1236
4887 4 2 1 1 635 1162 1535 1537
4888 4 2 1 1 924 1231 516 1579
4889 4 2 1 1 1083 789 1290 1929
4890 4 2 1 1 633 1049 1345 1346
4891 4 2 1 1 1127 1337 751 1837
4892 4 2 1 1 982 1842 768 1875
4893 4 2 1 1 382 1942 1784 1051
4894 4 2 1 1 1013 1554 772 1947
4895 4 2 1 1 755 1460 1461 1588
4896 4 2 1 1 669 1213 1103 1190
4897 4 2 1 1 1572 1955 756 1103
4898 4 2 1 1 429 1325 414 1851
4899 4 2 1 1 701 1049 1315 1568
4900 4 2 1 1 366 368 519 1391
4901 4 2 1 1 1945 1528 733 1227
4902 4 2 1 1 736 1473 936 1474
4903 4 2 1 1 1613 1703 1245 1838
4904 4 2 1 1 685 1107 1363 1760
4905 4 2 1 1 728 1373 1018 971
4906 4 2 1 1 1097 1263 816 1799
4907 4 2 1 1 177 2035 2012 61
4908 4 2 1 1 1005 1311 1240 1709
4909 4 2 1 1 1062 1761 565 1809
4910 4 2 1 1 69 70 252 2027
4911 4 2 1 1 1868 1558 797 1240
4912 4 2 1 1 631 1540 917 1586
4913 4 2 1 1 659 1480 1560 1137
4914 4 2 1 1 1058 1214 731 1986
4915 4 2 1 1 824 1198 1905 1030
4916 4 2 1 1 1285 1758 1054 1158
4917 4 2 1 1 654 1536 1163 1782
4918 4 2 1 1 747 1274 1261 1651
4919 4 2 1 1 706 1066 1789 1927
4920 4 2 1 1 271 2008 1515 286
4921 4 2 1 1 1025 1131 832 1620
4922 4 2 1 1 1580 839 1351 1775
4923 4 2 1 1 990 1694 991 827
4924 4 2 1 1 851 1573 1325 1592
4925 4 2 1 1 1422 1913 1398 723
4926 4 2 1 1 331 1595 1036 1820
4927 4 2 1 1 626 1264 1048 1805
4928 4 2 1 1 1594 1200 1658 949
4929 4 2 1 1 1711 1250 1410 900
4930 4 2 1 1 1667 1017 220 2005
4931 4 2 1 1 1021 1524 1296 1733
4932 4 2 1 1 1773 1591 1626 1315
4933 4 2 1 1 1923 1410 1249 814
4934 4 2 1 1 735 1047 1295 774
4935 4 2 1 1 828 1289 985 1623
4936 4 2 1 1 334 539 548 1301
4937 4 2 1 1 464 1091 390 1819
4938 4 2 1 1 1122 1406 780 1556
4939 4 2 1 1 1773 1626 1591 852
4940 4 2 1 1 1476 1943 1504 1034
4941 4 2 1 1 1504 1943 1476 637
4942 4 2 1 1 474 609 1297 1413
4943 4 2 1 1 340 989 990 1189
4944 4 2 1 1 735 1295 978 774
4945 4 2 1 1 1060 1633 1363 1791
4946 4 2 1 1 624 929 1208 1542
4947 4 2 1 1 795 1342 1217 1831
4948 4 2 1 1 927 1572 1103 943
4949 4 2 1 1 1261 1274 747 1343
4950 4 2 1 1 1978 1129 967 757
4951 4 2 1 1 695 1267 1601 1916
4952 4 2 1 1 1978 967 1129 1507
4953 4 2 1 1 1434 1453 958 1770
4954 4 2 1 1 1654 1246 1789 1894
4955 4 2 1 1 1244 1245 1313 964
4956 4 2 1 1 468 557 486 1429
4957 4 2 1 1 1070 1256 951 1448
4958 4 2 1 1 870 1523 1809 1210
4959 4 2 1 1 686 818 1756 1914
4960 4 2 1 1 231 1324 233 858
4961 4 2 1 1 1582 1687 550 1829
4962 4 2 1 1 1060 1029 1691 1873
4963 4 2 1 1 1633 1791 1760 1363
4964 4 2 1 1 1841 1562 1364 849
4965 4 2 1 1 1010 1002 632 1457
4966 4 2 1 1 638 1574 1553 1928
4967 4 2 1 1 1806 1897 1505 1990
4968 4 2 1 1 892 1890 1445 1167
4969 4 2 1 1 84 2034 1793 2001
4970 4 2 1 1 1760 1791 1633 884
4971 4 2 1 1 668 1176 1126 1590
4972 4 2 1 1 457 1422 584 568
4973 4 2 1 1 737 1612 965 1896
4974 4 2 1 1 995 1533 1190 1757
4975 4 2 1 1 647 1234 1183 1377
4976 4 2 1 1 1983 1921 1683 835
4977 4 2 1 1 141 158 867 1383
4978 4 2 1 1 751 1621 1127 1903
4979 4 2 1 1 1277 138 137 139
4980 4 2 1 1 1878 1736 1516 716
4981 4 2 1 1 711 1290 1268 981
4982 4 2 1 1 771 1195 1480 891
4983 4 2 1 1 170 2052 39 131
4984 4 2 1 1 625 1356 806 1999
4985 4 2 1 1 356 330 357 813
4986 4 2 1 1 1516 1736 1878 951
4987 4 2 1 1 471 1883 1676 1968
4988 4 2 1 1 1066 854 1789 1927
4989 4 2 1 1 738 1418 1187 1632
4990 4 2 1 1 356 813 1014 1996
4991 4 2 1 1 818 1317 1299 1450
4992 4 2 1 1 728 1358 1824 1099
4993 4 2 1 1 1012 808 1283 641
4994 4 2 1 1 426 1255 422 1738
4995 4 2 1 1 709 1116 1087 1475
4996 4 2 1 1 649 1199 1143 1865
4997 4 2 1 1 680 1562 1659 1872
4998 4 2 1 1 1093 1265 1051 1800
4999 4 2 1 1 772 1308 1001 1559
5000 4 2 1 1 1399 1617 808 1769
5001 4 2 1 1 1217 1294 797 1964
5002 4 2 1 1 724 1863 725 1864
5003 4 2 1 1 1735 1455 1693 950
5004 4 2 1 1 627 1164 1145 1165
5005 4 2 1 1 1440 1524 969 1761
5006 4 2 1 1 1134 1238 1248 1651
5007 4 2 1 1 1054 1643 1647 1719
5008 4 2 1 1 1238 959 968 1988
5009 4 2 1 1 1024 786 1298 1679
5010 4 2 1 1 690 1112 1444 1995
5011 4 2 1 1 775 954 1504 1932
5012 4 2 1 1 636 1322 1375 1514
5013 4 2 1 1 1254 1900 1255 944
5014 4 2 1 1 458 435 850 1675
5015 4 2 1 1 713 913 1716 1221
5016 4 2 1 1 715 1557 1342 797
5017 4 2 1 1 1255 1900 1254 926
5018 4 2 1 1 1192 1333 1191 1744
5019 4 2 1 1 882 1088 1300 1560
5020 4 2 1 1 730 1808 961 1839
5021 4 2 1 1 1046 1371 831 1692
5022 4 2 1 1 1571 1744 815 1801
5023 4 2 1 1 448 498 499 1575
5024 4 2 1 1 1823 1161 732 1111
5025 4 2 1 1 865 1365 1044 1443
5026 4 2 1 1 841 1285 1054 1587
5027 4 2 1 1 2014 303 268 57
5028 4 2 1 1 356 327 576 1014
5029 4 2 1 1 707 1060 1407 1633
5030 4 2 1 1 370 1366 1125 1630
5031 4 2 1 1 570 593 534 936
5032 4 2 1 1 89 753 90 1469
5033 4 2 1 1 1966 1989 1618 890
5034 4 2 1 1 453 532 554 1838
5035 4 2 1 1 1054 1758 841 1866
5036 4 2 1 1 639 1427 1638 1776
5037 4 2 1 1 143 1230 1686 1915
5038 4 2 1 1 780 1073 1322 1406
5039 4 2 1 1 1839 873 837 1079
5040 4 2 1 1 1158 1645 664 1735
5041 4 2 1 1 1248 1566 1238 782
5042 4 2 1 1 717 1535 783 1537
5043 4 2 1 1 1160 1034 1437 726
5044 4 2 1 1 701 1009 862 790
5045 4 2 1 1 269 1377 1810 1974
5046 4 2 1 1 552 346 1052 1850
5047 4 2 1 1 565 455 363 1809
5048 4 2 1 1 1014 1257 992 1424
5049 4 2 1 1 1057 1791 1873 981
5050 4 2 1 1 872 1597 1250 1950
5051 4 2 1 1 1623 1690 649 1378
5052 4 2 1 1 974 1234 647 1418
5053 4 2 1 1 682 1844 1351 1314
5054 4 2 1 1 651 973 1526 1314
5055 4 2 1 1 824 1545 1451 1625
5056 4 2 1 1 875 929 753 1748
5057 4 2 1 1 632 1466 879 1534
5058 4 2 1 1 646 1251 1113 1938
5059 4 2 1 1 1618 1989 1966 976
5060 4 2 1 1 866 1492 1353 1646
5061 4 2 1 1 1353 1492 1179 1646
5062 4 2 1 1 1069 1674 1256 947
5063 4 2 1 1 799 1949 1407 1195
5064 4 2 1 1 696 964 1052 1404
5065 4 2 1 1 1302 1759 1421 955
5066 4 2 1 1 742 1417 1266 1580
5067 4 2 1 1 848 1182 1656 623
5068 4 2 1 1 729 864 1203 1688
5069 4 2 1 1 976 706 1297 1598
5070 4 2 1 1 1127 732 1429 1621
5071 4 2 1 1 1338 1415 1099 1776
5072 4 2 1 1 862 1043 701 790
5073 4 2 1 1 1544 810 1699 1916
5074 4 2 1 1 965 1572 927 1612
5075 4 2 1 1 1468 1995 814 1205
5076 4 2 1 1 374 506 1231 1661
5077 4 2 1 1 494 1665 382 1784
5078 4 2 1 1 1108 794 1352 1849
5079 4 2 1 1 626 907 1355 1805
5080 4 2 1 1 649 1143 1066 1865
5081 4 2 1 1 633 1345 698 1346
5082 4 2 1 1 425 489 1221 1936
5083 4 2 1 1 310 530 1301 1318
5084 4 2 1 1 739 951 1256 1448
5085 4 2 1 1 987 1250 789 1858
5086 4 2 1 1 1154 1685 908 699
5087 4 2 1 1 1618 1774 405 1966
5088 4 2 1 1 571 1189 1703 1832
5089 4 2 1 1 1146 1590 98 1860
5090 4 2 1 1 2024 986 179 1779
5091 4 2 1 1 705 1710 1569 1897
5092 4 2 1 1 459 1675 458 1676
5093 4 2 1 1 343 578 342 990
5094 4 2 1 1 2008 144 127 1810
5095 4 2 1 1 160 2045 169 132
5096 4 2 1 1 628 1320 1131 1619
5097 4 2 1 1 661 942 846 1849
5098 4 2 1 1 157 1798 1017 1424
5099 4 2 1 1 1860 1481 1008 1987
5100 4 2 1 1 745 1273 1134 1706
5101 4 2 1 1 801 1122 1529 1729
5102 4 2 1 1 1923 1410 814 1235
5103 4 2 1 1 669 1103 927 1436
5104 4 2 1 1 884 1647 1643 1719
5105 4 2 1 1 1033 1348 883 1601
5106 4 2 1 1 1421 1759 1302 666
5107 4 2 1 1 276 1077 275 274
5108 4 2 1 1 701 888 1441 1583
5109 4 2 1 1 247 1536 244 237
5110 4 2 1 1 1191 1448 1192 1846
5111 4 2 1 1 390 1640 1091 368
5112 4 2 1 1 558 1297 433 1966
5113 4 2 1 1 1964 1376 1090 1294
5114 4 2 1 1 1109 1598 1882 744
5115 4 2 1 1 2004 1196 88 1793
5116 4 2 1 1 429 415 414 1325
5117 4 2 1 1 1873 1235 642 1057
5118 4 2 1 1 1213 756 1103 1190
5119 4 2 1 1 1591 785 136 1225
5120 4 2 1 1 1873 789 1488 987
5121 4 2 1 1 104 84 121 1146
5122 4 2 1 1 697 1276 1132 946
5123 4 2 1 1 201 1813 207 1196
5124 4 2 1 1 1248 1566 782 1888
5125 4 2 1 1 207 1813 201 200
5126 4 2 1 1 703 871 1274 1370
5127 4 2 1 1 622 1446 1285 1871
5128 4 2 1 1 1828 1065 691 935
5129 4 2 1 1 1230 1944 867 1515
5130 4 2 1 1 298 1126 276 1662
5131 4 2 1 1 621 1414 1389 1565
5132 4 2 1 1 866 1646 1353 1313
5133 4 2 1 1 1935 1400 734 1358
5134 4 2 1 1 90 1348 883 1469
5135 4 2 1 1 1300 1018 764 728
5136 4 2 1 1 336 572 791 1422
5137 4 2 1 1 844 1470 983 1976
5138 4 2 1 1 509 463 507 1167
5139 4 2 1 1 974 232 1341 1877
5140 4 2 1 1 785 1037 1004 1398
5141 4 2 1 1 1434 1453 1770 886
5142 4 2 1 1 534 1391 936 1921
5143 4 2 1 1 1120 1447 1147 793
5144 4 2 1 1 478 610 480 1936
5145 4 2 1 1 806 1356 1141 1390
5146 4 2 1 1 903 1806 1626 1897
5147 4 2 1 1 1300 1480 771 1560
5148 4 2 1 1 669 1157 1213 1748
5149 4 2 1 1 728 1018 764 971
5150 4 2 1 1 1816 441 533 432
5151 4 2 1 1 784 1493 1093 1951
5152 4 2 1 1 797 1831 983 1294
5153 4 2 1 1 1032 1589 1295 1957
5154 4 2 1 1 806 1577 1344 1963
5155 4 2 1 1 853 1326 1670 1671
5156 4 2 1 1 243 77 76 1497
5157 4 2 1 1 685 1722 1107 1760
5158 4 2 1 1 137 140 163 1506
5159 4 2 1 1 677 1085 225 1408
5160 4 2 1 1 1084 1653 872 1984
5161 4 2 1 1 643 1531 1439 810
5162 4 2 1 1 739 1191 1069 1975
5163 4 2 1 1 944 862 1301 1600
5164 4 2 1 1 833 1611 1602 1826
5165 4 2 1 1 1055 692 1648 792
5166 4 2 1 1 674 730 1610 1808
5167 4 2 1 1 992 1017 1424 654
5168 4 2 1 1 1772 1573 1470 679
5169 4 2 1 1 81 90 753 1348
5170 4 2 1 1 402 392 401 1308
5171 4 2 1 1 1180 856 1666 957
5172 4 2 1 1 851 1473 1340 1474
5173 4 2 1 1 932 1883 474 1968
5174 4 2 1 1 1228 1271 876 1593
5175 4 2 1 1 1966 544 558 1297
5176 4 2 1 1 727 1693 1455 1917
5177 4 2 1 1 1966 558 544 485
5178 4 2 1 1 774 1216 1538 1792
5179 4 2 1 1 1068 947 1446 1871
5180 4 2 1 1 999 384 1661 1786
5181 4 2 1 1 1694 1022 990 1918
5182 4 2 1 1 786 1179 1051 1784
5183 4 2 1 1 948 1439 827 1694
5184 4 2 1 1 958 770 1608 1797
5185 4 2 1 1 246 234 233 858
5186 4 2 1 1 837 1135 651 1483
5187 4 2 1 1 1945 1951 1673 1258
5188 4 2 1 1 831 1051 1265 1800
5189 4 2 1 1 1945 1673 1951 784
5190 4 2 1 1 703 1186 1578 1651
5191 4 2 1 1 735 1414 1258 1252
5192 4 2 1 1 1298 1355 713 1716
5193 4 2 1 1 660 1141 1309 1461
5194 4 2 1 1 422 481 410 1246
5195 4 2 1 1 688 813 887 1123
5196 4 2 1 1 1693 1647 760 1722
5197 4 2 1 1 1976 1365 1212 844
5198 4 2 1 1 713 913 1221 1539
5199 4 2 1 1 1109 766 970 1891
5200 4 2 1 1 282 299 262 1234
5201 4 2 1 1 786 1265 1493 1121
5202 4 2 1 1 627 829 761 1164
5203 4 2 1 1 739 1256 1069 1448
5204 4 2 1 1 848 1656 928 623
5205 4 2 1 1 1066 1197 706 1789
5206 4 2 1 1 221 2011 248 1165
5207 4 2 1 1 667 1225 1591 1626
5208 4 2 1 1 721 1098 1206 1018
5209 4 2 1 1 757 967 1064 645
5210 4 2 1 1 567 499 348 1432
5211 4 2 1 1 922 661 1384 880
5212 4 2 1 1 1026 1622 1616 1766
5213 4 2 1 1 1702 679 812 1639
5214 4 2 1 1 725 1055 1105 1649
5215 4 2 1 1 1141 1344 806 1812
5216 4 2 1 1 666 1226 1396 1743
5217 4 2 1 1 1193 1095 1039 1194
5218 4 2 1 1 1966 1816 1618 976
5219 4 2 1 1 1888 1504 954 1932
5220 4 2 1 1 788 1100 1682 1967
5221 4 2 1 1 548 1301 944 1367
5222 4 2 1 1 1942 383 382 395
5223 4 2 1 1 457 522 523 1036
5224 4 2 1 1 702 1090 1741 1955
5225 4 2 1 1 1262 1361 1005 1437
5226 4 2 1 1 831 1265 1284 1768
5227 4 2 1 1 834 1509 1757 1826
5228 4 2 1 1 170 2052 2036 39
5229 4 2 1 1 292 267 305 1795
5230 4 2 1 1 1204 1384 922 661
5231 4 2 1 1 1152 1543 882 1585
5232 4 2 1 1 161 155 1139 1726
5233 4 2 1 1 669 1174 1787 1933
5234 4 2 1 1 729 1203 864 1745
5235 4 2 1 1 638 1078 1269 1657
5236 4 2 1 1 1016 1265 676 1528
5237 4 2 1 1 1087 1290 789 1929
5238 4 2 1 1 949 1430 1232 1594
5239 4 2 1 1 1447 793 1120 1841
5240 4 2 1 1 717 1418 1490 1796
5241 4 2 1 1 1233 637 987 1858
5242 4 2 1 1 1942 382 383 1051
5243 4 2 1 1 652 1273 1274 1343
5244 4 2 1 1 1190 1561 929 1836
5245 4 2 1 1 772 1559 1046 1947
5246 4 2 1 1 710 1123 1257 1463
5247 4 2 1 1 645 1064 1463 1755
5248 4 2 1 1 771 1857 1195 891
5249 4 2 1 1 660 949 1577 1812
5250 4 2 1 1 733 1886 1396 1264
5251 4 2 1 1 693 1243 1349 1467
5252 4 2 1 1 692 1648 1967 1649
5253 4 2 1 1 1754 1064 1045 645
5254 4 2 1 1 253 1105 800 1324
5255 4 2 1 1 1322 1556 1462 1440
5256 4 2 1 1 911 1453 1094 1822
5257 4 2 1 1 457 1422 568 751
5258 4 2 1 1 716 1392 1153 1516
5259 4 2 1 1 1061 1503 1470 1573
5260 4 2 1 1 822 1456 1260 997
5261 4 2 1 1 905 1284 1016 1768
5262 4 2 1 1 450 488 1411 1661
5263 4 2 1 1 1170 1211 700 1586
5264 4 2 1 1 772 1415 1138 1489
5265 4 2 1 1 1872 1780 1489 892
5266 4 2 1 1 675 1512 1009 862
5267 4 2 1 1 1084 1532 1360 657
5268 4 2 1 1 783 1535 1392 1782
5269 4 2 1 1 759 1713 1328 1979
5270 4 2 1 1 1056 1328 855 1750
5271 4 2 1 1 822 1260 1456 1717
5272 4 2 1 1 642 1057 1305 1954
5273 4 2 1 1 672 1669 1447 1980
5274 4 2 1 1 1411 676 999 1786
5275 4 2 1 1 1489 1780 1872 1046
5276 4 2 1 1 1315 1412 830 1715
5277 4 2 1 1 148 2015 1236 129
5278 4 2 1 1 632 1002 1520 1534
5279 4 2 1 1 1225 1425 667 1398
5280 4 2 1 1 1424 2020 1541 134
5281 4 2 1 1 1880 1471 957 748
5282 4 2 1 1 1433 1479 671 1826
5283 4 2 1 1 678 1242 1495 1720
5284 4 2 1 1 1277 1383 139 1686
5285 4 2 1 1 910 1354 1101 1901
5286 4 2 1 1 474 609 558 1297
5287 4 2 1 1 792 692 995 1281
5288 4 2 1 1 836 1335 1517 1606
5289 4 2 1 1 892 1489 1872 1948
5290 4 2 1 1 1172 653 843 1975
5291 4 2 1 1 657 1083 1082 1084
5292 4 2 1 1 727 1758 1054 1866
5293 4 2 1 1 635 1535 1162 1878
5294 4 2 1 1 1726 143 166 155
5295 4 2 1 1 993 1513 1306 1992
5296 4 2 1 1 838 1518 1226 1396
5297 4 2 1 1 705 1251 963 1963
5298 4 2 1 1 1160 1563 1885 1886
5299 4 2 1 1 695 1509 834 1611
5300 4 2 1 1 634 1386 1212 1801
5301 4 2 1 1 1196 111 110 1590
5302 4 2 1 1 765 850 1378 1599
5303 4 2 1 1 1429 1621 732 1684
5304 4 2 1 1 1013 396 1554 461
5305 4 2 1 1 1046 1489 680 1872
5306 4 2 1 1 743 1630 1207 1167
5307 4 2 1 1 129 1381 149 166
5308 4 2 1 1 1608 770 1040 1935
5309 4 2 1 1 1217 1294 795 1831
5310 4 2 1 1 1058 1347 731 1834
5311 4 2 1 1 1345 1441 928 623
5312 4 2 1 1 650 1095 1694 1918
5313 4 2 1 1 1499 853 1844 650
5314 4 2 1 1 2008 53 54 127
5315 4 2 1 1 1839 873 1079 625
5316 4 2 1 1 765 1599 938 1600
5317 4 2 1 1 674 1515 1077 1944
5318 4 2 1 1 755 1133 1390 1707
5319 4 2 1 1 1130 1584 1266 809
5320 4 2 1 1 740 1496 1171 1742
5321 4 2 1 1 682 1314 938 1499
5322 4 2 1 1 1882 803 1109 1110
5323 4 2 1 1 720 1093 1271 1646
5324 4 2 1 1 1882 1109 803 1598
5325 4 2 1 1 636 1373 1018 895
5326 4 2 1 1 250 236 232 1752
5327 4 2 1 1 1833 1992 1513 993
5328 4 2 1 1 1055 725 1648 1649
5329 4 2 1 1 712 1616 1072 1962
5330 4 2 1 1 1016 1284 808 1012
5331 4 2 1 1 1306 1513 1013 1800
5332 4 2 1 1 1765 504 503 1554
5333 4 2 1 1 993 1058 1833 639
5334 4 2 1 1 327 326 576 1993
5335 4 2 1 1 1248 782 1644 1888
5336 4 2 1 1 804 1338 1253 1776
5337 4 2 1 1 1685 1950 699 1663
5338 4 2 1 1 1513 1992 1833 665
5339 4 2 1 1 900 1250 1410 908
5340 4 2 1 1 484 423 491 1161
5341 4 2 1 1 719 964 1052 1245
5342 4 2 1 1 1610 1077 674 1794
5343 4 2 1 1 1500 1957 769 962
5344 4 2 1 1 1004 1811 1398 1913
5345 4 2 1 1 730 1610 1622 1636
5346 4 2 1 1 808 1617 1399 953
5347 4 2 1 1 995 1311 1281 756
5348 4 2 1 1 843 1172 1003 653
5349 4 2 1 1 691 769 1629 1828
5350 4 2 1 1 1058 1834 1833 1347
5351 4 2 1 1 1754 1064 645 1755
5352 4 2 1 1 1833 1834 1058 823
5353 4 2 1 1 238 800 240 1165
5354 4 2 1 1 1227 733 1396 1264
5355 4 2 1 1 1761 511 538 1440
5356 4 2 1 1 792 1361 1154 1751
5357 4 2 1 1 1761 538 511 569
5358 4 2 1 1 1564 1208 1561 1033
5359 4 2 1 1 328 1159 966 1704
5360 4 2 1 1 410 1246 481 1765
5361 4 2 1 1 680 1872 1489 1948
5362 4 2 1 1 731 1254 1378 1847
5363 4 2 1 1 873 1521 1393 1666
5364 4 2 1 1 1160 838 1563 1886
5365 4 2 1 1 738 1388 1187 1442
5366 4 2 1 1 671 1826 1479 901
5367 4 2 1 1 1637 1871 947 1961
5368 4 2 1 1 688 992 1014 1257
5369 4 2 1 1 155 1139 1726 1915
5370 4 2 1 1 326 1798 576 1993
5371 4 2 1 1 501 1013 1947 461
5372 4 2 1 1 1012 1283 1624 795
5373 4 2 1 1 836 694 1201 1062
5374 4 2 1 1 872 975 1084 1984
5375 4 2 1 1 1341 1537 228 1973
5376 4 2 1 1 640 1369 948 810
5377 4 2 1 1 1031 1736 1507 1899
5378 4 2 1 1 1564 1561 1208 624
5379 4 2 1 1 971 1138 1734 764
5380 4 2 1 1 851 1325 1573 1641
5381 4 2 1 1 787 1385 1384 1785
5382 4 2 1 1 503 1559 1308 1947
5383 4 2 1 1 1560 1137 845 1958
5384 4 2 1 1 491 492 484 1823
5385 4 2 1 1 1230 1944 1515 674
5386 4 2 1 1 1285 1158 749 947
5387 4 2 1 1 503 1559 1947 502
5388 4 2 1 1 1183 258 74 222
5389 4 2 1 1 191 190 1726 1840
5390 4 2 1 1 781 1454 1467 1669
5391 4 2 1 1 881 1467 1454 1669
5392 4 2 1 1 639 1099 1415 1776
5393 4 2 1 1 598 966 589 1263
5394 4 2 1 1 423 1161 484 1614
5395 4 2 1 1 1331 1482 1019 1642
5396 4 2 1 1 653 868 1336 1983
5397 4 2 1 1 733 1048 1624 1886
5398 4 2 1 1 1253 1338 863 1776
5399 4 2 1 1 1981 1956 1273 1343
5400 4 2 1 1 916 1331 1019 1642
5401 4 2 1 1 1420 1691 1029 1873
5402 4 2 1 1 782 691 956 1644
5403 4 2 1 1 1273 1956 1981 746
5404 4 2 1 1 246 2027 245 1368
5405 4 2 1 1 1841 1562 849 1259
5406 4 2 1 1 205 177 196 1596
5407 4 2 1 1 1839 896 897 625
5408 4 2 1 1 954 817 1248 1238
5409 4 2 1 1 785 1576 1541 135
5410 4 2 1 1 1541 1576 785 710
5411 4 2 1 1 652 919 1119 1721
5412 4 2 1 1 1753 1762 914 1508
5413 4 2 1 1 732 1621 1337 1684
5414 4 2 1 1 1753 914 1762 896
5415 4 2 1 1 1447 1669 1188 1980
5416 4 2 1 1 1592 679 1090 1376
5417 4 2 1 1 1110 1244 964 1245
5418 4 2 1 1 1298 1493 859 1528
5419 4 2 1 1 201 189 200 1813
5420 4 2 1 1 1090 679 1592 930
5421 4 2 1 1 1433 1479 833 1034
5422 4 2 1 1 1090 1763 1592 1376
5423 4 2 1 1 81 108 91 1023
5424 4 2 1 1 1592 1763 1090 930
5425 4 2 1 1 629 1038 1216 1891
5426 4 2 1 1 63 176 214 827
5427 4 2 1 1 1360 1685 1648 1663
5428 4 2 1 1 659 1480 1094 1631
5429 4 2 1 1 1069 857 1444 708
5430 4 2 1 1 1069 857 708 1070
5431 4 2 1 1 864 1478 1118 1928
5432 4 2 1 1 1648 1685 1360 820
5433 4 2 1 1 716 1045 1064 1507
5434 4 2 1 1 801 1520 1168 1529
5435 4 2 1 1 1935 734 1852 1088
5436 4 2 1 1 1268 864 1688 741
5437 4 2 1 1 801 1520 1403 1534
5438 4 2 1 1 775 1504 1226 1932
5439 4 2 1 1 700 1211 1088 1852
5440 4 2 1 1 1873 1478 1488 981
5441 4 2 1 1 1530 1574 904 1745
5442 4 2 1 1 647 1919 1234 1377
5443 4 2 1 1 328 1704 966 1818
5444 4 2 1 1 318 313 1164 1906
5445 4 2 1 1 1060 1633 1691 1407
5446 4 2 1 1 885 1537 1341 1973
5447 4 2 1 1 494 1786 1679 385
5448 4 2 1 1 1888 1504 1932 1476
5449 4 2 1 1 672 1845 1669 1980
5450 4 2 1 1 903 1225 667 1626
5451 4 2 1 1 1481 1601 1025 628
5452 4 2 1 1 739 1069 1256 947
5453 4 2 1 1 713 1548 1024 1725
5454 4 2 1 1 1654 1676 1675 459
5455 4 2 1 1 658 1483 1080 1875
5456 4 2 1 1 1935 1852 734 1040
5457 4 2 1 1 1183 1234 647 1752
5458 4 2 1 1 670 1394 998 1985
5459 4 2 1 1 1283 1259 953 1502
5460 4 2 1 1 724 1516 1303 1764
5461 4 2 1 1 715 797 1342 1831
5462 4 2 1 1 1342 797 1217 1831
5463 4 2 1 1 342 2042 580 1022
5464 4 2 1 1 1355 1716 1298 1804
5465 4 2 1 1 820 1581 1154 1685
5466 4 2 1 1 823 1197 1066 1789
5467 4 2 1 1 356 329 603 1996
5468 4 2 1 1 946 1994 876 697
5469 4 2 1 1 723 1168 916 1279
5470 4 2 1 1 865 1502 1155 1892
5471 4 2 1 1 382 1784 1942 495
5472 4 2 1 1 1573 1641 1325 1895
5473 4 2 1 1 1171 1241 740 1763
5474 4 2 1 1 770 1270 1608 1797
5475 4 2 1 1 745 1286 1075 1706
5476 4 2 1 1 1298 1539 1024 1679
5477 4 2 1 1 705 922 1251 1963
5478 4 2 1 1 1326 853 1712 1095
5479 4 2 1 1 633 1251 705 1626
5480 4 2 1 1 685 1299 1317 1821
5481 4 2 1 1 468 454 541 1903
5482 4 2 1 1 1228 941 1485 1673
5483 4 2 1 1 912 678 1240 1868
5484 4 2 1 1 691 1589 956 1629
5485 4 2 1 1 1453 1631 1094 1822
5486 4 2 1 1 1722 1401 1693 1053
5487 4 2 1 1 780 1733 1524 1021
5488 4 2 1 1 810 1208 1132 998
5489 4 2 1 1 1722 1693 1401 760
5490 4 2 1 1 302 265 291 1183
5491 4 2 1 1 982 1343 1273 1956
5492 4 2 1 1 1061 1503 924 1728
5493 4 2 1 1 838 1518 1396 1264
5494 4 2 1 1 678 1281 1242 1720
5495 4 2 1 1 419 1492 1024 1679
5496 4 2 1 1 889 1146 1590 1793
5497 4 2 1 1 1153 950 1516 1764
5498 4 2 1 1 403 394 419 1679
5499 4 2 1 1 1906 761 1723 829
5500 4 2 1 1 1025 1620 1008 1843
5501 4 2 1 1 644 1418 1072 1796
5502 4 2 1 1 382 1665 1051 1784
5503 4 2 1 1 1614 401 409 423
5504 4 2 1 1 1060 1319 1269 1657
5505 4 2 1 1 1337 1549 732 1684
5506 4 2 1 1 1085 1408 1162 1537
5507 4 2 1 1 847 1173 1708 1933
5508 4 2 1 1 389 397 391 1445
5509 4 2 1 1 834 1561 1033 1564
5510 4 2 1 1 787 1384 1028 1785
5511 4 2 1 1 1465 1466 887 1534
5512 4 2 1 1 651 1020 973 1314
5513 4 2 1 1 1876 1534 1349 1350
5514 4 2 1 1 1614 401 423 1724
5515 4 2 1 1 84 2034 2001 11
5516 4 2 1 1 1102 940 1268 1971
5517 4 2 1 1 758 1652 1396 1743
5518 4 2 1 1 1100 1648 1360 1863
5519 4 2 1 1 1060 1269 777 1873
5520 4 2 1 1 709 1177 1711 1861
5521 4 2 1 1 176 826 991 198
5522 4 2 1 1 1323 1610 889 1808
5523 4 2 1 1 1024 1575 1209 1725
5524 4 2 1 1 736 936 1473 1525
5525 4 2 1 1 1191 1744 1333 1801
5526 4 2 1 1 910 1469 1267 1874
5527 4 2 1 1 410 1214 409 1738
5528 4 2 1 1 1123 1972 688 1257
5529 4 2 1 1 413 1579 1050 1895
5530 4 2 1 1 923 670 1699 817
5531 4 2 1 1 1191 1069 972 708
5532 4 2 1 1 658 1218 832 1956
5533 4 2 1 1 758 1500 1652 1743
5534 4 2 1 1 795 1044 1831 1976
5535 4 2 1 1 1342 795 1044 1831
5536 4 2 1 1 621 1617 1399 1769
5537 4 2 1 1 722 1314 1182 1656
5538 4 2 1 1 34 161 2039 1726
5539 4 2 1 1 398 1445 1021 898
5540 4 2 1 1 964 1039 719 1404
5541 4 2 1 1 461 1554 1013 1947
5542 4 2 1 1 923 670 817 954
5543 4 2 1 1 1847 1835 1638 906
5544 4 2 1 1 845 1461 1460 1588
5545 4 2 1 1 1611 1320 975 695
5546 4 2 1 1 552 475 1613 1838
5547 4 2 1 1 926 1255 1738 1986
5548 4 2 1 1 454 568 541 1903
5549 4 2 1 1 244 247 220 1017
5550 4 2 1 1 652 1119 1007 1237
5551 4 2 1 1 1638 1835 1847 985
5552 4 2 1 1 792 1281 1311 1709
5553 4 2 1 1 1788 1726 1230 776
5554 4 2 1 1 1451 1545 1096 1880
5555 4 2 1 1 1282 1700 1625 1778
5556 4 2 1 1 658 1146 832 1510
5557 4 2 1 1 276 298 278 1126
5558 4 2 1 1 204 2003 196 172
5559 4 2 1 1 204 2003 172 1323
5560 4 2 1 1 1923 1410 1235 726
5561 4 2 1 1 746 1079 873 1521
5562 4 2 1 1 142 145 146 1383
5563 4 2 1 1 626 1048 907 1805
5564 4 2 1 1 1633 1691 1359 1791
5565 4 2 1 1 376 1207 1780 1907
5566 4 2 1 1 994 1144 861 1495
5567 4 2 1 1 1359 1305 1923 1486
5568 4 2 1 1 1134 1248 871 1651
5569 4 2 1 1 1148 1532 788 1766
5570 4 2 1 1 221 2011 1165 1164
5571 4 2 1 1 882 1088 1560 1958
5572 4 2 1 1 806 1390 1141 1812
5573 4 2 1 1 688 1014 1123 1257
5574 4 2 1 1 1282 1491 828 1778
5575 4 2 1 1 567 1432 1909 1934
5576 4 2 1 1 968 1538 1229 1988
5577 4 2 1 1 874 1229 1538 1988
5578 4 2 1 1 1293 952 1557 1160
5579 4 2 1 1 284 279 265 1183
5580 4 2 1 1 681 1689 1268 864
5581 4 2 1 1 97 1860 113 1987
5582 4 2 1 1 741 981 1108 1268
5583 4 2 1 1 1108 1405 741 1268
5584 4 2 1 1 1133 1232 949 1430
5585 4 2 1 1 852 633 1236 1773
5586 4 2 1 1 677 1162 815 1192
5587 4 2 1 1 220 224 1408 1667
5588 4 2 1 1 898 1429 1067 1684
5589 4 2 1 1 187 191 1788 1840
5590 4 2 1 1 1041 1136 1340 1571
5591 4 2 1 1 975 902 1663 1950
5592 4 2 1 1 628 910 1267 692
5593 4 2 1 1 647 867 1974 1383
5594 4 2 1 1 1007 1119 919 762
5595 4 2 1 1 635 1535 1516 1537
5596 4 2 1 1 1059 1128 798 1336
5597 4 2 1 1 706 1197 1066 1953
5598 4 2 1 1 910 1354 1165 800
5599 4 2 1 1 718 1792 1216 1030
5600 4 2 1 1 1310 1824 1358 1549
5601 4 2 1 1 849 1659 1562 1872
5602 4 2 1 1 1166 1857 1018 891
5603 4 2 1 1 549 761 1171 1723
5604 4 2 1 1 524 364 444 1704
5605 4 2 1 1 1010 1398 723 1482
5606 4 2 1 1 759 893 1177 1431
5607 4 2 1 1 1049 1568 1043 1814
5608 4 2 1 1 841 1758 1224 1866
5609 4 2 1 1 1625 1700 839 1778
5610 4 2 1 1 595 1423 333 1615
5611 4 2 1 1 1081 749 1359 1486
5612 4 2 1 1 1064 878 1781 1782
5613 4 2 1 1 585 1037 1595 1996
5614 4 2 1 1 99 2032 111 82
5615 4 2 1 1 1386 1701 1003 773
5616 4 2 1 1 489 562 1827 1936
5617 4 2 1 1 1059 843 1650 653
5618 4 2 1 1 1709 1777 1056 792
5619 4 2 1 1 754 1002 1739 1970
5620 4 2 1 1 632 1466 887 1811
5621 4 2 1 1 1194 1239 810 1699
5622 4 2 1 1 669 929 1190 1436
5623 4 2 1 1 942 846 1449 1707
5624 4 2 1 1 1008 712 858 1962
5625 4 2 1 1 626 1217 1071 1964
5626 4 2 1 1 751 1278 1279 1727
5627 4 2 1 1 942 1203 1405 1862
5628 4 2 1 1 1096 1351 825 1521
5629 4 2 1 1 759 1431 1177 1494
5630 4 2 1 1 1370 1653 1084 1984
5631 4 2 1 1 633 1334 963 1753
5632 4 2 1 1 751 1278 1036 1279
5633 4 2 1 1 1050 1419 1325 679
5634 4 2 1 1 280 1077 1794 1515
5635 4 2 1 1 1058 731 1427 1986
5636 4 2 1 1 1167 1440 510 1021
5637 4 2 1 1 1096 825 1351 1670
5638 4 2 1 1 1034 1250 726 1943
5639 4 2 1 1 1949 621 1206 1397
5640 4 2 1 1 1198 824 1282 1700
5641 4 2 1 1 501 1013 461 383
5642 4 2 1 1 280 1077 1515 272
5643 4 2 1 1 158 867 1383 1974
5644 4 2 1 1 627 1055 692 800
5645 4 2 1 1 1342 1557 952 1160
5646 4 2 1 1 1036 1595 802 1820
5647 4 2 1 1 926 675 1111 1900
5648 4 2 1 1 706 941 1458 1989
5649 4 2 1 1 679 1090 1376 1294
5650 4 2 1 1 1070 1468 857 1941
5651 4 2 1 1 798 1128 1059 1129
5652 4 2 1 1 1299 1317 818 1352
5653 4 2 1 1 442 1209 420 1934
5654 4 2 1 1 156 155 144 1915
5655 4 2 1 1 983 1212 844 1976
5656 4 2 1 1 768 1671 959 1095
5657 4 2 1 1 1104 664 1468 1205
5658 4 2 1 1 795 907 1374 1772
5659 4 2 1 1 818 1756 934 1754
5660 4 2 1 1 646 1251 1381 1806
5661 4 2 1 1 351 616 591 1474
5662 4 2 1 1 916 723 1331 1642
5663 4 2 1 1 1368 858 1151 1881
5664 4 2 1 1 683 1529 1122 1729
5665 4 2 1 1 503 1559 502 392
5666 4 2 1 1 1377 1919 299 273
5667 4 2 1 1 1800 1992 1306 1513
5668 4 2 1 1 624 1208 1564 998
5669 4 2 1 1 845 1480 1137 1560
5670 4 2 1 1 641 1120 1409 1841
5671 4 2 1 1 676 1298 1121 913
5672 4 2 1 1 815 653 1172 1975
5673 4 2 1 1 426 439 577 1255
5674 4 2 1 1 980 989 842 1969
5675 4 2 1 1 673 1886 1885 1215
5676 4 2 1 1 1960 867 1385 647
5677 4 2 1 1 800 1055 1105 1145
5678 4 2 1 1 1697 1946 1438 1441
5679 4 2 1 1 694 1730 1063 1982
5680 4 2 1 1 1394 1932 1566 954
5681 4 2 1 1 444 524 1704 1921
5682 4 2 1 1 889 1590 1196 1793
5683 4 2 1 1 881 1349 1243 1467
5684 4 2 1 1 828 938 649 1498
5685 4 2 1 1 862 1512 1009 623
5686 4 2 1 1 1130 839 1266 1922
5687 4 2 1 1 985 1347 750 1690
5688 4 2 1 1 668 1527 1026 1620
5689 4 2 1 1 799 1691 1633 1407
5690 4 2 1 1 920 629 941 1485
5691 4 2 1 1 1102 1388 1387 794
5692 4 2 1 1 150 136 163 1225
5693 4 2 1 1 647 867 1385 1944
5694 4 2 1 1 628 1101 692 1967
5695 4 2 1 1 712 1077 1026 1662
5696 4 2 1 1 1885 1886 673 1160
5697 4 2 1 1 955 1759 1047 774
5698 4 2 1 1 1809 1517 1210 1523
5699 4 2 1 1 593 534 936 1921
5700 4 2 1 1 979 1769 1399 1945
5701 4 2 1 1 780 1073 1406 1733
5702 4 2 1 1 1071 1572 756 1533
5703 4 2 1 1 1328 1329 1115 1777
5704 4 2 1 1 1263 1336 966 1983
5705 4 2 1 1 733 1624 1215 1886
5706 4 2 1 1 1050 1419 812 1604
5707 4 2 1 1 1247 1252 735 1854
5708 4 2 1 1 593 936 1159 1921
5709 4 2 1 1 872 975 1984 1186
5710 4 2 1 1 749 1081 1359 1643
5711 4 2 1 1 1327 1435 771 1672
5712 4 2 1 1 1138 1415 772 639
5713 4 2 1 1 686 818 1914 1299
5714 4 2 1 1 889 668 1510 1610
5715 4 2 1 1 966 1704 1606 1818
5716 4 2 1 1 923 1394 1602 1603
5717 4 2 1 1 673 1048 1624 795
5718 4 2 1 1 1962 1682 858 1843
5719 4 2 1 1 1964 1572 1071 626
5720 4 2 1 1 1618 1774 1966 890
5721 4 2 1 1 751 1337 1127 1621
5722 4 2 1 1 986 175 1049 1814
5723 4 2 1 1 500 453 554 1668
5724 4 2 1 1 1102 1388 794 1920
5725 4 2 1 1 719 1703 1245 1613
5726 4 2 1 1 807 958 1608 1797
5727 4 2 1 1 965 1071 1660 1533
5728 4 2 1 1 376 373 1207 1907
5729 4 2 1 1 436 1246 422 1675
5730 4 2 1 1 509 1445 389 1890
5731 4 2 1 1 1076 1435 684 1970
5732 4 2 1 1 1220 1694 826 1875
5733 4 2 1 1 982 747 1343 832
5734 4 2 1 1 737 1428 1612 1896
5735 4 2 1 1 810 1369 1348 1601
5736 4 2 1 1 1363 1760 1107 1791
5737 4 2 1 1 189 1323 200 1813
5738 4 2 1 1 576 329 356 1014
5739 4 2 1 1 884 1107 1760 1791
5740 4 2 1 1 1678 1426 967 645
5741 4 2 1 1 226 227 1085 1105
5742 4 2 1 1 796 1293 1557 1160
5743 4 2 1 1 742 1417 1309 809
5744 4 2 1 1 1191 972 1069 1801
5745 4 2 1 1 370 1125 424 1630
5746 4 2 1 1 668 1590 1146 1860
5747 4 2 1 1 1490 1187 1153 1442
5748 4 2 1 1 948 1178 118 1369
5749 4 2 1 1 1076 754 1435 1970
5750 4 2 1 1 706 1458 1109 1598
5751 4 2 1 1 938 1181 1623 1898
5752 4 2 1 1 161 152 155 1726
5753 4 2 1 1 183 192 190 1236
5754 4 2 1 1 744 989 932 1832
5755 4 2 1 1 480 1222 562 1936
5756 4 2 1 1 821 947 1446 1899
5757 4 2 1 1 1232 1588 949 1594
5758 4 2 1 1 889 1196 201 1793
5759 4 2 1 1 700 1200 1152 1585
5760 4 2 1 1 701 917 790 1540
5761 4 2 1 1 1490 1153 1187 717
5762 4 2 1 1 1175 1317 997 1821
5763 4 2 1 1 137 778 1277 1506
5764 4 2 1 1 237 2018 1937 255
5765 4 2 1 1 2004 212 1196 178
5766 4 2 1 1 1398 1737 632 1811
5767 4 2 1 1 1374 1012 641 1089
5768 4 2 1 1 223 252 246 1151
5769 4 2 1 1 1816 533 433 432
5770 4 2 1 1 335 333 1423 1568
5771 4 2 1 1 796 1557 1342 1160
5772 4 2 1 1 1060 1791 981 1873
5773 4 2 1 1 1052 763 1627 1245
5774 4 2 1 1 1176 1881 297 1959
5775 4 2 1 1 1020 722 1185 973
5776 4 2 1 1 1176 1662 297 1881
5777 4 2 1 1 1095 1749 1712 1889
5778 4 2 1 1 276 1077 274 1662
5779 4 2 1 1 630 1401 1551 1764
5780 4 2 1 1 2020 1424 130 134
5781 4 2 1 1 1225 852 1591 1626
5782 4 2 1 1 513 1820 969 1982
5783 4 2 1 1 149 1381 852 1506
5784 4 2 1 1 710 1755 1064 878
5785 4 2 1 1 1816 433 1413 976
5786 4 2 1 1 493 1111 545 1161
5787 4 2 1 1 801 1243 1406 1876
5788 4 2 1 1 776 897 961 1840
5789 4 2 1 1 1347 1638 1427 1847
5790 4 2 1 1 793 1120 1409 1728
5791 4 2 1 1 882 1152 1560 1672
5792 4 2 1 1 1571 1041 1333 634
5793 4 2 1 1 810 1699 1564 998
5794 4 2 1 1 1168 1529 1279 1729
5795 4 2 1 1 1258 1414 905 1992
5796 4 2 1 1 93 1469 90 883
5797 4 2 1 1 2014 303 1196 268
5798 4 2 1 1 887 1465 1534 1349
5799 4 2 1 1 655 1491 1282 1778
5800 4 2 1 1 1360 1532 1695 657
5801 4 2 1 1 1028 1862 661 1870
5802 4 2 1 1 182 1346 973 180
5803 4 2 1 1 733 1399 1215 1624
5804 4 2 1 1 715 1558 983 1212
5805 4 2 1 1 1129 1972 757 1978
5806 4 2 1 1 1357 880 806 1999
5807 4 2 1 1 538 510 424 1440
5808 4 2 1 1 200 2014 2031 58
5809 4 2 1 1 1214 1308 1058 1765
5810 4 2 1 1 123 88 2004 1196
5811 4 2 1 1 1429 1621 898 1902
5812 4 2 1 1 1152 1076 1543 1594
5813 4 2 1 1 687 787 1187 1960
5814 4 2 1 1 665 1673 1093 1951
5815 4 2 1 1 861 1329 1192 1333
5816 4 2 1 1 1294 679 1041 1376
5817 4 2 1 1 503 1559 392 1308
5818 4 2 1 1 847 1312 1074 1767
5819 4 2 1 1 743 1125 1366 1630
5820 4 2 1 1 1294 1041 679 1470
5821 4 2 1 1 1094 769 1657 1822
5822 4 2 1 1 1669 1845 1188 1980
5823 4 2 1 1 253 1105 226 1145
5824 4 2 1 1 908 1437 1433 1034
5825 4 2 1 1 732 1127 1429 1823
5826 4 2 1 1 251 222 258 1183
5827 4 2 1 1 858 1324 1101 1682
5828 4 2 1 1 1364 793 1447 1841
5829 4 2 1 1 813 1350 887 1811
5830 4 2 1 1 1420 1943 1223 1476
5831 4 2 1 1 647 1418 1187 996
5832 4 2 1 1 1212 1386 843 1801
5833 4 2 1 1 141 1383 867 1686
5834 4 2 1 1 627 1242 1281 1720
5835 4 2 1 1 726 1249 1160 1885
5836 4 2 1 1 1223 1943 1420 987
5837 4 2 1 1 200 1323 2031 1813
5838 4 2 1 1 1735 1899 947 821
5839 4 2 1 1 647 1919 1377 1944
5840 4 2 1 1 1168 1279 723 1913
5841 4 2 1 1 906 1835 1254 1847
5842 4 2 1 1 1775 914 1526 656
5843 4 2 1 1 173 209 191 1726
5844 4 2 1 1 864 1118 1553 1928
5845 4 2 1 1 707 1195 1407 1480
5846 4 2 1 1 2004 88 107 1793
5847 4 2 1 1 753 1208 875 1464
5848 4 2 1 1 793 849 1409 1841
5849 4 2 1 1 677 861 994 1718
5850 4 2 1 1 506 516 1231 1579
5851 4 2 1 1 1859 2023 588 339
5852 4 2 1 1 805 1417 1393 1762
5853 4 2 1 1 406 1179 495 1942
5854 4 2 1 1 1054 1647 1175 1719
5855 4 2 1 1 1152 1585 882 1958
5856 4 2 1 1 857 1607 1468 1995
5857 4 2 1 1 780 1406 1122 1733
5858 4 2 1 1 1775 1526 914 848
5859 4 2 1 1 105 948 827 1220
5860 4 2 1 1 186 889 189 188
5861 4 2 1 1 335 1423 791 1568
5862 4 2 1 1 544 1219 407 1894
5863 4 2 1 1 853 1395 1030 1712
5864 4 2 1 1 186 889 188 1808
5865 4 2 1 1 1762 1344 1753 896
5866 4 2 1 1 685 1175 1722 1760
5867 4 2 1 1 945 1576 778 1755
5868 4 2 1 1 885 1796 1490 1864
5869 4 2 1 1 816 1097 677 1162
5870 4 2 1 1 1762 1753 1344 660
5871 4 2 1 1 1242 756 1213 1190
5872 4 2 1 1 1929 940 1083 657
5873 4 2 1 1 764 1018 1098 971
5874 4 2 1 1 1375 1514 743 1948
5875 4 2 1 1 629 1680 1891 1458
5876 4 2 1 1 1399 979 621 1769
5877 4 2 1 1 889 1323 1126 1610
5878 4 2 1 1 465 466 431 1292
5879 4 2 1 1 636 1291 1454 1467
5880 4 2 1 1 742 1453 1770 1887
5881 4 2 1 1 919 1083 940 657
5882 4 2 1 1 1128 1336 1335 1972
5883 4 2 1 1 1961 865 1637 918
5884 4 2 1 1 709 1177 893 1431
5885 4 2 1 1 757 1257 1064 1978
5886 4 2 1 1 1399 621 979 1652
5887 4 2 1 1 1765 504 1554 1894
5888 4 2 1 1 867 647 1377 1944
5889 4 2 1 1 513 543 587 1982
5890 4 2 1 1 703 1274 871 1651
5891 4 2 1 1 1159 1477 1097 815
5892 4 2 1 1 1949 621 1397 1732
5893 4 2 1 1 1283 1259 1502 641
5894 4 2 1 1 1463 1465 1466 757
5895 4 2 1 1 1057 1711 1235 1861
5896 4 2 1 1 144 1686 867 1915
5897 4 2 1 1 458 850 435 573
5898 4 2 1 1 379 1559 502 1947
5899 4 2 1 1 1964 1376 1294 797
5900 4 2 1 1 697 1193 1038 1039
5901 4 2 1 1 1006 756 1311 1533
5902 4 2 1 1 774 1452 1229 1589
5903 4 2 1 1 1614 545 484 483
5904 4 2 1 1 296 277 283 1881
5905 4 2 1 1 1149 714 879 1634
5906 4 2 1 1 118 92 91 1369
5907 4 2 1 1 1049 1315 791 1773
5908 4 2 1 1 760 1401 1117 1116
5909 4 2 1 1 1614 484 545 1161
5910 4 2 1 1 1354 1481 910 1855
5911 4 2 1 1 217 2033 2002 1368
5912 4 2 1 1 632 801 1168 1350
5913 4 2 1 1 669 1748 1213 1190
5914 4 2 1 1 858 1151 1008 1987
5915 4 2 1 1 1077 1515 674 1794
5916 4 2 1 1 1232 988 1588 869
5917 4 2 1 1 726 1943 987 1420
5918 4 2 1 1 411 1411 386 1604
5919 4 2 1 1 330 1063 813 1595
5920 4 2 1 1 795 1443 1044 1976
5921 4 2 1 1 898 1621 1429 1684
5922 4 2 1 1 1014 1123 710 1737
5923 4 2 1 1 1991 1750 1494 1487
5924 4 2 1 1 1140 742 1417 911
5925 4 2 1 1 713 1355 1298 1908
5926 4 2 1 1 859 1298 1355 1908
5927 4 2 1 1 1398 1004 1913 1037
5928 4 2 1 1 463 510 507 1167
5929 4 2 1 1 1620 1766 1619 984
5930 4 2 1 1 1072 974 1324 1796
5931 4 2 1 1 161 33 34 2039
5932 4 2 1 1 952 814 1607 1995
5933 4 2 1 1 705 1626 1569 1715
5934 4 2 1 1 600 335 312 1814
5935 4 2 1 1 1009 1211 917 1441
5936 4 2 1 1 1152 1200 700 1658
5937 4 2 1 1 790 1540 1011 1837
5938 4 2 1 1 739 1256 951 1899
5939 4 2 1 1 89 109 1027 1469
5940 4 2 1 1 2026 259 75 221
5941 4 2 1 1 735 1485 1252 1673
5942 4 2 1 1 1772 1702 679 1294
5943 4 2 1 1 887 1321 1123 1466
5944 4 2 1 1 1031 1803 1535 1878
5945 4 2 1 1 794 1849 1870 1920
5946 4 2 1 1 923 998 670 1394
5947 4 2 1 1 818 934 1756 1106
5948 4 2 1 1 1162 1536 1535 1537
5949 4 2 1 1 655 1491 1770 1797
5950 4 2 1 1 656 1393 1180 1417
5951 4 2 1 1 1772 779 1639 1374
5952 4 2 1 1 110 1590 1146 1793
5953 4 2 1 1 647 1383 996 1960
5954 4 2 1 1 927 1428 1612 1908
5955 4 2 1 1 617 1148 919 762
5956 4 2 1 1 406 496 495 1179
5957 4 2 1 1 882 1543 1019 1585
5958 4 2 1 1 575 1413 474 1832
5959 4 2 1 1 1129 1446 1059 1802
5960 4 2 1 1 239 800 238 1354
5961 4 2 1 1 425 1209 452 1936
5962 4 2 1 1 891 1407 1389 1949
5963 4 2 1 1 1027 1855 1165 1874
5964 4 2 1 1 696 1628 1464 1850
5965 4 2 1 1 1113 1251 922 1963
5966 4 2 1 1 1174 317 614 1157
5967 4 2 1 1 1468 1487 857 1941
5968 4 2 1 1 1873 789 987 1235
5969 4 2 1 1 1174 614 317 564
5970 4 2 1 1 1094 1407 707 1657
5971 4 2 1 1 113 1860 1176 1959
5972 4 2 1 1 661 1862 1405 1870
5973 4 2 1 1 633 1334 888 1412
5974 4 2 1 1 1280 1709 855 1731
5975 4 2 1 1 1903 457 568 751
5976 4 2 1 1 1903 568 457 454
5977 4 2 1 1 1057 1873 1791 642
5978 4 2 1 1 1104 1305 814 1861
5979 4 2 1 1 162 1664 1383 146
5980 4 2 1 1 1212 1831 1044 1976
5981 4 2 1 1 1340 1473 1114 1571
5982 4 2 1 1 141 158 144 867
5983 4 2 1 1 1351 1880 1521 1096
5984 4 2 1 1 1053 1352 1117 1998
5985 4 2 1 1 1073 1733 1605 683
5986 4 2 1 1 888 1441 1583 1946
5987 4 2 1 1 999 1659 831 1910
5988 4 2 1 1 1177 1410 814 1607
5989 4 2 1 1 857 1487 1468 1607
5990 4 2 1 1 646 1381 1506 1806
5991 4 2 1 1 761 319 1723 549
5992 4 2 1 1 678 1006 1240 1868
5993 4 2 1 1 1260 977 1594 1717
5994 4 2 1 1 761 319 549 563
5995 4 2 1 1 1435 1672 1327 1825
5996 4 2 1 1 675 1511 1009 1512
5997 4 2 1 1 1472 1756 1204 1990
5998 4 2 1 1 493 1161 484 1823
5999 4 2 1 1 855 1709 1280 1777
6000 4 2 1 1 1175 1719 997 1866
6001 4 2 1 1 274 282 277 1919
6002 4 2 1 1 523 338 584 1037
6003 4 2 1 1 1122 1729 1350 1730
6004 4 2 1 1 761 1242 1171 1723
6005 4 2 1 1 505 1661 374 1907
6006 4 2 1 1 817 1261 1578 1651
6007 4 2 1 1 1359 1923 1305 642
6008 4 2 1 1 1276 909 998 624
6009 4 2 1 1 1053 1401 1117 1722
6010 4 2 1 1 1117 1401 760 1722
6011 4 2 1 1 858 239 256 1354
6012 4 2 1 1 1114 1473 1172 1571
6013 4 2 1 1 619 1456 1232 869
6014 4 2 1 1 1351 1521 1880 656
6015 4 2 1 1 1213 1555 877 1741
6016 4 2 1 1 481 422 436 1246
6017 4 2 1 1 723 751 1279 1331
6018 4 2 1 1 192 1773 1049 202
6019 4 2 1 1 261 2031 289 59
6020 4 2 1 1 815 1801 1191 1975
6021 4 2 1 1 507 1167 510 1021
6022 4 2 1 1 395 405 406 1942
6023 4 2 1 1 712 1662 1026 1962
6024 4 2 1 1 223 1151 246 1884
6025 4 2 1 1 918 1155 1698 1961
6026 4 2 1 1 914 896 1393 1762
6027 4 2 1 1 1057 760 1305 1954
6028 4 2 1 1 735 1252 1258 1673
6029 4 2 1 1 681 1290 1268 1689
6030 4 2 1 1 715 1142 1557 1856
6031 4 2 1 1 422 426 435 1255
6032 4 2 1 1 686 1150 977 1897
6033 4 2 1 1 806 625 1344 1356
6034 4 2 1 1 646 1230 1686 1381
6035 4 2 1 1 89 19 18 1904
6036 4 2 1 1 730 1510 1218 1527
6037 4 2 1 1 342 2042 1022 827
6038 4 2 1 1 646 1381 1251 1938
6039 4 2 1 1 1090 1955 943 1741
6040 4 2 1 1 1265 1528 1493 1121
6041 4 2 1 1 856 1553 1530 1745
6042 4 2 1 1 1505 646 1506 1806
6043 4 2 1 1 733 1264 1048 1886
6044 4 2 1 1 1262 1071 1006 1533
6045 4 2 1 1 1239 1261 747 832
6046 4 2 1 1 1218 1343 832 1956
6047 4 2 1 1 137 1225 778 1506
6048 4 2 1 1 393 1679 403 1539
6049 4 2 1 1 750 1066 1347 1833
6050 4 2 1 1 956 1452 1032 1589
6051 4 2 1 1 998 923 1564 1603
6052 4 2 1 1 144 141 867 1686
6053 4 2 1 1 1245 1668 1627 1838
6054 4 2 1 1 698 897 633 1346
6055 4 2 1 1 819 1385 1636 1785
6056 4 2 1 1 594 333 1043 1615
6057 4 2 1 1 129 166 152 1726
6058 4 2 1 1 801 1529 1168 1729
6059 4 2 1 1 682 938 1498 1499
6060 4 2 1 1 1245 1627 1668 763
6061 4 2 1 1 495 382 395 1942
6062 4 2 1 1 712 1616 1962 1026
6063 4 2 1 1 622 1650 1068 1698
6064 4 2 1 1 1995 1468 1674 1205
6065 4 2 1 1 859 1493 1298 1548
6066 4 2 1 1 112 2011 26 122
6067 4 2 1 1 1134 871 1705 1706
6068 4 2 1 1 1786 494 1665 381
6069 4 2 1 1 2025 175 67 1814
6070 4 2 1 1 1780 509 1890 1167
6071 4 2 1 1 745 957 1273 1552
6072 4 2 1 1 887 1466 813 1811
6073 4 2 1 1 1670 1451 1545 1096
6074 4 2 1 1 204 1596 1323 1788
6075 4 2 1 1 1027 829 1382 627
6076 4 2 1 1 327 1014 356 1380
6077 4 2 1 1 103 114 2009 1220
6078 4 2 1 1 1670 1545 1451 824
6079 4 2 1 1 715 1212 983 1831
6080 4 2 1 1 633 1236 1049 1346
6081 4 2 1 1 909 1316 1276 1994
6082 4 2 1 1 745 1134 1705 1706
6083 4 2 1 1 642 1235 1420 1923
6084 4 2 1 1 370 372 1366 1630
6085 4 2 1 1 904 1356 1357 1390
6086 4 2 1 1 489 487 425 1221
6087 4 2 1 1 739 1184 1802 1878
6088 4 2 1 1 158 1810 867 1974
6089 4 2 1 1 977 1696 1260 1594
6090 4 2 1 1 859 1355 1298 1804
6091 4 2 1 1 358 357 330 1063
6092 4 2 1 1 797 1868 1522 1376
6093 4 2 1 1 770 1638 906 1400
6094 4 2 1 1 619 1672 1076 1825
6095 4 2 1 1 906 1288 770 1400
6096 4 2 1 1 1406 1556 1122 1876
6097 4 2 1 1 1526 825 1079 651
6098 4 2 1 1 1345 1656 698 973
6099 4 2 1 1 1659 1907 1371 1872
6100 4 2 1 1 564 472 555 1174
6101 4 2 1 1 1082 1360 1084 1950
6102 4 2 1 1 1569 1425 1150 714
6103 4 2 1 1 970 766 1216 1891
6104 4 2 1 1 1569 1150 1425 903
6105 4 2 1 1 373 508 376 1207
6106 4 2 1 1 660 1577 1344 1812
6107 4 2 1 1 1960 867 647 1383
6108 4 2 1 1 1007 1330 1119 762
6109 4 2 1 1 1288 770 1040 1584
6110 4 2 1 1 513 512 543 969
6111 4 2 1 1 667 1655 1591 1398
6112 4 2 1 1 662 1145 1055 1720
6113 4 2 1 1 1027 1164 627 1165
6114 4 2 1 1 726 1410 1235 1250
6115 4 2 1 1 987 789 1488 1858
6116 4 2 1 1 713 1173 1548 1725
6117 4 2 1 1 617 1330 1119 1622
6118 4 2 1 1 297 1176 298 1662
6119 4 2 1 1 703 1261 1274 1651
6120 4 2 1 1 1066 1347 1833 1834
6121 4 2 1 1 1398 1457 632 1737
6122 4 2 1 1 640 1178 948 1369
6123 4 2 1 1 836 1380 966 1818
6124 4 2 1 1 873 625 1356 1393
6125 4 2 1 1 1123 1972 1257 757
6126 4 2 1 1 1702 1090 943 1790
6127 4 2 1 1 411 386 400 1604
6128 4 2 1 1 734 1400 1288 1511
6129 4 2 1 1 627 829 1382 1190
6130 4 2 1 1 275 1126 278 1794
6131 4 2 1 1 412 1050 413 411
6132 4 2 1 1 652 1343 1218 1981
6133 4 2 1 1 986 1043 1345 1853
6134 4 2 1 1 940 762 1268 1689
6135 4 2 1 1 1267 1320 692 1509
6136 4 2 1 1 794 1405 1108 1268
6137 4 2 1 1 256 246 858 1884
6138 4 2 1 1 905 1414 1258 1769
6139 4 2 1 1 1207 892 1872 1948
6140 4 2 1 1 687 1277 1472 1960
6141 4 2 1 1 376 1207 508 1780
6142 4 2 1 1 816 1162 677 1408
6143 4 2 1 1 1286 1370 871 1653
6144 4 2 1 1 970 1395 766 1109
6145 4 2 1 1 1179 1492 496 1784
6146 4 2 1 1 1465 757 1086 1321
6147 4 2 1 1 402 1308 1214 1765
6148 4 2 1 1 1042 1325 851 1829
6149 4 2 1 1 541 1127 605 1903
6150 4 2 1 1 1532 1721 1619 1766
6151 4 2 1 1 731 1738 1255 1986
6152 4 2 1 1 998 1132 1194 1193
6153 4 2 1 1 661 922 1133 880
6154 4 2 1 1 653 1184 1336 1059
6155 4 2 1 1 745 1075 1273 1706
6156 4 2 1 1 976 706 1458 1989
6157 4 2 1 1 671 1361 1262 1437
6158 4 2 1 1 1897 1569 1626 903
6159 4 2 1 1 1757 1436 1561 901
6160 4 2 1 1 227 1085 1105 1973
6161 4 2 1 1 638 1269 1078 1574
6162 4 2 1 1 261 1794 306 1323
6163 4 2 1 1 754 1002 1970 1634
6164 4 2 1 1 1335 1210 1517 1845
6165 4 2 1 1 467 1222 1555 1747
6166 4 2 1 1 1897 1626 1569 705
6167 4 2 1 1 1526 1393 1079 1521
6168 4 2 1 1 95 94 92 1369
6169 4 2 1 1 1780 1872 1371 1907
6170 4 2 1 1 705 1577 922 1963
6171 4 2 1 1 729 904 1356 1357
6172 4 2 1 1 835 1517 1147 868
6173 4 2 1 1 1255 438 850 944
6174 4 2 1 1 825 1740 1080 1842
6175 4 2 1 1 800 239 1324 1354
6176 4 2 1 1 834 1564 1033 1916
6177 4 2 1 1 1923 1410 726 1249
6178 4 2 1 1 361 327 1380 1993
6179 4 2 1 1 846 1456 1232 1717
6180 4 2 1 1 1454 1462 881 1669
6181 4 2 1 1 539 334 332 1301
6182 4 2 1 1 648 1428 1173 1548
6183 4 2 1 1 702 1763 1171 1924
6184 4 2 1 1 885 1115 1105 1864
6185 4 2 1 1 771 1480 1300 891
6186 4 2 1 1 1600 850 438 944
6187 4 2 1 1 720 1458 1244 1593
6188 4 2 1 1 877 1402 1209 1933
6189 4 2 1 1 1522 797 1006 1868
6190 4 2 1 1 737 1416 1316 1896
6191 4 2 1 1 1229 1566 968 1988
6192 4 2 1 1 147 128 145 1937
6193 4 2 1 1 1900 548 577 944
6194 4 2 1 1 1323 1610 674 1794
6195 4 2 1 1 822 1317 1299 1821
6196 4 2 1 1 1618 1774 890 1942
6197 4 2 1 1 1600 438 850 573
6198 4 2 1 1 638 1269 1574 1928
6199 4 2 1 1 847 1767 1708 1807
6200 4 2 1 1 1927 854 980 1143
6201 4 2 1 1 1654 558 470 544
6202 4 2 1 1 1727 916 915 683
6203 4 2 1 1 1108 1449 1405 1849
6204 4 2 1 1 1195 1633 1407 799
6205 4 2 1 1 710 1123 1014 1257
6206 4 2 1 1 750 1252 1247 1854
6207 4 2 1 1 1927 980 854 1676
6208 4 2 1 1 760 1116 1117 1952
6209 4 2 1 1 237 2018 255 247
6210 4 2 1 1 953 1617 1259 808
6211 4 2 1 1 720 1353 1179 1646
6212 4 2 1 1 834 1746 1602 1826
6213 4 2 1 1 644 1796 1324 1864
6214 4 2 1 1 1133 880 1357 661
6215 4 2 1 1 1156 771 1480 1560
6216 4 2 1 1 465 431 464 1641
6217 4 2 1 1 1259 1617 953 1098
6218 4 2 1 1 927 1612 1572 943
6219 4 2 1 1 1859 2023 339 991
6220 4 2 1 1 777 1118 1478 1928
6221 4 2 1 1 376 1371 375 1907
6222 4 2 1 1 935 1233 1118 1705
6223 4 2 1 1 855 708 1328 1329
6224 4 2 1 1 965 1533 901 1436
6225 4 2 1 1 410 409 421 1738
6226 4 2 1 1 1623 1690 1378 985
6227 4 2 1 1 1437 1361 1751 908
6228 4 2 1 1 816 1667 1097 1799
6229 4 2 1 1 807 1565 1414 1252
6230 4 2 1 1 202 1049 175 1815
6231 4 2 1 1 1437 1751 1361 1005
6232 4 2 1 1 1669 1210 1845 672
6233 4 2 1 1 2018 165 1163 1937
6234 4 2 1 1 964 719 1052 1404
6235 4 2 1 1 179 67 175 1814
6236 4 2 1 1 681 1118 1286 864
6237 4 2 1 1 735 978 1485 774
6238 4 2 1 1 738 1442 1187 1490
6239 4 2 1 1 704 1514 1373 971
6240 4 2 1 1 995 792 1281 1311
6241 4 2 1 1 1055 1105 662 1777
6242 4 2 1 1 1231 506 1579 1661
6243 4 2 1 1 1057 1305 1104 1861
6244 4 2 1 1 634 1172 1386 1801
6245 4 2 1 1 1077 1610 1126 1794
6246 4 2 1 1 963 1577 1344 1753
6247 4 2 1 1 620 1410 1177 1607
6248 4 2 1 1 1288 1289 770 1584
6249 4 2 1 1 967 1678 1677 1758
6250 4 2 1 1 745 1471 957 1552
6251 4 2 1 1 1373 1514 704 1073
6252 4 2 1 1 2044 157 1017 1163
6253 4 2 1 1 1074 1432 847 1909
6254 4 2 1 1 846 1449 1299 1849
6255 4 2 1 1 199 986 1049 1346
6256 4 2 1 1 1401 1645 950 1764
6257 4 2 1 1 663 1166 1275 799
6258 4 2 1 1 858 239 1354 1324
6259 4 2 1 1 1084 1619 1721 703
6260 4 2 1 1 2039 168 33 2047
6261 4 2 1 1 786 1298 1493 1548
6262 4 2 1 1 710 878 1576 1755
6263 4 2 1 1 1137 1460 1461 911
6264 4 2 1 1 875 1208 929 1542
6265 4 2 1 1 1359 1791 642 1954
6266 4 2 1 1 1137 1461 1460 845
6267 4 2 1 1 732 1429 1161 1823
6268 4 2 1 1 690 1212 1365 1701
6269 4 2 1 1 188 889 1484 1808
6270 4 2 1 1 2041 1974 160 1664
6271 4 2 1 1 715 1342 1044 1831
6272 4 2 1 1 855 1709 1750 1856
6273 4 2 1 1 847 1725 1173 1933
6274 4 2 1 1 805 1309 1762 1141
6275 4 2 1 1 625 961 897 1839
6276 4 2 1 1 692 1154 1648 792
6277 4 2 1 1 730 674 1610 1636
6278 4 2 1 1 598 966 1263 1993
6279 4 2 1 1 1439 1369 810 948
6280 4 2 1 1 768 982 959 1671
6281 4 2 1 1 950 716 1153 1516
6282 4 2 1 1 1794 2003 261 301
6283 4 2 1 1 488 1661 384 1786
6284 4 2 1 1 619 1594 1232 1717
6285 4 2 1 1 647 1664 1183 1752
6286 4 2 1 1 1007 864 1689 1930
6287 4 2 1 1 338 308 41 1037
6288 4 2 1 1 967 821 1129 1507
6289 4 2 1 1 876 697 1680 964
6290 4 2 1 1 1173 1402 713 1908
6291 4 2 1 1 706 1219 1297 1927
6292 4 2 1 1 658 1484 1146 1510
6293 4 2 1 1 356 330 813 1996
6294 4 2 1 1 172 2031 59 200
6295 4 2 1 1 851 1573 1503 1641
6296 4 2 1 1 85 2021 1027 1164
6297 4 2 1 1 335 2052 791 581
6298 4 2 1 1 1230 1381 776 1726
6299 4 2 1 1 742 809 1137 1887
6300 4 2 1 1 872 1653 1083 1858
6301 4 2 1 1 41 2000 126 1037
6302 4 2 1 1 890 1219 1966 1989
6303 4 2 1 1 924 1503 1573 1641
6304 4 2 1 1 1394 1635 998 1985
6305 4 2 1 1 1155 1365 865 1892
6306 4 2 1 1 1144 1145 761 1497
6307 4 2 1 1 117 1959 1151 1987
6308 4 2 1 1 1368 1881 282 1919
6309 4 2 1 1 1499 853 650 1395
6310 4 2 1 1 1616 1766 788 1962
6311 4 2 1 1 848 1266 1775 1922
6312 4 2 1 1 894 1442 1092 1475
6313 4 2 1 1 1309 1762 1508 914
6314 4 2 1 1 235 783 228 1341
6315 4 2 1 1 922 1897 1806 1990
6316 4 2 1 1 1078 1460 911 1771
6317 4 2 1 1 409 1214 1614 1738
6318 4 2 1 1 1483 195 1220 194
6319 4 2 1 1 217 249 234 1368
6320 4 2 1 1 1107 1722 1117 1952
6321 4 2 1 1 151 127 158 1810
6322 4 2 1 1 1374 676 779 1639
6323 4 2 1 1 759 1468 1070 1941
6324 4 2 1 1 416 408 404 1296
6325 4 2 1 1 648 1428 1316 1807
6326 4 2 1 1 1508 1762 1309 660
6327 4 2 1 1 764 1098 1617 1734
6328 4 2 1 1 1289 1288 1835 1898
6329 4 2 1 1 1200 1583 1412 1586
6330 4 2 1 1 1402 1725 1209 1933
6331 4 2 1 1 931 1397 1029 1691
6332 4 2 1 1 669 1708 1402 1933
6333 4 2 1 1 892 704 1489 1948
6334 4 2 1 1 1926 473 1934 442
6335 4 2 1 1 1966 1774 407 1219
6336 4 2 1 1 942 1449 846 1849
6337 4 2 1 1 549 477 540 1171
6338 4 2 1 1 602 339 991 1859
6339 4 2 1 1 702 1741 1103 1955
6340 4 2 1 1 456 1555 1171 1924
6341 4 2 1 1 158 144 867 1810
6342 4 2 1 1 1910 1284 1089 1659
6343 4 2 1 1 1009 790 675 862
6344 4 2 1 1 871 1134 1274 1706
6345 4 2 1 1 967 1064 1507 1978
6346 4 2 1 1 1020 722 973 1314
6347 4 2 1 1 752 1509 995 1757
6348 4 2 1 1 746 1080 1079 1521
6349 4 2 1 1 645 879 1149 1848
6350 4 2 1 1 994 1496 740 1582
6351 4 2 1 1 772 1554 1308 1947
6352 4 2 1 1 1200 1586 1412 1715
6353 4 2 1 1 655 1550 1032 1625
6354 4 2 1 1 1207 1872 1780 1907
6355 4 2 1 1 640 982 948 1178
6356 4 2 1 1 818 1045 1551 1917
6357 4 2 1 1 293 266 296 1151
6358 4 2 1 1 1802 1507 1978 1129
6359 4 2 1 1 501 379 502 1947
6360 4 2 1 1 1086 1321 811 1349
6361 4 2 1 1 544 407 537 1894
6362 4 2 1 1 647 1974 867 1377
6363 4 2 1 1 1169 1226 925 1932
6364 4 2 1 1 1030 1395 970 1712
6365 4 2 1 1 1621 1902 1429 1903
6366 4 2 1 1 1139 1230 674 1788
6367 4 2 1 1 164 160 146 1664
6368 4 2 1 1 912 1241 1868 1376
6369 4 2 1 1 1078 1269 741 1574
6370 4 2 1 1 871 1705 1233 637
6371 4 2 1 1 194 1220 1483 1484
6372 4 2 1 1 1794 2003 301 1596
6373 4 2 1 1 845 1480 1560 1156
6374 4 2 1 1 861 1144 994 1718
6375 4 2 1 1 1299 1849 1352 1914
6376 4 2 1 1 1054 1719 1175 1866
6377 4 2 1 1 1322 1406 881 1556
6378 4 2 1 1 102 1354 1165 1855
6379 4 2 1 1 1125 743 1462 1440
6380 4 2 1 1 956 1589 1032 1629
6381 4 2 1 1 1194 1699 810 998
6382 4 2 1 1 1198 766 1395 1498
6383 4 2 1 1 682 1700 1181 1775
6384 4 2 1 1 1207 1872 1562 1948
6385 4 2 1 1 917 1011 1009 790
6386 4 2 1 1 705 1626 1251 1806
6387 4 2 1 1 1910 1089 1284 676
6388 4 2 1 1 1611 1379 923 695
6389 4 2 1 1 755 988 1707 1783
6390 4 2 1 1 1611 923 1379 1602
6391 4 2 1 1 1757 1826 1533 901
6392 4 2 1 1 1862 1999 880 1357
6393 4 2 1 1 951 1303 1070 1713
6394 4 2 1 1 1969 1599 850 1318
6395 4 2 1 1 1119 1218 730 1237
6396 4 2 1 1 871 1186 703 1651
6397 4 2 1 1 1111 1127 790 732
6398 4 2 1 1 736 815 1744 1911
6399 4 2 1 1 719 803 1882 1110
6400 4 2 1 1 1196 110 111 116
6401 4 2 1 1 1039 1095 718 1889
6402 4 2 1 1 1404 1439 1022 1023
6403 4 2 1 1 790 1111 1367 1615
6404 4 2 1 1 788 1616 1148 1766
6405 4 2 1 1 966 1263 992 1336
6406 4 2 1 1 274 273 282 1919
6407 4 2 1 1 129 1381 166 1726
6408 4 2 1 1 280 1077 272 275
6409 4 2 1 1 231 974 229 1973
6410 4 2 1 1 1463 1465 757 645
6411 4 2 1 1 618 968 1326 1792
6412 4 2 1 1 450 1579 506 1661
6413 4 2 1 1 754 1076 1634 1970
6414 4 2 1 1 100 93 94 1481
6415 4 2 1 1 1804 1374 1639 676
6416 4 2 1 1 761 549 1171 1496
6417 4 2 1 1 906 1288 1400 1511
6418 4 2 1 1 1450 1754 1150 1756
6419 4 2 1 1 449 1440 511 1524
6420 4 2 1 1 804 1415 1338 1776
6421 4 2 1 1 830 767 1482 1715
6422 4 2 1 1 1862 880 1999 1330
6423 4 2 1 1 451 1747 1742 1851
6424 4 2 1 1 568 1422 336 1423
6425 4 2 1 1 1457 1463 879 1466
6426 4 2 1 1 2009 214 203 827
6427 4 2 1 1 622 1068 1446 1871
6428 4 2 1 1 1857 1739 1202 895
6429 4 2 1 1 2034 10 11 107
6430 4 2 1 1 1964 1376 797 1522
6431 4 2 1 1 1719 1760 1175 1821
6432 4 2 1 1 630 1388 1387 1442
6433 4 2 1 1 655 1770 1491 1778
6434 4 2 1 1 1857 1202 1739 663
6435 4 2 1 1 878 1163 654 1424
6436 4 2 1 1 990 1189 719 1613
6437 4 2 1 1 1003 868 1147 1980
6438 4 2 1 1 1309 1417 742 911
6439 4 2 1 1 803 976 1413 1598
6440 4 2 1 1 2031 306 1813 1323
6441 4 2 1 1 1331 1337 631 1837
6442 4 2 1 1 818 1426 1045 1917
6443 4 2 1 1 840 1361 995 1826
6444 4 2 1 1 676 1298 913 1804
6445 4 2 1 1 369 370 371 1366
6446 4 2 1 1 672 1147 1447 793
6447 4 2 1 1 1419 1895 413 1050
6448 4 2 1 1 341 608 536 989
6449 4 2 1 1 678 1240 1311 1709
6450 4 2 1 1 994 1136 861 1744
6451 4 2 1 1 721 781 1502 1997
6452 4 2 1 1 710 1257 1014 1424
6453 4 2 1 1 1419 413 1895 414
6454 4 2 1 1 738 1616 1418 1632
6455 4 2 1 1 982 1239 640 1531
6456 4 2 1 1 932 989 980 1968
6457 4 2 1 1 600 332 1043 1814
6458 4 2 1 1 1092 1442 894 1490
6459 4 2 1 1 695 1320 975 1578
6460 4 2 1 1 663 1166 1195 1857
6461 4 2 1 1 557 1429 605 1823
6462 4 2 1 1 528 1676 850 1969
6463 4 2 1 1 1493 1528 1298 1121
6464 4 2 1 1 1005 792 1709 1751
6465 4 2 1 1 627 1874 1165 800
6466 4 2 1 1 228 1341 783 1537
6467 4 2 1 1 968 718 1326 1792
6468 4 2 1 1 743 1366 1207 1630
6469 4 2 1 1 340 578 608 1189
6470 4 2 1 1 1455 1551 1693 950
6471 4 2 1 1 833 975 1459 1597
6472 4 2 1 1 489 1827 1221 1936
6473 4 2 1 1 723 1331 1482 1655
6474 4 2 1 1 34 161 1726 152
6475 4 2 1 1 367 365 535 1523
6476 4 2 1 1 1313 946 876 964
6477 4 2 1 1 996 2043 146 1664
6478 4 2 1 1 686 1450 1150 1756
6479 4 2 1 1 272 1944 1077 1515
6480 4 2 1 1 568 1127 751 1423
6481 4 2 1 1 936 1473 1525 1683
6482 4 2 1 1 1139 1596 205 1788
6483 4 2 1 1 542 451 1742 1851
6484 4 2 1 1 663 1195 1166 799
6485 4 2 1 1 810 1208 1033 1348
6486 4 2 1 1 1329 1731 1333 861
6487 4 2 1 1 878 1424 710 1576
6488 4 2 1 1 1333 1731 1329 1332
6489 4 2 1 1 1160 1660 838 1886
6490 4 2 1 1 461 504 396 1554
6491 4 2 1 1 588 529 310 1318
6492 4 2 1 1 1879 1624 1215 953
6493 4 2 1 1 672 1447 1147 1980
6494 4 2 1 1 773 1365 1155 1892
6495 4 2 1 1 357 813 330 1063
6496 4 2 1 1 1403 1520 1002 1534
6497 4 2 1 1 871 1248 1186 1651
6498 4 2 1 1 688 1014 992 1993
6499 4 2 1 1 750 1066 1833 1953
6500 4 2 1 1 1346 1135 698 897
6501 4 2 1 1 229 974 232 1341
6502 4 2 1 1 185 1135 1483 182
6503 4 2 1 1 1305 1359 642 1954
6504 4 2 1 1 301 1515 1794 1596
6505 4 2 1 1 853 1030 1395 1198
6506 4 2 1 1 919 1532 1148 1766
6507 4 2 1 1 194 208 185 1483
6508 4 2 1 1 1005 1311 792 1361
6509 4 2 1 1 884 1719 1643 799
6510 4 2 1 1 912 1558 1041 1376
6511 4 2 1 1 1879 1215 1624 673
6512 4 2 1 1 1003 1147 773 1980
6513 4 2 1 1 670 1194 998 1699
6514 4 2 1 1 1772 1702 1294 907
6515 4 2 1 1 1966 407 1774 405
6516 4 2 1 1 1127 732 1111 1823
6517 4 2 1 1 374 506 515 1231
6518 4 2 1 1 1316 1302 909 666
6519 4 2 1 1 665 1258 1252 1673
6520 4 2 1 1 1053 1693 727 1917
6521 4 2 1 1 1394 1566 1169 1985
6522 4 2 1 1 160 2045 132 1974
6523 4 2 1 1 1070 857 708 1941
6524 4 2 1 1 757 1123 1321 1466
6525 4 2 1 1 982 1239 747 832
6526 4 2 1 1 1616 1622 1026 1785
6527 4 2 1 1 471 582 474 1968
6528 4 2 1 1 235 783 996 1937
6529 4 2 1 1 1561 834 1757 901
6530 4 2 1 1 744 1749 1189 1882
6531 4 2 1 1 889 1126 1323 1813
6532 4 2 1 1 1463 1465 645 879
6533 4 2 1 1 155 161 1139 1795
6534 4 2 1 1 160 1974 132 162
6535 4 2 1 1 1238 1239 670 817
6536 4 2 1 1 648 1316 946 1807
6537 4 2 1 1 663 1547 1327 1719
6538 4 2 1 1 767 1710 1569 1715
6539 4 2 1 1 131 2052 1591 1815
6540 4 2 1 1 716 1535 1516 1878
6541 4 2 1 1 1742 1747 930 1851
6542 4 2 1 1 1542 998 1276 1132
6543 4 2 1 1 1287 1953 1865 1690
6544 4 2 1 1 684 1543 1076 1010
6545 4 2 1 1 1973 1341 974 229
6546 4 2 1 1 792 1154 1056 1751
6547 4 2 1 1 532 1052 346 1627
6548 4 2 1 1 1319 1657 769 1822
6549 4 2 1 1 357 361 327 1380
6550 4 2 1 1 1258 1769 979 1945
6551 4 2 1 1 2004 197 178 1793
6552 4 2 1 1 1019 1331 830 1482
6553 4 2 1 1 117 97 113 1987
6554 4 2 1 1 164 2043 2007 1664
6555 4 2 1 1 235 783 1937 237
6556 4 2 1 1 1206 1617 1098 953
6557 4 2 1 1 520 1641 518 1829
6558 4 2 1 1 1154 1581 1056 1751
6559 4 2 1 1 746 1218 1956 1981
6560 4 2 1 1 1207 1366 849 1907
6561 4 2 1 1 851 1340 1042 1829
6562 4 2 1 1 2014 212 207 1196
6563 4 2 1 1 235 996 783 1341
6564 4 2 1 1 380 383 1665 1692
6565 4 2 1 1 946 860 1767 1807
6566 4 2 1 1 785 1425 1225 1398
6567 4 2 1 1 776 1251 1381 1938
6568 4 2 1 1 706 1789 1219 1927
6569 4 2 1 1 1300 1018 728 1307
6570 4 2 1 1 967 757 1064 1978
6571 4 2 1 1 1315 1591 791 1773
6572 4 2 1 1 1630 508 1207 1167
6573 4 2 1 1 912 1333 1136 1041
6574 4 2 1 1 929 1542 860 1787
6575 4 2 1 1 703 1578 1261 1651
6576 4 2 1 1 918 1698 1871 1961
6577 4 2 1 1 1055 1649 1648 692
6578 4 2 1 1 633 705 1412 1626
6579 4 2 1 1 233 230 239 1324
6580 4 2 1 1 807 1304 1501 1608
6581 4 2 1 1 1995 1674 1468 857
6582 4 2 1 1 651 1844 1020 1314
6583 4 2 1 1 652 1075 1286 1706
6584 4 2 1 1 467 1222 610 1555
6585 4 2 1 1 1126 1610 1323 1794
6586 4 2 1 1 1050 779 1579 1411
6587 4 2 1 1 862 1656 1345 1853
6588 4 2 1 1 2031 306 1323 261
6589 4 2 1 1 424 370 535 1125
6590 4 2 1 1 634 1114 1172 1571
6591 4 2 1 1 810 640 1369 1601
6592 4 2 1 1 819 1330 1028 1785
6593 4 2 1 1 891 1407 1195 1480
6594 4 2 1 1 772 1001 1489 1559
6595 4 2 1 1 1271 1493 784 1830
6596 4 2 1 1 1184 1263 1097 815
6597 4 2 1 1 503 1308 402 1765
6598 4 2 1 1 649 980 1599 1931
6599 4 2 1 1 1949 621 1732 1389
6600 4 2 1 1 2021 122 2040 1164
6601 4 2 1 1 1050 779 1411 1639
6602 4 2 1 1 110 1196 1590 1793
6603 4 2 1 1 713 1548 1173 1908
6604 4 2 1 1 992 798 1263 1803
6605 4 2 1 1 638 1269 1319 1657
6606 4 2 1 1 665 1093 1800 1951
6607 4 2 1 1 1199 1499 938 842
6608 4 2 1 1 494 1786 385 381
6609 4 2 1 1 1012 1016 733 1399
6610 4 2 1 1 1241 1763 1522 1376
6611 4 2 1 1 711 1290 1087 1971
6612 4 2 1 1 670 959 1238 1988
6613 4 2 1 1 1206 1565 764 1617
6614 4 2 1 1 105 827 948 1439
6615 4 2 1 1 681 1478 1118 864
6616 4 2 1 1 162 151 158 1974
6617 4 2 1 1 1960 1384 1472 787
6618 4 2 1 1 351 1474 591 1477
6619 4 2 1 1 441 1703 1015 1816
6620 4 2 1 1 719 1039 1889 1918
6621 4 2 1 1 968 1326 718 959
6622 4 2 1 1 696 1023 1404 1850
6623 4 2 1 1 986 1049 1043 1814
6624 4 2 1 1 749 1359 1305 1647
6625 4 2 1 1 1316 1807 1428 1896
6626 4 2 1 1 1012 733 1016 1528
6627 4 2 1 1 699 1250 908 1034
6628 4 2 1 1 630 1387 1388 794
6629 4 2 1 1 281 301 287 1596
6630 4 2 1 1 997 1719 1547 1866
6631 4 2 1 1 710 945 1463 1755
6632 4 2 1 1 718 1030 970 1712
6633 4 2 1 1 82 1176 2032 1959
6634 4 2 1 1 768 650 1095 1694
6635 4 2 1 1 440 441 1015 1816
6636 4 2 1 1 1132 1194 810 998
6637 4 2 1 1 320 877 610 564
6638 4 2 1 1 1320 1459 840 1611
6639 4 2 1 1 1170 1585 1019 1586
6640 4 2 1 1 630 1401 1117 1998
6641 4 2 1 1 895 939 728 1307
6642 4 2 1 1 1569 1897 1150 903
6643 4 2 1 1 211 174 194 1484
6644 4 2 1 1 99 2032 82 1176
6645 4 2 1 1 306 1126 1794 278
6646 4 2 1 1 837 1808 730 1839
6647 4 2 1 1 886 1629 1032 1957
6648 4 2 1 1 739 1069 1191 1448
6649 4 2 1 1 1332 1333 912 1558
6650 4 2 1 1 1126 1323 306 1794
6651 4 2 1 1 837 1839 1135 1808
6652 4 2 1 1 788 1532 1148 1817
6653 4 2 1 1 1057 1861 1104 1116
6654 4 2 1 1 895 728 939 1373
6655 4 2 1 1 1132 1039 1194 1193
6656 4 2 1 1 1630 508 1167 463
6657 4 2 1 1 573 528 850 1318
6658 4 2 1 1 1103 943 1402 927
6659 4 2 1 1 933 934 687 1472
6660 4 2 1 1 1958 1088 1137 1852
6661 4 2 1 1 842 1318 722 1599
6662 4 2 1 1 2027 257 69 2051
6663 4 2 1 1 1310 1824 915 728
6664 4 2 1 1 669 1436 927 1708
6665 4 2 1 1 638 1065 1319 1928
6666 4 2 1 1 137 785 136 135
6667 4 2 1 1 504 396 1554 1774
6668 4 2 1 1 140 1506 1277 1686
6669 4 2 1 1 126 42 134 1541
6670 4 2 1 1 625 880 1963 1113
6671 4 2 1 1 549 322 477 1496
6672 4 2 1 1 1888 1504 1476 637
6673 4 2 1 1 831 1659 1284 1910
6674 4 2 1 1 686 846 1430 1717
6675 4 2 1 1 678 1311 1281 1709
6676 4 2 1 1 1571 815 1744 736
6677 4 2 1 1 625 1963 880 806
6678 4 2 1 1 1163 1424 878 1576
6679 4 2 1 1 682 1198 1498 1700
6680 4 2 1 1 612 1628 346 1850
6681 4 2 1 1 191 206 1139 1726
6682 4 2 1 1 767 1200 1585 1594
6683 4 2 1 1 121 84 107 1793
6684 4 2 1 1 755 1460 1078 1771
6685 4 2 1 1 943 1702 1355 1964
6686 4 2 1 1 630 1388 1106 794
6687 4 2 1 1 495 1179 1784 1942
6688 4 2 1 1 794 1870 1102 1920
6689 4 2 1 1 726 908 1250 1034
6690 4 2 1 1 620 1487 1177 1494
6691 4 2 1 1 825 853 1670 1671
6692 4 2 1 1 1076 1435 754 1825
6693 4 2 1 1 963 1251 1113 1963
6694 4 2 1 1 761 319 563 318
6695 4 2 1 1 752 1033 1509 1561
6696 4 2 1 1 1935 1300 1304 937
6697 4 2 1 1 1935 1304 1300 659
6698 4 2 1 1 643 1694 1095 1918
6699 4 2 1 1 1142 1856 1293 1557
6700 4 2 1 1 1462 1556 870 1440
6701 4 2 1 1 1100 1092 1695 1490
6702 4 2 1 1 694 1349 1350 1876
6703 4 2 1 1 825 1842 1080 651
6704 4 2 1 1 1179 1618 890 1942
6705 4 2 1 1 619 1232 1588 869
6706 4 2 1 1 1293 1856 1142 620
6707 4 2 1 1 965 1612 927 1896
6708 4 2 1 1 1957 1434 1770 886
6709 4 2 1 1 875 1542 929 1787
6710 4 2 1 1 675 926 1254 1900
6711 4 2 1 1 702 1242 1241 1522
6712 4 2 1 1 225 228 244 1408
6713 4 2 1 1 1957 1770 1434 655
6714 4 2 1 1 234 231 233 858
6715 4 2 1 1 858 239 1324 233
6716 4 2 1 1 682 938 1181 1498
6717 4 2 1 1 760 1104 1305 1205
6718 4 2 1 1 836 1517 1335 1210
6719 4 2 1 1 722 842 938 1314
6720 4 2 1 1 149 852 163 1506
6721 4 2 1 1 968 959 718 1988
6722 4 2 1 1 1425 1482 1010 1569
6723 4 2 1 1 1870 1688 1862 1405
6724 4 2 1 1 1800 1992 1513 665
6725 4 2 1 1 688 836 1201 1380
6726 4 2 1 1 1754 1848 1450 1150
6727 4 2 1 1 749 1205 1637 947
6728 4 2 1 1 416 512 443 1524
6729 4 2 1 1 899 1447 1155 1841
6730 4 2 1 1 1184 815 1846 1975
6731 4 2 1 1 819 1028 880 1384
6732 4 2 1 1 88 1196 110 1793
6733 4 2 1 1 924 1503 1061 1573
6734 4 2 1 1 528 458 573 850
6735 4 2 1 1 780 1406 1322 1556
6736 4 2 1 1 984 1261 832 1343
6737 4 2 1 1 1443 1879 865 1283
6738 4 2 1 1 750 1347 1066 1690
6739 4 2 1 1 1336 1059 1184 798
6740 4 2 1 1 551 1582 615 1687
6741 4 2 1 1 1736 1878 951 1899
6742 4 2 1 1 1839 896 625 1079
6743 4 2 1 1 659 1088 1300 1935
6744 4 2 1 1 927 1908 1612 943
6745 4 2 1 1 1888 1504 637 954
6746 4 2 1 1 2010 1810 151 1974
6747 4 2 1 1 423 484 483 1614
6748 4 2 1 1 930 1747 1742 1924
6749 4 2 1 1 101 1354 83 100
6750 4 2 1 1 874 1635 1169 1985
6751 4 2 1 1 1816 1413 433 533
6752 4 2 1 1 1083 940 1689 919
6753 4 2 1 1 1654 1789 1246 854
6754 4 2 1 1 1032 1452 774 1589
6755 4 2 1 1 654 1535 1031 1803
6756 4 2 1 1 160 2041 45 169
6757 4 2 1 1 701 830 917 1540
6758 4 2 1 1 508 373 372 1207
6759 4 2 1 1 2006 1354 83 1884
6760 4 2 1 1 1136 1571 1333 1744
6761 4 2 1 1 2009 193 1220 203
6762 4 2 1 1 1469 1855 1027 1874
6763 4 2 1 1 624 998 1564 1603
6764 4 2 1 1 1265 1800 1093 1951
6765 4 2 1 1 771 1300 1307 891
6766 4 2 1 1 736 1571 1340 1893
6767 4 2 1 1 488 1411 1661 1786
6768 4 2 1 1 775 1226 1169 1932
6769 4 2 1 1 1100 1092 1490 1863
6770 4 2 1 1 1069 1448 1070 708
6771 4 2 1 1 705 1569 1710 1715
6772 4 2 1 1 1604 913 1716 1639
6773 4 2 1 1 921 1636 1385 1785
6774 4 2 1 1 1618 1774 1942 405
6775 4 2 1 1 1269 1574 1478 741
6776 4 2 1 1 1004 1541 785 1737
6777 4 2 1 1 486 898 399 1902
6778 4 2 1 1 237 2018 247 1163
6779 4 2 1 1 797 983 1376 1294
6780 4 2 1 1 693 1465 1086 1349
6781 4 2 1 1 148 1236 2038 1773
6782 4 2 1 1 795 1294 1217 907
6783 4 2 1 1 882 1560 1152 1958
6784 4 2 1 1 1046 1489 1780 1890
6785 4 2 1 1 280 1077 275 1794
6786 4 2 1 1 171 973 1185 1779
6787 4 2 1 1 1116 1645 1764 893
6788 4 2 1 1 402 1214 410 1765
6789 4 2 1 1 632 801 1350 1534
6790 4 2 1 1 93 1469 883 1855
6791 4 2 1 1 1242 1522 702 756
6792 4 2 1 1 687 1187 996 1960
6793 4 2 1 1 1692 383 1051 1013
6794 4 2 1 1 716 1045 934 1781
6795 4 2 1 1 165 128 147 1937
6796 4 2 1 1 376 377 375 1371
6797 4 2 1 1 767 1019 1482 1642
6798 4 2 1 1 1426 1455 1045 1917
6799 4 2 1 1 715 1044 1212 1831
6800 4 2 1 1 1692 1051 383 1665
6801 4 2 1 1 646 1384 922 1990
6802 4 2 1 1 1654 1676 459 1883
6803 4 2 1 1 1694 1022 1918 1439
6804 4 2 1 1 800 1324 1105 1649
6805 4 2 1 1 1861 1087 709 1116
6806 4 2 1 1 943 1955 1090 1964
6807 4 2 1 1 1322 881 1454 1462
6808 4 2 1 1 1610 674 1077 1636
6809 4 2 1 1 495 1179 496 1784
6810 4 2 1 1 1266 914 1417 809
6811 4 2 1 1 1964 1376 1522 1090
6812 4 2 1 1 755 1771 1078 1783
6813 4 2 1 1 407 1966 1219 544
6814 4 2 1 1 325 1263 349 1799
6815 4 2 1 1 850 1255 1609 1675
6816 4 2 1 1 1016 1399 1769 1945
6817 4 2 1 1 2006 102 1354 1165
6818 4 2 1 1 1825 1260 1456 997
6819 4 2 1 1 1111 1367 546 1900
6820 4 2 1 1 1337 915 1684 1727
6821 4 2 1 1 1825 1456 1260 619
6822 4 2 1 1 180 179 199 986
6823 4 2 1 1 668 1126 1026 1610
6824 4 2 1 1 1337 1684 1621 1727
6825 4 2 1 1 493 1111 1161 1823
6826 4 2 1 1 393 403 1679 394
6827 4 2 1 1 728 1373 1099 1824
6828 4 2 1 1 1814 791 1815 1049
6829 4 2 1 1 804 1253 1427 1776
6830 4 2 1 1 620 1487 1142 1607
6831 4 2 1 1 1440 1524 449 1021
6832 4 2 1 1 698 848 1526 1656
6833 4 2 1 1 863 1824 1358 1099
6834 4 2 1 1 846 1299 1204 1849
6835 4 2 1 1 344 571 574 1832
6836 4 2 1 1 338 613 308 1037
6837 4 2 1 1 1102 762 1028 1870
6838 4 2 1 1 674 1230 1139 1515
6839 4 2 1 1 1485 1673 1421 1228
6840 4 2 1 1 1331 830 1482 1655
6841 4 2 1 1 134 1576 1424 154
6842 4 2 1 1 625 963 1113 1963
6843 4 2 1 1 240 1145 221 1165
6844 4 2 1 1 1162 1184 815 1846
6845 4 2 1 1 902 1084 703 1619
6846 4 2 1 1 1876 1534 1350 801
6847 4 2 1 1 1252 1485 941 1673
6848 4 2 1 1 701 1345 862 1441
6849 4 2 1 1 642 1691 1359 1923
6850 4 2 1 1 807 1501 1270 1608
6851 4 2 1 1 87 115 117 1151
6852 4 2 1 1 623 1181 1289 1922
6853 4 2 1 1 742 1770 1130 1887
6854 4 2 1 1 1156 988 1588 1460
6855 4 2 1 1 1144 1496 994 1939
6856 4 2 1 1 1485 1421 1673 735
6857 4 2 1 1 1062 1201 836 1867
6858 4 2 1 1 851 1474 1340 1829
6859 4 2 1 1 610 467 480 1222
6860 4 2 1 1 936 1473 1292 1474
6861 4 2 1 1 885 1085 635 1537
6862 4 2 1 1 1175 1647 884 1719
6863 4 2 1 1 1050 812 679 1639
6864 4 2 1 1 1142 1487 857 1607
6865 4 2 1 1 692 1154 840 1663
6866 4 2 1 1 1019 830 1540 1586
6867 4 2 1 1 729 1330 1862 1999
6868 4 2 1 1 1418 1616 738 1817
6869 4 2 1 1 1114 1041 1571 634
6870 4 2 1 1 244 1017 220 1408
6871 4 2 1 1 456 1171 1742 1924
6872 4 2 1 1 634 1558 983 1041
6873 4 2 1 1 359 1809 363 1818
6874 4 2 1 1 1002 1010 1634 1457
6875 4 2 1 1 139 140 1277 1686
6876 4 2 1 1 883 1267 1033 1601
6877 4 2 1 1 548 530 438 944
6878 4 2 1 1 2016 2023 65 588
6879 4 2 1 1 937 1304 1501 764
6880 4 2 1 1 759 1487 1468 1941
6881 4 2 1 1 1750 1581 1751 1056
6882 4 2 1 1 717 783 1341 1537
6883 4 2 1 1 1426 1450 818 1754
6884 4 2 1 1 1428 927 1612 1896
6885 4 2 1 1 388 387 389 1890
6886 4 2 1 1 2008 144 1810 1915
6887 4 2 1 1 562 1222 467 1827
6888 4 2 1 1 773 1447 1188 1980
6889 4 2 1 1 1095 1889 1039 1918
6890 4 2 1 1 714 1425 1010 1569
6891 4 2 1 1 1041 1340 1114 1571
6892 4 2 1 1 1375 743 1562 1948
6893 4 2 1 1 667 1315 1591 1655
6894 4 2 1 1 1802 1068 1059 1975
6895 4 2 1 1 976 1458 706 1598
6896 4 2 1 1 1008 1176 668 1860
6897 4 2 1 1 642 1359 1691 1791
6898 4 2 1 1 730 1510 837 1218
6899 4 2 1 1 1884 83 2006 23
6900 4 2 1 1 162 1664 146 160
6901 4 2 1 1 1880 1471 748 1140
6902 4 2 1 1 747 1239 1238 817
6903 4 2 1 1 714 1149 1546 1634
6904 4 2 1 1 975 1084 902 1950
6905 4 2 1 1 745 1705 1286 1706
6906 4 2 1 1 1069 1191 1448 708
6907 4 2 1 1 715 1557 1240 1856
6908 4 2 1 1 765 938 1623 1898
6909 4 2 1 1 740 1742 1171 1763
6910 4 2 1 1 775 1124 909 1518
6911 4 2 1 1 370 372 371 1366
6912 4 2 1 1 784 1528 1493 1951
6913 4 2 1 1 1131 1267 628 1601
6914 4 2 1 1 875 753 1157 1748
6915 4 2 1 1 144 867 1810 1915
6916 4 2 1 1 903 852 1626 1806
6917 4 2 1 1 1159 1704 1921 1983
6918 4 2 1 1 385 494 394 1679
6919 4 2 1 1 670 998 1194 1193
6920 4 2 1 1 650 1395 853 1712
6921 4 2 1 1 392 391 401 1724
6922 4 2 1 1 922 1577 1133 1963
6923 4 2 1 1 1346 1135 897 183
6924 4 2 1 1 1549 1011 863 1358
6925 4 2 1 1 931 1029 1420 1691
6926 4 2 1 1 1002 1634 879 1457
6927 4 2 1 1 717 1490 885 1796
6928 4 2 1 1 1083 1653 1370 1930
6929 4 2 1 1 1191 1192 815 1846
6930 4 2 1 1 906 1512 1254 1835
6931 4 2 1 1 81 1904 18 1464
6932 4 2 1 1 318 2026 1497 1164
6933 4 2 1 1 894 738 1102 1148
6934 4 2 1 1 648 1493 1271 1830
6935 4 2 1 1 920 766 1485 1854
6936 4 2 1 1 917 830 1583 1586
6937 4 2 1 1 953 1215 1399 1624
6938 4 2 1 1 972 1333 1332 1558
6939 4 2 1 1 1157 829 1906 1213
6940 4 2 1 1 1404 1439 1023 643
6941 4 2 1 1 765 944 850 1600
6942 4 2 1 1 1268 1689 1688 864
6943 4 2 1 1 691 1629 1065 1828
6944 4 2 1 1 1964 1572 1955 1071
6945 4 2 1 1 914 1697 1508 809
6946 4 2 1 1 1035 1730 969 1820
6947 4 2 1 1 945 1755 1150 1848
6948 4 2 1 1 1439 1369 948 118
6949 4 2 1 1 544 1654 1219 1894
6950 4 2 1 1 803 1598 1109 1458
6951 4 2 1 1 1202 1570 841 1587
6952 4 2 1 1 301 2003 261 287
6953 4 2 1 1 703 1186 975 1578
6954 4 2 1 1 862 1367 1043 790
6955 4 2 1 1 1629 1828 1319 1065
6956 4 2 1 1 272 1919 273 274
6957 4 2 1 1 945 1463 1457 1737
6958 4 2 1 1 1685 1950 1663 1360
6959 4 2 1 1 905 1258 1016 1769
6960 4 2 1 1 604 316 318 1723
6961 4 2 1 1 802 1729 1035 1730
6962 4 2 1 1 749 1643 1359 1647
6963 4 2 1 1 356 1014 329 1996
6964 4 2 1 1 1103 1190 756 1436
6965 4 2 1 1 932 1413 1297 1598
6966 4 2 1 1 1274 1370 652 1721
6967 4 2 1 1 709 1339 1431 1475
6968 4 2 1 1 806 1344 1141 1356
6969 4 2 1 1 86 105 108 1439
6970 4 2 1 1 825 1096 1521 1740
6971 4 2 1 1 1288 1400 734 770
6972 4 2 1 1 1172 1525 1003 653
6973 4 2 1 1 747 1372 1238 1714
6974 4 2 1 1 825 1080 1079 651
6975 4 2 1 1 653 1263 1159 1983
6976 4 2 1 1 678 1709 1280 1731
6977 4 2 1 1 1629 1319 1828 769
6978 4 2 1 1 1374 641 1409 1089
6979 4 2 1 1 881 1462 1322 1556
6980 4 2 1 1 1572 1533 965 1436
6981 4 2 1 1 1451 1880 1096 957
6982 4 2 1 1 1002 1403 1739 1970
6983 4 2 1 1 1103 756 1572 1436
6984 4 2 1 1 504 462 537 1894
6985 4 2 1 1 1359 1643 884 1647
6986 4 2 1 1 250 1183 1664 1752
6987 4 2 1 1 1080 1740 982 1842
6988 4 2 1 1 651 1135 1079 1526
6989 4 2 1 1 296 1151 266 1959
6990 4 2 1 1 930 1042 1325 1592
6991 4 2 1 1 716 1392 1516 1535
6992 4 2 1 1 1221 1827 1222 1936
6993 4 2 1 1 660 1309 1141 1762
6994 4 2 1 1 751 1337 1621 1727
6995 4 2 1 1 628 1267 910 1481
6996 4 2 1 1 1224 1002 693 1739
6997 4 2 1 1 1490 1100 1817 1695
6998 4 2 1 1 1320 1459 975 1663
6999 4 2 1 1 1123 1972 757 1321
7000 4 2 1 1 627 1055 1145 1720
7001 4 2 1 1 905 1016 1258 1768
7002 4 2 1 1 726 1563 1034 1943
7003 4 2 1 1 1045 1426 818 1754
7004 4 2 1 1 843 1386 1212 1701
7005 4 2 1 1 754 1002 1634 1224
7006 4 2 1 1 632 1350 887 1534
7007 4 2 1 1 157 1017 1163 1424
7008 4 2 1 1 1772 1702 907 1639
7009 4 2 1 1 2005 220 260 1017
7010 4 2 1 1 1184 653 815 1975
7011 4 2 1 1 894 1092 1490 1695
7012 4 2 1 1 1953 920 1143 706
7013 4 2 1 1 990 719 1749 1918
7014 4 2 1 1 1953 1143 920 1865
7015 4 2 1 1 958 1770 1453 1887
7016 4 2 1 1 87 1151 117 1959
7017 4 2 1 1 145 128 146 1937
7018 4 2 1 1 40 41 153 2013
7019 4 2 1 1 752 1267 692 1509
7020 4 2 1 1 1422 1331 1655 1925
7021 4 2 1 1 663 1643 1054 1719
7022 4 2 1 1 620 1750 1751 1856
7023 4 2 1 1 1280 1495 662 1720
7024 4 2 1 1 751 1337 1331 1837
7025 4 2 1 1 1485 766 978 1854
7026 4 2 1 1 337 541 568 1127
7027 4 2 1 1 1489 892 1780 1890
7028 4 2 1 1 1731 1495 662 1280
7029 4 2 1 1 1533 1757 995 1826
7030 4 2 1 1 267 281 1596 1795
7031 4 2 1 1 884 1791 1359 1954
7032 4 2 1 1 995 792 1311 1361
7033 4 2 1 1 721 918 781 1275
7034 4 2 1 1 1246 854 1789 1834
7035 4 2 1 1 1418 1616 712 921
7036 4 2 1 1 622 1570 1188 1698
7037 4 2 1 1 1731 662 1495 861
7038 4 2 1 1 1211 1441 1438 1946
7039 4 2 1 1 717 1341 885 1537
7040 4 2 1 1 660 949 1334 1577
7041 4 2 1 1 1105 1324 253 1973
7042 4 2 1 1 1163 1536 783 1782
7043 4 2 1 1 475 1703 1613 1838
7044 4 2 1 1 1034 1479 833 1504
7045 4 2 1 1 412 482 1419 1827
7046 4 2 1 1 743 1375 1322 1514
7047 4 2 1 1 690 1068 1701 1961
7048 4 2 1 1 862 722 1656 1853
7049 4 2 1 1 131 2013 40 153
7050 4 2 1 1 180 1346 973 986
7051 4 2 1 1 1408 783 1536 1537
7052 4 2 1 1 875 1748 1157 1787
7053 4 2 1 1 981 1290 1488 1057
7054 4 2 1 1 1027 829 627 1164
7055 4 2 1 1 643 1531 1194 1095
7056 4 2 1 1 1117 1352 1053 1722
7057 4 2 1 1 448 1024 419 1492
7058 4 2 1 1 884 1633 1359 1791
7059 4 2 1 1 135 778 1576 138
7060 4 2 1 1 1350 1811 1168 632
7061 4 2 1 1 170 131 159 1815
7062 4 2 1 1 271 2008 286 263
7063 4 2 1 1 272 280 271 1515
7064 4 2 1 1 1079 1393 873 1521
7065 4 2 1 1 757 1064 1463 645
7066 4 2 1 1 460 496 1492 1784
7067 4 2 1 1 1221 1604 812 1827
7068 4 2 1 1 604 614 316 1723
7069 4 2 1 1 1305 1647 1359 1954
7070 4 2 1 1 1359 1647 884 1954
7071 4 2 1 1 1324 1649 1682 644
7072 4 2 1 1 668 832 1527 1620
7073 4 2 1 1 1335 1517 868 1845
7074 4 2 1 1 961 1788 776 1840
7075 4 2 1 1 638 1065 1553 1471
7076 4 2 1 1 1056 820 725 1991
7077 4 2 1 1 1051 1665 1121 1784
7078 4 2 1 1 530 944 548 1301
7079 4 2 1 1 701 1441 917 1583
7080 4 2 1 1 1076 684 1010 1970
7081 4 2 1 1 771 1435 1327 1857
7082 4 2 1 1 1139 177 206 205
7083 4 2 1 1 944 675 1254 1900
7084 4 2 1 1 654 1017 1163 1536
7085 4 2 1 1 929 1561 1208 1836
7086 4 2 1 1 824 1032 1550 1625
7087 4 2 1 1 661 1849 1204 1920
7088 4 2 1 1 1388 1920 1106 794
7089 4 2 1 1 1422 1655 1568 1925
7090 4 2 1 1 686 1204 1299 1914
7091 4 2 1 1 1969 1599 1318 842
7092 4 2 1 1 582 536 989 1968
7093 4 2 1 1 753 1382 1748 1836
7094 4 2 1 1 877 1222 1221 1790
7095 4 2 1 1 2006 102 1165 120
7096 4 2 1 1 628 692 1267 1320
7097 4 2 1 1 1382 1904 1027 1469
7098 4 2 1 1 550 430 542 1829
7099 4 2 1 1 944 1367 1301 862
7100 4 2 1 1 1086 841 1677 1678
7101 4 2 1 1 192 1049 199 202
7102 4 2 1 1 244 1017 1408 1536
7103 4 2 1 1 1061 1470 844 1976
7104 4 2 1 1 1247 978 1287 1854
7105 4 2 1 1 795 1976 1831 1294
7106 4 2 1 1 991 1185 1020 1859
7107 4 2 1 1 487 403 425 1539
7108 4 2 1 1 957 746 1552 1666
7109 4 2 1 1 1173 1548 1428 1908
7110 4 2 1 1 830 1655 1315 1715
7111 4 2 1 1 1094 911 1460 1137
7112 4 2 1 1 509 398 389 1445
7113 4 2 1 1 1188 1669 811 1845
7114 4 2 1 1 621 1565 1617 1769
7115 4 2 1 1 283 282 1368 1881
7116 4 2 1 1 1240 1006 797 1868
7117 4 2 1 1 1218 873 1237 746
7118 4 2 1 1 1055 800 1105 1649
7119 4 2 1 1 1144 1145 662 1720
7120 4 2 1 1 407 1966 544 485
7121 4 2 1 1 1551 1455 716 950
7122 4 2 1 1 685 1175 1760 1821
7123 4 2 1 1 938 1599 722 1600
7124 4 2 1 1 1068 1698 1650 1701
7125 4 2 1 1 110 1146 121 1793
7126 4 2 1 1 1295 1550 978 774
7127 4 2 1 1 750 1247 1287 1854
7128 4 2 1 1 812 1419 1050 679
7129 4 2 1 1 703 1274 1261 1721
7130 4 2 1 1 1144 662 1495 1720
7131 4 2 1 1 717 1341 996 1877
7132 4 2 1 1 974 1752 232 1877
7133 4 2 1 1 1066 1789 854 1834
7134 4 2 1 1 1187 1392 687 996
7135 4 2 1 1 630 794 1106 1998
7136 4 2 1 1 315 1157 556 1904
7137 4 2 1 1 243 1718 216 1939
7138 4 2 1 1 677 1718 994 1912
7139 4 2 1 1 720 1353 1646 1313
7140 4 2 1 1 996 2043 1664 236
7141 4 2 1 1 256 246 233 858
7142 4 2 1 1 681 1689 864 1930
7143 4 2 1 1 1014 1541 329 1996
7144 4 2 1 1 447 440 500 1353
7145 4 2 1 1 940 1148 1102 762
7146 4 2 1 1 157 1798 1424 130
7147 4 2 1 1 705 1251 922 1806
7148 4 2 1 1 628 692 1320 1967
7149 4 2 1 1 1148 1616 788 1817
7150 4 2 1 1 980 850 1676 1969
7151 4 2 1 1 494 1679 1121 1784
7152 4 2 1 1 243 1145 1144 1497
7153 4 2 1 1 1159 349 1263 1097
7154 4 2 1 1 1076 767 1543 1594
7155 4 2 1 1 726 1160 1563 1885
7156 4 2 1 1 887 1123 813 1466
7157 4 2 1 1 2009 114 125 827
7158 4 2 1 1 261 1794 301 290
7159 4 2 1 1 1443 1879 1283 795
7160 4 2 1 1 764 1617 1565 1734
7161 4 2 1 1 1393 1521 1180 1666
7162 4 2 1 1 663 1195 1327 1857
7163 4 2 1 1 1182 862 623 1898
7164 4 2 1 1 626 1355 1964 943
7165 4 2 1 1 1159 1263 349 589
7166 4 2 1 1 620 1177 1487 1607
7167 4 2 1 1 869 1760 1719 1821
7168 4 2 1 1 349 1159 589 606
7169 4 2 1 1 1334 1577 963 1753
7170 4 2 1 1 725 1863 724 1991
7171 4 2 1 1 678 1242 1281 756
7172 4 2 1 1 1505 1506 646 1277
7173 4 2 1 1 815 1192 1191 1744
7174 4 2 1 1 843 1386 1172 1801
7175 4 2 1 1 1298 1679 786 1121
7176 4 2 1 1 273 272 270 1377
7177 4 2 1 1 571 1189 1613 1703
7178 4 2 1 1 503 1554 1308 1765
7179 4 2 1 1 848 698 928 1656
7180 4 2 1 1 1120 773 1447 1892
7181 4 2 1 1 1287 1865 1953 920
7182 4 2 1 1 868 1335 1336 1606
7183 4 2 1 1 713 1221 1716 1790
7184 4 2 1 1 1772 1573 679 1639
7185 4 2 1 1 750 1287 1690 1953
7186 4 2 1 1 786 1024 1492 1679
7187 4 2 1 1 449 1524 404 1021
7188 4 2 1 1 191 206 205 1139
7189 4 2 1 1 297 298 276 1662
7190 4 2 1 1 1293 1262 1437 796
7191 4 2 1 1 404 449 416 1524
7192 4 2 1 1 632 1737 1466 1811
7193 4 2 1 1 1384 1385 819 1785
7194 4 2 1 1 1754 1848 1150 1755
7195 4 2 1 1 650 1499 1020 1844
7196 4 2 1 1 854 1676 980 1931
7197 4 2 1 1 1411 1604 1050 1639
7198 4 2 1 1 351 936 570 1474
7199 4 2 1 1 176 826 198 195
7200 4 2 1 1 397 1445 398 898
7201 4 2 1 1 788 1100 1967 1532
7202 4 2 1 1 1331 1837 1540 1925
7203 4 2 1 1 614 316 1723 1906
7204 4 2 1 1 1219 1654 1297 1927
7205 4 2 1 1 811 1210 1335 1845
7206 4 2 1 1 1750 1581 1056 1494
7207 4 2 1 1 913 676 1411 1786
7208 4 2 1 1 336 584 572 1422
7209 4 2 1 1 629 1038 1680 1940
7210 4 2 1 1 935 1644 691 1888
7211 4 2 1 1 428 486 408 1902
7212 4 2 1 1 839 1130 1770 1778
7213 4 2 1 1 369 367 370 1640
7214 4 2 1 1 879 1463 1457 1848
7215 4 2 1 1 460 1492 419 1679
7216 4 2 1 1 899 1454 743 1375
7217 4 2 1 1 82 1959 2032 30
7218 4 2 1 1 754 1327 1435 1739
7219 4 2 1 1 1080 1875 982 658
7220 4 2 1 1 129 148 149 1236
7221 4 2 1 1 1052 1627 1838 1245
7222 4 2 1 1 93 883 94 1481
7223 4 2 1 1 1832 1968 989 932
7224 4 2 1 1 805 1393 1180 1356
7225 4 2 1 1 101 1151 115 1884
7226 4 2 1 1 853 1326 1030 1670
7227 4 2 1 1 893 1645 1104 1116
7228 4 2 1 1 335 336 791 1423
7229 4 2 1 1 705 1430 949 1710
7230 4 2 1 1 91 1348 1023 810
7231 4 2 1 1 1187 1418 717 996
7232 4 2 1 1 1184 1803 1802 1878
7233 4 2 1 1 1031 1535 716 1878
7234 4 2 1 1 1650 1698 773 1701
7235 4 2 1 1 1772 779 1374 1061
7236 4 2 1 1 595 335 333 1423
7237 4 2 1 1 2017 159 1773 1815
7238 4 2 1 1 1537 227 225 228
7239 4 2 1 1 790 1367 1043 1615
7240 4 2 1 1 822 1456 997 1821
7241 4 2 1 1 695 817 1544 1578
7242 4 2 1 1 575 1703 1413 1832
7243 4 2 1 1 1076 1594 1260 1696
7244 4 2 1 1 1252 1485 735 1854
7245 4 2 1 1 1127 790 732 1837
7246 4 2 1 1 1139 674 1515 1596
7247 4 2 1 1 905 1565 1414 1769
7248 4 2 1 1 938 1314 842 1499
7249 4 2 1 1 800 1101 1324 1649
7250 4 2 1 1 301 1515 1596 281
7251 4 2 1 1 1595 1037 1004 1996
7252 4 2 1 1 894 1387 1388 1442
7253 4 2 1 1 780 1440 1167 1021
7254 4 2 1 1 920 1287 1854 1953
7255 4 2 1 1 1154 1459 840 1663
7256 4 2 1 1 771 1327 1195 1857
7257 4 2 1 1 1750 1581 1494 620
7258 4 2 1 1 859 1548 1298 1908
7259 4 2 1 1 724 893 1442 1764
7260 4 2 1 1 899 743 1454 1364
7261 4 2 1 1 822 1149 1260 1546
7262 4 2 1 1 682 1499 1844 1314
7263 4 2 1 1 1166 1291 721 1018
7264 4 2 1 1 752 627 692 1874
7265 4 2 1 1 718 959 1326 1095
7266 4 2 1 1 1959 266 285 31
7267 4 2 1 1 831 1284 1306 1768
7268 4 2 1 1 1253 1986 1161 804
7269 4 2 1 1 750 1854 1287 1953
7270 4 2 1 1 657 1084 1082 1360
7271 4 2 1 1 688 992 966 1993
7272 4 2 1 1 1161 1986 1253 926
7273 4 2 1 1 1152 1076 1594 619
7274 4 2 1 1 322 994 1582 1496
7275 4 2 1 1 1049 1236 633 1773
7276 4 2 1 1 1777 1648 1055 725
7277 4 2 1 1 870 1125 1462 1440
7278 4 2 1 1 1154 699 1663 1685
7279 4 2 1 1 737 1316 1428 1896
7280 4 2 1 1 623 1584 1438 1697
7281 4 2 1 1 631 1549 1011 1837
7282 4 2 1 1 565 1062 360 1761
7283 4 2 1 1 1624 795 1283 1879
7284 4 2 1 1 1310 1824 728 1358
7285 4 2 1 1 1535 1803 1162 1878
7286 4 2 1 1 765 1378 1254 1835
7287 4 2 1 1 640 982 1178 832
7288 4 2 1 1 858 1884 1151 1987
7289 4 2 1 1 1393 1666 1180 1356
7290 4 2 1 1 790 701 1540 1568
7291 4 2 1 1 440 1353 418 1816
7292 4 2 1 1 408 1296 427 1902
7293 4 2 1 1 1029 1060 1691 1407
7294 4 2 1 1 767 1200 1710 1715
7295 4 2 1 1 320 877 564 1213
7296 4 2 1 1 1339 1695 1475 940
7297 4 2 1 1 1272 1658 845 1958
7298 4 2 1 1 648 1173 1428 1807
7299 4 2 1 1 696 1464 1023 1850
7300 4 2 1 1 1382 1904 1469 753
7301 4 2 1 1 1232 1456 988 869
7302 4 2 1 1 628 1131 1025 1620
7303 4 2 1 1 1158 760 1645 1693
7304 4 2 1 1 250 1183 251 1664
7305 4 2 1 1 630 1153 1442 1764
7306 4 2 1 1 1359 884 1643 799
7307 4 2 1 1 1215 1396 758 1652
7308 4 2 1 1 1149 1224 645 1426
7309 4 2 1 1 1199 1395 766 1498
7310 4 2 1 1 859 1264 1612 1805
7311 4 2 1 1 667 1591 1225 1398
7312 4 2 1 1 881 1556 1406 1876
7313 4 2 1 1 826 650 1694 991
7314 4 2 1 1 684 1520 1010 1970
7315 4 2 1 1 217 2033 1368 245
7316 4 2 1 1 826 650 991 1020
7317 4 2 1 1 82 1959 30 106
7318 4 2 1 1 726 1563 1943 1420
7319 4 2 1 1 846 1232 1133 1430
7320 4 2 1 1 1027 1855 112 1165
7321 4 2 1 1 876 1680 1244 964
7322 4 2 1 1 148 852 1773 150
7323 4 2 1 1 1405 1449 942 1849
7324 4 2 1 1 700 1658 1272 1958
7325 4 2 1 1 567 611 607 1909
7326 4 2 1 1 1159 1263 966 1983
7327 4 2 1 1 236 2043 254 218
7328 4 2 1 1 738 894 1102 1388
7329 4 2 1 1 1092 724 1490 1863
7330 4 2 1 1 620 1142 1750 1856
7331 4 2 1 1 621 1389 1206 1565
7332 4 2 1 1 925 1476 1888 1932
7333 4 2 1 1 860 1276 946 1542
7334 4 2 1 1 1481 1901 1008 1987
7335 4 2 1 1 1213 1242 829 1723
7336 4 2 1 1 850 435 573 438
7337 4 2 1 1 1355 1702 943 1716
7338 4 2 1 1 318 563 761 1497
7339 4 2 1 1 1839 873 625 730
7340 4 2 1 1 440 447 418 1353
7341 4 2 1 1 830 1331 1019 1540
7342 4 2 1 1 101 1151 1884 1987
7343 4 2 1 1 1168 1520 1010 1642
7344 4 2 1 1 1173 1428 1807 1896
7345 4 2 1 1 621 1565 1206 1617
7346 4 2 1 1 772 1489 1046 1559
7347 4 2 1 1 684 1435 1403 1970
7348 4 2 1 1 516 515 1231 1819
7349 4 2 1 1 871 1274 1134 1651
7350 4 2 1 1 953 1624 1283 1879
7351 4 2 1 1 722 1599 1318 1600
7352 4 2 1 1 1364 849 793 1841
7353 4 2 1 1 1043 1367 594 1615
7354 4 2 1 1 964 1110 719 1039
7355 4 2 1 1 1959 2030 31 87
7356 4 2 1 1 1171 1555 702 1924
7357 4 2 1 1 913 1298 1716 1804
7358 4 2 1 1 1076 1543 767 1010
7359 4 2 1 1 1876 1534 801 1243
7360 4 2 1 1 751 1621 1278 1727
7361 4 2 1 1 665 1252 1258 1992
7362 4 2 1 1 696 1052 1628 1850
7363 4 2 1 1 798 1257 992 1972
7364 4 2 1 1 1030 1198 853 1670
7365 4 2 1 1 736 1744 1893 1911
7366 4 2 1 1 1083 1930 1689 681
7367 4 2 1 1 1004 1811 1595 1996
7368 4 2 1 1 765 1623 1835 1898
7369 4 2 1 1 812 1604 1419 1827
7370 4 2 1 1 1155 1447 773 1892
7371 4 2 1 1 599 594 1043 1367
7372 4 2 1 1 961 1808 1788 1840
7373 4 2 1 1 686 818 1299 1450
7374 4 2 1 1 647 1377 1183 1974
7375 4 2 1 1 644 1100 1682 1817
7376 4 2 1 1 133 1795 155 1915
7377 4 2 1 1 614 1723 320 1213
7378 4 2 1 1 623 848 1697 928
7379 4 2 1 1 1344 1577 806 1812
7380 4 2 1 1 654 878 1064 1782
7381 4 2 1 1 1359 1633 884 799
7382 4 2 1 1 812 1604 1716 1639
7383 4 2 1 1 237 244 228 783
7384 4 2 1 1 665 1989 1093 941
7385 4 2 1 1 984 1619 1261 1721
7386 4 2 1 1 668 1620 1026 1962
7387 4 2 1 1 861 1144 662 1495
7388 4 2 1 1 557 446 486 1429
7389 4 2 1 1 462 503 402 1765
7390 4 2 1 1 678 1495 1280 1720
7391 4 2 1 1 691 1644 782 1888
7392 4 2 1 1 723 1279 916 1331
7393 4 2 1 1 934 1153 716 1392
7394 4 2 1 1 777 1478 1269 1928
7395 4 2 1 1 714 1634 1010 1457
7396 4 2 1 1 759 1494 1487 1991
7397 4 2 1 1 1219 1789 1654 1927
7398 4 2 1 1 617 1148 1616 1766
7399 4 2 1 1 236 1877 235 232
7400 4 2 1 1 1906 761 829 1164
7401 4 2 1 1 1093 1989 665 890
7402 4 2 1 1 662 861 1192 1718
7403 4 2 1 1 812 1747 1827 1419
7404 4 2 1 1 1218 873 746 837
7405 4 2 1 1 1612 1908 1355 943
7406 4 2 1 1 1214 1738 731 1986
7407 4 2 1 1 343 1189 990 1613
7408 4 2 1 1 187 190 191 1840
7409 4 2 1 1 886 1822 1631 1453
7410 4 2 1 1 190 192 173 1236
7411 4 2 1 1 667 1569 903 1626
7412 4 2 1 1 1631 1822 886 769
7413 4 2 1 1 1435 1739 1403 1970
7414 4 2 1 1 696 946 1542 1767
7415 4 2 1 1 617 919 1148 1766
7416 4 2 1 1 1106 1914 818 1998
7417 4 2 1 1 413 517 1579 1895
7418 4 2 1 1 872 975 1186 1597
7419 4 2 1 1 365 1362 363 1523
7420 4 2 1 1 141 139 1383 1686
7421 4 2 1 1 191 1726 1139 1788
7422 4 2 1 1 894 1148 1102 940
7423 4 2 1 1 1879 953 721 865
7424 4 2 1 1 791 335 581 572
7425 4 2 1 1 695 1320 1267 1509
7426 4 2 1 1 1195 869 1327 1156
7427 4 2 1 1 832 984 1343 1527
7428 4 2 1 1 1334 1412 1200 1583
7429 4 2 1 1 204 187 205 1788
7430 4 2 1 1 1056 1494 820 1991
7431 4 2 1 1 875 1787 1174 1909
7432 4 2 1 1 786 1493 1298 1121
7433 4 2 1 1 679 1573 1050 1639
7434 4 2 1 1 440 500 1353 1668
7435 4 2 1 1 232 974 249 1752
7436 4 2 1 1 1569 1696 1546 977
7437 4 2 1 1 618 1670 1451 824
7438 4 2 1 1 709 1087 1339 1475
7439 4 2 1 1 137 1277 140 1506
7440 4 2 1 1 789 1488 1290 1057
7441 4 2 1 1 503 1308 1554 1947
7442 4 2 1 1 134 1576 154 135
7443 4 2 1 1 969 1820 1730 1982
7444 4 2 1 1 974 647 1234 1752
7445 4 2 1 1 182 1346 180 183
7446 4 2 1 1 225 228 1408 1537
7447 4 2 1 1 1708 1767 847 1787
7448 4 2 1 1 407 1966 485 405
7449 4 2 1 1 474 575 609 1413
7450 4 2 1 1 100 1354 1481 1987
7451 4 2 1 1 2008 144 1915 156
7452 4 2 1 1 454 1278 434 457
7453 4 2 1 1 678 1241 1242 1522
7454 4 2 1 1 753 929 875 1208
7455 4 2 1 1 684 1520 1642 1010
7456 4 2 1 1 1123 1463 1737 1466
7457 4 2 1 1 970 718 1712 1889
7458 4 2 1 1 669 1436 1708 1787
7459 4 2 1 1 674 1077 1636 1944
7460 4 2 1 1 450 413 517 1579
7461 4 2 1 1 703 1370 1084 1984
7462 4 2 1 1 822 1546 1260 1717
7463 4 2 1 1 1344 1577 963 1963
7464 4 2 1 1 1569 1546 1696 714
7465 4 2 1 1 668 832 1146 1510
7466 4 2 1 1 1144 1497 1496 1939
7467 4 2 1 1 510 1440 449 1021
7468 4 2 1 1 1740 1372 957 1273
7469 4 2 1 1 1145 1165 240 800
7470 4 2 1 1 84 2050 2001 1220
7471 4 2 1 1 108 1023 81 1850
7472 4 2 1 1 211 889 1793 1484
7473 4 2 1 1 1033 1267 883 1469
7474 4 2 1 1 844 1443 1365 1892
7475 4 2 1 1 1443 1879 795 1044
7476 4 2 1 1 486 446 399 898
7477 4 2 1 1 1249 1486 931 1923
7478 4 2 1 1 996 1664 647 1752
7479 4 2 1 1 994 1912 1718 1939
7480 4 2 1 1 753 1033 1469 1836
7481 4 2 1 1 1033 1208 753 1348
7482 4 2 1 1 749 1054 1643 1647
7483 4 2 1 1 1814 791 1049 1568
7484 4 2 1 1 272 1919 274 1077
7485 4 2 1 1 1103 1741 943 1955
7486 4 2 1 1 343 1189 1613 571
7487 4 2 1 1 647 1385 921 1944
7488 4 2 1 1 852 1225 903 1626
7489 4 2 1 1 872 975 1597 1950
7490 4 2 1 1 788 1100 1532 1817
7491 4 2 1 1 618 1671 1326 1714
7492 4 2 1 1 1162 1408 1536 1537
7493 4 2 1 1 1187 687 1392 934
7494 4 2 1 1 1191 1333 972 1801
7495 4 2 1 1 1272 1508 1334 1946
7496 4 2 1 1 1362 366 444 1391
7497 4 2 1 1 632 879 1466 1457
7498 4 2 1 1 874 1169 1566 1985
7499 4 2 1 1 1043 1301 862 1853
7500 4 2 1 1 1181 623 1289 1898
7501 4 2 1 1 734 1040 770 1935
7502 4 2 1 1 1654 558 544 1297
7503 4 2 1 1 1362 444 366 364
7504 4 2 1 1 1483 1875 826 651
7505 4 2 1 1 618 1096 1451 1670
7506 4 2 1 1 1155 1502 899 1841
7507 4 2 1 1 1360 1663 902 1950
7508 4 2 1 1 506 450 516 1579
7509 4 2 1 1 157 1798 130 167
7510 4 2 1 1 771 1560 1156 1672
7511 4 2 1 1 772 1308 1559 1947
7512 4 2 1 1 876 1593 1244 1680
7513 4 2 1 1 812 1050 1604 1639
7514 4 2 1 1 676 1528 1804 1012
7515 4 2 1 1 1926 473 442 472
7516 4 2 1 1 1019 1543 767 1585
7517 4 2 1 1 92 883 1348 1369
7518 4 2 1 1 784 1945 1528 1951
7519 4 2 1 1 874 1193 1635 1985
7520 4 2 1 1 1463 1755 945 1848
7521 4 2 1 1 636 1375 1322 1454
7522 4 2 1 1 802 1168 1811 1913
7523 4 2 1 1 1095 1712 650 853
7524 4 2 1 1 943 1716 1702 1790
7525 4 2 1 1 921 1616 1026 1785
7526 4 2 1 1 84 2034 11 107
7527 4 2 1 1 1261 1274 984 1721
7528 4 2 1 1 942 1357 1203 1862
7529 4 2 1 1 1528 1945 1016 1951
7530 4 2 1 1 784 1228 1421 1673
7531 4 2 1 1 632 1457 1466 1737
7532 4 2 1 1 2037 217 72 2002
7533 4 2 1 1 543 969 1761 1982
7534 4 2 1 1 1171 1763 1742 1924
7535 4 2 1 1 652 1237 1075 1981
7536 4 2 1 1 546 545 1111 1900
7537 4 2 1 1 920 629 1485 766
7538 4 2 1 1 1112 1879 1249 1486
7539 4 2 1 1 1365 1443 865 1892
7540 4 2 1 1 702 1522 1090 1955
7541 4 2 1 1 1092 1475 1339 1695
7542 4 2 1 1 1173 1807 1708 1896
7543 4 2 1 1 951 1516 1303 1713
7544 4 2 1 1 88 110 107 1793
7545 4 2 1 1 1438 1697 1441 623
7546 4 2 1 1 96 94 1025 1860
7547 4 2 1 1 1249 1879 1112 673
7548 4 2 1 1 752 692 995 1509
7549 4 2 1 1 862 1656 1182 623
7550 4 2 1 1 832 668 1025 1620
7551 4 2 1 1 820 1431 1863 1991
7552 4 2 1 1 1309 1417 914 809
7553 4 2 1 1 1009 1011 675 790
7554 4 2 1 1 688 966 1380 1993
7555 4 2 1 1 311 1017 1798 1799
7556 4 2 1 1 126 135 785 1541
7557 4 2 1 1 1458 920 941 706
7558 4 2 1 1 779 1579 1411 1661
7559 4 2 1 1 95 118 1178 1369
7560 4 2 1 1 839 1545 748 1580
7561 4 2 1 1 1305 1359 749 1486
7562 4 2 1 1 98 1590 99 1860
7563 4 2 1 1 875 1767 1787 1909
7564 4 2 1 1 1466 1737 813 1811
7565 4 2 1 1 201 188 189 889
7566 4 2 1 1 1438 1584 809 1697
7567 4 2 1 1 1119 1622 1527 1766
7568 4 2 1 1 557 491 446 1429
7569 4 2 1 1 1975 1069 1801 1191
7570 4 2 1 1 204 1596 1788 205
7571 4 2 1 1 739 1846 1184 1878
7572 4 2 1 1 674 1596 1139 1788
7573 4 2 1 1 748 1625 839 1770
7574 4 2 1 1 154 138 135 1576
7575 4 2 1 1 713 1298 1548 1908
7576 4 2 1 1 936 1525 1159 1983
7577 4 2 1 1 802 1595 1036 1913
7578 4 2 1 1 403 1209 420 425
7579 4 2 1 1 1100 1695 1532 1817
7580 4 2 1 1 833 1433 1611 1826
7581 4 2 1 1 910 1101 628 1901
7582 4 2 1 1 1382 1469 1027 1874
7583 4 2 1 1 1392 716 1781 1782
7584 4 2 1 1 936 1477 1159 1525
7585 4 2 1 1 736 1474 936 1477
7586 4 2 1 1 641 1409 849 1841
7587 4 2 1 1 619 1588 1232 1594
7588 4 2 1 1 483 439 421 1738
7589 4 2 1 1 1055 800 1649 692
7590 4 2 1 1 1165 1855 910 1874
7591 4 2 1 1 1502 781 899 1997
7592 4 2 1 1 231 230 1324 1973
7593 4 2 1 1 932 1598 1297 1927
7594 4 2 1 1 898 1621 1684 1727
7595 4 2 1 1 240 238 239 800
7596 4 2 1 1 2041 1974 1664 1183
7597 4 2 1 1 488 411 450 1411
7598 4 2 1 1 546 577 439 1900
7599 4 2 1 1 403 1209 425 1539
7600 4 2 1 1 698 888 928 1345
7601 4 2 1 1 723 1398 1168 1913
7602 4 2 1 1 658 837 1483 1484
7603 4 2 1 1 638 1657 1319 1822
7604 4 2 1 1 1173 1402 927 1708
7605 4 2 1 1 1764 1116 1442 630
7606 4 2 1 1 993 1501 1138 639
7607 4 2 1 1 649 1599 938 1623
7608 4 2 1 1 570 476 616 1474
7609 4 2 1 1 1230 867 1385 1686
7610 4 2 1 1 140 1381 1506 1686
7611 4 2 1 1 931 1885 1249 1923
7612 4 2 1 1 1351 1670 825 1844
7613 4 2 1 1 698 888 1345 633
7614 4 2 1 1 591 1474 521 1687
7615 4 2 1 1 1197 1833 1066 1953
7616 4 2 1 1 858 1354 256 1884
7617 4 2 1 1 1237 1007 1330 1119
7618 4 2 1 1 760 1645 1104 1205
7619 4 2 1 1 1959 31 106 87
7620 4 2 1 1 1780 509 1167 508
7621 4 2 1 1 1237 1330 1007 729
7622 4 2 1 1 622 1188 1650 1698
7623 4 2 1 1 660 1334 1272 1508
7624 4 2 1 1 101 1354 100 1987
7625 4 2 1 1 874 1566 1229 1988
7626 4 2 1 1 1015 1245 803 1703
7627 4 2 1 1 781 1202 1570 1467
7628 4 2 1 1 778 1225 903 1506
7629 4 2 1 1 1158 760 1647 1205
7630 4 2 1 1 696 1404 1052 1850
7631 4 2 1 1 1086 1465 1321 1349
7632 4 2 1 1 629 1216 766 1891
7633 4 2 1 1 855 1142 1332 1856
7634 4 2 1 1 191 1139 205 1788
7635 4 2 1 1 1031 1802 1803 1878
7636 4 2 1 1 1157 829 1213 1748
7637 4 2 1 1 2021 122 85 20
7638 4 2 1 1 992 1257 688 1972
7639 4 2 1 1 874 1193 1985 1988
7640 4 2 1 1 420 442 425 1209
7641 4 2 1 1 93 92 94 883
7642 4 2 1 1 2024 67 179 1814
7643 4 2 1 1 1350 1063 802 1811
7644 4 2 1 1 767 1482 1010 1642
7645 4 2 1 1 650 1694 990 1918
7646 4 2 1 1 1131 1544 695 1601
7647 4 2 1 1 363 1523 1362 1809
7648 4 2 1 1 1330 1237 1119 730
7649 4 2 1 1 216 78 77 1912
7650 4 2 1 1 652 1273 1343 1981
7651 4 2 1 1 1235 1057 789 1711
7652 4 2 1 1 707 1407 1195 1633
7653 4 2 1 1 552 343 560 1613
7654 4 2 1 1 1090 1955 1522 1964
7655 4 2 1 1 501 1013 383 1692
7656 4 2 1 1 396 1942 405 395
7657 4 2 1 1 254 2043 1664 2007
7658 4 2 1 1 1840 186 1808 1788
7659 4 2 1 1 565 1062 1809 1867
7660 4 2 1 1 1127 1837 751 1925
7661 4 2 1 1 1526 1393 896 1079
7662 4 2 1 1 1734 1284 1259 1617
7663 4 2 1 1 590 1097 1477 1911
7664 4 2 1 1 1498 1865 649 1287
7665 4 2 1 1 629 1680 1038 1891
7666 4 2 1 1 1392 1781 878 1782
7667 4 2 1 1 730 1610 1527 1622
7668 4 2 1 1 175 202 199 1049
7669 4 2 1 1 2021 122 1164 85
7670 4 2 1 1 1754 1064 1755 1781
7671 4 2 1 1 144 143 1686 1915
7672 4 2 1 1 1734 1259 1284 680
7673 4 2 1 1 1094 1480 659 1137
7674 4 2 1 1 1821 988 1449 1456
7675 4 2 1 1 899 1364 1447 1841
7676 4 2 1 1 815 1744 1191 1801
7677 4 2 1 1 754 1327 1547 997
7678 4 2 1 1 869 997 1327 1825
7679 4 2 1 1 1057 1952 760 1954
7680 4 2 1 1 1093 1673 784 1951
7681 4 2 1 1 888 928 1508 1753
7682 4 2 1 1 1569 1710 977 1897
7683 4 2 1 1 1157 1464 875 1977
7684 4 2 1 1 1054 1643 1587 749
7685 4 2 1 1 1960 1384 787 1385
7686 4 2 1 1 705 1200 949 1334
7687 4 2 1 1 725 1649 1105 1864
7688 4 2 1 1 1821 1449 988 685
7689 4 2 1 1 623 1288 1289 1898
7690 4 2 1 1 1056 855 1328 1777
7691 4 2 1 1 683 1605 1373 915
7692 4 2 1 1 1103 756 702 1955
7693 4 2 1 1 1354 1901 1481 1987
7694 4 2 1 1 404 398 507 1021
7695 4 2 1 1 912 861 1333 1731
7696 4 2 1 1 1145 243 1718 226
7697 4 2 1 1 1359 1633 799 1691
7698 4 2 1 1 1840 186 1788 187
7699 4 2 1 1 1087 940 1475 1971
7700 4 2 1 1 1373 1605 683 1073
7701 4 2 1 1 711 1116 1387 1971
7702 4 2 1 1 671 1361 1433 1826
7703 4 2 1 1 274 1662 1077 1919
7704 4 2 1 1 516 515 506 1231
7705 4 2 1 1 1405 1849 661 1870
7706 4 2 1 1 325 1993 1263 1799
7707 4 2 1 1 858 1101 1354 1901
7708 4 2 1 1 1060 1691 1633 1791
7709 4 2 1 1 747 1651 1238 1134
7710 4 2 1 1 617 1102 1148 762
7711 4 2 1 1 632 1168 1398 1811
7712 4 2 1 1 1238 1651 747 817
7713 4 2 1 1 328 589 598 966
7714 4 2 1 1 341 527 528 1969
7715 4 2 1 1 919 1721 1532 1766
7716 4 2 1 1 1422 1913 723 1036
7717 4 2 1 1 719 1613 1404 1918
7718 4 2 1 1 91 1369 1348 810
7719 4 2 1 1 946 697 876 964
7720 4 2 1 1 839 1181 1775 1922
7721 4 2 1 1 1842 1875 1080 651
7722 4 2 1 1 2043 146 1664 164
7723 4 2 1 1 396 1942 395 383
7724 4 2 1 1 1526 1393 1521 656
7725 4 2 1 1 905 1617 1565 1769
7726 4 2 1 1 1006 678 1311 756
7727 4 2 1 1 443 559 427 1035
7728 4 2 1 1 105 104 948 1220
7729 4 2 1 1 325 1993 326 598
7730 4 2 1 1 677 861 1718 1192
7731 4 2 1 1 1102 894 940 1971
7732 4 2 1 1 612 611 346 1628
7733 4 2 1 1 544 469 470 1654
7734 4 2 1 1 644 1490 1796 1864
7735 4 2 1 1 803 1598 1832 1882
7736 4 2 1 1 1382 1906 1904 1157
7737 4 2 1 1 309 615 321 1939
7738 4 2 1 1 341 536 527 1969
7739 4 2 1 1 1345 973 986 1853
7740 4 2 1 1 1246 1789 823 1834
7741 4 2 1 1 155 1795 1139 1915
7742 4 2 1 1 740 1042 1340 1582
7743 4 2 1 1 262 283 282 1368
7744 4 2 1 1 993 1058 639 772
7745 4 2 1 1 309 350 323 1912
7746 4 2 1 1 817 1248 1238 1651
7747 4 2 1 1 607 473 567 1909
7748 4 2 1 1 408 416 427 1296
7749 4 2 1 1 1478 1574 864 741
7750 4 2 1 1 513 969 543 1982
7751 4 2 1 1 325 589 349 1263
7752 4 2 1 1 963 1344 896 1753
7753 4 2 1 1 714 1634 1546 1696
7754 4 2 1 1 951 1735 950 1736
7755 4 2 1 1 779 1231 1579 1661
7756 4 2 1 1 930 812 1419 1747
7757 4 2 1 1 1619 1721 984 1766
7758 4 2 1 1 1212 1069 843 1701
7759 4 2 1 1 708 1941 1328 1979
7760 4 2 1 1 917 1211 1170 1586
7761 4 2 1 1 678 1522 1006 1868
7762 4 2 1 1 1028 1870 661 1920
7763 4 2 1 1 150 1225 852 1591
7764 4 2 1 1 623 1288 1438 1584
7765 4 2 1 1 1257 1972 798 1978
7766 4 2 1 1 2003 172 60 196
7767 4 2 1 1 755 1390 1133 1812
7768 4 2 1 1 1555 456 467 1747
7769 4 2 1 1 1046 1559 1489 1890
7770 4 2 1 1 410 402 409 1214
7771 4 2 1 1 243 221 1145 1497
7772 4 2 1 1 552 571 343 1613
7773 4 2 1 1 1240 1557 715 797
7774 4 2 1 1 1141 1461 755 1771
7775 4 2 1 1 911 1461 1141 1771
7776 4 2 1 1 1450 1848 645 1149
7777 4 2 1 1 741 1078 1574 1783
7778 4 2 1 1 1370 1653 1286 1930
7779 4 2 1 1 719 803 1110 1245
7780 4 2 1 1 1132 1208 696 1542
7781 4 2 1 1 1074 1909 875 1977
7782 4 2 1 1 737 1518 1124 1264
7783 4 2 1 1 823 1789 1246 1894
7784 4 2 1 1 839 1770 1625 1778
7785 4 2 1 1 761 319 318 1723
7786 4 2 1 1 712 1616 1026 921
7787 4 2 1 1 792 1280 1281 1709
7788 4 2 1 1 805 1140 1417 911
7789 4 2 1 1 1030 1326 718 1792
7790 4 2 1 1 712 1368 1234 1919
7791 4 2 1 1 922 1430 705 1897
7792 4 2 1 1 1119 1330 730 1622
7793 4 2 1 1 1260 1634 1076 1696
7794 4 2 1 1 607 611 347 1977
7795 4 2 1 1 1628 875 1977 1074
7796 4 2 1 1 2026 1164 221 1497
7797 4 2 1 1 757 1463 1123 1466
7798 4 2 1 1 563 549 761 1496
7799 4 2 1 1 1115 1777 1991 1328
7800 4 2 1 1 1350 1122 694 1876
7801 4 2 1 1 607 347 556 1977
7802 4 2 1 1 617 1148 1102 1632
7803 4 2 1 1 1512 1835 1288 1898
7804 4 2 1 1 306 295 289 1813
7805 4 2 1 1 1455 1551 1045 1917
7806 4 2 1 1 2027 257 252 69
7807 4 2 1 1 1906 761 1164 318
7808 4 2 1 1 1096 1880 1521 957
7809 4 2 1 1 986 175 1814 179
7810 4 2 1 1 303 268 294 1196
7811 4 2 1 1 89 90 109 1469
7812 4 2 1 1 1091 1728 793 1819
7813 4 2 1 1 1909 1933 1934 847
7814 4 2 1 1 700 1272 1852 1958
7815 4 2 1 1 823 1197 1513 1833
7816 4 2 1 1 819 1330 730 880
7817 4 2 1 1 1027 829 1164 1906
7818 4 2 1 1 473 607 1174 1909
7819 4 2 1 1 192 2038 202 210
7820 4 2 1 1 406 1618 1179 1942
7821 4 2 1 1 1108 711 1268 981
7822 4 2 1 1 663 1643 1719 799
7823 4 2 1 1 848 1182 1314 1656
7824 4 2 1 1 674 1323 1596 1788
7825 4 2 1 1 1110 1039 1680 1891
7826 4 2 1 1 714 1848 879 1457
7827 4 2 1 1 677 1744 815 1911
7828 4 2 1 1 347 612 307 1464
7829 4 2 1 1 184 1135 183 1840
7830 4 2 1 1 532 453 475 1838
7831 4 2 1 1 723 1168 1010 1642
7832 4 2 1 1 100 1855 1481 1354
7833 4 2 1 1 551 479 322 1582
7834 4 2 1 1 919 1689 1007 762
7835 4 2 1 1 842 1314 1020 1499
7836 4 2 1 1 861 1333 1192 1744
7837 4 2 1 1 115 119 101 1884
7838 4 2 1 1 973 1314 722 1656
7839 4 2 1 1 999 1661 1411 1786
7840 4 2 1 1 798 1128 1129 1972
7841 4 2 1 1 261 1794 290 306
7842 4 2 1 1 823 1765 1246 1834
7843 4 2 1 1 871 1653 1370 1984
7844 4 2 1 1 1654 1883 1297 1927
7845 4 2 1 1 48 49 2018 165
7846 4 2 1 1 1150 1505 686 1756
7847 4 2 1 1 2037 262 284 1234
7848 4 2 1 1 1222 1747 467 1827
7849 4 2 1 1 469 436 459 1675
7850 4 2 1 1 645 1450 1426 1754
7851 4 2 1 1 566 1627 1432 1668
7852 4 2 1 1 807 1608 1270 1797
7853 4 2 1 1 298 297 264 1176
7854 4 2 1 1 552 345 346 1850
7855 4 2 1 1 977 1546 686 1717
7856 4 2 1 1 854 1675 1676 1931
7857 4 2 1 1 219 256 1354 1884
7858 4 2 1 1 429 430 415 1325
7859 4 2 1 1 445 1221 489 1827
7860 4 2 1 1 906 1288 1511 1512
7861 4 2 1 1 1991 1750 1487 1328
7862 4 2 1 1 1029 1732 769 1407
7863 4 2 1 1 474 1297 558 1883
7864 4 2 1 1 1135 1808 1839 1840
7865 4 2 1 1 623 1512 1288 1898
7866 4 2 1 1 862 1656 722 1182
7867 4 2 1 1 1293 1262 796 1557
7868 4 2 1 1 465 476 466 1292
7869 4 2 1 1 311 326 325 1799
7870 4 2 1 1 913 1804 1716 1639
7871 4 2 1 1 753 1469 1382 1836
7872 4 2 1 1 344 608 1189 1832
7873 4 2 1 1 1434 1770 958 1797
7874 4 2 1 1 655 1770 1434 1797
7875 4 2 1 1 1095 1712 718 1889
7876 4 2 1 1 327 356 357 1380
7877 4 2 1 1 558 433 485 1966
7878 4 2 1 1 516 464 390 1819
7879 4 2 1 1 652 1274 1273 1706
7880 4 2 1 1 264 1176 297 1959
7881 4 2 1 1 922 1204 686 1990
7882 4 2 1 1 730 1510 1527 1610
7883 4 2 1 1 440 1015 453 1668
7884 4 2 1 1 623 1584 1697 1922
7885 4 2 1 1 483 1738 409 1614
7886 4 2 1 1 125 114 86 827
7887 4 2 1 1 50 7 2049 167
7888 4 2 1 1 712 858 1368 1881
7889 4 2 1 1 906 1288 1512 1835
7890 4 2 1 1 678 1281 1280 1709
7891 4 2 1 1 451 477 479 1742
7892 4 2 1 1 1180 656 1417 1880
7893 4 2 1 1 989 341 1859 1969
7894 4 2 1 1 664 1468 1205 1674
7895 4 2 1 1 950 1401 1551 1693
7896 4 2 1 1 471 527 536 1968
7897 4 2 1 1 824 1625 1282 1700
7898 4 2 1 1 602 341 339 1859
7899 4 2 1 1 754 1739 1435 1970
7900 4 2 1 1 529 341 528 1969
7901 4 2 1 1 1132 1208 1542 998
7902 4 2 1 1 236 1937 218 235
7903 4 2 1 1 211 889 1484 188
7904 4 2 1 1 483 409 1738 421
7905 4 2 1 1 640 1239 1261 1544
7906 4 2 1 1 1609 1675 854 1931
7907 4 2 1 1 239 238 219 1354
7908 4 2 1 1 1902 1727 1621 898
7909 4 2 1 1 47 46 164 2007
7910 4 2 1 1 761 829 1242 1723
7911 4 2 1 1 1532 1695 1148 1817
7912 4 2 1 1 1282 1550 655 1625
7913 4 2 1 1 144 143 141 1686
7914 4 2 1 1 855 1332 1240 1856
7915 4 2 1 1 1507 1736 821 1899
7916 4 2 1 1 104 118 948 1178
7917 4 2 1 1 835 1683 1391 1921
7918 4 2 1 1 1814 791 1568 335
7919 4 2 1 1 1181 1182 623 1898
7920 4 2 1 1 458 436 435 1675
7921 4 2 1 1 94 95 96 1025
7922 4 2 1 1 597 1820 513 1982
7923 4 2 1 1 839 1775 1266 1922
7924 4 2 1 1 818 1352 1053 1998
7925 4 2 1 1 869 997 1456 1821
7926 4 2 1 1 1379 1504 833 1602
7927 4 2 1 1 578 571 344 1189
7928 4 2 1 1 1084 1360 902 1950
7929 4 2 1 1 760 1158 1645 1205
7930 4 2 1 1 84 2034 107 1793
7931 4 2 1 1 797 1522 1071 1964
7932 4 2 1 1 482 1747 1419 1827
7933 4 2 1 1 891 1389 1206 1949
7934 4 2 1 1 814 1486 1249 1923
7935 4 2 1 1 345 612 346 1850
7936 4 2 1 1 678 1280 1281 1720
7937 4 2 1 1 2033 71 70 245
7938 4 2 1 1 162 132 151 1974
7939 4 2 1 1 615 1911 1687 994
7940 4 2 1 1 481 1765 1246 1894
7941 4 2 1 1 1515 1810 867 1915
7942 4 2 1 1 1122 801 1406 1876
7943 4 2 1 1 487 489 445 1221
7944 4 2 1 1 802 1350 1168 1729
7945 4 2 1 1 1010 1425 714 1457
7946 4 2 1 1 638 1319 1269 1928
7947 4 2 1 1 794 1108 1405 1849
7948 4 2 1 1 758 1563 1885 1420
7949 4 2 1 1 422 410 421 1738
7950 4 2 1 1 759 1070 1303 1713
7951 4 2 1 1 1335 1336 688 1972
7952 4 2 1 1 320 564 614 1213
7953 4 2 1 1 905 1565 1617 1734
7954 4 2 1 1 791 1773 1591 1815
7955 4 2 1 1 1007 1286 1075 864
7956 4 2 1 1 964 1680 1110 1039
7957 4 2 1 1 671 1479 1124 901
7958 4 2 1 1 1267 1469 752 1874
7959 4 2 1 1 739 947 1446 1068
7960 4 2 1 1 1049 1773 791 1815
7961 4 2 1 1 139 145 142 1383
7962 4 2 1 1 930 1090 1747 1924
7963 4 2 1 1 627 692 1874 800
7964 4 2 1 1 394 460 419 1679
7965 4 2 1 1 531 1063 330 1595
7966 4 2 1 1 1521 1880 1180 957
7967 4 2 1 1 825 1671 1670 1740
7968 4 2 1 1 905 1306 1284 1768
7969 4 2 1 1 831 1768 1306 1800
7970 4 2 1 1 925 1476 1226 1743
7971 4 2 1 1 668 1008 1620 1962
7972 4 2 1 1 380 383 382 1665
7973 4 2 1 1 643 1132 1039 1194
7974 4 2 1 1 1148 1532 657 1695
7975 4 2 1 1 494 381 382 1665
7976 4 2 1 1 667 1482 1569 1715
7977 4 2 1 1 222 251 250 1183
7978 4 2 1 1 247 1536 237 1163
7979 4 2 1 1 340 990 578 1189
7980 4 2 1 1 1115 724 725 1864
7981 4 2 1 1 113 1176 82 1959
7982 4 2 1 1 833 1504 1479 1602
7983 4 2 1 1 775 1479 1504 1602
7984 4 2 1 1 779 676 1411 1639
7985 4 2 1 1 560 343 342 990
7986 4 2 1 1 635 1846 1448 1878
7987 4 2 1 1 593 1159 936 1477
7988 4 2 1 1 154 1424 1163 1576
7989 4 2 1 1 1502 1841 1155 1892
7990 4 2 1 1 1123 1737 1463 710
7991 4 2 1 1 591 1477 1474 1687
7992 4 2 1 1 1969 1599 842 980
7993 4 2 1 1 316 601 313 1906
7994 4 2 1 1 1839 873 730 837
7995 4 2 1 1 1087 1290 940 1971
7996 4 2 1 1 1694 1022 1439 827
7997 4 2 1 1 1404 1439 643 1918
7998 4 2 1 1 1415 1489 1001 704
7999 4 2 1 1 806 880 1133 1963
8000 4 2 1 1 837 1484 658 1510
8001 4 2 1 1 913 676 1804 1639
8002 4 2 1 1 825 1670 1096 1740
8003 4 2 1 1 425 442 452 1209
8004 4 2 1 1 1116 1475 894 1971
8005 4 2 1 1 437 429 414 1851
8006 4 2 1 1 184 182 183 1135
8007 4 2 1 1 883 910 1469 1267
8008 4 2 1 1 927 1572 965 1436
8009 4 2 1 1 2003 2035 1596 196
8010 4 2 1 1 1339 1360 1082 1685
8011 4 2 1 1 240 800 253 1145
8012 4 2 1 1 719 1110 964 1245
8013 4 2 1 1 1204 1384 661 1920
8014 4 2 1 1 813 1063 1350 1811
8015 4 2 1 1 636 1454 1291 1997
8016 4 2 1 1 1026 1766 1616 1962
8017 4 2 1 1 736 1477 936 1525
8018 4 2 1 1 1199 1499 842 1395
8019 4 2 1 1 818 1426 1317 1450
8020 4 2 1 1 420 1575 526 1934
8021 4 2 1 1 26 2040 122 2011
8022 4 2 1 1 645 1426 1045 1754
8023 4 2 1 1 1765 504 1894 462
8024 4 2 1 1 1258 1252 1414 1992
8025 4 2 1 1 511 449 510 1440
8026 4 2 1 1 1053 1317 818 1917
8027 4 2 1 1 91 1023 108 1439
8028 4 2 1 1 1240 1557 1005 1856
8029 4 2 1 1 705 1334 949 1577
8030 4 2 1 1 887 1350 1349 1534
8031 4 2 1 1 883 910 1267 1481
8032 4 2 1 1 1246 1609 854 1834
8033 4 2 1 1 1397 1949 1732 1407
8034 4 2 1 1 921 1632 1616 1785
8035 4 2 1 1 1350 802 1063 1730
8036 4 2 1 1 1097 677 1911 1912
8037 4 2 1 1 928 1656 1345 623
8038 4 2 1 1 265 279 291 1183
8039 4 2 1 1 862 1301 1043 1367
8040 4 2 1 1 618 1452 1792 824
8041 4 2 1 1 798 1803 1257 1978
8042 4 2 1 1 1237 1869 873 1999
8043 4 2 1 1 654 1163 1017 1424
8044 4 2 1 1 855 1280 1329 1777
8045 4 2 1 1 1401 1645 760 1693
8046 4 2 1 1 934 1392 716 1781
8047 4 2 1 1 620 1142 1487 1750
8048 4 2 1 1 236 1937 235 996
8049 4 2 1 1 677 815 1097 1911
8050 4 2 1 1 1121 1679 786 1784
8051 4 2 1 1 722 1182 938 1600
8052 4 2 1 1 1542 1767 860 1787
8053 4 2 1 1 268 295 1196 1813
8054 4 2 1 1 907 1639 1374 1772
8055 4 2 1 1 832 1343 1218 1527
8056 4 2 1 1 1200 949 1334 1658
8057 4 2 1 1 135 778 138 137
8058 4 2 1 1 550 542 1042 1829
8059 4 2 1 1 670 1239 1194 1699
8060 4 2 1 1 1110 1891 1680 1458
8061 4 2 1 1 658 832 1218 1510
8062 4 2 1 1 831 1265 1768 1800
8063 4 2 1 1 1814 791 335 1815
8064 4 2 1 1 1832 1968 932 474
8065 4 2 1 1 1193 718 959 1988
8066 4 2 1 1 452 1209 1926 1936
8067 4 2 1 1 1439 1531 948 810
8068 4 2 1 1 386 384 385 1786
8069 4 2 1 1 737 965 1416 1896
8070 4 2 1 1 623 1289 1288 1584
8071 4 2 1 1 621 1652 1397 1732
8072 4 2 1 1 1175 1719 884 1760
8073 4 2 1 1 1266 1584 1130 1922
8074 4 2 1 1 326 1799 1798 1993
8075 4 2 1 1 1163 878 1567 1576
8076 4 2 1 1 907 1804 1355 1805
8077 4 2 1 1 149 140 1381 1506
8078 4 2 1 1 501 1013 1692 1947
8079 4 2 1 1 10 2004 88 107
8080 4 2 1 1 615 551 322 1582
8081 4 2 1 1 672 1517 1210 1845
8082 4 2 1 1 778 903 1150 1505
8083 4 2 1 1 825 853 1671 1842
8084 4 2 1 1 1580 1351 839 1545
8085 4 2 1 1 983 1831 1976 1294
8086 4 2 1 1 920 629 766 1109
8087 4 2 1 1 1215 1396 733 1886
8088 4 2 1 1 793 1640 1091 1819
8089 4 2 1 1 1204 1472 1384 1920
8090 4 2 1 1 909 1635 1302 1994
8091 4 2 1 1 937 1501 1304 1608
8092 4 2 1 1 631 1549 1337 916
8093 4 2 1 1 1157 829 1748 1382
8094 4 2 1 1 557 605 492 1823
8095 4 2 1 1 1474 1477 736 1687
8096 4 2 1 1 321 77 309 1939
8097 4 2 1 1 962 1434 1295 1957
8098 4 2 1 1 760 1057 1116 1952
8099 4 2 1 1 700 1852 1088 1958
8100 4 2 1 1 967 1455 821 1507
8101 4 2 1 1 387 509 389 1890
8102 4 2 1 1 1718 1912 216 1939
8103 4 2 1 1 745 1273 1075 1552
8104 4 2 1 1 664 1104 1645 1205
8105 4 2 1 1 1269 1319 777 1928
8106 4 2 1 1 701 790 1043 1568
8107 4 2 1 1 638 1553 1065 1928
8108 4 2 1 1 723 1422 1331 1655
8109 4 2 1 1 620 1487 1494 1750
8110 4 2 1 1 989 1189 608 1832
8111 4 2 1 1 778 933 1150 1755
8112 4 2 1 1 453 441 475 1838
8113 4 2 1 1 84 2050 1220 103
8114 4 2 1 1 1144 1495 994 1496
8115 4 2 1 1 938 1182 1181 1898
8116 4 2 1 1 773 1701 1698 1961
8117 4 2 1 1 1031 1878 1736 1899
8118 4 2 1 1 787 1028 1384 1920
8119 4 2 1 1 1708 1767 860 1807
8120 4 2 1 1 450 506 488 1661
8121 4 2 1 1 231 249 232 974
8122 4 2 1 1 794 1352 1849 1914
8123 4 2 1 1 834 1826 1757 901
8124 4 2 1 1 716 1064 1031 1507
8125 4 2 1 1 1090 1702 943 1964
8126 4 2 1 1 226 1085 225 1718
8127 4 2 1 1 649 1066 1690 1865
8128 4 2 1 1 654 1031 1064 1978
8129 4 2 1 1 1010 1482 1425 1398
8130 4 2 1 1 270 269 1377 1810
8131 4 2 1 1 598 326 327 1993
8132 4 2 1 1 719 990 1613 1918
8133 4 2 1 1 740 1340 1136 1893
8134 4 2 1 1 170 2052 1815 2036
8135 4 2 1 1 1009 1511 1288 1512
8136 4 2 1 1 848 1775 1181 1922
8137 4 2 1 1 614 320 1723 604
8138 4 2 1 1 448 499 526 1575
8139 4 2 1 1 700 1152 1658 1958
8140 4 2 1 1 1900 548 944 1367
8141 4 2 1 1 872 1597 1186 637
8142 4 2 1 1 162 1664 160 1974
8143 4 2 1 1 568 336 595 1423
8144 4 2 1 1 826 1519 1020 651
8145 4 2 1 1 1515 1596 674 1794
8146 4 2 1 1 1105 1864 1324 1973
8147 4 2 1 1 1011 732 790 1837
8148 4 2 1 1 1832 1968 474 582
8149 4 2 1 1 1209 877 1926 1936
8150 4 2 1 1 526 499 567 1934
8151 4 2 1 1 131 1591 1773 1815
8152 4 2 1 1 1702 1804 1639 1716
8153 4 2 1 1 1682 1843 788 1967
8154 4 2 1 1 775 909 1124 1746
8155 4 2 1 1 1144 761 1495 1496
8156 4 2 1 1 301 2003 287 1596
8157 4 2 1 1 684 1403 1520 1970
8158 4 2 1 1 319 540 604 1723
8159 4 2 1 1 635 951 1448 1979
8160 4 2 1 1 323 591 551 1687
8161 4 2 1 1 2004 123 9 88
8162 4 2 1 1 323 590 1687 1911
8163 4 2 1 1 1527 1622 1026 1766
8164 4 2 1 1 79 220 2005 1667
8165 4 2 1 1 104 1146 98 1178
8166 4 2 1 1 1521 1740 1096 957
8167 4 2 1 1 1273 1552 746 1981
8168 4 2 1 1 845 1460 1156 1588
8169 4 2 1 1 1964 1572 626 943
8170 4 2 1 1 615 322 321 1939
8171 4 2 1 1 654 1031 1535 1782
8172 4 2 1 1 1991 1750 1328 1056
8173 4 2 1 1 896 1344 625 1393
8174 4 2 1 1 174 2050 1220 2001
8175 4 2 1 1 902 1320 975 1663
8176 4 2 1 1 1343 1956 1218 1981
8177 4 2 1 1 768 1519 650 1694
8178 4 2 1 1 1138 1415 1099 704
8179 4 2 1 1 318 761 1164 1497
8180 4 2 1 1 615 1912 994 1939
8181 4 2 1 1 2026 2011 259 221
8182 4 2 1 1 635 1162 1846 1878
8183 4 2 1 1 449 511 512 1524
8184 4 2 1 1 754 1547 1327 1739
8185 4 2 1 1 560 345 552 1850
8186 4 2 1 1 657 1339 1082 1929
8187 4 2 1 1 414 412 482 1419
8188 4 2 1 1 1059 843 653 1975
8189 4 2 1 1 635 951 1516 1878
8190 4 2 1 1 1339 1475 1087 940
8191 4 2 1 1 607 556 317 1977
8192 4 2 1 1 562 480 467 1222
8193 4 2 1 1 1768 1800 1265 1951
8194 4 2 1 1 1261 1544 817 1578
8195 4 2 1 1 337 594 547 1615
8196 4 2 1 1 1926 1933 1209 1934
8197 4 2 1 1 775 1124 1479 1746
8198 4 2 1 1 655 1295 1434 1957
8199 4 2 1 1 579 321 563 1497
8200 4 2 1 1 536 582 471 1968
8201 4 2 1 1 839 748 1545 1625
8202 4 2 1 1 832 1510 668 1527
8203 4 2 1 1 1029 1691 1397 1407
8204 4 2 1 1 798 1129 1059 1802
8205 4 2 1 1 1131 1544 1261 1578
8206 4 2 1 1 539 310 530 1301
8207 4 2 1 1 764 1734 1565 1501
8208 4 2 1 1 1404 1613 1052 1850
8209 4 2 1 1 1200 1334 705 1412
8210 4 2 1 1 1228 1593 876 1940
8211 4 2 1 1 148 852 150 149
8212 4 2 1 1 320 1555 1213 1723
8213 4 2 1 1 639 1776 1400 1099
8214 4 2 1 1 133 2019 51 168
8215 4 2 1 1 125 1 14 2028
8216 4 2 1 1 754 1435 1327 1825
8217 4 2 1 1 992 1257 798 1803
8218 4 2 1 1 937 770 1608 1935
8219 4 2 1 1 1565 1734 905 1501
8220 4 2 1 1 632 1168 1010 1398
8221 4 2 1 1 805 1309 1141 911
8222 4 2 1 1 787 1028 1632 1785
8223 4 2 1 1 762 1007 1688 1689
8224 4 2 1 1 528 850 1318 1969
8225 4 2 1 1 25 112 120 1165
8226 4 2 1 1 1030 1326 1792 824
8227 4 2 1 1 873 1079 746 837
8228 4 2 1 1 723 1482 1331 1642
8229 4 2 1 1 597 514 513 1820
8230 4 2 1 1 597 513 587 1982
8231 4 2 1 1 98 99 96 1860
8232 4 2 1 1 791 1315 1049 1568
8233 4 2 1 1 1350 694 1122 1730
8234 4 2 1 1 676 1528 1012 1016
8235 4 2 1 1 850 1676 1675 1931
8236 4 2 1 1 1022 1613 990 1918
8237 4 2 1 1 184 1808 1135 1840
8238 4 2 1 1 858 1682 1101 1843
8239 4 2 1 1 1994 648 946 876
8240 4 2 1 1 1654 558 1297 1883
8241 4 2 1 1 1172 1801 815 1975
8242 4 2 1 1 325 598 589 1263
8243 4 2 1 1 90 92 883 1348
8244 4 2 1 1 1772 779 1061 1573
8245 4 2 1 1 442 526 473 1934
8246 4 2 1 1 279 270 269 1377
8247 4 2 1 1 690 1701 1365 1961
8248 4 2 1 1 193 203 195 1220
8249 4 2 1 1 377 378 375 1371
8250 4 2 1 1 17 81 18 1464
8251 4 2 1 1 1280 1777 1709 792
8252 4 2 1 1 798 1059 1184 1802
8253 4 2 1 1 798 1972 1129 1978
8254 4 2 1 1 1204 1914 1106 1920
8255 4 2 1 1 859 1804 1528 1805
8256 4 2 1 1 282 299 1234 1919
8257 4 2 1 1 1345 1656 862 623
8258 4 2 1 1 1906 2021 1164 1027
8259 4 2 1 1 1090 1763 1376 1522
8260 4 2 1 1 977 1710 1430 1897
8261 4 2 1 1 1401 1551 1053 1998
8262 4 2 1 1 1317 1426 818 1917
8263 4 2 1 1 440 418 432 1816
8264 4 2 1 1 985 1378 1623 1835
8265 4 2 1 1 632 887 1466 1534
8266 4 2 1 1 821 1735 1455 1158
8267 4 2 1 1 778 1150 945 1755
8268 4 2 1 1 468 428 454 1903
8269 4 2 1 1 1165 1874 910 800
8270 4 2 1 1 1490 1817 1100 644
8271 4 2 1 1 634 1571 1172 1801
8272 4 2 1 1 888 1508 1334 1753
8273 4 2 1 1 179 171 66 1779
8274 4 2 1 1 475 441 574 1703
8275 4 2 1 1 665 1800 1768 1951
8276 4 2 1 1 673 1160 1249 1885
8277 4 2 1 1 768 1519 1694 1875
8278 4 2 1 1 1042 1742 930 1851
8279 4 2 1 1 915 1727 1337 916
8280 4 2 1 1 731 1347 1847 1378
8281 4 2 1 1 525 1159 328 1704
8282 4 2 1 1 2036 5 38 170
8283 4 2 1 1 99 1590 1176 1860
8284 4 2 1 1 655 1247 1491 1797
8285 4 2 1 1 786 1179 1492 1646
8286 4 2 1 1 731 1834 1347 1378
8287 4 2 1 1 860 1316 1416 1896
8288 4 2 1 1 904 1141 1390 1771
8289 4 2 1 1 755 1390 1141 1771
8290 4 2 1 1 753 1469 1033 1348
8291 4 2 1 1 331 613 523 1037
8292 4 2 1 1 721 1681 1206 953
8293 4 2 1 1 341 529 339 1859
8294 4 2 1 1 1378 1835 985 1847
8295 4 2 1 1 2017 170 1815 2036
8296 4 2 1 1 856 1666 1869 1356
8297 4 2 1 1 361 598 327 1993
8298 4 2 1 1 902 1532 1084 1619
8299 4 2 1 1 1027 112 1855 109
8300 4 2 1 1 1222 1090 1741 1924
8301 4 2 1 1 1322 1462 743 1440
8302 4 2 1 1 1002 1520 1403 1970
8303 4 2 1 1 790 1043 1568 1615
8304 4 2 1 1 1315 1568 791 1655
8305 4 2 1 1 703 1084 975 1984
8306 4 2 1 1 438 944 530 1600
8307 4 2 1 1 812 1790 1222 1090
8308 4 2 1 1 556 347 307 1464
8309 4 2 1 1 795 1294 907 1772
8310 4 2 1 1 765 1182 938 1898
8311 4 2 1 1 885 1796 1864 1973
8312 4 2 1 1 204 1596 205 196
8313 4 2 1 1 629 1593 1228 1940
8314 4 2 1 1 636 1375 1454 1997
8315 4 2 1 1 1100 1649 1648 1863
8316 4 2 1 1 236 1664 996 1752
8317 4 2 1 1 812 1747 1090 1222
8318 4 2 1 1 994 1718 1144 1939
8319 4 2 1 1 686 1430 922 1897
8320 4 2 1 1 1305 1647 760 1205
8321 4 2 1 1 813 1466 1123 1737
8322 4 2 1 1 812 1222 1221 1827
8323 4 2 1 1 812 1221 1222 1790
8324 4 2 1 1 153 131 2013 1591
8325 4 2 1 1 781 1454 1291 1467
8326 4 2 1 1 275 272 274 1077
8327 4 2 1 1 1791 1691 1873 1060
8328 4 2 1 1 787 1106 1388 1920
8329 4 2 1 1 627 1145 1055 800
8330 4 2 1 1 1119 1721 919 1766
8331 4 2 1 1 1732 1949 1389 1407
8332 4 2 1 1 753 1208 1033 1836
8333 4 2 1 1 374 505 506 1661
8334 4 2 1 1 301 1515 281 280
8335 4 2 1 1 1105 885 1864 1973
8336 4 2 1 1 805 1393 1344 1762
8337 4 2 1 1 889 1510 1484 1808
8338 4 2 1 1 2006 25 120 1165
8339 4 2 1 1 1052 1404 719 1613
8340 4 2 1 1 527 459 458 1676
8341 4 2 1 1 816 1263 992 1799
8342 4 2 1 1 885 724 1115 1864
8343 4 2 1 1 157 1163 154 1424
8344 4 2 1 1 1266 1697 1584 1922
8345 4 2 1 1 622 1698 1068 1871
8346 4 2 1 1 613 338 523 1037
8347 4 2 1 1 1054 1587 1285 749
8348 4 2 1 1 355 342 314 827
8349 4 2 1 1 552 346 532 1052
8350 4 2 1 1 352 312 335 1815
8351 4 2 1 1 856 1075 1745 1869
8352 4 2 1 1 1207 849 1562 1872
8353 4 2 1 1 1171 1495 761 1496
8354 4 2 1 1 697 1039 964 1132
8355 4 2 1 1 1201 1380 836 1867
8356 4 2 1 1 333 600 1043 1814
8357 4 2 1 1 494 460 1679 1784
8358 4 2 1 1 1649 692 1101 1967
8359 4 2 1 1 767 1594 1696 1710
8360 4 2 1 1 924 1728 1091 1819
8361 4 2 1 1 1354 1987 858 1901
8362 4 2 1 1 554 1627 566 1668
8363 4 2 1 1 1694 1022 827 990
8364 4 2 1 1 670 1566 1394 1985
8365 4 2 1 1 1211 1583 700 1586
8366 4 2 1 1 916 683 1529 1965
8367 4 2 1 1 82 113 99 1176
8368 4 2 1 1 1680 1039 964 697
8369 4 2 1 1 812 1702 1716 1790
8370 4 2 1 1 593 351 606 1477
8371 4 2 1 1 1956 1740 746 1273
8372 4 2 1 1 858 239 233 256
8373 4 2 1 1 1211 1583 1441 1946
8374 4 2 1 1 780 1524 1440 1021
8375 4 2 1 1 700 1585 1170 1586
8376 4 2 1 1 397 389 398 1445
8377 4 2 1 1 912 1332 1240 1731
8378 4 2 1 1 99 113 96 1860
8379 4 2 1 1 1698 1701 1068 1961
8380 4 2 1 1 253 800 239 1324
8381 4 2 1 1 653 1525 1003 868
8382 4 2 1 1 1450 1848 1149 1546
8383 4 2 1 1 702 1241 1763 1522
8384 4 2 1 1 1141 805 1344 1762
8385 4 2 1 1 1483 1484 837 1808
8386 4 2 1 1 1764 1116 630 1401
8387 4 2 1 1 665 1258 1673 1951
8388 4 2 1 1 749 1647 1305 1205
8389 4 2 1 1 462 410 481 1765
8390 4 2 1 1 528 530 529 1318
8391 4 2 1 1 99 1176 113 1860
8392 4 2 1 1 662 1144 861 1718
8393 4 2 1 1 1969 1599 980 850
8394 4 2 1 1 1242 761 1495 1720
8395 4 2 1 1 93 102 109 1855
8396 4 2 1 1 1072 1418 974 1796
8397 4 2 1 1 664 1645 1158 1205
8398 4 2 1 1 1391 1683 936 1921
8399 4 2 1 1 938 1182 722 1314
8400 4 2 1 1 1157 1977 556 1464
8401 4 2 1 1 309 323 615 1912
8402 4 2 1 1 833 1433 1459 1611
8403 4 2 1 1 700 1852 1272 1946
8404 4 2 1 1 811 1321 1335 1349
8405 4 2 1 1 617 1028 1102 762
8406 4 2 1 1 212 178 207 1196
8407 4 2 1 1 766 1395 1199 1109
8408 4 2 1 1 936 1159 1921 1983
8409 4 2 1 1 451 437 1747 1851
8410 4 2 1 1 998 1985 1635 1193
8411 4 2 1 1 744 1189 989 1832
8412 4 2 1 1 700 1585 1152 1958
8413 4 2 1 1 1561 1436 1190 929
8414 4 2 1 1 805 1530 1140 911
8415 4 2 1 1 738 894 1442 1490
8416 4 2 1 1 116 88 123 1196
8417 4 2 1 1 243 77 1497 1939
8418 4 2 1 1 721 1098 1018 1997
8419 4 2 1 1 830 1412 1586 1715
8420 4 2 1 1 767 1569 1482 1715
8421 4 2 1 1 812 1702 1090 679
8422 4 2 1 1 533 433 609 1413
8423 4 2 1 1 820 1154 1056 1648
8424 4 2 1 1 603 585 330 1996
8425 4 2 1 1 802 1036 1279 1913
8426 4 2 1 1 787 687 1472 1960
8427 4 2 1 1 746 1079 1080 837
8428 4 2 1 1 794 1268 1102 1870
8429 4 2 1 1 388 389 391 1890
8430 4 2 1 1 460 394 494 1679
8431 4 2 1 1 671 1262 1533 1660
8432 4 2 1 1 942 1707 1449 1783
8433 4 2 1 1 547 1367 1111 1615
8434 4 2 1 1 37 36 2038 148
8435 4 2 1 1 986 1345 1049 1346
8436 4 2 1 1 1328 1487 759 1941
8437 4 2 1 1 2008 144 156 127
8438 4 2 1 1 652 1273 1075 1706
8439 4 2 1 1 758 1223 1476 1420
8440 4 2 1 1 1022 1023 108 1850
8441 4 2 1 1 160 2007 2041 1664
8442 4 2 1 1 576 326 354 1798
8443 4 2 1 1 692 1267 752 1874
8444 4 2 1 1 1791 1873 1691 642
8445 4 2 1 1 548 438 577 944
8446 4 2 1 1 471 1676 527 1968
8447 4 2 1 1 871 1186 637 1984
8448 4 2 1 1 1131 1578 1261 1619
8449 4 2 1 1 1065 1553 1118 1928
8450 4 2 1 1 1804 1374 676 1012
8451 4 2 1 1 1425 1737 1457 1398
8452 4 2 1 1 739 1446 947 1899
8453 4 2 1 1 1130 1770 958 1887
8454 4 2 1 1 322 549 321 1496
8455 4 2 1 1 527 1968 1676 1969
8456 4 2 1 1 1371 1780 1046 1872
8457 4 2 1 1 657 1695 1339 940
8458 4 2 1 1 1208 1561 1033 1836
8459 4 2 1 1 982 959 1671 1714
8460 4 2 1 1 1111 1127 583 1615
8461 4 2 1 1 388 1559 379 1890
8462 4 2 1 1 1316 860 1807 1896
8463 4 2 1 1 1150 1450 686 1546
8464 4 2 1 1 2043 146 164 128
8465 4 2 1 1 96 97 94 1860
8466 4 2 1 1 927 1173 1708 1896
8467 4 2 1 1 1382 1904 753 1157
8468 4 2 1 1 1902 1727 898 1296
8469 4 2 1 1 309 1912 615 1939
8470 4 2 1 1 1028 661 1384 1920
8471 4 2 1 1 663 1275 1643 799
8472 4 2 1 1 790 1837 1127 1925
8473 4 2 1 1 229 231 232 974
8474 4 2 1 1 773 1365 1701 1961
8475 4 2 1 1 467 456 437 1747
8476 4 2 1 1 1207 849 1872 1907
8477 4 2 1 1 795 1772 1976 1294
8478 4 2 1 1 567 1074 611 1909
8479 4 2 1 1 706 1297 1598 1927
8480 4 2 1 1 617 919 1119 762
8481 4 2 1 1 156 2008 127 53
8482 4 2 1 1 635 1713 951 1979
8483 4 2 1 1 1354 858 1987 1884
8484 4 2 1 1 716 1064 1045 1781
8485 4 2 1 1 1014 710 1541 1737
8486 4 2 1 1 29 28 2032 111
8487 4 2 1 1 1582 477 322 1496
8488 4 2 1 1 523 1422 1037 584
8489 4 2 1 1 573 438 530 1600
8490 4 2 1 1 750 1690 1066 1953
8491 4 2 1 1 1605 1684 915 1727
8492 4 2 1 1 481 462 1765 1894
8493 4 2 1 1 1324 1864 1796 1973
8494 4 2 1 1 1348 1369 883 1601
8495 4 2 1 1 868 1517 1335 1606
8496 4 2 1 1 1011 1549 732 1837
8497 4 2 1 1 1283 1259 641 808
8498 4 2 1 1 402 410 462 1765
8499 4 2 1 1 1082 1339 657 1360
8500 4 2 1 1 76 75 221 2026
8501 4 2 1 1 1404 1439 1918 1022
8502 4 2 1 1 1138 1489 1415 704
8503 4 2 1 1 361 966 1380 1818
8504 4 2 1 1 765 938 1599 1623
8505 4 2 1 1 65 2016 66 171
8506 4 2 1 1 372 370 424 1630
8507 4 2 1 1 488 505 384 1661
8508 4 2 1 1 1222 1790 1741 1090
8509 4 2 1 1 574 1703 575 1832
8510 4 2 1 1 682 1351 1700 1775
8511 4 2 1 1 673 795 1624 1879
8512 4 2 1 1 859 1355 1804 1805
8513 4 2 1 1 656 1580 1417 1880
8514 4 2 1 1 700 1211 1852 1946
8515 4 2 1 1 2004 2034 1793 107
8516 4 2 1 1 1015 1838 1668 1245
8517 4 2 1 1 1884 23 22 119
8518 4 2 1 1 783 1536 1535 1782
8519 4 2 1 1 840 1320 692 1663
8520 4 2 1 1 641 1841 1502 1892
8521 4 2 1 1 438 577 944 1255
8522 4 2 1 1 110 98 1146 1590
8523 4 2 1 1 2008 52 53 156
8524 4 2 1 1 894 1388 738 1442
8525 4 2 1 1 301 1515 280 1794
8526 4 2 1 1 802 1279 1168 1913
8527 4 2 1 1 346 611 1627 1628
8528 4 2 1 1 2006 102 120 83
8529 4 2 1 1 244 220 224 1408
8530 4 2 1 1 1352 794 1117 1998
8531 4 2 1 1 717 1392 1187 996
8532 4 2 1 1 1413 1703 803 1832
8533 4 2 1 1 786 1492 1179 1784
8534 4 2 1 1 597 1063 1820 1982
8535 4 2 1 1 724 1153 1516 1764
8536 4 2 1 1 759 724 1431 1991
8537 4 2 1 1 89 109 85 1027
8538 4 2 1 1 546 545 493 1111
8539 4 2 1 1 1000 1830 1227 1316
8540 4 2 1 1 139 141 140 1686
8541 4 2 1 1 820 1360 1339 1685
8542 4 2 1 1 181 198 171 1185
8543 4 2 1 1 1180 1666 1521 957
8544 4 2 1 1 752 1469 1033 1836
8545 4 2 1 1 675 790 1367 862
8546 4 2 1 1 946 1767 1312 1807
8547 4 2 1 1 81 1023 91 1348
8548 4 2 1 1 872 1084 975 1950
8549 4 2 1 1 839 1545 1351 1700
8550 4 2 1 1 361 328 966 1818
8551 4 2 1 1 650 1519 853 1844
8552 4 2 1 1 2004 212 178 9
8553 4 2 1 1 488 386 1411 1786
8554 4 2 1 1 834 1611 1509 1826
8555 4 2 1 1 24 25 120 2006
8556 4 2 1 1 268 295 294 1196
8557 4 2 1 1 654 1535 1536 1782
8558 4 2 1 1 1593 1680 876 1940
8559 4 2 1 1 248 238 240 1165
8560 4 2 1 1 362 1362 364 1704
8561 4 2 1 1 1102 1632 1388 1920
8562 4 2 1 1 835 1606 1517 868
8563 4 2 1 1 1072 788 1616 1817
8564 4 2 1 1 993 1501 1252 1992
8565 4 2 1 1 933 1755 878 1781
8566 4 2 1 1 1490 1863 724 1864
8567 4 2 1 1 860 1436 929 1787
8568 4 2 1 1 2042 15 16 86
8569 4 2 1 1 864 1574 1203 741
8570 4 2 1 1 934 1754 933 1781
8571 4 2 1 1 1066 649 1690 1378
8572 4 2 1 1 518 1641 517 1895
8573 4 2 1 1 569 565 360 1761
8574 4 2 1 1 687 1383 1277 1960
8575 4 2 1 1 753 1748 929 1836
8576 4 2 1 1 1066 823 1789 1834
8577 4 2 1 1 675 790 1011 732
8578 4 2 1 1 1581 1685 900 908
8579 4 2 1 1 1702 1804 1716 1355
8580 4 2 1 1 107 110 121 1793
8581 4 2 1 1 1900 548 1367 546
8582 4 2 1 1 889 1610 1510 1808
8583 4 2 1 1 2044 260 247 1017
8584 4 2 1 1 812 1716 1221 1790
8585 4 2 1 1 100 1855 1354 102
8586 4 2 1 1 236 1877 232 1752
8587 4 2 1 1 716 950 1455 1736
8588 4 2 1 1 575 533 1413 1703
8589 4 2 1 1 1097 1184 816 1263
8590 4 2 1 1 765 1254 944 862
8591 4 2 1 1 667 1315 1655 1715
8592 4 2 1 1 933 1277 778 1505
8593 4 2 1 1 677 1097 816 1667
8594 4 2 1 1 809 1508 1272 1946
8595 4 2 1 1 1079 1135 837 1839
8596 4 2 1 1 1573 1579 924 1895
8597 4 2 1 1 2026 221 76 1497
8598 4 2 1 1 95 104 98 1178
8599 4 2 1 1 300 283 262 1368
8600 4 2 1 1 493 583 1111 1823
8601 4 2 1 1 847 1767 1074 1909
8602 4 2 1 1 880 1113 961 1938
8603 4 2 1 1 1207 892 1780 1872
8604 4 2 1 1 1102 1387 894 1971
8605 4 2 1 1 1261 1343 747 832
8606 4 2 1 1 344 1189 571 1832
8607 4 2 1 1 1397 1691 799 1407
8608 4 2 1 1 1649 1682 1100 1967
8609 4 2 1 1 901 1436 1416 965
8610 4 2 1 1 593 1159 525 1921
8611 4 2 1 1 951 1448 739 1878
8612 4 2 1 1 847 1312 1767 1807
8613 4 2 1 1 998 670 1985 1193
8614 4 2 1 1 1089 808 1012 641
8615 4 2 1 1 140 149 163 1506
8616 4 2 1 1 656 1180 1521 1880
8617 4 2 1 1 195 198 181 826
8618 4 2 1 1 544 1894 469 1654
8619 4 2 1 1 986 175 199 1049
8620 4 2 1 1 1555 467 456 561
8621 4 2 1 1 93 883 1481 1855
8622 4 2 1 1 1056 1777 1328 1991
8623 4 2 1 1 384 381 385 1786
8624 4 2 1 1 1630 508 463 372
8625 4 2 1 1 385 393 386 1786
8626 4 2 1 1 585 531 330 1595
8627 4 2 1 1 1131 1261 984 1619
8628 4 2 1 1 894 1387 1116 1971
8629 4 2 1 1 921 1418 1616 1632
8630 4 2 1 1 1061 1772 1470 1976
8631 4 2 1 1 1106 1187 787 1388
8632 4 2 1 1 86 108 1022 1439
8633 4 2 1 1 660 1141 1344 1762
8634 4 2 1 1 571 552 475 1613
8635 4 2 1 1 137 163 136 1225
8636 4 2 1 1 141 142 158 1383
8637 4 2 1 1 890 1219 1774 1966
8638 4 2 1 1 824 1550 1282 1625
8639 4 2 1 1 845 1658 1152 1958
8640 4 2 1 1 887 1321 1465 1349
8641 4 2 1 1 722 862 1301 1853
8642 4 2 1 1 508 1780 1207 1167
8643 4 2 1 1 653 1172 1525 815
8644 4 2 1 1 702 1555 1213 1741
8645 4 2 1 1 2009 103 13 114
8646 4 2 1 1 852 1381 1251 1806
8647 4 2 1 1 328 525 589 1159
8648 4 2 1 1 1522 1868 1241 1376
8649 4 2 1 1 1320 840 1509 1611
8650 4 2 1 1 412 1604 445 1827
8651 4 2 1 1 1063 1730 802 1820
8652 4 2 1 1 714 1546 1149 1848
8653 4 2 1 1 629 941 1593 1458
8654 4 2 1 1 621 1414 1565 1769
8655 4 2 1 1 629 1680 1593 1940
8656 4 2 1 1 702 1090 1763 1924
8657 4 2 1 1 748 1580 1545 1880
8658 4 2 1 1 686 1430 977 1717
8659 4 2 1 1 347 1628 612 1464
8660 4 2 1 1 994 1911 677 1912
8661 4 2 1 1 980 1676 850 1931
8662 4 2 1 1 702 1763 1090 1522
8663 4 2 1 1 736 1172 1473 1571
8664 4 2 1 1 1441 1508 928 1697
8665 4 2 1 1 2005 354 311 1017
8666 4 2 1 1 274 277 1662 1919
8667 4 2 1 1 2010 55 132 151
8668 4 2 1 1 899 1502 1155 781
8669 4 2 1 1 761 1496 1144 1497
8670 4 2 1 1 517 518 464 1641
8671 4 2 1 1 363 1809 1362 1818
8672 4 2 1 1 712 1881 1368 1919
8673 4 2 1 1 1780 1890 892 1167
8674 4 2 1 1 497 460 496 1492
8675 4 2 1 1 1226 1476 925 1932
8676 4 2 1 1 817 1186 1248 1651
8677 4 2 1 1 1101 1649 800 692
8678 4 2 1 1 204 186 187 1788
8679 4 2 1 1 1347 1066 1690 1378
8680 4 2 1 1 880 961 819 1938
8681 4 2 1 1 525 593 606 1159
8682 4 2 1 1 982 1714 1671 1740
8683 4 2 1 1 84 2050 103 12
8684 4 2 1 1 1925 1615 1568 1423
8685 4 2 1 1 1573 924 1641 1895
8686 4 2 1 1 1398 1811 1168 1913
8687 4 2 1 1 1056 725 820 1648
8688 4 2 1 1 563 1496 761 1497
8689 4 2 1 1 1139 1515 1230 1915
8690 4 2 1 1 1765 504 462 503
8691 4 2 1 1 660 1141 1461 1812
8692 4 2 1 1 180 1346 986 199
8693 4 2 1 1 755 1461 1141 1812
8694 4 2 1 1 815 677 1192 1744
8695 4 2 1 1 362 359 363 1818
8696 4 2 1 1 722 973 1656 1853
8697 4 2 1 1 560 990 342 1022
8698 4 2 1 1 686 1505 1150 1897
8699 4 2 1 1 606 351 590 1477
8700 4 2 1 1 171 973 1779 180
8701 4 2 1 1 820 1431 1092 1863
8702 4 2 1 1 567 1909 473 1934
8703 4 2 1 1 877 1741 1222 1790
8704 4 2 1 1 813 1811 1737 1996
8705 4 2 1 1 1031 1064 716 1782
8706 4 2 1 1 643 1095 1039 1918
8707 4 2 1 1 1115 1991 1777 725
8708 4 2 1 1 668 1527 1510 1610
8709 4 2 1 1 144 155 143 1915
8710 4 2 1 1 691 1589 1629 1957
8711 4 2 1 1 653 1159 1525 1983
8712 4 2 1 1 985 1347 1690 1378
8713 4 2 1 1 672 1447 1364 793
8714 4 2 1 1 671 1262 1660 1437
8715 4 2 1 1 674 1596 1323 1794
8716 4 2 1 1 674 1938 1385 819
8717 4 2 1 1 617 1028 1330 1785
8718 4 2 1 1 761 1144 1495 1720
8719 4 2 1 1 1425 1737 1398 785
8720 4 2 1 1 568 336 1422 584
8721 4 2 1 1 170 5 39 2036
8722 4 2 1 1 550 520 430 1829
8723 4 2 1 1 768 1842 1519 1875
8724 4 2 1 1 682 1198 1700 1844
8725 4 2 1 1 520 465 518 1641
8726 4 2 1 1 615 1582 994 1687
8727 4 2 1 1 760 1104 1645 1116
8728 4 2 1 1 1244 1110 1680 1458
8729 4 2 1 1 1014 1737 1541 1996
8730 4 2 1 1 169 45 8 2048
8731 4 2 1 1 918 749 1637 1871
8732 4 2 1 1 126 153 41 1037
8733 4 2 1 1 1214 804 1614 1986
8734 4 2 1 1 1450 1848 1546 1150
8735 4 2 1 1 135 778 137 785
8736 4 2 1 1 1286 1705 871 1706
8737 4 2 1 1 25 2011 112 1165
8738 4 2 1 1 177 2035 61 196
8739 4 2 1 1 547 594 1367 1615
8740 4 2 1 1 1133 880 922 1963
8741 4 2 1 1 444 1391 534 1921
8742 4 2 1 1 1100 1648 1649 1967
8743 4 2 1 1 812 1747 1222 1827
8744 4 2 1 1 256 242 246 1884
8745 4 2 1 1 177 2035 196 1596
8746 4 2 1 1 331 1036 1595 1037
8747 4 2 1 1 644 1100 1490 1863
8748 4 2 1 1 1051 1784 1179 1942
8749 4 2 1 1 1659 1907 1872 849
8750 4 2 1 1 1016 1945 1258 1951
8751 4 2 1 1 440 441 453 1015
8752 4 2 1 1 719 1404 1039 1918
8753 4 2 1 1 1745 1869 729 1356
8754 4 2 1 1 853 1670 1198 1844
8755 4 2 1 1 100 1855 93 1481
8756 4 2 1 1 724 1863 1431 1991
8757 4 2 1 1 2051 21 4 124
8758 4 2 1 1 357 358 596 1867
8759 4 2 1 1 219 242 256 1884
8760 4 2 1 1 856 1552 1075 1869
8761 4 2 1 1 1297 1413 976 1598
8762 4 2 1 1 767 1594 1076 1696
8763 4 2 1 1 347 1628 1464 1977
8764 4 2 1 1 1289 985 1623 1835
8765 4 2 1 1 1183 241 222 73
8766 4 2 1 1 834 1746 1826 901
8767 4 2 1 1 1341 1796 974 1877
8768 4 2 1 1 296 297 1881 1959
8769 4 2 1 1 818 1106 1756 1914
8770 4 2 1 1 759 1487 1328 1991
8771 4 2 1 1 1033 1208 810 1564
8772 4 2 1 1 1425 1737 785 945
8773 4 2 1 1 54 2008 127 1810
8774 4 2 1 1 63 1 2028 214
8775 4 2 1 1 619 1588 1156 869
8776 4 2 1 1 467 610 561 1555
8777 4 2 1 1 191 209 206 1726
8778 4 2 1 1 54 127 151 1810
8779 4 2 1 1 872 637 1653 1858
8780 4 2 1 1 1653 637 1233 1858
8781 4 2 1 1 615 1911 994 1912
8782 4 2 1 1 839 1625 1545 1700
8783 4 2 1 1 845 1152 1560 1958
8784 4 2 1 1 751 1278 1621 1903
8785 4 2 1 1 2039 168 161 33
8786 4 2 1 1 649 1378 1599 1623
8787 4 2 1 1 134 1576 135 1541
8788 4 2 1 1 1125 1630 743 1440
8789 4 2 1 1 855 1329 1328 1777
8790 4 2 1 1 816 1408 677 1667
8791 4 2 1 1 894 1387 1102 1388
8792 4 2 1 1 264 297 285 1959
8793 4 2 1 1 1218 873 837 730
8794 4 2 1 1 2020 43 42 134
8795 4 2 1 1 547 594 334 1367
8796 4 2 1 1 1059 653 1184 1975
8797 4 2 1 1 189 172 200 1323
8798 4 2 1 1 819 1622 1330 1785
8799 4 2 1 1 1439 1369 118 91
8800 4 2 1 1 1472 1505 933 1756
8801 4 2 1 1 729 1745 1075 1869
8802 4 2 1 1 640 1261 1131 1544
8803 4 2 1 1 825 1670 853 1844
8804 4 2 1 1 1654 558 1883 470
8805 4 2 1 1 1449 1707 988 1783
8806 4 2 1 1 959 1239 982 1531
8807 4 2 1 1 208 182 185 1483
8808 4 2 1 1 2017 170 2036 38
8809 4 2 1 1 1042 1582 740 1742
8810 4 2 1 1 1708 1807 860 1896
8811 4 2 1 1 471 459 527 1676
8812 4 2 1 1 1050 1579 1573 1895
8813 4 2 1 1 1527 1610 1026 1622
8814 4 2 1 1 692 800 910 1874
8815 4 2 1 1 459 1676 471 1883
8816 4 2 1 1 992 1798 1017 1799
8817 4 2 1 1 934 933 1754 1756
8818 4 2 1 1 850 1318 1599 1600
8819 4 2 1 1 2047 33 6 168
8820 4 2 1 1 768 959 982 1531
8821 4 2 1 1 667 1569 1626 1715
8822 4 2 1 1 599 1043 332 1301
8823 4 2 1 1 731 1609 1834 1378
8824 4 2 1 1 562 445 489 1827
8825 4 2 1 1 324 1667 311 1799
8826 4 2 1 1 194 195 208 1483
8827 4 2 1 1 1283 1259 808 953
8828 4 2 1 1 1582 477 1496 1742
8829 4 2 1 1 1106 1472 1204 1920
8830 4 2 1 1 25 238 248 1165
8831 4 2 1 1 521 591 616 1474
8832 4 2 1 1 677 861 1192 1744
8833 4 2 1 1 1832 1968 582 989
8834 4 2 1 1 160 2007 1664 164
8835 4 2 1 1 1496 1497 321 1939
8836 4 2 1 1 962 769 1434 1957
8837 4 2 1 1 668 1025 1008 1860
8838 4 2 1 1 964 1132 946 697
8839 4 2 1 1 998 1564 923 1699
8840 4 2 1 1 460 495 496 1784
8841 4 2 1 1 718 1039 1193 1095
8842 4 2 1 1 670 1239 1699 817
8843 4 2 1 1 369 515 390 1819
8844 4 2 1 1 1545 1625 824 1700
8845 4 2 1 1 162 1383 1974 158
8846 4 2 1 1 769 1732 1389 1407
8847 4 2 1 1 989 1859 842 1969
8848 4 2 1 1 378 380 381 1665
8849 4 2 1 1 1048 1264 1660 1886
8850 4 2 1 1 523 1422 584 457
8851 4 2 1 1 682 1351 1775 1314
8852 4 2 1 1 2049 1017 167 1798
8853 4 2 1 1 1627 1668 554 1838
8854 4 2 1 1 560 1613 1022 1850
8855 4 2 1 1 328 598 361 966
8856 4 2 1 1 1230 1515 867 1915
8857 4 2 1 1 153 2013 41 1037
8858 4 2 1 1 687 1277 933 1472
8859 4 2 1 1 2052 40 39 131
8860 4 2 1 1 724 1442 1153 1764
8861 4 2 1 1 705 1430 1710 1897
8862 4 2 1 1 137 139 140 1277
8863 4 2 1 1 589 525 606 1159
8864 4 2 1 1 840 1509 1611 1826
8865 4 2 1 1 840 1459 1320 1663
8866 4 2 1 1 430 520 518 1829
8867 4 2 1 1 176 203 214 827
8868 4 2 1 1 618 1096 1670 1740
8869 4 2 1 1 736 1473 1172 1525
8870 4 2 1 1 933 1754 1755 1781
8871 4 2 1 1 517 413 415 1895
8872 4 2 1 1 360 1761 1062 1982
8873 4 2 1 1 369 390 1640 1819
8874 4 2 1 1 1484 1146 889 1793
8875 4 2 1 1 201 1196 178 1793
8876 4 2 1 1 1489 1559 1001 1890
8877 4 2 1 1 736 1473 1340 1571
8878 4 2 1 1 1260 1546 977 1717
8879 4 2 1 1 946 860 1542 1767
8880 4 2 1 1 1602 1611 834 1826
8881 4 2 1 1 1659 1907 849 999
8882 4 2 1 1 501 502 461 1947
8883 4 2 1 1 112 102 1165 1855
8884 4 2 1 1 1841 1562 1259 899
8885 4 2 1 1 150 1591 852 1773
8886 4 2 1 1 717 885 1341 1796
8887 4 2 1 1 250 1664 236 1752
8888 4 2 1 1 1180 1393 656 1521
8889 4 2 1 1 1328 1713 1115 1979
8890 4 2 1 1 2021 85 1027 1904
8891 4 2 1 1 257 4 69 2051
8892 4 2 1 1 670 1985 1193 1988
8893 4 2 1 1 746 1740 1521 957
8894 4 2 1 1 702 1741 1090 1924
8895 4 2 1 1 296 1881 1151 1959
8896 4 2 1 1 2010 2045 1974 132
8897 4 2 1 1 722 1185 973 1779
8898 4 2 1 1 739 1878 1802 1899
8899 4 2 1 1 1479 1746 1124 901
8900 4 2 1 1 643 1039 1132 1404
8901 4 2 1 1 744 1395 970 1109
8902 4 2 1 1 760 1117 1722 1952
8903 4 2 1 1 1224 1547 754 1739
8904 4 2 1 1 1176 1590 668 1860
8905 4 2 1 1 784 1227 1528 1945
8906 4 2 1 1 106 113 82 1959
8907 4 2 1 1 894 1490 738 1695
8908 4 2 1 1 259 75 3 2040
8909 4 2 1 1 1183 241 73 2037
8910 4 2 1 1 992 1014 1424 1798
8911 4 2 1 1 906 1427 1638 1847
8912 4 2 1 1 898 1684 1605 1727
8913 4 2 1 1 1628 875 1074 696
8914 4 2 1 1 754 1002 1224 1739
8915 4 2 1 1 751 1331 1422 1925
8916 4 2 1 1 1802 1507 1129 1899
8917 4 2 1 1 863 1358 1824 1549
8918 4 2 1 1 1092 1431 1339 1475
8919 4 2 1 1 1251 1626 852 1806
8920 4 2 1 1 759 1431 1494 1991
8921 4 2 1 1 525 524 553 1921
8922 4 2 1 1 387 379 1780 1890
8923 4 2 1 1 768 1671 853 1842
8924 4 2 1 1 922 1806 646 1990
8925 4 2 1 1 597 358 1063 1982
8926 4 2 1 1 1085 662 1192 1718
8927 4 2 1 1 850 1675 1609 1931
8928 4 2 1 1 1222 1741 1555 1924
8929 4 2 1 1 946 1542 1276 1132
8930 4 2 1 1 1254 1512 765 1835
8931 4 2 1 1 495 494 382 1784
8932 4 2 1 1 362 1704 328 1818
8933 4 2 1 1 646 1230 1385 1686
8934 4 2 1 1 1540 1837 790 1925
8935 4 2 1 1 727 1758 1455 1158
8936 4 2 1 1 1194 1531 959 1095
8937 4 2 1 1 1066 1690 1865 1953
8938 4 2 1 1 1605 1727 915 683
8939 4 2 1 1 544 469 1894 537
8940 4 2 1 1 452 1209 442 1926
8941 4 2 1 1 1630 508 372 1207
8942 4 2 1 1 662 1280 1055 1777
8943 4 2 1 1 369 390 368 1640
8944 4 2 1 1 959 1326 1671 1714
8945 4 2 1 1 1244 1680 1593 1458
8946 4 2 1 1 297 1662 277 1881
8947 4 2 1 1 324 79 311 1667
8948 4 2 1 1 1398 1425 1010 1457
8949 4 2 1 1 861 1136 912 1333
8950 4 2 1 1 618 1792 1326 824
8951 4 2 1 1 823 1765 1554 1894
8952 4 2 1 1 115 124 21 1151
8953 4 2 1 1 269 263 54 1810
8954 4 2 1 1 752 995 1190 1757
8955 4 2 1 1 1555 1747 1222 1924
8956 4 2 1 1 571 1613 475 1703
8957 4 2 1 1 773 1650 1188 1698
8958 4 2 1 1 682 1700 1351 1844
8959 4 2 1 1 905 1306 1768 1992
8960 4 2 1 1 66 2016 65 310
8961 4 2 1 1 628 1843 1101 1967
8962 4 2 1 1 632 1398 1010 1457
8963 4 2 1 1 200 2014 58 207
8964 4 2 1 1 531 597 1063 1820
8965 4 2 1 1 654 1064 1031 1782
8966 4 2 1 1 330 1595 813 1996
8967 4 2 1 1 153 785 126 136
8968 4 2 1 1 626 1612 1264 1805
8969 4 2 1 1 987 1488 1233 1858
8970 4 2 1 1 1431 724 1092 1863
8971 4 2 1 1 640 1261 1239 832
8972 4 2 1 1 729 1688 1203 1862
8973 4 2 1 1 235 218 237 1937
8974 4 2 1 1 336 572 335 791
8975 4 2 1 1 905 1768 1258 1992
8976 4 2 1 1 1006 1522 678 756
8977 4 2 1 1 1702 1804 1355 907
8978 4 2 1 1 623 1922 1289 1584
8979 4 2 1 1 287 267 281 1596
8980 4 2 1 1 877 1209 1926 1933
8981 4 2 1 1 559 514 522 1820
8982 4 2 1 1 1754 1848 1755 645
8983 4 2 1 1 1194 1239 959 1531
8984 4 2 1 1 593 606 1159 1477
8985 4 2 1 1 151 2010 54 1810
8986 4 2 1 1 162 1383 158 142
8987 4 2 1 1 739 1068 1802 1975
8988 4 2 1 1 1416 1436 860 1896
8989 4 2 1 1 418 1618 417 1816
8990 4 2 1 1 531 358 330 1063
8991 4 2 1 1 471 474 1883 1968
8992 4 2 1 1 852 903 1506 1806
8993 4 2 1 1 816 1263 1184 1803
8994 4 2 1 1 246 245 234 1368
8995 4 2 1 1 843 1069 1212 1801
8996 4 2 1 1 346 1628 1052 1850
8997 4 2 1 1 983 1831 1212 1976
8998 4 2 1 1 1884 83 23 119
8999 4 2 1 1 1492 1679 460 1784
9000 4 2 1 1 854 1609 1246 1675
9001 4 2 1 1 345 17 307 1850
9002 4 2 1 1 307 612 345 1850
9003 4 2 1 1 644 1649 1100 1863
9004 4 2 1 1 1102 1870 1028 1920
9005 4 2 1 1 1454 781 1291 1997
9006 4 2 1 1 174 211 197 1793
9007 4 2 1 1 1102 1148 738 1632
9008 4 2 1 1 698 1346 1345 973
9009 4 2 1 1 850 1599 980 1931
9010 4 2 1 1 790 1127 1111 1615
9011 4 2 1 1 921 1636 1077 1944
9012 4 2 1 1 1074 1767 875 1909
9013 4 2 1 1 1702 1804 907 1639
9014 4 2 1 1 1535 1536 1162 1803
9015 4 2 1 1 802 1811 1595 1913
9016 4 2 1 1 564 555 317 1174
9017 4 2 1 1 802 1350 1729 1730
9018 4 2 1 1 739 951 1878 1899
9019 4 2 1 1 1964 1572 943 1955
9020 4 2 1 1 846 1232 1430 1717
9021 4 2 1 1 1147 1683 835 868
9022 4 2 1 1 282 1881 277 1919
9023 4 2 1 1 1218 1510 832 1527
9024 4 2 1 1 630 1117 794 1998
9025 4 2 1 1 322 994 615 1582
9026 4 2 1 1 810 1564 1208 998
9027 4 2 1 1 1167 743 1630 1440
9028 4 2 1 1 2009 193 203 13
9029 4 2 1 1 236 250 251 1664
9030 4 2 1 1 871 637 1653 1984
9031 4 2 1 1 910 1855 1469 1874
9032 4 2 1 1 148 2015 129 36
9033 4 2 1 1 887 1335 1321 1349
9034 4 2 1 1 15 2028 125 2042
9035 4 2 1 1 501 380 377 1692
9036 4 2 1 1 586 348 554 1627
9037 4 2 1 1 392 402 503 1308
9038 4 2 1 1 230 227 253 1973
9039 4 2 1 1 150 163 852 1225
9040 4 2 1 1 650 1020 1519 1844
9041 4 2 1 1 567 1432 1074 1909
9042 4 2 1 1 1800 1992 665 1768
9043 4 2 1 1 599 333 600 1043
9044 4 2 1 1 778 1150 933 1505
9045 4 2 1 1 852 1506 1381 1806
9046 4 2 1 1 725 1863 1649 1864
9047 4 2 1 1 1016 1258 1768 1951
9048 4 2 1 1 1077 1662 712 1919
9049 4 2 1 1 79 224 220 1667
9050 4 2 1 1 1155 1841 1447 1892
9051 4 2 1 1 1030 1326 853 1712
9052 4 2 1 1 655 1625 1770 1778
9053 4 2 1 1 678 1281 1311 756
9054 4 2 1 1 573 530 1318 1600
9055 4 2 1 1 1052 1613 1245 1838
9056 4 2 1 1 627 752 1382 1874
9057 4 2 1 1 716 1455 1507 1736
9058 4 2 1 1 1053 1551 1401 1693
9059 4 2 1 1 1034 1563 1476 1943
9060 4 2 1 1 757 1972 1257 1978
9061 4 2 1 1 2025 215 68 175
9062 4 2 1 1 1287 649 1690 1865
9063 4 2 1 1 765 850 1599 1600
9064 4 2 1 1 787 1388 1187 1632
9065 4 2 1 1 333 599 594 1043
9066 4 2 1 1 764 1138 1734 1501
9067 4 2 1 1 141 139 142 1383
9068 4 2 1 1 582 344 575 1832
9069 4 2 1 1 180 986 973 1779
9070 4 2 1 1 1975 1801 1069 843
9071 4 2 1 1 977 1594 1430 1710
9072 4 2 1 1 277 1881 1662 1919
9073 4 2 1 1 22 115 1884 119
9074 4 2 1 1 153 785 136 1591
9075 4 2 1 1 1470 1772 679 1294
9076 4 2 1 1 884 1107 1791 1954
9077 4 2 1 1 899 1454 1375 1997
9078 4 2 1 1 363 365 364 1362
9079 4 2 1 1 122 3 20 2040
9080 4 2 1 1 1111 546 1367 547
9081 4 2 1 1 643 1439 1023 810
9082 4 2 1 1 567 348 1074 1432
9083 4 2 1 1 718 1326 1030 1712
9084 4 2 1 1 1083 1930 1370 919
9085 4 2 1 1 644 1682 1072 1817
9086 4 2 1 1 441 1703 475 1838
9087 4 2 1 1 337 1127 568 1423
9088 4 2 1 1 551 591 521 1687
9089 4 2 1 1 136 1225 150 1591
9090 4 2 1 1 1544 1699 1239 817
9091 4 2 1 1 457 434 522 1036
9092 4 2 1 1 1032 1629 1589 1957
9093 4 2 1 1 217 2033 245 71
9094 4 2 1 1 654 1803 1031 1978
9095 4 2 1 1 549 477 1171 1496
9096 4 2 1 1 1754 1848 645 1450
9097 4 2 1 1 325 324 311 1799
9098 4 2 1 1 86 827 105 1439
9099 4 2 1 1 308 585 603 1996
9100 4 2 1 1 654 1536 1535 1803
9101 4 2 1 1 1423 1422 1568 1925
9102 4 2 1 1 200 59 58 2031
9103 4 2 1 1 362 361 359 1818
9104 4 2 1 1 677 216 1718 1912
9105 4 2 1 1 724 1442 1092 1490
9106 4 2 1 1 1750 1581 620 1751
9107 4 2 1 1 1315 1626 1412 1715
9108 4 2 1 1 710 1463 945 1737
9109 4 2 1 1 276 274 277 1662
9110 4 2 1 1 635 1516 1535 1878
9111 4 2 1 1 740 1582 1340 1893
9112 4 2 1 1 405 1618 406 1942
9113 4 2 1 1 1960 1384 1385 646
9114 4 2 1 1 921 1385 1636 1944
9115 4 2 1 1 947 1637 749 1871
9116 4 2 1 1 650 1395 1712 1749
9117 4 2 1 1 504 407 396 1774
9118 4 2 1 1 790 1568 1540 1925
9119 4 2 1 1 871 1233 1653 637
9120 4 2 1 1 675 1254 1512 862
9121 4 2 1 1 1800 1992 1768 1306
9122 4 2 1 1 417 1618 405 1966
9123 4 2 1 1 268 289 295 1813
9124 4 2 1 1 1926 473 472 1174
9125 4 2 1 1 617 1102 1028 1632
9126 4 2 1 1 361 1380 966 1993
9127 4 2 1 1 773 1188 1650 1980
9128 4 2 1 1 868 1650 1188 1980
9129 4 2 1 1 450 517 516 1579
9130 4 2 1 1 1209 1725 1575 1934
9131 4 2 1 1 949 1594 1200 1710
9132 4 2 1 1 792 1311 1005 1709
9133 4 2 1 1 182 208 181 1483
9134 4 2 1 1 1028 1384 819 1785
9135 4 2 1 1 243 1497 1144 1939
9136 4 2 1 1 829 1242 1213 1190
9137 4 2 1 1 312 1814 335 1815
9138 4 2 1 1 157 1798 167 1017
9139 4 2 1 1 477 451 456 1742
9140 4 2 1 1 655 1282 1625 1778
9141 4 2 1 1 335 2052 581 352
9142 4 2 1 1 1378 850 1609 1931
9143 4 2 1 1 840 1611 1433 1826
9144 4 2 1 1 356 603 330 1996
9145 4 2 1 1 1056 1648 1154 792
9146 4 2 1 1 1446 1802 739 1068
9147 4 2 1 1 665 1768 1258 1951
9148 4 2 1 1 775 1479 1602 1746
9149 4 2 1 1 806 1577 1133 1812
9150 4 2 1 1 635 1516 951 1713
9151 4 2 1 1 230 229 227 1973
9152 4 2 1 1 629 1593 1680 1458
9153 4 2 1 1 152 34 35 1726
9154 4 2 1 1 1476 1943 1563 1420
9155 4 2 1 1 913 1604 1411 1639
9156 4 2 1 1 788 1532 1619 1766
9157 4 2 1 1 198 2016 171 1185
9158 4 2 1 1 442 420 526 1934
9159 4 2 1 1 668 1008 1025 1620
9160 4 2 1 1 590 1097 349 1477
9161 4 2 1 1 669 1748 929 1787
9162 4 2 1 1 488 384 386 1786
9163 4 2 1 1 192 2038 210 1236
9164 4 2 1 1 625 873 1356 1999
9165 4 2 1 1 853 1519 825 1844
9166 4 2 1 1 444 519 534 1391
9167 4 2 1 1 2019 305 1795 292
9168 4 2 1 1 594 337 595 1615
9169 4 2 1 1 160 2007 164 46
9170 4 2 1 1 1416 965 1436 1896
9171 4 2 1 1 789 1250 1235 1711
9172 4 2 1 1 875 1157 753 1464
9173 4 2 1 1 210 173 192 1236
9174 4 2 1 1 1186 872 637 1984
9175 4 2 1 1 705 949 1200 1710
9176 4 2 1 1 111 29 82 2032
9177 4 2 1 1 918 1587 749 1871
9178 4 2 1 1 455 1523 363 1809
9179 4 2 1 1 1628 875 696 1464
9180 4 2 1 1 335 595 336 1423
9181 4 2 1 1 1074 1628 611 1977
9182 4 2 1 1 553 593 525 1921
9183 4 2 1 1 755 1141 1390 1812
9184 4 2 1 1 721 1018 1291 1997
9185 4 2 1 1 164 2043 128 47
9186 4 2 1 1 626 1355 1612 1805
9187 4 2 1 1 1072 858 712 1962
9188 4 2 1 1 923 1699 1544 817
9189 4 2 1 1 172 2031 200 1323
9190 4 2 1 1 157 167 2044 1017
9191 4 2 1 1 499 498 566 1432
9192 4 2 1 1 754 1327 997 1825
9193 4 2 1 1 81 17 108 1850
9194 4 2 1 1 8 74 2048 258
9195 4 2 1 1 933 1472 1277 1505
9196 4 2 1 1 435 426 438 1255
9197 4 2 1 1 189 204 172 1323
9198 4 2 1 1 759 1713 724 1991
9199 4 2 1 1 738 1187 1388 1632
9200 4 2 1 1 32 2051 124 2030
9201 4 2 1 1 864 1203 1688 741
9202 4 2 1 1 640 1544 1131 1601
9203 4 2 1 1 719 1703 1613 1189
9204 4 2 1 1 1484 889 1146 1510
9205 4 2 1 1 1015 1668 1353 1313
9206 4 2 1 1 1518 1227 737 1316
9207 4 2 1 1 822 1450 1149 1546
9208 4 2 1 1 121 110 98 1146
9209 4 2 1 1 607 1174 317 555
9210 4 2 1 1 2048 56 8 169
9211 4 2 1 1 203 826 176 195
9212 4 2 1 1 1050 1573 1325 1895
9213 4 2 1 1 1150 1754 933 1756
9214 4 2 1 1 859 1612 1355 1805
9215 4 2 1 1 830 1412 1583 1586
9216 4 2 1 1 763 1432 1074 1627
9217 4 2 1 1 646 1472 1277 1960
9218 4 2 1 1 1757 1436 901 1533
9219 4 2 1 1 1584 1697 1266 809
9220 4 2 1 1 1666 1869 1237 1981
9221 4 2 1 1 730 1510 1610 1808
9222 4 2 1 1 1120 1841 641 1892
9223 4 2 1 1 608 582 536 989
9224 4 2 1 1 211 889 188 201
9225 4 2 1 1 731 1609 1246 1834
9226 4 2 1 1 582 989 608 1832
9227 4 2 1 1 835 1704 1606 1983
9228 4 2 1 1 340 608 602 989
9229 4 2 1 1 899 781 1454 1997
9230 4 2 1 1 838 1886 1660 1264
9231 4 2 1 1 1528 1830 784 1493
9232 4 2 1 1 910 1481 1354 1901
9233 4 2 1 1 894 1475 1092 1695
9234 4 2 1 1 1139 177 205 1596
9235 4 2 1 1 436 422 435 1675
9236 4 2 1 1 1384 1472 1204 1990
9237 4 2 1 1 989 1968 536 1969
9238 4 2 1 1 379 388 502 1559
9239 4 2 1 1 308 1037 585 1996
9240 4 2 1 1 1237 1666 873 1869
9241 4 2 1 1 841 1285 1677 1758
9242 4 2 1 1 261 2031 59 2003
9243 4 2 1 1 376 375 373 1907
9244 4 2 1 1 440 432 441 1816
9245 4 2 1 1 1519 651 1875 1842
9246 4 2 1 1 806 1133 1390 1812
9247 4 2 1 1 736 1340 1473 1474
9248 4 2 1 1 1162 1408 816 1536
9249 4 2 1 1 2047 62 6 213
9250 4 2 1 1 505 374 375 1907
9251 4 2 1 1 2022 1022 108 1850
9252 4 2 1 1 787 1388 1632 1920
9253 4 2 1 1 525 1159 1704 1921
9254 4 2 1 1 750 1252 1854 1953
9255 4 2 1 1 617 1622 1119 1766
9256 4 2 1 1 226 253 227 1105
9257 4 2 1 1 599 334 594 1367
9258 4 2 1 1 1470 1976 1772 1294
9259 4 2 1 1 1678 1426 645 1224
9260 4 2 1 1 643 1194 1039 1095
9261 4 2 1 1 788 1100 1817 1682
9262 4 2 1 1 1142 855 1750 1856
9263 4 2 1 1 1016 1769 1258 1945
9264 4 2 1 1 915 1549 1310 916
9265 4 2 1 1 159 2038 148 37
9266 4 2 1 1 825 1519 853 1842
9267 4 2 1 1 542 479 1042 1742
9268 4 2 1 1 756 1533 1572 1436
9269 4 2 1 1 399 397 398 898
9270 4 2 1 1 1400 1776 863 1099
9271 4 2 1 1 1004 1737 1398 1811
9272 4 2 1 1 9 2 123 2046
9273 4 2 1 1 730 1218 1119 1527
9274 4 2 1 1 1157 556 1977 317
9275 4 2 1 1 1439 1369 91 810
9276 4 2 1 1 1031 716 1535 1782
9277 4 2 1 1 1198 1498 1395 1499
9278 4 2 1 1 481 537 462 1894
9279 4 2 1 1 617 1330 1028 762
9280 4 2 1 1 903 1225 852 1506
9281 4 2 1 1 829 1213 1748 1190
9282 4 2 1 1 665 1258 1768 1992
9283 4 2 1 1 788 1620 1619 1843
9284 4 2 1 1 840 1459 1433 1611
9285 4 2 1 1 696 1627 1074 1628
9286 4 2 1 1 582 575 474 1832
9287 4 2 1 1 837 1484 1510 1808
9288 4 2 1 1 1382 1904 1906 1027
9289 4 2 1 1 820 1494 1431 1991
9290 4 2 1 1 825 1671 1740 1842
9291 4 2 1 1 644 1100 1649 1682
9292 4 2 1 1 628 1619 1131 1620
9293 4 2 1 1 1184 1802 1059 1975
9294 4 2 1 1 1101 1843 1682 1967
9295 4 2 1 1 994 1893 1744 1911
9296 4 2 1 1 116 1196 28 111
9297 4 2 1 1 984 1721 1119 1766
9298 4 2 1 1 880 819 1384 1938
9299 4 2 1 1 93 1469 1855 109
9300 4 2 1 1 1076 1672 1435 1825
9301 4 2 1 1 2006 83 120 24
9302 4 2 1 1 388 392 502 1559
9303 4 2 1 1 271 281 286 1515
9304 4 2 1 1 765 1599 1378 1623
9305 4 2 1 1 362 1362 1704 1818
9306 4 2 1 1 207 57 212 2014
9307 4 2 1 1 802 1595 1063 1820
9308 4 2 1 1 235 783 237 228
9309 4 2 1 1 736 1687 1477 1911
9310 4 2 1 1 590 1477 1687 1911
9311 4 2 1 1 325 1993 1799 326
9312 4 2 1 1 123 2 27 2046
9313 4 2 1 1 1622 1636 1026 1785
9314 4 2 1 1 423 401 490 1724
9315 4 2 1 1 180 1346 199 183
9316 4 2 1 1 725 820 1863 1991
9317 4 2 1 1 503 1554 461 1947
9318 4 2 1 1 646 1472 1384 1990
9319 4 2 1 1 626 1612 1355 943
9320 4 2 1 1 965 1572 1071 1533
9321 4 2 1 1 130 157 154 1424
9322 4 2 1 1 1528 1830 1493 859
9323 4 2 1 1 1106 794 1914 1998
9324 4 2 1 1 1285 749 1587 1871
9325 4 2 1 1 1059 1802 1446 1068
9326 4 2 1 1 657 1148 1695 940
9327 4 2 1 1 654 1064 1257 1978
9328 4 2 1 1 910 1267 692 1874
9329 4 2 1 1 913 1411 676 1639
9330 4 2 1 1 497 419 460 1492
9331 4 2 1 1 1676 1883 932 1968
9332 4 2 1 1 2018 49 157 165
9333 4 2 1 1 148 2015 36 2038
9334 4 2 1 1 688 1321 1335 1972
9335 4 2 1 1 1528 1830 859 1227
9336 4 2 1 1 1204 1472 1106 1756
9337 4 2 1 1 1072 1682 788 1817
9338 4 2 1 1 971 1514 1375 1948
9339 4 2 1 1 116 110 88 1196
9340 4 2 1 1 1777 1648 725 1056
9341 4 2 1 1 1026 1622 1610 1636
9342 4 2 1 1 1377 867 1810 1974
9343 4 2 1 1 970 1882 1110 1889
9344 4 2 1 1 910 628 1481 1901
9345 4 2 1 1 451 456 1742 1747
9346 4 2 1 1 1299 1204 1849 1914
9347 4 2 1 1 723 1010 1482 1642
9348 4 2 1 1 283 277 282 1881
9349 4 2 1 1 1136 1333 861 1744
9350 4 2 1 1 751 1423 1127 1925
9351 4 2 1 1 661 1405 942 1849
9352 4 2 1 1 201 207 178 1196
9353 4 2 1 1 412 400 445 1604
9354 4 2 1 1 794 1405 1268 1870
9355 4 2 1 1 642 1420 1691 1923
9356 4 2 1 1 931 1691 1420 1923
9357 4 2 1 1 1027 1469 109 1855
9358 4 2 1 1 477 456 1171 1742
9359 4 2 1 1 1020 1499 1314 1844
9360 4 2 1 1 853 1326 1671 1095
9361 4 2 1 1 1282 1550 824 1905
9362 4 2 1 1 1447 1841 1120 1892
9363 4 2 1 1 131 1773 159 1815
9364 4 2 1 1 758 1476 1563 1420
9365 4 2 1 1 442 1926 1209 1934
9366 4 2 1 1 803 1832 1189 1882
9367 4 2 1 1 279 273 270 1377
9368 4 2 1 1 1196 123 27 2046
9369 4 2 1 1 1127 1423 337 1615
9370 4 2 1 1 1005 1709 1240 1856
9371 4 2 1 1 2016 2023 588 1185
9372 4 2 1 1 879 645 1463 1848
9373 4 2 1 1 877 1926 1174 1933
9374 4 2 1 1 649 1599 1378 1931
9375 4 2 1 1 566 348 1432 1627
9376 4 2 1 1 1464 1628 612 1850
9377 4 2 1 1 1595 1913 1004 1037
9378 4 2 1 1 477 456 540 1171
9379 4 2 1 1 856 1180 1666 1356
9380 4 2 1 1 531 1063 1595 1820
9381 4 2 1 1 421 426 422 1738
9382 4 2 1 1 159 2038 37 2017
9383 4 2 1 1 152 35 129 1726
9384 4 2 1 1 944 675 1900 1367
9385 4 2 1 1 1265 1528 1016 1951
9386 4 2 1 1 93 1469 109 90
9387 4 2 1 1 212 57 2 2046
9388 4 2 1 1 618 1326 1670 824
9389 4 2 1 1 944 675 1367 862
9390 4 2 1 1 1242 678 1522 756
9391 4 2 1 1 199 192 183 1346
9392 4 2 1 1 6 51 2047 168
9393 4 2 1 1 840 1433 1361 1826
9394 4 2 1 1 2005 220 80 260
9395 4 2 1 1 719 1703 1189 803
9396 4 2 1 1 1572 1955 1071 756
9397 4 2 1 1 525 1704 524 1921
9398 4 2 1 1 933 1505 1150 1756
9399 4 2 1 1 1945 1528 1016 733
9400 4 2 1 1 140 143 1381 1686
9401 4 2 1 1 918 1871 1637 1961
9402 4 2 1 1 1131 1619 984 1620
9403 4 2 1 1 290 280 275 1794
9404 4 2 1 1 1133 1577 949 1812
9405 4 2 1 1 1072 1616 1418 1817
9406 4 2 1 1 240 221 248 1165
9407 4 2 1 1 550 1042 479 1582
9408 4 2 1 1 1518 737 1227 1264
9409 4 2 1 1 309 78 350 1912
9410 4 2 1 1 860 1436 1708 1896
9411 4 2 1 1 136 126 135 785
9412 4 2 1 1 516 390 515 1819
9413 4 2 1 1 974 647 1752 1877
9414 4 2 1 1 1014 1798 992 1993
9415 4 2 1 1 667 1626 1315 1715
9416 4 2 1 1 642 1691 1420 1873
9417 4 2 1 1 366 519 444 1391
9418 4 2 1 1 883 1348 1033 1469
9419 4 2 1 1 108 1023 1022 1439
9420 4 2 1 1 647 974 1418 1877
9421 4 2 1 1 550 542 479 1042
9422 4 2 1 1 310 539 592 1301
9423 4 2 1 1 76 321 579 1497
9424 4 2 1 1 1074 1432 348 1627
9425 4 2 1 1 185 1135 182 184
9426 4 2 1 1 318 316 313 1906
9427 4 2 1 1 474 558 470 1883
9428 4 2 1 1 227 225 226 1085
9429 4 2 1 1 921 1026 1636 1785
9430 4 2 1 1 202 175 215 1815
9431 4 2 1 1 825 1844 1519 651
9432 4 2 1 1 631 1337 1549 1837
9433 4 2 1 1 1102 1268 762 1870
9434 4 2 1 1 68 2036 215 2025
9435 4 2 1 1 656 1580 1351 1775
9436 4 2 1 1 520 550 521 1829
9437 4 2 1 1 1209 1933 1725 1934
9438 4 2 1 1 842 1859 1318 1969
9439 4 2 1 1 380 501 383 1692
9440 4 2 1 1 591 323 590 1687
9441 4 2 1 1 101 1151 1987 117
9442 4 2 1 1 646 1277 1472 1505
9443 4 2 1 1 151 1810 158 1974
9444 4 2 1 1 757 1678 967 645
9445 4 2 1 1 927 1436 965 1896
9446 4 2 1 1 990 314 340 342
9447 4 2 1 1 767 1696 1569 1710
9448 4 2 1 1 1196 123 116 27
9449 4 2 1 1 488 386 411 1411
9450 4 2 1 1 2016 2023 198 65
9451 4 2 1 1 229 232 235 1341
9452 4 2 1 1 1196 288 294 28
9453 4 2 1 1 668 1026 1527 1610
9454 4 2 1 1 1780 509 508 387
9455 4 2 1 1 471 474 470 1883
9456 4 2 1 1 1722 1952 1107 1954
9457 4 2 1 1 1425 1737 945 1457
9458 4 2 1 1 63 991 176 827
9459 4 2 1 1 176 63 64 991
9460 4 2 1 1 324 1097 349 350
9461 4 2 1 1 1010 1168 723 1398
9462 4 2 1 1 307 18 556 1464
9463 4 2 1 1 282 273 299 1919
9464 4 2 1 1 1591 1655 1037 1398
9465 4 2 1 1 835 1921 1704 1983
9466 4 2 1 1 1097 815 1477 1911
9467 4 2 1 1 493 492 583 1823
9468 4 2 1 1 83 102 100 1354
9469 4 2 1 1 1529 683 939 1965
9470 4 2 1 1 125 2042 827 86
9471 4 2 1 1 2026 259 2040 75
9472 4 2 1 1 1218 873 730 1237
9473 4 2 1 1 1528 1830 1227 784
9474 4 2 1 1 160 2007 46 2041
9475 4 2 1 1 894 738 1148 1695
9476 4 2 1 1 794 1102 1268 1387
9477 4 2 1 1 203 826 195 1220
9478 4 2 1 1 708 1070 1941 1979
9479 4 2 1 1 1396 1886 838 1264
9480 4 2 1 1 628 1619 1620 1843
9481 4 2 1 1 2019 52 156 133
9482 4 2 1 1 104 95 118 1178
9483 4 2 1 1 227 1105 253 1973
9484 4 2 1 1 826 1694 1519 1875
9485 4 2 1 1 1016 1768 1265 1951
9486 4 2 1 1 231 229 230 1973
9487 4 2 1 1 818 1754 1450 1756
9488 4 2 1 1 137 163 1225 1506
9489 4 2 1 1 738 1695 1490 1817
9490 4 2 1 1 695 1601 1544 1916
9491 4 2 1 1 561 540 456 1555
9492 4 2 1 1 617 1616 1148 1632
9493 4 2 1 1 565 359 596 1867
9494 4 2 1 1 1849 1920 1914 1204
9495 4 2 1 1 1188 1845 868 1980
9496 4 2 1 1 597 358 531 1063
9497 4 2 1 1 157 165 147 1163
9498 4 2 1 1 996 1752 647 1877
9499 4 2 1 1 331 531 585 1595
9500 4 2 1 1 156 133 155 1915
9501 4 2 1 1 593 553 534 1921
9502 4 2 1 1 686 1756 1505 1990
9503 4 2 1 1 1036 723 1279 1913
9504 4 2 1 1 984 1119 1527 1766
9505 4 2 1 1 611 1909 1074 1977
9506 4 2 1 1 322 994 1496 1939
9507 4 2 1 1 1135 1839 897 1840
9508 4 2 1 1 231 230 233 1324
9509 4 2 1 1 611 1074 348 1627
9510 4 2 1 1 1991 1750 1056 1494
9511 4 2 1 1 327 576 1014 1993
9512 4 2 1 1 1015 1703 441 1838
9513 4 2 1 1 752 1190 1561 1757
9514 4 2 1 1 725 820 1648 1863
9515 4 2 1 1 1035 802 1730 1820
9516 4 2 1 1 645 1149 1426 1450
9517 4 2 1 1 635 1448 951 1878
9518 4 2 1 1 163 852 1225 1506
9519 4 2 1 1 812 1716 1702 1639
9520 4 2 1 1 185 1484 1483 1808
9521 4 2 1 1 714 1150 1546 1848
9522 4 2 1 1 66 2024 1779 592
9523 4 2 1 1 417 406 405 1618
9524 4 2 1 1 806 1357 1356 1390
9525 4 2 1 1 930 812 1747 1090
9526 4 2 1 1 551 521 550 1687
9527 4 2 1 1 739 1802 1446 1899
9528 4 2 1 1 760 1645 1401 1116
9529 4 2 1 1 985 1638 1347 1847
9530 4 2 1 1 721 1291 781 1997
9531 4 2 1 1 530 310 529 1318
9532 4 2 1 1 643 1039 1404 1918
9533 4 2 1 1 569 360 543 1761
9534 4 2 1 1 760 1952 1722 1954
9535 4 2 1 1 83 101 119 1884
9536 4 2 1 1 1925 1615 1423 1127
9537 4 2 1 1 1356 1869 729 1999
9538 4 2 1 1 1294 1702 1090 1964
9539 4 2 1 1 1102 1268 1387 1971
9540 4 2 1 1 451 429 437 1851
9541 4 2 1 1 526 567 473 1934
9542 4 2 1 1 618 1671 1714 1740
9543 4 2 1 1 903 1505 778 1506
9544 4 2 1 1 134 130 154 1424
9545 4 2 1 1 912 1240 678 1731
9546 4 2 1 1 823 1219 1789 1894
9547 4 2 1 1 1102 1028 1632 1920
9548 4 2 1 1 768 959 1531 1095
9549 4 2 1 1 1256 1735 951 1899
9550 4 2 1 1 821 1455 1735 1736
9551 4 2 1 1 1614 1738 1214 1986
9552 4 2 1 1 691 1629 769 1957
9553 4 2 1 1 112 109 102 1855
9554 4 2 1 1 532 1052 1627 1838
9555 4 2 1 1 1925 1615 1127 790
9556 4 2 1 1 425 452 489 1936
9557 4 2 1 1 1022 1404 1613 1918
9558 4 2 1 1 803 1598 1413 1832
9559 4 2 1 1 2025 68 67 175
9560 4 2 1 1 470 1654 459 1883
9561 4 2 1 1 695 1320 1509 1611
9562 4 2 1 1 2025 215 175 1815
9563 4 2 1 1 1909 1933 847 1787
9564 4 2 1 1 669 929 1436 1787
9565 4 2 1 1 331 522 514 1820
9566 4 2 1 1 333 335 600 1814
9567 4 2 1 1 479 1582 1042 1742
9568 4 2 1 1 751 1422 1423 1925
9569 4 2 1 1 1200 1412 705 1715
9570 4 2 1 1 290 275 278 1794
9571 4 2 1 1 1076 1010 1634 1970
9572 4 2 1 1 646 1505 1472 1990
9573 4 2 1 1 540 1171 456 1555
9574 4 2 1 1 1552 1666 746 1981
9575 4 2 1 1 1620 1619 1766 788
9576 4 2 1 1 594 595 333 1615
9577 4 2 1 1 696 1052 1627 1628
9578 4 2 1 1 253 240 239 800
9579 4 2 1 1 158 127 144 1810
9580 4 2 1 1 504 461 503 1554
9581 4 2 1 1 1763 1090 930 1924
9582 4 2 1 1 799 1681 1397 1949
9583 4 2 1 1 438 426 577 1255
9584 4 2 1 1 1340 1571 1136 1893
9585 4 2 1 1 1080 746 837 1956
9586 4 2 1 1 1653 637 872 1984
9587 4 2 1 1 873 1666 1393 1356
9588 4 2 1 1 1218 837 746 1956
9589 4 2 1 1 829 1748 1382 1190
9590 4 2 1 1 104 103 84 1220
9591 4 2 1 1 994 1136 1744 1893
9592 4 2 1 1 805 1309 911 1417
9593 4 2 1 1 1299 1352 818 1914
9594 4 2 1 1 894 1695 1148 940
9595 4 2 1 1 605 1127 583 1823
9596 4 2 1 1 357 596 359 1867
9597 4 2 1 1 785 1398 1004 1737
9598 4 2 1 1 1926 473 1174 1934
9599 4 2 1 1 105 103 104 1220
9600 4 2 1 1 682 1498 1198 1499
9601 4 2 1 1 2043 146 128 1937
9602 4 2 1 1 765 1623 1378 1835
9603 4 2 1 1 645 1755 1463 1848
9604 4 2 1 1 595 337 568 1423
9605 4 2 1 1 1802 1507 1899 1031
9606 4 2 1 1 947 749 1285 1871
9607 4 2 1 1 329 2000 42 603
9608 4 2 1 1 1960 1384 646 1472
9609 4 2 1 1 932 980 1676 1968
9610 4 2 1 1 165 147 1163 1937
9611 4 2 1 1 1015 453 1668 1838
9612 4 2 1 1 281 267 292 1795
9613 4 2 1 1 839 1580 1266 1775
9614 4 2 1 1 753 929 1208 1836
9615 4 2 1 1 112 85 109 1027
9616 4 2 1 1 167 44 7 2049
9617 4 2 1 1 583 547 493 1111
9618 4 2 1 1 754 997 1260 1825
9619 4 2 1 1 1072 1616 788 1962
9620 4 2 1 1 148 852 149 1236
9621 4 2 1 1 756 1522 702 1955
9622 4 2 1 1 667 1482 1425 1569
9623 4 2 1 1 796 1660 1262 1437
9624 4 2 1 1 930 1747 1419 1851
9625 4 2 1 1 437 414 1419 1851
9626 4 2 1 1 1535 1536 783 1537
9627 4 2 1 1 786 1679 1492 1784
9628 4 2 1 1 566 348 499 1432
9629 4 2 1 1 364 362 363 1362
9630 4 2 1 1 147 1567 138 1576
9631 4 2 1 1 361 1818 1380 1867
9632 4 2 1 1 992 1263 966 1993
9633 4 2 1 1 2006 102 83 1354
9634 4 2 1 1 101 1151 117 115
9635 4 2 1 1 90 92 93 883
9636 4 2 1 1 1413 1598 932 1832
9637 4 2 1 1 439 426 421 1738
9638 4 2 1 1 1355 1612 859 1908
9639 4 2 1 1 950 1551 1401 1764
9640 4 2 1 1 554 566 500 1668
9641 4 2 1 1 1240 1332 855 1731
9642 4 2 1 1 236 2043 218 1937
9643 4 2 1 1 917 1583 1211 1586
9644 4 2 1 1 1780 509 387 1890
9645 4 2 1 1 722 1779 973 1853
9646 4 2 1 1 350 1097 1911 1912
9647 4 2 1 1 1184 1162 1803 1878
9648 4 2 1 1 1278 1902 1621 1903
9649 4 2 1 1 311 1017 354 1798
9650 4 2 1 1 2023 198 991 1185
9651 4 2 1 1 703 1370 1274 1721
9652 4 2 1 1 453 554 1668 1838
9653 4 2 1 1 1246 1765 823 1894
9654 4 2 1 1 856 1666 1552 1869
9655 4 2 1 1 922 880 1113 1963
9656 4 2 1 1 578 344 608 1189
9657 4 2 1 1 646 1277 1686 1960
9658 4 2 1 1 322 1496 321 1939
9659 4 2 1 1 802 1063 1595 1811
9660 4 2 1 1 520 521 1474 1829
9661 4 2 1 1 1334 888 1583 1946
9662 4 2 1 1 903 1150 1505 1897
9663 4 2 1 1 798 1129 1802 1978
9664 4 2 1 1 618 1451 1452 824
9665 4 2 1 1 489 480 562 1936
9666 4 2 1 1 1071 1522 1955 1964
9667 4 2 1 1 165 2018 48 1937
9668 4 2 1 1 981 1057 1488 1873
9669 4 2 1 1 776 1381 1230 1938
9670 4 2 1 1 2029 167 44 130
9671 4 2 1 1 1737 1811 1004 1996
9672 4 2 1 1 556 1157 1464 1904
9673 4 2 1 1 717 996 1418 1877
9674 4 2 1 1 2019 51 52 133
9675 4 2 1 1 173 191 190 1726
9676 4 2 1 1 322 994 1939 615
9677 4 2 1 1 1241 1522 678 1868
9678 4 2 1 1 1036 1913 1595 1037
9679 4 2 1 1 1840 186 187 184
9680 4 2 1 1 487 393 403 1539
9681 4 2 1 1 729 1357 1356 1999
9682 4 2 1 1 787 1632 1028 1920
9683 4 2 1 1 576 1798 1014 1993
9684 4 2 1 1 738 1388 1102 1632
9685 4 2 1 1 930 812 1090 679
9686 4 2 1 1 711 1387 1268 1971
9687 4 2 1 1 586 554 532 1627
9688 4 2 1 1 1232 1594 1430 1717
9689 4 2 1 1 888 928 1441 1508
9690 4 2 1 1 2025 175 1814 1815
9691 4 2 1 1 1211 700 1583 1946
9692 4 2 1 1 296 266 285 1959
9693 4 2 1 1 361 359 1818 1867
9694 4 2 1 1 1331 631 1540 1837
9695 4 2 1 1 1022 1613 1404 1850
9696 4 2 1 1 449 512 416 1524
9697 4 2 1 1 1065 1828 1319 1928
9698 4 2 1 1 1319 1828 777 1928
9699 4 2 1 1 914 1266 1697 809
9700 4 2 1 1 162 1383 142 146
9701 4 2 1 1 2016 2023 1185 198
9702 4 2 1 1 433 417 485 1966
9703 4 2 1 1 618 1670 1326 1671
9704 4 2 1 1 768 853 1519 1842
9705 4 2 1 1 243 226 216 1718
9706 4 2 1 1 617 1119 1330 762
9707 4 2 1 1 1777 1648 1056 792
9708 4 2 1 1 537 481 469 1894
9709 4 2 1 1 91 92 1348 1369
9710 4 2 1 1 1384 1472 787 1920
9711 4 2 1 1 923 1544 1699 1916
9712 4 2 1 1 716 1507 1031 1736
9713 4 2 1 1 1272 1852 809 1946
9714 4 2 1 1 1668 1313 1015 1245
9715 4 2 1 1 1207 1780 892 1167
9716 4 2 1 1 551 550 1582 1687
9717 4 2 1 1 1521 1666 746 957
9718 4 2 1 1 1297 1883 932 1927
9719 4 2 1 1 818 1053 1551 1998
9720 4 2 1 1 166 155 152 1726
9721 4 2 1 1 463 372 424 1630
9722 4 2 1 1 1880 1471 1140 1180
9723 4 2 1 1 1730 1820 1063 1982
9724 4 2 1 1 977 1546 1260 1696
9725 4 2 1 1 617 1119 919 1766
9726 4 2 1 1 718 1095 1193 959
9727 4 2 1 1 2018 2044 1163 157
9728 4 2 1 1 676 1528 1265 1121
9729 4 2 1 1 407 405 396 1774
9730 4 2 1 1 736 1477 1525 815
9731 4 2 1 1 1422 1655 723 1398
9732 4 2 1 1 677 994 1744 1911
9733 4 2 1 1 560 342 580 1022
9734 4 2 1 1 686 1204 1756 1990
9735 4 2 1 1 277 297 276 1662
9736 4 2 1 1 677 1085 1192 1718
9737 4 2 1 1 2019 281 292 1795
9738 4 2 1 1 697 1302 1635 1994
9739 4 2 1 1 486 399 408 1902
9740 4 2 1 1 839 1700 1351 1775
9741 4 2 1 1 1110 970 1889 1891
9742 4 2 1 1 1680 1039 1038 1891
9743 4 2 1 1 13 14 2009 114
9744 4 2 1 1 1552 1869 1666 1981
9745 4 2 1 1 739 947 1256 1899
9746 4 2 1 1 1595 1811 813 1996
9747 4 2 1 1 540 1555 320 1723
9748 4 2 1 1 614 1157 601 1906
9749 4 2 1 1 618 1670 1671 1740
9750 4 2 1 1 1045 1754 934 1781
9751 4 2 1 1 350 1097 590 1911
9752 4 2 1 1 324 1097 350 1667
9753 4 2 1 1 873 1869 1666 1356
9754 4 2 1 1 573 530 528 1318
9755 4 2 1 1 228 229 1341 1973
9756 4 2 1 1 181 180 182 973
9757 4 2 1 1 751 1837 1331 1925
9758 4 2 1 1 453 1015 441 1838
9759 4 2 1 1 1380 1818 836 1867
9760 4 2 1 1 1303 1516 724 1713
9761 4 2 1 1 736 1477 815 1911
9762 4 2 1 1 2022 86 1022 2042
9763 4 2 1 1 791 1568 1422 1655
9764 4 2 1 1 1097 1667 677 1912
9765 4 2 1 1 200 2014 207 1813
9766 4 2 1 1 859 1612 1428 1908
9767 4 2 1 1 418 417 432 1816
9768 4 2 1 1 858 1843 1101 1901
9769 4 2 1 1 686 1756 1204 1914
9770 4 2 1 1 458 528 527 1676
9771 4 2 1 1 418 406 417 1618
9772 4 2 1 1 625 880 730 1999
9773 4 2 1 1 362 363 1362 1818
9774 4 2 1 1 552 1613 560 1850
9775 4 2 1 1 314 339 64 991
9776 4 2 1 1 41 42 126 2000
9777 4 2 1 1 1064 878 1755 1781
9778 4 2 1 1 270 271 263 1810
9779 4 2 1 1 85 2021 19 1904
9780 4 2 1 1 667 1425 1482 1398
9781 4 2 1 1 966 1336 1606 1983
9782 4 2 1 1 387 388 379 1890
9783 4 2 1 1 970 1712 1395 1749
9784 4 2 1 1 1606 1704 966 1983
9785 4 2 1 1 1575 1725 847 1934
9786 4 2 1 1 1020 1519 1844 651
9787 4 2 1 1 511 510 538 1440
9788 4 2 1 1 473 1909 1174 1934
9789 4 2 1 1 816 992 1263 1803
9790 4 2 1 1 315 2021 1906 1904
9791 4 2 1 1 760 1647 1305 1954
9792 4 2 1 1 791 1591 1315 1655
9793 4 2 1 1 315 1157 1904 1906
9794 4 2 1 1 1648 1649 725 1863
9795 4 2 1 1 478 452 1926 1936
9796 4 2 1 1 574 441 533 1703
9797 4 2 1 1 89 18 81 1904
9798 4 2 1 1 1334 1508 888 1946
9799 4 2 1 1 1906 761 318 1723
9800 4 2 1 1 174 193 194 1220
9801 4 2 1 1 818 1551 1053 1917
9802 4 2 1 1 186 185 184 1808
9803 4 2 1 1 1475 940 894 1971
9804 4 2 1 1 145 139 138 1567
9805 4 2 1 1 301 280 290 1794
9806 4 2 1 1 1204 1756 1106 1914
9807 4 2 1 1 708 1448 1070 1979
9808 4 2 1 1 1470 983 1976 1294
9809 4 2 1 1 91 1023 1439 810
9810 4 2 1 1 1362 1809 836 1818
9811 4 2 1 1 131 1591 150 1773
9812 4 2 1 1 473 1174 607 555
9813 4 2 1 1 132 56 55 2045
9814 4 2 1 1 729 1203 1357 1862
9815 4 2 1 1 856 1745 1530 1356
9816 4 2 1 1 95 92 118 1369
9817 4 2 1 1 401 391 490 1724
9818 4 2 1 1 917 1540 830 1586
9819 4 2 1 1 1798 1799 992 1993
9820 4 2 1 1 927 1708 1436 1896
9821 4 2 1 1 1802 1803 1978 1031
9822 4 2 1 1 768 853 1671 1095
9823 4 2 1 1 211 889 201 1793
9824 4 2 1 1 836 1809 1062 1867
9825 4 2 1 1 106 87 117 1959
9826 4 2 1 1 611 567 348 1074
9827 4 2 1 1 1133 1577 806 1963
9828 4 2 1 1 444 553 524 1921
9829 4 2 1 1 1519 1875 651 826
9830 4 2 1 1 171 973 180 181
9831 4 2 1 1 752 1382 1469 1836
9832 4 2 1 1 813 1595 1063 1811
9833 4 2 1 1 886 769 1629 1957
9834 4 2 1 1 940 762 1689 919
9835 4 2 1 1 886 1434 769 1957
9836 4 2 1 1 397 399 446 898
9837 4 2 1 1 1914 794 1352 1998
9838 4 2 1 1 365 363 455 1523
9839 4 2 1 1 625 880 1113 961
9840 4 2 1 1 331 523 522 1036
9841 4 2 1 1 752 1190 1382 1836
9842 4 2 1 1 552 1052 1613 1850
9843 4 2 1 1 176 64 198 991
9844 4 2 1 1 149 150 163 852
9845 4 2 1 1 349 324 325 1799
9846 4 2 1 1 532 552 1052 1838
9847 4 2 1 1 547 1111 583 1615
9848 4 2 1 1 1015 1313 1244 1245
9849 4 2 1 1 1015 1245 1703 1838
9850 4 2 1 1 888 1412 1334 1583
9851 4 2 1 1 157 147 154 1163
9852 4 2 1 1 1128 798 1336 1972
9853 4 2 1 1 631 1310 1549 916
9854 4 2 1 1 970 1712 1749 1889
9855 4 2 1 1 945 1457 1463 1848
9856 4 2 1 1 1027 829 1906 1382
9857 4 2 1 1 217 2033 71 2002
9858 4 2 1 1 992 1799 1263 1993
9859 4 2 1 1 1037 1591 791 1655
9860 4 2 1 1 1475 1695 894 940
9861 4 2 1 1 1190 1748 1382 1836
9862 4 2 1 1 718 1326 1712 1095
9863 4 2 1 1 334 1301 548 1367
9864 4 2 1 1 459 470 469 1654
9865 4 2 1 1 472 1174 564 1926
9866 4 2 1 1 437 1419 1747 1851
9867 4 2 1 1 468 1902 486 428
9868 4 2 1 1 361 966 598 1993
9869 4 2 1 1 821 1507 1455 1736
9870 4 2 1 1 930 812 679 1419
9871 4 2 1 1 530 548 539 1301
9872 4 2 1 1 721 865 1502 781
9873 4 2 1 1 1502 865 1155 781
9874 4 2 1 1 193 195 194 1220
9875 4 2 1 1 686 1897 922 1990
9876 4 2 1 1 767 1200 1594 1710
9877 4 2 1 1 217 234 245 1368
9878 4 2 1 1 1071 1522 756 1955
9879 4 2 1 1 791 1422 1037 1655
9880 4 2 1 1 1341 1796 885 1973
9881 4 2 1 1 778 1505 1277 1506
9882 4 2 1 1 1412 1626 705 1715
9883 4 2 1 1 2022 16 17 108
9884 4 2 1 1 617 1330 1622 1785
9885 4 2 1 1 1441 1697 928 623
9886 4 2 1 1 678 1240 1709 1731
9887 4 2 1 1 368 367 369 1640
9888 4 2 1 1 1008 1901 858 1987
9889 4 2 1 1 230 253 1324 1973
9890 4 2 1 1 470 459 471 1883
9891 4 2 1 1 120 112 102 1165
9892 4 2 1 1 653 1525 868 1983
9893 4 2 1 1 944 675 862 1254
9894 4 2 1 1 360 1062 596 1982
9895 4 2 1 1 66 2024 179 1779
9896 4 2 1 1 1438 1441 1009 623
9897 4 2 1 1 243 221 240 1145
9898 4 2 1 1 318 1723 316 1906
9899 4 2 1 1 630 1551 1401 1998
9900 4 2 1 1 1571 1744 1136 1893
9901 4 2 1 1 566 554 348 1627
9902 4 2 1 1 437 1419 482 1747
9903 4 2 1 1 834 1603 1602 1746
9904 4 2 1 1 346 1627 611 586
9905 4 2 1 1 543 1761 360 1982
9906 4 2 1 1 684 1642 1543 1010
9907 4 2 1 1 644 1863 1490 1864
9908 4 2 1 1 719 1245 1052 1613
9909 4 2 1 1 1802 1878 1031 1899
9910 4 2 1 1 532 1627 554 1838
9911 4 2 1 1 980 1968 989 1969
9912 4 2 1 1 1960 867 1383 1686
9913 4 2 1 1 765 1512 1254 862
9914 4 2 1 1 652 1075 1273 1981
9915 4 2 1 1 719 1882 1749 1889
9916 4 2 1 1 117 113 106 1959
9917 4 2 1 1 611 348 586 1627
9918 4 2 1 1 909 775 1603 1746
9919 4 2 1 1 2022 108 17 1850
9920 4 2 1 1 297 277 296 1881
9921 4 2 1 1 1378 1599 850 1931
9922 4 2 1 1 553 444 534 1921
9923 4 2 1 1 646 1686 1385 1960
9924 4 2 1 1 723 1655 1482 1398
9925 4 2 1 1 744 1199 1395 1109
9926 4 2 1 1 2020 2029 1798 576
9927 4 2 1 1 130 2029 167 1798
9928 4 2 1 1 888 1508 1441 1946
9929 4 2 1 1 847 1725 1933 1934
9930 4 2 1 1 744 970 1749 1882
9931 4 2 1 1 719 1039 1110 1889
9932 4 2 1 1 428 408 427 1902
9933 4 2 1 1 1184 1846 1162 1878
9934 4 2 1 1 858 1008 1843 1901
9935 4 2 1 1 565 596 360 1062
9936 4 2 1 1 2020 43 134 130
9937 4 2 1 1 1191 1846 815 1975
9938 4 2 1 1 821 1736 1735 1899
9939 4 2 1 1 739 1448 1191 1846
9940 4 2 1 1 1148 1616 738 1632
9941 4 2 1 1 271 280 281 1515
9942 4 2 1 1 560 2022 345 1850
9943 4 2 1 1 1190 929 1748 1836
9944 4 2 1 1 765 862 944 1600
9945 4 2 1 1 1068 1871 1698 1961
9946 4 2 1 1 752 1033 1561 1836
9947 4 2 1 1 584 338 572 1037
9948 4 2 1 1 140 141 143 1686
9949 4 2 1 1 315 1157 1906 601
9950 4 2 1 1 646 1384 1385 1938
9951 4 2 1 1 179 986 180 1779
9952 4 2 1 1 643 1194 1531 810
9953 4 2 1 1 340 602 314 991
9954 4 2 1 1 725 1777 1056 1991
9955 4 2 1 1 1277 1383 1686 1960
9956 4 2 1 1 1075 1237 1869 1981
9957 4 2 1 1 2022 86 2042 16
9958 4 2 1 1 597 587 358 1982
9959 4 2 1 1 387 379 376 1780
9960 4 2 1 1 810 1033 1564 1916
9961 4 2 1 1 443 513 514 1820
9962 4 2 1 1 155 133 161 1795
9963 4 2 1 1 1074 1627 611 1628
9964 4 2 1 1 565 596 1062 1867
9965 4 2 1 1 670 1193 959 1988
9966 4 2 1 1 762 1688 1268 1689
9967 4 2 1 1 78 224 1667 1912
9968 4 2 1 1 296 285 297 1959
9969 4 2 1 1 329 2000 1541 42
9970 4 2 1 1 1628 875 1464 1977
9971 4 2 1 1 308 613 585 1037
9972 4 2 1 1 315 1157 601 556
9973 4 2 1 1 223 246 242 1884
9974 4 2 1 1 914 1417 1309 1762
9975 4 2 1 1 752 1469 1382 1874
9976 4 2 1 1 1347 985 1847 1378
9977 4 2 1 1 343 1189 571 578
9978 4 2 1 1 1265 1910 676 1121
9979 4 2 1 1 1564 1699 810 1916
9980 4 2 1 1 478 452 472 1926
9981 4 2 1 1 198 64 2023 991
9982 4 2 1 1 625 730 961 1839
9983 4 2 1 1 362 364 524 1704
9984 4 2 1 1 763 1313 1668 1245
9985 4 2 1 1 730 1527 1119 1622
9986 4 2 1 1 633 1412 1315 1626
9987 4 2 1 1 255 218 48 1937
9988 4 2 1 1 561 320 540 1555
9989 4 2 1 1 78 216 224 1912
9990 4 2 1 1 702 1555 1741 1924
9991 4 2 1 1 253 239 230 1324
9992 4 2 1 1 867 1686 1230 1915
9993 4 2 1 1 551 615 323 1687
9994 4 2 1 1 615 1911 1912 323
9995 4 2 1 1 986 175 179 199
9996 4 2 1 1 982 1740 1671 1842
9997 4 2 1 1 575 574 533 1703
9998 4 2 1 1 799 1949 1397 1407
9999 4 2 1 1 805 1309 1417 1762
10000 4 2 1 1 226 225 216 1718
10001 4 2 1 1 118 105 104 948
10002 4 2 1 1 933 1754 1150 1755
10003 4 2 1 1 1075 1552 1273 1981
10004 4 2 1 1 739 1846 1191 1975
10005 4 2 1 1 575 533 609 1413
10006 4 2 1 1 1313 1245 763 964
10007 4 2 1 1 1602 1603 775 1746
10008 4 2 1 1 1345 1346 986 973
10009 4 2 1 1 412 445 482 1827
10010 4 2 1 1 520 521 476 1474
10011 4 2 1 1 1505 1506 903 1806
10012 4 2 1 1 1007 1286 864 1930
10013 4 2 1 1 7 80 260 2049
10014 4 2 1 1 654 1257 992 1803
10015 4 2 1 1 802 1168 1279 1729
10016 4 2 1 1 874 1985 1566 1988
10017 4 2 1 1 571 475 574 1703
10018 4 2 1 1 395 406 495 1942
10019 4 2 1 1 1900 548 546 577
10020 4 2 1 1 794 1106 1914 1920
10021 4 2 1 1 615 1911 323 1687
10022 4 2 1 1 456 451 437 1747
10023 4 2 1 1 654 1257 1803 1978
10024 4 2 1 1 650 1712 1095 1749
10025 4 2 1 1 518 517 415 1895
10026 4 2 1 1 177 213 2012 1795
10027 4 2 1 1 819 1385 1384 1938
10028 4 2 1 1 540 1171 1555 1723
10029 4 2 1 1 228 227 229 1973
10030 4 2 1 1 1595 1811 1004 1913
10031 4 2 1 1 1849 1914 1920 794
10032 4 2 1 1 400 412 411 1604
10033 4 2 1 1 1448 1846 739 1878
10034 4 2 1 1 816 1184 1162 1803
10035 4 2 1 1 337 547 583 1615
10036 4 2 1 1 1925 1615 790 1568
10037 4 2 1 1 48 128 165 1937
10038 4 2 1 1 1110 1889 1039 1891
10039 4 2 1 1 2041 258 251 45
10040 4 2 1 1 994 1687 1582 1893
10041 4 2 1 1 1432 1627 763 1668
10042 4 2 1 1 86 114 105 827
10043 4 2 1 1 791 1423 1422 1568
10044 4 2 1 1 739 1802 1184 1975
10045 4 2 1 1 240 253 226 1145
10046 4 2 1 1 2026 2011 221 1164
10047 4 2 1 1 143 166 149 1381
10048 4 2 1 1 753 1157 1904 1464
10049 4 2 1 1 744 970 1395 1749
10050 4 2 1 1 1840 186 184 1808
10051 4 2 1 1 724 1713 1115 1991
10052 4 2 1 1 794 1849 1405 1870
10053 4 2 1 1 977 1696 1594 1710
10054 4 2 1 1 1289 1835 1623 1898
10055 4 2 1 1 2012 305 267 1795
10056 4 2 1 1 798 1802 1184 1803
10057 4 2 1 1 455 535 365 1523
10058 4 2 1 1 194 1483 185 1484
10059 4 2 1 1 873 730 1237 1999
10060 4 2 1 1 560 2022 1850 1022
10061 4 2 1 1 423 483 409 1614
10062 4 2 1 1 950 1735 1455 1736
10063 4 2 1 1 599 600 332 1043
10064 4 2 1 1 1802 1507 1031 1978
10065 4 2 1 1 503 461 502 1947
10066 4 2 1 1 646 1806 1505 1990
10067 4 2 1 1 695 1544 923 1916
10068 4 2 1 1 473 555 472 1174
10069 4 2 1 1 582 608 344 1832
10070 4 2 1 1 478 480 452 1936
10071 4 2 1 1 1053 1551 1693 1917
10072 4 2 1 1 686 977 1430 1897
10073 4 2 1 1 531 1595 331 1820
10074 4 2 1 1 640 1239 982 832
10075 4 2 1 1 250 232 249 1752
10076 4 2 1 1 85 89 1027 1904
10077 4 2 1 1 860 1708 1436 1787
10078 4 2 1 1 110 99 98 1590
10079 4 2 1 1 1344 1393 896 1762
10080 4 2 1 1 1662 1881 712 1919
10081 4 2 1 1 89 85 19 1904
10082 4 2 1 1 318 2026 579 1497
10083 4 2 1 1 143 149 140 1381
10084 4 2 1 1 662 1329 1280 1777
10085 4 2 1 1 478 472 564 1926
10086 4 2 1 1 121 98 104 1146
10087 4 2 1 1 485 417 405 1966
10088 4 2 1 1 542 429 451 1851
10089 4 2 1 1 583 605 541 1127
10090 4 2 1 1 514 531 331 1820
10091 4 2 1 1 1747 1090 1222 1924
10092 4 2 1 1 917 1441 1211 1583
10093 4 2 1 1 493 484 492 1823
10094 4 2 1 1 1240 1709 855 1856
10095 4 2 1 1 147 138 154 1576
10096 4 2 1 1 376 508 387 1780
10097 4 2 1 1 118 105 948 1439
10098 4 2 1 1 420 448 526 1575
10099 4 2 1 1 28 27 1196 116
10100 4 2 1 1 2017 38 37 159
10101 4 2 1 1 788 1682 1072 1962
10102 4 2 1 1 681 864 1286 1930
10103 4 2 1 1 692 1648 1154 1663
10104 4 2 1 1 532 475 552 1838
10105 4 2 1 1 617 1632 1028 1785
10106 4 2 1 1 77 216 1912 1939
10107 4 2 1 1 591 590 1477 1687
10108 4 2 1 1 873 1869 1356 1999
10109 4 2 1 1 511 569 543 1761
10110 4 2 1 1 182 1346 183 1135
10111 4 2 1 1 2005 2049 1017 260
10112 4 2 1 1 1037 1655 1422 1398
10113 4 2 1 1 717 1418 1796 1877
10114 4 2 1 1 468 1902 428 1903
10115 4 2 1 1 197 201 178 1793
10116 4 2 1 1 465 464 518 1641
10117 4 2 1 1 1029 1397 1732 1407
10118 4 2 1 1 414 482 437 1419
10119 4 2 1 1 1066 1347 1834 1378
10120 4 2 1 1 133 168 161 1795
10121 4 2 1 1 768 982 1671 1842
10122 4 2 1 1 722 1301 1779 1853
10123 4 2 1 1 134 42 2020 1541
10124 4 2 1 1 1101 1682 1649 1967
10125 4 2 1 1 928 698 1345 1656
10126 4 2 1 1 1004 1541 1737 1996
10127 4 2 1 1 1022 1404 1023 1850
10128 4 2 1 1 946 696 1542 1132
10129 4 2 1 1 81 91 90 1348
10130 4 2 1 1 855 1709 1240 1731
10131 4 2 1 1 2044 2049 1017 167
10132 4 2 1 1 332 592 539 1301
10133 4 2 1 1 860 1767 1708 1787
10134 4 2 1 1 565 1809 359 1867
10135 4 2 1 1 1802 1978 1803 798
10136 4 2 1 1 100 1855 102 93
10137 4 2 1 1 306 1126 278 295
10138 4 2 1 1 552 1613 1052 1838
10139 4 2 1 1 856 1869 1745 1356
10140 4 2 1 1 1200 705 1710 1715
10141 4 2 1 1 729 1869 1237 1999
10142 4 2 1 1 1064 1031 1507 1978
10143 4 2 1 1 725 724 1115 1991
10144 4 2 1 1 507 510 449 1021
10145 4 2 1 1 311 1798 326 1799
10146 4 2 1 1 78 1667 350 1912
10147 4 2 1 1 361 362 328 1818
10148 4 2 1 1 1960 867 1686 1385
10149 4 2 1 1 1392 1535 716 1782
10150 4 2 1 1 818 1914 1352 1998
10151 4 2 1 1 1870 1688 762 1862
10152 4 2 1 1 635 1115 1713 1979
10153 4 2 1 1 1162 1536 816 1803
10154 4 2 1 1 736 1525 1172 815
10155 4 2 1 1 680 1562 1872 1948
10156 4 2 1 1 686 1505 1897 1990
10157 4 2 1 1 334 599 332 1301
10158 4 2 1 1 647 1418 996 1877
10159 4 2 1 1 1654 1789 1219 1894
10160 4 2 1 1 2009 2028 827 125
10161 4 2 1 1 739 1184 1846 1975
10162 4 2 1 1 2025 352 1815 312
$EndElements
