$MeshFormat
2.2 0 8
$EndMeshFormat
$PhysicalNames
1
3 1 "tissue"
$EndPhysicalNames
$Nodes
4041
1 0 0 0.08
2 0 0 0
3 0 0.08 0.08
4 0 0.08 0
5 0.08 0 0.08
6 0.08 0 0
7 0.08 0.08 0.08
8 0.08 0.08 0
9 0 0 0.004999999999999996
10 0 0 0.009999999999999992
11 0 0 0.01499999999999999
12 0 0 0.01999999999999999
13 0 0 0.02499999999999999
14 0 0 0.03
15 0 0 0.035
16 0 0 0.03999999999999999
17 0 0 0.045
18 0 0 0.05
19 0 0 0.05499999999999999
20 0 0 0.06
21 0 0 0.065
22 0 0 0.06999999999999999
23 0 0 0.075
24 0 0.004999999999999996 0.08
25 0 0.009999999999999992 0.08
26 0 0.01499999999999999 0.08
27 0 0.01999999999999999 0.08
28 0 0.02499999999999999 0.08
29 0 0.03 0.08
30 0 0.035 0.08
31 0 0.03999999999999999 0.08
32 0 0.045 0.08
33 0 0.05 0.08
34 0 0.05499999999999999 0.08
35 0 0.06 0.08
36 0 0.065 0.08
37 0 0.06999999999999999 0.08
38 0 0.075 0.08
39 0 0.08 0.004999999999999996
40 0 0.08 0.009999999999999992
41 0 0.08 0.01499999999999999
42 0 0.08 0.01999999999999999
43 0 0.08 0.02499999999999999
44 0 0.08 0.03
45 0 0.08 0.035
46 0 0.08 0.03999999999999999
47 0 0.08 0.045
48 0 0.08 0.05
49 0 0.08 0.05499999999999999
50 0 0.08 0.06
51 0 0.08 0.065
52 0 0.08 0.06999999999999999
53 0 0.08 0.075
54 0 0.004999999999999996 0
55 0 0.009999999999999992 0
56 0 0.01499999999999999 0
57 0 0.01999999999999999 0
58 0 0.02499999999999999 0
59 0 0.03 0
60 0 0.035 0
61 0 0.03999999999999999 0
62 0 0.045 0
63 0 0.05 0
64 0 0.05499999999999999 0
65 0 0.06 0
66 0 0.065 0
67 0 0.06999999999999999 0
68 0 0.075 0
69 0.08 0 0.004999999999999996
70 0.08 0 0.009999999999999992
71 0.08 0 0.01499999999999999
72 0.08 0 0.01999999999999999
73 0.08 0 0.02499999999999999
74 0.08 0 0.03
75 0.08 0 0.035
76 0.08 0 0.03999999999999999
77 0.08 0 0.045
78 0.08 0 0.05
79 0.08 0 0.05499999999999999
80 0.08 0 0.06
81 0.08 0 0.065
82 0.08 0 0.06999999999999999
83 0.08 0 0.075
84 0.08 0.004999999999999996 0.08
85 0.08 0.009999999999999992 0.08
86 0.08 0.01499999999999999 0.08
87 0.08 0.01999999999999999 0.08
88 0.08 0.02499999999999999 0.08
89 0.08 0.03 0.08
90 0.08 0.035 0.08
91 0.08 0.03999999999999999 0.08
92 0.08 0.045 0.08
93 0.08 0.05 0.08
94 0.08 0.05499999999999999 0.08
95 0.08 0.06 0.08
96 0.08 0.065 0.08
97 0.08 0.06999999999999999 0.08
98 0.08 0.075 0.08
99 0.08 0.08 0.004999999999999996
100 0.08 0.08 0.009999999999999992
101 0.08 0.08 0.01499999999999999
102 0.08 0.08 0.01999999999999999
103 0.08 0.08 0.02499999999999999
104 0.08 0.08 0.03
105 0.08 0.08 0.035
106 0.08 0.08 0.03999999999999999
107 0.08 0.08 0.045
108 0.08 0.08 0.05
109 0.08 0.08 0.05499999999999999
110 0.08 0.08 0.06
111 0.08 0.08 0.065
112 0.08 0.08 0.06999999999999999
113 0.08 0.08 0.075
114 0.08 0.004999999999999996 0
115 0.08 0.009999999999999992 0
116 0.08 0.01499999999999999 0
117 0.08 0.01999999999999999 0
118 0.08 0.02499999999999999 0
119 0.08 0.03 0
120 0.08 0.035 0
121 0.08 0.03999999999999999 0
122 0.08 0.045 0
123 0.08 0.05 0
124 0.08 0.05499999999999999 0
125 0.08 0.06 0
126 0.08 0.065 0
127 0.08 0.06999999999999999 0
128 0.08 0.075 0
129 0.004999999999999996 0 0
130 0.009999999999999992 0 0
131 0.01499999999999999 0 0
132 0.01999999999999999 0 0
133 0.02499999999999999 0 0
134 0.03 0 0
135 0.035 0 0
136 0.03999999999999999 0 0
137 0.045 0 0
138 0.05 0 0
139 0.05499999999999999 0 0
140 0.06 0 0
141 0.065 0 0
142 0.06999999999999999 0 0
143 0.075 0 0
144 0.004999999999999996 0 0.08
145 0.009999999999999992 0 0.08
146 0.01499999999999999 0 0.08
147 0.01999999999999999 0 0.08
148 0.02499999999999999 0 0.08
149 0.03 0 0.08
150 0.035 0 0.08
151 0.03999999999999999 0 0.08
152 0.045 0 0.08
153 0.05 0 0.08
154 0.05499999999999999 0 0.08
155 0.06 0 0.08
156 0.065 0 0.08
157 0.06999999999999999 0 0.08
158 0.075 0 0.08
159 0.004999999999999996 0.08 0
160 0.009999999999999992 0.08 0
161 0.01499999999999999 0.08 0
162 0.01999999999999999 0.08 0
163 0.02499999999999999 0.08 0
164 0.03 0.08 0
165 0.035 0.08 0
166 0.03999999999999999 0.08 0
167 0.045 0.08 0
168 0.05 0.08 0
169 0.05499999999999999 0.08 0
170 0.06 0.08 0
171 0.065 0.08 0
172 0.06999999999999999 0.08 0
173 0.075 0.08 0
174 0.004999999999999996 0.08 0.08
175 0.009999999999999992 0.08 0.08
176 0.01499999999999999 0.08 0.08
177 0.01999999999999999 0.08 0.08
178 0.02499999999999999 0.08 0.08
179 0.03 0.08 0.08
180 0.035 0.08 0.08
181 0.03999999999999999 0.08 0.08
182 0.045 0.08 0.08
183 0.05 0.08 0.08
184 0.05499999999999999 0.08 0.08
185 0.06 0.08 0.08
186 0.065 0.08 0.08
187 0.06999999999999999 0.08 0.08
188 0.075 0.08 0.08
189 0 0.03750000000000005 0.07566987298107783
190 0 0.03749999999999999 0.004330127018922191
191 0 0.0755949764321031 0.04247655841340725
192 0 0.004330127018922191 0.0425
193 0 0.07523326762470728 0.02780203596349418
194 0 0.05249999999999998 0.0756698729810778
195 0 0.004775050631873238 0.0277935203609766
196 0 0.05166666666666651 0.003625929837722258
197 0 0.004461788894234593 0.05720143658639834
198 0 0.07553821110576528 0.05720143658639816
199 0 0.02179514089494566 0.004773797079048735
200 0 0.0225 0.07566987298107786
201 0 0.06249999999999999 0.07566987298107782
202 0 0.06321428571428568 0.004778852588647419
203 0 0.004330127018922191 0.01749999999999999
204 0 0.0755967334059142 0.01707896023845921
205 0 0.004481480624777147 0.067933628273533
206 0 0.07551851937522286 0.06793362827353287
207 0 0.01249999999999999 0.00433012701892219
208 0 0.01249999999999999 0.07566987298107786
209 0 0.0718610958928544 0.004545640459683982
210 0 0.07247881315359561 0.07576613977472084
211 0 0.003942195377515075 0.007188646185693278
212 0 0.06749646885893258 0.07568591744668496
213 0 0.06499941147648876 0.0713424200397568
214 0 0.05999990191274812 0.07134019164175583
215 0 0.06249988556487281 0.06701013890276698
216 0 0.0575 0.06700961894323346
217 0 0.05999998092747878 0.06267957858423349
218 0 0.05499999682124644 0.0626795063676316
219 0 0.05749999629145417 0.05834938175592949
220 0 0.05249999999999997 0.05834936490538907
221 0 0.05499999938190898 0.05401924069489028
222 0 0.04999999989698479 0.05401923835453747
223 0 0.05249999987981556 0.04968911141362702
224 0 0.04749999999999992 0.04968911086754473
225 0 0.04999999997996916 0.04535898393963624
226 0 0.04499999999666143 0.0453589838637915
227 0 0.04749999999610499 0.04102885684739746
228 0 0.04249999999999984 0.04102885682970039
229 0 0.03999999999944349 0.04535898385115076
230 0 0.03749999999990711 0.04102885683012181
231 0 0.04499999999935067 0.0366987298137277
232 0 0.0349999999998917 0.04535898384911425
233 0 0.03249999999998276 0.04102885682977813
234 0 0.02999999999997901 0.04535898384871757
235 0 0.04999999999924248 0.03669872981421924
236 0 0.04749999999976538 0.03236860279292107
237 0 0.03249999999997842 0.04968911086764262
238 0 0.02749999999999532 0.04102885682972107
239 0 0.02999999999999619 0.03669872981079469
240 0 0.02749999999999286 0.04968911086757702
241 0 0.05249999999988172 0.03236860279239238
242 0 0.04999999999994102 0.02803847577320068
243 0 0.0449999999999509 0.02803847577315579
244 0 0.0299999999999952 0.05401923788648873
245 0 0.02499999999999883 0.03669872981078278
246 0 0.02749999999999898 0.03236860279185962
247 0 0.05499999999999979 0.02803847577293374
248 0 0.0549999999766307 0.04535898395480516
249 0 0.04749999998283078 0.05834936498340085
250 0 0.024999999999998 0.05401923788647609
251 0 0.0574999999999801 0.03236860279194532
252 0 0.04749999999998181 0.02370834875409306
253 0 0.04249999999998861 0.0237083487540622
254 0 0.02249999999999842 0.0496891108675518
255 0 0.02249999999999954 0.03236860279185716
256 0 0.02499999999999953 0.02803847577293474
257 0 0.05999999927889377 0.05401924116296079
258 0 0.02749999999999888 0.0583493649053944
259 0 0.02249999999999949 0.0583493649053917
260 0 0.04499999999999486 0.01937822173511141
261 0 0.03999999999999703 0.01937822173510155
262 0 0.04999999999999592 0.01937822173510659
263 0 0.0199999999999996 0.03669872981077933
264 0 0.0599999999999965 0.02803847577294861
265 0 0.01999999999999965 0.02803847577293427
266 0 0.0224999999999996 0.023708348754012
267 0 0.06249999999999595 0.03236860279187328
268 0 0.03249999999999902 0.05834936490539372
269 0 0.03000000000000004 0.06267949192431149
270 0 0.03499999999999987 0.06267949192431216
271 0 0.01749999999999962 0.02370834875401195
272 0 0.01974234602058158 0.01952697832946448
273 0 0.02467169334140304 0.01880006339789348
274 0 0.03749999999999744 0.02370834875402211
275 0 0.04749999999999822 0.01504809471617373
276 0 0.05249999999999945 0.01504809471616816
277 0 0.06499997774872524 0.06267959302755388
278 0 0.01499999999999968 0.02803847577293417
279 0 0.06499999999999978 0.02803847577293371
280 0 0.06249999999999924 0.02370834875401399
281 0 0.06749999999999914 0.03236860279185878
282 0 0.06499999999999904 0.03669872981078146
283 0 0.01495705767009657 0.01940301450081888
284 0 0.0171922466356947 0.01522577620389294
285 0 0.0349999999999997 0.0193782217350895
286 0 0.03749999999999921 0.0150480947161693
287 0 0.03259871284720073 0.01510508660507172
288 0 0.03249999999999903 0.03236860279185942
289 0 0.03749999999999982 0.05834936490539006
290 0 0.05249999947020774 0.06700962135045349
291 0 0.03999999999999998 0.06267949192431162
292 0 0.03250000000000007 0.06700961894323373
293 0 0.02750000000000008 0.06700961894323368
294 0 0.06755418628422169 0.02380363809844788
295 0 0.06523232204106268 0.01949773300331425
296 0 0.01253033441522513 0.01507382463904873
297 0 0.06003872034017686 0.01939814027979387
298 0 0.06254517373020649 0.01537431654824582
299 0 0.0675438317404046 0.01541562913496116
300 0 0.03249999999999931 0.02370834875401346
301 0 0.03000000000000006 0.07133974596215577
302 0 0.06988184845163445 0.03663051498252533
303 0 0.06736215652690698 0.04094927286340494
304 0 0.06247702608781754 0.04101559283531828
305 0 0.06497319710245393 0.0453435091885096
306 0 0.03501645214119972 0.01099836924176908
307 0 0.02924094035696715 0.01077646714178743
308 0 0.04000071377122339 0.01087116932768555
309 0 0.04999999999999934 0.01098887059361915
310 0 0.0557142857142854 0.01075366243765451
311 0 0.01495376350848627 0.01102277249538599
312 0 0.02018691161787997 0.01089862372474993
313 0 0.06440047016927092 0.01060030785396049
314 0 0.07015324059129251 0.01077918408485239
315 0 0.07081663873794442 0.04510055803704967
316 0 0.06763163930673285 0.04964346078893038
317 0 0.0721891885000846 0.04970627455544538
318 0 0.07077406179515668 0.05437273662207883
319 0 0.01004408796802244 0.01156548534432552
320 0 0.009277298766356764 0.01961896455084645
321 0 0.07238010528798663 0.03233972655359834
322 0 0.03322056312713129 0.00690621886388295
323 0 0.06742581847354071 0.006681738925565815
324 0 0.06016580831956837 0.008663692481563137
325 0 0.01657263600355189 0.006957214669225367
326 0 0.02467173332813654 0.008999213545265226
327 0 0.02442966688585563 0.01360475312563201
328 0 0.07562512123363792 0.008550287198268338
329 0 0.07518764807615895 0.03708090968710121
330 0 0.02806119681531151 0.004880058038667021
331 0 0.05689443520211507 0.005119342200306797
332 0 0.0550064533900286 0.01938154149254312
333 0 0.05750752895503345 0.02371222180437414
334 0 0.05763410552911611 0.01541527072519884
335 0 0.03499999999999917 0.02803847577293647
336 0 0.03750000000000004 0.06700961894323371
337 0 0.04250000000000008 0.06700961894323354
338 0 0.0199999999999993 0.05401923788647021
339 0 0.01749999999999993 0.04968911086754502
340 0 0.01749999999999981 0.05834936490539029
341 0 0.01999999999999993 0.0626794919243121
342 0 0.01500000000000001 0.06267949192431184
343 0 0.01750000000000002 0.06700961894323387
344 0 0.01999999999999963 0.04535898384862394
345 0 0.01499999999999984 0.04535898384862303
346 0 0.01249999999999991 0.04968911086754509
347 0 0.01264503175473057 0.06692588482059908
348 0 0.01263693290134385 0.05842842315284143
349 0 0.009149140844967724 0.04511748663890725
350 0 0.01249999999999985 0.04102885682970068
351 0 0.007824728484150169 0.0497152143669416
352 0 0.03999999999987614 0.03669872981134004
353 0 0.04249999999982377 0.03236860279265575
354 0 0.06735484737695056 0.06692643401066155
355 0 0.06980548502838449 0.06263105342352157
356 0 0.07075561478734994 0.07091665188919981
357 0 0.05249999999999976 0.02370834875401154
358 0 0.04500011896186995 0.01105955468142146
359 0 0.04741497812536058 0.006798128753550433
360 0 0.01021731326857388 0.06264412141587969
361 0 0.06249999237442527 0.05834939955375558
362 0 0.03749999999988558 0.04968911086806439
363 0 0.04250000000000002 0.0756698729810778
364 0 0.0475 0.07566987298107782
365 0 0.07488148965327514 0.0625852924115682
366 0 0.007521186846404374 0.07576613977472085
367 0 0.005121767246290329 0.06258715926761954
368 0 0.01749999999999999 0.07566987298107791
369 0 0.07566987298107784 0.0225
370 0 0.07084606822408306 0.01986621668556827
371 0 0.04331916302089335 0.003641037244952945
372 0 0.03499999999999979 0.0366987298107783
373 0 0.01249999999999962 0.02370834875401197
374 0 0.01008929894794045 0.02807085240561352
375 0 0.01251488315798987 0.0323739988973029
376 0 0.007507307350857654 0.03248951691244525
377 0 0.004408990990278108 0.02238810105641292
378 0 0.004768689715484396 0.0371154020833431
379 0 0.05749999975287477 0.04968911199040839
380 0 0.004895244747137329 0.01200531262928239
381 0 0.02499999999999418 0.04535898384864867
382 0 0.009266293803744843 0.05439182921315949
383 0 0.01490053778418127 0.05409451281549191
384 0 0.05249999999199115 0.0410288568660894
385 0 0.01749999999999976 0.041028856829701
386 0 0.04499999999713847 0.06267949193731329
387 0 0.02499999999999975 0.06267949192431285
388 0 0.01750248052633135 0.03236950214276439
389 0 0.02249999999999998 0.06700961894323401
390 0 0.05749998365212468 0.07566994726101117
391 0 0.03749999999999975 0.0323686027918561
392 0 0.05499998083918008 0.07133983302328123
393 0 0.04999999671823131 0.07133976087354656
394 0 0.04499999997996924 0.05401923797748065
395 0 0.02999999999999928 0.02803847577293592
396 0 0.02744528222356673 0.02361198903114652
397 0 0.02999999999999962 0.01937822173508955
398 0 0.04249999999332305 0.05834936493572723
399 0 0.03499999999997633 0.05401923788657442
400 0 0.04250013878884711 0.01513055948527716
401 0 0.03999999999995994 0.02803847577311474
402 0 0.02249999999999789 0.04102885682970946
403 0 0.05499999999851585 0.03669872981752079
404 0 0.05999617101438471 0.03669651914618989
405 0 0.04249999999599328 0.04968911088574982
406 0 0.0150028939473867 0.03669977905350447
407 0 0.04999999937857057 0.0626794947479036
408 0 0.05749553284488997 0.04102627774475767
409 0 0.03999999999485788 0.0540192379098311
410 0 0.009999999999999792 0.03669872981077855
411 0 0.06991084065620146 0.02809327539333376
412 0 0.05999095929411112 0.04535376443022396
413 0 0.04749999926069136 0.06700962230243435
414 0 0.02750000000000002 0.07566987298107788
415 0 0.04499999932982046 0.07133974900725427
416 0 0.03999999988830348 0.07133974646967212
417 0 0.03499999998138394 0.07133974604674184
418 0 0.0625159657891777 0.04967805424124996
419 0 0.03249999999689734 0.07566987299517552
420 0 0.06749999999999991 0.0583493649053892
421 0 0.009243779422236108 0.07091389935587555
422 0 0.0250000000000001 0.07133974596215574
423 0 0.02000000000000002 0.07133974596215584
424 0 0.01489813519616112 0.07125481584067002
425 0 0.06515360975739769 0.05406870954572746
426 0 0.004161816644585672 0.07254344715454346
427 0 0.07583811123750789 0.07254377483708206
428 0 0.007170008349216671 0.003827014019569635
429 0 0.07578701075513471 0.05239224111226839
430 0 0.004219450266667178 0.05239557830305144
431 0 0.07378540031048159 0.01327632176581671
432 0 0.008032702185561007 0.01499999999999999
433 0 0.07586048509325305 0.0471965529781481
434 0 0.00413196907681276 0.04720102978008088
435 0 0.02818820268628524 0.01553291840109484
436 0 0.07176865364494958 0.04044756279669768
437 0 0.008178645119621386 0.04055453072363102
438 0 0.008247567506915739 0.02419139816225558
439 0 0.07181401623219072 0.02428219506323352
440 0 0.0083408192228375 0.0590505939271797
441 0 0.0716998495165163 0.05902797678979121
442 0 0.07666551565157936 0.03249999999999999
443 0 0.00333448434842039 0.03249999999999999
444 0 0.07166319124423659 0.06619861200169679
445 0 0.008341874463321608 0.06620093862670137
446 0 0.003660254037844382 0.07633974596215559
447 0 0.003660254037844383 0.003660254037844383
448 0 0.07633974596215563 0.003660254037844359
449 0 0.07633974596215562 0.07633974596215562
450 0 0.07130584570077855 0.01585688043157932
451 0 0.01239761763200024 0.008331731280563406
452 0 0.01733344662229566 0.002963647453314687
453 0 0.0326307918308615 0.002969286754771352
454 0 0.0376475458079108 0.008223828501764016
455 0 0.04200982377229251 0.00763757915048111
456 0 0.06750012245721232 0.002958044719304507
457 0 0.04748582968756006 0.002782073588227874
458 0 0.05238433795834659 0.007616064276567667
459 0 0.07729922234946586 0.01249999999999999
460 0 0.008327547107827283 0.007848530116458989
461 0 0.02116157382119973 0.01570535190663784
462 0 0.06003351628735029 0.0123994188522019
463 0.08 0.03750000000000005 0.07566987298107783
464 0.08 0.03749999999999999 0.004330127018922191
465 0.08 0.0755949764321031 0.04247655841340725
466 0.08 0.004330127018922191 0.0425
467 0.08 0.07523326762470728 0.02780203596349418
468 0.08 0.05249999999999998 0.0756698729810778
469 0.08 0.004775050631873238 0.0277935203609766
470 0.08 0.05166666666666651 0.003625929837722258
471 0.08 0.004461788894234593 0.05720143658639834
472 0.08 0.07553821110576528 0.05720143658639816
473 0.08 0.02179514089494566 0.004773797079048735
474 0.08 0.0225 0.07566987298107786
475 0.08 0.06249999999999999 0.07566987298107782
476 0.08 0.06321428571428568 0.004778852588647419
477 0.08 0.004330127018922191 0.01749999999999999
478 0.08 0.0755967334059142 0.01707896023845921
479 0.08 0.004481480624777147 0.067933628273533
480 0.08 0.07551851937522286 0.06793362827353287
481 0.08 0.01249999999999999 0.00433012701892219
482 0.08 0.01249999999999999 0.07566987298107786
483 0.08 0.0718610958928544 0.004545640459683982
484 0.08 0.07247881315359561 0.07576613977472084
485 0.08 0.003942195377515075 0.007188646185693278
486 0.08 0.06749646885893258 0.07568591744668496
487 0.08 0.06499941147648876 0.0713424200397568
488 0.08 0.05999990191274812 0.07134019164175583
489 0.08 0.06249988556487281 0.06701013890276698
490 0.08 0.0575 0.06700961894323346
491 0.08 0.05999998092747878 0.06267957858423349
492 0.08 0.05499999682124644 0.0626795063676316
493 0.08 0.05749999629145417 0.05834938175592949
494 0.08 0.05249999999999997 0.05834936490538907
495 0.08 0.05499999938190898 0.05401924069489028
496 0.08 0.04999999989698479 0.05401923835453747
497 0.08 0.05249999987981556 0.04968911141362702
498 0.08 0.04749999999999992 0.04968911086754473
499 0.08 0.04999999997996916 0.04535898393963624
500 0.08 0.04499999999666143 0.0453589838637915
501 0.08 0.04749999999610499 0.04102885684739746
502 0.08 0.04249999999999984 0.04102885682970039
503 0.08 0.03999999999944349 0.04535898385115076
504 0.08 0.03749999999990711 0.04102885683012181
505 0.08 0.04499999999935067 0.0366987298137277
506 0.08 0.0349999999998917 0.04535898384911425
507 0.08 0.03249999999998276 0.04102885682977813
508 0.08 0.02999999999997901 0.04535898384871757
509 0.08 0.04999999999924248 0.03669872981421924
510 0.08 0.04749999999976538 0.03236860279292107
511 0.08 0.03249999999997842 0.04968911086764262
512 0.08 0.02749999999999532 0.04102885682972107
513 0.08 0.02999999999999619 0.03669872981079469
514 0.08 0.02749999999999286 0.04968911086757702
515 0.08 0.05249999999988172 0.03236860279239238
516 0.08 0.04999999999994102 0.02803847577320068
517 0.08 0.0449999999999509 0.02803847577315579
518 0.08 0.0299999999999952 0.05401923788648873
519 0.08 0.02499999999999883 0.03669872981078278
520 0.08 0.02749999999999898 0.03236860279185962
521 0.08 0.05499999999999979 0.02803847577293374
522 0.08 0.0549999999766307 0.04535898395480516
523 0.08 0.04749999998283078 0.05834936498340085
524 0.08 0.024999999999998 0.05401923788647609
525 0.08 0.0574999999999801 0.03236860279194532
526 0.08 0.04749999999998181 0.02370834875409306
527 0.08 0.04249999999998861 0.0237083487540622
528 0.08 0.02249999999999842 0.0496891108675518
529 0.08 0.02249999999999954 0.03236860279185716
530 0.08 0.02499999999999953 0.02803847577293474
531 0.08 0.05999999927889377 0.05401924116296079
532 0.08 0.02749999999999888 0.0583493649053944
533 0.08 0.02249999999999949 0.0583493649053917
534 0.08 0.04499999999999486 0.01937822173511141
535 0.08 0.03999999999999703 0.01937822173510155
536 0.08 0.04999999999999592 0.01937822173510659
537 0.08 0.0199999999999996 0.03669872981077933
538 0.08 0.0599999999999965 0.02803847577294861
539 0.08 0.01999999999999965 0.02803847577293427
540 0.08 0.0224999999999996 0.023708348754012
541 0.08 0.06249999999999595 0.03236860279187328
542 0.08 0.03249999999999902 0.05834936490539372
543 0.08 0.03000000000000004 0.06267949192431149
544 0.08 0.03499999999999987 0.06267949192431216
545 0.08 0.01749999999999962 0.02370834875401195
546 0.08 0.01974234602058158 0.01952697832946448
547 0.08 0.02467169334140304 0.01880006339789348
548 0.08 0.03749999999999744 0.02370834875402211
549 0.08 0.04749999999999822 0.01504809471617373
550 0.08 0.05249999999999945 0.01504809471616816
551 0.08 0.06499997774872524 0.06267959302755388
552 0.08 0.01499999999999968 0.02803847577293417
553 0.08 0.06499999999999978 0.02803847577293371
554 0.08 0.06249999999999924 0.02370834875401399
555 0.08 0.06749999999999914 0.03236860279185878
556 0.08 0.06499999999999904 0.03669872981078146
557 0.08 0.01495705767009657 0.01940301450081888
558 0.08 0.0171922466356947 0.01522577620389294
559 0.08 0.0349999999999997 0.0193782217350895
560 0.08 0.03749999999999921 0.0150480947161693
561 0.08 0.03259871284720073 0.01510508660507172
562 0.08 0.03249999999999903 0.03236860279185942
563 0.08 0.03749999999999982 0.05834936490539006
564 0.08 0.05249999947020774 0.06700962135045349
565 0.08 0.03999999999999998 0.06267949192431162
566 0.08 0.03250000000000007 0.06700961894323373
567 0.08 0.02750000000000008 0.06700961894323368
568 0.08 0.06755418628422169 0.02380363809844788
569 0.08 0.06523232204106268 0.01949773300331425
570 0.08 0.01253033441522513 0.01507382463904873
571 0.08 0.06003872034017686 0.01939814027979387
572 0.08 0.06254517373020649 0.01537431654824582
573 0.08 0.0675438317404046 0.01541562913496116
574 0.08 0.03249999999999931 0.02370834875401346
575 0.08 0.03000000000000006 0.07133974596215577
576 0.08 0.06988184845163445 0.03663051498252533
577 0.08 0.06736215652690698 0.04094927286340494
578 0.08 0.06247702608781754 0.04101559283531828
579 0.08 0.06497319710245393 0.0453435091885096
580 0.08 0.03501645214119972 0.01099836924176908
581 0.08 0.02924094035696715 0.01077646714178743
582 0.08 0.04000071377122339 0.01087116932768555
583 0.08 0.04999999999999934 0.01098887059361915
584 0.08 0.0557142857142854 0.01075366243765451
585 0.08 0.01495376350848627 0.01102277249538599
586 0.08 0.02018691161787997 0.01089862372474993
587 0.08 0.06440047016927092 0.01060030785396049
588 0.08 0.07015324059129251 0.01077918408485239
589 0.08 0.07081663873794442 0.04510055803704967
590 0.08 0.06763163930673285 0.04964346078893038
591 0.08 0.0721891885000846 0.04970627455544538
592 0.08 0.07077406179515668 0.05437273662207883
593 0.08 0.01004408796802244 0.01156548534432552
594 0.08 0.009277298766356764 0.01961896455084645
595 0.08 0.07238010528798663 0.03233972655359834
596 0.08 0.03322056312713129 0.00690621886388295
597 0.08 0.06742581847354071 0.006681738925565815
598 0.08 0.06016580831956837 0.008663692481563137
599 0.08 0.01657263600355189 0.006957214669225367
600 0.08 0.02467173332813654 0.008999213545265226
601 0.08 0.02442966688585563 0.01360475312563201
602 0.08 0.07562512123363792 0.008550287198268338
603 0.08 0.07518764807615895 0.03708090968710121
604 0.08 0.02806119681531151 0.004880058038667021
605 0.08 0.05689443520211507 0.005119342200306797
606 0.08 0.0550064533900286 0.01938154149254312
607 0.08 0.05750752895503345 0.02371222180437414
608 0.08 0.05763410552911611 0.01541527072519884
609 0.08 0.03499999999999917 0.02803847577293647
610 0.08 0.03750000000000004 0.06700961894323371
611 0.08 0.04250000000000008 0.06700961894323354
612 0.08 0.0199999999999993 0.05401923788647021
613 0.08 0.01749999999999993 0.04968911086754502
614 0.08 0.01749999999999981 0.05834936490539029
615 0.08 0.01999999999999993 0.0626794919243121
616 0.08 0.01500000000000001 0.06267949192431184
617 0.08 0.01750000000000002 0.06700961894323387
618 0.08 0.01999999999999963 0.04535898384862394
619 0.08 0.01499999999999984 0.04535898384862303
620 0.08 0.01249999999999991 0.04968911086754509
621 0.08 0.01264503175473057 0.06692588482059908
622 0.08 0.01263693290134385 0.05842842315284143
623 0.08 0.009149140844967724 0.04511748663890725
624 0.08 0.01249999999999985 0.04102885682970068
625 0.08 0.007824728484150169 0.0497152143669416
626 0.08 0.03999999999987614 0.03669872981134004
627 0.08 0.04249999999982377 0.03236860279265575
628 0.08 0.06735484737695056 0.06692643401066155
629 0.08 0.06980548502838449 0.06263105342352157
630 0.08 0.07075561478734994 0.07091665188919981
631 0.08 0.05249999999999976 0.02370834875401154
632 0.08 0.04500011896186995 0.01105955468142146
633 0.08 0.04741497812536058 0.006798128753550433
634 0.08 0.01021731326857388 0.06264412141587969
635 0.08 0.06249999237442527 0.05834939955375558
636 0.08 0.03749999999988558 0.04968911086806439
637 0.08 0.04250000000000002 0.0756698729810778
638 0.08 0.0475 0.07566987298107782
639 0.08 0.07488148965327514 0.0625852924115682
640 0.08 0.007521186846404374 0.07576613977472085
641 0.08 0.005121767246290329 0.06258715926761954
642 0.08 0.01749999999999999 0.07566987298107791
643 0.08 0.07566987298107784 0.0225
644 0.08 0.07084606822408306 0.01986621668556827
645 0.08 0.04331916302089335 0.003641037244952945
646 0.08 0.03499999999999979 0.0366987298107783
647 0.08 0.01249999999999962 0.02370834875401197
648 0.08 0.01008929894794045 0.02807085240561352
649 0.08 0.01251488315798987 0.0323739988973029
650 0.08 0.007507307350857654 0.03248951691244525
651 0.08 0.004408990990278108 0.02238810105641292
652 0.08 0.004768689715484396 0.0371154020833431
653 0.08 0.05749999975287477 0.04968911199040839
654 0.08 0.004895244747137329 0.01200531262928239
655 0.08 0.02499999999999418 0.04535898384864867
656 0.08 0.009266293803744843 0.05439182921315949
657 0.08 0.01490053778418127 0.05409451281549191
658 0.08 0.05249999999199115 0.0410288568660894
659 0.08 0.01749999999999976 0.041028856829701
660 0.08 0.04499999999713847 0.06267949193731329
661 0.08 0.02499999999999975 0.06267949192431285
662 0.08 0.01750248052633135 0.03236950214276439
663 0.08 0.02249999999999998 0.06700961894323401
664 0.08 0.05749998365212468 0.07566994726101117
665 0.08 0.03749999999999975 0.0323686027918561
666 0.08 0.05499998083918008 0.07133983302328123
667 0.08 0.04999999671823131 0.07133976087354656
668 0.08 0.04499999997996924 0.05401923797748065
669 0.08 0.02999999999999928 0.02803847577293592
670 0.08 0.02744528222356673 0.02361198903114652
671 0.08 0.02999999999999962 0.01937822173508955
672 0.08 0.04249999999332305 0.05834936493572723
673 0.08 0.03499999999997633 0.05401923788657442
674 0.08 0.04250013878884711 0.01513055948527716
675 0.08 0.03999999999995994 0.02803847577311474
676 0.08 0.02249999999999789 0.04102885682970946
677 0.08 0.05499999999851585 0.03669872981752079
678 0.08 0.05999617101438471 0.03669651914618989
679 0.08 0.04249999999599328 0.04968911088574982
680 0.08 0.0150028939473867 0.03669977905350447
681 0.08 0.04999999937857057 0.0626794947479036
682 0.08 0.05749553284488997 0.04102627774475767
683 0.08 0.03999999999485788 0.0540192379098311
684 0.08 0.009999999999999792 0.03669872981077855
685 0.08 0.06991084065620146 0.02809327539333376
686 0.08 0.05999095929411112 0.04535376443022396
687 0.08 0.04749999926069136 0.06700962230243435
688 0.08 0.02750000000000002 0.07566987298107788
689 0.08 0.04499999932982046 0.07133974900725427
690 0.08 0.03999999988830348 0.07133974646967212
691 0.08 0.03499999998138394 0.07133974604674184
692 0.08 0.0625159657891777 0.04967805424124996
693 0.08 0.03249999999689734 0.07566987299517552
694 0.08 0.06749999999999991 0.0583493649053892
695 0.08 0.009243779422236108 0.07091389935587555
696 0.08 0.0250000000000001 0.07133974596215574
697 0.08 0.02000000000000002 0.07133974596215584
698 0.08 0.01489813519616112 0.07125481584067002
699 0.08 0.06515360975739769 0.05406870954572746
700 0.08 0.004161816644585672 0.07254344715454346
701 0.08 0.07583811123750789 0.07254377483708206
702 0.08 0.007170008349216671 0.003827014019569635
703 0.08 0.07578701075513471 0.05239224111226839
704 0.08 0.004219450266667178 0.05239557830305144
705 0.08 0.07378540031048159 0.01327632176581671
706 0.08 0.008032702185561007 0.01499999999999999
707 0.08 0.07586048509325305 0.0471965529781481
708 0.08 0.00413196907681276 0.04720102978008088
709 0.08 0.02818820268628524 0.01553291840109484
710 0.08 0.07176865364494958 0.04044756279669768
711 0.08 0.008178645119621386 0.04055453072363102
712 0.08 0.008247567506915739 0.02419139816225558
713 0.08 0.07181401623219072 0.02428219506323352
714 0.08 0.0083408192228375 0.0590505939271797
715 0.08 0.0716998495165163 0.05902797678979121
716 0.08 0.07666551565157936 0.03249999999999999
717 0.08 0.00333448434842039 0.03249999999999999
718 0.08 0.07166319124423659 0.06619861200169679
719 0.08 0.008341874463321608 0.06620093862670137
720 0.08 0.003660254037844382 0.07633974596215559
721 0.08 0.003660254037844383 0.003660254037844383
722 0.08 0.07633974596215563 0.003660254037844359
723 0.08 0.07633974596215562 0.07633974596215562
724 0.08 0.07130584570077855 0.01585688043157932
725 0.08 0.01239761763200024 0.008331731280563406
726 0.08 0.01733344662229566 0.002963647453314687
727 0.08 0.0326307918308615 0.002969286754771352
728 0.08 0.0376475458079108 0.008223828501764016
729 0.08 0.04200982377229251 0.00763757915048111
730 0.08 0.06750012245721232 0.002958044719304507
731 0.08 0.04748582968756006 0.002782073588227874
732 0.08 0.05238433795834659 0.007616064276567667
733 0.08 0.07729922234946586 0.01249999999999999
734 0.08 0.008327547107827283 0.007848530116458989
735 0.08 0.02116157382119973 0.01570535190663784
736 0.08 0.06003351628735029 0.0123994188522019
737 0.004483875076020776 0 0.03794768950390503
738 0.07566987298107775 0 0.04250000000000002
739 0.04247655841340711 0 0.004405023567896941
740 0.03709812863754464 0 0.0752323541917812
741 0.05319551468455096 0 0.07524999559409196
742 0.004330127018922191 0 0.05249999999999999
743 0.07566987298107755 0 0.02750000000000005
744 0.02780203596349393 0 0.004766732375292862
745 0.0756698729810778 0 0.05750000000000001
746 0.02234404357834489 0 0.07540152165421822
747 0.004268385684804607 0 0.02239306087238124
748 0.05720143658639788 0 0.004461788894234775
749 0.004789245140457807 0 0.06182604452182803
750 0.0625637945242493 0 0.07557100243296873
751 0.01749999999999998 0 0.004225535043541766
752 0.07566987298107766 0 0.01750000000000007
753 0.07571939829561454 0 0.06760432585745424
754 0.06793362827353268 0 0.004481480624777196
755 0.00433012701892219 0 0.01249999999999999
756 0.012634518998403 0 0.07564947966217042
757 0.0757661397747208 0 0.007521186846404394
758 0.07186631737609334 0 0.07562059231245188
759 0.00383754170361517 0 0.07246570008594536
760 0.007588154960132132 0 0.005110724901567522
761 0.07567812720016726 0 0.06251738764290905
762 0.07134112166533718 0 0.06000289794048489
763 0.07133997524601915 0 0.05500048299008085
764 0.06700988644107427 0 0.05750056348842772
765 0.06700970174018406 0 0.05250017441308484
766 0.06267955030677644 0 0.05500012298358557
767 0.06267951545421376 0 0.05000004956611188
768 0.05834937855745026 0 0.05250002875828312
769 0.05834937110238284 0 0.04750001305406602
770 0.05401924119464258 0 0.05000000696872512
771 0.0540192394706616 0 0.0450000033371321
772 0.04968911168293961 0 0.04750000171764318
773 0.04968911126747608 0 0.04250000084246284
774 0.0453589840511767 0 0.04500000042668471
775 0.04535898394903651 0 0.04000000021152494
776 0.04102885688019479 0 0.04250000010636868
777 0.04102885685485145 0 0.03750000005298267
778 0.04968911095093531 0 0.03750000017566491
779 0.03669872982338548 0 0.04000000002655901
780 0.03669872982129491 0 0.04500000002215505
781 0.03669872981707088 0 0.03500000001325738
782 0.03236860279185561 0 0.04250000000000071
783 0.03236860279360854 0 0.04750000000369312
784 0.0496891115548064 0 0.0525000014477283
785 0.02803847577322559 0 0.04500000000061619
786 0.02803847577327437 0 0.05000000000071876
787 0.03236860279220473 0 0.05250000000073578
788 0.02803847577298205 0 0.04000000000010336
789 0.05834936620225362 0 0.04250000273186655
790 0.04102885683494063 0 0.03250000001104038
791 0.03669872981269993 0 0.03000000000405007
792 0.04102885683089361 0 0.02750000000251546
793 0.03669872981129688 0 0.0250000000010947
794 0.03236860279226231 0 0.02750000000085798
795 0.02803847577304862 0 0.05500000000024297
796 0.02370834875406801 0 0.04250000000012053
797 0.02370834875402871 0 0.03750000000003791
798 0.02370834875408737 0 0.05250000000016092
799 0.02370834875404334 0 0.05750000000006791
800 0.04102885682998521 0 0.02250000000060206
801 0.04535898384886847 0 0.02500000000051991
802 0.05834937691114348 0 0.0575000252903116
803 0.03236860279193322 0 0.05750000000016357
804 0.03236860279200966 0 0.02250000000032594
805 0.02803847577302668 0 0.02500000000019788
806 0.04535898384866709 0 0.02000000000009582
807 0.0496891108675927 0 0.02250000000010291
808 0.02803847577297435 0 0.02000000000008785
809 0.02370834875403335 0 0.02250000000004824
810 0.03236860279188783 0 0.0175000000000694
811 0.01937822173510723 0 0.05500000000003882
812 0.01937822173509766 0 0.06000000000001846
813 0.01937822173510138 0 0.04000000000002706
814 0.01937822173509389 0 0.03500000000001146
815 0.049689110867544 0 0.01750000000000046
816 0.05401923788647434 0 0.02000000000001748
817 0.05401923788647574 0 0.02500000000002033
818 0.05834936490539135 0 0.02250000000000653
819 0.05834936490539055 0 0.02750000000000471
820 0.02370834875402142 0 0.01750000000002329
821 0.01937822173509416 0 0.02000000000001259
822 0.02370834875401831 0 0.06250000000001495
823 0.05834936490539024 0 0.01750000000000423
824 0.06705573643955093 0 0.06257401680947457
825 0.06267949192431138 0 0.020000000000002
826 0.03669872981084907 0 0.05500000000015025
827 0.03669872981077815 0 0.06000000000000061
828 0.01937822173509197 0 0.06500000000000625
829 0.01504809471617025 0 0.05750000000000766
830 0.01504809471617055 0 0.05250000000000847
831 0.06267949192431101 0 0.01500000000000126
832 0.04535898384862934 0 0.01500000000001638
833 0.04968911086754522 0 0.0125000000000031
834 0.01948185144590982 0 0.01477670900631388
835 0.01533626923101051 0 0.01746278483438846
836 0.01520315831694728 0 0.02249927711264419
837 0.01477879465966137 0 0.0374529480578749
838 0.0670096366643755 0 0.04750003732986621
839 0.015003211373418 0 0.04249215800965102
840 0.0323686027918689 0 0.06250000000002781
841 0.03669872981078043 0 0.06500000000000511
842 0.0410288568297008 0 0.06250000000000119
843 0.03236860279185866 0 0.06750000000000597
844 0.01471418667712329 0 0.0323703938377059
845 0.04096064200144717 0 0.06738184845163615
846 0.04534761471058055 0 0.06498030807527302
847 0.01504809471616631 0 0.01250000000000105
848 0.0452309907771072 0 0.07070778820370582
849 0.04968911086754498 0 0.06750000000000016
850 0.04968721601120447 0 0.06249671801254565
851 0.05401892207707704 0 0.06499945300209102
852 0.02385409070655859 0 0.01239755694093939
853 0.02378155128868556 0 0.06737320949070891
854 0.06700961894323297 0 0.01750000000000075
855 0.06700961894323298 0 0.02250000000000065
856 0.02803847577301662 0 0.03000000000017651
857 0.01932885312799898 0 0.02997839897295352
858 0.05401923788646824 0 0.03000000000000445
859 0.05834936490538874 0 0.03250000000000072
860 0.0626794919243111 0 0.03000000000000107
861 0.06267949192431092 0 0.03500000000000045
862 0.06700961894323304 0 0.03250000000000036
863 0.06700961894323305 0 0.0375000000000002
864 0.07133974596215527 0 0.03500000000000013
865 0.06692588482059816 0 0.01264503175473108
866 0.05842842315284057 0 0.01263693290134506
867 0.0195999250400479 0 0.07066445126924019
868 0.01478172205192259 0 0.06764372235255725
869 0.01098887059361892 0 0.05500000000000349
870 0.0110340210763473 0 0.05000000000000274
871 0.01022738553382178 0 0.05993472602910589
872 0.01055163295214683 0 0.04000479331175636
873 0.01071796769724416 0 0.01500000000000112
874 0.01131741902633696 0 0.009168842805312561
875 0.04511413784082299 0 0.009159840351967111
876 0.04102885682969959 0 0.0125000000000005
877 0.04971473596721467 0 0.007826256985150784
878 0.05401923788646723 0 0.07000000000000006
879 0.05834931227049098 0 0.06749990883368182
880 0.00684226599734426 0 0.05654346175848977
881 0.009343640029659581 0 0.06550239951486905
882 0.05813640798369106 0 0.07249279509657637
883 0.06267317687836865 0 0.07006404853240278
884 0.06707090108421013 0 0.072890517528891
885 0.06728468072011595 0 0.06794063942793455
886 0.07147502446966966 0 0.0704977353543548
887 0.004163033653406239 0 0.06748952747958603
888 0.07133974596215525 0 0.02000000000000034
889 0.07133974596215518 0 0.03000000000000016
890 0.07132579027504947 0 0.01502417195912209
891 0.07091190568628858 0 0.009247232559253636
892 0.07133974596215542 0 0.0400000000000001
893 0.03668571231561083 0 0.06990088222553978
894 0.03245489921514706 0 0.0723831253448181
895 0.04535677318289222 0 0.05999617101463682
896 0.02813826146726749 0 0.06983259862996069
897 0.02779782403182928 0 0.07514600260354379
898 0.07566991119505503 0 0.05250008049834681
899 0.07566987298107754 0 0.03250000000000003
900 0.01073544024578734 0 0.04499949188690223
901 0.006297503078764336 0 0.04314904460744852
902 0.009102167358194874 0 0.03471768834720779
903 0.01082129697639657 0 0.02934033065147798
904 0.005754478651544092 0 0.03070116477015328
905 0.007185843186177656 0 0.04844142274905911
906 0.041028856829756 0 0.01750000000011933
907 0.03669872981079224 0 0.01500000000003184
908 0.03663051498252609 0 0.01011815154837082
909 0.0323572336538212 0 0.01251969192474568
910 0.03233783169725858 0 0.0076231766994719
911 0.03708063899333841 0 0.004812820779193061
912 0.02809947349562244 0 0.0100849455333594
913 0.01509620181365023 0 0.0474986083160944
914 0.07133980729814451 0 0.0500001292052298
915 0.02370834875410245 0 0.04750000000019292
916 0.07566987298107769 0 0.03750000000000002
917 0.02804898283252021 0 0.06498213120266805
918 0.05401923844719696 0 0.04000000118118785
919 0.03669872981095464 0 0.02000000000037387
920 0.04255341515176543 0 0.07559628586201918
921 0.05439176087034082 0 0.00926651216103146
922 0.07566987298107758 0 0.02250000000000011
923 0.03236860279501379 0 0.03750000000665366
924 0.01749999999999999 0 0.07566987298107782
925 0.06259221219739497 0 0.005090722493637055
926 0.04102885687362777 0 0.04750000009253501
927 0.04535898395486253 0 0.05000000022379722
928 0.05401923968756331 0 0.05500000379403867
929 0.004048933900196269 0 0.01748217681206353
930 0.007842620890135401 0 0.01914066590778556
931 0.02241820152386054 0 0.004309172786064129
932 0.01974585832369026 0 0.009050296176335926
933 0.01273426233107817 0 0.004422967489330612
934 0.04968911086759523 0 0.02750000000010809
935 0.02807103752914764 0 0.01500036573320417
936 0.0475 0 0.07566987298107782
937 0.06268723448804092 0 0.06001245476196659
938 0.07561228478618942 0 0.01238209856079669
939 0.01469288096696064 0 0.06259680798276075
940 0.01108547444251222 0 0.07111955898292543
941 0.02370012065286257 0 0.02749639982889632
942 0.07566988957273879 0 0.04750003495059611
943 0.06267950004846162 0 0.04500001711365185
944 0.04535898388432168 0 0.03500000007520232
945 0.01940074894993371 0 0.02499567931909265
946 0.02370834875401106 0 0.03250000000000087
947 0.04102848838542381 0 0.05749936183579829
948 0.02803847577348461 0 0.03500000000116216
949 0.01937875902757154 0 0.04499846105434781
950 0.03669872982021417 0 0.05000000001987828
951 0.03236860279392469 0 0.03250000000435962
952 0.05409450142502253 0 0.01490057417706697
953 0.04968911088740147 0 0.03250000004183011
954 0.06267949349448018 0 0.04000000330758659
955 0.01938632913344823 0 0.04999951156180722
956 0.04535898385900351 0 0.03000000002186937
957 0.0280402269495721 0 0.05999702186719753
958 0.07133976190362085 0 0.04500003358094873
959 0.05401923799712991 0 0.03500000023311473
960 0.06700962616938777 0 0.04250001522200894
961 0.06267949192431171 0 0.02500000000000253
962 0.07140112846424154 0 0.06513535750388241
963 0.05834936549512672 0 0.03750000124229281
964 0.04102879544893331 0 0.0524998936953599
965 0.06700961894323318 0 0.02750000000000083
966 0.06265949011544472 0 0.0103440791810269
967 0.07133974596215512 0 0.02500000000000026
968 0.04968842702859265 0 0.05749881571149168
969 0.04535842992591849 0 0.05499904065480203
970 0.05401875777016169 0 0.05999916930174646
971 0.0583505159068709 0 0.06250183519829958
972 0.06273344278390638 0 0.06509881726062663
973 0.008192673912451346 0 0.02478362608214311
974 0.01508579111266593 0 0.02750000000000104
975 0.07254320981292592 0 0.004162227732325865
976 0.003890641867218512 0 0.007726064158732553
977 0.007644091602913556 0 0.07530505306982346
978 0.07588692345762359 0 0.07235466575486091
979 0.05239551321465291 0 0.00421965822598719
980 0.04998098991126979 0 0.07192612416685941
981 0.01526912687945434 0 0.007873528302904383
982 0.0150859486475551 0 0.07209738298240713
983 0.047198705471169 0 0.004139395311191518
984 0.003643107649760009 0 0.02657557034493552
985 0.04046614141195884 0 0.008199167249485688
986 0.04050577777669506 0 0.07176383178693642
987 0.02433232108123502 0 0.07168355672953435
988 0.02433342948179493 0 0.008144819190200462
989 0.05757266332738917 0 0.07663007410434888
990 0.05898867881465965 0 0.008349032921057502
991 0.03249999999999999 0 0.00333448434842088
992 0.03248912914610211 0 0.07662425500159764
993 0.06629107850115827 0 0.008364132524313226
994 0.06749999999999996 0 0.0769064978189683
995 0.07633974596215559 0 0.003660254037844382
996 0.0033999007004342 0 0.003593899590855548
997 0.003660254037844359 0 0.07633974596215563
998 0.07633974596215562 0 0.07633974596215562
999 0.01234083338021436 0 0.02502055290118147
1000 0.002882412990050626 0 0.05738115934987738
1001 0.008076225574482067 0 0.05249697690151102
1002 0.003419697154091451 0 0.04693174455941793
1003 0.002704709640684522 0 0.04250000000000001
1004 0.01196695760737927 0 0.02033221996923046
1005 0.006797989258195434 0 0.01483246908913437
1006 0.003507627101401499 0 0.03392461164636703
1007 0.007440383304674896 0 0.01072301682579135
1008 0.007061653961666479 0 0.0702037837369011
1009 0.004483875076020776 0.08 0.03794768950390503
1010 0.07566987298107775 0.08 0.04250000000000002
1011 0.04247655841340711 0.08 0.004405023567896941
1012 0.03709812863754464 0.08 0.0752323541917812
1013 0.05319551468455096 0.08 0.07524999559409196
1014 0.004330127018922191 0.08 0.05249999999999999
1015 0.07566987298107755 0.08 0.02750000000000005
1016 0.02780203596349393 0.08 0.004766732375292862
1017 0.0756698729810778 0.08 0.05750000000000001
1018 0.02234404357834489 0.08 0.07540152165421822
1019 0.004268385684804607 0.08 0.02239306087238124
1020 0.05720143658639788 0.08 0.004461788894234775
1021 0.004789245140457807 0.08 0.06182604452182803
1022 0.0625637945242493 0.08 0.07557100243296873
1023 0.01749999999999998 0.08 0.004225535043541766
1024 0.07566987298107766 0.08 0.01750000000000007
1025 0.07571939829561454 0.08 0.06760432585745424
1026 0.06793362827353268 0.08 0.004481480624777196
1027 0.00433012701892219 0.08 0.01249999999999999
1028 0.012634518998403 0.08 0.07564947966217042
1029 0.0757661397747208 0.08 0.007521186846404394
1030 0.07186631737609334 0.08 0.07562059231245188
1031 0.00383754170361517 0.08 0.07246570008594536
1032 0.007588154960132132 0.08 0.005110724901567522
1033 0.07567812720016726 0.08 0.06251738764290905
1034 0.07134112166533718 0.08 0.06000289794048489
1035 0.07133997524601915 0.08 0.05500048299008085
1036 0.06700988644107427 0.08 0.05750056348842772
1037 0.06700970174018406 0.08 0.05250017441308484
1038 0.06267955030677644 0.08 0.05500012298358557
1039 0.06267951545421376 0.08 0.05000004956611188
1040 0.05834937855745026 0.08 0.05250002875828312
1041 0.05834937110238284 0.08 0.04750001305406602
1042 0.05401924119464258 0.08 0.05000000696872512
1043 0.0540192394706616 0.08 0.0450000033371321
1044 0.04968911168293961 0.08 0.04750000171764318
1045 0.04968911126747608 0.08 0.04250000084246284
1046 0.0453589840511767 0.08 0.04500000042668471
1047 0.04535898394903651 0.08 0.04000000021152494
1048 0.04102885688019479 0.08 0.04250000010636868
1049 0.04102885685485145 0.08 0.03750000005298267
1050 0.04968911095093531 0.08 0.03750000017566491
1051 0.03669872982338548 0.08 0.04000000002655901
1052 0.03669872982129491 0.08 0.04500000002215505
1053 0.03669872981707088 0.08 0.03500000001325738
1054 0.03236860279185561 0.08 0.04250000000000071
1055 0.03236860279360854 0.08 0.04750000000369312
1056 0.0496891115548064 0.08 0.0525000014477283
1057 0.02803847577322559 0.08 0.04500000000061619
1058 0.02803847577327437 0.08 0.05000000000071876
1059 0.03236860279220473 0.08 0.05250000000073578
1060 0.02803847577298205 0.08 0.04000000000010336
1061 0.05834936620225362 0.08 0.04250000273186655
1062 0.04102885683494063 0.08 0.03250000001104038
1063 0.03669872981269993 0.08 0.03000000000405007
1064 0.04102885683089361 0.08 0.02750000000251546
1065 0.03669872981129688 0.08 0.0250000000010947
1066 0.03236860279226231 0.08 0.02750000000085798
1067 0.02803847577304862 0.08 0.05500000000024297
1068 0.02370834875406801 0.08 0.04250000000012053
1069 0.02370834875402871 0.08 0.03750000000003791
1070 0.02370834875408737 0.08 0.05250000000016092
1071 0.02370834875404334 0.08 0.05750000000006791
1072 0.04102885682998521 0.08 0.02250000000060206
1073 0.04535898384886847 0.08 0.02500000000051991
1074 0.05834937691114348 0.08 0.0575000252903116
1075 0.03236860279193322 0.08 0.05750000000016357
1076 0.03236860279200966 0.08 0.02250000000032594
1077 0.02803847577302668 0.08 0.02500000000019788
1078 0.04535898384866709 0.08 0.02000000000009582
1079 0.0496891108675927 0.08 0.02250000000010291
1080 0.02803847577297435 0.08 0.02000000000008785
1081 0.02370834875403335 0.08 0.02250000000004824
1082 0.03236860279188783 0.08 0.0175000000000694
1083 0.01937822173510723 0.08 0.05500000000003882
1084 0.01937822173509766 0.08 0.06000000000001846
1085 0.01937822173510138 0.08 0.04000000000002706
1086 0.01937822173509389 0.08 0.03500000000001146
1087 0.049689110867544 0.08 0.01750000000000046
1088 0.05401923788647434 0.08 0.02000000000001748
1089 0.05401923788647574 0.08 0.02500000000002033
1090 0.05834936490539135 0.08 0.02250000000000653
1091 0.05834936490539055 0.08 0.02750000000000471
1092 0.02370834875402142 0.08 0.01750000000002329
1093 0.01937822173509416 0.08 0.02000000000001259
1094 0.02370834875401831 0.08 0.06250000000001495
1095 0.05834936490539024 0.08 0.01750000000000423
1096 0.06705573643955093 0.08 0.06257401680947457
1097 0.06267949192431138 0.08 0.020000000000002
1098 0.03669872981084907 0.08 0.05500000000015025
1099 0.03669872981077815 0.08 0.06000000000000061
1100 0.01937822173509197 0.08 0.06500000000000625
1101 0.01504809471617025 0.08 0.05750000000000766
1102 0.01504809471617055 0.08 0.05250000000000847
1103 0.06267949192431101 0.08 0.01500000000000126
1104 0.04535898384862934 0.08 0.01500000000001638
1105 0.04968911086754522 0.08 0.0125000000000031
1106 0.01948185144590982 0.08 0.01477670900631388
1107 0.01533626923101051 0.08 0.01746278483438846
1108 0.01520315831694728 0.08 0.02249927711264419
1109 0.01477879465966137 0.08 0.0374529480578749
1110 0.0670096366643755 0.08 0.04750003732986621
1111 0.015003211373418 0.08 0.04249215800965102
1112 0.0323686027918689 0.08 0.06250000000002781
1113 0.03669872981078043 0.08 0.06500000000000511
1114 0.0410288568297008 0.08 0.06250000000000119
1115 0.03236860279185866 0.08 0.06750000000000597
1116 0.01471418667712329 0.08 0.0323703938377059
1117 0.04096064200144717 0.08 0.06738184845163615
1118 0.04534761471058055 0.08 0.06498030807527302
1119 0.01504809471616631 0.08 0.01250000000000105
1120 0.0452309907771072 0.08 0.07070778820370582
1121 0.04968911086754498 0.08 0.06750000000000016
1122 0.04968721601120447 0.08 0.06249671801254565
1123 0.05401892207707704 0.08 0.06499945300209102
1124 0.02385409070655859 0.08 0.01239755694093939
1125 0.02378155128868556 0.08 0.06737320949070891
1126 0.06700961894323297 0.08 0.01750000000000075
1127 0.06700961894323298 0.08 0.02250000000000065
1128 0.02803847577301662 0.08 0.03000000000017651
1129 0.01932885312799898 0.08 0.02997839897295352
1130 0.05401923788646824 0.08 0.03000000000000445
1131 0.05834936490538874 0.08 0.03250000000000072
1132 0.0626794919243111 0.08 0.03000000000000107
1133 0.06267949192431092 0.08 0.03500000000000045
1134 0.06700961894323304 0.08 0.03250000000000036
1135 0.06700961894323305 0.08 0.0375000000000002
1136 0.07133974596215527 0.08 0.03500000000000013
1137 0.06692588482059816 0.08 0.01264503175473108
1138 0.05842842315284057 0.08 0.01263693290134506
1139 0.0195999250400479 0.08 0.07066445126924019
1140 0.01478172205192259 0.08 0.06764372235255725
1141 0.01098887059361892 0.08 0.05500000000000349
1142 0.0110340210763473 0.08 0.05000000000000274
1143 0.01022738553382178 0.08 0.05993472602910589
1144 0.01055163295214683 0.08 0.04000479331175636
1145 0.01071796769724416 0.08 0.01500000000000112
1146 0.01131741902633696 0.08 0.009168842805312561
1147 0.04511413784082299 0.08 0.009159840351967111
1148 0.04102885682969959 0.08 0.0125000000000005
1149 0.04971473596721467 0.08 0.007826256985150784
1150 0.05401923788646723 0.08 0.07000000000000006
1151 0.05834931227049098 0.08 0.06749990883368182
1152 0.00684226599734426 0.08 0.05654346175848977
1153 0.009343640029659581 0.08 0.06550239951486905
1154 0.05813640798369106 0.08 0.07249279509657637
1155 0.06267317687836865 0.08 0.07006404853240278
1156 0.06707090108421013 0.08 0.072890517528891
1157 0.06728468072011595 0.08 0.06794063942793455
1158 0.07147502446966966 0.08 0.0704977353543548
1159 0.004163033653406239 0.08 0.06748952747958603
1160 0.07133974596215525 0.08 0.02000000000000034
1161 0.07133974596215518 0.08 0.03000000000000016
1162 0.07132579027504947 0.08 0.01502417195912209
1163 0.07091190568628858 0.08 0.009247232559253636
1164 0.07133974596215542 0.08 0.0400000000000001
1165 0.03668571231561083 0.08 0.06990088222553978
1166 0.03245489921514706 0.08 0.0723831253448181
1167 0.04535677318289222 0.08 0.05999617101463682
1168 0.02813826146726749 0.08 0.06983259862996069
1169 0.02779782403182928 0.08 0.07514600260354379
1170 0.07566991119505503 0.08 0.05250008049834681
1171 0.07566987298107754 0.08 0.03250000000000003
1172 0.01073544024578734 0.08 0.04499949188690223
1173 0.006297503078764336 0.08 0.04314904460744852
1174 0.009102167358194874 0.08 0.03471768834720779
1175 0.01082129697639657 0.08 0.02934033065147798
1176 0.005754478651544092 0.08 0.03070116477015328
1177 0.007185843186177656 0.08 0.04844142274905911
1178 0.041028856829756 0.08 0.01750000000011933
1179 0.03669872981079224 0.08 0.01500000000003184
1180 0.03663051498252609 0.08 0.01011815154837082
1181 0.0323572336538212 0.08 0.01251969192474568
1182 0.03233783169725858 0.08 0.0076231766994719
1183 0.03708063899333841 0.08 0.004812820779193061
1184 0.02809947349562244 0.08 0.0100849455333594
1185 0.01509620181365023 0.08 0.0474986083160944
1186 0.07133980729814451 0.08 0.0500001292052298
1187 0.02370834875410245 0.08 0.04750000000019292
1188 0.07566987298107769 0.08 0.03750000000000002
1189 0.02804898283252021 0.08 0.06498213120266805
1190 0.05401923844719696 0.08 0.04000000118118785
1191 0.03669872981095464 0.08 0.02000000000037387
1192 0.04255341515176543 0.08 0.07559628586201918
1193 0.05439176087034082 0.08 0.00926651216103146
1194 0.07566987298107758 0.08 0.02250000000000011
1195 0.03236860279501379 0.08 0.03750000000665366
1196 0.01749999999999999 0.08 0.07566987298107782
1197 0.06259221219739497 0.08 0.005090722493637055
1198 0.04102885687362777 0.08 0.04750000009253501
1199 0.04535898395486253 0.08 0.05000000022379722
1200 0.05401923968756331 0.08 0.05500000379403867
1201 0.004048933900196269 0.08 0.01748217681206353
1202 0.007842620890135401 0.08 0.01914066590778556
1203 0.02241820152386054 0.08 0.004309172786064129
1204 0.01974585832369026 0.08 0.009050296176335926
1205 0.01273426233107817 0.08 0.004422967489330612
1206 0.04968911086759523 0.08 0.02750000000010809
1207 0.02807103752914764 0.08 0.01500036573320417
1208 0.0475 0.08 0.07566987298107782
1209 0.06268723448804092 0.08 0.06001245476196659
1210 0.07561228478618942 0.08 0.01238209856079669
1211 0.01469288096696064 0.08 0.06259680798276075
1212 0.01108547444251222 0.08 0.07111955898292543
1213 0.02370012065286257 0.08 0.02749639982889632
1214 0.07566988957273879 0.08 0.04750003495059611
1215 0.06267950004846162 0.08 0.04500001711365185
1216 0.04535898388432168 0.08 0.03500000007520232
1217 0.01940074894993371 0.08 0.02499567931909265
1218 0.02370834875401106 0.08 0.03250000000000087
1219 0.04102848838542381 0.08 0.05749936183579829
1220 0.02803847577348461 0.08 0.03500000000116216
1221 0.01937875902757154 0.08 0.04499846105434781
1222 0.03669872982021417 0.08 0.05000000001987828
1223 0.03236860279392469 0.08 0.03250000000435962
1224 0.05409450142502253 0.08 0.01490057417706697
1225 0.04968911088740147 0.08 0.03250000004183011
1226 0.06267949349448018 0.08 0.04000000330758659
1227 0.01938632913344823 0.08 0.04999951156180722
1228 0.04535898385900351 0.08 0.03000000002186937
1229 0.0280402269495721 0.08 0.05999702186719753
1230 0.07133976190362085 0.08 0.04500003358094873
1231 0.05401923799712991 0.08 0.03500000023311473
1232 0.06700962616938777 0.08 0.04250001522200894
1233 0.06267949192431171 0.08 0.02500000000000253
1234 0.07140112846424154 0.08 0.06513535750388241
1235 0.05834936549512672 0.08 0.03750000124229281
1236 0.04102879544893331 0.08 0.0524998936953599
1237 0.06700961894323318 0.08 0.02750000000000083
1238 0.06265949011544472 0.08 0.0103440791810269
1239 0.07133974596215512 0.08 0.02500000000000026
1240 0.04968842702859265 0.08 0.05749881571149168
1241 0.04535842992591849 0.08 0.05499904065480203
1242 0.05401875777016169 0.08 0.05999916930174646
1243 0.0583505159068709 0.08 0.06250183519829958
1244 0.06273344278390638 0.08 0.06509881726062663
1245 0.008192673912451346 0.08 0.02478362608214311
1246 0.01508579111266593 0.08 0.02750000000000104
1247 0.07254320981292592 0.08 0.004162227732325865
1248 0.003890641867218512 0.08 0.007726064158732553
1249 0.007644091602913556 0.08 0.07530505306982346
1250 0.07588692345762359 0.08 0.07235466575486091
1251 0.05239551321465291 0.08 0.00421965822598719
1252 0.04998098991126979 0.08 0.07192612416685941
1253 0.01526912687945434 0.08 0.007873528302904383
1254 0.0150859486475551 0.08 0.07209738298240713
1255 0.047198705471169 0.08 0.004139395311191518
1256 0.003643107649760009 0.08 0.02657557034493552
1257 0.04046614141195884 0.08 0.008199167249485688
1258 0.04050577777669506 0.08 0.07176383178693642
1259 0.02433232108123502 0.08 0.07168355672953435
1260 0.02433342948179493 0.08 0.008144819190200462
1261 0.05757266332738917 0.08 0.07663007410434888
1262 0.05898867881465965 0.08 0.008349032921057502
1263 0.03249999999999999 0.08 0.00333448434842088
1264 0.03248912914610211 0.08 0.07662425500159764
1265 0.06629107850115827 0.08 0.008364132524313226
1266 0.06749999999999996 0.08 0.0769064978189683
1267 0.07633974596215559 0.08 0.003660254037844382
1268 0.0033999007004342 0.08 0.003593899590855548
1269 0.003660254037844359 0.08 0.07633974596215563
1270 0.07633974596215562 0.08 0.07633974596215562
1271 0.01234083338021436 0.08 0.02502055290118147
1272 0.002882412990050626 0.08 0.05738115934987738
1273 0.008076225574482067 0.08 0.05249697690151102
1274 0.003419697154091451 0.08 0.04693174455941793
1275 0.002704709640684522 0.08 0.04250000000000001
1276 0.01196695760737927 0.08 0.02033221996923046
1277 0.006797989258195434 0.08 0.01483246908913437
1278 0.003507627101401499 0.08 0.03392461164636703
1279 0.007440383304674896 0.08 0.01072301682579135
1280 0.007061653961666479 0.08 0.0702037837369011
1281 0.03749999999999995 0.07566987298107783 0
1282 0.07601226688188761 0.03763258544344337 0
1283 0.00476764580821907 0.0370981286375445 0
1284 0.04179514089494588 0.004773797079048472 0
1285 0.05249999999999999 0.0756698729810778 0
1286 0.004726147065049086 0.05306366288805708 0
1287 0.0282142857142857 0.004778852588647403 0
1288 0.07577350269189623 0.0525 0
1289 0.05682604452182755 0.004789245140458053 0
1290 0.004598478345782196 0.02234404357834465 0
1291 0.02249999999999999 0.07566987298107782 0
1292 0.07483408380453074 0.02260832205976173 0
1293 0.06249999999999999 0.07566987298107782 0
1294 0.004532970422126963 0.06257692511041897 0
1295 0.07573329484275085 0.0625 0
1296 0.01666666666666667 0.003625929837722241 0
1297 0.06728896869686542 0.004140956561029964 0
1298 0.004903334484372179 0.01198142645343782 0
1299 0.01254086508806382 0.0756934664506719 0
1300 0.07576489884837845 0.01239446043383485 0
1301 0.07247881315359561 0.07576613977472085 0
1302 0.004528486237203891 0.07204087190471292 0
1303 0.007945823746280877 0.004057831690524522 0
1304 0.06749646885893258 0.07568591744668497 0
1305 0.06499941147648876 0.07134242003975683 0
1306 0.05999990191274812 0.07134019164175583 0
1307 0.06249988556487281 0.06701013890276698 0
1308 0.0575 0.06700961894323344 0
1309 0.0599999809274788 0.06267957858423351 0
1310 0.05499999682124646 0.06267950636763162 0
1311 0.05749999629145421 0.05834938175592949 0
1312 0.0525 0.05834936490538905 0
1313 0.05499999938190903 0.05401924069489025 0
1314 0.04999999989698482 0.05401923835453743 0
1315 0.05249999987981564 0.04968911141362699 0
1316 0.0475 0.04968911086754467 0
1317 0.04999999997996927 0.04535898393963619 0
1318 0.04499999999666154 0.04535898386379143 0
1319 0.04749999999610514 0.0410288568473974 0
1320 0.0425 0.04102885682970029 0
1321 0.03999999999944358 0.04535898385115064 0
1322 0.03749999999990727 0.04102885683012163 0
1323 0.0349999999998918 0.04535898384911406 0
1324 0.03999999999998455 0.03669872981084833 0
1325 0.03499999999998198 0.03669872981086 0
1326 0.03749999999999443 0.03236860279188125 0
1327 0.03249999999999607 0.03236860279187376 0
1328 0.03499999999999842 0.0280384757729409 0
1329 0.03999999999999881 0.02803847577293914 0
1330 0.02999999999999909 0.02803847577293787 0
1331 0.0524999999960124 0.04102885684781876 0
1332 0.0274999999999992 0.03236860279185955 0
1333 0.03749999999988921 0.04968911086804796 0
1334 0.03249999999996349 0.04968911086771047 0
1335 0.03499999999997541 0.05401923788657837 0
1336 0.02999999999998978 0.05401923788651306 0
1337 0.02749999999999221 0.04968911086757997 0
1338 0.02499999999999696 0.0540192378864804 0
1339 0.02500000000000002 0.02803847577293368 0
1340 0.02249999999999952 0.04968911086754671 0
1341 0.05749999987695412 0.04968911142662894 0
1342 0.03249999999999959 0.0237083487540134 0
1343 0.02249999999999987 0.03236860279185648 0
1344 0.03249999999999412 0.05834936490541534 0
1345 0.04999999947020773 0.0626794943315313 0
1346 0.01999999999999937 0.05401923788646937 0
1347 0.0224999999999993 0.05834936490539167 0
1348 0.01999999999999999 0.02803847577293377 0
1349 0.02250000000000002 0.0237083487540115 0
1350 0.04999999999868624 0.03669872981674736 0
1351 0.05499999999954921 0.03669872981282636 0
1352 0.05249999999970591 0.03236860279319216 0
1353 0.05749999999999999 0.0323686027918559 0
1354 0.05499999999995098 0.02803847577315641 0
1355 0.05969206494940127 0.02819987825971183 0
1356 0.05734730024176483 0.02378554951120742 0
1357 0.05988749295616794 0.03676368578311824 0
1358 0.05247455004028596 0.02372121554691462 0
1359 0.0175598002756238 0.04972363657277445 0
1360 0.0547075046951411 0.01954496277183379 0
1361 0.04994700912257115 0.01940815637336393 0
1362 0.0596162102799311 0.01913373555455104 0
1363 0.06243590319236623 0.05831237804010049 0
1364 0.01749999999999999 0.03236860279185598 0
1365 0.0174999999999997 0.05834936490538978 0
1366 0.01750000000000002 0.0237083487540115 0
1367 0.02000000000000003 0.01937822173508929 0
1368 0.0199999999999997 0.06267949192431171 0
1369 0.03749999999999488 0.05834936490541204 0
1370 0.03499999999999993 0.06267949192431124 0
1371 0.02499999999999862 0.04535898384862867 0
1372 0.01500000000000002 0.01937822173508929 0
1373 0.052179615284418 0.01523260377373161 0
1374 0.04743777073449817 0.01538681886206408 0
1375 0.01499999999999979 0.0626794919243113 0
1376 0.04924048175479103 0.01055245163217683 0
1377 0.01750000000000003 0.01504809471616709 0
1378 0.02250000000000003 0.01535107824609086 0
1379 0.02499999999999971 0.06267949192431174 0
1380 0.03999999999999908 0.06267949192431509 0
1381 0.01999999999999998 0.03669872981077818 0
1382 0.015 0.0366987298107781 0
1383 0.0125 0.0323686027918559 0
1384 0.01749999999999984 0.06700961894323346 0
1385 0.04498079664284488 0.01943966486578459 0
1386 0.04248642789622382 0.0154177727921896 0
1387 0.01249999999999985 0.05834936490538903 0
1388 0.01249999999999979 0.06700961894323326 0
1389 0.06788738359950235 0.06694690718125647 0
1390 0.01262679050929517 0.02378155128868373 0
1391 0.04249999999999898 0.05834936490539353 0
1392 0.04749999999973203 0.0323686027930735 0
1393 0.03749999999999976 0.06700961894323408 0
1394 0.04249999999999977 0.06700961894323419 0
1395 0.03249999999999988 0.0670096189432334 0
1396 0.03999453742317811 0.01945007526954228 0
1397 0.03749682755323364 0.01512168331791303 0
1398 0.0175 0.04102885682970026 0
1399 0.01259980762849573 0.04097123286852107 0
1400 0.01258878369759357 0.01504007893013924 0
1401 0.05512277036530452 0.01086765533945273 0
1402 0.04061119947777189 0.01056380141357427 0
1403 0.0351013378385009 0.01070453808359081 0
1404 0.03251636089862242 0.01505812121418243 0
1405 0.02940456920734415 0.01050071365874451 0
1406 0.02071428571428574 0.01075824538530428 0
1407 0.05225105658130889 0.006705688767269124 0
1408 0.06028231165279296 0.009102167358194416 0
1409 0.03750153564224372 0.007026937379044203 0
1410 0.04484256167842601 0.008608060217032084 0
1411 0.05964512380626952 0.01379197953813254 0
1412 0.06386194309541646 0.01587578266696544 0
1413 0.06491337619922548 0.02068502897466405 0
1414 0.06836599758305895 0.01736998446326561 0
1415 0.06752672711639685 0.01221466948721004 0
1416 0.06963184305198697 0.02217601703095897 0
1417 0.06625162918109034 0.02554127261761148 0
1418 0.07078389253884407 0.02704160011672018 0
1419 0.06714649189818836 0.03047228456381099 0
1420 0.071836960877864 0.03166933943222898 0
1421 0.06827231865689978 0.03537707154337101 0
1422 0.04794703441563882 0.004763529619458743 0
1423 0.06247665392661773 0.004533267894774502 0
1424 0.009922161737021006 0.06266239745532907 0
1425 0.00747216388362337 0.06718825989597492 0
1426 0.007510451212282858 0.05802859804094346 0
1427 0.01014686379679111 0.05373902770738662 0
1428 0.008217160844147767 0.04908118495852789 0
1429 0.009964450956212356 0.0715138994925652 0
1430 0.04749999989453191 0.0583493653846049 0
1431 0.0349999999999998 0.07133974596215562 0
1432 0.02999999999999987 0.0713397459621556 0
1433 0.0333702880670624 0.006403410165232722 0
1434 0.02516662812718313 0.008644690232049905 0
1435 0.02189455231748875 0.005117282300040579 0
1436 0.05998931645711393 0.05401307677859346 0
1437 0.06249821938901134 0.04968808410941315 0
1438 0.05999970321099424 0.04535881281544793 0
1439 0.06499965376666758 0.04535878421673813 0
1440 0.06763319055748346 0.04990418167687347 0
1441 0.07076239576622345 0.04518454610333026 0
1442 0.06712699696290676 0.04067295405598507 0
1443 0.047483725967617 0.02372572284765701 0
1444 0.01009606045448426 0.03668747746012217 0
1445 0.007616365101853974 0.03245519340589832 0
1446 0.02749999999999661 0.05834936490540391 0
1447 0.0324999999999635 0.04102885682986608 0
1448 0.01016731644448669 0.02813831049905838 0
1449 0.004853912470902052 0.02779787306362089 0
1450 0.04249999999933238 0.04968911087057808 0
1451 0.07572453191323002 0.0425528552577956 0
1452 0.04249999999999996 0.07566987298107782 0
1453 0.04749999999999997 0.0756698729810778 0
1454 0.04999999999999999 0.07133974596215562 0
1455 0.0151338449019799 0.01099424757728974 0
1456 0.01015510187571189 0.01121840343127102 0
1457 0.0125176921607555 0.006776240926713532 0
1458 0.07575108944200935 0.007510554659214762 0
1459 0.003947936079163277 0.04257318755259909 0
1460 0.07572503182589205 0.0172350303945431 0
1461 0.009348232116132199 0.01959877992775741 0
1462 0.07569771490982635 0.05750000000000002 0
1463 0.07172602692071747 0.06013982337557106 0
1464 0.07070105732032202 0.05459865473458662 0
1465 0.01750681084801063 0.07567380522601015 0
1466 0.02000113514133502 0.071340401336311 0
1467 0.01500221033893691 0.07137346839867081 0
1468 0.02500000000000002 0.0194287189900766 0
1469 0.02499999999999985 0.03669872981077879 0
1470 0.004369259369085089 0.01745332890633849 0
1471 0.02749999999999979 0.02371676496317706 0
1472 0.05499998365212468 0.07133982024208899 0
1473 0.07566987298107782 0.0475 0
1474 0.07591790500907239 0.06721662714353166 0
1475 0.0299999999999901 0.03669872981082306 0
1476 0.05499995049062428 0.04535895554547651 0
1477 0.04499999999908466 0.03669872981493713 0
1478 0.04249999999979907 0.03236860279276885 0
1479 0.01501786363907811 0.02804898581064002 0
1480 0.0449999998941229 0.06267949240538541 0
1481 0.04499999999999995 0.05401923788646688 0
1482 0.03999999999986513 0.05401923788707948 0
1483 0.06500000000000004 0.05401923788646693 0
1484 0.02999999999999833 0.06267949192431817 0
1485 0.07015265586133484 0.07175685788393485 0
1486 0.05748119110889134 0.04103964960573134 0
1487 0.06230333262384772 0.04104705868663192 0
1488 0.02999999999996827 0.04535898384876658 0
1489 0.02749999999999997 0.07566987298107783 0
1490 0.03749908957052915 0.02372032434308943 0
1491 0.04749999989405505 0.06700961942461592 0
1492 0.06478138032693306 0.06263132382696393 0
1493 0.03999999999999986 0.07133974596215584 0
1494 0.04499728766119116 0.02804137145556395 0
1495 0.04999259394474717 0.02804399853492627 0
1496 0.06294056848476226 0.03271072531740626 0
1497 0.02249999999999974 0.04102885682970142 0
1498 0.01509424428769296 0.05401281617938808 0
1499 0.03000272681643697 0.01938971172878432 0
1500 0.02749999999999321 0.04102885682973112 0
1501 0.0424972933227259 0.02371840354206469 0
1502 0.0574999809274788 0.07566995964100007 0
1503 0.05249999663960564 0.06700963421187614 0
1504 0.02749999999999959 0.06700961894323465 0
1505 0.02000996671260362 0.04536473813282899 0
1506 0.03500159037699997 0.01940804410458748 0
1507 0.0274039428204006 0.0153773687857777 0
1508 0.03249999999999996 0.07566987298107784 0
1509 0.015165534115231 0.04534589075623698 0
1510 0.0225001891902223 0.0670097281722597 0
1511 0.04499999998234243 0.0713397460423862 0
1512 0.02500022072192612 0.07133987339601944 0
1513 0.07568749740840769 0.02773197653114132 0
1514 0.07196267979958994 0.009729515111810715 0
1515 0.07530450632385792 0.07208918916484518 0
1516 0.07215759731912107 0.004677622522305439 0
1517 0.004087371087680891 0.007285094809328953 0
1518 0.00765268018898147 0.07589707439605332 0
1519 0.07204278689916735 0.06467665185669397 0
1520 0.01281591235254852 0.04969350834853457 0
1521 0.003915818556172488 0.0475 0
1522 0.06723234241707546 0.05873550298565337 0
1523 0.06492764300408528 0.008256358784769073 0
1524 0.01063376117516852 0.04515546893497843 0
1525 0.0717419174555837 0.03966851488864113 0
1526 0.07210800386340059 0.04993747650295807 0
1527 0.008095238660732484 0.01501520291799999 0
1528 0.0761942027785755 0.03267185459593499 0
1529 0.06193020567443883 0.02434175892582516 0
1530 0.07180897455992322 0.01451843960498719 0
1531 0.0641061419369169 0.03731429907730251 0
1532 0.008159742412188814 0.04109451037334094 0
1533 0.008318945977319662 0.02433211167149301 0
1534 0.003374265848956672 0.05756086974382649 0
1535 0.003306724108590845 0.06736121138222137 0
1536 0.003375701669038059 0.03248915416232242 0
1537 0.06323049929861167 0.01184501412116724 0
1538 0.07203335171653184 0.019040637270653 0
1539 0.003660254037844383 0.003660254037844383 0
1540 0.003660254037844367 0.07633974596215562 0
1541 0.07633974596215562 0.07633974596215562 0
1542 0.07633974596215563 0.003660254037844352 0
1543 0.07249595246900334 0.03559569659946821 0
1544 0.06376065319521997 0.02870508863720516 0
1545 0.06874968674211403 0.06271160005023127 0
1546 0.03249999999999999 0.002704709640684692 0
1547 0.05245144239987504 0.002983782632905349 0
1548 0.03708902760240237 0.003102719540336224 0
1549 0.01744153487358947 0.007728120887608108 0
1550 0.01248074669792289 0.00275346298572512 0
1551 0.006886896388239605 0.04514971532094225 0
1552 0.06876069733322714 0.00770207728623829 0
1553 0.007810971048851204 0.007999749822712584 0
1554 0.07226104753858696 0.06853724664605242 0
1555 0.04497218961674276 0.01237913130631371 0
1556 0.02501932917032794 0.01232696601189257 0
1557 0.05615965431552231 0.01578398339296737 0
1558 0.03750000000000005 0.07566987298107783 0.08
1559 0.03749999999999999 0.004330127018922191 0.08
1560 0.0755949764321031 0.04247655841340725 0.08
1561 0.004330127018922191 0.0425 0.08
1562 0.07523326762470728 0.02780203596349418 0.08
1563 0.05249999999999998 0.0756698729810778 0.08
1564 0.004775050631873238 0.0277935203609766 0.08
1565 0.05166666666666651 0.003625929837722258 0.08
1566 0.004461788894234593 0.05720143658639834 0.08
1567 0.07553821110576528 0.05720143658639816 0.08
1568 0.02179514089494566 0.004773797079048735 0.08
1569 0.0225 0.07566987298107786 0.08
1570 0.06249999999999999 0.07566987298107782 0.08
1571 0.06321428571428568 0.004778852588647419 0.08
1572 0.004330127018922191 0.01749999999999999 0.08
1573 0.0755967334059142 0.01707896023845921 0.08
1574 0.004481480624777147 0.067933628273533 0.08
1575 0.07551851937522286 0.06793362827353287 0.08
1576 0.01249999999999999 0.00433012701892219 0.08
1577 0.01249999999999999 0.07566987298107786 0.08
1578 0.0718610958928544 0.004545640459683982 0.08
1579 0.07247881315359561 0.07576613977472084 0.08
1580 0.003942195377515075 0.007188646185693278 0.08
1581 0.06749646885893258 0.07568591744668496 0.08
1582 0.06499941147648876 0.0713424200397568 0.08
1583 0.05999990191274812 0.07134019164175583 0.08
1584 0.06249988556487281 0.06701013890276698 0.08
1585 0.0575 0.06700961894323346 0.08
1586 0.05999998092747878 0.06267957858423349 0.08
1587 0.05499999682124644 0.0626795063676316 0.08
1588 0.05749999629145417 0.05834938175592949 0.08
1589 0.05249999999999997 0.05834936490538907 0.08
1590 0.05499999938190898 0.05401924069489028 0.08
1591 0.04999999989698479 0.05401923835453747 0.08
1592 0.05249999987981556 0.04968911141362702 0.08
1593 0.04749999999999992 0.04968911086754473 0.08
1594 0.04999999997996916 0.04535898393963624 0.08
1595 0.04499999999666143 0.0453589838637915 0.08
1596 0.04749999999610499 0.04102885684739746 0.08
1597 0.04249999999999984 0.04102885682970039 0.08
1598 0.03999999999944349 0.04535898385115076 0.08
1599 0.03749999999990711 0.04102885683012181 0.08
1600 0.04499999999935067 0.0366987298137277 0.08
1601 0.0349999999998917 0.04535898384911425 0.08
1602 0.03249999999998276 0.04102885682977813 0.08
1603 0.02999999999997901 0.04535898384871757 0.08
1604 0.04999999999924248 0.03669872981421924 0.08
1605 0.04749999999976538 0.03236860279292107 0.08
1606 0.03249999999997842 0.04968911086764262 0.08
1607 0.02749999999999532 0.04102885682972107 0.08
1608 0.02999999999999619 0.03669872981079469 0.08
1609 0.02749999999999286 0.04968911086757702 0.08
1610 0.05249999999988172 0.03236860279239238 0.08
1611 0.04999999999994102 0.02803847577320068 0.08
1612 0.0449999999999509 0.02803847577315579 0.08
1613 0.0299999999999952 0.05401923788648873 0.08
1614 0.02499999999999883 0.03669872981078278 0.08
1615 0.02749999999999898 0.03236860279185962 0.08
1616 0.05499999999999979 0.02803847577293374 0.08
1617 0.0549999999766307 0.04535898395480516 0.08
1618 0.04749999998283078 0.05834936498340085 0.08
1619 0.024999999999998 0.05401923788647609 0.08
1620 0.0574999999999801 0.03236860279194532 0.08
1621 0.04749999999998181 0.02370834875409306 0.08
1622 0.04249999999998861 0.0237083487540622 0.08
1623 0.02249999999999842 0.0496891108675518 0.08
1624 0.02249999999999954 0.03236860279185716 0.08
1625 0.02499999999999953 0.02803847577293474 0.08
1626 0.05999999927889377 0.05401924116296079 0.08
1627 0.02749999999999888 0.0583493649053944 0.08
1628 0.02249999999999949 0.0583493649053917 0.08
1629 0.04499999999999486 0.01937822173511141 0.08
1630 0.03999999999999703 0.01937822173510155 0.08
1631 0.04999999999999592 0.01937822173510659 0.08
1632 0.0199999999999996 0.03669872981077933 0.08
1633 0.0599999999999965 0.02803847577294861 0.08
1634 0.01999999999999965 0.02803847577293427 0.08
1635 0.0224999999999996 0.023708348754012 0.08
1636 0.06249999999999595 0.03236860279187328 0.08
1637 0.03249999999999902 0.05834936490539372 0.08
1638 0.03000000000000004 0.06267949192431149 0.08
1639 0.03499999999999987 0.06267949192431216 0.08
1640 0.01749999999999962 0.02370834875401195 0.08
1641 0.01974234602058158 0.01952697832946448 0.08
1642 0.02467169334140304 0.01880006339789348 0.08
1643 0.03749999999999744 0.02370834875402211 0.08
1644 0.04749999999999822 0.01504809471617373 0.08
1645 0.05249999999999945 0.01504809471616816 0.08
1646 0.06499997774872524 0.06267959302755388 0.08
1647 0.01499999999999968 0.02803847577293417 0.08
1648 0.06499999999999978 0.02803847577293371 0.08
1649 0.06249999999999924 0.02370834875401399 0.08
1650 0.06749999999999914 0.03236860279185878 0.08
1651 0.06499999999999904 0.03669872981078146 0.08
1652 0.01495705767009657 0.01940301450081888 0.08
1653 0.0171922466356947 0.01522577620389294 0.08
1654 0.0349999999999997 0.0193782217350895 0.08
1655 0.03749999999999921 0.0150480947161693 0.08
1656 0.03259871284720073 0.01510508660507172 0.08
1657 0.03249999999999903 0.03236860279185942 0.08
1658 0.03749999999999982 0.05834936490539006 0.08
1659 0.05249999947020774 0.06700962135045349 0.08
1660 0.03999999999999998 0.06267949192431162 0.08
1661 0.03250000000000007 0.06700961894323373 0.08
1662 0.02750000000000008 0.06700961894323368 0.08
1663 0.06755418628422169 0.02380363809844788 0.08
1664 0.06523232204106268 0.01949773300331425 0.08
1665 0.01253033441522513 0.01507382463904873 0.08
1666 0.06003872034017686 0.01939814027979387 0.08
1667 0.06254517373020649 0.01537431654824582 0.08
1668 0.0675438317404046 0.01541562913496116 0.08
1669 0.03249999999999931 0.02370834875401346 0.08
1670 0.03000000000000006 0.07133974596215577 0.08
1671 0.06988184845163445 0.03663051498252533 0.08
1672 0.06736215652690698 0.04094927286340494 0.08
1673 0.06247702608781754 0.04101559283531828 0.08
1674 0.06497319710245393 0.0453435091885096 0.08
1675 0.03501645214119972 0.01099836924176908 0.08
1676 0.02924094035696715 0.01077646714178743 0.08
1677 0.04000071377122339 0.01087116932768555 0.08
1678 0.04999999999999934 0.01098887059361915 0.08
1679 0.0557142857142854 0.01075366243765451 0.08
1680 0.01495376350848627 0.01102277249538599 0.08
1681 0.02018691161787997 0.01089862372474993 0.08
1682 0.06440047016927092 0.01060030785396049 0.08
1683 0.07015324059129251 0.01077918408485239 0.08
1684 0.07081663873794442 0.04510055803704967 0.08
1685 0.06763163930673285 0.04964346078893038 0.08
1686 0.0721891885000846 0.04970627455544538 0.08
1687 0.07077406179515668 0.05437273662207883 0.08
1688 0.01004408796802244 0.01156548534432552 0.08
1689 0.009277298766356764 0.01961896455084645 0.08
1690 0.07238010528798663 0.03233972655359834 0.08
1691 0.03322056312713129 0.00690621886388295 0.08
1692 0.06742581847354071 0.006681738925565815 0.08
1693 0.06016580831956837 0.008663692481563137 0.08
1694 0.01657263600355189 0.006957214669225367 0.08
1695 0.02467173332813654 0.008999213545265226 0.08
1696 0.02442966688585563 0.01360475312563201 0.08
1697 0.07562512123363792 0.008550287198268338 0.08
1698 0.07518764807615895 0.03708090968710121 0.08
1699 0.02806119681531151 0.004880058038667021 0.08
1700 0.05689443520211507 0.005119342200306797 0.08
1701 0.0550064533900286 0.01938154149254312 0.08
1702 0.05750752895503345 0.02371222180437414 0.08
1703 0.05763410552911611 0.01541527072519884 0.08
1704 0.03499999999999917 0.02803847577293647 0.08
1705 0.03750000000000004 0.06700961894323371 0.08
1706 0.04250000000000008 0.06700961894323354 0.08
1707 0.0199999999999993 0.05401923788647021 0.08
1708 0.01749999999999993 0.04968911086754502 0.08
1709 0.01749999999999981 0.05834936490539029 0.08
1710 0.01999999999999993 0.0626794919243121 0.08
1711 0.01500000000000001 0.06267949192431184 0.08
1712 0.01750000000000002 0.06700961894323387 0.08
1713 0.01999999999999963 0.04535898384862394 0.08
1714 0.01499999999999984 0.04535898384862303 0.08
1715 0.01249999999999991 0.04968911086754509 0.08
1716 0.01264503175473057 0.06692588482059908 0.08
1717 0.01263693290134385 0.05842842315284143 0.08
1718 0.009149140844967724 0.04511748663890725 0.08
1719 0.01249999999999985 0.04102885682970068 0.08
1720 0.007824728484150169 0.0497152143669416 0.08
1721 0.03999999999987614 0.03669872981134004 0.08
1722 0.04249999999982377 0.03236860279265575 0.08
1723 0.06735484737695056 0.06692643401066155 0.08
1724 0.06980548502838449 0.06263105342352157 0.08
1725 0.07075561478734994 0.07091665188919981 0.08
1726 0.05249999999999976 0.02370834875401154 0.08
1727 0.04500011896186995 0.01105955468142146 0.08
1728 0.04741497812536058 0.006798128753550433 0.08
1729 0.01021731326857388 0.06264412141587969 0.08
1730 0.06249999237442527 0.05834939955375558 0.08
1731 0.03749999999988558 0.04968911086806439 0.08
1732 0.07488148965327514 0.0625852924115682 0.08
1733 0.04250000000000002 0.0756698729810778 0.08
1734 0.0475 0.07566987298107782 0.08
1735 0.007521186846404374 0.07576613977472085 0.08
1736 0.005121767246290329 0.06258715926761954 0.08
1737 0.07566987298107784 0.0225 0.08
1738 0.07084606822408306 0.01986621668556827 0.08
1739 0.04331916302089335 0.003641037244952945 0.08
1740 0.01749999999999999 0.07566987298107791 0.08
1741 0.03499999999999979 0.0366987298107783 0.08
1742 0.01249999999999962 0.02370834875401197 0.08
1743 0.01008929894794045 0.02807085240561352 0.08
1744 0.01251488315798987 0.0323739988973029 0.08
1745 0.007507307350857654 0.03248951691244525 0.08
1746 0.004408990990278108 0.02238810105641292 0.08
1747 0.004768689715484396 0.0371154020833431 0.08
1748 0.05749999975287477 0.04968911199040839 0.08
1749 0.004895244747137329 0.01200531262928239 0.08
1750 0.02499999999999418 0.04535898384864867 0.08
1751 0.009266293803744843 0.05439182921315949 0.08
1752 0.01490053778418127 0.05409451281549191 0.08
1753 0.05249999999199115 0.0410288568660894 0.08
1754 0.01749999999999976 0.041028856829701 0.08
1755 0.04499999999713847 0.06267949193731329 0.08
1756 0.02499999999999975 0.06267949192431285 0.08
1757 0.01750248052633135 0.03236950214276439 0.08
1758 0.02249999999999998 0.06700961894323401 0.08
1759 0.05749998365212468 0.07566994726101117 0.08
1760 0.03749999999999975 0.0323686027918561 0.08
1761 0.05499998083918008 0.07133983302328123 0.08
1762 0.04999999671823131 0.07133976087354656 0.08
1763 0.04499999997996924 0.05401923797748065 0.08
1764 0.02999999999999928 0.02803847577293592 0.08
1765 0.02744528222356673 0.02361198903114652 0.08
1766 0.02999999999999962 0.01937822173508955 0.08
1767 0.04249999999332305 0.05834936493572723 0.08
1768 0.03499999999997633 0.05401923788657442 0.08
1769 0.04250013878884711 0.01513055948527716 0.08
1770 0.03999999999995994 0.02803847577311474 0.08
1771 0.02249999999999789 0.04102885682970946 0.08
1772 0.05499999999851585 0.03669872981752079 0.08
1773 0.05999617101438471 0.03669651914618989 0.08
1774 0.04249999999599328 0.04968911088574982 0.08
1775 0.0150028939473867 0.03669977905350447 0.08
1776 0.04999999937857057 0.0626794947479036 0.08
1777 0.05749553284488997 0.04102627774475767 0.08
1778 0.03999999999485788 0.0540192379098311 0.08
1779 0.009999999999999792 0.03669872981077855 0.08
1780 0.06991084065620146 0.02809327539333376 0.08
1781 0.05999095929411112 0.04535376443022396 0.08
1782 0.04749999926069136 0.06700962230243435 0.08
1783 0.02750000000000002 0.07566987298107788 0.08
1784 0.04499999932982046 0.07133974900725427 0.08
1785 0.03999999988830348 0.07133974646967212 0.08
1786 0.03499999998138394 0.07133974604674184 0.08
1787 0.0625159657891777 0.04967805424124996 0.08
1788 0.03249999999689734 0.07566987299517552 0.08
1789 0.06749999999999991 0.0583493649053892 0.08
1790 0.009243779422236108 0.07091389935587555 0.08
1791 0.0250000000000001 0.07133974596215574 0.08
1792 0.02000000000000002 0.07133974596215584 0.08
1793 0.01489813519616112 0.07125481584067002 0.08
1794 0.06515360975739769 0.05406870954572746 0.08
1795 0.004161816644585672 0.07254344715454346 0.08
1796 0.07583811123750789 0.07254377483708206 0.08
1797 0.007170008349216671 0.003827014019569635 0.08
1798 0.07578701075513471 0.05239224111226839 0.08
1799 0.004219450266667178 0.05239557830305144 0.08
1800 0.07378540031048159 0.01327632176581671 0.08
1801 0.008032702185561007 0.01499999999999999 0.08
1802 0.07586048509325305 0.0471965529781481 0.08
1803 0.00413196907681276 0.04720102978008088 0.08
1804 0.02818820268628524 0.01553291840109484 0.08
1805 0.07176865364494958 0.04044756279669768 0.08
1806 0.008178645119621386 0.04055453072363102 0.08
1807 0.008247567506915739 0.02419139816225558 0.08
1808 0.07181401623219072 0.02428219506323352 0.08
1809 0.0083408192228375 0.0590505939271797 0.08
1810 0.0716998495165163 0.05902797678979121 0.08
1811 0.07666551565157936 0.03249999999999999 0.08
1812 0.00333448434842039 0.03249999999999999 0.08
1813 0.07166319124423659 0.06619861200169679 0.08
1814 0.008341874463321608 0.06620093862670137 0.08
1815 0.003660254037844382 0.07633974596215559 0.08
1816 0.003660254037844383 0.003660254037844383 0.08
1817 0.07633974596215563 0.003660254037844359 0.08
1818 0.07633974596215562 0.07633974596215562 0.08
1819 0.07130584570077855 0.01585688043157932 0.08
1820 0.01239761763200024 0.008331731280563406 0.08
1821 0.01733344662229566 0.002963647453314687 0.08
1822 0.0326307918308615 0.002969286754771352 0.08
1823 0.0376475458079108 0.008223828501764016 0.08
1824 0.04200982377229251 0.00763757915048111 0.08
1825 0.06750012245721232 0.002958044719304507 0.08
1826 0.04748582968756006 0.002782073588227874 0.08
1827 0.05238433795834659 0.007616064276567667 0.08
1828 0.07729922234946586 0.01249999999999999 0.08
1829 0.008327547107827283 0.007848530116458989 0.08
1830 0.02116157382119973 0.01570535190663784 0.08
1831 0.06003351628735029 0.0123994188522019 0.08
1832 0.04040639486313558 0.04036979321252788 0.03961113279493722
1833 0.02654686493235659 0.02507221987082658 0.02605598314929633
1834 0.02480184286435905 0.05534404871153144 0.05365308834782489
1835 0.05342788807684725 0.05568533184992389 0.02724916833607731
1836 0.05570582200539576 0.02622196261401221 0.05463630849219935
1837 0.02653225289648565 0.02647535886814311 0.05510604869266674
1838 0.02681310384088535 0.05472240153307949 0.02604046175217489
1839 0.05473941907931066 0.02458237608833399 0.02529719126500392
1840 0.05546849361102709 0.05300022357650438 0.05410252838027971
1841 0.04008074687233992 0.04126795893143306 0.01902652556110688
1842 0.02029119488705524 0.03893232545991505 0.04214168616358889
1843 0.04238128058874348 0.01890092649524351 0.04044298080378173
1844 0.06004782749605576 0.04070383856153157 0.04223655887000589
1845 0.0397586476937663 0.04361681279002285 0.06137134316058604
1846 0.04230595831278459 0.06136690585479409 0.04045395146567167
1847 0.06252540108058852 0.01678356581409897 0.03993892915836653
1848 0.01727041795823281 0.04064160297633914 0.06211692099620519
1849 0.03982436029125471 0.06146453280052904 0.01788878671684048
1850 0.01783501441966363 0.03993028333076941 0.01771122223056237
1851 0.03903739376332668 0.01738233422701085 0.01786170703029734
1852 0.06091842304139027 0.03910316919761699 0.06416380598774193
1853 0.0610226357836371 0.06202076540114469 0.03899902504138059
1854 0.04204120818223805 0.06429978073583263 0.05933156982146232
1855 0.03889339377709686 0.01879768330770741 0.06064736867909649
1856 0.06331306065352507 0.04091407319628567 0.01778047762954257
1857 0.01786630174209655 0.01722583492863518 0.04068835523674735
1858 0.01708414539561078 0.06319112145121104 0.03891954847771753
1859 0.062145506139372 0.06369615579671012 0.06305290708260777
1860 0.01520103620954286 0.06254841508985166 0.06394081326603654
1861 0.06370853407820805 0.06449205830262159 0.01576706684946946
1862 0.01560986622936647 0.06338341942185161 0.01459816641358303
1863 0.06337360996360365 0.01719962071854106 0.01639266276904277
1864 0.01534545938009305 0.01745051475060657 0.06273855557736352
1865 0.06406345649053431 0.01833747504127968 0.06340803023477322
1866 0.01452197542310052 0.01597772125380451 0.01490221592264539
1867 0.03976488423501794 0.028594831196111 0.02861052361479084
1868 0.0293048533824655 0.0272883288158395 0.03950790316152369
1869 0.05116537333671899 0.04117470341926107 0.02873446441693999
1870 0.02707765342760357 0.03877534347109472 0.02957143758400995
1871 0.02879659925176604 0.05268094867895965 0.03880010835928407
1872 0.04013511337833469 0.0289099926376303 0.05205448121171595
1873 0.01231078631804613 0.03330732727408311 0.02986766437541518
1874 0.06661483634262969 0.03359400907756231 0.0302683933631565
1875 0.03612342815570385 0.03195750090614159 0.06866727285884835
1876 0.03357756112396779 0.03054380502725336 0.01222906675940292
1877 0.029941239436369 0.01292986961193022 0.03315020045106329
1878 0.02955822095385857 0.06717854658850368 0.03370036016558335
1879 0.01395150397512535 0.05109846331342301 0.03584088601122835
1880 0.04944241213629985 0.03409371856460056 0.01474454128331048
1881 0.03355521274207995 0.0146311644385133 0.05104543106695401
1882 0.06580001538742591 0.051372105447126 0.03507367505156476
1883 0.04966065192129109 0.033507057972504 0.06750628369889529
1884 0.03402423101013197 0.06619038149805959 0.05112983654151324
1885 0.05089400416719467 0.04814179426013631 0.01178352460125126
1886 0.01254773651974531 0.02863587783522413 0.04817173113269554
1887 0.04816318514701555 0.01199216278846853 0.02938074020762355
1888 0.02847087114816939 0.049112992191616 0.01386972686604457
1889 0.04743580861327465 0.01295545023652856 0.05100987011051437
1890 0.01288952318618217 0.05159824657972661 0.04916128836816645
1891 0.06762229298240352 0.02998603456811546 0.04843611939431171
1892 0.03002732442313957 0.04993906956167609 0.06917328734506342
1893 0.06595242447815323 0.05199153684286762 0.04825712450778009
1894 0.05169454538987502 0.04925430747282671 0.06787538483338698
1895 0.04818712535076822 0.06622838426012184 0.0525914034388086
1896 0.04803460434888215 0.06589653661585287 0.02843133013213437
1897 0.04118504505060683 0.05296239537954003 0.05213240183427911
1898 0.05199044501219628 0.05161669004289019 0.03898548627910794
1899 0.05114567490810856 0.03892360792297553 0.05252149750770131
1900 0.05232697917496928 0.02764664317844177 0.0384685938756807
1901 0.02605116550143302 0.03961677736781999 0.05214705713566328
1902 0.03803426817992454 0.0529630971944622 0.02787172217847412
1903 0.06693124545676826 0.02848869545212619 0.01257486836396199
1904 0.02884778188658523 0.01223462498929832 0.06691528627612324
1905 0.02812556907733067 0.06697404282554566 0.06858776821210037
1906 0.05151578762106882 0.02005880774408954 0.0130805867154942
1907 0.01937926515345611 0.01127303150685943 0.0520309471655071
1908 0.01916505189924762 0.06771617067773948 0.05164215364598862
1909 0.01098576044414594 0.06890703204843585 0.02924781673287841
1910 0.01139276741855839 0.0123083809624652 0.02827644095778564
1911 0.06002877935271875 0.01125399531010627 0.05101624624125022
1912 0.06889554011051885 0.06882993760606436 0.02996734196482176
1913 0.02943484322802442 0.06880025271563278 0.01136441547768383
1914 0.05095999197206465 0.01262814673982929 0.06389717434523062
1915 0.02126142338629092 0.02490312627244273 0.01086197058504689
1916 0.06754315934881525 0.0518402023953478 0.01964440265072765
1917 0.0118990595812453 0.05213918485381804 0.01900022012064713
1918 0.02740161617708662 0.01348905828933663 0.01981083026684596
1919 0.05111743335390016 0.06114202138655385 0.01113756803188489
1920 0.06689875605393679 0.05070964909027693 0.0607640523513629
1921 0.05131094756616747 0.05997985872704097 0.06835234105667824
1922 0.06121508221739758 0.06750895766296822 0.05171562395825102
1923 0.01087991965515787 0.03024516236932597 0.06987321899917148
1924 0.06855354501675365 0.01034407668208964 0.02863975282519896
1925 0.06985950829535555 0.02924466877474917 0.0694396565211874
1926 0.0102426976594488 0.05040373901956469 0.06141716730177906
1927 0.05291238350804849 0.01404001911731321 0.03989571508788297
1928 0.011486053825119 0.04029352078362303 0.05187039843759549
1929 0.0400202705963545 0.052123927539392 0.01335386555257257
1930 0.06551366569221799 0.04054492731917773 0.05161372927933026
1931 0.04120199935022704 0.0515973821046661 0.06955976792168088
1932 0.05251848829036586 0.06958220266685801 0.04114171175980815
1933 0.02376078524567554 0.06924586823841257 0.02418676592186798
1934 0.01106310216399388 0.0256136414397631 0.02182676701733848
1935 0.05403898378688717 0.02394130549881824 0.06863185716880647
1936 0.03017494604558186 0.02068288362995981 0.009123399545887357
1937 0.02374749488449632 0.02558405098161584 0.06920504101849978
1938 0.06922991168287264 0.02358873172153878 0.02544620540956236
1939 0.01866449602809578 0.05509474681705116 0.009949094960119359
1940 0.06241534028498411 0.05480373987398256 0.01000663620588351
1941 0.0556651961354977 0.06886549598701612 0.02233614389118891
1942 0.04612106912410907 0.04765048381673385 0.04763551676050308
1943 0.009795205983668226 0.046164518027702 0.009746329633002886
1944 0.0542315047723987 0.009554971849358489 0.01908717966192218
1945 0.01969559059292799 0.05299983252987494 0.06977185639096962
1946 0.01004742090054973 0.01952688928858082 0.05396696160045181
1947 0.01026507376885507 0.06177589454955524 0.05392497914363736
1948 0.01016026988224499 0.02290815018288698 0.03207968492243612
1949 0.05346225317090698 0.07022170841423332 0.06168207038162175
1950 0.06967717262098559 0.01865135195699176 0.05288489735506129
1951 0.06850817421759758 0.01056839207739907 0.04484287930869903
1952 0.06903755433920193 0.0592006327229199 0.05181947575899857
1953 0.0605641612044957 0.05238770006981457 0.07057201865558962
1954 0.009896080394732653 0.04478011926300954 0.0691614177692314
1955 0.04462769674834229 0.06937586028670741 0.01152607300901524
1956 0.02556400156094684 0.009168394880820002 0.04331166429741783
1957 0.04252329995980414 0.02597853939975535 0.009838782928450664
1958 0.008872834888692178 0.04259395762249991 0.02350896266444029
1959 0.03832421478382085 0.06994762177731173 0.02411430229640603
1960 0.07110524000118489 0.04400627559374394 0.02522110933078218
1961 0.04251381437548789 0.02703420062688991 0.07015807516573011
1962 0.04564003532145028 0.009657750971725998 0.01116172482733
1963 0.03529399371289876 0.009697176716607674 0.009877159293882104
1964 0.02470487124199783 0.03956581823453537 0.00970337275450479
1965 0.02547924256310896 0.07091249470537152 0.04312437509558927
1966 0.02611122824746569 0.0360857346157872 0.07017839560339038
1967 0.07011994037765465 0.02553216028260626 0.0375415695137858
1968 0.03824631434029067 0.009951700626277881 0.0276091708915516
1969 0.07018043001239792 0.04543170222600737 0.06953091620599183
1970 0.06962583217389474 0.07055110566642749 0.04655495099948726
1971 0.04591778111999439 0.07025696518313339 0.0703246200144686
1972 0.02384650618926765 0.01014376272435131 0.009479943376645705
1973 0.00985115640323455 0.03385986943585233 0.01014484901907891
1974 0.06890076855102249 0.04760583890680466 0.01046319419246566
1975 0.009916176022121937 0.07006185251918221 0.04588870246227669
1976 0.0105002398125295 0.009599009227927906 0.04640239217700456
1977 0.07032669484044515 0.009303678989434828 0.05783777864201334
1978 0.01013542917746827 0.03458740381309761 0.041270050700531
1979 0.07052885155743635 0.05803045125078333 0.06982617520337564
1980 0.07023827541637601 0.04080670945659593 0.0377641929823074
1981 0.04091443717831761 0.03717402559993735 0.06991376009188627
1982 0.04153399290029734 0.03688715847751072 0.009230370903364555
1983 0.03603245709006207 0.009968947061534505 0.04045808284011559
1984 0.0705641006673291 0.07017855257291863 0.05773093136932272
1985 0.03802852197984043 0.0681873645256505 0.04156339776778843
1986 0.04405499611485673 0.0092511976760901 0.07037501361596063
1987 0.05729228813426539 0.07044260309102793 0.009889653745132341
1988 0.05407107565086417 0.01577578173809549 0.0320699908681528
1989 0.01690105584107926 0.03066382168119679 0.05654660053605647
1990 0.06359219992886871 0.03124247402935101 0.05796576869762668
1991 0.04432921475460018 0.04735520351028272 0.03431135553791491
1992 0.0323504707519744 0.04238889045918809 0.04837491654476502
1993 0.04623664982084613 0.03393248680248926 0.0447311710167338
1994 0.05763617215998202 0.07052258330605127 0.07064778099695106
1995 0.0187404599174578 0.02870744127034885 0.03844694311927581
1996 0.01157569946439125 0.02066641607057591 0.01100133930150833
1997 0.02126372401354015 0.04542258731799541 0.05446910387101212
1998 0.05289807501026014 0.0212978089907499 0.04398242688389088
1999 0.04560033850802776 0.05233575560710101 0.01955367847441625
2000 0.010252867625044 0.009180564360445323 0.05652337327204389
2001 0.07042600494808213 0.01154320224538752 0.009705582894688597
2002 0.06043493769111095 0.04307664616331903 0.05531599428826759
2003 0.04533047216808236 0.05336988735050974 0.0597846246447766
2004 0.05244394342869949 0.05982462554449805 0.0454286765265676
2005 0.05985441751782718 0.009621267655232189 0.07114638725917187
2006 0.058885502659665 0.009445956021504604 0.01001434628873847
2007 0.03111584320147744 0.05657512924972586 0.009053413983973496
2008 0.05680780859024286 0.07104694407278371 0.03175522894871797
2009 0.03213453147514762 0.05690713457577809 0.07028269352367369
2010 0.01243924315145928 0.01025492462113547 0.07046290386768639
2011 0.03943134116216168 0.03056012929927389 0.03721984791279185
2012 0.0379554758816343 0.03940016681445424 0.03005911828513437
2013 0.03024237033477997 0.03778979351604077 0.03944705844213815
2014 0.02527267040034106 0.03456213696880903 0.01999627309685414
2015 0.032474377175935 0.02177672365092351 0.02527971165440512
2016 0.03393242130222435 0.009393454432520114 0.05884280549330913
2017 0.07122810160202858 0.03406968181509179 0.02093710355090445
2018 0.03569693538406474 0.06893333595920509 0.06236657577382684
2019 0.01993310332113451 0.0466033910957563 0.02758776061552205
2020 0.01089777755239024 0.05818851602128695 0.03684260213531772
2021 0.07166170559613955 0.05965716537102083 0.03527300095324973
2022 0.03030569933246723 0.0475408298171046 0.02355939842322399
2023 0.02716682314823595 0.0193087327073617 0.04686573106599069
2024 0.0608971729069718 0.04608530178239576 0.02641694594982877
2025 0.02404940307895605 0.03167299845136118 0.0463661750253817
2026 0.04650971796202389 0.02646732953957754 0.06048418443586767
2027 0.04731828231072541 0.02525174376588112 0.03194442042673754
2028 0.04529751511781351 0.02590749942493471 0.02103047297027348
2029 0.07059134386134808 0.009918846278949222 0.06839423229435812
2030 0.02576107008417633 0.06108536809396296 0.04530922153396157
2031 0.03393894393437346 0.02099205420961378 0.07164820688695639
2032 0.05985529997886669 0.03270612313166438 0.01069852960188261
2033 0.06038868235739189 0.03625431572015738 0.07012818673456907
2034 0.03352103805956645 0.05318171352108789 0.0599980060861835
2035 0.05619091135375574 0.03169147438533931 0.04664948458354691
2036 0.05273567169022207 0.06094061356082998 0.0331112771935109
2037 0.01058154982224604 0.07042914365316348 0.05808016003833789
2038 0.02202138490750253 0.008516987446851393 0.02810430686773648
2039 0.008974053308232453 0.0575177997059409 0.07176689785366232
2040 0.01105654047709154 0.01155893037457155 0.009690306236809765
2041 0.02063690508466486 0.07165423736184855 0.03394916624088479
2042 0.07084585100496292 0.05830827779954952 0.01132279865971387
2043 0.008671561456927402 0.05858512653729019 0.009601061117314612
2044 0.0101010222818806 0.04633344166614981 0.04138638177283523
2045 0.04984217307462492 0.03999749406947701 0.03862638286546961
2046 0.03104455698487903 0.05999050556948488 0.02204303256598471
2047 0.04168895759676477 0.04103012185117535 0.05094860627505949
2048 0.03888027161435036 0.05082835283015198 0.04067766312815718
2049 0.06985040469498854 0.0698215833732319 0.008998671666036752
2050 0.07152270503808453 0.03623236669002344 0.009090896300232075
2051 0.008638427191051947 0.02143140824400067 0.04303929711975447
2052 0.02618599354478721 0.03344268870700173 0.06113398608358458
2053 0.06063181681250465 0.02609106906196921 0.03341510279111595
2054 0.04420901988287445 0.008440242467707311 0.05924299309602362
2055 0.008331778322830974 0.05872613098105914 0.04355442750417189
2056 0.01721887599391188 0.06824068127023517 0.07009937450527622
2057 0.01033909072864397 0.06780068734883765 0.06705226023945252
2058 0.01703603026230947 0.05924449325506758 0.02610524430871509
2059 0.06339260792245707 0.05828617141505892 0.02772522242119327
2060 0.00834499239807714 0.03567533849462241 0.06013578172131844
2061 0.06096979157730401 0.008598168531316392 0.03739940240829347
2062 0.04443077457769701 0.07108207298252943 0.05907759091174663
2063 0.02050190578709227 0.009078542812022786 0.06138954545282727
2064 0.05890113949904911 0.04437378461188608 0.008638651518178084
2065 0.07041105862813207 0.03657243724545862 0.06165470260827637
2066 0.07058868555278384 0.07030027074976383 0.06931382347956803
2067 0.01982700777056706 0.01882083789281366 0.03056697551159312
2068 0.05634057909438327 0.03450363736045216 0.02503165570429623
2069 0.04504243555972978 0.07043954468838566 0.01979394332722573
2070 0.03230841668680572 0.02257654716919684 0.05798198381326172
2071 0.04497568320766324 0.03561957918257073 0.02375176353258784
2072 0.0717456738258954 0.05950092025074832 0.04514421773466373
2073 0.03522372840249718 0.02349111900753027 0.04545873632883332
2074 0.02384004299644165 0.04518676906947328 0.03408024563942425
2075 0.02331907974189175 0.0559368206529628 0.03587165765239565
2076 0.02774763392547185 0.06394087180924177 0.05849382417403556
2077 0.0212529373164665 0.07139952267990314 0.06060752138396452
2078 0.07068099265889176 0.01983246286736574 0.04570970043001507
2079 0.05927856567268235 0.04371493315147553 0.07049040132289375
2080 0.03326536478955351 0.04701521915129779 0.03268609122115497
2081 0.07143166970541379 0.07096212880354744 0.01977184954619671
2082 0.02727319213085466 0.01678819709391412 0.05856722694933907
2083 0.07056262957996569 0.06088470190518261 0.02199100178504657
2084 0.03353522779356605 0.03414722429736876 0.04524113640880968
2085 0.04581988711633549 0.03335084542015614 0.03358892435100023
2086 0.03085759810113226 0.03045096873218849 0.03026678681359883
2087 0.01973555895333938 0.06968882265710483 0.006713884787001668
2088 0.009788196930401449 0.06974923687163145 0.008578895507416062
2089 0.06155222386499782 0.02047910526684625 0.009291012967059753
2090 0.00894478104110885 0.03530047285172053 0.01860569707431252
2091 0.008006939543899772 0.06158714767683763 0.0222523150525477
2092 0.01885207882965063 0.04508200855140332 0.009029179902478035
2093 0.05719912196637093 0.02788951311186188 0.01558867666828482
2094 0.008577439533290092 0.01333540250608501 0.03750784721884137
2095 0.04805802203261356 0.01523318787642664 0.06968974789851859
2096 0.01692943444118987 0.007654715777079 0.03666672709473477
2097 0.03660272059883565 0.07178469179513547 0.01690922753403183
2098 0.02495771292454808 0.05928709087096089 0.01802188139726383
2099 0.0445879487558281 0.008311056579442496 0.01984467832662653
2100 0.01628462657768385 0.03652699660428946 0.07114266467278085
2101 0.0597162144213892 0.01056430070746805 0.06367389227838266
2102 0.0348285789159326 0.06440714180777742 0.07022141653676996
2103 0.008764667904388746 0.07095477103496389 0.01959115739675282
2104 0.03617393525686842 0.06070095565508269 0.02969663128228687
2105 0.04463514727526766 0.02322283052317807 0.04824889044266745
2106 0.04623798909300537 0.04225132529840521 0.02184691990132557
2107 0.07049078552919821 0.01028929870156356 0.02185783229556281
2108 0.02441254160749355 0.04991882670227602 0.04384699181937333
2109 0.03271077027287093 0.04739085009651214 0.05576037509872486
2110 0.04030224126439944 0.0609023269526112 0.009414101814147547
2111 0.04565327135563867 0.05614019800065029 0.0338264561033954
2112 0.06598625887011868 0.07180667400260554 0.03600892281591874
2113 0.0710087018878757 0.02275785114778279 0.07058236087694733
2114 0.009349754959681218 0.008441720849264499 0.01993513235888408
2115 0.009981902694320709 0.02132652257587613 0.07193995095369453
2116 0.07104194118995372 0.01944275858104986 0.007033264600283304
2117 0.03493968717684965 0.05483412316600979 0.01802641295470259
2118 0.05764035369207857 0.0350169765060029 0.03638541427607395
2119 0.03499667219017294 0.03411344571547827 0.05970365429590659
2120 0.03607248948718441 0.02290101256239642 0.03800075748971218
2121 0.03544313389251387 0.03475996743357308 0.02162330035516665
2122 0.0214805620350512 0.06088569640897172 0.07160016392792652
2123 0.008934394261847532 0.06944184101251479 0.03662953447537325
2124 0.04400543095375988 0.05855339069857243 0.07020151663702996
2125 0.03290562315659414 0.05434157571082858 0.03231706084409011
2126 0.03581277313926767 0.05894681991031378 0.04317028045715988
2127 0.0396557867429726 0.01591399867194418 0.008222373385484054
2128 0.04700062018438786 0.0345730977312185 0.05672704292570985
2129 0.05667462159555079 0.04512462907477747 0.03232772831841508
2130 0.06035243471174853 0.007944853124869639 0.02720574818461175
2131 0.008210835748517331 0.02678028302975865 0.06032004198297687
2132 0.01724519200169135 0.01782499528679245 0.008274608156616367
2133 0.05215696661216869 0.04656291675492919 0.05807201265162631
2134 0.049745388519551 0.05437019475061523 0.04947878994612605
2135 0.05612059769494648 0.05123597227183927 0.04767937312259363
2136 0.0727920578834667 0.01777957190766148 0.0359639426171657
2137 0.0583375870851318 0.07144444558632305 0.04331522849275814
2138 0.07147550925101495 0.03630705435103155 0.04349130683161972
2139 0.03534812015295132 0.04600546437099576 0.0701531750101812
2140 0.04427935240772461 0.07169002000814714 0.03598425026136544
2141 0.04193566368614357 0.008806817757474933 0.04861164295570157
2142 0.0197260540618592 0.01924090497979803 0.06960195430607651
2143 0.04034164005793084 0.07385124612263692 0.0503576094110709
2144 0.04958670512487896 0.04155230954894552 0.07457486073126839
2145 0.07455837211363735 0.0494967324213761 0.04156355136469041
2146 0.03734076441868218 0.04701408637139051 0.009329082274591373
2147 0.0493937645291409 0.04056795441458719 0.007689029766650671
2148 0.04455854476545823 0.009234378506734663 0.03392877325299212
2149 0.06113283225509697 0.02222814981080047 0.05083344606941143
2150 0.02232369936433595 0.03510642576203398 0.03432747622056528
2151 0.04831321581450133 0.06263243628538009 0.02196757747812691
2152 0.024481292862968 0.05696611614203034 0.06323907534117278
2153 0.05614701689798945 0.008835590519719392 0.04698793716132339
2154 0.01318906314705971 0.04156593811665543 0.03361390665399477
2155 0.07172888851718577 0.02728220036667069 0.05974946102442659
2156 0.02070439035851974 0.009685973324148566 0.02128651741790709
2157 0.0595647190825806 0.01600690628762326 0.05854791497382468
2158 0.05777663437098407 0.04757119852893371 0.06146082484960944
2159 0.04879282569943638 0.06209728070462825 0.05807100329036077
2160 0.06285077001553904 0.05974135462199968 0.04982858512728332
2161 0.04976264636244608 0.006146512442220201 0.07060352814726716
2162 0.02116221747233095 0.04445387406398777 0.07131683983375851
2163 0.04921932367266026 0.05372401661764603 0.009714799186270461
2164 0.01777845342261552 0.03234401719387266 0.02113919890078924
2165 0.02809100404516716 0.008015816065543205 0.05385560588095437
2166 0.07128277497045146 0.04577813772442384 0.05570983780032868
2167 0.01975976786643618 0.04667350348518955 0.06197882598160871
2168 0.008276302390196206 0.01868246735825266 0.02297792962832653
2169 0.02187017894392845 0.02147127963768946 0.01687664334782231
2170 0.05486373899173263 0.03370850930061971 0.05921244658192704
2171 0.02033093710407602 0.05144300776118633 0.01718940515145173
2172 0.0284833752671795 0.07245917403872357 0.05306071096392934
2173 0.06333070022819606 0.02889053300800267 0.0228015045480762
2174 0.07427872193184988 0.01991992443959399 0.01739122922123256
2175 0.02012325698551603 0.02015902732453903 0.04647165350408639
2176 0.05198413750741205 0.02689911270162474 0.008316199961130009
2177 0.04856291026805387 0.01791936878912606 0.02009572334373801
2178 0.04050948970313702 0.01493699912273042 0.03150698812698095
2179 0.007477782933949807 0.05341182595919421 0.02661941768788954
2180 0.07008570367771301 0.005526699348379267 0.03476228129744557
2181 0.07291777087046281 0.05371579776501324 0.02727613934784056
2182 0.0322802885606461 0.03999306231610779 0.0146931418188739
2183 0.06357148399938949 0.03251254374019515 0.03985194048883919
2184 0.03380760655847018 0.04121027399092564 0.06427578969598469
2185 0.07190920429014243 0.03544990361304986 0.07096841203805174
2186 0.01933755170112705 0.06196646257723598 0.0480242595000594
2187 0.06241244960759451 0.07242667765868616 0.02377961157673867
2188 0.02819387266171738 0.02360790058169984 0.06312410516897862
2189 0.05701878219323753 0.04919227472990826 0.01872299323502206
2190 0.05778906089159943 0.05870034441282899 0.06335179475448043
2191 0.02596486173758945 0.03007322473208059 0.005786183941952829
2192 0.009212448414140057 0.0471912496651903 0.05427803823110599
2193 0.05194160111399173 0.005893851967991807 0.05568560305022653
2194 0.05972300872803094 0.06111045070679507 0.07484923816533591
2195 0.06029039015474538 0.06153314852961017 0.007527332765881942
2196 0.06932511958585581 0.0621622877313148 0.06139470832585877
2197 0.04066744201742301 0.06350502774339395 0.05351838048350962
2198 0.06295409377466996 0.05475806740773016 0.04058980377278636
2199 0.05746990248507017 0.06083870726536705 0.02528369140509265
2200 0.06354915234379246 0.06978061147168038 0.05873752216366975
2201 0.02583332123326893 0.02185810769851752 0.03745792354800709
2202 0.00899054408799024 0.05895119239905793 0.06175386363428097
2203 0.02043867076629598 0.03465681055882213 0.05305849032847242
2204 0.05331473427266361 0.01959275363106406 0.03715325105427909
2205 0.07323223580716427 0.04152770074019888 0.0173114033219697
2206 0.01861293397349203 0.05758715038781186 0.05855205007940823
2207 0.02327556805649418 0.0610352274407625 0.007119600798927088
2208 0.05738644636693176 0.05835712936399148 0.01361366375093938
2209 0.006284235076958957 0.03649021890326617 0.07107920133795903
2210 0.02180938407395873 0.06316431711591559 0.02967778926511353
2211 0.03320937825876904 0.02452585350882124 0.01644481625030867
2212 0.05501589631250229 0.009246363151248362 0.03251103096230205
2213 0.008022434438079658 0.03137808971627887 0.0527437863756768
2214 0.06059340431451454 0.03691417141750942 0.05308077841824337
2215 0.07155669512675872 0.03170165581081386 0.05331508687244992
2216 0.02132033437030776 0.006870774214662181 0.07121342792989947
2217 0.01803950921823854 0.07294619531095704 0.04187210650496067
2218 0.04792759509613586 0.04210044176893294 0.06384222259397852
2219 0.03400072742300491 0.009467590389406052 0.07338716312610274
2220 0.05853000255494645 0.01808822711804528 0.01910203329025007
2221 0.01705358534088652 0.01983025688401296 0.05740491483647951
2222 0.0355427052924068 0.02558248178987248 0.006948410840644972
2223 0.03524508224405091 0.06727839756596561 0.005211987260807249
2224 0.04943483065585116 0.01739831722480044 0.05688608605245538
2225 0.03167217613258454 0.07238889026534964 0.02100883959504819
2226 0.01773829815856389 0.0736262857419448 0.01854435324939643
2227 0.07242337813499562 0.06713371246499576 0.03763173100274225
2228 0.05229949813562512 0.0531137748652635 0.07371101167716142
2229 0.05279705166341209 0.07321350664488073 0.05207901610070273
2230 0.06249271932392313 0.02004579411189112 0.07411171811295014
2231 0.03915541678418452 0.01566107776546444 0.05385955092324168
2232 0.05295246261258336 0.04157580126710136 0.01747855630733036
2233 0.05987169910576918 0.02446843877323892 0.04263435073791715
2234 0.01654688800277393 0.02595483703412882 0.02680877642014409
2235 0.03783775636315886 0.07476349887062761 0.06781644106194097
2236 0.0170336141440029 0.05556923744500768 0.0399555606736366
2237 0.01698528033206012 0.0338177635335126 0.009890515614441112
2238 0.0409774455220973 0.03094532902834071 0.01796215878912071
2239 0.03292459482171806 0.01613709108663458 0.04168288459334279
2240 0.06851500662250937 0.04373094933851383 0.04444424770155806
2241 0.03152968508718514 0.05853990106317715 0.05277249632163036
2242 0.059034636403729 0.0552136878221956 0.03095946972312508
2243 0.05321191904309331 0.04324546881796214 0.04752107894223947
2244 0.04743595841362896 0.05399155968101802 0.04357606688702598
2245 0.04329614232333634 0.04692625024245923 0.05367242635231718
2246 0.04368631890181204 0.06768888057338703 0.044549854980994
2247 0.04587283418601922 0.01282147040761514 0.04438845450721497
2248 0.07342062079842644 0.01638321216363005 0.06098684046279153
2249 0.01212523596769472 0.06221182148709367 0.07468063607812214
2250 0.006924276750206554 0.01734343425914632 0.06155897878606099
2251 0.06121835532266429 0.006625775180850232 0.01727611584887321
2252 0.04362248281656389 0.04484153496565079 0.01140238253784871
2253 0.006627878756466889 0.04400115368716224 0.06123188812702968
2254 0.006536724465731453 0.04355450636092317 0.01752172762150147
2255 0.01746352331882145 0.006978082965353771 0.04578496915521359
2256 0.06151452656552257 0.02455991221424032 0.06424437202420372
2257 0.05137431542446948 0.04881272066230292 0.02973629111303663
2258 0.04864614751386712 0.0299677506307355 0.05210521521639085
2259 0.02922629614732897 0.03036057257779331 0.07273326473342548
2260 0.02810861856437498 0.05204592435344384 0.04842230580980065
2261 0.07226809557535248 0.02873437192470093 0.03107590808530348
2262 0.007395170768796245 0.02707674279516078 0.03885415553409234
2263 0.0343218014016211 0.006210123927267167 0.03412375735322366
2264 0.03229814892798808 0.03279914609039191 0.00502355448466461
2265 0.03113446949702963 0.07248258031102893 0.07209638947003494
2266 0.03488595012954562 0.07298492517460674 0.0334850925441294
2267 0.04394023615841079 0.04574726699728047 0.07217540659072329
2268 0.06396670837866371 0.07221592745008644 0.01379434996014496
2269 0.02643722038277452 0.04307618630616729 0.02137543409518701
2270 0.005150551093138596 0.02744774000515175 0.02730646856462988
2271 0.00723626606249476 0.04433454896947771 0.03263410774619554
2272 0.006472412838388258 0.00555669000515141 0.05028485386730754
2273 0.04301036079455235 0.0203256699438179 0.02263055434999418
2274 0.0342757269127927 0.005682929361047219 0.02021758478409802
2275 0.01495027041354286 0.02049913513079474 0.02286283301354413
2276 0.01689315313472807 0.005791645138714726 0.007002462123036959
2277 0.07494794608209097 0.04108789944120211 0.06124921804290828
2278 0.06373619958953516 0.04090165046790461 0.03334500835705335
2279 0.04234038550759141 0.03178997564784365 0.063438368141695
2280 0.008258087656862714 0.05247440932406433 0.03885260735438403
2281 0.03026537477534206 0.06403567840566866 0.04088787011309652
2282 0.02852349822192314 0.005287340799739922 0.02678134112691421
2283 0.04869247320924399 0.02817838135597776 0.07310205222594159
2284 0.06154376375022092 0.006950799024649255 0.04352976293263767
2285 0.05474132639725463 0.06365084707070476 0.05430065971540587
2286 0.06269657209094916 0.05420448528914992 0.05450503107133729
2287 0.02254249782971362 0.04127767064730636 0.05885774833851305
2288 0.07461362446949335 0.07262874466005785 0.02511419101134812
2289 0.02650143751405624 0.006588232287896166 0.03585551010961465
2290 0.03187310102840816 0.03622369542362038 0.07301152740735692
2291 0.07281788772887335 0.0325992325224795 0.03713061525415583
2292 0.01963777365749332 0.03234134143151005 0.06759967319347367
2293 0.02897326146440231 0.07340172790133391 0.02882190594397856
2294 0.03979331419871 0.005561525454147201 0.005212746971493846
2295 0.02702234115787707 0.03861490830122006 0.0448649260160668
2296 0.04667546079884107 0.02623763066161599 0.04242486863418975
2297 0.02438252265552128 0.05246134963123594 0.005531192882375668
2298 0.04124649414320048 0.04610488976279279 0.02519159499003527
2299 0.04167360806411408 0.06023497808086032 0.02497366669075352
2300 0.07437294856817676 0.006413854002634289 0.05139056897625913
2301 0.0260084432440048 0.05236569079322272 0.07458879150052179
2302 0.02776783941010037 0.01761670520991706 0.02685627781553772
2303 0.01700987178221123 0.02518778532063164 0.07328407853038479
2304 0.07319809638097922 0.01663264834083188 0.02445148235115728
2305 0.006801106172171092 0.03757535177601737 0.03280947148257644
2306 0.02798859800163518 0.07459947668513152 0.005958441294388644
2307 0.02122037931247293 0.03825999436010355 0.02406645024249559
2308 0.01721450976692172 0.06191080807225014 0.00680784838085909
2309 0.06827274767226181 0.06552096291784501 0.07320181250208964
2310 0.02258923892456018 0.02533160585589819 0.03190559286336674
2311 0.04042854601850385 0.01758321483918824 0.07466216535657058
2312 0.05185321275043177 0.07407883286344505 0.02809481937468079
2313 0.007791776248624176 0.01708936648763111 0.01592189276408559
2314 0.06760226684990947 0.01815338985820852 0.02900063828304428
2315 0.05494330502540846 0.01723546358739217 0.07279106795341159
2316 0.01807827398811554 0.02319527335151928 0.06325883408443804
2317 0.05254452716721037 0.02956047076080355 0.02805348971434063
2318 0.03170876547855304 0.02961452498919675 0.05332331086187349
2319 0.005528106249949436 0.07524897691904314 0.05045090959850235
2320 0.0458333433536452 0.01952126964142438 0.007852428711433525
2321 0.05123586533916036 0.0126590885051541 0.008879782332558806
2322 0.05451507673596574 0.04048492988715337 0.06464344943212059
2323 0.04473775898107978 0.03167465423341548 0.005916263449316334
2324 0.03635158911202353 0.02843292820109942 0.07395183882528773
2325 0.07512303886310667 0.03437983461381248 0.03118467318777034
2326 0.06154042124181912 0.02755772939472441 0.07505520950193457
2327 0.03154036379269104 0.005850170084900789 0.04513075850486344
2328 0.03257543784462535 0.07299580127233454 0.04548473123599631
2329 0.07485306419129585 0.04560802425725203 0.0326556551986987
2330 0.017637805845907 0.0735827696891746 0.02746656702989349
2331 0.07367309018612253 0.0646067723601068 0.01690109591925329
2332 0.006801050776607896 0.05192025261096951 0.06773590510289014
2333 0.01179660554917569 0.05155731321694795 0.005612019148618693
2334 0.03814733752782761 0.02546381278711466 0.02355320612258815
2335 0.006281611605126585 0.02572508418766551 0.04947343025272956
2336 0.05162829334121694 0.0744803931295424 0.005254009014006748
2337 0.005182051477051622 0.01163386301450143 0.0669015219298026
2338 0.07300881187528337 0.05022532618238557 0.07254089483677405
2339 0.0740669382209795 0.0725576659261373 0.05074027396539038
2340 0.05545408279339494 0.04984970720537266 0.005733596269533772
2341 0.06279326884349308 0.01814114903929651 0.02364001336835789
2342 0.00566716817925466 0.03084724383099268 0.01422303964171258
2343 0.05098380749519553 0.07351081060336963 0.07292351397713839
2344 0.05005117773112173 0.07389978629412254 0.04516278172897443
2345 0.06078156968356713 0.06329771446114836 0.03183791965525253
2346 0.02329581684880329 0.01875318442254713 0.0639821233069837
2347 0.00748000277914526 0.01348948988222067 0.07434201339912248
2348 0.006055289257528274 0.05462575063810853 0.04959545349591322
2349 0.06406046318319969 0.02273134827077707 0.0190292170781916
2350 0.03231323922419001 0.06109756849282595 0.06421988386066649
2351 0.04490807504797976 0.07434459569683226 0.02555681626896422
2352 0.07346447995777065 0.05268053287585873 0.01484600820857786
2353 0.05337552886750827 0.02734449139077975 0.06306207181198262
2354 0.07389105896464659 0.0270427273389625 0.04432068477558748
2355 0.006376968244767773 0.05299454155405032 0.01153057720426973
2356 0.0453426860419709 0.00503494904864848 0.02522470805952363
2357 0.02545171153858501 0.04574410639240092 0.005655441412600475
2358 0.01342544580340723 0.07406147258506847 0.05133299826495803
2359 0.008348326581087756 0.06396357896094722 0.01509447135378923
2360 0.04600366254897418 0.06430136310082209 0.03498945691459277
2361 0.03519797868485125 0.04758238248650695 0.0632039893716083
2362 0.06374048489899993 0.03914647918065897 0.07459796053348024
2363 0.03621930717860698 0.02595510416650524 0.06266919010647864
2364 0.06262686024475404 0.03806635328270962 0.02571060313972034
2365 0.0737803127805631 0.02775325939113074 0.01760203424591349
2366 0.07389335049909967 0.05510388649485539 0.05017016923068018
2367 0.0246058724334253 0.06278647475179383 0.03759498113263905
2368 0.01460710750803827 0.006770460962233537 0.052662471522735
2369 0.06299490875802807 0.06279049998812551 0.05549817687812696
2370 0.04451957800336143 0.04709920660488102 0.06501091311910485
2371 0.02844259199497172 0.006640306584810661 0.06195669015125164
2372 0.05039360775258621 0.07396188338417677 0.01623963188784934
2373 0.03663872907308907 0.04633936572020089 0.01587930932876524
2374 0.01753102704098449 0.04620875150301954 0.03918808619297875
2375 0.02012740772278806 0.04328905731726015 0.04720500610982751
2376 0.04898091172341729 0.07324840607596818 0.06438292963873894
2377 0.02570834310160471 0.07304599838736503 0.01739882419541442
2378 0.03480043316574118 0.0352094659867737 0.03382508695285578
2379 0.06373274696753681 0.006551284768902453 0.00515594163669364
2380 0.02226943581774432 0.07296538705847885 0.04921648354090785
2381 0.02688061032041783 0.04783675491536298 0.02945779805410608
2382 0.01515258139364702 0.03629949272312284 0.04657790101629272
2383 0.06496011550802168 0.04878872257268346 0.07332418211901624
2384 0.07433636699651841 0.06500132385480209 0.04968138807223191
2385 0.008379779123320595 0.03956977533580166 0.04556422953681438
2386 0.02819731426184043 0.07396406440896226 0.03659607857472231
2387 0.03952362240197795 0.006302253821786519 0.01541129711845333
2388 0.005057187738826209 0.04008113907831512 0.006194799774972874
2389 0.07417368477913 0.01469857481775804 0.04955229421036834
2390 0.006044127301716291 0.02952405936163107 0.07448315663154605
2391 0.07420169537145822 0.007150399071607679 0.02987218627362273
2392 0.0080835068802191 0.006617011796747199 0.03300090321281481
2393 0.006613863520892055 0.01762173568787791 0.03028698812823033
2394 0.07318600989168939 0.028822607022421 0.07396376685403996
2395 0.04467950409629322 0.05723315329918982 0.01403100290215299
2396 0.05834014544948032 0.01505675637929893 0.04460065215731136
2397 0.01286117384972371 0.02397602026784696 0.004757203625394182
2398 0.01845425506433341 0.06367853223160934 0.02153411187647074
2399 0.05449362245607272 0.01565976293729034 0.05110146344538531
2400 0.01265264483039802 0.04038017126458938 0.007074057909985278
2401 0.06421599302225724 0.03961192381259443 0.006944362196202575
2402 0.03606675422372779 0.01479425509326059 0.06860292508498328
2403 0.04734365602604176 0.05393070788738226 0.06689369422455285
2404 0.005772195723091872 0.07270980291383521 0.02736164187519213
2405 0.04781662367945382 0.06331568791243369 0.005276435806891177
2406 0.02793264404058017 0.04279986074317886 0.07389369762671581
2407 0.07340077569927907 0.05206200961707223 0.00706814817498557
2408 0.06422802884991563 0.03520259424729118 0.04683395292045914
2409 0.0511804329410047 0.00612045469050916 0.02543690918625128
2410 0.01164566708524029 0.005146171761262669 0.02574389032583501
2411 0.04718874936975553 0.006097113931141435 0.04664209783091013
2412 0.05554518129194992 0.06824243321697629 0.04840632741005423
2413 0.02672279753322288 0.006435574653242858 0.01846162707558932
2414 0.05059537016653389 0.005857352096805313 0.01284895488645298
2415 0.04733006854678262 0.01590264633017411 0.03544741137034972
2416 0.01131755208877757 0.05279824202842796 0.07512602564018338
2417 0.03945989092732561 0.01801354462375349 0.04779114508649442
2418 0.07390924085142134 0.04865613284395599 0.02184633545909337
2419 0.03047669991138042 0.01319849472601268 0.005870413999728893
2420 0.006841403036801851 0.03061919613535289 0.04412057144937252
2421 0.05062841235925195 0.05391488143456945 0.01633161417183917
2422 0.07379362593564932 0.0291994108865115 0.006979639612058847
2423 0.03983030193705821 0.07409513788255628 0.005641230140656567
2424 0.06465761087595152 0.005612709393610778 0.05033580185468274
2425 0.06596445695089122 0.04490834492107577 0.05766645863077718
2426 0.06494504246333184 0.07420158069954789 0.05078911598258435
2427 0.05056178508595693 0.06501404501426858 0.07448162463081395
2428 0.07409638475984477 0.05071579926848808 0.06534135248394141
2429 0.04439047531443933 0.03797552664279631 0.01626279214424878
2430 0.05062102570757519 0.07410890494343836 0.03532776096771683
2431 0.03590082188355472 0.05140061395947473 0.0743887350616079
2432 0.03622654105164475 0.05337521532129609 0.005899747046015741
2433 0.03881745381737798 0.0054374912684659 0.06363302235301577
2434 0.06168079230044307 0.02825234878490973 0.005590203361181679
2435 0.01034897328546814 0.01652300933238137 0.004448612893194998
2436 0.04845467210431337 0.005953626285656466 0.06523615824465727
2437 0.02831927936591251 0.07316917331866207 0.0638302004167756
2438 0.01665740389543345 0.05707604884685794 0.01806964142347225
2439 0.07462043766339765 0.06286357133178296 0.02789797181218032
2440 0.07479914863805111 0.01978383563916192 0.02964644895284856
2441 0.02768929101122521 0.01731666821271149 0.07497380641297664
2442 0.01459891647423302 0.005984090356798559 0.01454574537455248
2443 0.0146943117491536 0.04403240216249034 0.05743996419911472
2444 0.07323923931665263 0.04826983485198189 0.04757883438953525
2445 0.0330351829663402 0.01758389839292626 0.01602843054842348
2446 0.06357244791349073 0.07401869938384953 0.07436614759668224
2447 0.04751395120622662 0.04643112207659992 0.006346133296862619
2448 0.05337551925813982 0.05110557581501539 0.06193947153879688
2449 0.05623489063464544 0.04157343058545872 0.05995027580745149
2450 0.005740949435536173 0.06310926849731199 0.02792175054695798
2451 0.07507349034034133 0.05662776001311527 0.05762770458801732
2452 0.07419356517977971 0.02476828239700509 0.0499666806513629
2453 0.02692986681173209 0.05308496951897082 0.01933619077024178
2454 0.02335231560097402 0.0131194273715465 0.03529660488687644
2455 0.007817665054975194 0.005980235109074269 0.04046305349596407
2456 0.06301866220554064 0.04603332125775924 0.03858998394380222
2457 0.006453795694847997 0.01609656916421513 0.04811849087042998
2458 0.03969327551148778 0.06345978729413518 0.04659894582836757
2459 0.03260028080502256 0.06174739805255337 0.01577177342811906
2460 0.006453602292206637 0.04884051989364278 0.02177264880400797
2461 0.04679167840092384 0.03532990563831352 0.07416169848189877
2462 0.02166063195899789 0.03183987146647799 0.07358768523234206
2463 0.06865900724855749 0.06350273849298502 0.004863764471515043
2464 0.0498853628721744 0.02039767067560715 0.06470154751970203
2465 0.03513111719259995 0.05627238950016285 0.03773062563324279
2466 0.05193147396556071 0.05723578015954898 0.005472606104678239
2467 0.04709789288762765 0.0589857120692836 0.02709019000174446
2468 0.01568879481587915 0.02325127573237667 0.01626908103038345
2469 0.06257982372876353 0.02270513420751486 0.05668066985016577
2470 0.06354055307657182 0.04738418864703321 0.01622993997606148
2471 0.02891552664672662 0.0271718461568633 0.04681938295497624
2472 0.02017832209256937 0.06461404654821083 0.05906200745827868
2473 0.02553572440887774 0.0492780462010364 0.05775255457937294
2474 0.04600179529331064 0.03004139886689108 0.02792765620740754
2475 0.02439944385221023 0.06843824742151293 0.07377351673879742
2476 0.06112252004109645 0.03347324535314972 0.01729712919236439
2477 0.03281175161502688 0.05453328508408685 0.02459159514231127
2478 0.0189229307098115 0.05216195597037719 0.05288425408803275
2479 0.01570117148166379 0.06254281747538112 0.03240009984275608
2480 0.03862919756102805 0.03160315784419402 0.00617728845741213
2481 0.07419444561300911 0.07407545048216509 0.04166141231250275
2482 0.04956118180856074 0.005431574933157536 0.005561377960044985
2483 0.04033769365902242 0.07435406342308268 0.07473562281179846
2484 0.063512571212175 0.07380011988272138 0.00621610212286149
2485 0.06487631858210373 0.05730842066583867 0.0151955010437134
2486 0.005585464830504467 0.02939743797581159 0.004975282197744459
2487 0.004927587204447926 0.06601814512368404 0.06213298176878591
2488 0.01311201875187845 0.0757242560637057 0.07580270713746495
2489 0.005546179606979567 0.005936436946970991 0.01469105543430066
2490 0.06780679509714982 0.00486570040907694 0.01487714049605509
2491 0.05213078384862505 0.04835464429215522 0.05146855128464266
2492 0.04646306412274842 0.07409920304581956 0.05357756200065444
2493 0.06339213043982526 0.0638212586045601 0.02292990230267268
2494 0.07320940285593291 0.06363717592014308 0.06862360161842186
2495 0.01381829991492472 0.07380009780528411 0.03335783730934066
2496 0.03121156810223843 0.02877065440721743 0.02379648423394932
2497 0.02960163265333439 0.005296493295344199 0.008651110063647063
2498 0.0530196879909588 0.04650271180141193 0.07405687201083092
2499 0.05598511620251514 0.01654205815897847 0.06549545034229021
2500 0.01607366528989705 0.05645816799868127 0.07345176455030288
2501 0.0654404688593839 0.01421049456741125 0.07434841871089827
2502 0.01264053582340203 0.02979525624743858 0.01680447700480455
2503 0.05402588278877999 0.03470474291255115 0.04013412032910001
2504 0.0647241651125782 0.01608675599218461 0.04745254777473062
2505 0.05520288469341571 0.005370064697277555 0.06665645659070396
2506 0.02658984466182377 0.0136052414569542 0.04957865407533432
2507 0.006218261322290797 0.06421685285723004 0.04900424054281068
2508 0.06253797012495334 0.01354900938069905 0.005146591515655471
2509 0.01679305294461605 0.07414154520834691 0.006116962637493107
2510 0.01602438523287752 0.06962931515494272 0.06336522357813916
2511 0.02636402906040302 0.03013279584328782 0.01488627748162486
2512 0.006195295078571825 0.04831988532436949 0.04676505387683808
2513 0.005380637602482453 0.07397445808095453 0.04105310761183146
2514 0.05623445366329011 0.0651518729912699 0.06544203973599169
2515 0.0641688731276083 0.05616381068061895 0.0653790345654011
2516 0.02549034190740903 0.06684756049408955 0.04921272616245989
2517 0.01857740847263014 0.02418368435902985 0.05201757989060207
2518 0.05056313185339492 0.01767069183210962 0.02601321207703367
2519 0.07326799933034975 0.01565585481598841 0.07425156222218117
2520 0.06399648471651607 0.04801279304590403 0.006198384499247983
2521 0.04032611013709159 0.03500033097676969 0.04502844586523054
2522 0.04543395890272903 0.02105664582630846 0.01541018132516445
2523 0.02139178743860267 0.02622650315484424 0.04559084061169125
2524 0.03794698693523832 0.0503945521461719 0.02163588136618635
2525 0.03026297427261174 0.04493866028458789 0.03965702373397831
2526 0.0245400125629874 0.03321256902065692 0.02851498058791888
2527 0.04609028854988009 0.05187664282010138 0.02820498153831445
2528 0.01842640834004967 0.06726673017968406 0.04534565382636038
2529 0.04466294840437794 0.04017279533426418 0.03309648259514798
2530 0.0273855534209093 0.04719472161458785 0.0519550201430354
2531 0.005339031341777933 0.07502161127441169 0.01313154677008284
2532 0.05162063788194858 0.02681667106121805 0.04706594311804655
2533 0.03464224813058576 0.007071812618458359 0.05271558421971954
2534 0.004075271268740317 0.04802710563672676 0.07535767910037251
2535 0.06412952545170503 0.07453999507019857 0.02963212934612131
2536 0.0616554532280976 0.03193639025276924 0.06421815982294259
2537 0.0236189290939945 0.05654841744637708 0.04127712241453104
2538 0.004703173175557354 0.006096327297568554 0.0751611032652999
2539 0.0668808399872951 0.0356431278561546 0.06743139346414583
2540 0.05212101470590021 0.03431363424555266 0.007313129602260256
2541 0.0244509122886824 0.03398944273533579 0.03978844557183132
2542 0.066567900741834 0.01526717864235125 0.0578819218377938
2543 0.035225730531368 0.07436286019526407 0.05238629422538513
2544 0.01355031030465248 0.05587806695720954 0.06665176413476306
2545 0.005347151834880678 0.05329754246326922 0.05648419518091737
2546 0.004596531911817474 0.05012616373416619 0.00543993512240301
2547 0.04514611614844943 0.01636429251014194 0.06301610783490057
2548 0.05574582837778387 0.06585145772058512 0.0143778553967324
2549 0.0513902565100565 0.02681500725953833 0.01516892095258347
2550 0.01886795827577102 0.05224849791610298 0.02366934204757242
2551 0.0215539068148573 0.03529626707175337 0.01542150683542892
2552 0.05944039080912113 0.06892776428361075 0.03788725104272276
2553 0.04497639776242428 0.05249168079059295 0.07478640384634321
2554 0.06756584104349048 0.04931109057842765 0.02540634447153022
2555 0.00576266090790431 0.06781220348136564 0.07471642829574089
2556 0.005608357880834807 0.01114049238779477 0.0253697408104119
2557 0.02973671286287551 0.02350082139884994 0.03325212845852111
2558 0.04081309293559067 0.02420243214968083 0.05683554066442451
2559 0.03889331428605793 0.05719693180976879 0.05721498877945216
2560 0.05537517061693779 0.04153018464876603 0.02442367375508877
2561 0.05829524263577629 0.004903658340266996 0.05383263160044911
2562 0.06467247381470394 0.005112889191063856 0.03237068119402533
2563 0.005523794023601663 0.03214645976453534 0.06468034665696315
2564 0.07469933376811397 0.03257587557894418 0.06479424388457179
2565 0.05563329586052243 0.05738559278318676 0.03948176179816574
2566 0.0539510324687591 0.02037706787463602 0.007571591595694896
2567 0.03154422808496263 0.01621348639319365 0.06306679665358553
2568 0.07459793758405101 0.05233863927594794 0.03450985736841133
2569 0.01375976623064157 0.04602363095211072 0.02069985605770545
2570 0.05381353478897649 0.0644263376426272 0.005221975030533295
2571 0.03907477237171643 0.0614291452637701 0.06794487759592036
2572 0.01624715388299436 0.01157891030017799 0.05775535548241809
2573 0.06127824102901432 0.02811622841552597 0.05195630926266306
2574 0.05850307907183607 0.01569545498640765 0.01161204215081794
2575 0.005345374646823694 0.05418782987830233 0.01949906125885878
2576 0.02950225625203295 0.01922111335535319 0.05312159471361848
2577 0.01262633489771972 0.01747462948976174 0.07579648553480385
2578 0.01499265692239694 0.04900795798399377 0.06544210739634365
2579 0.03227030005861119 0.04028080286906954 0.02429867489785913
2580 0.02585258862495598 0.03316747324853223 0.05159750264498468
2581 0.05448062279854719 0.02361827947004528 0.03144611008972988
2582 0.06768702786702399 0.0647408407700234 0.04462724608022967
2583 0.06291293573991941 0.04888940064095924 0.06614747736960873
2584 0.04013547989463703 0.02595962758380827 0.03349203301585497
2585 0.06425327649326155 0.005453092775431193 0.06667377048183014
2586 0.02236121499492475 0.02822035828889696 0.06233684503916782
2587 0.06161649445050663 0.04562577339205608 0.04694915676118894
2588 0.06550783641270987 0.05802806588195033 0.005605787067787896
2589 0.07500175465360759 0.05466921024878633 0.02111846962376663
2590 0.0215267376487621 0.01450393790919546 0.02555876801124234
2591 0.04983000658203519 0.06658149403064335 0.01638358953041975
2592 0.0730479942134746 0.005735293206509303 0.06295703397984315
2593 0.05709724806708583 0.07475264382911735 0.01570758522574382
2594 0.02194556149860048 0.06718239333777744 0.01653899481769526
2595 0.02229522812740438 0.0147555234585423 0.01630774455504794
2596 0.0283952367009275 0.06600393470910686 0.005426804951974194
2597 0.03938065014125421 0.04715822368304948 0.0469652420641667
2598 0.04661631462650723 0.03967665421395158 0.04813908872602757
2599 0.04534587549218783 0.06082257701116352 0.04758114060685033
2600 0.04793679113593632 0.04742797210461493 0.03980670093109002
2601 0.04898650526233431 0.06587216264415038 0.06398676195085491
2602 0.04406300622832422 0.07421639963571472 0.04201896141079854
2603 0.004703832203272158 0.03754449315582147 0.0257056645350698
2604 0.07449390520274449 0.06355548228751851 0.05657222912794823
2605 0.06468096893216614 0.05649263018935903 0.07357545637865023
2606 0.02045016542960617 0.01403120006725131 0.04621875409120553
2607 0.0221666669157954 0.0612456249229319 0.05240495069160402
2608 0.01345202621387723 0.017233274511137 0.03448613831441625
2609 0.05610009162737559 0.07440473495719377 0.06496706651087858
2610 0.064592090414211 0.05766493185341173 0.03452405991333055
2611 0.04235930579232471 0.006568455628565785 0.0415570344087151
2612 0.03352985131102491 0.07408024232923116 0.01067755696702727
2613 0.0121492605593861 0.006498619960877161 0.06327699888160369
2614 0.07443524732698055 0.0128835817108817 0.0172331597712891
2615 0.07481613761804699 0.07403273217889672 0.06166944674864349
2616 0.005502279796563603 0.06510765175152361 0.04210913106820698
2617 0.06396996412140883 0.006227381761756426 0.07376325405117076
2618 0.03404313740912879 0.06221016020161619 0.05705277974091923
2619 0.07432577039106031 0.0353064097394121 0.01582744172778745
2620 0.07477458378902881 0.07447359413087284 0.07505462793605831
2621 0.01209952142359635 0.02647490211196719 0.05471440443173339
2622 0.05349193650917428 0.03474135798699547 0.07487433198439729
2623 0.06168418092157964 0.02338620685211561 0.02643405579565265
2624 0.0319466569727044 0.004480594174312117 0.03974381093614117
2625 0.02534352785204707 0.07509894533999757 0.06905462189479873
2626 0.07474567032309341 0.04298755689934626 0.04278936832183288
2627 0.01893967482822759 0.02536487685610891 0.02089948338647672
2628 0.04187976588643547 0.04201787141307072 0.005643485029951294
2629 0.07195757396247207 0.07427538829722867 0.03608850250431626
2630 0.02138057136945172 0.005489436830308345 0.054969505828957
2631 0.03007016220385937 0.06186611241742154 0.07312720994454636
2632 0.07530565867119103 0.07523997164886116 0.01301879074116248
2633 0.06572310001512607 0.01156250338084431 0.03635769147976722
2634 0.0695560798989189 0.02302568888840929 0.06462374166979727
2635 0.06629643589575916 0.03305489891605091 0.07426460025977819
2636 0.02019408162321843 0.07492158858453532 0.05452608236076509
2637 0.02092214106719209 0.06499340430337645 0.06642652474605319
2638 0.0396092102375089 0.07502072059954014 0.02200429244880255
2639 0.06027333525872197 0.02921628561185384 0.02791203385557733
2640 0.01265954614827791 0.01353103812782253 0.05151335248091495
2641 0.02507425032773263 0.02335323893599601 0.005437955651519309
2642 0.03869729736064886 0.04938184440195378 0.05754045787336321
2643 0.04929792634245619 0.0579135529666831 0.0393409610809362
2644 0.02784513712032308 0.006275092742259418 0.07042291647948445
2645 0.005904625753671029 0.02548141406116839 0.06615782634160604
2646 0.01672759303675932 0.03446401192549433 0.03870967669064111
2647 0.06589394500860801 0.00539210930142566 0.02554166796709087
2648 0.07449683873321938 0.03894627291892808 0.06682379827379957
2649 0.00594720215796275 0.06299318628443472 0.006315784469434578
2650 0.01322772668221455 0.02330033799067742 0.03842837052593283
2651 0.01492245448233991 0.05043793728914975 0.01213567008400803
2652 0.07491211878476231 0.01575553383815119 0.04263308266082692
2653 0.01528951791727288 0.03126918548817111 0.07515309780123798
2654 0.05566994077668262 0.00630357943006578 0.0396332910759048
2655 0.04933571792346694 0.01218993776037346 0.01601830775020666
2656 0.07456975410427583 0.04048704582141838 0.004872654265606874
2657 0.005407916506303126 0.0399773516026202 0.05568414983031545
2658 0.0478463121146098 0.01841181080300136 0.04165590213437434
2659 0.04068645871341612 0.05455102072722586 0.04600383996522776
2660 0.02464023677074197 0.06196103586999762 0.02359758881480115
2661 0.05654575167053381 0.04665151734291192 0.04228393536543314
2662 0.01009521015257717 0.05837399387875584 0.01633273293449023
2663 0.03029156457775124 0.02973917380540304 0.06084373030391272
2664 0.07359609868982443 0.03932836029390753 0.05526963490242191
2665 0.01152013918351572 0.0385794500965619 0.0660014661477208
2666 0.04470698559654985 0.03989111862904589 0.02741267133713787
2667 0.02581544489091102 0.004451884206536224 0.04887428237866717
2668 0.005896733330590005 0.01922230626513092 0.03586840966857729
2669 0.005518845777887016 0.07500255019456931 0.07431355109026846
2670 0.01118339555469449 0.03991916107665069 0.01268333816906262
2671 0.01161738126454838 0.04771461989568433 0.0280109949291073
2672 0.03941000436556678 0.02806688499731226 0.04425381473225319
2673 0.01392892907713673 0.0743492202507214 0.01309270811945708
2674 0.07434833837040175 0.005587076669200335 0.0418633824619361
2675 0.03961965001840324 0.06626727148471288 0.03557036845945608
2676 0.06747696958527438 0.0326366904169395 0.005127394983796166
2677 0.07500050377530934 0.01400465122854223 0.03056003836154344
2678 0.06132066935997263 0.05387763517952671 0.0240093948132089
2679 0.05970908508734515 0.07459477900879657 0.05446345303771795
2680 0.004466881061437334 0.01853794586759946 0.007249510539454641
2681 0.05441111316516502 0.05947035901499136 0.07476205289508006
2682 0.004963200548493227 0.06648504454822103 0.05667577475270628
2683 0.04339124670289199 0.01332262593855489 0.02402443571864205
2684 0.04622278207871802 0.005147200667722035 0.05297188076275149
2685 0.0742379191628796 0.04096512309074481 0.07420575855872155
2686 0.02436685424174953 0.0442549948194052 0.0141965223465843
2687 0.05478682072604166 0.01131834301191804 0.02599628834299973
2688 0.01335306411184944 0.06727877094959334 0.0506956107501401
2689 0.00468593723522547 0.02360280154395621 0.01753351895312982
2690 0.0559683475362329 0.03109365057672727 0.06942002906700505
2691 0.04330965860371744 0.06544809776285369 0.02345729167455528
2692 0.01435574088253094 0.005130961408604289 0.04096124206487734
2693 0.03935414339602576 0.005571946047167597 0.0749518200408605
2694 0.07447477173423982 0.06137703439015315 0.07484688919990568
2695 0.04985990781055046 0.03030486346628138 0.02197861110780269
2696 0.01205886271011477 0.06468091252543749 0.05852545054458656
2697 0.0196915747437138 0.01203152672528163 0.004781152200580062
2698 0.03522982314553753 0.0391747613385818 0.04273690348568736
2699 0.0745824683511104 0.005618395593296722 0.005555529060474505
2700 0.03837233257647861 0.04462197081024345 0.03547718550297826
2701 0.02049646990644761 0.05067081078550201 0.03270150005858526
2702 0.01260652823075639 0.07463538668217611 0.02371642562117136
2703 0.07495375934478547 0.02850008978515523 0.02326045604119597
2704 0.04391543098260058 0.03595104203139077 0.03806753274615555
2705 0.06696398842864829 0.03687755143928809 0.01430690101651851
2706 0.07434929785658087 0.06331137365458119 0.006775128236474345
2707 0.01419380548994983 0.03800240222160246 0.02330173116407899
2708 0.03986949018802936 0.05699558509313973 0.07492718356826664
2709 0.03545569607255412 0.06587519412396967 0.01990854870878006
2710 0.02798328767109656 0.02270816738705319 0.07433080170559014
2711 0.005657039582874859 0.07247945214064822 0.06162703528836002
2712 0.02153872495079275 0.005264110840067994 0.04012293689988121
2713 0.06414307477886447 0.07052616355991195 0.0674758231170544
2714 0.004677753078579059 0.0375981318438113 0.01325694085738864
2715 0.03426651704105887 0.03979264162184455 0.05418836130792168
2716 0.05519531514244317 0.07506404628968619 0.03896566214809989
2717 0.05149590522970372 0.03705061478184959 0.04549800897163035
2718 0.06463102053183847 0.004457802060634367 0.05644941807418997
2719 0.06837142672509304 0.02660722381752521 0.05446330413224502
2720 0.01160136726234336 0.02965465675309106 0.03568419276427635
2721 0.01300813604139658 0.01346864106397055 0.02172654812775417
2722 0.07448974826012239 0.007019731409024281 0.01243609511024312
2723 0.04576103171871698 0.03994774455277714 0.0549348234734897
2724 0.04096423968372425 0.04286795884720995 0.06700150971621838
2725 0.07503715165003438 0.04041701524303306 0.04832881915657873
2726 0.06624261306681276 0.005273470685266776 0.03918020245405072
2727 0.00599228738940921 0.04021523869512685 0.03836757198512024
2728 0.03362356549999657 0.01542762646645999 0.02213360255787614
2729 0.01241900402539121 0.0533848175288826 0.05416952896634764
2730 0.02308438363298532 0.05614927172909748 0.04778776929820954
2731 0.07535468920143298 0.07518759251710637 0.005786708273907619
2732 0.06702257718242755 0.02473123323803372 0.04314344268360946
2733 0.009997603309393375 0.02274444991479928 0.02649516412759086
2734 0.04273183666060641 0.0573903498812755 0.004982054096539101
2735 0.0044050310749537 0.01503667588281244 0.05469371911998292
2736 0.04843658604343565 0.004685112699027674 0.03941559718788303
2737 0.004801683610898868 0.03984248366785994 0.06563565806569659
2738 0.06070421622272625 0.06473177878204067 0.04486638010450761
2739 0.02429984441700386 0.04858706930071633 0.0235864158751223
2740 0.01896837801092199 0.05042393184874169 0.005139938949923597
2741 0.07496714724750123 0.0259294721861699 0.06732153674366308
2742 0.05214465032302484 0.01421488636842301 0.04575245883450087
2743 0.01821829454389206 0.01249293671895265 0.06582161346328615
2744 0.0753311379167174 0.03842404050924335 0.02335133282437605
2745 0.07504415619210161 0.06755804912991131 0.06231888330938291
2746 0.006317221190309604 0.05026481957572306 0.03313750378177621
2747 0.03440856525722366 0.01447023060086972 0.07539060418021443
2748 0.03502091220400297 0.01920394324440793 0.004348560691556709
2749 0.01359322667010063 0.03349386357403528 0.05256982413191603
2750 0.005670718903955902 0.07490415335654621 0.03377320988722052
2751 0.05857260648981209 0.01384034137447826 0.03737804131151814
2752 0.02184281257105036 0.04254399227115511 0.06574537830900253
2753 0.04295993083582881 0.07490252403741569 0.01680259953096968
2754 0.03635881174992018 0.05785957860302934 0.01294573438678553
2755 0.06367164310173416 0.06720205923961974 0.01008573840771062
2756 0.004907813430886981 0.06317625828959123 0.06765968041660099
2757 0.01510184650673626 0.06881284830624987 0.0359171960459352
2758 0.04046212662364113 0.05213447395971194 0.0347252575279355
2759 0.01573401812960392 0.04246801495056576 0.07364550019809323
2760 0.06501756430895084 0.04729959001699105 0.05248618775583624
2761 0.03502855390760799 0.06067589264879756 0.004726439847957796
2762 0.03129943422827101 0.06701774273830131 0.02521925893334278
2763 0.04594754096889751 0.05075807841487028 0.01419127905451273
2764 0.03986685480903549 0.005167081126356735 0.05773434633473296
2765 0.0505619921348703 0.02242864664033001 0.05169520181084109
2766 0.03856037823993554 0.01122969170346837 0.02039749491174699
2767 0.01466083849436361 0.03647676894168603 0.0581113674199807
2768 0.004654095973638936 0.00464428454451454 0.00703512092179226
2769 0.005729311149147685 0.01347289390217579 0.04331913789508252
2770 0.02676804204543352 0.03048118497007238 0.06668553630587586
2771 0.03873854651677325 0.02361543363786263 0.07536714532476912
2772 0.005421318930163257 0.02929441038012118 0.02071006820748269
2773 0.0642818233379714 0.03620549011456656 0.03673587334952871
2774 0.03858804086723373 0.03764567221677687 0.06404780309165693
2775 0.005452742738139773 0.04184374907392263 0.07487263847164659
2776 0.06572777333851794 0.0258350984925572 0.02975688835274596
2777 0.01329005429702501 0.01647088156576948 0.04556789434664568
2778 0.0374774269098531 0.0126114326241715 0.004359974279399288
2779 0.06476035759198553 0.03853737900517226 0.0582525146204597
2780 0.05642173690029618 0.03907511681231612 0.005751418197868071
2781 0.02429878016648034 0.004185616514722009 0.02269069398851703
2782 0.05200848896137406 0.04805191461843925 0.02366099286669818
2783 0.04479407217162622 0.01387017629912299 0.004737470209363424
2784 0.0645806654950042 0.03348698528828413 0.05313701575690349
2785 0.02270051163202892 0.03913575258767936 0.00526647647048475
2786 0.04524975316566186 0.06051610919938264 0.06401831677085291
2787 0.01301353109948264 0.02998886088845102 0.04219360175369263
2788 0.07498792331463726 0.006456003980522811 0.07512316361624108
2789 0.0162222343820667 0.02432660200715184 0.03339766871183407
2790 0.04563970633419571 0.01286999274071335 0.07528346303852115
2791 0.01188093420919051 0.02225458479512163 0.05978914554368134
2792 0.01664287869510183 0.005204605464094646 0.03021257846298007
2793 0.07485292666397451 0.06216375589988378 0.03964803634967734
2794 0.05124090174104901 0.022183086342977 0.07458552821022535
2795 0.07484351216055546 0.02226567983658576 0.03986737199730105
2796 0.04171337668215033 0.0687483962958309 0.03065477339788935
2797 0.07411462918794423 0.01460974962599712 0.005006077430730196
2798 0.02365760992378681 0.03842055709805724 0.07605058649878749
2799 0.06825520272651597 0.01056045241212186 0.05175919132058564
2800 0.04030793987997571 0.06561967496900954 0.07473767799188644
2801 0.06510576481992447 0.07454006091761629 0.04366450545636085
2802 0.005483078369653046 0.0750232563866262 0.00516613415797406
2803 0.005035124171795234 0.02263315805523758 0.05651171817149492
2804 0.04255515236386424 0.04585398659763606 0.01784160378454126
2805 0.03938152184750215 0.07511261572631503 0.06198377223359675
2806 0.05935307415944532 0.01230383621374393 0.02148421314589635
2807 0.03011002039673673 0.05286882481607983 0.05357206759116487
2808 0.05221328420301367 0.05449113382871355 0.03348396381314344
2809 0.01380793857716667 0.0298330273444383 0.0626578894288025
2810 0.02503956957723003 0.0556197285244041 0.01135178238070216
2811 0.03750476611195543 0.04531849035715674 0.05265852032219304
2812 0.03904191270327543 0.01325746682840088 0.01349489148656177
2813 0.03765301423178806 0.06611263634117158 0.01290739258815454
2814 0.01649249403624241 0.05631859987109605 0.03382348143278915
2815 0.02313717905166932 0.0174132130347315 0.05287310762711631
2816 0.0657087492374174 0.04535168621820032 0.02171275226939542
2817 0.06742672473030063 0.01607632780770553 0.01168923916300119
2818 0.01060190871388612 0.06396394659072382 0.03844724665863382
2819 0.03816619582341241 0.06979025356411823 0.05590605640423501
2820 0.02834425714658815 0.06597362362464329 0.01885987697206472
2821 0.04568959639420056 0.02509190759654079 0.004648393653442376
2822 0.005093160387354368 0.0312334770326826 0.03330293817074727
2823 0.05799781754072699 0.04927594412399273 0.07566593605157293
2824 0.004617789588659628 0.05975720904473511 0.03984657751237859
2825 0.00459625813951293 0.06736298748227952 0.02297345540046667
2826 0.02238728349206432 0.004716138337771659 0.004429143032278289
2827 0.0402831023102395 0.04833246002567767 0.004427330407296403
2828 0.02976467903491171 0.0345264934515512 0.02505626856241028
2829 0.0676176570749636 0.02630836696428986 0.07519608287402878
2830 0.0750489002728937 0.05935100301125375 0.01734117963642277
2831 0.07458924509814764 0.06845180148921758 0.07475913598630682
2832 0.04490946885436421 0.02245771269057976 0.0751498063102503
2833 0.067131254461199 0.05305654333972708 0.01220339814085204
2834 0.03792093870840652 0.06413027630998482 0.02524443277967297
2835 0.01875059127590988 0.03939540123186702 0.01117117451353155
2836 0.0202845479125212 0.05706659518779524 0.004365351298859832
2837 0.05304950932764177 0.02237271539758623 0.01991922850601508
2838 0.05016167089967995 0.07557819631222369 0.05772138857207278
2839 0.07009268172200669 0.05515436389053695 0.03937403678724301
2840 0.01371911719266731 0.04095374483631767 0.04116678582652553
2841 0.05398484655090455 0.03293066247117974 0.05201294998954989
2842 0.0753390141675469 0.0656130367263246 0.0234413803356474
2843 0.03974192810861424 0.00499281164019355 0.02260594111831861
2844 0.02875379073386892 0.01073871267739418 0.01436140604237603
2845 0.05491162408539758 0.03382145124716353 0.01700830480597964
2846 0.023113359881371 0.07496293807270596 0.0394851580305008
2847 0.07528320137515171 0.01320266741005413 0.06767191326101286
2848 0.03748068607413142 0.03519163954769826 0.01487595185969702
2849 0.02877407257720775 0.03500526340153062 0.0336682882140518
2850 0.05322339837757899 0.06700462225752112 0.03553630328095753
2851 0.04004434206902783 0.04210949129476294 0.07477369110589591
2852 0.03562232910473562 0.05357724142635621 0.06712696622901822
2853 0.03236390281257952 0.004339275387521787 0.0671971522882312
2854 0.03995524667400484 0.02232765869418593 0.005472296981203052
2855 0.02614007376424001 0.07603794832928862 0.02267812255029036
2856 0.04140173716932054 0.06653278639557568 0.005118978455364333
2857 0.04807918290976901 0.02766515098527756 0.06660825287324203
2858 0.04349346453319563 0.03456332573175749 0.05134520649588656
2859 0.0490290607371526 0.03161888070772299 0.06182958915475475
2860 0.02910750219151959 0.05837975968975538 0.03815649557686519
2861 0.01968751059421833 0.07515633193634032 0.01204744452153064
2862 0.04989803036150624 0.04419668611009449 0.03404582225672035
2863 0.01566473505756601 0.04223260785464904 0.02703587696068958
2864 0.0331280390167882 0.05059955338330088 0.0437845528472502
2865 0.04184775029850265 0.04198911599848067 0.04489557482556658
2866 0.03336860560015589 0.0331568011097826 0.03942031994465941
2867 0.02869793520193849 0.06184602226050431 0.02840813335424542
2868 0.03108604848114162 0.04196171277160807 0.03343680068216724
2869 0.01277303049679421 0.0168853438434105 0.06903075226880466
2870 0.0516054235542814 0.04883164736715345 0.04492152422020367
2871 0.04124965063680863 0.03453050685139684 0.03076527398235012
2872 0.07524908644625224 0.06994218379333528 0.03064521766185365
2873 0.05582422660842279 0.004977172872588686 0.02195270458434891
2874 0.01562603753482862 0.07543193435925408 0.0583269092102985
2875 0.06686583984239479 0.02522825435114536 0.005095884990363988
2876 0.004668191120457094 0.06080325136796112 0.0750953956516679
2877 0.02183337278554931 0.05593869786798519 0.07548974046078073
2878 0.04263469790618812 0.02975803991609085 0.07540501116127561
2879 0.03414417118837296 0.07539466648584534 0.02571454144997138
2880 0.05759636077429273 0.03861347475735447 0.03057256650229229
2881 0.05663352650788609 0.07527047446014566 0.02158668063643659
2882 0.005072173217702794 0.05453702937877254 0.07471788544925866
2883 0.03981929716456527 0.02953968038593686 0.05866443130080582
2884 0.06169709646173556 0.06798379320195234 0.07568594703062718
2885 0.01273224123772204 0.07554008961819772 0.04466239879425635
2886 0.07584132950674817 0.04562859159490098 0.0133370563634958
2887 0.05728407980564606 0.04095413878680586 0.07556220375720525
2888 0.03931402793851669 0.07448047960091696 0.0443784528423088
2889 0.03729820504632443 0.01626302040602166 0.03730702707378131
2890 0.004494002485706404 0.02217960175257258 0.02779252889696188
2891 0.02064073926452609 0.06014301891228125 0.01337285244345913
2892 0.04102267477332053 0.02039042414704553 0.06821870523278491
2893 0.03584896347699083 0.0327760778802489 0.0269640055396695
2894 0.06523515030873379 0.05732148446558773 0.0589167952282461
2895 0.03403805159696317 0.07567738122836692 0.04007660362300619
2896 0.01944460847035201 0.02949590022969939 0.004948063975880485
2897 0.02035257044695808 0.07456136789073176 0.0739607766838155
2898 0.03349989057498298 0.02888083184856177 0.0353073064108055
2899 0.05495684725706275 0.02804583636636385 0.07568964682430381
2900 0.05754406214020572 0.03897670674249123 0.0490596644274069
2901 0.03408152772161351 0.05161003093492397 0.01266696477973506
2902 0.02007210794440644 0.05935069630874278 0.06554235918665942
2903 0.04320853786442225 0.06214245507370132 0.03006704263659804
2904 0.06839408270871082 0.01173527059742225 0.06324664126998041
2905 0.06636045263631507 0.06516338835006659 0.03594821040948914
2906 0.02883599394664714 0.03487215883277996 0.01232572288237964
2907 0.01901750253918513 0.0494089286482881 0.07487184358980206
2908 0.0345505189023761 0.02599209083622307 0.02976926369707381
2909 0.03366950925145644 0.01468721082760196 0.02820926088917863
2910 0.07506314901196254 0.06767916239267355 0.04402956432698206
2911 0.01395411065050448 0.01194310904205007 0.04100149707038708
2912 0.0584552883532987 0.06710704794513955 0.05870158075583679
2913 0.02154427204833935 0.03659375317543547 0.04730573052935847
2914 0.01797475667919117 0.004798041502344831 0.06700787455253156
2915 0.06460471610873919 0.04289989548551486 0.06860667627058367
2916 0.05007437674856173 0.004995727929694858 0.01939066976093776
2917 0.05820132499397203 0.04454060292409749 0.01478415216695011
2918 0.006126257273790815 0.003679426465439415 0.04516048362656286
2919 0.02216772563378192 0.02216063664143701 0.07536938675497205
2920 0.04928256596946373 0.07559896183207088 0.04032884381355994
2921 0.01672730342901199 0.04303065438665202 0.0674205143291528
2922 0.02038260081756045 0.004536679790567083 0.0113300208209559
2923 0.02506138205502664 0.0165379580477838 0.0415923390582089
2924 0.04252195846021908 0.06942963559314431 0.06454531824598307
2925 0.05528227595271211 0.06381764729094228 0.04191898300929849
2926 0.05414966013356051 0.06293858861096713 0.06030193681890715
2927 0.07477546291453779 0.05656902296149433 0.06482306382129242
2928 0.01311590149868026 0.03181125280938622 0.004759831588711884
2929 0.02028656646380836 0.06874707646364205 0.03926275530809327
2930 0.0287634506281805 0.05740777946294831 0.05836513966803159
2931 0.07491714866408436 0.005027470360941783 0.05718675710064493
2932 0.02711282908682699 0.03569786420386001 0.005216135884548667
2933 0.06515667911413468 0.01167652504854035 0.02334975072569121
2934 0.01600157492905713 0.06269172616815878 0.05332038175201594
2935 0.075391828334 0.02043692315744574 0.05457340164542223
2936 0.02256631909824911 0.07461393488030323 0.005655354026025895
2937 0.004263919151462618 0.04358638117951545 0.01146461026668268
2938 0.03163785746017207 0.07559146798520919 0.01610425299250409
2939 0.03909713821095534 0.07447447102481455 0.03728492817603276
2940 0.02982988624463992 0.03837226233516226 0.05933249726719888
2941 0.04555239759975772 0.03694261835842864 0.06477897958341387
2942 0.0240124163782286 0.01655030876134483 0.00443973912424721
2943 0.05924202704080249 0.02986503921191718 0.03861323779744921
2944 0.01284405425998538 0.04600425214268553 0.004430009847641882
2945 0.06327943315574192 0.058308612289515 0.02017365651088491
2946 0.04545886581510121 0.00575484589136855 0.0751641531400381
2947 0.04062499321094761 0.05658852974229614 0.06311520587677347
2948 0.03624894347853792 0.03451268102205651 0.05205471246436506
2949 0.01095424320676783 0.03209537932393264 0.02396143320493052
2950 0.05148369549056378 0.03654311385899267 0.03338414432725568
2951 0.06429048254667302 0.01021197009747242 0.01135655226329186
2952 0.03927194684886742 0.03929492833810267 0.02462783563020288
2953 0.05538644076428223 0.07582832592711128 0.04737400463671518
2954 0.06448816470902756 0.04356083354696649 0.01166696483569999
2955 0.05745093690372281 0.01001379350680157 0.05676734277519317
2956 0.07493884007417158 0.03503635932534532 0.004731397861173716
2957 0.06675583976199295 0.02308566083990457 0.04970929855370654
2958 0.04540200073751645 0.0283570064611758 0.03686770769853415
2959 0.04062970826799843 0.05555280922883892 0.01829392460473143
2960 0.05860309733298741 0.02908791765853043 0.0604403524622612
2961 0.06589783666306979 0.07506529695030774 0.05672269504083077
2962 0.01800003668273104 0.06517169868351322 0.07559356503766351
2963 0.0682881820565744 0.02197667714365071 0.01316810539525922
2964 0.03579728533482417 0.0447746104141443 0.02786237638972038
2965 0.02626997367487694 0.05293274041216181 0.03265514365228992
2966 0.004896540772507034 0.004869806140279769 0.06143951814219562
2967 0.004457768209747467 0.06453202795017218 0.03463336943888654
2968 0.07584826520069242 0.05395444063142476 0.04514345970273786
2969 0.06818373394512334 0.07480411681060323 0.02365636530189568
2970 0.03528026665848661 0.06298901756189114 0.03733354409954794
2971 0.0175951082447387 0.01186780552773583 0.03116752126280135
2972 0.06969767437944605 0.03759859151912173 0.026853632397938
2973 0.04268126274636317 0.04594892088437349 0.04072877686592614
2974 0.04573273369935887 0.05191424809136069 0.03821363050155004
2975 0.05336592881684998 0.04444948358449891 0.00453291856781261
2976 0.02739178999639 0.0198939807714422 0.06871708820170475
2977 0.01748102288266364 0.03069979747972119 0.03271349694823387
2978 0.0446635002009556 0.07555627506599626 0.06813423565126341
2979 0.07498563429739279 0.01244897097998079 0.05551554338051891
2980 0.05459448847455658 0.05497961886163499 0.06761612839806054
2981 0.04945320675819113 0.06823844202322153 0.0228282220993209
2982 0.004092387475778649 0.004181612814405779 0.0223655605874712
2983 0.01166523575056063 0.07460679632644544 0.03853541396696405
2984 0.01657543963493557 0.00561484837545057 0.0750539548283394
2985 0.01679648618400532 0.01308961601071017 0.07420612905465182
2986 0.02773569537118026 0.01199129007343558 0.07484277389124136
2987 0.005437007763077267 0.04547327912978352 0.004596586588145216
2988 0.05758282316936456 0.07503510351486113 0.004977473967489362
2989 0.07470132648662725 0.02434088947273115 0.01293109438608811
2990 0.03386260748913299 0.01531355018796416 0.05679310877265756
2991 0.004660792435688799 0.04350693916652381 0.04998817560331072
2992 0.02545506233524706 0.03972480866900771 0.03689449105715885
2993 0.05729304622961553 0.07559320853678494 0.07569614215160075
2994 0.04567905261324529 0.07494042257468217 0.005418974066963631
2995 0.004512361391905054 0.02523422177346725 0.03353516144894117
2996 0.01185291896701476 0.02279278340010025 0.06584521272071429
2997 0.07424486815822785 0.07483488368687266 0.05610405784810005
2998 0.01979376035032619 0.0341446508628194 0.06031431081394654
2999 0.04856019693945674 0.04434688710926212 0.05291109804933426
3000 0.05898447560928701 0.01914202515788987 0.03520571120464802
3001 0.06032408824189874 0.06958849192625927 0.01760608981668988
3002 0.02368456018269448 0.05098802180298567 0.06511453231326203
3003 0.04796602733331461 0.0580362260413928 0.0750446828268868
3004 0.0586904124635298 0.004382055425090815 0.03352122751733043
3005 0.004642123823391725 0.03152245804069289 0.05875433002793966
3006 0.06920963994497788 0.02607774315608392 0.02004423837649682
3007 0.01794485899776253 0.01179090402491677 0.01177742885974535
3008 0.05900448252780296 0.005379932359368535 0.00509138583484064
3009 0.0497476062885169 0.07566994525024008 0.02234633601118383
3010 0.02716790427290983 0.0192131799809436 0.02076270045912961
3011 0.0346889373887675 0.004412395991194843 0.02724483426035747
3012 0.0615940223038938 0.0680618829061944 0.02751797697622235
3013 0.03144797869751391 0.004340173595664484 0.01480051939448778
3014 0.02990680149425232 0.04046408665111573 0.009593376292978285
3015 0.05644749392612383 0.02138867329866961 0.06101048323033175
3016 0.01856896605663042 0.0531313256960147 0.06344103899249127
3017 0.01779499667212574 0.06731309097741123 0.02919815217870478
3018 0.03767916781849644 0.004365817526175825 0.0381501493277743
3019 0.0186424886825741 0.07527882485072035 0.06580104242271749
3020 0.04169115600263725 0.07568228665601275 0.05506328331385048
3021 0.07591464164143234 0.04023746989724687 0.03371947824548595
3022 0.04871467480240916 0.02381842334254947 0.02597239197800706
3023 0.02087686656548102 0.04059422685846803 0.03078031350427793
3024 0.04134939120318384 0.03140712851289924 0.0238281372246837
3025 0.02335999240080985 0.07556706967222278 0.02858121976951709
3026 0.07536545432150935 0.02215265093683694 0.02283046327239024
3027 0.02282535701982552 0.04988322382065405 0.01161287839340962
3028 0.06434555889647001 0.02205163601586933 0.03672873160015592
3029 0.004187419600049866 0.02641228498331405 0.04352584391302896
3030 0.02711878053892202 0.03561827602984065 0.07589347803206654
3031 0.07540347700608453 0.02768453737979152 0.03729995003394052
3032 0.01884699502123379 0.03156907970485811 0.04379663440341249
3033 0.06758179576463412 0.07527764785340078 0.0630902836346407
3034 0.03780899803060623 0.03740240960699578 0.0041190297402741
3035 0.02629900225476545 0.06084336625304303 0.06877391408918332
3036 0.01584979468688639 0.0468235858570452 0.05195205556533229
3037 0.03071917573530845 0.02179609083467004 0.0417627402649027
3038 0.01066911605275435 0.06704949181143412 0.02246016987192756
3039 0.04068158370925291 0.04871128670627504 0.07563882031992909
3040 0.04653639661281976 0.03711704473156351 0.004228952666673776
3041 0.05065446376830608 0.03713595276441665 0.05996763991075088
3042 0.03753541798308771 0.004726893975638937 0.04599091439628488
3043 0.0609131649519156 0.01293483224679886 0.03040357749974587
3044 0.06033249300880177 0.05276181622124002 0.06013801253487431
3045 0.05745095864907759 0.02520318185179533 0.04822913143104004
3046 0.04918775436484357 0.06851828132431319 0.057804293256398
3047 0.004227458242298589 0.06818749764865076 0.03065960887701133
3048 0.07521496426347349 0.07561196627862457 0.0195323740964469
3049 0.04808480667243581 0.022526270500662 0.03738233671062642
3050 0.07490517336121581 0.04984751916937045 0.05968901480010334
3051 0.05656404393995631 0.06526435419844705 0.07552451897116536
3052 0.02902890995443069 0.02673576457276226 0.01036293832377728
3053 0.07576318549256268 0.04464876682965255 0.03809136355946832
3054 0.04364913827025285 0.01419259583903708 0.05783545686311967
3055 0.04897918120837812 0.01139587642725423 0.02241338653812457
3056 0.01129009261682225 0.03826830502536185 0.07488861134820075
3057 0.04562745176869045 0.03909691874665303 0.04226365047957951
3058 0.06911293947862841 0.05156801347035633 0.05454648051146256
3059 0.01658832774415957 0.04997755801831472 0.05827501717587812
3060 0.06891407731045811 0.01703324176238775 0.06872980194836437
3061 0.06226989477069265 0.004055903835195145 0.01057770226122205
3062 0.06067233510426331 0.06728545899464831 0.004469062495960329
3063 0.0688297327713894 0.04469084991835529 0.07539348598537557
3064 0.05639827382034268 0.04887134507403704 0.06807724070546919
3065 0.0305979136424262 0.0356750292647305 0.06605256127039374
3066 0.05680015692501862 0.02581125515120069 0.009929653878811548
3067 0.05354055364240815 0.06258773631059437 0.0202154433754075
3068 0.05841957442310947 0.05904060535717409 0.0566666080137012
3069 0.0389683829530811 0.03545334739871547 0.07511676625183715
3070 0.05635832608586159 0.07447190599819208 0.05924223024140373
3071 0.05642311065665685 0.004907933801215716 0.07418198209487814
3072 0.004643512418935486 0.01272904515984812 0.006226865185178643
3073 0.0680720630203558 0.03029219857875445 0.06373022647847321
3074 0.06617539737903988 0.02983846859929892 0.0349441273393024
3075 0.02214900880090567 0.05102882695491759 0.03829921109725871
3076 0.07574625286300601 0.04916127128529597 0.02797625680205115
3077 0.07518383707207839 0.03225746823332794 0.04819055972817235
3078 0.04946425054212277 0.05134707449557835 0.05576480341375846
3079 0.05669515556138313 0.04845170352074159 0.05603865746192171
3080 0.004761138224596961 0.07473970212478495 0.05645871122382618
3081 0.02030316150333008 0.01041444212420578 0.04018030991062309
3082 0.004200912990891804 0.05754501874508812 0.01427727821284385
3083 0.04873434653775647 0.004634975226378012 0.03192697576222486
3084 0.0585803229314298 0.05580447899622374 0.07502335958895273
3085 0.016219448453924 0.04469720480588414 0.01425604102557213
3086 0.06037706609998306 0.07526565643439252 0.03415494366006879
3087 0.03286261819815003 0.01880140492525724 0.04731760812115849
3088 0.0215272872843757 0.02098913094719964 0.02450724237858096
3089 0.06840514073325032 0.03132150747444401 0.02549199533000531
3090 0.02420905609487406 0.01045674511649726 0.05682269363190197
3091 0.004267878014958901 0.04919804342124742 0.06028958860019788
3092 0.05655273726272975 0.01625602079021801 0.004919960051725607
3093 0.075251142403052 0.0334685944490994 0.05851462265066435
3094 0.0305461242657617 0.01142166838570063 0.03883335870446337
3095 0.07569563703333639 0.06003366604836217 0.05161219875174823
3096 0.0484996148782453 0.04458782457200432 0.06894964367721011
3097 0.05910171360207083 0.03904979602447924 0.01296782490615807
3098 0.02366571294895466 0.06537791057830006 0.04301749502133808
3099 0.03108072303608548 0.07388678574866173 0.05778710681660932
3100 0.06834003707640798 0.06761894312156201 0.05256598941907195
3101 0.02044477092925879 0.02305569957099661 0.03999673204377507
3102 0.028040506306267 0.0755666862809465 0.04865426613945251
3103 0.03745283605639095 0.02191360054187369 0.05153686756367488
3104 0.03871047261900105 0.01220923092277535 0.06149331656990834
3105 0.0272490243761676 0.05768995891142473 0.0753284797557746
3106 0.02704464084234247 0.06181064883204988 0.01190541304411557
3107 0.050421075370212 0.03705108750591627 0.02195706165275814
3108 0.06404124474121189 0.06900499845901295 0.04144746043213397
3109 0.004677050014663082 0.04666600540011253 0.03757455204193851
3110 0.04588611440739998 0.005512308147574151 0.01479270864642719
3111 0.07583715354006443 0.04270683512715651 0.02729606513331316
3112 0.05968595525827084 0.01433211125546038 0.07563311636375239
3113 0.004653341890883652 0.05783917197105833 0.02526790716616373
3114 0.03118765511515631 0.06129506928039595 0.0476713371331808
3115 0.06103624113608908 0.04890784498162471 0.03202689503760285
3116 0.06566909489596227 0.05863328879210388 0.04455753139596183
3117 0.06066817991456529 0.07537760648762501 0.06884289471871258
3118 0.01411059202688464 0.06809499119315203 0.004345244430996258
3119 0.06907618689898297 0.03075219968986845 0.04196452494697019
3120 0.06874208982326566 0.01804234100873894 0.01999357272910711
3121 0.01156400040668873 0.07513389111185755 0.06348563425102957
3122 0.005802773277994922 0.02317260736308577 0.004695189467055415
3123 0.004784110195222275 0.04303686665485108 0.02837976747316973
3124 0.05040463852391223 0.06912473933749209 0.009729681713175784
3125 0.06817426860435262 0.04090261193030591 0.06393231557158537
3126 0.05244983595843483 0.06947180153635946 0.0682839009108943
3127 0.03097183185523072 0.003968841590383239 0.05675135479374409
3128 0.06945159635381376 0.04562844222814462 0.01659381832303876
3129 0.02731065164801358 0.05835887678720751 0.004773246239597257
3130 0.07383744186299203 0.005285755981251306 0.02429086180416746
3131 0.005193326918774894 0.02390859327268903 0.07389757199880977
3132 0.05014504748906524 0.05683491692668405 0.02254753525680065
3133 0.03994047390573696 0.07516117693405719 0.02985699299410328
3134 0.07529148317605107 0.0174810014905867 0.01159744477085067
3135 0.03767802093549664 0.02564138372705622 0.06848288967516332
3136 0.06814823068264411 0.04499307972544375 0.004715694291704098
3137 0.02988984690368992 0.04534725854586227 0.06204269533863224
3138 0.06624775528751196 0.003855581140123603 0.04438978885234206
3139 0.03990598576520718 0.05827610759662546 0.03408724220962667
3140 0.0635673469396988 0.01189080125522519 0.04161578829177233
3141 0.04549514308057362 0.02817165916245447 0.01518966825475722
3142 0.04866922510456481 0.03324100865935971 0.03962684671734355
3143 0.03749587087232151 0.05785238689201877 0.02273272668572664
3144 0.05889062470329692 0.02394315431669657 0.02133142160376975
3145 0.03858130682265084 0.04142864913129009 0.01316930423874699
3146 0.05999343618369854 0.0357203284460498 0.05894724376833722
3147 0.004290480608218791 0.07525308240193804 0.02141350134193454
3148 0.004206139380115922 0.05398632533299538 0.04381737403382711
3149 0.04414026190167211 0.03257652037540095 0.06981587886695673
3150 0.02955152082471979 0.003783015650880495 0.03197512587857922
3151 0.048287559669492 0.004276514228142046 0.05883757999380058
3152 0.06599197495739693 0.03851526346280491 0.04202946106609261
3153 0.03143464626306135 0.02593236826858885 0.06874233645953892
3154 0.03640905626529809 0.01205717608621855 0.04712097808615152
3155 0.01139173727880211 0.02132520519162232 0.04865541845587556
3156 0.04677198326306206 0.03708709484691299 0.01016738239489204
3157 0.007177931759985841 0.05510545317608551 0.004477672479829972
3158 0.0483676151157249 0.01092996904189074 0.05758646819967843
3159 0.07501489553866911 0.0230884939587833 0.07480361116389837
3160 0.06869284878025664 0.05223223889396099 0.06811873591690729
3161 0.0753669591615654 0.05801807395140311 0.03093381345236584
3162 0.01208334875685266 0.05646757566954892 0.02326248841589108
3163 0.004213048730674636 0.0371539584824916 0.04996535428398503
3164 0.02351457638185639 0.02994288696543129 0.0229740312558328
3165 0.05621026586730073 0.0514305221507388 0.01176651637894613
3166 0.03994820329467363 0.01124740975842333 0.07550444869300363
3167 0.004985007861258252 0.03272121808137714 0.03872993327104225
3168 0.04436590938097835 0.01553477181280779 0.01166280691868137
3169 0.02384415399574682 0.06025712800041455 0.05793986605239138
3170 0.05743833401624403 0.02168376253518013 0.07559933788284277
3171 0.02644229017317492 0.00369960784858479 0.04251564315566928
3172 0.07549393963569138 0.04535767573969979 0.06726681120759274
3173 0.05422778995479771 0.06667128820065038 0.02878483216883258
3174 0.05974558579953954 0.05408675752877864 0.004706016300260613
3175 0.04424799792658599 0.07633933459859332 0.04794657976224562
3176 0.01234593575561084 0.003786125406464198 0.004250028479706946
3177 0.04380468468838699 0.0132278625166006 0.01736906519764864
3178 0.07581595127605698 0.01020761893244238 0.06250593004884922
3179 0.05572216848232048 0.04090955796692006 0.03654568583694146
3180 0.07522004708872708 0.01024552312396442 0.04511901262341005
3181 0.04050462555029163 0.03653134776129555 0.05703300743447573
3182 0.06998493330531556 0.04678589085577922 0.03698917426377146
3183 0.01079577425516533 0.01142127815837244 0.0156915999941003
3184 0.07621221242508378 0.03983266998034735 0.01088332020002392
3185 0.06835470999833738 0.04000508375767264 0.02137911387043412
3186 0.04530966036854633 0.06346362339896157 0.01202024102141439
3187 0.06927083251513722 0.02151532238940396 0.05875062668800851
3188 0.03053447505284433 0.01287408591857681 0.04500798173730201
3189 0.03249814680548907 0.07641707649716287 0.06761122659078679
3190 0.03380309233621778 0.07451426066435161 0.004884601141083875
3191 0.02798810669725044 0.07594528671239682 0.04310409135934883
3192 0.0378411706425591 0.06973223671524058 0.0473725002060133
3193 0.004198089490701153 0.04627388258473075 0.06738608335906282
3194 0.05475774869420139 0.003907282501871566 0.05979909850459911
3195 0.005330884836326808 0.05881686837085771 0.05341377992807943
3196 0.06761234678453687 0.07558530030633968 0.01126954786546995
3197 0.03661320338824479 0.00396636496863761 0.009911311957544173
3198 0.01145415411303254 0.05278858356459242 0.0434696274916698
3199 0.03594423428870652 0.06816522384119034 0.0752119286627884
3200 0.0348985897895843 0.06754069799406844 0.03044145399320016
3201 0.009424004010814085 0.04717856479554905 0.01516321992863795
3202 0.04289018085475109 0.02436401324492549 0.06382487395505494
3203 0.0228655592563223 0.03606691350914292 0.06434923773771907
3204 0.01138933266999179 0.04503896589005221 0.04726217081888222
3205 0.02646473500670849 0.06922337306140729 0.05945165821877442
3206 0.0117577175646702 0.01993838114750451 0.01841991887681632
3207 0.01221574819856903 0.00401109947619953 0.04764800900557378
3208 0.0578662005571592 0.02181288950602486 0.01484082695443357
3209 0.07592970902301188 0.01189587022676162 0.02383941069767806
3210 0.03578423007240723 0.02040421078396896 0.02083984491158136
3211 0.01173708991340884 0.02518933810536976 0.075743110340806
3212 0.07545620351793481 0.01078424562439572 0.03669390663060132
3213 0.004408794534748942 0.01415273629130706 0.01952034677560188
3214 0.004239598566227757 0.00796140619905578 0.04564868619139716
3215 0.0661022749041697 0.01900951654359445 0.004498593822860989
3216 0.07571795259487364 0.01932196032795124 0.04813953406108561
3217 0.05657719628611321 0.03099495107344426 0.004755533918778751
3218 0.0755803086329421 0.00467804808181211 0.0354269224719188
3219 0.06962344125785057 0.07576030621201645 0.04594048096375411
3220 0.06894951671139483 0.0612877987978769 0.02895869453931002
3221 0.02369147450663935 0.02158904798558333 0.05757180702325598
3222 0.04564091394075547 0.0690001648084405 0.07581697765829877
3223 0.06847421677268589 0.06909380430633322 0.06320054495976887
3224 0.03207415126734197 0.05008873064367054 0.02860485110853381
3225 0.0134391135827673 0.04453367666796845 0.06307081882982399
3226 0.004174507494677493 0.04916793941598294 0.0278584538898719
3227 0.003919182896148263 0.04774903670365632 0.0166687849472214
3228 0.05825424832446698 0.07566024161448147 0.02774888144056058
3229 0.01148864604416257 0.01271208275976904 0.06296727352357434
3230 0.02925029086765415 0.01175460370591331 0.05993821466293933
3231 0.01232221966282864 0.063427226640734 0.01011751976505287
3232 0.004811818116141579 0.05756784353163852 0.03175979110842912
3233 0.01365219576645819 0.05703083512648337 0.01172588330067172
3234 0.02162015522200122 0.0571411580572905 0.02947924117714841
3235 0.01303779906279904 0.02772716774087288 0.01077858886228496
3236 0.03413940290628724 0.04970932875687842 0.05027510437477724
3237 0.03220615495858381 0.02564753018561679 0.07602641625877526
3238 0.004348822977597587 0.05757193818141501 0.06720100899522864
3239 0.06807070928324346 0.01753138777934167 0.04075250570776095
3240 0.05827197451197359 0.01947012514106616 0.04078691274302704
3241 0.07574946656758622 0.03341200496777238 0.02482738933384114
3242 0.04032718858115582 0.02433525915394667 0.01733021758673004
3243 0.04452254343150862 0.03975838038645224 0.07593628616831334
3244 0.06787751459162547 0.05653993188747723 0.02453891955676658
3245 0.004493620639881922 0.03456456769147014 0.00627236499259495
3246 0.01553841609097631 0.0240067055061752 0.04418401858105051
3247 0.05953122804338742 0.004251137937956704 0.04853382618253421
3248 0.03860109115383559 0.02836423529381278 0.0132913722720433
3249 0.0130687034329243 0.004005536977226497 0.03426835863344362
3250 0.04700815965983673 0.06865625407583742 0.004335929172931127
3251 0.02975855912088831 0.03796575839608538 0.01989420115829569
3252 0.02380310200230356 0.01679208117836971 0.01055346210581032
3253 0.07066565345431736 0.04141833865495897 0.03123682195909456
3254 0.04459705215920203 0.01875277437536871 0.02880061880357659
3255 0.004860984988293338 0.01169606894030662 0.05983017102733437
3256 0.04845189361565882 0.03499425062708653 0.02836206192326435
3257 0.07451044195244541 0.005898888877870249 0.01913305172147865
3258 0.0754160500111969 0.058511254713252 0.0249553315933669
3259 0.03856056945969374 0.02135213835045546 0.02966673717253862
3260 0.05206852317022555 0.004645351307488011 0.04997973247787279
3261 0.05290682770335685 0.04522350640916158 0.06429426566752308
3262 0.03258941337178307 0.06971186284723861 0.03869417517321378
3263 0.06519836509525462 0.02340113614837646 0.06922875733449617
3264 0.004227346795252402 0.01202155792273191 0.03236373864908038
3265 0.005703503051472793 0.0262575924050976 0.01084417915084724
3266 0.01150812679798439 0.05795115750948624 0.04899234938577337
3267 0.01133304902453465 0.003706443980606739 0.05734851645067145
3268 0.03511835280633462 0.02904464271333732 0.04821165415220052
3269 0.06189182183004779 0.02958931233305747 0.04469430878247824
3270 0.06957933755219362 0.06908719212299999 0.01498131027180153
3271 0.004322034195123208 0.03392778865590065 0.07635453571085524
3272 0.05331105470822724 0.07573879002339388 0.01111543661350585
3273 0.04365170798673304 0.01839480305550664 0.05316157951327131
3274 0.03744225714805211 0.05939575231398449 0.05063573576457951
3275 0.05451078051211273 0.0114800018489247 0.0693331759396609
3276 0.05830589228116256 0.05135673907331236 0.03722213329193828
3277 0.03057119548631692 0.04392976651658359 0.01815324771719416
3278 0.0108034454599861 0.05863504517128985 0.02913412721872409
3279 0.02473693213496948 0.05521703346762177 0.06902665760306202
3280 0.04332392609827275 0.01044611513638811 0.05369261935344766
3281 0.0533872264795963 0.03755054728299776 0.0117283678645205
3282 0.02478250819354716 0.06859624515454898 0.03107309779290639
3283 0.04255065210099948 0.01340955351316817 0.03828402037460957
3284 0.024281451404145 0.003900455075034981 0.02941688021229345
3285 0.02492433114916026 0.07542000945918359 0.05807204737243269
3286 0.0270820017308908 0.01038069157502394 0.02940896521669472
3287 0.06486987822088898 0.06087825924028353 0.06974185934580984
3288 0.04636866728013884 0.07574892894610381 0.03203273473031748
3289 0.004218389243700089 0.07050723561675688 0.04636743027867114
3290 0.01673875824409883 0.06948236619752507 0.0565564401027264
3291 0.01328538538202984 0.06222991298475488 0.04490712282908781
3292 0.05093431868500926 0.06142199716276193 0.05079807372752574
3293 0.06038574616130173 0.05090258987861535 0.05069437788500745
3294 0.07476479766313286 0.05525480427664061 0.07561008957591639
3295 0.0626848265292657 0.04426535173439052 0.07578429644219721
3296 0.005081941517942863 0.01879927595579819 0.06767592884640859
3297 0.02094247433857131 0.06497665919647037 0.003965856897063917
3298 0.03523063278954151 0.03960677613539722 0.07004991909701407
3299 0.01377747689889273 0.01142683516796393 0.003888980565615288
3300 0.05660686905270099 0.004435811767672742 0.01519517829958058
3301 0.02475917345423551 0.02304419193539745 0.050132016746932
3302 0.04903062877699925 0.04959500865418714 0.03415136474788762
3303 0.01817016583226484 0.05491053550543622 0.04585071614305511
3304 0.03451586742673166 0.04984628203210763 0.03713702588135023
3305 0.03006228453254362 0.04898667248424735 0.07533469163245497
3306 0.07515863727156073 0.005209320282551484 0.06802414841207889
3307 0.02236590777680094 0.06550097889959088 0.00970619520319101
3308 0.05394748773612687 0.04320496366473313 0.01026764087485889
3309 0.0560056587392421 0.05705444455096811 0.05063241053929411
3310 0.0136083445262463 0.05735253491831475 0.004724433258568178
3311 0.03237730254249337 0.04732247540699277 0.004791668107586341
3312 0.02275185911172474 0.03054107728827142 0.0561711008966124
3313 0.05163913670716478 0.0578853548073823 0.05566810122920293
3314 0.07485894397470712 0.03463054769144769 0.07539966096589466
3315 0.02548892597439214 0.04344855527095032 0.02699716433049207
3316 0.03210148056522998 0.02442955861436641 0.05152412482487782
3317 0.05700318449590574 0.01839961136508267 0.02546412616467043
3318 0.0282210858189145 0.04225072843119949 0.06823388025186396
3319 0.02911947904689014 0.05325832386782473 0.0640654391255981
3320 0.07155779472741883 0.03153168773553464 0.01245664327410866
3321 0.01186690006100014 0.01038576282296921 0.07598148850422219
3322 0.06719011543385491 0.0496745658275538 0.04215648180255811
3323 0.04469714691830158 0.05882994305508504 0.05495668076893753
3324 0.05943458525476662 0.05732807430269918 0.04537009310334738
3325 0.04209536396501937 0.06718873980072518 0.05007268893769874
3326 0.06217532150191264 0.01648245796349006 0.053304532006561
3327 0.07506362319470519 0.03796671471541344 0.0386104221559251
3328 0.06538518081633632 0.0603613309739542 0.01088689275655871
3329 0.01047344720356787 0.03899174305554779 0.02873650510713885
3330 0.04339498529147864 0.004330187850742584 0.06790880541259604
3331 0.03533740859805504 0.06113617618389616 0.07518463980796575
3332 0.01230467490080091 0.01016919002967951 0.03421407177436611
3333 0.03230998543792839 0.00408783996983333 0.07586151966997817
3334 0.01472968887774521 0.03527957465300614 0.01650220426109223
3335 0.05429862442500504 0.04333928265384898 0.05389737631351801
3336 0.02587874816636199 0.01745916299617373 0.03242307885197278
3337 0.02359151055885903 0.008563360834469977 0.06597587488698863
3338 0.01695496481620656 0.0460167706392384 0.03256408982914381
3339 0.03829427175601455 0.02055474936173931 0.01160776092015565
3340 0.01811315314059006 0.07559147605896112 0.03683598810396724
3341 0.07447401344012324 0.05737201266298599 0.005243775385244397
3342 0.06710398078430758 0.06867482182500431 0.003975186176413299
3343 0.0748194915992136 0.06816271951478566 0.004584953321960242
3344 0.009692389434770639 0.06395995407034484 0.03241458126151357
3345 0.05070129076341483 0.05746634032002647 0.06234146779675225
3346 0.02079817447300441 0.07543543748573171 0.02283233155343257
3347 0.07501001106047878 0.06440467005921051 0.03315755356318707
3348 0.02994256965878677 0.06731614095029971 0.06225345742255656
3349 0.01111731287386885 0.01750027280581092 0.04020441468980943
3350 0.06830120888235949 0.02064748022435857 0.07550935288213544
3351 0.04057858117623405 0.06878474940585463 0.01789160613370285
3352 0.06150908243612568 0.05310361423955468 0.01645715301755831
3353 0.004109750705829371 0.03913493124476373 0.0195623687098642
3354 0.04751574029843363 0.0494355143762942 0.07012465664459575
3355 0.01189698496779109 0.03593943533707374 0.03526414353607447
3356 0.006146634085361954 0.07503454481888649 0.06660736836055871
3357 0.05166234897074891 0.003825919477265301 0.04444603170435187
3358 0.06484907583924916 0.05231849204052668 0.02909045481249537
3359 0.07534459334188733 0.07523582662158913 0.04620204734678999
3360 0.01022177591206441 0.0311353976838418 0.05770312483907707
3361 0.05517670790941395 0.01049037206549358 0.004089970919811784
3362 0.04898261575907398 0.06383225153896355 0.04101454612710593
3363 0.06878958667719993 0.07055689636713042 0.07619495944219072
3364 0.01665559898844063 0.06894449813284248 0.01145181400493936
3365 0.0463629484276822 0.04572106875399953 0.02874563019059027
3366 0.03088711255475885 0.06784092517924441 0.05591938070103857
3367 0.05975033626384257 0.03363445212603294 0.07554659467615775
3368 0.02527271127899919 0.06374468330489344 0.0631482080634353
3369 0.02636982233152541 0.009636074209644855 0.00413690515906806
3370 0.06820218002428584 0.07564426371527684 0.01707104237058266
3371 0.02296566332630667 0.03348704926075032 0.009792019493365393
3372 0.03036314160644671 0.06755091516899066 0.04570776264511095
3373 0.07520163326722919 0.04722307769417485 0.005770638921914226
3374 0.029932591231061 0.003811898204443705 0.02237398769704498
3375 0.04528713273153342 0.02910945560430632 0.04797160752177848
3376 0.07503167008102959 0.01938858483724341 0.06565344968725459
3377 0.004427339571387624 0.0124480198568048 0.01334707435487118
3378 0.0569023103030058 0.05080117093841718 0.0276108663237028
3379 0.06478314130419641 0.03541798089162339 0.02084134534613759
3380 0.03128995775430907 0.03250912795260838 0.01822667605899846
3381 0.02743286940004748 0.04580927280040235 0.04641263258503989
3382 0.05772204795107762 0.06221915576282954 0.04951311403676195
3383 0.04189899949310204 0.01373668906736894 0.0493878324134049
3384 0.04579666940228978 0.0751328913254414 0.07459361306817086
3385 0.06790363152281835 0.004975922315930446 0.06163405678133083
3386 0.02795876019109165 0.05736818074847089 0.0494318515419272
3387 0.05944539824968963 0.04752927506134705 0.003930100088892985
3388 0.01235564256845499 0.07570517305199424 0.02904735713912521
3389 0.06951961186099036 0.05900801048160745 0.07550471341074153
3390 0.01254033634525514 0.05696266284422575 0.05849321564179819
3391 0.004396557251315064 0.06758812004804783 0.01176405383076985
3392 0.06916038360570134 0.0555412122474153 0.03165572365801662
3393 0.004713688843665602 0.02228743110870231 0.06198350314763698
3394 0.07589375921772877 0.04433042895172178 0.05142117770920634
3395 0.01070441990967812 0.004727474337446871 0.06905199003367304
3396 0.0607641388237927 0.07539219171679562 0.04747582472419612
3397 0.07563161950492785 0.06886843507285471 0.05549412825960941
3398 0.0181802320077971 0.03237622144673181 0.02671710896845524
3399 0.0327650153717595 0.06290014703465764 0.00955323328410094
3400 0.04547261468535917 0.07561709632511729 0.01107769709558643
3401 0.03388135674204586 0.0207654870219213 0.0659320337028982
3402 0.05309507895805773 0.07583625621163845 0.06808465383028851
3403 0.04519243603796399 0.007399237172797366 0.004280109525880899
3404 0.0486173999956588 0.0422175830153112 0.0134807671421735
3405 0.0209624393004782 0.01514788899545318 0.05863617089244871
3406 0.01680255970094121 0.004692180572322164 0.05939389424789474
3407 0.06590866194680256 0.02638468274369062 0.060202296187119
3408 0.06873045177070675 0.06680946021626086 0.02275202045352539
3409 0.02357661491801735 0.04391477575050794 0.04069544956531452
3410 0.00479709929842223 0.02804563363291535 0.05484347225631454
3411 0.05102792332217935 0.02333203409934328 0.05823707264618875
3412 0.04685920111763346 0.02352159895354958 0.06961016752925177
3413 0.05745271506052507 0.02444811778665371 0.0377771208773498
3414 0.03030402901393736 0.04011844613039032 0.004245054008817397
3415 0.02949588701451316 0.05614940797376999 0.04402123535563777
3416 0.06849952566957841 0.00840011532188437 0.0039501758354269
3417 0.04797578908527262 0.02396690846070235 0.01009760918100557
3418 0.07576617009073525 0.07576064773776096 0.06801322264028151
3419 0.07596575272915541 0.06942923714250354 0.01819197054118196
3420 0.01529919943843354 0.005343446901550464 0.02064140376937596
3421 0.01451443366221932 0.01807741469995625 0.02800544709675923
3422 0.07608570885529513 0.03250549118288287 0.04148618239328221
3423 0.02627541762785507 0.05962652888235959 0.032765362321375
3424 0.02734489090754895 0.01927296320322828 0.01468136954088361
3425 0.01843187458681534 0.02554495468826564 0.05814453131825426
3426 0.07586055287226588 0.05591484994115063 0.03874005678808358
3427 0.05900463629139665 0.05917102003142849 0.06908490743013614
3428 0.01113185852401981 0.04077389408157425 0.01808187520034518
3429 0.07000661478812101 0.03616223291835181 0.034165824882696
3430 0.07626371082709604 0.01220669671677856 0.009391029197147519
3431 0.004912698061292918 0.06817970526195417 0.004543243774580509
3432 0.004466708189398607 0.04321191062823581 0.04308859944143992
3433 0.05972438940438321 0.004010153269748911 0.06945713807731847
3434 0.03854311079077341 0.01064183919422096 0.05464948722620504
3435 0.04124170423552713 0.02234972165664319 0.04438608491197966
3436 0.02457242596498417 0.03620524024616992 0.05774067966528387
3437 0.04888811465535661 0.04788984312311653 0.06309631754088282
3438 0.06869814069170313 0.004572751773915459 0.00924059391120091
3439 0.05371478041607292 0.0436730543529454 0.06937216932296349
3440 0.02286630935061573 0.00420331447880634 0.06092333305465118
3441 0.04467298815716984 0.07594682697187558 0.0606617703770075
3442 0.01064029520675527 0.07607821397909365 0.009796351240115004
3443 0.04588408168096027 0.01744921681829946 0.04703245944963141
3444 0.02046404033469483 0.04447973498851739 0.02097318753420004
3445 0.0325355532168228 0.05522589336028298 0.07575562099447493
3446 0.0554699740136009 0.03489013988234164 0.06418686929467567
3447 0.03075824076387419 0.003726116273469434 0.05047775581105665
3448 0.05969257305046889 0.07581370936156878 0.01077398470084711
3449 0.02783424653794611 0.06213549783777941 0.05321418311317629
3450 0.02078589883698671 0.004972584809092856 0.0347562781740534
3451 0.02018869221645893 0.06041925509481794 0.04274198116350719
3452 0.003888068450480378 0.004353355331358669 0.06859608673680864
3453 0.04465419821952397 0.03014231304297077 0.0566600309556913
3454 0.003953900446977321 0.02035679084126374 0.01322027741477966
3455 0.01064088936814284 0.003893439852906671 0.0109134245255663
3456 0.01672525347010514 0.009837388957143544 0.02583399641026812
3457 0.01815586778034903 0.0399987439904879 0.05280488514977159
3458 0.0550756618800696 0.01007451649044428 0.01375780714423823
3459 0.07609761548341483 0.03310842307456868 0.06948691383584482
3460 0.04456846444360441 0.00400423924451567 0.009044658915027102
3461 0.03840608255222396 0.01716096081150999 0.02504050592900353
3462 0.02508859430035287 0.03936362265109451 0.01692291979591074
3463 0.06265478172145829 0.06957455455147224 0.03284436592022826
3464 0.02393404998786422 0.07080006197458512 0.01006038069325821
3465 0.03002217526783145 0.02542578060154262 0.004446293982354762
3466 0.02465176245430628 0.04731384058387194 0.07593954901887423
3467 0.009997760466006514 0.03636687557315141 0.003670594207089313
3468 0.0684207619741212 0.06182053131057968 0.01696651582537669
3469 0.04616583900031874 0.06437753170164864 0.06989644518728481
3470 0.01072756009142163 0.04617390912857208 0.035898363045376
3471 0.01811159246659026 0.03019535971257926 0.0498629750377954
3472 0.02960971261364643 0.01297493923491078 0.05445838963336828
3473 0.07510264319972437 0.02302385309277602 0.005273752436928101
3474 0.02615689125059899 0.02983209280661881 0.0351363108309418
3475 0.04792098928353403 0.04810511094616449 0.07573013727844212
3476 0.05066670069648334 0.05043180714298031 0.004220954427981275
3477 0.06671109684677927 0.00491042503800868 0.01993512586979628
3478 0.01683230363412697 0.01683747433242616 0.05192758321143424
3479 0.05230739417603748 0.01006668388606784 0.05193138618203619
3480 0.06312454659231613 0.02081713982473654 0.04487021412082434
3481 0.003667163999569082 0.03371566957375147 0.01884996799118439
3482 0.07588218010869424 0.02756481168410952 0.05559259491811894
3483 0.06887027480057675 0.07579597339533396 0.07211601216337682
3484 0.02243837404854719 0.04966871484341306 0.04955489867541812
3485 0.01051921734249894 0.07604637118726833 0.05545346594215426
3486 0.06491908194662568 0.01630528360027963 0.03410046039241982
3487 0.05939045466776848 0.04395313271071092 0.02070167282297194
3488 0.02406207921990714 0.02778887809263189 0.04100459932316194
3489 0.02143894373426315 0.05699105241044251 0.02216646951145356
3490 0.01940006773479266 0.003887484013457944 0.04992863029602301
3491 0.003780454891301659 0.04573625950232623 0.05613292774052285
3492 0.003938404317151847 0.05825993233479047 0.00610631256419085
3493 0.06343216906577795 0.06992934139844736 0.04665562142485167
3494 0.07655976236503402 0.05999107633599882 0.04541062827754982
3495 0.05397180865218648 0.03086220110691539 0.01163873900717208
3496 0.05642789376864845 0.02909600788253865 0.02134754836582625
3497 0.03480664568172833 0.07567780160558968 0.07521070186406731
3498 0.05308184582459409 0.01125751957615405 0.07506147321549367
3499 0.06243964532043763 0.04858672548895551 0.05687891166985627
3500 0.04541656879702325 0.03274753153555732 0.01900963751203614
3501 0.009251277067344242 0.03385017332886282 0.04789929770929969
3502 0.06727505529451505 0.01094359586896382 0.01678408858181443
3503 0.02535070190322806 0.06873393750061141 0.037656253208188
3504 0.04401195265293777 0.00378264532100972 0.06110520559026615
3505 0.05352578216694917 0.01514362772761665 0.02149788546058663
3506 0.05013625195298377 0.0306034897708489 0.03381703424604902
3507 0.03029672955773345 0.03440498138588792 0.04946711342881505
3508 0.0156768941073302 0.05297510387544415 0.02930945453547197
3509 0.06873992717387296 0.0530539747176955 0.07566697128692966
3510 0.004194427018788412 0.0594967692663002 0.0474659311998573
3511 0.06121177986785122 0.06528605022579707 0.07011297479321493
3512 0.0110967901313268 0.06067859714923073 0.06811411360143127
3513 0.05611242705415226 0.0283941457331349 0.04284361994623045
3514 0.05464260699225705 0.05385433469972437 0.04342174712504602
3515 0.0417047013173882 0.01404834846222246 0.06840451892114775
3516 0.003995759003768717 0.02092215152904599 0.04644521938365893
3517 0.01007144235775185 0.05417006403993341 0.03269180974925169
3518 0.04023744855418245 0.004590340957165317 0.03088664227305036
3519 0.004596754139629792 0.0188118502361995 0.07524430548215429
3520 0.01135916441673112 0.01524530744471226 0.05733934396826074
3521 0.07585998789217371 0.05015628725963274 0.05188612390157519
3522 0.07601171904793644 0.06843031438520271 0.06852215500906354
3523 0.04929706377404423 0.06689903492571325 0.04639892429304894
3524 0.03498729912636522 0.01255958256531246 0.03369692400905746
3525 0.03294487546447705 0.04088399247522 0.07616981966384992
3526 0.06063895179190253 0.05072052633587671 0.04400392922906719
3527 0.06274067103122952 0.07596410036066865 0.01950492281745324
3528 0.02445025542728625 0.06900623487783097 0.003997247921136962
3529 0.02867062916705831 0.0753923538262434 0.07501279692109226
3530 0.03319439659575966 0.07571974839806152 0.06239250774477562
3531 0.003612788607787183 0.03246893183856379 0.07041892689743703
3532 0.02376740578866511 0.07606987302519774 0.0636745850097101
3533 0.01989227823967856 0.02354562993967056 0.003874434641644828
3534 0.03364905327133529 0.02775186948624054 0.04207832640130811
3535 0.03881925443656958 0.04861990016043426 0.03111570047361725
3536 0.0760225071504671 0.07607138679193845 0.03229134788293987
3537 0.03286973105339541 0.06947356619824253 0.06767846572328695
3538 0.03608364931866405 0.04465892029001912 0.02147760273016594
3539 0.03817714586851067 0.07611366228538745 0.01300518830624532
3540 0.04533510529309921 0.0459235097259962 0.05883624060013964
3541 0.07641861003002258 0.05590532907194148 0.01088360630101557
3542 0.01620476387626076 0.0619204051200937 0.06989988679996709
3543 0.01752458217863503 0.02720520752901763 0.06818882166733593
3544 0.04315442789326364 0.02490175540901942 0.02777378060250121
3545 0.03693953244636018 0.003622484563607578 0.07002221781313081
3546 0.06079877270719302 0.03546907154580788 0.004175088777838054
3547 0.04621501046780903 0.02478294434465798 0.05467656272689733
3548 0.01721125815749857 0.07011372404517105 0.07599462991439711
3549 0.04203833257463663 0.0553023500494027 0.03958717519518021
3550 0.07640941582361604 0.03211743755678963 0.0188907931977256
3551 0.0199069086823696 0.02930745709777712 0.01601972828753002
3552 0.07680566813979187 0.01703028773433868 0.02032008902209779
3553 0.06211651735450383 0.01049983024422515 0.04669080848770726
3554 0.069644131171209 0.07484823806921102 0.004756822746658278
3555 0.07023969178039215 0.02320884510449165 0.03207920647894863
3556 0.01921632205649244 0.003934515553849284 0.02493882791936711
3557 0.03526008636557632 0.04232333162891427 0.05886263112238273
3558 0.05601663333885631 0.004142824497372711 0.02778474173407859
3559 0.06891403271275197 0.004575573331467115 0.07034958090334258
3560 0.04898082853690613 0.04332624519336564 0.04342596934592437
3561 0.03247522529911932 0.06929705335971405 0.01610292221848352
3562 0.0320834407045778 0.05684292545039753 0.00339188931242549
3563 0.05451761084588688 0.06460300670299424 0.07047163480137378
3564 0.03276722713674367 0.02092469826277225 0.07648920730835976
3565 0.05972831841222763 0.02228600532189318 0.004155505265211442
3566 0.06950575469072118 0.04622923093550962 0.06302390052817193
3567 0.03682381387288045 0.01890993671438539 0.0432672424304795
3568 0.06125105698611555 0.04918768116667408 0.01096082731743517
3569 0.05922925600604736 0.03487408827132538 0.04328613355841244
3570 0.05846545087035266 0.04457836825235863 0.06511521143618015
3571 0.06979255554904902 0.00414007515188626 0.05379639750388419
3572 0.05070946850174452 0.03143993438838149 0.04522840451298046
3573 0.02626020774211736 0.02514229665075257 0.01873837474239435
3574 0.06125608290849602 0.0157002908548714 0.06947505874083093
3575 0.03091719570349297 0.0439243784387177 0.02807807814280522
3576 0.0584739952597166 0.03220907310708256 0.05541613543937395
3577 0.02002821996056883 0.04794561891523093 0.06742766692049705
3578 0.01704388590374513 0.03665672687203716 0.03069257303994493
3579 0.0150276447922827 0.04886918646750263 0.0706823274024421
3580 0.05883607679570353 0.06276870401864558 0.0192381262128331
3581 0.01834712613138729 0.03668713786876272 0.0757620667343175
3582 0.004759634306891056 0.007413408804720019 0.05532519660074439
3583 0.005194341570099501 0.03318389457067274 0.02834470312174227
3584 0.03037106546171534 0.01733960644570275 0.03681232296993039
3585 0.03202888137097012 0.04947881011437227 0.01808669176772321
3586 0.06945373242962601 0.03861176052150135 0.004070073452494032
3587 0.02639965716185579 0.07587065427673249 0.01233006443639758
3588 0.02870808573797978 0.04341232962024555 0.05604599250248554
3589 0.01874724254427407 0.01886856367590208 0.01345694968585379
3590 0.06755290422218424 0.03133918941450912 0.01785201383978246
3591 0.003830910359696081 0.03764027052164361 0.06020800522700823
3592 0.003824791694167396 0.01159454843162495 0.03900709122253754
3593 0.04289313733545673 0.0208807842076824 0.03444094567791665
3594 0.03460123583805904 0.004069284465701584 0.06026032265888201
3595 0.07028817834794496 0.07542149027054305 0.03003820141604303
3596 0.06362932668721273 0.03008024525647202 0.06967045246588377
3597 0.006702700100530171 0.06949645366861638 0.05217232043037994
3598 0.0127981617553756 0.06339901267047664 0.02626403172810101
3599 0.04250346755542227 0.05429733594865142 0.02403383840438894
3600 0.04840943849575211 0.03480644956658481 0.05001786295395987
3601 0.05416919566551169 0.04025634230560372 0.0427704315629783
3602 0.07544681546976108 0.06752586744748969 0.0119091311365438
3603 0.02483051007324896 0.005554458008784187 0.07585011576230372
3604 0.05764019040389706 0.01080934399745806 0.04236631758269871
3605 0.01677183206439588 0.04897342496945696 0.04526677258406167
3606 0.004421032981100827 0.03550532282638175 0.04372562465728646
3607 0.004073485088653544 0.0696505662574908 0.06817058342577036
3608 0.07653989715056798 0.04332050433593655 0.02055602776375166
3609 0.003664860868690296 0.06043869351287028 0.01922342998375148
3610 0.06997341278952494 0.03718206443755562 0.04958047800523177
3611 0.05035685619396818 0.009667479825353469 0.03594654492079589
3612 0.0623066337441455 0.02500460080674981 0.01228322724581077
3613 0.01399117533852006 0.06865324932512197 0.04148877463576181
3614 0.06875814704048258 0.03392112926215154 0.05717144952795722
3615 0.07557258874359381 0.02310606737324358 0.03420121377883546
3616 0.06821922353526989 0.07625378633140455 0.03974957941315374
3617 0.03280286378476524 0.03226364227225922 0.07629167026325959
3618 0.04073334265368159 0.03632219052932781 0.02032663582869616
3619 0.06685757893211711 0.04639747339758957 0.03106432899682614
3620 0.006846376363894666 0.07588051125135441 0.04596010353379119
3621 0.02384553093753912 0.06798906464171595 0.0549616027699937
3622 0.05617213193164603 0.02034435517508788 0.05443330342139054
3623 0.004566094646603643 0.06771235669715862 0.01755088500976195
3624 0.01719215780502868 0.01767727475798508 0.003492757168513577
3625 0.04444107812095127 0.01035929108817536 0.06414620462778256
3626 0.0592112394780453 0.02070040488502309 0.06841898208078037
3627 0.04476396073555178 0.05867883833163081 0.0203629689153606
3628 0.06933980080019161 0.01008769051060486 0.07544817480769937
3629 0.04687720923254728 0.0688062640706778 0.03962136305669925
3630 0.01135672877863698 0.06873124751119988 0.07524709411254728
3631 0.06799273510321183 0.06531912904718518 0.06713718215091849
3632 0.07651295802046487 0.07060370404444834 0.03667472574216774
3633 0.07145552845372076 0.004387270050951182 0.04666327510921918
3634 0.0565814417182546 0.04678713458627085 0.05025324322441672
3635 0.01827344252978132 0.01760721594705618 0.01952195876623224
3636 0.0383219935284153 0.03581973110634584 0.03823457261864929
3637 0.04194491628413672 0.05673962413221799 0.02892552692879132
3638 0.03092527826515396 0.06688221486654783 0.07537214121402713
3639 0.0388199597774751 0.03894229285081222 0.0348126954664305
3640 0.06375800503493707 0.02716579288070628 0.03936436835314035
3641 0.03510416120565189 0.03989576920193252 0.03797631574932753
3642 0.07638492261748774 0.04521305109327903 0.0565474384001375
3643 0.0228042922925668 0.0536511651029901 0.05955296424918829
3644 0.03590477285081524 0.07642843381708787 0.01848027529283321
3645 0.01056127070305005 0.02825363652536425 0.02982164688010228
3646 0.04351775116413407 0.05062730836032587 0.04294742153759532
3647 0.01360998246988196 0.07447574949253247 0.06975269093951494
3648 0.02043984903678976 0.05999056240834571 0.03563744297600431
3649 0.06778346016204229 0.003475013111566418 0.07650709686973317
3650 0.05524858240095144 0.07627620053025162 0.03284680066813399
3651 0.07605399119352979 0.02482596542472646 0.02812776375418635
3652 0.02043459880974437 0.00449784431808017 0.01743496362867548
3653 0.003699844480223392 0.04444491718593552 0.02165727237547023
3654 0.03525706995226896 0.03952060864696982 0.01888126631425847
3655 0.01557925743870035 0.01187122593190549 0.04784668408754283
3656 0.05463441513647145 0.06935118520876964 0.05571034532605589
3657 0.01308086379411059 0.06188057410160528 0.02007111825994268
3658 0.07600738919629589 0.0353703040780992 0.05288690892505531
3659 0.04996744389472724 0.07641782655544284 0.05040191724584088
3660 0.04091765357590283 0.02689714524483061 0.00410739878367218
3661 0.009552266603870681 0.02469750158401489 0.01519050759882543
3662 0.0498002046023424 0.03067298251172914 0.003921531956812638
3663 0.004299188049455949 0.04939185416888892 0.04186237094990627
3664 0.02896341200060573 0.0489851258664339 0.03464817841605274
3665 0.03225786588265957 0.04527841647271877 0.01161561834442773
3666 0.05322172620069134 0.004050645171090061 0.03527223035440682
3667 0.003604838101859061 0.04984848495074676 0.0511197443117417
3668 0.009426002769128423 0.003663553706474939 0.01825623279176649
3669 0.04350344771101581 0.06951305621066628 0.0543388578786556
3670 0.04546654459178247 0.03968135616666898 0.06979192473765365
3671 0.04404455212405808 0.003568206359511482 0.01826552436051309
3672 0.05622088045455864 0.03063574118882718 0.03243909288148353
3673 0.03583926756478243 0.02765516136894942 0.05656933025451783
3674 0.07593493979332758 0.06126949040947006 0.01205403835017601
3675 0.02497469529230996 0.02783637850064354 0.07613102772137102
3676 0.04517922617760665 0.02080936354036247 0.05917037673562729
3677 0.07065432302904624 0.04177657543578226 0.01045779121931885
3678 0.02665701159660717 0.03829331196234589 0.02371104328379059
3679 0.06004416355801796 0.04274844249642105 0.003661170905490954
3680 0.0449329539695169 0.06463040967661605 0.0176921324019803
3681 0.05045311406624871 0.03952399833865062 0.06768640376215623
3682 0.02000482283296828 0.01941975402612856 0.03590690862543456
3683 0.06988931114609317 0.05404322096571011 0.04503959210501725
3684 0.06046783051341664 0.03303627603425071 0.04950381519588584
3685 0.01049318999839022 0.06966804616478964 0.01406236263121475
3686 0.01903962016115528 0.04003929864024776 0.03648449203545325
3687 0.003647531948794522 0.01784808303967792 0.02480629947587141
3688 0.02560836351407537 0.004626743594368905 0.0127278490204188
3689 0.02904097464714492 0.01946775872511702 0.003729407336005405
3690 0.03186243695725006 0.07664097867333272 0.03262656846345085
3691 0.06961693586161018 0.03813140634206089 0.0759263468980704
3692 0.04108919953189822 0.04357783921623866 0.02989716257193731
3693 0.04219279265117999 0.03564682974871679 0.003529423626603645
3694 0.02196265047798222 0.01465367970143442 0.07580376590305635
3695 0.07002636204732277 0.05508648146417906 0.06225528033274291
3696 0.0433341662509303 0.03065086353729612 0.04148549964943397
3697 0.07612222555406561 0.0490760110315429 0.01701859613222237
3698 0.05016703177030635 0.02267410890311635 0.00401411082188729
3699 0.06120500699038866 0.004247423432567997 0.02298378595953925
3700 0.03467548217719107 0.007019759379583097 0.004449973302374137
3701 0.05685962539244881 0.06044056991810615 0.003454891940386982
3702 0.01659491346799003 0.06949290492072313 0.02360955381734306
3703 0.04868479887378683 0.04726663505021394 0.01738029510234942
3704 0.06885952332152864 0.01477984037771234 0.003957695948144629
3705 0.0105220951783438 0.004814792795239992 0.0748959925210054
3706 0.04880089742062842 0.07019403744923594 0.03227516852664244
3707 0.06476014782943175 0.06255120377757609 0.07612355719990113
3708 0.06329753242626111 0.009786234692686703 0.05699022692901345
3709 0.03353533294844181 0.0553706963066309 0.04876385515742608
3710 0.0367187448658935 0.04475046877409032 0.04209413784405869
3711 0.06096699008977462 0.00383762835014216 0.03979486040970735
3712 0.02868191532456489 0.03231535602370471 0.04350459998370895
3713 0.03606930625672376 0.02958486774681319 0.01932749218530369
3714 0.02379644124004441 0.01366263761460021 0.06967857965958707
3715 0.06953521961393457 0.04092603390766043 0.05821539821506225
3716 0.02466672533564316 0.01278423122339761 0.06262251071209474
3717 0.06269501584282357 0.04911329484998692 0.02113395787802459
3718 0.04571197021468276 0.0520662492014416 0.004024106387448914
3719 0.05912459078875998 0.02644163628644266 0.06928045290598922
3720 0.0453223552482447 0.07152646231087702 0.04852949719449105
3721 0.05011723140966267 0.06039015057116113 0.01686695848782722
3722 0.03329158781551038 0.009532337325882007 0.06498915334565904
3723 0.0041721194323509 0.01875147440980751 0.04131058804297691
3724 0.01161731772230578 0.04599896538763225 0.07570950016819156
3725 0.004325428032725471 0.06075279244538167 0.05880789375780052
3726 0.01002729831904572 0.02611370326872289 0.04413497465573637
3727 0.06517867906432473 0.03523631562019211 0.06204441263622492
3728 0.0243723888860794 0.07604082571436731 0.03348332900711373
3729 0.03212774599629774 0.008911566026129655 0.02990939621616806
3730 0.02990296523083436 0.05094882595227651 0.009025323214675651
3731 0.02017322834901161 0.06603771231769857 0.03454507226512734
3732 0.07588655479174612 0.01944436054800588 0.07024668290329193
3733 0.02322911663028296 0.07032557212074014 0.06626626325444775
3734 0.04491885163226164 0.06272026135444053 0.07621368826553268
3735 0.05571348864695084 0.03818014028530659 0.05549133191318203
3736 0.05812527633151424 0.03857414215999885 0.01972288505246309
3737 0.06010133468033085 0.008873750220783815 0.07637578362952605
3738 0.04522797444116396 0.04264614467305345 0.03797166488495522
3739 0.004736863906189658 0.005453354073957406 0.02892865706419728
3740 0.05456989793149831 0.06960113799242523 0.004147750243011237
3741 0.07616838085239547 0.03397242408248576 0.01062524261562662
3742 0.04332269031499013 0.02926880029054948 0.03217884271426884
3743 0.02533259719647272 0.04630066446620937 0.06431104536686294
3744 0.02931234929746948 0.03396376851859985 0.05566765770443965
3745 0.06088242991524012 0.004284715757521779 0.06219419649097594
3746 0.03889262317687553 0.06966064318599978 0.0699507197226073
3747 0.06990186196856002 0.06444335434357798 0.01152712976386195
3748 0.06496249213474342 0.01062049811341673 0.06920266706530201
3749 0.03488424713874946 0.05468542728351996 0.05449826960080221
3750 0.06975049128502407 0.05670397991266739 0.01780589522328599
3751 0.02990096124670616 0.009344880272752499 0.04914579496878405
3752 0.004016700071929768 0.06994925172226293 0.03759877302010617
3753 0.03086766443052853 0.01582519868010033 0.0705866620181549
3754 0.01704167126971397 0.03652106762533309 0.06559097754333093
3755 0.06556478147552859 0.0706546145284762 0.01911865911011272
3756 0.05188097494262895 0.06250574981987995 0.02572618602700191
3757 0.03319178760352003 0.01847148488386562 0.03209100104649181
3758 0.02328182395625657 0.008548647252781387 0.04934140981460433
3759 0.05597812206666875 0.05552496015371236 0.02013973757915757
3760 0.05257411387631097 0.04610515525236345 0.03829979999491297
3761 0.02661027831148657 0.03963625285350821 0.06387082393229142
3762 0.07624866222724345 0.0624282361419049 0.06386651586980205
3763 0.0621638867936588 0.02771076886364227 0.01735017745945044
3764 0.02998008763941809 0.05250744113759827 0.004066726401839658
3765 0.06923152307821233 0.07078043398078941 0.04104391357044736
3766 0.05497113759768271 0.02539117741367228 0.003928742540585456
3767 0.05893111112383195 0.0700406573473471 0.06436091684826681
3768 0.04282864222841663 0.003890284516422762 0.03544052040456704
3769 0.07091118257510369 0.01223993019130204 0.03335041180884467
3770 0.01843691333111747 0.07644514999590597 0.03108955532700475
3771 0.043735211674596 0.05086541539464856 0.009125307829323446
3772 0.05118974443472048 0.0294400171574257 0.05712433935264358
3773 0.00444147025146674 0.02039985007134086 0.0513594572141195
3774 0.05453357851290593 0.04975534991871365 0.03348831060887088
3775 0.01664916170590731 0.01992705602211696 0.0754605036431058
3776 0.03539311473719118 0.04277868953531801 0.004414503405259708
3777 0.02225333865190551 0.03435336128800989 0.004019305305685448
3778 0.05502207001286764 0.004509528445190467 0.009539762222508089
3779 0.02064848196501477 0.04255579723719038 0.07606900526710322
3780 0.02464554732264324 0.0626138370971456 0.07628045227173362
3781 0.04677691462977137 0.05943029510022979 0.008940115812850025
3782 0.0440402713859805 0.04008604235113568 0.06053032720866971
3783 0.0663642727114374 0.04277533099025458 0.02694541315536918
3784 0.05150323914234409 0.007584901676575514 0.06144697330805441
3785 0.06116305934998577 0.01982015603823744 0.0305232387261459
3786 0.07645474587665166 0.03760113193589004 0.04400390661509092
3787 0.06118878368702624 0.03337517806482629 0.0326515980822298
3788 0.04706479655282217 0.01085394598547959 0.03958952431515383
3789 0.02216494759196839 0.008947629309582213 0.01523615935438615
3790 0.06959821468194373 0.04467201912072045 0.05010165284081401
3791 0.07048177722500384 0.04978422166020131 0.03089831545635538
3792 0.04304509652545941 0.003799184058583774 0.04802389435309252
3793 0.003639624638523628 0.02702046686818495 0.06120959963106139
3794 0.04507816326318349 0.04807902049404157 0.02261325977339936
3795 0.04073518128491902 0.04278289176098501 0.05619336655806127
3796 0.04196031480647942 0.02516040793355926 0.03917163543636697
3797 0.06308939229833281 0.02551442763567404 0.04715522833687614
3798 0.04936151915745464 0.0167972846961487 0.07589582028259562
3799 0.05032802371744086 0.005061301482489892 0.07574079299916124
3800 0.004327087485159702 0.0239008764065699 0.02303633407318418
3801 0.05374060437251232 0.003622498063218985 0.004062284775033366
3802 0.06277149675459039 0.05277561316200744 0.07635693718975806
3803 0.01665934638522128 0.07290726753318044 0.04755012886717876
3804 0.058176909567571 0.01932191061835453 0.0478836512575443
3805 0.02523960346980604 0.003819202583434945 0.06586409914485208
3806 0.004104895663563597 0.05459532149163754 0.0618841310771114
3807 0.07636801025392087 0.02214284340193854 0.04427660112110007
3808 0.009963654608048071 0.04012251989045237 0.05918332482909623
3809 0.02610485637032582 0.04778711103753729 0.01844876696248608
3810 0.009087534394885893 0.0355792335905315 0.05477066489661031
3811 0.01118741494589074 0.06296923860570047 0.004466473834965523
3812 0.05855796474432764 0.05316003576100226 0.06504920887408801
3813 0.03240655336352196 0.03795910397173401 0.02955301389289267
3814 0.07609917648462584 0.05310673225712549 0.06960439995266607
3815 0.06574396444513018 0.07655761831014495 0.03515654660364787
3816 0.07619686487458406 0.05899275571069968 0.06997476018715575
3817 0.05020832085933977 0.01663077193479783 0.003997962004039146
3818 0.05464952956235038 0.03807693175415944 0.06996588466302703
3819 0.003399833330110383 0.04118316215090317 0.03347079933088889
3820 0.0549856715826479 0.05576943828517934 0.05994423542174788
3821 0.03728912229075781 0.03046386532947677 0.03201658188269488
3822 0.007333874479446782 0.01127496656924895 0.05126265520201525
3823 0.0246285554376364 0.04819187219274351 0.07033645617583019
3824 0.04335967431188111 0.03242028043669566 0.01246122713984278
3825 0.07658356234409744 0.02776487612263407 0.06100161145901978
3826 0.06796243285722596 0.06063186120331406 0.03958092224103384
3827 0.03861303267591003 0.00892354428768785 0.06846974566126349
3828 0.03546708055751667 0.03835813256596491 0.009091336923994615
3829 0.05446341585598302 0.01553019927741177 0.01629767617384257
3830 0.01768573031736015 0.04335537992000952 0.003985052920681165
3831 0.01803444667651725 0.06062374998081659 0.07605064308248775
3832 0.003687930124220437 0.06121621521476554 0.01114437081916377
3833 0.02043004663976061 0.07629943232631549 0.04479732278586104
3834 0.0398313496026329 0.004351201551587115 0.05289188800076036
3835 0.02621185848659051 0.003829108867915731 0.05564830373400275
3836 0.04787469263020779 0.04232849614537676 0.0035212733103894
3837 0.04022265793966122 0.01396699843911349 0.04336560795317013
3838 0.05286402296602079 0.07649372102946668 0.06268879091845481
3839 0.02522151332098572 0.02299571102378366 0.04337241623039701
3840 0.02600866011555052 0.009450770482411566 0.02387219036073064
3841 0.03599674267662321 0.07588280783177213 0.05758153310010247
3842 0.05396229948546255 0.01406315115778538 0.05879726700720508
3843 0.03016628517036217 0.05547159392004517 0.01469213481763842
3844 0.03929210212457138 0.009376902016103746 0.0353029766089414
3845 0.0215584274409684 0.03900255498842486 0.07034844069605711
3846 0.03306918426169858 0.01523647546606942 0.01063759887257514
3847 0.003568922200331494 0.02393274608486969 0.03872162056511642
3848 0.05113277867710821 0.03799787951305671 0.003509113380367866
3849 0.023313968371519 0.02863403075026152 0.05050257285076173
3850 0.04422946049174664 0.07645447862844221 0.03694149407187504
3851 0.003827915860463655 0.004618201168625749 0.03591506857641025
3852 0.07550724736239023 0.04577047037373393 0.07540103984906144
3853 0.01137492074886845 0.07545659060497725 0.004593841713025032
3854 0.06978487020024222 0.07550369727958138 0.05246405631036981
3855 0.04010196277146259 0.04996009230863149 0.06373379452191276
3856 0.03167037504068342 0.003420197743018728 0.003472943125293146
3857 0.04944718290712383 0.03139542571034144 0.07680267530864962
3858 0.06122006458804385 0.003399818632147727 0.0281608594111651
3859 0.01700517681041301 0.03760311185650601 0.003971637260882452
3860 0.003820121542288446 0.03078018824708631 0.04882736266953439
3861 0.05124974349829883 0.009226625448888144 0.04408108212961431
3862 0.01153347833803388 0.07550610657272142 0.01836488056911217
3863 0.003987710873169382 0.04810989201654478 0.01136663517580007
3864 0.07061302926658197 0.01110403575543429 0.03947980063638873
3865 0.003918125782523254 0.05445273064810383 0.03688907564112464
3866 0.06106247637681148 0.07542721248634551 0.06218352498768501
3867 0.01418732103000784 0.06879728148976358 0.01810864631614901
3868 0.02126270503677673 0.07676541760235514 0.01732126052554385
3869 0.01004568238471882 0.03266470903410565 0.075905639004446
3870 0.02240628051010184 0.05152943140251014 0.02815673055474111
3871 0.0629174457636703 0.04511996660171909 0.06180668808797295
3872 0.05966584550228748 0.01230532628585113 0.01580248113104579
3873 0.009966455184890977 0.003392460221020649 0.05283895114907377
3874 0.06126231367172832 0.07542668687736048 0.03968415518226786
3875 0.06886736504639374 0.03518104741053871 0.03862806279542295
3876 0.04123943745345045 0.009851574693410921 0.008391950219857038
3877 0.03128582784649998 0.06142560484864897 0.03407061955899973
3878 0.0394949541903607 0.07144428471248478 0.0115555136175142
3879 0.003690950312924569 0.02784985225845893 0.06990904493594519
3880 0.0698049989687877 0.00383992948049765 0.02806723805996946
3881 0.01657995872326316 0.01063729006085939 0.01749468052846943
3882 0.03460429710801331 0.01166685560955635 0.01658261910947819
3883 0.05864223593670015 0.05756224611294789 0.03559719679655913
3884 0.07553009891815664 0.02245807723095625 0.06121578170245853
3885 0.05682192638680836 0.003627870512598496 0.04493768654656576
3886 0.03748732370970616 0.04056583291957226 0.04792298749104092
3887 0.04931609825187398 0.01967752655100327 0.0317959587724295
3888 0.03560484535786379 0.07632238187956547 0.04769611945051661
3889 0.01743431444880527 0.01370138530873786 0.03607561408311776
3890 0.003752272987977103 0.03458376113620212 0.05488122687368632
3891 0.04801900205239572 0.02984972919483952 0.01006177351107795
3892 0.03525907335709674 0.04615306509336986 0.07617674113340035
3893 0.07645496486577671 0.02918907872670417 0.01261123479795664
3894 0.06905258565666418 0.03980453646029315 0.07099310637810477
3895 0.03147790359337252 0.00985800346302319 0.0234253444789011
3896 0.05039577436267961 0.04225069766884992 0.05880222124863098
3897 0.06766072928129852 0.05279131401648678 0.005012859310451955
3898 0.05393104430377896 0.06978717917583042 0.0758949111646306
3899 0.02129682119942546 0.003638739400708331 0.04401353833917771
3900 0.01670026782634149 0.05732506261567181 0.0522283091153438
3901 0.03474120331400326 0.06419240996507843 0.04586462799131113
3902 0.007740619847722781 0.009255536843255915 0.003588227780504348
3903 0.04158345174100617 0.01828380978349897 0.003696089083818663
3904 0.02435514408028044 0.07700153236015764 0.07679242762832275
3905 0.07746648028519736 0.05937293997059347 0.0776103103763385
3906 0.07705216287086498 0.01179888018763185 0.002390938913734149
3907 0.01479638546131295 0.07700928567585241 0.003026632920119285
3908 0.07761322445654043 0.07758163447391969 0.0576495323462495
3909 0.06441442849593244 0.0773144486288635 0.003258202944589741
3910 0.07761427337965186 0.002649200536729535 0.06135369846280381
3911 0.002374200414006644 0.05610808181970014 0.0776119234799194
3912 0.04394383115138277 0.07765135103092263 0.077512596911727
3913 0.002523761488077713 0.02735233189392304 0.002367941049527513
3914 0.02544937720030269 0.07706999093618742 0.003142804432085356
3915 0.07681746573238921 0.04980070359098637 0.07691143596254403
3916 0.05421915785360044 0.07769816874455718 0.002248202674344043
3917 0.07747374940471544 0.002856051649103168 0.05105697634079143
3918 0.002386131673280586 0.02253582237962962 0.07754554275238987
3919 0.0774929653214466 0.0024781199074609 0.02238722477366343
3920 0.002717540696455555 0.06529857283446441 0.07710747850190713
3921 0.07771192983809345 0.02397316599845046 0.07772320011546931
3922 0.07772286633955411 0.06262696707408547 0.002539929505273168
3923 0.04302762883085293 0.0775738398626743 0.002490322359963951
3924 0.07730462332445739 0.07713867914505372 0.02477924543774373
3925 0.01277313843812882 0.002359920117960815 0.0776475690900487
3926 0.07741896591344903 0.04006501091755421 0.07748422524371995
3927 0.07775293675775082 0.07749841450064342 0.04317652662000578
3928 0.07705617947237356 0.03018492528647935 0.003282893437902406
3929 0.002375890444907379 0.04319313081763421 0.07773185579499402
3930 0.07770013693770789 0.002328176413282436 0.04276368684774154
3931 0.07729782308326538 0.003067386319218502 0.02997369399293998
3932 0.03138433192469869 0.0775351326257462 0.07805317389470426
3933 0.002933610428504781 0.0029173304703462 0.04763136907579814
3934 0.07764254002099649 0.03893311961693836 0.002331476617326773
3935 0.002866655865761736 0.007211365979457748 0.003668496526890179
3936 0.07776499528933914 0.002184361805074488 0.006263212734620677
3937 0.04346955258137902 0.002986451926394843 0.002655709484836664
3938 0.0623514404242872 0.002558917530716486 0.002651994966931341
3939 0.00235533219094497 0.01554937823679726 0.002798843117333966
3940 0.002350588468107337 0.06274702334854931 0.002645418734436438
3941 0.06088362880339433 0.003339714715404881 0.0773022781449258
3942 0.001845005302489103 0.07758024996583561 0.05611662243864492
3943 0.002334715947312528 0.002617260213936284 0.01346418519706379
3944 0.07352143243034887 0.07778963960715313 0.002361718756003221
3945 0.07761012625987708 0.06994147598330283 0.07762347314208733
3946 0.002360964644656602 0.07203499448720549 0.07764839510636806
3947 0.07694094880148274 0.02984125609609496 0.07709431102196951
3948 0.003002381179045746 0.07764696401433178 0.06946086136477399
3949 0.07669445856613097 0.01911541433249418 0.002679955573489895
3950 0.06588132566844875 0.07743745430352311 0.07702294530789827
3951 0.07699738517194733 0.01320614747913945 0.07746715223425706
3952 0.002006385673954714 0.002391492875983487 0.07369332510982003
3953 0.002199449608991059 0.07823889203813487 0.01145805944267619
3954 0.07217754475864452 0.002700252180804976 0.002236523967450371
3955 0.0777877184782938 0.002467517155347659 0.07328027084477184
3956 0.04264531673238325 0.002241873146020687 0.07761896973089916
3957 0.002416343974134181 0.03750584911909522 0.002559427067673556
3958 0.07777674949583473 0.04771818605985768 0.002411000921477517
3959 0.002589919942897413 0.07664888644247794 0.04395310980187767
3960 0.01944105155006715 0.002281616070785265 0.07758851163703552
3961 0.002573033489792373 0.05337401917145881 0.003312230015264902
3962 0.02798729657209859 0.002376707561128449 0.07774864056426729
3963 0.07756101887624212 0.07205743694479209 0.002456403999239198
3964 0.05285711677519603 0.002784723443246974 0.07752448367999092
3965 0.002475462323122995 0.07200609380579871 0.00239097932356293
3966 0.07339578903530143 0.002478859754368925 0.07786266087944405
3967 0.002375796388158543 0.07789279196071829 0.03307747662479909
3968 0.03067864275628292 0.07685166472372251 0.002777940231026816
3969 0.003332869002814841 0.01466043283626339 0.07728208135379493
3970 0.04908645851420376 0.0774701660066193 0.002945434075858558
3971 0.06227805216906618 0.07755400704004736 0.0775431125800768
3972 0.05881711945069656 0.07783030612336085 0.002292102409484001
3973 0.03671412837376908 0.07746754196129886 0.002506394045161375
3974 0.07780019817672489 0.002165005465824894 0.05622129829422436
3975 0.07700725426729768 0.003046861870193327 0.03938150050613406
3976 0.002277673893283145 0.002443412402052063 0.002578737682747213
3977 0.02815665940671847 0.07800626261804634 0.07762963179373467
3978 0.002105645210492475 0.03244828085861844 0.001998105986042849
3979 0.002141275240725212 0.07789081337823951 0.07369771156228347
3980 0.002507795150754503 0.02086114285392476 0.002609392576322131
3981 0.003141921636923274 0.07669709413081331 0.02880912300283161
3982 0.002429997453496263 0.07726701480810903 0.0381456949165196
3983 0.07666101456029832 0.0763147949191543 0.03882382208692092
3984 0.07661336889452364 0.04404072399704775 0.002460622822090371
3985 0.07690746515692626 0.00333660170432583 0.01560725861696259
3986 0.01994530836341139 0.0770099174770188 0.003016031111663658
3987 0.07756635128333503 0.002461666614275891 0.07756694817786471
3988 0.002059901562308125 0.05661557642068292 0.002502562521970013
3989 0.002359675043875721 0.07778175853768887 0.05151189751914704
3990 0.07768741985469911 0.07736700300924429 0.06256830263437119
3991 0.07783128458894552 0.06746765753475992 0.001727411436836268
3992 0.04977010168389596 0.07706555731696259 0.07684634718773133
3993 0.07724562340977728 0.07695729551566202 0.05032023016048111
3994 0.002251303521726959 0.05243904717402738 0.07763542296721142
3995 0.07776910161133715 0.006356957562700777 0.002105392413160643
3996 0.07783253148090871 0.05660295420360997 0.002216560818548137
3997 0.002280186139759699 0.07775804972931571 0.01575312224777255
3998 0.07787830617344058 0.002264876199330308 0.06760718693517122
3999 0.0690796101008772 0.07772542283371363 0.002226739307998612
4000 0.01907583399791486 0.0775953252576726 0.07744894916091795
4001 0.0777819073395641 0.07770619311457141 0.07360519944687761
4002 0.00191218924351628 0.06752492177857039 0.001749399075957985
4003 0.03851499216776425 0.002843699055644358 0.002609912175561427
4004 0.03908709115828363 0.07754442790796698 0.07751679646030801
4005 0.00225769903710718 0.002429556405528435 0.01746477563800413
4006 0.06694291924790127 0.003485375973422999 0.004035842937646581
4007 0.002822986204037788 0.01104714203029389 0.002427751358564694
4008 0.07683259553816953 0.0647104047230109 0.07702008607262928
4009 0.002268930842803759 0.07759108463949435 0.006923475654738067
4010 0.07692174313950002 0.003424724446702697 0.01004633254092757
4011 0.002433026869151288 0.03916168593942092 0.07774106912445852
4012 0.002565279975974552 0.0772838161462417 0.06216129295319877
4013 0.006483558856499783 0.001987363067732896 0.002719064580785497
4014 0.003333147362273471 0.00306914200662542 0.05460269100542772
4015 0.03812898149712543 0.002227207379511374 0.07747573200231581
4016 0.003079756790455522 0.002510123873101954 0.04141879171123389
4017 0.002065042272357835 0.002427288651455939 0.02836760889743423
4018 0.002363472257390377 0.04374746958712971 0.002045313695903121
4019 0.05657021092752491 0.002399320445014656 0.07777593580571061
4020 0.002628737010854332 0.00214765828995008 0.03193570143430585
4021 0.07203996882355926 0.07765305778137464 0.07747735280526628
4022 0.07760765082215156 0.07747951544176768 0.002399684649790353
4023 0.05809870304378136 0.002611578465336615 0.002214301824995139
4024 0.07740658963776027 0.002542484237622611 0.002537830847753146
4025 0.002568988413902916 0.02712695679947827 0.07753403596048135
4026 0.07674337932768706 0.01928675438196452 0.07750448722563631
4027 0.006652761536942469 0.002251462569108536 0.07759746369867103
4028 0.002428417095157438 0.002412362537543093 0.07761373989402146
4029 0.002303654864896146 0.07742119664485217 0.002489984620585418
4030 0.04822229495858542 0.002547723392098442 0.002318771591526863
4031 0.0475934018187763 0.001871204352726854 0.0776907330997513
4032 0.07770249398157114 0.03424736727163806 0.002512163443158337
4033 0.002149931234104678 0.01873688973300946 0.07782370755941632
4034 0.002288486258436398 0.0487403863305815 0.001959788467407244
4035 0.07721147146844133 0.05220656982571262 0.002602320998585055
4036 0.07773080575241276 0.07800060908845692 0.04663176345835266
4037 0.01727723130562433 0.002314925977506049 0.002749042370734104
4038 0.07740988987650005 0.07767529726798386 0.07756242341483892
4039 0.07668869476442274 0.004082770383476532 0.0463332605704472
4040 0.00228965299964579 0.07743237318816365 0.07748332258044496
4041 0.002152735742685772 0.07782251656971075 0.04742421345740519
$EndNodes
$Elements
18284
1 4 2 1 1 2867 1933 2210 3282
2 4 2 1 1 2115 2347 1689 3519
3 4 2 1 1 704 3917 625 708
4 4 2 1 1 1877 2289 2263 3094
5 4 2 1 1 1838 2477 2046 2867
6 4 2 1 1 2675 2796 2266 2939
7 4 2 1 1 1059 2172 1067 3102
8 4 2 1 1 2711 2682 420 3080
9 4 2 1 1 2118 2183 2773 3569
10 4 2 1 1 1815 4040 3 174
11 4 2 1 1 1429 2088 3118 3853
12 4 2 1 1 174 1815 4040 2669
13 4 2 1 1 4021 1818 4038 188
14 4 2 1 1 1871 2075 2860 2965
15 4 2 1 1 2746 2671 2179 3517
16 4 2 1 1 3159 2519 642 4026
17 4 2 1 1 2223 1913 2612 3190
18 4 2 1 1 1059 2543 2172 3102
19 4 2 1 1 2115 1689 2347 2577
20 4 2 1 1 7 188 4038 1818
21 4 2 1 1 1182 3968 1263 3190
22 4 2 1 1 2140 2796 2675 2939
23 4 2 1 1 1925 2113 2394 2829
24 4 2 1 1 2792 3332 1910 2410
25 4 2 1 1 1363 1492 2195 2588
26 4 2 1 1 1849 2709 2459 3143
27 4 2 1 1 537 680 659 2136
28 4 2 1 1 2459 2709 2046 3143
29 4 2 1 1 1925 2394 2113 2741
30 4 2 1 1 2580 2913 1901 2295
31 4 2 1 1 2746 3226 2179 2671
32 4 2 1 1 1431 2223 2423 3190
33 4 2 1 1 4021 1818 2620 4038
34 4 2 1 1 1854 2819 2018 2924
35 4 2 1 1 1176 3981 3967 44
36 4 2 1 1 2952 2964 2298 3538
37 4 2 1 1 2430 2312 1225 3650
38 4 2 1 1 2651 2740 2092 2944
39 4 2 1 1 659 537 2136 2795
40 4 2 1 1 620 2389 2300 2979
41 4 2 1 1 735 2174 547 2989
42 4 2 1 1 300 2603 2772 3481
43 4 2 1 1 2248 2542 1950 2979
44 4 2 1 1 2078 2389 1951 2652
45 4 2 1 1 2140 3629 2602 1985
46 4 2 1 1 2300 4039 625 3917
47 4 2 1 1 1492 2463 2195 2588
48 4 2 1 1 2118 2773 1844 3569
49 4 2 1 1 2053 3787 3672 2943
50 4 2 1 1 2053 3787 2943 3074
51 4 2 1 1 2504 2389 1951 2078
52 4 2 1 1 274 3481 3353 2603
53 4 2 1 1 1864 2221 2316 2346
54 4 2 1 1 3120 2614 2107 3502
55 4 2 1 1 272 3687 2168 3800
56 4 2 1 1 3539 3400 2423 1257
57 4 2 1 1 2430 1225 2312 3288
58 4 2 1 1 2410 2556 2721 2114
59 4 2 1 1 3103 2576 2990 2070
60 4 2 1 1 515 2181 521 3076
61 4 2 1 1 557 2614 3209 3552
62 4 2 1 1 2072 2384 2582 1952
63 4 2 1 1 2149 2469 3622 3326
64 4 2 1 1 2867 1933 3282 2762
65 4 2 1 1 1848 2167 2443 3225
66 4 2 1 1 2306 2612 1913 3190
67 4 2 1 1 1067 2172 1059 3099
68 4 2 1 1 1848 2443 2167 2287
69 4 2 1 1 2467 2691 3627 2299
70 4 2 1 1 1225 2312 3288 1206
71 4 2 1 1 2528 1965 2516 3098
72 4 2 1 1 4039 3180 2674 3633
73 4 2 1 1 2185 2564 2539 2648
74 4 2 1 1 1916 2418 2181 2554
75 4 2 1 1 2271 2305 2154 2727
76 4 2 1 1 2172 2328 1884 3372
77 4 2 1 1 680 2652 2136 3212
78 4 2 1 1 690 2648 3459 2185
79 4 2 1 1 3120 2107 2614 2304
80 4 2 1 1 680 2652 3212 624
81 4 2 1 1 2602 3629 2246 1985
82 4 2 1 1 357 2179 2460 2575
83 4 2 1 1 1935 2283 2690 2857
84 4 2 1 1 2038 2454 2971 3450
85 4 2 1 1 2966 1000 20 4014
86 4 2 1 1 1950 2542 2799 2979
87 4 2 1 1 1838 2046 2660 2867
88 4 2 1 1 1432 3968 2306 3190
89 4 2 1 1 2072 3095 2384 1952
90 4 2 1 1 1519 2463 1463 2706
91 4 2 1 1 1884 2328 2172 2543
92 4 2 1 1 515 2568 2181 3076
93 4 2 1 1 2019 2381 2074 3315
94 4 2 1 1 492 2927 2451 3050
95 4 2 1 1 1836 2532 2258 2841
96 4 2 1 1 2172 2543 1059 3099
97 4 2 1 1 2174 2365 547 2989
98 4 2 1 1 3052 3424 1915 1936
99 4 2 1 1 272 2313 2168 3213
100 4 2 1 1 3257 3209 2614 2107
101 4 2 1 1 690 3459 2648 610
102 4 2 1 1 892 2674 2180 2726
103 4 2 1 1 1448 2928 2486 2397
104 4 2 1 1 3137 3319 2034 2473
105 4 2 1 1 2952 2964 3692 2298
106 4 2 1 1 3790 3610 1930 2240
107 4 2 1 1 272 2689 2313 3454
108 4 2 1 1 4014 20 19 1000
109 4 2 1 1 2018 2819 2805 2924
110 4 2 1 1 3137 2034 3319 2361
111 4 2 1 1 3100 1952 2582 2384
112 4 2 1 1 1973 2090 2342 2502
113 4 2 1 1 1909 2495 2757 3017
114 4 2 1 1 2737 2563 2665 2209
115 4 2 1 1 2502 2772 2090 2342
116 4 2 1 1 1953 2079 3064 2583
117 4 2 1 1 3238 3725 2756 2202
118 4 2 1 1 2881 2372 3009 1088
119 4 2 1 1 2737 2665 2563 2060
120 4 2 1 1 3967 3981 1176 2750
121 4 2 1 1 1842 2295 2541 2992
122 4 2 1 1 2502 2772 2949 2090
123 4 2 1 1 2487 217 361 3725
124 4 2 1 1 1879 2671 2746 3517
125 4 2 1 1 3967 3981 442 44
126 4 2 1 1 2783 2321 1376 3817
127 4 2 1 1 3963 1541 4022 128
128 4 2 1 1 8 128 4022 1541
129 4 2 1 1 3973 2423 1183 3190
130 4 2 1 1 1432 3968 3190 1508
131 4 2 1 1 2118 2943 3672 3787
132 4 2 1 1 2118 1844 2503 3569
133 4 2 1 1 2467 3132 2527 3599
134 4 2 1 1 442 3981 3967 2750
135 4 2 1 1 2711 2682 3080 2037
136 4 2 1 1 1908 2380 2516 2528
137 4 2 1 1 1873 3329 2949 3583
138 4 2 1 1 2087 2509 1466 3118
139 4 2 1 1 2410 2721 2556 1910
140 4 2 1 1 1839 2581 2623 2639
141 4 2 1 1 2109 2361 2034 3137
142 4 2 1 1 1926 2253 2192 2443
143 4 2 1 1 2528 2516 1965 2380
144 4 2 1 1 357 2460 2179 3226
145 4 2 1 1 2469 3015 1836 3622
146 4 2 1 1 1846 2111 2360 2643
147 4 2 1 1 2019 2074 3023 3315
148 4 2 1 1 1836 2532 2841 3045
149 4 2 1 1 1953 2079 2583 2383
150 4 2 1 1 2465 3139 2125 2104
151 4 2 1 1 1935 2283 2857 3412
152 4 2 1 1 2467 3599 3627 3132
153 4 2 1 1 659 2136 2652 2795
154 4 2 1 1 1649 2230 2326 2829
155 4 2 1 1 1904 2986 2219 3753
156 4 2 1 1 1914 2464 2224 2547
157 4 2 1 1 2674 2726 892 3138
158 4 2 1 1 3660 2222 1490 2854
159 4 2 1 1 2651 2740 3027 2092
160 4 2 1 1 1165 3189 2235 3497
161 4 2 1 1 3660 1490 2222 1328
162 4 2 1 1 442 3981 193 44
163 4 2 1 1 2841 2128 2258 3772
164 4 2 1 1 2053 2623 2581 2639
165 4 2 1 1 1938 2341 2349 3120
166 4 2 1 1 2128 2841 3041 3772
167 4 2 1 1 1432 2223 1431 3190
168 4 2 1 1 321 3981 442 2750
169 4 2 1 1 521 2181 515 3161
170 4 2 1 1 2219 2986 2747 3753
171 4 2 1 1 2467 2691 2299 2903
172 4 2 1 1 1931 2124 2403 2947
173 4 2 1 1 1180 3190 2423 2612
174 4 2 1 1 2199 2345 2059 2493
175 4 2 1 1 2333 2740 2651 2944
176 4 2 1 1 1998 2532 2105 2765
177 4 2 1 1 1854 2786 2947 3323
178 4 2 1 1 3030 3675 1624 2462
179 4 2 1 1 1078 2753 3009 2351
180 4 2 1 1 1953 2079 2383 2823
181 4 2 1 1 1933 2762 2660 2820
182 4 2 1 1 3446 2960 2690 2353
183 4 2 1 1 2489 2982 929 3668
184 4 2 1 1 3963 1541 2731 4022
185 4 2 1 1 2149 3622 2469 1836
186 4 2 1 1 2690 2960 3446 2536
187 4 2 1 1 208 2347 3969 2538
188 4 2 1 1 1854 2819 2618 2018
189 4 2 1 1 3038 3657 2359 3867
190 4 2 1 1 1953 2079 2823 3064
191 4 2 1 1 3585 2477 2524 2117
192 4 2 1 1 2025 2913 2580 2295
193 4 2 1 1 1165 2235 2483 3497
194 4 2 1 1 2027 2317 2581 3022
195 4 2 1 1 1908 2528 2516 2186
196 4 2 1 1 2181 2568 515 3161
197 4 2 1 1 2968 653 522 3494
198 4 2 1 1 1929 2110 2395 2734
199 4 2 1 1 2019 2074 2381 2701
200 4 2 1 1 2426 2200 1922 3100
201 4 2 1 1 1493 2223 2856 2423
202 4 2 1 1 2105 2658 2296 1998
203 4 2 1 1 1328 2480 2222 3660
204 4 2 1 1 2289 2624 2263 3094
205 4 2 1 1 1227 2358 1185 3803
206 4 2 1 1 2866 2541 2849 3474
207 4 2 1 1 3965 1540 4029 2802
208 4 2 1 1 2308 3233 1862 3231
209 4 2 1 1 1833 2086 2310 2557
210 4 2 1 1 2096 2971 2454 3450
211 4 2 1 1 1935 2690 2353 2857
212 4 2 1 1 3965 1540 68 4029
213 4 2 1 1 2849 2898 2866 3474
214 4 2 1 1 2087 3118 1466 3297
215 4 2 1 1 3725 2696 1947 2682
216 4 2 1 1 1309 1363 2195 3701
217 4 2 1 1 1839 3022 2581 2317
218 4 2 1 1 3687 272 266 3800
219 4 2 1 1 1902 2125 3139 2104
220 4 2 1 1 2240 3152 2138 3610
221 4 2 1 1 2829 3159 1808 3350
222 4 2 1 1 1540 4 68 4029
223 4 2 1 1 1881 3087 2576 3103
224 4 2 1 1 1896 2691 2467 2903
225 4 2 1 1 481 3906 2699 2797
226 4 2 1 1 1840 2135 3293 3634
227 4 2 1 1 1642 3694 1641 2919
228 4 2 1 1 320 2114 2489 3213
229 4 2 1 1 1931 2571 2124 2947
230 4 2 1 1 3438 4006 3416 2699
231 4 2 1 1 2119 2940 2663 3065
232 4 2 1 1 1913 2223 2596 3190
233 4 2 1 1 728 2656 2956 3184
234 4 2 1 1 2041 2757 2495 3017
235 4 2 1 1 144 4028 1816 4027
236 4 2 1 1 2266 3200 2675 3262
237 4 2 1 1 1445 3245 2486 3467
238 4 2 1 1 3256 2068 2695 3107
239 4 2 1 1 2045 2717 3057 3142
240 4 2 1 1 1466 2509 2087 2936
241 4 2 1 1 1925 2539 2185 2564
242 4 2 1 1 2109 2034 2473 3137
243 4 2 1 1 1873 2822 2305 3583
244 4 2 1 1 2202 2756 2487 3725
245 4 2 1 1 4027 4028 1816 2538
246 4 2 1 1 2271 2727 2154 3470
247 4 2 1 1 1615 3030 2259 3675
248 4 2 1 1 2651 3027 2740 1939
249 4 2 1 1 144 4028 4027 997
250 4 2 1 1 1022 2446 3971 2993
251 4 2 1 1 3979 1269 4040 2669
252 4 2 1 1 1875 2259 2290 3065
253 4 2 1 1 3539 3400 1257 1148
254 4 2 1 1 1753 2622 2144 2887
255 4 2 1 1 1960 2816 2418 3128
256 4 2 1 1 3030 1624 3675 1615
257 4 2 1 1 2289 2454 2038 3450
258 4 2 1 1 1607 3030 2406 3525
259 4 2 1 1 2106 1869 2666 3107
260 4 2 1 1 1903 2963 2875 2989
261 4 2 1 1 3900 1834 2730 2607
262 4 2 1 1 1369 1380 2761 2734
263 4 2 1 1 880 4014 2966 3582
264 4 2 1 1 2136 2440 2677 2314
265 4 2 1 1 1182 3968 3190 2306
266 4 2 1 1 1833 2310 2086 2526
267 4 2 1 1 1206 3009 2312 2351
268 4 2 1 1 2359 3038 2091 3657
269 4 2 1 1 2939 3262 2266 2675
270 4 2 1 1 1871 2075 2965 3075
271 4 2 1 1 2210 2398 2058 3017
272 4 2 1 1 2367 2537 2075 2860
273 4 2 1 1 2866 2849 2541 2013
274 4 2 1 1 1059 1067 1058 3102
275 4 2 1 1 1914 2224 2464 3842
276 4 2 1 1 1960 2418 2205 3128
277 4 2 1 1 255 2668 2393 2995
278 4 2 1 1 1829 2347 3321 2538
279 4 2 1 1 2094 2608 2393 2668
280 4 2 1 1 2539 2564 2065 2648
281 4 2 1 1 3645 3583 2270 2822
282 4 2 1 1 793 2274 3011 2843
283 4 2 1 1 2219 1676 2747 2986
284 4 2 1 1 1932 2137 2412 2925
285 4 2 1 1 2660 2058 2398 3489
286 4 2 1 1 388 2393 255 2668
287 4 2 1 1 453 2486 3978 3245
288 4 2 1 1 2136 2314 2677 3769
289 4 2 1 1 1959 2069 2351 2691
290 4 2 1 1 2105 1872 2672 3103
291 4 2 1 1 1854 2947 2559 3323
292 4 2 1 1 1913 2596 2306 3190
293 4 2 1 1 1959 2069 2691 3351
294 4 2 1 1 2022 2524 2477 3224
295 4 2 1 1 3979 1269 53 4040
296 4 2 1 1 4040 53 3 1269
297 4 2 1 1 2003 2947 2786 3323
298 4 2 1 1 3438 4006 2699 754
299 4 2 1 1 919 907 2274 2387
300 4 2 1 1 2711 2682 2037 2487
301 4 2 1 1 2378 2866 2849 2898
302 4 2 1 1 2368 2572 2000 3406
303 4 2 1 1 2761 2734 2856 2110
304 4 2 1 1 1750 2798 3779 2406
305 4 2 1 1 3725 2696 2682 2487
306 4 2 1 1 2579 2964 2952 3538
307 4 2 1 1 1418 2676 2875 2422
308 4 2 1 1 3790 3610 2240 2725
309 4 2 1 1 2620 1818 98 4038
310 4 2 1 1 1641 3694 1642 1830
311 4 2 1 1 3249 3332 2792 2410
312 4 2 1 1 7 98 1818 4038
313 4 2 1 1 4024 114 6 1542
314 4 2 1 1 3182 2568 2839 2145
315 4 2 1 1 4026 1738 3159 2519
316 4 2 1 1 3900 1834 2607 2206
317 4 2 1 1 1973 2342 2090 2714
318 4 2 1 1 1649 2326 2230 3170
319 4 2 1 1 1901 2580 2203 2913
320 4 2 1 1 2168 2689 272 3800
321 4 2 1 1 4024 3995 114 1542
322 4 2 1 1 4014 1000 880 2966
323 4 2 1 1 1492 1309 1363 2195
324 4 2 1 1 2393 2608 1948 2668
325 4 2 1 1 2205 2619 535 2744
326 4 2 1 1 2660 2762 2046 2820
327 4 2 1 1 1869 3179 2880 2129
328 4 2 1 1 1934 2234 2164 2949
329 4 2 1 1 1861 2485 2208 3328
330 4 2 1 1 2305 3329 1873 3583
331 4 2 1 1 1887 2409 2212 3083
332 4 2 1 1 1869 2862 3179 2129
333 4 2 1 1 1621 2283 2832 1612
334 4 2 1 1 2077 1084 2636 2874
335 4 2 1 1 3863 2987 2937 359
336 4 2 1 1 3625 3158 3054 2547
337 4 2 1 1 3052 3424 1936 2211
338 4 2 1 1 1225 2312 1206 1130
339 4 2 1 1 2279 3181 2774 3782
340 4 2 1 1 1836 2258 2532 2765
341 4 2 1 1 1689 2577 2115 3211
342 4 2 1 1 4024 3995 1542 2699
343 4 2 1 1 667 2338 3172 3852
344 4 2 1 1 1836 3045 2149 3622
345 4 2 1 1 2279 3181 2883 2119
346 4 2 1 1 2279 2128 3181 3782
347 4 2 1 1 2113 3159 2519 3732
348 4 2 1 1 1993 3057 2717 3142
349 4 2 1 1 1840 3293 3079 3634
350 4 2 1 1 2993 1563 184 3992
351 4 2 1 1 3954 3416 2699 1516
352 4 2 1 1 3382 2369 3068 2160
353 4 2 1 1 1893 3293 2160 3324
354 4 2 1 1 1872 3181 2883 3453
355 4 2 1 1 2279 3181 3453 2883
356 4 2 1 1 1916 2418 2554 2816
357 4 2 1 1 1903 2875 2422 2989
358 4 2 1 1 1934 2234 2275 2627
359 4 2 1 1 1429 2088 3853 2802
360 4 2 1 1 2492 3441 1241 3020
361 4 2 1 1 1872 2858 3181 3453
362 4 2 1 1 2636 3803 1227 2380
363 4 2 1 1 2343 2978 1252 3402
364 4 2 1 1 3182 2839 2568 1882
365 4 2 1 1 1604 2144 1753 2622
366 4 2 1 1 680 537 662 2136
367 4 2 1 1 1934 2275 2234 2733
368 4 2 1 1 3992 184 183 1563
369 4 2 1 1 3625 3054 3158 2054
370 4 2 1 1 2345 2493 2199 3012
371 4 2 1 1 1862 2662 3231 3233
372 4 2 1 1 1934 2164 2234 2627
373 4 2 1 1 3059 2192 3036 2443
374 4 2 1 1 2202 2332 1926 2544
375 4 2 1 1 662 2136 537 3615
376 4 2 1 1 1884 2543 2172 3366
377 4 2 1 1 2985 2869 2743 2010
378 4 2 1 1 2881 2372 1088 2593
379 4 2 1 1 3165 3352 2208 3759
380 4 2 1 1 2368 2000 3267 3406
381 4 2 1 1 2329 509 510 2568
382 4 2 1 1 1846 2360 2111 3139
383 4 2 1 1 881 2613 2966 3395
384 4 2 1 1 1836 2841 2258 3772
385 4 2 1 1 1084 2874 2077 3019
386 4 2 1 1 1563 2343 3992 2993
387 4 2 1 1 2149 3622 3045 3804
388 4 2 1 1 320 2114 3213 2556
389 4 2 1 1 2 9 996 3976
390 4 2 1 1 2321 2566 1906 2574
391 4 2 1 1 2261 3074 2291 3429
392 4 2 1 1 690 610 691 3459
393 4 2 1 1 1871 2860 2465 2125
394 4 2 1 1 3159 642 2519 3732
395 4 2 1 1 2639 2068 3496 2317
396 4 2 1 1 2632 588 3602 2731
397 4 2 1 1 1875 2290 2259 3617
398 4 2 1 1 2118 2773 2183 3787
399 4 2 1 1 2453 2550 2171 2739
400 4 2 1 1 1979 2196 3287 3631
401 4 2 1 1 3973 1263 3968 3190
402 4 2 1 1 2279 2774 3181 2119
403 4 2 1 1 272 284 2313 3213
404 4 2 1 1 3976 2768 9 996
405 4 2 1 1 1225 2312 1130 3650
406 4 2 1 1 272 2313 284 3454
407 4 2 1 1 1910 2721 2168 3421
408 4 2 1 1 3033 3117 2713 3483
409 4 2 1 1 3257 3209 2107 3130
410 4 2 1 1 3120 2817 2614 3502
411 4 2 1 1 1607 3525 1608 3030
412 4 2 1 1 2426 2200 3100 2961
413 4 2 1 1 1891 2215 2452 3077
414 4 2 1 1 653 2366 3095 3494
415 4 2 1 1 3906 1514 2699 2797
416 4 2 1 1 1874 3074 2261 3429
417 4 2 1 1 2027 2317 3022 2474
418 4 2 1 1 1660 2800 2708 3331
419 4 2 1 1 1932 2552 2137 2925
420 4 2 1 1 3973 1508 3190 3968
421 4 2 1 1 2773 3074 2183 3787
422 4 2 1 1 1817 84 5 3987
423 4 2 1 1 2333 2355 1943 2651
424 4 2 1 1 4005 2489 203 2982
425 4 2 1 1 2329 509 2568 3053
426 4 2 1 1 2167 1848 2921 3225
427 4 2 1 1 1840 3044 3068 3820
428 4 2 1 1 2069 1955 3680 3351
429 4 2 1 1 2727 2840 2154 3470
430 4 2 1 1 4014 2272 430 3582
431 4 2 1 1 1989 2203 3312 3471
432 4 2 1 1 357 2179 247 3226
433 4 2 1 1 2190 3068 3044 3820
434 4 2 1 1 272 2168 2313 2689
435 4 2 1 1 1396 1386 1385 3903
436 4 2 1 1 1621 2283 1612 1611
437 4 2 1 1 3382 2369 2160 1922
438 4 2 1 1 1839 2639 3496 2317
439 4 2 1 1 1938 2349 2173 3006
440 4 2 1 1 2788 3987 84 1817
441 4 2 1 1 2082 2576 2070 2990
442 4 2 1 1 2693 3333 2219 3545
443 4 2 1 1 1862 2438 3233 2891
444 4 2 1 1 1929 2395 2110 2754
445 4 2 1 1 1570 2446 1583 2993
446 4 2 1 1 3120 2614 2817 2174
447 4 2 1 1 2059 2493 2345 3220
448 4 2 1 1 4010 71 3985 938
449 4 2 1 1 552 2440 2304 2677
450 4 2 1 1 4010 938 3985 2722
451 4 2 1 1 2220 2341 1863 2349
452 4 2 1 1 3661 2772 2502 2342
453 4 2 1 1 2923 3094 2454 3584
454 4 2 1 1 2438 2651 1917 3233
455 4 2 1 1 3863 2987 359 2546
456 4 2 1 1 2896 3235 2397 1915
457 4 2 1 1 1805 1671 1672 3691
458 4 2 1 1 3476 1885 2340 2163
459 4 2 1 1 208 2538 3969 25
460 4 2 1 1 515 521 516 3076
461 4 2 1 1 70 71 4010 938
462 4 2 1 1 2034 2361 2109 2642
463 4 2 1 1 3100 2160 1922 2582
464 4 2 1 1 1936 2211 2445 3339
465 4 2 1 1 1157 3117 3033 3483
466 4 2 1 1 3989 1274 4041 48
467 4 2 1 1 3645 3583 2822 1873
468 4 2 1 1 3540 3078 2999 2245
469 4 2 1 1 492 2428 2927 3050
470 4 2 1 1 2504 2389 2078 1950
471 4 2 1 1 2519 2788 1800 3628
472 4 2 1 1 2677 680 2136 3212
473 4 2 1 1 1835 2257 2527 2782
474 4 2 1 1 1934 2275 2468 2627
475 4 2 1 1 2303 1634 2919 3675
476 4 2 1 1 993 4006 2379 3438
477 4 2 1 1 2062 2805 2819 2924
478 4 2 1 1 2303 2462 1634 3675
479 4 2 1 1 2168 2721 2275 3421
480 4 2 1 1 2180 3212 2674 3218
481 4 2 1 1 2343 1252 2978 3384
482 4 2 1 1 3959 1274 4041 3620
483 4 2 1 1 2566 2574 2321 3092
484 4 2 1 1 2571 2708 2800 3331
485 4 2 1 1 2908 1833 2557 2086
486 4 2 1 1 3059 2192 2443 1926
487 4 2 1 1 1750 2798 2406 1607
488 4 2 1 1 2999 3078 2133 2491
489 4 2 1 1 2774 3065 2184 2119
490 4 2 1 1 2002 2900 3735 3335
491 4 2 1 1 1862 3233 2438 2662
492 4 2 1 1 1933 2225 2293 2762
493 4 2 1 1 2581 2623 2053 3785
494 4 2 1 1 2296 2532 2105 1998
495 4 2 1 1 2469 3015 3622 2157
496 4 2 1 1 3438 4006 2379 3416
497 4 2 1 1 2399 2153 1911 3479
498 4 2 1 1 2616 2967 282 3752
499 4 2 1 1 2012 2952 2579 2964
500 4 2 1 1 2472 2902 2206 3169
501 4 2 1 1 2069 2372 1955 2753
502 4 2 1 1 2300 3180 4039 3633
503 4 2 1 1 1590 1592 2228 2823
504 4 2 1 1 3540 2999 3078 2133
505 4 2 1 1 667 3172 2338 3814
506 4 2 1 1 2478 3484 3036 3605
507 4 2 1 1 1846 2111 2643 3549
508 4 2 1 1 2018 3530 2437 3537
509 4 2 1 1 2438 2651 2171 1917
510 4 2 1 1 2632 588 2731 602
511 4 2 1 1 3959 1274 47 4041
512 4 2 1 1 3989 1274 2319 4041
513 4 2 1 1 2069 1955 2372 2591
514 4 2 1 1 3259 2889 2178 3593
515 4 2 1 1 2194 1730 2605 3707
516 4 2 1 1 2045 2704 2529 2950
517 4 2 1 1 3220 3012 3408 2493
518 4 2 1 1 1384 1466 3118 3297
519 4 2 1 1 3933 3214 2272 2918
520 4 2 1 1 690 2648 2185 2685
521 4 2 1 1 3103 2990 2576 1881
522 4 2 1 1 2210 2058 2479 3017
523 4 2 1 1 1730 2194 3084 1588
524 4 2 1 1 3052 3424 2211 3573
525 4 2 1 1 2068 2476 2173 3496
526 4 2 1 1 1979 2494 2196 3631
527 4 2 1 1 706 2614 570 2722
528 4 2 1 1 2297 2836 2810 3129
529 4 2 1 1 2296 2658 2105 3435
530 4 2 1 1 871 2966 2613 3267
531 4 2 1 1 715 2745 2615 3397
532 4 2 1 1 2309 2446 2066 2713
533 4 2 1 1 1839 3022 2518 2581
534 4 2 1 1 2169 3551 2627 3573
535 4 2 1 1 813 2096 2712 3450
536 4 2 1 1 813 2096 3450 837
537 4 2 1 1 2841 2258 2128 3600
538 4 2 1 1 2437 3348 2018 3537
539 4 2 1 1 1962 2414 2321 2655
540 4 2 1 1 4041 47 48 1274
541 4 2 1 1 2208 3165 1940 3352
542 4 2 1 1 1844 2118 2503 3179
543 4 2 1 1 1519 2463 2706 3343
544 4 2 1 1 4041 1274 2319 3620
545 4 2 1 1 863 892 2180 2726
546 4 2 1 1 878 2505 2161 3071
547 4 2 1 1 1935 2353 2464 2857
548 4 2 1 1 1842 2541 2913 3032
549 4 2 1 1 2195 1919 2548 2570
550 4 2 1 1 714 2979 2931 3178
551 4 2 1 1 2178 2683 1968 3461
552 4 2 1 1 4009 1268 4029 39
553 4 2 1 1 2172 3102 2328 3372
554 4 2 1 1 2167 2921 2578 3225
555 4 2 1 1 3957 1536 1283 3245
556 4 2 1 1 2437 3530 3189 3537
557 4 2 1 1 1493 2223 2423 1431
558 4 2 1 1 2810 2836 2207 3129
559 4 2 1 1 2675 3200 2970 3262
560 4 2 1 1 919 2387 2274 2843
561 4 2 1 1 3316 1872 2318 3673
562 4 2 1 1 2254 2460 1958 2569
563 4 2 1 1 969 3151 2684 3504
564 4 2 1 1 3876 3197 3460 2387
565 4 2 1 1 1921 2124 2403 3003
566 4 2 1 1 1977 2542 2248 2979
567 4 2 1 1 1965 2528 2380 2217
568 4 2 1 1 552 2440 2677 662
569 4 2 1 1 1268 39 4 4029
570 4 2 1 1 4009 1268 2802 4029
571 4 2 1 1 1935 2857 2464 3412
572 4 2 1 1 1591 2553 2228 3475
573 4 2 1 1 2580 2295 1901 3507
574 4 2 1 1 559 535 2619 2744
575 4 2 1 1 1062 3133 3288 3850
576 4 2 1 1 2894 3068 3044 2190
577 4 2 1 1 2602 2888 2246 3720
578 4 2 1 1 2263 2624 2289 3150
579 4 2 1 1 1967 3028 2136 3239
580 4 2 1 1 2195 1919 2570 2466
581 4 2 1 1 3238 3725 2202 3806
582 4 2 1 1 2788 2847 695 3306
583 4 2 1 1 3946 1815 4040 38
584 4 2 1 1 3 38 4040 1815
585 4 2 1 1 2333 2546 1428 2987
586 4 2 1 1 1929 2734 2395 3771
587 4 2 1 1 780 2624 3042 779
588 4 2 1 1 1938 2173 2349 2623
589 4 2 1 1 1538 2116 3215 3704
590 4 2 1 1 1934 2468 2275 3206
591 4 2 1 1 1554 2463 1519 3343
592 4 2 1 1 1835 2527 2467 3132
593 4 2 1 1 2157 2101 2542 1865
594 4 2 1 1 3508 3338 2019 2701
595 4 2 1 1 2128 3181 2858 3453
596 4 2 1 1 1445 3245 3467 1283
597 4 2 1 1 1862 2308 3231 3364
598 4 2 1 1 1044 2953 3659 2344
599 4 2 1 1 174 4040 3 1269
600 4 2 1 1 2416 2500 1752 2907
601 4 2 1 1 3946 1815 2669 4040
602 4 2 1 1 2005 3275 3071 3498
603 4 2 1 1 1866 2132 3589 3007
604 4 2 1 1 2174 2304 2614 3552
605 4 2 1 1 1835 2467 2527 2808
606 4 2 1 1 1874 2325 2261 3089
607 4 2 1 1 2453 2550 2739 1838
608 4 2 1 1 2116 2797 1538 3473
609 4 2 1 1 1906 2321 2655 3168
610 4 2 1 1 2422 1903 2676 2875
611 4 2 1 1 547 2365 2174 3026
612 4 2 1 1 2549 2845 2695 3496
613 4 2 1 1 2456 1980 3152 2278
614 4 2 1 1 2368 2630 2572 3406
615 4 2 1 1 392 2332 2882 393
616 4 2 1 1 751 4037 2276 2826
617 4 2 1 1 1926 2332 2202 3806
618 4 2 1 1 2443 2167 1997 3059
619 4 2 1 1 1269 174 4040 2669
620 4 2 1 1 2070 2567 2082 2990
621 4 2 1 1 1941 2372 2591 2981
622 4 2 1 1 804 3011 2274 3374
623 4 2 1 1 2179 2575 357 3113
624 4 2 1 1 1887 2356 2409 3083
625 4 2 1 1 2083 2842 2331 3408
626 4 2 1 1 1080 2377 2225 2855
627 4 2 1 1 1840 3293 2135 3309
628 4 2 1 1 1955 2069 2753 3351
629 4 2 1 1 2225 2377 1080 2938
630 4 2 1 1 1860 2206 2472 2902
631 4 2 1 1 907 2274 2387 3013
632 4 2 1 1 2842 2331 2081 3419
633 4 2 1 1 2528 3098 2516 2186
634 4 2 1 1 2492 3441 3020 2062
635 4 2 1 1 2140 2675 3629 1985
636 4 2 1 1 1834 2607 2206 3169
637 4 2 1 1 1849 2459 2117 3143
638 4 2 1 1 3464 3364 2594 2861
639 4 2 1 1 1587 2194 1588 2681
640 4 2 1 1 1044 2953 2344 1043
641 4 2 1 1 2077 2636 1084 3285
642 4 2 1 1 2201 2310 2557 3336
643 4 2 1 1 1965 2528 2217 2929
644 4 2 1 1 2572 2613 2000 3406
645 4 2 1 1 2192 2253 1926 3091
646 4 2 1 1 1890 2478 3036 3605
647 4 2 1 1 2195 2463 1492 3062
648 4 2 1 1 2069 2591 2372 2981
649 4 2 1 1 1839 3317 2623 2581
650 4 2 1 1 2731 1267 99 4022
651 4 2 1 1 2853 3333 2219 2644
652 4 2 1 1 2172 1884 2516 3372
653 4 2 1 1 1916 2418 2816 3128
654 4 2 1 1 2341 2349 2220 3144
655 4 2 1 1 2549 2093 2845 3496
656 4 2 1 1 2997 3033 1036 2961
657 4 2 1 1 837 2692 2096 3249
658 4 2 1 1 1906 2320 2321 3168
659 4 2 1 1 2480 1876 3248 2848
660 4 2 1 1 2068 2173 2476 3379
661 4 2 1 1 1893 2286 2160 3293
662 4 2 1 1 2420 3029 233 3167
663 4 2 1 1 1062 2939 3133 3850
664 4 2 1 1 2090 2502 1973 3334
665 4 2 1 1 3539 3400 1148 2753
666 4 2 1 1 1871 2864 2465 3415
667 4 2 1 1 1935 2353 2256 3015
668 4 2 1 1 1686 3063 2338 3852
669 4 2 1 1 1296 1549 2276 2826
670 4 2 1 1 1858 2479 2814 2020
671 4 2 1 1 1484 2223 1370 1395
672 4 2 1 1 1858 2818 2479 2020
673 4 2 1 1 3292 2159 3323 3313
674 4 2 1 1 1836 2469 2149 2573
675 4 2 1 1 2048 2465 2126 3549
676 4 2 1 1 2467 3599 2527 3637
677 4 2 1 1 1612 2283 2832 2878
678 4 2 1 1 2184 2940 2119 3065
679 4 2 1 1 2068 3256 1869 3107
680 4 2 1 1 437 3214 2455 3592
681 4 2 1 1 2469 3015 2157 1865
682 4 2 1 1 1328 1490 1329 3660
683 4 2 1 1 1707 2500 2877 2907
684 4 2 1 1 1070 2172 2380 3102
685 4 2 1 1 1939 2651 2333 2740
686 4 2 1 1 1750 2798 1607 1771
687 4 2 1 1 510 2329 2568 3076
688 4 2 1 1 4022 99 8 1267
689 4 2 1 1 1078 2372 3009 2753
690 4 2 1 1 1519 1463 2463 1545
691 4 2 1 1 2367 3098 2281 3503
692 4 2 1 1 892 2180 2674 3218
693 4 2 1 1 1484 2761 2596 3129
694 4 2 1 1 2180 3218 892 864
695 4 2 1 1 393 2534 2332 2882
696 4 2 1 1 2395 2734 2163 3771
697 4 2 1 1 2120 1843 2889 3593
698 4 2 1 1 3952 997 4028 23
699 4 2 1 1 388 2668 406 3264
700 4 2 1 1 1997 2473 2287 3588
701 4 2 1 1 3952 997 2538 4028
702 4 2 1 1 2292 2462 2100 2653
703 4 2 1 1 837 3249 2096 3450
704 4 2 1 1 1838 2453 2098 2046
705 4 2 1 1 2070 3673 3316 2318
706 4 2 1 1 3400 3539 3878 2753
707 4 2 1 1 706 2614 2722 3257
708 4 2 1 1 2467 2299 3599 3637
709 4 2 1 1 2914 939 3406 828
710 4 2 1 1 3828 1876 2480 2848
711 4 2 1 1 3460 3197 2294 985
712 4 2 1 1 1891 2452 2354 3077
713 4 2 1 1 1902 2477 2524 3224
714 4 2 1 1 2252 2628 2147 3156
715 4 2 1 1 2944 1428 2987 2333
716 4 2 1 1 336 2563 2209 3531
717 4 2 1 1 3326 3622 2149 3804
718 4 2 1 1 406 3264 2668 3592
719 4 2 1 1 3873 4014 3582 2272
720 4 2 1 1 1309 2195 1492 3062
721 4 2 1 1 649 2677 2391 3212
722 4 2 1 1 2181 2554 2418 3076
723 4 2 1 1 2083 3220 2493 3244
724 4 2 1 1 2399 2153 3479 2742
725 4 2 1 1 2090 1973 2670 3334
726 4 2 1 1 2223 2612 1913 2813
727 4 2 1 1 2759 3581 3845 3779
728 4 2 1 1 2169 3551 3573 1915
729 4 2 1 1 557 2614 594 3209
730 4 2 1 1 2480 1876 2264 2222
731 4 2 1 1 2201 2923 2454 3584
732 4 2 1 1 2842 2081 2331 3408
733 4 2 1 1 270 2737 2563 3591
734 4 2 1 1 3087 3154 2239 3567
735 4 2 1 1 2711 2682 2487 420
736 4 2 1 1 2181 2418 1916 2589
737 4 2 1 1 1191 2638 2879 3644
738 4 2 1 1 3946 2555 210 2669
739 4 2 1 1 1380 2223 2761 2856
740 4 2 1 1 2321 2414 1962 2482
741 4 2 1 1 2005 3112 3275 3498
742 4 2 1 1 997 23 1 4028
743 4 2 1 1 2182 2906 2848 3380
744 4 2 1 1 1191 2879 1076 3644
745 4 2 1 1 706 2614 3257 594
746 4 2 1 1 1592 2498 2228 2823
747 4 2 1 1 2300 4039 3917 942
748 4 2 1 1 2392 3332 3249 2410
749 4 2 1 1 2240 2456 1980 3152
750 4 2 1 1 2182 3380 2848 3654
751 4 2 1 1 1040 2679 2229 2953
752 4 2 1 1 2309 2713 2066 3631
753 4 2 1 1 732 3341 2407 3541
754 4 2 1 1 942 78 4039 3917
755 4 2 1 1 1965 2528 2929 3098
756 4 2 1 1 3080 1143 1021 2711
757 4 2 1 1 1838 2098 2660 2046
758 4 2 1 1 2090 2670 1973 2714
759 4 2 1 1 1883 2279 2941 2859
760 4 2 1 1 1143 3121 2711 3485
761 4 2 1 1 470 2407 732 3341
762 4 2 1 1 690 2685 2185 3314
763 4 2 1 1 738 4039 3930 2674
764 4 2 1 1 2949 3329 2603 3583
765 4 2 1 1 2106 2560 1869 3107
766 4 2 1 1 2009 2350 2852 3319
767 4 2 1 1 2178 1968 2909 3461
768 4 2 1 1 1935 2256 2353 3719
769 4 2 1 1 2192 1928 2443 3808
770 4 2 1 1 2136 662 2440 3615
771 4 2 1 1 1882 3182 2839 3322
772 4 2 1 1 2417 3154 3087 3567
773 4 2 1 1 2189 3352 3165 3759
774 4 2 1 1 1989 2749 2203 3471
775 4 2 1 1 2968 653 3494 2366
776 4 2 1 1 1902 2104 3139 3637
777 4 2 1 1 3446 2449 1852 3146
778 4 2 1 1 2379 2508 1408 3008
779 4 2 1 1 2286 2160 3293 3309
780 4 2 1 1 2240 2725 3610 2138
781 4 2 1 1 1408 3008 2508 3361
782 4 2 1 1 2099 2916 2655 3055
783 4 2 1 1 1965 2281 3098 3503
784 4 2 1 1 2306 1913 2612 3587
785 4 2 1 1 510 2568 515 3076
786 4 2 1 1 388 2393 2668 3264
787 4 2 1 1 2370 2267 3354 1931
788 4 2 1 1 2563 2665 2209 1923
789 4 2 1 1 2105 2558 1872 3103
790 4 2 1 1 2469 1836 3015 2960
791 4 2 1 1 631 2181 2418 3076
792 4 2 1 1 1906 2549 2837 3208
793 4 2 1 1 2126 2465 2864 3415
794 4 2 1 1 521 631 2181 3258
795 4 2 1 1 2455 2911 2692 3332
796 4 2 1 1 238 233 3029 3167
797 4 2 1 1 851 850 2436 3784
798 4 2 1 1 1967 2136 2795 3239
799 4 2 1 1 1838 2098 2453 3489
800 4 2 1 1 2623 2581 3317 3785
801 4 2 1 1 2196 1979 2515 3695
802 4 2 1 1 1479 1448 2397 2928
803 4 2 1 1 1078 2372 2753 1104
804 4 2 1 1 4039 738 3633 2674
805 4 2 1 1 1889 2399 2224 3479
806 4 2 1 1 2192 2657 1928 3808
807 4 2 1 1 851 2436 2505 3784
808 4 2 1 1 2788 2847 3306 2029
809 4 2 1 1 1977 2799 2542 2979
810 4 2 1 1 2037 2711 3121 3485
811 4 2 1 1 115 114 702 3995
812 4 2 1 1 2300 4039 942 3633
813 4 2 1 1 1869 2106 3365 2782
814 4 2 1 1 2443 2167 3059 3225
815 4 2 1 1 1906 2574 2566 3208
816 4 2 1 1 77 78 4039 942
817 4 2 1 1 667 3172 689 3852
818 4 2 1 1 1860 2202 2696 3390
819 4 2 1 1 2138 3077 1891 3119
820 4 2 1 1 2370 2267 1931 2724
821 4 2 1 1 2455 2692 3249 3332
822 4 2 1 1 631 2589 2181 3258
823 4 2 1 1 1538 2797 2116 3704
824 4 2 1 1 1592 1591 2228 3475
825 4 2 1 1 1009 2983 2513 2750
826 4 2 1 1 2145 2626 2240 3182
827 4 2 1 1 270 2737 336 2563
828 4 2 1 1 2089 2566 2574 3208
829 4 2 1 1 3292 2159 3313 2285
830 4 2 1 1 4039 3633 738 942
831 4 2 1 1 521 2181 631 3076
832 4 2 1 1 2235 1258 1165 2483
833 4 2 1 1 1191 2638 1065 2879
834 4 2 1 1 3476 1885 2163 2447
835 4 2 1 1 2172 2516 3102 3372
836 4 2 1 1 2132 2697 3007 2040
837 4 2 1 1 2876 2882 214 3238
838 4 2 1 1 247 2179 357 3113
839 4 2 1 1 32 33 1803 2534
840 4 2 1 1 1925 2113 2634 2741
841 4 2 1 1 3651 3555 3615 2261
842 4 2 1 1 1907 2572 2368 2630
843 4 2 1 1 779 3018 2624 3042
844 4 2 1 1 1649 2230 2829 3350
845 4 2 1 1 1883 2279 2859 2857
846 4 2 1 1 1884 3192 2819 3325
847 4 2 1 1 2281 2367 2030 3098
848 4 2 1 1 1993 3142 2717 3572
849 4 2 1 1 2344 2137 1932 2716
850 4 2 1 1 2188 2346 1937 2586
851 4 2 1 1 618 2652 3216 3807
852 4 2 1 1 2119 2663 2940 3744
853 4 2 1 1 2860 2965 2075 3423
854 4 2 1 1 3924 1239 3048 2288
855 4 2 1 1 3220 3012 2493 2345
856 4 2 1 1 2869 3775 2115 2577
857 4 2 1 1 1872 2858 2521 2948
858 4 2 1 1 2069 2981 2372 3009
859 4 2 1 1 3273 2417 3443 3383
860 4 2 1 1 1876 2848 2906 3380
861 4 2 1 1 2704 2950 2045 3142
862 4 2 1 1 3725 2696 2487 2202
863 4 2 1 1 1554 2463 3343 3342
864 4 2 1 1 3523 2229 2412 2344
865 4 2 1 1 2093 2837 2549 3208
866 4 2 1 1 1872 2105 3375 3547
867 4 2 1 1 392 214 2882 3238
868 4 2 1 1 2417 3273 2231 3383
869 4 2 1 1 2376 2978 2343 3402
870 4 2 1 1 2132 3007 3252 3589
871 4 2 1 1 656 620 2300 2979
872 4 2 1 1 2534 33 1799 3994
873 4 2 1 1 1607 1608 3525 1602
874 4 2 1 1 143 6 1542 4024
875 4 2 1 1 1910 2556 2168 2721
876 4 2 1 1 1222 2143 3888 1198
877 4 2 1 1 3954 4024 143 1542
878 4 2 1 1 3464 3364 2861 2087
879 4 2 1 1 1676 2986 2219 3333
880 4 2 1 1 2009 3035 2350 3319
881 4 2 1 1 2341 2623 2349 3144
882 4 2 1 1 1869 2950 2880 3179
883 4 2 1 1 1913 2938 2612 3587
884 4 2 1 1 2356 2683 2099 2843
885 4 2 1 1 3292 2159 2285 1895
886 4 2 1 1 2773 3152 1980 2278
887 4 2 1 1 2105 2658 1998 3443
888 4 2 1 1 1991 2527 2111 3302
889 4 2 1 1 3209 2614 2304 3552
890 4 2 1 1 1968 2683 2356 2843
891 4 2 1 1 2367 2860 2075 3423
892 4 2 1 1 2614 2817 2174 3134
893 4 2 1 1 2196 2515 1979 3287
894 4 2 1 1 1191 1065 1076 2879
895 4 2 1 1 1833 2086 2496 2526
896 4 2 1 1 3259 2889 3593 2120
897 4 2 1 1 1532 2400 2388 3467
898 4 2 1 1 2759 3581 3779 1754
899 4 2 1 1 2840 3686 3355 2154
900 4 2 1 1 1944 2655 2916 3055
901 4 2 1 1 3954 4024 1542 2699
902 4 2 1 1 3446 1852 2449 2322
903 4 2 1 1 1270 113 7 4038
904 4 2 1 1 2811 3557 3795 2642
905 4 2 1 1 2372 2981 1941 3009
906 4 2 1 1 2168 2733 1934 3800
907 4 2 1 1 4001 4038 113 1270
908 4 2 1 1 2194 1588 2681 3084
909 4 2 1 1 2448 3044 1840 3820
910 4 2 1 1 2869 2115 3775 2303
911 4 2 1 1 2279 3453 3181 2128
912 4 2 1 1 3476 1885 2447 2975
913 4 2 1 1 2677 680 3212 649
914 4 2 1 1 2094 2668 3264 3592
915 4 2 1 1 359 2937 455 2987
916 4 2 1 1 1889 2224 3158 3479
917 4 2 1 1 2463 3342 2049 3343
918 4 2 1 1 276 2575 2355 3082
919 4 2 1 1 2160 2286 1893 1952
920 4 2 1 1 1943 2355 2333 2546
921 4 2 1 1 793 2274 2843 919
922 4 2 1 1 2154 2305 2271 3329
923 4 2 1 1 960 892 2726 3138
924 4 2 1 1 1185 3803 2885 3833
925 4 2 1 1 2138 2626 2240 2725
926 4 2 1 1 4001 4038 1270 2620
927 4 2 1 1 1909 2757 2479 3017
928 4 2 1 1 1869 2862 2529 2950
929 4 2 1 1 2048 3549 2126 2659
930 4 2 1 1 535 2205 560 2619
931 4 2 1 1 1871 2465 2860 3415
932 4 2 1 1 3164 2307 2164 3398
933 4 2 1 1 1872 2948 2883 3181
934 4 2 1 1 2826 1296 132 4037
935 4 2 1 1 3211 2115 3775 2577
936 4 2 1 1 2047 2598 2723 2858
937 4 2 1 1 132 131 4037 1296
938 4 2 1 1 3176 4037 131 1296
939 4 2 1 1 3293 3309 2160 3324
940 4 2 1 1 1868 2120 3037 2557
941 4 2 1 1 1938 2341 3120 2314
942 4 2 1 1 4037 2276 1296 3176
943 4 2 1 1 2330 3282 1933 3025
944 4 2 1 1 3687 266 272 271
945 4 2 1 1 1868 2898 2120 2557
946 4 2 1 1 1702 2326 1649 3170
947 4 2 1 1 3211 3775 2115 2303
948 4 2 1 1 3924 1239 2288 1015
949 4 2 1 1 1070 1067 2172 3102
950 4 2 1 1 4037 1296 2276 2826
951 4 2 1 1 1222 2143 1198 1236
952 4 2 1 1 129 3976 4013 1539
953 4 2 1 1 481 2797 2699 3430
954 4 2 1 1 1882 2839 2198 3322
955 4 2 1 1 1182 1263 1183 3190
956 4 2 1 1 1895 2159 2285 3046
957 4 2 1 1 2110 2754 2813 3399
958 4 2 1 1 2475 2637 3035 2122
959 4 2 1 1 4013 1539 3976 2768
960 4 2 1 1 1894 2403 2228 2980
961 4 2 1 1 2136 3239 3028 3486
962 4 2 1 1 1912 2842 2288 2872
963 4 2 1 1 3983 2629 3632 2481
964 4 2 1 1 2521 1872 2948 3268
965 4 2 1 1 1991 2111 2527 2758
966 4 2 1 1 715 2615 2997 3397
967 4 2 1 1 3610 3614 2215 2664
968 4 2 1 1 1070 2636 2172 3285
969 4 2 1 1 2563 2665 2809 2060
970 4 2 1 1 2790 3515 2311 2095
971 4 2 1 1 2117 2459 1849 2754
972 4 2 1 1 1380 2223 2856 1393
973 4 2 1 1 1862 2308 3364 3307
974 4 2 1 1 1877 2454 3094 3584
975 4 2 1 1 1702 2326 3170 2899
976 4 2 1 1 1845 3557 2642 3795
977 4 2 1 1 1937 2346 2316 2586
978 4 2 1 1 1884 2819 2197 3325
979 4 2 1 1 536 534 2418 3697
980 4 2 1 1 3837 2141 3154 2611
981 4 2 1 1 1859 2515 2196 3287
982 4 2 1 1 2100 2665 2759 2921
983 4 2 1 1 142 141 754 4006
984 4 2 1 1 740 3333 2693 3545
985 4 2 1 1 129 3976 1539 2
986 4 2 1 1 2316 2346 2221 3221
987 4 2 1 1 2469 3326 2157 3622
988 4 2 1 1 2265 2235 3189 3497
989 4 2 1 1 1891 3077 2354 3119
990 4 2 1 1 2681 3427 3563 2194
991 4 2 1 1 1891 2408 2138 3119
992 4 2 1 1 2455 2769 1976 2911
993 4 2 1 1 2848 3380 2121 3654
994 4 2 1 1 2070 2363 2188 3401
995 4 2 1 1 2066 3418 3033 3483
996 4 2 1 1 2783 1376 2321 3403
997 4 2 1 1 2353 2960 2690 3719
998 4 2 1 1 2460 2569 2254 3201
999 4 2 1 1 2529 1869 2950 3256
1000 4 2 1 1 3933 4016 2918 1003
1001 4 2 1 1 3933 905 2918 2272
1002 4 2 1 1 1164 3983 2481 2629
1003 4 2 1 1 2355 2651 2333 3233
1004 4 2 1 1 1823 2693 2219 3166
1005 4 2 1 1 1954 2759 2665 2921
1006 4 2 1 1 276 332 2575 3082
1007 4 2 1 1 2066 2446 2309 3363
1008 4 2 1 1 2304 2440 539 3026
1009 4 2 1 1 2529 2704 2085 2950
1010 4 2 1 1 2701 3234 2965 3870
1011 4 2 1 1 2217 2528 2380 3803
1012 4 2 1 1 901 4016 2918 2455
1013 4 2 1 1 2311 1654 2771 3564
1014 4 2 1 1 2200 2679 1922 2912
1015 4 2 1 1 2003 2245 3078 3540
1016 4 2 1 1 2094 2769 2455 2911
1017 4 2 1 1 1939 2810 2297 2836
1018 4 2 1 1 12 13 2982 377
1019 4 2 1 1 1836 2765 2532 3045
1020 4 2 1 1 2479 3017 2058 3598
1021 4 2 1 1 560 535 674 2205
1022 4 2 1 1 2022 2964 2524 3224
1023 4 2 1 1 1067 1070 2172 3285
1024 4 2 1 1 2690 2960 2536 3719
1025 4 2 1 1 1841 2952 2298 3538
1026 4 2 1 1 536 2418 534 526
1027 4 2 1 1 2839 3182 2145 3322
1028 4 2 1 1 2406 3298 2290 3318
1029 4 2 1 1 702 3906 3995 2699
1030 4 2 1 1 4016 17 16 1003
1031 4 2 1 1 2279 1961 3135 3202
1032 4 2 1 1 2027 1900 2958 3049
1033 4 2 1 1 2590 3421 2721 3456
1034 4 2 1 1 3933 4016 1003 17
1035 4 2 1 1 1485 3343 3554 3342
1036 4 2 1 1 340 2250 2735 2803
1037 4 2 1 1 1869 2862 2950 3179
1038 4 2 1 1 1967 2795 2732 3239
1039 4 2 1 1 2867 1933 2762 2660
1040 4 2 1 1 1206 2351 2312 3288
1041 4 2 1 1 2132 3007 2697 3252
1042 4 2 1 1 1180 3190 2612 1182
1043 4 2 1 1 3549 2758 2111 2974
1044 4 2 1 1 2325 2261 3089 3241
1045 4 2 1 1 3933 3214 2918 192
1046 4 2 1 1 674 560 2205 3184
1047 4 2 1 1 1042 1040 2229 2953
1048 4 2 1 1 2636 3803 2380 1908
1049 4 2 1 1 2118 1844 2278 3179
1050 4 2 1 1 2252 2447 2147 2628
1051 4 2 1 1 2290 3298 2406 3525
1052 4 2 1 1 3886 2084 2521 2948
1053 4 2 1 1 1992 2530 2109 3236
1054 4 2 1 1 2201 2310 3336 3682
1055 4 2 1 1 2292 2653 2100 1923
1056 4 2 1 1 3829 2321 2574 3458
1057 4 2 1 1 1861 2548 2195 2208
1058 4 2 1 1 1838 2660 2098 3489
1059 4 2 1 1 1875 2324 2259 3153
1060 4 2 1 1 2406 3298 2139 3525
1061 4 2 1 1 2019 2074 3338 3023
1062 4 2 1 1 2508 2817 2574 2951
1063 4 2 1 1 1840 2286 3293 3309
1064 4 2 1 1 1846 3139 2111 3549
1065 4 2 1 1 2128 3041 2859 3772
1066 4 2 1 1 392 2332 393 290
1067 4 2 1 1 2218 2724 2370 3782
1068 4 2 1 1 2019 2863 3338 2671
1069 4 2 1 1 2341 3144 2220 3317
1070 4 2 1 1 2256 3073 2536 3596
1071 4 2 1 1 2239 3154 3087 3188
1072 4 2 1 1 2314 2136 3028 3486
1073 4 2 1 1 1418 2676 2422 1420
1074 4 2 1 1 2487 217 3725 2756
1075 4 2 1 1 3549 2111 2758 3139
1076 4 2 1 1 1933 2225 2762 2820
1077 4 2 1 1 2681 3563 3427 1921
1078 4 2 1 1 1953 2515 2605 3160
1079 4 2 1 1 1939 2891 2308 3233
1080 4 2 1 1 2154 2727 2305 3355
1081 4 2 1 1 1951 2504 2078 3239
1082 4 2 1 1 2438 2550 1917 2171
1083 4 2 1 1 3264 3851 3739 2392
1084 4 2 1 1 1653 3694 2985 3775
1085 4 2 1 1 272 3213 2168 3687
1086 4 2 1 1 470 2407 4035 3373
1087 4 2 1 1 1917 2171 2550 2569
1088 4 2 1 1 2009 2708 2431 2852
1089 4 2 1 1 2279 3135 2363 3202
1090 4 2 1 1 2009 2571 2708 2852
1091 4 2 1 1 412 2824 2616 3510
1092 4 2 1 1 3739 3851 3264 376
1093 4 2 1 1 2087 2308 3307 3364
1094 4 2 1 1 2750 3981 1176 2404
1095 4 2 1 1 3585 2477 2117 2453
1096 4 2 1 1 2422 2676 1903 3320
1097 4 2 1 1 3398 2707 2307 2164
1098 4 2 1 1 2815 3090 2506 3472
1099 4 2 1 1 1234 3033 3418 3483
1100 4 2 1 1 1843 2658 2296 3435
1101 4 2 1 1 1428 2546 2333 3157
1102 4 2 1 1 1326 2264 2480 3034
1103 4 2 1 1 1883 2622 3818 2461
1104 4 2 1 1 2393 2608 2094 3332
1105 4 2 1 1 3829 2321 3458 2655
1106 4 2 1 1 892 864 863 2180
1107 4 2 1 1 1076 2855 2225 2879
1108 4 2 1 1 1872 2858 2948 3181
1109 4 2 1 1 667 687 3172 3814
1110 4 2 1 1 2075 2965 2701 3234
1111 4 2 1 1 3263 3073 2256 3596
1112 4 2 1 1 3906 1460 1300 2797
1113 4 2 1 1 1640 2303 1634 2919
1114 4 2 1 1 3950 1022 2446 3971
1115 4 2 1 1 1995 2150 2541 3474
1116 4 2 1 1 2068 2364 2173 3379
1117 4 2 1 1 2307 3164 2526 3398
1118 4 2 1 1 1654 1630 2311 2771
1119 4 2 1 1 1848 2287 2167 2752
1120 4 2 1 1 1376 2482 2321 3403
1121 4 2 1 1 1493 2223 1431 1393
1122 4 2 1 1 1603 3525 1607 2406
1123 4 2 1 1 728 3184 2956 3741
1124 4 2 1 1 2668 406 3592 3723
1125 4 2 1 1 987 2216 2644 3805
1126 4 2 1 1 3336 2310 2067 3682
1127 4 2 1 1 1921 2403 2124 2786
1128 4 2 1 1 2660 2058 3489 3234
1129 4 2 1 1 1651 1773 2362 3367
1130 4 2 1 1 1607 3525 1603 1602
1131 4 2 1 1 393 2332 2534 3193
1132 4 2 1 1 2236 3451 2537 3648
1133 4 2 1 1 3479 3842 2224 3158
1134 4 2 1 1 1925 2113 2829 3263
1135 4 2 1 1 2425 3058 2760 3499
1136 4 2 1 1 1861 2208 2195 3328
1137 4 2 1 1 1834 2260 2530 3484
1138 4 2 1 1 3234 1838 2965 3870
1139 4 2 1 1 2758 2700 3304 3535
1140 4 2 1 1 1834 2530 2260 2807
1141 4 2 1 1 2331 3408 3270 3468
1142 4 2 1 1 2226 2861 2594 3364
1143 4 2 1 1 780 2624 779 782
1144 4 2 1 1 2370 2724 1845 3782
1145 4 2 1 1 2203 3312 3471 3849
1146 4 2 1 1 1835 2527 2257 2808
1147 4 2 1 1 2254 2569 1958 3428
1148 4 2 1 1 1920 2166 2425 3058
1149 4 2 1 1 2790 2946 1727 3166
1150 4 2 1 1 2615 3033 2066 3418
1151 4 2 1 1 1806 3056 2775 3724
1152 4 2 1 1 1859 3287 2196 3631
1153 4 2 1 1 2145 2568 3426 509
1154 4 2 1 1 858 934 3083 3558
1155 4 2 1 1 2045 2503 2717 3142
1156 4 2 1 1 1532 2400 3467 1399
1157 4 2 1 1 2279 2859 2026 3453
1158 4 2 1 1 559 2744 2619 3550
1159 4 2 1 1 2228 2553 1591 3003
1160 4 2 1 1 1960 2205 3185 3128
1161 4 2 1 1 1931 2403 2124 2553
1162 4 2 1 1 2524 2964 1902 3224
1163 4 2 1 1 1958 2603 2090 2707
1164 4 2 1 1 3222 2800 1785 2483
1165 4 2 1 1 357 247 242 3226
1166 4 2 1 1 3323 1897 3274 2599
1167 4 2 1 1 2203 2580 1901 3436
1168 4 2 1 1 3316 1872 3673 3103
1169 4 2 1 1 2875 2963 2116 2989
1170 4 2 1 1 1742 2577 3211 3775
1171 4 2 1 1 2195 1363 3174 3701
1172 4 2 1 1 1380 2223 1393 1370
1173 4 2 1 1 1995 2541 2150 2646
1174 4 2 1 1 1960 2554 2418 2816
1175 4 2 1 1 1702 2326 2899 1633
1176 4 2 1 1 3479 2224 3842 2399
1177 4 2 1 1 2840 3605 2375 2374
1178 4 2 1 1 1954 2209 2665 3056
1179 4 2 1 1 1241 2838 1167 3441
1180 4 2 1 1 1833 2526 3164 2310
1181 4 2 1 1 2397 2486 1533 3122
1182 4 2 1 1 1222 2143 1236 2543
1183 4 2 1 1 3226 3232 241 2746
1184 4 2 1 1 3059 2192 1926 2729
1185 4 2 1 1 2403 2124 2786 2947
1186 4 2 1 1 2634 3060 2248 3376
1187 4 2 1 1 247 3226 2179 3232
1188 4 2 1 1 1869 3107 2560 2068
1189 4 2 1 1 3721 3680 2151 2591
1190 4 2 1 1 1849 2110 2395 2754
1191 4 2 1 1 1702 2326 1633 1649
1192 4 2 1 1 2759 3581 1754 3056
1193 4 2 1 1 888 855 3130 3477
1194 4 2 1 1 2382 2385 1928 3204
1195 4 2 1 1 42 204 41 3997
1196 4 2 1 1 1076 1077 2855 2879
1197 4 2 1 1 1933 2377 2226 3346
1198 4 2 1 1 1234 3033 2615 3418
1199 4 2 1 1 2521 1872 3375 2858
1200 4 2 1 1 1416 2116 1538 3473
1201 4 2 1 1 1604 2144 2461 3243
1202 4 2 1 1 3675 1937 2303 2462
1203 4 2 1 1 2707 2863 2307 3444
1204 4 2 1 1 2300 4039 3180 625
1205 4 2 1 1 890 3985 2722 3257
1206 4 2 1 1 2592 3385 962 3559
1207 4 2 1 1 2139 3305 2406 3892
1208 4 2 1 1 686 522 653 3494
1209 4 2 1 1 2902 3169 2472 3368
1210 4 2 1 1 1925 2634 2113 3263
1211 4 2 1 1 2790 3515 2095 1986
1212 4 2 1 1 1379 2596 2207 3129
1213 4 2 1 1 3949 117 118 473
1214 4 2 1 1 2145 2444 2240 2626
1215 4 2 1 1 2128 2859 2279 3453
1216 4 2 1 1 654 71 3985 4010
1217 4 2 1 1 3036 3484 2375 3605
1218 4 2 1 1 3675 2303 1937 2919
1219 4 2 1 1 2819 3192 2143 3325
1220 4 2 1 1 2399 3622 3326 3804
1221 4 2 1 1 1837 3425 2586 3312
1222 4 2 1 1 1910 2608 2393 3332
1223 4 2 1 1 2788 2847 2029 2519
1224 4 2 1 1 2331 2083 3408 3468
1225 4 2 1 1 654 4010 3985 2722
1226 4 2 1 1 1762 3992 2343 3384
1227 4 2 1 1 158 3987 3966 1817
1228 4 2 1 1 2081 3270 2331 3408
1229 4 2 1 1 2057 2249 2555 2756
1230 4 2 1 1 1836 2960 2353 3015
1231 4 2 1 1 3100 2160 2582 1952
1232 4 2 1 1 2002 2449 2158 3079
1233 4 2 1 1 3460 3197 985 876
1234 4 2 1 1 793 2274 919 804
1235 4 2 1 1 880 2966 3267 3582
1236 4 2 1 1 1868 2541 2866 3474
1237 4 2 1 1 2038 2454 2289 3286
1238 4 2 1 1 1966 2290 2259 3065
1239 4 2 1 1 1156 3950 1022 2446
1240 4 2 1 1 1538 2116 1416 3215
1241 4 2 1 1 2529 1869 3365 2862
1242 4 2 1 1 3987 3966 1817 2788
1243 4 2 1 1 1840 3044 2286 3068
1244 4 2 1 1 2070 2188 2567 3401
1245 4 2 1 1 2152 3279 3016 3002
1246 4 2 1 1 2647 3130 855 3477
1247 4 2 1 1 1484 2223 1395 2596
1248 4 2 1 1 851 3194 850 3784
1249 4 2 1 1 1185 2358 2885 3803
1250 4 2 1 1 2016 2533 2165 3472
1251 4 2 1 1 2321 2655 2414 3458
1252 4 2 1 1 1108 2226 2702 3862
1253 4 2 1 1 3222 1785 2800 1706
1254 4 2 1 1 1537 1408 2379 2508
1255 4 2 1 1 1738 1808 3159 3350
1256 4 2 1 1 158 3987 1817 5
1257 4 2 1 1 973 3668 2982 2410
1258 4 2 1 1 3933 351 2272 3214
1259 4 2 1 1 1907 2506 2815 3090
1260 4 2 1 1 1900 2503 2118 3506
1261 4 2 1 1 2448 1840 3044 3079
1262 4 2 1 1 2867 1933 2660 2210
1263 4 2 1 1 2572 2630 2063 3406
1264 4 2 1 1 2493 3220 2059 3244
1265 4 2 1 1 1653 2985 2577 3775
1266 4 2 1 1 2883 3202 2279 2363
1267 4 2 1 1 2939 3262 2675 1985
1268 4 2 1 1 2868 2700 2964 2080
1269 4 2 1 1 1010 4036 3927 107
1270 4 2 1 1 3353 3428 2254 1958
1271 4 2 1 1 2047 2858 2723 3181
1272 4 2 1 1 2169 3551 1915 2468
1273 4 2 1 1 1656 2441 2747 2986
1274 4 2 1 1 4036 108 107 1214
1275 4 2 1 1 2078 2652 1951 3239
1276 4 2 1 1 1010 4036 107 1214
1277 4 2 1 1 2563 2809 2665 1923
1278 4 2 1 1 1466 2087 3297 3528
1279 4 2 1 1 923 2624 2263 3150
1280 4 2 1 1 1380 2223 1370 2761
1281 4 2 1 1 2106 1869 2560 2782
1282 4 2 1 1 1921 2403 2228 3003
1283 4 2 1 1 2840 3605 2374 2044
1284 4 2 1 1 1910 2168 2393 3421
1285 4 2 1 1 4036 3993 108 1214
1286 4 2 1 1 2581 3049 1900 2027
1287 4 2 1 1 1872 3103 2558 3673
1288 4 2 1 1 2581 3049 2027 3887
1289 4 2 1 1 2113 3159 2829 3350
1290 4 2 1 1 1860 2696 2206 3390
1291 4 2 1 1 4036 3993 1214 3359
1292 4 2 1 1 3958 1288 4035 123
1293 4 2 1 1 3186 3721 1919 2591
1294 4 2 1 1 3136 3373 1526 2407
1295 4 2 1 1 3016 3279 2152 2902
1296 4 2 1 1 3628 1682 1668 2501
1297 4 2 1 1 1251 3970 3916 2336
1298 4 2 1 1 2761 2856 2734 1380
1299 4 2 1 1 2409 3083 934 3558
1300 4 2 1 1 1849 2117 2754 2959
1301 4 2 1 1 2350 3035 2152 3319
1302 4 2 1 1 3628 1668 1682 1683
1303 4 2 1 1 1078 2372 1104 1087
1304 4 2 1 1 2368 1976 2272 3822
1305 4 2 1 1 2368 2272 1976 3207
1306 4 2 1 1 1150 3117 2993 3402
1307 4 2 1 1 1967 2291 2261 3074
1308 4 2 1 1 2655 2916 2099 3110
1309 4 2 1 1 2788 2847 2519 695
1310 4 2 1 1 2868 2964 2700 2012
1311 4 2 1 1 416 2209 336 2737
1312 4 2 1 1 1346 2297 2836 2740
1313 4 2 1 1 2914 3406 939 2613
1314 4 2 1 1 2204 2581 1900 3413
1315 4 2 1 1 1952 2604 2384 3100
1316 4 2 1 1 2010 2869 2743 3229
1317 4 2 1 1 3666 3558 3083 2212
1318 4 2 1 1 2168 1934 2689 3800
1319 4 2 1 1 1849 2395 2110 3186
1320 4 2 1 1 1514 2699 2797 3416
1321 4 2 1 1 2180 2633 2562 2726
1322 4 2 1 1 1288 123 124 4035
1323 4 2 1 1 3958 1288 3373 4035
1324 4 2 1 1 2123 2967 2616 3752
1325 4 2 1 1 2556 438 320 2982
1326 4 2 1 1 2145 2568 509 3053
1327 4 2 1 1 255 2393 2890 2995
1328 4 2 1 1 2963 3134 2174 2817
1329 4 2 1 1 3180 711 2674 3212
1330 4 2 1 1 2062 2376 2601 3046
1331 4 2 1 1 3996 4035 1288 124
1332 4 2 1 1 3996 4035 3341 1288
1333 4 2 1 1 2375 2382 1928 3204
1334 4 2 1 1 2139 3298 2406 3318
1335 4 2 1 1 923 2263 2624 3018
1336 4 2 1 1 1773 2887 2362 3367
1337 4 2 1 1 2382 2840 2385 3204
1338 4 2 1 1 2328 1965 3191 3262
1339 4 2 1 1 3523 2599 3292 1895
1340 4 2 1 1 1200 2229 2838 3659
1341 4 2 1 1 313 298 462 3832
1342 4 2 1 1 2058 3017 2398 3598
1343 4 2 1 1 2203 2580 3312 3849
1344 4 2 1 1 1583 2446 2884 2993
1345 4 2 1 1 3746 3497 2483 2235
1346 4 2 1 1 1978 2787 2382 3501
1347 4 2 1 1 3200 3877 2867 2104
1348 4 2 1 1 3303 3484 2478 3605
1349 4 2 1 1 1887 2212 2409 2687
1350 4 2 1 1 2292 3543 2653 1923
1351 4 2 1 1 2030 2537 2367 2860
1352 4 2 1 1 2861 2936 1260 3587
1353 4 2 1 1 2355 2575 276 3227
1354 4 2 1 1 1835 2782 2527 3132
1355 4 2 1 1 1862 2359 2662 3657
1356 4 2 1 1 3136 1526 3373 1441
1357 4 2 1 1 1168 2625 2265 3529
1358 4 2 1 1 1958 2090 2603 3353
1359 4 2 1 1 3725 2696 2202 1947
1360 4 2 1 1 1149 3970 2336 2994
1361 4 2 1 1 2524 2964 2022 3538
1362 4 2 1 1 2660 2058 3234 2210
1363 4 2 1 1 1937 2346 2188 2976
1364 4 2 1 1 2105 1872 2558 3547
1365 4 2 1 1 1978 2420 2787 3501
1366 4 2 1 1 2106 3107 2429 2232
1367 4 2 1 1 2123 2983 1975 3613
1368 4 2 1 1 1860 2696 2202 2057
1369 4 2 1 1 3785 3043 2314 3486
1370 4 2 1 1 2330 3282 3025 2041
1371 4 2 1 1 1288 2407 4035 3341
1372 4 2 1 1 2963 3134 2817 2116
1373 4 2 1 1 560 2619 2205 3184
1374 4 2 1 1 2527 2782 3365 3794
1375 4 2 1 1 1364 1479 2896 2928
1376 4 2 1 1 1654 2311 1655 2747
1377 4 2 1 1 1849 2117 2959 3143
1378 4 2 1 1 2248 2542 1977 2904
1379 4 2 1 1 888 3130 3257 3477
1380 4 2 1 1 3292 2159 1895 3323
1381 4 2 1 1 2397 2896 1479 2928
1382 4 2 1 1 1933 2293 2225 2855
1383 4 2 1 1 1651 2362 2635 3367
1384 4 2 1 1 3785 2314 3043 2341
1385 4 2 1 1 2883 3202 2363 2558
1386 4 2 1 1 2300 2931 656 2979
1387 4 2 1 1 2559 2947 2003 3323
1388 4 2 1 1 2089 2574 2508 2817
1389 4 2 1 1 2341 2623 3144 3317
1390 4 2 1 1 2315 3275 3112 3498
1391 4 2 1 1 1840 2286 3079 3293
1392 4 2 1 1 1920 3058 2425 3499
1393 4 2 1 1 1894 2448 2403 2980
1394 4 2 1 1 923 781 2263 3018
1395 4 2 1 1 233 2420 234 3029
1396 4 2 1 1 1853 2582 2738 3116
1397 4 2 1 1 2384 1970 3100 2339
1398 4 2 1 1 2723 2858 2598 3600
1399 4 2 1 1 2003 2642 2245 3540
1400 4 2 1 1 2446 2993 1154 3117
1401 4 2 1 1 2167 1848 2752 2921
1402 4 2 1 1 726 2797 3906 481
1403 4 2 1 1 735 546 547 2174
1404 4 2 1 1 2085 2011 2704 2871
1405 4 2 1 1 2384 1970 2339 2910
1406 4 2 1 1 2758 3304 2125 3535
1407 4 2 1 1 2013 2084 2698 2295
1408 4 2 1 1 2834 2903 2299 2691
1409 4 2 1 1 2048 2758 2700 3304
1410 4 2 1 1 2044 2840 2727 3470
1411 4 2 1 1 2235 3530 2018 3537
1412 4 2 1 1 1964 2092 2357 2785
1413 4 2 1 1 1964 2092 2785 2835
1414 4 2 1 1 3459 1925 2394 2185
1415 4 2 1 1 3103 3316 2070 3673
1416 4 2 1 1 649 2391 650 3212
1417 4 2 1 1 2579 2022 3315 3575
1418 4 2 1 1 4035 2407 1288 3373
1419 4 2 1 1 256 2270 246 2995
1420 4 2 1 1 2331 2842 2083 2830
1421 4 2 1 1 1845 3540 2642 3855
1422 4 2 1 1 1587 2194 2681 3051
1423 4 2 1 1 1881 3154 2231 3434
1424 4 2 1 1 2840 3605 2044 3204
1425 4 2 1 1 2014 3164 2526 2307
1426 4 2 1 1 3574 3263 2230 3060
1427 4 2 1 1 2214 2900 2002 1930
1428 4 2 1 1 2987 4034 2546 1521
1429 4 2 1 1 2944 1428 2333 1520
1430 4 2 1 1 2203 3436 3312 2580
1431 4 2 1 1 2675 2903 2360 3139
1432 4 2 1 1 1950 2799 2389 2979
1433 4 2 1 1 2681 2980 1921 3427
1434 4 2 1 1 618 659 2652 3807
1435 4 2 1 1 1686 3063 3509 2338
1436 4 2 1 1 2412 2137 2738 2925
1437 4 2 1 1 923 2263 951 3150
1438 4 2 1 1 2311 2747 1654 3564
1439 4 2 1 1 2016 2990 2533 3472
1440 4 2 1 1 2082 3090 2815 3472
1441 4 2 1 1 851 2505 3194 3784
1442 4 2 1 1 1823 1691 2219 2693
1443 4 2 1 1 3200 2293 2762 1878
1444 4 2 1 1 1639 2800 3331 3199
1445 4 2 1 1 3312 3436 2203 2998
1446 4 2 1 1 62 63 4034 1521
1447 4 2 1 1 2306 3464 1913 3587
1448 4 2 1 1 2111 2974 3302 2808
1449 4 2 1 1 2013 2992 2525 2868
1450 4 2 1 1 2723 2858 2128 3181
1451 4 2 1 1 1842 2913 2541 2295
1452 4 2 1 1 2091 280 3609 3113
1453 4 2 1 1 606 2352 2589 2830
1454 4 2 1 1 3523 2229 2344 3720
1455 4 2 1 1 2225 1076 2879 3644
1456 4 2 1 1 1611 2283 1612 3857
1457 4 2 1 1 1921 2786 2124 3469
1458 4 2 1 1 1227 1102 2358 2636
1459 4 2 1 1 1911 2153 2396 3553
1460 4 2 1 1 3515 2095 3625 2547
1461 4 2 1 1 2909 2302 3895 3286
1462 4 2 1 1 2999 3078 2491 1942
1463 4 2 1 1 2172 2636 2380 3621
1464 4 2 1 1 2011 2871 2085 3742
1465 4 2 1 1 3254 3461 2273 2683
1466 4 2 1 1 1865 2542 2248 2904
1467 4 2 1 1 1034 2997 2615 3033
1468 4 2 1 1 300 2772 2603 3583
1469 4 2 1 1 3180 711 3212 624
1470 4 2 1 1 1837 2586 3425 3221
1471 4 2 1 1 3909 2484 1197 2988
1472 4 2 1 1 2229 1895 2492 3720
1473 4 2 1 1 2834 2903 2691 2796
1474 4 2 1 1 2620 3363 1581 3483
1475 4 2 1 1 320 2114 2556 2982
1476 4 2 1 1 1924 2562 2130 2647
1477 4 2 1 1 1286 4034 3961 63
1478 4 2 1 1 2168 3687 2890 3800
1479 4 2 1 1 1920 2166 3050 3566
1480 4 2 1 1 2380 2636 1908 3621
1481 4 2 1 1 2757 3017 2041 3731
1482 4 2 1 1 1965 3262 2328 3372
1483 4 2 1 1 435 2772 2689 2342
1484 4 2 1 1 1084 3019 2077 3532
1485 4 2 1 1 985 908 876 3197
1486 4 2 1 1 2019 2307 2863 3444
1487 4 2 1 1 1858 3451 2236 3648
1488 4 2 1 1 930 929 2982 3668
1489 4 2 1 1 4018 4034 1521 62
1490 4 2 1 1 2167 1997 2473 2287
1491 4 2 1 1 2166 2760 2425 3058
1492 4 2 1 1 3118 3431 1425 3811
1493 4 2 1 1 1286 4034 63 1521
1494 4 2 1 1 2375 2840 2382 3204
1495 4 2 1 1 1070 2380 2172 2636
1496 4 2 1 1 3949 1538 2797 3473
1497 4 2 1 1 2576 3103 3087 3316
1498 4 2 1 1 3073 2741 2155 2564
1499 4 2 1 1 3274 3323 2559 1897
1500 4 2 1 1 287 2342 2714 3481
1501 4 2 1 1 1954 3056 3724 2775
1502 4 2 1 1 2150 1870 3023 2992
1503 4 2 1 1 455 2937 2388 2987
1504 4 2 1 1 2905 3347 3220 1912
1505 4 2 1 1 2013 2084 2295 3712
1506 4 2 1 1 2308 1939 2207 2891
1507 4 2 1 1 4035 2407 470 3341
1508 4 2 1 1 1466 2936 2087 3528
1509 4 2 1 1 3865 3148 3663 2280
1510 4 2 1 1 3256 2695 2068 2317
1511 4 2 1 1 4018 4034 2987 1521
1512 4 2 1 1 1746 4033 3918 3519
1513 4 2 1 1 1484 2596 1379 3129
1514 4 2 1 1 1420 2676 2422 2956
1515 4 2 1 1 2104 2970 3200 3877
1516 4 2 1 1 1967 2136 3028 3555
1517 4 2 1 1 690 463 2685 3314
1518 4 2 1 1 885 3385 2585 3559
1519 4 2 1 1 1746 4033 3519 1572
1520 4 2 1 1 2111 2643 2974 2808
1521 4 2 1 1 1930 3614 3715 2779
1522 4 2 1 1 1931 2724 2267 2139
1523 4 2 1 1 2138 1891 3077 3610
1524 4 2 1 1 1954 3724 3056 2759
1525 4 2 1 1 2358 2319 1142 3620
1526 4 2 1 1 2226 2377 1933 2594
1527 4 2 1 1 1912 2439 2842 2872
1528 4 2 1 1 2615 718 3418 3522
1529 4 2 1 1 878 3071 2161 3799
1530 4 2 1 1 881 2613 871 2966
1531 4 2 1 1 2123 1975 2983 2513
1532 4 2 1 1 1877 2289 2454 3286
1533 4 2 1 1 2021 678 3426 3161
1534 4 2 1 1 3895 2844 2274 2413
1535 4 2 1 1 2053 3787 3074 2639
1536 4 2 1 1 27 26 4033 1572
1537 4 2 1 1 3975 892 2674 3218
1538 4 2 1 1 1927 2751 2654 2212
1539 4 2 1 1 512 2795 2354 3031
1540 4 2 1 1 2441 2919 2142 3694
1541 4 2 1 1 1730 2194 1588 1586
1542 4 2 1 1 2181 2554 3076 3791
1543 4 2 1 1 3073 2741 2564 1925
1544 4 2 1 1 1580 1749 1829 2538
1545 4 2 1 1 3549 2126 2659 1846
1546 4 2 1 1 2628 3040 2147 3156
1547 4 2 1 1 1911 2153 2561 3479
1548 4 2 1 1 1675 2219 1676 2747
1549 4 2 1 1 2240 2725 2444 3790
1550 4 2 1 1 2021 678 3161 3347
1551 4 2 1 1 3659 3720 2229 2492
1552 4 2 1 1 877 2414 2482 3460
1553 4 2 1 1 2401 2520 2954 3136
1554 4 2 1 1 238 3029 2262 3167
1555 4 2 1 1 2759 3581 3056 2100
1556 4 2 1 1 2480 1876 2222 3248
1557 4 2 1 1 2828 3164 3380 2496
1558 4 2 1 1 2195 2548 1987 2570
1559 4 2 1 1 1326 1325 2264 3034
1560 4 2 1 1 767 766 2424 2561
1561 4 2 1 1 4033 3969 1572 26
1562 4 2 1 1 1482 2734 2432 2827
1563 4 2 1 1 1932 2430 2716 2850
1564 4 2 1 1 3220 3347 2439 1912
1565 4 2 1 1 1932 2716 2552 2850
1566 4 2 1 1 2168 2890 2733 3800
1567 4 2 1 1 3059 2192 2729 3036
1568 4 2 1 1 303 2616 282 3752
1569 4 2 1 1 2526 2828 2496 3164
1570 4 2 1 1 3865 3663 3148 384
1571 4 2 1 1 1840 2491 2135 3634
1572 4 2 1 1 2235 1258 2483 2978
1573 4 2 1 1 2205 2744 535 3608
1574 4 2 1 1 1970 2339 2910 3359
1575 4 2 1 1 2192 2348 1890 2512
1576 4 2 1 1 2462 1624 2798 3581
1577 4 2 1 1 2521 2672 1872 3268
1578 4 2 1 1 2515 2894 2190 1859
1579 4 2 1 1 3209 2304 2614 2107
1580 4 2 1 1 1893 2160 3116 3324
1581 4 2 1 1 3265 2397 2486 3235
1582 4 2 1 1 2098 2171 2453 3489
1583 4 2 1 1 4033 3969 3519 1572
1584 4 2 1 1 2090 1958 2707 3428
1585 4 2 1 1 948 2289 788 2624
1586 4 2 1 1 1665 2347 1689 2577
1587 4 2 1 1 3221 2517 2815 2221
1588 4 2 1 1 2053 3787 2639 3672
1589 4 2 1 1 1338 2836 2297 3129
1590 4 2 1 1 3968 2306 1016 3914
1591 4 2 1 1 2091 280 3113 2450
1592 4 2 1 1 781 951 923 2263
1593 4 2 1 1 1845 2370 3540 3855
1594 4 2 1 1 3842 3479 2193 3158
1595 4 2 1 1 987 853 2216 3805
1596 4 2 1 1 2124 1931 2553 2708
1597 4 2 1 1 2227 2793 577 2910
1598 4 2 1 1 2094 2911 2455 3332
1599 4 2 1 1 2179 3226 2746 3232
1600 4 2 1 1 2679 2953 1040 3396
1601 4 2 1 1 1612 2283 2878 3857
1602 4 2 1 1 2089 3066 2566 3208
1603 4 2 1 1 1845 2184 2361 3557
1604 4 2 1 1 2069 3009 2753 2351
1605 4 2 1 1 2011 2085 2704 2958
1606 4 2 1 1 2091 280 2450 2825
1607 4 2 1 1 1895 2159 1854 3323
1608 4 2 1 1 547 2703 2365 3026
1609 4 2 1 1 1920 2425 2166 3566
1610 4 2 1 1 1233 2535 2187 2969
1611 4 2 1 1 1607 2798 2406 3030
1612 4 2 1 1 2502 2772 1934 2949
1613 4 2 1 1 1889 2765 2399 3443
1614 4 2 1 1 1844 2456 3152 2278
1615 4 2 1 1 1949 2601 2376 3046
1616 4 2 1 1 1980 2456 2240 3182
1617 4 2 1 1 2382 2913 2375 3457
1618 4 2 1 1 2977 3398 2526 2310
1619 4 2 1 1 659 2795 2652 3807
1620 4 2 1 1 2035 2841 2532 3045
1621 4 2 1 1 2074 1870 2992 3023
1622 4 2 1 1 2343 2376 1971 2978
1623 4 2 1 1 2799 3326 2542 1950
1624 4 2 1 1 2228 2498 1592 3475
1625 4 2 1 1 2251 2933 2806 3699
1626 4 2 1 1 1862 2662 2359 3231
1627 4 2 1 1 2191 2896 2641 1915
1628 4 2 1 1 2529 2666 1869 3256
1629 4 2 1 1 2271 2154 3329 2671
1630 4 2 1 1 2025 2580 2471 3507
1631 4 2 1 1 2462 2653 2292 3543
1632 4 2 1 1 2068 3379 2476 3736
1633 4 2 1 1 2337 2966 2613 3395
1634 4 2 1 1 1897 2659 3274 2599
1635 4 2 1 1 1328 1329 2480 3660
1636 4 2 1 1 972 937 971 3745
1637 4 2 1 1 2011 2085 2958 3742
1638 4 2 1 1 1836 3015 2353 3411
1639 4 2 1 1 547 2174 546 3026
1640 4 2 1 1 2571 2786 2124 2947
1641 4 2 1 1 2559 3274 2197 3323
1642 4 2 1 1 1942 2870 2244 2134
1643 4 2 1 1 2064 3165 2340 3308
1644 4 2 1 1 1328 2222 2480 2264
1645 4 2 1 1 608 2352 606 2830
1646 4 2 1 1 2754 2459 2813 3399
1647 4 2 1 1 340 2250 2803 3393
1648 4 2 1 1 1224 1088 2372 2593
1649 4 2 1 1 2493 3220 2083 3408
1650 4 2 1 1 2174 2989 735 3134
1651 4 2 1 1 2064 2917 3165 3308
1652 4 2 1 1 1975 2513 2123 2616
1653 4 2 1 1 2070 3103 2576 3316
1654 4 2 1 1 2027 3506 2474 3742
1655 4 2 1 1 1864 2221 2346 3405
1656 4 2 1 1 3739 4020 4017 904
1657 4 2 1 1 1441 3136 2656 3373
1658 4 2 1 1 907 3013 2387 3197
1659 4 2 1 1 3373 3984 1473 3958
1660 4 2 1 1 416 2209 2737 2775
1661 4 2 1 1 2575 262 276 3227
1662 4 2 1 1 2161 3498 2946 3799
1663 4 2 1 1 591 3993 3359 2339
1664 4 2 1 1 1707 1752 2500 2907
1665 4 2 1 1 2395 2734 2110 3781
1666 4 2 1 1 3373 3984 3958 645
1667 4 2 1 1 1836 2841 2573 3045
1668 4 2 1 1 3221 2517 2221 3425
1669 4 2 1 1 2503 2950 2118 3506
1670 4 2 1 1 1918 2156 2413 3840
1671 4 2 1 1 2130 2212 2687 3558
1672 4 2 1 1 1490 2222 1342 2748
1673 4 2 1 1 2479 3017 2757 3731
1674 4 2 1 1 3200 2867 3877 1878
1675 4 2 1 1 3373 3984 645 2656
1676 4 2 1 1 400 2714 2254 3353
1677 4 2 1 1 3842 2193 3479 2955
1678 4 2 1 1 1845 2184 3557 2774
1679 4 2 1 1 2191 3052 2511 1915
1680 4 2 1 1 2511 1915 3052 3573
1681 4 2 1 1 2085 2950 2704 3142
1682 4 2 1 1 2150 1870 2992 2849
1683 4 2 1 1 1604 2461 2144 2622
1684 4 2 1 1 1282 4032 3934 2956
1685 4 2 1 1 2578 3059 2167 3225
1686 4 2 1 1 2575 276 262 332
1687 4 2 1 1 797 788 2289 3171
1688 4 2 1 1 1845 2184 2774 2724
1689 4 2 1 1 416 417 336 2209
1690 4 2 1 1 2500 2544 3512 3542
1691 4 2 1 1 1325 1327 1326 2264
1692 4 2 1 1 277 215 217 2756
1693 4 2 1 1 1282 4032 2956 1528
1694 4 2 1 1 1877 3336 2454 3584
1695 4 2 1 1 1209 1074 2679 3866
1696 4 2 1 1 2465 2970 2104 3877
1697 4 2 1 1 3928 4032 119 1528
1698 4 2 1 1 1306 2484 1293 2988
1699 4 2 1 1 2212 2130 3004 3558
1700 4 2 1 1 853 2914 2216 3805
1701 4 2 1 1 2027 2317 2474 3506
1702 4 2 1 1 2549 2695 2845 1880
1703 4 2 1 1 1528 119 120 4032
1704 4 2 1 1 599 3949 2797 3473
1705 4 2 1 1 2197 3323 3274 2599
1706 4 2 1 1 631 2418 2181 2589
1707 4 2 1 1 3756 1835 2036 2467
1708 4 2 1 1 544 2648 2277 2564
1709 4 2 1 1 2907 3579 2759 3724
1710 4 2 1 1 1201 2531 1202 3147
1711 4 2 1 1 2380 2516 2172 3621
1712 4 2 1 1 802 2718 2561 3745
1713 4 2 1 1 2228 1894 2498 3354
1714 4 2 1 1 3459 1925 2185 2564
1715 4 2 1 1 2202 2696 2487 2057
1716 4 2 1 1 2900 2841 3684 2214
1717 4 2 1 1 1875 2259 2324 3617
1718 4 2 1 1 2006 2508 2574 2951
1719 4 2 1 1 2394 575 2741 3459
1720 4 2 1 1 1108 1107 2226 3862
1721 4 2 1 1 2503 3142 2950 3506
1722 4 2 1 1 2074 1870 3023 3315
1723 4 2 1 1 1312 2570 1345 2466
1724 4 2 1 1 1860 2544 2206 2902
1725 4 2 1 1 2826 2697 1549 2276
1726 4 2 1 1 3254 3461 2683 2178
1727 4 2 1 1 1890 3303 2478 3605
1728 4 2 1 1 813 2096 837 2692
1729 4 2 1 1 1312 2570 2466 3701
1730 4 2 1 1 1973 2400 2237 2928
1731 4 2 1 1 2074 3315 2381 2868
1732 4 2 1 1 3928 4032 1528 2956
1733 4 2 1 1 2002 3735 2900 2214
1734 4 2 1 1 1846 2675 2360 3139
1735 4 2 1 1 2900 3335 2002 3634
1736 4 2 1 1 2126 2860 2465 3415
1737 4 2 1 1 1882 2198 2610 3276
1738 4 2 1 1 3651 3615 3555 2440
1739 4 2 1 1 1429 1425 3118 3431
1740 4 2 1 1 881 3395 2966 3452
1741 4 2 1 1 2235 3189 3530 3537
1742 4 2 1 1 1565 4031 3964 153
1743 4 2 1 1 2881 2372 2593 1941
1744 4 2 1 1 2106 2429 2804 3404
1745 4 2 1 1 4027 1816 1797 2538
1746 4 2 1 1 1538 3215 1414 3704
1747 4 2 1 1 2135 3309 3293 3324
1748 4 2 1 1 3404 1880 2429 3156
1749 4 2 1 1 421 2347 208 2538
1750 4 2 1 1 2266 2796 2675 3200
1751 4 2 1 1 1739 4031 3956 2946
1752 4 2 1 1 2695 3256 3107 2071
1753 4 2 1 1 1998 3045 3513 2532
1754 4 2 1 1 1906 2566 3066 3208
1755 4 2 1 1 2174 546 3026 3552
1756 4 2 1 1 2030 2281 3098 3372
1757 4 2 1 1 3122 2435 2397 1996
1758 4 2 1 1 2034 2109 2473 2807
1759 4 2 1 1 2190 3068 2926 1859
1760 4 2 1 1 1939 2438 2891 3233
1761 4 2 1 1 2202 1947 2696 3390
1762 4 2 1 1 1642 2919 2441 3694
1763 4 2 1 1 1931 2431 2708 2852
1764 4 2 1 1 1739 4031 2946 1826
1765 4 2 1 1 2910 2072 3494 2384
1766 4 2 1 1 1061 2716 2137 2953
1767 4 2 1 1 1960 3185 2816 3128
1768 4 2 1 1 2504 3326 2799 1950
1769 4 2 1 1 4031 152 153 1826
1770 4 2 1 1 320 203 2489 2982
1771 4 2 1 1 2291 2261 3429 2325
1772 4 2 1 1 969 2764 2684 3834
1773 4 2 1 1 2279 2859 2128 2941
1774 4 2 1 1 3404 1880 3156 3281
1775 4 2 1 1 2508 3008 2006 3361
1776 4 2 1 1 1484 2223 2596 2761
1777 4 2 1 1 2579 2269 3277 3251
1778 4 2 1 1 1676 2219 1691 3333
1779 4 2 1 1 2187 2535 1233 3228
1780 4 2 1 1 2853 3333 3545 2219
1781 4 2 1 1 1906 2522 2177 2837
1782 4 2 1 1 1924 2647 2130 2933
1783 4 2 1 1 2709 2834 2046 3143
1784 4 2 1 1 1931 2708 2571 2852
1785 4 2 1 1 2078 2452 2354 2957
1786 4 2 1 1 2701 2814 1879 3075
1787 4 2 1 1 2881 2372 1941 3009
1788 4 2 1 1 2231 3154 3383 3434
1789 4 2 1 1 1565 4031 153 1826
1790 4 2 1 1 3186 3721 2591 3680
1791 4 2 1 1 1881 2417 2231 3154
1792 4 2 1 1 2358 2636 1102 2874
1793 4 2 1 1 2065 2564 2539 3073
1794 4 2 1 1 2681 3084 2980 3427
1795 4 2 1 1 1899 2841 2900 3735
1796 4 2 1 1 1829 2347 2538 1749
1797 4 2 1 1 2361 2184 2724 2139
1798 4 2 1 1 1386 2778 2783 3903
1799 4 2 1 1 318 3080 2682 3597
1800 4 2 1 1 238 233 234 3029
1801 4 2 1 1 1933 2377 2225 2820
1802 4 2 1 1 1484 2223 2761 1370
1803 4 2 1 1 2163 2734 2395 3781
1804 4 2 1 1 2213 2335 1886 2621
1805 4 2 1 1 3887 3022 2581 2518
1806 4 2 1 1 3877 2104 2465 2125
1807 4 2 1 1 3645 3583 1873 2949
1808 4 2 1 1 569 2331 2842 3419
1809 4 2 1 1 2176 2549 1906 3066
1810 4 2 1 1 650 3212 2391 3218
1811 4 2 1 1 1948 2234 2789 3421
1812 4 2 1 1 2447 2975 1885 3308
1813 4 2 1 1 1868 3037 2120 3534
1814 4 2 1 1 1986 2436 2095 2161
1815 4 2 1 1 3200 2293 1878 2266
1816 4 2 1 1 1839 2639 2623 3144
1817 4 2 1 1 2141 2611 2411 3792
1818 4 2 1 1 813 2096 2692 2712
1819 4 2 1 1 2689 2772 273 3800
1820 4 2 1 1 2030 2367 2281 2860
1821 4 2 1 1 4031 2946 1826 3799
1822 4 2 1 1 1154 2446 1022 2993
1823 4 2 1 1 138 1422 4030 3801
1824 4 2 1 1 1200 2679 3070 2229
1825 4 2 1 1 2686 3014 2182 3462
1826 4 2 1 1 2016 2165 3230 3472
1827 4 2 1 1 589 2339 591 3359
1828 4 2 1 1 2130 2806 2933 3699
1829 4 2 1 1 1590 2228 1589 2681
1830 4 2 1 1 2834 2903 2104 2299
1831 4 2 1 1 1108 2702 2226 3346
1832 4 2 1 1 1872 2105 2672 3375
1833 4 2 1 1 1869 2106 2666 3365
1834 4 2 1 1 2397 2928 2486 3235
1835 4 2 1 1 2225 2377 1933 2855
1836 4 2 1 1 1910 2393 2168 2556
1837 4 2 1 1 1873 2822 2720 3355
1838 4 2 1 1 545 2304 539 3026
1839 4 2 1 1 606 2352 550 3697
1840 4 2 1 1 2473 2287 3137 3743
1841 4 2 1 1 2492 3441 2062 2838
1842 4 2 1 1 3937 1422 4030 137
1843 4 2 1 1 1939 2891 2438 2171
1844 4 2 1 1 1842 2646 2541 3032
1845 4 2 1 1 2834 2903 2796 2104
1846 4 2 1 1 1907 2572 2630 3090
1847 4 2 1 1 2003 3078 2245 1897
1848 4 2 1 1 137 138 1422 4030
1849 4 2 1 1 2541 2295 2013 2992
1850 4 2 1 1 1909 2404 2825 3047
1851 4 2 1 1 2438 2651 3233 1939
1852 4 2 1 1 1642 2710 1765 1766
1853 4 2 1 1 2566 2321 2320 3817
1854 4 2 1 1 885 962 3385 3559
1855 4 2 1 1 2463 2588 1522 3341
1856 4 2 1 1 2266 2293 2386 3690
1857 4 2 1 1 714 656 2931 2979
1858 4 2 1 1 2416 2882 2039 2332
1859 4 2 1 1 633 3958 3373 470
1860 4 2 1 1 1911 3247 2153 3553
1861 4 2 1 1 1107 2226 2861 3868
1862 4 2 1 1 1915 2511 3551 3573
1863 4 2 1 1 1865 3060 2634 3263
1864 4 2 1 1 2894 3068 2369 2286
1865 4 2 1 1 2453 2550 1838 3489
1866 4 2 1 1 1860 2202 3512 2057
1867 4 2 1 1 1950 2542 2248 3187
1868 4 2 1 1 1865 2248 2542 3187
1869 4 2 1 1 3937 1422 3403 4030
1870 4 2 1 1 1985 2602 2140 2939
1871 4 2 1 1 2035 2573 2841 3045
1872 4 2 1 1 2069 3680 1955 2591
1873 4 2 1 1 2181 3244 3220 3258
1874 4 2 1 1 2070 2558 3103 3673
1875 4 2 1 1 2090 2707 2603 2949
1876 4 2 1 1 1899 2841 2717 2900
1877 4 2 1 1 610 2648 2564 3459
1878 4 2 1 1 2290 3298 3065 3318
1879 4 2 1 1 1463 2706 2463 3341
1880 4 2 1 1 1883 2622 2461 2283
1881 4 2 1 1 2579 3315 2022 2269
1882 4 2 1 1 1090 2187 2881 3527
1883 4 2 1 1 3837 3443 2247 1843
1884 4 2 1 1 1925 2394 2185 2635
1885 4 2 1 1 1422 2482 4030 3801
1886 4 2 1 1 1934 2234 2949 3645
1887 4 2 1 1 3382 2369 1922 2285
1888 4 2 1 1 1854 2197 2559 2618
1889 4 2 1 1 2159 2003 2786 3323
1890 4 2 1 1 3120 3006 3026 2174
1891 4 2 1 1 1909 2825 2450 3047
1892 4 2 1 1 2353 2960 2256 3015
1893 4 2 1 1 2414 2482 2321 3778
1894 4 2 1 1 3068 1859 2894 2369
1895 4 2 1 1 2244 2599 2004 2643
1896 4 2 1 1 788 2624 2289 3171
1897 4 2 1 1 1090 2187 3527 1233
1898 4 2 1 1 2438 1917 2662 3233
1899 4 2 1 1 2195 3174 1363 2588
1900 4 2 1 1 2219 1904 2644 2986
1901 4 2 1 1 1883 2622 2283 2690
1902 4 2 1 1 3837 3443 1843 2417
1903 4 2 1 1 2484 2988 1306 3062
1904 4 2 1 1 2997 1036 3033 1034
1905 4 2 1 1 1884 2197 2618 3274
1906 4 2 1 1 1885 2163 2447 3771
1907 4 2 1 1 1600 2461 3069 3243
1908 4 2 1 1 2256 3015 2469 1865
1909 4 2 1 1 1816 1580 1797 2538
1910 4 2 1 1 2024 2560 2364 2880
1911 4 2 1 1 2483 2800 1785 3199
1912 4 2 1 1 2027 1900 2581 3506
1913 4 2 1 1 1107 2861 2226 2673
1914 4 2 1 1 1873 2720 2822 3645
1915 4 2 1 1 1754 1775 3056 3581
1916 4 2 1 1 1882 2610 2242 3276
1917 4 2 1 1 2883 3202 2558 2026
1918 4 2 1 1 1893 3116 2198 3324
1919 4 2 1 1 1422 4030 2482 3403
1920 4 2 1 1 1252 3992 3384 2343
1921 4 2 1 1 2802 1540 4029 159
1922 4 2 1 1 2623 2639 2173 3144
1923 4 2 1 1 1870 2992 2849 2868
1924 4 2 1 1 256 395 246 2270
1925 4 2 1 1 2059 2345 2199 2242
1926 4 2 1 1 2673 1253 2861 2509
1927 4 2 1 1 2780 3217 1351 3546
1928 4 2 1 1 3058 3790 2444 2166
1929 4 2 1 1 1844 3152 2240 1930
1930 4 2 1 1 4 159 4029 1540
1931 4 2 1 1 2105 1998 2765 3443
1932 4 2 1 1 2530 1992 2109 3588
1933 4 2 1 1 3121 2057 2711 2037
1934 4 2 1 1 2419 1963 3700 2778
1935 4 2 1 1 2236 2537 2075 3648
1936 4 2 1 1 1845 2361 2642 3557
1937 4 2 1 1 1995 2977 2150 3474
1938 4 2 1 1 3460 3197 876 2387
1939 4 2 1 1 2418 2554 1960 3076
1940 4 2 1 1 2633 2180 1924 3769
1941 4 2 1 1 2909 3895 2302 2728
1942 4 2 1 1 1200 2838 1056 3659
1943 4 2 1 1 1108 2226 1093 3346
1944 4 2 1 1 1686 3509 3063 1685
1945 4 2 1 1 1943 2092 2651 3085
1946 4 2 1 1 1964 3014 2686 3462
1947 4 2 1 1 1511 1493 1394 2856
1948 4 2 1 1 707 3993 4036 3359
1949 4 2 1 1 2106 2232 2429 3404
1950 4 2 1 1 2102 2800 3199 3331
1951 4 2 1 1 3710 3304 2700 2525
1952 4 2 1 1 3756 1835 2467 3132
1953 4 2 1 1 1779 1744 1745 3869
1954 4 2 1 1 2158 2133 3261 2448
1955 4 2 1 1 1939 2207 2810 2836
1956 4 2 1 1 2251 2933 3477 3502
1957 4 2 1 1 2571 2800 2708 2124
1958 4 2 1 1 2538 1816 24 4028
1959 4 2 1 1 4028 24 1 1816
1960 4 2 1 1 3378 2189 2024 2782
1961 4 2 1 1 2434 2676 1903 2875
1962 4 2 1 1 1890 2348 2192 2729
1963 4 2 1 1 1516 3416 2699 1514
1964 4 2 1 1 2475 3035 2637 1905
1965 4 2 1 1 1842 2375 2382 2913
1966 4 2 1 1 1864 2316 2221 2791
1967 4 2 1 1 1883 2622 2690 3818
1968 4 2 1 1 1139 2625 2897 3019
1969 4 2 1 1 1881 2990 2231 3103
1970 4 2 1 1 2077 3285 1084 3532
1971 4 2 1 1 1875 3298 2774 3065
1972 4 2 1 1 2067 2234 3088 3421
1973 4 2 1 1 1919 2466 2405 2570
1974 4 2 1 1 1252 2978 3384 1120
1975 4 2 1 1 2266 2386 2293 1878
1976 4 2 1 1 1895 1854 2197 3323
1977 4 2 1 1 2124 3003 1921 3469
1978 4 2 1 1 144 4028 997 1
1979 4 2 1 1 1836 3015 3411 3622
1980 4 2 1 1 1874 3429 2261 2325
1981 4 2 1 1 1895 3292 3323 2599
1982 4 2 1 1 2321 1962 2783 3403
1983 4 2 1 1 2573 2469 2957 2719
1984 4 2 1 1 1868 2866 2541 3712
1985 4 2 1 1 2275 3088 2234 3421
1986 4 2 1 1 3226 241 3232 247
1987 4 2 1 1 712 3257 3130 3209
1988 4 2 1 1 2128 2858 2723 3600
1989 4 2 1 1 997 4028 4027 2538
1990 4 2 1 1 1859 2196 2515 2894
1991 4 2 1 1 1876 2848 3380 3713
1992 4 2 1 1 3925 1797 4027 145
1993 4 2 1 1 3265 2397 3235 1996
1994 4 2 1 1 2013 2541 2866 3712
1995 4 2 1 1 1917 2171 2569 2651
1996 4 2 1 1 1973 2400 2388 2670
1997 4 2 1 1 2762 3200 2867 2104
1998 4 2 1 1 3710 2700 3304 2048
1999 4 2 1 1 1090 2187 1233 3228
2000 4 2 1 1 3378 2189 2782 3759
2001 4 2 1 1 1893 3293 3324 3526
2002 4 2 1 1 2117 3143 2459 2046
2003 4 2 1 1 2259 2290 1966 3030
2004 4 2 1 1 2261 2291 1967 3031
2005 4 2 1 1 2321 2482 1962 3403
2006 4 2 1 1 222 2545 3091 3491
2007 4 2 1 1 2324 2259 3153 3237
2008 4 2 1 1 2115 1689 3131 3519
2009 4 2 1 1 2178 1968 2683 1887
2010 4 2 1 1 494 492 2451 3050
2011 4 2 1 1 2569 2863 2707 3444
2012 4 2 1 1 1914 2547 2224 3158
2013 4 2 1 1 2078 3216 2652 3807
2014 4 2 1 1 1445 3245 1283 1536
2015 4 2 1 1 1891 2138 2408 3610
2016 4 2 1 1 1111 3340 2217 2983
2017 4 2 1 1 2966 3395 2337 3452
2018 4 2 1 1 1182 2612 2306 3190
2019 4 2 1 1 1889 2399 2742 3443
2020 4 2 1 1 1078 2372 1087 3009
2021 4 2 1 1 3257 3209 594 2614
2022 4 2 1 1 2115 3131 1689 3211
2023 4 2 1 1 1849 2834 2709 3143
2024 4 2 1 1 1797 145 144 4027
2025 4 2 1 1 1865 2248 2634 3060
2026 4 2 1 1 4027 1816 144 1797
2027 4 2 1 1 3119 3269 3640 2732
2028 4 2 1 1 1885 3165 2340 2163
2029 4 2 1 1 1503 2405 2570 3250
2030 4 2 1 1 1871 2125 2465 3304
2031 4 2 1 1 1918 2413 2156 3789
2032 4 2 1 1 2467 3627 3599 2299
2033 4 2 1 1 1076 2225 1080 2938
2034 4 2 1 1 2360 2796 2140 3706
2035 4 2 1 1 2224 2399 1889 2765
2036 4 2 1 1 2170 3146 2449 3446
2037 4 2 1 1 2214 2900 2841 3735
2038 4 2 1 1 2322 3041 2449 3446
2039 4 2 1 1 3925 1797 3705 4027
2040 4 2 1 1 2105 3103 2672 3435
2041 4 2 1 1 1333 1482 2432 2827
2042 4 2 1 1 1853 2610 2198 3883
2043 4 2 1 1 1503 2405 3250 1491
2044 4 2 1 1 894 3333 740 3545
2045 4 2 1 1 1853 2198 2565 3883
2046 4 2 1 1 3120 2817 3502 1863
2047 4 2 1 1 1891 3119 2732 3269
2048 4 2 1 1 2084 2672 3268 3534
2049 4 2 1 1 4027 2538 1797 3705
2050 4 2 1 1 2305 2603 391 3819
2051 4 2 1 1 2097 1959 2225 2709
2052 4 2 1 1 2097 1959 2709 3351
2053 4 2 1 1 3900 1834 2206 2478
2054 4 2 1 1 3951 1573 4026 2519
2055 4 2 1 1 2201 2454 3336 3584
2056 4 2 1 1 1937 2292 2586 3543
2057 4 2 1 1 1967 2732 3028 3239
2058 4 2 1 1 1083 1102 2636 2874
2059 4 2 1 1 2573 2957 2469 2149
2060 4 2 1 1 2892 2311 3515 2095
2061 4 2 1 1 492 681 2428 3050
2062 4 2 1 1 1932 2137 2552 2716
2063 4 2 1 1 1665 1689 2347 1801
2064 4 2 1 1 2603 2949 2707 3329
2065 4 2 1 1 317 3597 3289 2319
2066 4 2 1 1 2684 2411 3479 3260
2067 4 2 1 1 1985 2675 2970 3262
2068 4 2 1 1 3900 1834 2478 2730
2069 4 2 1 1 1348 1364 1479 2896
2070 4 2 1 1 2641 1915 2896 3533
2071 4 2 1 1 1117 2235 1113 2805
2072 4 2 1 1 1064 2638 3133 1065
2073 4 2 1 1 2235 2805 1117 2978
2074 4 2 1 1 1891 2452 2215 2719
2075 4 2 1 1 2265 2437 3189 3537
2076 4 2 1 1 2316 2586 2346 3221
2077 4 2 1 1 2173 2364 3089 3379
2078 4 2 1 1 1742 2577 3775 1652
2079 4 2 1 1 1589 1590 1591 2228
2080 4 2 1 1 1042 1040 1200 2229
2081 4 2 1 1 2113 3060 2634 3376
2082 4 2 1 1 1737 4026 3921 87
2083 4 2 1 1 2380 2516 1965 3102
2084 4 2 1 1 2145 3053 2626 3182
2085 4 2 1 1 2674 2726 1951 3864
2086 4 2 1 1 1879 2814 2236 3075
2087 4 2 1 1 1904 2219 2402 3753
2088 4 2 1 1 2914 2984 2010 3395
2089 4 2 1 1 2091 2359 3609 3623
2090 4 2 1 1 1312 2570 3701 1310
2091 4 2 1 1 1844 2456 2240 3152
2092 4 2 1 1 1064 2638 1065 1072
2093 4 2 1 1 1918 2728 2302 3895
2094 4 2 1 1 222 2545 3491 3667
2095 4 2 1 1 2219 2693 1691 3333
2096 4 2 1 1 2414 2916 2655 3110
2097 4 2 1 1 3811 3431 2088 3118
2098 4 2 1 1 1142 2885 2358 3620
2099 4 2 1 1 947 2764 969 3834
2100 4 2 1 1 1600 2461 1722 3069
2101 4 2 1 1 391 2305 372 2822
2102 4 2 1 1 1730 2194 1586 3707
2103 4 2 1 1 2130 2562 1924 3043
2104 4 2 1 1 2541 2025 2913 3032
2105 4 2 1 1 2003 2642 3540 3855
2106 4 2 1 1 1884 2618 2241 3274
2107 4 2 1 1 2338 1969 3172 3852
2108 4 2 1 1 3276 2198 3514 3526
2109 4 2 1 1 2368 2640 1976 3822
2110 4 2 1 1 2084 2672 3534 2866
2111 4 2 1 1 793 2274 804 3011
2112 4 2 1 1 2482 3403 983 3460
2113 4 2 1 1 1906 2177 2522 2655
2114 4 2 1 1 1198 1236 2143 3175
2115 4 2 1 1 2285 2369 1922 2912
2116 4 2 1 1 2164 2502 1934 2949
2117 4 2 1 1 2164 1934 2502 2627
2118 4 2 1 1 214 3238 215 2756
2119 4 2 1 1 2446 1581 3363 3483
2120 4 2 1 1 2896 3235 1915 2237
2121 4 2 1 1 2684 3479 2411 1889
2122 4 2 1 1 1868 2120 2898 3534
2123 4 2 1 1 2036 2925 2850 3362
2124 4 2 1 1 373 2556 320 3213
2125 4 2 1 1 1880 2695 2845 3107
2126 4 2 1 1 2014 2828 2526 3164
2127 4 2 1 1 2529 2666 3256 2871
2128 4 2 1 1 1647 1634 1640 2303
2129 4 2 1 1 2552 2738 2137 2925
2130 4 2 1 1 2181 3220 3161 3258
2131 4 2 1 1 1074 3070 2679 3866
2132 4 2 1 1 2228 3354 2498 3475
2133 4 2 1 1 1948 2733 2234 3421
2134 4 2 1 1 2235 1258 2978 1117
2135 4 2 1 1 552 539 545 2304
2136 4 2 1 1 3288 2796 3133 2351
2137 4 2 1 1 2091 3609 2825 3623
2138 4 2 1 1 1928 2192 2443 3036
2139 4 2 1 1 2372 2753 2069 3009
2140 4 2 1 1 2249 2500 2039 3512
2141 4 2 1 1 457 359 371 2987
2142 4 2 1 1 1887 2683 2356 1968
2143 4 2 1 1 215 3238 214 216
2144 4 2 1 1 2719 3187 2935 2155
2145 4 2 1 1 2370 2403 2003 3855
2146 4 2 1 1 2594 2820 2098 3106
2147 4 2 1 1 2126 2465 2048 2864
2148 4 2 1 1 2006 2508 2379 3008
2149 4 2 1 1 3951 1573 86 4026
2150 4 2 1 1 1846 2246 3362 3629
2151 4 2 1 1 2419 3700 1963 2497
2152 4 2 1 1 1573 87 86 4026
2153 4 2 1 1 2256 2960 2353 3719
2154 4 2 1 1 2686 2357 3665 3014
2155 4 2 1 1 1708 2416 2907 3724
2156 4 2 1 1 3263 3060 3350 2230
2157 4 2 1 1 342 2250 3296 2337
2158 4 2 1 1 2471 2580 2025 3849
2159 4 2 1 1 3404 1880 3281 2232
2160 4 2 1 1 2772 2949 2603 3583
2161 4 2 1 1 2611 3042 2141 3154
2162 4 2 1 1 2717 3142 2503 3572
2163 4 2 1 1 2342 2689 435 3265
2164 4 2 1 1 1654 1630 1655 2311
2165 4 2 1 1 2089 2508 2574 3092
2166 4 2 1 1 1737 4026 87 1573
2167 4 2 1 1 3310 2740 1498 2836
2168 4 2 1 1 1077 1066 2293 2879
2169 4 2 1 1 2579 2269 3678 3315
2170 4 2 1 1 2500 3512 2249 3542
2171 4 2 1 1 2107 3257 3130 3477
2172 4 2 1 1 2041 2495 2330 3017
2173 4 2 1 1 3937 3460 983 3403
2174 4 2 1 1 2732 2795 2078 3239
2175 4 2 1 1 2840 3605 3204 2375
2176 4 2 1 1 2639 3074 1874 3787
2177 4 2 1 1 2332 2534 2416 2882
2178 4 2 1 1 2562 2633 2061 2726
2179 4 2 1 1 2426 2200 2961 2679
2180 4 2 1 1 1124 2861 1260 3587
2181 4 2 1 1 2403 2947 2003 3855
2182 4 2 1 1 2211 1936 2222 3339
2183 4 2 1 1 3158 2684 3479 2193
2184 4 2 1 1 1554 2463 3342 1389
2185 4 2 1 1 2265 2437 3537 1905
2186 4 2 1 1 1343 2191 2896 1339
2187 4 2 1 1 1882 2839 2568 3392
2188 4 2 1 1 2025 2203 2580 2913
2189 4 2 1 1 1915 2511 2191 3371
2190 4 2 1 1 4026 1738 2519 1573
2191 4 2 1 1 2685 3172 1969 3852
2192 4 2 1 1 2268 1987 2755 3001
2193 4 2 1 1 3973 1263 165 3968
2194 4 2 1 1 3973 1508 1281 3190
2195 4 2 1 1 304 2616 412 2824
2196 4 2 1 1 2526 2977 2310 3474
2197 4 2 1 1 1746 4025 3918 28
2198 4 2 1 1 2448 3064 3261 2158
2199 4 2 1 1 706 3985 3257 2722
2200 4 2 1 1 1834 2530 2807 2473
2201 4 2 1 1 1878 2867 2762 3200
2202 4 2 1 1 2448 3261 3064 1894
2203 4 2 1 1 2152 3169 2902 3368
2204 4 2 1 1 2756 2249 3512 2057
2205 4 2 1 1 3474 2201 3488 2310
2206 4 2 1 1 290 3193 2332 393
2207 4 2 1 1 2468 2627 2275 3635
2208 4 2 1 1 1959 2069 3351 2638
2209 4 2 1 1 2156 2781 2413 3840
2210 4 2 1 1 2222 2748 1490 2854
2211 4 2 1 1 1149 3970 2994 1255
2212 4 2 1 1 2107 3130 2647 3477
2213 4 2 1 1 1164 3983 2629 1188
2214 4 2 1 1 2014 2307 2526 3678
2215 4 2 1 1 2462 2798 1624 3030
2216 4 2 1 1 2305 372 2727 3819
2217 4 2 1 1 2945 3352 2678 3759
2218 4 2 1 1 2235 1258 1117 1165
2219 4 2 1 1 1979 2605 2515 3160
2220 4 2 1 1 2165 3090 2371 3230
2221 4 2 1 1 2231 3154 2417 3383
2222 4 2 1 1 3221 2517 3425 1837
2223 4 2 1 1 2735 3582 346 3822
2224 4 2 1 1 2187 2969 1912 3408
2225 4 2 1 1 655 2452 2354 3807
2226 4 2 1 1 1441 3984 3373 2656
2227 4 2 1 1 2587 2900 2002 3634
2228 4 2 1 1 2401 2520 3136 3679
2229 4 2 1 1 320 3213 2489 3377
2230 4 2 1 1 2037 3080 2711 3485
2231 4 2 1 1 1846 2599 2244 2643
2232 4 2 1 1 4025 29 28 1564
2233 4 2 1 1 1746 4025 28 1564
2234 4 2 1 1 2358 1142 2319 3485
2235 4 2 1 1 1845 2184 2724 2361
2236 4 2 1 1 1951 2726 2674 3138
2237 4 2 1 1 1846 2126 2465 3549
2238 4 2 1 1 1312 2570 1310 1345
2239 4 2 1 1 1564 4025 2390 3131
2240 4 2 1 1 3404 1880 2232 2429
2241 4 2 1 1 728 2656 464 2956
2242 4 2 1 1 2780 3217 3546 2032
2243 4 2 1 1 906 2387 919 2843
2244 4 2 1 1 3040 3662 1350 3848
2245 4 2 1 1 1403 2419 3700 2778
2246 4 2 1 1 1948 2650 2262 2668
2247 4 2 1 1 2262 2650 2051 2668
2248 4 2 1 1 2521 3375 1872 2672
2249 4 2 1 1 2424 2561 766 2718
2250 4 2 1 1 3703 2189 2421 2782
2251 4 2 1 1 3195 2507 425 2682
2252 4 2 1 1 1168 2265 1166 3529
2253 4 2 1 1 1077 2293 2855 2879
2254 4 2 1 1 2543 3102 1059 3888
2255 4 2 1 1 3933 905 2272 742
2256 4 2 1 1 1895 2285 2412 3656
2257 4 2 1 1 2382 2749 2203 3457
2258 4 2 1 1 3984 3958 122 1473
2259 4 2 1 1 1853 2345 2552 2905
2260 4 2 1 1 3311 3730 3665 2146
2261 4 2 1 1 1103 3196 2268 3448
2262 4 2 1 1 2529 3365 1869 2666
2263 4 2 1 1 4024 6 69 995
2264 4 2 1 1 2222 3052 1876 2264
2265 4 2 1 1 342 3255 2250 2337
2266 4 2 1 1 1864 2743 2869 3229
2267 4 2 1 1 2828 3380 3164 2014
2268 4 2 1 1 1882 2610 2198 2839
2269 4 2 1 1 1204 1253 2509 2861
2270 4 2 1 1 2153 1911 2561 3247
2271 4 2 1 1 2926 3068 2190 3820
2272 4 2 1 1 3811 2088 3431 2649
2273 4 2 1 1 2443 1997 2167 2287
2274 4 2 1 1 1913 2820 2594 3106
2275 4 2 1 1 3068 2894 1859 2190
2276 4 2 1 1 1966 2290 3065 3318
2277 4 2 1 1 401 391 2603 3819
2278 4 2 1 1 1900 2118 2503 2943
2279 4 2 1 1 2173 3496 2476 3763
2280 4 2 1 1 1871 2465 2864 3304
2281 4 2 1 1 2375 3409 3381 2295
2282 4 2 1 1 1908 2516 2380 3621
2283 4 2 1 1 2265 2437 1905 2625
2284 4 2 1 1 359 358 2937 3863
2285 4 2 1 1 3936 4024 69 995
2286 4 2 1 1 2689 2772 3800 1934
2287 4 2 1 1 797 2289 2712 3171
2288 4 2 1 1 767 2561 2424 3247
2289 4 2 1 1 620 2300 2389 3180
2290 4 2 1 1 3936 4024 995 2699
2291 4 2 1 1 1221 1227 1185 3833
2292 4 2 1 1 2244 2643 2004 3514
2293 4 2 1 1 2077 2510 2472 2637
2294 4 2 1 1 1900 3142 2503 3506
2295 4 2 1 1 3951 1697 2788 85
2296 4 2 1 1 514 2354 2452 3077
2297 4 2 1 1 2028 3544 3024 2334
2298 4 2 1 1 3733 2510 2056 3019
2299 4 2 1 1 1912 2288 2969 3595
2300 4 2 1 1 84 85 2788 1697
2301 4 2 1 1 3067 2199 3132 3759
2302 4 2 1 1 1928 2749 2382 3457
2303 4 2 1 1 392 2332 290 3238
2304 4 2 1 1 2084 2672 2866 2521
2305 4 2 1 1 1591 1589 2228 3003
2306 4 2 1 1 2375 3381 3409 2108
2307 4 2 1 1 351 3822 3582 2272
2308 4 2 1 1 1938 2173 2623 2776
2309 4 2 1 1 2157 2542 2101 3708
2310 4 2 1 1 395 2822 2270 3583
2311 4 2 1 1 702 3906 2699 481
2312 4 2 1 1 3937 3460 3403 2294
2313 4 2 1 1 2300 942 914 3633
2314 4 2 1 1 2312 2351 1896 3706
2315 4 2 1 1 3324 3514 2198 3526
2316 4 2 1 1 3633 892 958 3138
2317 4 2 1 1 906 2387 2843 3671
2318 4 2 1 1 2006 2574 2508 3092
2319 4 2 1 1 1873 2305 2822 3355
2320 4 2 1 1 1856 2476 3097 2705
2321 4 2 1 1 2025 3507 2471 3712
2322 4 2 1 1 1864 2346 2316 2142
2323 4 2 1 1 3790 2664 3394 2166
2324 4 2 1 1 2061 2654 2212 3004
2325 4 2 1 1 2426 2200 2679 1922
2326 4 2 1 1 1697 2788 84 1817
2327 4 2 1 1 2063 2630 2572 3090
2328 4 2 1 1 1937 2586 2316 3543
2329 4 2 1 1 2038 2971 2792 3450
2330 4 2 1 1 2556 320 438 373
2331 4 2 1 1 1912 2187 2535 2969
2332 4 2 1 1 1906 2837 2177 3829
2333 4 2 1 1 2634 3060 2113 3263
2334 4 2 1 1 1423 4023 3938 3008
2335 4 2 1 1 2363 2070 2663 3673
2336 4 2 1 1 1942 2491 2870 2134
2337 4 2 1 1 863 2562 861 2726
2338 4 2 1 1 2245 2642 2003 1897
2339 4 2 1 1 2212 3004 2654 3666
2340 4 2 1 1 3895 2302 3840 3286
2341 4 2 1 1 3958 1288 1473 3373
2342 4 2 1 1 797 788 948 2289
2343 4 2 1 1 3437 3261 3096 2218
2344 4 2 1 1 1393 1395 1370 2223
2345 4 2 1 1 2548 3067 2591 3721
2346 4 2 1 1 3121 2057 2037 2510
2347 4 2 1 1 3368 3733 3348 3205
2348 4 2 1 1 2354 2452 2078 3807
2349 4 2 1 1 1227 1083 1102 2636
2350 4 2 1 1 2449 2002 2158 3871
2351 4 2 1 1 1930 2664 2166 3715
2352 4 2 1 1 1423 4023 3008 1289
2353 4 2 1 1 1864 2743 2572 3405
2354 4 2 1 1 3186 3721 3680 2395
2355 4 2 1 1 1893 2160 1952 3116
2356 4 2 1 1 2155 2719 3187 3407
2357 4 2 1 1 1082 1076 1080 2938
2358 4 2 1 1 2875 2963 2089 3215
2359 4 2 1 1 3288 2796 2351 3706
2360 4 2 1 1 2279 2857 2026 2859
2361 4 2 1 1 2229 1200 2838 3070
2362 4 2 1 1 2316 2346 1937 2142
2363 4 2 1 1 605 3922 3341 476
2364 4 2 1 1 537 2136 2795 3615
2365 4 2 1 1 2212 3083 2409 3558
2366 4 2 1 1 1943 2388 2400 2670
2367 4 2 1 1 1053 2266 2895 3690
2368 4 2 1 1 1860 2206 2544 3390
2369 4 2 1 1 2265 2625 1168 3189
2370 4 2 1 1 2075 2814 2701 3075
2371 4 2 1 1 1289 139 140 4023
2372 4 2 1 1 4023 1289 139 3801
2373 4 2 1 1 3495 2845 2549 2093
2374 4 2 1 1 2079 2583 2383 2915
2375 4 2 1 1 2549 2845 3495 1880
2376 4 2 1 1 1664 2501 2230 3350
2377 4 2 1 1 1895 2412 2229 3656
2378 4 2 1 1 2182 3014 2686 3665
2379 4 2 1 1 2529 3256 2085 2871
2380 4 2 1 1 1762 3992 1563 2343
2381 4 2 1 1 1912 2969 2535 3595
2382 4 2 1 1 1497 2785 1500 2357
2383 4 2 1 1 2027 2958 3506 3742
2384 4 2 1 1 3120 2817 1863 2963
2385 4 2 1 1 2883 3202 2026 2279
2386 4 2 1 1 1080 2225 1076 2855
2387 4 2 1 1 4023 3008 1289 3801
2388 4 2 1 1 2158 2133 2448 3079
2389 4 2 1 1 2492 3441 2838 1241
2390 4 2 1 1 2781 2413 820 3652
2391 4 2 1 1 2089 2574 2566 3092
2392 4 2 1 1 1541 8 173 4022
2393 4 2 1 1 2228 1590 2823 3084
2394 4 2 1 1 1875 3298 3065 2290
2395 4 2 1 1 2037 2688 2358 3290
2396 4 2 1 1 212 3946 3920 2555
2397 4 2 1 1 3579 2500 2544 2416
2398 4 2 1 1 671 2365 547 2703
2399 4 2 1 1 1762 3992 1734 1563
2400 4 2 1 1 1900 3506 2118 3672
2401 4 2 1 1 4022 3944 173 1541
2402 4 2 1 1 1385 2821 1501 3903
2403 4 2 1 1 3961 458 2546 3157
2404 4 2 1 1 322 2486 453 3245
2405 4 2 1 1 2036 2850 2360 3362
2406 4 2 1 1 863 2562 2726 2180
2407 4 2 1 1 3273 3103 2417 2231
2408 4 2 1 1 1880 2845 2232 3107
2409 4 2 1 1 1388 1429 1425 3118
2410 4 2 1 1 4022 3944 1541 2731
2411 4 2 1 1 1868 2866 2898 3474
2412 4 2 1 1 1156 3950 2446 3483
2413 4 2 1 1 1399 3467 3859 2400
2414 4 2 1 1 1959 2069 2638 2351
2415 4 2 1 1 2700 2080 3304 3535
2416 4 2 1 1 1537 2508 2379 3416
2417 4 2 1 1 810 2274 907 3013
2418 4 2 1 1 934 3083 2409 2356
2419 4 2 1 1 606 2352 3697 2589
2420 4 2 1 1 1537 2379 1523 3416
2421 4 2 1 1 2635 3314 2185 3691
2422 4 2 1 1 4021 187 1581 1579
2423 4 2 1 1 391 2603 2305 3583
2424 4 2 1 1 1840 2135 2134 3309
2425 4 2 1 1 256 2890 2270 2995
2426 4 2 1 1 619 2652 2389 3216
2427 4 2 1 1 3898 2884 1585 3051
2428 4 2 1 1 1975 2616 2123 3613
2429 4 2 1 1 1579 187 188 4021
2430 4 2 1 1 1977 2300 2799 2979
2431 4 2 1 1 2024 2364 2560 3487
2432 4 2 1 1 303 2616 2513 3289
2433 4 2 1 1 2218 2941 2724 3782
2434 4 2 1 1 2236 2374 1879 3075
2435 4 2 1 1 2271 3226 2746 2671
2436 4 2 1 1 1241 3441 1219 3020
2437 4 2 1 1 2642 3540 3795 2245
2438 4 2 1 1 3348 3733 3368 1905
2439 4 2 1 1 1844 2408 3152 1930
2440 4 2 1 1 2239 2023 2923 3188
2441 4 2 1 1 1938 2341 2314 2623
2442 4 2 1 1 4021 1818 188 1579
2443 4 2 1 1 2064 3165 2917 3568
2444 4 2 1 1 2218 3437 3261 3896
2445 4 2 1 1 1918 2156 2595 3789
2446 4 2 1 1 4021 4038 1270 188
2447 4 2 1 1 3533 1479 2397 2896
2448 4 2 1 1 2258 3572 3600 2841
2449 4 2 1 1 2106 3404 2804 3703
2450 4 2 1 1 1148 1257 1147 3400
2451 4 2 1 1 2815 3090 2082 3405
2452 4 2 1 1 1984 2997 2961 3033
2453 4 2 1 1 2354 2452 1891 2957
2454 4 2 1 1 4021 1579 1581 2620
2455 4 2 1 1 2401 2520 3679 2064
2456 4 2 1 1 3273 2417 3103 2105
2457 4 2 1 1 1835 3378 2782 3759
2458 4 2 1 1 2376 2838 1949 3046
2459 4 2 1 1 1884 2197 2458 3325
2460 4 2 1 1 1882 2198 2456 3322
2461 4 2 1 1 4003 1409 3700 2294
2462 4 2 1 1 2060 2563 3360 2809
2463 4 2 1 1 1735 2488 1790 2669
2464 4 2 1 1 2472 2510 1860 2637
2465 4 2 1 1 3906 1514 2797 1300
2466 4 2 1 1 2373 2804 2252 1929
2467 4 2 1 1 1252 2978 1120 1121
2468 4 2 1 1 3106 3129 2596 3399
2469 4 2 1 1 2167 2287 2473 3743
2470 4 2 1 1 2573 3684 2841 3576
2471 4 2 1 1 2360 2140 2796 2675
2472 4 2 1 1 605 3922 476 125
2473 4 2 1 1 2653 2303 1634 1647
2474 4 2 1 1 2406 3030 2290 3525
2475 4 2 1 1 2488 1735 175 2669
2476 4 2 1 1 623 4039 625 3180
2477 4 2 1 1 2305 2727 372 3167
2478 4 2 1 1 2172 2516 2380 3102
2479 4 2 1 1 1878 3200 2970 3877
2480 4 2 1 1 2310 3101 2201 3488
2481 4 2 1 1 2894 3068 2286 3044
2482 4 2 1 1 2500 2544 2039 3512
2483 4 2 1 1 2062 2838 2376 3046
2484 4 2 1 1 2669 175 174 1735
2485 4 2 1 1 2453 2550 3489 2171
2486 4 2 1 1 1925 2539 2564 3073
2487 4 2 1 1 1930 2425 2760 2002
2488 4 2 1 1 3845 2406 3779 2798
2489 4 2 1 1 4014 197 2966 3582
2490 4 2 1 1 1385 2821 3903 2320
2491 4 2 1 1 732 2407 470 3373
2492 4 2 1 1 2633 1924 2180 2562
2493 4 2 1 1 2033 2539 2362 2635
2494 4 2 1 1 317 433 2319 3289
2495 4 2 1 1 855 3130 2647 3880
2496 4 2 1 1 1656 2441 2986 1804
2497 4 2 1 1 246 2270 2822 2995
2498 4 2 1 1 1884 2618 2197 2819
2499 4 2 1 1 3579 2544 2332 2416
2500 4 2 1 1 2052 2663 2940 3065
2501 4 2 1 1 1610 2622 2899 3857
2502 4 2 1 1 1719 3056 1806 3724
2503 4 2 1 1 1961 2279 2857 3202
2504 4 2 1 1 895 3151 969 3504
2505 4 2 1 1 2363 3153 2188 3401
2506 4 2 1 1 919 907 810 2274
2507 4 2 1 1 1953 2605 2383 3160
2508 4 2 1 1 2653 1634 2303 2462
2509 4 2 1 1 1747 3056 3271 2775
2510 4 2 1 1 3746 3497 2235 2265
2511 4 2 1 1 2208 3352 2945 3759
2512 4 2 1 1 2360 2643 2111 2036
2513 4 2 1 1 2841 3684 2573 2035
2514 4 2 1 1 2602 2920 2344 3629
2515 4 2 1 1 400 2254 2714 2937
2516 4 2 1 1 2013 2849 2378 2866
2517 4 2 1 1 1842 2913 2382 3032
2518 4 2 1 1 567 2741 575 3459
2519 4 2 1 1 2448 3078 2003 3345
2520 4 2 1 1 2471 1837 2580 3849
2521 4 2 1 1 2270 2890 256 3800
2522 4 2 1 1 895 969 947 3504
2523 4 2 1 1 798 2667 2630 3835
2524 4 2 1 1 3579 2500 2416 2907
2525 4 2 1 1 2029 3385 2592 3559
2526 4 2 1 1 2709 2762 2225 2820
2527 4 2 1 1 3078 3313 2003 3345
2528 4 2 1 1 566 610 544 2564
2529 4 2 1 1 2332 2544 2202 3238
2530 4 2 1 1 3120 3006 2963 2349
2531 4 2 1 1 750 3433 3071 2617
2532 4 2 1 1 2572 2743 2063 3405
2533 4 2 1 1 863 862 861 2562
2534 4 2 1 1 1860 2472 2206 2696
2535 4 2 1 1 336 292 270 2563
2536 4 2 1 1 1093 1108 1107 2226
2537 4 2 1 1 2161 2505 2436 3275
2538 4 2 1 1 1077 1066 1128 2293
2539 4 2 1 1 1931 2370 2724 3855
2540 4 2 1 1 2330 2495 1909 3017
2541 4 2 1 1 2617 3071 3941 3737
2542 4 2 1 1 3145 2804 2429 2252
2543 4 2 1 1 512 3031 2354 3422
2544 4 2 1 1 1931 2724 2139 3855
2545 4 2 1 1 3945 1796 2620 2831
2546 4 2 1 1 98 3945 1796 2620
2547 4 2 1 1 2421 2395 3627 3721
2548 4 2 1 1 2436 2505 1914 3275
2549 4 2 1 1 2157 2101 2955 3708
2550 4 2 1 1 2501 2230 3112 1667
2551 4 2 1 1 546 2174 558 3552
2552 4 2 1 1 566 610 2564 3459
2553 4 2 1 1 1281 1431 2423 3190
2554 4 2 1 1 2006 2321 2574 3092
2555 4 2 1 1 2086 2898 2849 3474
2556 4 2 1 1 3898 1583 2884 2993
2557 4 2 1 1 336 292 2563 3531
2558 4 2 1 1 2246 2602 2344 3629
2559 4 2 1 1 98 3945 2620 484
2560 4 2 1 1 1999 2421 2395 3627
2561 4 2 1 1 482 2519 695 2788
2562 4 2 1 1 963 3004 2654 3711
2563 4 2 1 1 1924 2562 2633 3043
2564 4 2 1 1 696 575 567 2741
2565 4 2 1 1 3407 2536 2960 2256
2566 4 2 1 1 1954 2416 2332 2534
2567 4 2 1 1 1893 2366 2444 3683
2568 4 2 1 1 2448 3078 3345 3820
2569 4 2 1 1 1966 2406 2290 3318
2570 4 2 1 1 1929 2110 2734 2432
2571 4 2 1 1 863 862 2562 2180
2572 4 2 1 1 808 2413 2781 3374
2573 4 2 1 1 1871 3075 2525 2108
2574 4 2 1 1 357 2460 262 2575
2575 4 2 1 1 2501 2230 3574 3112
2576 4 2 1 1 2449 3041 2170 3446
2577 4 2 1 1 3733 2510 3019 2077
2578 4 2 1 1 1895 3323 2197 2599
2579 4 2 1 1 2630 2667 798 3490
2580 4 2 1 1 2136 2440 662 2677
2581 4 2 1 1 1922 2582 2160 2738
2582 4 2 1 1 2905 2552 2112 3463
2583 4 2 1 1 2011 2672 2521 2866
2584 4 2 1 1 2548 2755 1987 3001
2585 4 2 1 1 1893 3324 2198 3526
2586 4 2 1 1 2258 3572 2841 2532
2587 4 2 1 1 1929 2754 2110 2432
2588 4 2 1 1 2011 2672 2866 3534
2589 4 2 1 1 2890 3687 266 3800
2590 4 2 1 1 2792 2971 2096 3450
2591 4 2 1 1 3220 3244 2083 3258
2592 4 2 1 1 2596 3129 2761 3399
2593 4 2 1 1 3025 3770 1217 2330
2594 4 2 1 1 2050 2956 2656 3184
2595 4 2 1 1 2620 4038 98 723
2596 4 2 1 1 3649 156 1571 3941
2597 4 2 1 1 1217 3770 3025 1129
2598 4 2 1 1 1589 2681 2228 3003
2599 4 2 1 1 2046 2762 2660 2867
2600 4 2 1 1 1837 2663 2318 3744
2601 4 2 1 1 536 2418 631 2589
2602 4 2 1 1 2063 2613 2572 3406
2603 4 2 1 1 950 3042 2533 3834
2604 4 2 1 1 2312 3288 2351 3706
2605 4 2 1 1 2683 2766 2099 2843
2606 4 2 1 1 2557 2302 3336 2310
2607 4 2 1 1 3276 3514 2661 3526
2608 4 2 1 1 2933 3699 3477 2647
2609 4 2 1 1 1844 3152 2773 2278
2610 4 2 1 1 425 2682 2507 3597
2611 4 2 1 1 2125 3304 2080 3535
2612 4 2 1 1 1087 2372 1088 3009
2613 4 2 1 1 3829 2321 2655 1906
2614 4 2 1 1 2158 3570 2449 3871
2615 4 2 1 1 2576 2990 2082 3472
2616 4 2 1 1 3649 156 157 1825
2617 4 2 1 1 1006 14 15 4020
2618 4 2 1 1 2513 2750 329 3982
2619 4 2 1 1 2195 1919 2466 2208
2620 4 2 1 1 2160 1922 2738 3382
2621 4 2 1 1 1938 2173 2776 3089
2622 4 2 1 1 2552 2905 2345 3463
2623 4 2 1 1 2244 2004 2134 3514
2624 4 2 1 1 4020 1006 14 904
2625 4 2 1 1 3851 4020 1006 15
2626 4 2 1 1 2370 2724 2218 3096
2627 4 2 1 1 1941 2493 2187 3012
2628 4 2 1 1 395 2822 3583 288
2629 4 2 1 1 2910 2072 2384 2582
2630 4 2 1 1 2016 2165 2371 3230
2631 4 2 1 1 1881 2231 2417 3103
2632 4 2 1 1 3089 2364 2639 1874
2633 4 2 1 1 3464 3364 2087 3307
2634 4 2 1 1 2192 1926 2545 3091
2635 4 2 1 1 1861 2208 2485 2945
2636 4 2 1 1 1968 2766 2683 2843
2637 4 2 1 1 2265 2437 2625 3189
2638 4 2 1 1 2134 3323 3292 2599
2639 4 2 1 1 1260 3914 2306 2936
2640 4 2 1 1 2219 1904 2402 3722
2641 4 2 1 1 1824 1727 2946 3166
2642 4 2 1 1 2025 2295 2580 3507
2643 4 2 1 1 2529 2862 2045 2950
2644 4 2 1 1 1006 904 4020 3851
2645 4 2 1 1 3273 3443 2417 2105
2646 4 2 1 1 3501 3860 2335 2213
2647 4 2 1 1 3313 3345 3078 3820
2648 4 2 1 1 3941 1700 4019 155
2649 4 2 1 1 2109 2642 3236 3749
2650 4 2 1 1 2548 2591 1919 3721
2651 4 2 1 1 2141 2411 2611 2247
2652 4 2 1 1 800 792 2356 2843
2653 4 2 1 1 3829 2321 1906 2574
2654 4 2 1 1 28 27 200 3918
2655 4 2 1 1 3459 1925 2564 2741
2656 4 2 1 1 3089 2639 2364 2173
2657 4 2 1 1 987 2644 2216 3603
2658 4 2 1 1 667 687 689 3172
2659 4 2 1 1 1611 2794 2283 2899
2660 4 2 1 1 2168 2733 2393 3421
2661 4 2 1 1 1919 3124 2405 3186
2662 4 2 1 1 3464 3364 3307 2594
2663 4 2 1 1 1966 2798 2406 3845
2664 4 2 1 1 1837 2318 2580 3744
2665 4 2 1 1 1700 155 154 4019
2666 4 2 1 1 2534 2416 1720 3724
2667 4 2 1 1 1844 2240 2456 2587
2668 4 2 1 1 2504 2389 1950 2799
2669 4 2 1 1 2034 3319 2852 2350
2670 4 2 1 1 458 3157 3492 2355
2671 4 2 1 1 1675 1823 2219 3166
2672 4 2 1 1 1931 2124 2571 2708
2673 4 2 1 1 3867 1862 2359 3685
2674 4 2 1 1 4019 3964 154 1700
2675 4 2 1 1 2135 3324 3293 3526
2676 4 2 1 1 2166 2277 3050 3566
2677 4 2 1 1 2786 2924 2601 1854
2678 4 2 1 1 222 2545 220 3091
2679 4 2 1 1 1912 2288 2842 3408
2680 4 2 1 1 2579 3277 2269 2022
2681 4 2 1 1 1956 2454 2289 3081
2682 4 2 1 1 2565 3276 2198 3514
2683 4 2 1 1 2182 3251 3380 3654
2684 4 2 1 1 2094 2668 3592 3723
2685 4 2 1 1 190 453 3957 3245
2686 4 2 1 1 1485 3343 3342 1554
2687 4 2 1 1 2835 3371 2785 1964
2688 4 2 1 1 2193 2561 928 3260
2689 4 2 1 1 2012 2666 2529 2871
2690 4 2 1 1 1951 2652 2389 3180
2691 4 2 1 1 2180 2726 2674 3864
2692 4 2 1 1 2328 3191 2895 3262
2693 4 2 1 1 2957 3326 2469 2149
2694 4 2 1 1 2683 3254 2178 1887
2695 4 2 1 1 1157 1244 3033 3117
2696 4 2 1 1 2908 1833 2086 2496
2697 4 2 1 1 2673 1253 2509 3442
2698 4 2 1 1 2003 3078 3437 3540
2699 4 2 1 1 928 2193 968 3194
2700 4 2 1 1 982 2914 3395 2984
2701 4 2 1 1 3941 1700 3071 4019
2702 4 2 1 1 2389 2799 2300 2979
2703 4 2 1 1 1930 2166 2425 3715
2704 4 2 1 1 4019 3964 1700 3071
2705 4 2 1 1 1053 2895 1195 3690
2706 4 2 1 1 1885 2421 2189 3165
2707 4 2 1 1 1117 1113 1114 2805
2708 4 2 1 1 2785 3371 2835 2237
2709 4 2 1 1 1884 2819 2543 3366
2710 4 2 1 1 2378 2849 2086 2898
2711 4 2 1 1 1532 2944 2987 2400
2712 4 2 1 1 4018 61 62 1459
2713 4 2 1 1 62 4018 1459 1521
2714 4 2 1 1 1899 2900 3335 3735
2715 4 2 1 1 2234 3398 2977 2310
2716 4 2 1 1 1915 2169 2468 3589
2717 4 2 1 1 4018 3957 61 1459
2718 4 2 1 1 2217 2380 1965 3833
2719 4 2 1 1 1639 2800 3199 1705
2720 4 2 1 1 1893 2444 2240 3322
2721 4 2 1 1 2068 2845 2476 3496
2722 4 2 1 1 685 2842 2872 2288
2723 4 2 1 1 1881 2533 2990 3472
2724 4 2 1 1 802 2561 3194 3745
2725 4 2 1 1 2908 1833 2496 2015
2726 4 2 1 1 3265 1973 2486 3245
2727 4 2 1 1 2238 2121 3024 3618
2728 4 2 1 1 1866 2132 3007 2040
2729 4 2 1 1 397 273 435 2772
2730 4 2 1 1 1849 2110 2813 3186
2731 4 2 1 1 2109 2642 2361 3557
2732 4 2 1 1 2225 2638 2097 3644
2733 4 2 1 1 2416 2544 2332 2039
2734 4 2 1 1 928 2561 2193 3194
2735 4 2 1 1 1114 1117 2805 2978
2736 4 2 1 1 87 88 474 3921
2737 4 2 1 1 2105 2532 2296 3375
2738 4 2 1 1 2019 2863 2569 3444
2739 4 2 1 1 1885 2447 2252 3771
2740 4 2 1 1 774 2611 2411 2736
2741 4 2 1 1 2028 2273 3544 2334
2742 4 2 1 1 1459 1521 4018 2987
2743 4 2 1 1 2174 2365 3006 3026
2744 4 2 1 1 2493 3001 3580 1941
2745 4 2 1 1 1962 2655 2321 3168
2746 4 2 1 1 433 2319 3289 3620
2747 4 2 1 1 2012 2868 2964 3813
2748 4 2 1 1 685 2842 553 2872
2749 4 2 1 1 290 3193 393 413
2750 4 2 1 1 2400 2928 1973 3467
2751 4 2 1 1 3024 2871 2952 2893
2752 4 2 1 1 1392 1350 3040 3662
2753 4 2 1 1 2485 2208 1940 3352
2754 4 2 1 1 1388 3118 1425 3811
2755 4 2 1 1 3751 3154 2533 2327
2756 4 2 1 1 3867 2359 1862 3657
2757 4 2 1 1 2077 3290 2636 3621
2758 4 2 1 1 2310 3101 2789 3682
2759 4 2 1 1 2142 1937 2919 2976
2760 4 2 1 1 1858 2814 2236 2020
2761 4 2 1 1 3044 2448 2158 3812
2762 4 2 1 1 2573 2957 2149 3797
2763 4 2 1 1 1933 2855 2377 3346
2764 4 2 1 1 1648 2635 1650 2829
2765 4 2 1 1 1892 2361 3137 3319
2766 4 2 1 1 2054 2764 2684 3504
2767 4 2 1 1 3886 2084 2948 1992
2768 4 2 1 1 1532 2944 2400 1399
2769 4 2 1 1 1544 2676 2434 2875
2770 4 2 1 1 1368 2308 1365 2836
2771 4 2 1 1 2289 2454 1956 3094
2772 4 2 1 1 675 609 2325 2744
2773 4 2 1 1 2743 2572 2613 3229
2774 4 2 1 1 3812 3820 3044 2448
2775 4 2 1 1 3452 421 426 2538
2776 4 2 1 1 2067 3088 2234 2310
2777 4 2 1 1 1883 2279 2857 3149
2778 4 2 1 1 2110 2813 2223 3399
2779 4 2 1 1 3452 426 421 205
2780 4 2 1 1 2030 2367 2537 3451
2781 4 2 1 1 3611 2654 3666 2212
2782 4 2 1 1 1757 2462 2653 3581
2783 4 2 1 1 4018 3957 1459 2388
2784 4 2 1 1 2639 2317 2581 3672
2785 4 2 1 1 3904 1259 1169 3529
2786 4 2 1 1 1887 3083 2212 3611
2787 4 2 1 1 2531 3147 450 3623
2788 4 2 1 1 947 969 964 3834
2789 4 2 1 1 682 3426 2968 3494
2790 4 2 1 1 2040 2680 1996 2435
2791 4 2 1 1 3566 2166 3715 2425
2792 4 2 1 1 2310 2201 3101 3682
2793 4 2 1 1 2383 3063 2338 3509
2794 4 2 1 1 2575 3201 2460 3227
2795 4 2 1 1 2421 3627 3132 3721
2796 4 2 1 1 2192 3491 2545 3667
2797 4 2 1 1 2533 3042 2327 3154
2798 4 2 1 1 558 2174 735 3134
2799 4 2 1 1 2110 2754 1849 2813
2800 4 2 1 1 2365 2963 2174 3006
2801 4 2 1 1 1266 4021 187 3950
2802 4 2 1 1 2616 2824 2055 3510
2803 4 2 1 1 2094 3264 2393 3332
2804 4 2 1 1 1459 4018 2388 2987
2805 4 2 1 1 2957 3326 2149 2504
2806 4 2 1 1 1983 3094 2327 3188
2807 4 2 1 1 2014 3164 2511 3380
2808 4 2 1 1 2613 3267 2000 3406
2809 4 2 1 1 2340 2466 1313 3476
2810 4 2 1 1 4027 977 997 2538
2811 4 2 1 1 959 963 3004 3666
2812 4 2 1 1 336 2209 417 3531
2813 4 2 1 1 1983 2624 2327 3094
2814 4 2 1 1 1853 2905 2552 3108
2815 4 2 1 1 1900 2118 2943 3672
2816 4 2 1 1 2338 3172 2428 3814
2817 4 2 1 1 3633 892 3138 2674
2818 4 2 1 1 3310 3231 3233 2308
2819 4 2 1 1 2108 3303 3075 3605
2820 4 2 1 1 1482 1335 1333 2432
2821 4 2 1 1 2833 2470 1916 3352
2822 4 2 1 1 1923 2645 2563 2809
2823 4 2 1 1 2540 3662 3040 3848
2824 4 2 1 1 1640 2303 2919 3775
2825 4 2 1 1 300 2270 2772 3583
2826 4 2 1 1 1861 2548 2208 3580
2827 4 2 1 1 2633 2751 2061 3140
2828 4 2 1 1 2596 3106 2207 3129
2829 4 2 1 1 2119 2948 2883 3673
2830 4 2 1 1 3933 351 3214 434
2831 4 2 1 1 2209 1954 2775 3056
2832 4 2 1 1 496 3050 2451 3521
2833 4 2 1 1 1200 2679 2229 1040
2834 4 2 1 1 4017 14 13 984
2835 4 2 1 1 2527 3365 2782 2257
2836 4 2 1 1 1239 2288 2969 3048
2837 4 2 1 1 1880 2232 2429 3107
2838 4 2 1 1 1111 3340 2983 1109
2839 4 2 1 1 2192 2443 2253 3808
2840 4 2 1 1 2639 2581 2317 1839
2841 4 2 1 1 2982 4017 13 984
2842 4 2 1 1 2228 2681 1590 3084
2843 4 2 1 1 1921 2190 2514 3427
2844 4 2 1 1 2045 2717 2503 3601
2845 4 2 1 1 2239 3567 3154 3837
2846 4 2 1 1 1156 3950 3483 1266
2847 4 2 1 1 3672 2880 2950 2118
2848 4 2 1 1 2909 3729 3286 3895
2849 4 2 1 1 3904 1259 3529 2897
2850 4 2 1 1 1440 1441 1526 3136
2851 4 2 1 1 1050 2716 2920 2430
2852 4 2 1 1 318 2682 425 3597
2853 4 2 1 1 3691 3314 1650 2635
2854 4 2 1 1 2119 2318 3744 2948
2855 4 2 1 1 464 2656 3934 2956
2856 4 2 1 1 2920 1043 2344 2716
2857 4 2 1 1 3695 3058 2451 3050
2858 4 2 1 1 2777 2911 2769 3349
2859 4 2 1 1 454 2714 3245 2388
2860 4 2 1 1 1863 2349 2341 3120
2861 4 2 1 1 2134 2659 1897 2599
2862 4 2 1 1 2896 3235 2237 2928
2863 4 2 1 1 2000 2368 2272 3822
2864 4 2 1 1 3373 1288 1526 2407
2865 4 2 1 1 2768 3072 319 3377
2866 4 2 1 1 1999 3132 2421 3627
2867 4 2 1 1 2555 2756 2249 2876
2868 4 2 1 1 2346 2976 2142 3714
2869 4 2 1 1 416 3193 2775 2737
2870 4 2 1 1 3094 1983 2263 3524
2871 4 2 1 1 2826 1549 2697 1406
2872 4 2 1 1 2999 3078 1942 2245
2873 4 2 1 1 307 3245 2342 3265
2874 4 2 1 1 1843 3435 2417 3443
2875 4 2 1 1 2401 2705 3677 2954
2876 4 2 1 1 463 3926 2685 3314
2877 4 2 1 1 1943 2092 3085 2400
2878 4 2 1 1 1837 2586 2663 3312
2879 4 2 1 1 2186 2730 2607 3900
2880 4 2 1 1 1869 2880 2950 2068
2881 4 2 1 1 1941 2187 2493 3001
2882 4 2 1 1 354 2756 2487 3607
2883 4 2 1 1 2439 3220 2083 3258
2884 4 2 1 1 1852 2449 3570 3871
2885 4 2 1 1 2325 2744 609 3241
2886 4 2 1 1 2215 3077 1891 3610
2887 4 2 1 1 1934 2949 2270 3645
2888 4 2 1 1 1895 2159 3046 1854
2889 4 2 1 1 1907 3090 2815 3405
2890 4 2 1 1 1872 2883 2948 3673
2891 4 2 1 1 3691 1650 3314 1671
2892 4 2 1 1 1991 2111 2974 3302
2893 4 2 1 1 2224 2547 2464 3676
2894 4 2 1 1 4018 457 2987 4034
2895 4 2 1 1 2603 2772 2090 2949
2896 4 2 1 1 2090 2949 2502 3334
2897 4 2 1 1 3706 2008 3173 2312
2898 4 2 1 1 984 4017 14 904
2899 4 2 1 1 1110 2801 2426 3396
2900 4 2 1 1 1595 2851 3039 2267
2901 4 2 1 1 2950 2068 3672 2317
2902 4 2 1 1 1050 2716 2430 1231
2903 4 2 1 1 3895 2844 2413 1918
2904 4 2 1 1 1995 3474 2541 3488
2905 4 2 1 1 4017 904 984 3739
2906 4 2 1 1 2416 2544 2039 2500
2907 4 2 1 1 2300 914 942 898
2908 4 2 1 1 3981 2404 193 3147
2909 4 2 1 1 1921 2601 2514 2926
2910 4 2 1 1 1851 3242 3210 2273
2911 4 2 1 1 3373 1526 1288 1473
2912 4 2 1 1 1912 2969 2288 3408
2913 4 2 1 1 1671 1690 1650 3314
2914 4 2 1 1 2015 2728 2302 3010
2915 4 2 1 1 2107 2933 2304 3120
2916 4 2 1 1 589 2339 3359 2910
2917 4 2 1 1 919 906 907 2387
2918 4 2 1 1 2373 1929 2252 2146
2919 4 2 1 1 2290 2406 1966 3030
2920 4 2 1 1 1772 2622 1753 2887
2921 4 2 1 1 1379 2207 1347 3129
2922 4 2 1 1 1396 2748 1397 3903
2923 4 2 1 1 3120 3006 2349 1938
2924 4 2 1 1 2305 372 2822 3167
2925 4 2 1 1 2459 2098 2820 3106
2926 4 2 1 1 3058 3790 2166 2760
2927 4 2 1 1 1092 2377 1080 2855
2928 4 2 1 1 3382 2412 2285 1922
2929 4 2 1 1 3075 3409 2525 2108
2930 4 2 1 1 1916 2418 2352 2589
2931 4 2 1 1 1522 1463 1545 2463
2932 4 2 1 1 1418 2676 1420 1419
2933 4 2 1 1 1869 3365 2257 2782
2934 4 2 1 1 339 2735 2457 3773
2935 4 2 1 1 1262 2988 2484 3448
2936 4 2 1 1 4017 984 2982 3739
2937 4 2 1 1 1835 2678 3378 3759
2938 4 2 1 1 3200 2293 2266 2879
2939 4 2 1 1 1992 2109 2811 3236
2940 4 2 1 1 2159 2003 3313 3345
2941 4 2 1 1 1872 2948 2318 3673
2942 4 2 1 1 3775 2985 2869 2142
2943 4 2 1 1 2364 3379 2068 3736
2944 4 2 1 1 2366 2451 495 3095
2945 4 2 1 1 2016 2371 2165 3127
2946 4 2 1 1 3665 3730 3311 2357
2947 4 2 1 1 435 2689 2772 273
2948 4 2 1 1 1698 2685 3314 3691
2949 4 2 1 1 1917 2651 2355 3233
2950 4 2 1 1 4016 16 3851 737
2951 4 2 1 1 737 4016 16 1003
2952 4 2 1 1 2068 3256 2317 2950
2953 4 2 1 1 2159 2786 2003 3345
2954 4 2 1 1 2108 2537 3075 3303
2955 4 2 1 1 3423 3282 2210 2367
2956 4 2 1 1 1795 1790 2555 2669
2957 4 2 1 1 1971 2343 2978 3384
2958 4 2 1 1 737 4016 2455 3851
2959 4 2 1 1 2089 2963 2875 3612
2960 4 2 1 1 1897 2597 2245 2811
2961 4 2 1 1 563 3093 2664 3658
2962 4 2 1 1 2077 2472 3205 3368
2963 4 2 1 1 901 4016 2455 737
2964 4 2 1 1 359 358 455 2937
2965 4 2 1 1 1821 147 146 3960
2966 4 2 1 1 2335 3860 3501 2420
2967 4 2 1 1 2302 2728 2015 2909
2968 4 2 1 1 1983 3154 2239 3188
2969 4 2 1 1 1428 2333 1427 3157
2970 4 2 1 1 3775 2985 2142 3694
2971 4 2 1 1 3960 3925 146 1821
2972 4 2 1 1 1537 1408 1523 2379
2973 4 2 1 1 391 372 288 2822
2974 4 2 1 1 2192 1928 2657 2991
2975 4 2 1 1 1931 2403 2370 3855
2976 4 2 1 1 1898 2661 3276 3514
2977 4 2 1 1 3812 3820 2448 2980
2978 4 2 1 1 255 2393 265 2890
2979 4 2 1 1 2915 3063 2383 3295
2980 4 2 1 1 1873 3398 2707 3578
2981 4 2 1 1 589 2339 590 591
2982 4 2 1 1 2010 2347 2577 2869
2983 4 2 1 1 1997 2530 2473 3588
2984 4 2 1 1 1092 2377 2855 3868
2985 4 2 1 1 1836 2573 2149 3045
2986 4 2 1 1 2675 2796 2360 2903
2987 4 2 1 1 1898 3302 2974 2808
2988 4 2 1 1 3756 1835 3132 2199
2989 4 2 1 1 1046 2344 2602 2920
2990 4 2 1 1 2355 3201 2575 3227
2991 4 2 1 1 851 2436 849 2505
2992 4 2 1 1 2707 3398 2307 3578
2993 4 2 1 1 546 558 2174 735
2994 4 2 1 1 3255 2613 2337 2966
2995 4 2 1 1 2957 2573 1891 3797
2996 4 2 1 1 1987 2268 2593 3001
2997 4 2 1 1 2293 3025 1933 3282
2998 4 2 1 1 2084 2672 2521 3268
2999 4 2 1 1 2128 2723 1899 3600
3000 4 2 1 1 1999 3599 3132 3627
3001 4 2 1 1 3960 3925 1821 2984
3002 4 2 1 1 1906 2177 2655 3829
3003 4 2 1 1 1197 3972 3909 2988
3004 4 2 1 1 3050 3058 2166 1920
3005 4 2 1 1 1399 3859 3467 1382
3006 4 2 1 1 1844 2240 2587 1930
3007 4 2 1 1 2826 133 132 1435
3008 4 2 1 1 2170 2353 2960 3446
3009 4 2 1 1 2141 3042 2533 3154
3010 4 2 1 1 1837 2471 2318 3316
3011 4 2 1 1 3604 3553 2396 2153
3012 4 2 1 1 1846 3362 2360 3629
3013 4 2 1 1 2504 1911 2799 3326
3014 4 2 1 1 987 853 867 2216
3015 4 2 1 1 2262 3029 2420 3167
3016 4 2 1 1 2384 3095 2072 3494
3017 4 2 1 1 770 2561 3260 928
3018 4 2 1 1 2826 4037 132 751
3019 4 2 1 1 1987 2548 2195 2755
3020 4 2 1 1 1861 2195 2548 2755
3021 4 2 1 1 150 1559 4015 3333
3022 4 2 1 1 2351 2691 2069 2981
3023 4 2 1 1 1198 2888 2143 3888
3024 4 2 1 1 3656 2285 2412 1922
3025 4 2 1 1 3790 2664 2166 1930
3026 4 2 1 1 2952 3692 2964 2012
3027 4 2 1 1 849 2505 2436 2161
3028 4 2 1 1 1960 3076 2554 3791
3029 4 2 1 1 1991 2758 2527 3535
3030 4 2 1 1 1259 2625 1168 3529
3031 4 2 1 1 2460 2575 1917 3201
3032 4 2 1 1 150 151 4015 1559
3033 4 2 1 1 2401 3677 2705 2050
3034 4 2 1 1 2523 3246 2517 3471
3035 4 2 1 1 1935 3015 2256 3626
3036 4 2 1 1 388 263 406 2668
3037 4 2 1 1 1919 2591 3124 3186
3038 4 2 1 1 2504 2389 2799 1951
3039 4 2 1 1 1121 2978 2376 3402
3040 4 2 1 1 2000 2640 2368 3822
3041 4 2 1 1 317 3597 2319 318
3042 4 2 1 1 1666 2230 1667 3112
3043 4 2 1 1 2684 3158 1889 3280
3044 4 2 1 1 1991 2111 2758 2974
3045 4 2 1 1 1919 2548 2570 3124
3046 4 2 1 1 1201 1202 2531 1277
3047 4 2 1 1 3446 2960 3146 2536
3048 4 2 1 1 2633 3239 2136 3486
3049 4 2 1 1 214 2756 2876 3238
3050 4 2 1 1 3090 3758 2165 2630
3051 4 2 1 1 1532 2400 2987 2388
3052 4 2 1 1 2679 3070 2200 3866
3053 4 2 1 1 1103 1238 3196 3448
3054 4 2 1 1 2120 3259 2584 3593
3055 4 2 1 1 3610 2664 2215 3658
3056 4 2 1 1 1984 3100 2961 3854
3057 4 2 1 1 3120 2963 3006 2174
3058 4 2 1 1 2513 2750 2123 3752
3059 4 2 1 1 1930 3715 3614 2664
3060 4 2 1 1 2471 2580 2318 3507
3061 4 2 1 1 2392 1910 3332 2410
3062 4 2 1 1 2952 3024 2121 3618
3063 4 2 1 1 3956 4015 151 1559
3064 4 2 1 1 3423 3282 2367 1878
3065 4 2 1 1 1642 2710 1766 2441
3066 4 2 1 1 2459 2098 3106 3843
3067 4 2 1 1 2160 2738 2582 3116
3068 4 2 1 1 1886 2382 2787 3501
3069 4 2 1 1 3094 2263 1983 2624
3070 4 2 1 1 746 2216 2984 3603
3071 4 2 1 1 3075 3303 2236 3605
3072 4 2 1 1 2821 2854 1501 3903
3073 4 2 1 1 366 421 208 2538
3074 4 2 1 1 2280 3470 3109 2746
3075 4 2 1 1 2447 3308 1885 3404
3076 4 2 1 1 1881 3087 3154 3188
3077 4 2 1 1 2227 577 2793 556
3078 4 2 1 1 2414 833 3110 3460
3079 4 2 1 1 2039 2882 2876 3238
3080 4 2 1 1 1883 2279 3149 2941
3081 4 2 1 1 2335 1886 3501 2213
3082 4 2 1 1 2026 2857 2279 3202
3083 4 2 1 1 3956 4015 1559 2693
3084 4 2 1 1 1917 2355 2662 3233
3085 4 2 1 1 2068 2845 2695 3107
3086 4 2 1 1 1757 1634 1647 2653
3087 4 2 1 1 3776 3665 3311 3014
3088 4 2 1 1 3898 2884 3051 1994
3089 4 2 1 1 2487 2711 355 3607
3090 4 2 1 1 1977 2931 2300 2979
3091 4 2 1 1 1872 3375 2258 3547
3092 4 2 1 1 553 2842 2439 2872
3093 4 2 1 1 1877 3094 2263 3524
3094 4 2 1 1 1110 1215 2801 3396
3095 4 2 1 1 2090 2714 2342 3481
3096 4 2 1 1 2091 2662 2359 3657
3097 4 2 1 1 2195 1919 2208 2548
3098 4 2 1 1 2049 3343 3342 3554
3099 4 2 1 1 2256 2536 2960 3719
3100 4 2 1 1 2203 2913 2382 3457
3101 4 2 1 1 2239 3154 1983 3837
3102 4 2 1 1 2550 2569 2171 3444
3103 4 2 1 1 3069 3149 2878 1875
3104 4 2 1 1 395 2822 288 246
3105 4 2 1 1 3186 3721 2395 1919
3106 4 2 1 1 2476 3496 2093 3763
3107 4 2 1 1 1396 2854 2748 3903
3108 4 2 1 1 1559 2693 4015 3333
3109 4 2 1 1 3310 2740 2836 1939
3110 4 2 1 1 877 2414 3460 833
3111 4 2 1 1 1909 2404 2702 3038
3112 4 2 1 1 1905 2631 2475 3035
3113 4 2 1 1 2642 3795 3540 1845
3114 4 2 1 1 247 241 242 3226
3115 4 2 1 1 544 2648 565 2277
3116 4 2 1 1 2228 2403 1921 2980
3117 4 2 1 1 3891 3156 2540 2323
3118 4 2 1 1 2401 2520 2064 2954
3119 4 2 1 1 2511 3052 2211 3573
3120 4 2 1 1 2790 2946 2161 3498
3121 4 2 1 1 958 892 960 3138
3122 4 2 1 1 1965 3102 2516 3372
3123 4 2 1 1 3090 3758 2630 1907
3124 4 2 1 1 1595 2851 2267 3243
3125 4 2 1 1 1944 2655 2414 2916
3126 4 2 1 1 2357 2686 1888 3027
3127 4 2 1 1 2092 2686 2357 3027
3128 4 2 1 1 2339 2910 590 2384
3129 4 2 1 1 3452 22 759 3952
3130 4 2 1 1 1898 2974 2643 2808
3131 4 2 1 1 2027 2317 3506 2581
3132 4 2 1 1 1896 2351 2312 2981
3133 4 2 1 1 320 2489 432 3377
3134 4 2 1 1 2771 2832 2311 2892
3135 4 2 1 1 3259 2889 2120 3757
3136 4 2 1 1 306 2342 307 3245
3137 4 2 1 1 1881 3087 2417 3154
3138 4 2 1 1 2993 3117 1994 3402
3139 4 2 1 1 2016 2165 2533 3127
3140 4 2 1 1 395 2822 246 2270
3141 4 2 1 1 2563 2131 3360 2809
3142 4 2 1 1 3327 2325 3429 3021
3143 4 2 1 1 1900 3049 2204 1998
3144 4 2 1 1 2225 2879 2638 3644
3145 4 2 1 1 2110 2223 2761 3399
3146 4 2 1 1 2065 2664 3614 3715
3147 4 2 1 1 2127 2778 1963 3846
3148 4 2 1 1 1863 2341 2220 2806
3149 4 2 1 1 2686 3665 2357 1888
3150 4 2 1 1 222 3091 249 3491
3151 4 2 1 1 1978 2262 2720 2787
3152 4 2 1 1 2004 2599 2244 2134
3153 4 2 1 1 2110 2761 2754 3399
3154 4 2 1 1 1714 2907 2759 3724
3155 4 2 1 1 1368 2308 2836 3297
3156 4 2 1 1 1890 2192 2512 3204
3157 4 2 1 1 22 21 3452 887
3158 4 2 1 1 1989 3312 2517 3471
3159 4 2 1 1 3165 3174 2208 1940
3160 4 2 1 1 1898 2244 2600 2870
3161 4 2 1 1 2002 3079 2158 3499
3162 4 2 1 1 1898 2600 2244 2974
3163 4 2 1 1 2642 2811 2109 3236
3164 4 2 1 1 2145 2240 2444 3322
3165 4 2 1 1 2743 2346 3714 3716
3166 4 2 1 1 1894 2228 2403 3354
3167 4 2 1 1 2800 3734 1660 2708
3168 4 2 1 1 877 2414 833 3778
3169 4 2 1 1 2133 3261 2448 3437
3170 4 2 1 1 2314 2136 3486 3769
3171 4 2 1 1 2383 2915 1969 3063
3172 4 2 1 1 2002 2900 2587 1930
3173 4 2 1 1 1852 2002 2449 3871
3174 4 2 1 1 2174 2304 3552 3026
3175 4 2 1 1 1778 2431 2708 3039
3176 4 2 1 1 1061 2137 2716 3874
3177 4 2 1 1 318 2319 3080 3597
3178 4 2 1 1 2089 2574 2817 1863
3179 4 2 1 1 3261 3096 3681 3439
3180 4 2 1 1 682 2793 3426 3494
3181 4 2 1 1 1197 2484 1262 2988
3182 4 2 1 1 2250 2996 2791 3393
3183 4 2 1 1 2208 3174 3165 2466
3184 4 2 1 1 903 2792 2410 3249
3185 4 2 1 1 2444 2626 500 2725
3186 4 2 1 1 274 3481 2603 300
3187 4 2 1 1 1335 1482 1369 2432
3188 4 2 1 1 1150 1154 2993 3117
3189 4 2 1 1 1022 2993 3971 185
3190 4 2 1 1 2664 3093 3614 2215
3191 4 2 1 1 3298 1875 3069 2290
3192 4 2 1 1 1980 2240 2626 3182
3193 4 2 1 1 2404 1909 2702 3388
3194 4 2 1 1 2413 2844 2274 3013
3195 4 2 1 1 1913 3106 2594 3307
3196 4 2 1 1 1917 2460 2179 2575
3197 4 2 1 1 2109 3236 2807 3749
3198 4 2 1 1 274 3481 300 285
3199 4 2 1 1 2256 3073 2634 3407
3200 4 2 1 1 2769 2777 1976 2911
3201 4 2 1 1 2833 1916 2470 3128
3202 4 2 1 1 2298 2952 2666 3692
3203 4 2 1 1 2252 3145 2373 2146
3204 4 2 1 1 2156 2590 1918 2595
3205 4 2 1 1 3933 742 4014 18
3206 4 2 1 1 2908 2015 2496 2334
3207 4 2 1 1 3933 742 2272 4014
3208 4 2 1 1 458 2546 3157 2355
3209 4 2 1 1 1899 2598 2243 2717
3210 4 2 1 1 2604 3100 1984 3397
3211 4 2 1 1 3298 3069 1875 1981
3212 4 2 1 1 2131 3005 2563 3360
3213 4 2 1 1 262 2575 2460 3227
3214 4 2 1 1 1984 2615 2997 3033
3215 4 2 1 1 695 2519 698 2847
3216 4 2 1 1 1941 3067 2591 2548
3217 4 2 1 1 2000 2572 2368 2640
3218 4 2 1 1 2398 2210 1933 3017
3219 4 2 1 1 2103 3867 2359 3685
3220 4 2 1 1 3706 2008 2312 2430
3221 4 2 1 1 2190 2894 2515 3044
3222 4 2 1 1 3633 2799 2300 3180
3223 4 2 1 1 2359 3867 2103 3038
3224 4 2 1 1 1416 2875 2116 3473
3225 4 2 1 1 1592 1591 1590 2228
3226 4 2 1 1 3845 3779 2406 2162
3227 4 2 1 1 2513 2616 303 3752
3228 4 2 1 1 2237 2928 2400 3859
3229 4 2 1 1 2654 2751 2061 2212
3230 4 2 1 1 1896 2691 2351 2981
3231 4 2 1 1 336 2209 2563 2737
3232 4 2 1 1 2206 2902 2544 3016
3233 4 2 1 1 437 349 3214 3592
3234 4 2 1 1 2167 2921 2752 3577
3235 4 2 1 1 1911 3326 2504 3804
3236 4 2 1 1 308 2714 2388 2937
3237 4 2 1 1 2049 2706 2463 3343
3238 4 2 1 1 2286 2760 3499 3293
3239 4 2 1 1 2021 3220 2905 3347
3240 4 2 1 1 2498 3354 3096 3475
3241 4 2 1 1 1427 1428 1520 2333
3242 4 2 1 1 880 1000 4014 742
3243 4 2 1 1 1864 2743 2346 2142
3244 4 2 1 1 2276 847 932 2922
3245 4 2 1 1 3873 4014 2272 1001
3246 4 2 1 1 1544 1419 2676 2875
3247 4 2 1 1 1107 2673 2226 3862
3248 4 2 1 1 1871 2525 3075 3664
3249 4 2 1 1 2540 3040 2323 3156
3250 4 2 1 1 2985 2869 2010 2577
3251 4 2 1 1 2506 2923 2023 3188
3252 4 2 1 1 396 2270 256 3800
3253 4 2 1 1 1858 2236 2814 3648
3254 4 2 1 1 1899 2243 2598 2999
3255 4 2 1 1 969 2684 964 3834
3256 4 2 1 1 2056 2122 2962 3542
3257 4 2 1 1 2720 2995 2822 3645
3258 4 2 1 1 3751 3154 2327 3188
3259 4 2 1 1 2461 1883 3681 3818
3260 4 2 1 1 1835 3132 2199 3759
3261 4 2 1 1 2326 2690 2899 3367
3262 4 2 1 1 2475 2122 3035 3780
3263 4 2 1 1 2142 2743 2346 3714
3264 4 2 1 1 3210 3242 2334 2273
3265 4 2 1 1 742 18 19 4014
3266 4 2 1 1 1847 2751 2633 3140
3267 4 2 1 1 877 2414 3778 2482
3268 4 2 1 1 1778 2431 3039 1731
3269 4 2 1 1 19 1000 742 4014
3270 4 2 1 1 2622 1620 2899 3367
3271 4 2 1 1 2065 3614 2779 3715
3272 4 2 1 1 2094 2455 2392 3332
3273 4 2 1 1 1834 2530 2473 3484
3274 4 2 1 1 853 867 2216 2914
3275 4 2 1 1 704 625 3917 2300
3276 4 2 1 1 1864 2572 2743 3229
3277 4 2 1 1 1620 2899 1616 1610
3278 4 2 1 1 1897 2245 2597 1942
3279 4 2 1 1 2340 3165 2064 3568
3280 4 2 1 1 2957 3326 2504 1950
3281 4 2 1 1 1846 2246 2599 3362
3282 4 2 1 1 1896 2360 2796 2903
3283 4 2 1 1 2475 3035 2631 3780
3284 4 2 1 1 1886 2517 3246 3471
3285 4 2 1 1 2563 2645 2131 2809
3286 4 2 1 1 2056 2122 3542 2637
3287 4 2 1 1 2752 3318 2162 3845
3288 4 2 1 1 4014 1001 880 742
3289 4 2 1 1 655 2452 3807 528
3290 4 2 1 1 2622 1620 1610 2899
3291 4 2 1 1 2164 2234 3164 3398
3292 4 2 1 1 2571 3331 2800 2102
3293 4 2 1 1 4013 1539 2768 1303
3294 4 2 1 1 2286 3068 2160 3309
3295 4 2 1 1 3437 3096 3261 1894
3296 4 2 1 1 4013 130 129 1303
3297 4 2 1 1 1904 2976 2346 3714
3298 4 2 1 1 2133 3078 2448 3079
3299 4 2 1 1 2408 3119 2183 3152
3300 4 2 1 1 1889 2411 2247 3861
3301 4 2 1 1 2052 2940 2663 3744
3302 4 2 1 1 2745 3223 2196 3631
3303 4 2 1 1 1937 2188 2586 2770
3304 4 2 1 1 4013 1539 1303 129
3305 4 2 1 1 4013 3176 130 1303
3306 4 2 1 1 1982 2628 2252 3156
3307 4 2 1 1 3369 3856 2826 1287
3308 4 2 1 1 619 618 2652 3216
3309 4 2 1 1 1545 1519 1389 2463
3310 4 2 1 1 1303 2768 4013 3176
3311 4 2 1 1 2686 3277 2182 3665
3312 4 2 1 1 3548 2475 1758 2962
3313 4 2 1 1 3523 2229 3720 1895
3314 4 2 1 1 1913 2612 2938 3561
3315 4 2 1 1 3959 315 191 2513
3316 4 2 1 1 2309 3511 2713 3631
3317 4 2 1 1 2878 3069 2461 3149
3318 4 2 1 1 2663 3065 1875 2119
3319 4 2 1 1 1721 1600 3069 3243
3320 4 2 1 1 2783 2778 2127 3903
3321 4 2 1 1 1227 2380 1070 2636
3322 4 2 1 1 1159 4012 3948 51
3323 4 2 1 1 3886 2084 1992 2698
3324 4 2 1 1 1233 2969 2187 3527
3325 4 2 1 1 3666 3558 2212 3004
3326 4 2 1 1 1698 1805 2685 3691
3327 4 2 1 1 1904 2219 2644 3722
3328 4 2 1 1 2192 3036 1928 3204
3329 4 2 1 1 1130 2312 1089 3228
3330 4 2 1 1 3172 690 2685 2648
3331 4 2 1 1 1636 2326 3367 2635
3332 4 2 1 1 1958 2569 2460 2671
3333 4 2 1 1 2056 2475 2637 3733
3334 4 2 1 1 2524 3538 2022 3585
3335 4 2 1 1 2971 3456 3421 2590
3336 4 2 1 1 678 3161 525 3426
3337 4 2 1 1 388 255 263 2668
3338 4 2 1 1 2771 2832 1630 2311
3339 4 2 1 1 1886 2787 2420 3501
3340 4 2 1 1 1021 51 50 4012
3341 4 2 1 1 3482 3658 3077 2215
3342 4 2 1 1 2781 820 2413 808
3343 4 2 1 1 1272 4012 50 3942
3344 4 2 1 1 2471 2580 1837 2318
3345 4 2 1 1 2077 2472 3290 3621
3346 4 2 1 1 1833 2302 2557 2310
3347 4 2 1 1 1896 2796 2360 3706
3348 4 2 1 1 2392 1910 2556 3264
3349 4 2 1 1 1159 4012 51 1021
3350 4 2 1 1 1965 3098 2281 3372
3351 4 2 1 1 2078 2732 2354 2795
3352 4 2 1 1 2826 3856 3369 2497
3353 4 2 1 1 2195 1940 2208 3174
3354 4 2 1 1 2453 2477 2046 1838
3355 4 2 1 1 1840 2286 3044 3079
3356 4 2 1 1 2389 2799 1951 3180
3357 4 2 1 1 2566 2320 1906 3417
3358 4 2 1 1 1021 4012 2711 3356
3359 4 2 1 1 2159 3313 2003 3323
3360 4 2 1 1 3548 2475 2962 2056
3361 4 2 1 1 2085 2529 2950 3256
3362 4 2 1 1 2046 2762 2709 2820
3363 4 2 1 1 2421 3165 2208 3759
3364 4 2 1 1 2234 1934 2733 3645
3365 4 2 1 1 948 2289 2624 3150
3366 4 2 1 1 1043 2953 2344 2716
3367 4 2 1 1 2961 3100 2426 3854
3368 4 2 1 1 2239 2120 3037 3567
3369 4 2 1 1 1266 4021 3950 3483
3370 4 2 1 1 1724 3707 1723 2309
3371 4 2 1 1 3367 3596 2326 2690
3372 4 2 1 1 2811 3557 2642 2109
3373 4 2 1 1 3828 2906 2182 3014
3374 4 2 1 1 1332 1339 1330 2191
3375 4 2 1 1 1272 4012 3942 3080
3376 4 2 1 1 1021 2711 4012 3080
3377 4 2 1 1 1889 3479 2411 3861
3378 4 2 1 1 1916 2833 2352 3128
3379 4 2 1 1 1854 2350 2571 2018
3380 4 2 1 1 1561 4011 3929 2775
3381 4 2 1 1 2319 2358 1975 3620
3382 4 2 1 1 1642 2710 2441 2919
3383 4 2 1 1 1981 2461 3069 3149
3384 4 2 1 1 1561 4011 2775 1747
3385 4 2 1 1 2116 2963 2875 3215
3386 4 2 1 1 847 2276 2442 2922
3387 4 2 1 1 2172 2543 2328 3102
3388 4 2 1 1 1351 3217 1353 3546
3389 4 2 1 1 2578 2921 2167 3577
3390 4 2 1 1 495 2451 2366 3521
3391 4 2 1 1 2169 2627 2468 3635
3392 4 2 1 1 2305 3167 2822 3355
3393 4 2 1 1 3161 3220 2439 3258
3394 4 2 1 1 1202 2531 1145 3862
3395 4 2 1 1 1726 2794 1611 2899
3396 4 2 1 1 2933 3120 2107 3502
3397 4 2 1 1 2525 1992 2864 3381
3398 4 2 1 1 2498 2144 3439 2887
3399 4 2 1 1 31 30 4011 1747
3400 4 2 1 1 558 2174 2614 3552
3401 4 2 1 1 1061 2953 2137 3396
3402 4 2 1 1 1747 30 4011 3271
3403 4 2 1 1 2179 2460 1917 2671
3404 4 2 1 1 2349 2623 2173 3144
3405 4 2 1 1 2455 3214 2769 3592
3406 4 2 1 1 2813 1955 3351 3680
3407 4 2 1 1 2084 2521 2948 3268
3408 4 2 1 1 2314 3028 2136 3555
3409 4 2 1 1 1921 2514 2190 2926
3410 4 2 1 1 1339 2191 2641 3465
3411 4 2 1 1 4011 2775 1747 3271
3412 4 2 1 1 1871 2860 2125 2965
3413 4 2 1 1 3703 2189 2782 2232
3414 4 2 1 1 1916 2352 2418 3128
3415 4 2 1 1 2193 3151 968 3194
3416 4 2 1 1 2533 3154 1881 3434
3417 4 2 1 1 2706 3341 598 3674
3418 4 2 1 1 1959 2638 2225 2879
3419 4 2 1 1 4009 2531 328 2802
3420 4 2 1 1 1991 2758 2700 2973
3421 4 2 1 1 1108 2330 1246 2702
3422 4 2 1 1 1874 2972 2325 3089
3423 4 2 1 1 91 90 1698 3926
3424 4 2 1 1 3261 3681 3096 2218
3425 4 2 1 1 1046 1045 2344 2920
3426 4 2 1 1 2278 3182 1980 3253
3427 4 2 1 1 1394 1511 2856 3250
3428 4 2 1 1 2498 3475 3096 2144
3429 4 2 1 1 2121 3380 3251 3654
3430 4 2 1 1 2446 2713 3117 3483
3431 4 2 1 1 1648 2326 2635 2829
3432 4 2 1 1 1940 2195 2588 3174
3433 4 2 1 1 2416 3579 2907 3724
3434 4 2 1 1 1070 1058 1067 3102
3435 4 2 1 1 1846 2599 2643 3362
3436 4 2 1 1 3080 1143 2711 3485
3437 4 2 1 1 2700 2758 2048 2973
3438 4 2 1 1 2040 1996 2680 2313
3439 4 2 1 1 1936 2445 2211 3424
3440 4 2 1 1 1900 1998 2204 3413
3441 4 2 1 1 1188 2629 1136 3536
3442 4 2 1 1 1698 3926 90 3314
3443 4 2 1 1 1164 2629 2481 3616
3444 4 2 1 1 1885 2975 2340 3308
3445 4 2 1 1 103 102 643 3924
3446 4 2 1 1 2354 2732 2078 2957
3447 4 2 1 1 3265 1973 3245 2342
3448 4 2 1 1 2333 2651 1943 2944
3449 4 2 1 1 3926 1698 2685 3314
3450 4 2 1 1 3895 2844 1918 3882
3451 4 2 1 1 2321 2482 1376 3361
3452 4 2 1 1 1925 2185 2539 2635
3453 4 2 1 1 2042 2588 2463 3341
3454 4 2 1 1 36 3920 37 1574
3455 4 2 1 1 2141 1889 3383 3280
3456 4 2 1 1 2657 2192 2253 3808
3457 4 2 1 1 3675 3237 2710 2259
3458 4 2 1 1 2539 2635 2033 3596
3459 4 2 1 1 2147 3040 2540 3156
3460 4 2 1 1 2330 2495 2041 3770
3461 4 2 1 1 2460 2569 1917 2671
3462 4 2 1 1 1958 3226 3123 2671
3463 4 2 1 1 2366 2968 2072 3494
3464 4 2 1 1 2785 2932 1500 3414
3465 4 2 1 1 1543 2656 2956 1282
3466 4 2 1 1 2637 2902 2472 3368
3467 4 2 1 1 1217 1246 1108 2330
3468 4 2 1 1 1273 3080 2319 3485
3469 4 2 1 1 3920 3946 37 1574
3470 4 2 1 1 3037 2923 3584 2239
3471 4 2 1 1 3071 3498 2161 3799
3472 4 2 1 1 311 3377 2680 3454
3473 4 2 1 1 2111 2974 2643 3549
3474 4 2 1 1 3920 3946 1574 2555
3475 4 2 1 1 2354 2732 1967 2795
3476 4 2 1 1 1924 2933 2130 3043
3477 4 2 1 1 1989 2203 2998 3312
3478 4 2 1 1 1998 3513 3045 2233
3479 4 2 1 1 1723 3707 1724 1646
3480 4 2 1 1 2043 3231 2662 3233
3481 4 2 1 1 2247 2141 1889 3383
3482 4 2 1 1 2138 3119 2408 3152
3483 4 2 1 1 2044 3198 3204 3605
3484 4 2 1 1 1993 2296 3142 3572
3485 4 2 1 1 392 2332 3238 2882
3486 4 2 1 1 2147 3308 2447 3404
3487 4 2 1 1 2305 3123 2271 3329
3488 4 2 1 1 2243 3335 2900 3634
3489 4 2 1 1 2444 3322 1893 3683
3490 4 2 1 1 2142 2919 2441 2976
3491 4 2 1 1 2515 3044 2583 3812
3492 4 2 1 1 2657 2253 2192 3491
3493 4 2 1 1 222 220 249 3091
3494 4 2 1 1 3936 70 4010 757
3495 4 2 1 1 2265 1905 2475 2625
3496 4 2 1 1 1895 2412 2285 3292
3497 4 2 1 1 2717 2841 2035 2900
3498 4 2 1 1 4014 1001 742 2272
3499 4 2 1 1 3675 3237 2259 1764
3500 4 2 1 1 1050 2716 1231 1190
3501 4 2 1 1 2526 3474 2086 2849
3502 4 2 1 1 4010 3936 757 2699
3503 4 2 1 1 2565 2198 3324 3514
3504 4 2 1 1 346 2457 2735 3822
3505 4 2 1 1 2357 2785 1500 3414
3506 4 2 1 1 1050 2716 1190 2920
3507 4 2 1 1 2746 2671 3470 2271
3508 4 2 1 1 2280 3470 2746 1879
3509 4 2 1 1 2384 2604 3397 3100
3510 4 2 1 1 2504 3326 2149 3804
3511 4 2 1 1 2131 2791 2996 3393
3512 4 2 1 1 2398 1933 2210 2660
3513 4 2 1 1 938 4010 70 757
3514 4 2 1 1 509 658 3426 2145
3515 4 2 1 1 351 3822 2272 3214
3516 4 2 1 1 340 2735 338 2803
3517 4 2 1 1 1961 2832 2771 2892
3518 4 2 1 1 2531 3953 1248 4009
3519 4 2 1 1 354 2487 355 3607
3520 4 2 1 1 2019 2569 2550 3444
3521 4 2 1 1 2007 2810 3730 3843
3522 4 2 1 1 2900 3684 2841 2035
3523 4 2 1 1 3311 3014 3665 2357
3524 4 2 1 1 1974 2954 2520 3136
3525 4 2 1 1 2355 1917 2575 3201
3526 4 2 1 1 481 2699 734 3430
3527 4 2 1 1 3177 2387 1962 3110
3528 4 2 1 1 2164 2234 2627 3164
3529 4 2 1 1 1914 3625 3158 3784
3530 4 2 1 1 2407 1974 3136 3373
3531 4 2 1 1 2501 2519 1668 3628
3532 4 2 1 1 2218 2370 3096 3437
3533 4 2 1 1 2054 2684 3151 3504
3534 4 2 1 1 1506 1490 1342 2748
3535 4 2 1 1 1929 1999 2395 2959
3536 4 2 1 1 2365 2703 671 3550
3537 4 2 1 1 891 4010 2722 938
3538 4 2 1 1 1910 2393 3264 3332
3539 4 2 1 1 1930 2779 2425 2002
3540 4 2 1 1 280 279 2450 2825
3541 4 2 1 1 476 2706 3922 3341
3542 4 2 1 1 891 4010 938 757
3543 4 2 1 1 1679 3498 3112 3737
3544 4 2 1 1 2029 2585 3385 3559
3545 4 2 1 1 2449 3041 2322 3896
3546 4 2 1 1 1929 2395 1999 2763
3547 4 2 1 1 1993 2858 3375 3600
3548 4 2 1 1 391 2305 2822 3583
3549 4 2 1 1 2505 3071 878 3433
3550 4 2 1 1 1933 2762 2293 3282
3551 4 2 1 1 3850 1050 2430 3288
3552 4 2 1 1 1916 2352 2833 3750
3553 4 2 1 1 1884 2328 2543 3192
3554 4 2 1 1 1899 2900 2243 3335
3555 4 2 1 1 1678 2946 3498 3799
3556 4 2 1 1 1914 3158 2224 3842
3557 4 2 1 1 2133 3437 3078 3540
3558 4 2 1 1 1441 1473 1526 3373
3559 4 2 1 1 2571 2852 2009 2350
3560 4 2 1 1 1862 2308 3307 2891
3561 4 2 1 1 3983 3536 603 3632
3562 4 2 1 1 391 2822 288 3583
3563 4 2 1 1 3073 2741 1925 2634
3564 4 2 1 1 784 2193 928 3260
3565 4 2 1 1 2392 2455 2094 3592
3566 4 2 1 1 2531 1248 3953 1027
3567 4 2 1 1 3790 2587 2760 1893
3568 4 2 1 1 2358 2885 1975 3620
3569 4 2 1 1 2001 2817 2614 3134
3570 4 2 1 1 3954 3416 1516 1297
3571 4 2 1 1 2375 3036 1997 3484
3572 4 2 1 1 2061 2633 2562 3043
3573 4 2 1 1 2111 2808 2467 2036
3574 4 2 1 1 1991 2758 2973 2974
3575 4 2 1 1 520 3615 2261 3651
3576 4 2 1 1 1309 2195 3062 3701
3577 4 2 1 1 3254 3461 2178 3259
3578 4 2 1 1 2563 3005 270 3591
3579 4 2 1 1 2162 2406 3466 3779
3580 4 2 1 1 1036 2997 2961 3854
3581 4 2 1 1 3850 2430 1050 2920
3582 4 2 1 1 2051 2457 2769 2777
3583 4 2 1 1 2270 2733 1934 3645
3584 4 2 1 1 3581 3845 2798 2462
3585 4 2 1 1 2339 2384 590 3397
3586 4 2 1 1 1339 2641 2191 2896
3587 4 2 1 1 2450 3038 1909 3598
3588 4 2 1 1 1647 2653 2303 3211
3589 4 2 1 1 4026 474 3159 3921
3590 4 2 1 1 2091 280 2825 3609
3591 4 2 1 1 2664 3614 3093 2065
3592 4 2 1 1 326 2680 3122 3265
3593 4 2 1 1 1860 2202 2544 3512
3594 4 2 1 1 1704 2324 1770 2771
3595 4 2 1 1 3837 2141 2611 2247
3596 4 2 1 1 3158 3479 2684 1889
3597 4 2 1 1 1248 40 39 4009
3598 4 2 1 1 1595 1597 2851 3243
3599 4 2 1 1 4009 1268 39 1248
3600 4 2 1 1 2904 2101 2542 3708
3601 4 2 1 1 2077 3368 3205 3733
3602 4 2 1 1 3953 4009 40 1248
3603 4 2 1 1 1623 2301 3466 2907
3604 4 2 1 1 2144 2461 3681 3818
3605 4 2 1 1 4009 4029 448 39
3606 4 2 1 1 1888 3730 2810 3843
3607 4 2 1 1 3316 1872 3103 3268
3608 4 2 1 1 2005 3737 3498 3071
3609 4 2 1 1 1800 3628 1819 2519
3610 4 2 1 1 1999 2527 3132 3599
3611 4 2 1 1 1043 1190 1061 2716
3612 4 2 1 1 1248 2531 4009 2802
3613 4 2 1 1 1894 2228 2498 3064
3614 4 2 1 1 1903 2365 2963 2989
3615 4 2 1 1 2236 3075 2537 3303
3616 4 2 1 1 3581 3845 3779 2798
3617 4 2 1 1 934 2356 956 3083
3618 4 2 1 1 2239 3087 2023 3188
3619 4 2 1 1 2615 2745 1984 3397
3620 4 2 1 1 3519 1801 2347 1689
3621 4 2 1 1 2128 2841 3600 1899
3622 4 2 1 1 1846 2643 2244 3549
3623 4 2 1 1 1931 2370 2403 3354
3624 4 2 1 1 2094 2608 2668 3349
3625 4 2 1 1 1926 3059 2578 3225
3626 4 2 1 1 1623 2877 2301 2907
3627 4 2 1 1 1470 3122 2680 2435
3628 4 2 1 1 2813 3186 1955 3680
3629 4 2 1 1 1800 1819 3628 1683
3630 4 2 1 1 1217 2330 1108 3346
3631 4 2 1 1 2768 10 9 976
3632 4 2 1 1 4003 911 2294 3700
3633 4 2 1 1 807 2409 2873 2916
3634 4 2 1 1 811 2630 2368 3406
3635 4 2 1 1 1983 3154 2611 3837
3636 4 2 1 1 1729 2249 2555 3630
3637 4 2 1 1 751 2276 4037 3176
3638 4 2 1 1 2508 3565 2089 3215
3639 4 2 1 1 996 2768 9 976
3640 4 2 1 1 2389 2652 2078 3216
3641 4 2 1 1 1668 1819 3628 2519
3642 4 2 1 1 2181 3244 2554 3358
3643 4 2 1 1 2330 2702 1108 3346
3644 4 2 1 1 1668 3628 1819 1683
3645 4 2 1 1 2768 10 755 3943
3646 4 2 1 1 2274 2413 3374 3895
3647 4 2 1 1 1305 3062 3342 2484
3648 4 2 1 1 2128 1899 2723 3041
3649 4 2 1 1 2079 2915 2383 3295
3650 4 2 1 1 1883 2859 2941 3041
3651 4 2 1 1 1845 3855 2724 2370
3652 4 2 1 1 2240 2444 1893 3790
3653 4 2 1 1 2036 1835 2199 2242
3654 4 2 1 1 2248 2904 2847 3060
3655 4 2 1 1 3548 3647 3630 2488
3656 4 2 1 1 1918 2590 2156 3840
3657 4 2 1 1 1934 2275 2168 3206
3658 4 2 1 1 4026 1738 1573 1737
3659 4 2 1 1 990 3778 3061 3008
3660 4 2 1 1 2387 2099 3110 3177
3661 4 2 1 1 3876 3197 2387 1963
3662 4 2 1 1 3508 3338 2701 1879
3663 4 2 1 1 2724 3855 1845 2361
3664 4 2 1 1 1347 2836 2207 3297
3665 4 2 1 1 3221 3301 2815 2517
3666 4 2 1 1 1386 1397 2778 3903
3667 4 2 1 1 2373 3538 3277 3654
3668 4 2 1 1 2382 2385 1978 3501
3669 4 2 1 1 2250 2791 1946 2803
3670 4 2 1 1 2643 2925 2036 3362
3671 4 2 1 1 401 2603 3123 3819
3672 4 2 1 1 1077 3025 2855 2293
3673 4 2 1 1 3905 1732 4008 2694
3674 4 2 1 1 391 372 2305 3819
3675 4 2 1 1 3917 704 2300 2931
3676 4 2 1 1 1865 2904 2248 3060
3677 4 2 1 1 2182 3251 2906 3380
3678 4 2 1 1 2145 3322 2444 3683
3679 4 2 1 1 3891 3156 2323 3824
3680 4 2 1 1 1673 2362 1773 2887
3681 4 2 1 1 1894 2980 2228 3064
3682 4 2 1 1 416 3193 2737 337
3683 4 2 1 1 2445 3339 2812 3846
3684 4 2 1 1 2266 2386 1878 3262
3685 4 2 1 1 1931 2947 2403 3855
3686 4 2 1 1 1543 2656 1282 1525
3687 4 2 1 1 1837 3312 2517 3425
3688 4 2 1 1 3666 3558 3004 858
3689 4 2 1 1 3638 1905 2265 3537
3690 4 2 1 1 2972 2278 3429 3253
3691 4 2 1 1 1785 2800 1705 3199
3692 4 2 1 1 2399 2153 2742 2396
3693 4 2 1 1 1885 2252 2447 3404
3694 4 2 1 1 1110 2426 2801 3219
3695 4 2 1 1 2278 3182 3253 3619
3696 4 2 1 1 3102 3833 1187 3191
3697 4 2 1 1 2445 3846 2812 3882
3698 4 2 1 1 421 2347 2538 2337
3699 4 2 1 1 3905 1732 95 4008
3700 4 2 1 1 2002 3499 2158 3871
3701 4 2 1 1 1887 2409 2356 3055
3702 4 2 1 1 1532 2944 1399 1524
3703 4 2 1 1 2224 3054 2547 3676
3704 4 2 1 1 2668 2608 2650 3349
3705 4 2 1 1 511 514 518 3077
3706 4 2 1 1 1849 2754 2459 2813
3707 4 2 1 1 3859 2896 2237 2928
3708 4 2 1 1 3498 3737 2005 3112
3709 4 2 1 1 2015 2728 3010 3210
3710 4 2 1 1 396 395 256 2270
3711 4 2 1 1 1679 3071 3498 3737
3712 4 2 1 1 2000 2613 2572 3229
3713 4 2 1 1 2321 2006 2574 3458
3714 4 2 1 1 2467 2527 2111 3637
3715 4 2 1 1 3897 1974 2520 3136
3716 4 2 1 1 3860 2335 381 3029
3717 4 2 1 1 2681 2194 3084 3427
3718 4 2 1 1 2633 3486 2136 3769
3719 4 2 1 1 1053 2895 2266 2939
3720 4 2 1 1 2211 2496 2334 3713
3721 4 2 1 1 2563 2737 2060 3591
3722 4 2 1 1 2165 2371 3090 3835
3723 4 2 1 1 2280 3470 1879 2044
3724 4 2 1 1 2141 1889 3280 2684
3725 4 2 1 1 2824 282 2616 2967
3726 4 2 1 1 2147 2447 2252 3404
3727 4 2 1 1 2128 2941 2859 3041
3728 4 2 1 1 2130 2933 2647 3699
3729 4 2 1 1 1043 1061 2953 2716
3730 4 2 1 1 3265 1973 2342 3235
3731 4 2 1 1 1379 2207 2596 3297
3732 4 2 1 1 959 3004 858 3666
3733 4 2 1 1 2791 2621 2803 2131
3734 4 2 1 1 1856 2954 2705 3097
3735 4 2 1 1 2442 2276 3455 2040
3736 4 2 1 1 2209 3531 2563 1923
3737 4 2 1 1 2791 2803 2621 1946
3738 4 2 1 1 2405 2466 1919 3781
3739 4 2 1 1 1379 1347 2207 3297
3740 4 2 1 1 3285 3621 3205 2077
3741 4 2 1 1 1902 2524 2477 3143
3742 4 2 1 1 2719 2935 3187 1950
3743 4 2 1 1 1850 2164 3334 2551
3744 4 2 1 1 1958 2603 2707 3329
3745 4 2 1 1 1551 1521 1459 2987
3746 4 2 1 1 2436 3625 1914 3784
3747 4 2 1 1 2529 2704 2045 3738
3748 4 2 1 1 1346 2297 2740 1340
3749 4 2 1 1 2195 1940 2588 3328
3750 4 2 1 1 321 2404 3047 411
3751 4 2 1 1 1345 2570 2405 2466
3752 4 2 1 1 2218 2322 3041 3896
3753 4 2 1 1 4015 2693 740 3333
3754 4 2 1 1 3090 3758 1907 2506
3755 4 2 1 1 1814 1729 2555 3630
3756 4 2 1 1 416 3193 337 415
3757 4 2 1 1 2305 2727 2271 3819
3758 4 2 1 1 1851 2211 3210 3242
3759 4 2 1 1 2121 3380 2848 3713
3760 4 2 1 1 1946 3478 2221 3520
3761 4 2 1 1 2102 1905 3638 3537
3762 4 2 1 1 4008 95 96 1732
3763 4 2 1 1 3569 2118 2943 2503
3764 4 2 1 1 3860 381 2335 240
3765 4 2 1 1 2077 2637 2472 3368
3766 4 2 1 1 2321 3458 2414 3778
3767 4 2 1 1 2007 3129 3106 3399
3768 4 2 1 1 2296 1900 3142 3572
3769 4 2 1 1 3025 1933 3346 2855
3770 4 2 1 1 1833 2526 2496 3164
3771 4 2 1 1 1279 2531 1248 2802
3772 4 2 1 1 3090 3758 2506 2165
3773 4 2 1 1 2207 3297 2308 3307
3774 4 2 1 1 2308 3297 2087 3307
3775 4 2 1 1 2933 3477 3699 2251
3776 4 2 1 1 2235 2018 2805 2924
3777 4 2 1 1 750 3433 2617 883
3778 4 2 1 1 1928 2385 2382 3501
3779 4 2 1 1 2013 2084 3712 2866
3780 4 2 1 1 599 2797 3134 3473
3781 4 2 1 1 355 2487 420 2711
3782 4 2 1 1 2529 1991 2862 3365
3783 4 2 1 1 1895 2229 2492 3046
3784 4 2 1 1 3486 2314 3769 1924
3785 4 2 1 1 1840 3079 2491 3634
3786 4 2 1 1 2694 2309 1813 2831
3787 4 2 1 1 1575 4008 3945 96
3788 4 2 1 1 2184 2774 2724 3298
3789 4 2 1 1 1882 2568 3182 3791
3790 4 2 1 1 847 2276 981 3455
3791 4 2 1 1 953 858 934 3083
3792 4 2 1 1 1946 2221 2791 3520
3793 4 2 1 1 1708 2907 1714 3724
3794 4 2 1 1 1846 2643 2360 3362
3795 4 2 1 1 2215 2155 2719 3482
3796 4 2 1 1 633 3958 470 731
3797 4 2 1 1 2107 3477 2933 3502
3798 4 2 1 1 2309 2694 1724 3389
3799 4 2 1 1 990 3061 3778 866
3800 4 2 1 1 2300 2799 2389 3180
3801 4 2 1 1 2514 2601 1949 2926
3802 4 2 1 1 944 2736 3083 3768
3803 4 2 1 1 2082 3221 2815 3405
3804 4 2 1 1 3659 3720 2492 3175
3805 4 2 1 1 1897 2811 2642 3236
3806 4 2 1 1 1891 2732 2354 2957
3807 4 2 1 1 665 646 3021 2325
3808 4 2 1 1 1976 2640 2368 3655
3809 4 2 1 1 1910 2392 2556 2410
3810 4 2 1 1 495 496 2451 3521
3811 4 2 1 1 2884 2713 2309 3511
3812 4 2 1 1 2972 3429 2278 1874
3813 4 2 1 1 2164 2014 3551 2551
3814 4 2 1 1 3120 2817 2963 2174
3815 4 2 1 1 1011 3973 3923 2423
3816 4 2 1 1 2052 2663 2586 3312
3817 4 2 1 1 1747 3056 2775 1806
3818 4 2 1 1 1929 2395 2763 3771
3819 4 2 1 1 2494 2745 2196 3631
3820 4 2 1 1 3200 2293 2879 2762
3821 4 2 1 1 2007 2810 2297 3730
3822 4 2 1 1 2475 1905 2637 3733
3823 4 2 1 1 2301 1613 3305 3445
3824 4 2 1 1 2233 3804 3480 3045
3825 4 2 1 1 1198 2143 2888 3175
3826 4 2 1 1 813 2692 839 3899
3827 4 2 1 1 751 981 2276 3176
3828 4 2 1 1 3143 2104 1902 3637
3829 4 2 1 1 1868 2201 3839 3488
3830 4 2 1 1 3172 690 2648 611
3831 4 2 1 1 1948 2608 2393 3421
3832 4 2 1 1 813 2712 2692 3899
3833 4 2 1 1 2330 3282 2041 3017
3834 4 2 1 1 1575 4008 96 1732
3835 4 2 1 1 1813 4008 2694 2831
3836 4 2 1 1 801 956 934 2356
3837 4 2 1 1 3066 2549 3495 2176
3838 4 2 1 1 2458 1846 2246 2599
3839 4 2 1 1 1500 2785 1469 2932
3840 4 2 1 1 342 2250 341 3296
3841 4 2 1 1 2344 2920 1932 3629
3842 4 2 1 1 2109 2811 2715 1992
3843 4 2 1 1 1993 3375 3572 3600
3844 4 2 1 1 3569 2943 2118 2183
3845 4 2 1 1 2401 3586 3136 3677
3846 4 2 1 1 847 2442 2276 3455
3847 4 2 1 1 1890 3036 2192 3204
3848 4 2 1 1 1841 2298 2952 2106
3849 4 2 1 1 1860 2472 2637 2902
3850 4 2 1 1 1926 2192 2545 2729
3851 4 2 1 1 544 3093 2564 2277
3852 4 2 1 1 2036 1835 2242 2808
3853 4 2 1 1 648 2391 649 2677
3854 4 2 1 1 1873 2707 3329 3578
3855 4 2 1 1 2500 2902 2544 3542
3856 4 2 1 1 674 2205 535 3608
3857 4 2 1 1 2884 2713 2446 2309
3858 4 2 1 1 2693 2946 986 3330
3859 4 2 1 1 412 3148 2824 3510
3860 4 2 1 1 2226 3364 2594 3867
3861 4 2 1 1 2442 3007 2276 2040
3862 4 2 1 1 3915 92 93 1802
3863 4 2 1 1 2019 3338 2074 2701
3864 4 2 1 1 3474 2526 2977 2150
3865 4 2 1 1 2366 2968 2444 3683
3866 4 2 1 1 1963 2812 2387 3876
3867 4 2 1 1 1027 1248 1279 2531
3868 4 2 1 1 2136 1967 3615 3555
3869 4 2 1 1 1894 3096 2498 3354
3870 4 2 1 1 450 3391 2531 3623
3871 4 2 1 1 1676 1675 1691 2219
3872 4 2 1 1 2100 2653 2462 3581
3873 4 2 1 1 2329 3182 2568 3791
3874 4 2 1 1 1090 2187 3228 2881
3875 4 2 1 1 2224 3015 2464 3842
3876 4 2 1 1 3408 3270 1861 3755
3877 4 2 1 1 1484 1379 1446 3129
3878 4 2 1 1 2296 1993 3142 3696
3879 4 2 1 1 2172 2516 1884 3366
3880 4 2 1 1 1940 2208 2485 3328
3881 4 2 1 1 2791 2803 2250 3393
3882 4 2 1 1 3119 3640 3269 2183
3883 4 2 1 1 3638 1905 2631 2475
3884 4 2 1 1 2467 3627 2691 2151
3885 4 2 1 1 1065 2879 2638 3133
3886 4 2 1 1 1877 2454 2289 3094
3887 4 2 1 1 2195 2208 1940 3328
3888 4 2 1 1 2299 2104 3143 3637
3889 4 2 1 1 2697 2826 1406 3369
3890 4 2 1 1 92 1802 3915 3852
3891 4 2 1 1 2337 2538 421 3452
3892 4 2 1 1 1236 3020 2143 3175
3893 4 2 1 1 2608 2789 2650 3682
3894 4 2 1 1 2083 3220 2439 3408
3895 4 2 1 1 2321 2783 1962 3168
3896 4 2 1 1 2320 2783 2321 3168
3897 4 2 1 1 3897 1526 3136 1440
3898 4 2 1 1 2815 3221 2221 3405
3899 4 2 1 1 476 598 2706 3341
3900 4 2 1 1 3939 1298 4007 56
3901 4 2 1 1 1997 2287 1901 3588
3902 4 2 1 1 2812 3846 1963 3882
3903 4 2 1 1 2404 1175 2750 3388
3904 4 2 1 1 4007 55 56 1298
3905 4 2 1 1 3523 1932 2925 3362
3906 4 2 1 1 3939 1298 3072 4007
3907 4 2 1 1 1887 2212 2687 1988
3908 4 2 1 1 2215 2719 2155 3614
3909 4 2 1 1 1864 2250 2869 2996
3910 4 2 1 1 2534 2882 1720 2416
3911 4 2 1 1 1517 4007 55 3935
3912 4 2 1 1 1648 1650 1780 2829
3913 4 2 1 1 1837 3301 2471 3316
3914 4 2 1 1 2824 282 2967 404
3915 4 2 1 1 1839 2695 2837 3022
3916 4 2 1 1 1842 2375 2374 2840
3917 4 2 1 1 4007 3902 1517 1298
3918 4 2 1 1 1860 2544 2202 3390
3919 4 2 1 1 2178 3524 2889 3757
3920 4 2 1 1 1902 2524 2298 2964
3921 4 2 1 1 2328 3262 1985 3372
3922 4 2 1 1 3954 3416 1297 4006
3923 4 2 1 1 1227 1102 1185 2358
3924 4 2 1 1 1649 2326 1648 2829
3925 4 2 1 1 2125 1871 3664 3304
3926 4 2 1 1 774 2736 2411 3357
3927 4 2 1 1 2587 3322 3526 1893
3928 4 2 1 1 3523 2925 1932 2412
3929 4 2 1 1 1906 2176 2566 3417
3930 4 2 1 1 1840 2448 3078 3079
3931 4 2 1 1 2743 2613 2572 2063
3932 4 2 1 1 2399 2153 2396 1911
3933 4 2 1 1 1767 1660 3734 2708
3934 4 2 1 1 1252 3992 2343 1013
3935 4 2 1 1 1885 2252 2763 3771
3936 4 2 1 1 710 2910 2481 3632
3937 4 2 1 1 1976 2368 2255 3655
3938 4 2 1 1 3660 1957 2222 2854
3939 4 2 1 1 807 2409 817 2873
3940 4 2 1 1 770 2561 928 768
3941 4 2 1 1 1981 3149 3069 1875
3942 4 2 1 1 849 878 2505 2161
3943 4 2 1 1 3954 1297 142 4006
3944 4 2 1 1 1827 3498 3071 3799
3945 4 2 1 1 2233 3804 3045 1998
3946 4 2 1 1 1185 2358 1142 2885
3947 4 2 1 1 142 141 4006 1297
3948 4 2 1 1 1046 2602 2344 3175
3949 4 2 1 1 2666 3107 1869 3256
3950 4 2 1 1 3400 3124 3272 2372
3951 4 2 1 1 3938 4006 141 1297
3952 4 2 1 1 2092 3027 2651 3085
3953 4 2 1 1 2719 2935 2452 3482
3954 4 2 1 1 1959 2225 2709 2762
3955 4 2 1 1 2247 1889 2141 2411
3956 4 2 1 1 2173 2639 2364 2068
3957 4 2 1 1 2678 3358 2242 3378
3958 4 2 1 1 3382 2369 2285 3068
3959 4 2 1 1 2664 3093 2215 3658
3960 4 2 1 1 2413 3895 3840 3374
3961 4 2 1 1 3997 204 2531 3147
3962 4 2 1 1 2558 3202 2363 1855
3963 4 2 1 1 2186 2030 2607 2730
3964 4 2 1 1 3938 4006 1297 2379
3965 4 2 1 1 711 3975 2674 3218
3966 4 2 1 1 1842 2541 2646 3686
3967 4 2 1 1 2356 2683 1887 3055
3968 4 2 1 1 2099 2683 2356 3055
3969 4 2 1 1 1503 3250 2570 3740
3970 4 2 1 1 1917 2575 2179 3162
3971 4 2 1 1 1956 2289 2712 3081
3972 4 2 1 1 3638 1905 2475 2265
3973 4 2 1 1 1948 2270 2890 2995
3974 4 2 1 1 1861 3408 2493 3468
3975 4 2 1 1 2252 1982 3156 2429
3976 4 2 1 1 2428 3172 687 3814
3977 4 2 1 1 1264 1166 3497 3529
3978 4 2 1 1 2127 2812 1963 3876
3979 4 2 1 1 2684 3792 964 3834
3980 4 2 1 1 2062 2601 2376 2924
3981 4 2 1 1 3633 2799 3180 1951
3982 4 2 1 1 2468 2502 1934 2627
3983 4 2 1 1 3041 2941 3681 2218
3984 4 2 1 1 536 2418 2589 3697
3985 4 2 1 1 1130 2312 3228 3650
3986 4 2 1 1 1482 2734 1369 2432
3987 4 2 1 1 2093 3144 2837 3208
3988 4 2 1 1 2608 2650 1857 3682
3989 4 2 1 1 3660 2222 1957 2480
3990 4 2 1 1 2033 2079 3818 2887
3991 4 2 1 1 1492 3062 2463 3342
3992 4 2 1 1 2555 1729 1736 2876
3993 4 2 1 1 2452 2719 1950 2935
3994 4 2 1 1 3819 3123 236 2271
3995 4 2 1 1 2527 2758 1902 3535
3996 4 2 1 1 734 4010 2722 2699
3997 4 2 1 1 2456 3619 3182 2278
3998 4 2 1 1 127 128 3963 483
3999 4 2 1 1 445 2337 421 3452
4000 4 2 1 1 2373 3538 2524 3585
4001 4 2 1 1 2205 2418 1960 3608
4002 4 2 1 1 2926 2601 3046 2159
4003 4 2 1 1 414 419 4025 2390
4004 4 2 1 1 4006 1297 2379 3416
4005 4 2 1 1 2508 3565 3215 1362
4006 4 2 1 1 3950 4021 187 1581
4007 4 2 1 1 3146 3446 2536 1852
4008 4 2 1 1 255 388 265 2393
4009 4 2 1 1 320 2114 2982 2489
4010 4 2 1 1 1664 2501 3350 1668
4011 4 2 1 1 1916 2554 2181 3244
4012 4 2 1 1 291 2253 2737 3591
4013 4 2 1 1 300 2270 3583 395
4014 4 2 1 1 1729 2876 2555 2249
4015 4 2 1 1 2048 2126 2864 2659
4016 4 2 1 1 3212 3218 711 2674
4017 4 2 1 1 1843 2247 2658 3443
4018 4 2 1 1 1467 1466 2509 3118
4019 4 2 1 1 691 463 690 3314
4020 4 2 1 1 2532 2765 1998 3045
4021 4 2 1 1 1936 2222 2748 3465
4022 4 2 1 1 2806 2687 2873 2130
4023 4 2 1 1 2806 2873 2687 1944
4024 4 2 1 1 1936 3465 2748 3689
4025 4 2 1 1 3954 3416 4006 2699
4026 4 2 1 1 2168 2556 2393 3687
4027 4 2 1 1 1964 2092 2835 2686
4028 4 2 1 1 1708 2416 1752 2907
4029 4 2 1 1 2284 2153 3247 3553
4030 4 2 1 1 521 631 516 3076
4031 4 2 1 1 3819 236 3123 353
4032 4 2 1 1 2321 2783 2320 3817
4033 4 2 1 1 2077 2637 3368 3733
4034 4 2 1 1 2137 1061 3396 3874
4035 4 2 1 1 1948 2270 2733 2890
4036 4 2 1 1 1864 2221 3520 2791
4037 4 2 1 1 2019 2671 2569 2863
4038 4 2 1 1 2373 3277 2182 3654
4039 4 2 1 1 2515 2583 1953 3812
4040 4 2 1 1 2824 282 304 2616
4041 4 2 1 1 1909 2825 2404 3038
4042 4 2 1 1 3943 929 4005 11
4043 4 2 1 1 2061 2751 2654 3604
4044 4 2 1 1 2824 282 404 304
4045 4 2 1 1 1903 2989 2422 3320
4046 4 2 1 1 2211 3380 2496 3713
4047 4 2 1 1 2423 1955 3400 3878
4048 4 2 1 1 335 2603 391 3583
4049 4 2 1 1 3706 2008 2430 2850
4050 4 2 1 1 1368 1375 1365 2308
4051 4 2 1 1 1903 2963 2365 3006
4052 4 2 1 1 494 2451 496 3050
4053 4 2 1 1 2508 3565 1362 3092
4054 4 2 1 1 1911 2561 2955 3479
4055 4 2 1 1 2566 2320 3417 3698
4056 4 2 1 1 2141 3042 2611 3792
4057 4 2 1 1 2450 3598 3344 3278
4058 4 2 1 1 2377 2594 2226 2861
4059 4 2 1 1 1342 2748 2222 3465
4060 4 2 1 1 2003 3540 2370 3855
4061 4 2 1 1 4005 12 11 929
4062 4 2 1 1 811 2368 829 3406
4063 4 2 1 1 2105 3435 2658 3443
4064 4 2 1 1 1924 2180 2391 3769
4065 4 2 1 1 3212 711 3218 684
4066 4 2 1 1 2211 1876 3380 3713
4067 4 2 1 1 1883 2283 2461 3149
4068 4 2 1 1 2077 3205 2472 3621
4069 4 2 1 1 1937 2586 2292 2770
4070 4 2 1 1 3914 1512 2306 2936
4071 4 2 1 1 4005 2982 12 929
4072 4 2 1 1 1209 2679 1038 2961
4073 4 2 1 1 1823 1691 1675 2219
4074 4 2 1 1 762 3385 2931 3571
4075 4 2 1 1 1714 1718 1715 3724
4076 4 2 1 1 1909 2702 2330 3702
4077 4 2 1 1 1711 2249 2962 3831
4078 4 2 1 1 3344 3598 2450 1909
4079 4 2 1 1 3943 929 2489 4005
4080 4 2 1 1 1964 2092 2686 2357
4081 4 2 1 1 3248 3339 2211 2222
4082 4 2 1 1 1846 2246 3629 1985
4083 4 2 1 1 2195 2208 2466 3174
4084 4 2 1 1 1318 2628 2447 2827
4085 4 2 1 1 2141 1889 2684 2411
4086 4 2 1 1 670 671 547 2703
4087 4 2 1 1 2406 1603 3525 3892
4088 4 2 1 1 77 76 3930 466
4089 4 2 1 1 1639 2800 1705 1660
4090 4 2 1 1 2176 1906 2549 3417
4091 4 2 1 1 1453 1454 1285 2336
4092 4 2 1 1 306 2342 3245 2714
4093 4 2 1 1 1187 1068 3191 3833
4094 4 2 1 1 2360 2643 2036 3362
4095 4 2 1 1 2487 2037 2711 2057
4096 4 2 1 1 2308 1862 3233 2891
4097 4 2 1 1 2566 2320 3698 3817
4098 4 2 1 1 3787 2183 2943 3074
4099 4 2 1 1 1139 2625 3019 1125
4100 4 2 1 1 2127 1963 2778 3876
4101 4 2 1 1 3924 3048 643 2288
4102 4 2 1 1 2267 3039 1931 2139
4103 4 2 1 1 2094 3592 2769 3723
4104 4 2 1 1 2165 2667 2630 3758
4105 4 2 1 1 2308 2891 2207 3307
4106 4 2 1 1 2102 3331 3199 3638
4107 4 2 1 1 1939 2333 3233 3310
4108 4 2 1 1 1864 2791 2250 2996
4109 4 2 1 1 3408 1861 3270 3468
4110 4 2 1 1 2325 3089 2972 3241
4111 4 2 1 1 927 964 2684 3792
4112 4 2 1 1 2527 2782 1999 3132
4113 4 2 1 1 563 2664 3093 2277
4114 4 2 1 1 3780 2877 3831 2122
4115 4 2 1 1 1497 1500 1371 2357
4116 4 2 1 1 3610 3614 2664 1930
4117 4 2 1 1 2682 2487 361 3725
4118 4 2 1 1 3031 3119 2354 3422
4119 4 2 1 1 3787 2943 2183 2118
4120 4 2 1 1 2939 3133 2796 2266
4121 4 2 1 1 2603 3329 2305 3583
4122 4 2 1 1 1587 2194 3051 1586
4123 4 2 1 1 2230 3170 2326 3719
4124 4 2 1 1 3296 2996 3393 2645
4125 4 2 1 1 1967 2354 3031 3119
4126 4 2 1 1 2477 2524 2117 3143
4127 4 2 1 1 715 694 2745 3397
4128 4 2 1 1 273 2772 396 3800
4129 4 2 1 1 3818 2079 1852 2322
4130 4 2 1 1 3780 2877 2122 3105
4131 4 2 1 1 670 2703 547 3026
4132 4 2 1 1 3310 2740 1939 2333
4133 4 2 1 1 2010 2347 2337 2538
4134 4 2 1 1 2649 1425 3431 3811
4135 4 2 1 1 1206 1228 2351 3288
4136 4 2 1 1 2554 3244 2678 3358
4137 4 2 1 1 2290 3030 1608 3525
4138 4 2 1 1 2847 2904 2248 3178
4139 4 2 1 1 2456 3619 2278 3115
4140 4 2 1 1 472 2615 3908 2997
4141 4 2 1 1 2558 3676 3202 1855
4142 4 2 1 1 2210 2479 2058 3234
4143 4 2 1 1 3390 3900 2934 2206
4144 4 2 1 1 1926 2202 2544 3390
4145 4 2 1 1 1927 2654 2751 3604
4146 4 2 1 1 1864 2346 2743 3405
4147 4 2 1 1 1978 2385 2382 2840
4148 4 2 1 1 2393 1948 2890 2995
4149 4 2 1 1 1953 2583 2515 3160
4150 4 2 1 1 2253 3091 2192 3491
4151 4 2 1 1 2477 2125 1902 2104
4152 4 2 1 1 3180 3212 2674 3864
4153 4 2 1 1 1991 2527 3365 3535
4154 4 2 1 1 1838 2867 2660 3234
4155 4 2 1 1 1978 2420 2262 2787
4156 4 2 1 1 1846 2970 2675 3139
4157 4 2 1 1 929 2489 4005 2982
4158 4 2 1 1 3041 3446 2322 3681
4159 4 2 1 1 2196 2494 1979 2927
4160 4 2 1 1 2329 3053 2568 3182
4161 4 2 1 1 4004 181 180 1558
4162 4 2 1 1 3381 2375 2530 3484
4163 4 2 1 1 1649 2829 1663 3350
4164 4 2 1 1 1200 1240 1056 2838
4165 4 2 1 1 508 2354 514 3077
4166 4 2 1 1 3897 1974 3136 2407
4167 4 2 1 1 1973 2670 2388 2714
4168 4 2 1 1 3959 3289 2513 3620
4169 4 2 1 1 2324 2771 1704 3237
4170 4 2 1 1 2634 3376 2248 3884
4171 4 2 1 1 2303 3211 2653 1923
4172 4 2 1 1 3065 3298 2184 3318
4173 4 2 1 1 1432 3968 1508 1489
4174 4 2 1 1 2748 1396 1490 2854
4175 4 2 1 1 811 2368 2630 3490
4176 4 2 1 1 510 515 516 3076
4177 4 2 1 1 2624 3018 1983 3042
4178 4 2 1 1 1867 2871 3024 2893
4179 4 2 1 1 180 4004 1558 3497
4180 4 2 1 1 1402 2783 2778 3876
4181 4 2 1 1 2952 3538 3654 2579
4182 4 2 1 1 1386 2778 1402 2783
4183 4 2 1 1 2062 3046 2601 1854
4184 4 2 1 1 1733 4004 181 3912
4185 4 2 1 1 1259 2897 2625 3529
4186 4 2 1 1 807 2873 816 2916
4187 4 2 1 1 2566 2320 2321 1906
4188 4 2 1 1 520 2261 3615 3031
4189 4 2 1 1 2188 2770 1937 3153
4190 4 2 1 1 710 3983 3632 2481
4191 4 2 1 1 1595 3039 2851 1598
4192 4 2 1 1 4004 2483 1558 3497
4193 4 2 1 1 2360 2903 2111 3139
4194 4 2 1 1 1941 2981 2591 3067
4195 4 2 1 1 2151 3132 2467 3627
4196 4 2 1 1 3066 3495 2549 2093
4197 4 2 1 1 1339 1330 2191 3465
4198 4 2 1 1 2595 3252 3007 3589
4199 4 2 1 1 1733 4004 3912 2483
4200 4 2 1 1 3706 2008 2850 3173
4201 4 2 1 1 1332 2191 1330 2264
4202 4 2 1 1 1881 2990 2533 3434
4203 4 2 1 1 829 811 830 2368
4204 4 2 1 1 2581 3049 3887 2204
4205 4 2 1 1 792 801 800 2356
4206 4 2 1 1 1889 2224 2765 3273
4207 4 2 1 1 2265 3497 1166 3529
4208 4 2 1 1 2141 3154 2533 3434
4209 4 2 1 1 2185 3314 2685 3691
4210 4 2 1 1 2155 2935 2719 3482
4211 4 2 1 1 2693 1824 2946 3166
4212 4 2 1 1 2198 1882 2456 3276
4213 4 2 1 1 2672 3103 1872 3268
4214 4 2 1 1 1284 4003 3937 2294
4215 4 2 1 1 1711 2249 1716 2962
4216 4 2 1 1 937 2718 802 3745
4217 4 2 1 1 3184 3373 729 2656
4218 4 2 1 1 2197 1884 2458 3274
4219 4 2 1 1 780 2624 782 2327
4220 4 2 1 1 4003 1409 2294 1284
4221 4 2 1 1 4003 136 135 1548
4222 4 2 1 1 2048 2973 2758 2974
4223 4 2 1 1 2564 2648 2185 3459
4224 4 2 1 1 2502 2949 2164 3334
4225 4 2 1 1 3390 2934 3900 1947
4226 4 2 1 1 1885 2763 2421 2163
4227 4 2 1 1 2109 2530 2473 2807
4228 4 2 1 1 809 808 820 2781
4229 4 2 1 1 1877 2289 3286 3729
4230 4 2 1 1 1909 2330 2702 3388
4231 4 2 1 1 2252 2804 2429 3404
4232 4 2 1 1 2147 2252 3156 3404
4233 4 2 1 1 1920 2583 2515 3044
4234 4 2 1 1 2461 2878 1722 3069
4235 4 2 1 1 2939 2796 3133 2140
4236 4 2 1 1 2011 2120 2672 3534
4237 4 2 1 1 2547 3158 1914 3625
4238 4 2 1 1 2030 2730 2186 3451
4239 4 2 1 1 2761 3129 2007 3399
4240 4 2 1 1 2471 2523 2025 3488
4241 4 2 1 1 1917 2569 2460 3201
4242 4 2 1 1 2722 3257 2614 3502
4243 4 2 1 1 2562 3004 861 3711
4244 4 2 1 1 3400 3878 3539 2423
4245 4 2 1 1 2099 2655 3110 3177
4246 4 2 1 1 959 963 859 3004
4247 4 2 1 1 2009 3279 3319 1892
4248 4 2 1 1 512 2354 2795 3807
4249 4 2 1 1 2233 3804 1998 3240
4250 4 2 1 1 631 2418 526 3076
4251 4 2 1 1 4003 3856 1548 135
4252 4 2 1 1 2270 2772 1934 3800
4253 4 2 1 1 1237 2535 1233 2969
4254 4 2 1 1 1111 3833 1185 2885
4255 4 2 1 1 2243 2491 1942 2999
4256 4 2 1 1 2329 509 3053 505
4257 4 2 1 1 675 548 609 2744
4258 4 2 1 1 1660 1767 1658 2708
4259 4 2 1 1 1846 2599 2458 2659
4260 4 2 1 1 3180 3212 3864 2652
4261 4 2 1 1 650 3931 3218 2391
4262 4 2 1 1 4003 3700 1548 3856
4263 4 2 1 1 2700 2973 2048 3710
4264 4 2 1 1 1164 2629 3616 1136
4265 4 2 1 1 808 3013 2413 3374
4266 4 2 1 1 1488 1337 1371 2357
4267 4 2 1 1 2147 2628 2447 3836
4268 4 2 1 1 425 2507 316 3597
4269 4 2 1 1 4003 1409 1284 1548
4270 4 2 1 1 2030 3098 2516 3372
4271 4 2 1 1 3965 1535 4002 67
4272 4 2 1 1 2024 2364 2816 3783
4273 4 2 1 1 1236 2543 2143 3020
4274 4 2 1 1 814 2792 3249 3450
4275 4 2 1 1 1185 3833 1111 1221
4276 4 2 1 1 3761 3845 3318 2752
4277 4 2 1 1 2270 2949 2772 3583
4278 4 2 1 1 441 2711 420 3080
4279 4 2 1 1 944 2736 778 3083
4280 4 2 1 1 2363 3135 1875 3153
4281 4 2 1 1 4026 1738 1737 3159
4282 4 2 1 1 2747 2986 2441 3753
4283 4 2 1 1 3374 3011 3895 2282
4284 4 2 1 1 384 408 3148 3865
4285 4 2 1 1 3260 3861 2411 3479
4286 4 2 1 1 1864 2743 2142 2869
4287 4 2 1 1 2147 2975 2447 3308
4288 4 2 1 1 2159 2786 2601 1854
4289 4 2 1 1 2985 2869 2142 2743
4290 4 2 1 1 1009 2983 2750 1174
4291 4 2 1 1 3195 3390 2202 2545
4292 4 2 1 1 1077 3025 2293 1128
4293 4 2 1 1 1995 2646 2150 2977
4294 4 2 1 1 1343 2191 1339 1332
4295 4 2 1 1 2458 2246 1846 1985
4296 4 2 1 1 2696 2934 2206 3390
4297 4 2 1 1 2406 3305 1603 3892
4298 4 2 1 1 2010 2337 2347 2869
4299 4 2 1 1 2239 3094 2923 3584
4300 4 2 1 1 4002 66 67 1535
4301 4 2 1 1 2152 2930 2350 3319
4302 4 2 1 1 622 2979 714 3178
4303 4 2 1 1 1044 1045 1043 2344
4304 4 2 1 1 780 782 783 2327
4305 4 2 1 1 2682 361 2487 420
4306 4 2 1 1 327 435 2689 3265
4307 4 2 1 1 505 2329 510 627
4308 4 2 1 1 3375 2532 2765 2105
4309 4 2 1 1 2072 1952 2582 3116
4310 4 2 1 1 2181 2589 1916 3244
4311 4 2 1 1 2281 2030 3114 3372
4312 4 2 1 1 3708 3745 2561 2718
4313 4 2 1 1 2868 3575 2964 3813
4314 4 2 1 1 3965 1535 3431 4002
4315 4 2 1 1 2821 1385 3698 2320
4316 4 2 1 1 3940 4002 1535 66
4317 4 2 1 1 2928 3467 2400 3859
4318 4 2 1 1 1359 1498 2333 2740
4319 4 2 1 1 1059 3102 1055 3888
4320 4 2 1 1 2315 3626 3574 2499
4321 4 2 1 1 1998 3045 2765 3804
4322 4 2 1 1 1895 2197 1854 3669
4323 4 2 1 1 1073 1206 1228 2351
4324 4 2 1 1 3940 4002 3431 1535
4325 4 2 1 1 1930 2425 2166 2760
4326 4 2 1 1 611 2277 3172 660
4327 4 2 1 1 2352 1916 2589 3750
4328 4 2 1 1 1250 112 113 4001
4329 4 2 1 1 2239 2923 2023 3037
4330 4 2 1 1 2030 2281 3114 3415
4331 4 2 1 1 1901 3381 2375 2530
4332 4 2 1 1 1844 2587 2456 2661
4333 4 2 1 1 3400 3124 2372 1955
4334 4 2 1 1 1935 3170 2315 3626
4335 4 2 1 1 3756 1835 2199 2036
4336 4 2 1 1 4001 113 1250 1270
4337 4 2 1 1 2388 2400 1973 3467
4338 4 2 1 1 1485 3342 3554 1305
4339 4 2 1 1 2064 2954 2520 3568
4340 4 2 1 1 1660 2708 1658 3331
4341 4 2 1 1 851 849 878 2505
4342 4 2 1 1 2956 3184 2050 3741
4343 4 2 1 1 780 2624 2327 3042
4344 4 2 1 1 3873 4014 1001 880
4345 4 2 1 1 762 764 3385 3571
4346 4 2 1 1 1871 2864 2525 3304
4347 4 2 1 1 992 150 740 3333
4348 4 2 1 1 2038 2454 3286 2590
4349 4 2 1 1 1843 2296 2658 3049
4350 4 2 1 1 2423 1955 2994 3400
4351 4 2 1 1 1861 2208 2945 3580
4352 4 2 1 1 1593 2553 1591 3475
4353 4 2 1 1 1928 2382 2375 3457
4354 4 2 1 1 1973 2342 2714 3245
4355 4 2 1 1 2612 3561 1913 2813
4356 4 2 1 1 1973 2400 2670 2237
4357 4 2 1 1 2346 2586 2188 3221
4358 4 2 1 1 3407 2536 2256 3073
4359 4 2 1 1 2646 2977 2720 3355
4360 4 2 1 1 2348 2512 2192 3667
4361 4 2 1 1 1955 2856 2423 3250
4362 4 2 1 1 2298 3365 2527 3535
4363 4 2 1 1 3443 1998 2399 2742
4364 4 2 1 1 815 2916 2414 3110
4365 4 2 1 1 2182 3145 2373 3654
4366 4 2 1 1 2366 3095 2072 1952
4367 4 2 1 1 2062 2924 2819 1854
4368 4 2 1 1 1893 2198 3116 3683
4369 4 2 1 1 2765 2532 3375 2258
4370 4 2 1 1 3080 1143 3485 1152
4371 4 2 1 1 3443 2399 1998 2765
4372 4 2 1 1 2765 3547 3375 2105
4373 4 2 1 1 2098 2820 2660 2046
4374 4 2 1 1 2905 2112 2552 3108
4375 4 2 1 1 1954 2737 2209 2775
4376 4 2 1 1 2000 2613 2966 3267
4377 4 2 1 1 1921 3427 2514 3563
4378 4 2 1 1 1613 2301 3105 3445
4379 4 2 1 1 2255 2368 1907 3655
4380 4 2 1 1 2667 3835 786 3447
4381 4 2 1 1 2228 2553 3354 3475
4382 4 2 1 1 1876 2211 2222 3248
4383 4 2 1 1 4001 3418 1250 112
4384 4 2 1 1 1855 2567 2990 3104
4385 4 2 1 1 4001 1270 1250 2620
4386 4 2 1 1 1604 1753 1772 2622
4387 4 2 1 1 2912 3070 2679 3656
4388 4 2 1 1 1909 2479 2757 3344
4389 4 2 1 1 792 2356 2843 3518
4390 4 2 1 1 2926 3046 2601 1949
4391 4 2 1 1 2131 2803 2791 3393
4392 4 2 1 1 767 768 766 2561
4393 4 2 1 1 1621 2283 1611 2794
4394 4 2 1 1 2219 2747 2402 3753
4395 4 2 1 1 1957 2222 2854 3339
4396 4 2 1 1 1985 2140 2675 2939
4397 4 2 1 1 3016 3059 3390 2206
4398 4 2 1 1 1250 4001 2620 3418
4399 4 2 1 1 1849 2691 2709 2834
4400 4 2 1 1 3096 3261 1894 3439
4401 4 2 1 1 2920 1043 2716 1190
4402 4 2 1 1 2164 2014 2551 2307
4403 4 2 1 1 2116 2875 1416 3215
4404 4 2 1 1 1426 2649 3157 3811
4405 4 2 1 1 2218 3041 2322 3681
4406 4 2 1 1 963 2654 3004 3666
4407 4 2 1 1 1835 2678 2242 3378
4408 4 2 1 1 3828 2906 3014 2264
4409 4 2 1 1 333 3113 2575 3609
4410 4 2 1 1 1842 2382 2646 3032
4411 4 2 1 1 3929 32 1803 2534
4412 4 2 1 1 711 3975 3218 652
4413 4 2 1 1 1590 1748 1592 2823
4414 4 2 1 1 2594 3106 2891 3307
4415 4 2 1 1 1266 4021 3483 1030
4416 4 2 1 1 2362 2887 2033 3367
4417 4 2 1 1 1948 2995 2720 3645
4418 4 2 1 1 1933 2293 2855 3025
4419 4 2 1 1 2138 1980 2626 3327
4420 4 2 1 1 1845 2642 2361 3855
4421 4 2 1 1 3875 3327 1980 2138
4422 4 2 1 1 2140 2675 2360 3629
4423 4 2 1 1 1151 3117 1150 3402
4424 4 2 1 1 2222 2211 1876 3052
4425 4 2 1 1 2472 2510 2077 3290
4426 4 2 1 1 2652 2795 2078 3807
4427 4 2 1 1 1971 2376 2343 3126
4428 4 2 1 1 1691 2693 1559 3333
4429 4 2 1 1 2651 3027 2171 3085
4430 4 2 1 1 1328 1342 1490 2222
4431 4 2 1 1 3073 2741 2634 2155
4432 4 2 1 1 1897 2245 2642 2811
4433 4 2 1 1 32 364 33 2534
4434 4 2 1 1 3195 425 2507 418
4435 4 2 1 1 1803 3929 2534 2775
4436 4 2 1 1 2144 2622 2461 3818
4437 4 2 1 1 784 2193 3260 2684
4438 4 2 1 1 1808 2829 2394 3159
4439 4 2 1 1 2024 2189 2678 3717
4440 4 2 1 1 1059 1055 3102 1058
4441 4 2 1 1 563 673 3093 3658
4442 4 2 1 1 1923 2996 2645 2809
4443 4 2 1 1 3884 614 2248 2935
4444 4 2 1 1 2296 2532 1900 3572
4445 4 2 1 1 2013 2084 2866 2698
4446 4 2 1 1 1921 2601 2926 3345
4447 4 2 1 1 318 420 2682 3080
4448 4 2 1 1 1721 1600 1722 3069
4449 4 2 1 1 3022 2695 2837 2028
4450 4 2 1 1 1942 2491 2243 2870
4451 4 2 1 1 2422 2676 2050 2956
4452 4 2 1 1 1896 2151 2981 3756
4453 4 2 1 1 1896 2151 3756 2467
4454 4 2 1 1 826 2533 3127 3594
4455 4 2 1 1 2275 2627 2234 3088
4456 4 2 1 1 2315 3170 2230 3626
4457 4 2 1 1 277 2487 354 2756
4458 4 2 1 1 1621 2283 2794 2832
4459 4 2 1 1 335 401 391 2603
4460 4 2 1 1 3375 3547 2765 2258
4461 4 2 1 1 2027 1900 3506 2958
4462 4 2 1 1 3900 3303 2730 2478
4463 4 2 1 1 1871 2075 3075 2537
4464 4 2 1 1 3968 1489 3914 164
4465 4 2 1 1 1432 2223 3190 2596
4466 4 2 1 1 1955 2405 3124 3186
4467 4 2 1 1 3914 163 164 1489
4468 4 2 1 1 2324 3069 2878 1875
4469 4 2 1 1 2537 2860 2030 3415
4470 4 2 1 1 3914 1512 2936 1291
4471 4 2 1 1 1164 2629 1136 1188
4472 4 2 1 1 655 514 508 2354
4473 4 2 1 1 1947 2934 2696 3390
4474 4 2 1 1 2102 2009 2571 3331
4475 4 2 1 1 2393 2668 1948 2995
4476 4 2 1 1 2393 2556 1910 3264
4477 4 2 1 1 2276 2697 1972 2826
4478 4 2 1 1 1846 2360 2675 3629
4479 4 2 1 1 1234 1157 3033 3483
4480 4 2 1 1 2673 1253 3442 1119
4481 4 2 1 1 3754 2767 2809 2665
4482 4 2 1 1 1892 2852 2361 3319
4483 4 2 1 1 2963 3120 2349 1863
4484 4 2 1 1 2464 2547 3202 3676
4485 4 2 1 1 2109 1992 2715 3588
4486 4 2 1 1 1929 2395 2754 2959
4487 4 2 1 1 3733 2510 2077 2637
4488 4 2 1 1 1847 2633 2751 3486
4489 4 2 1 1 1441 3984 2656 1451
4490 4 2 1 1 1149 3970 1255 1251
4491 4 2 1 1 1843 2658 3435 3443
4492 4 2 1 1 318 425 316 3597
4493 4 2 1 1 3968 1489 164 1508
4494 4 2 1 1 2805 2978 2924 3441
4495 4 2 1 1 2286 1952 2160 2369
4496 4 2 1 1 1569 4000 177 3904
4497 4 2 1 1 1740 176 177 4000
4498 4 2 1 1 1906 2566 2176 3066
4499 4 2 1 1 446 426 366 2538
4500 4 2 1 1 2445 3010 2728 3210
4501 4 2 1 1 2388 2670 1943 2937
4502 4 2 1 1 2488 4000 176 1740
4503 4 2 1 1 2026 3202 2558 3676
4504 4 2 1 1 2235 2924 2805 2978
4505 4 2 1 1 1742 2577 1652 1689
4506 4 2 1 1 302 3047 3752 2967
4507 4 2 1 1 2211 2496 3380 3573
4508 4 2 1 1 1569 4000 3904 2897
4509 4 2 1 1 1346 2297 1340 1338
4510 4 2 1 1 2338 3063 1969 3852
4511 4 2 1 1 4000 1740 2488 2897
4512 4 2 1 1 3900 2730 3303 2186
4513 4 2 1 1 3135 3153 2363 3401
4514 4 2 1 1 2111 2527 2467 2808
4515 4 2 1 1 73 74 3931 743
4516 4 2 1 1 2024 2278 3115 2129
4517 4 2 1 1 2421 2763 2395 2163
4518 4 2 1 1 2450 3038 2825 1909
4519 4 2 1 1 2568 3053 2145 3182
4520 4 2 1 1 232 3606 3163 3860
4521 4 2 1 1 1087 1224 1088 2372
4522 4 2 1 1 1846 3629 2675 1985
4523 4 2 1 1 2398 3702 2594 3867
4524 4 2 1 1 371 455 2388 2987
4525 4 2 1 1 2108 3381 3484 2375
4526 4 2 1 1 1678 2946 2790 3498
4527 4 2 1 1 767 2424 3138 3247
4528 4 2 1 1 1926 3016 2578 3059
4529 4 2 1 1 2249 1716 2962 3630
4530 4 2 1 1 3837 2141 2247 3383
4531 4 2 1 1 1485 3342 1389 1554
4532 4 2 1 1 3341 3541 598 3674
4533 4 2 1 1 1155 2446 1154 3117
4534 4 2 1 1 2012 2666 2952 3692
4535 4 2 1 1 2320 2854 2821 3903
4536 4 2 1 1 2057 2249 2056 3630
4537 4 2 1 1 1665 2347 2577 3321
4538 4 2 1 1 2035 2532 2841 3572
4539 4 2 1 1 2867 3234 1838 3423
4540 4 2 1 1 2104 2903 2675 3139
4541 4 2 1 1 552 2440 662 539
4542 4 2 1 1 1862 2594 3364 3867
4543 4 2 1 1 2387 2766 2099 3177
4544 4 2 1 1 767 3138 943 3247
4545 4 2 1 1 1335 2432 1369 3562
4546 4 2 1 1 4018 371 2388 2987
4547 4 2 1 1 2132 2397 1996 1915
4548 4 2 1 1 1953 2605 2515 3427
4549 4 2 1 1 3296 3393 2996 2250
4550 4 2 1 1 2039 2756 2249 3512
4551 4 2 1 1 751 2276 932 2826
4552 4 2 1 1 2134 3309 3292 3313
4553 4 2 1 1 1149 3970 1251 2336
4554 4 2 1 1 2003 2403 2370 3437
4555 4 2 1 1 2100 3056 2665 1923
4556 4 2 1 1 1080 1076 1077 2855
4557 4 2 1 1 196 4034 3961 2546
4558 4 2 1 1 866 3300 3061 3778
4559 4 2 1 1 2314 3043 2341 2933
4560 4 2 1 1 1168 1166 2265 3189
4561 4 2 1 1 3931 3919 73 743
4562 4 2 1 1 3306 761 962 2592
4563 4 2 1 1 1485 3342 1305 1389
4564 4 2 1 1 861 2726 2562 3711
4565 4 2 1 1 766 2561 802 2718
4566 4 2 1 1 1955 2423 2994 3250
4567 4 2 1 1 3926 637 463 2685
4568 4 2 1 1 807 817 816 2873
4569 4 2 1 1 3931 3919 743 3130
4570 4 2 1 1 3931 743 2391 3130
4571 4 2 1 1 1836 2469 2573 2960
4572 4 2 1 1 2487 2756 2057 3607
4573 4 2 1 1 1053 2939 2266 3133
4574 4 2 1 1 1995 2541 2646 3032
4575 4 2 1 1 1853 2198 2610 3826
4576 4 2 1 1 2051 2777 2769 3349
4577 4 2 1 1 889 3931 2391 3218
4578 4 2 1 1 1027 1277 1201 2531
4579 4 2 1 1 2594 2861 2377 3464
4580 4 2 1 1 2344 3629 3523 2246
4581 4 2 1 1 3523 3629 2344 1932
4582 4 2 1 1 2281 2126 3114 3415
4583 4 2 1 1 3850 2140 3133 3288
4584 4 2 1 1 2781 821 809 3556
4585 4 2 1 1 3897 3136 1526 2407
4586 4 2 1 1 1833 3088 2302 2310
4587 4 2 1 1 2206 2729 3059 3390
4588 4 2 1 1 1909 3017 2479 3598
4589 4 2 1 1 681 3050 660 3172
4590 4 2 1 1 1666 1664 1667 2230
4591 4 2 1 1 3675 2462 3030 2259
4592 4 2 1 1 2908 1833 2015 2557
4593 4 2 1 1 1945 2544 2500 2902
4594 4 2 1 1 1301 3999 3944 172
4595 4 2 1 1 3492 3961 3157 458
4596 4 2 1 1 1077 3025 1128 1213
4597 4 2 1 1 1885 2763 2163 3771
4598 4 2 1 1 2114 2982 2489 3668
4599 4 2 1 1 1878 2386 2293 3282
4600 4 2 1 1 3999 171 172 1304
4601 4 2 1 1 2060 2767 2665 2809
4602 4 2 1 1 2043 3157 2649 3811
4603 4 2 1 1 808 3013 3374 810
4604 4 2 1 1 2262 2420 1978 3167
4605 4 2 1 1 2990 3104 2231 1855
4606 4 2 1 1 2429 3824 2848 1982
4607 4 2 1 1 2961 3100 1984 2200
4608 4 2 1 1 3299 2132 2040 2697
4609 4 2 1 1 2680 3377 2313 3454
4610 4 2 1 1 1586 2194 2884 3707
4611 4 2 1 1 1054 2328 2895 3888
4612 4 2 1 1 2364 2024 2278 3783
4613 4 2 1 1 1875 3065 2774 2119
4614 4 2 1 1 2234 2067 2789 3421
4615 4 2 1 1 2627 3088 2275 3635
4616 4 2 1 1 2276 3176 981 3455
4617 4 2 1 1 2169 3088 2627 3635
4618 4 2 1 1 3910 2592 641 2931
4619 4 2 1 1 1189 2625 2437 3189
4620 4 2 1 1 1930 2425 2779 3715
4621 4 2 1 1 2025 2295 3507 3712
4622 4 2 1 1 2540 3156 1880 3281
4623 4 2 1 1 3959 3289 3620 433
4624 4 2 1 1 2352 2589 2418 3697
4625 4 2 1 1 2550 2671 2019 3508
4626 4 2 1 1 1301 3999 172 1304
4627 4 2 1 1 3999 3909 171 1304
4628 4 2 1 1 3145 2804 2252 2373
4629 4 2 1 1 1968 2274 3011 3895
4630 4 2 1 1 2441 2710 1766 3564
4631 4 2 1 1 2751 2633 3043 3486
4632 4 2 1 1 1876 2511 2211 3380
4633 4 2 1 1 2366 2072 3095 3494
4634 4 2 1 1 1921 2926 2190 3345
4635 4 2 1 1 471 3910 2931 3974
4636 4 2 1 1 190 322 453 3245
4637 4 2 1 1 1586 2884 2194 3051
4638 4 2 1 1 2038 2156 2781 3556
4639 4 2 1 1 2848 3824 2429 2238
4640 4 2 1 1 2038 3456 2156 3556
4641 4 2 1 1 2955 3745 3194 2561
4642 4 2 1 1 2386 2293 3282 3728
4643 4 2 1 1 3692 3535 3365 2298
4644 4 2 1 1 1987 2570 2548 3124
4645 4 2 1 1 3850 3133 2140 2939
4646 4 2 1 1 1921 2980 2190 3427
4647 4 2 1 1 647 557 594 3209
4648 4 2 1 1 3365 3535 3692 1991
4649 4 2 1 1 1851 2812 2445 3339
4650 4 2 1 1 300 2270 395 396
4651 4 2 1 1 1884 2458 3192 3325
4652 4 2 1 1 2248 2979 1950 2935
4653 4 2 1 1 559 535 560 2619
4654 4 2 1 1 2108 3484 3303 3605
4655 4 2 1 1 3041 3681 2941 1883
4656 4 2 1 1 2155 2215 3093 3482
4657 4 2 1 1 2338 2383 1969 3063
4658 4 2 1 1 1742 2577 1689 3211
4659 4 2 1 1 1313 2466 2340 3174
4660 4 2 1 1 2527 2808 2111 3302
4661 4 2 1 1 3310 1427 1426 1387
4662 4 2 1 1 291 2253 3591 398
4663 4 2 1 1 3310 1426 1427 3157
4664 4 2 1 1 2276 932 847 981
4665 4 2 1 1 2954 3097 2401 2705
4666 4 2 1 1 2117 2901 2754 1929
4667 4 2 1 1 2267 3039 1595 3475
4668 4 2 1 1 1842 2382 2375 2840
4669 4 2 1 1 1889 2247 2742 3861
4670 4 2 1 1 2218 3540 3437 3896
4671 4 2 1 1 1230 3616 2481 3219
4672 4 2 1 1 1900 2958 2296 3142
4673 4 2 1 1 3695 3058 3050 1920
4674 4 2 1 1 539 3026 2440 3651
4675 4 2 1 1 1837 2576 3301 3316
4676 4 2 1 1 396 2772 2270 3800
4677 4 2 1 1 3999 3909 1304 3554
4678 4 2 1 1 2207 2836 1347 3129
4679 4 2 1 1 2315 3574 3626 2230
4680 4 2 1 1 2215 2155 3093 3614
4681 4 2 1 1 2023 2606 2506 2815
4682 4 2 1 1 3580 3759 3067 2208
4683 4 2 1 1 2106 2232 3404 3703
4684 4 2 1 1 978 3998 3955 82
4685 4 2 1 1 2563 3005 2060 3360
4686 4 2 1 1 3998 81 82 753
4687 4 2 1 1 2192 1890 2729 3036
4688 4 2 1 1 1882 2456 3182 3322
4689 4 2 1 1 3355 3167 2727 2305
4690 4 2 1 1 505 2329 627 3021
4691 4 2 1 1 2618 2930 3449 2241
4692 4 2 1 1 1348 3533 1339 2896
4693 4 2 1 1 1339 3533 1348 1349
4694 4 2 1 1 3208 2837 3829 2220
4695 4 2 1 1 1842 2295 2992 3409
4696 4 2 1 1 2038 2781 2156 3840
4697 4 2 1 1 3071 3275 2161 3498
4698 4 2 1 1 978 3998 82 753
4699 4 2 1 1 571 2589 3258 2830
4700 4 2 1 1 1832 2698 2521 2865
4701 4 2 1 1 3178 2931 641 2592
4702 4 2 1 1 3508 3338 1879 2671
4703 4 2 1 1 1778 2431 1731 1768
4704 4 2 1 1 2591 2981 2151 3067
4705 4 2 1 1 2387 2812 2766 3177
4706 4 2 1 1 212 3946 2555 210
4707 4 2 1 1 2211 3380 2511 3573
4708 4 2 1 1 2053 2639 2581 3672
4709 4 2 1 1 2066 3033 2713 3483
4710 4 2 1 1 3277 3462 2269 2686
4711 4 2 1 1 2769 3214 349 3592
4712 4 2 1 1 1066 1128 2293 3690
4713 4 2 1 1 2094 2769 2911 3349
4714 4 2 1 1 2038 2156 2590 3840
4715 4 2 1 1 2773 1874 3429 3074
4716 4 2 1 1 1382 1399 1444 3467
4717 4 2 1 1 761 3998 81 3910
4718 4 2 1 1 2029 2788 2519 3628
4719 4 2 1 1 681 2428 3050 3172
4720 4 2 1 1 761 3998 3910 3306
4721 4 2 1 1 2783 2127 2778 3876
4722 4 2 1 1 2616 3291 2818 3613
4723 4 2 1 1 2665 3056 2209 1923
4724 4 2 1 1 1027 3997 3953 2531
4725 4 2 1 1 577 556 578 2793
4726 4 2 1 1 1642 2710 2919 1765
4727 4 2 1 1 2286 2760 3293 1893
4728 4 2 1 1 1056 2838 2492 3659
4729 4 2 1 1 524 2452 528 2935
4730 4 2 1 1 2261 2703 669 3651
4731 4 2 1 1 2781 821 3556 3652
4732 4 2 1 1 1840 3068 2286 3309
4733 4 2 1 1 2282 3011 794 3374
4734 4 2 1 1 1853 2565 2198 3324
4735 4 2 1 1 1431 2223 1395 1393
4736 4 2 1 1 3277 3538 2579 3654
4737 4 2 1 1 2164 2949 2234 3398
4738 4 2 1 1 1873 2234 2949 3398
4739 4 2 1 1 1595 1597 1598 2851
4740 4 2 1 1 1244 3033 3117 3866
4741 4 2 1 1 1849 2299 2691 2834
4742 4 2 1 1 1027 3997 2531 1201
4743 4 2 1 1 2048 2864 2465 3304
4744 4 2 1 1 382 2735 3582 346
4745 4 2 1 1 850 3194 3151 3784
4746 4 2 1 1 1684 3063 1686 3852
4747 4 2 1 1 1587 2194 1586 1588
4748 4 2 1 1 1853 2198 3116 3324
4749 4 2 1 1 42 3997 41 1201
4750 4 2 1 1 675 2744 2325 3111
4751 4 2 1 1 2037 3121 2874 3485
4752 4 2 1 1 1245 3862 1202 1276
4753 4 2 1 1 1986 2946 2790 3166
4754 4 2 1 1 3997 3147 1201 42
4755 4 2 1 1 3585 3277 3538 2022
4756 4 2 1 1 2012 2952 2666 2871
4757 4 2 1 1 3353 3428 2714 2254
4758 4 2 1 1 1430 3718 2466 2734
4759 4 2 1 1 3585 3538 3277 2373
4760 4 2 1 1 3374 3895 3011 2274
4761 4 2 1 1 2666 2952 2298 2106
4762 4 2 1 1 2007 3730 2901 3843
4763 4 2 1 1 436 2513 303 3752
4764 4 2 1 1 1201 3997 2531 3147
4765 4 2 1 1 3102 3833 3191 1965
4766 4 2 1 1 2184 3298 2724 2139
4767 4 2 1 1 326 3454 2680 3265
4768 4 2 1 1 2017 2619 2205 2744
4769 4 2 1 1 1986 2095 2436 3625
4770 4 2 1 1 3996 125 124 1462
4771 4 2 1 1 2782 3365 3794 2106
4772 4 2 1 1 1649 2230 1666 3170
4773 4 2 1 1 2601 2924 2062 1854
4774 4 2 1 1 2773 1874 3074 3787
4775 4 2 1 1 1392 3040 2323 3662
4776 4 2 1 1 1916 2678 2554 3244
4777 4 2 1 1 3316 1872 3268 2318
4778 4 2 1 1 1163 2731 2632 3196
4779 4 2 1 1 2122 1945 2500 2902
4780 4 2 1 1 2037 2696 2688 3290
4781 4 2 1 1 2537 3451 2367 3648
4782 4 2 1 1 2569 2671 1958 2863
4783 4 2 1 1 3136 3586 2656 3677
4784 4 2 1 1 1462 124 3996 1288
4785 4 2 1 1 2444 2725 500 3394
4786 4 2 1 1 2323 3040 2540 3662
4787 4 2 1 1 2748 1490 1396 1506
4788 4 2 1 1 2327 2624 1956 3094
4789 4 2 1 1 804 794 3011 3374
4790 4 2 1 1 838 2424 3571 3633
4791 4 2 1 1 2138 2240 1980 3152
4792 4 2 1 1 2615 1984 2997 3397
4793 4 2 1 1 1202 3862 1245 3147
4794 4 2 1 1 619 2389 2652 3180
4795 4 2 1 1 3028 3240 2233 3413
4796 4 2 1 1 1411 1408 2508 3361
4797 4 2 1 1 591 3993 2339 703
4798 4 2 1 1 1202 3147 2531 3862
4799 4 2 1 1 1933 2226 2594 3702
4800 4 2 1 1 2224 3054 1889 3158
4801 4 2 1 1 1900 2532 2296 1998
4802 4 2 1 1 2432 2734 2761 2110
4803 4 2 1 1 1871 2075 2537 2860
4804 4 2 1 1 1897 3236 2642 3749
4805 4 2 1 1 1111 2217 1085 3833
4806 4 2 1 1 1968 2274 2843 3011
4807 4 2 1 1 2067 3336 2302 2310
4808 4 2 1 1 2490 3257 2722 3502
4809 4 2 1 1 1949 2601 2514 3126
4810 4 2 1 1 2340 3387 3174 3568
4811 4 2 1 1 217 2756 215 3238
4812 4 2 1 1 2189 2678 3352 3759
4813 4 2 1 1 1174 2495 2750 3388
4814 4 2 1 1 2034 2361 2852 3319
4815 4 2 1 1 2259 3237 2324 3617
4816 4 2 1 1 2364 2972 1874 3089
4817 4 2 1 1 2889 3524 3094 3584
4818 4 2 1 1 774 773 2736 3357
4819 4 2 1 1 903 2792 3249 844
4820 4 2 1 1 2233 3804 3240 3480
4821 4 2 1 1 433 4041 2319 3620
4822 4 2 1 1 1910 3264 2392 3332
4823 4 2 1 1 3996 3922 1462 3341
4824 4 2 1 1 2452 3216 2078 3807
4825 4 2 1 1 2573 2841 1836 3576
4826 4 2 1 1 2889 3094 2239 3584
4827 4 2 1 1 2133 3261 3437 3896
4828 4 2 1 1 1078 2638 2753 2351
4829 4 2 1 1 2555 2669 1790 3630
4830 4 2 1 1 1841 2373 3145 3654
4831 4 2 1 1 1860 2510 2472 2696
4832 4 2 1 1 3996 3922 125 1462
4833 4 2 1 1 2594 3307 1862 3364
4834 4 2 1 1 1009 2983 1174 1144
4835 4 2 1 1 2171 3085 2686 3444
4836 4 2 1 1 858 3666 3083 953
4837 4 2 1 1 1948 2733 2270 3645
4838 4 2 1 1 1375 3118 2308 3297
4839 4 2 1 1 1858 2814 2479 3648
4840 4 2 1 1 1462 1288 3996 3341
4841 4 2 1 1 1901 3381 2530 1992
4842 4 2 1 1 948 2624 923 3150
4843 4 2 1 1 1778 2431 1768 2708
4844 4 2 1 1 1933 2594 2398 3702
4845 4 2 1 1 115 114 3995 1458
4846 4 2 1 1 2118 2880 2950 3179
4847 4 2 1 1 2382 2913 2203 3471
4848 4 2 1 1 2781 821 3652 820
4849 4 2 1 1 2386 3191 1965 3262
4850 4 2 1 1 2759 2907 1714 3779
4851 4 2 1 1 2590 3010 2595 3635
4852 4 2 1 1 591 3993 703 707
4853 4 2 1 1 943 3711 3885 2284
4854 4 2 1 1 577 2793 578 2910
4855 4 2 1 1 1920 2428 3050 3695
4856 4 2 1 1 1039 2426 1038 2679
4857 4 2 1 1 2329 509 505 510
4858 4 2 1 1 1948 2234 2733 3645
4859 4 2 1 1 2197 3274 2559 2618
4860 4 2 1 1 545 552 2304 3209
4861 4 2 1 1 114 3995 1458 1542
4862 4 2 1 1 2097 2709 2225 3561
4863 4 2 1 1 1640 1647 2303 3211
4864 4 2 1 1 1841 2429 2804 2106
4865 4 2 1 1 3416 2951 2508 2379
4866 4 2 1 1 2547 1855 3202 3676
4867 4 2 1 1 768 2561 767 3247
4868 4 2 1 1 3234 3423 2965 1838
4869 4 2 1 1 1885 3165 2917 3308
4870 4 2 1 1 2640 2777 2457 3155
4871 4 2 1 1 2211 2222 1936 3052
4872 4 2 1 1 1619 1613 2301 3105
4873 4 2 1 1 1624 1615 1625 3675
4874 4 2 1 1 3995 3906 115 1458
4875 4 2 1 1 2470 1916 3717 2816
4876 4 2 1 1 2292 2100 2462 3845
4877 4 2 1 1 1127 3370 2969 3527
4878 4 2 1 1 2221 3478 2572 3520
4879 4 2 1 1 2550 3162 2671 3508
4880 4 2 1 1 826 2764 2533 3594
4881 4 2 1 1 623 4039 3180 2674
4882 4 2 1 1 3150 3286 2289 3729
4883 4 2 1 1 1396 1506 1397 2748
4884 4 2 1 1 2450 2825 279 3047
4885 4 2 1 1 210 2555 356 2669
4886 4 2 1 1 1338 1347 2836 3129
4887 4 2 1 1 1458 1542 3995 2699
4888 4 2 1 1 2045 3057 2717 3560
4889 4 2 1 1 2474 3024 2028 3544
4890 4 2 1 1 3751 3758 1956 2667
4891 4 2 1 1 1964 2357 2686 3014
4892 4 2 1 1 2119 2883 2948 3181
4893 4 2 1 1 622 2248 2979 3178
4894 4 2 1 1 1649 1664 2230 3350
4895 4 2 1 1 1197 3972 2988 1020
4896 4 2 1 1 2456 3619 3115 1882
4897 4 2 1 1 3077 3658 518 511
4898 4 2 1 1 3995 3906 1458 2699
4899 4 2 1 1 622 2248 3178 616
4900 4 2 1 1 1636 2326 2635 1648
4901 4 2 1 1 4014 18 19 430
4902 4 2 1 1 1969 2428 2338 3172
4903 4 2 1 1 1204 1260 2861 2936
4904 4 2 1 1 3917 4039 625 708
4905 4 2 1 1 2122 1945 2902 3279
4906 4 2 1 1 4039 78 708 3917
4907 4 2 1 1 3911 1799 3994 2882
4908 4 2 1 1 1955 3351 2753 3878
4909 4 2 1 1 321 3981 2750 2404
4910 4 2 1 1 1903 2365 2989 3320
4911 4 2 1 1 2120 3593 2584 3796
4912 4 2 1 1 2945 2083 3750 3468
4913 4 2 1 1 3805 896 987 853
4914 4 2 1 1 3911 1799 34 3994
4915 4 2 1 1 1712 1711 1716 2962
4916 4 2 1 1 2569 2254 3201 3428
4917 4 2 1 1 2250 2869 2996 3296
4918 4 2 1 1 1929 2901 2432 2146
4919 4 2 1 1 2761 2734 2432 1369
4920 4 2 1 1 2997 2339 592 3397
4921 4 2 1 1 1889 3054 2224 3273
4922 4 2 1 1 2283 2690 2622 2899
4923 4 2 1 1 3248 3339 2222 1957
4924 4 2 1 1 1053 1062 2939 3133
4925 4 2 1 1 2417 3154 3567 3837
4926 4 2 1 1 33 3994 34 1799
4927 4 2 1 1 1180 3190 1182 1183
4928 4 2 1 1 837 813 814 3450
4929 4 2 1 1 33 2534 194 3994
4930 4 2 1 1 226 2512 224 2991
4931 4 2 1 1 885 962 824 3385
4932 4 2 1 1 408 2824 412 3148
4933 4 2 1 1 3994 1799 2534 2882
4934 4 2 1 1 2407 2886 3373 583
4935 4 2 1 1 1029 2632 1163 2731
4936 4 2 1 1 3174 3568 3165 2340
4937 4 2 1 1 1092 1080 1081 2855
4938 4 2 1 1 1946 2735 2250 2803
4939 4 2 1 1 2001 2797 2699 3416
4940 4 2 1 1 1848 2767 2665 3808
4941 4 2 1 1 3805 987 896 2644
4942 4 2 1 1 898 2931 2300 3571
4943 4 2 1 1 632 3184 2886 3373
4944 4 2 1 1 2158 3261 2449 3570
4945 4 2 1 1 2025 2471 3488 3712
4946 4 2 1 1 1170 108 109 3993
4947 4 2 1 1 1857 3246 2777 2175
4948 4 2 1 1 2579 3678 2269 3251
4949 4 2 1 1 1947 3195 2202 3725
4950 4 2 1 1 406 385 3592 3723
4951 4 2 1 1 2136 3615 1967 2795
4952 4 2 1 1 1934 2168 2689 3206
4953 4 2 1 1 1910 2393 2608 3421
4954 4 2 1 1 2622 2887 1772 3367
4955 4 2 1 1 2255 2368 3490 1907
4956 4 2 1 1 2990 3103 1855 2231
4957 4 2 1 1 2435 1996 2132 2397
4958 4 2 1 1 646 2291 513 3422
4959 4 2 1 1 2255 2368 3207 3490
4960 4 2 1 1 1901 3381 1992 2295
4961 4 2 1 1 526 3111 2418 3608
4962 4 2 1 1 1092 2855 1081 3868
4963 4 2 1 1 1326 3034 2480 3693
4964 4 2 1 1 1549 3176 2276 3299
4965 4 2 1 1 1850 2686 3085 3444
4966 4 2 1 1 3411 3772 2765 3547
4967 4 2 1 1 3611 2654 2212 1927
4968 4 2 1 1 2438 2651 1939 2171
4969 4 2 1 1 1784 1785 2483 3222
4970 4 2 1 1 204 450 2531 3147
4971 4 2 1 1 609 2744 548 3241
4972 4 2 1 1 783 780 2327 3042
4973 4 2 1 1 1385 2821 1443 1501
4974 4 2 1 1 2515 2605 1979 3287
4975 4 2 1 1 2138 1980 3875 3152
4976 4 2 1 1 725 481 734 3430
4977 4 2 1 1 439 2404 2825 3147
4978 4 2 1 1 951 2263 791 3011
4979 4 2 1 1 3993 3908 109 1170
4980 4 2 1 1 1938 2623 2314 2776
4981 4 2 1 1 2075 2814 2236 3648
4982 4 2 1 1 1888 2901 3730 3843
4983 4 2 1 1 3937 3460 2294 739
4984 4 2 1 1 2274 3013 2844 3882
4985 4 2 1 1 1877 3286 2454 3336
4986 4 2 1 1 1927 2658 2247 2742
4987 4 2 1 1 2118 2880 3179 2278
4988 4 2 1 1 2138 1980 2240 2626
4989 4 2 1 1 2765 3772 3411 1836
4990 4 2 1 1 1969 2383 2583 2915
4991 4 2 1 1 575 3947 693 3314
4992 4 2 1 1 2777 3155 2640 3478
4993 4 2 1 1 1918 2595 2590 3010
4994 4 2 1 1 3353 3428 1958 2090
4995 4 2 1 1 2230 3626 3170 3719
4996 4 2 1 1 1403 2419 2778 1404
4997 4 2 1 1 3635 3206 1866 2721
4998 4 2 1 1 2199 2036 3173 3756
4999 4 2 1 1 2388 2714 2670 2937
5000 4 2 1 1 3459 3314 690 2185
5001 4 2 1 1 631 536 526 2418
5002 4 2 1 1 607 571 2589 3258
5003 4 2 1 1 1850 2164 2551 2307
5004 4 2 1 1 2128 2941 3041 3782
5005 4 2 1 1 1063 2879 2266 3690
5006 4 2 1 1 2340 3165 1885 3308
5007 4 2 1 1 503 500 2626 2725
5008 4 2 1 1 1846 2465 2970 3139
5009 4 2 1 1 830 2368 811 3490
5010 4 2 1 1 3993 1170 108 1214
5011 4 2 1 1 2605 3287 2515 3427
5012 4 2 1 1 2116 2001 2817 3704
5013 4 2 1 1 3993 3908 1170 2997
5014 4 2 1 1 2371 3440 3090 3835
5015 4 2 1 1 2253 1954 2665 3225
5016 4 2 1 1 2461 1981 3069 3243
5017 4 2 1 1 1066 2293 2879 3690
5018 4 2 1 1 3993 1170 2339 2997
5019 4 2 1 1 3459 690 3314 691
5020 4 2 1 1 338 2803 2735 3773
5021 4 2 1 1 1418 2676 1419 2875
5022 4 2 1 1 1251 2336 3916 2988
5023 4 2 1 1 1888 3277 2686 3665
5024 4 2 1 1 2519 3350 3159 2113
5025 4 2 1 1 1187 1070 2380 3102
5026 4 2 1 1 279 2825 294 3047
5027 4 2 1 1 2066 2745 2615 3522
5028 4 2 1 1 2520 2954 1974 3568
5029 4 2 1 1 2067 2302 3088 2310
5030 4 2 1 1 2517 2523 2175 3246
5031 4 2 1 1 703 3993 2339 2997
5032 4 2 1 1 4010 485 3936 2699
5033 4 2 1 1 2283 1883 2690 2857
5034 4 2 1 1 2240 2145 3182 3322
5035 4 2 1 1 2005 2505 2101 3433
5036 4 2 1 1 1343 2191 1332 3777
5037 4 2 1 1 2654 3004 2061 3711
5038 4 2 1 1 1975 2507 2616 3291
5039 4 2 1 1 1186 3993 3359 1214
5040 4 2 1 1 1942 3646 2597 2659
5041 4 2 1 1 2476 2845 2093 3496
5042 4 2 1 1 389 3131 2645 3879
5043 4 2 1 1 1360 3092 2566 3817
5044 4 2 1 1 494 495 496 2451
5045 4 2 1 1 317 3597 318 316
5046 4 2 1 1 2246 3192 3325 3720
5047 4 2 1 1 2365 3550 709 3893
5048 4 2 1 1 1943 2546 2333 2987
5049 4 2 1 1 351 3822 3214 346
5050 4 2 1 1 688 3947 89 693
5051 4 2 1 1 1432 3968 1489 2306
5052 4 2 1 1 426 2538 3952 3452
5053 4 2 1 1 2075 2537 2367 3648
5054 4 2 1 1 2045 3560 2717 3601
5055 4 2 1 1 454 2714 2388 308
5056 4 2 1 1 1881 2533 3472 3751
5057 4 2 1 1 2163 2763 2395 3771
5058 4 2 1 1 3483 4021 3950 1581
5059 4 2 1 1 1898 3276 2565 3514
5060 4 2 1 1 1875 3135 2324 3153
5061 4 2 1 1 1230 3616 3219 1232
5062 4 2 1 1 2239 3037 2120 3584
5063 4 2 1 1 1186 3993 1214 1170
5064 4 2 1 1 2181 3244 3358 3392
5065 4 2 1 1 1977 2248 2904 3178
5066 4 2 1 1 1078 2638 2351 1072
5067 4 2 1 1 1246 2702 2330 3388
5068 4 2 1 1 2055 2818 2616 3291
5069 4 2 1 1 1899 2717 2243 2900
5070 4 2 1 1 2297 3027 2357 3730
5071 4 2 1 1 3090 3230 2165 3472
5072 4 2 1 1 183 182 3992 1734
5073 4 2 1 1 770 3357 3260 3885
5074 4 2 1 1 1957 2480 2222 3248
5075 4 2 1 1 1963 3013 2387 3882
5076 4 2 1 1 2387 3013 2274 3882
5077 4 2 1 1 1273 1014 2319 3080
5078 4 2 1 1 2030 2860 2281 3415
5079 4 2 1 1 3195 3390 1947 2202
5080 4 2 1 1 1480 2856 2405 3250
5081 4 2 1 1 2579 3277 2022 3538
5082 4 2 1 1 1209 1074 1038 2679
5083 4 2 1 1 2884 2309 1723 3707
5084 4 2 1 1 1952 2196 2894 2451
5085 4 2 1 1 1522 1463 2463 3341
5086 4 2 1 1 2735 339 338 3773
5087 4 2 1 1 429 433 3989 2319
5088 4 2 1 1 1734 3992 183 1563
5089 4 2 1 1 325 3939 2680 3072
5090 4 2 1 1 3992 3912 1734 182
5091 4 2 1 1 2197 1854 2559 3323
5092 4 2 1 1 2074 3075 2525 3664
5093 4 2 1 1 3159 3350 2519 1738
5094 4 2 1 1 2965 3234 2075 3423
5095 4 2 1 1 1615 2259 1764 3675
5096 4 2 1 1 557 3209 545 3552
5097 4 2 1 1 885 824 2585 3385
5098 4 2 1 1 2312 2430 2008 3650
5099 4 2 1 1 2037 2358 2874 3290
5100 4 2 1 1 2080 2964 2868 3575
5101 4 2 1 1 781 791 951 2263
5102 4 2 1 1 2216 2010 2743 2914
5103 4 2 1 1 2617 3941 3071 750
5104 4 2 1 1 1169 1168 1166 3529
5105 4 2 1 1 1150 2993 2343 3402
5106 4 2 1 1 3733 2510 2637 2056
5107 4 2 1 1 3327 2325 3021 646
5108 4 2 1 1 689 3172 2685 3852
5109 4 2 1 1 2244 2134 2659 1942
5110 4 2 1 1 3897 2042 3341 2588
5111 4 2 1 1 1976 2692 2455 2911
5112 4 2 1 1 2201 3488 3101 3839
5113 4 2 1 1 3992 3912 3384 1734
5114 4 2 1 1 914 898 2300 3571
5115 4 2 1 1 1972 2497 2419 2844
5116 4 2 1 1 2419 2497 1963 2844
5117 4 2 1 1 2456 3619 1882 3182
5118 4 2 1 1 1885 2189 2917 3165
5119 4 2 1 1 2670 2714 2090 3428
5120 4 2 1 1 1683 1800 2788 3628
5121 4 2 1 1 2354 2795 1967 3031
5122 4 2 1 1 2041 2386 3282 3728
5123 4 2 1 1 1976 2255 2368 3207
5124 4 2 1 1 1103 1238 1137 3196
5125 4 2 1 1 2351 2638 1959 3133
5126 4 2 1 1 319 2489 2768 3377
5127 4 2 1 1 2610 2839 1882 3392
5128 4 2 1 1 2931 2979 1977 3178
5129 4 2 1 1 3255 2613 2966 2000
5130 4 2 1 1 1834 2206 2478 3643
5131 4 2 1 1 765 2424 766 2718
5132 4 2 1 1 1762 3992 3384 1734
5133 4 2 1 1 3963 1474 3991 3343
5134 4 2 1 1 3963 1474 127 3991
5135 4 2 1 1 126 127 1474 3991
5136 4 2 1 1 2391 3212 2180 3218
5137 4 2 1 1 1776 2427 2681 3003
5138 4 2 1 1 775 2611 774 2736
5139 4 2 1 1 1038 2679 2426 2961
5140 4 2 1 1 3818 2079 2322 3439
5141 4 2 1 1 2534 2775 415 3193
5142 4 2 1 1 3177 1962 2387 2812
5143 4 2 1 1 2473 2530 2109 3588
5144 4 2 1 1 1296 1435 1549 2826
5145 4 2 1 1 1948 2789 2234 3645
5146 4 2 1 1 1976 2769 2457 2777
5147 4 2 1 1 1843 3593 2120 3796
5148 4 2 1 1 2262 2822 2720 2995
5149 4 2 1 1 1774 1595 3039 3475
5150 4 2 1 1 3054 3434 2231 3280
5151 4 2 1 1 1914 2436 2095 3625
5152 4 2 1 1 2051 3246 2777 3349
5153 4 2 1 1 2264 1475 1332 2932
5154 4 2 1 1 1994 2884 2446 2993
5155 4 2 1 1 1881 2417 3087 3103
5156 4 2 1 1 2368 2572 1907 2640
5157 4 2 1 1 2611 2736 775 3768
5158 4 2 1 1 1864 3520 2221 2572
5159 4 2 1 1 2296 3142 2958 3696
5160 4 2 1 1 1325 1475 1327 2264
5161 4 2 1 1 3991 3922 1474 126
5162 4 2 1 1 2327 3094 1956 3188
5163 4 2 1 1 1016 3968 164 1263
5164 4 2 1 1 2042 2588 2833 3328
5165 4 2 1 1 3606 3860 3501 3163
5166 4 2 1 1 2492 3020 1199 3175
5167 4 2 1 1 3991 3922 3343 1474
5168 4 2 1 1 2614 3257 2107 3502
5169 4 2 1 1 1252 2978 1121 3402
5170 4 2 1 1 1858 2236 3291 2020
5171 4 2 1 1 2531 3623 3391 3685
5172 4 2 1 1 3418 1033 111 3990
5173 4 2 1 1 1911 2504 2396 3804
5174 4 2 1 1 856 2282 805 3284
5175 4 2 1 1 1964 2785 2357 3414
5176 4 2 1 1 3990 3908 2615 1033
5177 4 2 1 1 1591 2553 1763 3003
5178 4 2 1 1 3604 3553 2153 2284
5179 4 2 1 1 111 110 3990 1033
5180 4 2 1 1 2528 2217 2929 3613
5181 4 2 1 1 3610 2664 3658 2725
5182 4 2 1 1 1902 2758 2527 3637
5183 4 2 1 1 1184 2306 2612 3587
5184 4 2 1 1 3000 3043 3785 3486
5185 4 2 1 1 3990 3908 1033 110
5186 4 2 1 1 1914 2095 2547 3625
5187 4 2 1 1 2551 2906 2511 3371
5188 4 2 1 1 1033 2615 3990 3418
5189 4 2 1 1 897 2644 987 3603
5190 4 2 1 1 719 2847 3306 695
5191 4 2 1 1 2094 2668 2393 3264
5192 4 2 1 1 2374 2840 2154 3686
5193 4 2 1 1 1912 3012 2187 3408
5194 4 2 1 1 2153 3604 2654 3861
5195 4 2 1 1 3028 3240 3480 2233
5196 4 2 1 1 424 3969 2347 3519
5197 4 2 1 1 1444 1399 1532 3467
5198 4 2 1 1 2143 3325 3192 3720
5199 4 2 1 1 1196 4000 2488 2897
5200 4 2 1 1 620 625 2300 3180
5201 4 2 1 1 2721 3420 2114 3881
5202 4 2 1 1 2361 2139 2724 3855
5203 4 2 1 1 2206 3059 2478 3643
5204 4 2 1 1 1185 1102 1142 2358
5205 4 2 1 1 2873 2916 1944 3300
5206 4 2 1 1 1844 2243 2587 2661
5207 4 2 1 1 827 2433 2764 3594
5208 4 2 1 1 1204 1119 1253 2861
5209 4 2 1 1 3211 3869 2653 1923
5210 4 2 1 1 1894 2403 2448 3437
5211 4 2 1 1 2267 2851 2724 3670
5212 4 2 1 1 1846 2244 2599 2659
5213 4 2 1 1 3989 1274 48 1014
5214 4 2 1 1 1849 2459 2709 2813
5215 4 2 1 1 425 257 418 3195
5216 4 2 1 1 1311 3174 1363 3701
5217 4 2 1 1 2410 2114 2721 3420
5218 4 2 1 1 193 2404 439 3147
5219 4 2 1 1 3989 48 49 1014
5220 4 2 1 1 3054 3434 3280 2054
5221 4 2 1 1 2703 3006 2365 3026
5222 4 2 1 1 2871 2893 2012 2952
5223 4 2 1 1 420 277 361 2487
5224 4 2 1 1 1918 2302 2728 3010
5225 4 2 1 1 2385 1978 3501 3606
5226 4 2 1 1 1934 2168 2275 2733
5227 4 2 1 1 719 2847 695 621
5228 4 2 1 1 2665 2737 2253 3808
5229 4 2 1 1 2188 2663 2770 3153
5230 4 2 1 1 1359 2740 2333 2944
5231 4 2 1 1 2060 2665 2767 3808
5232 4 2 1 1 2594 2660 2098 2820
5233 4 2 1 1 1878 3282 2367 3503
5234 4 2 1 1 1958 2460 2254 3653
5235 4 2 1 1 2227 3826 2582 2905
5236 4 2 1 1 2391 2180 3212 3769
5237 4 2 1 1 2185 2635 2394 3314
5238 4 2 1 1 3989 3942 1014 49
5239 4 2 1 1 1912 2535 2187 3012
5240 4 2 1 1 2235 2265 3537 3746
5241 4 2 1 1 2202 2332 3238 3806
5242 4 2 1 1 1834 2730 2260 3484
5243 4 2 1 1 3574 3263 3060 1865
5244 4 2 1 1 352 2727 372 3819
5245 4 2 1 1 340 2735 2250 3255
5246 4 2 1 1 351 3822 346 3582
5247 4 2 1 1 2195 2570 1987 3062
5248 4 2 1 1 1943 2333 2944 2987
5249 4 2 1 1 2089 2875 2434 3612
5250 4 2 1 1 3989 3942 3080 1014
5251 4 2 1 1 371 359 455 2987
5252 4 2 1 1 316 2507 3289 3597
5253 4 2 1 1 1917 2671 2550 3162
5254 4 2 1 1 1554 2463 1389 1519
5255 4 2 1 1 1842 2992 2541 3686
5256 4 2 1 1 1236 1199 3020 3175
5257 4 2 1 1 2029 2592 2904 3178
5258 4 2 1 1 2957 1891 2573 2719
5259 4 2 1 1 466 3975 3930 2674
5260 4 2 1 1 2032 2676 2705 1903
5261 4 2 1 1 1624 2798 1614 3030
5262 4 2 1 1 2262 2668 2051 3847
5263 4 2 1 1 2525 2864 2108 3381
5264 4 2 1 1 2158 2448 3064 3812
5265 4 2 1 1 2102 2009 3331 2631
5266 4 2 1 1 2769 3592 385 3723
5267 4 2 1 1 2694 1813 2309 1724
5268 4 2 1 1 2163 2734 2466 3718
5269 4 2 1 1 1865 2634 2248 3187
5270 4 2 1 1 2470 1916 2816 3128
5271 4 2 1 1 2872 2439 3347 1912
5272 4 2 1 1 1962 2482 2414 3460
5273 4 2 1 1 2363 2663 2070 2188
5274 4 2 1 1 1494 1392 1478 2323
5275 4 2 1 1 2244 2600 1942 3646
5276 4 2 1 1 2086 2526 2310 3474
5277 4 2 1 1 3260 3357 2153 3885
5278 4 2 1 1 577 556 2227 3632
5279 4 2 1 1 2360 2140 3629 3706
5280 4 2 1 1 851 970 850 3194
5281 4 2 1 1 1953 2823 2228 3064
5282 4 2 1 1 2017 2205 2619 2705
5283 4 2 1 1 2352 2886 583 3697
5284 4 2 1 1 2529 2045 2862 3738
5285 4 2 1 1 3989 2319 1014 3080
5286 4 2 1 1 2050 2676 2422 3320
5287 4 2 1 1 2216 2984 1681 2985
5288 4 2 1 1 1956 2454 2923 3094
5289 4 2 1 1 2181 3161 3220 3392
5290 4 2 1 1 2013 2868 2849 2992
5291 4 2 1 1 2439 2842 554 3258
5292 4 2 1 1 2893 2496 2908 2086
5293 4 2 1 1 2625 3019 1125 3532
5294 4 2 1 1 928 968 970 3194
5295 4 2 1 1 3989 4041 433 48
5296 4 2 1 1 1906 2522 2320 3168
5297 4 2 1 1 2081 2288 2969 3408
5298 4 2 1 1 1524 1399 1509 2944
5299 4 2 1 1 785 783 782 2327
5300 4 2 1 1 738 4039 942 77
5301 4 2 1 1 2556 2982 2114 2410
5302 4 2 1 1 3935 3072 2768 3902
5303 4 2 1 1 386 2737 2253 3193
5304 4 2 1 1 2929 3098 2367 3503
5305 4 2 1 1 2135 2661 3514 3526
5306 4 2 1 1 785 2327 782 3171
5307 4 2 1 1 2618 3449 2930 2076
5308 4 2 1 1 3818 2079 3439 2887
5309 4 2 1 1 1286 3988 3961 3157
5310 4 2 1 1 221 2348 2545 3667
5311 4 2 1 1 2214 3576 2841 3684
5312 4 2 1 1 2029 2904 2847 3178
5313 4 2 1 1 803 826 3127 3594
5314 4 2 1 1 1494 2323 1478 3660
5315 4 2 1 1 2507 3266 3195 3510
5316 4 2 1 1 2401 3136 2954 3677
5317 4 2 1 1 3548 1716 3630 2962
5318 4 2 1 1 1955 2753 2372 3400
5319 4 2 1 1 1869 2257 2129 2782
5320 4 2 1 1 2254 2714 2670 3428
5321 4 2 1 1 1522 3341 2588 3897
5322 4 2 1 1 2446 2884 2309 3363
5323 4 2 1 1 1919 2570 2405 3124
5324 4 2 1 1 1899 2723 2598 3600
5325 4 2 1 1 1969 3063 2685 3852
5326 4 2 1 1 2167 2578 3016 3059
5327 4 2 1 1 4025 29 419 414
5328 4 2 1 1 715 629 2615 2745
5329 4 2 1 1 2173 2068 3496 2639
5330 4 2 1 1 2146 2901 2432 3730
5331 4 2 1 1 1962 3460 2387 3876
5332 4 2 1 1 3271 4025 2390 1564
5333 4 2 1 1 1841 2804 2298 2106
5334 4 2 1 1 1498 2740 1346 2836
5335 4 2 1 1 3566 3715 2166 2277
5336 4 2 1 1 2742 3604 2153 3861
5337 4 2 1 1 2042 2833 2485 3328
5338 4 2 1 1 1113 2235 1165 3189
5339 4 2 1 1 1894 2448 2980 3064
5340 4 2 1 1 2888 2895 2328 3888
5341 4 2 1 1 2379 3061 993 3438
5342 4 2 1 1 2253 2665 1954 2737
5343 4 2 1 1 2312 2430 3288 3706
5344 4 2 1 1 2534 3929 363 2775
5345 4 2 1 1 1286 3988 3157 1534
5346 4 2 1 1 3621 3169 2076 2472
5347 4 2 1 1 3220 3244 2181 3392
5348 4 2 1 1 2488 1790 2669 3630
5349 4 2 1 1 2113 2741 2394 3159
5350 4 2 1 1 2174 2963 2365 2989
5351 4 2 1 1 1975 3291 2616 3613
5352 4 2 1 1 528 2452 3216 2935
5353 4 2 1 1 2340 2466 3165 3174
5354 4 2 1 1 408 2824 3148 3865
5355 4 2 1 1 2061 3140 2751 3604
5356 4 2 1 1 1935 2315 2499 3626
5357 4 2 1 1 2209 2390 1923 3869
5358 4 2 1 1 2463 2706 2042 3341
5359 4 2 1 1 3259 2889 3757 2178
5360 4 2 1 1 1894 2448 3261 3437
5361 4 2 1 1 1901 3507 2715 3744
5362 4 2 1 1 2026 2883 2279 3453
5363 4 2 1 1 1956 3758 3751 2506
5364 4 2 1 1 759 997 977 2538
5365 4 2 1 1 989 3941 750 3071
5366 4 2 1 1 1063 2266 2879 3133
5367 4 2 1 1 1107 1093 2226 3868
5368 4 2 1 1 2727 3432 230 3606
5369 4 2 1 1 2307 2863 2707 3578
5370 4 2 1 1 601 735 547 2989
5371 4 2 1 1 2863 3329 2707 3578
5372 4 2 1 1 719 2847 621 3178
5373 4 2 1 1 1685 3063 2383 3509
5374 4 2 1 1 1534 65 64 3988
5375 4 2 1 1 1851 2728 2445 3882
5376 4 2 1 1 2016 2533 2990 3434
5377 4 2 1 1 3988 3940 1534 65
5378 4 2 1 1 2024 2880 2278 2129
5379 4 2 1 1 3292 3309 2285 3313
5380 4 2 1 1 1915 2191 2896 3371
5381 4 2 1 1 2720 1978 2646 3355
5382 4 2 1 1 1885 2917 2189 2232
5383 4 2 1 1 3638 3331 1638 2631
5384 4 2 1 1 1611 2899 2283 3857
5385 4 2 1 1 750 3433 883 882
5386 4 2 1 1 650 3931 717 3218
5387 4 2 1 1 1295 2706 1463 3341
5388 4 2 1 1 2884 1723 2309 3363
5389 4 2 1 1 1080 2377 1207 2938
5390 4 2 1 1 1986 2161 2790 2946
5391 4 2 1 1 3897 2042 2588 2833
5392 4 2 1 1 2455 3249 2392 3332
5393 4 2 1 1 1840 3309 2134 3313
5394 4 2 1 1 577 2910 710 3632
5395 4 2 1 1 1260 3914 2936 1203
5396 4 2 1 1 2525 1992 3381 2295
5397 4 2 1 1 625 656 620 2300
5398 4 2 1 1 2099 3055 2655 3177
5399 4 2 1 1 2715 3886 2948 1992
5400 4 2 1 1 238 2262 239 3167
5401 4 2 1 1 2282 2781 805 3284
5402 4 2 1 1 3937 3460 739 983
5403 4 2 1 1 2445 2211 3010 3210
5404 4 2 1 1 3988 3940 3492 1534
5405 4 2 1 1 951 2263 3011 3150
5406 4 2 1 1 1937 2346 2976 2142
5407 4 2 1 1 1549 1296 2276 3176
5408 4 2 1 1 1875 2770 2663 3153
5409 4 2 1 1 1873 2949 2234 3645
5410 4 2 1 1 1534 3988 3157 3492
5411 4 2 1 1 2086 3474 2310 2557
5412 4 2 1 1 3703 2189 2232 1885
5413 4 2 1 1 1332 2932 2191 2264
5414 4 2 1 1 2948 3886 2715 2047
5415 4 2 1 1 2407 2886 583 2352
5416 4 2 1 1 2150 2646 2541 3686
5417 4 2 1 1 1380 1369 1391 2734
5418 4 2 1 1 1610 2899 1611 3857
5419 4 2 1 1 3906 1460 3949 116
5420 4 2 1 1 2469 2719 1950 2957
5421 4 2 1 1 2122 1945 3279 2877
5422 4 2 1 1 3483 4021 2620 1030
5423 4 2 1 1 3906 1460 2797 3949
5424 4 2 1 1 2406 2798 1966 3030
5425 4 2 1 1 1328 1342 2222 3465
5426 4 2 1 1 1460 116 117 3949
5427 4 2 1 1 2228 2980 2681 3084
5428 4 2 1 1 1403 2419 1404 1405
5429 4 2 1 1 1681 3603 2984 2216
5430 4 2 1 1 3949 1538 3473 1292
5431 4 2 1 1 2247 1927 2742 3861
5432 4 2 1 1 1977 2718 2799 3571
5433 4 2 1 1 2984 3603 1681 1568
5434 4 2 1 1 1453 1454 2336 2994
5435 4 2 1 1 2035 3269 3045 3513
5436 4 2 1 1 2471 2023 3087 3316
5437 4 2 1 1 1948 2393 2733 3421
5438 4 2 1 1 2659 1942 2134 1897
5439 4 2 1 1 2033 2635 2362 3367
5440 4 2 1 1 1773 1673 1651 2362
5441 4 2 1 1 3987 83 5 998
5442 4 2 1 1 1920 2515 2583 3160
5443 4 2 1 1 232 3163 237 3860
5444 4 2 1 1 1851 2766 2728 3882
5445 4 2 1 1 2327 2624 1983 3042
5446 4 2 1 1 1215 3396 1061 3874
5447 4 2 1 1 2213 2621 1886 2749
5448 4 2 1 1 2206 2729 2478 3059
5449 4 2 1 1 2328 2895 1985 3262
5450 4 2 1 1 2298 2527 1902 3535
5451 4 2 1 1 2395 2421 1999 2763
5452 4 2 1 1 1998 2765 2399 3804
5453 4 2 1 1 2945 2083 3468 2493
5454 4 2 1 1 2861 3464 2936 3587
5455 4 2 1 1 2206 2934 2607 3900
5456 4 2 1 1 2357 3027 1888 3730
5457 4 2 1 1 2464 3842 2499 1914
5458 4 2 1 1 1411 2508 3092 3361
5459 4 2 1 1 2477 1902 2125 3224
5460 4 2 1 1 1930 2760 2166 3790
5461 4 2 1 1 1347 1368 2836 3297
5462 4 2 1 1 2675 2970 2104 3139
5463 4 2 1 1 158 3987 5 998
5464 4 2 1 1 2228 2681 1921 3003
5465 4 2 1 1 805 856 794 2282
5466 4 2 1 1 575 3947 3314 2394
5467 4 2 1 1 3955 3987 998 83
5468 4 2 1 1 2569 2651 2171 3085
5469 4 2 1 1 1705 1639 1661 3199
5470 4 2 1 1 1770 2771 2324 2878
5471 4 2 1 1 1980 2456 3182 2278
5472 4 2 1 1 2474 3506 2085 3742
5473 4 2 1 1 2268 1987 2593 3448
5474 4 2 1 1 792 2843 3011 3518
5475 4 2 1 1 2031 2402 2311 2747
5476 4 2 1 1 2385 2991 229 3163
5477 4 2 1 1 3045 3269 2233 3513
5478 4 2 1 1 1650 1690 1780 2394
5479 4 2 1 1 2028 2273 3022 3544
5480 4 2 1 1 1926 2202 2545 3806
5481 4 2 1 1 3955 3987 2788 998
5482 4 2 1 1 2118 3787 2880 2278
5483 4 2 1 1 1933 2594 2377 2820
5484 4 2 1 1 1538 1416 1414 3215
5485 4 2 1 1 827 2433 3594 841
5486 4 2 1 1 2739 3809 2171 2453
5487 4 2 1 1 1926 2443 3059 3225
5488 4 2 1 1 633 3958 731 645
5489 4 2 1 1 1849 2709 2691 3351
5490 4 2 1 1 3987 998 3966 2788
5491 4 2 1 1 3986 161 162 1465
5492 4 2 1 1 2636 3803 1908 2358
5493 4 2 1 1 1713 1714 2907 3779
5494 4 2 1 1 2673 1253 1119 2861
5495 4 2 1 1 2124 2553 2403 3003
5496 4 2 1 1 2238 2429 3500 3824
5497 4 2 1 1 393 2534 415 3193
5498 4 2 1 1 3096 3475 2267 2144
5499 4 2 1 1 1829 1797 1580 2538
5500 4 2 1 1 655 2452 528 514
5501 4 2 1 1 3986 3907 161 1465
5502 4 2 1 1 3926 1698 1560 2685
5503 4 2 1 1 2184 2774 2119 3557
5504 4 2 1 1 2394 2635 1925 2829
5505 4 2 1 1 3959 1173 1274 3620
5506 4 2 1 1 1943 2400 2388 2987
5507 4 2 1 1 163 3986 1291 3914
5508 4 2 1 1 2198 3276 2565 3883
5509 4 2 1 1 2243 2900 2587 3634
5510 4 2 1 1 2414 1944 2916 3300
5511 4 2 1 1 465 3983 2481 3927
5512 4 2 1 1 2039 3238 2544 2332
5513 4 2 1 1 913 2255 3207 3490
5514 4 2 1 1 1861 2493 3408 3755
5515 4 2 1 1 1265 3909 3554 2484
5516 4 2 1 1 674 2205 2886 3184
5517 4 2 1 1 2121 2238 3024 3713
5518 4 2 1 1 2281 2860 2126 3415
5519 4 2 1 1 3895 3840 2302 1918
5520 4 2 1 1 1264 3497 3932 3529
5521 4 2 1 1 1318 2827 2447 3718
5522 4 2 1 1 2770 1966 2259 3065
5523 4 2 1 1 2512 2991 226 3432
5524 4 2 1 1 2066 2615 3418 3522
5525 4 2 1 1 2043 3310 3157 3811
5526 4 2 1 1 1359 2333 1520 2944
5527 4 2 1 1 3621 3169 2472 2607
5528 4 2 1 1 2450 3038 3598 2091
5529 4 2 1 1 3307 3464 2596 3528
5530 4 2 1 1 2060 2737 2665 3808
5531 4 2 1 1 2101 2585 3433 3745
5532 4 2 1 1 2248 615 3884 3376
5533 4 2 1 1 2227 3826 2905 2021
5534 4 2 1 1 2963 3134 2116 2989
5535 4 2 1 1 291 2253 398 386
5536 4 2 1 1 2504 2078 3239 3480
5537 4 2 1 1 1291 3986 162 1465
5538 4 2 1 1 3574 3263 1865 3626
5539 4 2 1 1 1177 2319 1274 3620
5540 4 2 1 1 1466 3986 2509 2936
5541 4 2 1 1 2082 2576 2815 3221
5542 4 2 1 1 1991 2527 3302 3365
5543 4 2 1 1 2479 2814 2058 3234
5544 4 2 1 1 1841 3538 2373 3654
5545 4 2 1 1 3986 3907 1465 2509
5546 4 2 1 1 2720 2646 1978 2787
5547 4 2 1 1 1005 2489 929 3668
5548 4 2 1 1 3656 2679 2412 2229
5549 4 2 1 1 3910 641 2592 3306
5550 4 2 1 1 2227 3826 2021 2793
5551 4 2 1 1 2403 2553 2228 3003
5552 4 2 1 1 2159 2926 2285 3046
5553 4 2 1 1 739 2294 985 3460
5554 4 2 1 1 1904 2402 2567 3753
5555 4 2 1 1 3897 2042 2833 2407
5556 4 2 1 1 897 2644 3603 3333
5557 4 2 1 1 1861 2755 2548 3001
5558 4 2 1 1 890 3985 3257 752
5559 4 2 1 1 1961 1875 2878 3149
5560 4 2 1 1 1166 3189 1165 3497
5561 4 2 1 1 1906 2549 2522 2837
5562 4 2 1 1 2972 3089 2364 3379
5563 4 2 1 1 2724 2941 2774 3782
5564 4 2 1 1 1943 2092 2400 2944
5565 4 2 1 1 1876 2211 2511 3052
5566 4 2 1 1 3144 3496 2173 3763
5567 4 2 1 1 3985 71 72 752
5568 4 2 1 1 1953 2383 2583 3160
5569 4 2 1 1 1837 2318 2663 2070
5570 4 2 1 1 752 3985 71 938
5571 4 2 1 1 1192 4004 2483 3912
5572 4 2 1 1 3985 3919 752 72
5573 4 2 1 1 2173 2639 2776 3089
5574 4 2 1 1 2222 1936 3052 3465
5575 4 2 1 1 1979 2494 2309 2694
5576 4 2 1 1 3985 3919 3257 752
5577 4 2 1 1 321 2404 411 193
5578 4 2 1 1 2289 2624 1956 3171
5579 4 2 1 1 2010 2613 2337 3229
5580 4 2 1 1 2759 3056 2665 2100
5581 4 2 1 1 2313 2680 2040 3377
5582 4 2 1 1 2231 3104 3054 1855
5583 4 2 1 1 1230 3616 1232 1164
5584 4 2 1 1 2746 3470 2671 1879
5585 4 2 1 1 1935 2464 2353 3015
5586 4 2 1 1 987 2216 746 3603
5587 4 2 1 1 1362 2508 1412 3215
5588 4 2 1 1 943 954 789 3711
5589 4 2 1 1 814 3249 837 3450
5590 4 2 1 1 290 3193 413 407
5591 4 2 1 1 2218 2370 3437 3540
5592 4 2 1 1 1872 2258 3453 3547
5593 4 2 1 1 274 3481 285 3353
5594 4 2 1 1 1903 3320 2676 2705
5595 4 2 1 1 3016 3390 3059 1926
5596 4 2 1 1 491 492 2927 2451
5597 4 2 1 1 3263 3350 3060 2113
5598 4 2 1 1 2441 2919 2710 2976
5599 4 2 1 1 2376 2924 2978 3441
5600 4 2 1 1 2312 2881 1089 3228
5601 4 2 1 1 2438 2550 2058 3162
5602 4 2 1 1 2547 3054 2224 3158
5603 4 2 1 1 2878 1875 1961 2324
5604 4 2 1 1 2116 2001 3704 2797
5605 4 2 1 1 3199 3537 2265 3746
5606 4 2 1 1 2167 1997 3059 2473
5607 4 2 1 1 1955 2372 2591 3124
5608 4 2 1 1 2226 2594 3702 3867
5609 4 2 1 1 3058 3790 2760 1893
5610 4 2 1 1 1721 3069 2851 3243
5611 4 2 1 1 33 194 2534 364
5612 4 2 1 1 2040 3072 2768 3377
5613 4 2 1 1 1649 1633 1648 2326
5614 4 2 1 1 2007 3730 2297 3764
5615 4 2 1 1 2822 2995 2270 3645
5616 4 2 1 1 2311 3166 2402 3515
5617 4 2 1 1 2497 3013 2844 3688
5618 4 2 1 1 3373 3184 3677 2656
5619 4 2 1 1 842 2764 2433 3504
5620 4 2 1 1 2334 2496 2211 2015
5621 4 2 1 1 319 2768 460 3072
5622 4 2 1 1 2767 1989 2203 2998
5623 4 2 1 1 2491 3078 2133 3079
5624 4 2 1 1 3989 1274 1014 2319
5625 4 2 1 1 2210 2367 3282 3731
5626 4 2 1 1 2677 2314 1924 3769
5627 4 2 1 1 221 2545 2348 3195
5628 4 2 1 1 1971 2376 2601 2924
5629 4 2 1 1 3834 3280 2764 2684
5630 4 2 1 1 2767 2203 1989 2749
5631 4 2 1 1 2751 1988 2204 3000
5632 4 2 1 1 3150 3284 2289 3286
5633 4 2 1 1 311 284 3377 3454
5634 4 2 1 1 3984 122 121 1451
5635 4 2 1 1 3984 1473 122 1451
5636 4 2 1 1 2402 3515 3166 3827
5637 4 2 1 1 1956 2624 2289 3094
5638 4 2 1 1 252 2460 357 3226
5639 4 2 1 1 949 2255 3490 3899
5640 4 2 1 1 1295 1519 1463 2706
5641 4 2 1 1 3984 3934 1451 121
5642 4 2 1 1 3581 3845 2462 2100
5643 4 2 1 1 2574 2951 2817 1863
5644 4 2 1 1 1962 3110 2655 3177
5645 4 2 1 1 2590 2721 3421 2275
5646 4 2 1 1 1574 1795 1790 2555
5647 4 2 1 1 1919 2421 2395 2163
5648 4 2 1 1 2353 2690 1883 2857
5649 4 2 1 1 416 3193 415 2775
5650 4 2 1 1 2158 2133 3079 2449
5651 4 2 1 1 2606 3478 2777 3655
5652 4 2 1 1 3102 3833 1965 2380
5653 4 2 1 1 229 2991 2385 3432
5654 4 2 1 1 3677 3184 3373 2886
5655 4 2 1 1 2330 1909 2495 3388
5656 4 2 1 1 571 606 2589 2830
5657 4 2 1 1 2227 3826 2793 2582
5658 4 2 1 1 1820 1680 2984 3321
5659 4 2 1 1 2372 2753 1104 3400
5660 4 2 1 1 3459 1925 2741 2394
5661 4 2 1 1 3373 1974 3677 2886
5662 4 2 1 1 2385 2727 2044 2840
5663 4 2 1 1 1978 2727 2385 2840
5664 4 2 1 1 2051 2650 3246 3349
5665 4 2 1 1 3933 3214 192 434
5666 4 2 1 1 2241 2618 1884 3449
5667 4 2 1 1 2591 1955 3186 3680
5668 4 2 1 1 1889 2742 2247 3443
5669 4 2 1 1 649 648 650 2391
5670 4 2 1 1 1975 2358 2319 3597
5671 4 2 1 1 1958 2254 3353 3653
5672 4 2 1 1 1038 2426 1037 2961
5673 4 2 1 1 1908 2636 3290 3621
5674 4 2 1 1 696 3732 697 3159
5675 4 2 1 1 1975 2983 2885 3613
5676 4 2 1 1 2078 2504 2957 3480
5677 4 2 1 1 3519 1801 1689 1572
5678 4 2 1 1 825 831 823 2251
5679 4 2 1 1 1675 2219 2747 3166
5680 4 2 1 1 2193 2684 968 3151
5681 4 2 1 1 1901 2715 2940 3744
5682 4 2 1 1 1441 3984 1451 1473
5683 4 2 1 1 2507 3195 3266 1947
5684 4 2 1 1 2161 1986 2790 2095
5685 4 2 1 1 3876 3197 1963 2294
5686 4 2 1 1 1906 2655 2522 3168
5687 4 2 1 1 2228 2553 2403 3354
5688 4 2 1 1 2141 3383 3154 3434
5689 4 2 1 1 1964 2932 2785 3414
5690 4 2 1 1 639 3908 2615 3990
5691 4 2 1 1 2010 2914 2216 2984
5692 4 2 1 1 3297 3307 2596 3528
5693 4 2 1 1 1903 2875 2963 3612
5694 4 2 1 1 3834 3280 2684 2141
5695 4 2 1 1 2427 3003 1776 3734
5696 4 2 1 1 2391 3212 2677 3769
5697 4 2 1 1 1983 2239 3094 3188
5698 4 2 1 1 2211 3424 3010 3573
5699 4 2 1 1 639 3908 472 2615
5700 4 2 1 1 1987 2988 2484 3062
5701 4 2 1 1 3984 3934 2656 1451
5702 4 2 1 1 1921 3003 2427 3469
5703 4 2 1 1 1004 2410 3420 3668
5704 4 2 1 1 2376 2924 1971 2978
5705 4 2 1 1 2171 2651 1939 3027
5706 4 2 1 1 2086 2898 2557 2908
5707 4 2 1 1 2054 3158 3625 3784
5708 4 2 1 1 2699 2797 2001 3430
5709 4 2 1 1 2244 2134 2599 2659
5710 4 2 1 1 2496 2526 2086 2828
5711 4 2 1 1 2272 2368 2000 3873
5712 4 2 1 1 2525 2992 2295 3409
5713 4 2 1 1 460 3935 3072 2768
5714 4 2 1 1 340 341 342 2250
5715 4 2 1 1 1833 3164 2496 3573
5716 4 2 1 1 105 106 1188 3983
5717 4 2 1 1 2759 2665 3056 1954
5718 4 2 1 1 2277 660 3050 3172
5719 4 2 1 1 1010 3983 106 3927
5720 4 2 1 1 529 3615 520 3651
5721 4 2 1 1 3983 3536 1188 105
5722 4 2 1 1 1948 2262 2650 2720
5723 4 2 1 1 2585 2617 883 3559
5724 4 2 1 1 3260 3861 3479 2153
5725 4 2 1 1 2618 2819 1884 3366
5726 4 2 1 1 2054 3625 2436 3784
5727 4 2 1 1 672 2277 660 3642
5728 4 2 1 1 1893 3322 2198 3683
5729 4 2 1 1 2748 2854 2222 3339
5730 4 2 1 1 2256 1935 3626 3719
5731 4 2 1 1 326 2486 3265 3122
5732 4 2 1 1 3714 3753 2441 2986
5733 4 2 1 1 1986 2693 2946 3166
5734 4 2 1 1 2050 3586 2401 3677
5735 4 2 1 1 2122 1945 2877 2500
5736 4 2 1 1 3195 3266 2348 3510
5737 4 2 1 1 2806 2873 2251 3699
5738 4 2 1 1 1038 1039 1037 2426
5739 4 2 1 1 3310 3231 2308 3811
5740 4 2 1 1 2032 2401 3097 2705
5741 4 2 1 1 2023 2606 2815 2175
5742 4 2 1 1 2130 2873 2806 3699
5743 4 2 1 1 1184 2306 1182 2612
5744 4 2 1 1 3992 2343 1013 2993
5745 4 2 1 1 1853 3116 2198 3826
5746 4 2 1 1 1252 3992 1013 1208
5747 4 2 1 1 2579 1870 3315 3678
5748 4 2 1 1 1010 3983 3927 2481
5749 4 2 1 1 3983 2629 1188 3536
5750 4 2 1 1 290 3193 407 2332
5751 4 2 1 1 2875 2989 3473 2422
5752 4 2 1 1 2382 3032 2913 3471
5753 4 2 1 1 3073 2536 2539 3727
5754 4 2 1 1 2179 2671 1917 3162
5755 4 2 1 1 2814 3234 2479 3648
5756 4 2 1 1 3610 3614 1930 2784
5757 4 2 1 1 1704 1770 1643 2771
5758 4 2 1 1 1260 3914 1203 1016
5759 4 2 1 1 1883 3446 3041 3681
5760 4 2 1 1 1259 1168 1169 3529
5761 4 2 1 1 3983 2629 3536 3632
5762 4 2 1 1 1278 3982 3967 2750
5763 4 2 1 1 3025 3282 2293 3728
5764 4 2 1 1 2101 3433 2505 3745
5765 4 2 1 1 1852 2449 2322 3570
5766 4 2 1 1 2010 2337 2613 3395
5767 4 2 1 1 510 509 515 2568
5768 4 2 1 1 2201 2923 3037 3839
5769 4 2 1 1 471 3910 641 2931
5770 4 2 1 1 1919 2591 2548 3124
5771 4 2 1 1 1948 2789 2608 3421
5772 4 2 1 1 2991 229 226 3432
5773 4 2 1 1 2036 2643 2565 2925
5774 4 2 1 1 1886 3155 3246 2517
5775 4 2 1 1 962 3306 2592 3559
5776 4 2 1 1 903 2392 3249 2410
5777 4 2 1 1 1889 2742 3479 3861
5778 4 2 1 1 2310 3164 3398 2526
5779 4 2 1 1 3474 2201 2310 2557
5780 4 2 1 1 1089 2881 2312 3009
5781 4 2 1 1 2748 2854 2127 3903
5782 4 2 1 1 2606 2777 3478 2175
5783 4 2 1 1 1046 1045 1044 2344
5784 4 2 1 1 3070 3767 2912 2200
5785 4 2 1 1 302 3047 2967 281
5786 4 2 1 1 319 3072 311 3377
5787 4 2 1 1 423 389 3131 3296
5788 4 2 1 1 1228 1062 3133 3288
5789 4 2 1 1 2147 3156 2540 3281
5790 4 2 1 1 1077 3025 1213 2855
5791 4 2 1 1 2420 3501 1978 3606
5792 4 2 1 1 3010 3424 2169 3573
5793 4 2 1 1 2414 2655 1962 3110
5794 4 2 1 1 1790 1735 1577 2488
5795 4 2 1 1 1888 2453 2810 3027
5796 4 2 1 1 2456 3179 2278 1844
5797 4 2 1 1 808 3013 810 935
5798 4 2 1 1 1971 2343 2427 3126
5799 4 2 1 1 1051 1048 2888 2939
5800 4 2 1 1 2521 1993 3375 3696
5801 4 2 1 1 2280 3470 2044 3109
5802 4 2 1 1 808 3013 935 2413
5803 4 2 1 1 1278 3982 2750 1009
5804 4 2 1 1 1228 3133 2351 3288
5805 4 2 1 1 45 46 3982 1009
5806 4 2 1 1 1011 3973 2423 1183
5807 4 2 1 1 913 2255 3490 949
5808 4 2 1 1 765 2424 2718 3571
5809 4 2 1 1 1846 2970 2465 2126
5810 4 2 1 1 2228 2823 2498 3064
5811 4 2 1 1 3423 3282 1878 2867
5812 4 2 1 1 1842 2840 2374 3686
5813 4 2 1 1 1275 3982 3959 46
5814 4 2 1 1 1543 2656 1525 3586
5815 4 2 1 1 2178 2889 3283 3593
5816 4 2 1 1 778 3083 2736 3666
5817 4 2 1 1 303 2513 315 3289
5818 4 2 1 1 1666 2230 3112 3170
5819 4 2 1 1 2762 2834 3200 2104
5820 4 2 1 1 2209 1954 2665 2737
5821 4 2 1 1 746 2216 867 2984
5822 4 2 1 1 2209 189 3271 2775
5823 4 2 1 1 1284 4003 1548 136
5824 4 2 1 1 2464 3202 2547 2892
5825 4 2 1 1 61 190 60 3957
5826 4 2 1 1 2132 1996 2435 2040
5827 4 2 1 1 1042 2229 1200 3659
5828 4 2 1 1 471 3910 80 641
5829 4 2 1 1 2550 2569 2019 2671
5830 4 2 1 1 1785 1705 2800 1706
5831 4 2 1 1 2061 2284 2726 3140
5832 4 2 1 1 1470 2680 3072 2435
5833 4 2 1 1 2173 2639 2623 2776
5834 4 2 1 1 2310 3398 3164 2234
5835 4 2 1 1 1854 2786 2571 2947
5836 4 2 1 1 1070 1227 1187 2380
5837 4 2 1 1 3002 3319 3279 1892
5838 4 2 1 1 2909 3259 2178 3461
5839 4 2 1 1 1275 3982 46 1009
5840 4 2 1 1 1871 3075 2965 3664
5841 4 2 1 1 2486 2928 1445 3467
5842 4 2 1 1 2750 3982 2513 1009
5843 4 2 1 1 2226 1093 3346 3868
5844 4 2 1 1 512 519 2795 3031
5845 4 2 1 1 1707 2500 1709 2877
5846 4 2 1 1 1503 2405 1491 1345
5847 4 2 1 1 1836 2258 2765 3772
5848 4 2 1 1 1113 1117 1165 2235
5849 4 2 1 1 2359 2662 2043 3231
5850 4 2 1 1 1995 2789 2310 3101
5851 4 2 1 1 3482 3884 533 3825
5852 4 2 1 1 1384 3118 1375 3297
5853 4 2 1 1 1622 2832 2771 2878
5854 4 2 1 1 1476 2340 2975 3387
5855 4 2 1 1 2206 2152 3643 3169
5856 4 2 1 1 706 2614 594 570
5857 4 2 1 1 2039 1809 2876 2882
5858 4 2 1 1 2409 2687 2212 3558
5859 4 2 1 1 2031 2311 2402 2892
5860 4 2 1 1 3884 533 3825 661
5861 4 2 1 1 1260 2936 2306 3587
5862 4 2 1 1 2407 583 3541 2352
5863 4 2 1 1 44 3981 43 1256
5864 4 2 1 1 1375 2308 1368 3297
5865 4 2 1 1 3132 3721 3067 3759
5866 4 2 1 1 2216 2743 2010 2985
5867 4 2 1 1 2501 2230 3060 3574
5868 4 2 1 1 1856 2364 2816 3487
5869 4 2 1 1 3873 2000 3582 3267
5870 4 2 1 1 2459 2820 1913 3106
5871 4 2 1 1 973 999 1004 2410
5872 4 2 1 1 1843 3283 2889 3593
5873 4 2 1 1 44 3981 1256 1176
5874 4 2 1 1 1886 2335 2420 3726
5875 4 2 1 1 1870 2579 3315 3575
5876 4 2 1 1 3915 2338 3852 1686
5877 4 2 1 1 3147 3981 1256 43
5878 4 2 1 1 2161 3071 2505 3275
5879 4 2 1 1 3437 3096 3354 2370
5880 4 2 1 1 3876 3197 2294 3460
5881 4 2 1 1 1985 3372 2281 3901
5882 4 2 1 1 571 2842 2830 3258
5883 4 2 1 1 2103 3147 2531 3623
5884 4 2 1 1 1873 2720 2977 3355
5885 4 2 1 1 239 2822 2262 2995
5886 4 2 1 1 2434 1496 3217 3546
5887 4 2 1 1 3582 2000 3873 2272
5888 4 2 1 1 501 2626 2145 3053
5889 4 2 1 1 1813 2831 2309 3363
5890 4 2 1 1 850 3194 968 3151
5891 4 2 1 1 1168 2625 1189 3189
5892 4 2 1 1 3582 880 3873 3267
5893 4 2 1 1 1621 1611 1726 2794
5894 4 2 1 1 363 415 2534 2775
5895 4 2 1 1 2147 3040 2628 3836
5896 4 2 1 1 2667 3490 2630 3758
5897 4 2 1 1 2327 2624 782 3171
5898 4 2 1 1 1169 3904 3529 3977
5899 4 2 1 1 898 763 2931 3571
5900 4 2 1 1 1476 2340 3387 1341
5901 4 2 1 1 1858 2528 2929 3613
5902 4 2 1 1 564 492 2428 2927
5903 4 2 1 1 1921 2681 2427 3003
5904 4 2 1 1 1337 2297 1340 2357
5905 4 2 1 1 1917 2550 2438 3162
5906 4 2 1 1 3873 4014 880 3582
5907 4 2 1 1 2217 2885 1111 2983
5908 4 2 1 1 2621 2131 3360 3410
5909 4 2 1 1 1891 2354 2732 3119
5910 4 2 1 1 1245 3981 2404 1176
5911 4 2 1 1 2508 3565 3092 2089
5912 4 2 1 1 2320 2522 1906 3417
5913 4 2 1 1 1666 1649 1664 2230
5914 4 2 1 1 1107 2673 1119 2861
5915 4 2 1 1 3694 1641 1653 1830
5916 4 2 1 1 1875 2770 2259 3065
5917 4 2 1 1 1961 2832 2283 2878
5918 4 2 1 1 1870 2307 3023 3315
5919 4 2 1 1 1909 3038 2702 3702
5920 4 2 1 1 2990 1855 3103 2070
5921 4 2 1 1 2977 3355 2646 3578
5922 4 2 1 1 1922 2912 2679 3656
5923 4 2 1 1 2055 2616 2507 3291
5924 4 2 1 1 2403 2448 2003 3345
5925 4 2 1 1 2667 786 3835 798
5926 4 2 1 1 2487 217 2756 277
5927 4 2 1 1 2142 2976 2441 3714
5928 4 2 1 1 2297 2740 1939 2836
5929 4 2 1 1 3694 1653 1641 3775
5930 4 2 1 1 696 2394 2741 3159
5931 4 2 1 1 1949 3126 2514 3767
5932 4 2 1 1 1230 3616 1164 2481
5933 4 2 1 1 641 3998 3306 3910
5934 4 2 1 1 2281 1985 3262 3372
5935 4 2 1 1 415 364 363 2534
5936 4 2 1 1 1084 1083 2636 2874
5937 4 2 1 1 1084 1211 2874 3019
5938 4 2 1 1 3074 3429 2773 3875
5939 4 2 1 1 865 993 3061 3438
5940 4 2 1 1 4003 1409 1548 3700
5941 4 2 1 1 696 2394 575 2741
5942 4 2 1 1 2487 2682 2037 2696
5943 4 2 1 1 2009 2708 2571 3331
5944 4 2 1 1 1938 3006 2173 3089
5945 4 2 1 1 2400 2835 2670 2237
5946 4 2 1 1 213 3920 2876 2555
5947 4 2 1 1 2082 2815 2576 3472
5948 4 2 1 1 2466 3165 2208 2163
5949 4 2 1 1 2339 3100 1984 3854
5950 4 2 1 1 856 794 2282 3150
5951 4 2 1 1 2196 1952 2604 2451
5952 4 2 1 1 2853 3805 2644 2371
5953 4 2 1 1 816 2916 2873 3300
5954 4 2 1 1 2284 1951 2726 3140
5955 4 2 1 1 3232 404 251 3865
5956 4 2 1 1 2679 2912 2200 3070
5957 4 2 1 1 2283 2622 2461 3857
5958 4 2 1 1 2007 2432 3730 3764
5959 4 2 1 1 2159 2926 2601 3345
5960 4 2 1 1 2908 2334 2496 2893
5961 4 2 1 1 2853 3805 2371 917
5962 4 2 1 1 2350 2930 2034 3319
5963 4 2 1 1 1836 2765 3045 3622
5964 4 2 1 1 235 3663 3109 3865
5965 4 2 1 1 2529 1991 3365 3692
5966 4 2 1 1 2275 2733 2168 3421
5967 4 2 1 1 315 303 436 2513
5968 4 2 1 1 1883 3670 2461 3681
5969 4 2 1 1 1984 3033 2200 3223
5970 4 2 1 1 1907 3490 2255 3758
5971 4 2 1 1 2053 2776 2639 3074
5972 4 2 1 1 2134 3313 3292 3323
5973 4 2 1 1 1245 3981 1176 1256
5974 4 2 1 1 2081 2842 2288 3408
5975 4 2 1 1 1927 3611 1988 2212
5976 4 2 1 1 1959 2225 2762 2879
5977 4 2 1 1 1840 2134 3078 3313
5978 4 2 1 1 3803 3833 1227 2380
5979 4 2 1 1 517 2329 3111 627
5980 4 2 1 1 2286 2760 1893 3058
5981 4 2 1 1 3980 3939 452 57
5982 4 2 1 1 2792 2971 1910 3332
5983 4 2 1 1 1784 1706 1785 3222
5984 4 2 1 1 3551 3235 2468 2502
5985 4 2 1 1 1841 2298 2804 3538
5986 4 2 1 1 944 775 2736 3768
5987 4 2 1 1 1613 1609 1619 2301
5988 4 2 1 1 2197 2819 2618 1854
5989 4 2 1 1 3633 2799 1951 2424
5990 4 2 1 1 2339 590 592 3397
5991 4 2 1 1 699 2604 2384 3095
5992 4 2 1 1 1429 2088 2802 3431
5993 4 2 1 1 1962 2387 2812 3876
5994 4 2 1 1 1978 2646 2382 2787
5995 4 2 1 1 855 967 3130 3880
5996 4 2 1 1 1952 2451 2366 3095
5997 4 2 1 1 2358 2688 2037 3597
5998 4 2 1 1 674 2886 2205 3608
5999 4 2 1 1 1859 2894 2369 2196
6000 4 2 1 1 2346 2743 3405 3716
6001 4 2 1 1 2229 2838 2492 3046
6002 4 2 1 1 804 919 810 2274
6003 4 2 1 1 2476 2845 2068 3736
6004 4 2 1 1 1249 1212 2488 2669
6005 4 2 1 1 2407 2886 2352 1974
6006 4 2 1 1 1972 2826 2697 3369
6007 4 2 1 1 2920 1043 1190 1045
6008 4 2 1 1 2674 3212 2180 3864
6009 4 2 1 1 1343 2191 3777 2896
6010 4 2 1 1 57 58 3980 1290
6011 4 2 1 1 394 3491 2991 3667
6012 4 2 1 1 3073 2539 2536 3596
6013 4 2 1 1 2498 3096 1894 3439
6014 4 2 1 1 552 2677 2304 3209
6015 4 2 1 1 499 497 2968 3521
6016 4 2 1 1 1995 3101 2310 3488
6017 4 2 1 1 2273 3210 3461 2334
6018 4 2 1 1 3904 1259 2897 1018
6019 4 2 1 1 422 3131 389 3879
6020 4 2 1 1 1925 2539 3073 3596
6021 4 2 1 1 1338 1340 1337 2297
6022 4 2 1 1 1883 3149 2461 3670
6023 4 2 1 1 3032 3246 2523 3471
6024 4 2 1 1 1967 3074 2261 3555
6025 4 2 1 1 3484 2375 3605 2108
6026 4 2 1 1 950 787 2533 3447
6027 4 2 1 1 1910 2792 2410 3456
6028 4 2 1 1 3741 2422 581 3893
6029 4 2 1 1 2649 3157 2043 3492
6030 4 2 1 1 3777 2191 1332 2932
6031 4 2 1 1 2176 2566 3417 3698
6032 4 2 1 1 1969 2383 2338 3160
6033 4 2 1 1 2387 3013 1963 3197
6034 4 2 1 1 1204 2861 2509 2936
6035 4 2 1 1 1953 2980 3084 3427
6036 4 2 1 1 2944 1399 3830 2400
6037 4 2 1 1 564 492 681 2428
6038 4 2 1 1 2963 3134 2989 2174
6039 4 2 1 1 1999 2782 2527 3794
6040 4 2 1 1 3803 1227 3833 1185
6041 4 2 1 1 3070 2912 3767 1949
6042 4 2 1 1 2521 3375 2672 3696
6043 4 2 1 1 552 2440 539 2304
6044 4 2 1 1 1770 1622 2771 2878
6045 4 2 1 1 2516 3114 2030 3372
6046 4 2 1 1 2582 3108 2738 3493
6047 4 2 1 1 1912 2842 2439 3408
6048 4 2 1 1 1874 2776 2261 3074
6049 4 2 1 1 2018 2571 2102 2350
6050 4 2 1 1 1640 3211 2303 3775
6051 4 2 1 1 2680 3980 1470 3939
6052 4 2 1 1 2660 2867 2210 3234
6053 4 2 1 1 1665 2577 2985 3321
6054 4 2 1 1 2597 1942 2245 2047
6055 4 2 1 1 1022 1154 1155 2446
6056 4 2 1 1 2411 2684 927 3260
6057 4 2 1 1 2016 3230 2990 3472
6058 4 2 1 1 1945 2877 2500 2907
6059 4 2 1 1 611 2277 660 565
6060 4 2 1 1 2837 3144 2220 3208
6061 4 2 1 1 2298 2106 2804 3794
6062 4 2 1 1 2395 2421 1919 3721
6063 4 2 1 1 1949 3070 2609 3767
6064 4 2 1 1 1873 2949 2707 3398
6065 4 2 1 1 1948 2262 2720 2995
6066 4 2 1 1 405 229 2991 3163
6067 4 2 1 1 1023 3907 3986 2509
6068 4 2 1 1 2066 2494 2309 3631
6069 4 2 1 1 554 2439 553 2842
6070 4 2 1 1 1215 2801 3396 3874
6071 4 2 1 1 3860 234 3606 2420
6072 4 2 1 1 3647 3630 2488 2669
6073 4 2 1 1 3025 3346 1933 2330
6074 4 2 1 1 1956 2624 2327 3171
6075 4 2 1 1 2194 2605 1730 3084
6076 4 2 1 1 1281 1431 1493 2423
6077 4 2 1 1 1895 3325 2197 3669
6078 4 2 1 1 2309 2494 1979 3631
6079 4 2 1 1 513 2291 3031 3422
6080 4 2 1 1 1983 3094 2889 3524
6081 4 2 1 1 2511 2551 2014 2906
6082 4 2 1 1 2285 3046 2926 3656
6083 4 2 1 1 2019 3023 2307 3315
6084 4 2 1 1 1413 3215 2875 3565
6085 4 2 1 1 3980 3913 1290 58
6086 4 2 1 1 1174 2750 2495 2983
6087 4 2 1 1 2424 2799 2718 3571
6088 4 2 1 1 3000 3240 3028 3413
6089 4 2 1 1 1835 2257 2782 3378
6090 4 2 1 1 3355 2727 2840 2154
6091 4 2 1 1 2017 2205 2705 3185
6092 4 2 1 1 677 678 525 3426
6093 4 2 1 1 526 527 3111 3608
6094 4 2 1 1 263 406 2668 3723
6095 4 2 1 1 1927 2247 2658 3788
6096 4 2 1 1 3170 3626 1935 3719
6097 4 2 1 1 3980 3913 3122 1290
6098 4 2 1 1 2904 3385 2101 3708
6099 4 2 1 1 1026 3909 3999 3554
6100 4 2 1 1 1834 3169 2930 3449
6101 4 2 1 1 3979 4040 449 2669
6102 4 2 1 1 2278 2364 1874 3787
6103 4 2 1 1 3961 458 331 196
6104 4 2 1 1 2153 3260 2561 3479
6105 4 2 1 1 1740 3548 2488 2897
6106 4 2 1 1 2505 3071 2005 3275
6107 4 2 1 1 1264 1169 1166 3529
6108 4 2 1 1 2497 2844 1972 3688
6109 4 2 1 1 2187 3012 2493 3408
6110 4 2 1 1 3050 3058 2451 3521
6111 4 2 1 1 577 2227 2910 3632
6112 4 2 1 1 1056 2838 1241 2492
6113 4 2 1 1 1985 2281 2970 2126
6114 4 2 1 1 2044 2280 3198 1879
6115 4 2 1 1 2455 2769 2094 3592
6116 4 2 1 1 2790 3515 1986 3166
6117 4 2 1 1 1955 3124 2591 3186
6118 4 2 1 1 1124 1204 1260 2861
6119 4 2 1 1 1994 2993 2446 3117
6120 4 2 1 1 2146 3665 2901 3730
6121 4 2 1 1 888 855 967 3130
6122 4 2 1 1 2376 2062 2924 3441
6123 4 2 1 1 1943 2092 2944 2651
6124 4 2 1 1 766 765 767 2424
6125 4 2 1 1 3969 1801 3519 1572
6126 4 2 1 1 864 892 916 3218
6127 4 2 1 1 1031 53 52 3979
6128 4 2 1 1 1623 2301 1609 3466
6129 4 2 1 1 3860 3606 234 232
6130 4 2 1 1 505 2329 3021 3053
6131 4 2 1 1 2229 2953 2679 2412
6132 4 2 1 1 2117 2477 3143 2046
6133 4 2 1 1 3221 3301 2517 1837
6134 4 2 1 1 2144 3439 2887 3818
6135 4 2 1 1 2135 2661 2587 3634
6136 4 2 1 1 1926 2545 2202 3390
6137 4 2 1 1 3979 4040 53 449
6138 4 2 1 1 2284 2726 1951 3138
6139 4 2 1 1 2429 3824 1880 3500
6140 4 2 1 1 679 500 2725 3394
6141 4 2 1 1 2102 2631 3331 3638
6142 4 2 1 1 1895 2229 3046 3656
6143 4 2 1 1 3085 3201 2670 3428
6144 4 2 1 1 1916 2833 2485 3750
6145 4 2 1 1 239 2995 2262 3847
6146 4 2 1 1 1959 2879 2762 3200
6147 4 2 1 1 3478 2815 3405 1907
6148 4 2 1 1 3948 3979 1031 52
6149 4 2 1 1 3109 3663 2280 3865
6150 4 2 1 1 3948 3979 2669 1031
6151 4 2 1 1 2251 3300 1944 3458
6152 4 2 1 1 2236 2814 2075 3075
6153 4 2 1 1 2645 2996 2131 2809
6154 4 2 1 1 1630 2771 1622 2832
6155 4 2 1 1 2089 2963 2817 3215
6156 4 2 1 1 1995 2310 2977 3474
6157 4 2 1 1 2271 3123 236 3226
6158 4 2 1 1 2031 2324 3153 3237
6159 4 2 1 1 1067 2172 3099 3285
6160 4 2 1 1 277 354 215 2756
6161 4 2 1 1 1143 2874 3121 3485
6162 4 2 1 1 1365 2308 1375 3310
6163 4 2 1 1 2703 669 574 3241
6164 4 2 1 1 1949 2609 3126 3767
6165 4 2 1 1 2466 3476 2340 2163
6166 4 2 1 1 3478 3405 2815 2221
6167 4 2 1 1 1127 1126 3370 3527
6168 4 2 1 1 1053 2266 1063 3133
6169 4 2 1 1 1949 2609 2376 3126
6170 4 2 1 1 3704 1530 1538 2797
6171 4 2 1 1 1976 2457 2640 2777
6172 4 2 1 1 2060 3005 2563 3591
6173 4 2 1 1 1029 2632 2731 100
6174 4 2 1 1 2066 2309 2494 2831
6175 4 2 1 1 2632 100 1210 101
6176 4 2 1 1 2137 3108 2552 3874
6177 4 2 1 1 3278 3344 2479 3598
6178 4 2 1 1 1861 2195 2755 3328
6179 4 2 1 1 2189 3487 2024 2782
6180 4 2 1 1 3957 1536 3978 60
6181 4 2 1 1 1041 1040 2953 3396
6182 4 2 1 1 2259 2462 1937 3675
6183 4 2 1 1 2321 2006 3458 3778
6184 4 2 1 1 850 849 851 2436
6185 4 2 1 1 1846 2244 2659 3549
6186 4 2 1 1 223 225 3148 3667
6187 4 2 1 1 411 279 294 3047
6188 4 2 1 1 2231 3104 2990 3434
6189 4 2 1 1 2184 3065 2774 3298
6190 4 2 1 1 781 791 2263 3518
6191 4 2 1 1 2028 2549 2522 3141
6192 4 2 1 1 2493 3408 2083 3468
6193 4 2 1 1 937 766 802 2718
6194 4 2 1 1 2252 2628 1982 3145
6195 4 2 1 1 1365 2836 2308 3310
6196 4 2 1 1 407 3091 2332 3193
6197 4 2 1 1 1938 2440 2304 3026
6198 4 2 1 1 3355 2840 2727 1978
6199 4 2 1 1 2249 2057 2555 3630
6200 4 2 1 1 1156 3950 1266 1022
6201 4 2 1 1 1673 2362 2887 3295
6202 4 2 1 1 2732 3239 2078 3480
6203 4 2 1 1 2197 3325 1895 2599
6204 4 2 1 1 2596 3297 2207 3307
6205 4 2 1 1 2529 3365 2666 3692
6206 4 2 1 1 2874 3019 1211 3121
6207 4 2 1 1 2188 1837 2586 2663
6208 4 2 1 1 2239 2889 1983 3094
6209 4 2 1 1 1466 3297 1510 3528
6210 4 2 1 1 1851 3242 2522 3339
6211 4 2 1 1 2456 2661 2587 3526
6212 4 2 1 1 2389 1950 2979 2935
6213 4 2 1 1 3884 614 2935 533
6214 4 2 1 1 1954 2737 2775 3193
6215 4 2 1 1 1851 2522 3242 2273
6216 4 2 1 1 1840 3078 2491 3079
6217 4 2 1 1 1757 2462 3581 1624
6218 4 2 1 1 3704 1538 1530 1414
6219 4 2 1 1 1988 2204 3000 2581
6220 4 2 1 1 2153 2742 2396 3604
6221 4 2 1 1 2051 2650 2262 3726
6222 4 2 1 1 2630 2667 2165 3835
6223 4 2 1 1 2243 2587 2661 3634
6224 4 2 1 1 2206 2152 3169 2902
6225 4 2 1 1 2424 2561 1911 3247
6226 4 2 1 1 2512 3148 225 3667
6227 4 2 1 1 2278 1874 2364 2972
6228 4 2 1 1 1849 2691 2299 3627
6229 4 2 1 1 3508 3338 2671 2019
6230 4 2 1 1 501 2626 3053 502
6231 4 2 1 1 60 59 1536 3978
6232 4 2 1 1 3957 1536 3245 3978
6233 4 2 1 1 1320 2628 3040 3836
6234 4 2 1 1 2028 2549 2695 2837
6235 4 2 1 1 2097 1959 3351 2638
6236 4 2 1 1 1926 3059 2729 3390
6237 4 2 1 1 3913 3978 1536 59
6238 4 2 1 1 2198 3322 1893 3526
6239 4 2 1 1 2434 2875 2089 3565
6240 4 2 1 1 2140 2430 2920 3629
6241 4 2 1 1 3913 3978 2486 1536
6242 4 2 1 1 3068 3313 2285 3309
6243 4 2 1 1 714 622 656 2979
6244 4 2 1 1 334 332 276 3082
6245 4 2 1 1 2367 3503 3282 3731
6246 4 2 1 1 2033 2079 2887 2362
6247 4 2 1 1 2724 2851 1981 3670
6248 4 2 1 1 1522 2463 1492 2588
6249 4 2 1 1 3978 2486 1536 3245
6250 4 2 1 1 2334 2211 3210 2015
6251 4 2 1 1 1770 2324 1760 2878
6252 4 2 1 1 1952 2196 2604 3100
6253 4 2 1 1 178 179 1783 3977
6254 4 2 1 1 1639 2800 1660 3331
6255 4 2 1 1 1921 2514 2601 3563
6256 4 2 1 1 3977 3932 179 1783
6257 4 2 1 1 2034 2642 2559 2947
6258 4 2 1 1 608 2352 2830 3541
6259 4 2 1 1 228 230 2727 3432
6260 4 2 1 1 1636 2326 1648 1633
6261 4 2 1 1 501 2626 502 500
6262 4 2 1 1 492 494 681 3050
6263 4 2 1 1 616 615 614 2248
6264 4 2 1 1 2556 278 2393 3687
6265 4 2 1 1 2953 3396 2679 2412
6266 4 2 1 1 471 3910 3974 80
6267 4 2 1 1 2071 2695 2474 3024
6268 4 2 1 1 2824 3232 3865 404
6269 4 2 1 1 3070 3767 3866 2609
6270 4 2 1 1 3028 3480 3240 1847
6271 4 2 1 1 1972 2697 3007 3252
6272 4 2 1 1 2353 2859 1883 3446
6273 4 2 1 1 317 3597 316 3289
6274 4 2 1 1 1430 3718 2734 1481
6275 4 2 1 1 1948 2668 2262 2995
6276 4 2 1 1 1808 1780 2394 2829
6277 4 2 1 1 1936 2748 2222 3339
6278 4 2 1 1 2044 2374 3198 3605
6279 4 2 1 1 2371 2165 3127 3835
6280 4 2 1 1 636 3077 2725 3786
6281 4 2 1 1 2328 2543 3192 3888
6282 4 2 1 1 704 656 2300 2931
6283 4 2 1 1 2968 499 2444 2145
6284 4 2 1 1 1609 2301 1613 3305
6285 4 2 1 1 556 2793 2227 3347
6286 4 2 1 1 3977 3932 1264 179
6287 4 2 1 1 1498 1520 1359 2333
6288 4 2 1 1 1665 1688 1801 2347
6289 4 2 1 1 2134 1897 3323 2599
6290 4 2 1 1 821 3420 3556 3652
6291 4 2 1 1 494 492 493 2451
6292 4 2 1 1 1861 2493 2945 3468
6293 4 2 1 1 2547 3054 1855 3676
6294 4 2 1 1 2032 2676 1903 2434
6295 4 2 1 1 2364 2278 2972 3783
6296 4 2 1 1 2352 2418 3128 3697
6297 4 2 1 1 3102 3833 2380 1187
6298 4 2 1 1 1877 2302 2909 3286
6299 4 2 1 1 2853 3805 917 896
6300 4 2 1 1 3819 236 3109 2271
6301 4 2 1 1 2915 2033 2539 2362
6302 4 2 1 1 2552 3108 2112 3874
6303 4 2 1 1 2493 2187 3408 3755
6304 4 2 1 1 1910 2721 3421 3456
6305 4 2 1 1 2127 2854 2748 3339
6306 4 2 1 1 1885 2763 2252 3703
6307 4 2 1 1 2148 3083 2736 3768
6308 4 2 1 1 949 813 839 3899
6309 4 2 1 1 1325 1475 2264 3414
6310 4 2 1 1 1956 2923 2506 3188
6311 4 2 1 1 1905 2625 2437 3733
6312 4 2 1 1 596 2956 2422 3741
6313 4 2 1 1 2030 3098 2367 3451
6314 4 2 1 1 823 2251 2873 3699
6315 4 2 1 1 1902 2527 2298 3599
6316 4 2 1 1 1537 1411 1408 2508
6317 4 2 1 1 1638 2631 1637 3105
6318 4 2 1 1 1519 2706 1295 3343
6319 4 2 1 1 2431 2708 2009 3445
6320 4 2 1 1 2023 3037 2923 3839
6321 4 2 1 1 2129 3179 2880 2278
6322 4 2 1 1 2041 3282 3025 3728
6323 4 2 1 1 2506 2023 3087 3188
6324 4 2 1 1 3162 3278 2179 3508
6325 4 2 1 1 1708 1715 2416 3724
6326 4 2 1 1 386 2253 398 3491
6327 4 2 1 1 194 3994 2534 2882
6328 4 2 1 1 3037 3584 2923 2201
6329 4 2 1 1 3977 3904 1783 178
6330 4 2 1 1 2258 3547 2765 3772
6331 4 2 1 1 1281 1508 1431 3190
6332 4 2 1 1 2326 3170 2899 3719
6333 4 2 1 1 2028 3141 2238 3500
6334 4 2 1 1 2775 1718 1803 1561
6335 4 2 1 1 2564 3093 2065 2277
6336 4 2 1 1 2775 1803 1718 2534
6337 4 2 1 1 823 2873 2251 3300
6338 4 2 1 1 2164 2627 2502 3551
6339 4 2 1 1 1426 3157 2649 3492
6340 4 2 1 1 2039 2876 2756 3238
6341 4 2 1 1 1863 2220 2574 3872
6342 4 2 1 1 3915 2338 1686 3294
6343 4 2 1 1 2601 3046 2159 1854
6344 4 2 1 1 2116 3134 2797 3473
6345 4 2 1 1 1953 2228 2980 3064
6346 4 2 1 1 1928 2767 2749 3457
6347 4 2 1 1 950 783 787 3447
6348 4 2 1 1 2059 3358 3244 3392
6349 4 2 1 1 3977 3904 3529 1783
6350 4 2 1 1 1539 54 2 3976
6351 4 2 1 1 2453 2477 1838 2022
6352 4 2 1 1 983 3460 877 2482
6353 4 2 1 1 815 2414 833 3110
6354 4 2 1 1 1379 1347 1446 3129
6355 4 2 1 1 400 3227 3653 2254
6356 4 2 1 1 3044 2158 2448 3079
6357 4 2 1 1 3828 1876 2848 2906
6358 4 2 1 1 3367 3596 2690 2033
6359 4 2 1 1 2175 3246 3155 2517
6360 4 2 1 1 1881 2990 2576 3472
6361 4 2 1 1 696 3732 3159 2741
6362 4 2 1 1 2265 1786 1670 3638
6363 4 2 1 1 1946 2250 2735 3520
6364 4 2 1 1 1727 1769 2790 3166
6365 4 2 1 1 129 3976 2 996
6366 4 2 1 1 783 2327 785 3447
6367 4 2 1 1 2989 547 709 2365
6368 4 2 1 1 3976 3935 1539 54
6369 4 2 1 1 877 3460 983 875
6370 4 2 1 1 1314 3476 2466 3718
6371 4 2 1 1 2303 2462 1937 3543
6372 4 2 1 1 712 3130 2391 3209
6373 4 2 1 1 1592 2823 1617 2498
6374 4 2 1 1 354 277 355 2487
6375 4 2 1 1 2364 2068 2560 3736
6376 4 2 1 1 3080 1143 1152 1021
6377 4 2 1 1 1853 2610 2905 3826
6378 4 2 1 1 1711 1729 1716 2249
6379 4 2 1 1 1543 2656 3586 2956
6380 4 2 1 1 451 319 460 3072
6381 4 2 1 1 230 3432 229 3606
6382 4 2 1 1 3596 2829 2635 2326
6383 4 2 1 1 1862 2398 2594 3867
6384 4 2 1 1 3274 3749 2559 2618
6385 4 2 1 1 2749 2767 2203 3457
6386 4 2 1 1 3492 3961 458 331
6387 4 2 1 1 2015 2302 2909 3757
6388 4 2 1 1 626 502 3053 3327
6389 4 2 1 1 2219 2853 2644 3722
6390 4 2 1 1 1807 3131 2390 3211
6391 4 2 1 1 1946 2640 2457 3155
6392 4 2 1 1 2322 3439 3261 3681
6393 4 2 1 1 437 2455 192 3851
6394 4 2 1 1 2309 1979 3287 3631
6395 4 2 1 1 2539 2648 2065 3125
6396 4 2 1 1 1839 2695 3022 2317
6397 4 2 1 1 680 2652 659 2136
6398 4 2 1 1 680 2652 624 659
6399 4 2 1 1 2502 2627 2468 3551
6400 4 2 1 1 2621 3471 2749 1989
6401 4 2 1 1 2544 2578 1926 3016
6402 4 2 1 1 746 987 867 2216
6403 4 2 1 1 3209 545 3552 2304
6404 4 2 1 1 1166 2265 3189 3497
6405 4 2 1 1 2348 248 379 3510
6406 4 2 1 1 2952 3654 3538 1841
6407 4 2 1 1 3976 3935 2768 1539
6408 4 2 1 1 2086 2898 3474 2557
6409 4 2 1 1 1877 2909 2302 3757
6410 4 2 1 1 1323 2827 3311 3776
6411 4 2 1 1 2323 3040 1392 3693
6412 4 2 1 1 2175 3155 2777 3478
6413 4 2 1 1 3174 3387 2520 3568
6414 4 2 1 1 1982 2252 3145 2429
6415 4 2 1 1 150 1559 3333 1822
6416 4 2 1 1 2028 2238 3024 3500
6417 4 2 1 1 1027 3997 1201 41
6418 4 2 1 1 1760 2878 2324 3069
6419 4 2 1 1 2057 3356 2669 3647
6420 4 2 1 1 675 2325 665 3021
6421 4 2 1 1 2238 2848 2121 3618
6422 4 2 1 1 957 2371 840 3127
6423 4 2 1 1 2296 2958 1900 3049
6424 4 2 1 1 996 4013 3976 2768
6425 4 2 1 1 2527 2758 2111 3637
6426 4 2 1 1 2920 1043 1045 2344
6427 4 2 1 1 755 929 1005 2489
6428 4 2 1 1 1394 2856 1480 3250
6429 4 2 1 1 1950 2719 2469 3187
6430 4 2 1 1 711 3975 652 466
6431 4 2 1 1 321 3981 2404 193
6432 4 2 1 1 2144 3096 2498 3439
6433 4 2 1 1 1886 3246 3032 3471
6434 4 2 1 1 3921 1562 3947 3159
6435 4 2 1 1 2497 1963 3197 3700
6436 4 2 1 1 216 214 392 3238
6437 4 2 1 1 3184 729 3373 632
6438 4 2 1 1 2034 2807 2473 2930
6439 4 2 1 1 3921 1562 88 3947
6440 4 2 1 1 1562 89 88 3947
6441 4 2 1 1 1668 2519 2501 3350
6442 4 2 1 1 2745 718 2615 3522
6443 4 2 1 1 2167 2752 2287 3743
6444 4 2 1 1 1637 3105 2631 3445
6445 4 2 1 1 2371 840 3127 3594
6446 4 2 1 1 1623 2877 2907 1707
6447 4 2 1 1 2248 3060 2847 3376
6448 4 2 1 1 248 2348 3148 3510
6449 4 2 1 1 248 2348 223 3148
6450 4 2 1 1 2031 2311 2771 3564
6451 4 2 1 1 281 302 282 2967
6452 4 2 1 1 2091 2359 2662 3609
6453 4 2 1 1 615 661 533 3884
6454 4 2 1 1 2105 2558 3103 3273
6455 4 2 1 1 2192 1928 2991 3204
6456 4 2 1 1 1865 2542 2904 2101
6457 4 2 1 1 340 2250 342 3255
6458 4 2 1 1 1855 2402 2567 3104
6459 4 2 1 1 1562 2394 3947 3159
6460 4 2 1 1 914 763 898 3571
6461 4 2 1 1 2454 3336 3286 2590
6462 4 2 1 1 2384 2604 699 3397
6463 4 2 1 1 1986 3330 2436 2161
6464 4 2 1 1 1502 1306 1293 2988
6465 4 2 1 1 2368 3267 2000 3873
6466 4 2 1 1 2119 2940 2715 3744
6467 4 2 1 1 2958 3142 2704 3696
6468 4 2 1 1 2923 3094 2239 3188
6469 4 2 1 1 3945 1796 2831 1575
6470 4 2 1 1 3481 2090 2603 2772
6471 4 2 1 1 1321 2628 1318 2827
6472 4 2 1 1 2506 2606 2023 2923
6473 4 2 1 1 2450 3038 2091 2825
6474 4 2 1 1 2745 718 629 2615
6475 4 2 1 1 2070 2558 3673 2363
6476 4 2 1 1 2242 2610 1882 3358
6477 4 2 1 1 1851 2211 2445 3210
6478 4 2 1 1 1592 1593 1591 3475
6479 4 2 1 1 1926 3091 2332 3806
6480 4 2 1 1 646 513 507 3422
6481 4 2 1 1 3817 3361 2321 1376
6482 4 2 1 1 1323 2827 1333 3311
6483 4 2 1 1 2552 2112 3086 3874
6484 4 2 1 1 2038 2289 3284 3286
6485 4 2 1 1 2576 3087 2023 3316
6486 4 2 1 1 1944 2251 2873 3300
6487 4 2 1 1 2010 2613 2914 3395
6488 4 2 1 1 1854 2618 2350 2018
6489 4 2 1 1 2217 2885 2983 3613
6490 4 2 1 1 521 2181 3161 3258
6491 4 2 1 1 2229 2412 2344 2953
6492 4 2 1 1 3599 3637 3143 1902
6493 4 2 1 1 2078 2452 1950 3216
6494 4 2 1 1 2469 3187 2719 3407
6495 4 2 1 1 1939 2810 2207 2891
6496 4 2 1 1 2474 2695 2028 3024
6497 4 2 1 1 785 2327 2667 3447
6498 4 2 1 1 2012 2700 2868 3639
6499 4 2 1 1 2086 2908 2893 3821
6500 4 2 1 1 2587 3322 2456 3526
6501 4 2 1 1 1690 3947 2394 3314
6502 4 2 1 1 3775 2869 2985 2577
6503 4 2 1 1 1549 1457 3176 3299
6504 4 2 1 1 1952 2366 2451 3058
6505 4 2 1 1 2265 1786 3638 3199
6506 4 2 1 1 2244 1942 2600 2870
6507 4 2 1 1 407 290 2332 3806
6508 4 2 1 1 1921 2681 2228 2980
6509 4 2 1 1 916 76 75 3975
6510 4 2 1 1 75 916 3975 3218
6511 4 2 1 1 2452 2935 524 3482
6512 4 2 1 1 738 3975 3930 76
6513 4 2 1 1 2330 3282 3017 1933
6514 4 2 1 1 1864 2572 2221 3405
6515 4 2 1 1 2041 2386 2846 3503
6516 4 2 1 1 2595 3010 2169 3635
6517 4 2 1 1 472 715 2615 2997
6518 4 2 1 1 3143 3637 3599 2299
6519 4 2 1 1 1959 2691 2709 3351
6520 4 2 1 1 3059 2473 2478 3643
6521 4 2 1 1 1494 1392 2323 3662
6522 4 2 1 1 272 284 461 3454
6523 4 2 1 1 2061 2726 2633 3140
6524 4 2 1 1 2008 2716 2552 3086
6525 4 2 1 1 1876 3052 2511 2906
6526 4 2 1 1 2220 3208 2349 1863
6527 4 2 1 1 1625 1615 1764 3675
6528 4 2 1 1 2803 3410 258 3793
6529 4 2 1 1 3015 1865 2256 3626
6530 4 2 1 1 1095 1088 2593 2881
6531 4 2 1 1 449 3946 210 2669
6532 4 2 1 1 2602 2888 1048 2939
6533 4 2 1 1 3977 3932 1783 3529
6534 4 2 1 1 2169 3551 2468 2627
6535 4 2 1 1 2661 3601 3560 3760
6536 4 2 1 1 1908 2380 2528 3803
6537 4 2 1 1 2244 1942 2659 3646
6538 4 2 1 1 2257 3302 2527 3365
6539 4 2 1 1 2255 2712 2692 3081
6540 4 2 1 1 2177 2028 2837 2522
6541 4 2 1 1 2472 2607 1908 3621
6542 4 2 1 1 2530 2375 1997 3484
6543 4 2 1 1 2254 2937 400 3227
6544 4 2 1 1 784 2193 2684 968
6545 4 2 1 1 2010 2337 2869 3229
6546 4 2 1 1 1865 2634 2256 3263
6547 4 2 1 1 840 2371 917 2853
6548 4 2 1 1 3569 3152 2773 1844
6549 4 2 1 1 738 3975 76 916
6550 4 2 1 1 823 2251 831 3300
6551 4 2 1 1 1249 1212 1028 2488
6552 4 2 1 1 2217 1965 2846 3833
6553 4 2 1 1 1858 2528 3291 3451
6554 4 2 1 1 1318 2628 1320 3836
6555 4 2 1 1 2969 3408 2187 3755
6556 4 2 1 1 3288 2796 3706 2140
6557 4 2 1 1 302 282 2967 3752
6558 4 2 1 1 2403 2003 2786 3345
6559 4 2 1 1 422 423 389 3131
6560 4 2 1 1 675 2325 3021 3111
6561 4 2 1 1 1962 2414 3110 3460
6562 4 2 1 1 3975 892 3218 916
6563 4 2 1 1 1432 2596 2306 3528
6564 4 2 1 1 2313 3377 284 3454
6565 4 2 1 1 1772 2887 1773 3367
6566 4 2 1 1 3819 3109 236 231
6567 4 2 1 1 233 2420 3167 3606
6568 4 2 1 1 1921 2190 2980 3345
6569 4 2 1 1 1152 3080 1273 3485
6570 4 2 1 1 1982 3040 2628 3156
6571 4 2 1 1 1909 2479 3344 3598
6572 4 2 1 1 669 3241 2261 2325
6573 4 2 1 1 3946 1815 1795 2669
6574 4 2 1 1 1841 2804 2373 3538
6575 4 2 1 1 1913 2596 2223 3399
6576 4 2 1 1 898 3974 3917 2931
6577 4 2 1 1 2968 653 2366 497
6578 4 2 1 1 2449 3146 2170 3735
6579 4 2 1 1 2131 2996 2645 3393
6580 4 2 1 1 2039 2756 2876 2249
6581 4 2 1 1 2642 2947 2034 3855
6582 4 2 1 1 2150 1870 2849 2526
6583 4 2 1 1 2348 2545 2192 2729
6584 4 2 1 1 636 2725 3077 3658
6585 4 2 1 1 2184 2119 2940 3557
6586 4 2 1 1 3481 2603 2090 3353
6587 4 2 1 1 925 4006 3938 2379
6588 4 2 1 1 2071 3107 2666 3256
6589 4 2 1 1 2158 2133 2449 3261
6590 4 2 1 1 2711 3121 1021 3356
6591 4 2 1 1 2456 3179 1844 2661
6592 4 2 1 1 1623 2301 1619 1609
6593 4 2 1 1 3208 3829 2837 1906
6594 4 2 1 1 2969 3527 3370 3755
6595 4 2 1 1 2032 2676 2434 3546
6596 4 2 1 1 2506 3090 2165 3472
6597 4 2 1 1 2704 2871 2011 3636
6598 4 2 1 1 1718 1806 2775 3724
6599 4 2 1 1 3277 3462 3251 2269
6600 4 2 1 1 2001 2614 2817 3502
6601 4 2 1 1 1837 3316 2318 2070
6602 4 2 1 1 1891 2719 2215 2784
6603 4 2 1 1 1987 3001 2593 2548
6604 4 2 1 1 1089 1130 1206 2312
6605 4 2 1 1 2471 3037 2073 3087
6606 4 2 1 1 3859 2896 2928 1364
6607 4 2 1 1 1071 1084 2636 3285
6608 4 2 1 1 3569 2773 3152 2183
6609 4 2 1 1 1965 3098 2929 3503
6610 4 2 1 1 1114 2978 2805 3441
6611 4 2 1 1 2875 3215 2089 3565
6612 4 2 1 1 2073 2471 3087 3316
6613 4 2 1 1 1678 3498 1827 3799
6614 4 2 1 1 1807 1689 3131 3211
6615 4 2 1 1 2103 2702 2404 3038
6616 4 2 1 1 3686 2074 2374 3409
6617 4 2 1 1 2436 850 3151 3784
6618 4 2 1 1 1593 1763 1591 2553
6619 4 2 1 1 2396 2399 1911 3804
6620 4 2 1 1 2784 2779 1930 2214
6621 4 2 1 1 712 3257 3209 594
6622 4 2 1 1 3943 929 755 2489
6623 4 2 1 1 2078 2957 2732 3480
6624 4 2 1 1 2003 2403 2786 2947
6625 4 2 1 1 1961 2279 3135 1875
6626 4 2 1 1 1901 3381 2295 2375
6627 4 2 1 1 2003 2448 2403 3437
6628 4 2 1 1 2191 3371 2511 2906
6629 4 2 1 1 2093 3496 3144 3763
6630 4 2 1 1 3191 3102 1055 1057
6631 4 2 1 1 2636 3803 2358 1227
6632 4 2 1 1 2256 1865 3263 3626
6633 4 2 1 1 1851 2445 2211 3339
6634 4 2 1 1 2971 3421 2067 2590
6635 4 2 1 1 1651 2635 1636 3367
6636 4 2 1 1 1851 2445 2812 3882
6637 4 2 1 1 898 3974 2931 745
6638 4 2 1 1 902 2455 2392 3851
6639 4 2 1 1 2560 3487 2364 3736
6640 4 2 1 1 3310 2740 2333 1498
6641 4 2 1 1 1113 2805 2235 3530
6642 4 2 1 1 797 2289 946 3450
6643 4 2 1 1 3265 1973 3235 2486
6644 4 2 1 1 1759 1570 1583 2993
6645 4 2 1 1 3191 1055 3102 2328
6646 4 2 1 1 3898 1583 2993 1761
6647 4 2 1 1 3340 2757 2929 2217
6648 4 2 1 1 3211 3869 1923 2390
6649 4 2 1 1 3340 2929 2757 2041
6650 4 2 1 1 1523 2379 1297 3416
6651 4 2 1 1 856 3150 2282 3284
6652 4 2 1 1 2188 2663 2586 2770
6653 4 2 1 1 213 2555 2756 3607
6654 4 2 1 1 4012 2711 365 3080
6655 4 2 1 1 1595 3243 2267 2144
6656 4 2 1 1 2150 1870 2526 3023
6657 4 2 1 1 196 359 457 2546
6658 4 2 1 1 1747 3056 1806 1779
6659 4 2 1 1 3220 3347 3161 2439
6660 4 2 1 1 1833 2234 2627 3088
6661 4 2 1 1 1813 2309 1723 3363
6662 4 2 1 1 2265 1786 3199 3497
6663 4 2 1 1 1728 2946 1678 3799
6664 4 2 1 1 2261 3555 1938 3651
6665 4 2 1 1 1974 2352 2407 2833
6666 4 2 1 1 3150 946 2289 3284
6667 4 2 1 1 1467 1384 1466 3118
6668 4 2 1 1 1896 2151 2691 2981
6669 4 2 1 1 2472 2076 3205 3368
6670 4 2 1 1 2472 2696 2510 3290
6671 4 2 1 1 414 301 419 2390
6672 4 2 1 1 80 79 745 3974
6673 4 2 1 1 2203 2749 2382 3471
6674 4 2 1 1 2007 3562 2432 3764
6675 4 2 1 1 825 831 2251 3477
6676 4 2 1 1 3524 3584 2889 3757
6677 4 2 1 1 1904 2644 2371 3722
6678 4 2 1 1 2386 2041 3282 3503
6679 4 2 1 1 545 647 552 3209
6680 4 2 1 1 797 946 2289 948
6681 4 2 1 1 1199 2492 1241 3020
6682 4 2 1 1 3898 1583 1761 1585
6683 4 2 1 1 2378 2086 2849 3813
6684 4 2 1 1 4030 983 2482 3403
6685 4 2 1 1 2494 1979 2927 3816
6686 4 2 1 1 3997 459 3953 2531
6687 4 2 1 1 2005 2101 2505 3275
6688 4 2 1 1 1932 2920 2430 3629
6689 4 2 1 1 305 2616 2507 3510
6690 4 2 1 1 2851 3069 1981 3243
6691 4 2 1 1 1850 2686 3444 3462
6692 4 2 1 1 3913 453 2486 3978
6693 4 2 1 1 2582 1952 2160 3116
6694 4 2 1 1 311 3072 2680 3377
6695 4 2 1 1 2064 2780 2401 3097
6696 4 2 1 1 2401 2780 2032 3097
6697 4 2 1 1 876 3110 3460 2387
6698 4 2 1 1 1426 3157 3310 3811
6699 4 2 1 1 2355 2651 1917 3201
6700 4 2 1 1 2508 1362 1411 3092
6701 4 2 1 1 1843 2658 2247 3283
6702 4 2 1 1 1178 2753 2638 3644
6703 4 2 1 1 1920 2583 3044 3871
6704 4 2 1 1 2025 2523 2471 3849
6705 4 2 1 1 1896 2151 2467 2691
6706 4 2 1 1 2572 2640 2000 3520
6707 4 2 1 1 655 2452 514 2354
6708 4 2 1 1 3848 1352 3662 1350
6709 4 2 1 1 2077 2874 2510 3019
6710 4 2 1 1 1847 3028 3239 3486
6711 4 2 1 1 635 2745 2604 3762
6712 4 2 1 1 2373 2524 2117 3585
6713 4 2 1 1 2119 2774 3181 3557
6714 4 2 1 1 1950 2542 2469 3326
6715 4 2 1 1 1703 2315 3112 3498
6716 4 2 1 1 2188 1937 2976 3153
6717 4 2 1 1 2209 189 2775 416
6718 4 2 1 1 1583 2446 1582 2884
6719 4 2 1 1 2059 2945 2493 3244
6720 4 2 1 1 1640 1742 1647 3211
6721 4 2 1 1 973 3668 2410 1004
6722 4 2 1 1 1932 2412 2344 3523
6723 4 2 1 1 2469 2542 1950 3187
6724 4 2 1 1 745 3910 80 3974
6725 4 2 1 1 911 985 739 2294
6726 4 2 1 1 2204 2658 2415 1927
6727 4 2 1 1 2334 3210 2211 3242
6728 4 2 1 1 513 3031 512 3422
6729 4 2 1 1 2065 2648 2564 2277
6730 4 2 1 1 2639 2776 1874 3074
6731 4 2 1 1 831 2490 2251 3477
6732 4 2 1 1 745 3910 3974 2931
6733 4 2 1 1 1333 2827 2432 3311
6734 4 2 1 1 2746 3109 2271 3470
6735 4 2 1 1 1866 2132 2040 1996
6736 4 2 1 1 2261 2703 1938 3089
6737 4 2 1 1 2096 3249 2792 3450
6738 4 2 1 1 2411 2611 774 3792
6739 4 2 1 1 2875 1544 1529 2434
6740 4 2 1 1 3666 3558 858 3083
6741 4 2 1 1 2271 3123 2305 3819
6742 4 2 1 1 3973 1508 3968 165
6743 4 2 1 1 2430 2716 2008 3650
6744 4 2 1 1 2377 2226 3346 3868
6745 4 2 1 1 3294 1686 3509 2338
6746 4 2 1 1 1813 1724 1723 2309
6747 4 2 1 1 2314 2623 2341 3785
6748 4 2 1 1 1252 3992 1208 3384
6749 4 2 1 1 848 986 2946 3330
6750 4 2 1 1 517 2329 627 510
6751 4 2 1 1 3814 468 2338 667
6752 4 2 1 1 1847 2751 2396 3240
6753 4 2 1 1 1598 3039 2851 3892
6754 4 2 1 1 1853 2905 2610 2345
6755 4 2 1 1 2292 1937 2462 3543
6756 4 2 1 1 1150 1013 2343 2993
6757 4 2 1 1 280 2450 264 3113
6758 4 2 1 1 1834 3449 2241 3386
6759 4 2 1 1 3915 2338 3294 468
6760 4 2 1 1 3427 3563 3511 2514
6761 4 2 1 1 1239 2969 1160 3048
6762 4 2 1 1 3474 2201 2557 1868
6763 4 2 1 1 2373 2901 1929 2146
6764 4 2 1 1 2587 3322 1893 2240
6765 4 2 1 1 1948 2733 2393 2890
6766 4 2 1 1 2293 2762 2225 2879
6767 4 2 1 1 1207 1080 1092 2377
6768 4 2 1 1 2261 1938 2776 3089
6769 4 2 1 1 2726 3140 1951 3864
6770 4 2 1 1 3848 3662 1352 2540
6771 4 2 1 1 2023 3037 2471 3087
6772 4 2 1 1 3548 1716 2962 1712
6773 4 2 1 1 2844 3013 2413 3688
6774 4 2 1 1 3951 1800 1573 2519
6775 4 2 1 1 1321 2628 2827 3776
6776 4 2 1 1 2121 3024 2952 2893
6777 4 2 1 1 2314 2440 1938 3555
6778 4 2 1 1 1150 2343 1252 3402
6779 4 2 1 1 3686 2374 2074 3338
6780 4 2 1 1 272 461 2689 3454
6781 4 2 1 1 2583 2079 3064 3570
6782 4 2 1 1 2444 2968 2145 3683
6783 4 2 1 1 2028 3141 2522 3242
6784 4 2 1 1 1917 2355 2575 2662
6785 4 2 1 1 417 2209 3271 3531
6786 4 2 1 1 1281 166 165 3973
6787 4 2 1 1 3739 4020 904 3851
6788 4 2 1 1 3973 1508 165 1281
6789 4 2 1 1 1958 3226 3653 3123
6790 4 2 1 1 1955 3124 2405 3250
6791 4 2 1 1 1584 2884 1723 3707
6792 4 2 1 1 2522 2549 2028 2837
6793 4 2 1 1 1054 2328 1055 3191
6794 4 2 1 1 2561 3260 2193 3479
6795 4 2 1 1 1543 2676 2956 3586
6796 4 2 1 1 2344 2137 2716 2953
6797 4 2 1 1 1111 2885 2217 3833
6798 4 2 1 1 1592 1617 2823 1748
6799 4 2 1 1 3704 1514 2797 3416
6800 4 2 1 1 2001 2722 2614 3502
6801 4 2 1 1 561 709 3550 3893
6802 4 2 1 1 1445 2928 1383 3467
6803 4 2 1 1 1856 3097 2476 3736
6804 4 2 1 1 1920 2286 3058 3499
6805 4 2 1 1 1098 2543 3020 3841
6806 4 2 1 1 2511 3052 2191 2906
6807 4 2 1 1 2476 3097 2845 3736
6808 4 2 1 1 3973 3923 1281 166
6809 4 2 1 1 384 3663 235 3865
6810 4 2 1 1 3973 3923 2423 1281
6811 4 2 1 1 2698 2866 2013 3641
6812 4 2 1 1 374 2556 278 3264
6813 4 2 1 1 2485 2945 2208 3352
6814 4 2 1 1 606 607 571 2589
6815 4 2 1 1 267 2450 279 3047
6816 4 2 1 1 1281 2423 3973 3190
6817 4 2 1 1 1197 3972 1020 170
6818 4 2 1 1 2311 2747 2402 3166
6819 4 2 1 1 2314 3043 2933 1924
6820 4 2 1 1 1715 1720 2416 3724
6821 4 2 1 1 3178 641 2931 714
6822 4 2 1 1 2381 2701 2074 2965
6823 4 2 1 1 1617 2498 2823 2887
6824 4 2 1 1 1907 2255 2606 3758
6825 4 2 1 1 1713 1714 1708 2907
6826 4 2 1 1 3814 2338 468 3294
6827 4 2 1 1 1197 3972 170 3909
6828 4 2 1 1 2968 653 497 522
6829 4 2 1 1 3916 1502 3972 2988
6830 4 2 1 1 228 2727 231 3109
6831 4 2 1 1 496 3050 3521 3642
6832 4 2 1 1 1985 3192 2328 3372
6833 4 2 1 1 2829 3263 2113 3350
6834 4 2 1 1 2406 3318 2162 3823
6835 4 2 1 1 2817 2963 2116 3215
6836 4 2 1 1 3391 3623 2359 3685
6837 4 2 1 1 2448 3078 2133 3437
6838 4 2 1 1 2007 2297 3129 3764
6839 4 2 1 1 2035 2573 3045 3269
6840 4 2 1 1 2368 3267 829 3406
6841 4 2 1 1 3285 3621 2077 2636
6842 4 2 1 1 1853 2738 2552 2925
6843 4 2 1 1 1132 1233 2535 3228
6844 4 2 1 1 1883 2690 2353 3446
6845 4 2 1 1 1150 1151 1154 3117
6846 4 2 1 1 797 2712 2289 3450
6847 4 2 1 1 2362 3063 2915 3295
6848 4 2 1 1 1904 3714 2346 3716
6849 4 2 1 1 2226 1933 3346 3702
6850 4 2 1 1 702 734 481 2699
6851 4 2 1 1 2004 2412 2925 3523
6852 4 2 1 1 1258 2483 2978 3384
6853 4 2 1 1 657 2389 620 2979
6854 4 2 1 1 1725 1581 2620 3363
6855 4 2 1 1 1608 1741 2290 3525
6856 4 2 1 1 2658 3283 2415 3788
6857 4 2 1 1 2870 3634 2661 2135
6858 4 2 1 1 1437 3174 2520 3897
6859 4 2 1 1 3916 1502 169 3972
6860 4 2 1 1 1479 1448 1390 2397
6861 4 2 1 1 2944 3830 1399 1509
6862 4 2 1 1 459 328 3953 2531
6863 4 2 1 1 3069 3298 3525 2851
6864 4 2 1 1 1938 2304 2440 2314
6865 4 2 1 1 1182 3968 2306 1016
6866 4 2 1 1 2727 3109 228 3432
6867 4 2 1 1 2386 2895 3191 3262
6868 4 2 1 1 2297 2740 1340 2357
6869 4 2 1 1 267 2967 2450 3047
6870 4 2 1 1 1142 2358 1102 3485
6871 4 2 1 1 2140 2430 3629 3706
6872 4 2 1 1 2136 2440 2314 3555
6873 4 2 1 1 3972 169 170 1502
6874 4 2 1 1 746 2984 3960 3603
6875 4 2 1 1 1274 1177 1014 2319
6876 4 2 1 1 1056 1241 2838 1240
6877 4 2 1 1 2010 2577 2347 3321
6878 4 2 1 1 653 2366 495 3095
6879 4 2 1 1 776 3018 779 3042
6880 4 2 1 1 371 3957 4018 2388
6881 4 2 1 1 1904 3230 2567 3722
6882 4 2 1 1 1293 3972 3909 170
6883 4 2 1 1 1844 2243 2661 3601
6884 4 2 1 1 267 264 2450 3232
6885 4 2 1 1 2824 3148 2055 3510
6886 4 2 1 1 928 802 2561 3194
6887 4 2 1 1 150 151 740 4015
6888 4 2 1 1 2208 3067 3721 3759
6889 4 2 1 1 1236 1199 1241 3020
6890 4 2 1 1 247 2179 3113 3232
6891 4 2 1 1 2059 3244 3220 3392
6892 4 2 1 1 1655 1630 1769 2311
6893 4 2 1 1 412 2616 305 3510
6894 4 2 1 1 1973 2670 3334 2237
6895 4 2 1 1 497 2366 2968 3521
6896 4 2 1 1 1042 1041 1040 2953
6897 4 2 1 1 3133 3200 2796 2266
6898 4 2 1 1 1655 2311 1769 3166
6899 4 2 1 1 1293 3972 170 1502
6900 4 2 1 1 1933 2660 2594 2820
6901 4 2 1 1 2911 2255 2606 3655
6902 4 2 1 1 982 2914 2984 867
6903 4 2 1 1 3790 2587 1893 2240
6904 4 2 1 1 1445 2486 1448 2928
6905 4 2 1 1 914 838 3571 3633
6906 4 2 1 1 1903 2434 2875 3612
6907 4 2 1 1 1293 1306 1305 2484
6908 4 2 1 1 2541 2992 2150 3686
6909 4 2 1 1 3647 3630 2669 2057
6910 4 2 1 1 3950 3971 2446 1570
6911 4 2 1 1 1919 2208 2548 3721
6912 4 2 1 1 2513 2885 3620 1975
6913 4 2 1 1 612 524 528 2935
6914 4 2 1 1 1984 2961 2200 3033
6915 4 2 1 1 2205 1960 2744 3608
6916 4 2 1 1 2236 2075 2537 3075
6917 4 2 1 1 2073 3103 2672 3268
6918 4 2 1 1 863 960 892 2726
6919 4 2 1 1 1850 2835 2686 3462
6920 4 2 1 1 2437 2625 1189 3532
6921 4 2 1 1 2093 2549 2837 3496
6922 4 2 1 1 2364 2880 2560 2068
6923 4 2 1 1 1858 3291 2236 3451
6924 4 2 1 1 2627 3088 2169 3573
6925 4 2 1 1 2284 943 3138 3247
6926 4 2 1 1 1974 2954 3136 3677
6927 4 2 1 1 3133 3200 2266 2879
6928 4 2 1 1 1060 2386 1195 2895
6929 4 2 1 1 2292 3543 2809 2586
6930 4 2 1 1 3743 3319 3137 2473
6931 4 2 1 1 2661 3634 2870 2243
6932 4 2 1 1 1182 3968 1016 1263
6933 4 2 1 1 3502 2933 2806 2251
6934 4 2 1 1 2001 2490 2722 3502
6935 4 2 1 1 484 2620 630 2831
6936 4 2 1 1 3288 2796 2140 3133
6937 4 2 1 1 267 2450 2967 3232
6938 4 2 1 1 2052 2770 2663 3065
6939 4 2 1 1 2424 3247 1911 3553
6940 4 2 1 1 3221 3301 1837 2576
6941 4 2 1 1 1833 2234 3088 2310
6942 4 2 1 1 326 2486 3122 330
6943 4 2 1 1 2139 2851 2267 3039
6944 4 2 1 1 1976 2769 2455 3214
6945 4 2 1 1 2687 2873 2130 3558
6946 4 2 1 1 3238 3725 3806 217
6947 4 2 1 1 993 4006 3438 754
6948 4 2 1 1 2125 3664 1871 2965
6949 4 2 1 1 2034 2947 2852 3855
6950 4 2 1 1 2058 3278 3162 3508
6951 4 2 1 1 567 2564 2741 3459
6952 4 2 1 1 695 698 621 2847
6953 4 2 1 1 2247 3283 2658 3788
6954 4 2 1 1 1888 2810 2453 3843
6955 4 2 1 1 1155 2446 3117 3483
6956 4 2 1 1 1764 3237 2259 3617
6957 4 2 1 1 3971 186 185 1570
6958 4 2 1 1 850 968 3194 970
6959 4 2 1 1 1035 2997 1036 3854
6960 4 2 1 1 3950 3971 1570 186
6961 4 2 1 1 2217 2846 1965 2929
6962 4 2 1 1 1961 3149 2279 1875
6963 4 2 1 1 2233 3413 1998 3513
6964 4 2 1 1 1927 3604 2742 3861
6965 4 2 1 1 2398 2438 2058 3657
6966 4 2 1 1 2303 3543 2996 1923
6967 4 2 1 1 1987 2755 2195 3062
6968 4 2 1 1 2806 2933 3502 1863
6969 4 2 1 1 2243 2598 1942 3560
6970 4 2 1 1 3971 2993 1570 185
6971 4 2 1 1 2013 2525 2992 2295
6972 4 2 1 1 2255 2911 3081 2692
6973 4 2 1 1 1696 2441 2986 3694
6974 4 2 1 1 2029 3178 2847 3306
6975 4 2 1 1 3884 614 533 615
6976 4 2 1 1 2884 2713 3511 1994
6977 4 2 1 1 981 932 751 2276
6978 4 2 1 1 2405 2856 1480 2734
6979 4 2 1 1 2572 3405 1907 3478
6980 4 2 1 1 2004 2925 3362 3523
6981 4 2 1 1 838 2424 765 3571
6982 4 2 1 1 804 2274 810 3374
6983 4 2 1 1 2278 2024 3115 3619
6984 4 2 1 1 320 203 432 2489
6985 4 2 1 1 1860 3512 2544 3542
6986 4 2 1 1 2123 2495 2750 2983
6987 4 2 1 1 2363 2883 2558 3673
6988 4 2 1 1 1862 2662 2438 3657
6989 4 2 1 1 669 520 2261 3651
6990 4 2 1 1 1927 1988 2751 2212
6991 4 2 1 1 946 2289 3284 3450
6992 4 2 1 1 1874 2776 2639 3089
6993 4 2 1 1 1983 3042 2611 3154
6994 4 2 1 1 1665 1688 2347 3321
6995 4 2 1 1 1835 2242 2678 2199
6996 4 2 1 1 1885 2421 3165 2163
6997 4 2 1 1 1153 3356 3121 3647
6998 4 2 1 1 2191 2641 3052 1915
6999 4 2 1 1 1583 1570 1582 2446
7000 4 2 1 1 1992 2530 3236 3381
7001 4 2 1 1 2014 2551 2511 3551
7002 4 2 1 1 2058 3162 2550 3508
7003 4 2 1 1 2050 2956 2676 3586
7004 4 2 1 1 913 2255 949 839
7005 4 2 1 1 2007 3129 3562 3764
7006 4 2 1 1 3915 667 3852 2338
7007 4 2 1 1 3971 2446 1570 2993
7008 4 2 1 1 589 2481 2910 3359
7009 4 2 1 1 2320 2854 2127 3339
7010 4 2 1 1 1957 2854 2320 3339
7011 4 2 1 1 2165 3472 2533 3751
7012 4 2 1 1 2668 2650 2608 1948
7013 4 2 1 1 2461 2622 1604 3857
7014 4 2 1 1 2120 2889 3584 3757
7015 4 2 1 1 2523 3301 2471 3849
7016 4 2 1 1 2229 2679 3070 3656
7017 4 2 1 1 2806 3872 3502 2251
7018 4 2 1 1 1382 3467 2928 3859
7019 4 2 1 1 1587 2427 1659 3051
7020 4 2 1 1 1887 2687 2518 1988
7021 4 2 1 1 1656 2747 1676 2986
7022 4 2 1 1 2017 2619 2365 3590
7023 4 2 1 1 1696 2441 3694 1642
7024 4 2 1 1 104 103 3924 1015
7025 4 2 1 1 2837 3317 1839 2518
7026 4 2 1 1 744 2826 2497 3856
7027 4 2 1 1 1617 2823 1781 2887
7028 4 2 1 1 1849 2691 3627 3680
7029 4 2 1 1 1977 2799 2300 3571
7030 4 2 1 1 3551 3235 2502 2237
7031 4 2 1 1 2252 3404 1885 3703
7032 4 2 1 1 977 2538 4027 3705
7033 4 2 1 1 2695 2837 2549 3496
7034 4 2 1 1 948 788 923 2624
7035 4 2 1 1 2170 2859 2353 3446
7036 4 2 1 1 1892 2406 3318 2139
7037 4 2 1 1 1930 2779 2784 3614
7038 4 2 1 1 2541 2913 2025 2295
7039 4 2 1 1 1312 1314 1313 2466
7040 4 2 1 1 2961 3033 1209 3866
7041 4 2 1 1 437 350 349 3592
7042 4 2 1 1 3313 3068 2926 3820
7043 4 2 1 1 2565 2643 2004 2925
7044 4 2 1 1 2239 2889 2120 3567
7045 4 2 1 1 2059 2678 3244 3358
7046 4 2 1 1 2758 3304 2465 2125
7047 4 2 1 1 2647 2933 2107 3477
7048 4 2 1 1 3120 3006 1938 3026
7049 4 2 1 1 825 2251 823 3699
7050 4 2 1 1 3647 3630 2057 2056
7051 4 2 1 1 3924 104 1015 3536
7052 4 2 1 1 60 59 3978 453
7053 4 2 1 1 2701 2965 2381 3870
7054 4 2 1 1 3502 3872 2806 1863
7055 4 2 1 1 1015 2288 3924 3536
7056 4 2 1 1 2128 2258 2858 3600
7057 4 2 1 1 2372 1941 2591 2548
7058 4 2 1 1 2701 2374 1879 3338
7059 4 2 1 1 1849 2754 2395 2959
7060 4 2 1 1 2292 3754 2100 3845
7061 4 2 1 1 2808 2036 2111 2643
7062 4 2 1 1 2004 2643 2599 3362
7063 4 2 1 1 1935 2353 2690 3719
7064 4 2 1 1 1971 2427 2343 3222
7065 4 2 1 1 1635 1640 1634 2919
7066 4 2 1 1 433 429 317 2319
7067 4 2 1 1 3923 1453 3970 2994
7068 4 2 1 1 351 3582 346 382
7069 4 2 1 1 2038 2590 2156 3456
7070 4 2 1 1 1877 3094 3524 3584
7071 4 2 1 1 2265 1786 3497 1670
7072 4 2 1 1 3416 2951 2379 3438
7073 4 2 1 1 3551 3235 2237 1915
7074 4 2 1 1 2057 2756 2555 3607
7075 4 2 1 1 2595 3007 1866 3589
7076 4 2 1 1 350 2769 349 3592
7077 4 2 1 1 2255 2911 2692 1976
7078 4 2 1 1 2328 3102 1965 3372
7079 4 2 1 1 909 2497 3013 3197
7080 4 2 1 1 2509 2861 2673 3364
7081 4 2 1 1 2206 2696 2472 2934
7082 4 2 1 1 421 424 2347 2337
7083 4 2 1 1 3923 1453 167 3970
7084 4 2 1 1 3897 1974 2407 2833
7085 4 2 1 1 772 2411 927 3260
7086 4 2 1 1 1453 168 167 3970
7087 4 2 1 1 2376 2609 1949 3838
7088 4 2 1 1 2461 3670 2144 3681
7089 4 2 1 1 1958 2707 2569 2863
7090 4 2 1 1 3263 3073 3596 1925
7091 4 2 1 1 2754 2761 2007 3399
7092 4 2 1 1 2377 2594 1913 2820
7093 4 2 1 1 2884 2713 1994 2446
7094 4 2 1 1 1849 2299 2834 3143
7095 4 2 1 1 1285 3970 3916 168
7096 4 2 1 1 2403 1921 2980 3345
7097 4 2 1 1 2524 2804 2298 3538
7098 4 2 1 1 2315 2794 1935 2464
7099 4 2 1 1 2456 3179 2661 2129
7100 4 2 1 1 1954 2534 2332 3193
7101 4 2 1 1 3970 1453 2336 2994
7102 4 2 1 1 2770 1966 3065 3203
7103 4 2 1 1 134 135 3856 991
7104 4 2 1 1 2569 3201 3085 3428
7105 4 2 1 1 2132 2435 2397 3624
7106 4 2 1 1 2245 3078 1942 1897
7107 4 2 1 1 441 355 420 2711
7108 4 2 1 1 1834 2241 3449 2930
7109 4 2 1 1 1285 3970 168 1453
7110 4 2 1 1 1887 2687 2409 3055
7111 4 2 1 1 3656 2412 2679 1922
7112 4 2 1 1 2499 3842 2464 3015
7113 4 2 1 1 1477 1392 3040 3693
7114 4 2 1 1 2330 1217 3025 3346
7115 4 2 1 1 994 156 157 3649
7116 4 2 1 1 2671 3162 2179 3508
7117 4 2 1 1 2074 1870 3315 2868
7118 4 2 1 1 1306 3062 2988 3740
7119 4 2 1 1 2177 2028 2522 2273
7120 4 2 1 1 2510 3019 2874 3121
7121 4 2 1 1 1608 2290 1741 3617
7122 4 2 1 1 2100 2292 1923 3754
7123 4 2 1 1 1320 3040 1319 3836
7124 4 2 1 1 517 2329 3076 3111
7125 4 2 1 1 3924 2288 467 3536
7126 4 2 1 1 2753 3400 1955 3878
7127 4 2 1 1 3276 2808 2565 3883
7128 4 2 1 1 1969 2338 2428 3160
7129 4 2 1 1 1155 3117 1157 3483
7130 4 2 1 1 2991 226 229 405
7131 4 2 1 1 1862 3231 2359 3685
7132 4 2 1 1 513 2291 646 2325
7133 4 2 1 1 2196 2451 2927 3695
7134 4 2 1 1 2965 1838 2381 3870
7135 4 2 1 1 2259 1937 2770 3153
7136 4 2 1 1 2268 3370 1103 3527
7137 4 2 1 1 3317 2806 2687 3505
7138 4 2 1 1 3306 3178 641 2592
7139 4 2 1 1 1917 2569 2550 2671
7140 4 2 1 1 26 25 3969 1749
7141 4 2 1 1 867 2216 2914 2984
7142 4 2 1 1 861 2562 860 3004
7143 4 2 1 1 2257 2808 2527 3302
7144 4 2 1 1 2259 2710 1937 3153
7145 4 2 1 1 1792 2475 2897 1791
7146 4 2 1 1 1432 2596 3528 1504
7147 4 2 1 1 1752 1709 1707 2500
7148 4 2 1 1 2567 3104 2402 3722
7149 4 2 1 1 589 2481 3359 465
7150 4 2 1 1 2233 3028 3413 3640
7151 4 2 1 1 2057 2669 2555 3630
7152 4 2 1 1 2651 3085 2569 3201
7153 4 2 1 1 1863 2806 2220 3872
7154 4 2 1 1 2153 2654 3357 3861
7155 4 2 1 1 694 2604 635 2745
7156 4 2 1 1 3068 3313 3309 1840
7157 4 2 1 1 2455 3207 2918 900
7158 4 2 1 1 2407 2886 1974 3373
7159 4 2 1 1 1985 2281 2126 3901
7160 4 2 1 1 4020 14 15 443
7161 4 2 1 1 1943 2651 2355 3201
7162 4 2 1 1 2590 3088 3010 3635
7163 4 2 1 1 2910 2072 2582 2793
7164 4 2 1 1 2070 2558 2363 1855
7165 4 2 1 1 1237 1132 1233 2535
7166 4 2 1 1 1938 3555 2440 3651
7167 4 2 1 1 269 270 2563 3005
7168 4 2 1 1 1572 26 3969 1749
7169 4 2 1 1 2865 3560 3057 2973
7170 4 2 1 1 1432 2596 1504 1395
7171 4 2 1 1 589 2339 2910 590
7172 4 2 1 1 300 2270 396 2772
7173 4 2 1 1 3969 1801 1572 1749
7174 4 2 1 1 2897 3733 2625 2475
7175 4 2 1 1 2497 2826 988 3688
7176 4 2 1 1 2024 2816 2364 3487
7177 4 2 1 1 2286 3058 1893 1952
7178 4 2 1 1 2553 2708 1931 3039
7179 4 2 1 1 3045 3269 2573 3797
7180 4 2 1 1 2332 2882 2039 3238
7181 4 2 1 1 1847 2396 2504 3480
7182 4 2 1 1 2373 2804 2524 3538
7183 4 2 1 1 1995 2720 2646 2977
7184 4 2 1 1 279 264 280 2450
7185 4 2 1 1 3969 1801 1749 2347
7186 4 2 1 1 1704 2771 1643 3237
7187 4 2 1 1 1051 2888 2895 2939
7188 4 2 1 1 517 2329 510 3076
7189 4 2 1 1 1997 1901 2530 3588
7190 4 2 1 1 1476 2340 1341 1315
7191 4 2 1 1 3969 2538 1749 25
7192 4 2 1 1 792 2843 793 3011
7193 4 2 1 1 2086 2849 2828 2526
7194 4 2 1 1 982 2914 867 868
7195 4 2 1 1 2181 3358 2554 3791
7196 4 2 1 1 1494 2323 2821 3662
7197 4 2 1 1 3194 2101 2955 3784
7198 4 2 1 1 1111 3340 1109 1085
7199 4 2 1 1 2195 3174 2466 3701
7200 4 2 1 1 1305 3062 2484 1306
7201 4 2 1 1 1330 2264 2191 3465
7202 4 2 1 1 2156 2781 3556 3652
7203 4 2 1 1 2505 2101 3194 3784
7204 4 2 1 1 394 2991 224 3667
7205 4 2 1 1 1981 3069 2851 3298
7206 4 2 1 1 2371 2853 840 3594
7207 4 2 1 1 2543 2143 3192 3888
7208 4 2 1 1 1870 3023 2307 2526
7209 4 2 1 1 1228 1064 2351 3133
7210 4 2 1 1 3969 2347 1749 2538
7211 4 2 1 1 1128 3728 2293 3690
7212 4 2 1 1 44 45 442 3967
7213 4 2 1 1 1873 3355 2977 3578
7214 4 2 1 1 1880 2695 3107 3500
7215 4 2 1 1 1016 164 3968 3914
7216 4 2 1 1 2281 2367 1878 3877
7217 4 2 1 1 3749 2034 2109 2642
7218 4 2 1 1 2028 3022 2474 3544
7219 4 2 1 1 1933 2594 2660 2398
7220 4 2 1 1 619 2389 613 3216
7221 4 2 1 1 2175 2517 2815 3301
7222 4 2 1 1 2156 3556 3420 3652
7223 4 2 1 1 2381 3224 2965 3664
7224 4 2 1 1 1847 2504 2396 3140
7225 4 2 1 1 1898 2643 2244 3514
7226 4 2 1 1 1046 2602 1047 2920
7227 4 2 1 1 3232 404 2967 267
7228 4 2 1 1 1011 2423 3923 2994
7229 4 2 1 1 2301 3445 3305 1892
7230 4 2 1 1 750 3433 882 3071
7231 4 2 1 1 2626 3053 502 3327
7232 4 2 1 1 1187 1057 3102 3191
7233 4 2 1 1 3914 1512 1291 1489
7234 4 2 1 1 2229 3070 2838 3656
7235 4 2 1 1 2621 3471 1989 2517
7236 4 2 1 1 2621 3471 2517 1886
7237 4 2 1 1 2917 3165 2189 3568
7238 4 2 1 1 1193 2336 1251 2988
7239 4 2 1 1 3050 3058 3521 2166
7240 4 2 1 1 2336 3272 1149 3400
7241 4 2 1 1 2128 2279 2941 3782
7242 4 2 1 1 2409 2873 2687 3558
7243 4 2 1 1 1733 1784 2483 3384
7244 4 2 1 1 2046 2709 2459 2820
7245 4 2 1 1 1848 2665 3225 3808
7246 4 2 1 1 3133 3200 2879 1959
7247 4 2 1 1 526 2418 3111 3076
7248 4 2 1 1 2063 2371 3090 3716
7249 4 2 1 1 2944 1428 1520 1524
7250 4 2 1 1 551 2745 635 3762
7251 4 2 1 1 2757 2929 2217 3613
7252 4 2 1 1 487 4008 2831 2694
7253 4 2 1 1 2401 2676 1531 3586
7254 4 2 1 1 2641 2896 1339 3533
7255 4 2 1 1 1128 2293 3728 3025
7256 4 2 1 1 556 555 3347 3632
7257 4 2 1 1 1880 3107 2429 3500
7258 4 2 1 1 165 164 1508 3968
7259 4 2 1 1 2210 1933 3017 3282
7260 4 2 1 1 1883 2941 3149 3670
7261 4 2 1 1 3973 1263 3190 1183
7262 4 2 1 1 3928 1420 2422 2956
7263 4 2 1 1 1849 2813 2709 3351
7264 4 2 1 1 3968 1489 2306 3914
7265 4 2 1 1 2724 2774 1845 3782
7266 4 2 1 1 4003 739 3937 2294
7267 4 2 1 1 2041 2846 2386 3728
7268 4 2 1 1 3482 3658 2215 3093
7269 4 2 1 1 2086 2893 2378 3821
7270 4 2 1 1 1844 2587 2243 2900
7271 4 2 1 1 26 25 208 3969
7272 4 2 1 1 2530 2807 2109 3236
7273 4 2 1 1 2115 2577 2347 2869
7274 4 2 1 1 1900 2296 3049 1998
7275 4 2 1 1 1890 3204 3198 3605
7276 4 2 1 1 3749 2109 2034 2807
7277 4 2 1 1 1187 1068 1057 3191
7278 4 2 1 1 794 805 2282 3374
7279 4 2 1 1 2024 3619 2278 3783
7280 4 2 1 1 696 2394 3159 688
7281 4 2 1 1 1769 2790 3166 2311
7282 4 2 1 1 2670 3201 2937 2254
7283 4 2 1 1 2078 2795 2652 3239
7284 4 2 1 1 2652 2795 2136 3239
7285 4 2 1 1 2280 3148 2824 3865
7286 4 2 1 1 2449 3261 2322 3570
7287 4 2 1 1 2403 2980 2448 3345
7288 4 2 1 1 2247 3788 1927 3861
7289 4 2 1 1 605 470 732 3341
7290 4 2 1 1 1869 2560 2880 2068
7291 4 2 1 1 3949 1538 1292 1460
7292 4 2 1 1 1102 2358 2874 3485
7293 4 2 1 1 1948 2650 2608 2789
7294 4 2 1 1 44 45 3967 1278
7295 4 2 1 1 985 2294 911 3197
7296 4 2 1 1 1778 2553 3039 2708
7297 4 2 1 1 2691 2796 1959 2834
7298 4 2 1 1 2142 2985 2743 3714
7299 4 2 1 1 3005 3360 2131 3410
7300 4 2 1 1 466 4039 623 2674
7301 4 2 1 1 2058 2438 2398 3489
7302 4 2 1 1 393 415 413 3193
7303 4 2 1 1 2230 3263 2829 3350
7304 4 2 1 1 596 3928 2422 2956
7305 4 2 1 1 1278 3967 44 1176
7306 4 2 1 1 3693 2628 3040 1320
7307 4 2 1 1 2846 2929 2217 3340
7308 4 2 1 1 1949 2838 3070 3656
7309 4 2 1 1 2743 2985 2216 3714
7310 4 2 1 1 456 66 67 4002
7311 4 2 1 1 230 228 229 3432
7312 4 2 1 1 575 3947 688 693
7313 4 2 1 1 2872 3347 555 3632
7314 4 2 1 1 2043 2662 2359 3082
7315 4 2 1 1 1956 2606 2506 2923
7316 4 2 1 1 1834 2473 2807 2930
7317 4 2 1 1 1253 3907 1023 2509
7318 4 2 1 1 2611 3018 776 3042
7319 4 2 1 1 1985 3192 3372 3901
7320 4 2 1 1 1896 2351 2691 2796
7321 4 2 1 1 1959 2691 2351 2796
7322 4 2 1 1 2559 2642 2003 2947
7323 4 2 1 1 905 742 1001 2272
7324 4 2 1 1 1895 3046 2285 3656
7325 4 2 1 1 3967 3982 329 2750
7326 4 2 1 1 2758 2465 3304 2048
7327 4 2 1 1 1941 2372 2593 2548
7328 4 2 1 1 3476 1885 2975 2340
7329 4 2 1 1 3251 3277 2579 3654
7330 4 2 1 1 2138 3152 2408 3610
7331 4 2 1 1 575 3947 2394 688
7332 4 2 1 1 1655 2747 2311 3166
7333 4 2 1 1 1943 2670 3085 3201
7334 4 2 1 1 3693 2628 1320 3034
7335 4 2 1 1 1935 2464 2794 3412
7336 4 2 1 1 2364 2278 2024 2880
7337 4 2 1 1 1886 2621 2335 3155
7338 4 2 1 1 371 61 62 4018
7339 4 2 1 1 1640 1742 3211 3775
7340 4 2 1 1 3967 1176 1278 2750
7341 4 2 1 1 3846 2748 2127 2778
7342 4 2 1 1 2997 592 2339 703
7343 4 2 1 1 3967 3982 45 329
7344 4 2 1 1 2332 3091 407 3806
7345 4 2 1 1 2525 2080 2868 3664
7346 4 2 1 1 3959 3289 433 315
7347 4 2 1 1 1472 2336 3740 2988
7348 4 2 1 1 1792 2475 1791 1758
7349 4 2 1 1 3335 2002 2449 3735
7350 4 2 1 1 1165 2483 1012 3497
7351 4 2 1 1 1578 158 157 3966
7352 4 2 1 1 157 1578 3966 3649
7353 4 2 1 1 2945 2083 2493 3244
7354 4 2 1 1 1817 158 1578 3966
7355 4 2 1 1 2837 3317 2518 3505
7356 4 2 1 1 381 240 254 2335
7357 4 2 1 1 2434 2676 1496 3546
7358 4 2 1 1 1578 2788 3966 3649
7359 4 2 1 1 1754 1632 3581 3779
7360 4 2 1 1 2271 2746 236 3109
7361 4 2 1 1 3232 404 267 251
7362 4 2 1 1 3846 2127 2748 3339
7363 4 2 1 1 1461 3122 1470 2435
7364 4 2 1 1 3937 1422 1284 3403
7365 4 2 1 1 3283 3837 2611 2247
7366 4 2 1 1 1953 2228 2823 3084
7367 4 2 1 1 1160 3048 2969 3370
7368 4 2 1 1 2110 2761 2223 2856
7369 4 2 1 1 447 3935 2768 3976
7370 4 2 1 1 1872 2558 2883 3673
7371 4 2 1 1 2451 3058 2366 3521
7372 4 2 1 1 2084 2471 3507 3712
7373 4 2 1 1 1834 2607 3169 3449
7374 4 2 1 1 1349 2641 1339 3533
7375 4 2 1 1 669 2261 520 2325
7376 4 2 1 1 1615 1764 2259 3617
7377 4 2 1 1 2960 3576 1836 3772
7378 4 2 1 1 2738 3116 2160 3324
7379 4 2 1 1 2019 2701 2381 3870
7380 4 2 1 1 1853 2738 2582 3108
7381 4 2 1 1 2243 2717 2598 3560
7382 4 2 1 1 865 993 966 3061
7383 4 2 1 1 2638 2879 1959 3133
7384 4 2 1 1 2514 3126 2601 3563
7385 4 2 1 1 263 385 406 3723
7386 4 2 1 1 2611 3837 3283 1983
7387 4 2 1 1 1308 3062 1306 3740
7388 4 2 1 1 544 543 2564 3093
7389 4 2 1 1 1977 2904 2592 3178
7390 4 2 1 1 262 357 252 2460
7391 4 2 1 1 2313 3213 284 3377
7392 4 2 1 1 1176 2404 1175 2750
7393 4 2 1 1 553 2872 2439 3347
7394 4 2 1 1 3635 3206 2721 2275
7395 4 2 1 1 2798 3581 1632 3779
7396 4 2 1 1 1940 3174 2520 3568
7397 4 2 1 1 2554 1916 2816 3717
7398 4 2 1 1 2769 3349 2094 3723
7399 4 2 1 1 1927 2658 2415 3788
7400 4 2 1 1 1192 4004 3912 181
7401 4 2 1 1 1363 1522 1492 2588
7402 4 2 1 1 2074 2525 2992 2868
7403 4 2 1 1 3305 3445 2431 1892
7404 4 2 1 1 3125 3172 1969 2648
7405 4 2 1 1 2283 1961 2878 3149
7406 4 2 1 1 1898 2244 2870 3514
7407 4 2 1 1 2522 2655 2177 3177
7408 4 2 1 1 1954 2253 2737 3193
7409 4 2 1 1 500 2626 2444 2145
7410 4 2 1 1 1774 1778 2553 3039
7411 4 2 1 1 2439 3220 1912 3408
7412 4 2 1 1 2139 2724 2267 2851
7413 4 2 1 1 2641 3052 1936 3465
7414 4 2 1 1 3317 2837 3144 2220
7415 4 2 1 1 787 3127 826 2533
7416 4 2 1 1 340 341 2250 3393
7417 4 2 1 1 2322 2218 3261 3896
7418 4 2 1 1 2991 3491 2192 3667
7419 4 2 1 1 1046 2344 1044 3175
7420 4 2 1 1 2601 2924 2786 3469
7421 4 2 1 1 1127 1097 1126 3527
7422 4 2 1 1 1578 1817 3966 2788
7423 4 2 1 1 2133 3437 3540 3896
7424 4 2 1 1 1035 1034 1036 2997
7425 4 2 1 1 3220 3012 2345 1912
7426 4 2 1 1 254 240 250 2335
7427 4 2 1 1 645 3934 2656 3984
7428 4 2 1 1 2252 1929 2763 3771
7429 4 2 1 1 556 3347 2227 3632
7430 4 2 1 1 491 2451 2927 3762
7431 4 2 1 1 2005 2101 2585 3433
7432 4 2 1 1 2455 3592 2392 3851
7433 4 2 1 1 1379 3297 2596 3528
7434 4 2 1 1 465 3983 3927 106
7435 4 2 1 1 2348 379 248 223
7436 4 2 1 1 885 2585 883 3559
7437 4 2 1 1 3071 2617 2005 3737
7438 4 2 1 1 2291 3119 3031 3422
7439 4 2 1 1 826 3127 787 803
7440 4 2 1 1 3935 1303 2768 1539
7441 4 2 1 1 1860 2637 2510 2056
7442 4 2 1 1 3897 2042 2407 3341
7443 4 2 1 1 3863 2987 2546 1943
7444 4 2 1 1 2003 2947 2642 3855
7445 4 2 1 1 1902 2125 2758 3139
7446 4 2 1 1 1476 2340 1315 2975
7447 4 2 1 1 1647 1743 2653 3211
7448 4 2 1 1 439 2825 370 3147
7449 4 2 1 1 3677 3136 3373 2656
7450 4 2 1 1 2104 2796 2834 3200
7451 4 2 1 1 1905 3348 2437 3537
7452 4 2 1 1 2146 2901 3665 2373
7453 4 2 1 1 238 239 2262 3847
7454 4 2 1 1 67 68 3965 1302
7455 4 2 1 1 3238 3725 217 2756
7456 4 2 1 1 3965 4029 448 2802
7457 4 2 1 1 3965 1535 67 1302
7458 4 2 1 1 3700 1963 2294 2778
7459 4 2 1 1 2899 3170 1935 3719
7460 4 2 1 1 400 2714 308 2937
7461 4 2 1 1 3254 3461 3259 2273
7462 4 2 1 1 2307 3315 2269 3444
7463 4 2 1 1 405 362 229 3163
7464 4 2 1 1 1472 2336 2988 1285
7465 4 2 1 1 982 2984 3395 3705
7466 4 2 1 1 4016 192 2455 3851
7467 4 2 1 1 2757 2983 2123 3613
7468 4 2 1 1 2252 2804 3404 3703
7469 4 2 1 1 3161 678 541 3347
7470 4 2 1 1 943 3885 3711 789
7471 4 2 1 1 3965 4002 456 67
7472 4 2 1 1 2806 3317 2220 3505
7473 4 2 1 1 240 250 2335 3410
7474 4 2 1 1 1434 2826 1287 3369
7475 4 2 1 1 2016 2990 2567 3104
7476 4 2 1 1 1913 2306 2596 3464
7477 4 2 1 1 346 3214 2457 3822
7478 4 2 1 1 2648 2277 3125 3172
7479 4 2 1 1 1106 1107 2861 3868
7480 4 2 1 1 2935 614 2248 2979
7481 4 2 1 1 3965 1302 2802 3431
7482 4 2 1 1 1241 1240 1167 2838
7483 4 2 1 1 3965 4029 68 448
7484 4 2 1 1 2061 3004 2562 3711
7485 4 2 1 1 1631 2832 2794 3798
7486 4 2 1 1 2544 3016 1926 3390
7487 4 2 1 1 1977 3385 2904 3708
7488 4 2 1 1 3700 2294 1963 3197
7489 4 2 1 1 2104 2796 2675 2903
7490 4 2 1 1 1383 1445 1448 2928
7491 4 2 1 1 1544 1496 2434 2676
7492 4 2 1 1 1631 1621 2794 2832
7493 4 2 1 1 2574 2951 1863 3872
7494 4 2 1 1 1980 2626 3053 3182
7495 4 2 1 1 3898 2884 1994 2993
7496 4 2 1 1 2271 3123 3226 2671
7497 4 2 1 1 3828 2480 3034 1982
7498 4 2 1 1 1029 99 100 2731
7499 4 2 1 1 2704 3057 2045 3738
7500 4 2 1 1 3721 3680 2395 3627
7501 4 2 1 1 2392 3739 904 3851
7502 4 2 1 1 563 673 542 3093
7503 4 2 1 1 2067 2310 2789 3682
7504 4 2 1 1 1851 2211 3242 3339
7505 4 2 1 1 1360 1373 3092 3817
7506 4 2 1 1 371 3957 2388 190
7507 4 2 1 1 1386 1397 1402 2778
7508 4 2 1 1 2045 3560 3601 3760
7509 4 2 1 1 2489 3213 3183 3377
7510 4 2 1 1 1855 2547 3202 2892
7511 4 2 1 1 1979 2694 2309 3389
7512 4 2 1 1 299 3391 450 3623
7513 4 2 1 1 2865 3560 2973 1942
7514 4 2 1 1 2154 2840 2374 3470
7515 4 2 1 1 1976 2692 2255 3207
7516 4 2 1 1 2507 3195 418 3510
7517 4 2 1 1 2041 2929 2846 3340
7518 4 2 1 1 2255 2911 1976 3655
7519 4 2 1 1 1882 2242 3115 3276
7520 4 2 1 1 1029 2632 100 1210
7521 4 2 1 1 2233 3028 2732 3480
7522 4 2 1 1 2605 3084 2194 3427
7523 4 2 1 1 2552 3086 2716 3874
7524 4 2 1 1 1987 2268 2484 3448
7525 4 2 1 1 3010 3088 2169 3635
7526 4 2 1 1 2251 2806 1944 2873
7527 4 2 1 1 1241 1219 3441 1167
7528 4 2 1 1 865 3061 2490 3438
7529 4 2 1 1 1884 2241 3114 3274
7530 4 2 1 1 386 2253 3091 3193
7531 4 2 1 1 2232 3107 2845 3736
7532 4 2 1 1 2227 3347 2905 1912
7533 4 2 1 1 1197 1262 1020 2988
7534 4 2 1 1 1085 2217 2846 3833
7535 4 2 1 1 1965 3191 2846 3833
7536 4 2 1 1 2204 1988 2751 1927
7537 4 2 1 1 1614 2798 1607 3030
7538 4 2 1 1 1253 3907 2509 3853
7539 4 2 1 1 2774 2941 2279 3782
7540 4 2 1 1 62 63 457 4034
7541 4 2 1 1 925 3061 993 2379
7542 4 2 1 1 877 833 921 3778
7543 4 2 1 1 1426 3310 1387 3811
7544 4 2 1 1 3954 754 975 2699
7545 4 2 1 1 1902 2964 2298 3535
7546 4 2 1 1 1867 2893 2908 3821
7547 4 2 1 1 1878 2386 3282 3503
7548 4 2 1 1 1523 1297 1552 3416
7549 4 2 1 1 1908 2607 2472 2934
7550 4 2 1 1 3096 3354 2267 3475
7551 4 2 1 1 1018 4000 2897 3904
7552 4 2 1 1 2024 3487 2189 3717
7553 4 2 1 1 1252 1150 1013 2343
7554 4 2 1 1 213 3920 2555 212
7555 4 2 1 1 2924 2571 2786 3469
7556 4 2 1 1 2031 2747 2311 3564
7557 4 2 1 1 1687 1810 3294 3389
7558 4 2 1 1 2656 2956 2050 3586
7559 4 2 1 1 1649 1663 1664 3350
7560 4 2 1 1 2502 1973 3334 2237
7561 4 2 1 1 1957 2821 2320 2854
7562 4 2 1 1 3407 2536 3073 1990
7563 4 2 1 1 1363 3174 1483 2588
7564 4 2 1 1 1843 2415 2658 3283
7565 4 2 1 1 1874 2364 2639 3787
7566 4 2 1 1 2054 3158 2684 3280
7567 4 2 1 1 1784 3222 2483 3384
7568 4 2 1 1 2251 3061 831 3300
7569 4 2 1 1 2249 1716 3630 1729
7570 4 2 1 1 2619 2744 2017 3550
7571 4 2 1 1 1512 1432 1489 2306
7572 4 2 1 1 1606 3305 1613 3445
7573 4 2 1 1 1606 2431 3305 3445
7574 4 2 1 1 1088 2881 1089 3009
7575 4 2 1 1 2199 3580 3067 1941
7576 4 2 1 1 2731 4022 99 722
7577 4 2 1 1 2041 2846 2929 3503
7578 4 2 1 1 2059 2345 2610 3220
7579 4 2 1 1 2006 3300 2251 3458
7580 4 2 1 1 134 135 1546 3856
7581 4 2 1 1 135 1548 1546 3856
7582 4 2 1 1 1063 1066 2879 3690
7583 4 2 1 1 2012 2893 2579 2952
7584 4 2 1 1 2241 3749 3274 2618
7585 4 2 1 1 2192 3091 2545 3491
7586 4 2 1 1 250 254 2335 3773
7587 4 2 1 1 381 2335 254 3516
7588 4 2 1 1 2093 2837 3144 3496
7589 4 2 1 1 2484 3196 1238 3448
7590 4 2 1 1 2050 2656 3586 3677
7591 4 2 1 1 1853 3116 2738 3324
7592 4 2 1 1 957 917 840 2371
7593 4 2 1 1 940 756 982 3705
7594 4 2 1 1 2579 2893 2121 2952
7595 4 2 1 1 1856 2364 3487 3736
7596 4 2 1 1 2340 3165 2466 2163
7597 4 2 1 1 400 308 2714 286
7598 4 2 1 1 1920 3044 3499 3871
7599 4 2 1 1 2845 3107 2068 3736
7600 4 2 1 1 2017 2744 2205 3185
7601 4 2 1 1 2613 868 939 2914
7602 4 2 1 1 1878 2367 3423 3877
7603 4 2 1 1 1587 2427 3051 2681
7604 4 2 1 1 2809 3543 2316 2586
7605 4 2 1 1 1943 2670 2400 3085
7606 4 2 1 1 1961 2283 2832 3412
7607 4 2 1 1 1637 2631 3331 3445
7608 4 2 1 1 2513 2885 1975 2983
7609 4 2 1 1 538 2439 554 3258
7610 4 2 1 1 1963 2844 2497 3013
7611 4 2 1 1 2205 2744 1960 3185
7612 4 2 1 1 3851 16 15 737
7613 4 2 1 1 1985 2970 2281 3262
7614 4 2 1 1 2003 3313 3078 3323
7615 4 2 1 1 3551 3371 2551 2511
7616 4 2 1 1 1864 2250 2791 3520
7617 4 2 1 1 2663 2770 1875 3065
7618 4 2 1 1 2552 3086 2112 3463
7619 4 2 1 1 2098 2660 2594 2398
7620 4 2 1 1 307 287 435 2342
7621 4 2 1 1 1042 2953 2229 3659
7622 4 2 1 1 1833 3088 2627 3573
7623 4 2 1 1 1008 759 2538 3452
7624 4 2 1 1 401 2603 253 3123
7625 4 2 1 1 15 3851 737 1006
7626 4 2 1 1 2789 3101 2650 3682
7627 4 2 1 1 2218 2322 3261 3681
7628 4 2 1 1 1046 1047 1045 2920
7629 4 2 1 1 3828 2480 1982 2848
7630 4 2 1 1 2162 3318 2752 3823
7631 4 2 1 1 2042 2833 2352 3750
7632 4 2 1 1 3145 2804 2373 1841
7633 4 2 1 1 2253 398 2657 3591
7634 4 2 1 1 2962 2056 3630 3548
7635 4 2 1 1 1684 1685 1686 3063
7636 4 2 1 1 2103 2404 2825 3038
7637 4 2 1 1 192 16 3851 4016
7638 4 2 1 1 3574 3275 3112 2315
7639 4 2 1 1 1914 2505 2436 3784
7640 4 2 1 1 2692 2712 2096 3081
7641 4 2 1 1 1883 2857 2283 3149
7642 4 2 1 1 3964 153 154 1565
7643 4 2 1 1 1318 2447 2628 3836
7644 4 2 1 1 325 3939 3072 207
7645 4 2 1 1 2048 2758 2465 3549
7646 4 2 1 1 253 3123 2603 3653
7647 4 2 1 1 1797 2538 1829 3705
7648 4 2 1 1 2534 1799 33 1803
7649 4 2 1 1 2214 2784 3146 3576
7650 4 2 1 1 2717 3572 2841 3600
7651 4 2 1 1 1990 3146 2784 3576
7652 4 2 1 1 2632 3419 3270 3602
7653 4 2 1 1 551 694 635 2745
7654 4 2 1 1 3112 3275 3574 2005
7655 4 2 1 1 429 48 49 3989
7656 4 2 1 1 1856 2476 3379 3736
7657 4 2 1 1 2373 2901 2117 1929
7658 4 2 1 1 1910 2971 2792 3456
7659 4 2 1 1 1565 4031 1826 3799
7660 4 2 1 1 4032 119 120 727
7661 4 2 1 1 615 2248 616 3376
7662 4 2 1 1 3964 4031 936 153
7663 4 2 1 1 154 1700 3964 1565
7664 4 2 1 1 487 2494 2694 2831
7665 4 2 1 1 2221 3405 2572 3478
7666 4 2 1 1 1913 2596 3307 3464
7667 4 2 1 1 1875 2363 2663 2119
7668 4 2 1 1 445 2966 2337 3452
7669 4 2 1 1 2345 2905 2610 3220
7670 4 2 1 1 2272 3207 2368 3873
7671 4 2 1 1 1850 3444 2307 3462
7672 4 2 1 1 1960 2418 3111 3608
7673 4 2 1 1 2365 2619 2017 3550
7674 4 2 1 1 1827 3964 3071 1700
7675 4 2 1 1 3690 1063 1053 2266
7676 4 2 1 1 2821 3698 1385 1443
7677 4 2 1 1 3211 3869 2390 1743
7678 4 2 1 1 1827 3964 1700 1565
7679 4 2 1 1 127 128 1515 3963
7680 4 2 1 1 1967 2732 2354 3119
7681 4 2 1 1 830 829 2368 3267
7682 4 2 1 1 2123 2616 2513 3752
7683 4 2 1 1 2648 2685 1969 3894
7684 4 2 1 1 1995 2310 3474 3488
7685 4 2 1 1 1466 3986 2936 1291
7686 4 2 1 1 3963 1541 128 1515
7687 4 2 1 1 1847 3028 3000 3240
7688 4 2 1 1 2634 3073 2155 3407
7689 4 2 1 1 3690 1053 1063 1223
7690 4 2 1 1 2680 3072 2040 3377
7691 4 2 1 1 2065 3093 2664 2277
7692 4 2 1 1 558 2614 2174 3134
7693 4 2 1 1 466 4039 2674 3930
7694 4 2 1 1 2391 2677 648 3209
7695 4 2 1 1 2336 2988 1193 3272
7696 4 2 1 1 1915 2896 2237 3371
7697 4 2 1 1 3542 2057 3512 2249
7698 4 2 1 1 2484 2268 2049 3196
7699 4 2 1 1 2619 3550 2365 3893
7700 4 2 1 1 2011 2898 2584 2120
7701 4 2 1 1 3963 3991 730 3343
7702 4 2 1 1 1573 1819 1738 2519
7703 4 2 1 1 3963 3991 127 730
7704 4 2 1 1 213 2756 354 3607
7705 4 2 1 1 1900 1998 3413 3513
7706 4 2 1 1 2469 2573 1990 2719
7707 4 2 1 1 1010 1230 2481 3359
7708 4 2 1 1 1953 3084 2605 3427
7709 4 2 1 1 2070 2558 1855 3103
7710 4 2 1 1 1837 2471 3301 3849
7711 4 2 1 1 2364 2278 2880 3787
7712 4 2 1 1 2131 3410 2803 3793
7713 4 2 1 1 2125 2965 2860 3423
7714 4 2 1 1 2394 2829 2113 3159
7715 4 2 1 1 2263 3018 781 3518
7716 4 2 1 1 1946 2621 2335 2803
7717 4 2 1 1 2492 2838 2229 3659
7718 4 2 1 1 2035 2841 2717 3572
7719 4 2 1 1 2484 2049 2268 2755
7720 4 2 1 1 2568 3076 2329 3791
7721 4 2 1 1 386 3091 2253 3491
7722 4 2 1 1 211 3935 460 2768
7723 4 2 1 1 1307 3062 1492 3342
7724 4 2 1 1 2250 3229 2337 3255
7725 4 2 1 1 3219 3765 1970 2801
7726 4 2 1 1 2328 3102 2543 3888
7727 4 2 1 1 2001 2817 2508 2951
7728 4 2 1 1 2828 2849 2086 3813
7729 4 2 1 1 280 3113 333 3609
7730 4 2 1 1 894 2644 3333 2853
7731 4 2 1 1 2567 3722 2402 1904
7732 4 2 1 1 1515 3963 2731 3343
7733 4 2 1 1 3595 1015 2288 1239
7734 4 2 1 1 2233 3269 3045 3797
7735 4 2 1 1 3863 2987 1943 2937
7736 4 2 1 1 1403 2419 1405 3700
7737 4 2 1 1 2576 2815 2506 3472
7738 4 2 1 1 2019 2863 3023 3338
7739 4 2 1 1 2085 2704 2529 2871
7740 4 2 1 1 2303 2996 2115 1923
7741 4 2 1 1 3949 116 117 726
7742 4 2 1 1 1832 2521 2704 3057
7743 4 2 1 1 2250 2869 2337 3229
7744 4 2 1 1 2029 2592 3178 3306
7745 4 2 1 1 454 190 2388 3245
7746 4 2 1 1 3963 4022 722 128
7747 4 2 1 1 452 56 57 3939
7748 4 2 1 1 2048 2973 2974 3646
7749 4 2 1 1 360 2337 445 2966
7750 4 2 1 1 1947 2934 3266 3291
7751 4 2 1 1 420 355 277 2487
7752 4 2 1 1 2196 2927 1979 3695
7753 4 2 1 1 2250 1864 3229 3520
7754 4 2 1 1 1665 2985 1680 3321
7755 4 2 1 1 3935 1303 1539 1517
7756 4 2 1 1 2633 3140 2726 3864
7757 4 2 1 1 294 439 2404 2825
7758 4 2 1 1 1060 2386 2895 3191
7759 4 2 1 1 2091 2662 2575 3609
7760 4 2 1 1 3962 148 149 1699
7761 4 2 1 1 2114 3420 2410 3668
7762 4 2 1 1 1902 2298 2524 3599
7763 4 2 1 1 2513 2123 2750 2983
7764 4 2 1 1 2934 3291 2688 2186
7765 4 2 1 1 2404 439 294 411
7766 4 2 1 1 2120 2889 2239 3584
7767 4 2 1 1 1313 2340 1341 3174
7768 4 2 1 1 2678 2945 1916 3352
7769 4 2 1 1 252 357 242 3226
7770 4 2 1 1 1842 2646 2382 2840
7771 4 2 1 1 2382 2646 1978 2840
7772 4 2 1 1 2640 2000 3520 3822
7773 4 2 1 1 1938 3006 2703 3026
7774 4 2 1 1 697 642 3159 3732
7775 4 2 1 1 495 653 497 2366
7776 4 2 1 1 2404 3047 294 2825
7777 4 2 1 1 3126 3563 1994 3898
7778 4 2 1 1 1995 2541 3032 3488
7779 4 2 1 1 554 538 553 2439
7780 4 2 1 1 2206 2607 2472 3169
7781 4 2 1 1 3195 3390 2545 2729
7782 4 2 1 1 2181 3392 3358 3791
7783 4 2 1 1 2818 2824 2616 2967
7784 4 2 1 1 1901 1992 2530 3588
7785 4 2 1 1 2054 3151 2684 3158
7786 4 2 1 1 2137 2738 2552 3108
7787 4 2 1 1 2371 2063 3090 3440
7788 4 2 1 1 2007 2761 2754 2432
7789 4 2 1 1 2043 2333 3233 2355
7790 4 2 1 1 1889 3158 3054 3280
7791 4 2 1 1 3306 641 3178 719
7792 4 2 1 1 526 517 3076 3111
7793 4 2 1 1 893 894 740 3545
7794 4 2 1 1 1853 2552 2738 3108
7795 4 2 1 1 2396 3240 2751 1927
7796 4 2 1 1 1960 2418 3076 3111
7797 4 2 1 1 2106 2560 3107 2232
7798 4 2 1 1 1774 1595 1598 3039
7799 4 2 1 1 1651 2635 2362 3691
7800 4 2 1 1 3016 3059 2206 3643
7801 4 2 1 1 2025 2913 3032 3471
7802 4 2 1 1 1949 3070 2912 3656
7803 4 2 1 1 2509 2087 2861 3364
7804 4 2 1 1 1543 2676 3586 1421
7805 4 2 1 1 1917 2651 2569 3201
7806 4 2 1 1 368 3969 3519 4033
7807 4 2 1 1 192 17 16 4016
7808 4 2 1 1 2025 2203 2913 3471
7809 4 2 1 1 1955 2813 3351 3878
7810 4 2 1 1 2558 2883 2026 3453
7811 4 2 1 1 2350 2930 2152 3368
7812 4 2 1 1 2529 2871 2704 3639
7813 4 2 1 1 3008 3061 925 2379
7814 4 2 1 1 2707 2949 2164 3398
7815 4 2 1 1 2148 2736 2611 3768
7816 4 2 1 1 1142 2319 3485 1273
7817 4 2 1 1 2225 2097 2938 3644
7818 4 2 1 1 1983 2327 3154 3188
7819 4 2 1 1 1680 2985 2984 3321
7820 4 2 1 1 1237 2535 2969 3595
7821 4 2 1 1 1842 3409 2374 2375
7822 4 2 1 1 1993 3375 2296 3572
7823 4 2 1 1 2193 2684 3151 3158
7824 4 2 1 1 3004 963 861 3711
7825 4 2 1 1 3714 3753 2986 1904
7826 4 2 1 1 1856 2816 2364 3185
7827 4 2 1 1 2008 3086 2552 3463
7828 4 2 1 1 1891 2452 2719 2957
7829 4 2 1 1 2426 2679 1039 3396
7830 4 2 1 1 1251 1193 1149 2336
7831 4 2 1 1 646 3327 2291 3422
7832 4 2 1 1 828 3406 2914 3440
7833 4 2 1 1 2327 1956 2667 3751
7834 4 2 1 1 2016 3104 2567 3722
7835 4 2 1 1 2536 2539 3727 1852
7836 4 2 1 1 2378 2893 2086 3813
7837 4 2 1 1 1919 2163 2395 3781
7838 4 2 1 1 1931 2267 2553 3039
7839 4 2 1 1 2078 1950 2452 2957
7840 4 2 1 1 197 20 19 4014
7841 4 2 1 1 1590 2681 1588 3084
7842 4 2 1 1 2915 2033 2362 2079
7843 4 2 1 1 1990 2573 2469 2960
7844 4 2 1 1 2047 3181 2723 3795
7845 4 2 1 1 2682 2037 2696 3597
7846 4 2 1 1 2248 2847 616 3376
7847 4 2 1 1 2006 3458 2251 3872
7848 4 2 1 1 294 3047 2404 411
7849 4 2 1 1 1154 1022 1261 2993
7850 4 2 1 1 3929 31 32 363
7851 4 2 1 1 1961 3135 2324 1875
7852 4 2 1 1 2124 3734 2800 2708
7853 4 2 1 1 2308 2207 1939 2836
7854 4 2 1 1 2046 2834 2762 2104
7855 4 2 1 1 2246 3325 2599 3523
7856 4 2 1 1 1875 2363 2279 3135
7857 4 2 1 1 2335 2621 2213 3410
7858 4 2 1 1 626 3053 3021 3327
7859 4 2 1 1 326 2680 199 3122
7860 4 2 1 1 2059 2242 2678 3358
7861 4 2 1 1 2152 3035 2350 3368
7862 4 2 1 1 2074 2965 2701 3075
7863 4 2 1 1 307 2342 435 3265
7864 4 2 1 1 903 2792 844 974
7865 4 2 1 1 2305 3123 2603 3819
7866 4 2 1 1 2343 3222 1762 3384
7867 4 2 1 1 2383 3160 2605 3509
7868 4 2 1 1 2701 2374 3338 2074
7869 4 2 1 1 610 690 611 2648
7870 4 2 1 1 332 357 262 2575
7871 4 2 1 1 1850 2551 2835 3462
7872 4 2 1 1 2084 2698 2521 2866
7873 4 2 1 1 2202 3238 2544 3512
7874 4 2 1 1 703 591 592 2339
7875 4 2 1 1 618 659 619 2652
7876 4 2 1 1 3219 3765 2801 3616
7877 4 2 1 1 2238 3618 3500 2429
7878 4 2 1 1 474 697 642 3159
7879 4 2 1 1 1069 2386 2846 3728
7880 4 2 1 1 1969 3160 2428 3566
7881 4 2 1 1 250 2335 2803 3773
7882 4 2 1 1 1328 2222 2264 3465
7883 4 2 1 1 2662 3082 2575 3609
7884 4 2 1 1 1898 2244 2643 2974
7885 4 2 1 1 648 712 2391 3209
7886 4 2 1 1 1850 2164 2307 2707
7887 4 2 1 1 1857 2650 3101 3682
7888 4 2 1 1 3195 3390 2729 1947
7889 4 2 1 1 447 3935 3976 54
7890 4 2 1 1 400 3353 286 2714
7891 4 2 1 1 49 50 198 3942
7892 4 2 1 1 704 656 625 2300
7893 4 2 1 1 1174 2750 1175 3388
7894 4 2 1 1 2381 2080 3224 3664
7895 4 2 1 1 286 3353 400 261
7896 4 2 1 1 2466 2570 2195 3701
7897 4 2 1 1 1981 2774 2724 2941
7898 4 2 1 1 2215 2719 2452 3482
7899 4 2 1 1 2123 2818 2616 2967
7900 4 2 1 1 1012 2483 4004 3497
7901 4 2 1 1 2581 3049 2204 1900
7902 4 2 1 1 1807 2390 1743 3211
7903 4 2 1 1 1738 2519 1668 3350
7904 4 2 1 1 3895 2844 3882 2274
7905 4 2 1 1 2264 3034 1325 3414
7906 4 2 1 1 2012 2964 2700 3692
7907 4 2 1 1 2170 3576 2960 3772
7908 4 2 1 1 1402 2778 2294 3876
7909 4 2 1 1 2252 2146 1929 3771
7910 4 2 1 1 3962 1699 3333 3603
7911 4 2 1 1 274 253 401 2603
7912 4 2 1 1 2212 1988 1887 3611
7913 4 2 1 1 744 988 2497 2826
7914 4 2 1 1 1113 2235 3189 3530
7915 4 2 1 1 82 83 700 3955
7916 4 2 1 1 236 2746 2271 3226
7917 4 2 1 1 253 2603 3353 3653
7918 4 2 1 1 2476 2032 3097 2705
7919 4 2 1 1 2185 2648 2539 3894
7920 4 2 1 1 1891 2573 2719 2784
7921 4 2 1 1 221 2348 379 3195
7922 4 2 1 1 3153 2363 2663 1875
7923 4 2 1 1 2213 2621 3360 3410
7924 4 2 1 1 2128 2841 1899 3041
7925 4 2 1 1 2609 1994 3117 3402
7926 4 2 1 1 2234 2733 2275 3421
7927 4 2 1 1 3771 2432 2734 2827
7928 4 2 1 1 2326 2690 3596 3719
7929 4 2 1 1 1896 3173 2312 3706
7930 4 2 1 1 1784 1785 1733 2483
7931 4 2 1 1 1882 3115 2456 3276
7932 4 2 1 1 2759 3056 1719 3724
7933 4 2 1 1 2834 3143 2299 2104
7934 4 2 1 1 2422 2875 1418 3473
7935 4 2 1 1 221 2545 222 3667
7936 4 2 1 1 1501 2854 2821 3660
7937 4 2 1 1 4007 3902 1298 3072
7938 4 2 1 1 191 46 47 3959
7939 4 2 1 1 2153 3247 2561 3260
7940 4 2 1 1 3962 1699 149 3333
7941 4 2 1 1 1560 1698 1805 2685
7942 4 2 1 1 2028 3024 2695 3500
7943 4 2 1 1 1466 1384 1510 3297
7944 4 2 1 1 148 1699 3962 3603
7945 4 2 1 1 2521 2866 2698 3636
7946 4 2 1 1 63 64 3961 1286
7947 4 2 1 1 216 217 215 3238
7948 4 2 1 1 3452 426 22 3952
7949 4 2 1 1 2554 2678 2024 3358
7950 4 2 1 1 1651 1650 2635 3691
7951 4 2 1 1 2339 2997 1170 3854
7952 4 2 1 1 2253 3225 2665 3808
7953 4 2 1 1 712 469 2391 3130
7954 4 2 1 1 1907 2630 3490 3758
7955 4 2 1 1 3219 3765 3616 2481
7956 4 2 1 1 1195 1060 1220 2386
7957 4 2 1 1 3305 1892 2406 3823
7958 4 2 1 1 221 223 379 2348
7959 4 2 1 1 2080 2700 2525 2868
7960 4 2 1 1 1402 3403 2783 3876
7961 4 2 1 1 1807 1564 2390 3131
7962 4 2 1 1 709 2989 2365 3893
7963 4 2 1 1 1977 2799 2718 3708
7964 4 2 1 1 2039 2544 3238 3512
7965 4 2 1 1 1313 1315 1341 2340
7966 4 2 1 1 1954 2775 2534 3193
7967 4 2 1 1 389 2645 3131 3296
7968 4 2 1 1 1931 2553 2267 3354
7969 4 2 1 1 2166 2664 2277 3715
7970 4 2 1 1 2780 3217 2032 2540
7971 4 2 1 1 2444 2968 2366 3521
7972 4 2 1 1 2329 3076 1960 3791
7973 4 2 1 1 692 699 2384 3095
7974 4 2 1 1 3153 2663 2363 2188
7975 4 2 1 1 1286 4034 1521 2546
7976 4 2 1 1 2780 3217 2540 1351
7977 4 2 1 1 3492 3961 331 3988
7978 4 2 1 1 1959 2834 2796 3200
7979 4 2 1 1 1350 1477 1392 3040
7980 4 2 1 1 3975 892 916 738
7981 4 2 1 1 1472 1306 2988 3740
7982 4 2 1 1 3534 2898 2011 2120
7983 4 2 1 1 2692 2712 2255 3899
7984 4 2 1 1 1703 3112 2315 3170
7985 4 2 1 1 2754 2761 2110 2432
7986 4 2 1 1 2011 2958 2704 3696
7987 4 2 1 1 3534 2011 2898 2866
7988 4 2 1 1 3721 3680 3627 2151
7989 4 2 1 1 2004 2925 2643 3362
7990 4 2 1 1 2776 3074 3028 3555
7991 4 2 1 1 932 2826 2276 2922
7992 4 2 1 1 1321 2827 1323 3776
7993 4 2 1 1 3629 2430 2850 3706
7994 4 2 1 1 2460 2671 2179 3226
7995 4 2 1 1 2560 2880 2024 2129
7996 4 2 1 1 2547 3515 2095 2892
7997 4 2 1 1 2989 709 547 601
7998 4 2 1 1 1021 2711 1143 3121
7999 4 2 1 1 3887 3022 2518 3254
8000 4 2 1 1 1005 929 930 3668
8001 4 2 1 1 3961 3988 64 331
8002 4 2 1 1 915 798 2667 3490
8003 4 2 1 1 1983 2624 2263 3018
8004 4 2 1 1 3122 2435 1996 2680
8005 4 2 1 1 2253 3225 2443 1926
8006 4 2 1 1 2525 2868 2700 3641
8007 4 2 1 1 1851 2445 2728 3210
8008 4 2 1 1 2541 2849 2150 2992
8009 4 2 1 1 2013 2849 2541 2992
8010 4 2 1 1 656 657 620 2979
8011 4 2 1 1 1993 2704 3057 3142
8012 4 2 1 1 1060 2846 2386 3191
8013 4 2 1 1 372 2727 230 3167
8014 4 2 1 1 2850 2925 1932 3362
8015 4 2 1 1 4029 39 4 448
8016 4 2 1 1 268 270 3005 3591
8017 4 2 1 1 2304 3209 2677 1924
8018 4 2 1 1 2402 3166 2219 3827
8019 4 2 1 1 1991 2973 2600 2974
8020 4 2 1 1 2524 2298 2804 3794
8021 4 2 1 1 1891 2784 2215 3610
8022 4 2 1 1 2026 2464 2353 2857
8023 4 2 1 1 2006 2379 2508 2951
8024 4 2 1 1 2058 2814 2479 3278
8025 4 2 1 1 2399 2765 2224 3622
8026 4 2 1 1 3703 2189 1885 2421
8027 4 2 1 1 2910 2072 2793 3494
8028 4 2 1 1 3423 3282 2867 2210
8029 4 2 1 1 2371 3230 3090 3716
8030 4 2 1 1 2166 3521 3050 3642
8031 4 2 1 1 1472 1308 1306 3740
8032 4 2 1 1 1083 1071 1084 2636
8033 4 2 1 1 2587 3322 2240 2456
8034 4 2 1 1 2343 2993 1563 3898
8035 4 2 1 1 3079 3293 2286 3499
8036 4 2 1 1 2115 2996 2303 2869
8037 4 2 1 1 2082 3230 3090 3472
8038 4 2 1 1 1230 3219 2481 3359
8039 4 2 1 1 952 2414 2916 3300
8040 4 2 1 1 2170 3041 2449 3735
8041 4 2 1 1 2503 3513 2943 3569
8042 4 2 1 1 1286 4034 2546 3961
8043 4 2 1 1 633 3958 645 3373
8044 4 2 1 1 2399 3622 2224 3842
8045 4 2 1 1 3961 2546 1286 3157
8046 4 2 1 1 2268 1103 2593 3527
8047 4 2 1 1 2287 3203 2998 3436
8048 4 2 1 1 2980 3064 2448 3812
8049 4 2 1 1 526 527 517 3111
8050 4 2 1 1 2955 2399 3479 3842
8051 4 2 1 1 3211 3869 1743 2653
8052 4 2 1 1 2052 2770 3065 3203
8053 4 2 1 1 2455 3207 900 2692
8054 4 2 1 1 2968 2444 499 3521
8055 4 2 1 1 2661 2870 2135 3514
8056 4 2 1 1 1616 1726 1611 2899
8057 4 2 1 1 2277 3050 660 3642
8058 4 2 1 1 990 921 866 3778
8059 4 2 1 1 382 2735 346 383
8060 4 2 1 1 3960 1821 147 1568
8061 4 2 1 1 1935 2499 2315 2464
8062 4 2 1 1 3239 3028 3480 2732
8063 4 2 1 1 1927 2654 3604 3861
8064 4 2 1 1 1975 2688 2358 3597
8065 4 2 1 1 3960 147 148 1568
8066 4 2 1 1 3789 2844 1918 2413
8067 4 2 1 1 1066 1077 1076 2879
8068 4 2 1 1 3897 1940 2833 2588
8069 4 2 1 1 1213 3025 1217 3346
8070 4 2 1 1 1531 2676 2401 3546
8071 4 2 1 1 148 3960 1568 3603
8072 4 2 1 1 3789 1918 2844 2595
8073 4 2 1 1 1959 2709 2691 2834
8074 4 2 1 1 233 234 2420 3606
8075 4 2 1 1 1496 1355 2434 3217
8076 4 2 1 1 2046 2762 2867 2104
8077 4 2 1 1 199 3913 3122 3980
8078 4 2 1 1 2668 2094 3349 3723
8079 4 2 1 1 1907 2630 2368 3490
8080 4 2 1 1 1879 2814 2701 3508
8081 4 2 1 1 1890 2512 3198 3204
8082 4 2 1 1 528 3216 2452 3807
8083 4 2 1 1 1947 3266 2507 3291
8084 4 2 1 1 237 3860 3163 3890
8085 4 2 1 1 2838 3046 2229 3656
8086 4 2 1 1 2695 3256 2071 2474
8087 4 2 1 1 2562 2726 2061 3711
8088 4 2 1 1 2951 3061 2379 3438
8089 4 2 1 1 2556 2393 278 3264
8090 4 2 1 1 2213 2749 1886 3501
8091 4 2 1 1 2644 2853 2371 3722
8092 4 2 1 1 2799 3326 3708 2542
8093 4 2 1 1 729 2656 728 3184
8094 4 2 1 1 2777 3478 2640 3655
8095 4 2 1 1 2095 2794 2315 2464
8096 4 2 1 1 198 4012 3080 3942
8097 4 2 1 1 1920 2515 3160 3695
8098 4 2 1 1 1834 3169 2206 3643
8099 4 2 1 1 1763 1774 1778 2553
8100 4 2 1 1 1001 905 2272 3873
8101 4 2 1 1 2245 2811 2597 2047
8102 4 2 1 1 3266 2729 3195 2348
8103 4 2 1 1 3960 2984 1568 3603
8104 4 2 1 1 1983 2263 3524 3844
8105 4 2 1 1 3273 3103 1855 2558
8106 4 2 1 1 608 2352 3541 550
8107 4 2 1 1 1883 2859 3041 3446
8108 4 2 1 1 1687 3389 3294 3509
8109 4 2 1 1 2442 2114 3420 3881
8110 4 2 1 1 1590 1589 1588 2681
8111 4 2 1 1 2013 2295 2541 3712
8112 4 2 1 1 2179 3508 3278 3517
8113 4 2 1 1 561 3550 2619 3893
8114 4 2 1 1 2214 2784 2779 3146
8115 4 2 1 1 831 2251 2490 3061
8116 4 2 1 1 591 3993 707 3359
8117 4 2 1 1 2116 2001 2797 3134
8118 4 2 1 1 891 2722 2699 3438
8119 4 2 1 1 2490 3061 2951 3438
8120 4 2 1 1 3069 3525 3298 2290
8121 4 2 1 1 1497 1469 1500 2785
8122 4 2 1 1 2061 2284 3140 3604
8123 4 2 1 1 501 2626 500 2145
8124 4 2 1 1 652 711 684 3218
8125 4 2 1 1 838 3138 2424 3633
8126 4 2 1 1 1151 2609 3117 3402
8127 4 2 1 1 2837 3317 3505 2220
8128 4 2 1 1 3817 3361 1376 1373
8129 4 2 1 1 3165 3352 2189 3568
8130 4 2 1 1 1968 3729 2909 3895
8131 4 2 1 1 1956 2712 2255 3081
8132 4 2 1 1 2517 3471 3312 3849
8133 4 2 1 1 2472 3205 2076 3621
8134 4 2 1 1 2066 2309 2831 3363
8135 4 2 1 1 1946 2640 3155 3478
8136 4 2 1 1 2670 3201 2254 3428
8137 4 2 1 1 1939 2333 2651 3233
8138 4 2 1 1 1694 1820 1680 2984
8139 4 2 1 1 675 609 665 2325
8140 4 2 1 1 368 3969 4033 26
8141 4 2 1 1 2377 1913 2938 3561
8142 4 2 1 1 1200 2679 1040 1074
8143 4 2 1 1 1804 1656 1676 2986
8144 4 2 1 1 1635 2919 1634 3675
8145 4 2 1 1 2243 1942 2598 2999
8146 4 2 1 1 909 3013 907 3197
8147 4 2 1 1 1996 3454 2313 3661
8148 4 2 1 1 1200 2679 1074 3070
8149 4 2 1 1 2102 1905 3537 2350
8150 4 2 1 1 3780 2877 3105 1628
8151 4 2 1 1 2298 2964 2524 3538
8152 4 2 1 1 2225 2855 2293 2879
8153 4 2 1 1 2261 2776 1938 3555
8154 4 2 1 1 3959 1173 3620 2513
8155 4 2 1 1 1186 2339 1170 3854
8156 4 2 1 1 1169 3904 3977 178
8157 4 2 1 1 3266 3195 2729 1947
8158 4 2 1 1 1890 2512 2348 3198
8159 4 2 1 1 3369 2419 3700 1405
8160 4 2 1 1 1944 2251 3458 3872
8161 4 2 1 1 2086 2378 2898 3821
8162 4 2 1 1 1833 3010 2302 3088
8163 4 2 1 1 2896 3235 2928 2397
8164 4 2 1 1 3959 1173 2513 1275
8165 4 2 1 1 3206 1996 2313 3661
8166 4 2 1 1 3700 2419 3369 2497
8167 4 2 1 1 3780 2877 1628 3831
8168 4 2 1 1 2670 2937 3201 1943
8169 4 2 1 1 1776 2681 1589 3003
8170 4 2 1 1 3700 3856 3369 1405
8171 4 2 1 1 2148 2356 3083 3518
8172 4 2 1 1 2482 3778 877 3801
8173 4 2 1 1 2851 3039 2139 3892
8174 4 2 1 1 3897 1940 2588 3174
8175 4 2 1 1 2123 2750 2495 1909
8176 4 2 1 1 2297 2357 1337 3764
8177 4 2 1 1 2779 2784 1990 3146
8178 4 2 1 1 2453 2171 3027 3809
8179 4 2 1 1 1704 1760 1770 2324
8180 4 2 1 1 2175 2523 2517 3301
8181 4 2 1 1 3369 3856 3700 2497
8182 4 2 1 1 2268 2593 1103 3448
8183 4 2 1 1 518 673 511 3658
8184 4 2 1 1 3959 46 47 1275
8185 4 2 1 1 1956 3094 2923 3188
8186 4 2 1 1 3523 2229 1895 2412
8187 4 2 1 1 1763 3003 2553 2708
8188 4 2 1 1 1956 2255 2712 3899
8189 4 2 1 1 2095 2311 2832 2892
8190 4 2 1 1 3382 2925 3324 2004
8191 4 2 1 1 1858 2929 2757 3613
8192 4 2 1 1 1834 2260 2730 3386
8193 4 2 1 1 2385 3163 229 3606
8194 4 2 1 1 3470 2727 3109 2271
8195 4 2 1 1 1224 2593 2372 3272
8196 4 2 1 1 1846 2659 2458 2126
8197 4 2 1 1 1063 1223 1066 3690
8198 4 2 1 1 2304 2933 2107 1924
8199 4 2 1 1 2275 2168 3206 2721
8200 4 2 1 1 212 356 210 2555
8201 4 2 1 1 3010 3210 2211 2015
8202 4 2 1 1 459 204 431 2531
8203 4 2 1 1 1968 2909 2728 3895
8204 4 2 1 1 2682 3080 2037 3597
8205 4 2 1 1 2875 3473 2989 2116
8206 4 2 1 1 2632 588 602 705
8207 4 2 1 1 2348 223 3148 3667
8208 4 2 1 1 2718 2799 2424 3708
8209 4 2 1 1 2811 3557 2109 2715
8210 4 2 1 1 2360 2111 2903 2036
8211 4 2 1 1 879 2505 3433 3745
8212 4 2 1 1 1808 2394 1562 3159
8213 4 2 1 1 2590 2156 2721 3635
8214 4 2 1 1 2216 2010 2984 2985
8215 4 2 1 1 927 2684 2411 3792
8216 4 2 1 1 2121 2848 2238 3713
8217 4 2 1 1 3269 2408 3119 2183
8218 4 2 1 1 2250 341 3296 3393
8219 4 2 1 1 1384 1375 1368 3297
8220 4 2 1 1 2322 3261 2449 3896
8221 4 2 1 1 1402 2294 3403 3876
8222 4 2 1 1 1918 2728 2445 3010
8223 4 2 1 1 3959 4041 433 3620
8224 4 2 1 1 1833 2302 3010 2015
8225 4 2 1 1 2037 2487 2696 2057
8226 4 2 1 1 616 2847 2248 3178
8227 4 2 1 1 1204 3986 2936 2509
8228 4 2 1 1 1275 3982 1009 2513
8229 4 2 1 1 865 831 2490 3061
8230 4 2 1 1 207 3935 4007 3072
8231 4 2 1 1 1054 1055 2328 3888
8232 4 2 1 1 1762 2343 1563 3898
8233 4 2 1 1 2776 3028 3785 2314
8234 4 2 1 1 900 839 2692 3207
8235 4 2 1 1 2621 2221 3425 2791
8236 4 2 1 1 3299 2132 2697 3624
8237 4 2 1 1 1475 2932 2264 3414
8238 4 2 1 1 3382 2925 2004 2412
8239 4 2 1 1 2049 2731 2632 3602
8240 4 2 1 1 2382 2787 2646 3032
8241 4 2 1 1 2621 2809 2791 3425
8242 4 2 1 1 1965 2281 3262 3372
8243 4 2 1 1 1957 2323 2480 3824
8244 4 2 1 1 1275 3982 2513 3959
8245 4 2 1 1 2471 2523 3488 3839
8246 4 2 1 1 244 3860 237 3890
8247 4 2 1 1 2458 2246 3325 2599
8248 4 2 1 1 3790 3610 2725 2664
8249 4 2 1 1 2850 2925 2036 1853
8250 4 2 1 1 2074 2525 3075 3409
8251 4 2 1 1 2053 3028 2776 3074
8252 4 2 1 1 3269 3119 2408 1891
8253 4 2 1 1 791 3011 2263 3518
8254 4 2 1 1 2531 3147 2103 3862
8255 4 2 1 1 2202 2057 2756 3512
8256 4 2 1 1 555 2872 553 3347
8257 4 2 1 1 3943 380 2489 2768
8258 4 2 1 1 1180 2612 2423 3539
8259 4 2 1 1 2315 3275 2499 3574
8260 4 2 1 1 640 482 695 2788
8261 4 2 1 1 641 3998 3910 81
8262 4 2 1 1 2939 3262 1985 2895
8263 4 2 1 1 1860 2544 2902 3542
8264 4 2 1 1 1903 2349 2963 3006
8265 4 2 1 1 3263 3073 1925 2634
8266 4 2 1 1 3958 123 122 1473
8267 4 2 1 1 433 47 48 4041
8268 4 2 1 1 2289 1956 2712 3171
8269 4 2 1 1 122 3958 3984 645
8270 4 2 1 1 1493 1452 1281 2423
8271 4 2 1 1 2524 2804 2373 1929
8272 4 2 1 1 2010 2743 2613 3229
8273 4 2 1 1 1459 2388 1532 2987
8274 4 2 1 1 815 2916 3110 3671
8275 4 2 1 1 196 4034 2546 457
8276 4 2 1 1 2351 2796 1896 3706
8277 4 2 1 1 733 705 478 2632
8278 4 2 1 1 1845 3181 2774 3557
8279 4 2 1 1 936 152 153 4031
8280 4 2 1 1 224 2991 2512 3667
8281 4 2 1 1 2649 2359 2088 3391
8282 4 2 1 1 2936 3464 2306 3587
8283 4 2 1 1 1857 3101 2650 3246
8284 4 2 1 1 2083 2842 3258 2830
8285 4 2 1 1 2281 1878 2367 3503
8286 4 2 1 1 1767 1660 1755 3734
8287 4 2 1 1 2678 2199 2945 3759
8288 4 2 1 1 2042 2485 2833 3750
8289 4 2 1 1 1886 2787 2382 3032
8290 4 2 1 1 1976 2272 2918 3207
8291 4 2 1 1 952 2916 816 3300
8292 4 2 1 1 2125 3664 3224 2080
8293 4 2 1 1 3950 186 187 1266
8294 4 2 1 1 3961 458 196 2546
8295 4 2 1 1 1654 1643 1630 2771
8296 4 2 1 1 1944 2687 2409 2873
8297 4 2 1 1 2304 2314 2933 1924
8298 4 2 1 1 1861 2268 3270 2755
8299 4 2 1 1 2574 3208 2220 1863
8300 4 2 1 1 1969 2685 2648 3172
8301 4 2 1 1 911 3197 2294 3700
8302 4 2 1 1 1686 1687 1798 3294
8303 4 2 1 1 1186 2339 3219 3359
8304 4 2 1 1 696 2394 688 575
8305 4 2 1 1 2141 3792 2684 3834
8306 4 2 1 1 2260 3236 2530 3381
8307 4 2 1 1 3708 3745 2718 3385
8308 4 2 1 1 1873 2234 2977 3645
8309 4 2 1 1 1833 2557 2302 2015
8310 4 2 1 1 999 836 1004 2410
8311 4 2 1 1 3958 1288 123 1473
8312 4 2 1 1 3470 3109 2727 2044
8313 4 2 1 1 1376 2482 1407 3361
8314 4 2 1 1 2285 3309 3292 3382
8315 4 2 1 1 1967 2291 3074 3119
8316 4 2 1 1 1957 2480 2323 3660
8317 4 2 1 1 2281 1965 3262 3503
8318 4 2 1 1 783 950 780 3042
8319 4 2 1 1 2374 3075 2236 3605
8320 4 2 1 1 3958 4035 470 123
8321 4 2 1 1 2658 3049 2296 1998
8322 4 2 1 1 2230 2326 2829 3263
8323 4 2 1 1 253 3353 2603 274
8324 4 2 1 1 3174 3165 3568 1940
8325 4 2 1 1 2059 2678 2242 2199
8326 4 2 1 1 1953 2980 2228 3084
8327 4 2 1 1 1559 1822 1691 3333
8328 4 2 1 1 1544 1417 1419 2875
8329 4 2 1 1 3635 3206 2275 2468
8330 4 2 1 1 487 2494 2831 3522
8331 4 2 1 1 2743 2063 3405 3716
8332 4 2 1 1 2301 2907 1945 3823
8333 4 2 1 1 1283 3245 2388 3957
8334 4 2 1 1 2466 3476 2163 3718
8335 4 2 1 1 3913 2486 330 3122
8336 4 2 1 1 912 909 2497 3013
8337 4 2 1 1 2359 2649 2043 3832
8338 4 2 1 1 61 3957 60 1283
8339 4 2 1 1 2087 3464 3307 3528
8340 4 2 1 1 3957 1536 60 1283
8341 4 2 1 1 2594 2891 1862 3307
8342 4 2 1 1 1908 2358 2688 3290
8343 4 2 1 1 61 3957 1283 1459
8344 4 2 1 1 1459 3957 1283 2388
8345 4 2 1 1 3224 3664 2125 2965
8346 4 2 1 1 2282 3284 3150 3286
8347 4 2 1 1 2137 3396 2801 3874
8348 4 2 1 1 2732 3028 2233 3640
8349 4 2 1 1 1111 3340 1085 2217
8350 4 2 1 1 3180 711 624 623
8351 4 2 1 1 2262 2822 239 3167
8352 4 2 1 1 2455 3207 2692 1976
8353 4 2 1 1 3196 3370 1103 2268
8354 4 2 1 1 3957 3978 453 60
8355 4 2 1 1 1503 2405 1345 2570
8356 4 2 1 1 1971 3126 2427 3469
8357 4 2 1 1 2686 2269 3444 3462
8358 4 2 1 1 151 152 3956 1739
8359 4 2 1 1 2059 2610 2345 2242
8360 4 2 1 1 3196 1103 3370 1137
8361 4 2 1 1 512 519 676 2795
8362 4 2 1 1 2051 3349 2769 3723
8363 4 2 1 1 1259 2897 1018 1139
8364 4 2 1 1 1428 1286 2546 3157
8365 4 2 1 1 2468 3589 2169 3635
8366 4 2 1 1 1028 176 175 2488
8367 4 2 1 1 2125 3224 2965 1838
8368 4 2 1 1 329 2513 436 3752
8369 4 2 1 1 2353 2464 2026 3411
8370 4 2 1 1 266 3687 265 271
8371 4 2 1 1 2513 2616 1975 3289
8372 4 2 1 1 399 244 237 3890
8373 4 2 1 1 2488 3647 1254 2897
8374 4 2 1 1 2005 3071 2505 3433
8375 4 2 1 1 3956 4031 936 2946
8376 4 2 1 1 3956 1559 151 1739
8377 4 2 1 1 2339 592 590 591
8378 4 2 1 1 3956 4031 152 936
8379 4 2 1 1 1852 2536 3146 3727
8380 4 2 1 1 434 18 17 3933
8381 4 2 1 1 2569 3085 2171 3444
8382 4 2 1 1 2392 2094 3264 3592
8383 4 2 1 1 1416 1418 2875 3473
8384 4 2 1 1 2552 2716 2137 3874
8385 4 2 1 1 2427 3563 3126 3898
8386 4 2 1 1 2431 1931 2708 3039
8387 4 2 1 1 2169 3010 2595 3424
8388 4 2 1 1 2411 2611 2247 3788
8389 4 2 1 1 1739 3956 1559 2693
8390 4 2 1 1 2678 2024 3358 3378
8391 4 2 1 1 2635 3894 2539 2362
8392 4 2 1 1 2635 3894 2185 2539
8393 4 2 1 1 1739 3956 2693 2946
8394 4 2 1 1 82 83 3955 978
8395 4 2 1 1 83 3955 978 998
8396 4 2 1 1 3474 2201 1868 3488
8397 4 2 1 1 914 838 765 3571
8398 4 2 1 1 1809 1566 2876 2882
8399 4 2 1 1 2844 3789 3688 2413
8400 4 2 1 1 129 3976 996 4013
8401 4 2 1 1 467 2872 3536 2288
8402 4 2 1 1 1598 2851 1599 3892
8403 4 2 1 1 3941 1700 3737 3071
8404 4 2 1 1 1230 1164 1010 2481
8405 4 2 1 1 1048 2888 2602 3175
8406 4 2 1 1 2218 3041 2941 3782
8407 4 2 1 1 3610 1930 3152 2408
8408 4 2 1 1 3610 1930 2240 3152
8409 4 2 1 1 1911 2561 2424 3708
8410 4 2 1 1 3285 3621 2636 2172
8411 4 2 1 1 2148 1968 2356 3518
8412 4 2 1 1 1579 1725 1581 2620
8413 4 2 1 1 1881 2231 2990 3434
8414 4 2 1 1 2283 2899 2622 3857
8415 4 2 1 1 1857 2606 2777 2911
8416 4 2 1 1 2274 3013 810 3374
8417 4 2 1 1 978 3998 753 3306
8418 4 2 1 1 1752 1708 1715 2416
8419 4 2 1 1 2359 3391 2649 3832
8420 4 2 1 1 1918 2590 2302 3010
8421 4 2 1 1 2800 2483 1971 3746
8422 4 2 1 1 978 998 3955 2788
8423 4 2 1 1 2847 2904 2029 3060
8424 4 2 1 1 1836 3576 2841 3772
8425 4 2 1 1 636 506 3077 3786
8426 4 2 1 1 1944 2414 2655 3458
8427 4 2 1 1 879 971 2505 3745
8428 4 2 1 1 1254 1196 1028 2488
8429 4 2 1 1 1978 2840 2646 3355
8430 4 2 1 1 2301 2009 3445 1892
8431 4 2 1 1 2459 2820 2709 3561
8432 4 2 1 1 2067 2234 2789 2310
8433 4 2 1 1 1873 2977 2234 3398
8434 4 2 1 1 318 420 425 2682
8435 4 2 1 1 3883 3276 2610 2198
8436 4 2 1 1 1514 1300 1530 2797
8437 4 2 1 1 2132 2397 3533 3624
8438 4 2 1 1 2990 3230 2082 3472
8439 4 2 1 1 1394 1480 1491 3250
8440 4 2 1 1 2153 2654 2284 3885
8441 4 2 1 1 2040 2442 2489 3455
8442 4 2 1 1 605 3341 732 3541
8443 4 2 1 1 3179 3601 2661 3760
8444 4 2 1 1 700 3998 82 3955
8445 4 2 1 1 3955 978 2788 3306
8446 4 2 1 1 3353 3428 2090 2714
8447 4 2 1 1 1404 2748 2419 2778
8448 4 2 1 1 143 142 3954 1516
8449 4 2 1 1 4 159 1268 4029
8450 4 2 1 1 1899 2243 2999 3335
8451 4 2 1 1 2610 3276 3883 2242
8452 4 2 1 1 2413 3840 3895 1918
8453 4 2 1 1 2033 2079 1852 3818
8454 4 2 1 1 2408 1844 2900 1930
8455 4 2 1 1 1913 2594 2377 3464
8456 4 2 1 1 2568 3426 525 3161
8457 4 2 1 1 525 3426 2568 677
8458 4 2 1 1 2158 3044 2583 3871
8459 4 2 1 1 1315 2340 1313 3476
8460 4 2 1 1 2397 3533 2896 1915
8461 4 2 1 1 248 223 225 3148
8462 4 2 1 1 2405 3124 2570 3250
8463 4 2 1 1 353 236 231 3819
8464 4 2 1 1 2071 2666 3107 2106
8465 4 2 1 1 993 4006 754 925
8466 4 2 1 1 903 2792 974 2410
8467 4 2 1 1 2620 4021 3483 1581
8468 4 2 1 1 1516 3954 143 1542
8469 4 2 1 1 883 2617 2585 3433
8470 4 2 1 1 495 2366 497 3521
8471 4 2 1 1 3677 3373 3136 1974
8472 4 2 1 1 969 927 964 2684
8473 4 2 1 1 1827 1679 3071 3498
8474 4 2 1 1 70 71 654 4010
8475 4 2 1 1 2123 3047 2967 3752
8476 4 2 1 1 1328 2480 1326 2264
8477 4 2 1 1 2008 3463 2552 2345
8478 4 2 1 1 1637 2631 1638 3331
8479 4 2 1 1 3954 4006 754 2699
8480 4 2 1 1 1670 3497 2265 3529
8481 4 2 1 1 2632 2731 2049 3196
8482 4 2 1 1 959 858 953 3666
8483 4 2 1 1 2223 2813 2110 2856
8484 4 2 1 1 85 86 482 3951
8485 4 2 1 1 3954 1542 1516 2699
8486 4 2 1 1 2619 3320 2365 3590
8487 4 2 1 1 1934 2772 2270 2949
8488 4 2 1 1 1879 2374 2044 3470
8489 4 2 1 1 1889 3273 2765 3443
8490 4 2 1 1 1054 1055 1057 3191
8491 4 2 1 1 606 536 2589 3697
8492 4 2 1 1 1496 1355 1544 2434
8493 4 2 1 1 2214 2841 3576 3735
8494 4 2 1 1 1963 2419 2844 3846
8495 4 2 1 1 2415 1927 1988 2204
8496 4 2 1 1 2296 3375 2532 3572
8497 4 2 1 1 2303 1923 2653 3543
8498 4 2 1 1 1823 1559 1691 2693
8499 4 2 1 1 2060 3591 2737 3808
8500 4 2 1 1 1601 3525 1603 3892
8501 4 2 1 1 2493 3001 2187 3755
8502 4 2 1 1 1947 2507 2688 3291
8503 4 2 1 1 764 2718 3385 3571
8504 4 2 1 1 3954 4006 142 754
8505 4 2 1 1 2102 1905 2350 2631
8506 4 2 1 1 2702 3147 1245 3862
8507 4 2 1 1 2178 3283 2415 3593
8508 4 2 1 1 2183 3074 2773 3875
8509 4 2 1 1 2154 2671 2271 3470
8510 4 2 1 1 2186 3266 2934 3291
8511 4 2 1 1 1840 2134 2491 3078
8512 4 2 1 1 2209 3056 2775 3271
8513 4 2 1 1 1254 1196 2488 2897
8514 4 2 1 1 1529 1413 2875 3565
8515 4 2 1 1 265 3687 266 2890
8516 4 2 1 1 3997 459 2531 204
8517 4 2 1 1 2122 2902 2637 3035
8518 4 2 1 1 2148 3518 3844 1968
8519 4 2 1 1 2075 3234 2814 3648
8520 4 2 1 1 2064 3387 2340 3568
8521 4 2 1 1 1273 1152 1014 3080
8522 4 2 1 1 1946 2791 2250 3520
8523 4 2 1 1 1916 2485 2833 3352
8524 4 2 1 1 2937 3201 1943 3863
8525 4 2 1 1 2758 3139 2465 3549
8526 4 2 1 1 2200 3033 2961 3866
8527 4 2 1 1 2148 3083 2356 1887
8528 4 2 1 1 2721 3635 2156 3881
8529 4 2 1 1 1346 2297 1338 2836
8530 4 2 1 1 3953 40 41 1027
8531 4 2 1 1 1974 2833 2470 3128
8532 4 2 1 1 243 236 3123 3226
8533 4 2 1 1 2661 3560 2870 3760
8534 4 2 1 1 2965 3075 2074 3664
8535 4 2 1 1 3953 1248 40 1027
8536 4 2 1 1 1911 2955 2399 3479
8537 4 2 1 1 2637 3035 2902 3368
8538 4 2 1 1 2858 2948 2047 2521
8539 4 2 1 1 2688 2696 2037 3597
8540 4 2 1 1 2015 2557 2302 3757
8541 4 2 1 1 481 3430 599 2797
8542 4 2 1 1 2710 2919 1937 2976
8543 4 2 1 1 388 278 2393 3264
8544 4 2 1 1 369 193 439 3147
8545 4 2 1 1 2286 2760 3058 3499
8546 4 2 1 1 3585 2477 2453 2022
8547 4 2 1 1 1246 2330 1217 3770
8548 4 2 1 1 2028 2695 3141 3500
8549 4 2 1 1 685 568 553 2842
8550 4 2 1 1 198 4012 3942 50
8551 4 2 1 1 333 357 2575 3113
8552 4 2 1 1 1039 1110 2426 3396
8553 4 2 1 1 1961 2857 2279 3149
8554 4 2 1 1 2148 3518 3083 3768
8555 4 2 1 1 2175 2606 2815 3478
8556 4 2 1 1 1380 1480 2856 2734
8557 4 2 1 1 3758 3899 1956 2667
8558 4 2 1 1 3410 3860 244 3890
8559 4 2 1 1 1871 2537 3075 2108
8560 4 2 1 1 1990 2719 2573 2784
8561 4 2 1 1 2087 3307 3297 3528
8562 4 2 1 1 1954 2534 2775 3724
8563 4 2 1 1 2531 3953 4009 328
8564 4 2 1 1 3150 946 3284 856
8565 4 2 1 1 259 3793 3393 2803
8566 4 2 1 1 2117 2754 2959 1929
8567 4 2 1 1 1858 2367 3098 3451
8568 4 2 1 1 2153 3479 2742 3861
8569 4 2 1 1 2301 2009 3105 3445
8570 4 2 1 1 2770 3203 2586 2292
8571 4 2 1 1 2506 2606 1907 2815
8572 4 2 1 1 1972 2419 2942 3252
8573 4 2 1 1 3548 2475 2056 2897
8574 4 2 1 1 1918 2595 3010 3424
8575 4 2 1 1 2205 3128 2418 3697
8576 4 2 1 1 1103 3370 1126 3527
8577 4 2 1 1 1178 3539 2753 3644
8578 4 2 1 1 1908 2688 2358 3803
8579 4 2 1 1 2457 345 3516 3723
8580 4 2 1 1 2303 2653 2462 3543
8581 4 2 1 1 3518 1968 2843 3011
8582 4 2 1 1 3294 3509 1686 1687
8583 4 2 1 1 2205 2418 3608 3697
8584 4 2 1 1 1228 1062 1064 3133
8585 4 2 1 1 1820 3321 2984 3705
8586 4 2 1 1 2323 1478 2480 3693
8587 4 2 1 1 2396 2751 3140 3604
8588 4 2 1 1 2202 3195 2545 3725
8589 4 2 1 1 2131 2621 2803 3410
8590 4 2 1 1 1913 3399 2223 2813
8591 4 2 1 1 2939 3262 2895 2266
8592 4 2 1 1 3327 2325 646 2291
8593 4 2 1 1 2897 3733 2475 2056
8594 4 2 1 1 372 352 230 2727
8595 4 2 1 1 1738 1668 2519 1819
8596 4 2 1 1 1920 2286 2894 3058
8597 4 2 1 1 1857 3101 3246 2175
8598 4 2 1 1 2242 2808 3276 3883
8599 4 2 1 1 2596 3464 2306 3528
8600 4 2 1 1 2192 2545 2348 3667
8601 4 2 1 1 469 3931 2391 3130
8602 4 2 1 1 3180 711 623 2674
8603 4 2 1 1 4025 414 2390 3131
8604 4 2 1 1 2239 1983 2889 3837
8605 4 2 1 1 2010 2538 2337 3395
8606 4 2 1 1 2181 3076 2568 3791
8607 4 2 1 1 2694 3294 1810 3389
8608 4 2 1 1 886 3306 962 3559
8609 4 2 1 1 3396 1922 2426 2679
8610 4 2 1 1 476 605 598 3341
8611 4 2 1 1 2523 3471 2517 3849
8612 4 2 1 1 2411 2736 2611 3788
8613 4 2 1 1 2188 1837 2663 2070
8614 4 2 1 1 3518 2843 1968 2356
8615 4 2 1 1 2042 2352 2407 3541
8616 4 2 1 1 2800 3469 3222 3734
8617 4 2 1 1 1834 2807 2241 2930
8618 4 2 1 1 2066 2831 2494 3522
8619 4 2 1 1 1426 2649 1294 3492
8620 4 2 1 1 3219 3765 2481 1970
8621 4 2 1 1 814 2792 844 3249
8622 4 2 1 1 1095 2881 2593 3527
8623 4 2 1 1 2193 3784 2955 3842
8624 4 2 1 1 381 3029 2335 3516
8625 4 2 1 1 1855 2567 2402 3401
8626 4 2 1 1 1956 2327 2667 3171
8627 4 2 1 1 1643 3237 2771 3564
8628 4 2 1 1 1815 1735 1795 2669
8629 4 2 1 1 229 3163 232 3606
8630 4 2 1 1 2707 2949 1873 3329
8631 4 2 1 1 1677 1727 1824 3166
8632 4 2 1 1 1971 3222 2800 3469
8633 4 2 1 1 3997 459 204 41
8634 4 2 1 1 1763 2553 1778 2708
8635 4 2 1 1 1703 3112 1679 3498
8636 4 2 1 1 3859 2896 1364 3777
8637 4 2 1 1 3294 3389 1979 3509
8638 4 2 1 1 2445 3010 2211 3424
8639 4 2 1 1 2375 1928 3036 3204
8640 4 2 1 1 944 775 778 2736
8641 4 2 1 1 775 774 773 2736
8642 4 2 1 1 236 353 243 3123
8643 4 2 1 1 2330 3346 1933 3702
8644 4 2 1 1 3915 667 2338 468
8645 4 2 1 1 2166 2277 2664 3642
8646 4 2 1 1 3551 3371 2511 1915
8647 4 2 1 1 2067 2608 2789 3421
8648 4 2 1 1 1482 1391 1369 2734
8649 4 2 1 1 3947 2394 688 3159
8650 4 2 1 1 1792 2475 1758 3548
8651 4 2 1 1 805 2781 2282 3374
8652 4 2 1 1 1392 1478 2323 3693
8653 4 2 1 1 2230 2326 3263 3719
8654 4 2 1 1 3758 3899 2667 3490
8655 4 2 1 1 1972 2942 2419 3369
8656 4 2 1 1 1182 1184 1016 2306
8657 4 2 1 1 1452 2423 1511 2994
8658 4 2 1 1 2283 1935 2690 2899
8659 4 2 1 1 486 3945 484 2831
8660 4 2 1 1 3952 4028 446 23
8661 4 2 1 1 3285 3621 2172 3205
8662 4 2 1 1 1850 2686 2835 3085
8663 4 2 1 1 2035 3045 2532 3513
8664 4 2 1 1 608 2352 550 606
8665 4 2 1 1 2340 1315 2975 3476
8666 4 2 1 1 3952 23 22 759
8667 4 2 1 1 2655 3055 2177 3177
8668 4 2 1 1 1879 2044 2374 3198
8669 4 2 1 1 2913 3457 1901 2375
8670 4 2 1 1 3661 2772 2342 2689
8671 4 2 1 1 340 2803 259 3393
8672 4 2 1 1 2419 2497 1972 3369
8673 4 2 1 1 3952 4028 2538 446
8674 4 2 1 1 1608 3030 2290 3617
8675 4 2 1 1 982 2914 868 3395
8676 4 2 1 1 1896 2796 2691 2903
8677 4 2 1 1 3778 952 3300 2414
8678 4 2 1 1 2618 2350 2076 2930
8679 4 2 1 1 3485 3597 2319 2358
8680 4 2 1 1 181 182 3912 1192
8681 4 2 1 1 2479 2814 2020 3278
8682 4 2 1 1 2320 2127 2854 3903
8683 4 2 1 1 1529 2875 2434 3565
8684 4 2 1 1 1328 1329 1326 2480
8685 4 2 1 1 1951 3239 2652 3864
8686 4 2 1 1 208 421 424 2347
8687 4 2 1 1 1432 2223 2596 1395
8688 4 2 1 1 1549 1406 1455 2697
8689 4 2 1 1 2533 3042 2141 3834
8690 4 2 1 1 2125 2867 2477 1838
8691 4 2 1 1 1198 2888 1048 3175
8692 4 2 1 1 2269 2022 2739 3315
8693 4 2 1 1 3831 1717 1711 2249
8694 4 2 1 1 513 3031 2291 2325
8695 4 2 1 1 303 304 282 2616
8696 4 2 1 1 3452 22 426 205
8697 4 2 1 1 3952 2538 759 3452
8698 4 2 1 1 1537 1415 2508 3416
8699 4 2 1 1 1886 2621 3155 2517
8700 4 2 1 1 1631 1629 2832 3798
8701 4 2 1 1 2140 2920 2430 3850
8702 4 2 1 1 1945 2578 2544 3016
8703 4 2 1 1 1169 1264 3977 3529
8704 4 2 1 1 2805 2924 2062 3441
8705 4 2 1 1 1949 2376 2601 3126
8706 4 2 1 1 1989 3360 2621 2809
8707 4 2 1 1 281 267 279 3047
8708 4 2 1 1 1643 2771 1654 3564
8709 4 2 1 1 894 2644 2853 896
8710 4 2 1 1 2479 3234 2210 3648
8711 4 2 1 1 3707 3511 2884 2309
8712 4 2 1 1 2457 2769 345 3723
8713 4 2 1 1 327 435 273 2689
8714 4 2 1 1 2610 2905 2021 3220
8715 4 2 1 1 545 2304 3026 3552
8716 4 2 1 1 1850 2569 2707 3444
8717 4 2 1 1 2811 3557 2715 3795
8718 4 2 1 1 3830 1359 2944 2740
8719 4 2 1 1 1952 2369 2196 3100
8720 4 2 1 1 2045 3057 2704 3142
8721 4 2 1 1 2969 2187 3527 3755
8722 4 2 1 1 2032 2434 3217 3546
8723 4 2 1 1 1888 2453 3027 3809
8724 4 2 1 1 2259 2770 1937 2462
8725 4 2 1 1 3951 1800 2519 2788
8726 4 2 1 1 342 3296 343 2337
8727 4 2 1 1 2051 2668 2650 3349
8728 4 2 1 1 4001 112 113 701
8729 4 2 1 1 2618 3366 1884 3449
8730 4 2 1 1 3831 1717 2249 2500
8731 4 2 1 1 1213 2855 3025 3346
8732 4 2 1 1 2600 2244 2974 3646
8733 4 2 1 1 2612 2813 2223 3878
8734 4 2 1 1 3951 1697 85 1828
8735 4 2 1 1 1369 2432 2761 3562
8736 4 2 1 1 3237 3564 1765 2710
8737 4 2 1 1 1495 3662 3698 3766
8738 4 2 1 1 3595 1015 1239 1161
8739 4 2 1 1 909 910 2497 3197
8740 4 2 1 1 923 2624 779 3018
8741 4 2 1 1 3317 3144 2837 1839
8742 4 2 1 1 151 152 920 3956
8743 4 2 1 1 223 2348 221 3667
8744 4 2 1 1 72 73 651 3919
8745 4 2 1 1 2852 2947 2034 2350
8746 4 2 1 1 2357 2297 3730 3764
8747 4 2 1 1 1961 2283 2857 3149
8748 4 2 1 1 85 86 3951 1828
8749 4 2 1 1 2403 3354 2370 3437
8750 4 2 1 1 1360 1373 1557 3092
8751 4 2 1 1 2058 3278 2479 3598
8752 4 2 1 1 3355 2727 3167 1978
8753 4 2 1 1 2296 2105 2672 3435
8754 4 2 1 1 2478 3303 2730 3484
8755 4 2 1 1 3054 3434 2054 3104
8756 4 2 1 1 1512 2306 2936 3528
8757 4 2 1 1 2592 3306 2029 3559
8758 4 2 1 1 2781 808 805 809
8759 4 2 1 1 2164 2014 3164 3551
8760 4 2 1 1 1722 2461 1605 2878
8761 4 2 1 1 2703 3089 2261 3241
8762 4 2 1 1 2118 2773 3787 2278
8763 4 2 1 1 319 2489 380 2768
8764 4 2 1 1 1265 3909 2484 1197
8765 4 2 1 1 2788 85 482 3951
8766 4 2 1 1 2164 2014 2307 3164
8767 4 2 1 1 2199 1941 3067 3756
8768 4 2 1 1 1858 2757 2479 2818
8769 4 2 1 1 2477 2046 2867 2104
8770 4 2 1 1 815 952 2414 2916
8771 4 2 1 1 2301 2877 1619 3105
8772 4 2 1 1 912 2497 988 3688
8773 4 2 1 1 2613 2743 2010 2914
8774 4 2 1 1 2261 3074 2776 3555
8775 4 2 1 1 3951 4026 642 2519
8776 4 2 1 1 1952 2451 2894 3058
8777 4 2 1 1 429 2319 3989 3080
8778 4 2 1 1 1265 3909 1197 1026
8779 4 2 1 1 3548 3647 2488 2897
8780 4 2 1 1 784 927 2684 3260
8781 4 2 1 1 2073 2672 3103 3435
8782 4 2 1 1 3569 2943 3269 3513
8783 4 2 1 1 762 2592 2931 3385
8784 4 2 1 1 263 2668 255 2995
8785 4 2 1 1 2193 3158 3784 3842
8786 4 2 1 1 4018 457 4034 62
8787 4 2 1 1 503 679 500 2725
8788 4 2 1 1 3137 2940 3761 2287
8789 4 2 1 1 2446 3950 1570 1581
8790 4 2 1 1 712 3257 594 651
8791 4 2 1 1 973 3739 2410 2982
8792 4 2 1 1 2185 2685 2648 3894
8793 4 2 1 1 2002 2449 3079 3335
8794 4 2 1 1 2359 3082 2662 3609
8795 4 2 1 1 3830 1359 2740 1505
8796 4 2 1 1 683 2664 2725 3658
8797 4 2 1 1 918 2654 2736 3357
8798 4 2 1 1 2698 2295 2084 1992
8799 4 2 1 1 902 2392 2455 3249
8800 4 2 1 1 1908 3290 2472 3621
8801 4 2 1 1 2538 3321 1829 3705
8802 4 2 1 1 531 3095 495 2451
8803 4 2 1 1 3817 3361 1373 3092
8804 4 2 1 1 1581 186 187 3950
8805 4 2 1 1 2042 2407 2352 2833
8806 4 2 1 1 854 2490 831 3477
8807 4 2 1 1 1581 1570 186 3950
8808 4 2 1 1 29 4025 3271 1564
8809 4 2 1 1 291 2253 386 2737
8810 4 2 1 1 1928 2375 3036 3457
8811 4 2 1 1 2023 3316 3301 2576
8812 4 2 1 1 2875 1529 1544 1417
8813 4 2 1 1 2621 3471 1886 2749
8814 4 2 1 1 1581 2446 3950 3483
8815 4 2 1 1 2151 2591 3067 3721
8816 4 2 1 1 2057 2711 2487 3607
8817 4 2 1 1 1805 3063 2685 3691
8818 4 2 1 1 1972 2844 2419 3252
8819 4 2 1 1 900 2455 2692 872
8820 4 2 1 1 1877 3524 2263 3729
8821 4 2 1 1 2937 3227 3201 3863
8822 4 2 1 1 722 99 8 4022
8823 4 2 1 1 2053 2581 3000 3413
8824 4 2 1 1 1787 1626 1794 3802
8825 4 2 1 1 1898 2870 2661 3514
8826 4 2 1 1 1982 3145 2628 3828
8827 4 2 1 1 2604 2745 694 3397
8828 4 2 1 1 3054 3434 3104 2231
8829 4 2 1 1 1973 2714 2388 3245
8830 4 2 1 1 1292 117 118 3949
8831 4 2 1 1 3987 84 5 720
8832 4 2 1 1 1970 2910 2481 3359
8833 4 2 1 1 1944 3300 2414 3458
8834 4 2 1 1 2055 3266 2507 3510
8835 4 2 1 1 3778 952 2414 833
8836 4 2 1 1 623 4039 708 625
8837 4 2 1 1 2871 3636 2704 3639
8838 4 2 1 1 2147 2540 3040 3848
8839 4 2 1 1 1174 1116 2495 3388
8840 4 2 1 1 3502 3257 3477 2490
8841 4 2 1 1 2851 3525 1599 3892
8842 4 2 1 1 2438 3162 2058 3657
8843 4 2 1 1 3580 3759 2208 2945
8844 4 2 1 1 3301 3316 2023 2471
8845 4 2 1 1 2583 2915 2079 3570
8846 4 2 1 1 2509 2861 2087 2936
8847 4 2 1 1 2598 2717 1993 3057
8848 4 2 1 1 3913 453 3978 59
8849 4 2 1 1 2621 3425 1989 2809
8850 4 2 1 1 1895 3325 3523 2599
8851 4 2 1 1 509 3053 501 2145
8852 4 2 1 1 2155 3187 2935 3884
8853 4 2 1 1 2253 2737 3591 3808
8854 4 2 1 1 683 2725 2664 3394
8855 4 2 1 1 2355 2043 2662 3233
8856 4 2 1 1 1907 2368 2640 3655
8857 4 2 1 1 2082 2990 2567 3230
8858 4 2 1 1 307 2486 3245 3265
8859 4 2 1 1 2135 3514 3324 3526
8860 4 2 1 1 2045 3601 3179 3760
8861 4 2 1 1 1459 1283 1532 2388
8862 4 2 1 1 785 2667 2327 3171
8863 4 2 1 1 918 2736 2654 3666
8864 4 2 1 1 1747 3056 1779 3271
8865 4 2 1 1 3949 1292 117 1460
8866 4 2 1 1 2824 3232 404 2967
8867 4 2 1 1 1846 2970 1985 2675
8868 4 2 1 1 1947 2688 2934 3291
8869 4 2 1 1 2810 3027 2453 2171
8870 4 2 1 1 2411 2736 3788 3861
8871 4 2 1 1 1018 4000 3904 177
8872 4 2 1 1 1907 2815 2606 3478
8873 4 2 1 1 2745 718 3522 628
8874 4 2 1 1 2051 3155 2777 3246
8875 4 2 1 1 2074 1870 2868 2992
8876 4 2 1 1 1428 2546 1521 2987
8877 4 2 1 1 1407 3361 2482 3801
8878 4 2 1 1 1620 1772 1773 3367
8879 4 2 1 1 2292 1966 2770 3203
8880 4 2 1 1 2205 2886 3128 3697
8881 4 2 1 1 2955 3784 2101 3842
8882 4 2 1 1 879 2505 878 3433
8883 4 2 1 1 2095 2794 2464 3412
8884 4 2 1 1 1209 2961 1036 3033
8885 4 2 1 1 2621 3360 2131 2809
8886 4 2 1 1 2638 2753 2069 3351
8887 4 2 1 1 2097 2753 2638 3351
8888 4 2 1 1 2653 3056 1775 3581
8889 4 2 1 1 1651 1636 1773 3367
8890 4 2 1 1 1997 1901 3457 2375
8891 4 2 1 1 3060 3376 2113 3732
8892 4 2 1 1 1856 3379 2364 3736
8893 4 2 1 1 1292 3949 118 3473
8894 4 2 1 1 1760 1722 2878 3069
8895 4 2 1 1 2701 2814 3234 3508
8896 4 2 1 1 2010 2985 2577 3321
8897 4 2 1 1 3949 1538 1460 2797
8898 4 2 1 1 281 2967 267 3047
8899 4 2 1 1 1718 1719 1806 3724
8900 4 2 1 1 2164 3334 2551 3551
8901 4 2 1 1 1440 2520 3136 3897
8902 4 2 1 1 2260 2807 2530 3236
8903 4 2 1 1 2667 3447 2165 3835
8904 4 2 1 1 1595 2267 3475 2144
8905 4 2 1 1 2698 3636 2866 3641
8906 4 2 1 1 622 2248 616 614
8907 4 2 1 1 886 2788 978 3306
8908 4 2 1 1 943 3247 2284 3885
8909 4 2 1 1 724 3048 2632 3419
8910 4 2 1 1 1887 2518 2687 3055
8911 4 2 1 1 2303 2142 2996 3543
8912 4 2 1 1 52 3948 51 1159
8913 4 2 1 1 2608 2911 2094 3332
8914 4 2 1 1 2066 2831 2620 3363
8915 4 2 1 1 412 408 304 2824
8916 4 2 1 1 2205 3608 2886 3697
8917 4 2 1 1 876 3110 2387 3671
8918 4 2 1 1 2287 3137 2940 3588
8919 4 2 1 1 1951 2424 2799 3553
8920 4 2 1 1 2657 2991 409 3491
8921 4 2 1 1 1911 2399 2955 3326
8922 4 2 1 1 2157 2955 2399 3326
8923 4 2 1 1 485 69 70 3936
8924 4 2 1 1 1855 2402 2892 3401
8925 4 2 1 1 3277 3462 2686 2182
8926 4 2 1 1 2337 360 342 3255
8927 4 2 1 1 1838 2550 2739 3870
8928 4 2 1 1 2695 3256 2474 2317
8929 4 2 1 1 1683 1800 1697 2788
8930 4 2 1 1 2868 3639 2700 3641
8931 4 2 1 1 3884 614 615 2248
8932 4 2 1 1 1940 3328 2833 2588
8933 4 2 1 1 1951 3140 2504 3239
8934 4 2 1 1 194 2534 393 2882
8935 4 2 1 1 231 3109 2727 3819
8936 4 2 1 1 2374 2840 2044 3470
8937 4 2 1 1 641 3178 719 634
8938 4 2 1 1 1029 2632 1210 1163
8939 4 2 1 1 3172 690 611 689
8940 4 2 1 1 3278 3508 2814 3517
8941 4 2 1 1 1976 2455 2918 3214
8942 4 2 1 1 2814 3278 2058 3508
8943 4 2 1 1 2491 3079 2133 3335
8944 4 2 1 1 250 2803 2335 3410
8945 4 2 1 1 3960 147 146 924
8946 4 2 1 1 2823 1787 2383 3802
8947 4 2 1 1 1318 1320 1319 3836
8948 4 2 1 1 2078 2795 2354 3807
8949 4 2 1 1 2592 2904 1977 3385
8950 4 2 1 1 2037 2510 2874 3121
8951 4 2 1 1 2833 3328 1940 2485
8952 4 2 1 1 310 3082 276 2355
8953 4 2 1 1 3741 581 2422 596
8954 4 2 1 1 1600 1604 2461 3243
8955 4 2 1 1 2155 2719 3407 3614
8956 4 2 1 1 1468 2942 2641 3533
8957 4 2 1 1 2014 2511 3164 3551
8958 4 2 1 1 2475 2625 1905 3733
8959 4 2 1 1 2153 2284 2654 3604
8960 4 2 1 1 1485 3343 1554 1515
8961 4 2 1 1 486 4008 3945 2831
8962 4 2 1 1 1480 2405 1491 3250
8963 4 2 1 1 320 432 296 3377
8964 4 2 1 1 2655 3055 1944 3505
8965 4 2 1 1 2133 3079 2449 3335
8966 4 2 1 1 2021 2568 3161 3426
8967 4 2 1 1 1964 2686 2835 3462
8968 4 2 1 1 2207 2836 2308 3297
8969 4 2 1 1 1485 3343 1515 3554
8970 4 2 1 1 52 3948 1159 1031
8971 4 2 1 1 2140 2430 3288 3850
8972 4 2 1 1 1872 2858 2258 3375
8973 4 2 1 1 1468 1367 2942 3533
8974 4 2 1 1 2716 3086 2008 3650
8975 4 2 1 1 2555 1736 1729 1814
8976 4 2 1 1 1911 3326 2955 3708
8977 4 2 1 1 1159 4012 1021 3356
8978 4 2 1 1 937 764 2718 3385
8979 4 2 1 1 555 553 541 3347
8980 4 2 1 1 2177 3055 2655 3505
8981 4 2 1 1 1974 2470 2833 3568
8982 4 2 1 1 2398 2058 3598 3657
8983 4 2 1 1 3137 3557 2940 3588
8984 4 2 1 1 1781 2823 1787 3295
8985 4 2 1 1 370 3147 2825 3623
8986 4 2 1 1 3222 3469 2427 3734
8987 4 2 1 1 2522 3141 1957 3242
8988 4 2 1 1 2034 2852 2361 3855
8989 4 2 1 1 1986 3166 3515 3827
8990 4 2 1 1 2347 2538 2010 3321
8991 4 2 1 1 1620 2899 3367 1633
8992 4 2 1 1 2745 718 628 629
8993 4 2 1 1 245 2995 239 3847
8994 4 2 1 1 1723 2884 1582 3363
8995 4 2 1 1 206 4012 51 3948
8996 4 2 1 1 2252 2804 2763 1929
8997 4 2 1 1 2397 1533 2486 1448
8998 4 2 1 1 574 2703 3241 3550
8999 4 2 1 1 1943 2944 2400 2987
9000 4 2 1 1 775 777 2611 3768
9001 4 2 1 1 1103 1095 2593 3527
9002 4 2 1 1 2604 2196 1984 3100
9003 4 2 1 1 2499 2101 2157 1865
9004 4 2 1 1 1871 2860 2537 3415
9005 4 2 1 1 570 2722 2614 3430
9006 4 2 1 1 2028 2238 3141 3242
9007 4 2 1 1 2562 1924 2180 3880
9008 4 2 1 1 1969 2583 3160 3566
9009 4 2 1 1 2847 3376 3060 3732
9010 4 2 1 1 1908 2528 2688 3803
9011 4 2 1 1 3554 3343 1515 2731
9012 4 2 1 1 2708 3331 2009 3445
9013 4 2 1 1 698 695 482 2519
9014 4 2 1 1 3875 3327 2138 2291
9015 4 2 1 1 897 2644 896 987
9016 4 2 1 1 1850 2164 2707 3334
9017 4 2 1 1 1280 3948 3356 2669
9018 4 2 1 1 2126 2281 3114 3901
9019 4 2 1 1 600 2422 2989 3893
9020 4 2 1 1 3635 3206 2468 1866
9021 4 2 1 1 2522 3168 2655 3177
9022 4 2 1 1 2393 2733 2168 2890
9023 4 2 1 1 1839 2695 2317 3496
9024 4 2 1 1 1610 1611 2899 1616
9025 4 2 1 1 2146 3311 2827 3776
9026 4 2 1 1 1149 2994 2336 3400
9027 4 2 1 1 80 79 3974 471
9028 4 2 1 1 2009 2301 3279 1892
9029 4 2 1 1 3941 3737 1700 1571
9030 4 2 1 1 1960 3076 2329 3111
9031 4 2 1 1 1869 2862 2257 3365
9032 4 2 1 1 2507 2616 2055 3510
9033 4 2 1 1 2907 2759 2162 3779
9034 4 2 1 1 2064 2340 2975 3308
9035 4 2 1 1 2759 3845 3581 2100
9036 4 2 1 1 3358 2024 3619 3115
9037 4 2 1 1 2881 3001 2593 3527
9038 4 2 1 1 3093 544 563 2277
9039 4 2 1 1 2210 3234 2867 3423
9040 4 2 1 1 2021 2227 2793 3347
9041 4 2 1 1 475 664 3905 2694
9042 4 2 1 1 1920 2428 3160 3566
9043 4 2 1 1 394 409 2991 3491
9044 4 2 1 1 1775 3056 2653 3869
9045 4 2 1 1 2467 2903 2299 3637
9046 4 2 1 1 548 535 559 2744
9047 4 2 1 1 2359 2043 2649 3231
9048 4 2 1 1 1969 2583 2383 3160
9049 4 2 1 1 2162 3779 2759 3845
9050 4 2 1 1 3052 2264 2222 3465
9051 4 2 1 1 2704 2958 2085 3142
9052 4 2 1 1 2292 1937 2770 2462
9053 4 2 1 1 2295 3381 2525 3409
9054 4 2 1 1 3004 861 963 859
9055 4 2 1 1 2355 2546 1943 3863
9056 4 2 1 1 2823 1590 1626 3084
9057 4 2 1 1 3115 3358 2024 3378
9058 4 2 1 1 314 2802 2531 3391
9059 4 2 1 1 1480 1430 1345 2405
9060 4 2 1 1 2262 3029 238 3847
9061 4 2 1 1 1195 2895 2386 3690
9062 4 2 1 1 767 2424 838 3138
9063 4 2 1 1 2495 2983 2757 3340
9064 4 2 1 1 2757 2983 2217 3340
9065 4 2 1 1 762 2592 761 2931
9066 4 2 1 1 630 2831 2620 3522
9067 4 2 1 1 2650 2720 2262 2787
9068 4 2 1 1 2911 3332 2608 3889
9069 4 2 1 1 541 2439 538 3161
9070 4 2 1 1 1445 3245 1536 2486
9071 4 2 1 1 1180 3190 1183 2423
9072 4 2 1 1 1639 3638 1638 1661
9073 4 2 1 1 1857 2606 2911 3081
9074 4 2 1 1 2498 1753 2144 2887
9075 4 2 1 1 2227 2021 2905 3347
9076 4 2 1 1 1870 2849 2828 3813
9077 4 2 1 1 1280 3948 2669 1031
9078 4 2 1 1 512 2795 676 3807
9079 4 2 1 1 2251 3477 2490 3502
9080 4 2 1 1 2052 2586 2663 2770
9081 4 2 1 1 2326 2899 2690 3719
9082 4 2 1 1 3888 2895 1052 2888
9083 4 2 1 1 2104 2970 2465 3139
9084 4 2 1 1 2191 2264 3052 3465
9085 4 2 1 1 1304 2484 1305 3554
9086 4 2 1 1 3943 380 203 2489
9087 4 2 1 1 2053 3000 2581 3785
9088 4 2 1 1 1153 1212 3356 3647
9089 4 2 1 1 1254 2488 1212 3647
9090 4 2 1 1 2779 1930 2214 2002
9091 4 2 1 1 2032 2845 2476 3097
9092 4 2 1 1 1973 2502 2342 3235
9093 4 2 1 1 1636 2326 1633 3367
9094 4 2 1 1 1620 2899 1633 1616
9095 4 2 1 1 2118 2278 1844 2773
9096 4 2 1 1 815 806 2916 3671
9097 4 2 1 1 3533 1479 2896 1348
9098 4 2 1 1 1942 2870 2243 3560
9099 4 2 1 1 1682 2617 2501 3628
9100 4 2 1 1 2129 2456 3115 3276
9101 4 2 1 1 598 3341 605 3541
9102 4 2 1 1 2123 2757 2495 2983
9103 4 2 1 1 1959 2762 2709 2834
9104 4 2 1 1 2709 2762 2046 2834
9105 4 2 1 1 866 3778 952 3300
9106 4 2 1 1 472 715 639 2615
9107 4 2 1 1 622 2248 614 2979
9108 4 2 1 1 534 2886 674 3608
9109 4 2 1 1 2566 3092 2321 3817
9110 4 2 1 1 1052 2895 3888 1054
9111 4 2 1 1 2183 3152 3119 3875
9112 4 2 1 1 3979 1269 2669 1031
9113 4 2 1 1 2841 2170 3041 3772
9114 4 2 1 1 2326 2899 1633 3367
9115 4 2 1 1 3240 1998 2233 3413
9116 4 2 1 1 696 3732 2741 663
9117 4 2 1 1 2207 3106 2810 3129
9118 4 2 1 1 599 3134 586 3473
9119 4 2 1 1 1245 3981 1256 3147
9120 4 2 1 1 2348 2545 2729 3195
9121 4 2 1 1 2593 2881 1941 3001
9122 4 2 1 1 2805 2819 2018 3841
9123 4 2 1 1 2213 3860 3410 3890
9124 4 2 1 1 1840 2134 2135 2491
9125 4 2 1 1 8 128 722 4022
9126 4 2 1 1 1948 2270 2995 3645
9127 4 2 1 1 2383 2823 2079 3295
9128 4 2 1 1 2383 2605 1953 3802
9129 4 2 1 1 1245 2702 1271 3388
9130 4 2 1 1 676 2795 659 3807
9131 4 2 1 1 3641 3710 2700 2525
9132 4 2 1 1 3574 3263 3626 2230
9133 4 2 1 1 3270 3419 2331 3602
9134 4 2 1 1 89 3947 1562 1811
9135 4 2 1 1 1703 2315 1701 3170
9136 4 2 1 1 572 3602 3674 2331
9137 4 2 1 1 2362 2915 3063 3894
9138 4 2 1 1 1969 3063 2915 3894
9139 4 2 1 1 1811 90 89 3947
9140 4 2 1 1 1967 3031 2291 3119
9141 4 2 1 1 2684 2764 2054 3280
9142 4 2 1 1 1083 1101 1102 2874
9143 4 2 1 1 3638 3199 1639 3331
9144 4 2 1 1 2489 2442 2114 3668
9145 4 2 1 1 1090 1097 1233 3527
9146 4 2 1 1 1801 1688 1749 2347
9147 4 2 1 1 3066 2032 3217 3495
9148 4 2 1 1 2196 2745 2494 3762
9149 4 2 1 1 3947 1811 90 3314
9150 4 2 1 1 2283 2878 2461 3149
9151 4 2 1 1 1379 1368 1347 3297
9152 4 2 1 1 739 875 983 3460
9153 4 2 1 1 1994 2343 2993 3402
9154 4 2 1 1 920 986 2693 2946
9155 4 2 1 1 590 2384 699 3397
9156 4 2 1 1 2058 2550 2438 3489
9157 4 2 1 1 2872 3595 1912 2629
9158 4 2 1 1 1864 2869 2250 3229
9159 4 2 1 1 3638 1639 3199 1661
9160 4 2 1 1 1995 2646 2720 2787
9161 4 2 1 1 3530 1189 2437 3189
9162 4 2 1 1 3707 3511 2309 3287
9163 4 2 1 1 2800 1971 2483 3222
9164 4 2 1 1 1050 1225 2430 3288
9165 4 2 1 1 2096 2971 2792 3332
9166 4 2 1 1 2372 1104 1105 3400
9167 4 2 1 1 2384 2604 1952 3095
9168 4 2 1 1 3044 3079 2286 3499
9169 4 2 1 1 2600 1942 2973 3560
9170 4 2 1 1 454 2714 308 306
9171 4 2 1 1 2190 3427 2515 1859
9172 4 2 1 1 1009 2983 1144 2513
9173 4 2 1 1 3596 2829 2326 3263
9174 4 2 1 1 2028 2695 2549 3141
9175 4 2 1 1 681 687 2428 3172
9176 4 2 1 1 2085 3506 2958 3742
9177 4 2 1 1 2556 3264 374 3739
9178 4 2 1 1 1138 1103 2593 3448
9179 4 2 1 1 2714 3353 286 3481
9180 4 2 1 1 2522 1957 3141 3417
9181 4 2 1 1 3542 2057 2249 2056
9182 4 2 1 1 2255 1956 2606 3758
9183 4 2 1 1 2587 2900 1844 1930
9184 4 2 1 1 2520 3174 1437 3387
9185 4 2 1 1 1946 2335 3155 3773
9186 4 2 1 1 235 3109 2746 3865
9187 4 2 1 1 1967 2732 3119 3640
9188 4 2 1 1 1690 3947 3314 1811
9189 4 2 1 1 2320 2522 1957 3339
9190 4 2 1 1 3948 427 2669 3979
9191 4 2 1 1 1423 1297 1523 2379
9192 4 2 1 1 1320 3034 1324 3693
9193 4 2 1 1 1979 2605 3160 3509
9194 4 2 1 1 2266 1878 3200 3262
9195 4 2 1 1 2039 1809 2882 2416
9196 4 2 1 1 1884 3366 2516 3449
9197 4 2 1 1 1091 1090 1233 3228
9198 4 2 1 1 1345 2405 1430 2466
9199 4 2 1 1 2759 2921 2162 3845
9200 4 2 1 1 2805 3020 2819 3841
9201 4 2 1 1 2496 2828 2086 2893
9202 4 2 1 1 4011 363 3929 2775
9203 4 2 1 1 1359 1346 1498 2740
9204 4 2 1 1 2763 2804 2252 3703
9205 4 2 1 1 2303 2869 2142 3775
9206 4 2 1 1 835 3652 2442 3420
9207 4 2 1 1 1437 1483 3174 3897
9208 4 2 1 1 2289 2038 3284 3450
9209 4 2 1 1 1890 3303 3266 3900
9210 4 2 1 1 229 3432 2385 3606
9211 4 2 1 1 2407 583 3373 732
9212 4 2 1 1 37 3946 38 1795
9213 4 2 1 1 1555 1376 2783 3403
9214 4 2 1 1 2129 3115 2456 2278
9215 4 2 1 1 2059 2610 2242 3358
9216 4 2 1 1 2020 2818 2479 3344
9217 4 2 1 1 2542 1977 2904 3708
9218 4 2 1 1 3946 1815 38 1795
9219 4 2 1 1 3199 3537 2102 3638
9220 4 2 1 1 1964 2835 2551 3462
9221 4 2 1 1 728 729 464 2656
9222 4 2 1 1 2564 2741 2155 3825
9223 4 2 1 1 1430 2405 1480 2734
9224 4 2 1 1 2603 3123 2305 3329
9225 4 2 1 1 2002 3079 3293 3634
9226 4 2 1 1 959 859 858 3004
9227 4 2 1 1 3638 1638 3331 1639
9228 4 2 1 1 2029 2519 2501 3628
9229 4 2 1 1 2522 3141 2549 3417
9230 4 2 1 1 2911 2606 2255 3081
9231 4 2 1 1 2509 3442 1253 3853
9232 4 2 1 1 3670 2724 2218 2941
9233 4 2 1 1 1851 2683 3177 2273
9234 4 2 1 1 2298 3365 2666 2106
9235 4 2 1 1 1870 2307 3315 3678
9236 4 2 1 1 2632 733 100 101
9237 4 2 1 1 1467 1466 1465 2509
9238 4 2 1 1 2262 2787 2420 3726
9239 4 2 1 1 2743 3714 3337 3716
9240 4 2 1 1 2770 1966 2462 2259
9241 4 2 1 1 3946 37 1574 1795
9242 4 2 1 1 2642 2811 2245 3795
9243 4 2 1 1 2738 3382 1922 2412
9244 4 2 1 1 1874 2261 2776 3089
9245 4 2 1 1 3416 2951 3438 2001
9246 4 2 1 1 1946 2457 2640 3822
9247 4 2 1 1 1666 3112 1703 3170
9248 4 2 1 1 1106 1107 1119 2861
9249 4 2 1 1 3946 4040 449 38
9250 4 2 1 1 1188 1136 1171 3536
9251 4 2 1 1 2337 342 360 347
9252 4 2 1 1 290 3238 2332 3806
9253 4 2 1 1 1428 1286 1521 2546
9254 4 2 1 1 3306 962 761 753
9255 4 2 1 1 1245 2404 2702 3388
9256 4 2 1 1 3492 3961 3988 3157
9257 4 2 1 1 1638 1637 1627 3105
9258 4 2 1 1 1513 2422 1418 3473
9259 4 2 1 1 2355 2662 2043 3082
9260 4 2 1 1 158 3987 998 3966
9261 4 2 1 1 2253 1954 3225 1926
9262 4 2 1 1 1774 3039 2553 3475
9263 4 2 1 1 3946 1795 1574 2555
9264 4 2 1 1 2069 2753 2638 2351
9265 4 2 1 1 627 3021 2329 3111
9266 4 2 1 1 3670 2218 2724 3096
9267 4 2 1 1 1461 1290 1470 3122
9268 4 2 1 1 1850 2707 2307 3444
9269 4 2 1 1 3522 3762 2494 2745
9270 4 2 1 1 2156 3635 2595 3881
9271 4 2 1 1 1129 1246 1217 3770
9272 4 2 1 1 3522 3762 2745 628
9273 4 2 1 1 2040 2768 2489 3377
9274 4 2 1 1 280 333 297 3609
9275 4 2 1 1 1629 2311 2832 3798
9276 4 2 1 1 2081 3270 2632 3419
9277 4 2 1 1 2223 2423 2612 3878
9278 4 2 1 1 2217 2885 3613 3803
9279 4 2 1 1 1436 1437 1483 3174
9280 4 2 1 1 1193 1149 2336 3272
9281 4 2 1 1 1848 3203 2998 2287
9282 4 2 1 1 2358 1908 2636 3290
9283 4 2 1 1 2051 2769 2457 3723
9284 4 2 1 1 2117 2524 2373 1929
9285 4 2 1 1 1829 2347 1749 1688
9286 4 2 1 1 1450 2827 1318 3718
9287 4 2 1 1 2501 3060 2230 3350
9288 4 2 1 1 1179 2938 3539 3644
9289 4 2 1 1 1946 2221 3478 2517
9290 4 2 1 1 1861 2945 2485 3468
9291 4 2 1 1 1795 2555 3946 2669
9292 4 2 1 1 2543 2819 3020 3841
9293 4 2 1 1 391 352 372 3819
9294 4 2 1 1 268 3591 3005 3890
9295 4 2 1 1 2315 2794 2095 3798
9296 4 2 1 1 1843 2120 2889 3567
9297 4 2 1 1 599 3949 726 2797
9298 4 2 1 1 3229 3255 2250 3520
9299 4 2 1 1 29 30 1812 3271
9300 4 2 1 1 599 3949 473 726
9301 4 2 1 1 4029 4 68 448
9302 4 2 1 1 2313 3454 2689 3661
9303 4 2 1 1 2193 3260 2684 3479
9304 4 2 1 1 1494 2821 2323 3660
9305 4 2 1 1 1181 2938 2612 3539
9306 4 2 1 1 3597 2696 1947 2688
9307 4 2 1 1 1187 2380 1227 3833
9308 4 2 1 1 487 4008 2694 475
9309 4 2 1 1 2259 1937 2710 3675
9310 4 2 1 1 2513 2885 2983 1144
9311 4 2 1 1 2029 2501 2519 3060
9312 4 2 1 1 4035 123 124 470
9313 4 2 1 1 3125 2277 2648 2065
9314 4 2 1 1 2247 2411 3788 3861
9315 4 2 1 1 2302 2590 1918 3840
9316 4 2 1 1 1911 2396 2504 3553
9317 4 2 1 1 405 226 224 2991
9318 4 2 1 1 3482 3884 3825 2155
9319 4 2 1 1 2424 3138 1951 3633
9320 4 2 1 1 2490 2722 890 3438
9321 4 2 1 1 1925 2635 2539 3596
9322 4 2 1 1 2634 2741 2113 3376
9323 4 2 1 1 901 4016 737 1003
9324 4 2 1 1 343 342 341 3296
9325 4 2 1 1 1376 1374 2783 3817
9326 4 2 1 1 2177 2028 2273 3022
9327 4 2 1 1 1812 1564 29 3271
9328 4 2 1 1 2251 2006 3061 3300
9329 4 2 1 1 553 2439 541 3347
9330 4 2 1 1 3579 2500 2907 1945
9331 4 2 1 1 225 3148 2512 3663
9332 4 2 1 1 1885 3404 2232 3703
9333 4 2 1 1 2314 1938 2776 3555
9334 4 2 1 1 3597 1947 2696 2682
9335 4 2 1 1 663 3884 615 3376
9336 4 2 1 1 3133 3200 1959 2796
9337 4 2 1 1 2513 2885 1144 3620
9338 4 2 1 1 2710 2919 1765 3675
9339 4 2 1 1 2034 2930 2473 3319
9340 4 2 1 1 3928 604 2422 3473
9341 4 2 1 1 2073 3087 2417 3103
9342 4 2 1 1 2023 2506 2576 2815
9343 4 2 1 1 2115 3131 2645 3296
9344 4 2 1 1 1432 2306 1512 3528
9345 4 2 1 1 2717 3057 2598 3560
9346 4 2 1 1 1287 1405 3369 3856
9347 4 2 1 1 1976 2640 2457 3822
9348 4 2 1 1 2401 3136 1487 3679
9349 4 2 1 1 2305 3329 2154 3355
9350 4 2 1 1 1518 160 159 2802
9351 4 2 1 1 2585 2101 2904 3385
9352 4 2 1 1 2178 2909 3524 3757
9353 4 2 1 1 2478 3303 1890 3900
9354 4 2 1 1 1932 2430 2920 2716
9355 4 2 1 1 1289 1407 1547 3801
9356 4 2 1 1 435 2342 287 3481
9357 4 2 1 1 2428 3172 1969 3566
9358 4 2 1 1 2802 1540 159 1518
9359 4 2 1 1 1339 2641 1471 3465
9360 4 2 1 1 2261 669 2703 3241
9361 4 2 1 1 2307 3444 2269 3462
9362 4 2 1 1 1518 160 2802 3853
9363 4 2 1 1 2454 1956 2923 3081
9364 4 2 1 1 1859 2514 3427 3511
9365 4 2 1 1 2802 4029 1268 159
9366 4 2 1 1 3945 96 97 1575
9367 4 2 1 1 2225 2820 2377 3561
9368 4 2 1 1 2945 2083 3244 3750
9369 4 2 1 1 753 962 886 3306
9370 4 2 1 1 2000 3255 3229 3520
9371 4 2 1 1 2278 3253 2972 3783
9372 4 2 1 1 1095 1138 1103 2593
9373 4 2 1 1 2195 2755 2463 3062
9374 4 2 1 1 2693 3330 986 3545
9375 4 2 1 1 2404 3388 2750 1909
9376 4 2 1 1 714 471 641 2931
9377 4 2 1 1 1881 2506 2576 3087
9378 4 2 1 1 3571 2799 3633 2424
9379 4 2 1 1 888 2490 3477 3257
9380 4 2 1 1 2590 2595 2156 3635
9381 4 2 1 1 1681 3603 2216 3694
9382 4 2 1 1 1088 1089 1079 3009
9383 4 2 1 1 1994 2446 2713 3117
9384 4 2 1 1 2003 3437 2370 3540
9385 4 2 1 1 2696 2934 2688 3290
9386 4 2 1 1 320 296 3213 3377
9387 4 2 1 1 1834 2473 2930 3643
9388 4 2 1 1 3945 2620 484 2831
9389 4 2 1 1 2148 2356 1968 1887
9390 4 2 1 1 1127 1160 2969 3370
9391 4 2 1 1 2364 3185 2816 3783
9392 4 2 1 1 962 2592 762 3385
9393 4 2 1 1 876 3110 3671 832
9394 4 2 1 1 1257 2423 1011 2994
9395 4 2 1 1 2789 2977 2234 3645
9396 4 2 1 1 827 2433 841 842
9397 4 2 1 1 827 842 947 2764
9398 4 2 1 1 1004 2410 836 3420
9399 4 2 1 1 1813 4008 2831 1575
9400 4 2 1 1 1728 1678 1827 3799
9401 4 2 1 1 2021 3220 3161 3392
9402 4 2 1 1 285 286 3353 3481
9403 4 2 1 1 2531 2802 2088 3391
9404 4 2 1 1 2810 3106 2007 3129
9405 4 2 1 1 2187 3001 2881 3527
9406 4 2 1 1 648 712 469 2391
9407 4 2 1 1 2146 2827 2628 3776
9408 4 2 1 1 1919 2421 2208 3721
9409 4 2 1 1 1575 4008 2831 3945
9410 4 2 1 1 2473 3319 2930 3643
9411 4 2 1 1 2296 2672 2105 3375
9412 4 2 1 1 2227 2582 2793 2910
9413 4 2 1 1 572 3674 3602 587
9414 4 2 1 1 1895 1854 3046 3669
9415 4 2 1 1 1430 2466 2405 2734
9416 4 2 1 1 1587 2427 1776 1659
9417 4 2 1 1 671 2703 574 3550
9418 4 2 1 1 3790 2587 2240 1930
9419 4 2 1 1 1103 1137 1126 3370
9420 4 2 1 1 2869 3296 2250 2337
9421 4 2 1 1 1564 1743 1807 2390
9422 4 2 1 1 1195 2386 1220 3690
9423 4 2 1 1 98 3945 484 97
9424 4 2 1 1 1902 2524 3143 3599
9425 4 2 1 1 393 194 364 2534
9426 4 2 1 1 150 4015 740 3333
9427 4 2 1 1 1858 2929 2528 3098
9428 4 2 1 1 2513 329 2750 3752
9429 4 2 1 1 1587 2427 2681 1776
9430 4 2 1 1 3533 1479 1348 1366
9431 4 2 1 1 573 2331 3419 3602
9432 4 2 1 1 1682 2501 2617 3737
9433 4 2 1 1 1920 3050 2428 3566
9434 4 2 1 1 2336 2994 1454 3250
9435 4 2 1 1 327 3265 2689 3454
9436 4 2 1 1 2695 2845 2068 3496
9437 4 2 1 1 1439 2520 3387 3679
9438 4 2 1 1 2341 2220 2806 3317
9439 4 2 1 1 2055 2507 3266 3291
9440 4 2 1 1 2465 2970 2860 2126
9441 4 2 1 1 1054 2895 2328 3191
9442 4 2 1 1 2715 1992 2948 3507
9443 4 2 1 1 1408 1423 2379 3008
9444 4 2 1 1 1971 2601 2376 3126
9445 4 2 1 1 3008 925 3061 990
9446 4 2 1 1 1651 1671 1650 3691
9447 4 2 1 1 1975 3613 2885 3803
9448 4 2 1 1 2170 2960 2353 3772
9449 4 2 1 1 1876 2211 3248 3713
9450 4 2 1 1 2930 3169 2076 3449
9451 4 2 1 1 1744 1647 1743 2653
9452 4 2 1 1 2478 2729 2206 3900
9453 4 2 1 1 2547 3104 3054 3625
9454 4 2 1 1 1983 3018 2263 3844
9455 4 2 1 1 1926 2578 2544 2332
9456 4 2 1 1 2328 1965 3102 3191
9457 4 2 1 1 2837 3505 2177 3829
9458 4 2 1 1 1893 2587 2760 3293
9459 4 2 1 1 1822 150 149 3333
9460 4 2 1 1 2377 2820 1913 3561
9461 4 2 1 1 2246 3192 2458 3325
9462 4 2 1 1 2735 3520 2000 3822
9463 4 2 1 1 2029 2904 2592 3385
9464 4 2 1 1 2776 3028 2314 3555
9465 4 2 1 1 2292 1966 3203 3845
9466 4 2 1 1 1779 3271 3056 3869
9467 4 2 1 1 2516 3366 2172 3621
9468 4 2 1 1 1317 2975 1315 3476
9469 4 2 1 1 2006 2321 3361 3778
9470 4 2 1 1 1870 2828 2849 2526
9471 4 2 1 1 2097 1959 2638 2225
9472 4 2 1 1 1941 2312 2881 3009
9473 4 2 1 1 3382 2925 2412 2738
9474 4 2 1 1 2264 1332 1475 1327
9475 4 2 1 1 1172 1144 2885 3620
9476 4 2 1 1 1629 1630 2832 2311
9477 4 2 1 1 2556 3213 2168 2721
9478 4 2 1 1 1307 1309 1492 3062
9479 4 2 1 1 1605 2878 2461 3857
9480 4 2 1 1 2304 2677 2440 2314
9481 4 2 1 1 1908 2688 2934 3290
9482 4 2 1 1 3661 2772 2689 1934
9483 4 2 1 1 3022 2695 2028 2474
9484 4 2 1 1 2254 3201 2937 3227
9485 4 2 1 1 2206 3016 2544 3390
9486 4 2 1 1 2265 3537 3199 3638
9487 4 2 1 1 1951 2799 2504 3553
9488 4 2 1 1 2603 1958 3353 3653
9489 4 2 1 1 1532 2388 1283 3467
9490 4 2 1 1 2312 1941 2981 3009
9491 4 2 1 1 375 374 278 3264
9492 4 2 1 1 1094 1084 3285 3532
9493 4 2 1 1 1954 2253 3193 1926
9494 4 2 1 1 2214 2784 2408 1930
9495 4 2 1 1 2334 3242 2028 2273
9496 4 2 1 1 2915 2033 2079 1852
9497 4 2 1 1 1832 2973 2700 3710
9498 4 2 1 1 361 425 3725 257
9499 4 2 1 1 660 672 565 2277
9500 4 2 1 1 2019 2863 2307 3023
9501 4 2 1 1 596 4032 3928 2956
9502 4 2 1 1 1936 2942 2419 3252
9503 4 2 1 1 1837 3221 2576 2070
9504 4 2 1 1 2040 2489 2442 3183
9505 4 2 1 1 2438 2891 2098 2171
9506 4 2 1 1 1934 2502 2468 3661
9507 4 2 1 1 1920 2894 2286 3044
9508 4 2 1 1 1301 173 172 3944
9509 4 2 1 1 1901 2295 1992 3507
9510 4 2 1 1 3079 3335 2491 3634
9511 4 2 1 1 2187 2881 3001 1941
9512 4 2 1 1 2047 2948 2858 3181
9513 4 2 1 1 1345 1491 1480 2405
9514 4 2 1 1 2400 2835 2092 3085
9515 4 2 1 1 2207 2891 2810 3106
9516 4 2 1 1 2177 2028 3022 2837
9517 4 2 1 1 522 499 497 2968
9518 4 2 1 1 2045 2950 2862 3179
9519 4 2 1 1 3051 1994 3563 3898
9520 4 2 1 1 2498 1753 2887 1617
9521 4 2 1 1 439 193 411 2404
9522 4 2 1 1 2526 2977 3578 3398
9523 4 2 1 1 2770 2586 3203 2052
9524 4 2 1 1 3263 3073 2634 2256
9525 4 2 1 1 645 122 121 3984
9526 4 2 1 1 2973 3560 3057 3738
9527 4 2 1 1 634 719 621 3178
9528 4 2 1 1 1541 173 1301 3944
9529 4 2 1 1 3241 559 3550 2744
9530 4 2 1 1 1301 3999 1304 3554
9531 4 2 1 1 1375 3310 2308 3811
9532 4 2 1 1 1858 2367 3451 3648
9533 4 2 1 1 1247 3999 172 3944
9534 4 2 1 1 2489 3183 3213 2114
9535 4 2 1 1 2151 3627 2691 3680
9536 4 2 1 1 3382 2925 2738 3324
9537 4 2 1 1 331 3940 3492 3988
9538 4 2 1 1 3704 1514 3416 1415
9539 4 2 1 1 1303 2768 3176 3902
9540 4 2 1 1 2309 3389 1724 3707
9541 4 2 1 1 361 3725 425 2682
9542 4 2 1 1 2439 2842 2083 3408
9543 4 2 1 1 2139 2406 3525 3892
9544 4 2 1 1 2385 3432 2727 3606
9545 4 2 1 1 1245 2702 2404 3147
9546 4 2 1 1 2031 2324 3237 2771
9547 4 2 1 1 3195 3725 425 257
9548 4 2 1 1 189 2775 4011 3271
9549 4 2 1 1 1839 2518 3317 2581
9550 4 2 1 1 2168 2313 2689 3206
9551 4 2 1 1 929 747 930 2982
9552 4 2 1 1 3790 2664 2725 3394
9553 4 2 1 1 1861 2945 2493 3580
9554 4 2 1 1 2261 1938 2703 3651
9555 4 2 1 1 2144 2887 2622 3818
9556 4 2 1 1 191 436 329 2513
9557 4 2 1 1 1924 3486 2633 3769
9558 4 2 1 1 1476 2975 1486 3679
9559 4 2 1 1 834 2922 2442 3652
9560 4 2 1 1 2022 2269 3809 3277
9561 4 2 1 1 2018 2235 2805 3530
9562 4 2 1 1 2072 2793 2839 3826
9563 4 2 1 1 280 294 279 2825
9564 4 2 1 1 1946 3155 2457 3773
9565 4 2 1 1 3595 1015 1161 3536
9566 4 2 1 1 2082 2576 3221 2070
9567 4 2 1 1 700 3955 2788 3306
9568 4 2 1 1 2024 2554 3619 3783
9569 4 2 1 1 3948 427 3979 52
9570 4 2 1 1 1034 2615 1234 3033
9571 4 2 1 1 1837 2576 3316 2070
9572 4 2 1 1 2150 2977 2646 3578
9573 4 2 1 1 1980 2773 2278 3429
9574 4 2 1 1 937 3385 2718 3745
9575 4 2 1 1 876 2387 906 3671
9576 4 2 1 1 1946 2735 2457 3822
9577 4 2 1 1 2471 3488 1868 3839
9578 4 2 1 1 3195 425 3725 2682
9579 4 2 1 1 1301 1541 3944 2731
9580 4 2 1 1 1426 1294 1534 3492
9581 4 2 1 1 1981 2851 2724 3298
9582 4 2 1 1 2207 3106 2596 3307
9583 4 2 1 1 2240 3182 2456 3322
9584 4 2 1 1 3675 3237 1764 1765
9585 4 2 1 1 2425 3499 2002 3871
9586 4 2 1 1 2116 2001 3134 2817
9587 4 2 1 1 3371 2785 2932 3777
9588 4 2 1 1 1744 2653 1743 3869
9589 4 2 1 1 2670 2835 2400 3085
9590 4 2 1 1 1851 2728 2766 3461
9591 4 2 1 1 1221 1187 1227 3833
9592 4 2 1 1 1972 2697 2276 3007
9593 4 2 1 1 2320 1957 2522 3417
9594 4 2 1 1 3239 3480 3028 1847
9595 4 2 1 1 2087 3118 2308 3364
9596 4 2 1 1 2121 3713 3024 2893
9597 4 2 1 1 2237 2785 3371 3777
9598 4 2 1 1 1849 2299 3143 3627
9599 4 2 1 1 2153 3357 2654 3885
9600 4 2 1 1 1623 2877 1707 1619
9601 4 2 1 1 2596 3106 1913 3307
9602 4 2 1 1 3823 3279 1892 3002
9603 4 2 1 1 1727 1677 1769 3166
9604 4 2 1 1 2066 2745 2494 3631
9605 4 2 1 1 2251 3502 2951 3872
9606 4 2 1 1 1334 1333 2432 3311
9607 4 2 1 1 143 6 4024 995
9608 4 2 1 1 1382 1383 2928 3467
9609 4 2 1 1 1145 2673 2531 3442
9610 4 2 1 1 2779 2425 3125 3715
9611 4 2 1 1 326 3454 3265 327
9612 4 2 1 1 2139 2724 2851 3298
9613 4 2 1 1 2575 2662 2355 3082
9614 4 2 1 1 2276 2826 1972 2922
9615 4 2 1 1 2742 1927 2396 3604
9616 4 2 1 1 2223 2612 2423 3190
9617 4 2 1 1 1301 2731 3944 3554
9618 4 2 1 1 925 3061 990 966
9619 4 2 1 1 1051 2895 1053 2939
9620 4 2 1 1 677 525 515 2568
9621 4 2 1 1 2387 2099 2843 3671
9622 4 2 1 1 2048 3646 3549 2659
9623 4 2 1 1 2004 2643 2565 3514
9624 4 2 1 1 2579 2828 2121 2893
9625 4 2 1 1 2621 2791 2809 2131
9626 4 2 1 1 2800 3199 2483 3746
9627 4 2 1 1 1859 2196 3223 3631
9628 4 2 1 1 1977 2979 2248 3178
9629 4 2 1 1 1623 2877 1619 2301
9630 4 2 1 1 1260 3914 1016 2306
9631 4 2 1 1 2966 21 20 749
9632 4 2 1 1 1968 3524 2909 3729
9633 4 2 1 1 1183 1257 1180 2423
9634 4 2 1 1 933 131 130 3176
9635 4 2 1 1 1426 1424 2649 3811
9636 4 2 1 1 2292 2998 2809 3754
9637 4 2 1 1 2143 2543 2819 3020
9638 4 2 1 1 2353 2857 1883 2859
9639 4 2 1 1 1875 2259 2770 3153
9640 4 2 1 1 2827 2252 2628 2447
9641 4 2 1 1 624 684 711 3212
9642 4 2 1 1 878 879 851 2505
9643 4 2 1 1 449 3979 2669 427
9644 4 2 1 1 2751 3043 2633 2061
9645 4 2 1 1 2828 2893 2579 3813
9646 4 2 1 1 272 283 284 3213
9647 4 2 1 1 1887 1988 2518 3887
9648 4 2 1 1 3675 3237 1765 2710
9649 4 2 1 1 300 2603 335 3583
9650 4 2 1 1 751 933 981 3176
9651 4 2 1 1 2139 3305 1892 2406
9652 4 2 1 1 356 2669 2555 3607
9653 4 2 1 1 1321 1322 2628 3776
9654 4 2 1 1 191 3982 3959 2513
9655 4 2 1 1 887 2966 21 3452
9656 4 2 1 1 2966 4014 20 197
9657 4 2 1 1 2312 2981 2351 3009
9658 4 2 1 1 1888 3665 2357 3730
9659 4 2 1 1 10 11 755 3943
9660 4 2 1 1 3163 3860 2213 3890
9661 4 2 1 1 3943 929 11 755
9662 4 2 1 1 371 455 190 2388
9663 4 2 1 1 1795 1735 1790 2669
9664 4 2 1 1 2701 3234 2814 2075
9665 4 2 1 1 2066 2713 2446 3483
9666 4 2 1 1 2768 755 10 976
9667 4 2 1 1 2671 3123 3329 2271
9668 4 2 1 1 2452 1950 3216 2935
9669 4 2 1 1 2773 1874 3787 2278
9670 4 2 1 1 2274 1968 2766 3895
9671 4 2 1 1 3384 1762 1784 3222
9672 4 2 1 1 2312 2008 3228 3650
9673 4 2 1 1 255 2890 256 2995
9674 4 2 1 1 2367 2929 1858 3098
9675 4 2 1 1 1961 2857 2283 3412
9676 4 2 1 1 1919 2208 2421 2163
9677 4 2 1 1 3943 4005 203 11
9678 4 2 1 1 3099 2819 2543 3841
9679 4 2 1 1 1423 1523 1408 2379
9680 4 2 1 1 2387 2843 2099 2766
9681 4 2 1 1 2221 2791 2316 3425
9682 4 2 1 1 1944 2806 2251 3872
9683 4 2 1 1 1760 2324 1704 3617
9684 4 2 1 1 794 3011 2282 3150
9685 4 2 1 1 2559 3274 1897 3749
9686 4 2 1 1 25 24 366 2538
9687 4 2 1 1 2125 2477 2867 2104
9688 4 2 1 1 755 3943 2489 2768
9689 4 2 1 1 827 2433 842 2764
9690 4 2 1 1 1977 2718 3385 3708
9691 4 2 1 1 1118 2376 1121 2978
9692 4 2 1 1 1720 2534 1799 2882
9693 4 2 1 1 2579 2893 2012 3813
9694 4 2 1 1 550 2352 583 3697
9695 4 2 1 1 1986 2436 3330 3625
9696 4 2 1 1 3237 1765 3564 1669
9697 4 2 1 1 486 484 630 2831
9698 4 2 1 1 2140 2920 2602 3629
9699 4 2 1 1 1971 2427 3222 3469
9700 4 2 1 1 1987 2484 2268 2755
9701 4 2 1 1 2069 2351 2981 3009
9702 4 2 1 1 607 2589 631 3258
9703 4 2 1 1 3124 2994 3400 2336
9704 4 2 1 1 2343 3126 1994 3898
9705 4 2 1 1 1311 1436 1363 3174
9706 4 2 1 1 2345 2610 1853 3883
9707 4 2 1 1 370 450 3147 3623
9708 4 2 1 1 1942 2999 2245 2047
9709 4 2 1 1 2777 2911 2606 3655
9710 4 2 1 1 2565 3276 1898 2808
9711 4 2 1 1 2416 2534 1954 3724
9712 4 2 1 1 1546 1433 1287 3856
9713 4 2 1 1 1612 2832 1622 2878
9714 4 2 1 1 1918 2445 2728 3882
9715 4 2 1 1 3831 1717 2500 1709
9716 4 2 1 1 3831 1717 1709 1711
9717 4 2 1 1 947 2764 842 3504
9718 4 2 1 1 1848 2287 2752 3203
9719 4 2 1 1 1997 3036 2478 3484
9720 4 2 1 1 317 315 433 3289
9721 4 2 1 1 541 2439 3161 3347
9722 4 2 1 1 2660 2058 2210 2398
9723 4 2 1 1 1570 1581 1582 2446
9724 4 2 1 1 3126 3469 2601 3563
9725 4 2 1 1 696 3732 663 697
9726 4 2 1 1 2484 2755 1987 3062
9727 4 2 1 1 2097 2813 2612 3878
9728 4 2 1 1 1970 3108 2582 3493
9729 4 2 1 1 2396 3140 2751 1847
9730 4 2 1 1 351 3582 382 430
9731 4 2 1 1 550 583 2352 3541
9732 4 2 1 1 335 300 274 2603
9733 4 2 1 1 3172 690 689 2685
9734 4 2 1 1 3595 2112 2629 3815
9735 4 2 1 1 1184 2612 1181 3587
9736 4 2 1 1 1839 2695 3496 2837
9737 4 2 1 1 1894 3354 2403 3437
9738 4 2 1 1 2508 1411 1362 1412
9739 4 2 1 1 1014 49 3942 1272
9740 4 2 1 1 2130 2687 2212 3043
9741 4 2 1 1 2166 2664 3394 3642
9742 4 2 1 1 774 2411 772 3357
9743 4 2 1 1 2600 3560 2973 3738
9744 4 2 1 1 49 50 3942 1272
9745 4 2 1 1 3527 1233 1127 1097
9746 4 2 1 1 2426 3219 1110 3854
9747 4 2 1 1 1936 2641 2942 3252
9748 4 2 1 1 1232 3219 2801 3616
9749 4 2 1 1 2044 3198 2512 3204
9750 4 2 1 1 1317 2975 2447 3836
9751 4 2 1 1 564 2428 687 3814
9752 4 2 1 1 3156 3281 2147 3404
9753 4 2 1 1 3310 3231 3811 2043
9754 4 2 1 1 2003 2642 2559 1897
9755 4 2 1 1 2387 2766 2274 2843
9756 4 2 1 1 1363 1483 3174 1436
9757 4 2 1 1 1946 2335 2621 3155
9758 4 2 1 1 854 865 831 2490
9759 4 2 1 1 3920 1574 1736 2555
9760 4 2 1 1 2109 2361 3137 3557
9761 4 2 1 1 596 4032 2956 464
9762 4 2 1 1 1768 2431 1606 3445
9763 4 2 1 1 3996 470 3341 4035
9764 4 2 1 1 1376 1374 1555 2783
9765 4 2 1 1 3273 3280 3054 2231
9766 4 2 1 1 2074 2992 3409 3686
9767 4 2 1 1 1912 2905 2345 3220
9768 4 2 1 1 1055 3102 2328 3888
9769 4 2 1 1 2494 2927 2196 3762
9770 4 2 1 1 2886 3608 534 3697
9771 4 2 1 1 319 311 3072 451
9772 4 2 1 1 2530 1997 2375 1901
9773 4 2 1 1 2308 3118 1375 3811
9774 4 2 1 1 830 3267 2368 3873
9775 4 2 1 1 3456 3420 2410 2721
9776 4 2 1 1 1868 3474 2898 2557
9777 4 2 1 1 2115 2996 2869 3296
9778 4 2 1 1 2373 3145 2182 3665
9779 4 2 1 1 1578 1825 1692 3649
9780 4 2 1 1 2285 2912 1922 3656
9781 4 2 1 1 1893 3116 1952 3683
9782 4 2 1 1 1272 4012 3080 1021
9783 4 2 1 1 144 4028 1 1816
9784 4 2 1 1 3527 1127 1233 2969
9785 4 2 1 1 1880 2232 2845 3281
9786 4 2 1 1 2809 2998 2292 2586
9787 4 2 1 1 772 927 784 3260
9788 4 2 1 1 989 750 882 3071
9789 4 2 1 1 1842 2374 3409 3686
9790 4 2 1 1 3714 3753 1904 2976
9791 4 2 1 1 2206 2472 2607 2934
9792 4 2 1 1 3241 559 2744 548
9793 4 2 1 1 378 437 192 3851
9794 4 2 1 1 2053 2623 2639 2776
9795 4 2 1 1 2343 2427 3126 3898
9796 4 2 1 1 459 431 328 2531
9797 4 2 1 1 2100 2921 2759 3845
9798 4 2 1 1 233 238 239 3167
9799 4 2 1 1 973 3668 1004 930
9800 4 2 1 1 1855 3054 2547 3104
9801 4 2 1 1 1014 1272 3942 3080
9802 4 2 1 1 2855 3346 1081 3868
9803 4 2 1 1 1432 2306 2596 3190
9804 4 2 1 1 2781 805 808 3374
9805 4 2 1 1 795 3127 787 3447
9806 4 2 1 1 2948 1992 2084 3507
9807 4 2 1 1 3100 2160 1952 2369
9808 4 2 1 1 1272 4012 1021 50
9809 4 2 1 1 2295 3409 1842 2375
9810 4 2 1 1 2090 3334 2670 3428
9811 4 2 1 1 943 3711 3138 954
9812 4 2 1 1 2720 2977 2789 3645
9813 4 2 1 1 879 971 851 2505
9814 4 2 1 1 943 3138 3711 2284
9815 4 2 1 1 1927 2415 1988 3611
9816 4 2 1 1 2419 2942 1936 3689
9817 4 2 1 1 3384 1784 1762 1734
9818 4 2 1 1 1476 3387 2975 3679
9819 4 2 1 1 2515 2894 2196 3695
9820 4 2 1 1 1604 3243 1596 2144
9821 4 2 1 1 3022 2695 2474 2317
9822 4 2 1 1 1656 1675 1676 2747
9823 4 2 1 1 221 220 222 2545
9824 4 2 1 1 373 2556 3213 3687
9825 4 2 1 1 2726 3138 3711 954
9826 4 2 1 1 3990 2615 639 3418
9827 4 2 1 1 1404 2419 2748 3689
9828 4 2 1 1 1338 2297 1337 3764
9829 4 2 1 1 859 861 860 3004
9830 4 2 1 1 2176 3698 3662 3766
9831 4 2 1 1 1907 3478 2606 3655
9832 4 2 1 1 1167 2838 1122 3441
9833 4 2 1 1 1342 2748 3465 3689
9834 4 2 1 1 2726 3711 3138 2284
9835 4 2 1 1 1928 3036 2443 3457
9836 4 2 1 1 2066 3223 2745 3631
9837 4 2 1 1 1996 2680 2313 3454
9838 4 2 1 1 744 988 912 2497
9839 4 2 1 1 2471 1868 3488 3712
9840 4 2 1 1 229 232 3163 362
9841 4 2 1 1 2344 2602 2246 3720
9842 4 2 1 1 782 779 923 2624
9843 4 2 1 1 1142 2319 1273 1177
9844 4 2 1 1 477 3919 3257 3985
9845 4 2 1 1 1746 3131 1689 3519
9846 4 2 1 1 3542 2057 2056 1860
9847 4 2 1 1 2927 2451 2196 3762
9848 4 2 1 1 1992 2525 2864 3710
9849 4 2 1 1 2649 324 202 3492
9850 4 2 1 1 2243 2491 3335 3634
9851 4 2 1 1 2588 3174 1483 3897
9852 4 2 1 1 903 2392 902 3249
9853 4 2 1 1 2551 3334 2237 3551
9854 4 2 1 1 888 2490 3257 890
9855 4 2 1 1 1207 2938 2377 3587
9856 4 2 1 1 269 268 270 3005
9857 4 2 1 1 2641 2132 1915 3533
9858 4 2 1 1 1051 2888 1052 2895
9859 4 2 1 1 2426 2801 1970 3493
9860 4 2 1 1 2649 323 313 3391
9861 4 2 1 1 3948 2669 206 3356
9862 4 2 1 1 2044 2385 2840 3204
9863 4 2 1 1 1050 1216 3288 3850
9864 4 2 1 1 2516 3449 3366 3621
9865 4 2 1 1 581 2422 600 3893
9866 4 2 1 1 1069 2386 3728 1220
9867 4 2 1 1 7 188 1270 4038
9868 4 2 1 1 2736 3083 2148 3611
9869 4 2 1 1 1053 1195 1223 3690
9870 4 2 1 1 1433 1409 1403 3700
9871 4 2 1 1 3823 3279 3002 1945
9872 4 2 1 1 2314 3043 1924 3486
9873 4 2 1 1 1854 2786 2924 2571
9874 4 2 1 1 2402 2219 3166 2747
9875 4 2 1 1 2132 2641 1915 3252
9876 4 2 1 1 1936 1915 2641 3252
9877 4 2 1 1 2017 2972 3089 3241
9878 4 2 1 1 2494 2309 2694 2831
9879 4 2 1 1 2860 2970 2281 2126
9880 4 2 1 1 2649 3231 2043 3811
9881 4 2 1 1 1109 1174 2495 2983
9882 4 2 1 1 2088 2509 2673 3364
9883 4 2 1 1 1037 2426 1110 3854
9884 4 2 1 1 2243 3560 2661 3601
9885 4 2 1 1 2838 1200 1242 3070
9886 4 2 1 1 3941 155 156 1571
9887 4 2 1 1 675 527 2744 3111
9888 4 2 1 1 3396 1922 2679 2412
9889 4 2 1 1 2180 1924 2391 3880
9890 4 2 1 1 2536 2539 1852 2033
9891 4 2 1 1 1936 2641 3465 3689
9892 4 2 1 1 2283 1935 2794 3412
9893 4 2 1 1 784 2193 968 928
9894 4 2 1 1 2051 2457 2777 3155
9895 4 2 1 1 1954 2416 3579 2332
9896 4 2 1 1 1913 2820 2459 3561
9897 4 2 1 1 876 3110 832 3460
9898 4 2 1 1 1918 2844 2445 3882
9899 4 2 1 1 2021 2568 2839 3392
9900 4 2 1 1 1603 1607 1750 2406
9901 4 2 1 1 2550 2171 2438 3489
9902 4 2 1 1 886 978 753 3306
9903 4 2 1 1 2320 3168 2522 3339
9904 4 2 1 1 3988 65 64 331
9905 4 2 1 1 2650 2787 2262 3726
9906 4 2 1 1 2438 2662 1917 3162
9907 4 2 1 1 1964 2906 2551 3371
9908 4 2 1 1 3093 563 544 542
9909 4 2 1 1 2169 3088 3010 3573
9910 4 2 1 1 3707 3511 3287 2194
9911 4 2 1 1 1439 3136 2520 3679
9912 4 2 1 1 1950 2248 2935 3187
9913 4 2 1 1 2338 3294 1979 3509
9914 4 2 1 1 2427 3222 1782 3898
9915 4 2 1 1 2000 3267 2966 3582
9916 4 2 1 1 1721 2851 1597 3243
9917 4 2 1 1 1924 3043 2633 3486
9918 4 2 1 1 529 520 530 3651
9919 4 2 1 1 573 2331 3602 572
9920 4 2 1 1 2713 3117 3033 3866
9921 4 2 1 1 3453 3772 2128 2859
9922 4 2 1 1 1615 2259 3030 3617
9923 4 2 1 1 3595 2112 3815 2535
9924 4 2 1 1 3941 1700 155 1571
9925 4 2 1 1 3817 3361 3092 2321
9926 4 2 1 1 3739 4020 3851 443
9927 4 2 1 1 2692 2096 2911 3081
9928 4 2 1 1 2391 2677 1924 3769
9929 4 2 1 1 2243 1844 2900 3601
9930 4 2 1 1 1253 1023 1204 2509
9931 4 2 1 1 262 3653 3227 2460
9932 4 2 1 1 1229 2437 3099 3530
9933 4 2 1 1 2290 3069 1741 3617
9934 4 2 1 1 2011 2584 2898 3821
9935 4 2 1 1 2536 2539 2033 3596
9936 4 2 1 1 520 2261 3031 2325
9937 4 2 1 1 3887 3022 3254 2027
9938 4 2 1 1 314 2531 450 3391
9939 4 2 1 1 1464 3341 1522 3897
9940 4 2 1 1 2573 1836 2960 3576
9941 4 2 1 1 1968 2274 2766 2843
9942 4 2 1 1 1624 1632 2798 3581
9943 4 2 1 1 1834 2241 2807 3386
9944 4 2 1 1 1071 2636 1070 3285
9945 4 2 1 1 2401 2780 2064 3679
9946 4 2 1 1 1926 2545 3091 3806
9947 4 2 1 1 1624 1632 1614 2798
9948 4 2 1 1 1607 1614 1771 2798
9949 4 2 1 1 2115 2869 2347 3296
9950 4 2 1 1 1835 2242 2808 3378
9951 4 2 1 1 1964 2551 2835 3371
9952 4 2 1 1 2075 2701 2965 3075
9953 4 2 1 1 460 3935 428 207
9954 4 2 1 1 912 909 910 2497
9955 4 2 1 1 2525 3381 2108 3409
9956 4 2 1 1 156 3649 750 3941
9957 4 2 1 1 2561 2718 2424 3708
9958 4 2 1 1 2128 2858 2258 3453
9959 4 2 1 1 3941 2617 1571 3649
9960 4 2 1 1 1163 2731 3196 3554
9961 4 2 1 1 365 444 2711 3356
9962 4 2 1 1 1808 1780 1562 2394
9963 4 2 1 1 354 444 356 3607
9964 4 2 1 1 1184 1260 2306 3587
9965 4 2 1 1 1571 2617 3941 3737
9966 4 2 1 1 1227 1070 1083 2636
9967 4 2 1 1 2673 2861 2226 3364
9968 4 2 1 1 1629 1630 1622 2832
9969 4 2 1 1 1965 2386 3262 3503
9970 4 2 1 1 2361 2642 2034 3855
9971 4 2 1 1 2108 2374 3409 2375
9972 4 2 1 1 1338 3129 2297 3764
9973 4 2 1 1 2372 1105 1104 1087
9974 4 2 1 1 2678 3352 1916 3717
9975 4 2 1 1 745 762 761 2931
9976 4 2 1 1 536 631 606 2589
9977 4 2 1 1 1878 3423 2867 3877
9978 4 2 1 1 1768 2708 2431 3445
9979 4 2 1 1 1709 2877 2500 3831
9980 4 2 1 1 423 3296 3131 3519
9981 4 2 1 1 2076 2350 2618 3348
9982 4 2 1 1 1180 2423 1257 3539
9983 4 2 1 1 329 442 3967 2750
9984 4 2 1 1 3941 4019 989 155
9985 4 2 1 1 3530 1189 3189 1112
9986 4 2 1 1 2591 2981 2069 3680
9987 4 2 1 1 1258 2978 1120 3384
9988 4 2 1 1 1648 1636 1650 2635
9989 4 2 1 1 2616 2818 2123 3613
9990 4 2 1 1 1286 3988 1534 64
9991 4 2 1 1 1631 1629 1621 2832
9992 4 2 1 1 2038 2971 2454 2590
9993 4 2 1 1 935 820 808 2413
9994 4 2 1 1 1972 3007 2595 3252
9995 4 2 1 1 2266 2879 2293 3690
9996 4 2 1 1 2128 3772 3453 2258
9997 4 2 1 1 2268 2755 2049 3270
9998 4 2 1 1 2404 2702 2103 3147
9999 4 2 1 1 1991 2529 2862 3738
10000 4 2 1 1 1142 2319 1177 3620
10001 4 2 1 1 1659 2427 1782 3898
10002 4 2 1 1 2084 1992 2295 3507
10003 4 2 1 1 2038 2781 2282 3284
10004 4 2 1 1 568 2842 685 2288
10005 4 2 1 1 2534 1718 2775 3724
10006 4 2 1 1 2399 3326 1911 3804
10007 4 2 1 1 1922 2426 3100 3493
10008 4 2 1 1 1537 1415 1412 2508
10009 4 2 1 1 1935 2283 2794 2899
10010 4 2 1 1 3701 1313 3174 2466
10011 4 2 1 1 3204 3605 3036 2375
10012 4 2 1 1 3596 2829 3263 1925
10013 4 2 1 1 2458 3192 2246 1985
10014 4 2 1 1 2408 3152 2183 3569
10015 4 2 1 1 2315 2095 3498 3798
10016 4 2 1 1 1869 2129 2560 2782
10017 4 2 1 1 2310 2789 1995 2977
10018 4 2 1 1 3940 65 66 1294
10019 4 2 1 1 1427 2333 1498 3310
10020 4 2 1 1 2154 3338 2374 3686
10021 4 2 1 1 1493 2223 1393 2856
10022 4 2 1 1 588 2731 3343 3602
10023 4 2 1 1 786 915 798 2667
10024 4 2 1 1 3014 3414 3311 3776
10025 4 2 1 1 2528 2688 3291 2186
10026 4 2 1 1 1858 3291 2528 3613
10027 4 2 1 1 1792 2475 3548 2897
10028 4 2 1 1 3530 1189 1112 1229
10029 4 2 1 1 2072 2839 2793 3426
10030 4 2 1 1 2335 2803 2621 3410
10031 4 2 1 1 4009 1268 1248 2802
10032 4 2 1 1 3776 3665 3014 3828
10033 4 2 1 1 2108 2374 2375 3605
10034 4 2 1 1 2563 1923 3531 3879
10035 4 2 1 1 3871 2779 2425 3125
10036 4 2 1 1 3083 3611 2736 3666
10037 4 2 1 1 1535 3940 66 1294
10038 4 2 1 1 2103 3623 2531 3685
10039 4 2 1 1 3273 3280 2231 3383
10040 4 2 1 1 2011 2871 3742 3821
10041 4 2 1 1 1766 2710 1765 3564
10042 4 2 1 1 2254 2670 2714 2937
10043 4 2 1 1 1678 2946 1727 2790
10044 4 2 1 1 3327 2325 2291 3429
10045 4 2 1 1 3859 2896 3777 2237
10046 4 2 1 1 1600 1604 1605 2461
10047 4 2 1 1 65 3940 1534 1294
10048 4 2 1 1 304 305 412 2616
10049 4 2 1 1 880 2966 871 3267
10050 4 2 1 1 2037 2696 2510 2057
10051 4 2 1 1 2066 3363 2620 3483
10052 4 2 1 1 1390 1448 1533 2397
10053 4 2 1 1 2442 3420 2114 3668
10054 4 2 1 1 2315 1701 2794 3798
10055 4 2 1 1 1184 1260 1016 2306
10056 4 2 1 1 444 2711 3356 3607
10057 4 2 1 1 2301 2877 1945 2907
10058 4 2 1 1 2838 1122 2376 3838
10059 4 2 1 1 2144 3243 2267 3670
10060 4 2 1 1 275 400 2937 3227
10061 4 2 1 1 2550 2019 2739 3870
10062 4 2 1 1 1984 2604 2745 2196
10063 4 2 1 1 2230 3263 3626 3719
10064 4 2 1 1 1928 2382 2749 3501
10065 4 2 1 1 971 851 2505 3194
10066 4 2 1 1 262 3653 2460 252
10067 4 2 1 1 1535 3940 1294 3431
10068 4 2 1 1 2851 3069 1599 3525
10069 4 2 1 1 1849 3143 2959 3627
10070 4 2 1 1 1582 2884 2446 3363
10071 4 2 1 1 476 3922 2706 3343
10072 4 2 1 1 3099 2819 3841 2018
10073 4 2 1 1 2249 2500 3542 3831
10074 4 2 1 1 2007 2432 2901 3730
10075 4 2 1 1 330 453 322 2486
10076 4 2 1 1 2505 1914 3275 2101
10077 4 2 1 1 1782 1706 3222 3734
10078 4 2 1 1 1140 1153 3121 3647
10079 4 2 1 1 3358 3619 2024 2554
10080 4 2 1 1 2054 2764 3104 3434
10081 4 2 1 1 860 3004 2562 3858
10082 4 2 1 1 2401 2954 2064 3097
10083 4 2 1 1 1002 1003 2918 901
10084 4 2 1 1 2594 2891 3106 2098
10085 4 2 1 1 1265 3196 2484 3554
10086 4 2 1 1 1847 3240 2396 3480
10087 4 2 1 1 1884 3114 2241 3449
10088 4 2 1 1 2502 2237 3334 3551
10089 4 2 1 1 2025 3471 2523 3849
10090 4 2 1 1 1775 1754 1632 3581
10091 4 2 1 1 2800 3222 1706 3734
10092 4 2 1 1 744 133 2826 3856
10093 4 2 1 1 1902 3143 2477 2104
10094 4 2 1 1 670 2703 3026 3651
10095 4 2 1 1 889 3218 2391 2180
10096 4 2 1 1 2208 3067 2548 3721
10097 4 2 1 1 132 131 751 4037
10098 4 2 1 1 2076 2930 2350 3368
10099 4 2 1 1 3242 3248 2211 3713
10100 4 2 1 1 2521 2672 2011 3696
10101 4 2 1 1 346 2769 2457 3214
10102 4 2 1 1 901 4016 1003 2918
10103 4 2 1 1 515 2568 525 3161
10104 4 2 1 1 2996 2142 2303 2869
10105 4 2 1 1 540 545 539 3026
10106 4 2 1 1 1533 2486 1449 3122
10107 4 2 1 1 1034 1017 2615 2997
10108 4 2 1 1 1287 1405 1434 3369
10109 4 2 1 1 577 576 556 3632
10110 4 2 1 1 2907 3577 1945 3823
10111 4 2 1 1 3602 3674 3747 2706
10112 4 2 1 1 1986 2946 2693 3330
10113 4 2 1 1 2364 2068 2639 3787
10114 4 2 1 1 1996 3235 2468 1915
10115 4 2 1 1 2081 3048 2969 2288
10116 4 2 1 1 2266 2895 2386 3262
10117 4 2 1 1 1981 2279 2774 2941
10118 4 2 1 1 3273 3280 3383 1889
10119 4 2 1 1 3839 3301 2023 2471
10120 4 2 1 1 1488 1371 1500 2357
10121 4 2 1 1 1834 2478 2473 3643
10122 4 2 1 1 1040 1039 2679 3396
10123 4 2 1 1 1843 2296 3049 3796
10124 4 2 1 1 1681 2984 1680 2985
10125 4 2 1 1 1975 2688 2507 3291
10126 4 2 1 1 3037 2557 2120 3584
10127 4 2 1 1 219 2545 221 3195
10128 4 2 1 1 663 2741 3376 3732
10129 4 2 1 1 1586 1585 2884 3051
10130 4 2 1 1 2292 3203 2998 3754
10131 4 2 1 1 1914 2101 3784 3842
10132 4 2 1 1 1940 3352 3165 3568
10133 4 2 1 1 3273 3280 1889 3054
10134 4 2 1 1 1904 2346 2976 2567
10135 4 2 1 1 298 3391 2359 3832
10136 4 2 1 1 2491 2134 1942 3078
10137 4 2 1 1 1972 2942 2697 3252
10138 4 2 1 1 3940 2649 1294 3431
10139 4 2 1 1 533 532 3482 3825
10140 4 2 1 1 1932 2850 2552 2925
10141 4 2 1 1 1741 1599 3069 3525
10142 4 2 1 1 1582 2446 1581 3363
10143 4 2 1 1 3695 3058 1920 2894
10144 4 2 1 1 1231 2716 2430 3650
10145 4 2 1 1 2177 3177 2683 2273
10146 4 2 1 1 1916 2945 2678 3244
10147 4 2 1 1 578 2793 682 3494
10148 4 2 1 1 889 2391 743 3880
10149 4 2 1 1 2120 2898 2584 2908
10150 4 2 1 1 3455 1005 3668 2489
10151 4 2 1 1 414 301 2390 3879
10152 4 2 1 1 893 843 894 3545
10153 4 2 1 1 2170 3041 2859 3446
10154 4 2 1 1 2823 1626 1590 1748
10155 4 2 1 1 1703 1645 1701 2315
10156 4 2 1 1 2156 3420 2721 3881
10157 4 2 1 1 794 804 805 3374
10158 4 2 1 1 1342 1499 2748 3689
10159 4 2 1 1 802 768 928 2561
10160 4 2 1 1 3235 3265 3661 2342
10161 4 2 1 1 1367 2942 3533 3624
10162 4 2 1 1 3028 3074 1967 3555
10163 4 2 1 1 3045 3480 2233 3797
10164 4 2 1 1 1612 2878 1605 3857
10165 4 2 1 1 1294 2649 3940 3492
10166 4 2 1 1 805 2781 941 3284
10167 4 2 1 1 3446 3146 2960 2170
10168 4 2 1 1 2945 2485 3468 3750
10169 4 2 1 1 1949 2926 3046 3656
10170 4 2 1 1 2767 2809 1989 2998
10171 4 2 1 1 1861 2268 3755 3270
10172 4 2 1 1 1930 2784 2408 3610
10173 4 2 1 1 527 548 675 2744
10174 4 2 1 1 1186 3219 1230 3359
10175 4 2 1 1 3125 3172 2277 3566
10176 4 2 1 1 2347 2115 3296 3519
10177 4 2 1 1 1534 1294 3940 3492
10178 4 2 1 1 3100 2160 2369 1922
10179 4 2 1 1 2016 2371 3594 3722
10180 4 2 1 1 2499 1865 3015 3626
10181 4 2 1 1 1758 2962 2475 3780
10182 4 2 1 1 2354 3119 3077 3422
10183 4 2 1 1 2138 3077 3119 3422
10184 4 2 1 1 2114 3213 2556 2721
10185 4 2 1 1 2269 3315 2307 3678
10186 4 2 1 1 1820 2984 1576 3705
10187 4 2 1 1 3938 925 2379 3008
10188 4 2 1 1 1881 2576 2506 3472
10189 4 2 1 1 2202 2756 2057 2487
10190 4 2 1 1 3485 3597 3080 2319
10191 4 2 1 1 1867 3024 3544 2334
10192 4 2 1 1 1095 1090 2881 3527
10193 4 2 1 1 199 3913 3980 58
10194 4 2 1 1 2584 2908 2898 3821
10195 4 2 1 1 2699 2722 734 3430
10196 4 2 1 1 1239 2969 2288 3595
10197 4 2 1 1 1262 2484 1238 3448
10198 4 2 1 1 2142 3694 2985 3714
10199 4 2 1 1 1905 2350 3035 3368
10200 4 2 1 1 1850 3085 2569 3444
10201 4 2 1 1 1165 1012 2483 1258
10202 4 2 1 1 2012 2964 2579 3813
10203 4 2 1 1 1947 2688 2507 3597
10204 4 2 1 1 2074 2381 2965 3664
10205 4 2 1 1 1961 3202 2857 3412
10206 4 2 1 1 2525 2700 2080 3304
10207 4 2 1 1 2167 3002 2473 3643
10208 4 2 1 1 138 1422 3801 1547
10209 4 2 1 1 1186 1230 1214 3359
10210 4 2 1 1 968 784 969 2684
10211 4 2 1 1 3147 193 3981 43
10212 4 2 1 1 891 2699 754 3438
10213 4 2 1 1 2385 2727 1978 3606
10214 4 2 1 1 2456 3179 2129 2278
10215 4 2 1 1 2235 2924 2978 3746
10216 4 2 1 1 2131 3005 3410 3793
10217 4 2 1 1 1556 2697 3369 2942
10218 4 2 1 1 384 235 403 3865
10219 4 2 1 1 2827 2252 2447 3771
10220 4 2 1 1 3000 3043 3486 2751
10221 4 2 1 1 1857 2650 2608 3349
10222 4 2 1 1 671 574 2703 670
10223 4 2 1 1 1981 2941 2724 3670
10224 4 2 1 1 3317 2687 2806 3043
10225 4 2 1 1 1547 138 139 3801
10226 4 2 1 1 3172 3050 3566 2428
10227 4 2 1 1 2455 4016 2918 192
10228 4 2 1 1 1966 2259 3030 2462
10229 4 2 1 1 2020 3517 2280 3865
10230 4 2 1 1 126 127 3991 730
10231 4 2 1 1 2291 3327 2138 3422
10232 4 2 1 1 1809 1751 2882 2416
10233 4 2 1 1 1145 2531 2673 3862
10234 4 2 1 1 1843 2658 2415 3049
10235 4 2 1 1 2150 2849 3474 2526
10236 4 2 1 1 1921 2403 2786 3345
10237 4 2 1 1 2794 2899 1726 3170
10238 4 2 1 1 2810 2891 2098 3106
10239 4 2 1 1 1885 3308 2232 3404
10240 4 2 1 1 1989 2809 2767 3360
10241 4 2 1 1 278 265 388 2393
10242 4 2 1 1 2438 2171 2098 3489
10243 4 2 1 1 596 3928 727 604
10244 4 2 1 1 979 4030 3801 138
10245 4 2 1 1 1980 2278 3253 3429
10246 4 2 1 1 2957 3326 1950 2469
10247 4 2 1 1 2374 3198 2236 1879
10248 4 2 1 1 1835 2808 2257 3378
10249 4 2 1 1 2680 1470 3980 3122
10250 4 2 1 1 936 741 980 3799
10251 4 2 1 1 2643 2974 2244 3549
10252 4 2 1 1 3205 3348 2437 3733
10253 4 2 1 1 2566 3698 1360 3817
10254 4 2 1 1 2504 3480 2396 3804
10255 4 2 1 1 2793 2839 2021 3426
10256 4 2 1 1 3265 2397 1996 3122
10257 4 2 1 1 3551 3371 1915 2237
10258 4 2 1 1 399 237 3163 3890
10259 4 2 1 1 1224 1095 1088 2593
10260 4 2 1 1 2426 1970 2801 3219
10261 4 2 1 1 252 3226 243 3653
10262 4 2 1 1 2031 2402 2747 3753
10263 4 2 1 1 825 3477 2251 3699
10264 4 2 1 1 974 2410 2792 3556
10265 4 2 1 1 1228 1064 1073 2351
10266 4 2 1 1 1557 3092 1373 3361
10267 4 2 1 1 2138 3077 2725 3610
10268 4 2 1 1 2033 2690 2622 3818
10269 4 2 1 1 3939 56 57 1470
10270 4 2 1 1 3980 1470 3939 57
10271 4 2 1 1 1875 2363 2119 2279
10272 4 2 1 1 912 3013 2497 3688
10273 4 2 1 1 2695 3024 2071 3500
10274 4 2 1 1 1733 1785 1558 2483
10275 4 2 1 1 1833 3010 3088 3573
10276 4 2 1 1 512 2354 508 3422
10277 4 2 1 1 3277 3462 2182 3251
10278 4 2 1 1 2663 2363 3673 2119
10279 4 2 1 1 2199 3173 1941 3756
10280 4 2 1 1 2301 3105 2009 3279
10281 4 2 1 1 2587 3293 1893 3526
10282 4 2 1 1 2001 2508 2817 3704
10283 4 2 1 1 2265 1670 2475 3638
10284 4 2 1 1 1600 1605 1722 2461
10285 4 2 1 1 376 443 3739 3851
10286 4 2 1 1 3939 1298 56 1470
10287 4 2 1 1 2671 3329 3123 1958
10288 4 2 1 1 2853 3594 2371 3722
10289 4 2 1 1 207 3939 4007 56
10290 4 2 1 1 3939 1470 2680 3072
10291 4 2 1 1 3828 1876 2906 2264
10292 4 2 1 1 2663 2070 2318 3673
10293 4 2 1 1 3897 1940 3174 2520
10294 4 2 1 1 2184 2940 3137 3557
10295 4 2 1 1 3220 3012 1912 3408
10296 4 2 1 1 2324 2771 1961 2878
10297 4 2 1 1 1834 2807 2260 3386
10298 4 2 1 1 421 445 347 2337
10299 4 2 1 1 4019 155 154 989
10300 4 2 1 1 1379 2596 1504 3528
10301 4 2 1 1 340 348 2735 3255
10302 4 2 1 1 1920 3499 2425 3871
10303 4 2 1 1 2149 3045 3480 3804
10304 4 2 1 1 2217 2983 2757 3613
10305 4 2 1 1 1889 2247 3383 3443
10306 4 2 1 1 2632 101 1210 1024
10307 4 2 1 1 2 9 3976 447
10308 4 2 1 1 512 655 508 2354
10309 4 2 1 1 2249 3542 2962 3831
10310 4 2 1 1 1561 4011 1747 31
10311 4 2 1 1 2776 3785 3028 2053
10312 4 2 1 1 3048 101 2632 1024
10313 4 2 1 1 1110 1215 1232 2801
10314 4 2 1 1 3830 2835 2785 2092
10315 4 2 1 1 2003 3078 2448 3437
10316 4 2 1 1 2459 2754 2117 3843
10317 4 2 1 1 1935 2794 2315 3170
10318 4 2 1 1 258 3410 3005 3793
10319 4 2 1 1 2613 868 2914 3395
10320 4 2 1 1 2268 3196 2484 3448
10321 4 2 1 1 2006 2321 3092 3361
10322 4 2 1 1 1725 2620 1796 2831
10323 4 2 1 1 2632 3196 2049 3270
10324 4 2 1 1 671 709 2365 3550
10325 4 2 1 1 2063 2743 2613 2914
10326 4 2 1 1 1920 3160 2583 3566
10327 4 2 1 1 1469 2932 2785 3777
10328 4 2 1 1 2964 3535 2700 3692
10329 4 2 1 1 2155 2741 2634 3884
10330 4 2 1 1 2815 3301 2023 2175
10331 4 2 1 1 1805 1684 2685 3063
10332 4 2 1 1 3048 101 1024 102
10333 4 2 1 1 374 3264 376 3739
10334 4 2 1 1 2243 2870 2661 3560
10335 4 2 1 1 1105 1149 3272 3400
10336 4 2 1 1 2331 572 2830 3674
10337 4 2 1 1 898 3974 745 79
10338 4 2 1 1 1189 1229 2437 3532
10339 4 2 1 1 1990 3407 2719 3614
10340 4 2 1 1 2267 3243 2851 3670
10341 4 2 1 1 2144 2267 3096 3670
10342 4 2 1 1 2213 3360 3005 3410
10343 4 2 1 1 2638 2753 2097 3644
10344 4 2 1 1 2315 2230 3112 3574
10345 4 2 1 1 1834 3386 2607 3449
10346 4 2 1 1 1506 1342 1499 2748
10347 4 2 1 1 801 792 956 2356
10348 4 2 1 1 191 3982 2513 329
10349 4 2 1 1 2097 3561 2612 2813
10350 4 2 1 1 2687 3055 2518 3505
10351 4 2 1 1 350 385 2769 3592
10352 4 2 1 1 1939 2740 2297 3027
10353 4 2 1 1 1204 3986 2509 1023
10354 4 2 1 1 219 2545 3195 3725
10355 4 2 1 1 1843 3283 2247 3837
10356 4 2 1 1 741 153 154 3964
10357 4 2 1 1 487 2694 2494 3816
10358 4 2 1 1 2970 3200 1878 3262
10359 4 2 1 1 2365 2703 2017 3006
10360 4 2 1 1 1980 3021 3327 3429
10361 4 2 1 1 904 14 4020 4017
10362 4 2 1 1 1385 3698 2320 3817
10363 4 2 1 1 2108 2730 3303 3484
10364 4 2 1 1 1163 3196 1265 3554
10365 4 2 1 1 603 3536 3983 105
10366 4 2 1 1 2272 905 3207 3873
10367 4 2 1 1 1971 2978 2483 3384
10368 4 2 1 1 1848 2443 2767 3808
10369 4 2 1 1 2427 3469 3126 3563
10370 4 2 1 1 1423 140 141 3938
10371 4 2 1 1 3334 2835 2237 2670
10372 4 2 1 1 2365 2989 3320 3893
10373 4 2 1 1 2824 3232 2967 2020
10374 4 2 1 1 1921 2786 2601 3345
10375 4 2 1 1 2649 2088 2359 3231
10376 4 2 1 1 797 2712 796 3171
10377 4 2 1 1 1971 2978 2924 3746
10378 4 2 1 1 1849 2395 3186 3680
10379 4 2 1 1 2419 3252 2844 3846
10380 4 2 1 1 2122 2902 2500 3542
10381 4 2 1 1 2041 2495 2757 3340
10382 4 2 1 1 2234 2977 2789 2310
10383 4 2 1 1 1908 2934 2688 2186
10384 4 2 1 1 2265 2625 2475 3529
10385 4 2 1 1 2021 2839 2793 3826
10386 4 2 1 1 259 3793 2803 258
10387 4 2 1 1 2859 3041 2170 3772
10388 4 2 1 1 2066 2446 3363 3483
10389 4 2 1 1 2132 2942 2641 3252
10390 4 2 1 1 1445 1536 1449 2486
10391 4 2 1 1 2870 3560 2600 3760
10392 4 2 1 1 2081 2331 3270 3419
10393 4 2 1 1 800 793 792 2843
10394 4 2 1 1 4012 365 2711 3356
10395 4 2 1 1 2597 1942 2865 2973
10396 4 2 1 1 1840 3078 2448 3820
10397 4 2 1 1 663 3884 3376 2741
10398 4 2 1 1 3533 1479 1366 2397
10399 4 2 1 1 1848 3225 2443 3808
10400 4 2 1 1 2023 2576 2506 3087
10401 4 2 1 1 3830 1399 3859 2400
10402 4 2 1 1 3310 3231 2043 3233
10403 4 2 1 1 2241 2930 2807 3749
10404 4 2 1 1 2127 3168 2320 3339
10405 4 2 1 1 310 334 276 3082
10406 4 2 1 1 2602 2939 1048 3850
10407 4 2 1 1 3196 3270 2632 3370
10408 4 2 1 1 2735 346 339 2457
10409 4 2 1 1 2807 2930 2034 3749
10410 4 2 1 1 141 1423 3938 1297
10411 4 2 1 1 1549 1455 1457 3299
10412 4 2 1 1 3905 95 94 664
10413 4 2 1 1 1954 3579 2578 2332
10414 4 2 1 1 3124 2994 2336 3250
10415 4 2 1 1 2415 2658 2204 3049
10416 4 2 1 1 2058 3234 2814 3508
10417 4 2 1 1 2191 2896 3371 3777
10418 4 2 1 1 2735 339 346 383
10419 4 2 1 1 2508 2006 3092 3361
10420 4 2 1 1 1931 2403 2553 3354
10421 4 2 1 1 2292 1966 3845 2462
10422 4 2 1 1 2008 2312 3228 1941
10423 4 2 1 1 2146 2628 3145 3828
10424 4 2 1 1 3104 3625 3515 3827
10425 4 2 1 1 2158 2583 3044 3812
10426 4 2 1 1 63 64 196 3961
10427 4 2 1 1 2037 2510 2696 3290
10428 4 2 1 1 544 542 543 3093
10429 4 2 1 1 306 2342 2714 287
10430 4 2 1 1 2378 2013 2866 3641
10431 4 2 1 1 3938 4023 748 3008
10432 4 2 1 1 2177 3055 2683 3177
10433 4 2 1 1 1851 3168 2522 3177
10434 4 2 1 1 1549 1457 1296 3176
10435 4 2 1 1 734 4010 2699 485
10436 4 2 1 1 2194 3287 2605 3427
10437 4 2 1 1 2238 2028 2334 3242
10438 4 2 1 1 3959 3289 315 2513
10439 4 2 1 1 706 3985 2722 654
10440 4 2 1 1 3830 2835 2092 2400
10441 4 2 1 1 2725 3610 3077 3658
10442 4 2 1 1 2276 3176 2040 3299
10443 4 2 1 1 2598 2723 1899 2999
10444 4 2 1 1 529 2440 3615 3651
10445 4 2 1 1 2323 1957 2821 3891
10446 4 2 1 1 3938 4023 140 748
10447 4 2 1 1 1872 3453 2558 3547
10448 4 2 1 1 2506 2606 1956 3758
10449 4 2 1 1 2191 3052 2641 3465
10450 4 2 1 1 2276 2040 3176 3455
10451 4 2 1 1 1970 3219 2339 3359
10452 4 2 1 1 1974 2352 2833 3128
10453 4 2 1 1 2671 3508 2179 3517
10454 4 2 1 1 2112 3108 2905 3765
10455 4 2 1 1 1959 2796 2351 3133
10456 4 2 1 1 1942 2973 2597 3646
10457 4 2 1 1 835 3652 3420 821
10458 4 2 1 1 1643 1669 3237 3564
10459 4 2 1 1 1832 2704 2529 3738
10460 4 2 1 1 2415 3283 1843 3593
10461 4 2 1 1 1692 2617 1682 3628
10462 4 2 1 1 2931 3385 1977 3571
10463 4 2 1 1 886 2788 3306 3559
10464 4 2 1 1 1253 3907 3853 1205
10465 4 2 1 1 2823 2383 1787 3295
10466 4 2 1 1 1681 1695 3603 3694
10467 4 2 1 1 1092 1207 2377 3587
10468 4 2 1 1 1152 1021 1272 3080
10469 4 2 1 1 2052 3312 2998 3436
10470 4 2 1 1 1423 3938 2379 3008
10471 4 2 1 1 3528 2936 3464 2306
10472 4 2 1 1 767 765 838 2424
10473 4 2 1 1 2568 2021 2839 3426
10474 4 2 1 1 956 3083 2356 3518
10475 4 2 1 1 2381 2739 2022 3315
10476 4 2 1 1 1164 3983 1188 1010
10477 4 2 1 1 2103 2825 2404 3147
10478 4 2 1 1 374 376 3264 375
10479 4 2 1 1 3959 1173 1275 1274
10480 4 2 1 1 2435 3299 1400 3624
10481 4 2 1 1 1202 1145 2531 1277
10482 4 2 1 1 1412 2508 1415 3704
10483 4 2 1 1 3530 1189 1229 2437
10484 4 2 1 1 2227 2481 3765 2910
10485 4 2 1 1 386 3091 407 3193
10486 4 2 1 1 3528 3464 2936 2087
10487 4 2 1 1 1034 1017 1033 2615
10488 4 2 1 1 2038 2282 2781 3840
10489 4 2 1 1 1183 1011 1257 2423
10490 4 2 1 1 2038 3284 2282 3286
10491 4 2 1 1 3938 1297 1423 2379
10492 4 2 1 1 2529 2666 2012 3692
10493 4 2 1 1 1369 1380 1370 2761
10494 4 2 1 1 1091 1130 1089 3228
10495 4 2 1 1 2601 2786 2159 3345
10496 4 2 1 1 911 136 135 4003
10497 4 2 1 1 3846 2127 2812 1963
10498 4 2 1 1 1924 2677 2304 2314
10499 4 2 1 1 661 2741 3825 3884
10500 4 2 1 1 2927 3762 2494 3816
10501 4 2 1 1 2284 2061 2726 3711
10502 4 2 1 1 3846 2812 2127 3339
10503 4 2 1 1 1912 2345 2905 3463
10504 4 2 1 1 1900 2958 3142 3506
10505 4 2 1 1 1701 2315 1645 3798
10506 4 2 1 1 307 2486 322 3245
10507 4 2 1 1 3162 3598 2058 3657
10508 4 2 1 1 1919 2395 3186 3781
10509 4 2 1 1 2411 2684 2141 3792
10510 4 2 1 1 3009 1089 1206 2312
10511 4 2 1 1 4003 739 2294 911
10512 4 2 1 1 2597 2811 1897 3236
10513 4 2 1 1 3009 1206 1089 1079
10514 4 2 1 1 2489 2114 2442 3183
10515 4 2 1 1 1971 3222 2343 3384
10516 4 2 1 1 937 824 764 3385
10517 4 2 1 1 645 3934 3984 121
10518 4 2 1 1 1427 3157 2333 3310
10519 4 2 1 1 4013 2768 760 3176
10520 4 2 1 1 2363 3135 2892 3202
10521 4 2 1 1 1754 1719 2759 3056
10522 4 2 1 1 2297 3027 2740 2357
10523 4 2 1 1 2027 3022 3254 3544
10524 4 2 1 1 930 1004 873 3668
10525 4 2 1 1 1847 2504 3239 3480
10526 4 2 1 1 3204 3036 3605 1890
10527 4 2 1 1 2188 2082 3221 2070
10528 4 2 1 1 2136 2440 3555 3615
10529 4 2 1 1 2138 2291 3119 3875
10530 4 2 1 1 2570 3250 3124 3740
10531 4 2 1 1 2989 3134 2116 3473
10532 4 2 1 1 2413 3013 2274 3374
10533 4 2 1 1 416 336 337 2737
10534 4 2 1 1 1464 2407 1288 3341
10535 4 2 1 1 3937 137 136 1284
10536 4 2 1 1 1495 3662 2821 3698
10537 4 2 1 1 3897 1940 2520 2833
10538 4 2 1 1 1813 4008 1575 1732
10539 4 2 1 1 262 3653 252 260
10540 4 2 1 1 1963 2844 3013 3882
10541 4 2 1 1 2575 3113 2091 3609
10542 4 2 1 1 2155 3407 3073 3614
10543 4 2 1 1 2628 3145 2252 2146
10544 4 2 1 1 787 3127 2533 3447
10545 4 2 1 1 2470 2917 2189 3568
10546 4 2 1 1 2201 3336 2557 3584
10547 4 2 1 1 2357 3311 3014 3414
10548 4 2 1 1 1702 1726 2899 3170
10549 4 2 1 1 2740 1505 2357 3830
10550 4 2 1 1 2333 2043 3157 2355
10551 4 2 1 1 571 2842 3258 554
10552 4 2 1 1 1814 2555 1790 3630
10553 4 2 1 1 2710 3153 2259 3237
10554 4 2 1 1 3937 1422 137 1284
10555 4 2 1 1 2130 2647 2562 3858
10556 4 2 1 1 2258 2858 1872 3453
10557 4 2 1 1 2361 2852 1892 2139
10558 4 2 1 1 1866 3589 2468 3635
10559 4 2 1 1 3746 3497 3199 2483
10560 4 2 1 1 2273 3254 3022 3544
10561 4 2 1 1 2325 3253 2972 3429
10562 4 2 1 1 1603 1601 1602 3525
10563 4 2 1 1 2809 1923 2292 3754
10564 4 2 1 1 539 662 529 2440
10565 4 2 1 1 2391 3130 743 3880
10566 4 2 1 1 414 2390 3131 3879
10567 4 2 1 1 1605 2461 1604 3857
10568 4 2 1 1 1918 3882 2728 3895
10569 4 2 1 1 1110 2801 1232 3219
10570 4 2 1 1 2399 2396 1998 3804
10571 4 2 1 1 2257 2862 1869 2129
10572 4 2 1 1 1672 2362 1673 3295
10573 4 2 1 1 3148 2512 3663 3198
10574 4 2 1 1 3145 2804 1841 2429
10575 4 2 1 1 1931 2852 2571 2947
10576 4 2 1 1 405 2991 409 3163
10577 4 2 1 1 2192 2991 2657 3491
10578 4 2 1 1 2724 3096 2267 3670
10579 4 2 1 1 2073 2672 2120 3534
10580 4 2 1 1 2730 2537 3415 2108
10581 4 2 1 1 1516 3416 1514 1552
10582 4 2 1 1 2055 2824 2280 3148
10583 4 2 1 1 1707 1708 1752 2907
10584 4 2 1 1 908 909 907 3197
10585 4 2 1 1 2239 3037 2023 3087
10586 4 2 1 1 715 694 629 2745
10587 4 2 1 1 1990 2960 2536 3146
10588 4 2 1 1 2405 2856 2110 3186
10589 4 2 1 1 1955 2856 2405 3186
10590 4 2 1 1 3318 3823 3743 2752
10591 4 2 1 1 2327 3188 1956 3751
10592 4 2 1 1 1990 2536 3073 3727
10593 4 2 1 1 1415 2508 3416 3704
10594 4 2 1 1 2621 2221 2791 1946
10595 4 2 1 1 1696 2441 1642 1804
10596 4 2 1 1 1958 3226 2671 2460
10597 4 2 1 1 3172 3566 3050 2277
10598 4 2 1 1 1645 2315 1703 3498
10599 4 2 1 1 2125 3423 2867 1838
10600 4 2 1 1 786 785 2667 3447
10601 4 2 1 1 2455 3207 1976 2918
10602 4 2 1 1 268 289 3591 3890
10603 4 2 1 1 2158 3499 3044 3871
10604 4 2 1 1 2311 2402 2892 3515
10605 4 2 1 1 1851 2683 2766 3177
10606 4 2 1 1 2193 2955 2561 3479
10607 4 2 1 1 2098 2891 2810 2171
10608 4 2 1 1 1921 2601 3469 3563
10609 4 2 1 1 345 339 2457 3516
10610 4 2 1 1 3746 3497 2265 3199
10611 4 2 1 1 1478 1326 1329 2480
10612 4 2 1 1 1981 2774 2279 1875
10613 4 2 1 1 2648 3125 2539 3894
10614 4 2 1 1 2432 2827 2146 3311
10615 4 2 1 1 2050 2676 3320 2705
10616 4 2 1 1 1039 1215 1110 3396
10617 4 2 1 1 2892 3135 1961 3202
10618 4 2 1 1 1886 2420 2787 3726
10619 4 2 1 1 2329 1960 3619 3791
10620 4 2 1 1 1914 2101 2505 3784
10621 4 2 1 1 4003 739 911 136
10622 4 2 1 1 2447 2975 2147 3836
10623 4 2 1 1 3312 3436 3744 2580
10624 4 2 1 1 921 877 3778 3801
10625 4 2 1 1 1985 2888 2602 2939
10626 4 2 1 1 1947 2507 2682 3597
10627 4 2 1 1 3452 759 22 887
10628 4 2 1 1 1429 2088 3431 3118
10629 4 2 1 1 2621 2221 1946 2517
10630 4 2 1 1 2401 2676 2050 2705
10631 4 2 1 1 1450 1321 1318 2827
10632 4 2 1 1 409 2991 2657 3163
10633 4 2 1 1 971 3194 2505 3745
10634 4 2 1 1 3839 3301 2471 2523
10635 4 2 1 1 1884 2458 3274 3901
10636 4 2 1 1 3647 1212 2669 2488
10637 4 2 1 1 2135 2587 2661 3526
10638 4 2 1 1 1902 3139 2758 3637
10639 4 2 1 1 3068 3313 1840 3820
10640 4 2 1 1 1786 2483 3199 3497
10641 4 2 1 1 1284 2294 3937 3403
10642 4 2 1 1 1971 2601 3126 3469
10643 4 2 1 1 3318 3743 3823 1892
10644 4 2 1 1 1750 1603 2406 3466
10645 4 2 1 1 521 607 631 3258
10646 4 2 1 1 2083 2842 2439 3258
10647 4 2 1 1 1672 3063 2362 3295
10648 4 2 1 1 2285 3292 2412 3382
10649 4 2 1 1 1851 3168 2812 3339
10650 4 2 1 1 1786 2483 3497 1558
10651 4 2 1 1 2001 3416 2508 3704
10652 4 2 1 1 1886 3155 2335 3726
10653 4 2 1 1 3334 2835 2670 1850
10654 4 2 1 1 2525 3304 2864 3710
10655 4 2 1 1 1770 1760 1722 2878
10656 4 2 1 1 3927 2481 465 3359
10657 4 2 1 1 2044 2727 2385 3432
10658 4 2 1 1 3937 4030 983 137
10659 4 2 1 1 2962 3630 2056 2249
10660 4 2 1 1 1999 2782 2421 3132
10661 4 2 1 1 2160 3068 2286 2369
10662 4 2 1 1 1905 2437 3348 3733
10663 4 2 1 1 314 328 2531 2802
10664 4 2 1 1 2677 680 649 662
10665 4 2 1 1 1965 2929 2846 3503
10666 4 2 1 1 1858 2818 3291 3613
10667 4 2 1 1 2251 2006 2951 3061
10668 4 2 1 1 3266 3303 2186 3900
10669 4 2 1 1 3936 69 70 757
10670 4 2 1 1 1949 3046 2838 3656
10671 4 2 1 1 2284 2424 3553 3247
10672 4 2 1 1 2280 2824 2055 2020
10673 4 2 1 1 2098 2594 2891 2398
10674 4 2 1 1 1834 2730 2607 3386
10675 4 2 1 1 1923 2809 2292 3543
10676 4 2 1 1 2006 2251 2951 3872
10677 4 2 1 1 611 2277 565 2648
10678 4 2 1 1 974 836 2410 3556
10679 4 2 1 1 2191 3371 2932 3777
10680 4 2 1 1 1936 3052 2641 1915
10681 4 2 1 1 1393 1394 1493 2856
10682 4 2 1 1 1467 1429 3118 3853
10683 4 2 1 1 2589 2083 3258 2830
10684 4 2 1 1 3912 2483 1192 3384
10685 4 2 1 1 230 3167 2727 3606
10686 4 2 1 1 2545 3725 219 3806
10687 4 2 1 1 1813 1732 1724 2694
10688 4 2 1 1 3647 2669 1212 3356
10689 4 2 1 1 1827 3964 1565 3799
10690 4 2 1 1 757 3936 69 995
10691 4 2 1 1 1864 2316 2996 2142
10692 4 2 1 1 578 2910 2793 3494
10693 4 2 1 1 1863 2341 2806 2933
10694 4 2 1 1 2193 3194 2955 3784
10695 4 2 1 1 2025 3032 2541 3488
10696 4 2 1 1 2592 2931 1977 3178
10697 4 2 1 1 1343 1364 2896 3777
10698 4 2 1 1 2857 3202 2464 3412
10699 4 2 1 1 3834 3280 2141 3434
10700 4 2 1 1 3587 2377 1913 2938
10701 4 2 1 1 3254 3544 3259 3593
10702 4 2 1 1 1862 2891 2594 2398
10703 4 2 1 1 2131 2645 2563 3793
10704 4 2 1 1 2940 3557 2715 3588
10705 4 2 1 1 755 2489 1007 2768
10706 4 2 1 1 1265 1238 2484 3196
10707 4 2 1 1 1996 3122 2680 3265
10708 4 2 1 1 3587 1913 2377 3464
10709 4 2 1 1 2461 2878 2283 3857
10710 4 2 1 1 1219 2805 3020 3441
10711 4 2 1 1 2531 3391 2088 3685
10712 4 2 1 1 1357 2780 1351 3546
10713 4 2 1 1 2484 2988 1987 3448
10714 4 2 1 1 2111 2903 2467 3637
10715 4 2 1 1 350 406 385 3592
10716 4 2 1 1 1972 2697 2942 3369
10717 4 2 1 1 2480 3034 1982 3693
10718 4 2 1 1 2792 3284 857 3556
10719 4 2 1 1 3124 2994 3250 1955
10720 4 2 1 1 3590 3089 2017 3379
10721 4 2 1 1 2046 2477 3143 2104
10722 4 2 1 1 2396 3480 3240 3804
10723 4 2 1 1 1041 2953 1061 3396
10724 4 2 1 1 2037 2874 2358 3485
10725 4 2 1 1 706 3985 654 477
10726 4 2 1 1 2758 2125 2465 3139
10727 4 2 1 1 1908 2688 2528 2186
10728 4 2 1 1 2419 1936 2748 3689
10729 4 2 1 1 1949 2514 2912 3767
10730 4 2 1 1 298 3391 3832 313
10731 4 2 1 1 2821 3662 2176 3698
10732 4 2 1 1 734 4010 485 654
10733 4 2 1 1 2076 3366 2618 3449
10734 4 2 1 1 1901 2715 1992 3588
10735 4 2 1 1 1740 1793 2488 3548
10736 4 2 1 1 579 2384 590 2910
10737 4 2 1 1 2090 2342 2772 3481
10738 4 2 1 1 2850 3362 3629 2360
10739 4 2 1 1 2510 2874 2077 3290
10740 4 2 1 1 3318 3743 3137 3761
10741 4 2 1 1 459 40 41 3953
10742 4 2 1 1 1945 3002 3016 3279
10743 4 2 1 1 1975 2358 2688 3803
10744 4 2 1 1 748 3778 990 3008
10745 4 2 1 1 2314 2776 2623 3785
10746 4 2 1 1 2734 2827 1482 3718
10747 4 2 1 1 2237 2835 2551 3371
10748 4 2 1 1 1427 1520 1498 2333
10749 4 2 1 1 2649 2088 3231 3811
10750 4 2 1 1 681 660 687 3172
10751 4 2 1 1 1945 3016 2902 3279
10752 4 2 1 1 1360 3092 3565 2566
10753 4 2 1 1 1721 1599 2851 3069
10754 4 2 1 1 3111 2972 2744 2325
10755 4 2 1 1 1627 3105 1628 3780
10756 4 2 1 1 1936 2419 2748 3846
10757 4 2 1 1 1843 3435 2296 3796
10758 4 2 1 1 1864 2316 2791 2996
10759 4 2 1 1 3871 2779 3125 1852
10760 4 2 1 1 3035 3105 2631 3780
10761 4 2 1 1 3374 3840 2413 2781
10762 4 2 1 1 3754 2767 2665 1848
10763 4 2 1 1 529 539 2440 3651
10764 4 2 1 1 1919 3186 2405 3781
10765 4 2 1 1 3043 2751 1988 2212
10766 4 2 1 1 1986 2946 3330 2161
10767 4 2 1 1 2031 2892 2402 3401
10768 4 2 1 1 891 890 2722 3438
10769 4 2 1 1 2865 3560 1942 2598
10770 4 2 1 1 491 493 492 2451
10771 4 2 1 1 2683 3055 2099 3177
10772 4 2 1 1 439 294 370 2825
10773 4 2 1 1 351 3582 430 2272
10774 4 2 1 1 2308 3118 2087 3297
10775 4 2 1 1 4028 23 1 446
10776 4 2 1 1 3919 3130 651 3257
10777 4 2 1 1 386 249 3091 3491
10778 4 2 1 1 1768 1606 1613 3445
10779 4 2 1 1 2399 2955 2157 3842
10780 4 2 1 1 2413 2781 2156 3652
10781 4 2 1 1 2262 2051 3029 3847
10782 4 2 1 1 566 2564 567 3459
10783 4 2 1 1 3427 3511 3563 2194
10784 4 2 1 1 1598 1599 1601 3892
10785 4 2 1 1 3936 995 757 2699
10786 4 2 1 1 2735 2803 1946 3773
10787 4 2 1 1 2463 3062 2755 3342
10788 4 2 1 1 1863 3120 2933 3502
10789 4 2 1 1 1409 2778 3700 2294
10790 4 2 1 1 2815 3478 2221 2517
10791 4 2 1 1 2848 2121 3618 3654
10792 4 2 1 1 4010 485 654 70
10793 4 2 1 1 2341 3317 2806 3043
10794 4 2 1 1 875 833 877 3460
10795 4 2 1 1 2518 2837 2177 3022
10796 4 2 1 1 25 24 2538 1580
10797 4 2 1 1 2538 1749 25 1580
10798 4 2 1 1 265 2393 278 3687
10799 4 2 1 1 1659 1776 1782 2427
10800 4 2 1 1 1178 1104 1078 2753
10801 4 2 1 1 3911 34 35 390
10802 4 2 1 1 2467 2903 2111 2036
10803 4 2 1 1 2200 2369 1922 3100
10804 4 2 1 1 767 838 943 3138
10805 4 2 1 1 2386 2895 2266 3690
10806 4 2 1 1 1999 2421 2782 3703
10807 4 2 1 1 1110 1037 1039 2426
10808 4 2 1 1 2542 2469 2157 1865
10809 4 2 1 1 1839 2837 2518 3022
10810 4 2 1 1 1939 2810 2891 2171
10811 4 2 1 1 400 3653 3227 260
10812 4 2 1 1 346 2769 3214 349
10813 4 2 1 1 1847 3239 2633 3486
10814 4 2 1 1 2459 2754 2007 3399
10815 4 2 1 1 828 3440 2914 3805
10816 4 2 1 1 2025 3488 2541 3712
10817 4 2 1 1 1265 3909 1026 3554
10818 4 2 1 1 1907 2606 2506 3758
10819 4 2 1 1 3895 3011 3729 2282
10820 4 2 1 1 824 962 762 3385
10821 4 2 1 1 2426 3396 2801 3493
10822 4 2 1 1 1911 2424 2799 3708
10823 4 2 1 1 2280 3148 3663 3198
10824 4 2 1 1 3595 2112 2535 1912
10825 4 2 1 1 2092 2835 2686 3085
10826 4 2 1 1 509 677 2568 3426
10827 4 2 1 1 1681 1680 2984 1694
10828 4 2 1 1 1878 2281 3262 3503
10829 4 2 1 1 1882 3115 2242 3358
10830 4 2 1 1 1478 2480 1329 3660
10831 4 2 1 1 2186 2934 3266 3900
10832 4 2 1 1 337 2737 386 3193
10833 4 2 1 1 637 690 463 2685
10834 4 2 1 1 1360 3565 3092 1362
10835 4 2 1 1 2339 3397 1984 3100
10836 4 2 1 1 3891 3156 3824 1880
10837 4 2 1 1 3234 3508 2550 3870
10838 4 2 1 1 2703 669 3651 670
10839 4 2 1 1 684 3212 650 3218
10840 4 2 1 1 1229 3285 2437 3532
10841 4 2 1 1 3275 3574 2101 2499
10842 4 2 1 1 2200 1922 2369 2912
10843 4 2 1 1 2538 4028 24 446
10844 4 2 1 1 1487 1531 2401 3546
10845 4 2 1 1 2419 1936 3252 3846
10846 4 2 1 1 3658 3093 518 673
10847 4 2 1 1 2031 2771 2311 2892
10848 4 2 1 1 564 681 687 2428
10849 4 2 1 1 1995 2523 3032 3246
10850 4 2 1 1 2531 2802 1279 3442
10851 4 2 1 1 2509 2088 2673 3442
10852 4 2 1 1 2479 2818 2757 3344
10853 4 2 1 1 2417 3087 2073 3567
10854 4 2 1 1 264 3113 2450 3232
10855 4 2 1 1 812 3406 828 3440
10856 4 2 1 1 185 184 2993 1759
10857 4 2 1 1 2730 3415 2537 2030
10858 4 2 1 1 2612 2938 1181 3587
10859 4 2 1 1 529 2440 662 3615
10860 4 2 1 1 222 3491 394 3667
10861 4 2 1 1 2276 2697 3299 2040
10862 4 2 1 1 2297 2810 2007 3129
10863 4 2 1 1 1980 3053 2626 3327
10864 4 2 1 1 340 338 259 2803
10865 4 2 1 1 360 2337 2966 3255
10866 4 2 1 1 429 318 317 2319
10867 4 2 1 1 2631 3105 1638 3780
10868 4 2 1 1 3482 3658 3093 518
10869 4 2 1 1 554 571 607 3258
10870 4 2 1 1 1775 2653 1744 3869
10871 4 2 1 1 1096 1034 1234 3033
10872 4 2 1 1 1981 2279 2941 3149
10873 4 2 1 1 2553 3003 2124 2708
10874 4 2 1 1 540 3026 539 3651
10875 4 2 1 1 619 620 2389 3180
10876 4 2 1 1 3085 2686 3027 2171
10877 4 2 1 1 2335 1946 2803 3773
10878 4 2 1 1 1954 3579 2416 3724
10879 4 2 1 1 1964 2357 3014 3414
10880 4 2 1 1 3891 3156 1880 2540
10881 4 2 1 1 2315 3112 2230 3170
10882 4 2 1 1 467 2872 2288 685
10883 4 2 1 1 347 445 360 2337
10884 4 2 1 1 1468 2641 1349 3533
10885 4 2 1 1 2054 3054 3104 3625
10886 4 2 1 1 2741 3376 2634 3884
10887 4 2 1 1 2122 3105 3035 3780
10888 4 2 1 1 2094 2911 2608 3349
10889 4 2 1 1 775 777 776 2611
10890 4 2 1 1 2517 3301 2523 3849
10891 4 2 1 1 950 926 3042 3834
10892 4 2 1 1 2539 2065 3073 3727
10893 4 2 1 1 734 4010 654 2722
10894 4 2 1 1 2355 1943 3201 3863
10895 4 2 1 1 1543 2676 1421 1420
10896 4 2 1 1 2542 3187 2469 1865
10897 4 2 1 1 1855 3104 2547 3515
10898 4 2 1 1 3828 2906 2848 2182
10899 4 2 1 1 2313 2689 3206 3661
10900 4 2 1 1 2276 3007 2697 2040
10901 4 2 1 1 1943 2388 2937 2987
10902 4 2 1 1 1920 3160 2428 3695
10903 4 2 1 1 850 2436 3151 3504
10904 4 2 1 1 3823 3279 1945 2301
10905 4 2 1 1 1450 1482 2827 3718
10906 4 2 1 1 830 3207 2368 3490
10907 4 2 1 1 1949 2912 2514 2926
10908 4 2 1 1 449 53 3 4040
10909 4 2 1 1 425 418 316 2507
10910 4 2 1 1 1486 2975 2780 3679
10911 4 2 1 1 3940 2649 202 3492
10912 4 2 1 1 2709 2097 3351 2813
10913 4 2 1 1 2138 3119 2291 3422
10914 4 2 1 1 3407 2536 1990 2960
10915 4 2 1 1 477 594 706 3257
10916 4 2 1 1 781 3518 3018 3768
10917 4 2 1 1 2790 3515 3166 2311
10918 4 2 1 1 2121 2496 3380 3713
10919 4 2 1 1 302 303 282 3752
10920 4 2 1 1 1266 1156 1030 3483
10921 4 2 1 1 1346 1338 1347 2836
10922 4 2 1 1 673 518 542 3093
10923 4 2 1 1 1877 2302 3336 3757
10924 4 2 1 1 2042 2830 2331 3468
10925 4 2 1 1 505 626 502 3053
10926 4 2 1 1 549 583 2886 3697
10927 4 2 1 1 2650 3101 1995 3246
10928 4 2 1 1 2033 2887 2622 3367
10929 4 2 1 1 1855 2892 2363 3401
10930 4 2 1 1 424 3969 3519 368
10931 4 2 1 1 2189 2232 3487 2782
10932 4 2 1 1 1974 2833 2520 3568
10933 4 2 1 1 1759 2993 185 1570
10934 4 2 1 1 3085 3027 2686 2092
10935 4 2 1 1 2503 2950 2045 3179
10936 4 2 1 1 2118 2950 2503 3179
10937 4 2 1 1 1325 3414 3034 3776
10938 4 2 1 1 1646 1584 1723 3707
10939 4 2 1 1 1488 2357 1500 3414
10940 4 2 1 1 1321 1333 1323 2827
10941 4 2 1 1 2533 2764 2016 3594
10942 4 2 1 1 1670 1788 3497 3529
10943 4 2 1 1 1890 2348 2729 3266
10944 4 2 1 1 3886 2865 2521 2698
10945 4 2 1 1 1678 1727 2946 1728
10946 4 2 1 1 2905 3108 2582 3765
10947 4 2 1 1 979 4030 138 983
10948 4 2 1 1 2042 2352 2830 3750
10949 4 2 1 1 1996 3265 2680 3454
10950 4 2 1 1 2470 1974 2954 3568
10951 4 2 1 1 2725 3077 2138 3786
10952 4 2 1 1 1416 1538 1292 3473
10953 4 2 1 1 1980 3021 3053 3327
10954 4 2 1 1 3125 3172 3566 1969
10955 4 2 1 1 2072 2582 2793 3826
10956 4 2 1 1 2376 2343 3126 3402
10957 4 2 1 1 2964 3575 2579 3813
10958 4 2 1 1 2280 2044 3198 3663
10959 4 2 1 1 951 3011 794 3150
10960 4 2 1 1 1503 1345 1310 2570
10961 4 2 1 1 2728 2766 1968 3895
10962 4 2 1 1 3455 1005 2489 1007
10963 4 2 1 1 1721 1741 1599 3069
10964 4 2 1 1 1203 3986 3914 2936
10965 4 2 1 1 2457 2735 1946 3773
10966 4 2 1 1 2378 2871 2011 3821
10967 4 2 1 1 600 2989 2422 3473
10968 4 2 1 1 594 557 570 2614
10969 4 2 1 1 2170 3146 2960 3576
10970 4 2 1 1 362 405 409 3163
10971 4 2 1 1 2507 2616 305 3289
10972 4 2 1 1 2352 1974 2886 3128
10973 4 2 1 1 2219 2986 2644 3333
10974 4 2 1 1 3111 2972 2325 3253
10975 4 2 1 1 2478 2729 1890 3036
10976 4 2 1 1 2777 3155 2175 3246
10977 4 2 1 1 1878 2762 2867 3282
10978 4 2 1 1 263 2668 2995 3847
10979 4 2 1 1 960 2726 954 3138
10980 4 2 1 1 1430 3718 1481 1314
10981 4 2 1 1 2470 2189 3352 3568
10982 4 2 1 1 270 2737 3591 291
10983 4 2 1 1 3061 3300 2006 3778
10984 4 2 1 1 1751 1720 2882 2416
10985 4 2 1 1 333 247 357 3113
10986 4 2 1 1 2569 1850 2707 3428
10987 4 2 1 1 270 2737 291 336
10988 4 2 1 1 1834 2478 2730 3484
10989 4 2 1 1 1973 3235 2928 2237
10990 4 2 1 1 3579 2500 1945 2544
10991 4 2 1 1 1995 3032 2787 3246
10992 4 2 1 1 2993 3992 184 1013
10993 4 2 1 1 706 570 593 2722
10994 4 2 1 1 1464 1526 1288 2407
10995 4 2 1 1 2552 2925 2850 1853
10996 4 2 1 1 2824 3232 2020 3865
10997 4 2 1 1 2653 1775 1757 3581
10998 4 2 1 1 3176 131 130 1550
10999 4 2 1 1 3548 1716 1793 3630
11000 4 2 1 1 541 553 538 2439
11001 4 2 1 1 2632 3270 2049 3602
11002 4 2 1 1 776 2611 777 3018
11003 4 2 1 1 3771 2432 2827 2146
11004 4 2 1 1 2071 2666 2952 2871
11005 4 2 1 1 267 264 279 2450
11006 4 2 1 1 2562 965 2647 3880
11007 4 2 1 1 2567 2402 3401 3753
11008 4 2 1 1 2533 2764 826 3834
11009 4 2 1 1 1364 1382 2928 3859
11010 4 2 1 1 3645 3583 2949 2270
11011 4 2 1 1 2394 3314 575 3459
11012 4 2 1 1 1938 2440 3026 3651
11013 4 2 1 1 3164 3551 2511 3573
11014 4 2 1 1 3247 3885 3260 2153
11015 4 2 1 1 1096 1036 1034 3033
11016 4 2 1 1 3571 3633 2799 2300
11017 4 2 1 1 1550 3176 131 1296
11018 4 2 1 1 2344 2137 2953 2412
11019 4 2 1 1 2178 3259 2909 3757
11020 4 2 1 1 1903 2349 3006 3763
11021 4 2 1 1 2898 2908 2120 2557
11022 4 2 1 1 2000 2272 3582 3822
11023 4 2 1 1 383 338 340 2735
11024 4 2 1 1 2182 3277 2373 3665
11025 4 2 1 1 2315 2794 1701 3170
11026 4 2 1 1 965 2562 862 3880
11027 4 2 1 1 2080 2700 2964 3535
11028 4 2 1 1 1950 2719 2452 2957
11029 4 2 1 1 130 1303 3176 1550
11030 4 2 1 1 1517 55 54 3935
11031 4 2 1 1 2198 2839 2610 3826
11032 4 2 1 1 3260 3885 3247 770
11033 4 2 1 1 302 3047 281 321
11034 4 2 1 1 1247 2731 1163 3554
11035 4 2 1 1 2188 2082 2070 2567
11036 4 2 1 1 597 3343 2706 3602
11037 4 2 1 1 252 2460 3226 3653
11038 4 2 1 1 3881 3652 2442 3789
11039 4 2 1 1 2105 2417 3435 3443
11040 4 2 1 1 2902 3035 2152 3368
11041 4 2 1 1 2037 2874 2510 3290
11042 4 2 1 1 2583 3064 1953 3812
11043 4 2 1 1 1553 1517 1303 3902
11044 4 2 1 1 2897 3733 2056 3019
11045 4 2 1 1 1967 2261 3615 3555
11046 4 2 1 1 2627 3551 3164 3573
11047 4 2 1 1 3074 3119 2291 3875
11048 4 2 1 1 894 2853 843 896
11049 4 2 1 1 2985 3694 2216 3714
11050 4 2 1 1 780 776 779 3042
11051 4 2 1 1 957 917 2371 3805
11052 4 2 1 1 820 2413 935 3688
11053 4 2 1 1 1517 54 1539 3935
11054 4 2 1 1 2149 3480 3045 3797
11055 4 2 1 1 2054 2764 2433 3104
11056 4 2 1 1 2729 3036 2478 3059
11057 4 2 1 1 2704 3142 1993 3696
11058 4 2 1 1 2549 3495 2176 3891
11059 4 2 1 1 213 2756 2555 2876
11060 4 2 1 1 1884 3274 3114 3901
11061 4 2 1 1 1964 2932 3014 2906
11062 4 2 1 1 2455 2692 872 3249
11063 4 2 1 1 957 2371 3127 3835
11064 4 2 1 1 2700 2758 1991 3535
11065 4 2 1 1 1140 3121 3019 3647
11066 4 2 1 1 4007 3902 3072 3935
11067 4 2 1 1 2264 3014 2932 2906
11068 4 2 1 1 3935 1303 1517 3902
11069 4 2 1 1 894 2853 3545 843
11070 4 2 1 1 1179 2938 3644 1082
11071 4 2 1 1 3083 3518 956 3768
11072 4 2 1 1 939 871 881 2613
11073 4 2 1 1 2263 1968 3011 3729
11074 4 2 1 1 2026 2857 2353 2859
11075 4 2 1 1 2208 3165 2421 2163
11076 4 2 1 1 1878 2293 2762 3282
11077 4 2 1 1 1851 2683 2273 3461
11078 4 2 1 1 2907 3466 1713 3779
11079 4 2 1 1 2607 2730 2030 3386
11080 4 2 1 1 2852 2947 1931 3855
11081 4 2 1 1 2303 2115 3211 1923
11082 4 2 1 1 604 600 2422 3473
11083 4 2 1 1 2502 3235 2468 3661
11084 4 2 1 1 2464 3015 2224 3411
11085 4 2 1 1 2290 1741 3069 3525
11086 4 2 1 1 2001 2490 2951 3438
11087 4 2 1 1 795 3127 3447 3835
11088 4 2 1 1 1938 3026 2304 3120
11089 4 2 1 1 1696 2441 1804 2986
11090 4 2 1 1 683 679 2725 3394
11091 4 2 1 1 1880 2549 2695 3141
11092 4 2 1 1 3611 3861 2736 2654
11093 4 2 1 1 246 2822 239 2995
11094 4 2 1 1 2752 3743 3577 3823
11095 4 2 1 1 2679 3866 2961 1209
11096 4 2 1 1 1832 3057 2865 2521
11097 4 2 1 1 2442 3183 3007 2040
11098 4 2 1 1 2042 3468 2485 3750
11099 4 2 1 1 818 823 2873 3699
11100 4 2 1 1 2516 2607 2030 3449
11101 4 2 1 1 513 512 507 3422
11102 4 2 1 1 2304 2107 3209 1924
11103 4 2 1 1 379 3195 2348 3510
11104 4 2 1 1 213 3920 212 201
11105 4 2 1 1 2297 2810 1939 3027
11106 4 2 1 1 890 2722 2490 3257
11107 4 2 1 1 2526 3578 2977 2150
11108 4 2 1 1 709 547 671 2365
11109 4 2 1 1 1153 1021 3121 3356
11110 4 2 1 1 2363 2892 1855 3202
11111 4 2 1 1 2635 3894 2362 3691
11112 4 2 1 1 762 2931 763 3571
11113 4 2 1 1 2031 2324 2771 3135
11114 4 2 1 1 2040 3072 2680 2435
11115 4 2 1 1 2241 2930 3749 2618
11116 4 2 1 1 3734 1660 1706 2800
11117 4 2 1 1 1757 2462 1624 1634
11118 4 2 1 1 629 718 639 2615
11119 4 2 1 1 2944 1428 1524 2987
11120 4 2 1 1 2838 1242 1200 1240
11121 4 2 1 1 1280 3948 1031 1159
11122 4 2 1 1 2378 2011 2871 3636
11123 4 2 1 1 887 2966 3452 881
11124 4 2 1 1 3898 1583 1585 2884
11125 4 2 1 1 815 816 952 2916
11126 4 2 1 1 1533 1448 1449 2486
11127 4 2 1 1 1851 2812 2766 3882
11128 4 2 1 1 2033 2536 3446 1852
11129 4 2 1 1 718 639 2615 3418
11130 4 2 1 1 1836 2353 2960 3772
11131 4 2 1 1 2036 2925 2565 1853
11132 4 2 1 1 564 2927 2428 3814
11133 4 2 1 1 2535 3086 1132 3228
11134 4 2 1 1 2074 3338 3023 3686
11135 4 2 1 1 1529 1413 1417 2875
11136 4 2 1 1 1994 2514 3126 3767
11137 4 2 1 1 567 2741 2564 3825
11138 4 2 1 1 2148 3611 3083 1887
11139 4 2 1 1 2007 3129 2761 3562
11140 4 2 1 1 1838 2381 2739 2022
11141 4 2 1 1 1377 3299 2697 3624
11142 4 2 1 1 2119 2318 2948 3673
11143 4 2 1 1 777 3018 2611 3768
11144 4 2 1 1 2865 3560 2598 3057
11145 4 2 1 1 2004 2599 2134 3292
11146 4 2 1 1 1517 4007 1298 55
11147 4 2 1 1 2512 3204 2991 3432
11148 4 2 1 1 1882 3392 2568 3791
11149 4 2 1 1 3935 1303 3902 2768
11150 4 2 1 1 2098 2891 2438 2398
11151 4 2 1 1 2952 3618 2121 3654
11152 4 2 1 1 2369 2894 1952 2196
11153 4 2 1 1 2961 3866 2679 2200
11154 4 2 1 1 2096 2792 3249 3332
11155 4 2 1 1 1276 2702 1245 3862
11156 4 2 1 1 2149 2957 2504 3480
11157 4 2 1 1 2422 3320 2989 3893
11158 4 2 1 1 1897 1942 2597 2659
11159 4 2 1 1 1745 2390 1564 3271
11160 4 2 1 1 1920 2425 3566 3871
11161 4 2 1 1 2503 2045 2950 3142
11162 4 2 1 1 1967 3119 3074 3640
11163 4 2 1 1 968 2684 969 3151
11164 4 2 1 1 1672 1651 1673 2362
11165 4 2 1 1 3155 3516 2457 3773
11166 4 2 1 1 2072 2968 2839 3426
11167 4 2 1 1 2151 2981 2591 3680
11168 4 2 1 1 4007 3902 3935 1517
11169 4 2 1 1 1905 3348 2350 3368
11170 4 2 1 1 1125 1139 1100 3019
11171 4 2 1 1 1014 1177 1273 2319
11172 4 2 1 1 2392 3264 2094 3332
11173 4 2 1 1 2527 2298 3599 3794
11174 4 2 1 1 1851 2766 2683 3461
11175 4 2 1 1 1643 1770 1622 2771
11176 4 2 1 1 121 120 3934 1282
11177 4 2 1 1 3573 1915 3424 2169
11178 4 2 1 1 2864 3304 2048 3710
11179 4 2 1 1 2701 3508 3234 3870
11180 4 2 1 1 3052 3424 3573 1915
11181 4 2 1 1 225 224 226 2512
11182 4 2 1 1 2801 3108 2137 3874
11183 4 2 1 1 957 3440 2371 3835
11184 4 2 1 1 429 318 2319 3080
11185 4 2 1 1 2068 3256 2950 1869
11186 4 2 1 1 926 3792 3042 3834
11187 4 2 1 1 2344 1044 3175 3659
11188 4 2 1 1 1901 1992 2715 3507
11189 4 2 1 1 225 2512 226 3663
11190 4 2 1 1 1981 2279 3149 1875
11191 4 2 1 1 2402 1855 2892 3515
11192 4 2 1 1 3551 3235 1915 2468
11193 4 2 1 1 2335 3516 3155 3773
11194 4 2 1 1 2512 3432 226 3663
11195 4 2 1 1 2079 2887 2362 3295
11196 4 2 1 1 2014 2906 2551 3462
11197 4 2 1 1 2262 3029 2051 3726
11198 4 2 1 1 3313 2926 3345 3820
11199 4 2 1 1 2044 2280 3109 3663
11200 4 2 1 1 2006 2951 2574 3872
11201 4 2 1 1 2943 3269 2233 3640
11202 4 2 1 1 676 659 618 3807
11203 4 2 1 1 1326 2480 1478 3693
11204 4 2 1 1 1439 2520 1437 3387
11205 4 2 1 1 1879 3508 2671 3517
11206 4 2 1 1 2429 1880 3824 3156
11207 4 2 1 1 2768 380 10 3943
11208 4 2 1 1 365 2711 441 3080
11209 4 2 1 1 1941 2199 2493 3012
11210 4 2 1 1 957 2371 3440 3805
11211 4 2 1 1 918 2736 773 3357
11212 4 2 1 1 2453 2477 2117 2046
11213 4 2 1 1 2572 3090 1907 3405
11214 4 2 1 1 3137 3761 2940 2184
11215 4 2 1 1 2572 3478 2640 3520
11216 4 2 1 1 2032 2780 2401 3546
11217 4 2 1 1 3790 2587 1930 2760
11218 4 2 1 1 2255 2606 1956 3081
11219 4 2 1 1 1519 1295 1474 3343
11220 4 2 1 1 820 3652 2413 3688
11221 4 2 1 1 2071 3024 2952 3618
11222 4 2 1 1 2302 3010 2590 3088
11223 4 2 1 1 2806 3829 2220 3872
11224 4 2 1 1 2024 2678 2554 3717
11225 4 2 1 1 1957 2323 2821 3660
11226 4 2 1 1 2579 2828 1870 3678
11227 4 2 1 1 403 408 384 3865
11228 4 2 1 1 2023 2923 2606 2175
11229 4 2 1 1 2980 3345 2190 3820
11230 4 2 1 1 2335 3029 2420 3726
11231 4 2 1 1 464 4032 2956 3934
11232 4 2 1 1 1937 2919 2303 2142
11233 4 2 1 1 771 3357 770 3885
11234 4 2 1 1 2476 2705 1856 3379
11235 4 2 1 1 1418 1513 1420 2422
11236 4 2 1 1 544 2648 2564 610
11237 4 2 1 1 3974 704 3917 2931
11238 4 2 1 1 915 3171 3899 2667
11239 4 2 1 1 815 3110 832 3671
11240 4 2 1 1 487 4008 475 486
11241 4 2 1 1 2897 3733 3019 2625
11242 4 2 1 1 1862 2438 2891 2398
11243 4 2 1 1 544 2648 610 565
11244 4 2 1 1 305 2507 418 3510
11245 4 2 1 1 915 3171 2667 785
11246 4 2 1 1 1918 3010 2445 3424
11247 4 2 1 1 2002 3293 3079 3499
11248 4 2 1 1 514 2452 524 3482
11249 4 2 1 1 1049 1048 2939 3850
11250 4 2 1 1 2498 2823 2079 3064
11251 4 2 1 1 1760 3069 2324 3617
11252 4 2 1 1 2340 1341 3174 3387
11253 4 2 1 1 2433 2764 2016 3104
11254 4 2 1 1 1851 2522 3168 3339
11255 4 2 1 1 646 3422 504 3327
11256 4 2 1 1 1933 3017 2330 3702
11257 4 2 1 1 3381 3484 2260 2108
11258 4 2 1 1 2571 2947 2852 2350
11259 4 2 1 1 232 362 237 3163
11260 4 2 1 1 2067 2789 2608 3682
11261 4 2 1 1 2059 2678 2945 3244
11262 4 2 1 1 2050 2422 2956 3741
11263 4 2 1 1 1941 2493 2199 3580
11264 4 2 1 1 3934 1451 121 1282
11265 4 2 1 1 2244 2134 2870 3514
11266 4 2 1 1 2377 2861 2226 3868
11267 4 2 1 1 329 321 442 2750
11268 4 2 1 1 2158 3064 2583 3812
11269 4 2 1 1 1872 2318 2948 3268
11270 4 2 1 1 3595 2112 1912 2629
11271 4 2 1 1 1854 2559 2350 2618
11272 4 2 1 1 3672 2880 2118 3787
11273 4 2 1 1 1990 2960 3146 3576
11274 4 2 1 1 3502 3477 3257 2107
11275 4 2 1 1 2238 2848 3618 2429
11276 4 2 1 1 2240 2444 2725 2626
11277 4 2 1 1 2417 3103 2105 3435
11278 4 2 1 1 2653 1757 1775 1744
11279 4 2 1 1 2167 3059 3016 3643
11280 4 2 1 1 464 4032 3934 120
11281 4 2 1 1 2350 2018 2618 3348
11282 4 2 1 1 2524 3599 2298 3794
11283 4 2 1 1 3299 2697 1549 1455
11284 4 2 1 1 1282 3934 1451 2656
11285 4 2 1 1 1168 1115 1166 3189
11286 4 2 1 1 3299 1549 2697 2276
11287 4 2 1 1 3522 3762 628 489
11288 4 2 1 1 1067 1071 1070 3285
11289 4 2 1 1 1634 2462 1624 3675
11290 4 2 1 1 2494 2745 2066 3522
11291 4 2 1 1 2590 3421 3088 2275
11292 4 2 1 1 3047 3344 2967 2450
11293 4 2 1 1 1891 2408 2784 3610
11294 4 2 1 1 2001 2817 2951 3502
11295 4 2 1 1 2183 3269 2943 3640
11296 4 2 1 1 3088 3421 2590 2067
11297 4 2 1 1 1961 3202 3412 2892
11298 4 2 1 1 1880 3495 2549 3891
11299 4 2 1 1 2145 2568 2839 3426
11300 4 2 1 1 3934 2656 1282 2956
11301 4 2 1 1 2292 2998 3203 2586
11302 4 2 1 1 956 2356 792 3518
11303 4 2 1 1 1975 2688 2528 3803
11304 4 2 1 1 2050 3320 2422 3741
11305 4 2 1 1 2861 3587 1124 3868
11306 4 2 1 1 741 3964 3071 3799
11307 4 2 1 1 2143 3020 2492 3175
11308 4 2 1 1 1493 1511 2423 2856
11309 4 2 1 1 2969 3048 2081 3370
11310 4 2 1 1 927 772 774 2411
11311 4 2 1 1 1507 2419 1404 3689
11312 4 2 1 1 1866 2313 3206 1996
11313 4 2 1 1 1851 3210 2728 3461
11314 4 2 1 1 1213 1129 1217 3025
11315 4 2 1 1 3933 1003 2918 1002
11316 4 2 1 1 1948 2720 2650 2789
11317 4 2 1 1 2533 2016 3127 3594
11318 4 2 1 1 2427 3469 3003 3734
11319 4 2 1 1 2562 2180 862 3880
11320 4 2 1 1 2149 3480 2504 3804
11321 4 2 1 1 243 3226 3123 3653
11322 4 2 1 1 2226 2702 3862 3867
11323 4 2 1 1 978 3998 3306 3955
11324 4 2 1 1 2377 3346 2855 3868
11325 4 2 1 1 503 2725 2626 3786
11326 4 2 1 1 2194 3051 3511 3563
11327 4 2 1 1 388 375 278 3264
11328 4 2 1 1 1245 1175 2404 3388
11329 4 2 1 1 3334 2835 1850 2551
11330 4 2 1 1 454 2714 306 3245
11331 4 2 1 1 1568 1694 1681 2984
11332 4 2 1 1 2563 293 2645 3879
11333 4 2 1 1 543 2564 3093 3825
11334 4 2 1 1 2634 2256 3407 1865
11335 4 2 1 1 1593 1774 2553 3475
11336 4 2 1 1 2084 3507 2295 3712
11337 4 2 1 1 2069 2981 2691 3680
11338 4 2 1 1 1947 3266 2934 3900
11339 4 2 1 1 1972 2276 2922 3007
11340 4 2 1 1 653 3095 692 3494
11341 4 2 1 1 2334 3242 2211 3713
11342 4 2 1 1 2552 2850 2008 2345
11343 4 2 1 1 1225 1231 1050 2430
11344 4 2 1 1 1872 2883 2558 3453
11345 4 2 1 1 2434 3217 3066 2032
11346 4 2 1 1 2378 2868 2012 3813
11347 4 2 1 1 1863 2341 2933 3120
11348 4 2 1 1 455 308 2388 2937
11349 4 2 1 1 2007 2754 2459 3843
11350 4 2 1 1 1994 3126 2343 3402
11351 4 2 1 1 1102 2874 1101 3485
11352 4 2 1 1 3905 1732 2694 1567
11353 4 2 1 1 2492 2838 2062 3046
11354 4 2 1 1 2569 2707 1958 3428
11355 4 2 1 1 1078 2638 1072 1178
11356 4 2 1 1 2634 3407 3187 1865
11357 4 2 1 1 2771 2832 1961 2878
11358 4 2 1 1 2081 2969 3370 3755
11359 4 2 1 1 2102 2009 2631 2350
11360 4 2 1 1 1844 2661 3179 3601
11361 4 2 1 1 1947 2682 2507 3195
11362 4 2 1 1 1731 1606 1768 2431
11363 4 2 1 1 1914 2499 2101 3842
11364 4 2 1 1 948 923 951 3150
11365 4 2 1 1 268 289 270 3591
11366 4 2 1 1 1280 3948 1159 3356
11367 4 2 1 1 3933 4014 430 18
11368 4 2 1 1 3933 18 17 1002
11369 4 2 1 1 2516 2030 2607 2186
11370 4 2 1 1 1008 887 759 3452
11371 4 2 1 1 3250 1511 2423 2994
11372 4 2 1 1 2448 3345 2980 3820
11373 4 2 1 1 1638 3105 1627 3780
11374 4 2 1 1 17 3933 1002 1003
11375 4 2 1 1 2268 2049 3196 3270
11376 4 2 1 1 2585 3385 824 3745
11377 4 2 1 1 1963 2387 2812 3882
11378 4 2 1 1 737 2455 902 3851
11379 4 2 1 1 2176 3066 3217 3495
11380 4 2 1 1 2490 2951 2251 3502
11381 4 2 1 1 2025 2523 3032 3488
11382 4 2 1 1 3277 2022 3585 3809
11383 4 2 1 1 847 2442 834 2922
11384 4 2 1 1 2078 2957 2504 1950
11385 4 2 1 1 633 732 470 3373
11386 4 2 1 1 3933 4014 2272 430
11387 4 2 1 1 2059 3220 2610 3392
11388 4 2 1 1 2165 3751 2667 3758
11389 4 2 1 1 2187 3012 2535 3228
11390 4 2 1 1 2062 2819 2805 3020
11391 4 2 1 1 3250 2423 1511 2856
11392 4 2 1 1 760 130 129 4013
11393 4 2 1 1 2280 3517 2020 1879
11394 4 2 1 1 2649 323 3391 3431
11395 4 2 1 1 3933 905 742 1002
11396 4 2 1 1 1869 2880 2560 2129
11397 4 2 1 1 1426 1534 3157 3492
11398 4 2 1 1 1757 2462 1634 2653
11399 4 2 1 1 2512 3198 2044 3663
11400 4 2 1 1 1788 179 180 3932
11401 4 2 1 1 2376 3126 2609 3402
11402 4 2 1 1 1788 3932 180 3497
11403 4 2 1 1 2034 3749 2930 2618
11404 4 2 1 1 1069 2386 1220 1060
11405 4 2 1 1 1320 2628 1322 3034
11406 4 2 1 1 979 4030 983 2482
11407 4 2 1 1 2610 2021 2905 3826
11408 4 2 1 1 2658 2742 1998 3443
11409 4 2 1 1 2914 3406 2063 3440
11410 4 2 1 1 1053 1063 1062 3133
11411 4 2 1 1 668 496 3521 3642
11412 4 2 1 1 655 2354 512 3807
11413 4 2 1 1 2013 2378 2849 2868
11414 4 2 1 1 1174 1175 1116 3388
11415 4 2 1 1 1969 2915 2583 3566
11416 4 2 1 1 2225 2377 2938 3561
11417 4 2 1 1 1995 2720 2650 2787
11418 4 2 1 1 1783 179 1788 3932
11419 4 2 1 1 1245 3981 3147 2404
11420 4 2 1 1 2165 2506 3751 3758
11421 4 2 1 1 1920 3044 2286 3499
11422 4 2 1 1 2409 1944 2873 2916
11423 4 2 1 1 635 2604 2451 3762
11424 4 2 1 1 455 454 190 2388
11425 4 2 1 1 570 593 2722 3430
11426 4 2 1 1 2045 3179 2862 3760
11427 4 2 1 1 2746 3109 2280 3865
11428 4 2 1 1 1889 3383 3273 3443
11429 4 2 1 1 2294 2778 1963 3876
11430 4 2 1 1 1344 1370 1484 2761
11431 4 2 1 1 1995 2787 2650 3246
11432 4 2 1 1 833 832 3110 3460
11433 4 2 1 1 2523 1995 3101 3246
11434 4 2 1 1 2827 2252 3771 2146
11435 4 2 1 1 1971 2483 3222 3384
11436 4 2 1 1 2827 2252 2146 2628
11437 4 2 1 1 2080 3224 2125 3535
11438 4 2 1 1 1788 1783 3932 3529
11439 4 2 1 1 573 2331 572 569
11440 4 2 1 1 1945 2877 2301 3279
11441 4 2 1 1 1807 1689 1746 3131
11442 4 2 1 1 807 934 817 2409
11443 4 2 1 1 3396 1922 2412 3493
11444 4 2 1 1 2135 2870 2491 2134
11445 4 2 1 1 1944 2916 2409 3055
11446 4 2 1 1 712 3257 651 3130
11447 4 2 1 1 3701 1313 2466 1312
11448 4 2 1 1 2479 3278 2020 3344
11449 4 2 1 1 2399 1998 2396 2742
11450 4 2 1 1 2697 2942 1378 3624
11451 4 2 1 1 3180 3212 2652 624
11452 4 2 1 1 2614 2001 3134 3430
11453 4 2 1 1 2221 3221 2346 3405
11454 4 2 1 1 724 3419 2632 3602
11455 4 2 1 1 2235 2265 3189 3537
11456 4 2 1 1 3911 390 2876 2882
11457 4 2 1 1 3551 3371 2237 2551
11458 4 2 1 1 3887 3022 2027 2581
11459 4 2 1 1 3932 3497 1788 3529
11460 4 2 1 1 1037 2961 2426 3854
11461 4 2 1 1 2488 176 175 1577
11462 4 2 1 1 3590 3089 3379 2173
11463 4 2 1 1 1916 2945 2485 3352
11464 4 2 1 1 1969 3125 2915 3566
11465 4 2 1 1 500 498 2444 3394
11466 4 2 1 1 1577 2488 176 1740
11467 4 2 1 1 1967 3615 2261 3031
11468 4 2 1 1 2087 2936 2861 3464
11469 4 2 1 1 1994 3126 2609 3767
11470 4 2 1 1 586 735 2989 3134
11471 4 2 1 1 523 660 3050 3642
11472 4 2 1 1 2423 2223 2856 3878
11473 4 2 1 1 586 3134 2989 3473
11474 4 2 1 1 2064 2780 3097 3308
11475 4 2 1 1 2077 2874 2636 3290
11476 4 2 1 1 2488 2669 175 1249
11477 4 2 1 1 2095 2464 2547 2892
11478 4 2 1 1 871 2613 939 3267
11479 4 2 1 1 2042 2830 3468 3750
11480 4 2 1 1 2780 3281 3097 3308
11481 4 2 1 1 344 3516 345 3723
11482 4 2 1 1 1999 2763 2421 3703
11483 4 2 1 1 2190 3044 2515 3812
11484 4 2 1 1 1048 2602 1046 3175
11485 4 2 1 1 2328 2888 1985 2895
11486 4 2 1 1 857 3284 2792 3450
11487 4 2 1 1 2034 2947 2559 2350
11488 4 2 1 1 1234 1157 1096 3033
11489 4 2 1 1 668 3521 3394 3642
11490 4 2 1 1 1848 2767 2443 2287
11491 4 2 1 1 269 3005 2563 3793
11492 4 2 1 1 2087 2509 3118 3364
11493 4 2 1 1 2547 3515 3104 3625
11494 4 2 1 1 711 3975 466 2674
11495 4 2 1 1 2736 3357 2654 3861
11496 4 2 1 1 231 228 352 2727
11497 4 2 1 1 1608 1602 1741 3525
11498 4 2 1 1 949 913 955 3490
11499 4 2 1 1 1334 1333 1335 2432
11500 4 2 1 1 2473 3137 2287 3588
11501 4 2 1 1 2011 2958 2584 3742
11502 4 2 1 1 1891 2573 2784 3684
11503 4 2 1 1 499 2444 498 3521
11504 4 2 1 1 721 114 6 4024
11505 4 2 1 1 889 3931 3218 899
11506 4 2 1 1 2004 3292 2134 3309
11507 4 2 1 1 3812 3820 2980 2190
11508 4 2 1 1 477 3919 3985 72
11509 4 2 1 1 1385 1361 3698 3817
11510 4 2 1 1 2052 3436 3203 3761
11511 4 2 1 1 2927 3695 3050 2428
11512 4 2 1 1 931 744 133 2826
11513 4 2 1 1 2177 2837 2518 3505
11514 4 2 1 1 1322 1320 1321 2628
11515 4 2 1 1 3125 2277 2065 3715
11516 4 2 1 1 1904 2371 2644 3337
11517 4 2 1 1 2613 868 3395 881
11518 4 2 1 1 263 2995 245 3847
11519 4 2 1 1 1990 2784 2573 3576
11520 4 2 1 1 3931 74 75 899
11521 4 2 1 1 817 2873 2409 3558
11522 4 2 1 1 650 3931 2391 469
11523 4 2 1 1 1832 3057 2704 3738
11524 4 2 1 1 2572 3229 1864 3520
11525 4 2 1 1 75 3931 899 3218
11526 4 2 1 1 1988 2687 2518 3317
11527 4 2 1 1 802 766 768 2561
11528 4 2 1 1 1964 2551 2906 3462
11529 4 2 1 1 899 3931 74 743
11530 4 2 1 1 1721 1597 1600 3243
11531 4 2 1 1 824 3385 937 3745
11532 4 2 1 1 3050 3695 2927 2451
11533 4 2 1 1 3590 3089 2173 3006
11534 4 2 1 1 3310 2308 1939 2836
11535 4 2 1 1 1441 3984 1473 3373
11536 4 2 1 1 503 500 502 2626
11537 4 2 1 1 2174 2304 3026 3120
11538 4 2 1 1 2174 2304 3120 2614
11539 4 2 1 1 751 932 931 2826
11540 4 2 1 1 4022 8 173 1267
11541 4 2 1 1 2066 2615 2745 3223
11542 4 2 1 1 552 648 2677 3209
11543 4 2 1 1 3090 3440 2630 3835
11544 4 2 1 1 1377 1400 3299 3624
11545 4 2 1 1 1968 2766 2728 3461
11546 4 2 1 1 1599 3525 1601 3892
11547 4 2 1 1 104 105 1171 3536
11548 4 2 1 1 1970 2481 3219 3359
11549 4 2 1 1 2401 1487 3546 3679
11550 4 2 1 1 221 219 220 2545
11551 4 2 1 1 345 344 339 3516
11552 4 2 1 1 2102 1905 2631 3638
11553 4 2 1 1 2199 3173 2036 2345
11554 4 2 1 1 1957 2320 2821 3417
11555 4 2 1 1 1838 2739 2381 3870
11556 4 2 1 1 1994 3511 3051 3563
11557 4 2 1 1 2097 2938 2612 3561
11558 4 2 1 1 105 1171 3536 1188
11559 4 2 1 1 3695 3058 2894 2451
11560 4 2 1 1 2196 2894 2451 3695
11561 4 2 1 1 786 785 915 2667
11562 4 2 1 1 1025 111 112 3418
11563 4 2 1 1 2621 2221 2517 3425
11564 4 2 1 1 762 763 764 3571
11565 4 2 1 1 587 3602 2706 3674
11566 4 2 1 1 1710 2962 1758 3780
11567 4 2 1 1 2368 3207 830 3873
11568 4 2 1 1 241 2746 236 3226
11569 4 2 1 1 2157 3015 2499 1865
11570 4 2 1 1 1888 2453 3585 3843
11571 4 2 1 1 1438 1439 3387 3679
11572 4 2 1 1 2382 1886 2749 3501
11573 4 2 1 1 4021 1818 1579 2620
11574 4 2 1 1 1341 1437 3174 3387
11575 4 2 1 1 2409 3055 2916 2356
11576 4 2 1 1 1717 2500 1752 2416
11577 4 2 1 1 2150 2849 2541 3474
11578 4 2 1 1 2996 2142 2316 3543
11579 4 2 1 1 2765 3273 2105 3443
11580 4 2 1 1 1487 2401 1442 3136
11581 4 2 1 1 1889 2742 2399 3479
11582 4 2 1 1 2074 2525 2868 3664
11583 4 2 1 1 1025 112 1250 3418
11584 4 2 1 1 1399 1398 1509 3830
11585 4 2 1 1 1741 3069 1760 3617
11586 4 2 1 1 2365 3320 2619 3893
11587 4 2 1 1 2106 2298 3365 3794
11588 4 2 1 1 2004 3292 3309 3382
11589 4 2 1 1 1850 2569 3085 3428
11590 4 2 1 1 1094 1084 1071 3285
11591 4 2 1 1 3310 1939 2308 3233
11592 4 2 1 1 979 983 877 2482
11593 4 2 1 1 2110 2856 2405 2734
11594 4 2 1 1 1983 2327 3042 3154
11595 4 2 1 1 2011 2672 2120 3796
11596 4 2 1 1 2264 2932 3014 3414
11597 4 2 1 1 1981 3243 2461 3670
11598 4 2 1 1 1982 2323 3040 3156
11599 4 2 1 1 3720 2888 3192 2143
11600 4 2 1 1 1856 3185 2364 3379
11601 4 2 1 1 1484 1504 1379 2596
11602 4 2 1 1 1354 3217 3662 3766
11603 4 2 1 1 2916 3055 2099 2356
11604 4 2 1 1 1593 1774 1763 2553
11605 4 2 1 1 1874 2325 2972 3429
11606 4 2 1 1 2644 2216 3337 3805
11607 4 2 1 1 692 699 590 2384
11608 4 2 1 1 2604 3095 531 2451
11609 4 2 1 1 1866 2040 2313 1996
11610 4 2 1 1 1776 1587 1589 2681
11611 4 2 1 1 267 251 264 3232
11612 4 2 1 1 641 3178 634 714
11613 4 2 1 1 3897 1974 2833 2520
11614 4 2 1 1 3418 3990 111 639
11615 4 2 1 1 3147 42 43 1019
11616 4 2 1 1 934 2409 807 2356
11617 4 2 1 1 1903 3006 2365 3590
11618 4 2 1 1 1847 2504 3140 3239
11619 4 2 1 1 1404 1397 2748 2778
11620 4 2 1 1 43 1256 3147 1019
11621 4 2 1 1 2378 2012 2868 3639
11622 4 2 1 1 1984 2745 2604 3397
11623 4 2 1 1 1880 3141 3500 3824
11624 4 2 1 1 3074 2291 3429 3875
11625 4 2 1 1 2691 2981 2151 3680
11626 4 2 1 1 1095 1090 1088 2881
11627 4 2 1 1 3270 3408 2081 3755
11628 4 2 1 1 3287 3511 2309 3631
11629 4 2 1 1 1961 2771 2324 3135
11630 4 2 1 1 627 675 3021 3111
11631 4 2 1 1 235 236 2746 3109
11632 4 2 1 1 2540 2780 1351 3848
11633 4 2 1 1 2020 2824 2818 2967
11634 4 2 1 1 2303 2142 2919 3775
11635 4 2 1 1 2247 2742 2658 3443
11636 4 2 1 1 3147 1201 42 1019
11637 4 2 1 1 3370 3527 2268 3755
11638 4 2 1 1 2292 3203 3754 3845
11639 4 2 1 1 823 816 2873 3300
11640 4 2 1 1 608 3541 2830 3674
11641 4 2 1 1 1651 2362 1672 3691
11642 4 2 1 1 2125 3224 1902 3535
11643 4 2 1 1 1968 2683 2766 3461
11644 4 2 1 1 1040 1039 1038 2679
11645 4 2 1 1 2522 2549 1906 3417
11646 4 2 1 1 720 83 5 3987
11647 4 2 1 1 1059 3099 2543 3841
11648 4 2 1 1 3720 3192 2888 2246
11649 4 2 1 1 3 38 449 4040
11650 4 2 1 1 1317 1316 1318 2447
11651 4 2 1 1 2260 3381 2530 3484
11652 4 2 1 1 2412 2004 3292 3523
11653 4 2 1 1 2054 2436 3151 3784
11654 4 2 1 1 1522 1545 1492 2463
11655 4 2 1 1 77 76 738 3930
11656 4 2 1 1 2656 3136 1441 3586
11657 4 2 1 1 2574 2220 3829 3872
11658 4 2 1 1 2519 3060 2501 3350
11659 4 2 1 1 2113 3060 2519 3350
11660 4 2 1 1 686 653 692 3494
11661 4 2 1 1 1139 2625 1259 2897
11662 4 2 1 1 2689 3454 3265 3661
11663 4 2 1 1 314 2802 3391 3431
11664 4 2 1 1 1983 3283 2611 3844
11665 4 2 1 1 2042 3468 2331 3747
11666 4 2 1 1 2029 2585 2904 3385
11667 4 2 1 1 812 799 811 2630
11668 4 2 1 1 4039 466 77 3930
11669 4 2 1 1 1163 2632 1162 3196
11670 4 2 1 1 1895 2412 3292 3523
11671 4 2 1 1 3266 3291 3303 3198
11672 4 2 1 1 799 2630 812 3440
11673 4 2 1 1 1863 2951 3502 3872
11674 4 2 1 1 499 500 498 2444
11675 4 2 1 1 2468 3235 1996 3661
11676 4 2 1 1 1901 2940 2715 3588
11677 4 2 1 1 1139 2625 1125 1259
11678 4 2 1 1 2112 3108 2801 3874
11679 4 2 1 1 1664 2501 1668 1667
11680 4 2 1 1 3531 1923 2390 3879
11681 4 2 1 1 3800 2270 2733 1934
11682 4 2 1 1 2074 2868 2381 3664
11683 4 2 1 1 3936 721 4024 2699
11684 4 2 1 1 3203 3436 2287 3761
11685 4 2 1 1 2022 3809 2269 2739
11686 4 2 1 1 773 774 772 3357
11687 4 2 1 1 2277 2166 3050 3642
11688 4 2 1 1 337 291 386 2737
11689 4 2 1 1 2838 2376 1122 3441
11690 4 2 1 1 3569 3269 2943 2183
11691 4 2 1 1 1681 2216 2985 3694
11692 4 2 1 1 3348 3099 3205 2437
11693 4 2 1 1 1969 3125 2648 3894
11694 4 2 1 1 3975 892 738 2674
11695 4 2 1 1 1758 1791 1662 2475
11696 4 2 1 1 298 3609 2359 3623
11697 4 2 1 1 3800 2733 2270 2890
11698 4 2 1 1 357 332 333 2575
11699 4 2 1 1 1905 2631 3035 2350
11700 4 2 1 1 1803 1799 1720 2534
11701 4 2 1 1 894 992 740 3333
11702 4 2 1 1 2169 3252 1915 3424
11703 4 2 1 1 700 3998 3955 3306
11704 4 2 1 1 2740 3027 2092 2357
11705 4 2 1 1 3068 3309 2285 3382
11706 4 2 1 1 2442 3652 2922 3789
11707 4 2 1 1 3259 3544 2584 3593
11708 4 2 1 1 2482 3361 2321 3778
11709 4 2 1 1 2976 2567 3401 3753
11710 4 2 1 1 4039 77 466 708
11711 4 2 1 1 310 3832 3082 3492
11712 4 2 1 1 1980 3021 2329 3053
11713 4 2 1 1 833 815 952 2414
11714 4 2 1 1 1843 3049 2415 3593
11715 4 2 1 1 738 3975 2674 3930
11716 4 2 1 1 2169 3252 2595 3589
11717 4 2 1 1 1878 2970 2281 3877
11718 4 2 1 1 2641 1936 2942 3689
11719 4 2 1 1 2644 2986 1904 3714
11720 4 2 1 1 531 2604 699 3095
11721 4 2 1 1 1439 1440 2520 3136
11722 4 2 1 1 2156 2590 2721 3456
11723 4 2 1 1 1856 2917 2470 2954
11724 4 2 1 1 1166 1115 1165 3189
11725 4 2 1 1 1964 3014 2932 3414
11726 4 2 1 1 1921 2427 2681 3563
11727 4 2 1 1 2617 3628 1692 3649
11728 4 2 1 1 1619 2877 1628 3105
11729 4 2 1 1 1853 2738 2925 3324
11730 4 2 1 1 1858 3098 2528 3451
11731 4 2 1 1 1084 1101 1083 2874
11732 4 2 1 1 1790 1814 1574 2555
11733 4 2 1 1 3907 1467 1465 2509
11734 4 2 1 1 2442 2922 2276 3007
11735 4 2 1 1 1561 31 32 3929
11736 4 2 1 1 2088 3118 2509 3364
11737 4 2 1 1 493 495 494 2451
11738 4 2 1 1 4025 200 3131 3918
11739 4 2 1 1 2243 3335 2491 2999
11740 4 2 1 1 1781 1748 1787 2823
11741 4 2 1 1 469 3919 3931 3130
11742 4 2 1 1 1618 1591 1763 3003
11743 4 2 1 1 1643 1654 1669 3564
11744 4 2 1 1 1167 1240 1122 2838
11745 4 2 1 1 1561 32 1803 3929
11746 4 2 1 1 3217 1352 1351 1353
11747 4 2 1 1 1054 1051 1052 2895
11748 4 2 1 1 1053 1051 1195 2895
11749 4 2 1 1 2323 2480 1478 3660
11750 4 2 1 1 2243 2870 2491 3634
11751 4 2 1 1 3701 1313 1312 1311
11752 4 2 1 1 2585 2617 2005 3433
11753 4 2 1 1 1885 2421 2763 3703
11754 4 2 1 1 3228 1089 1090 2881
11755 4 2 1 1 3217 1351 1352 2540
11756 4 2 1 1 1858 3291 2818 2020
11757 4 2 1 1 1756 1627 1628 3780
11758 4 2 1 1 2022 2381 3315 3575
11759 4 2 1 1 4011 363 2775 189
11760 4 2 1 1 446 24 1 4028
11761 4 2 1 1 3739 903 2410 2392
11762 4 2 1 1 2715 2940 2119 3557
11763 4 2 1 1 2219 3166 2693 3827
11764 4 2 1 1 2686 3444 2269 3809
11765 4 2 1 1 2108 2374 3605 3075
11766 4 2 1 1 1960 3111 2744 3608
11767 4 2 1 1 2731 3343 2049 3554
11768 4 2 1 1 2900 3569 2717 3601
11769 4 2 1 1 2396 1998 3240 1927
11770 4 2 1 1 321 3047 2750 3752
11771 4 2 1 1 505 3021 626 3053
11772 4 2 1 1 2507 2688 1975 3597
11773 4 2 1 1 1885 2917 2232 3308
11774 4 2 1 1 4011 363 189 31
11775 4 2 1 1 2203 1901 2913 3457
11776 4 2 1 1 611 2277 2648 3172
11777 4 2 1 1 3875 3327 2291 3429
11778 4 2 1 1 2501 2617 2005 3748
11779 4 2 1 1 1139 3647 2897 1254
11780 4 2 1 1 782 2624 788 3171
11781 4 2 1 1 2190 2515 3427 3812
11782 4 2 1 1 2433 3330 842 3504
11783 4 2 1 1 1317 2447 2975 3476
11784 4 2 1 1 2060 2767 2809 3360
11785 4 2 1 1 1803 1561 3929 2775
11786 4 2 1 1 119 3928 1528 1513
11787 4 2 1 1 1140 1212 1153 3647
11788 4 2 1 1 320 377 203 2982
11789 4 2 1 1 1870 2307 3678 2526
11790 4 2 1 1 1998 2396 3240 3804
11791 4 2 1 1 3350 1663 1808 2829
11792 4 2 1 1 1886 3032 2382 3471
11793 4 2 1 1 778 953 3083 3666
11794 4 2 1 1 2171 3444 2686 3809
11795 4 2 1 1 1922 3100 2582 3493
11796 4 2 1 1 523 3050 496 3642
11797 4 2 1 1 1246 3388 2330 3770
11798 4 2 1 1 1132 3086 1131 3228
11799 4 2 1 1 943 960 954 3138
11800 4 2 1 1 2529 2700 1832 3738
11801 4 2 1 1 2489 3455 2442 3668
11802 4 2 1 1 3118 3231 2088 3811
11803 4 2 1 1 3707 3511 2194 2884
11804 4 2 1 1 2008 3173 2312 1941
11805 4 2 1 1 774 775 776 2611
11806 4 2 1 1 1123 2609 1151 3402
11807 4 2 1 1 3936 721 2699 485
11808 4 2 1 1 3778 952 833 921
11809 4 2 1 1 3241 559 548 574
11810 4 2 1 1 1372 2397 1461 2435
11811 4 2 1 1 2405 2856 1955 3250
11812 4 2 1 1 1347 1368 1365 2836
11813 4 2 1 1 1092 3587 2377 3868
11814 4 2 1 1 582 729 728 3184
11815 4 2 1 1 2689 3265 2342 3661
11816 4 2 1 1 2008 2535 3012 3228
11817 4 2 1 1 1278 3982 1009 45
11818 4 2 1 1 1866 2132 1996 3589
11819 4 2 1 1 620 613 619 2389
11820 4 2 1 1 924 3925 3960 2984
11821 4 2 1 1 2357 3730 3311 3764
11822 4 2 1 1 1513 118 119 3928
11823 4 2 1 1 1665 2577 1653 2985
11824 4 2 1 1 2012 2871 2378 2893
11825 4 2 1 1 1428 1521 1551 2987
11826 4 2 1 1 2407 583 732 3541
11827 4 2 1 1 2503 2717 3569 3601
11828 4 2 1 1 3921 688 474 3159
11829 4 2 1 1 2011 2866 2378 2898
11830 4 2 1 1 1878 2281 2970 3262
11831 4 2 1 1 35 390 201 2876
11832 4 2 1 1 3350 1808 1663 1738
11833 4 2 1 1 1973 2486 2928 3235
11834 4 2 1 1 703 3908 3993 2997
11835 4 2 1 1 1673 1773 1777 2887
11836 4 2 1 1 1962 3110 2387 3460
11837 4 2 1 1 3928 1513 118 3473
11838 4 2 1 1 1782 2427 1776 3734
11839 4 2 1 1 1488 3311 2357 3414
11840 4 2 1 1 1157 1244 1096 3033
11841 4 2 1 1 1472 2336 1285 1454
11842 4 2 1 1 1420 1421 1419 2676
11843 4 2 1 1 907 906 876 2387
11844 4 2 1 1 1062 3288 1216 3850
11845 4 2 1 1 1890 2729 2478 3900
11846 4 2 1 1 389 2645 3296 3393
11847 4 2 1 1 3928 1420 2956 1528
11848 4 2 1 1 1096 1209 1036 3033
11849 4 2 1 1 1932 2920 2344 2716
11850 4 2 1 1 2621 2749 2213 3360
11851 4 2 1 1 1160 1239 1127 2969
11852 4 2 1 1 1954 2759 3579 3724
11853 4 2 1 1 3629 2850 2430 1932
11854 4 2 1 1 478 2632 724 3048
11855 4 2 1 1 1842 2913 2295 2375
11856 4 2 1 1 1996 2397 3235 1915
11857 4 2 1 1 1467 1429 1388 3118
11858 4 2 1 1 1832 2521 2698 3636
11859 4 2 1 1 7 98 4038 723
11860 4 2 1 1 1859 3427 3287 3511
11861 4 2 1 1 3969 1801 2347 3519
11862 4 2 1 1 2169 2595 3252 3424
11863 4 2 1 1 3348 3099 2437 2018
11864 4 2 1 1 1349 1471 1339 2641
11865 4 2 1 1 1498 2836 1365 3310
11866 4 2 1 1 2709 2820 2225 3561
11867 4 2 1 1 2188 2082 2567 2346
11868 4 2 1 1 276 309 2355 3863
11869 4 2 1 1 754 891 975 2699
11870 4 2 1 1 1965 2846 2386 3503
11871 4 2 1 1 2402 3104 1855 3515
11872 4 2 1 1 1857 3349 3246 2650
11873 4 2 1 1 3246 3349 1857 2777
11874 4 2 1 1 2472 1908 2934 3290
11875 4 2 1 1 1979 3160 2338 3509
11876 4 2 1 1 2312 3173 2981 1941
11877 4 2 1 1 1832 2529 2704 3639
11878 4 2 1 1 1868 2898 2866 3534
11879 4 2 1 1 2050 2705 2619 3677
11880 4 2 1 1 2823 3295 1781 2887
11881 4 2 1 1 1994 2884 3051 3511
11882 4 2 1 1 2427 3051 3563 3898
11883 4 2 1 1 3029 3516 402 3723
11884 4 2 1 1 2194 3051 2884 3511
11885 4 2 1 1 746 924 3960 2984
11886 4 2 1 1 275 3227 2937 3863
11887 4 2 1 1 526 2418 534 3608
11888 4 2 1 1 2353 2859 2170 3772
11889 4 2 1 1 2158 2583 3064 3570
11890 4 2 1 1 1204 3986 1023 1203
11891 4 2 1 1 1317 1316 2447 3476
11892 4 2 1 1 2434 1355 3565 3766
11893 4 2 1 1 1951 3180 2674 3864
11894 4 2 1 1 685 467 713 2288
11895 4 2 1 1 2964 1902 3224 3535
11896 4 2 1 1 920 848 986 2946
11897 4 2 1 1 306 308 286 2714
11898 4 2 1 1 1737 1738 1808 3159
11899 4 2 1 1 1982 2323 3156 3824
11900 4 2 1 1 3456 3420 2721 2156
11901 4 2 1 1 1322 3034 2628 3776
11902 4 2 1 1 2018 2571 2924 3746
11903 4 2 1 1 3641 3710 2525 2698
11904 4 2 1 1 1985 2895 2888 2939
11905 4 2 1 1 3252 3424 2844 3846
11906 4 2 1 1 3296 424 2347 3519
11907 4 2 1 1 1231 1235 2716 3650
11908 4 2 1 1 2501 2005 2617 3737
11909 4 2 1 1 2213 2335 3410 3860
11910 4 2 1 1 3313 2926 3068 2285
11911 4 2 1 1 467 2872 685 595
11912 4 2 1 1 4038 113 7 723
11913 4 2 1 1 2227 2582 2910 3765
11914 4 2 1 1 1970 2910 2582 3765
11915 4 2 1 1 1812 1745 1564 3271
11916 4 2 1 1 2411 3260 772 3357
11917 4 2 1 1 3916 1502 2988 1285
11918 4 2 1 1 2955 3745 2561 3708
11919 4 2 1 1 2561 2955 2193 3194
11920 4 2 1 1 3319 3279 3035 2152
11921 4 2 1 1 2262 2420 3029 3726
11922 4 2 1 1 1318 1321 1320 2628
11923 4 2 1 1 902 2455 872 3249
11924 4 2 1 1 3944 2731 1247 3554
11925 4 2 1 1 1054 1052 1055 3888
11926 4 2 1 1 915 3490 2667 3899
11927 4 2 1 1 1556 2697 2942 1378
11928 4 2 1 1 455 308 454 2388
11929 4 2 1 1 1984 2196 2745 3223
11930 4 2 1 1 3714 3753 2976 2441
11931 4 2 1 1 2281 2860 2367 3877
11932 4 2 1 1 3693 2628 3034 1982
11933 4 2 1 1 686 578 682 3494
11934 4 2 1 1 3976 54 2 447
11935 4 2 1 1 1125 1189 2625 3532
11936 4 2 1 1 1730 3084 2605 3802
11937 4 2 1 1 2464 3412 3202 2892
11938 4 2 1 1 3074 3119 2183 3640
11939 4 2 1 1 424 3296 2337 343
11940 4 2 1 1 1952 3095 2604 2451
11941 4 2 1 1 3034 3414 2264 3828
11942 4 2 1 1 2434 3217 1355 3766
11943 4 2 1 1 1101 2874 1143 3485
11944 4 2 1 1 1513 3928 2422 3473
11945 4 2 1 1 3895 3729 3011 1968
11946 4 2 1 1 3145 3665 2373 2146
11947 4 2 1 1 2579 3251 2828 3678
11948 4 2 1 1 429 3942 3080 3989
11949 4 2 1 1 1929 2901 2754 2432
11950 4 2 1 1 2412 3292 2004 3382
11951 4 2 1 1 1995 2650 2720 2789
11952 4 2 1 1 2017 2365 3006 3590
11953 4 2 1 1 2718 1977 3385 3571
11954 4 2 1 1 1477 3040 1320 3693
11955 4 2 1 1 1243 3070 1074 3866
11956 4 2 1 1 2323 1982 3040 3693
11957 4 2 1 1 330 326 199 3122
11958 4 2 1 1 431 314 328 2531
11959 4 2 1 1 1108 1246 1271 2702
11960 4 2 1 1 958 942 738 3633
11961 4 2 1 1 1354 3217 1352 3662
11962 4 2 1 1 636 3077 511 3658
11963 4 2 1 1 1965 2516 3098 3372
11964 4 2 1 1 2677 3209 2391 1924
11965 4 2 1 1 1936 3424 3252 3846
11966 4 2 1 1 2596 2761 2223 3399
11967 4 2 1 1 1886 2382 2749 3471
11968 4 2 1 1 1412 3215 2508 3704
11969 4 2 1 1 2005 2617 2585 3748
11970 4 2 1 1 3319 3035 3279 2009
11971 4 2 1 1 352 231 2727 3819
11972 4 2 1 1 2399 2157 3622 3842
11973 4 2 1 1 2026 3547 3453 3772
11974 4 2 1 1 3702 3598 2398 3017
11975 4 2 1 1 1946 2640 3478 3520
11976 4 2 1 1 206 3356 2669 3607
11977 4 2 1 1 1958 3123 2603 3329
11978 4 2 1 1 1357 1351 1353 3546
11979 4 2 1 1 2291 3031 2261 2325
11980 4 2 1 1 639 715 629 2615
11981 4 2 1 1 2104 2299 2903 3637
11982 4 2 1 1 2173 2476 3590 3763
11983 4 2 1 1 2224 2464 3411 3676
11984 4 2 1 1 2026 3411 2464 3676
11985 4 2 1 1 1947 2682 3195 3725
11986 4 2 1 1 646 626 3021 3327
11987 4 2 1 1 2290 3030 2259 3617
11988 4 2 1 1 3928 1420 1528 1513
11989 4 2 1 1 1842 2646 2840 3686
11990 4 2 1 1 815 832 806 3671
11991 4 2 1 1 1010 106 107 3927
11992 4 2 1 1 321 2750 329 3752
11993 4 2 1 1 2168 3213 2556 3687
11994 4 2 1 1 1139 3647 1254 1140
11995 4 2 1 1 1010 4036 1214 3359
11996 4 2 1 1 1983 3018 2611 3042
11997 4 2 1 1 2677 680 662 2136
11998 4 2 1 1 2950 3256 2317 3506
11999 4 2 1 1 2828 3251 2121 3380
12000 4 2 1 1 3221 3301 2576 2815
12001 4 2 1 1 770 772 3260 3357
12002 4 2 1 1 2540 3495 1880 3891
12003 4 2 1 1 3367 3596 2033 2635
12004 4 2 1 1 1615 1624 1614 3030
12005 4 2 1 1 1993 3057 2704 2521
12006 4 2 1 1 2268 3270 3196 3370
12007 4 2 1 1 2086 2898 2908 3821
12008 4 2 1 1 2262 2995 2668 3847
12009 4 2 1 1 1809 1751 1566 2882
12010 4 2 1 1 3927 4036 707 107
12011 4 2 1 1 1979 3160 2927 3814
12012 4 2 1 1 1894 3064 2498 3439
12013 4 2 1 1 1238 1262 1197 2484
12014 4 2 1 1 1164 3983 1010 2481
12015 4 2 1 1 2103 2825 3147 3623
12016 4 2 1 1 1933 2398 3017 3702
12017 4 2 1 1 207 55 56 4007
12018 4 2 1 1 514 528 524 2452
12019 4 2 1 1 555 556 576 3632
12020 4 2 1 1 1608 1741 1657 3617
12021 4 2 1 1 2236 3303 2537 3451
12022 4 2 1 1 2155 3073 2564 3093
12023 4 2 1 1 811 2630 798 3490
12024 4 2 1 1 3391 3623 298 2359
12025 4 2 1 1 2101 3385 2585 3745
12026 4 2 1 1 2091 2450 3113 3278
12027 4 2 1 1 2180 2633 2726 3864
12028 4 2 1 1 1010 2481 3927 3359
12029 4 2 1 1 1010 3983 1188 106
12030 4 2 1 1 993 4006 925 2379
12031 4 2 1 1 2119 3181 2715 3557
12032 4 2 1 1 1308 3062 2570 3701
12033 4 2 1 1 3611 3861 2654 1927
12034 4 2 1 1 513 646 562 2325
12035 4 2 1 1 2564 3073 2065 3093
12036 4 2 1 1 1952 2286 3058 2894
12037 4 2 1 1 1834 2473 2478 3484
12038 4 2 1 1 908 985 911 3197
12039 4 2 1 1 1907 2640 2572 3478
12040 4 2 1 1 915 955 798 3490
12041 4 2 1 1 721 6 69 4024
12042 4 2 1 1 2862 3179 2129 3760
12043 4 2 1 1 1991 2973 2700 3738
12044 4 2 1 1 1181 1184 1182 2612
12045 4 2 1 1 2307 3578 3398 2526
12046 4 2 1 1 1467 3118 2509 3853
12047 4 2 1 1 3790 3610 2664 1930
12048 4 2 1 1 2803 3393 2131 3793
12049 4 2 1 1 1750 2798 1771 3779
12050 4 2 1 1 1904 2371 3230 3722
12051 4 2 1 1 3606 3501 3860 2420
12052 4 2 1 1 974 945 836 3556
12053 4 2 1 1 1980 3053 2329 3182
12054 4 2 1 1 2085 3256 2950 3506
12055 4 2 1 1 2741 3159 2113 3732
12056 4 2 1 1 3275 2101 3574 2005
12057 4 2 1 1 3881 3652 3789 2156
12058 4 2 1 1 2524 2959 2117 3143
12059 4 2 1 1 1603 3305 2406 3466
12060 4 2 1 1 604 581 596 2422
12061 4 2 1 1 2049 3343 2731 3602
12062 4 2 1 1 2753 3539 2097 3644
12063 4 2 1 1 2473 3002 3319 3643
12064 4 2 1 1 1071 1083 1070 2636
12065 4 2 1 1 3034 3776 3414 3828
12066 4 2 1 1 2604 2745 2196 3762
12067 4 2 1 1 2026 3453 2859 3772
12068 4 2 1 1 2025 3032 2523 3471
12069 4 2 1 1 3852 92 1560 3926
12070 4 2 1 1 1652 1665 1689 2577
12071 4 2 1 1 3779 1750 2406 3466
12072 4 2 1 1 91 92 3926 1560
12073 4 2 1 1 2421 2782 2189 3759
12074 4 2 1 1 1520 1524 1509 2944
12075 4 2 1 1 2079 2362 2915 3295
12076 4 2 1 1 2119 2318 3673 2663
12077 4 2 1 1 3708 3745 3385 2101
12078 4 2 1 1 432 2489 319 3377
12079 4 2 1 1 2872 3595 2629 3536
12080 4 2 1 1 2263 3018 3518 3844
12081 4 2 1 1 1235 3086 2716 3650
12082 4 2 1 1 1222 1098 1059 2543
12083 4 2 1 1 2965 3224 2381 1838
12084 4 2 1 1 244 3005 3410 3890
12085 4 2 1 1 2433 2764 2054 3504
12086 4 2 1 1 1366 1479 1390 2397
12087 4 2 1 1 2567 2990 2016 3230
12088 4 2 1 1 2274 2766 2387 3882
12089 4 2 1 1 2630 3406 812 3440
12090 4 2 1 1 3197 3700 911 3856
12091 4 2 1 1 2073 3037 2120 3567
12092 4 2 1 1 1951 3138 2674 3633
12093 4 2 1 1 2943 2233 3269 3513
12094 4 2 1 1 2567 2990 2070 1855
12095 4 2 1 1 1159 4012 3356 3948
12096 4 2 1 1 2130 3004 2562 3043
12097 4 2 1 1 3926 1698 91 1560
12098 4 2 1 1 3743 3319 2473 3002
12099 4 2 1 1 1560 3926 2685 3852
12100 4 2 1 1 2213 3163 3501 3860
12101 4 2 1 1 3830 3859 1399 1398
12102 4 2 1 1 2503 2717 2035 3569
12103 4 2 1 1 1913 3307 2594 3464
12104 4 2 1 1 1051 1049 1048 2939
12105 4 2 1 1 145 146 3925 1576
12106 4 2 1 1 1851 2273 3210 3461
12107 4 2 1 1 1851 2812 3168 3177
12108 4 2 1 1 1282 1451 1525 2656
12109 4 2 1 1 1873 2977 2720 3645
12110 4 2 1 1 1585 1584 1586 2884
12111 4 2 1 1 730 3922 3343 3991
12112 4 2 1 1 213 214 2756 2876
12113 4 2 1 1 418 3195 379 3510
12114 4 2 1 1 1723 1582 2884 1584
12115 4 2 1 1 3925 146 1821 1576
12116 4 2 1 1 2263 3524 1968 3729
12117 4 2 1 1 3925 1797 145 1576
12118 4 2 1 1 812 2630 811 3406
12119 4 2 1 1 2284 2424 3247 3138
12120 4 2 1 1 449 210 427 2669
12121 4 2 1 1 2473 3002 2167 3743
12122 4 2 1 1 3743 3319 3002 1892
12123 4 2 1 1 3536 1136 3595 2629
12124 4 2 1 1 2304 3120 2933 2314
12125 4 2 1 1 1007 2768 2489 3455
12126 4 2 1 1 2707 2949 2090 3334
12127 4 2 1 1 1476 1438 3387 3679
12128 4 2 1 1 1867 3024 2474 3544
12129 4 2 1 1 721 3995 4024 2699
12130 4 2 1 1 2441 2710 2031 2976
12131 4 2 1 1 1977 2300 2931 3571
12132 4 2 1 1 3925 4027 977 145
12133 4 2 1 1 2945 3244 1916 3750
12134 4 2 1 1 944 778 953 3083
12135 4 2 1 1 1973 2928 2486 3467
12136 4 2 1 1 2076 2350 3348 3368
12137 4 2 1 1 2093 2845 2476 2032
12138 4 2 1 1 2600 2974 2973 3646
12139 4 2 1 1 2184 3318 3137 3761
12140 4 2 1 1 3960 1821 1568 2984
12141 4 2 1 1 2016 2990 3104 3434
12142 4 2 1 1 881 871 749 2966
12143 4 2 1 1 2727 3109 2271 3819
12144 4 2 1 1 2383 1953 2823 3802
12145 4 2 1 1 2017 2703 2365 3550
12146 4 2 1 1 339 346 345 2457
12147 4 2 1 1 1116 3340 2495 3770
12148 4 2 1 1 3928 1420 1513 2422
12149 4 2 1 1 227 228 3109 3432
12150 4 2 1 1 1226 3815 3616 3874
12151 4 2 1 1 2055 3148 2280 3198
12152 4 2 1 1 1459 1532 1551 2987
12153 4 2 1 1 3925 1576 2984 3705
12154 4 2 1 1 2601 1971 2924 3469
12155 4 2 1 1 1421 1531 2676 3586
12156 4 2 1 1 1338 1336 3129 3764
12157 4 2 1 1 1670 2475 1791 3529
12158 4 2 1 1 2204 1998 2658 1927
12159 4 2 1 1 900 2455 872 901
12160 4 2 1 1 1656 2441 3564 2747
12161 4 2 1 1 2645 3131 2115 1923
12162 4 2 1 1 389 3296 341 3393
12163 4 2 1 1 2055 2280 2020 3198
12164 4 2 1 1 165 164 3968 1263
12165 4 2 1 1 675 665 627 3021
12166 4 2 1 1 665 646 626 3021
12167 4 2 1 1 3886 2948 2521 2047
12168 4 2 1 1 2853 3805 896 2644
12169 4 2 1 1 2347 3296 2869 2337
12170 4 2 1 1 2014 3251 2828 3380
12171 4 2 1 1 1143 2874 1211 3121
12172 4 2 1 1 1861 2268 2755 3001
12173 4 2 1 1 2066 2620 2831 3522
12174 4 2 1 1 1821 3925 1576 2984
12175 4 2 1 1 3886 2084 2698 2521
12176 4 2 1 1 1920 2515 2894 3044
12177 4 2 1 1 2647 3130 2107 1924
12178 4 2 1 1 2011 3742 2584 3821
12179 4 2 1 1 103 102 3924 1194
12180 4 2 1 1 2542 2157 2469 3326
12181 4 2 1 1 2522 3177 2177 2273
12182 4 2 1 1 2917 2954 2064 3568
12183 4 2 1 1 841 2853 2433 3594
12184 4 2 1 1 1990 2960 2469 3407
12185 4 2 1 1 2110 2856 2813 3186
12186 4 2 1 1 450 431 204 2531
12187 4 2 1 1 2907 2162 2759 3579
12188 4 2 1 1 2287 3137 3743 3761
12189 4 2 1 1 1434 1406 2826 3369
12190 4 2 1 1 421 366 426 2538
12191 4 2 1 1 2103 3862 2702 3867
12192 4 2 1 1 2167 2473 3059 3643
12193 4 2 1 1 2843 2356 800 3671
12194 4 2 1 1 3947 90 89 693
12195 4 2 1 1 3828 1876 2264 2480
12196 4 2 1 1 1194 102 3924 3048
12197 4 2 1 1 2562 2647 965 3858
12198 4 2 1 1 1606 2431 1731 3892
12199 4 2 1 1 1910 2410 2721 3456
12200 4 2 1 1 1861 2268 3001 3755
12201 4 2 1 1 1944 2687 2806 3505
12202 4 2 1 1 2574 3208 1906 3829
12203 4 2 1 1 1516 3416 1552 1297
12204 4 2 1 1 4001 701 2620 3418
12205 4 2 1 1 365 206 444 3356
12206 4 2 1 1 874 981 3176 3455
12207 4 2 1 1 2256 2469 3015 2960
12208 4 2 1 1 3000 3043 2751 1988
12209 4 2 1 1 2042 2830 2352 3541
12210 4 2 1 1 1684 2685 3063 3852
12211 4 2 1 1 3579 2544 1945 2578
12212 4 2 1 1 911 3700 4003 3856
12213 4 2 1 1 2102 2571 2018 3746
12214 4 2 1 1 979 2482 877 3801
12215 4 2 1 1 1900 2532 1998 3513
12216 4 2 1 1 258 2803 250 3410
12217 4 2 1 1 2433 2853 841 3545
12218 4 2 1 1 2003 3323 3078 1897
12219 4 2 1 1 1155 1244 1157 3117
12220 4 2 1 1 2353 2026 3772 3411
12221 4 2 1 1 1852 3146 2449 2002
12222 4 2 1 1 809 821 945 3556
12223 4 2 1 1 571 608 606 2830
12224 4 2 1 1 2058 2550 3234 3508
12225 4 2 1 1 2419 1963 2778 3846
12226 4 2 1 1 927 2411 774 3792
12227 4 2 1 1 902 2392 904 3851
12228 4 2 1 1 891 4010 2699 2722
12229 4 2 1 1 1910 3421 2971 3456
12230 4 2 1 1 2115 2645 2996 3296
12231 4 2 1 1 636 506 511 3077
12232 4 2 1 1 2619 3184 560 3741
12233 4 2 1 1 797 796 788 3171
12234 4 2 1 1 207 3939 56 452
12235 4 2 1 1 1194 3924 103 1015
12236 4 2 1 1 2151 3132 3067 3756
12237 4 2 1 1 891 4010 757 2699
12238 4 2 1 1 659 676 537 2795
12239 4 2 1 1 3924 1239 1015 1194
12240 4 2 1 1 1672 2362 3063 3691
12241 4 2 1 1 2750 3388 2495 1909
12242 4 2 1 1 3611 2654 2736 3666
12243 4 2 1 1 3595 1015 3536 2288
12244 4 2 1 1 2061 2284 2654 3711
12245 4 2 1 1 1970 3854 3219 2426
12246 4 2 1 1 2485 2945 1916 3750
12247 4 2 1 1 3118 3231 2308 3364
12248 4 2 1 1 2015 3259 2909 3461
12249 4 2 1 1 1315 1317 1476 2975
12250 4 2 1 1 1630 1643 1622 2771
12251 4 2 1 1 1254 1212 1140 3647
12252 4 2 1 1 1001 869 870 3873
12253 4 2 1 1 2623 2776 2053 3785
12254 4 2 1 1 3456 3420 2156 3556
12255 4 2 1 1 1134 2535 1237 3595
12256 4 2 1 1 1838 3234 2660 3489
12257 4 2 1 1 3768 3844 3518 3018
12258 4 2 1 1 2033 2536 2690 3446
12259 4 2 1 1 2728 3882 2766 3895
12260 4 2 1 1 3924 1239 1194 3048
12261 4 2 1 1 2469 2960 2256 3407
12262 4 2 1 1 1955 2813 2856 3186
12263 4 2 1 1 2379 2951 2006 3061
12264 4 2 1 1 1511 1454 2994 3250
12265 4 2 1 1 1944 2409 2687 3055
12266 4 2 1 1 2479 2757 1858 3731
12267 4 2 1 1 2284 1951 3140 3553
12268 4 2 1 1 1849 3627 2395 3680
12269 4 2 1 1 310 3832 462 3082
12270 4 2 1 1 941 857 3284 3556
12271 4 2 1 1 1253 3907 1205 1023
12272 4 2 1 1 3008 3061 2006 3778
12273 4 2 1 1 2281 3372 3114 3901
12274 4 2 1 1 669 530 520 3651
12275 4 2 1 1 2220 3505 2837 3829
12276 4 2 1 1 133 134 1287 3856
12277 4 2 1 1 1584 1586 2884 3707
12278 4 2 1 1 2744 2972 2017 3241
12279 4 2 1 1 2011 3696 2672 3796
12280 4 2 1 1 2175 3478 2815 2517
12281 4 2 1 1 292 293 269 2563
12282 4 2 1 1 965 860 862 2562
12283 4 2 1 1 2948 3268 2318 3507
12284 4 2 1 1 1990 2573 2960 3576
12285 4 2 1 1 1804 1642 1766 2441
12286 4 2 1 1 543 567 566 2564
12287 4 2 1 1 3915 667 468 638
12288 4 2 1 1 295 2825 280 3609
12289 4 2 1 1 3391 298 3623 299
12290 4 2 1 1 1754 1775 1719 3056
12291 4 2 1 1 163 3986 162 1291
12292 4 2 1 1 2914 3337 2216 3805
12293 4 2 1 1 2797 3134 2001 3430
12294 4 2 1 1 1364 1382 1383 2928
12295 4 2 1 1 2370 2267 3096 3354
12296 4 2 1 1 845 842 841 2433
12297 4 2 1 1 2129 3179 2661 3760
12298 4 2 1 1 3425 2586 2809 2316
12299 4 2 1 1 2338 3160 1979 3814
12300 4 2 1 1 133 1287 2826 3856
12301 4 2 1 1 710 3983 2481 465
12302 4 2 1 1 2173 2476 3379 3590
12303 4 2 1 1 529 530 539 3651
12304 4 2 1 1 276 2355 3227 3863
12305 4 2 1 1 1917 2662 2575 3162
12306 4 2 1 1 1651 1650 1636 2635
12307 4 2 1 1 2860 2970 2465 3877
12308 4 2 1 1 1975 2616 2507 3289
12309 4 2 1 1 1857 2777 2606 2175
12310 4 2 1 1 2991 3204 2385 3432
12311 4 2 1 1 227 228 231 3109
12312 4 2 1 1 313 2649 3391 3832
12313 4 2 1 1 2042 2331 2830 3674
12314 4 2 1 1 2282 3374 3840 3895
12315 4 2 1 1 1849 3186 2813 3680
12316 4 2 1 1 2828 2086 2893 3813
12317 4 2 1 1 2145 2839 2968 3426
12318 4 2 1 1 2370 2267 2724 3096
12319 4 2 1 1 265 2890 2393 3687
12320 4 2 1 1 684 649 650 3212
12321 4 2 1 1 2509 3118 2088 3853
12322 4 2 1 1 1919 2466 2163 3781
12323 4 2 1 1 386 407 413 3193
12324 4 2 1 1 1880 2540 3281 3495
12325 4 2 1 1 2048 2974 2758 3549
12326 4 2 1 1 260 400 3653 261
12327 4 2 1 1 3353 3653 400 261
12328 4 2 1 1 1100 3019 1084 3532
12329 4 2 1 1 3828 2480 2264 3034
12330 4 2 1 1 4001 723 4038 2620
12331 4 2 1 1 3334 2835 2551 2237
12332 4 2 1 1 1895 3046 2492 3669
12333 4 2 1 1 2513 3289 1975 3620
12334 4 2 1 1 3344 3232 2967 2450
12335 4 2 1 1 868 828 939 2914
12336 4 2 1 1 12 13 747 2982
12337 4 2 1 1 2063 3090 2572 3405
12338 4 2 1 1 2982 13 747 984
12339 4 2 1 1 1649 1648 1663 2829
12340 4 2 1 1 104 105 3536 716
12341 4 2 1 1 2083 2830 2589 3750
12342 4 2 1 1 2169 1915 3252 3589
12343 4 2 1 1 632 729 582 3184
12344 4 2 1 1 2634 2248 3187 3884
12345 4 2 1 1 1990 3073 3407 3614
12346 4 2 1 1 2043 3233 2333 3310
12347 4 2 1 1 3353 400 3653 2254
12348 4 2 1 1 1928 2991 2385 3163
12349 4 2 1 1 2038 3286 2282 3840
12350 4 2 1 1 310 3492 3082 2355
12351 4 2 1 1 2519 2847 2029 3060
12352 4 2 1 1 1986 2693 3166 3827
12353 4 2 1 1 747 929 12 2982
12354 4 2 1 1 1717 2249 2500 2416
12355 4 2 1 1 2324 3237 1704 3617
12356 4 2 1 1 3751 3154 3188 1881
12357 4 2 1 1 2358 1975 2885 3803
12358 4 2 1 1 2472 2934 2696 3290
12359 4 2 1 1 1706 1782 1755 3734
12360 4 2 1 1 1938 2341 2623 2349
12361 4 2 1 1 842 2433 845 3330
12362 4 2 1 1 2709 2459 3561 2813
12363 4 2 1 1 2258 3375 2858 3600
12364 4 2 1 1 2081 3408 2969 3755
12365 4 2 1 1 2258 3572 3375 3600
12366 4 2 1 1 2014 2526 2828 3678
12367 4 2 1 1 1989 2767 2749 3360
12368 4 2 1 1 2703 669 670 574
12369 4 2 1 1 3911 194 390 2882
12370 4 2 1 1 1844 3152 2408 3569
12371 4 2 1 1 1226 3815 3874 1133
12372 4 2 1 1 2915 2033 1852 2539
12373 4 2 1 1 2189 3352 2678 3717
12374 4 2 1 1 1627 1619 1628 3105
12375 4 2 1 1 918 2654 963 3666
12376 4 2 1 1 1310 1308 2570 3701
12377 4 2 1 1 1156 2446 1155 3483
12378 4 2 1 1 3633 892 2674 738
12379 4 2 1 1 2050 2676 2401 3586
12380 4 2 1 1 2952 3024 2071 2871
12381 4 2 1 1 1452 1511 2423 1493
12382 4 2 1 1 2016 2371 3127 3594
12383 4 2 1 1 2463 2706 2049 3747
12384 4 2 1 1 2084 3268 2948 3507
12385 4 2 1 1 380 319 432 2489
12386 4 2 1 1 1984 2745 2615 3223
12387 4 2 1 1 2258 3572 2532 3375
12388 4 2 1 1 1993 2858 2521 3375
12389 4 2 1 1 2376 3402 2609 3838
12390 4 2 1 1 2024 2816 2554 3783
12391 4 2 1 1 3932 179 180 1264
12392 4 2 1 1 1452 167 166 3923
12393 4 2 1 1 3923 3970 1255 2994
12394 4 2 1 1 3543 2996 2809 2316
12395 4 2 1 1 884 883 2617 3559
12396 4 2 1 1 2794 2832 2283 3412
12397 4 2 1 1 1893 3058 2366 1952
12398 4 2 1 1 1367 1378 2942 3624
12399 4 2 1 1 2293 2386 3690 3728
12400 4 2 1 1 1049 2939 1062 3850
12401 4 2 1 1 2089 3092 2566 3565
12402 4 2 1 1 2662 3162 2438 3657
12403 4 2 1 1 1068 2846 3191 3833
12404 4 2 1 1 2443 2287 2767 3457
12405 4 2 1 1 3530 1229 1075 3099
12406 4 2 1 1 2157 3326 2399 3622
12407 4 2 1 1 1944 2655 3505 3829
12408 4 2 1 1 888 2490 890 854
12409 4 2 1 1 3923 3970 167 1255
12410 4 2 1 1 804 794 793 3011
12411 4 2 1 1 951 791 794 3011
12412 4 2 1 1 2055 2616 2818 2824
12413 4 2 1 1 2735 338 339 383
12414 4 2 1 1 890 865 2490 3438
12415 4 2 1 1 4001 723 2620 701
12416 4 2 1 1 2001 2951 2490 3502
12417 4 2 1 1 3259 1867 2908 2584
12418 4 2 1 1 3543 2809 2996 1923
12419 4 2 1 1 1753 1604 1596 2144
12420 4 2 1 1 1358 1495 3698 3766
12421 4 2 1 1 651 594 477 3257
12422 4 2 1 1 1507 2419 2942 3369
12423 4 2 1 1 2358 2636 2874 3290
12424 4 2 1 1 683 563 2664 3658
12425 4 2 1 1 2153 2284 3247 3885
12426 4 2 1 1 3540 2999 3896 2723
12427 4 2 1 1 2348 3148 2512 3667
12428 4 2 1 1 1012 1258 1192 2483
12429 4 2 1 1 1966 3030 2798 2462
12430 4 2 1 1 402 3029 3723 3847
12431 4 2 1 1 1634 1624 1625 3675
12432 4 2 1 1 1980 3182 2329 3253
12433 4 2 1 1 2338 1979 3294 3814
12434 4 2 1 1 1175 1176 1245 2404
12435 4 2 1 1 2378 2011 2898 3821
12436 4 2 1 1 2148 2611 3283 3844
12437 4 2 1 1 1626 2823 3084 3802
12438 4 2 1 1 1109 2983 2495 3340
12439 4 2 1 1 3955 720 2788 3987
12440 4 2 1 1 2173 3590 3006 3763
12441 4 2 1 1 635 2604 531 2451
12442 4 2 1 1 2042 2463 2588 3328
12443 4 2 1 1 2673 1107 1145 3862
12444 4 2 1 1 1226 3616 2801 3874
12445 4 2 1 1 2302 3336 2067 2590
12446 4 2 1 1 2233 3269 2732 3640
12447 4 2 1 1 206 4012 3948 3356
12448 4 2 1 1 2930 3319 2152 3643
12449 4 2 1 1 1392 1477 1478 3693
12450 4 2 1 1 1477 1320 1324 3693
12451 4 2 1 1 2120 3037 2073 3534
12452 4 2 1 1 3143 3627 3599 2959
12453 4 2 1 1 2182 3277 3251 3654
12454 4 2 1 1 2063 3337 2371 3716
12455 4 2 1 1 1996 3265 3454 3661
12456 4 2 1 1 3610 3614 2784 2215
12457 4 2 1 1 1698 3314 1671 3691
12458 4 2 1 1 836 3420 2410 3556
12459 4 2 1 1 2470 2954 2917 3568
12460 4 2 1 1 2821 2854 1957 3660
12461 4 2 1 1 381 3029 234 3860
12462 4 2 1 1 2302 2067 3088 2590
12463 4 2 1 1 717 74 75 3931
12464 4 2 1 1 2053 3413 3028 3640
12465 4 2 1 1 817 2409 934 3558
12466 4 2 1 1 832 876 906 3671
12467 4 2 1 1 1402 1555 2783 3403
12468 4 2 1 1 396 266 273 3800
12469 4 2 1 1 2098 2810 3106 3843
12470 4 2 1 1 372 239 2822 3167
12471 4 2 1 1 1952 2286 2894 2369
12472 4 2 1 1 2457 2769 1976 3214
12473 4 2 1 1 2192 2991 2512 3204
12474 4 2 1 1 2393 2890 2168 3687
12475 4 2 1 1 2019 2739 3315 3444
12476 4 2 1 1 487 4008 486 2831
12477 4 2 1 1 1896 2981 2312 3173
12478 4 2 1 1 2333 3157 2546 2355
12479 4 2 1 1 2984 2010 3395 3705
12480 4 2 1 1 1845 2774 3181 3782
12481 4 2 1 1 2182 3145 2848 3828
12482 4 2 1 1 2459 2098 3843 2046
12483 4 2 1 1 263 255 245 2995
12484 4 2 1 1 3323 1854 2786 2159
12485 4 2 1 1 1991 2700 2529 3738
12486 4 2 1 1 2042 2706 2463 3747
12487 4 2 1 1 2091 2575 2662 3162
12488 4 2 1 1 1682 3112 2501 3737
12489 4 2 1 1 2051 2457 3516 3723
12490 4 2 1 1 2723 2999 2598 2047
12491 4 2 1 1 2269 3315 2739 3444
12492 4 2 1 1 2112 3463 2535 1912
12493 4 2 1 1 4033 200 3918 3519
12494 4 2 1 1 1977 2542 2799 3708
12495 4 2 1 1 1452 166 1281 3923
12496 4 2 1 1 1900 2532 3513 3572
12497 4 2 1 1 1937 2142 2303 3543
12498 4 2 1 1 1476 1486 1438 3679
12499 4 2 1 1 2755 3062 2484 3342
12500 4 2 1 1 3923 2423 1452 2994
12501 4 2 1 1 2109 3137 2473 3588
12502 4 2 1 1 2012 2893 2378 3813
12503 4 2 1 1 1890 3266 3303 3198
12504 4 2 1 1 2016 2764 2433 3594
12505 4 2 1 1 3955 720 3987 83
12506 4 2 1 1 1857 2454 2923 3081
12507 4 2 1 1 860 2562 965 3858
12508 4 2 1 1 1452 3923 1281 2423
12509 4 2 1 1 1938 3120 2304 2314
12510 4 2 1 1 2911 2608 1857 3889
12511 4 2 1 1 355 2711 444 3607
12512 4 2 1 1 3548 1716 1712 1793
12513 4 2 1 1 1999 3703 2782 3794
12514 4 2 1 1 1985 2888 2328 3192
12515 4 2 1 1 269 2563 293 3793
12516 4 2 1 1 3621 3169 2607 3449
12517 4 2 1 1 1462 3341 3922 1295
12518 4 2 1 1 1981 2461 3149 3670
12519 4 2 1 1 1466 1512 2936 3528
12520 4 2 1 1 1656 1654 1655 2747
12521 4 2 1 1 1234 2615 1033 3418
12522 4 2 1 1 607 606 631 2589
12523 4 2 1 1 2242 2199 2036 2345
12524 4 2 1 1 2152 3279 3002 3319
12525 4 2 1 1 1988 3611 2415 1887
12526 4 2 1 1 827 2764 826 3594
12527 4 2 1 1 1318 1317 2447 3836
12528 4 2 1 1 924 3925 2984 756
12529 4 2 1 1 1139 3647 1140 3019
12530 4 2 1 1 1900 2943 2503 3513
12531 4 2 1 1 774 2611 776 3792
12532 4 2 1 1 2525 2108 2864 1871
12533 4 2 1 1 3922 126 125 1295
12534 4 2 1 1 1295 3922 126 1474
12535 4 2 1 1 1059 1075 3099 3841
12536 4 2 1 1 2147 3281 2780 3308
12537 4 2 1 1 3228 1090 1089 1091
12538 4 2 1 1 914 3571 2300 3633
12539 4 2 1 1 261 285 286 3353
12540 4 2 1 1 125 3922 1295 1462
12541 4 2 1 1 1786 2483 1558 1785
12542 4 2 1 1 2054 3280 2764 3434
12543 4 2 1 1 2450 3278 2091 3598
12544 4 2 1 1 807 2409 2916 2356
12545 4 2 1 1 710 3983 465 603
12546 4 2 1 1 724 2632 588 3602
12547 4 2 1 1 1928 3163 2385 3501
12548 4 2 1 1 3590 3089 3006 2017
12549 4 2 1 1 3330 2693 3827 3545
12550 4 2 1 1 3922 1474 1295 3343
12551 4 2 1 1 601 2989 709 3893
12552 4 2 1 1 1560 1805 1684 2685
12553 4 2 1 1 3922 1295 2706 3343
12554 4 2 1 1 2046 3143 2834 2104
12555 4 2 1 1 2031 2324 3135 3153
12556 4 2 1 1 845 2433 841 3545
12557 4 2 1 1 3522 3762 489 2494
12558 4 2 1 1 1615 3030 1608 3617
12559 4 2 1 1 2463 2195 2588 3328
12560 4 2 1 1 331 3940 3988 65
12561 4 2 1 1 3131 1923 2645 3879
12562 4 2 1 1 1132 1091 1233 3228
12563 4 2 1 1 1881 2506 3087 3188
12564 4 2 1 1 1243 3070 2609 3838
12565 4 2 1 1 2475 2962 2122 3780
12566 4 2 1 1 3746 3469 2571 2924
12567 4 2 1 1 3161 541 678 525
12568 4 2 1 1 3922 2706 1295 3341
12569 4 2 1 1 234 3029 2420 3860
12570 4 2 1 1 769 3247 943 3885
12571 4 2 1 1 1583 1582 1584 2884
12572 4 2 1 1 1992 3236 2864 3381
12573 4 2 1 1 2864 3236 2260 3381
12574 4 2 1 1 1050 1216 1225 3288
12575 4 2 1 1 87 88 3921 1737
12576 4 2 1 1 2023 2815 2576 3301
12577 4 2 1 1 3739 903 2392 904
12578 4 2 1 1 613 2389 657 2935
12579 4 2 1 1 3921 3947 688 3159
12580 4 2 1 1 1461 2397 3122 2435
12581 4 2 1 1 619 613 618 3216
12582 4 2 1 1 2036 1835 2808 2467
12583 4 2 1 1 3633 892 738 958
12584 4 2 1 1 3907 1467 2509 3853
12585 4 2 1 1 1978 3167 2420 3606
12586 4 2 1 1 2017 2705 2619 3590
12587 4 2 1 1 1782 3222 2427 3734
12588 4 2 1 1 2676 2032 2401 3546
12589 4 2 1 1 499 500 2444 2145
12590 4 2 1 1 520 3031 513 2325
12591 4 2 1 1 1849 3351 2691 3680
12592 4 2 1 1 2353 3015 2464 3411
12593 4 2 1 1 2516 2030 3114 3449
12594 4 2 1 1 220 2545 219 3806
12595 4 2 1 1 1503 1310 1308 2570
12596 4 2 1 1 770 3247 769 3885
12597 4 2 1 1 1156 1022 1155 2446
12598 4 2 1 1 2649 324 3492 3832
12599 4 2 1 1 1877 3584 3524 3757
12600 4 2 1 1 645 2656 729 3373
12601 4 2 1 1 3111 2972 3253 1960
12602 4 2 1 1 2494 2694 1979 3816
12603 4 2 1 1 3730 3027 2810 2297
12604 4 2 1 1 1737 4026 3159 3921
12605 4 2 1 1 1439 1437 1438 3387
12606 4 2 1 1 3130 1924 2647 3880
12607 4 2 1 1 1051 1048 1052 2888
12608 4 2 1 1 1030 1270 4021 2620
12609 4 2 1 1 1886 2787 3032 3246
12610 4 2 1 1 3730 2810 3027 1888
12611 4 2 1 1 2614 3134 570 3430
12612 4 2 1 1 650 3931 469 717
12613 4 2 1 1 1283 2388 3245 3467
12614 4 2 1 1 2236 3198 2374 3605
12615 4 2 1 1 1081 2855 1213 3346
12616 4 2 1 1 2217 3803 2380 3833
12617 4 2 1 1 957 3440 822 3805
12618 4 2 1 1 489 2494 487 3522
12619 4 2 1 1 2587 2760 2002 1930
12620 4 2 1 1 1908 2607 2516 3621
12621 4 2 1 1 2104 2675 2796 3200
12622 4 2 1 1 2147 2780 2975 3308
12623 4 2 1 1 540 670 547 3026
12624 4 2 1 1 589 2481 465 710
12625 4 2 1 1 1189 1094 1229 3532
12626 4 2 1 1 3921 3947 88 688
12627 4 2 1 1 567 2564 543 3825
12628 4 2 1 1 2498 1753 1617 1594
12629 4 2 1 1 2126 2659 2458 3274
12630 4 2 1 1 3935 55 54 428
12631 4 2 1 1 3047 3344 2450 1909
12632 4 2 1 1 1136 2629 3616 3815
12633 4 2 1 1 4026 474 3921 87
12634 4 2 1 1 2795 3031 519 3615
12635 4 2 1 1 2518 1988 2581 3887
12636 4 2 1 1 2129 2661 2456 3276
12637 4 2 1 1 1191 1072 1065 2638
12638 4 2 1 1 1662 1758 2475 3780
12639 4 2 1 1 2619 2705 2205 3677
12640 4 2 1 1 52 206 51 3948
12641 4 2 1 1 2863 3329 2154 2671
12642 4 2 1 1 642 698 2519 3732
12643 4 2 1 1 2498 3064 2079 3439
12644 4 2 1 1 509 677 515 2568
12645 4 2 1 1 2021 2839 2610 3392
12646 4 2 1 1 2127 2320 2783 3903
12647 4 2 1 1 1282 4032 1528 120
12648 4 2 1 1 1468 1349 1367 3533
12649 4 2 1 1 2050 2619 3184 3677
12650 4 2 1 1 923 779 781 3018
12651 4 2 1 1 1770 1612 1622 2878
12652 4 2 1 1 2554 2678 1916 3717
12653 4 2 1 1 527 2744 3111 3608
12654 4 2 1 1 3348 3099 2018 3366
12655 4 2 1 1 35 3920 36 1736
12656 4 2 1 1 199 325 452 2680
12657 4 2 1 1 1218 3025 3728 3770
12658 4 2 1 1 3957 3245 2388 190
12659 4 2 1 1 2528 2688 1975 3291
12660 4 2 1 1 2506 1956 3188 3751
12661 4 2 1 1 1960 2554 3619 3791
12662 4 2 1 1 3837 3443 2417 3383
12663 4 2 1 1 514 3482 3077 2452
12664 4 2 1 1 1497 2785 2357 3830
12665 4 2 1 1 645 464 729 2656
12666 4 2 1 1 3963 1541 1515 2731
12667 4 2 1 1 3954 995 4024 2699
12668 4 2 1 1 721 3995 2699 702
12669 4 2 1 1 1912 3012 2345 3463
12670 4 2 1 1 381 402 3029 3516
12671 4 2 1 1 1984 2615 3033 3223
12672 4 2 1 1 1908 2516 2607 2186
12673 4 2 1 1 1994 2609 3126 3402
12674 4 2 1 1 2396 1927 2751 3604
12675 4 2 1 1 3303 3291 2236 3198
12676 4 2 1 1 2597 2864 2048 3710
12677 4 2 1 1 2080 2964 3224 3535
12678 4 2 1 1 372 239 288 2822
12679 4 2 1 1 1173 1275 1009 2513
12680 4 2 1 1 2198 3116 2839 3826
12681 4 2 1 1 1851 3177 2522 2273
12682 4 2 1 1 2597 2047 3886 2865
12683 4 2 1 1 2339 2384 3397 3100
12684 4 2 1 1 674 2886 632 3184
12685 4 2 1 1 1961 3412 2832 2892
12686 4 2 1 1 788 782 923 2624
12687 4 2 1 1 2049 2755 2484 3342
12688 4 2 1 1 2346 2188 2976 2567
12689 4 2 1 1 1883 2941 3670 3681
12690 4 2 1 1 2698 2865 1832 3710
12691 4 2 1 1 3187 2155 2634 3884
12692 4 2 1 1 1435 1406 1549 2826
12693 4 2 1 1 683 679 636 2725
12694 4 2 1 1 2219 3722 2402 3827
12695 4 2 1 1 1394 1380 1480 2856
12696 4 2 1 1 1229 3099 2437 3285
12697 4 2 1 1 2806 3505 2220 3829
12698 4 2 1 1 3104 3515 2402 3827
12699 4 2 1 1 2050 3184 2656 3677
12700 4 2 1 1 2127 2783 2320 3168
12701 4 2 1 1 3255 2613 2000 3229
12702 4 2 1 1 2672 2296 3435 3796
12703 4 2 1 1 1989 3425 3312 2586
12704 4 2 1 1 1352 3217 2540 3662
12705 4 2 1 1 1931 2431 2852 2139
12706 4 2 1 1 683 3394 2664 3642
12707 4 2 1 1 2345 2242 2610 3883
12708 4 2 1 1 1717 1709 1752 2500
12709 4 2 1 1 1976 2777 2640 3655
12710 4 2 1 1 549 2886 534 3697
12711 4 2 1 1 1669 1765 1764 3237
12712 4 2 1 1 514 3077 3482 518
12713 4 2 1 1 2849 2868 2378 3813
12714 4 2 1 1 703 3908 2997 472
12715 4 2 1 1 2408 2784 2214 3684
12716 4 2 1 1 1444 1532 1283 3467
12717 4 2 1 1 2872 2227 1912 3347
12718 4 2 1 1 1690 3947 1811 1562
12719 4 2 1 1 1125 3019 1100 3532
12720 4 2 1 1 664 3905 2694 3294
12721 4 2 1 1 2872 2227 3347 3632
12722 4 2 1 1 2850 3629 3362 1932
12723 4 2 1 1 1866 2040 3007 3183
12724 4 2 1 1 2766 3882 2274 3895
12725 4 2 1 1 3920 1574 36 1736
12726 4 2 1 1 1543 2676 1420 2956
12727 4 2 1 1 2076 3348 2618 3366
12728 4 2 1 1 2552 1853 2850 2345
12729 4 2 1 1 1856 2470 2917 3487
12730 4 2 1 1 1357 2780 3546 3679
12731 4 2 1 1 2018 2819 2618 3366
12732 4 2 1 1 2565 2643 2036 2808
12733 4 2 1 1 2323 1982 2480 3824
12734 4 2 1 1 2559 2642 2034 3749
12735 4 2 1 1 2845 2032 2093 3495
12736 4 2 1 1 1574 1814 1736 2555
12737 4 2 1 1 2673 3364 2226 3867
12738 4 2 1 1 241 236 242 3226
12739 4 2 1 1 1913 3106 2596 3399
12740 4 2 1 1 2909 1968 2178 3524
12741 4 2 1 1 3881 3652 2156 3420
12742 4 2 1 1 1092 1124 3587 3868
12743 4 2 1 1 1682 1667 2501 3112
12744 4 2 1 1 2215 3077 3482 2452
12745 4 2 1 1 2518 3317 2687 3505
12746 4 2 1 1 973 3739 2982 984
12747 4 2 1 1 2612 2938 2097 3539
12748 4 2 1 1 2717 2900 2035 3569
12749 4 2 1 1 1246 1271 2702 3388
12750 4 2 1 1 3482 3658 518 3077
12751 4 2 1 1 1492 1545 1389 2463
12752 4 2 1 1 3693 2628 1982 3040
12753 4 2 1 1 913 3207 830 3490
12754 4 2 1 1 1436 1341 1437 3174
12755 4 2 1 1 1793 1577 1740 2488
12756 4 2 1 1 2557 3584 3336 3757
12757 4 2 1 1 2188 3401 2976 2567
12758 4 2 1 1 429 3942 3989 49
12759 4 2 1 1 1594 1592 2498 3475
12760 4 2 1 1 2121 2828 2579 3251
12761 4 2 1 1 683 2725 636 3658
12762 4 2 1 1 750 2617 3941 3649
12763 4 2 1 1 3533 2397 1366 3624
12764 4 2 1 1 2336 3250 1454 3740
12765 4 2 1 1 2557 3336 2302 3757
12766 4 2 1 1 1338 1446 1347 3129
12767 4 2 1 1 2700 2973 1832 3738
12768 4 2 1 1 1736 35 3920 2876
12769 4 2 1 1 1048 1046 1198 3175
12770 4 2 1 1 606 550 536 3697
12771 4 2 1 1 1833 2496 2015 3573
12772 4 2 1 1 2211 2015 2496 3573
12773 4 2 1 1 1856 2816 2470 3487
12774 4 2 1 1 885 824 972 2585
12775 4 2 1 1 3921 1562 3159 1737
12776 4 2 1 1 2108 2730 2537 3303
12777 4 2 1 1 1056 1241 1199 2492
12778 4 2 1 1 2329 3253 3182 3619
12779 4 2 1 1 2396 2742 1998 1927
12780 4 2 1 1 2066 3033 2615 3223
12781 4 2 1 1 2089 2817 2508 3215
12782 4 2 1 1 1736 3920 2555 2876
12783 4 2 1 1 2018 2924 2235 3746
12784 4 2 1 1 2443 2767 1928 3457
12785 4 2 1 1 1909 2330 3017 3702
12786 4 2 1 1 2190 3345 2926 3820
12787 4 2 1 1 1725 1796 1575 2831
12788 4 2 1 1 2118 3506 2950 3672
12789 4 2 1 1 2226 3346 2702 3702
12790 4 2 1 1 2961 2997 1984 3854
12791 4 2 1 1 1887 2683 3254 2518
12792 4 2 1 1 2376 2838 2062 3441
12793 4 2 1 1 2350 2034 2930 2618
12794 4 2 1 1 479 81 82 3998
12795 4 2 1 1 2265 2475 1670 3529
12796 4 2 1 1 3296 2347 424 2337
12797 4 2 1 1 1674 1787 2383 3295
12798 4 2 1 1 1472 2336 1454 3740
12799 4 2 1 1 460 3935 207 3072
12800 4 2 1 1 1850 2307 2551 3462
12801 4 2 1 1 1326 1324 3034 3693
12802 4 2 1 1 2138 3119 3152 3875
12803 4 2 1 1 534 549 674 2886
12804 4 2 1 1 950 2533 826 3834
12805 4 2 1 1 558 2614 557 3552
12806 4 2 1 1 882 878 3071 3433
12807 4 2 1 1 2064 2975 2340 3387
12808 4 2 1 1 1125 1189 1168 2625
12809 4 2 1 1 938 891 890 2722
12810 4 2 1 1 72 73 3919 922
12811 4 2 1 1 1615 1608 1657 3617
12812 4 2 1 1 1955 2423 2856 3878
12813 4 2 1 1 2562 3004 2061 3043
12814 4 2 1 1 1376 1401 1373 3361
12815 4 2 1 1 2555 2669 2057 3607
12816 4 2 1 1 3054 3676 3273 1855
12817 4 2 1 1 1115 1168 1189 3189
12818 4 2 1 1 2514 3427 2190 1859
12819 4 2 1 1 1169 3904 178 1018
12820 4 2 1 1 1136 3815 3595 2629
12821 4 2 1 1 302 3047 321 3752
12822 4 2 1 1 1839 3144 2837 3496
12823 4 2 1 1 3565 3766 1360 2566
12824 4 2 1 1 3577 3743 3002 3823
12825 4 2 1 1 2597 2864 1992 3236
12826 4 2 1 1 382 197 430 3582
12827 4 2 1 1 1920 3566 2583 3871
12828 4 2 1 1 624 619 2652 3180
12829 4 2 1 1 2030 3386 2730 3415
12830 4 2 1 1 2730 3386 2260 3415
12831 4 2 1 1 2474 2085 3256 2871
12832 4 2 1 1 1951 3140 3239 3864
12833 4 2 1 1 1838 3234 2550 3870
12834 4 2 1 1 1623 1713 2907 3466
12835 4 2 1 1 3371 2932 2785 1964
12836 4 2 1 1 922 3919 72 752
12837 4 2 1 1 1989 2621 2517 3425
12838 4 2 1 1 2315 2095 3275 3498
12839 4 2 1 1 1896 2360 2903 2036
12840 4 2 1 1 1937 2316 2142 3543
12841 4 2 1 1 1578 3628 2788 3649
12842 4 2 1 1 786 795 3447 3835
12843 4 2 1 1 520 513 562 2325
12844 4 2 1 1 2471 1868 3037 3839
12845 4 2 1 1 3047 3344 1909 2123
12846 4 2 1 1 1659 3051 2427 3898
12847 4 2 1 1 2188 1837 2070 3221
12848 4 2 1 1 1231 2430 1225 3650
12849 4 2 1 1 2000 3582 2735 3822
12850 4 2 1 1 2728 2909 1968 3461
12851 4 2 1 1 2051 2668 3349 3723
12852 4 2 1 1 518 514 524 3482
12853 4 2 1 1 1031 1249 1269 2669
12854 4 2 1 1 3255 2613 3229 2337
12855 4 2 1 1 2891 3106 2207 3307
12856 4 2 1 1 73 743 3919 922
12857 4 2 1 1 2948 3507 2318 3744
12858 4 2 1 1 2074 3023 2992 3686
12859 4 2 1 1 2659 3549 2244 3646
12860 4 2 1 1 2325 2972 2744 3241
12861 4 2 1 1 2231 3383 3280 3434
12862 4 2 1 1 2273 3254 2683 2518
12863 4 2 1 1 2826 2922 988 3688
12864 4 2 1 1 1987 3124 2336 3740
12865 4 2 1 1 1740 2897 1792 3548
12866 4 2 1 1 2573 3576 2784 3684
12867 4 2 1 1 1746 4025 1564 3131
12868 4 2 1 1 1694 1576 1820 2984
12869 4 2 1 1 469 3919 3130 651
12870 4 2 1 1 3054 3273 2231 1855
12871 4 2 1 1 2343 1994 2993 3898
12872 4 2 1 1 2792 3284 2038 3450
12873 4 2 1 1 2334 3713 2496 2893
12874 4 2 1 1 756 3925 2984 3705
12875 4 2 1 1 2441 1766 1656 3564
12876 4 2 1 1 1995 2789 2720 2977
12877 4 2 1 1 1353 3217 1496 3546
12878 4 2 1 1 2016 2567 3230 3722
12879 4 2 1 1 1902 2527 3599 3637
12880 4 2 1 1 3875 3327 3429 1980
12881 4 2 1 1 2071 3500 3024 3618
12882 4 2 1 1 2495 2757 2123 1909
12883 4 2 1 1 3919 922 743 3130
12884 4 2 1 1 3602 3270 3747 2331
12885 4 2 1 1 328 448 4009 2802
12886 4 2 1 1 2525 1871 3304 3664
12887 4 2 1 1 1362 3215 1413 3565
12888 4 2 1 1 3156 2429 1982 3824
12889 4 2 1 1 1122 1121 2376 3838
12890 4 2 1 1 2130 2806 2687 3043
12891 4 2 1 1 2492 3046 2062 3669
12892 4 2 1 1 2020 2967 2818 3344
12893 4 2 1 1 1635 1765 1642 2919
12894 4 2 1 1 1945 2578 3016 3577
12895 4 2 1 1 296 284 3213 3377
12896 4 2 1 1 22 21 205 3452
12897 4 2 1 1 2976 3153 2031 3401
12898 4 2 1 1 409 3163 2657 3890
12899 4 2 1 1 2602 2920 2140 3850
12900 4 2 1 1 2599 2004 3362 3523
12901 4 2 1 1 3259 1867 2584 3544
12902 4 2 1 1 2590 2721 2275 3635
12903 4 2 1 1 2425 2760 2002 3499
12904 4 2 1 1 235 2746 241 3865
12905 4 2 1 1 698 2847 2519 3732
12906 4 2 1 1 3602 3747 3270 2049
12907 4 2 1 1 922 3130 3919 3257
12908 4 2 1 1 2632 3270 2081 3370
12909 4 2 1 1 1354 3662 1495 3766
12910 4 2 1 1 1777 1772 1753 2887
12911 4 2 1 1 2238 3024 3500 3618
12912 4 2 1 1 2282 3286 3150 3729
12913 4 2 1 1 2009 2852 2431 1892
12914 4 2 1 1 2008 3012 2535 3463
12915 4 2 1 1 1105 3272 2372 3400
12916 4 2 1 1 2361 2184 2139 3137
12917 4 2 1 1 1890 3266 2729 3900
12918 4 2 1 1 663 3884 2741 661
12919 4 2 1 1 2097 3539 2938 3644
12920 4 2 1 1 3661 2772 1934 2502
12921 4 2 1 1 2058 3234 2550 3489
12922 4 2 1 1 664 3905 95 475
12923 4 2 1 1 1979 2309 3287 3389
12924 4 2 1 1 1679 3112 1831 3737
12925 4 2 1 1 922 3919 752 3257
12926 4 2 1 1 3951 1697 1828 1800
12927 4 2 1 1 1350 1319 3040 3848
12928 4 2 1 1 950 826 2533 787
12929 4 2 1 1 2079 2322 3570 1852
12930 4 2 1 1 974 836 999 2410
12931 4 2 1 1 2117 2046 2459 3843
12932 4 2 1 1 1020 1251 3916 2988
12933 4 2 1 1 3047 3344 2123 2967
12934 4 2 1 1 28 27 3918 1746
12935 4 2 1 1 2475 2897 1791 3529
12936 4 2 1 1 906 919 800 2843
12937 4 2 1 1 2962 3780 1710 3831
12938 4 2 1 1 3951 1697 1800 2788
12939 4 2 1 1 592 715 2997 3397
12940 4 2 1 1 2253 2657 398 3491
12941 4 2 1 1 1212 2669 1280 3356
12942 4 2 1 1 1612 1722 1605 2878
12943 4 2 1 1 1413 1416 2875 3215
12944 4 2 1 1 2927 3160 2428 3814
12945 4 2 1 1 1913 3561 2459 2813
12946 4 2 1 1 724 644 3048 3419
12947 4 2 1 1 702 3906 481 115
12948 4 2 1 1 2052 2940 3436 3761
12949 4 2 1 1 3542 2057 1860 3512
12950 4 2 1 1 1243 1242 3070 3838
12951 4 2 1 1 3951 1800 1828 1573
12952 4 2 1 1 1308 1503 2570 3740
12953 4 2 1 1 4033 200 3519 368
12954 4 2 1 1 2188 1837 3221 2586
12955 4 2 1 1 657 2389 2979 2935
12956 4 2 1 1 1746 4025 3131 3918
12957 4 2 1 1 3235 3661 3265 1996
12958 4 2 1 1 1995 2650 2789 3101
12959 4 2 1 1 2620 2831 1725 3363
12960 4 2 1 1 2888 3192 2143 3888
12961 4 2 1 1 3830 2835 2400 3859
12962 4 2 1 1 2227 2481 2629 3765
12963 4 2 1 1 2481 2910 1970 3765
12964 4 2 1 1 1820 1829 3321 3705
12965 4 2 1 1 1340 1359 1505 2740
12966 4 2 1 1 2170 2841 3576 3772
12967 4 2 1 1 2438 3489 2098 2398
12968 4 2 1 1 2519 3951 2788 482
12969 4 2 1 1 2392 3264 2556 3739
12970 4 2 1 1 2904 3060 1865 3748
12971 4 2 1 1 3918 3131 1746 3519
12972 4 2 1 1 2390 1923 3531 2209
12973 4 2 1 1 1884 3114 2516 3372
12974 4 2 1 1 2480 3248 1957 3824
12975 4 2 1 1 2238 2334 2028 3024
12976 4 2 1 1 2702 3346 2330 3702
12977 4 2 1 1 2339 1984 2997 3854
12978 4 2 1 1 2550 3234 1838 3489
12979 4 2 1 1 3521 3058 2444 2166
12980 4 2 1 1 3124 2994 1955 3400
12981 4 2 1 1 2073 3087 3037 3567
12982 4 2 1 1 1730 1626 3084 3802
12983 4 2 1 1 1957 3417 2821 3891
12984 4 2 1 1 1979 3294 2694 3389
12985 4 2 1 1 198 365 441 3080
12986 4 2 1 1 1891 2784 2408 3684
12987 4 2 1 1 1340 2740 1505 2357
12988 4 2 1 1 2754 2901 2007 2432
12989 4 2 1 1 4033 200 368 27
12990 4 2 1 1 1301 3999 3554 3944
12991 4 2 1 1 2227 2112 2905 3765
12992 4 2 1 1 1891 3269 2732 3797
12993 4 2 1 1 2732 3269 2233 3797
12994 4 2 1 1 3649 1571 156 1825
12995 4 2 1 1 2319 1975 3289 3620
12996 4 2 1 1 2292 1966 2462 2770
12997 4 2 1 1 438 2982 2556 3739
12998 4 2 1 1 2563 2645 293 3793
12999 4 2 1 1 2829 2394 1650 1780
13000 4 2 1 1 2123 2818 2967 3344
13001 4 2 1 1 3748 3559 3628 2617
13002 4 2 1 1 1891 3269 2573 3684
13003 4 2 1 1 1430 3718 1314 2466
13004 4 2 1 1 900 913 839 3207
13005 4 2 1 1 593 734 2722 3430
13006 4 2 1 1 2045 2600 3560 3760
13007 4 2 1 1 3187 2634 2155 3407
13008 4 2 1 1 349 351 434 3214
13009 4 2 1 1 1966 2462 2798 3845
13010 4 2 1 1 3043 2751 2212 2061
13011 4 2 1 1 582 674 632 3184
13012 4 2 1 1 2986 3333 1676 3603
13013 4 2 1 1 2016 3104 2764 3434
13014 4 2 1 1 2226 3862 2673 3867
13015 4 2 1 1 2269 3462 3251 3678
13016 4 2 1 1 2632 3048 2081 3419
13017 4 2 1 1 2419 2778 2748 3846
13018 4 2 1 1 2829 1650 2394 2635
13019 4 2 1 1 2269 2307 3462 3678
13020 4 2 1 1 739 985 875 3460
13021 4 2 1 1 1226 1232 2801 3616
13022 4 2 1 1 1658 2708 1768 3445
13023 4 2 1 1 2512 2991 2192 3667
13024 4 2 1 1 1898 2565 2643 3514
13025 4 2 1 1 1357 3546 1487 3679
13026 4 2 1 1 2812 3168 2127 3339
13027 4 2 1 1 2059 2493 2945 2199
13028 4 2 1 1 1162 1163 1210 2632
13029 4 2 1 1 4025 200 3918 28
13030 4 2 1 1 1989 2749 2621 3360
13031 4 2 1 1 2376 1949 2838 3838
13032 4 2 1 1 2610 3220 2021 3392
13033 4 2 1 1 2817 2963 2089 1863
13034 4 2 1 1 2301 3305 1609 3466
13035 4 2 1 1 941 3284 2781 3556
13036 4 2 1 1 2813 2856 2223 3878
13037 4 2 1 1 2598 2858 2047 2521
13038 4 2 1 1 2167 3016 2578 3577
13039 4 2 1 1 850 846 2436 3504
13040 4 2 1 1 2072 3494 3426 2793
13041 4 2 1 1 1988 2687 3317 3043
13042 4 2 1 1 1115 1113 1165 3189
13043 4 2 1 1 2099 2766 2683 3177
13044 4 2 1 1 1163 1265 1026 3554
13045 4 2 1 1 1026 1247 1163 3554
13046 4 2 1 1 2600 2973 1942 3646
13047 4 2 1 1 2049 3196 2731 3554
13048 4 2 1 1 3111 2972 1960 2744
13049 4 2 1 1 692 3095 2384 3494
13050 4 2 1 1 972 2585 824 3745
13051 4 2 1 1 2103 3147 2702 3862
13052 4 2 1 1 2386 2846 1965 3191
13053 4 2 1 1 2790 3498 2095 3798
13054 4 2 1 1 3037 3087 2239 3567
13055 4 2 1 1 570 2614 558 3134
13056 4 2 1 1 2177 2273 2683 2518
13057 4 2 1 1 1118 1122 2376 3441
13058 4 2 1 1 3536 3595 1136 1161
13059 4 2 1 1 918 778 773 2736
13060 4 2 1 1 217 219 3725 3806
13061 4 2 1 1 1507 2942 2419 3689
13062 4 2 1 1 2413 3013 935 3688
13063 4 2 1 1 1932 3362 3523 3629
13064 4 2 1 1 1776 1589 1618 3003
13065 4 2 1 1 326 2486 330 307
13066 4 2 1 1 1944 3505 2806 3829
13067 4 2 1 1 185 184 1261 2993
13068 4 2 1 1 1892 3318 2406 3823
13069 4 2 1 1 1094 3285 1229 3532
13070 4 2 1 1 600 581 604 2422
13071 4 2 1 1 1790 2488 1793 3630
13072 4 2 1 1 1960 3253 2329 3619
13073 4 2 1 1 784 927 969 2684
13074 4 2 1 1 2263 3011 1968 3518
13075 4 2 1 1 1326 1324 1325 3034
13076 4 2 1 1 2139 3298 2851 3525
13077 4 2 1 1 1023 3907 1205 161
13078 4 2 1 1 1404 1397 1506 2748
13079 4 2 1 1 873 2442 3455 3668
13080 4 2 1 1 1224 2372 1105 3272
13081 4 2 1 1 2773 1874 2278 3429
13082 4 2 1 1 617 616 2847 3376
13083 4 2 1 1 543 566 544 2564
13084 4 2 1 1 2750 3047 2123 3752
13085 4 2 1 1 862 860 861 2562
13086 4 2 1 1 292 269 270 2563
13087 4 2 1 1 2597 3886 2047 2811
13088 4 2 1 1 79 78 898 3917
13089 4 2 1 1 977 1008 759 2538
13090 4 2 1 1 1426 1387 1424 3811
13091 4 2 1 1 3220 3161 3347 2021
13092 4 2 1 1 2470 2189 3487 3717
13093 4 2 1 1 3974 704 2931 471
13094 4 2 1 1 643 713 467 2288
13095 4 2 1 1 3965 1540 2802 1302
13096 4 2 1 1 2103 2702 3038 3867
13097 4 2 1 1 2245 2723 2999 3540
13098 4 2 1 1 2100 3056 2653 3581
13099 4 2 1 1 2238 2848 3248 3713
13100 4 2 1 1 2354 3077 508 3422
13101 4 2 1 1 437 3592 2455 3851
13102 4 2 1 1 1049 1053 1062 2939
13103 4 2 1 1 764 824 762 3385
13104 4 2 1 1 3707 1724 1789 3389
13105 4 2 1 1 1402 2294 1284 3403
13106 4 2 1 1 233 232 234 3606
13107 4 2 1 1 1222 2543 1059 3888
13108 4 2 1 1 2582 2905 1853 3108
13109 4 2 1 1 731 123 122 3958
13110 4 2 1 1 2085 3142 2958 3506
13111 4 2 1 1 2799 3708 3326 1911
13112 4 2 1 1 685 553 555 2872
13113 4 2 1 1 2027 3544 3254 3593
13114 4 2 1 1 639 3908 3990 110
13115 4 2 1 1 3418 111 112 480
13116 4 2 1 1 2470 3487 2189 2917
13117 4 2 1 1 2164 2949 2707 3334
13118 4 2 1 1 1226 1135 1232 3616
13119 4 2 1 1 1638 3638 2631 3780
13120 4 2 1 1 1674 2383 1685 3063
13121 4 2 1 1 3515 3625 2095 1986
13122 4 2 1 1 3426 3494 2072 2968
13123 4 2 1 1 206 2669 356 3607
13124 4 2 1 1 730 3922 3991 126
13125 4 2 1 1 1409 2778 2294 1402
13126 4 2 1 1 2206 2152 3016 3643
13127 4 2 1 1 2705 3185 1856 3379
13128 4 2 1 1 1026 3909 1197 171
13129 4 2 1 1 918 778 2736 3666
13130 4 2 1 1 2756 3238 2202 3512
13131 4 2 1 1 2562 2647 1924 3880
13132 4 2 1 1 1199 2492 3175 3659
13133 4 2 1 1 1162 2632 1024 3048
13134 4 2 1 1 1447 3414 1325 3776
13135 4 2 1 1 1962 2655 3168 3177
13136 4 2 1 1 2189 3165 2421 3759
13137 4 2 1 1 1218 3728 1086 3770
13138 4 2 1 1 2333 3157 2043 3310
13139 4 2 1 1 78 942 898 3917
13140 4 2 1 1 3746 3469 2924 1971
13141 4 2 1 1 3974 704 471 79
13142 4 2 1 1 2442 2922 3007 3789
13143 4 2 1 1 2220 3144 2349 3208
13144 4 2 1 1 1931 3039 2431 2139
13145 4 2 1 1 1810 2694 1567 3294
13146 4 2 1 1 579 2384 2910 3494
13147 4 2 1 1 2988 3062 1987 3740
13148 4 2 1 1 2072 2839 2968 3683
13149 4 2 1 1 2051 2335 3155 3726
13150 4 2 1 1 2563 2645 1923 3879
13151 4 2 1 1 382 3255 3582 2735
13152 4 2 1 1 2249 2056 2962 3542
13153 4 2 1 1 2385 2991 1928 3204
13154 4 2 1 1 1635 1765 2919 3675
13155 4 2 1 1 2204 1988 2415 3887
13156 4 2 1 1 609 3241 669 2325
13157 4 2 1 1 1638 1662 3638 3780
13158 4 2 1 1 2237 2400 2835 3859
13159 4 2 1 1 258 259 250 2803
13160 4 2 1 1 1767 3003 1763 2708
13161 4 2 1 1 1256 1019 1245 3147
13162 4 2 1 1 2132 2697 2942 3252
13163 4 2 1 1 2206 2152 2902 3016
13164 4 2 1 1 2125 2860 2465 3877
13165 4 2 1 1 137 138 4030 983
13166 4 2 1 1 244 3005 258 3410
13167 4 2 1 1 408 412 248 3148
13168 4 2 1 1 1343 1364 1348 2896
13169 4 2 1 1 2088 3391 2802 3431
13170 4 2 1 1 1866 2313 3183 2721
13171 4 2 1 1 1958 3226 2460 3653
13172 4 2 1 1 490 491 2927 3762
13173 4 2 1 1 1005 1007 755 2489
13174 4 2 1 1 2093 2032 3066 3495
13175 4 2 1 1 2133 2999 2491 3335
13176 4 2 1 1 2959 3143 2524 3599
13177 4 2 1 1 2713 2200 3033 3223
13178 4 2 1 1 800 906 2843 3671
13179 4 2 1 1 218 217 3238 3806
13180 4 2 1 1 898 3917 2300 2931
13181 4 2 1 1 1993 2296 3375 3696
13182 4 2 1 1 538 3161 2439 3258
13183 4 2 1 1 2377 3587 2861 3868
13184 4 2 1 1 1192 2483 1258 3384
13185 4 2 1 1 1334 1323 1333 3311
13186 4 2 1 1 890 3985 752 938
13187 4 2 1 1 1981 2851 3243 3670
13188 4 2 1 1 303 305 2616 3289
13189 4 2 1 1 2123 3047 2750 1909
13190 4 2 1 1 2631 3035 2009 3105
13191 4 2 1 1 3641 3710 2698 1832
13192 4 2 1 1 2014 3251 3462 3678
13193 4 2 1 1 2344 2137 2412 1932
13194 4 2 1 1 2553 3039 2267 3475
13195 4 2 1 1 1986 3515 3625 3827
13196 4 2 1 1 2632 3048 1162 3370
13197 4 2 1 1 382 2735 383 348
13198 4 2 1 1 3299 2132 3624 2435
13199 4 2 1 1 3871 2779 1852 2002
13200 4 2 1 1 2065 2539 3125 3727
13201 4 2 1 1 2272 1976 2918 3214
13202 4 2 1 1 2950 3506 2317 3672
13203 4 2 1 1 1500 2932 1475 3414
13204 4 2 1 1 2385 3501 3163 3606
13205 4 2 1 1 262 3653 260 3227
13206 4 2 1 1 2329 3021 1980 3253
13207 4 2 1 1 2009 3319 2852 1892
13208 4 2 1 1 3708 3326 2157 2542
13209 4 2 1 1 1866 2313 2721 3206
13210 4 2 1 1 3708 2157 3326 2955
13211 4 2 1 1 2063 2914 2613 3406
13212 4 2 1 1 2528 3451 3098 2186
13213 4 2 1 1 898 3917 942 2300
13214 4 2 1 1 1475 1500 1469 2932
13215 4 2 1 1 1199 1056 2492 3659
13216 4 2 1 1 1208 3912 3384 3992
13217 4 2 1 1 1442 1487 1531 2401
13218 4 2 1 1 2102 2018 3537 3746
13219 4 2 1 1 2315 3498 1645 3798
13220 4 2 1 1 2281 2970 2860 3877
13221 4 2 1 1 2017 3089 2703 3241
13222 4 2 1 1 3241 559 574 3550
13223 4 2 1 1 2716 2850 2008 2552
13224 4 2 1 1 2512 3148 2348 3198
13225 4 2 1 1 1726 1701 2794 3170
13226 4 2 1 1 1412 1414 3215 3704
13227 4 2 1 1 1136 3595 3815 1134
13228 4 2 1 1 2597 2865 1942 2047
13229 4 2 1 1 1987 2336 2988 3740
13230 4 2 1 1 3164 3573 3380 2496
13231 4 2 1 1 1116 1109 1174 2495
13232 4 2 1 1 2395 2110 3186 3781
13233 4 2 1 1 587 572 573 3602
13234 4 2 1 1 2014 3462 2307 3678
13235 4 2 1 1 1504 1484 1395 2596
13236 4 2 1 1 2687 1988 2212 3043
13237 4 2 1 1 2378 2893 2871 3821
13238 4 2 1 1 2126 3274 2458 3901
13239 4 2 1 1 2499 3574 1865 3626
13240 4 2 1 1 2080 3304 2125 3664
13241 4 2 1 1 568 554 553 2842
13242 4 2 1 1 628 2745 551 3762
13243 4 2 1 1 2019 2381 2739 3870
13244 4 2 1 1 3704 1514 1415 1530
13245 4 2 1 1 2104 2970 2675 3200
13246 4 2 1 1 646 665 562 2325
13247 4 2 1 1 3282 3503 2041 3731
13248 4 2 1 1 3131 3296 2115 3519
13249 4 2 1 1 2204 3049 2658 1998
13250 4 2 1 1 2051 3029 2335 3726
13251 4 2 1 1 1928 2767 2443 3808
13252 4 2 1 1 2282 3374 2781 3840
13253 4 2 1 1 398 2657 409 3491
13254 4 2 1 1 1880 3141 3824 3891
13255 4 2 1 1 1990 2784 2779 3614
13256 4 2 1 1 2067 2608 2971 3889
13257 4 2 1 1 1122 1121 1118 2376
13258 4 2 1 1 1954 2921 2578 3579
13259 4 2 1 1 2237 2835 2785 3859
13260 4 2 1 1 3418 1033 1025 111
13261 4 2 1 1 1938 2703 3006 3089
13262 4 2 1 1 2098 2810 2453 2171
13263 4 2 1 1 2471 2084 3268 3534
13264 4 2 1 1 1267 3944 4022 2731
13265 4 2 1 1 1880 3141 2695 3500
13266 4 2 1 1 2031 3401 2402 3753
13267 4 2 1 1 1657 1741 1760 3617
13268 4 2 1 1 2239 2889 3567 3837
13269 4 2 1 1 2031 2710 2441 3564
13270 4 2 1 1 1128 3690 1220 3728
13271 4 2 1 1 2766 2812 2387 3882
13272 4 2 1 1 3000 3028 2053 3413
13273 4 2 1 1 1947 2688 2696 2934
13274 4 2 1 1 3380 3573 3164 2511
13275 4 2 1 1 1954 2759 2921 3579
13276 4 2 1 1 579 692 2384 3494
13277 4 2 1 1 2076 3348 3205 3368
13278 4 2 1 1 641 3998 81 479
13279 4 2 1 1 2246 3523 2344 3720
13280 4 2 1 1 3396 1922 3493 2426
13281 4 2 1 1 2044 2385 3204 3432
13282 4 2 1 1 1279 1145 2531 3442
13283 4 2 1 1 1926 2729 2545 3390
13284 4 2 1 1 2392 2556 2410 3739
13285 4 2 1 1 2048 2974 3549 3646
13286 4 2 1 1 3830 1359 1505 1509
13287 4 2 1 1 2945 2199 2493 3580
13288 4 2 1 1 2611 3042 776 3792
13289 4 2 1 1 2054 3151 3158 3784
13290 4 2 1 1 461 312 327 3454
13291 4 2 1 1 1903 2365 3320 3590
13292 4 2 1 1 1951 2652 3180 3864
13293 4 2 1 1 325 2680 311 3072
13294 4 2 1 1 1712 1758 2962 3548
13295 4 2 1 1 1560 2685 1684 3852
13296 4 2 1 1 2415 1988 1887 3887
13297 4 2 1 1 1305 3062 1306 1307
13298 4 2 1 1 1065 1063 2879 3133
13299 4 2 1 1 1404 2748 1499 3689
13300 4 2 1 1 168 169 3916 1285
13301 4 2 1 1 2042 3328 2485 3468
13302 4 2 1 1 1860 2510 2696 2057
13303 4 2 1 1 2097 2753 3351 3878
13304 4 2 1 1 324 313 462 3832
13305 4 2 1 1 925 3061 966 993
13306 4 2 1 1 2188 3153 2976 3401
13307 4 2 1 1 2033 2690 2536 3596
13308 4 2 1 1 2229 2953 2344 3659
13309 4 2 1 1 2204 3240 1998 1927
13310 4 2 1 1 1308 2570 3062 3740
13311 4 2 1 1 3579 2544 2578 2332
13312 4 2 1 1 3916 3972 1020 2988
13313 4 2 1 1 311 2680 312 3454
13314 4 2 1 1 1972 2826 2497 3688
13315 4 2 1 1 850 3151 895 3504
13316 4 2 1 1 2162 3577 2907 3823
13317 4 2 1 1 1173 2513 1144 3620
13318 4 2 1 1 1285 3970 1453 2336
13319 4 2 1 1 3060 3574 1865 3748
13320 4 2 1 1 843 841 2853 3545
13321 4 2 1 1 1215 1061 1226 3874
13322 4 2 1 1 2186 3303 3266 3291
13323 4 2 1 1 941 2781 809 3556
13324 4 2 1 1 2260 3484 2730 2108
13325 4 2 1 1 950 3447 3042 783
13326 4 2 1 1 502 2626 3327 3786
13327 4 2 1 1 2515 1953 3427 3812
13328 4 2 1 1 832 815 833 3110
13329 4 2 1 1 2067 3682 2608 3889
13330 4 2 1 1 1145 1119 2673 3442
13331 4 2 1 1 2600 2973 1991 3738
13332 4 2 1 1 3916 3972 169 1020
13333 4 2 1 1 3916 2336 1285 2988
13334 4 2 1 1 1405 2419 1507 3369
13335 4 2 1 1 1891 2573 3269 3797
13336 4 2 1 1 2841 3041 2170 3735
13337 4 2 1 1 1899 3041 2841 3735
13338 4 2 1 1 2236 3291 3303 3451
13339 4 2 1 1 2935 3187 2248 3884
13340 4 2 1 1 2408 2900 1844 3569
13341 4 2 1 1 1656 1654 2747 3564
13342 4 2 1 1 1285 3970 2336 3916
13343 4 2 1 1 2510 2056 3019 3647
13344 4 2 1 1 461 327 2689 3454
13345 4 2 1 1 1218 3025 1128 3728
13346 4 2 1 1 1035 1170 2997 3854
13347 4 2 1 1 1798 94 93 3915
13348 4 2 1 1 1215 1226 2801 3874
13349 4 2 1 1 3911 390 35 2876
13350 4 2 1 1 2024 2554 2816 3717
13351 4 2 1 1 1069 2846 1085 3340
13352 4 2 1 1 2420 3029 2335 3860
13353 4 2 1 1 2328 3192 1884 3372
13354 4 2 1 1 1208 3912 3992 182
13355 4 2 1 1 1990 2469 2719 3407
13356 4 2 1 1 1527 2435 3072 3902
13357 4 2 1 1 2126 3114 3274 3901
13358 4 2 1 1 671 561 709 3550
13359 4 2 1 1 3685 3862 2673 2531
13360 4 2 1 1 306 2342 287 307
13361 4 2 1 1 1503 1454 3250 3740
13362 4 2 1 1 245 246 239 2995
13363 4 2 1 1 1041 1043 1061 2953
13364 4 2 1 1 1443 1385 1361 3698
13365 4 2 1 1 819 818 3558 3699
13366 4 2 1 1 2279 2883 2363 2119
13367 4 2 1 1 490 3762 2927 3816
13368 4 2 1 1 3751 3154 1881 2533
13369 4 2 1 1 2083 3468 2331 2830
13370 4 2 1 1 3915 1798 94 3294
13371 4 2 1 1 1877 2302 3286 3336
13372 4 2 1 1 2042 3341 2706 3674
13373 4 2 1 1 1361 1360 3698 3817
13374 4 2 1 1 2405 3186 2110 3781
13375 4 2 1 1 2131 2996 2791 2809
13376 4 2 1 1 3124 3250 2336 3740
13377 4 2 1 1 1856 2917 2954 3097
13378 4 2 1 1 950 3042 3447 2533
13379 4 2 1 1 1498 1346 1365 2836
13380 4 2 1 1 364 415 393 2534
13381 4 2 1 1 316 2507 305 3289
13382 4 2 1 1 2320 1385 2783 3903
13383 4 2 1 1 2531 2088 2802 3442
13384 4 2 1 1 608 584 550 3541
13385 4 2 1 1 2132 3533 2942 3624
13386 4 2 1 1 764 765 766 2718
13387 4 2 1 1 750 884 2617 3649
13388 4 2 1 1 1973 2486 3245 3467
13389 4 2 1 1 1931 2139 2852 3855
13390 4 2 1 1 3150 946 856 948
13391 4 2 1 1 1878 3262 2386 3503
13392 4 2 1 1 1488 3311 3414 3776
13393 4 2 1 1 2042 2331 3674 3747
13394 4 2 1 1 224 2512 225 3667
13395 4 2 1 1 1946 3155 2621 2517
13396 4 2 1 1 798 811 799 2630
13397 4 2 1 1 195 4017 2982 3739
13398 4 2 1 1 1402 1409 1284 2294
13399 4 2 1 1 2712 3171 1956 3899
13400 4 2 1 1 2676 2401 2032 2705
13401 4 2 1 1 1491 1503 1454 3250
13402 4 2 1 1 199 3913 58 330
13403 4 2 1 1 2256 3263 3596 3719
13404 4 2 1 1 2327 3042 3447 783
13405 4 2 1 1 3425 2809 2586 1989
13406 4 2 1 1 2667 1956 3171 3899
13407 4 2 1 1 2762 2834 1959 3200
13408 4 2 1 1 2418 534 3608 3697
13409 4 2 1 1 1715 1720 1751 2416
13410 4 2 1 1 3915 1802 93 1798
13411 4 2 1 1 974 2792 857 3556
13412 4 2 1 1 3915 1686 3852 1802
13413 4 2 1 1 760 3455 3176 2768
13414 4 2 1 1 2006 3008 2379 3061
13415 4 2 1 1 1333 1450 1482 2827
13416 4 2 1 1 2008 3173 3012 2345
13417 4 2 1 1 2148 3283 2611 3788
13418 4 2 1 1 2611 3283 2247 3788
13419 4 2 1 1 1525 2656 1441 3586
13420 4 2 1 1 2065 3125 2779 3727
13421 4 2 1 1 2203 1901 2287 3436
13422 4 2 1 1 1619 1627 1613 3105
13423 4 2 1 1 1856 2917 3097 3736
13424 4 2 1 1 839 813 837 2692
13425 4 2 1 1 2848 3145 2182 3654
13426 4 2 1 1 2405 2110 2734 3781
13427 4 2 1 1 2431 3039 1731 3892
13428 4 2 1 1 1203 3986 1023 162
13429 4 2 1 1 3259 1867 3544 2334
13430 4 2 1 1 1991 2862 2600 3738
13431 4 2 1 1 1764 1704 3237 3617
13432 4 2 1 1 2284 2424 3138 1951
13433 4 2 1 1 2408 2900 2214 1930
13434 4 2 1 1 2353 3772 2026 2859
13435 4 2 1 1 3938 748 925 3008
13436 4 2 1 1 2168 3213 2313 2721
13437 4 2 1 1 1412 1415 1414 3704
13438 4 2 1 1 1857 2454 3081 3889
13439 4 2 1 1 2327 3447 3042 2533
13440 4 2 1 1 3754 2767 1848 2998
13441 4 2 1 1 407 218 290 3806
13442 4 2 1 1 312 199 326 2680
13443 4 2 1 1 2027 2474 3544 3742
13444 4 2 1 1 2199 3012 3173 2345
13445 4 2 1 1 2330 2041 3025 3770
13446 4 2 1 1 1318 2447 1316 3718
13447 4 2 1 1 1857 2923 2454 3682
13448 4 2 1 1 764 765 2718 3571
13449 4 2 1 1 1897 2642 2559 3749
13450 4 2 1 1 2823 1626 1787 3802
13451 4 2 1 1 1838 2739 2453 2022
13452 4 2 1 1 2251 2951 2490 3061
13453 4 2 1 1 163 3986 3914 1203
13454 4 2 1 1 418 379 3195 257
13455 4 2 1 1 1900 3413 2581 3672
13456 4 2 1 1 2607 2934 2186 3900
13457 4 2 1 1 3521 2444 3058 2366
13458 4 2 1 1 1992 2864 2597 3710
13459 4 2 1 1 1730 1789 2605 3707
13460 4 2 1 1 2041 3728 3770 3340
13461 4 2 1 1 2631 2009 3331 3445
13462 4 2 1 1 648 649 552 2677
13463 4 2 1 1 2091 3113 3162 3278
13464 4 2 1 1 2216 2914 2743 3337
13465 4 2 1 1 2227 2905 2582 3765
13466 4 2 1 1 1178 2638 1191 3644
13467 4 2 1 1 191 315 436 2513
13468 4 2 1 1 2846 3340 1069 3728
13469 4 2 1 1 789 963 918 2654
13470 4 2 1 1 3234 3423 2210 3648
13471 4 2 1 1 3795 3540 3782 2723
13472 4 2 1 1 1898 2643 2565 2808
13473 4 2 1 1 398 289 409 2657
13474 4 2 1 1 2515 1979 3160 3695
13475 4 2 1 1 2160 3324 3309 3382
13476 4 2 1 1 1745 1743 2390 3869
13477 4 2 1 1 2214 2900 2408 3684
13478 4 2 1 1 2335 240 3410 3860
13479 4 2 1 1 3056 3271 2209 3869
13480 4 2 1 1 2017 2972 2744 3185
13481 4 2 1 1 1291 1489 163 3914
13482 4 2 1 1 1466 3986 1291 1465
13483 4 2 1 1 2030 2537 2730 3451
13484 4 2 1 1 1291 3986 2936 3914
13485 4 2 1 1 972 883 885 2585
13486 4 2 1 1 1247 3999 3944 3554
13487 4 2 1 1 1594 1592 1617 2498
13488 4 2 1 1 1943 3085 2651 3201
13489 4 2 1 1 1464 1526 2407 3897
13490 4 2 1 1 1186 1110 3219 3854
13491 4 2 1 1 2614 2722 2001 3430
13492 4 2 1 1 2144 3681 3439 3818
13493 4 2 1 1 1832 3636 2698 3641
13494 4 2 1 1 2044 3109 2727 3432
13495 4 2 1 1 2044 3204 2512 3432
13496 4 2 1 1 1918 2445 2844 3424
13497 4 2 1 1 3066 3217 2434 3766
13498 4 2 1 1 1991 3302 2862 3365
13499 4 2 1 1 1960 2972 3253 3783
13500 4 2 1 1 1997 2473 2530 3484
13501 4 2 1 1 670 3026 540 3651
13502 4 2 1 1 2224 2765 3273 3547
13503 4 2 1 1 2578 1926 1954 2332
13504 4 2 1 1 2177 3505 2655 3829
13505 4 2 1 1 869 880 3267 3873
13506 4 2 1 1 3087 3103 2073 3316
13507 4 2 1 1 873 835 2442 3668
13508 4 2 1 1 3012 3228 2187 1941
13509 4 2 1 1 2619 2705 2050 3320
13510 4 2 1 1 260 400 275 3227
13511 4 2 1 1 373 278 2556 3687
13512 4 2 1 1 790 3518 781 3768
13513 4 2 1 1 394 405 224 2991
13514 4 2 1 1 813 2712 797 3450
13515 4 2 1 1 1086 3728 3340 3770
13516 4 2 1 1 2862 3302 2257 3365
13517 4 2 1 1 2685 3691 3063 3894
13518 4 2 1 1 1352 2540 1351 3848
13519 4 2 1 1 244 268 3005 3890
13520 4 2 1 1 489 487 628 3522
13521 4 2 1 1 1890 2348 3266 3198
13522 4 2 1 1 3439 3681 2322 3818
13523 4 2 1 1 1334 2432 1335 3764
13524 4 2 1 1 2831 630 487 3522
13525 4 2 1 1 1304 2484 3554 3909
13526 4 2 1 1 2273 3022 3254 2518
13527 4 2 1 1 973 3739 984 904
13528 4 2 1 1 2653 3056 2100 1923
13529 4 2 1 1 1937 2710 2976 3153
13530 4 2 1 1 1873 3329 2305 3355
13531 4 2 1 1 2700 3639 1832 3641
13532 4 2 1 1 542 3825 543 3093
13533 4 2 1 1 3444 2307 3315 2019
13534 4 2 1 1 3996 470 4035 124
13535 4 2 1 1 1884 2516 3114 3449
13536 4 2 1 1 2191 2264 2932 2906
13537 4 2 1 1 1186 3219 2339 3854
13538 4 2 1 1 822 3440 828 3805
13539 4 2 1 1 1810 1724 2694 3389
13540 4 2 1 1 2088 3231 3118 3364
13541 4 2 1 1 1008 3395 2538 3705
13542 4 2 1 1 3954 995 2699 975
13543 4 2 1 1 2415 3049 2204 3887
13544 4 2 1 1 2607 3386 2030 3449
13545 4 2 1 1 2392 3592 3264 3851
13546 4 2 1 1 3768 3844 3018 2611
13547 4 2 1 1 533 661 532 3825
13548 4 2 1 1 542 3825 3093 3482
13549 4 2 1 1 1101 1211 1143 2874
13550 4 2 1 1 1832 2704 3636 3639
13551 4 2 1 1 3058 3790 1893 2444
13552 4 2 1 1 2912 3767 2514 1859
13553 4 2 1 1 2744 2972 1960 3185
13554 4 2 1 1 1849 2959 2395 3627
13555 4 2 1 1 1617 1781 2823 1748
13556 4 2 1 1 1226 3815 1133 1135
13557 4 2 1 1 2011 2120 2584 3796
13558 4 2 1 1 2017 3006 2703 3089
13559 4 2 1 1 2466 1313 3476 1314
13560 4 2 1 1 2499 2095 3275 2315
13561 4 2 1 1 1910 2971 2608 3332
13562 4 2 1 1 1945 3577 3002 3823
13563 4 2 1 1 2739 3444 2550 2171
13564 4 2 1 1 44 193 43 3981
13565 4 2 1 1 2130 3004 3043 2212
13566 4 2 1 1 2550 3444 2739 2019
13567 4 2 1 1 2981 3067 1941 3756
13568 4 2 1 1 1702 1726 1616 2899
13569 4 2 1 1 3776 2628 3828 3034
13570 4 2 1 1 2122 3035 3105 3279
13571 4 2 1 1 1087 1105 1224 2372
13572 4 2 1 1 94 664 468 3294
13573 4 2 1 1 1946 3478 3155 2517
13574 4 2 1 1 3028 3074 2053 3640
13575 4 2 1 1 204 370 450 3147
13576 4 2 1 1 1870 2828 2579 3813
13577 4 2 1 1 1904 2371 3337 3716
13578 4 2 1 1 2041 3770 3728 3025
13579 4 2 1 1 195 14 13 4017
13580 4 2 1 1 1556 2697 1378 1406
13581 4 2 1 1 213 3920 201 2876
13582 4 2 1 1 2917 3487 2232 3736
13583 4 2 1 1 2042 3328 3468 3747
13584 4 2 1 1 2727 3167 1978 3606
13585 4 2 1 1 2915 3566 3125 3871
13586 4 2 1 1 3056 1923 2653 3869
13587 4 2 1 1 387 2645 389 3393
13588 4 2 1 1 1981 3149 2941 3670
13589 4 2 1 1 2224 3411 2765 3547
13590 4 2 1 1 1954 2578 2921 3225
13591 4 2 1 1 1762 3222 2343 3898
13592 4 2 1 1 1789 2605 3389 3509
13593 4 2 1 1 487 2494 489 3816
13594 4 2 1 1 1904 3230 2371 3716
13595 4 2 1 1 1674 2383 3063 3295
13596 4 2 1 1 1488 3414 1447 3776
13597 4 2 1 1 863 861 954 2726
13598 4 2 1 1 1153 1021 1143 3121
13599 4 2 1 1 3565 1360 3766 1356
13600 4 2 1 1 3367 2622 2690 2899
13601 4 2 1 1 2579 2952 2121 3654
13602 4 2 1 1 1888 3585 2901 3843
13603 4 2 1 1 1585 1583 1584 2884
13604 4 2 1 1 1997 2287 2443 3457
13605 4 2 1 1 912 935 3013 3688
13606 4 2 1 1 2033 1852 3446 3818
13607 4 2 1 1 3776 3828 2628 2146
13608 4 2 1 1 3367 2690 2622 2033
13609 4 2 1 1 889 3931 743 2391
13610 4 2 1 1 2672 3435 2120 3796
13611 4 2 1 1 3768 3844 2611 2148
13612 4 2 1 1 1172 2885 1142 3620
13613 4 2 1 1 2654 3357 918 3885
13614 4 2 1 1 1846 2465 3139 3549
13615 4 2 1 1 3596 2829 1925 2635
13616 4 2 1 1 976 760 996 2768
13617 4 2 1 1 3914 1512 1489 2306
13618 4 2 1 1 2145 2968 2839 3683
13619 4 2 1 1 2272 3207 905 2918
13620 4 2 1 1 1085 2846 2217 3340
13621 4 2 1 1 2489 3183 2040 3377
13622 4 2 1 1 3913 58 59 1449
13623 4 2 1 1 2313 2040 3183 3377
13624 4 2 1 1 2260 2730 3415 2108
13625 4 2 1 1 1786 2483 1785 3199
13626 4 2 1 1 330 322 307 2486
13627 4 2 1 1 1211 3019 1140 3121
13628 4 2 1 1 701 630 2620 3418
13629 4 2 1 1 2984 2985 2010 3321
13630 4 2 1 1 2595 2844 1972 3252
13631 4 2 1 1 912 935 909 3013
13632 4 2 1 1 2064 2954 2917 3097
13633 4 2 1 1 3604 3553 2284 3140
13634 4 2 1 1 299 314 450 3391
13635 4 2 1 1 2603 3123 1958 3653
13636 4 2 1 1 156 750 3649 994
13637 4 2 1 1 2609 3070 1243 3866
13638 4 2 1 1 2516 3098 2030 2186
13639 4 2 1 1 1640 1641 1652 3775
13640 4 2 1 1 2072 2968 2366 3683
13641 4 2 1 1 2583 3566 2915 3871
13642 4 2 1 1 798 2630 799 3835
13643 4 2 1 1 889 3931 899 743
13644 4 2 1 1 1449 59 3913 1536
13645 4 2 1 1 1242 2838 3070 3838
13646 4 2 1 1 1449 3913 58 1290
13647 4 2 1 1 2852 2139 2361 3855
13648 4 2 1 1 3911 1799 2882 1566
13649 4 2 1 1 2906 2264 3052 2191
13650 4 2 1 1 1761 1563 2993 3898
13651 4 2 1 1 2080 2381 2868 3664
13652 4 2 1 1 2470 3352 2833 3568
13653 4 2 1 1 1969 2685 3063 3894
13654 4 2 1 1 2342 3235 2502 3661
13655 4 2 1 1 2201 3101 2923 3839
13656 4 2 1 1 3754 2767 2998 2809
13657 4 2 1 1 2514 2926 2912 1859
13658 4 2 1 1 1426 1424 1294 2649
13659 4 2 1 1 3701 1313 1311 3174
13660 4 2 1 1 458 3492 310 2355
13661 4 2 1 1 1556 2697 1406 3369
13662 4 2 1 1 2600 2862 1991 3302
13663 4 2 1 1 704 471 656 2931
13664 4 2 1 1 1437 2520 1440 3897
13665 4 2 1 1 1121 3402 2376 3838
13666 4 2 1 1 398 289 2657 3591
13667 4 2 1 1 803 827 826 3594
13668 4 2 1 1 1449 1536 3913 2486
13669 4 2 1 1 2269 3277 2686 3809
13670 4 2 1 1 3287 3427 2194 3511
13671 4 2 1 1 1905 3035 2637 3368
13672 4 2 1 1 1060 2895 1054 3191
13673 4 2 1 1 1710 1711 2962 3831
13674 4 2 1 1 1928 2657 2991 3163
13675 4 2 1 1 2801 3396 2137 3493
13676 4 2 1 1 2051 2335 3029 3516
13677 4 2 1 1 1665 1653 1680 2985
13678 4 2 1 1 1745 1743 1564 2390
13679 4 2 1 1 2904 1865 2101 3748
13680 4 2 1 1 133 1435 2826 1287
13681 4 2 1 1 744 2497 910 3856
13682 4 2 1 1 2334 3024 2238 3713
13683 4 2 1 1 1487 1357 1531 3546
13684 4 2 1 1 2463 2755 2195 3328
13685 4 2 1 1 650 648 469 2391
13686 4 2 1 1 3702 3598 3017 1909
13687 4 2 1 1 2360 3629 2850 3706
13688 4 2 1 1 3455 1005 1007 873
13689 4 2 1 1 786 798 795 3835
13690 4 2 1 1 482 642 698 2519
13691 4 2 1 1 1987 2988 2336 3272
13692 4 2 1 1 2001 2722 2699 3430
13693 4 2 1 1 3540 3896 2999 2133
13694 4 2 1 1 1848 2752 2921 3754
13695 4 2 1 1 954 2726 861 3711
13696 4 2 1 1 93 638 3915 468
13697 4 2 1 1 2771 2892 2031 3135
13698 4 2 1 1 1888 2686 3277 3809
13699 4 2 1 1 707 3993 703 108
13700 4 2 1 1 957 822 917 3805
13701 4 2 1 1 1655 1675 2747 3166
13702 4 2 1 1 789 963 2654 3711
13703 4 2 1 1 394 409 405 2991
13704 4 2 1 1 1331 1486 1476 2975
13705 4 2 1 1 2031 2976 3401 3753
13706 4 2 1 1 2349 2173 3006 3763
13707 4 2 1 1 2415 2178 2148 3283
13708 4 2 1 1 1670 1788 1786 3497
13709 4 2 1 1 563 672 683 2664
13710 4 2 1 1 3956 920 2693 2946
13711 4 2 1 1 1449 2486 3913 3122
13712 4 2 1 1 2906 3052 2264 1876
13713 4 2 1 1 577 589 710 2910
13714 4 2 1 1 2009 3105 3035 3279
13715 4 2 1 1 612 533 524 2935
13716 4 2 1 1 587 597 2706 3602
13717 4 2 1 1 612 614 533 2935
13718 4 2 1 1 1934 3206 2689 3661
13719 4 2 1 1 1960 3111 2329 3253
13720 4 2 1 1 1198 1199 1236 3175
13721 4 2 1 1 319 380 460 2768
13722 4 2 1 1 3604 3553 3140 2396
13723 4 2 1 1 2232 3097 2917 3736
13724 4 2 1 1 2455 192 3214 437
13725 4 2 1 1 620 657 613 2389
13726 4 2 1 1 2049 2463 2755 3342
13727 4 2 1 1 1903 2963 2349 3612
13728 4 2 1 1 380 432 203 2489
13729 4 2 1 1 2346 3221 2082 3405
13730 4 2 1 1 192 3214 349 434
13731 4 2 1 1 1279 1145 1277 2531
13732 4 2 1 1 1846 1985 2970 2126
13733 4 2 1 1 2012 2871 2529 3639
13734 4 2 1 1 1859 2196 2369 2200
13735 4 2 1 1 2055 2348 3266 3510
13736 4 2 1 1 2455 3214 192 2918
13737 4 2 1 1 2008 3086 2535 3228
13738 4 2 1 1 1134 2535 3595 3815
13739 4 2 1 1 1631 1621 1726 2794
13740 4 2 1 1 392 290 216 3238
13741 4 2 1 1 211 3935 2768 447
13742 4 2 1 1 1327 1332 1330 2264
13743 4 2 1 1 3641 3710 1832 2700
13744 4 2 1 1 658 2968 3426 2145
13745 4 2 1 1 845 3330 2433 3545
13746 4 2 1 1 1833 2015 3010 3573
13747 4 2 1 1 681 523 660 3050
13748 4 2 1 1 2520 2064 3387 3679
13749 4 2 1 1 1948 2720 2789 3645
13750 4 2 1 1 2383 2338 3160 3509
13751 4 2 1 1 2102 3537 3199 3746
13752 4 2 1 1 1052 2888 1198 3888
13753 4 2 1 1 3834 3280 3434 2764
13754 4 2 1 1 3490 915 949 3899
13755 4 2 1 1 1494 1501 1443 2821
13756 4 2 1 1 2367 2929 3503 3731
13757 4 2 1 1 1118 2376 2978 3441
13758 4 2 1 1 2864 3381 2260 2108
13759 4 2 1 1 235 236 241 2746
13760 4 2 1 1 1251 3970 1255 168
13761 4 2 1 1 192 3214 437 349
13762 4 2 1 1 2083 2589 3244 3750
13763 4 2 1 1 836 3556 821 3420
13764 4 2 1 1 1290 1449 3913 3122
13765 4 2 1 1 1486 2780 1357 3679
13766 4 2 1 1 1823 3166 1824 2693
13767 4 2 1 1 2610 3358 2059 3392
13768 4 2 1 1 843 840 917 2853
13769 4 2 1 1 509 501 658 2145
13770 4 2 1 1 2124 3003 3469 3734
13771 4 2 1 1 2088 2673 2531 3685
13772 4 2 1 1 3685 3862 2531 2103
13773 4 2 1 1 2011 2378 2866 3636
13774 4 2 1 1 2079 2322 3439 3570
13775 4 2 1 1 1501 2821 1494 3660
13776 4 2 1 1 181 182 1733 3912
13777 4 2 1 1 2013 2378 2868 3641
13778 4 2 1 1 2287 1901 2203 3457
13779 4 2 1 1 835 834 847 2442
13780 4 2 1 1 2484 3342 1305 3554
13781 4 2 1 1 2535 3086 2008 3463
13782 4 2 1 1 1706 1660 1705 2800
13783 4 2 1 1 1191 1178 1072 2638
13784 4 2 1 1 1455 2697 1377 3299
13785 4 2 1 1 2092 2944 2740 3830
13786 4 2 1 1 756 977 3925 3705
13787 4 2 1 1 2168 2313 3206 2721
13788 4 2 1 1 3795 3782 3540 1845
13789 4 2 1 1 2141 3280 3383 3434
13790 4 2 1 1 1136 3616 1135 3815
13791 4 2 1 1 2056 2122 2475 2962
13792 4 2 1 1 1360 3766 1356 1358
13793 4 2 1 1 1267 3944 2731 1247
13794 4 2 1 1 1492 2463 1389 3342
13795 4 2 1 1 2619 2205 3184 3677
13796 4 2 1 1 3599 3627 3143 2299
13797 4 2 1 1 2011 2866 2521 3636
13798 4 2 1 1 1114 2805 1219 3441
13799 4 2 1 1 2701 2374 2074 3075
13800 4 2 1 1 2012 2378 2871 3639
13801 4 2 1 1 1698 1671 1805 3691
13802 4 2 1 1 880 1000 749 2966
13803 4 2 1 1 1729 1809 2876 2249
13804 4 2 1 1 710 576 577 3632
13805 4 2 1 1 3294 3814 1979 3816
13806 4 2 1 1 2454 2971 2067 2590
13807 4 2 1 1 1187 1058 1070 3102
13808 4 2 1 1 300 2772 397 3481
13809 4 2 1 1 340 348 383 2735
13810 4 2 1 1 1113 1099 2805 3530
13811 4 2 1 1 3132 3627 2151 3721
13812 4 2 1 1 973 3668 930 2982
13813 4 2 1 1 3748 3559 2617 2585
13814 4 2 1 1 2478 3036 1997 3059
13815 4 2 1 1 836 821 3556 945
13816 4 2 1 1 1944 3829 2806 3872
13817 4 2 1 1 1532 2944 1524 2987
13818 4 2 1 1 2235 3537 2018 3746
13819 4 2 1 1 1179 2938 1082 1181
13820 4 2 1 1 316 418 305 2507
13821 4 2 1 1 1419 1417 1418 2875
13822 4 2 1 1 1416 1292 1418 3473
13823 4 2 1 1 2056 2122 2637 2475
13824 4 2 1 1 2600 2862 2045 3738
13825 4 2 1 1 1531 1442 2401 3586
13826 4 2 1 1 631 526 516 3076
13827 4 2 1 1 399 3163 409 3890
13828 4 2 1 1 1479 1383 1448 2928
13829 4 2 1 1 2681 3051 2194 3563
13830 4 2 1 1 1250 2620 1158 3418
13831 4 2 1 1 2117 2901 2373 3585
13832 4 2 1 1 3144 3208 2093 3763
13833 4 2 1 1 2870 2134 2135 3514
13834 4 2 1 1 2511 2906 2014 3380
13835 4 2 1 1 412 305 418 3510
13836 4 2 1 1 1992 2698 2525 3710
13837 4 2 1 1 3014 3414 3776 3828
13838 4 2 1 1 1911 2799 2424 3553
13839 4 2 1 1 820 852 3652 3688
13840 4 2 1 1 2765 3804 3622 2399
13841 4 2 1 1 200 3131 3918 3519
13842 4 2 1 1 2007 2459 3106 3843
13843 4 2 1 1 2040 2435 3299 3902
13844 4 2 1 1 1836 3411 2353 3772
13845 4 2 1 1 2190 2926 2514 1859
13846 4 2 1 1 2074 3075 2374 3409
13847 4 2 1 1 2464 2857 2026 3202
13848 4 2 1 1 1891 2408 3269 3684
13849 4 2 1 1 2020 3278 2814 3517
13850 4 2 1 1 3622 3804 2765 3045
13851 4 2 1 1 1014 1152 1272 3080
13852 4 2 1 1 2536 2256 3596 3719
13853 4 2 1 1 2625 3019 3532 3733
13854 4 2 1 1 2635 3894 3691 2185
13855 4 2 1 1 2215 2784 2719 3614
13856 4 2 1 1 4025 200 28 414
13857 4 2 1 1 469 3919 651 73
13858 4 2 1 1 3530 1075 1229 1112
13859 4 2 1 1 2065 2779 3125 3715
13860 4 2 1 1 1832 2704 2521 3636
13861 4 2 1 1 3926 637 2685 3852
13862 4 2 1 1 3325 3523 2246 3720
13863 4 2 1 1 2606 2923 1956 3081
13864 4 2 1 1 2349 3208 3144 3763
13865 4 2 1 1 205 445 421 3452
13866 4 2 1 1 2114 2442 3183 3881
13867 4 2 1 1 1733 4004 2483 1558
13868 4 2 1 1 746 867 924 2984
13869 4 2 1 1 1237 1233 1127 2969
13870 4 2 1 1 3767 1859 2912 2200
13871 4 2 1 1 2071 2474 3256 2871
13872 4 2 1 1 1782 3222 1762 3898
13873 4 2 1 1 2395 2959 1999 3627
13874 4 2 1 1 2794 2832 2095 3798
13875 4 2 1 1 509 658 677 3426
13876 4 2 1 1 1864 2142 2996 2869
13877 4 2 1 1 905 3207 3873 870
13878 4 2 1 1 2052 3203 3065 3761
13879 4 2 1 1 356 2555 213 3607
13880 4 2 1 1 2889 2178 3283 3844
13881 4 2 1 1 1832 2700 2529 3639
13882 4 2 1 1 1733 182 1734 3912
13883 4 2 1 1 2390 2209 3271 3869
13884 4 2 1 1 2216 3337 2743 3714
13885 4 2 1 1 2367 1858 3731 3648
13886 4 2 1 1 213 215 354 2756
13887 4 2 1 1 972 883 2585 3433
13888 4 2 1 1 1833 2627 3164 3573
13889 4 2 1 1 203 12 11 4005
13890 4 2 1 1 2210 3017 2479 3731
13891 4 2 1 1 1733 3912 1734 3384
13892 4 2 1 1 1904 2346 2567 3716
13893 4 2 1 1 2092 2740 2357 3830
13894 4 2 1 1 1984 3100 2196 2200
13895 4 2 1 1 2702 3702 3038 3867
13896 4 2 1 1 724 588 2632 705
13897 4 2 1 1 2182 3665 3145 3828
13898 4 2 1 1 3734 1706 1660 1755
13899 4 2 1 1 1999 2524 2804 3794
13900 4 2 1 1 803 957 840 3127
13901 4 2 1 1 2757 2929 1858 3731
13902 4 2 1 1 2795 519 537 3615
13903 4 2 1 1 255 265 256 2890
13904 4 2 1 1 2717 2841 1899 3600
13905 4 2 1 1 699 531 635 2604
13906 4 2 1 1 2016 2433 3104 3722
13907 4 2 1 1 2637 2902 2122 3542
13908 4 2 1 1 1966 3065 3203 3761
13909 4 2 1 1 2599 3292 2004 3523
13910 4 2 1 1 2039 1809 2416 2249
13911 4 2 1 1 1428 1427 1286 3157
13912 4 2 1 1 2525 2698 1992 2295
13913 4 2 1 1 2224 3547 3273 3676
13914 4 2 1 1 1068 2846 1060 3191
13915 4 2 1 1 1733 2483 3912 3384
13916 4 2 1 1 1733 4004 1558 181
13917 4 2 1 1 2415 3254 2178 3593
13918 4 2 1 1 1566 34 35 3911
13919 4 2 1 1 2219 2693 3545 3827
13920 4 2 1 1 977 1008 2538 3705
13921 4 2 1 1 1016 3914 1203 163
13922 4 2 1 1 1138 2593 3272 3448
13923 4 2 1 1 1405 1433 3700 3856
13924 4 2 1 1 3348 2350 2018 3537
13925 4 2 1 1 939 3267 2613 3406
13926 4 2 1 1 2844 3688 3789 1972
13927 4 2 1 1 2014 2906 3251 3380
13928 4 2 1 1 2117 2959 2524 1929
13929 4 2 1 1 3455 1005 873 3668
13930 4 2 1 1 605 125 124 3996
13931 4 2 1 1 2497 2826 1972 3369
13932 4 2 1 1 946 3284 857 3450
13933 4 2 1 1 244 268 258 3005
13934 4 2 1 1 3915 667 638 3852
13935 4 2 1 1 1854 2559 2947 2350
13936 4 2 1 1 2013 2868 2525 3641
13937 4 2 1 1 1702 1616 1633 2899
13938 4 2 1 1 672 2664 563 2277
13939 4 2 1 1 2381 1838 3224 2022
13940 4 2 1 1 1386 1402 1555 2783
13941 4 2 1 1 1132 3086 2535 3815
13942 4 2 1 1 571 2842 554 569
13943 4 2 1 1 1992 2811 2597 3236
13944 4 2 1 1 2484 2049 3342 3554
13945 4 2 1 1 271 3213 3687 373
13946 4 2 1 1 531 495 493 2451
13947 4 2 1 1 3911 3994 194 2882
13948 4 2 1 1 3920 35 201 2876
13949 4 2 1 1 444 3356 206 3607
13950 4 2 1 1 3248 3339 1957 3242
13951 4 2 1 1 1865 3574 2101 3748
13952 4 2 1 1 1382 1444 1383 3467
13953 4 2 1 1 1112 1115 1189 3189
13954 4 2 1 1 1471 1349 1468 2641
13955 4 2 1 1 424 3296 343 423
13956 4 2 1 1 1566 3911 35 2876
13957 4 2 1 1 2743 3337 2063 3716
13958 4 2 1 1 1695 2986 3603 3694
13959 4 2 1 1 1138 2593 1224 3272
13960 4 2 1 1 1373 1361 1374 3817
13961 4 2 1 1 516 517 510 3076
13962 4 2 1 1 2083 3468 2830 3750
13963 4 2 1 1 2232 3308 3281 3404
13964 4 2 1 1 2031 2441 2976 3753
13965 4 2 1 1 1839 3144 2623 3317
13966 4 2 1 1 2592 1977 2931 3385
13967 4 2 1 1 2201 2557 3037 3584
13968 4 2 1 1 1746 4033 1572 27
13969 4 2 1 1 1234 3418 1158 3483
13970 4 2 1 1 2730 3303 2186 3451
13971 4 2 1 1 1113 3189 1112 3530
13972 4 2 1 1 228 230 352 2727
13973 4 2 1 1 3911 3994 34 194
13974 4 2 1 1 3621 3169 3449 2076
13975 4 2 1 1 2873 3558 818 3699
13976 4 2 1 1 1566 3911 2876 2882
13977 4 2 1 1 1405 1404 1507 2419
13978 4 2 1 1 1789 3389 2605 3707
13979 4 2 1 1 2514 1994 3126 3563
13980 4 2 1 1 1440 1437 1439 2520
13981 4 2 1 1 1911 2504 2799 3553
13982 4 2 1 1 1984 2339 2997 3397
13983 4 2 1 1 2162 3466 2907 3779
13984 4 2 1 1 2916 806 2356 3671
13985 4 2 1 1 750 994 884 3649
13986 4 2 1 1 36 212 37 3920
13987 4 2 1 1 424 3296 423 3519
13988 4 2 1 1 1767 1778 1658 2708
13989 4 2 1 1 1658 3331 2708 3445
13990 4 2 1 1 1118 1121 1120 2978
13991 4 2 1 1 1859 2515 3287 3427
13992 4 2 1 1 1967 3031 2795 3615
13993 4 2 1 1 1987 2336 3124 3272
13994 4 2 1 1 1914 3784 3158 3842
13995 4 2 1 1 2048 2864 2597 2659
13996 4 2 1 1 1569 1792 1740 2897
13997 4 2 1 1 2224 3411 3547 3676
13998 4 2 1 1 905 3207 870 900
13999 4 2 1 1 486 96 97 3945
14000 4 2 1 1 502 3327 504 3786
14001 4 2 1 1 1973 3245 2388 3467
14002 4 2 1 1 2649 323 3431 202
14003 4 2 1 1 2443 1997 3036 3059
14004 4 2 1 1 2864 3415 1871 2108
14005 4 2 1 1 1319 3836 3040 3848
14006 4 2 1 1 2521 2704 1993 3696
14007 4 2 1 1 2649 323 202 313
14008 4 2 1 1 2632 602 733 705
14009 4 2 1 1 1954 2921 2665 3225
14010 4 2 1 1 2927 3160 1979 3695
14011 4 2 1 1 2002 2760 2587 3293
14012 4 2 1 1 1893 1952 2366 3683
14013 4 2 1 1 2072 2366 1952 3683
14014 4 2 1 1 588 2731 483 3343
14015 4 2 1 1 2176 3662 3217 3766
14016 4 2 1 1 809 941 805 2781
14017 4 2 1 1 2529 2700 1991 3692
14018 4 2 1 1 1840 3313 3078 3820
14019 4 2 1 1 2254 2460 3201 3227
14020 4 2 1 1 2632 602 100 733
14021 4 2 1 1 477 3919 72 651
14022 4 2 1 1 2562 3004 2130 3858
14023 4 2 1 1 745 3910 2931 761
14024 4 2 1 1 1882 3358 2610 3392
14025 4 2 1 1 702 3906 115 3995
14026 4 2 1 1 373 278 374 2556
14027 4 2 1 1 3367 3596 2635 2326
14028 4 2 1 1 1806 1561 1718 2775
14029 4 2 1 1 2795 537 519 676
14030 4 2 1 1 1411 3092 1557 3361
14031 4 2 1 1 2260 3415 2864 2108
14032 4 2 1 1 3070 3866 3767 2200
14033 4 2 1 1 2546 2355 309 3863
14034 4 2 1 1 2337 3395 2538 3452
14035 4 2 1 1 2672 2073 3268 3534
14036 4 2 1 1 3299 2132 2435 2040
14037 4 2 1 1 1023 3907 161 3986
14038 4 2 1 1 1975 2319 3289 3597
14039 4 2 1 1 1893 3058 2444 2366
14040 4 2 1 1 1857 3101 2923 3682
14041 4 2 1 1 376 3264 410 3851
14042 4 2 1 1 4033 200 27 3918
14043 4 2 1 1 2071 3024 2474 2871
14044 4 2 1 1 445 367 2966 3452
14045 4 2 1 1 2906 3251 2182 3462
14046 4 2 1 1 900 2455 901 2918
14047 4 2 1 1 2045 2862 2600 3760
14048 4 2 1 1 2183 3269 2408 3569
14049 4 2 1 1 579 590 589 2910
14050 4 2 1 1 1226 3815 1135 3616
14051 4 2 1 1 525 541 538 3161
14052 4 2 1 1 2236 3303 3198 3605
14053 4 2 1 1 3411 3547 2026 3772
14054 4 2 1 1 206 356 2669 427
14055 4 2 1 1 1032 1279 2802 3442
14056 4 2 1 1 2428 3160 2927 3695
14057 4 2 1 1 1360 3766 1358 3698
14058 4 2 1 1 1666 1703 1701 3170
14059 4 2 1 1 2017 3185 2705 3379
14060 4 2 1 1 1850 2835 2670 3085
14061 4 2 1 1 706 3985 477 3257
14062 4 2 1 1 2134 3078 3313 3323
14063 4 2 1 1 3672 2880 3787 2068
14064 4 2 1 1 2188 2082 2346 3221
14065 4 2 1 1 458 309 2546 2355
14066 4 2 1 1 1701 1631 2794 3798
14067 4 2 1 1 81 80 761 3910
14068 4 2 1 1 2323 2480 1982 3693
14069 4 2 1 1 2503 2035 2717 3572
14070 4 2 1 1 1841 3145 2848 3654
14071 4 2 1 1 3580 3759 2945 2199
14072 4 2 1 1 3069 3617 1875 2324
14073 4 2 1 1 2760 3293 2002 3499
14074 4 2 1 1 2921 3754 2752 3845
14075 4 2 1 1 616 621 2847 3178
14076 4 2 1 1 403 235 241 3865
14077 4 2 1 1 2352 2589 2830 3750
14078 4 2 1 1 872 900 839 2692
14079 4 2 1 1 1457 3176 3299 3902
14080 4 2 1 1 535 2744 527 3608
14081 4 2 1 1 1999 2804 2524 1929
14082 4 2 1 1 1960 2554 2816 3783
14083 4 2 1 1 2488 1196 1028 176
14084 4 2 1 1 816 818 823 2873
14085 4 2 1 1 2686 3027 2171 3809
14086 4 2 1 1 3028 3486 3000 3785
14087 4 2 1 1 1101 1084 1211 2874
14088 4 2 1 1 3330 3827 2693 1986
14089 4 2 1 1 240 381 234 3860
14090 4 2 1 1 232 237 234 3860
14091 4 2 1 1 819 3699 3558 3858
14092 4 2 1 1 1360 3766 3698 2566
14093 4 2 1 1 2064 2975 2780 3308
14094 4 2 1 1 370 2825 295 3623
14095 4 2 1 1 1470 3072 1527 2435
14096 4 2 1 1 2073 3268 2471 3316
14097 4 2 1 1 1854 2947 2571 2350
14098 4 2 1 1 202 2649 3940 3431
14099 4 2 1 1 2232 3487 2560 3736
14100 4 2 1 1 2498 1753 1594 2144
14101 4 2 1 1 2082 2346 3405 3716
14102 4 2 1 1 3101 2175 2923 3839
14103 4 2 1 1 1982 2848 2480 3824
14104 4 2 1 1 1339 1471 1330 3465
14105 4 2 1 1 2209 1923 3056 3869
14106 4 2 1 1 2049 2484 3196 3554
14107 4 2 1 1 2314 3486 3028 3785
14108 4 2 1 1 2133 2449 3261 3896
14109 4 2 1 1 3915 1686 1802 1798
14110 4 2 1 1 2125 2104 2867 3877
14111 4 2 1 1 1780 1690 1562 2394
14112 4 2 1 1 3748 3559 2585 2029
14113 4 2 1 1 2344 3175 2602 3720
14114 4 2 1 1 2433 2016 3594 3722
14115 4 2 1 1 1859 3767 2713 2200
14116 4 2 1 1 2032 2780 2540 3281
14117 4 2 1 1 4026 474 87 642
14118 4 2 1 1 545 3026 546 3552
14119 4 2 1 1 2359 2043 3082 3832
14120 4 2 1 1 1054 1060 1195 2895
14121 4 2 1 1 605 3922 125 3996
14122 4 2 1 1 1934 2468 3206 3661
14123 4 2 1 1 2548 1941 3067 3580
14124 4 2 1 1 3748 3559 2029 3628
14125 4 2 1 1 2016 3230 2371 3722
14126 4 2 1 1 1173 1144 1172 3620
14127 4 2 1 1 1886 3246 3155 3726
14128 4 2 1 1 556 678 2793 3347
14129 4 2 1 1 2308 3231 3118 3811
14130 4 2 1 1 1954 3193 2332 1926
14131 4 2 1 1 2544 2902 1945 3016
14132 4 2 1 1 2611 2736 2148 3788
14133 4 2 1 1 2273 3259 3254 3544
14134 4 2 1 1 466 4039 708 623
14135 4 2 1 1 290 218 3238 3806
14136 4 2 1 1 1239 1160 1194 3048
14137 4 2 1 1 2210 3648 2367 3731
14138 4 2 1 1 1115 1112 1113 3189
14139 4 2 1 1 1377 1367 1372 3624
14140 4 2 1 1 761 3998 3306 753
14141 4 2 1 1 1947 3390 2729 3900
14142 4 2 1 1 630 2620 3418 3522
14143 4 2 1 1 2641 2942 1468 3689
14144 4 2 1 1 2500 2877 2122 3831
14145 4 2 1 1 1401 1376 1407 3361
14146 4 2 1 1 2625 2897 2475 3529
14147 4 2 1 1 2167 3577 2752 3743
14148 4 2 1 1 2028 3242 2522 2273
14149 4 2 1 1 2142 2441 3694 3714
14150 4 2 1 1 1471 2641 1468 3689
14151 4 2 1 1 1857 2923 2606 3081
14152 4 2 1 1 761 3998 753 81
14153 4 2 1 1 3939 1298 1470 3072
14154 4 2 1 1 523 494 496 3050
14155 4 2 1 1 2715 3557 3181 3795
14156 4 2 1 1 399 362 409 3163
14157 4 2 1 1 761 3910 2592 3306
14158 4 2 1 1 2152 3035 2902 3279
14159 4 2 1 1 1939 3027 2810 2171
14160 4 2 1 1 588 3343 597 3602
14161 4 2 1 1 2238 3242 2334 3713
14162 4 2 1 1 2705 3320 2619 3590
14163 4 2 1 1 2749 2767 1928 3810
14164 4 2 1 1 1010 4036 3359 3927
14165 4 2 1 1 1900 2943 3413 3672
14166 4 2 1 1 3156 3404 2252 2429
14167 4 2 1 1 567 663 696 2741
14168 4 2 1 1 2548 3001 1941 3580
14169 4 2 1 1 2457 3155 2051 3516
14170 4 2 1 1 1658 1778 1768 2708
14171 4 2 1 1 359 196 458 2546
14172 4 2 1 1 2038 3284 2792 3556
14173 4 2 1 1 2361 2184 3137 3557
14174 4 2 1 1 884 885 883 3559
14175 4 2 1 1 1820 1576 1829 3705
14176 4 2 1 1 1193 1105 1149 3272
14177 4 2 1 1 2902 3035 2122 3279
14178 4 2 1 1 1612 1621 1622 2832
14179 4 2 1 1 254 3516 2335 3773
14180 4 2 1 1 2349 3144 2173 3763
14181 4 2 1 1 1875 3617 3069 2290
14182 4 2 1 1 915 3171 785 796
14183 4 2 1 1 2052 3065 2940 3761
14184 4 2 1 1 3014 2264 3414 3828
14185 4 2 1 1 2531 2673 2088 3442
14186 4 2 1 1 847 873 2442 3455
14187 4 2 1 1 3197 907 876 2387
14188 4 2 1 1 2335 2051 3155 3516
14189 4 2 1 1 1067 1059 1075 3099
14190 4 2 1 1 2005 2501 3112 3737
14191 4 2 1 1 745 3910 761 80
14192 4 2 1 1 646 504 3422 507
14193 4 2 1 1 2199 3173 3012 1941
14194 4 2 1 1 3197 876 907 908
14195 4 2 1 1 1876 2906 2511 3380
14196 4 2 1 1 1284 1422 1410 3403
14197 4 2 1 1 761 2592 3910 2931
14198 4 2 1 1 1477 1350 1319 3040
14199 4 2 1 1 1866 2595 3635 3881
14200 4 2 1 1 1293 3972 1502 2988
14201 4 2 1 1 1935 2899 2794 3170
14202 4 2 1 1 3823 3279 2301 1892
14203 4 2 1 1 3540 3782 2370 1845
14204 4 2 1 1 1862 3657 2398 3867
14205 4 2 1 1 2004 3382 3309 3324
14206 4 2 1 1 2370 3782 3540 2218
14207 4 2 1 1 1507 2942 1556 3369
14208 4 2 1 1 2023 2471 3037 3839
14209 4 2 1 1 2582 2738 1922 3493
14210 4 2 1 1 839 3207 2255 2692
14211 4 2 1 1 2626 2725 2138 3786
14212 4 2 1 1 1032 3442 2802 3853
14213 4 2 1 1 1192 4004 181 1012
14214 4 2 1 1 2631 3105 2009 3445
14215 4 2 1 1 1935 3015 2499 2464
14216 4 2 1 1 1701 1631 1726 2794
14217 4 2 1 1 1892 3002 3743 3823
14218 4 2 1 1 3812 3820 2190 3044
14219 4 2 1 1 468 3294 666 3814
14220 4 2 1 1 500 679 498 3394
14221 4 2 1 1 1147 1257 1011 2994
14222 4 2 1 1 3702 3598 1909 3038
14223 4 2 1 1 3456 3420 3556 2410
14224 4 2 1 1 1127 1126 1160 3370
14225 4 2 1 1 2120 2908 2584 3259
14226 4 2 1 1 1890 3198 3303 3605
14227 4 2 1 1 2619 3741 561 3893
14228 4 2 1 1 2490 2001 2722 3438
14229 4 2 1 1 2040 3072 2435 3902
14230 4 2 1 1 1888 2901 3665 3730
14231 4 2 1 1 1685 2383 1787 3802
14232 4 2 1 1 2673 1145 1107 1119
14233 4 2 1 1 2224 3411 3015 3622
14234 4 2 1 1 468 666 667 3814
14235 4 2 1 1 1490 2854 1501 3660
14236 4 2 1 1 2124 2571 2800 3469
14237 4 2 1 1 1921 3469 2427 3563
14238 4 2 1 1 909 810 907 3013
14239 4 2 1 1 739 137 136 3937
14240 4 2 1 1 394 224 222 3667
14241 4 2 1 1 2570 1987 3062 3740
14242 4 2 1 1 2474 3022 2027 3544
14243 4 2 1 1 703 3908 472 109
14244 4 2 1 1 3837 2141 3383 3154
14245 4 2 1 1 1979 3287 2605 3389
14246 4 2 1 1 2062 3020 2805 3441
14247 4 2 1 1 170 171 3909 1293
14248 4 2 1 1 2263 3518 1968 3844
14249 4 2 1 1 1867 3024 2334 2893
14250 4 2 1 1 2538 3395 1008 3452
14251 4 2 1 1 1618 1776 3003 3734
14252 4 2 1 1 2715 1992 2811 3886
14253 4 2 1 1 3485 3597 2358 2037
14254 4 2 1 1 3344 3232 2450 3278
14255 4 2 1 1 1936 2748 3339 3846
14256 4 2 1 1 2280 3517 2746 3865
14257 4 2 1 1 2474 2085 2871 3742
14258 4 2 1 1 3830 1359 1509 2944
14259 4 2 1 1 1629 2790 1769 2311
14260 4 2 1 1 1644 1727 1769 2790
14261 4 2 1 1 3911 194 34 390
14262 4 2 1 1 3916 1502 1285 169
14263 4 2 1 1 2225 2938 2097 3561
14264 4 2 1 1 980 878 2161 3799
14265 4 2 1 1 1685 3509 2383 3802
14266 4 2 1 1 2449 2002 3146 3735
14267 4 2 1 1 3909 171 1304 1293
14268 4 2 1 1 2210 3423 2367 3648
14269 4 2 1 1 913 2255 839 3207
14270 4 2 1 1 2457 3516 339 3773
14271 4 2 1 1 2148 2178 3844 3283
14272 4 2 1 1 468 3915 94 3294
14273 4 2 1 1 2073 2471 3268 3534
14274 4 2 1 1 1496 1353 1355 3217
14275 4 2 1 1 2454 2067 3336 2590
14276 4 2 1 1 3259 1867 2334 2908
14277 4 2 1 1 2054 3054 3158 3280
14278 4 2 1 1 1972 2844 2595 3789
14279 4 2 1 1 3925 1797 1576 3705
14280 4 2 1 1 2204 3413 3000 2581
14281 4 2 1 1 399 237 362 3163
14282 4 2 1 1 3904 1259 1018 1169
14283 4 2 1 1 163 3986 1203 162
14284 4 2 1 1 2204 1998 3240 3413
14285 4 2 1 1 2431 2139 3039 3892
14286 4 2 1 1 2272 1976 3214 3822
14287 4 2 1 1 1756 1710 1758 3780
14288 4 2 1 1 1921 2601 2786 3469
14289 4 2 1 1 1185 1142 1172 2885
14290 4 2 1 1 1806 1747 1561 2775
14291 4 2 1 1 1442 3136 2401 3586
14292 4 2 1 1 2011 2584 2958 3796
14293 4 2 1 1 2130 2933 2806 3043
14294 4 2 1 1 1429 2802 1302 3431
14295 4 2 1 1 2032 3097 2780 3281
14296 4 2 1 1 1918 2844 2595 3424
14297 4 2 1 1 3453 3547 2258 3772
14298 4 2 1 1 2839 3116 2198 3683
14299 4 2 1 1 1329 1490 1501 3660
14300 4 2 1 1 2666 2071 3256 2871
14301 4 2 1 1 2015 3461 3210 2334
14302 4 2 1 1 2573 3269 2035 3684
14303 4 2 1 1 1304 2484 3909 1293
14304 4 2 1 1 1914 2464 2547 2095
14305 4 2 1 1 950 926 780 3042
14306 4 2 1 1 1669 1766 1765 3564
14307 4 2 1 1 3071 2005 2617 3433
14308 4 2 1 1 2146 2432 3311 3730
14309 4 2 1 1 3348 3099 3366 3205
14310 4 2 1 1 1239 1237 2969 3595
14311 4 2 1 1 1990 3614 2779 3727
14312 4 2 1 1 1708 1714 1715 3724
14313 4 2 1 1 521 515 525 3161
14314 4 2 1 1 898 3974 79 3917
14315 4 2 1 1 736 3541 608 3674
14316 4 2 1 1 1927 2415 3611 3788
14317 4 2 1 1 3490 949 915 955
14318 4 2 1 1 714 656 471 2931
14319 4 2 1 1 2746 3232 241 3865
14320 4 2 1 1 1787 1685 1674 2383
14321 4 2 1 1 590 579 692 2384
14322 4 2 1 1 2268 3270 3370 3755
14323 4 2 1 1 1513 1292 118 3473
14324 4 2 1 1 3067 3132 2151 3721
14325 4 2 1 1 1832 2973 2865 3057
14326 4 2 1 1 3394 3521 2166 3642
14327 4 2 1 1 376 375 410 3264
14328 4 2 1 1 1304 2484 1293 1305
14329 4 2 1 1 440 2966 197 3582
14330 4 2 1 1 2113 2519 3060 3732
14331 4 2 1 1 3927 106 107 465
14332 4 2 1 1 2255 3899 839 2692
14333 4 2 1 1 1417 1413 1416 2875
14334 4 2 1 1 3400 3124 2336 3272
14335 4 2 1 1 91 92 637 3926
14336 4 2 1 1 1149 1147 2994 3400
14337 4 2 1 1 758 3559 3649 2788
14338 4 2 1 1 204 3147 3997 42
14339 4 2 1 1 866 952 3778 921
14340 4 2 1 1 1006 902 904 3851
14341 4 2 1 1 3012 3463 2008 2345
14342 4 2 1 1 2348 2055 3148 3510
14343 4 2 1 1 2929 2041 3503 3731
14344 4 2 1 1 2007 2901 2754 3843
14345 4 2 1 1 1829 2347 1688 3321
14346 4 2 1 1 2216 3603 2986 3694
14347 4 2 1 1 1879 3338 2374 3470
14348 4 2 1 1 2330 3388 2495 3770
14349 4 2 1 1 1507 1404 1499 3689
14350 4 2 1 1 1987 2570 3124 3740
14351 4 2 1 1 2098 3489 2660 2398
14352 4 2 1 1 2082 2567 2346 3716
14353 4 2 1 1 668 3394 683 3642
14354 4 2 1 1 2838 1242 1122 3838
14355 4 2 1 1 1712 1792 1758 3548
14356 4 2 1 1 2108 2374 3075 3409
14357 4 2 1 1 2008 3012 3173 1941
14358 4 2 1 1 2235 2978 2483 3746
14359 4 2 1 1 2483 2978 1971 3746
14360 4 2 1 1 3344 3232 3278 2020
14361 4 2 1 1 1976 2457 3214 3822
14362 4 2 1 1 1293 3972 2988 3909
14363 4 2 1 1 2523 3246 3101 2175
14364 4 2 1 1 2316 3425 2791 2809
14365 4 2 1 1 2301 1892 3305 3823
14366 4 2 1 1 255 256 246 2995
14367 4 2 1 1 1984 2196 3223 2200
14368 4 2 1 1 971 802 3194 3745
14369 4 2 1 1 1905 2350 3348 3537
14370 4 2 1 1 335 274 401 2603
14371 4 2 1 1 2491 2870 2135 3634
14372 4 2 1 1 585 570 3134 3430
14373 4 2 1 1 1190 1235 1061 2716
14374 4 2 1 1 1199 3175 1044 3659
14375 4 2 1 1 1011 3973 1183 166
14376 4 2 1 1 2955 3745 3708 2101
14377 4 2 1 1 1877 3286 2909 3729
14378 4 2 1 1 1892 3137 2361 2139
14379 4 2 1 1 203 2982 377 12
14380 4 2 1 1 1293 2484 3909 2988
14381 4 2 1 1 88 474 3921 688
14382 4 2 1 1 467 3924 103 643
14383 4 2 1 1 1033 3908 2615 1017
14384 4 2 1 1 2073 3103 3268 3316
14385 4 2 1 1 3966 158 157 758
14386 4 2 1 1 2889 3524 2178 3844
14387 4 2 1 1 1845 3181 3557 3795
14388 4 2 1 1 1907 2640 3478 3655
14389 4 2 1 1 988 2826 932 2922
14390 4 2 1 1 839 3899 2255 949
14391 4 2 1 1 1849 2813 3351 3680
14392 4 2 1 1 744 912 910 2497
14393 4 2 1 1 2381 3224 2080 3575
14394 4 2 1 1 2001 2797 3416 3704
14395 4 2 1 1 1141 1101 1143 3485
14396 4 2 1 1 874 847 981 3455
14397 4 2 1 1 943 769 767 3247
14398 4 2 1 1 3925 756 145 977
14399 4 2 1 1 1757 1647 1744 2653
14400 4 2 1 1 2630 3090 2063 3440
14401 4 2 1 1 1841 2429 2106 3618
14402 4 2 1 1 637 463 91 3926
14403 4 2 1 1 465 3983 106 603
14404 4 2 1 1 2202 3725 2545 3806
14405 4 2 1 1 1098 1059 2543 3841
14406 4 2 1 1 1577 1793 1790 2488
14407 4 2 1 1 247 3113 264 3232
14408 4 2 1 1 2125 3423 2860 3877
14409 4 2 1 1 604 3928 118 3473
14410 4 2 1 1 2117 2754 2901 3843
14411 4 2 1 1 2471 3268 2318 3316
14412 4 2 1 1 1231 1235 1190 2716
14413 4 2 1 1 2432 3562 1335 3764
14414 4 2 1 1 1826 2946 1728 3799
14415 4 2 1 1 1028 1212 1254 2488
14416 4 2 1 1 795 803 787 3127
14417 4 2 1 1 1404 1506 1499 2748
14418 4 2 1 1 3281 3308 2147 3404
14419 4 2 1 1 1595 1596 3243 2144
14420 4 2 1 1 2522 3242 1957 3339
14421 4 2 1 1 1979 3389 2605 3509
14422 4 2 1 1 2282 3286 3729 3895
14423 4 2 1 1 667 564 687 3814
14424 4 2 1 1 1572 1746 1689 3519
14425 4 2 1 1 1995 2646 2787 3032
14426 4 2 1 1 913 830 955 3490
14427 4 2 1 1 790 956 3518 3768
14428 4 2 1 1 215 213 214 2756
14429 4 2 1 1 3816 664 2694 3294
14430 4 2 1 1 1060 1068 1069 2846
14431 4 2 1 1 2011 2958 3696 3796
14432 4 2 1 1 109 110 1017 3908
14433 4 2 1 1 1107 1276 1145 3862
14434 4 2 1 1 3923 1453 2994 1452
14435 4 2 1 1 3739 4020 443 4017
14436 4 2 1 1 1058 1057 1055 3102
14437 4 2 1 1 2604 2196 2451 3762
14438 4 2 1 1 2359 3231 2088 3685
14439 4 2 1 1 542 3093 518 3482
14440 4 2 1 1 2402 3722 3104 3827
14441 4 2 1 1 2641 2942 2132 3533
14442 4 2 1 1 1245 1271 1175 3388
14443 4 2 1 1 2201 2923 3101 3682
14444 4 2 1 1 2505 3194 2101 3745
14445 4 2 1 1 3073 3093 2155 3614
14446 4 2 1 1 2839 2198 3322 3683
14447 4 2 1 1 1866 3007 2595 3881
14448 4 2 1 1 902 903 904 2392
14449 4 2 1 1 2096 2454 2971 3889
14450 4 2 1 1 273 461 327 2689
14451 4 2 1 1 2055 2348 3148 3198
14452 4 2 1 1 1377 2697 1378 3624
14453 4 2 1 1 286 287 306 2714
14454 4 2 1 1 1604 1772 1610 2622
14455 4 2 1 1 2105 2558 3273 3547
14456 4 2 1 1 4011 363 31 3929
14457 4 2 1 1 466 3975 652 76
14458 4 2 1 1 2690 2899 1935 3719
14459 4 2 1 1 4009 40 39 328
14460 4 2 1 1 509 505 501 3053
14461 4 2 1 1 807 2916 806 2356
14462 4 2 1 1 204 3147 42 369
14463 4 2 1 1 1017 1170 109 3908
14464 4 2 1 1 741 3071 878 3799
14465 4 2 1 1 915 3171 796 3899
14466 4 2 1 1 2269 3444 2739 3809
14467 4 2 1 1 2649 324 3832 313
14468 4 2 1 1 3437 3354 3096 1894
14469 4 2 1 1 1936 1915 3252 3424
14470 4 2 1 1 1369 2761 1344 3562
14471 4 2 1 1 2075 3423 3234 3648
14472 4 2 1 1 3260 3861 2153 3357
14473 4 2 1 1 2479 1858 3648 3731
14474 4 2 1 1 67 68 209 3965
14475 4 2 1 1 2031 3153 2710 3237
14476 4 2 1 1 3358 3619 2554 3791
14477 4 2 1 1 2076 3205 3348 3366
14478 4 2 1 1 2285 2926 2912 3656
14479 4 2 1 1 2359 2088 3391 3685
14480 4 2 1 1 683 673 563 3658
14481 4 2 1 1 2076 3366 3449 3621
14482 4 2 1 1 852 820 935 3688
14483 4 2 1 1 2073 3037 2471 3534
14484 4 2 1 1 1940 2833 2485 3352
14485 4 2 1 1 2287 3436 2940 3761
14486 4 2 1 1 2090 2707 3334 3428
14487 4 2 1 1 1827 3964 3799 3071
14488 4 2 1 1 3318 3845 2406 2162
14489 4 2 1 1 298 2359 3082 3832
14490 4 2 1 1 1895 3523 3325 3720
14491 4 2 1 1 478 705 724 2632
14492 4 2 1 1 1912 2535 3012 3463
14493 4 2 1 1 2103 2359 3623 3685
14494 4 2 1 1 298 3391 313 299
14495 4 2 1 1 1099 1114 1113 2805
14496 4 2 1 1 1961 2892 2771 3135
14497 4 2 1 1 535 527 2744 548
14498 4 2 1 1 110 1033 1017 3908
14499 4 2 1 1 295 294 280 2825
14500 4 2 1 1 2246 3523 3362 3629
14501 4 2 1 1 286 287 2714 3481
14502 4 2 1 1 848 3330 2946 2161
14503 4 2 1 1 1116 1109 2495 3340
14504 4 2 1 1 1876 3248 2848 3713
14505 4 2 1 1 1487 3136 1439 3679
14506 4 2 1 1 2296 2672 3696 3796
14507 4 2 1 1 1160 1162 3048 3370
14508 4 2 1 1 1017 1170 3908 2997
14509 4 2 1 1 1993 2717 2598 3600
14510 4 2 1 1 1091 1132 1131 3228
14511 4 2 1 1 1544 1355 1529 2434
14512 4 2 1 1 1899 2999 2723 3896
14513 4 2 1 1 1102 1101 1141 3485
14514 4 2 1 1 2151 2467 3132 3756
14515 4 2 1 1 741 4019 3071 3964
14516 4 2 1 1 2042 3674 2706 3747
14517 4 2 1 1 3908 2615 1017 2997
14518 4 2 1 1 3066 2434 3565 3766
14519 4 2 1 1 2016 2764 2533 3434
14520 4 2 1 1 2227 2481 2910 3632
14521 4 2 1 1 2092 2400 2944 3830
14522 4 2 1 1 928 970 802 3194
14523 4 2 1 1 890 3985 938 2722
14524 4 2 1 1 2044 3432 2512 3663
14525 4 2 1 1 1903 3612 2349 3763
14526 4 2 1 1 3337 3440 2371 3805
14527 4 2 1 1 160 161 3907 1299
14528 4 2 1 1 2242 2036 2808 3883
14529 4 2 1 1 1901 3436 2580 3744
14530 4 2 1 1 2741 2113 3376 3732
14531 4 2 1 1 1860 2902 2637 3542
14532 4 2 1 1 2923 3101 1857 2175
14533 4 2 1 1 1997 1901 2287 3457
14534 4 2 1 1 454 322 190 3245
14535 4 2 1 1 1960 3619 2554 3783
14536 4 2 1 1 803 3127 840 3594
14537 4 2 1 1 2715 3557 2109 3588
14538 4 2 1 1 2563 3005 2131 3793
14539 4 2 1 1 1299 3907 160 3853
14540 4 2 1 1 1069 3340 1086 3728
14541 4 2 1 1 3585 2477 2022 2524
14542 4 2 1 1 1962 3168 2812 3177
14543 4 2 1 1 1970 3854 2426 3100
14544 4 2 1 1 1970 3854 3100 2339
14545 4 2 1 1 2943 2053 3074 3640
14546 4 2 1 1 1296 1457 1550 3176
14547 4 2 1 1 769 770 768 3247
14548 4 2 1 1 1464 2407 3341 3897
14549 4 2 1 1 959 918 963 3666
14550 4 2 1 1 2226 3702 2702 3867
14551 4 2 1 1 1025 1234 1033 3418
14552 4 2 1 1 2033 3446 2690 3818
14553 4 2 1 1 1104 2753 1148 3400
14554 4 2 1 1 1082 1080 1207 2938
14555 4 2 1 1 3105 1637 1613 3445
14556 4 2 1 1 2470 2816 1856 3128
14557 4 2 1 1 1992 2597 2811 3886
14558 4 2 1 1 2081 3370 3270 3755
14559 4 2 1 1 2041 2929 2757 3731
14560 4 2 1 1 3418 639 111 480
14561 4 2 1 1 1739 4031 1826 152
14562 4 2 1 1 2089 2434 3066 3612
14563 4 2 1 1 641 3998 479 3306
14564 4 2 1 1 1448 1445 1449 2486
14565 4 2 1 1 3907 161 1465 1299
14566 4 2 1 1 1392 1352 1350 3662
14567 4 2 1 1 1179 2938 1181 3539
14568 4 2 1 1 1047 2920 2602 3850
14569 4 2 1 1 2051 3246 2650 3726
14570 4 2 1 1 2066 2713 3033 3223
14571 4 2 1 1 1896 2360 2850 3706
14572 4 2 1 1 1892 3137 3318 3743
14573 4 2 1 1 375 388 406 3264
14574 4 2 1 1 504 3327 3422 3786
14575 4 2 1 1 2172 3099 3205 3366
14576 4 2 1 1 1981 2724 2774 3298
14577 4 2 1 1 749 871 880 2966
14578 4 2 1 1 3265 2397 3122 2486
14579 4 2 1 1 3386 3415 3114 3709
14580 4 2 1 1 2610 2839 2021 3826
14581 4 2 1 1 2717 3560 2243 3601
14582 4 2 1 1 1888 3027 2686 3809
14583 4 2 1 1 1935 2499 3015 3626
14584 4 2 1 1 1639 1637 1638 3331
14585 4 2 1 1 2831 487 630 486
14586 4 2 1 1 2091 3162 2662 3657
14587 4 2 1 1 2227 2112 3765 2629
14588 4 2 1 1 2459 2098 2046 2820
14589 4 2 1 1 1497 2785 3830 3859
14590 4 2 1 1 760 3455 2768 1007
14591 4 2 1 1 1209 3033 1244 3866
14592 4 2 1 1 2739 3444 2171 3809
14593 4 2 1 1 1568 1681 1695 3603
14594 4 2 1 1 1843 2417 3567 3837
14595 4 2 1 1 3602 3747 3674 2331
14596 4 2 1 1 354 355 444 3607
14597 4 2 1 1 632 2886 583 3373
14598 4 2 1 1 1963 3013 2497 3197
14599 4 2 1 1 1990 3146 2536 3727
14600 4 2 1 1 2801 3108 1970 3493
14601 4 2 1 1 2053 2581 3413 3672
14602 4 2 1 1 3344 3232 2020 2967
14603 4 2 1 1 1100 1139 1140 3019
14604 4 2 1 1 1997 3036 2375 3457
14605 4 2 1 1 2767 2287 2203 3457
14606 4 2 1 1 2406 3845 3318 1966
14607 4 2 1 1 2487 217 277 361
14608 4 2 1 1 1243 1151 1123 2609
14609 4 2 1 1 2152 3319 3002 3643
14610 4 2 1 1 310 276 309 2355
14611 4 2 1 1 1970 3854 2339 3219
14612 4 2 1 1 2182 3014 3665 3828
14613 4 2 1 1 1859 2713 3223 2200
14614 4 2 1 1 3907 1467 3853 1299
14615 4 2 1 1 1899 3335 2999 3896
14616 4 2 1 1 1379 1510 3297 3528
14617 4 2 1 1 521 3161 538 3258
14618 4 2 1 1 3907 1467 1299 1465
14619 4 2 1 1 2471 2084 3534 3712
14620 4 2 1 1 2865 2521 2047 3886
14621 4 2 1 1 2470 2954 1974 3128
14622 4 2 1 1 830 869 3267 3873
14623 4 2 1 1 2600 1991 2974 3302
14624 4 2 1 1 1061 2716 1235 3874
14625 4 2 1 1 1905 3368 2637 3733
14626 4 2 1 1 1289 3008 1408 3361
14627 4 2 1 1 3905 1732 1567 95
14628 4 2 1 1 2320 2783 1385 3817
14629 4 2 1 1 1871 3415 2537 2108
14630 4 2 1 1 2055 3266 2348 3198
14631 4 2 1 1 3780 1628 1710 3831
14632 4 2 1 1 1483 1522 2588 3897
14633 4 2 1 1 1975 3289 2507 3597
14634 4 2 1 1 770 771 772 3357
14635 4 2 1 1 314 431 450 2531
14636 4 2 1 1 1265 1137 1238 3196
14637 4 2 1 1 3906 3949 726 116
14638 4 2 1 1 3685 3862 2103 3867
14639 4 2 1 1 1896 2850 3173 3706
14640 4 2 1 1 2014 2551 2307 3462
14641 4 2 1 1 2106 2560 2232 2782
14642 4 2 1 1 1767 3003 2708 3734
14643 4 2 1 1 569 2331 572 2830
14644 4 2 1 1 1136 1135 1134 3815
14645 4 2 1 1 1988 3317 2581 3785
14646 4 2 1 1 2478 3059 1997 2473
14647 4 2 1 1 2454 2923 2201 3682
14648 4 2 1 1 1703 1831 1679 3112
14649 4 2 1 1 3849 2025 2203 2580
14650 4 2 1 1 3849 2203 2025 3471
14651 4 2 1 1 3332 2096 2692 3249
14652 4 2 1 1 2390 3271 2209 3531
14653 4 2 1 1 1300 115 116 3906
14654 4 2 1 1 2779 3125 1852 3727
14655 4 2 1 1 2865 3710 2698 3886
14656 4 2 1 1 1026 3909 171 3999
14657 4 2 1 1 3078 3323 2134 1897
14658 4 2 1 1 1425 2649 1424 3811
14659 4 2 1 1 3099 2819 2018 3366
14660 4 2 1 1 2543 3099 2172 3366
14661 4 2 1 1 2029 2501 3060 3748
14662 4 2 1 1 2905 3463 2112 1912
14663 4 2 1 1 611 565 610 2648
14664 4 2 1 1 645 729 633 3373
14665 4 2 1 1 2165 3090 2630 3835
14666 4 2 1 1 603 3536 105 716
14667 4 2 1 1 2499 2095 2315 2464
14668 4 2 1 1 1067 3099 1229 3285
14669 4 2 1 1 2608 3332 2971 3889
14670 4 2 1 1 1084 1100 1211 3019
14671 4 2 1 1 971 970 851 3194
14672 4 2 1 1 3906 3949 2797 726
14673 4 2 1 1 2185 3691 2685 3894
14674 4 2 1 1 2312 2881 3228 1941
14675 4 2 1 1 2719 2784 1990 3614
14676 4 2 1 1 580 560 3184 3741
14677 4 2 1 1 2443 3036 1997 3457
14678 4 2 1 1 1313 1436 1311 3174
14679 4 2 1 1 3332 2692 2096 2911
14680 4 2 1 1 2474 3024 1867 2871
14681 4 2 1 1 613 3216 2389 2935
14682 4 2 1 1 2644 2986 2216 3603
14683 4 2 1 1 936 2946 4031 3799
14684 4 2 1 1 2227 2112 2629 1912
14685 4 2 1 1 3906 1300 115 1458
14686 4 2 1 1 1898 2600 2974 3302
14687 4 2 1 1 1962 3403 3460 3876
14688 4 2 1 1 3906 1514 1300 1458
14689 4 2 1 1 2442 3789 3007 3881
14690 4 2 1 1 1751 1720 1799 2882
14691 4 2 1 1 2049 2755 2463 3747
14692 4 2 1 1 1150 1154 1013 2993
14693 4 2 1 1 1990 2779 3146 3727
14694 4 2 1 1 227 226 3432 3663
14695 4 2 1 1 2224 3622 3015 3842
14696 4 2 1 1 2381 2080 2868 3575
14697 4 2 1 1 1847 3000 2751 3240
14698 4 2 1 1 2751 3000 2204 3240
14699 4 2 1 1 637 92 638 3852
14700 4 2 1 1 1941 2981 3756 3173
14701 4 2 1 1 1131 3086 1235 3650
14702 4 2 1 1 2752 3743 3318 3761
14703 4 2 1 1 3446 1852 2322 3818
14704 4 2 1 1 2338 2428 3160 3814
14705 4 2 1 1 1134 2535 3815 1132
14706 4 2 1 1 2061 2654 2284 3604
14707 4 2 1 1 1456 2435 1527 3902
14708 4 2 1 1 2008 3228 3012 1941
14709 4 2 1 1 2489 2768 2040 3455
14710 4 2 1 1 2126 3415 2864 3709
14711 4 2 1 1 367 360 445 2966
14712 4 2 1 1 1065 1063 1066 2879
14713 4 2 1 1 3940 456 3431 4002
14714 4 2 1 1 1729 1814 1716 3630
14715 4 2 1 1 558 570 557 2614
14716 4 2 1 1 2780 2975 2064 3679
14717 4 2 1 1 3906 1514 1458 2699
14718 4 2 1 1 2021 3161 2568 3392
14719 4 2 1 1 2938 3644 1076 2225
14720 4 2 1 1 1414 1415 1530 3704
14721 4 2 1 1 1899 2598 2717 3600
14722 4 2 1 1 2184 3065 3318 3761
14723 4 2 1 1 2038 2792 2971 3456
14724 4 2 1 1 1567 95 94 3905
14725 4 2 1 1 595 3536 2872 3632
14726 4 2 1 1 2644 3333 2986 3603
14727 4 2 1 1 1243 2609 1123 3838
14728 4 2 1 1 1482 1481 1391 2734
14729 4 2 1 1 682 658 2968 3426
14730 4 2 1 1 2938 1076 3644 1082
14731 4 2 1 1 2015 2908 2557 3757
14732 4 2 1 1 755 1007 976 2768
14733 4 2 1 1 2095 2832 3412 2892
14734 4 2 1 1 831 3061 866 3300
14735 4 2 1 1 2181 2568 3161 3392
14736 4 2 1 1 390 2882 214 2876
14737 4 2 1 1 3201 3227 2355 3863
14738 4 2 1 1 3917 78 708 704
14739 4 2 1 1 2091 3113 2575 3162
14740 4 2 1 1 599 3134 2797 3430
14741 4 2 1 1 926 776 3042 3792
14742 4 2 1 1 2147 2780 2540 3848
14743 4 2 1 1 94 1567 3905 3294
14744 4 2 1 1 218 217 216 3238
14745 4 2 1 1 214 2882 390 392
14746 4 2 1 1 2791 2996 2316 2809
14747 4 2 1 1 1823 1824 3166 1677
14748 4 2 1 1 3273 1855 3103 2231
14749 4 2 1 1 1251 3970 168 3916
14750 4 2 1 1 542 518 532 3482
14751 4 2 1 1 289 409 2657 3890
14752 4 2 1 1 2715 2948 2047 3181
14753 4 2 1 1 2119 2948 2715 3181
14754 4 2 1 1 2015 3259 3461 2334
14755 4 2 1 1 639 3908 110 472
14756 4 2 1 1 3905 4008 475 2694
14757 4 2 1 1 707 3993 108 4036
14758 4 2 1 1 2847 3060 2519 3732
14759 4 2 1 1 2771 3237 2031 3564
14760 4 2 1 1 857 2792 814 3450
14761 4 2 1 1 2767 2998 2203 2287
14762 4 2 1 1 2433 3625 3104 3827
14763 4 2 1 1 1032 1248 1268 2802
14764 4 2 1 1 1069 2386 1060 2846
14765 4 2 1 1 2165 3447 3127 3835
14766 4 2 1 1 678 578 556 2793
14767 4 2 1 1 3746 3469 1971 2800
14768 4 2 1 1 1078 2638 1178 2753
14769 4 2 1 1 1955 2856 2813 3878
14770 4 2 1 1 856 805 941 3284
14771 4 2 1 1 542 3825 3482 532
14772 4 2 1 1 3905 1567 2694 3294
14773 4 2 1 1 2864 3236 2597 2659
14774 4 2 1 1 1837 3744 3312 2663
14775 4 2 1 1 275 400 358 2937
14776 4 2 1 1 2434 1903 2032 3612
14777 4 2 1 1 1331 2780 3848 1351
14778 4 2 1 1 1460 1538 1530 2797
14779 4 2 1 1 2328 3192 2888 3888
14780 4 2 1 1 2415 1887 3254 3887
14781 4 2 1 1 2018 2618 3348 3366
14782 4 2 1 1 1868 2201 2557 3037
14783 4 2 1 1 2022 3224 2381 3575
14784 4 2 1 1 2431 3445 2009 1892
14785 4 2 1 1 1898 2808 3276 3774
14786 4 2 1 1 1455 1406 1377 2697
14787 4 2 1 1 3150 946 948 2289
14788 4 2 1 1 2015 2909 2728 3461
14789 4 2 1 1 1690 3947 1562 2394
14790 4 2 1 1 2027 2584 2958 3742
14791 4 2 1 1 1597 1595 1596 3243
14792 4 2 1 1 1178 1179 3539 3644
14793 4 2 1 1 2819 2197 3325 3669
14794 4 2 1 1 3105 1613 1637 1627
14795 4 2 1 1 1400 1372 2435 3624
14796 4 2 1 1 2558 3273 3676 1855
14797 4 2 1 1 1852 2915 2539 3125
14798 4 2 1 1 503 2626 502 3786
14799 4 2 1 1 487 488 2694 3816
14800 4 2 1 1 258 3005 269 3793
14801 4 2 1 1 2488 1196 176 4000
14802 4 2 1 1 2374 3338 2154 3470
14803 4 2 1 1 1385 2783 3903 1386
14804 4 2 1 1 1966 3318 3065 3761
14805 4 2 1 1 2179 2575 3113 3162
14806 4 2 1 1 1843 2417 3435 3567
14807 4 2 1 1 2284 2424 1951 3553
14808 4 2 1 1 1047 1046 1048 2602
14809 4 2 1 1 1024 1162 1210 2632
14810 4 2 1 1 715 472 592 2997
14811 4 2 1 1 736 3541 3674 598
14812 4 2 1 1 2735 3255 2000 3520
14813 4 2 1 1 263 3723 2668 3847
14814 4 2 1 1 2048 2597 3646 2659
14815 4 2 1 1 596 728 2956 3741
14816 4 2 1 1 2589 3244 2181 3258
14817 4 2 1 1 750 155 156 3941
14818 4 2 1 1 3580 3759 2199 3067
14819 4 2 1 1 2079 2823 2498 2887
14820 4 2 1 1 464 4032 120 727
14821 4 2 1 1 1456 3299 2435 3902
14822 4 2 1 1 2434 2089 3066 3565
14823 4 2 1 1 1151 3117 2609 3866
14824 4 2 1 1 2832 2311 2095 3798
14825 4 2 1 1 2294 3460 3403 3876
14826 4 2 1 1 3482 3884 2155 2935
14827 4 2 1 1 288 335 391 3583
14828 4 2 1 1 1837 3312 3744 2580
14829 4 2 1 1 1412 1411 1537 2508
14830 4 2 1 1 1856 3487 2917 3736
14831 4 2 1 1 2071 3107 2695 3500
14832 4 2 1 1 2080 2525 3304 3664
14833 4 2 1 1 1994 3117 2713 3767
14834 4 2 1 1 199 3913 330 3122
14835 4 2 1 1 3963 1474 3343 1515
14836 4 2 1 1 2164 2502 3334 3551
14837 4 2 1 1 1197 1265 1238 2484
14838 4 2 1 1 3905 4008 95 475
14839 4 2 1 1 3943 4005 2489 203
14840 4 2 1 1 2193 3151 3194 3784
14841 4 2 1 1 2219 2853 3722 3827
14842 4 2 1 1 1848 2998 2767 2287
14843 4 2 1 1 2139 3525 2851 3892
14844 4 2 1 1 3291 2020 2236 3198
14845 4 2 1 1 2073 3103 2417 3435
14846 4 2 1 1 888 854 855 3477
14847 4 2 1 1 248 3148 412 3510
14848 4 2 1 1 3337 3440 3805 2914
14849 4 2 1 1 920 4015 3956 2693
14850 4 2 1 1 1243 1151 2609 3866
14851 4 2 1 1 1615 1657 1764 3617
14852 4 2 1 1 1868 2471 3037 3534
14853 4 2 1 1 1999 2959 2524 3599
14854 4 2 1 1 2699 2722 2001 3438
14855 4 2 1 1 1328 1326 1327 2264
14856 4 2 1 1 1497 3830 1398 3859
14857 4 2 1 1 1610 1604 2622 3857
14858 4 2 1 1 1362 1412 1413 3215
14859 4 2 1 1 381 344 402 3516
14860 4 2 1 1 889 2180 2391 3880
14861 4 2 1 1 3977 3932 3529 1264
14862 4 2 1 1 1569 4000 2897 1740
14863 4 2 1 1 2232 2560 3107 3736
14864 4 2 1 1 1081 1213 1217 3346
14865 4 2 1 1 1148 2753 1178 3539
14866 4 2 1 1 2746 3517 2280 1879
14867 4 2 1 1 177 178 1569 3904
14868 4 2 1 1 1032 1279 1248 2802
14869 4 2 1 1 986 3330 845 3545
14870 4 2 1 1 2472 3169 2076 3368
14871 4 2 1 1 2706 3343 2049 3602
14872 4 2 1 1 3155 3478 2175 2517
14873 4 2 1 1 669 520 562 2325
14874 4 2 1 1 1712 1710 1711 2962
14875 4 2 1 1 94 3905 664 3294
14876 4 2 1 1 737 872 902 2455
14877 4 2 1 1 1863 2951 2817 3502
14878 4 2 1 1 2864 3415 2260 3709
14879 4 2 1 1 1940 2520 2833 3568
14880 4 2 1 1 469 3919 73 3931
14881 4 2 1 1 4025 200 414 3131
14882 4 2 1 1 3904 178 1569 1783
14883 4 2 1 1 2039 1809 2249 2876
14884 4 2 1 1 1756 1638 1627 3780
14885 4 2 1 1 346 2769 349 345
14886 4 2 1 1 1111 2885 1144 2983
14887 4 2 1 1 3558 859 3858 3004
14888 4 2 1 1 2819 1854 2197 3669
14889 4 2 1 1 1138 1095 1224 2593
14890 4 2 1 1 1162 3196 2632 3370
14891 4 2 1 1 1733 1734 1784 3384
14892 4 2 1 1 1999 2763 2804 1929
14893 4 2 1 1 1569 4000 1740 177
14894 4 2 1 1 833 875 832 3460
14895 4 2 1 1 2076 3169 2930 3368
14896 4 2 1 1 2096 3332 2911 3889
14897 4 2 1 1 220 3091 2545 3806
14898 4 2 1 1 2757 2818 2123 3344
14899 4 2 1 1 1786 3199 1661 3638
14900 4 2 1 1 2177 3055 3505 2518
14901 4 2 1 1 3702 3598 3038 2398
14902 4 2 1 1 3925 4027 3705 977
14903 4 2 1 1 2216 2986 2644 3714
14904 4 2 1 1 143 142 975 3954
14905 4 2 1 1 1791 3904 3529 2897
14906 4 2 1 1 2082 3090 3230 3716
14907 4 2 1 1 32 364 2534 363
14908 4 2 1 1 738 4039 77 3930
14909 4 2 1 1 3008 3361 1289 3801
14910 4 2 1 1 2052 2998 3203 3436
14911 4 2 1 1 2683 3055 2177 2518
14912 4 2 1 1 1591 1618 1589 3003
14913 4 2 1 1 2176 3417 2821 3698
14914 4 2 1 1 748 3778 3008 3801
14915 4 2 1 1 438 2556 374 3739
14916 4 2 1 1 1376 1422 2482 3403
14917 4 2 1 1 486 4008 475 96
14918 4 2 1 1 3155 3246 2051 3726
14919 4 2 1 1 815 806 807 2916
14920 4 2 1 1 2537 3303 2730 3451
14921 4 2 1 1 2495 3340 2041 3770
14922 4 2 1 1 2071 3107 2429 2106
14923 4 2 1 1 568 3419 2842 2288
14924 4 2 1 1 1469 2785 1381 3777
14925 4 2 1 1 1186 1037 1110 3854
14926 4 2 1 1 533 524 2935 3482
14927 4 2 1 1 1791 3904 2897 1569
14928 4 2 1 1 2238 3248 2848 3824
14929 4 2 1 1 212 36 201 3920
14930 4 2 1 1 2055 2824 2818 2020
14931 4 2 1 1 545 540 546 3026
14932 4 2 1 1 811 798 955 3490
14933 4 2 1 1 2052 3312 3744 2663
14934 4 2 1 1 2095 3275 2436 1914
14935 4 2 1 1 3771 2432 2146 1929
14936 4 2 1 1 2436 3275 2095 2161
14937 4 2 1 1 1981 3298 2774 1875
14938 4 2 1 1 2748 3903 2778 1397
14939 4 2 1 1 1035 1186 1170 3854
14940 4 2 1 1 1208 3912 182 1192
14941 4 2 1 1 2406 3466 3305 3823
14942 4 2 1 1 2205 3128 2886 3677
14943 4 2 1 1 1979 2694 3294 3816
14944 4 2 1 1 2701 2374 3075 1879
14945 4 2 1 1 1309 3062 1308 3701
14946 4 2 1 1 3148 225 384 3663
14947 4 2 1 1 301 3531 2390 3879
14948 4 2 1 1 562 665 609 2325
14949 4 2 1 1 1198 1052 1048 2888
14950 4 2 1 1 2212 3611 3083 3666
14951 4 2 1 1 2778 3903 2748 2127
14952 4 2 1 1 1453 1511 1454 2994
14953 4 2 1 1 3104 3722 2433 3827
14954 4 2 1 1 387 389 341 3393
14955 4 2 1 1 1466 3986 1465 2509
14956 4 2 1 1 1009 1144 1173 2513
14957 4 2 1 1 2178 3254 2415 1887
14958 4 2 1 1 2273 3461 3259 2334
14959 4 2 1 1 2152 2930 3169 3368
14960 4 2 1 1 3668 2410 2114 2982
14961 4 2 1 1 3997 459 41 3953
14962 4 2 1 1 2394 2185 3314 3459
14963 4 2 1 1 2407 3341 2042 3541
14964 4 2 1 1 2262 3167 2720 2822
14965 4 2 1 1 332 333 3609 297
14966 4 2 1 1 3005 3591 2060 3890
14967 4 2 1 1 2073 2120 2672 3435
14968 4 2 1 1 2441 1656 1766 1804
14969 4 2 1 1 1158 3418 2620 3483
14970 4 2 1 1 2123 2818 2757 3613
14971 4 2 1 1 271 3213 373 283
14972 4 2 1 1 1967 3074 3028 3640
14973 4 2 1 1 1324 1320 1322 3034
14974 4 2 1 1 699 2604 694 3397
14975 4 2 1 1 1069 1085 1086 3340
14976 4 2 1 1 3183 3213 2313 3377
14977 4 2 1 1 1760 1704 1657 3617
14978 4 2 1 1 272 2689 273 3800
14979 4 2 1 1 2609 3070 1949 3838
14980 4 2 1 1 700 2788 695 3306
14981 4 2 1 1 2757 3344 2123 1909
14982 4 2 1 1 3616 3815 2112 3874
14983 4 2 1 1 1359 1520 1509 2944
14984 4 2 1 1 1983 2611 3018 3844
14985 4 2 1 1 1868 2201 3037 3839
14986 4 2 1 1 1609 3305 1603 3466
14987 4 2 1 1 2433 3594 2853 3722
14988 4 2 1 1 258 269 3005 268
14989 4 2 1 1 1945 3577 2907 3579
14990 4 2 1 1 2343 3222 2427 3898
14991 4 2 1 1 2176 3217 3066 3766
14992 4 2 1 1 1537 1523 1415 3416
14993 4 2 1 1 1848 3203 2752 3754
14994 4 2 1 1 1141 1142 1102 3485
14995 4 2 1 1 1365 1375 1387 3310
14996 4 2 1 1 2667 3447 2327 3751
14997 4 2 1 1 2517 3312 1989 3425
14998 4 2 1 1 776 777 779 3018
14999 4 2 1 1 332 3609 333 2575
15000 4 2 1 1 434 430 18 3933
15001 4 2 1 1 2088 2649 3391 3431
15002 4 2 1 1 490 491 492 2927
15003 4 2 1 1 1667 1668 1682 2501
15004 4 2 1 1 1898 2870 2600 3760
15005 4 2 1 1 1928 3501 2749 3810
15006 4 2 1 1 2250 3255 2735 3520
15007 4 2 1 1 2071 2429 3107 3500
15008 4 2 1 1 2499 3275 1914 2101
15009 4 2 1 1 682 658 522 2968
15010 4 2 1 1 1442 1441 3136 3586
15011 4 2 1 1 2025 2541 2295 3712
15012 4 2 1 1 2054 3104 2433 3625
15013 4 2 1 1 2622 1620 3367 1772
15014 4 2 1 1 2017 3379 2705 3590
15015 4 2 1 1 1789 3389 1687 3509
15016 4 2 1 1 2154 3023 2863 3338
15017 4 2 1 1 2301 3466 2907 3823
15018 4 2 1 1 1999 2524 2959 1929
15019 4 2 1 1 2445 1936 3339 3846
15020 4 2 1 1 835 3420 2442 3668
15021 4 2 1 1 1687 1810 1567 3294
15022 4 2 1 1 2729 3390 2206 3900
15023 4 2 1 1 3659 3720 3175 2344
15024 4 2 1 1 2622 1620 1772 1610
15025 4 2 1 1 2262 2720 3167 1978
15026 4 2 1 1 2364 2972 3185 3783
15027 4 2 1 1 2768 3176 2040 3455
15028 4 2 1 1 1750 1609 1603 3466
15029 4 2 1 1 3933 192 2918 4016
15030 4 2 1 1 792 3011 791 3518
15031 4 2 1 1 1158 2620 1030 3483
15032 4 2 1 1 1898 2661 2870 3760
15033 4 2 1 1 217 218 219 3806
15034 4 2 1 1 2026 2464 3202 3676
15035 4 2 1 1 1194 1024 102 3048
15036 4 2 1 1 1628 2877 1709 3831
15037 4 2 1 1 2768 2040 3176 3902
15038 4 2 1 1 1900 2503 3142 3572
15039 4 2 1 1 701 3418 4001 112
15040 4 2 1 1 3933 351 434 430
15041 4 2 1 1 45 46 329 3982
15042 4 2 1 1 2143 2492 3020 3669
15043 4 2 1 1 1518 2802 1429 3853
15044 4 2 1 1 1219 3020 2805 3841
15045 4 2 1 1 1640 2919 1641 3775
15046 4 2 1 1 1847 2751 3000 3486
15047 4 2 1 1 2568 3392 2181 3791
15048 4 2 1 1 2706 3602 2049 3747
15049 4 2 1 1 3959 315 433 191
15050 4 2 1 1 3355 2720 3167 2822
15051 4 2 1 1 1208 3912 1192 3384
15052 4 2 1 1 1928 2657 3163 3810
15053 4 2 1 1 1730 1626 1588 3084
15054 4 2 1 1 2872 3595 3536 2288
15055 4 2 1 1 2715 2811 2047 3886
15056 4 2 1 1 1044 2953 1043 1042
15057 4 2 1 1 2723 3181 2128 3782
15058 4 2 1 1 1381 2785 1497 3859
15059 4 2 1 1 2415 3283 2148 3788
15060 4 2 1 1 1736 1566 35 2876
15061 4 2 1 1 2786 2571 2124 3469
15062 4 2 1 1 417 3271 419 3531
15063 4 2 1 1 2031 3153 3135 3401
15064 4 2 1 1 275 2937 358 3863
15065 4 2 1 1 1896 2903 2467 2036
15066 4 2 1 1 3940 456 4002 66
15067 4 2 1 1 1750 1713 3466 3779
15068 4 2 1 1 888 2490 854 3477
15069 4 2 1 1 109 110 3908 472
15070 4 2 1 1 2691 3351 2069 3680
15071 4 2 1 1 1423 4023 1289 140
15072 4 2 1 1 1920 2894 2515 3695
15073 4 2 1 1 420 361 425 2682
15074 4 2 1 1 1245 1276 1271 2702
15075 4 2 1 1 3923 1453 1452 167
15076 4 2 1 1 4026 474 642 3159
15077 4 2 1 1 1789 1794 2605 3509
15078 4 2 1 1 1995 3032 2523 3488
15079 4 2 1 1 1587 1588 1589 2681
15080 4 2 1 1 1181 2612 1180 3539
15081 4 2 1 1 189 416 363 2775
15082 4 2 1 1 3181 3782 2723 3795
15083 4 2 1 1 2166 2444 3394 3790
15084 4 2 1 1 818 825 823 3699
15085 4 2 1 1 2071 2952 2666 2106
15086 4 2 1 1 438 373 374 2556
15087 4 2 1 1 378 16 15 3851
15088 4 2 1 1 1851 2766 2812 3177
15089 4 2 1 1 2372 2591 3124 2548
15090 4 2 1 1 506 508 3077 3422
15091 4 2 1 1 1076 1065 1066 2879
15092 4 2 1 1 3011 3150 2263 3729
15093 4 2 1 1 2468 1996 3206 3661
15094 4 2 1 1 683 2664 672 3642
15095 4 2 1 1 1209 1038 1036 2961
15096 4 2 1 1 672 2277 3642 2664
15097 4 2 1 1 1457 3299 1456 3902
15098 4 2 1 1 450 370 299 3623
15099 4 2 1 1 847 873 835 2442
15100 4 2 1 1 3002 3577 2167 3743
15101 4 2 1 1 2099 2387 3110 3671
15102 4 2 1 1 2327 3447 2533 3751
15103 4 2 1 1 575 3314 691 3459
15104 4 2 1 1 3659 3720 2344 2229
15105 4 2 1 1 2539 2915 2362 3894
15106 4 2 1 1 3842 2499 2157 3015
15107 4 2 1 1 2605 3389 3287 3707
15108 4 2 1 1 1846 2126 2458 1985
15109 4 2 1 1 3959 4041 47 433
15110 4 2 1 1 645 3934 121 464
15111 4 2 1 1 1707 1709 1628 2877
15112 4 2 1 1 2755 3270 1861 3747
15113 4 2 1 1 3355 3167 2720 1978
15114 4 2 1 1 703 3908 109 3993
15115 4 2 1 1 2536 3596 2690 3719
15116 4 2 1 1 1247 3999 3554 1026
15117 4 2 1 1 209 2802 314 3431
15118 4 2 1 1 1850 3085 2670 3428
15119 4 2 1 1 2323 3662 2540 3891
15120 4 2 1 1 531 653 495 3095
15121 4 2 1 1 2102 2009 2350 2571
15122 4 2 1 1 2423 3539 2612 3878
15123 4 2 1 1 2156 2595 3789 3881
15124 4 2 1 1 3927 465 707 3359
15125 4 2 1 1 2415 2148 3611 3788
15126 4 2 1 1 2386 1220 3690 3728
15127 4 2 1 1 791 792 793 3011
15128 4 2 1 1 911 3856 4003 135
15129 4 2 1 1 1074 1040 1038 2679
15130 4 2 1 1 2975 3387 2064 3679
15131 4 2 1 1 426 23 22 3952
15132 4 2 1 1 3816 664 3294 666
15133 4 2 1 1 1867 2908 2584 3821
15134 4 2 1 1 3927 4036 3359 707
15135 4 2 1 1 1394 1491 1511 3250
15136 4 2 1 1 628 629 551 2745
15137 4 2 1 1 2208 2548 3067 3580
15138 4 2 1 1 1919 2466 2208 2163
15139 4 2 1 1 207 3935 428 55
15140 4 2 1 1 2227 2481 3632 2629
15141 4 2 1 1 477 3919 651 3257
15142 4 2 1 1 1193 1020 1262 2988
15143 4 2 1 1 1571 1682 1692 2617
15144 4 2 1 1 924 3960 147 746
15145 4 2 1 1 3558 859 3004 858
15146 4 2 1 1 760 3176 933 130
15147 4 2 1 1 2162 2752 2921 3577
15148 4 2 1 1 2713 3033 2200 3866
15149 4 2 1 1 298 3082 2359 3609
15150 4 2 1 1 1262 1138 1193 3448
15151 4 2 1 1 1022 2993 185 1261
15152 4 2 1 1 1859 2514 3511 3767
15153 4 2 1 1 1746 4033 27 3918
15154 4 2 1 1 2245 2999 2723 2047
15155 4 2 1 1 1010 1214 1230 3359
15156 4 2 1 1 475 488 664 2694
15157 4 2 1 1 703 592 472 2997
15158 4 2 1 1 1913 2459 3106 3399
15159 4 2 1 1 2027 2958 2584 3593
15160 4 2 1 1 1381 1364 3777 3859
15161 4 2 1 1 1027 3997 41 3953
15162 4 2 1 1 1618 1767 1755 3734
15163 4 2 1 1 1972 2922 2826 3688
15164 4 2 1 1 2067 2971 2608 3421
15165 4 2 1 1 3254 3259 2178 3593
15166 4 2 1 1 2784 3576 2214 3684
15167 4 2 1 1 2004 2565 3324 3514
15168 4 2 1 1 1072 1073 1064 2351
15169 4 2 1 1 843 893 841 3545
15170 4 2 1 1 501 505 502 3053
15171 4 2 1 1 404 2824 408 3865
15172 4 2 1 1 2912 2926 1949 3656
15173 4 2 1 1 2078 2389 3216 1950
15174 4 2 1 1 1702 1649 1666 3170
15175 4 2 1 1 2768 3072 2040 3902
15176 4 2 1 1 2167 3016 3002 3643
15177 4 2 1 1 1678 3798 3498 2790
15178 4 2 1 1 814 813 797 3450
15179 4 2 1 1 2015 3259 2908 3757
15180 4 2 1 1 2367 3423 2075 3648
15181 4 2 1 1 1394 1393 1380 2856
15182 4 2 1 1 941 809 945 3556
15183 4 2 1 1 2009 3035 2631 2350
15184 4 2 1 1 1897 3274 3709 3749
15185 4 2 1 1 208 2538 25 366
15186 4 2 1 1 2892 3135 2363 3401
15187 4 2 1 1 251 241 3232 3865
15188 4 2 1 1 2680 3980 3939 452
15189 4 2 1 1 398 409 394 3491
15190 4 2 1 1 249 386 398 3491
15191 4 2 1 1 780 926 776 3042
15192 4 2 1 1 2147 2975 2780 3848
15193 4 2 1 1 822 812 828 3440
15194 4 2 1 1 4010 485 70 3936
15195 4 2 1 1 227 225 226 3663
15196 4 2 1 1 1819 1573 1800 2519
15197 4 2 1 1 3735 3896 3041 2449
15198 4 2 1 1 3248 3339 3242 2211
15199 4 2 1 1 2493 3001 1861 3580
15200 4 2 1 1 1970 3108 2801 3765
15201 4 2 1 1 2946 980 2161 3799
15202 4 2 1 1 2908 3259 2120 3757
15203 4 2 1 1 1938 3026 2703 3651
15204 4 2 1 1 2955 3745 2101 3194
15205 4 2 1 1 1911 2955 2561 3708
15206 4 2 1 1 692 531 699 3095
15207 4 2 1 1 1807 1742 1689 3211
15208 4 2 1 1 2946 980 3799 936
15209 4 2 1 1 1998 2742 2658 1927
15210 4 2 1 1 846 849 850 2436
15211 4 2 1 1 2862 2129 2257 3774
15212 4 2 1 1 2499 2101 1865 3574
15213 4 2 1 1 1383 1479 1364 2928
15214 4 2 1 1 647 594 712 3209
15215 4 2 1 1 549 550 583 3697
15216 4 2 1 1 1352 1351 1350 3848
15217 4 2 1 1 2282 3150 3011 3729
15218 4 2 1 1 721 485 702 2699
15219 4 2 1 1 1344 1369 1370 2761
15220 4 2 1 1 1512 1291 1466 2936
15221 4 2 1 1 384 408 248 3148
15222 4 2 1 1 1461 1400 1372 2435
15223 4 2 1 1 2533 3127 2165 3447
15224 4 2 1 1 504 3422 506 3786
15225 4 2 1 1 1824 1739 2693 2946
15226 4 2 1 1 2003 2559 3323 1897
15227 4 2 1 1 2680 3980 452 199
15228 4 2 1 1 2622 2887 2033 3818
15229 4 2 1 1 2415 2148 2178 1887
15230 4 2 1 1 2077 3205 2437 3733
15231 4 2 1 1 1469 1381 2785 1497
15232 4 2 1 1 1976 2911 2777 3655
15233 4 2 1 1 2680 3980 199 3122
15234 4 2 1 1 1557 1373 1401 3361
15235 4 2 1 1 1687 1789 1810 3389
15236 4 2 1 1 1192 4004 1012 2483
15237 4 2 1 1 3077 3610 2215 3658
15238 4 2 1 1 2112 3086 2535 3463
15239 4 2 1 1 1901 2940 3436 3744
15240 4 2 1 1 2650 3246 2787 3726
15241 4 2 1 1 588 483 597 3343
15242 4 2 1 1 2886 3128 1974 3677
15243 4 2 1 1 3911 1799 1566 34
15244 4 2 1 1 1251 169 1020 3916
15245 4 2 1 1 3974 704 79 3917
15246 4 2 1 1 3980 1470 57 1290
15247 4 2 1 1 3271 4025 29 419
15248 4 2 1 1 481 599 3430 725
15249 4 2 1 1 4021 187 188 1030
15250 4 2 1 1 993 891 754 3438
15251 4 2 1 1 920 4015 2693 740
15252 4 2 1 1 406 410 3264 3592
15253 4 2 1 1 2823 1787 1626 1748
15254 4 2 1 1 965 2647 961 3858
15255 4 2 1 1 2608 2971 1910 3421
15256 4 2 1 1 1682 2617 1571 3737
15257 4 2 1 1 2390 3271 1745 3869
15258 4 2 1 1 263 402 3723 3847
15259 4 2 1 1 869 1001 880 3873
15260 4 2 1 1 2384 1970 2582 3100
15261 4 2 1 1 2065 3093 3073 3614
15262 4 2 1 1 2220 3208 2574 3829
15263 4 2 1 1 1052 1198 1222 3888
15264 4 2 1 1 678 682 2793 3426
15265 4 2 1 1 2154 3338 2863 2671
15266 4 2 1 1 1073 3009 2351 1078
15267 4 2 1 1 760 3455 1007 874
15268 4 2 1 1 1331 2780 1351 1486
15269 4 2 1 1 402 3516 344 3723
15270 4 2 1 1 238 245 239 3847
15271 4 2 1 1 2147 2540 2780 3281
15272 4 2 1 1 2287 2752 3203 3761
15273 4 2 1 1 2047 2811 2715 3795
15274 4 2 1 1 2102 3199 2800 3746
15275 4 2 1 1 1320 1477 1319 3040
15276 4 2 1 1 2007 3106 2459 3399
15277 4 2 1 1 3019 3121 2510 3647
15278 4 2 1 1 2184 3318 3298 2139
15279 4 2 1 1 295 2825 3609 3623
15280 4 2 1 1 2649 324 313 202
15281 4 2 1 1 2027 3544 2584 3742
15282 4 2 1 1 1887 3055 2683 2518
15283 4 2 1 1 2807 3386 2241 3709
15284 4 2 1 1 1652 1653 2577 3775
15285 4 2 1 1 555 595 2872 3632
15286 4 2 1 1 2041 3017 3282 3731
15287 4 2 1 1 1011 3923 1255 2994
15288 4 2 1 1 301 417 419 3531
15289 4 2 1 1 865 854 890 2490
15290 4 2 1 1 2242 2345 2036 3883
15291 4 2 1 1 2162 2907 3577 3579
15292 4 2 1 1 2595 3007 1972 3789
15293 4 2 1 1 2217 3613 2528 3803
15294 4 2 1 1 2077 2437 3205 3285
15295 4 2 1 1 2824 2020 2280 3865
15296 4 2 1 1 593 734 654 2722
15297 4 2 1 1 2193 3158 3151 3784
15298 4 2 1 1 2183 3119 3074 3875
15299 4 2 1 1 910 3197 911 3856
15300 4 2 1 1 1527 3072 1298 3902
15301 4 2 1 1 1294 2649 1425 3431
15302 4 2 1 1 1975 2528 3291 3613
15303 4 2 1 1 3871 2779 2002 2425
15304 4 2 1 1 1266 4021 1030 187
15305 4 2 1 1 827 947 826 2764
15306 4 2 1 1 2384 1970 2910 2582
15307 4 2 1 1 961 2647 855 3699
15308 4 2 1 1 758 3559 2788 886
15309 4 2 1 1 3776 3665 3828 2146
15310 4 2 1 1 1118 2978 1114 3441
15311 4 2 1 1 2057 2510 3121 3647
15312 4 2 1 1 2287 2940 1901 3588
15313 4 2 1 1 3485 3597 2037 3080
15314 4 2 1 1 741 4019 3964 154
15315 4 2 1 1 1048 1047 2602 3850
15316 4 2 1 1 2927 1979 3814 3816
15317 4 2 1 1 2024 2560 2129 2782
15318 4 2 1 1 1726 1702 1701 3170
15319 4 2 1 1 467 3924 643 2288
15320 4 2 1 1 3921 1562 1737 88
15321 4 2 1 1 2287 1901 2940 3436
15322 4 2 1 1 789 3711 2654 3885
15323 4 2 1 1 2744 3241 2017 3550
15324 4 2 1 1 1094 1100 1084 3532
15325 4 2 1 1 2083 3244 2589 3258
15326 4 2 1 1 2026 2558 3453 3547
15327 4 2 1 1 1662 2475 3638 3780
15328 4 2 1 1 786 783 785 3447
15329 4 2 1 1 1831 3112 1682 3737
15330 4 2 1 1 2396 3140 2504 3553
15331 4 2 1 1 3933 742 18 1002
15332 4 2 1 1 542 3825 532 543
15333 4 2 1 1 2389 2935 3216 1950
15334 4 2 1 1 2158 3079 3044 3499
15335 4 2 1 1 3558 3699 2130 3858
15336 4 2 1 1 599 585 3134 3430
15337 4 2 1 1 559 560 561 2619
15338 4 2 1 1 2540 3217 2176 3662
15339 4 2 1 1 1808 1663 1780 2829
15340 4 2 1 1 1659 1782 1762 3898
15341 4 2 1 1 1761 1762 1563 3898
15342 4 2 1 1 982 3395 940 3705
15343 4 2 1 1 1832 2973 3057 3738
15344 4 2 1 1 2883 3673 2363 2119
15345 4 2 1 1 1516 1458 1514 2699
15346 4 2 1 1 1810 1724 1732 2694
15347 4 2 1 1 2136 3212 2652 3864
15348 4 2 1 1 1576 1797 1829 3705
15349 4 2 1 1 1866 3635 2721 3881
15350 4 2 1 1 840 2853 841 3594
15351 4 2 1 1 789 2654 918 3885
15352 4 2 1 1 632 549 583 2886
15353 4 2 1 1 2612 3539 2097 3878
15354 4 2 1 1 627 626 505 3021
15355 4 2 1 1 3735 3896 2449 3335
15356 4 2 1 1 239 246 288 2822
15357 4 2 1 1 1181 2938 1207 3587
15358 4 2 1 1 2038 2781 3284 3556
15359 4 2 1 1 2074 2992 2525 3409
15360 4 2 1 1 1529 2434 1355 3565
15361 4 2 1 1 1937 2919 2710 3675
15362 4 2 1 1 1020 1193 1251 2988
15363 4 2 1 1 2027 2584 3544 3593
15364 4 2 1 1 3401 1855 2070 2363
15365 4 2 1 1 1097 1103 1126 3527
15366 4 2 1 1 3401 2070 1855 2567
15367 4 2 1 1 1483 1522 1363 2588
15368 4 2 1 1 293 389 387 2645
15369 4 2 1 1 2492 2062 3020 3669
15370 4 2 1 1 2846 2041 3340 3728
15371 4 2 1 1 1856 2954 2470 3128
15372 4 2 1 1 961 965 855 2647
15373 4 2 1 1 2031 2976 2710 3153
15374 4 2 1 1 823 831 866 3300
15375 4 2 1 1 739 983 137 3937
15376 4 2 1 1 1982 2628 3034 3828
15377 4 2 1 1 1131 3228 3086 3650
15378 4 2 1 1 3979 53 52 427
15379 4 2 1 1 2155 3825 2741 3884
15380 4 2 1 1 1673 1781 3295 2887
15381 4 2 1 1 3022 2273 2177 2518
15382 4 2 1 1 1073 3009 1206 2351
15383 4 2 1 1 2652 3239 2136 3864
15384 4 2 1 1 375 406 410 3264
15385 4 2 1 1 689 2685 637 3852
15386 4 2 1 1 1073 3009 1079 1206
15387 4 2 1 1 599 586 473 3473
15388 4 2 1 1 1290 1533 1449 3122
15389 4 2 1 1 321 2404 2750 3047
15390 4 2 1 1 595 685 555 2872
15391 4 2 1 1 575 691 3314 693
15392 4 2 1 1 414 3131 422 3879
15393 4 2 1 1 386 249 407 3091
15394 4 2 1 1 1855 3515 2547 2892
15395 4 2 1 1 1957 3891 3824 3141
15396 4 2 1 1 2499 2095 2464 1914
15397 4 2 1 1 580 3184 728 3741
15398 4 2 1 1 1336 1446 3129 3562
15399 4 2 1 1 2054 3151 2436 3504
15400 4 2 1 1 2144 3096 3439 3681
15401 4 2 1 1 2040 3299 3176 3902
15402 4 2 1 1 1495 2821 1443 3698
15403 4 2 1 1 321 3981 193 442
15404 4 2 1 1 2053 3413 2943 3672
15405 4 2 1 1 2599 3362 2246 3523
15406 4 2 1 1 967 743 3130 3880
15407 4 2 1 1 3494 682 522 2968
15408 4 2 1 1 2162 3466 2406 3823
15409 4 2 1 1 466 3975 76 3930
15410 4 2 1 1 1561 4011 31 3929
15411 4 2 1 1 3824 3891 1957 2323
15412 4 2 1 1 663 567 661 2741
15413 4 2 1 1 662 552 649 2677
15414 4 2 1 1 424 3969 368 208
15415 4 2 1 1 3021 3111 2325 3253
15416 4 2 1 1 1729 1809 1736 2876
15417 4 2 1 1 3494 522 682 686
15418 4 2 1 1 1292 1513 1418 3473
15419 4 2 1 1 1798 1567 94 3294
15420 4 2 1 1 1902 2758 2125 3535
15421 4 2 1 1 2018 3099 2437 3530
15422 4 2 1 1 1153 1280 1159 3356
15423 4 2 1 1 2597 2973 2865 3710
15424 4 2 1 1 1138 3272 1193 3448
15425 4 2 1 1 1243 1074 1209 3866
15426 4 2 1 1 4017 443 3739 195
15427 4 2 1 1 2051 3723 3029 3847
15428 4 2 1 1 793 800 919 2843
15429 4 2 1 1 404 408 403 3865
15430 4 2 1 1 761 762 962 2592
15431 4 2 1 1 2079 2498 3439 2887
15432 4 2 1 1 770 2561 3247 3260
15433 4 2 1 1 2066 3418 2620 3522
15434 4 2 1 1 440 3255 2966 3582
15435 4 2 1 1 1673 1777 1781 2887
15436 4 2 1 1 3879 2563 292 3531
15437 4 2 1 1 2099 2356 2843 3671
15438 4 2 1 1 2605 3084 1953 3802
15439 4 2 1 1 2647 3477 855 3699
15440 4 2 1 1 849 3330 2161 2436
15441 4 2 1 1 2122 3105 2877 3279
15442 4 2 1 1 1314 1315 1313 3476
15443 4 2 1 1 2106 2782 3703 3794
15444 4 2 1 1 2036 2345 1853 3883
15445 4 2 1 1 2998 3203 1848 3754
15446 4 2 1 1 2137 3108 2801 3493
15447 4 2 1 1 2032 2540 3217 3495
15448 4 2 1 1 770 2561 768 3247
15449 4 2 1 1 547 546 540 3026
15450 4 2 1 1 1249 1280 1212 2669
15451 4 2 1 1 636 2725 503 3786
15452 4 2 1 1 1516 1542 1458 2699
15453 4 2 1 1 624 623 619 3180
15454 4 2 1 1 1997 2478 2473 3484
15455 4 2 1 1 2132 3533 2397 1915
15456 4 2 1 1 1047 1050 2920 3850
15457 4 2 1 1 490 489 3762 3816
15458 4 2 1 1 598 605 584 3541
15459 4 2 1 1 1011 3973 166 3923
15460 4 2 1 1 1378 1468 1367 2942
15461 4 2 1 1 2999 3335 2133 3896
15462 4 2 1 1 960 863 954 2726
15463 4 2 1 1 1462 1295 1463 3341
15464 4 2 1 1 1989 2998 2809 2586
15465 4 2 1 1 2002 3335 3079 3634
15466 4 2 1 1 1111 1172 1144 2885
15467 4 2 1 1 2030 3386 3114 3449
15468 4 2 1 1 360 2966 440 3255
15469 4 2 1 1 1578 3628 3649 1692
15470 4 2 1 1 3302 2808 1898 3774
15471 4 2 1 1 2880 2068 2364 3787
15472 4 2 1 1 910 2497 3197 3856
15473 4 2 1 1 1967 3028 2732 3640
15474 4 2 1 1 2965 3423 2125 1838
15475 4 2 1 1 1645 1703 1679 3498
15476 4 2 1 1 1896 3173 2850 2036
15477 4 2 1 1 2540 3662 2176 3891
15478 4 2 1 1 710 3983 603 3632
15479 4 2 1 1 3879 292 2563 293
15480 4 2 1 1 1942 2865 2598 2047
15481 4 2 1 1 1481 2734 1482 3718
15482 4 2 1 1 1854 2924 2018 2571
15483 4 2 1 1 1531 1496 2676 3546
15484 4 2 1 1 326 2486 307 3265
15485 4 2 1 1 1461 1533 3122 2397
15486 4 2 1 1 850 895 846 3504
15487 4 2 1 1 1857 3682 2454 3889
15488 4 2 1 1 2130 3558 2873 3699
15489 4 2 1 1 203 2982 12 4005
15490 4 2 1 1 1486 1351 1357 2780
15491 4 2 1 1 2654 3711 2284 3885
15492 4 2 1 1 2605 3287 2194 3707
15493 4 2 1 1 2404 2750 3047 1909
15494 4 2 1 1 2808 3378 2242 3774
15495 4 2 1 1 1658 1637 3331 3445
15496 4 2 1 1 2444 3394 498 3521
15497 4 2 1 1 568 569 554 2842
15498 4 2 1 1 2509 2088 3442 3853
15499 4 2 1 1 1206 1225 1228 3288
15500 4 2 1 1 1791 3904 1569 1783
15501 4 2 1 1 2364 3185 2972 3379
15502 4 2 1 1 814 844 837 3249
15503 4 2 1 1 469 3931 74 717
15504 4 2 1 1 3264 3592 410 3851
15505 4 2 1 1 828 868 867 2914
15506 4 2 1 1 944 3083 956 3768
15507 4 2 1 1 2933 3120 2341 2314
15508 4 2 1 1 1253 1119 1146 3442
15509 4 2 1 1 1079 1078 1087 3009
15510 4 2 1 1 2665 2921 1848 3225
15511 4 2 1 1 896 2853 843 917
15512 4 2 1 1 1231 1131 1235 3650
15513 4 2 1 1 2646 3578 3355 3686
15514 4 2 1 1 894 2853 3333 3545
15515 4 2 1 1 2755 1861 3328 3747
15516 4 2 1 1 2838 1122 1242 1240
15517 4 2 1 1 830 869 829 3267
15518 4 2 1 1 2943 3413 2233 3513
15519 4 2 1 1 2260 3386 2807 3709
15520 4 2 1 1 2482 1962 3403 3460
15521 4 2 1 1 1786 1661 1670 3638
15522 4 2 1 1 2053 3028 3000 3785
15523 4 2 1 1 569 2331 2830 2842
15524 4 2 1 1 2096 3081 2454 3889
15525 4 2 1 1 2213 3410 3005 3890
15526 4 2 1 1 1387 3310 1375 3811
15527 4 2 1 1 1857 2606 2923 2175
15528 4 2 1 1 3482 3884 2935 533
15529 4 2 1 1 852 988 2922 3688
15530 4 2 1 1 3938 748 140 925
15531 4 2 1 1 882 879 878 3433
15532 4 2 1 1 559 2619 561 3550
15533 4 2 1 1 3839 3301 2523 2175
15534 4 2 1 1 1614 1607 1608 3030
15535 4 2 1 1 2504 3140 1951 3553
15536 4 2 1 1 1900 3513 2503 3572
15537 4 2 1 1 2557 2908 2120 3757
15538 4 2 1 1 596 3928 604 2422
15539 4 2 1 1 345 349 350 2769
15540 4 2 1 1 3312 3744 3436 2052
15541 4 2 1 1 2022 2964 2579 3538
15542 4 2 1 1 512 513 519 3031
15543 4 2 1 1 2369 2196 3100 2200
15544 4 2 1 1 2095 2832 2794 3412
15545 4 2 1 1 2176 3417 2549 3891
15546 4 2 1 1 2035 3513 2532 3572
15547 4 2 1 1 3023 3578 2307 2526
15548 4 2 1 1 3462 2906 3014 2182
15549 4 2 1 1 2057 2056 2510 3647
15550 4 2 1 1 2860 3423 2367 3877
15551 4 2 1 1 2578 3225 1954 1926
15552 4 2 1 1 1870 3575 2868 3813
15553 4 2 1 1 1123 1151 1150 3402
15554 4 2 1 1 2752 3577 2162 3823
15555 4 2 1 1 334 3609 332 3082
15556 4 2 1 1 476 2706 597 3343
15557 4 2 1 1 2049 3270 2755 3747
15558 4 2 1 1 3378 2129 3115 3774
15559 4 2 1 1 1900 2581 3506 3672
15560 4 2 1 1 2763 1999 2804 3703
15561 4 2 1 1 585 570 558 3134
15562 4 2 1 1 1913 2459 3399 2813
15563 4 2 1 1 3462 3014 2906 1964
15564 4 2 1 1 3175 3720 2888 2602
15565 4 2 1 1 1682 1831 1667 3112
15566 4 2 1 1 3337 3440 2063 2371
15567 4 2 1 1 2476 2705 1903 2032
15568 4 2 1 1 1818 1796 1579 2620
15569 4 2 1 1 1945 3016 3002 3577
15570 4 2 1 1 1250 1270 1030 2620
15571 4 2 1 1 2015 2909 3259 3757
15572 4 2 1 1 2005 2585 2101 3748
15573 4 2 1 1 2081 3048 2632 3370
15574 4 2 1 1 506 3422 3077 3786
15575 4 2 1 1 2460 3227 2254 3653
15576 4 2 1 1 3963 483 722 2731
15577 4 2 1 1 865 966 831 3061
15578 4 2 1 1 2597 2048 2973 3710
15579 4 2 1 1 1936 2445 3424 3846
15580 4 2 1 1 1999 3599 2524 3794
15581 4 2 1 1 737 901 872 2455
15582 4 2 1 1 3141 3417 1957 3891
15583 4 2 1 1 1041 1061 1215 3396
15584 4 2 1 1 1402 1284 1410 3403
15585 4 2 1 1 1593 1595 1774 3475
15586 4 2 1 1 2091 3278 3162 3598
15587 4 2 1 1 870 830 3207 3873
15588 4 2 1 1 2054 2433 3504 3625
15589 4 2 1 1 1861 3270 3468 3747
15590 4 2 1 1 334 332 3609 297
15591 4 2 1 1 1856 2705 2954 3128
15592 4 2 1 1 1228 1216 1062 3288
15593 4 2 1 1 1515 3554 2731 1301
15594 4 2 1 1 238 381 402 3029
15595 4 2 1 1 3896 3782 3540 2723
15596 4 2 1 1 2218 3670 2941 3681
15597 4 2 1 1 1942 2598 2999 2047
15598 4 2 1 1 2575 332 3609 3082
15599 4 2 1 1 1470 1298 1527 3072
15600 4 2 1 1 2377 3464 2861 3587
15601 4 2 1 1 241 247 251 3232
15602 4 2 1 1 1860 2637 2056 3542
15603 4 2 1 1 1951 2674 3180 3633
15604 4 2 1 1 3330 3827 3625 2433
15605 4 2 1 1 484 723 701 2620
15606 4 2 1 1 1356 1360 1362 3565
15607 4 2 1 1 213 356 212 2555
15608 4 2 1 1 979 4030 2482 3801
15609 4 2 1 1 2752 3754 3203 3845
15610 4 2 1 1 1973 2502 3235 2237
15611 4 2 1 1 1209 1244 3033 1096
15612 4 2 1 1 1892 3318 3137 2139
15613 4 2 1 1 427 210 356 2669
15614 4 2 1 1 2139 3305 3892 2431
15615 4 2 1 1 1992 3710 2597 3886
15616 4 2 1 1 2000 3229 2572 3520
15617 4 2 1 1 2216 2644 3337 3714
15618 4 2 1 1 2128 3041 2723 3782
15619 4 2 1 1 402 238 3029 3847
15620 4 2 1 1 2117 2453 2046 3843
15621 4 2 1 1 2176 3495 2540 3891
15622 4 2 1 1 3746 3469 2800 2571
15623 4 2 1 1 3816 664 666 488
15624 4 2 1 1 1136 1161 1171 3536
15625 4 2 1 1 750 884 883 2617
15626 4 2 1 1 3064 3439 3261 3570
15627 4 2 1 1 1987 2372 3272 3124
15628 4 2 1 1 2132 2942 2697 3624
15629 4 2 1 1 3048 101 102 478
15630 4 2 1 1 1282 4032 120 3934
15631 4 2 1 1 2466 2734 2163 3781
15632 4 2 1 1 1434 1406 1435 2826
15633 4 2 1 1 1603 3305 1606 3892
15634 4 2 1 1 2139 3305 2431 1892
15635 4 2 1 1 2707 2863 1958 3329
15636 4 2 1 1 2437 3285 2077 3532
15637 4 2 1 1 348 340 342 3255
15638 4 2 1 1 2154 3355 3329 3578
15639 4 2 1 1 853 828 867 2914
15640 4 2 1 1 1771 2798 1632 3779
15641 4 2 1 1 1334 3311 2432 3764
15642 4 2 1 1 1446 1338 1336 3129
15643 4 2 1 1 2623 3317 2341 3785
15644 4 2 1 1 520 519 3031 3615
15645 4 2 1 1 276 3227 275 3863
15646 4 2 1 1 2138 3327 2626 3786
15647 4 2 1 1 2528 3613 1975 3803
15648 4 2 1 1 3950 1022 3971 186
15649 4 2 1 1 719 2847 3178 3306
15650 4 2 1 1 925 4006 754 141
15651 4 2 1 1 1994 2609 3117 3767
15652 4 2 1 1 2210 2479 3648 3731
15653 4 2 1 1 1765 1625 1764 3675
15654 4 2 1 1 2888 3720 3175 2143
15655 4 2 1 1 898 763 745 2931
15656 4 2 1 1 3330 3625 3827 1986
15657 4 2 1 1 2143 3020 2819 3669
15658 4 2 1 1 2538 3395 2010 3705
15659 4 2 1 1 1436 1313 1341 3174
15660 4 2 1 1 1044 2953 1042 3659
15661 4 2 1 1 1042 1200 1056 3659
15662 4 2 1 1 1600 1596 1604 3243
15663 4 2 1 1 1713 1708 1623 2907
15664 4 2 1 1 2801 3616 2112 3874
15665 4 2 1 1 1086 3340 1116 3770
15666 4 2 1 1 2134 3309 2135 3514
15667 4 2 1 1 978 758 998 2788
15668 4 2 1 1 2764 3504 969 2684
15669 4 2 1 1 3735 3896 3335 1899
15670 4 2 1 1 2435 1372 2397 3624
15671 4 2 1 1 2014 3251 2906 3462
15672 4 2 1 1 595 603 3536 3632
15673 4 2 1 1 3689 1471 1342 1499
15674 4 2 1 1 796 3171 2712 3899
15675 4 2 1 1 325 3939 207 452
15676 4 2 1 1 3924 102 643 3048
15677 4 2 1 1 700 720 640 2788
15678 4 2 1 1 1867 2334 2908 2893
15679 4 2 1 1 2480 2848 3248 3824
15680 4 2 1 1 1942 2600 2870 3560
15681 4 2 1 1 508 514 511 3077
15682 4 2 1 1 600 586 2989 3473
15683 4 2 1 1 2020 3517 2814 1879
15684 4 2 1 1 1887 2518 3254 3887
15685 4 2 1 1 974 857 945 3556
15686 4 2 1 1 1720 1718 1803 2534
15687 4 2 1 1 1398 1381 1497 3859
15688 4 2 1 1 1497 2357 1505 3830
15689 4 2 1 1 1328 2264 1330 3465
15690 4 2 1 1 2607 2934 1908 2186
15691 4 2 1 1 2325 3021 3253 3429
15692 4 2 1 1 1586 1587 1585 3051
15693 4 2 1 1 2598 3057 1993 2521
15694 4 2 1 1 334 3082 298 3609
15695 4 2 1 1 1130 3228 1131 3650
15696 4 2 1 1 2649 3492 2043 3832
15697 4 2 1 1 2210 3282 3017 3731
15698 4 2 1 1 1903 3006 3590 3763
15699 4 2 1 1 3689 1342 1471 3465
15700 4 2 1 1 3337 3440 2914 2063
15701 4 2 1 1 2296 3696 2958 3796
15702 4 2 1 1 2257 3378 2808 3774
15703 4 2 1 1 1903 2705 2476 3590
15704 4 2 1 1 1507 1378 1556 2942
15705 4 2 1 1 925 4006 141 3938
15706 4 2 1 1 2911 1857 2608 3349
15707 4 2 1 1 325 311 451 3072
15708 4 2 1 1 2242 3276 2808 3774
15709 4 2 1 1 2126 3114 3415 3709
15710 4 2 1 1 1629 2790 2311 3798
15711 4 2 1 1 2845 3097 2232 3736
15712 4 2 1 1 57 58 199 3980
15713 4 2 1 1 2492 3669 2143 3720
15714 4 2 1 1 1693 1571 1700 3737
15715 4 2 1 1 334 310 462 3082
15716 4 2 1 1 2100 2665 2921 3754
15717 4 2 1 1 2154 3329 2863 3578
15718 4 2 1 1 2097 2709 3561 2813
15719 4 2 1 1 1376 1410 1422 3403
15720 4 2 1 1 2764 969 3504 947
15721 4 2 1 1 1379 1504 1510 3528
15722 4 2 1 1 3007 3789 2595 3881
15723 4 2 1 1 179 3977 1169 1264
15724 4 2 1 1 2052 3203 2998 2586
15725 4 2 1 1 658 499 522 2968
15726 4 2 1 1 2072 3116 2582 3826
15727 4 2 1 1 1720 1718 2534 3724
15728 4 2 1 1 771 918 3357 3885
15729 4 2 1 1 401 3123 353 3819
15730 4 2 1 1 609 669 562 2325
15731 4 2 1 1 1679 3737 1700 3071
15732 4 2 1 1 1928 3163 3501 3810
15733 4 2 1 1 1764 1657 1704 3617
15734 4 2 1 1 3002 3016 2167 3577
15735 4 2 1 1 2986 3694 2441 3714
15736 4 2 1 1 1700 3737 1679 1693
15737 4 2 1 1 1087 1088 1079 3009
15738 4 2 1 1 2208 3721 2421 3759
15739 4 2 1 1 2005 3112 2501 3574
15740 4 2 1 1 2060 3810 3005 3890
15741 4 2 1 1 940 3395 1008 3705
15742 4 2 1 1 2329 3111 3021 3253
15743 4 2 1 1 1606 3305 2431 3892
15744 4 2 1 1 2121 2496 3713 2893
15745 4 2 1 1 1844 3179 2503 3601
15746 4 2 1 1 2417 2073 3435 3567
15747 4 2 1 1 578 579 2910 3494
15748 4 2 1 1 2150 3578 2646 3686
15749 4 2 1 1 3780 1710 1628 1756
15750 4 2 1 1 2597 2973 2048 3646
15751 4 2 1 1 2398 3657 3038 3867
15752 4 2 1 1 1728 1824 1727 2946
15753 4 2 1 1 830 811 955 3490
15754 4 2 1 1 2143 3175 2492 3720
15755 4 2 1 1 3313 2926 2285 2159
15756 4 2 1 1 1949 3070 2838 3838
15757 4 2 1 1 1833 2234 3164 2627
15758 4 2 1 1 922 888 3130 3257
15759 4 2 1 1 3853 1253 1146 3442
15760 4 2 1 1 2114 3881 3183 2721
15761 4 2 1 1 3558 859 858 819
15762 4 2 1 1 3853 1146 1253 1205
15763 4 2 1 1 1833 2234 2310 3164
15764 4 2 1 1 2243 2900 2717 3601
15765 4 2 1 1 2044 3109 3432 3663
15766 4 2 1 1 2922 3652 852 3688
15767 4 2 1 1 1903 3320 2705 3590
15768 4 2 1 1 1273 1142 1141 3485
15769 4 2 1 1 1958 3329 2863 2671
15770 4 2 1 1 2029 2904 2585 3748
15771 4 2 1 1 2151 3067 2981 3756
15772 4 2 1 1 1125 1168 1259 2625
15773 4 2 1 1 2148 2415 3611 1887
15774 4 2 1 1 1681 1830 1696 3694
15775 4 2 1 1 2935 613 528 612
15776 4 2 1 1 461 273 272 2689
15777 4 2 1 1 857 844 814 2792
15778 4 2 1 1 849 3330 2436 846
15779 4 2 1 1 1970 2426 3493 3100
15780 4 2 1 1 2935 528 613 3216
15781 4 2 1 1 859 3004 860 3858
15782 4 2 1 1 3741 561 560 2619
15783 4 2 1 1 487 488 475 2694
15784 4 2 1 1 1336 1344 1446 3562
15785 4 2 1 1 507 512 508 3422
15786 4 2 1 1 2227 2112 1912 2905
15787 4 2 1 1 293 2645 387 3793
15788 4 2 1 1 913 870 830 3207
15789 4 2 1 1 2076 3205 3366 3621
15790 4 2 1 1 1409 2778 1402 1403
15791 4 2 1 1 2155 3093 2564 3825
15792 4 2 1 1 331 3940 65 202
15793 4 2 1 1 2429 2071 2106 3618
15794 4 2 1 1 1859 2713 3511 3631
15795 4 2 1 1 1243 1123 1242 3838
15796 4 2 1 1 3741 560 561 580
15797 4 2 1 1 499 2968 658 2145
15798 4 2 1 1 2566 3066 2089 3565
15799 4 2 1 1 2401 3546 2780 3679
15800 4 2 1 1 3096 3670 2218 3681
15801 4 2 1 1 3743 3319 1892 3137
15802 4 2 1 1 566 567 575 3459
15803 4 2 1 1 2713 3767 3117 3866
15804 4 2 1 1 934 956 953 3083
15805 4 2 1 1 3951 1573 1828 86
15806 4 2 1 1 2029 3060 2904 3748
15807 4 2 1 1 1258 1117 1120 2978
15808 4 2 1 1 2179 3162 3113 3278
15809 4 2 1 1 1941 2593 3001 2548
15810 4 2 1 1 1873 2977 3398 3578
15811 4 2 1 1 1372 1366 2397 3624
15812 4 2 1 1 2096 2971 3332 3889
15813 4 2 1 1 1665 1680 1688 3321
15814 4 2 1 1 1001 870 905 3873
15815 4 2 1 1 996 4013 760 129
15816 4 2 1 1 2060 3360 3005 3810
15817 4 2 1 1 2316 3425 3221 2221
15818 4 2 1 1 674 535 534 3608
15819 4 2 1 1 3585 2022 2453 3809
15820 4 2 1 1 1694 1568 1821 2984
15821 4 2 1 1 3146 2002 2214 3735
15822 4 2 1 1 211 10 9 2768
15823 4 2 1 1 1767 3003 3734 1618
15824 4 2 1 1 1670 2475 3638 1662
15825 4 2 1 1 1161 1136 1134 3595
15826 4 2 1 1 2411 3357 2736 3861
15827 4 2 1 1 490 489 491 3762
15828 4 2 1 1 1666 1667 1703 3112
15829 4 2 1 1 2135 3293 2587 3526
15830 4 2 1 1 1286 1426 1534 3157
15831 4 2 1 1 1842 3409 2992 3686
15832 4 2 1 1 3928 118 119 604
15833 4 2 1 1 1737 1808 1562 3159
15834 4 2 1 1 2732 3480 2957 3797
15835 4 2 1 1 890 891 865 3438
15836 4 2 1 1 1114 1219 1167 3441
15837 4 2 1 1 2907 3466 2162 3823
15838 4 2 1 1 2367 3731 1858 2929
15839 4 2 1 1 1982 2848 3145 3828
15840 4 2 1 1 947 826 2764 3834
15841 4 2 1 1 616 634 621 3178
15842 4 2 1 1 1325 1447 1475 3414
15843 4 2 1 1 781 790 791 3518
15844 4 2 1 1 806 800 2356 3671
15845 4 2 1 1 259 3793 258 387
15846 4 2 1 1 2282 3840 3286 3895
15847 4 2 1 1 1631 1644 1629 3798
15848 4 2 1 1 2023 2923 2175 3839
15849 4 2 1 1 996 4013 2768 760
15850 4 2 1 1 1218 1129 3025 3770
15851 4 2 1 1 2802 3442 2088 3853
15852 4 2 1 1 2161 3275 2095 3498
15853 4 2 1 1 1446 3562 1484 3129
15854 4 2 1 1 663 3884 661 615
15855 4 2 1 1 750 989 155 3941
15856 4 2 1 1 198 4012 50 365
15857 4 2 1 1 2447 3476 1316 3718
15858 4 2 1 1 2102 2018 2350 3537
15859 4 2 1 1 4027 145 144 977
15860 4 2 1 1 1639 1660 1658 3331
15861 4 2 1 1 1980 3253 3021 3429
15862 4 2 1 1 2461 3243 2144 3670
15863 4 2 1 1 3896 3782 2723 3041
15864 4 2 1 1 1219 2805 1099 3841
15865 4 2 1 1 2768 10 380 211
15866 4 2 1 1 1360 1557 1362 3092
15867 4 2 1 1 2059 2945 2678 2199
15868 4 2 1 1 1655 1769 1677 3166
15869 4 2 1 1 3221 3425 2316 2586
15870 4 2 1 1 2149 3045 2573 3797
15871 4 2 1 1 207 3935 55 4007
15872 4 2 1 1 2035 3569 2900 3684
15873 4 2 1 1 3450 2454 3081 2289
15874 4 2 1 1 2383 3509 2605 3802
15875 4 2 1 1 744 931 988 2826
15876 4 2 1 1 1156 1155 1157 3483
15877 4 2 1 1 3548 3647 2897 2056
15878 4 2 1 1 1656 1655 1675 2747
15879 4 2 1 1 3137 3318 2184 2139
15880 4 2 1 1 1446 1484 3562 1344
15881 4 2 1 1 3704 1514 1530 2797
15882 4 2 1 1 1858 2757 2818 3613
15883 4 2 1 1 2761 1484 3562 3129
15884 4 2 1 1 1866 3206 2468 1996
15885 4 2 1 1 2845 3097 2032 3281
15886 4 2 1 1 2054 3504 2436 3625
15887 4 2 1 1 771 770 769 3885
15888 4 2 1 1 259 3793 387 3393
15889 4 2 1 1 448 209 3965 2802
15890 4 2 1 1 420 318 441 3080
15891 4 2 1 1 1898 3276 3760 3774
15892 4 2 1 1 370 295 2825 294
15893 4 2 1 1 3081 2454 3450 2096
15894 4 2 1 1 2031 3237 2710 3564
15895 4 2 1 1 2238 3248 3242 3713
15896 4 2 1 1 3048 3419 644 2288
15897 4 2 1 1 1518 1302 1429 2802
15898 4 2 1 1 1082 1191 1076 3644
15899 4 2 1 1 3260 3861 3357 2411
15900 4 2 1 1 183 182 1208 3992
15901 4 2 1 1 367 21 2966 3452
15902 4 2 1 1 2140 2939 2602 3850
15903 4 2 1 1 1571 2617 1692 3649
15904 4 2 1 1 764 766 937 2718
15905 4 2 1 1 3416 2951 2001 2508
15906 4 2 1 1 813 796 797 2712
15907 4 2 1 1 1247 3999 1026 172
15908 4 2 1 1 243 252 242 3226
15909 4 2 1 1 3881 3652 3420 2442
15910 4 2 1 1 3000 3028 1847 3486
15911 4 2 1 1 835 3652 821 834
15912 4 2 1 1 295 3609 298 3623
15913 4 2 1 1 2966 1000 749 20
15914 4 2 1 1 3091 3193 2253 1926
15915 4 2 1 1 1146 3442 1032 3853
15916 4 2 1 1 2761 3562 1484 1344
15917 4 2 1 1 296 284 283 3213
15918 4 2 1 1 194 393 392 2882
15919 4 2 1 1 1601 1603 1606 3892
15920 4 2 1 1 3837 3443 3383 2247
15921 4 2 1 1 3929 32 2534 363
15922 4 2 1 1 1026 171 172 3999
15923 4 2 1 1 2019 2739 2381 3315
15924 4 2 1 1 2872 2227 3632 2629
15925 4 2 1 1 2162 2921 2759 3579
15926 4 2 1 1 1835 2199 2678 3759
15927 4 2 1 1 363 416 415 2775
15928 4 2 1 1 2061 3043 3004 2212
15929 4 2 1 1 2121 3251 2579 3654
15930 4 2 1 1 3148 384 225 248
15931 4 2 1 1 2067 2454 3336 3682
15932 4 2 1 1 121 120 464 3934
15933 4 2 1 1 1993 2858 3600 2598
15934 4 2 1 1 314 3391 323 3431
15935 4 2 1 1 3358 3392 1882 3791
15936 4 2 1 1 3852 1560 92 1802
15937 4 2 1 1 3007 3183 2442 3881
15938 4 2 1 1 253 252 243 3653
15939 4 2 1 1 1789 1794 1730 2605
15940 4 2 1 1 1870 2868 2849 3813
15941 4 2 1 1 818 2873 817 3558
15942 4 2 1 1 2150 3578 3023 2526
15943 4 2 1 1 3141 2238 3500 3824
15944 4 2 1 1 1030 1158 1250 2620
15945 4 2 1 1 3852 92 3926 637
15946 4 2 1 1 617 2847 698 3732
15947 4 2 1 1 972 3433 2585 3745
15948 4 2 1 1 569 2842 568 3419
15949 4 2 1 1 247 264 251 3232
15950 4 2 1 1 2140 3288 2430 3706
15951 4 2 1 1 1957 3242 3141 3248
15952 4 2 1 1 2500 2122 3542 3831
15953 4 2 1 1 694 699 635 2604
15954 4 2 1 1 1719 1714 2759 3724
15955 4 2 1 1 2027 3049 2958 3593
15956 4 2 1 1 2268 3527 3001 3755
15957 4 2 1 1 3943 11 203 380
15958 4 2 1 1 2051 2668 3723 3847
15959 4 2 1 1 2433 3545 3330 3827
15960 4 2 1 1 2425 3566 3125 3715
15961 4 2 1 1 2583 3570 2158 3871
15962 4 2 1 1 964 3792 926 3834
15963 4 2 1 1 3081 2712 3450 2289
15964 4 2 1 1 3450 2712 3081 2096
15965 4 2 1 1 1064 2638 1072 2351
15966 4 2 1 1 1064 2638 2351 3133
15967 4 2 1 1 1944 3458 3829 3872
15968 4 2 1 1 1011 3923 167 1255
15969 4 2 1 1 2268 2593 3001 3527
15970 4 2 1 1 1850 2670 3334 3428
15971 4 2 1 1 2470 3487 2816 3717
15972 4 2 1 1 1594 3475 2498 2144
15973 4 2 1 1 502 626 504 3327
15974 4 2 1 1 2124 3469 2800 3734
15975 4 2 1 1 1232 1215 1226 2801
15976 4 2 1 1 2900 3569 2408 3684
15977 4 2 1 1 1629 2790 3798 1644
15978 4 2 1 1 2443 3225 2253 3808
15979 4 2 1 1 1813 4008 1732 2694
15980 4 2 1 1 1316 3476 1314 3718
15981 4 2 1 1 3789 3688 2413 3652
15982 4 2 1 1 92 3915 638 3852
15983 4 2 1 1 1149 1147 1255 2994
15984 4 2 1 1 2090 3353 2714 3481
15985 4 2 1 1 3023 3338 2154 3686
15986 4 2 1 1 567 661 2741 3825
15987 4 2 1 1 2004 2565 2925 3324
15988 4 2 1 1 2065 2277 2664 3715
15989 4 2 1 1 116 3906 481 726
15990 4 2 1 1 978 886 758 2788
15991 4 2 1 1 1796 1725 1579 2620
15992 4 2 1 1 2429 3500 2071 3618
15993 4 2 1 1 1772 1777 1773 2887
15994 4 2 1 1 1884 3192 2458 3901
15995 4 2 1 1 289 2657 3591 3890
15996 4 2 1 1 2053 2943 3413 3640
15997 4 2 1 1 2519 642 3951 482
15998 4 2 1 1 2241 3709 3274 3749
15999 4 2 1 1 1983 3524 2889 3844
16000 4 2 1 1 1234 1034 1033 2615
16001 4 2 1 1 2165 2533 3447 3751
16002 4 2 1 1 1901 2580 3507 3744
16003 4 2 1 1 2456 2198 3276 3526
16004 4 2 1 1 3314 2394 1650 2635
16005 4 2 1 1 1051 1053 1049 2939
16006 4 2 1 1 2458 2197 3274 2599
16007 4 2 1 1 2068 3107 2560 3736
16008 4 2 1 1 235 231 236 3109
16009 4 2 1 1 2156 2413 3652 3789
16010 4 2 1 1 207 451 460 3072
16011 4 2 1 1 284 311 312 3454
16012 4 2 1 1 2001 3416 2699 3438
16013 4 2 1 1 3951 4026 86 642
16014 4 2 1 1 769 943 789 3885
16015 4 2 1 1 2039 3238 2756 3512
16016 4 2 1 1 1898 3276 2661 3760
16017 4 2 1 1 572 3674 608 2830
16018 4 2 1 1 1134 2535 1132 1237
16019 4 2 1 1 1793 2488 3548 3630
16020 4 2 1 1 2470 1916 3352 3717
16021 4 2 1 1 700 640 695 2788
16022 4 2 1 1 2458 3192 1985 3901
16023 4 2 1 1 807 816 815 2916
16024 4 2 1 1 1794 1730 2605 3802
16025 4 2 1 1 2661 3276 2129 3760
16026 4 2 1 1 244 399 268 3890
16027 4 2 1 1 285 300 397 3481
16028 4 2 1 1 1584 1646 1586 3707
16029 4 2 1 1 1970 2582 3108 3765
16030 4 2 1 1 107 3927 465 707
16031 4 2 1 1 3902 1303 1457 3176
16032 4 2 1 1 1481 1316 1314 3718
16033 4 2 1 1 2064 2520 3387 3568
16034 4 2 1 1 2089 3208 2574 1863
16035 4 2 1 1 608 3674 572 736
16036 4 2 1 1 150 992 149 3333
16037 4 2 1 1 2819 3020 2062 3669
16038 4 2 1 1 1046 1044 1199 3175
16039 4 2 1 1 1805 1672 3063 3691
16040 4 2 1 1 2518 1988 3317 2581
16041 4 2 1 1 2535 3086 2112 3815
16042 4 2 1 1 2109 3557 3137 3588
16043 4 2 1 1 1897 2597 3236 2659
16044 4 2 1 1 666 3814 3294 3816
16045 4 2 1 1 701 630 484 2620
16046 4 2 1 1 1066 1223 1128 3690
16047 4 2 1 1 2881 2187 3228 1941
16048 4 2 1 1 1299 160 1518 3853
16049 4 2 1 1 486 4008 96 3945
16050 4 2 1 1 2204 2751 3240 1927
16051 4 2 1 1 927 926 964 3792
16052 4 2 1 1 2993 1563 1759 184
16053 4 2 1 1 3002 3016 2152 3643
16054 4 2 1 1 1080 1077 1081 2855
16055 4 2 1 1 1160 1162 1024 3048
16056 4 2 1 1 2993 1013 184 1261
16057 4 2 1 1 1922 3493 2738 2412
16058 4 2 1 1 1894 3261 3064 3439
16059 4 2 1 1 2183 2773 3152 3875
16060 4 2 1 1 2982 2410 2556 3739
16061 4 2 1 1 1092 1124 1207 3587
16062 4 2 1 1 1106 2861 1124 3868
16063 4 2 1 1 2802 160 1032 3853
16064 4 2 1 1 3314 1650 2394 1690
16065 4 2 1 1 2988 3448 1193 3272
16066 4 2 1 1 1859 3511 2713 3767
16067 4 2 1 1 2705 3379 2476 3590
16068 4 2 1 1 1857 2911 2777 3349
16069 4 2 1 1 2105 3273 2765 3547
16070 4 2 1 1 3378 2189 2678 2024
16071 4 2 1 1 2844 3252 2595 3424
16072 4 2 1 1 1305 3062 1307 3342
16073 4 2 1 1 419 189 30 3271
16074 4 2 1 1 1897 3709 3236 3749
16075 4 2 1 1 1132 1133 3086 3815
16076 4 2 1 1 616 621 617 2847
16077 4 2 1 1 1861 3001 2548 3580
16078 4 2 1 1 975 757 995 2699
16079 4 2 1 1 2275 3088 2590 3635
16080 4 2 1 1 2301 2877 3105 3279
16081 4 2 1 1 2725 3394 2444 3790
16082 4 2 1 1 724 573 3419 3602
16083 4 2 1 1 2940 3065 2184 3761
16084 4 2 1 1 2417 3383 3154 3837
16085 4 2 1 1 2871 2893 1867 3821
16086 4 2 1 1 678 682 578 2793
16087 4 2 1 1 843 841 840 2853
16088 4 2 1 1 1599 1597 1721 2851
16089 4 2 1 1 2238 3141 3242 3248
16090 4 2 1 1 1597 1599 1598 2851
16091 4 2 1 1 2017 3241 2703 3550
16092 4 2 1 1 1119 1204 1106 2861
16093 4 2 1 1 693 90 463 3314
16094 4 2 1 1 3378 2189 3759 2678
16095 4 2 1 1 934 807 801 2356
16096 4 2 1 1 1999 2959 3599 3627
16097 4 2 1 1 2427 3051 2681 3563
16098 4 2 1 1 1664 2501 1667 2230
16099 4 2 1 1 1045 1050 1190 2920
16100 4 2 1 1 2031 2747 2441 3753
16101 4 2 1 1 1388 1425 1424 3811
16102 4 2 1 1 3980 1470 1290 3122
16103 4 2 1 1 2713 2200 3767 3866
16104 4 2 1 1 2119 2318 2663 3744
16105 4 2 1 1 2149 2957 3480 3797
16106 4 2 1 1 668 498 3394 3521
16107 4 2 1 1 1219 1098 3020 3841
16108 4 2 1 1 382 3255 2735 348
16109 4 2 1 1 3236 3709 2807 3749
16110 4 2 1 1 413 415 337 3193
16111 4 2 1 1 3005 3360 2213 3810
16112 4 2 1 1 1114 1118 1117 2978
16113 4 2 1 1 1791 3904 1783 3529
16114 4 2 1 1 1670 2475 1662 1791
16115 4 2 1 1 1300 1460 1530 2797
16116 4 2 1 1 1844 3569 2900 3601
16117 4 2 1 1 206 4012 3356 365
16118 4 2 1 1 2042 3541 3341 3674
16119 4 2 1 1 3313 2926 2159 3345
16120 4 2 1 1 1013 183 1208 3992
16121 4 2 1 1 1127 1239 1237 2969
16122 4 2 1 1 2133 3335 2449 3896
16123 4 2 1 1 2503 3179 2045 3601
16124 4 2 1 1 1861 3001 2493 3755
16125 4 2 1 1 1128 1218 1213 3025
16126 4 2 1 1 293 389 2645 3879
16127 4 2 1 1 965 855 2647 3880
16128 4 2 1 1 3305 3466 2301 3823
16129 4 2 1 1 1278 3982 45 3967
16130 4 2 1 1 1859 3511 3287 3631
16131 4 2 1 1 2176 3066 2566 3766
16132 4 2 1 1 1486 1357 1487 3679
16133 4 2 1 1 3355 3578 2154 3686
16134 4 2 1 1 2189 2232 2917 3487
16135 4 2 1 1 2862 3302 2600 3760
16136 4 2 1 1 2500 2249 2039 2416
16137 4 2 1 1 2743 2914 2063 3337
16138 4 2 1 1 381 238 234 3029
16139 4 2 1 1 3735 3896 1899 3041
16140 4 2 1 1 1940 2833 3352 3568
16141 4 2 1 1 2166 3394 2444 3521
16142 4 2 1 1 571 572 608 2830
16143 4 2 1 1 2437 3532 2077 3733
16144 4 2 1 1 617 615 616 3376
16145 4 2 1 1 629 694 551 2745
16146 4 2 1 1 419 30 29 3271
16147 4 2 1 1 1692 1682 1683 3628
16148 4 2 1 1 1442 1525 1441 3586
16149 4 2 1 1 1848 2921 2665 3754
16150 4 2 1 1 3953 328 40 4009
16151 4 2 1 1 227 3432 3109 3663
16152 4 2 1 1 1853 2905 2582 3826
16153 4 2 1 1 2183 2943 3074 3640
16154 4 2 1 1 2079 3295 2823 2887
16155 4 2 1 1 2450 3232 3113 3278
16156 4 2 1 1 1279 1277 1027 2531
16157 4 2 1 1 303 315 305 3289
16158 4 2 1 1 212 3946 210 37
16159 4 2 1 1 1476 1317 1331 2975
16160 4 2 1 1 1845 3782 3181 3795
16161 4 2 1 1 75 899 916 3218
16162 4 2 1 1 3945 1796 1575 97
16163 4 2 1 1 438 195 2982 3739
16164 4 2 1 1 1089 1088 1090 2881
16165 4 2 1 1 564 490 492 2927
16166 4 2 1 1 2031 3135 2892 3401
16167 4 2 1 1 1642 1641 1635 2919
16168 4 2 1 1 1841 3618 2952 3654
16169 4 2 1 1 2447 3718 2827 3771
16170 4 2 1 1 1427 1498 1387 3310
16171 4 2 1 1 3024 3713 2334 2893
16172 4 2 1 1 2885 3803 2217 3833
16173 4 2 1 1 1494 2821 1495 3662
16174 4 2 1 1 2114 3183 3213 2721
16175 4 2 1 1 3082 3492 2043 2355
16176 4 2 1 1 3005 3810 2213 3890
16177 4 2 1 1 668 496 498 3521
16178 4 2 1 1 1904 3337 3714 3716
16179 4 2 1 1 2607 3449 2516 3621
16180 4 2 1 1 585 599 725 3430
16181 4 2 1 1 1699 1676 3333 3603
16182 4 2 1 1 1202 1145 1276 3862
16183 4 2 1 1 1336 3562 3129 3764
16184 4 2 1 1 2523 3101 1995 3488
16185 4 2 1 1 674 582 560 3184
16186 4 2 1 1 2017 3089 2972 3379
16187 4 2 1 1 728 580 582 3184
16188 4 2 1 1 2447 2163 3476 3718
16189 4 2 1 1 1953 3084 2823 3802
16190 4 2 1 1 2713 3511 1994 3767
16191 4 2 1 1 1853 2582 3116 3826
16192 4 2 1 1 2112 2801 3108 3765
16193 4 2 1 1 2781 821 820 809
16194 4 2 1 1 887 2966 881 749
16195 4 2 1 1 3923 167 166 1011
16196 4 2 1 1 369 42 43 3147
16197 4 2 1 1 2052 2998 3312 2586
16198 4 2 1 1 1497 1371 1505 2357
16199 4 2 1 1 2456 3322 2198 3526
16200 4 2 1 1 2280 2020 3198 1879
16201 4 2 1 1 3198 2020 2236 1879
16202 4 2 1 1 1515 3554 1301 1485
16203 4 2 1 1 2458 3325 2197 2599
16204 4 2 1 1 2163 3718 2447 3771
16205 4 2 1 1 2267 3354 2553 3475
16206 4 2 1 1 2538 2010 3321 3705
16207 4 2 1 1 931 133 132 2826
16208 4 2 1 1 3043 3785 3317 1988
16209 4 2 1 1 2068 3787 3672 2639
16210 4 2 1 1 476 126 125 3922
16211 4 2 1 1 3125 3566 2425 3871
16212 4 2 1 1 1993 3572 2717 3600
16213 4 2 1 1 3954 1297 1516 142
16214 4 2 1 1 693 3947 90 3314
16215 4 2 1 1 3965 1535 1302 3431
16216 4 2 1 1 257 219 221 3195
16217 4 2 1 1 1556 1405 1507 3369
16218 4 2 1 1 2176 3217 2540 3495
16219 4 2 1 1 1813 1725 2831 3363
16220 4 2 1 1 2469 3407 2256 1865
16221 4 2 1 1 3906 1460 116 1300
16222 4 2 1 1 1771 1632 1754 3779
16223 4 2 1 1 2752 2287 3743 3761
16224 4 2 1 1 2126 3274 3114 3709
16225 4 2 1 1 359 2546 309 3863
16226 4 2 1 1 748 3778 3801 921
16227 4 2 1 1 1821 1576 1694 2984
16228 4 2 1 1 1407 2482 1422 3801
16229 4 2 1 1 2260 3415 3386 3709
16230 4 2 1 1 373 320 283 3213
16231 4 2 1 1 1896 2036 2467 3756
16232 4 2 1 1 1847 3140 2633 3239
16233 4 2 1 1 858 817 934 3558
16234 4 2 1 1 2201 3336 2454 3682
16235 4 2 1 1 1760 1721 1722 3069
16236 4 2 1 1 3672 2880 2068 2950
16237 4 2 1 1 3963 1474 1515 127
16238 4 2 1 1 102 478 643 3048
16239 4 2 1 1 281 282 267 2967
16240 4 2 1 1 853 828 2914 3805
16241 4 2 1 1 1385 2783 1386 1374
16242 4 2 1 1 3042 3792 2141 3834
16243 4 2 1 1 1218 1128 1220 3728
16244 4 2 1 1 2819 3325 2143 3669
16245 4 2 1 1 1810 1732 1567 2694
16246 4 2 1 1 2863 3023 2154 3578
16247 4 2 1 1 2485 3328 1861 3468
16248 4 2 1 1 1371 1337 1340 2357
16249 4 2 1 1 3183 2313 3213 2721
16250 4 2 1 1 1380 1391 1480 2734
16251 4 2 1 1 1594 1593 1592 3475
16252 4 2 1 1 3121 3356 2057 3647
16253 4 2 1 1 75 717 3931 3218
16254 4 2 1 1 2022 2579 2964 3575
16255 4 2 1 1 1095 1097 1090 3527
16256 4 2 1 1 1518 1540 1302 2802
16257 4 2 1 1 2565 1853 2925 3324
16258 4 2 1 1 2191 2932 3371 2906
16259 4 2 1 1 2005 3574 2501 3748
16260 4 2 1 1 202 65 66 3940
16261 4 2 1 1 2501 2029 3628 3748
16262 4 2 1 1 2633 3239 3140 3864
16263 4 2 1 1 1331 2975 1317 3836
16264 4 2 1 1 1358 1354 1495 3766
16265 4 2 1 1 3232 3517 2020 3865
16266 4 2 1 1 1862 3657 2438 2398
16267 4 2 1 1 718 630 3418 3522
16268 4 2 1 1 2081 3419 3048 2288
16269 4 2 1 1 689 690 637 2685
16270 4 2 1 1 1040 1041 1039 3396
16271 4 2 1 1 1382 1398 1399 3859
16272 4 2 1 1 3907 1205 160 3853
16273 4 2 1 1 1857 2608 3682 3889
16274 4 2 1 1 478 724 644 3048
16275 4 2 1 1 586 735 601 2989
16276 4 2 1 1 1897 3709 3274 2659
16277 4 2 1 1 2331 3468 3270 3747
16278 4 2 1 1 1960 3185 2972 3783
16279 4 2 1 1 599 726 481 2797
16280 4 2 1 1 1844 2503 3569 3601
16281 4 2 1 1 2723 3540 2245 3795
16282 4 2 1 1 1895 3669 2492 3720
16283 4 2 1 1 257 221 379 3195
16284 4 2 1 1 760 3455 874 3176
16285 4 2 1 1 2912 3068 2285 2369
16286 4 2 1 1 1193 3448 2988 1262
16287 4 2 1 1 2102 2800 2571 3746
16288 4 2 1 1 1994 2514 3511 3563
16289 4 2 1 1 458 310 309 2355
16290 4 2 1 1 1672 1674 3063 3295
16291 4 2 1 1 377 320 438 2982
16292 4 2 1 1 401 353 391 3819
16293 4 2 1 1 1171 1015 104 3536
16294 4 2 1 1 1162 1137 3196 3370
16295 4 2 1 1 3015 3622 2157 3842
16296 4 2 1 1 2052 3436 2940 3744
16297 4 2 1 1 801 806 800 2356
16298 4 2 1 1 2488 1735 1577 175
16299 4 2 1 1 340 259 341 3393
16300 4 2 1 1 2912 3068 2369 1859
16301 4 2 1 1 300 396 397 2772
16302 4 2 1 1 636 679 503 2725
16303 4 2 1 1 2006 2574 3458 3872
16304 4 2 1 1 604 118 473 3473
16305 4 2 1 1 1544 1419 1496 2676
16306 4 2 1 1 1993 2858 2598 2521
16307 4 2 1 1 1807 1746 1564 3131
16308 4 2 1 1 2527 3365 2298 3794
16309 4 2 1 1 2984 3321 2010 3705
16310 4 2 1 1 2844 3846 2445 3882
16311 4 2 1 1 1466 1510 1512 3528
16312 4 2 1 1 253 243 3123 3653
16313 4 2 1 1 1406 1378 1377 2697
16314 4 2 1 1 712 651 469 3130
16315 4 2 1 1 2481 3616 2629 3765
16316 4 2 1 1 407 3091 220 3806
16317 4 2 1 1 2436 846 3330 3504
16318 4 2 1 1 1900 3413 2943 3513
16319 4 2 1 1 540 539 530 3651
16320 4 2 1 1 1376 1422 1407 2482
16321 4 2 1 1 817 818 816 2873
16322 4 2 1 1 1881 2506 3188 3751
16323 4 2 1 1 2042 2463 3328 3747
16324 4 2 1 1 2038 2792 3456 3556
16325 4 2 1 1 2233 3413 2943 3640
16326 4 2 1 1 2806 2933 2341 3043
16327 4 2 1 1 2506 3472 2165 3751
16328 4 2 1 1 2068 2695 3496 2317
16329 4 2 1 1 2817 3215 2116 3704
16330 4 2 1 1 206 4012 365 51
16331 4 2 1 1 795 787 786 3447
16332 4 2 1 1 1916 3244 2589 3750
16333 4 2 1 1 1963 3846 2844 3882
16334 4 2 1 1 1488 1500 1447 3414
16335 4 2 1 1 2988 3272 1987 3448
16336 4 2 1 1 1982 3145 2848 2429
16337 4 2 1 1 2912 3068 1859 2926
16338 4 2 1 1 1294 1424 1425 2649
16339 4 2 1 1 2946 980 936 848
16340 4 2 1 1 1611 1612 1605 3857
16341 4 2 1 1 2912 3068 2926 2285
16342 4 2 1 1 1990 3073 3614 3727
16343 4 2 1 1 1280 1249 1031 2669
16344 4 2 1 1 605 3922 3996 3341
16345 4 2 1 1 2309 3287 3389 3707
16346 4 2 1 1 773 778 775 2736
16347 4 2 1 1 1074 1243 1242 3070
16348 4 2 1 1 1658 1768 1637 3445
16349 4 2 1 1 1081 1077 1213 2855
16350 4 2 1 1 1861 3468 3328 3747
16351 4 2 1 1 2121 2496 2893 2828
16352 4 2 1 1 3937 4030 3403 983
16353 4 2 1 1 1340 1346 1359 2740
16354 4 2 1 1 1099 1219 1114 2805
16355 4 2 1 1 3768 3844 2148 3518
16356 4 2 1 1 668 523 496 3642
16357 4 2 1 1 660 523 672 3642
16358 4 2 1 1 2644 1904 3337 3714
16359 4 2 1 1 2237 3371 2896 3777
16360 4 2 1 1 2488 1249 175 1028
16361 4 2 1 1 3949 473 118 3473
16362 4 2 1 1 1218 1086 1129 3770
16363 4 2 1 1 1987 2372 3124 2548
16364 4 2 1 1 3758 3899 3490 2255
16365 4 2 1 1 573 2331 569 3419
16366 4 2 1 1 1354 1352 1495 3662
16367 4 2 1 1 644 3419 568 2288
16368 4 2 1 1 1606 1609 1613 3305
16369 4 2 1 1 968 969 895 3151
16370 4 2 1 1 1852 2915 3125 3871
16371 4 2 1 1 520 529 519 3615
16372 4 2 1 1 1700 1827 1679 3071
16373 4 2 1 1 2104 2903 3139 3637
16374 4 2 1 1 1525 1442 1421 3586
16375 4 2 1 1 1837 2517 3312 3849
16376 4 2 1 1 2633 2136 3239 3864
16377 4 2 1 1 1774 1731 1778 3039
16378 4 2 1 1 2051 3516 3029 3723
16379 4 2 1 1 2421 3132 2782 3759
16380 4 2 1 1 1835 2782 3132 3759
16381 4 2 1 1 2031 2441 2747 3564
16382 4 2 1 1 1130 1231 1225 3650
16383 4 2 1 1 557 545 3209 647
16384 4 2 1 1 334 298 297 3609
16385 4 2 1 1 2057 3121 2711 3356
16386 4 2 1 1 2277 3125 3566 3715
16387 4 2 1 1 730 476 597 3343
16388 4 2 1 1 2298 3535 2964 3692
16389 4 2 1 1 2129 3276 3115 3774
16390 4 2 1 1 1663 1648 1780 2829
16391 4 2 1 1 2352 3128 2886 3697
16392 4 2 1 1 1391 1481 1430 2734
16393 4 2 1 1 2145 2839 3322 3683
16394 4 2 1 1 2657 2060 3591 3890
16395 4 2 1 1 214 213 201 2876
16396 4 2 1 1 2064 3097 2917 3308
16397 4 2 1 1 2917 3097 2232 3308
16398 4 2 1 1 3286 2590 2302 3840
16399 4 2 1 1 495 497 496 3521
16400 4 2 1 1 2749 3360 2767 3810
16401 4 2 1 1 1487 1442 1439 3136
16402 4 2 1 1 2539 1852 3125 3727
16403 4 2 1 1 700 3998 3306 479
16404 4 2 1 1 1907 2606 2255 3655
16405 4 2 1 1 2946 980 848 2161
16406 4 2 1 1 701 3418 112 480
16407 4 2 1 1 368 3969 26 208
16408 4 2 1 1 1987 2372 2548 2593
16409 4 2 1 1 1205 1032 160 3853
16410 4 2 1 1 2099 3110 2916 3671
16411 4 2 1 1 2415 3593 3049 3887
16412 4 2 1 1 2540 2032 3281 3495
16413 4 2 1 1 1877 3524 2909 3757
16414 4 2 1 1 2597 3710 2865 3886
16415 4 2 1 1 2853 2433 3722 3827
16416 4 2 1 1 2584 3593 2958 3796
16417 4 2 1 1 635 2451 491 3762
16418 4 2 1 1 879 3433 972 3745
16419 4 2 1 1 669 670 530 3651
16420 4 2 1 1 2758 3139 2111 3637
16421 4 2 1 1 2002 3293 2587 3634
16422 4 2 1 1 2587 3293 2135 3634
16423 4 2 1 1 1928 3808 2657 3810
16424 4 2 1 1 2453 2117 3585 3843
16425 4 2 1 1 835 3652 834 2442
16426 4 2 1 1 1234 1158 1157 3483
16427 4 2 1 1 2570 3062 2195 3701
16428 4 2 1 1 1695 1699 1568 3603
16429 4 2 1 1 2129 3760 3276 3774
16430 4 2 1 1 1960 3253 3619 3783
16431 4 2 1 1 1343 1348 1339 2896
16432 4 2 1 1 4014 3582 430 197
16433 4 2 1 1 1888 3585 2453 3809
16434 4 2 1 1 1130 1131 3228 1091
16435 4 2 1 1 3099 2819 3366 2543
16436 4 2 1 1 2209 189 416 417
16437 4 2 1 1 1837 3301 2517 3849
16438 4 2 1 1 3950 1022 186 1266
16439 4 2 1 1 2004 3324 3309 3514
16440 4 2 1 1 216 290 218 3238
16441 4 2 1 1 2620 3418 2066 3483
16442 4 2 1 1 27 26 368 4033
16443 4 2 1 1 2209 189 417 3271
16444 4 2 1 1 2043 3492 3082 3832
16445 4 2 1 1 946 941 857 3284
16446 4 2 1 1 3114 3386 2030 3415
16447 4 2 1 1 1857 3081 2911 3889
16448 4 2 1 1 2169 3589 2595 3635
16449 4 2 1 1 2595 3589 1866 3635
16450 4 2 1 1 736 3541 598 584
16451 4 2 1 1 1471 3465 2641 3689
16452 4 2 1 1 86 482 3951 642
16453 4 2 1 1 741 882 878 3071
16454 4 2 1 1 1903 2476 2032 3763
16455 4 2 1 1 1964 3371 2932 2906
16456 4 2 1 1 1331 2780 1486 2975
16457 4 2 1 1 479 719 641 3306
16458 4 2 1 1 900 870 913 3207
16459 4 2 1 1 3208 3612 2093 3763
16460 4 2 1 1 3001 3527 2187 3755
16461 4 2 1 1 838 958 3138 3633
16462 4 2 1 1 601 600 2989 3893
16463 4 2 1 1 2036 2850 1853 2345
16464 4 2 1 1 654 71 477 3985
16465 4 2 1 1 748 3778 921 990
16466 4 2 1 1 485 734 702 2699
16467 4 2 1 1 862 2180 889 3880
16468 4 2 1 1 1068 1085 2846 3833
16469 4 2 1 1 3338 2671 2154 3470
16470 4 2 1 1 1896 3173 2036 3756
16471 4 2 1 1 1331 2780 2975 3848
16472 4 2 1 1 1866 2040 3183 2313
16473 4 2 1 1 260 253 261 3653
16474 4 2 1 1 3956 936 920 2946
16475 4 2 1 1 935 810 909 3013
16476 4 2 1 1 1423 4023 140 3938
16477 4 2 1 1 1310 1309 1308 3701
16478 4 2 1 1 2629 3616 2112 3765
16479 4 2 1 1 2091 3623 3038 2359
16480 4 2 1 1 2958 3593 3049 3796
16481 4 2 1 1 2378 3639 2868 3641
16482 4 2 1 1 1866 3183 3007 3881
16483 4 2 1 1 2469 3187 3407 1865
16484 4 2 1 1 1328 1330 1342 3465
16485 4 2 1 1 2915 3125 1969 3894
16486 4 2 1 1 2148 2736 3611 3788
16487 4 2 1 1 876 832 875 3460
16488 4 2 1 1 3358 3619 3791 1882
16489 4 2 1 1 1662 1756 1758 3780
16490 4 2 1 1 1754 1719 1714 2759
16491 4 2 1 1 3933 351 430 2272
16492 4 2 1 1 2120 3584 2557 3757
16493 4 2 1 1 1507 1468 2942 3689
16494 4 2 1 1 3933 905 1002 2918
16495 4 2 1 1 1038 1037 1036 2961
16496 4 2 1 1 645 3934 464 2656
16497 4 2 1 1 429 3942 198 3080
16498 4 2 1 1 2566 3698 2176 3766
16499 4 2 1 1 2872 3536 2629 3632
16500 4 2 1 1 1235 2716 3086 3874
16501 4 2 1 1 1515 1541 1301 2731
16502 4 2 1 1 958 960 838 3138
16503 4 2 1 1 273 396 2772 397
16504 4 2 1 1 2107 2933 2647 1924
16505 4 2 1 1 1065 1064 1063 3133
16506 4 2 1 1 2378 2866 3636 3641
16507 4 2 1 1 3965 4002 3431 456
16508 4 2 1 1 657 656 622 2979
16509 4 2 1 1 796 2712 813 3899
16510 4 2 1 1 1598 1731 3039 3892
16511 4 2 1 1 467 104 3924 3536
16512 4 2 1 1 333 280 264 3113
16513 4 2 1 1 657 2979 614 2935
16514 4 2 1 1 1891 2732 2957 3797
16515 4 2 1 1 1069 1068 1085 2846
16516 4 2 1 1 2541 3488 1868 3712
16517 4 2 1 1 2378 3636 2871 3639
16518 4 2 1 1 1367 1377 1378 3624
16519 4 2 1 1 2232 3097 2845 3281
16520 4 2 1 1 2630 3440 799 3835
16521 4 2 1 1 2495 3388 1116 3770
16522 4 2 1 1 859 860 819 3858
16523 4 2 1 1 3277 3585 2373 3665
16524 4 2 1 1 1957 3248 3141 3824
16525 4 2 1 1 1945 2578 3577 3579
16526 4 2 1 1 1511 1491 1454 3250
16527 4 2 1 1 1411 1557 1401 3361
16528 4 2 1 1 857 974 844 2792
16529 4 2 1 1 1870 3678 2828 2526
16530 4 2 1 1 1968 2178 3524 3844
16531 4 2 1 1 2755 3328 2463 3747
16532 4 2 1 1 506 507 508 3422
16533 4 2 1 1 429 3942 49 198
16534 4 2 1 1 3548 3647 2056 3630
16535 4 2 1 1 602 483 588 2731
16536 4 2 1 1 757 975 891 2699
16537 4 2 1 1 1899 2723 3041 3896
16538 4 2 1 1 2307 3023 2863 3578
16539 4 2 1 1 2464 2095 3412 2892
16540 4 2 1 1 1461 1390 1533 2397
16541 4 2 1 1 2723 2245 2047 3795
16542 4 2 1 1 2731 99 100 602
16543 4 2 1 1 828 812 939 3406
16544 4 2 1 1 1451 1441 1525 2656
16545 4 2 1 1 1405 1433 1403 3700
16546 4 2 1 1 2091 3038 3623 2825
16547 4 2 1 1 1866 1996 2468 3589
16548 4 2 1 1 655 512 676 3807
16549 4 2 1 1 3114 3274 2241 3709
16550 4 2 1 1 21 367 205 3452
16551 4 2 1 1 1108 1276 1107 3862
16552 4 2 1 1 2189 2470 3352 3717
16553 4 2 1 1 2097 3351 2813 3878
16554 4 2 1 1 2713 3223 2066 3631
16555 4 2 1 1 209 314 323 3431
16556 4 2 1 1 2816 3185 1960 3783
16557 4 2 1 1 2501 3628 2617 3748
16558 4 2 1 1 444 355 365 2711
16559 4 2 1 1 250 2803 338 3773
16560 4 2 1 1 2089 2963 3612 1863
16561 4 2 1 1 1877 3336 3584 3757
16562 4 2 1 1 825 855 3477 3699
16563 4 2 1 1 2752 2162 2921 3845
16564 4 2 1 1 1856 3185 2705 3128
16565 4 2 1 1 1678 3798 2790 1644
16566 4 2 1 1 2092 2357 2785 3830
16567 4 2 1 1 2332 3193 3091 1926
16568 4 2 1 1 2186 3451 3291 2528
16569 4 2 1 1 1867 2474 2871 3742
16570 4 2 1 1 504 506 3422 507
16571 4 2 1 1 3842 2157 2499 2101
16572 4 2 1 1 1145 1146 1119 3442
16573 4 2 1 1 1163 1247 1029 2731
16574 4 2 1 1 2121 2496 2828 3380
16575 4 2 1 1 2818 3291 2055 2020
16576 4 2 1 1 3830 2835 3859 2785
16577 4 2 1 1 924 3925 756 146
16578 4 2 1 1 957 3127 795 3835
16579 4 2 1 1 292 336 417 3531
16580 4 2 1 1 3274 3709 2126 2659
16581 4 2 1 1 920 4015 740 151
16582 4 2 1 1 2072 2839 3116 3826
16583 4 2 1 1 746 148 897 3603
16584 4 2 1 1 1888 3585 3277 3665
16585 4 2 1 1 3261 3439 2322 3570
16586 4 2 1 1 889 864 3218 2180
16587 4 2 1 1 3739 903 904 973
16588 4 2 1 1 2029 3306 2788 3559
16589 4 2 1 1 1309 1311 1363 3701
16590 4 2 1 1 2253 3591 2657 3808
16591 4 2 1 1 1859 3223 2713 3631
16592 4 2 1 1 985 876 875 3460
16593 4 2 1 1 382 3255 348 440
16594 4 2 1 1 2508 3215 2817 3704
16595 4 2 1 1 856 951 794 3150
16596 4 2 1 1 1843 2889 3283 3837
16597 4 2 1 1 718 480 639 3418
16598 4 2 1 1 1565 1826 1728 3799
16599 4 2 1 1 587 736 572 3674
16600 4 2 1 1 1623 1750 1713 3466
16601 4 2 1 1 1996 3589 2132 1915
16602 4 2 1 1 1953 3064 2980 3812
16603 4 2 1 1 458 309 359 2546
16604 4 2 1 1 1180 1181 1182 2612
16605 4 2 1 1 1278 1174 1009 2750
16606 4 2 1 1 1962 3168 2783 3876
16607 4 2 1 1 621 698 617 2847
16608 4 2 1 1 756 2984 982 3705
16609 4 2 1 1 1898 2600 3302 3760
16610 4 2 1 1 2035 2503 3513 3572
16611 4 2 1 1 455 358 308 2937
16612 4 2 1 1 1867 3544 2474 3742
16613 4 2 1 1 325 3939 452 2680
16614 4 2 1 1 1809 2249 1717 2416
16615 4 2 1 1 905 3207 900 2918
16616 4 2 1 1 666 490 3814 3816
16617 4 2 1 1 777 781 3018 3768
16618 4 2 1 1 1672 1673 1674 3295
16619 4 2 1 1 889 3218 864 899
16620 4 2 1 1 219 3195 257 3725
16621 4 2 1 1 785 782 788 3171
16622 4 2 1 1 37 210 38 3946
16623 4 2 1 1 462 298 3082 3832
16624 4 2 1 1 1421 1531 1496 2676
16625 4 2 1 1 3115 3378 2024 2129
16626 4 2 1 1 2103 3038 3623 2359
16627 4 2 1 1 499 498 497 3521
16628 4 2 1 1 2172 3366 3205 3621
16629 4 2 1 1 538 521 525 3161
16630 4 2 1 1 1535 1294 1425 3431
16631 4 2 1 1 3558 859 819 3858
16632 4 2 1 1 2972 3185 2017 3379
16633 4 2 1 1 3789 3688 3652 2922
16634 4 2 1 1 2749 3501 2213 3810
16635 4 2 1 1 1880 2549 3141 3891
16636 4 2 1 1 701 480 630 3418
16637 4 2 1 1 941 945 857 3556
16638 4 2 1 1 1578 1683 1697 2788
16639 4 2 1 1 1434 1435 1287 2826
16640 4 2 1 1 301 292 3531 3879
16641 4 2 1 1 1098 1075 1059 3841
16642 4 2 1 1 2060 2657 3810 3890
16643 4 2 1 1 211 3935 447 428
16644 4 2 1 1 347 342 343 2337
16645 4 2 1 1 773 771 918 3357
16646 4 2 1 1 2278 3619 3253 3783
16647 4 2 1 1 659 624 619 2652
16648 4 2 1 1 2172 3205 3099 3285
16649 4 2 1 1 1094 1071 1229 3285
16650 4 2 1 1 2739 2453 2022 3809
16651 4 2 1 1 1029 1247 1267 2731
16652 4 2 1 1 3789 3688 2922 1972
16653 4 2 1 1 320 296 283 3213
16654 4 2 1 1 2260 3236 2864 3709
16655 4 2 1 1 1653 1665 1652 2577
16656 4 2 1 1 2962 3542 2122 3831
16657 4 2 1 1 212 3946 37 3920
16658 4 2 1 1 1413 1414 1416 3215
16659 4 2 1 1 897 149 992 3333
16660 4 2 1 1 414 422 301 3879
16661 4 2 1 1 301 293 292 3879
16662 4 2 1 1 3926 463 90 3314
16663 4 2 1 1 486 97 484 3945
16664 4 2 1 1 3758 3899 2255 1956
16665 4 2 1 1 2000 3255 2735 3582
16666 4 2 1 1 1696 1830 1642 3694
16667 4 2 1 1 844 903 902 3249
16668 4 2 1 1 2047 2715 3181 3795
16669 4 2 1 1 207 3939 3072 4007
16670 4 2 1 1 1124 1106 1204 2861
16671 4 2 1 1 2103 3623 3038 2825
16672 4 2 1 1 1179 1181 1180 3539
16673 4 2 1 1 3948 427 52 206
16674 4 2 1 1 1638 1756 1662 3780
16675 4 2 1 1 477 71 72 3985
16676 4 2 1 1 965 862 889 3880
16677 4 2 1 1 967 889 743 3880
16678 4 2 1 1 2279 1875 2774 2119
16679 4 2 1 1 2242 3358 3115 3378
16680 4 2 1 1 3113 3232 2179 3278
16681 4 2 1 1 2152 3169 2930 3643
16682 4 2 1 1 1205 1146 1032 3853
16683 4 2 1 1 2132 3252 1915 3589
16684 4 2 1 1 4011 30 189 3271
16685 4 2 1 1 1152 1141 1143 3485
16686 4 2 1 1 1332 2932 1469 3777
16687 4 2 1 1 1132 1133 1131 3086
16688 4 2 1 1 746 147 148 3960
16689 4 2 1 1 1481 1482 1450 3718
16690 4 2 1 1 2093 2032 2476 3763
16691 4 2 1 1 1219 1098 1236 3020
16692 4 2 1 1 580 560 582 3184
16693 4 2 1 1 336 291 337 2737
16694 4 2 1 1 2099 2916 2356 3671
16695 4 2 1 1 1322 1325 3034 3776
16696 4 2 1 1 3989 48 433 429
16697 4 2 1 1 768 767 769 3247
16698 4 2 1 1 1972 3007 2922 3789
16699 4 2 1 1 1640 1641 2919 1635
16700 4 2 1 1 1739 1728 1826 2946
16701 4 2 1 1 526 517 516 3076
16702 4 2 1 1 2136 3769 3212 3864
16703 4 2 1 1 2886 3184 2205 3677
16704 4 2 1 1 1837 3312 2580 3849
16705 4 2 1 1 1108 2702 1276 3862
16706 4 2 1 1 467 716 104 3536
16707 4 2 1 1 689 687 611 3172
16708 4 2 1 1 1834 2930 3169 3643
16709 4 2 1 1 2137 2738 3493 2412
16710 4 2 1 1 1439 1441 1440 3136
16711 4 2 1 1 75 3975 652 3218
16712 4 2 1 1 2728 3210 2015 3461
16713 4 2 1 1 458 331 310 3492
16714 4 2 1 1 2690 3446 1883 3818
16715 4 2 1 1 1992 2698 3710 3886
16716 4 2 1 1 1456 1527 1298 3902
16717 4 2 1 1 587 2706 598 3674
16718 4 2 1 1 1985 2602 2888 2246
16719 4 2 1 1 1047 1050 1045 2920
16720 4 2 1 1 829 3267 939 3406
16721 4 2 1 1 3957 3978 3245 453
16722 4 2 1 1 3989 4041 2319 433
16723 4 2 1 1 1337 3311 1334 3764
16724 4 2 1 1 198 4012 365 3080
16725 4 2 1 1 1548 3700 1433 3856
16726 4 2 1 1 566 691 610 3459
16727 4 2 1 1 2115 2996 2645 1923
16728 4 2 1 1 392 390 194 2882
16729 4 2 1 1 1626 1590 1588 3084
16730 4 2 1 1 3902 1457 1303 1553
16731 4 2 1 1 760 3176 130 4013
16732 4 2 1 1 2205 2705 3185 3128
16733 4 2 1 1 2349 3612 3208 3763
16734 4 2 1 1 932 988 931 2826
16735 4 2 1 1 1032 1146 1279 3442
16736 4 2 1 1 3317 3785 3043 2341
16737 4 2 1 1 1942 3078 2134 1897
16738 4 2 1 1 1987 2372 2593 3272
16739 4 2 1 1 2214 3146 2779 2002
16740 4 2 1 1 1104 1148 1147 3400
16741 4 2 1 1 3064 2079 3439 3570
16742 4 2 1 1 663 3376 617 3732
16743 4 2 1 1 2056 3019 3647 2897
16744 4 2 1 1 1020 169 170 3972
16745 4 2 1 1 2077 3532 3019 3733
16746 4 2 1 1 1223 1195 1220 3690
16747 4 2 1 1 304 303 305 2616
16748 4 2 1 1 837 872 2692 3249
16749 4 2 1 1 897 987 746 3603
16750 4 2 1 1 2136 2633 3769 3864
16751 4 2 1 1 3665 2901 3585 2373
16752 4 2 1 1 3953 40 328 459
16753 4 2 1 1 3963 483 2731 3343
16754 4 2 1 1 253 3353 261 3653
16755 4 2 1 1 1456 3299 1400 2435
16756 4 2 1 1 2600 2045 3560 3738
16757 4 2 1 1 3115 3276 2242 3774
16758 4 2 1 1 1432 1512 1504 3528
16759 4 2 1 1 2219 3545 2853 3827
16760 4 2 1 1 1693 1679 1831 3737
16761 4 2 1 1 589 2481 710 2910
16762 4 2 1 1 460 380 211 2768
16763 4 2 1 1 2317 2639 2068 3672
16764 4 2 1 1 1111 1085 1221 3833
16765 4 2 1 1 1375 1384 1388 3118
16766 4 2 1 1 975 142 754 3954
16767 4 2 1 1 903 974 999 2410
16768 4 2 1 1 367 20 197 2966
16769 4 2 1 1 1048 1049 1047 3850
16770 4 2 1 1 633 729 632 3373
16771 4 2 1 1 564 490 2927 3814
16772 4 2 1 1 489 2494 3762 3816
16773 4 2 1 1 846 842 3330 3504
16774 4 2 1 1 3141 3248 2238 3824
16775 4 2 1 1 1358 1495 1443 3698
16776 4 2 1 1 2598 2047 2865 2521
16777 4 2 1 1 3665 3585 2901 1888
16778 4 2 1 1 223 221 222 3667
16779 4 2 1 1 700 3998 479 82
16780 4 2 1 1 1962 2812 3168 3876
16781 4 2 1 1 1494 1443 1495 2821
16782 4 2 1 1 489 628 551 3762
16783 4 2 1 1 1337 3311 3764 2357
16784 4 2 1 1 825 961 855 3699
16785 4 2 1 1 2024 2816 3487 3717
16786 4 2 1 1 220 407 249 3091
16787 4 2 1 1 3173 2345 2850 2036
16788 4 2 1 1 466 623 711 2674
16789 4 2 1 1 1868 2471 3534 3712
16790 4 2 1 1 790 956 792 3518
16791 4 2 1 1 3098 3451 2030 2186
16792 4 2 1 1 1229 1067 1075 3099
16793 4 2 1 1 2065 2779 3614 3727
16794 4 2 1 1 1944 3055 2687 3505
16795 4 2 1 1 592 694 715 3397
16796 4 2 1 1 3099 3205 2437 3285
16797 4 2 1 1 1698 90 1811 3314
16798 4 2 1 1 1928 2767 3808 3810
16799 4 2 1 1 1353 1352 1354 3217
16800 4 2 1 1 922 752 888 3257
16801 4 2 1 1 385 345 2769 3723
16802 4 2 1 1 404 304 408 2824
16803 4 2 1 1 2161 2095 2790 3498
16804 4 2 1 1 1751 1799 1566 2882
16805 4 2 1 1 980 849 848 2161
16806 4 2 1 1 3941 4019 3071 989
16807 4 2 1 1 1896 2850 2360 2036
16808 4 2 1 1 1747 1812 30 3271
16809 4 2 1 1 1067 1229 1071 3285
16810 4 2 1 1 2497 3700 3197 3856
16811 4 2 1 1 3086 3228 2008 3650
16812 4 2 1 1 310 3832 3492 324
16813 4 2 1 1 1483 1464 1522 3897
16814 4 2 1 1 1337 3311 2357 1488
16815 4 2 1 1 1373 1374 1376 3817
16816 4 2 1 1 331 3940 202 3492
16817 4 2 1 1 3816 664 488 2694
16818 4 2 1 1 1282 1543 1528 2956
16819 4 2 1 1 1013 1154 1261 2993
16820 4 2 1 1 795 957 803 3127
16821 4 2 1 1 2138 3422 3327 3786
16822 4 2 1 1 325 199 312 2680
16823 4 2 1 1 737 902 1006 3851
16824 4 2 1 1 2950 3142 2085 3506
16825 4 2 1 1 1563 1759 1761 2993
16826 4 2 1 1 1725 1575 1813 2831
16827 4 2 1 1 596 4032 464 727
16828 4 2 1 1 377 438 195 2982
16829 4 2 1 1 1285 1472 1502 2988
16830 4 2 1 1 728 464 596 2956
16831 4 2 1 1 1980 3152 2773 3875
16832 4 2 1 1 730 3922 126 476
16833 4 2 1 1 1337 3311 1488 1334
16834 4 2 1 1 1017 1035 1170 2997
16835 4 2 1 1 467 2872 595 3536
16836 4 2 1 1 1884 3114 3372 3901
16837 4 2 1 1 1983 2889 3283 3844
16838 4 2 1 1 667 689 638 3852
16839 4 2 1 1 3889 2454 2067 3682
16840 4 2 1 1 3066 3565 2566 3766
16841 4 2 1 1 2082 3405 3090 3716
16842 4 2 1 1 1852 2779 3146 2002
16843 4 2 1 1 1771 1614 1632 2798
16844 4 2 1 1 1396 1397 1386 3903
16845 4 2 1 1 2514 1994 3511 3767
16846 4 2 1 1 1712 1758 1710 2962
16847 4 2 1 1 2782 2232 2106 3703
16848 4 2 1 1 1696 2986 1695 3694
16849 4 2 1 1 1375 3118 1388 3811
16850 4 2 1 1 84 85 640 2788
16851 4 2 1 1 556 555 541 3347
16852 4 2 1 1 3040 3836 2147 3848
16853 4 2 1 1 1750 1771 1713 3779
16854 4 2 1 1 2190 3427 2980 3812
16855 4 2 1 1 2129 2862 3760 3774
16856 4 2 1 1 668 679 683 3394
16857 4 2 1 1 1754 2759 1714 3779
16858 4 2 1 1 4023 139 140 748
16859 4 2 1 1 75 652 717 3218
16860 4 2 1 1 2888 3192 1985 2246
16861 4 2 1 1 1841 2848 3145 2429
16862 4 2 1 1 577 578 579 2910
16863 4 2 1 1 1250 1158 1025 3418
16864 4 2 1 1 1385 2783 1374 3817
16865 4 2 1 1 3889 2067 2454 2971
16866 4 2 1 1 921 979 877 3801
16867 4 2 1 1 233 3167 230 3606
16868 4 2 1 1 3896 3782 3041 2218
16869 4 2 1 1 314 209 328 2802
16870 4 2 1 1 1730 1646 1789 3707
16871 4 2 1 1 1356 3565 1355 3766
16872 4 2 1 1 201 390 214 2876
16873 4 2 1 1 1753 1617 1777 2887
16874 4 2 1 1 2410 3456 2792 3556
16875 4 2 1 1 200 423 3131 3519
16876 4 2 1 1 552 647 648 3209
16877 4 2 1 1 1501 1490 1396 2854
16878 4 2 1 1 1073 3009 1078 1079
16879 4 2 1 1 1742 1743 1647 3211
16880 4 2 1 1 1502 1472 1306 2988
16881 4 2 1 1 2583 2915 3570 3871
16882 4 2 1 1 2057 3356 2711 3607
16883 4 2 1 1 2609 3117 3767 3866
16884 4 2 1 1 2904 2101 2585 3748
16885 4 2 1 1 2503 2035 3513 3569
16886 4 2 1 1 1204 3986 1203 2936
16887 4 2 1 1 1947 2729 3266 3900
16888 4 2 1 1 2477 3224 1838 2022
16889 4 2 1 1 2213 3501 3163 3810
16890 4 2 1 1 2024 3487 2560 2782
16891 4 2 1 1 1860 2056 2510 2057
16892 4 2 1 1 462 298 334 3082
16893 4 2 1 1 2204 2581 1988 3887
16894 4 2 1 1 1841 2848 3618 3654
16895 4 2 1 1 1623 1708 1707 2907
16896 4 2 1 1 227 3109 235 3663
16897 4 2 1 1 2746 3517 3232 3865
16898 4 2 1 1 2080 3224 2964 3575
16899 4 2 1 1 1903 3590 2476 3763
16900 4 2 1 1 2164 3164 2627 3551
16901 4 2 1 1 3839 3301 2175 2023
16902 4 2 1 1 1041 1042 1043 2953
16903 4 2 1 1 3097 3281 2232 3308
16904 4 2 1 1 1832 2865 2973 3710
16905 4 2 1 1 3355 3686 2840 2646
16906 4 2 1 1 2093 3208 3066 3612
16907 4 2 1 1 1335 3562 1336 3764
16908 4 2 1 1 354 356 213 3607
16909 4 2 1 1 2122 3780 2962 3831
16910 4 2 1 1 2257 2129 3378 3774
16911 4 2 1 1 2063 3406 2630 3440
16912 4 2 1 1 251 403 241 3865
16913 4 2 1 1 1880 3281 2845 3495
16914 4 2 1 1 2738 3108 2137 3493
16915 4 2 1 1 3038 3702 2398 3867
16916 4 2 1 1 966 990 866 3061
16917 4 2 1 1 1236 1098 2543 3020
16918 4 2 1 1 586 558 735 3134
16919 4 2 1 1 1988 2581 3000 3785
16920 4 2 1 1 3685 3862 3867 2673
16921 4 2 1 1 3948 427 206 2669
16922 4 2 1 1 1788 1670 1783 3529
16923 4 2 1 1 920 4015 151 3956
16924 4 2 1 1 2804 3703 1999 3794
16925 4 2 1 1 1681 1653 1830 3694
16926 4 2 1 1 853 896 917 3805
16927 4 2 1 1 3761 3845 2752 3203
16928 4 2 1 1 1669 1704 1643 3237
16929 4 2 1 1 3915 1686 1798 3294
16930 4 2 1 1 2079 3570 2915 1852
16931 4 2 1 1 3949 726 117 473
16932 4 2 1 1 1696 1804 1676 2986
16933 4 2 1 1 2160 3382 2738 3324
16934 4 2 1 1 424 3969 208 2347
16935 4 2 1 1 1779 3056 1775 3869
16936 4 2 1 1 1761 1759 1583 2993
16937 4 2 1 1 1381 3777 2785 3859
16938 4 2 1 1 3761 3845 3203 1966
16939 4 2 1 1 607 538 554 3258
16940 4 2 1 1 1289 1408 1401 3361
16941 4 2 1 1 1873 3329 3355 3578
16942 4 2 1 1 1058 1187 1057 3102
16943 4 2 1 1 310 3832 324 462
16944 4 2 1 1 2165 3447 2667 3751
16945 4 2 1 1 1082 1207 1181 2938
16946 4 2 1 1 1794 3509 1685 3802
16947 4 2 1 1 325 312 311 2680
16948 4 2 1 1 2126 3709 2864 2659
16949 4 2 1 1 2093 3066 2032 3612
16950 4 2 1 1 819 818 817 3558
16951 4 2 1 1 3963 730 483 3343
16952 4 2 1 1 2036 1853 2565 3883
16953 4 2 1 1 2179 3278 3232 3517
16954 4 2 1 1 2063 3090 3405 3716
16955 4 2 1 1 2160 3309 3068 3382
16956 4 2 1 1 2055 2020 3291 3198
16957 4 2 1 1 862 863 864 2180
16958 4 2 1 1 2034 2350 2559 2618
16959 4 2 1 1 931 132 751 2826
16960 4 2 1 1 371 3957 190 61
16961 4 2 1 1 2458 3274 2659 2599
16962 4 2 1 1 1565 4031 3799 3964
16963 4 2 1 1 644 724 573 3419
16964 4 2 1 1 1578 3628 1692 1683
16965 4 2 1 1 2456 3276 2661 3526
16966 4 2 1 1 254 339 3516 3773
16967 4 2 1 1 1999 2527 3599 3794
16968 4 2 1 1 2767 3360 2060 3810
16969 4 2 1 1 1403 1402 1397 2778
16970 4 2 1 1 389 343 341 3296
16971 4 2 1 1 2162 3577 2921 3579
16972 4 2 1 1 957 799 3440 3835
16973 4 2 1 1 1879 2671 3338 3470
16974 4 2 1 1 2867 3423 2125 3877
16975 4 2 1 1 2975 3836 1331 3848
16976 4 2 1 1 1373 1360 1361 3817
16977 4 2 1 1 311 284 296 3377
16978 4 2 1 1 1464 1440 1526 3897
16979 4 2 1 1 3979 1269 1031 53
16980 4 2 1 1 282 404 267 2967
16981 4 2 1 1 982 756 924 2984
16982 4 2 1 1 243 242 236 3226
16983 4 2 1 1 1289 3361 1407 3801
16984 4 2 1 1 2533 2141 3434 3834
16985 4 2 1 1 1104 1178 1148 2753
16986 4 2 1 1 449 3979 427 53
16987 4 2 1 1 521 538 607 3258
16988 4 2 1 1 3707 1789 1724 1646
16989 4 2 1 1 2865 3057 2598 2521
16990 4 2 1 1 1367 3533 1366 3624
16991 4 2 1 1 1629 1622 1621 2832
16992 4 2 1 1 1317 1315 1316 3476
16993 4 2 1 1 2179 3232 2746 3517
16994 4 2 1 1 852 988 932 2922
16995 4 2 1 1 224 225 223 3667
16996 4 2 1 1 1866 3183 3881 2721
16997 4 2 1 1 1567 1798 1687 3294
16998 4 2 1 1 1987 3272 2593 3448
16999 4 2 1 1 574 609 548 3241
17000 4 2 1 1 4014 19 197 430
17001 4 2 1 1 385 263 402 3723
17002 4 2 1 1 638 689 637 3852
17003 4 2 1 1 2111 3139 2903 3637
17004 4 2 1 1 2845 3281 2032 3495
17005 4 2 1 1 2921 3577 2578 3579
17006 4 2 1 1 261 253 274 3353
17007 4 2 1 1 276 262 275 3227
17008 4 2 1 1 947 964 826 3834
17009 4 2 1 1 920 986 740 2693
17010 4 2 1 1 2012 2700 2529 3692
17011 4 2 1 1 1323 3311 1488 3776
17012 4 2 1 1 1100 1140 1211 3019
17013 4 2 1 1 2127 2783 3168 3876
17014 4 2 1 1 1681 2985 1653 3694
17015 4 2 1 1 344 254 339 3516
17016 4 2 1 1 1962 2783 3403 3876
17017 4 2 1 1 1338 1337 1336 3764
17018 4 2 1 1 2543 1098 1236 1222
17019 4 2 1 1 2421 3721 3132 3759
17020 4 2 1 1 266 256 2890 3800
17021 4 2 1 1 2020 3232 3278 3517
17022 4 2 1 1 2257 3302 2862 3774
17023 4 2 1 1 2011 2704 2521 3696
17024 4 2 1 1 3896 3782 2218 3540
17025 4 2 1 1 326 3454 327 312
17026 4 2 1 1 1619 1707 1628 2877
17027 4 2 1 1 2137 3493 3396 2412
17028 4 2 1 1 2992 3023 2150 3686
17029 4 2 1 1 2050 3184 2619 3741
17030 4 2 1 1 1176 1175 1174 2750
17031 4 2 1 1 3010 2015 2211 3573
17032 4 2 1 1 1970 3493 2582 3100
17033 4 2 1 1 924 3925 146 3960
17034 4 2 1 1 2176 2821 3417 3891
17035 4 2 1 1 1881 3472 2506 3751
17036 4 2 1 1 1222 2143 2543 3888
17037 4 2 1 1 2203 2287 2998 3436
17038 4 2 1 1 3966 2788 758 3649
17039 4 2 1 1 2872 2227 2629 1912
17040 4 2 1 1 2609 3402 1123 3838
17041 4 2 1 1 1152 1273 1141 3485
17042 4 2 1 1 2541 3474 1868 3488
17043 4 2 1 1 1036 2961 1037 3854
17044 4 2 1 1 1219 1236 1241 3020
17045 4 2 1 1 2326 3596 3263 3719
17046 4 2 1 1 1904 2567 2976 3753
17047 4 2 1 1 1306 1308 1307 3062
17048 4 2 1 1 550 584 583 3541
17049 4 2 1 1 2827 3718 2734 3771
17050 4 2 1 1 847 834 932 2922
17051 4 2 1 1 3507 2471 3268 2318
17052 4 2 1 1 452 57 199 3980
17053 4 2 1 1 2698 2013 2525 3641
17054 4 2 1 1 2927 3814 490 3816
17055 4 2 1 1 802 970 971 3194
17056 4 2 1 1 528 618 3216 3807
17057 4 2 1 1 529 662 537 3615
17058 4 2 1 1 1321 1450 1333 2827
17059 4 2 1 1 3507 3268 2471 2084
17060 4 2 1 1 1974 2954 3677 3128
17061 4 2 1 1 1289 1407 3361 1401
17062 4 2 1 1 1417 1416 1418 2875
17063 4 2 1 1 1886 2787 3246 3726
17064 4 2 1 1 259 338 250 2803
17065 4 2 1 1 400 308 358 2937
17066 4 2 1 1 1457 1455 1456 3299
17067 4 2 1 1 936 848 920 2946
17068 4 2 1 1 3913 453 59 330
17069 4 2 1 1 961 3699 819 3858
17070 4 2 1 1 697 663 617 3732
17071 4 2 1 1 1279 1146 1145 3442
17072 4 2 1 1 1049 1062 1216 3850
17073 4 2 1 1 2821 3417 2320 3698
17074 4 2 1 1 1782 1776 1755 3734
17075 4 2 1 1 401 253 243 3123
17076 4 2 1 1 3611 3861 1927 3788
17077 4 2 1 1 2011 2521 2704 3636
17078 4 2 1 1 1034 1035 1017 2997
17079 4 2 1 1 808 804 810 3374
17080 4 2 1 1 980 878 849 2161
17081 4 2 1 1 365 355 441 2711
17082 4 2 1 1 337 386 413 3193
17083 4 2 1 1 2698 2525 2013 2295
17084 4 2 1 1 2645 3393 387 3793
17085 4 2 1 1 2012 2529 2700 3639
17086 4 2 1 1 4017 443 195 14
17087 4 2 1 1 523 681 494 3050
17088 4 2 1 1 911 910 908 3197
17089 4 2 1 1 2700 3535 1991 3692
17090 4 2 1 1 1369 1344 1335 3562
17091 4 2 1 1 2826 1296 1435 132
17092 4 2 1 1 2538 3952 446 426
17093 4 2 1 1 2176 3662 2821 3891
17094 4 2 1 1 1018 1196 1139 2897
17095 4 2 1 1 2558 3547 2026 3676
17096 4 2 1 1 1381 1364 1343 3777
17097 4 2 1 1 3208 3066 2549 2093
17098 4 2 1 1 2539 3125 2915 3894
17099 4 2 1 1 617 3376 2847 3732
17100 4 2 1 1 1303 1550 1457 3176
17101 4 2 1 1 1805 1672 1684 3063
17102 4 2 1 1 2204 3240 3000 3413
17103 4 2 1 1 790 944 956 3768
17104 4 2 1 1 775 944 777 3768
17105 4 2 1 1 2007 3106 2810 3843
17106 4 2 1 1 1501 2854 1396 3903
17107 4 2 1 1 1192 1258 1120 3384
17108 4 2 1 1 1148 1178 1179 3539
17109 4 2 1 1 2458 1985 2126 3901
17110 4 2 1 1 2850 3173 2008 2345
17111 4 2 1 1 716 595 603 3536
17112 4 2 1 1 2872 3595 2288 1912
17113 4 2 1 1 3208 2549 3066 1906
17114 4 2 1 1 1346 1347 1365 2836
17115 4 2 1 1 2026 3547 3411 3676
17116 4 2 1 1 2148 2178 1887 1968
17117 4 2 1 1 3952 997 759 2538
17118 4 2 1 1 2853 3545 2433 3827
17119 4 2 1 1 1843 2120 3435 3796
17120 4 2 1 1 2029 3559 2788 3628
17121 4 2 1 1 2091 3598 3162 3657
17122 4 2 1 1 1695 2986 1676 3603
17123 4 2 1 1 2158 3064 3261 3570
17124 4 2 1 1 3771 2432 1929 2734
17125 4 2 1 1 982 868 940 3395
17126 4 2 1 1 1879 2814 3508 3517
17127 4 2 1 1 1323 1488 1447 3776
17128 4 2 1 1 1321 1323 1322 3776
17129 4 2 1 1 440 197 382 3582
17130 4 2 1 1 2677 3212 2136 3769
17131 4 2 1 1 1290 1461 1533 3122
17132 4 2 1 1 1116 1086 1109 3340
17133 4 2 1 1 2560 3487 2232 2782
17134 4 2 1 1 1644 1678 1727 2790
17135 4 2 1 1 1431 1508 1432 3190
17136 4 2 1 1 730 3922 476 3343
17137 4 2 1 1 2844 3424 2445 3846
17138 4 2 1 1 770 772 784 3260
17139 4 2 1 1 823 952 816 3300
17140 4 2 1 1 818 819 961 3699
17141 4 2 1 1 1002 905 901 2918
17142 4 2 1 1 230 233 372 3167
17143 4 2 1 1 3057 3560 2045 3738
17144 4 2 1 1 222 249 394 3491
17145 4 2 1 1 2644 3337 2371 3805
17146 4 2 1 1 770 784 928 3260
17147 4 2 1 1 1429 1302 1425 3431
17148 4 2 1 1 3400 2994 1257 1147
17149 4 2 1 1 503 502 504 3786
17150 4 2 1 1 2127 3168 2812 3876
17151 4 2 1 1 2808 3302 2257 3774
17152 4 2 1 1 1980 2773 3429 3875
17153 4 2 1 1 745 763 762 2931
17154 4 2 1 1 1728 1827 1565 3799
17155 4 2 1 1 643 3048 644 2288
17156 4 2 1 1 302 436 303 3752
17157 4 2 1 1 2112 3616 2629 3815
17158 4 2 1 1 411 281 279 3047
17159 4 2 1 1 1123 3402 1121 3838
17160 4 2 1 1 731 470 123 3958
17161 4 2 1 1 1307 1492 1389 3342
17162 4 2 1 1 971 937 802 3745
17163 4 2 1 1 1401 1408 1411 3361
17164 4 2 1 1 2625 3532 2437 3733
17165 4 2 1 1 967 922 888 3130
17166 4 2 1 1 926 774 776 3792
17167 4 2 1 1 2022 2964 3224 3575
17168 4 2 1 1 1884 3372 3192 3901
17169 4 2 1 1 1678 3798 1644 1645
17170 4 2 1 1 2065 3614 3073 3727
17171 4 2 1 1 622 714 634 3178
17172 4 2 1 1 1825 1571 1692 3649
17173 4 2 1 1 848 845 986 3330
17174 4 2 1 1 642 697 698 3732
17175 4 2 1 1 3400 1257 2994 2423
17176 4 2 1 1 1345 1430 1312 2466
17177 4 2 1 1 1850 3334 2707 3428
17178 4 2 1 1 976 1007 760 2768
17179 4 2 1 1 2088 3364 2673 3685
17180 4 2 1 1 592 590 699 3397
17181 4 2 1 1 2749 2213 3360 3810
17182 4 2 1 1 1400 1377 1372 3624
17183 4 2 1 1 2038 3456 2971 2590
17184 4 2 1 1 1598 1731 1774 3039
17185 4 2 1 1 1612 1770 1722 2878
17186 4 2 1 1 825 854 831 3477
17187 4 2 1 1 533 532 524 3482
17188 4 2 1 1 678 677 682 3426
17189 4 2 1 1 2007 2761 2432 3562
17190 4 2 1 1 3077 3422 2138 3786
17191 4 2 1 1 842 845 846 3330
17192 4 2 1 1 2434 2032 3066 3612
17193 4 2 1 1 1715 1751 1752 2416
17194 4 2 1 1 2431 1892 2852 2139
17195 4 2 1 1 3320 3741 2619 3893
17196 4 2 1 1 1551 1532 1524 2987
17197 4 2 1 1 1402 1410 1555 3403
17198 4 2 1 1 191 3982 329 46
17199 4 2 1 1 3300 3778 3458 2006
17200 4 2 1 1 401 243 353 3123
17201 4 2 1 1 404 403 251 3865
17202 4 2 1 1 777 790 781 3768
17203 4 2 1 1 3756 2199 3132 3067
17204 4 2 1 1 1322 1447 1325 3776
17205 4 2 1 1 3286 3336 2302 2590
17206 4 2 1 1 1332 1469 1343 3777
17207 4 2 1 1 636 503 506 3786
17208 4 2 1 1 1217 1108 1093 3346
17209 4 2 1 1 2236 2020 2814 1879
17210 4 2 1 1 2081 2842 3419 2288
17211 4 2 1 1 3458 3778 3300 2414
17212 4 2 1 1 264 247 333 3113
17213 4 2 1 1 1075 3530 3099 3841
17214 4 2 1 1 1284 4003 136 3937
17215 4 2 1 1 2205 3677 2705 3128
17216 4 2 1 1 3996 470 124 605
17217 4 2 1 1 627 517 675 3111
17218 4 2 1 1 4003 739 136 3937
17219 4 2 1 1 1870 2579 3575 3813
17220 4 2 1 1 1387 1498 1365 3310
17221 4 2 1 1 1587 1659 1585 3051
17222 4 2 1 1 2830 3541 2042 3674
17223 4 2 1 1 884 3559 2617 3649
17224 4 2 1 1 3481 2772 435 2342
17225 4 2 1 1 1792 1569 1791 2897
17226 4 2 1 1 435 2772 3481 397
17227 4 2 1 1 1239 1161 1237 3595
17228 4 2 1 1 668 683 672 3642
17229 4 2 1 1 1025 1158 1234 3418
17230 4 2 1 1 1794 1626 1730 3802
17231 4 2 1 1 3145 3665 2146 3828
17232 4 2 1 1 1555 1410 1376 3403
17233 4 2 1 1 2816 3185 1856 3128
17234 4 2 1 1 1705 1661 1786 3199
17235 4 2 1 1 1133 3086 3815 3874
17236 4 2 1 1 3932 1264 180 3497
17237 4 2 1 1 885 886 962 3559
17238 4 2 1 1 1494 1495 1392 3662
17239 4 2 1 1 350 385 345 2769
17240 4 2 1 1 1158 1030 1156 3483
17241 4 2 1 1 1161 1015 1171 3536
17242 4 2 1 1 1118 1167 1122 3441
17243 4 2 1 1 1099 3530 1075 3841
17244 4 2 1 1 3928 727 119 4032
17245 4 2 1 1 2864 3709 3236 2659
17246 4 2 1 1 605 732 584 3541
17247 4 2 1 1 1989 3312 2998 2586
17248 4 2 1 1 555 576 595 3632
17249 4 2 1 1 218 407 220 3806
17250 4 2 1 1 3928 727 604 119
17251 4 2 1 1 2913 1901 2295 2375
17252 4 2 1 1 1103 1138 1238 3448
17253 4 2 1 1 3506 2474 3256 2317
17254 4 2 1 1 882 741 989 3071
17255 4 2 1 1 1008 3395 881 3452
17256 4 2 1 1 1235 3086 1133 3874
17257 4 2 1 1 487 489 488 3816
17258 4 2 1 1 3303 3291 2186 3451
17259 4 2 1 1 2014 2828 3251 3678
17260 4 2 1 1 2549 3417 3141 3891
17261 4 2 1 1 3049 3593 2027 3887
17262 4 2 1 1 2055 3291 3266 3198
17263 4 2 1 1 209 3965 2802 3431
17264 4 2 1 1 2323 2821 3662 3891
17265 4 2 1 1 1817 1578 1697 2788
17266 4 2 1 1 2790 2095 2311 3798
17267 4 2 1 1 1736 1809 1566 2876
17268 4 2 1 1 200 423 422 3131
17269 4 2 1 1 476 587 597 2706
17270 4 2 1 1 2241 3386 3114 3709
17271 4 2 1 1 3131 3211 2115 1923
17272 4 2 1 1 2390 3211 3131 1923
17273 4 2 1 1 1788 180 1558 3497
17274 4 2 1 1 1139 3647 3019 2897
17275 4 2 1 1 3761 3845 1966 3318
17276 4 2 1 1 2673 3685 3364 3867
17277 4 2 1 1 1675 1677 1823 3166
17278 4 2 1 1 2958 3049 2296 3796
17279 4 2 1 1 3130 3209 2107 1924
17280 4 2 1 1 2391 3209 3130 1924
17281 4 2 1 1 2647 3699 961 3858
17282 4 2 1 1 2021 678 2793 3426
17283 4 2 1 1 1334 1335 1336 3764
17284 4 2 1 1 1230 1110 1232 3219
17285 4 2 1 1 3063 3691 2362 3894
17286 4 2 1 1 14 443 4020 4017
17287 4 2 1 1 1953 2980 3427 3812
17288 4 2 1 1 197 440 367 2966
17289 4 2 1 1 1582 1581 1725 3363
17290 4 2 1 1 2004 3309 2134 3514
17291 4 2 1 1 620 623 625 3180
17292 4 2 1 1 1782 1706 1784 3222
17293 4 2 1 1 1184 1181 1207 3587
17294 4 2 1 1 758 3559 886 884
17295 4 2 1 1 1859 3223 2196 2200
17296 4 2 1 1 3066 3208 2089 3612
17297 4 2 1 1 2408 3569 3269 3684
17298 4 2 1 1 1081 3346 1093 3868
17299 4 2 1 1 2050 2619 3320 3741
17300 4 2 1 1 2665 2100 1923 3754
17301 4 2 1 1 1318 1316 1450 3718
17302 4 2 1 1 2062 3046 1854 3669
17303 4 2 1 1 511 506 508 3077
17304 4 2 1 1 1286 3988 64 3961
17305 4 2 1 1 2084 2866 3534 3712
17306 4 2 1 1 693 463 691 3314
17307 4 2 1 1 2021 678 3347 2793
17308 4 2 1 1 2911 3081 2096 3889
17309 4 2 1 1 1760 1741 1721 3069
17310 4 2 1 1 561 3741 581 3893
17311 4 2 1 1 2034 2559 3749 2618
17312 4 2 1 1 1166 1165 1012 3497
17313 4 2 1 1 384 227 235 3663
17314 4 2 1 1 2807 3236 2260 3709
17315 4 2 1 1 1408 1289 1423 3008
17316 4 2 1 1 3940 456 66 202
17317 4 2 1 1 684 624 680 3212
17318 4 2 1 1 1551 1524 1428 2987
17319 4 2 1 1 1896 2981 3173 3756
17320 4 2 1 1 1785 1705 1786 3199
17321 4 2 1 1 1547 1407 1422 3801
17322 4 2 1 1 2155 3482 3093 3825
17323 4 2 1 1 299 295 298 3623
17324 4 2 1 1 1388 1384 1467 3118
17325 4 2 1 1 1674 1781 1787 3295
17326 4 2 1 1 476 598 587 2706
17327 4 2 1 1 148 746 3960 3603
17328 4 2 1 1 1595 3475 1594 2144
17329 4 2 1 1 1242 1200 1074 3070
17330 4 2 1 1 3913 453 330 2486
17331 4 2 1 1 2241 2807 3709 3749
17332 4 2 1 1 2381 2868 3315 3575
17333 4 2 1 1 423 343 389 3296
17334 4 2 1 1 956 944 953 3083
17335 4 2 1 1 706 593 654 2722
17336 4 2 1 1 3996 470 605 3341
17337 4 2 1 1 2666 3365 2298 3692
17338 4 2 1 1 2499 2095 1914 3275
17339 4 2 1 1 289 399 409 3890
17340 4 2 1 1 895 947 842 3504
17341 4 2 1 1 894 2644 896 897
17342 4 2 1 1 1137 1163 1162 3196
17343 4 2 1 1 950 964 926 3834
17344 4 2 1 1 1112 1075 1099 3530
17345 4 2 1 1 250 338 254 3773
17346 4 2 1 1 371 3957 61 4018
17347 4 2 1 1 3144 3496 2639 2173
17348 4 2 1 1 1499 1471 1468 3689
17349 4 2 1 1 568 685 713 2288
17350 4 2 1 1 2062 1854 2819 3669
17351 4 2 1 1 2120 3435 2073 3567
17352 4 2 1 1 2765 3411 2224 3622
17353 4 2 1 1 3144 2639 3496 1839
17354 4 2 1 1 2665 1923 2809 3754
17355 4 2 1 1 2954 2705 3677 3128
17356 4 2 1 1 1659 1585 3051 3898
17357 4 2 1 1 2672 3375 2296 3696
17358 4 2 1 1 1195 1051 1054 2895
17359 4 2 1 1 1867 2584 3544 3742
17360 4 2 1 1 2131 3393 2645 3793
17361 4 2 1 1 1944 3458 2655 3829
17362 4 2 1 1 675 517 527 3111
17363 4 2 1 1 1836 3411 2765 3622
17364 4 2 1 1 1548 1433 1546 3856
17365 4 2 1 1 718 630 480 3418
17366 4 2 1 1 419 417 189 3271
17367 4 2 1 1 2581 2317 3506 3672
17368 4 2 1 1 1699 1676 1691 3333
17369 4 2 1 1 1983 3283 2889 3837
17370 4 2 1 1 3361 3778 2482 3801
17371 4 2 1 1 2072 3116 2839 3683
17372 4 2 1 1 1630 1629 1769 2311
17373 4 2 1 1 1187 1221 1068 3833
17374 4 2 1 1 556 541 678 3347
17375 4 2 1 1 1870 3315 2868 3575
17376 4 2 1 1 2631 3638 2475 3780
17377 4 2 1 1 1843 3049 3593 3796
17378 4 2 1 1 2163 2734 3718 3771
17379 4 2 1 1 1311 1310 1312 3701
17380 4 2 1 1 3506 3256 2474 2085
17381 4 2 1 1 3957 190 60 453
17382 4 2 1 1 2580 2318 3507 3744
17383 4 2 1 1 991 910 911 3856
17384 4 2 1 1 1203 1260 1204 2936
17385 4 2 1 1 916 899 864 3218
17386 4 2 1 1 1178 1191 1179 3644
17387 4 2 1 1 1719 1779 1806 3056
17388 4 2 1 1 1455 1377 1400 3299
17389 4 2 1 1 2669 3356 2057 3607
17390 4 2 1 1 2987 2546 457 359
17391 4 2 1 1 2036 2565 2808 3883
17392 4 2 1 1 574 669 609 3241
17393 4 2 1 1 2987 457 2546 4034
17394 4 2 1 1 852 2922 834 3652
17395 4 2 1 1 1308 1309 1307 3062
17396 4 2 1 1 2390 3531 419 3271
17397 4 2 1 1 2143 3669 3325 3720
17398 4 2 1 1 1057 1068 1060 3191
17399 4 2 1 1 1794 2605 3509 3802
17400 4 2 1 1 2093 3612 2032 3763
17401 4 2 1 1 3309 3324 2135 3514
17402 4 2 1 1 1374 1386 1555 2783
17403 4 2 1 1 419 3531 2390 301
17404 4 2 1 1 696 697 474 3159
17405 4 2 1 1 857 814 946 3450
17406 4 2 1 1 741 4019 154 989
17407 4 2 1 1 2952 2106 2071 3618
17408 4 2 1 1 3358 3619 1882 3115
17409 4 2 1 1 1109 1144 1174 2983
17410 4 2 1 1 528 655 618 3807
17411 4 2 1 1 867 982 924 2984
17412 4 2 1 1 1739 1559 1824 2693
17413 4 2 1 1 204 369 370 3147
17414 4 2 1 1 376 443 195 3739
17415 4 2 1 1 410 3592 437 3851
17416 4 2 1 1 244 258 250 3410
17417 4 2 1 1 1658 1637 1639 3331
17418 4 2 1 1 3729 2263 2289 3150
17419 4 2 1 1 1404 1403 1397 2778
17420 4 2 1 1 2613 868 881 939
17421 4 2 1 1 3162 3278 2058 3598
17422 4 2 1 1 856 948 951 3150
17423 4 2 1 1 385 344 345 3723
17424 4 2 1 1 3004 3558 2130 3858
17425 4 2 1 1 1122 1123 1121 3838
17426 4 2 1 1 2533 3434 2764 3834
17427 4 2 1 1 1843 3567 2889 3837
17428 4 2 1 1 1638 1662 1661 3638
17429 4 2 1 1 1103 1097 1095 3527
17430 4 2 1 1 603 576 710 3632
17431 4 2 1 1 266 272 273 3800
17432 4 2 1 1 1148 1180 1257 3539
17433 4 2 1 1 1852 3570 2915 3871
17434 4 2 1 1 2154 3578 3023 3686
17435 4 2 1 1 633 583 732 3373
17436 4 2 1 1 837 872 839 2692
17437 4 2 1 1 2501 3574 3060 3748
17438 4 2 1 1 879 972 971 3745
17439 4 2 1 1 1507 1499 1468 3689
17440 4 2 1 1 849 3330 846 848
17441 4 2 1 1 1655 1677 1675 3166
17442 4 2 1 1 3729 2289 2263 1877
17443 4 2 1 1 526 534 527 3608
17444 4 2 1 1 3961 64 196 331
17445 4 2 1 1 2072 1952 3116 3683
17446 4 2 1 1 474 688 696 3159
17447 4 2 1 1 1684 1674 1685 3063
17448 4 2 1 1 1151 1155 1154 3117
17449 4 2 1 1 2657 3591 2060 3808
17450 4 2 1 1 743 922 967 3130
17451 4 2 1 1 414 200 422 3131
17452 4 2 1 1 1779 1775 1744 3869
17453 4 2 1 1 360 440 348 3255
17454 4 2 1 1 1444 1283 1445 3467
17455 4 2 1 1 1822 149 1699 3333
17456 4 2 1 1 1063 1064 1062 3133
17457 4 2 1 1 977 940 1008 3705
17458 4 2 1 1 1047 1216 1050 3850
17459 4 2 1 1 352 353 231 3819
17460 4 2 1 1 122 731 3958 645
17461 4 2 1 1 1764 1704 1669 3237
17462 4 2 1 1 1664 1663 1738 3350
17463 4 2 1 1 1852 3146 2779 3727
17464 4 2 1 1 674 549 632 2886
17465 4 2 1 1 307 322 306 3245
17466 4 2 1 1 973 930 747 2982
17467 4 2 1 1 1162 1126 1137 3370
17468 4 2 1 1 1779 1745 3271 3869
17469 4 2 1 1 1409 2778 1403 3700
17470 4 2 1 1 957 799 822 3440
17471 4 2 1 1 1794 1685 1787 3802
17472 4 2 1 1 3302 3760 2862 3774
17473 4 2 1 1 3776 3665 2146 3311
17474 4 2 1 1 1710 1709 1711 3831
17475 4 2 1 1 261 274 285 3353
17476 4 2 1 1 1111 1185 1172 2885
17477 4 2 1 1 2908 3259 2015 2334
17478 4 2 1 1 148 3962 897 3603
17479 4 2 1 1 1468 1378 1507 2942
17480 4 2 1 1 3163 3810 2657 3890
17481 4 2 1 1 3973 1263 1183 165
17482 4 2 1 1 1421 1496 1419 2676
17483 4 2 1 1 2170 3576 2841 3735
17484 4 2 1 1 1113 1112 1099 3530
17485 4 2 1 1 218 220 219 3806
17486 4 2 1 1 2244 3549 2974 3646
17487 4 2 1 1 1355 3217 1354 3766
17488 4 2 1 1 328 209 448 2802
17489 4 2 1 1 286 285 287 3481
17490 4 2 1 1 3963 4022 2731 722
17491 4 2 1 1 1125 1094 1189 3532
17492 4 2 1 1 483 602 722 2731
17493 4 2 1 1 3114 3386 2241 3449
17494 4 2 1 1 3378 2129 2257 2782
17495 4 2 1 1 2024 2129 3378 2782
17496 4 2 1 1 3000 3043 1988 3785
17497 4 2 1 1 1153 1212 1280 3356
17498 4 2 1 1 1434 1556 1406 3369
17499 4 2 1 1 990 925 748 3008
17500 4 2 1 1 395 300 335 3583
17501 4 2 1 1 599 3949 3473 473
17502 4 2 1 1 1618 1755 1776 3734
17503 4 2 1 1 3963 730 127 483
17504 4 2 1 1 1867 2584 3742 3821
17505 4 2 1 1 2130 3699 2647 3858
17506 4 2 1 1 1522 1464 1463 3341
17507 4 2 1 1 1057 1060 1054 3191
17508 4 2 1 1 2112 3815 3086 3874
17509 4 2 1 1 1838 2477 2125 3224
17510 4 2 1 1 296 432 319 3377
17511 4 2 1 1 1843 3435 2120 3567
17512 4 2 1 1 643 478 644 3048
17513 4 2 1 1 1809 1717 1751 2416
17514 4 2 1 1 909 908 910 3197
17515 4 2 1 1 1108 1271 1276 2702
17516 4 2 1 1 3870 2019 3508 2550
17517 4 2 1 1 2242 3378 3115 3774
17518 4 2 1 1 3870 3508 2019 2701
17519 4 2 1 1 670 540 530 3651
17520 4 2 1 1 1193 1224 1105 3272
17521 4 2 1 1 1432 2223 1395 1431
17522 4 2 1 1 253 260 252 3653
17523 4 2 1 1 894 2644 897 3333
17524 4 2 1 1 360 367 440 2966
17525 4 2 1 1 2986 2216 3694 3714
17526 4 2 1 1 1199 1044 1056 3659
17527 4 2 1 1 411 321 281 3047
17528 4 2 1 1 981 933 874 3176
17529 4 2 1 1 180 1012 4004 3497
17530 4 2 1 1 741 4019 989 3071
17531 4 2 1 1 622 614 657 2979
17532 4 2 1 1 1131 1133 1235 3086
17533 4 2 1 1 2788 482 85 640
17534 4 2 1 1 1328 1327 1330 2264
17535 4 2 1 1 2415 3254 3593 3887
17536 4 2 1 1 358 359 309 3863
17537 4 2 1 1 1474 1554 1519 3343
17538 4 2 1 1 192 16 378 3851
17539 4 2 1 1 2100 3754 2921 3845
17540 4 2 1 1 1671 1698 1690 3314
17541 4 2 1 1 1824 1559 1823 2693
17542 4 2 1 1 1358 1361 1360 3698
17543 4 2 1 1 2112 3616 2801 3765
17544 4 2 1 1 1824 1728 1739 2946
17545 4 2 1 1 1469 1332 1475 2932
17546 4 2 1 1 2966 3255 2000 3582
17547 4 2 1 1 1862 3364 3231 3685
17548 4 2 1 1 850 968 895 3151
17549 4 2 1 1 191 3982 46 3959
17550 4 2 1 1 1098 1219 1099 3841
17551 4 2 1 1 2805 3530 1099 3841
17552 4 2 1 1 1411 1362 1557 3092
17553 4 2 1 1 1452 1511 1453 2994
17554 4 2 1 1 1635 1634 1625 3675
17555 4 2 1 1 1883 3446 3681 3818
17556 4 2 1 1 2035 3269 3569 3684
17557 4 2 1 1 827 840 841 3594
17558 4 2 1 1 1464 1288 1462 3341
17559 4 2 1 1 2097 3539 2753 3878
17560 4 2 1 1 1213 1218 1129 3025
17561 4 2 1 1 1147 1011 1255 2994
17562 4 2 1 1 972 824 937 3745
17563 4 2 1 1 1244 3117 1151 3866
17564 4 2 1 1 1136 1164 1135 3616
17565 4 2 1 1 1517 1553 1298 3902
17566 4 2 1 1 255 246 245 2995
17567 4 2 1 1 880 871 869 3267
17568 4 2 1 1 324 331 202 3492
17569 4 2 1 1 2148 2178 1968 3844
17570 4 2 1 1 1384 1368 1510 3297
17571 4 2 1 1 627 665 626 3021
17572 4 2 1 1 3843 2453 2098 2810
17573 4 2 1 1 1730 1586 1646 3707
17574 4 2 1 1 479 700 695 3306
17575 4 2 1 1 1614 1608 1615 3030
17576 4 2 1 1 3176 751 933 131
17577 4 2 1 1 3843 2098 2453 2046
17578 4 2 1 1 520 519 513 3031
17579 4 2 1 1 1362 1413 1529 3565
17580 4 2 1 1 372 233 239 3167
17581 4 2 1 1 3212 3769 2180 3864
17582 4 2 1 1 942 958 914 3633
17583 4 2 1 1 1092 1081 1093 3868
17584 4 2 1 1 1456 1400 1527 2435
17585 4 2 1 1 812 811 829 3406
17586 4 2 1 1 793 794 791 3011
17587 4 2 1 1 1968 3524 2263 3844
17588 4 2 1 1 666 488 490 3816
17589 4 2 1 1 589 577 579 2910
17590 4 2 1 1 2633 2180 3769 3864
17591 4 2 1 1 3933 192 4016 17
17592 4 2 1 1 619 623 620 3180
17593 4 2 1 1 865 891 993 3438
17594 4 2 1 1 248 412 379 3510
17595 4 2 1 1 847 874 873 3455
17596 4 2 1 1 1841 3618 2848 2429
17597 4 2 1 1 1598 1601 1731 3892
17598 4 2 1 1 421 347 424 2337
17599 4 2 1 1 2322 3681 3446 3818
17600 4 2 1 1 2106 3703 2804 3794
17601 4 2 1 1 370 369 439 3147
17602 4 2 1 1 1693 1682 1571 3737
17603 4 2 1 1 3965 209 456 3431
17604 4 2 1 1 873 874 1007 3455
17605 4 2 1 1 180 1264 1012 3497
17606 4 2 1 1 1202 1019 1201 3147
17607 4 2 1 1 3966 998 158 758
17608 4 2 1 1 860 965 961 3858
17609 4 2 1 1 779 777 781 3018
17610 4 2 1 1 644 569 568 3419
17611 4 2 1 1 758 3559 884 3649
17612 4 2 1 1 744 991 134 3856
17613 4 2 1 1 3330 3504 2433 3625
17614 4 2 1 1 3611 3861 3788 2736
17615 4 2 1 1 3940 456 202 3431
17616 4 2 1 1 2919 3775 3694 1641
17617 4 2 1 1 265 266 256 2890
17618 4 2 1 1 2082 3230 2567 3716
17619 4 2 1 1 1018 4000 177 1196
17620 4 2 1 1 2558 3273 3547 3676
17621 4 2 1 1 3694 3775 2919 2142
17622 4 2 1 1 1018 4000 1196 2897
17623 4 2 1 1 1390 1372 1366 2397
17624 4 2 1 1 302 321 329 3752
17625 4 2 1 1 2018 3530 2805 3841
17626 4 2 1 1 838 960 943 3138
17627 4 2 1 1 778 959 953 3666
17628 4 2 1 1 1782 1784 1762 3222
17629 4 2 1 1 1186 1110 1230 3219
17630 4 2 1 1 1820 1688 1680 3321
17631 4 2 1 1 1107 1106 1093 3868
17632 4 2 1 1 1092 1106 1124 3868
17633 4 2 1 1 1193 1138 1224 3272
17634 4 2 1 1 897 3962 149 3333
17635 4 2 1 1 1739 4031 152 3956
17636 4 2 1 1 657 614 612 2935
17637 4 2 1 1 191 47 433 3959
17638 4 2 1 1 673 636 511 3658
17639 4 2 1 1 1862 3364 3685 3867
17640 4 2 1 1 1004 3420 835 3668
17641 4 2 1 1 643 644 713 2288
17642 4 2 1 1 652 684 650 3218
17643 4 2 1 1 1348 1366 1349 3533
17644 4 2 1 1 787 783 786 3447
17645 4 2 1 1 435 287 397 3481
17646 4 2 1 1 1341 1476 1438 3387
17647 4 2 1 1 1430 1314 1312 2466
17648 4 2 1 1 3933 192 17 434
17649 4 2 1 1 240 244 3410 3860
17650 4 2 1 1 1186 3993 1170 2339
17651 4 2 1 1 456 323 202 3431
17652 4 2 1 1 1946 3822 3520 2735
17653 4 2 1 1 2213 3810 3163 3890
17654 4 2 1 1 1368 1379 1510 3297
17655 4 2 1 1 660 611 687 3172
17656 4 2 1 1 1220 1128 1223 3690
17657 4 2 1 1 531 692 653 3095
17658 4 2 1 1 911 3856 135 991
17659 4 2 1 1 965 967 855 3880
17660 4 2 1 1 240 244 250 3410
17661 4 2 1 1 1593 1594 1595 3475
17662 4 2 1 1 592 699 694 3397
17663 4 2 1 1 1868 3534 2866 3712
17664 4 2 1 1 1676 1695 1696 2986
17665 4 2 1 1 1841 2106 2952 3618
17666 4 2 1 1 2233 3480 2732 3797
17667 4 2 1 1 293 422 389 3879
17668 4 2 1 1 381 254 344 3516
17669 4 2 1 1 635 493 491 2451
17670 4 2 1 1 226 229 228 3432
17671 4 2 1 1 901 905 900 2918
17672 4 2 1 1 601 581 600 3893
17673 4 2 1 1 1322 1325 1324 3034
17674 4 2 1 1 2982 195 377 13
17675 4 2 1 1 1747 1779 1745 3271
17676 4 2 1 1 897 3962 3333 3603
17677 4 2 1 1 2060 2657 3808 3810
17678 4 2 1 1 1750 1623 1609 3466
17679 4 2 1 1 1186 3993 2339 3359
17680 4 2 1 1 2632 602 2731 100
17681 4 2 1 1 230 229 232 3606
17682 4 2 1 1 1494 1478 1329 3660
17683 4 2 1 1 838 914 958 3633
17684 4 2 1 1 646 504 626 3327
17685 4 2 1 1 2436 3504 3330 3625
17686 4 2 1 1 618 613 528 3216
17687 4 2 1 1 3965 209 67 456
17688 4 2 1 1 972 879 883 3433
17689 4 2 1 1 1599 1602 1601 3525
17690 4 2 1 1 936 3964 741 3799
17691 4 2 1 1 747 984 973 2982
17692 4 2 1 1 2468 3589 1996 1915
17693 4 2 1 1 2214 3576 3146 3735
17694 4 2 1 1 1135 1164 1232 3616
17695 4 2 1 1 3003 3734 2124 2708
17696 4 2 1 1 2405 2734 2466 3781
17697 4 2 1 1 2523 2175 3101 3839
17698 4 2 1 1 874 933 760 3176
17699 4 2 1 1 3965 1540 1302 68
17700 4 2 1 1 3959 1274 1275 47
17701 4 2 1 1 2982 195 13 4017
17702 4 2 1 1 2901 3585 2117 3843
17703 4 2 1 1 3520 3822 1946 2640
17704 4 2 1 1 2574 3829 3458 3872
17705 4 2 1 1 596 4032 727 3928
17706 4 2 1 1 1218 1069 1086 3728
17707 4 2 1 1 235 227 231 3109
17708 4 2 1 1 1898 3760 3302 3774
17709 4 2 1 1 1773 1636 1620 3367
17710 4 2 1 1 1711 1717 1729 2249
17711 4 2 1 1 1437 1341 1438 3387
17712 4 2 1 1 1372 1390 1461 2397
17713 4 2 1 1 595 576 603 3632
17714 4 2 1 1 3054 2224 3273 3676
17715 4 2 1 1 1286 1427 1426 3157
17716 4 2 1 1 98 3945 97 1796
17717 4 2 1 1 551 635 491 3762
17718 4 2 1 1 1117 1118 1120 2978
17719 4 2 1 1 1620 1636 1633 3367
17720 4 2 1 1 583 584 732 3541
17721 4 2 1 1 361 219 257 3725
17722 4 2 1 1 601 600 586 2989
17723 4 2 1 1 2273 3259 3544 2334
17724 4 2 1 1 1610 1605 1604 3857
17725 4 2 1 1 3269 3513 2035 3569
17726 4 2 1 1 2245 2811 2047 3795
17727 4 2 1 1 3619 3791 3182 2329
17728 4 2 1 1 634 616 622 3178
17729 4 2 1 1 893 845 841 3545
17730 4 2 1 1 3192 2543 2819 2143
17731 4 2 1 1 2091 3038 3598 3657
17732 4 2 1 1 1631 1701 1645 3798
17733 4 2 1 1 2147 3836 2975 3848
17734 4 2 1 1 596 580 728 3741
17735 4 2 1 1 1652 1641 1653 3775
17736 4 2 1 1 1109 1086 1085 3340
17737 4 2 1 1 3182 3791 3619 1882
17738 4 2 1 1 2170 3146 3576 3735
17739 4 2 1 1 914 765 763 3571
17740 4 2 1 1 1560 1684 1802 3852
17741 4 2 1 1 1438 1487 1439 3679
17742 4 2 1 1 1877 2909 3524 3729
17743 4 2 1 1 266 396 256 3800
17744 4 2 1 1 3192 2819 2543 1884
17745 4 2 1 1 3851 443 4020 15
17746 4 2 1 1 2390 1923 3131 3879
17747 4 2 1 1 445 205 367 3452
17748 4 2 1 1 1409 1433 1548 3700
17749 4 2 1 1 2391 1924 3130 3880
17750 4 2 1 1 680 649 684 3212
17751 4 2 1 1 788 796 785 3171
17752 4 2 1 1 1116 3388 1246 3770
17753 4 2 1 1 1092 1093 1106 3868
17754 4 2 1 1 1599 1741 1602 3525
17755 4 2 1 1 3147 193 43 369
17756 4 2 1 1 1578 3628 1683 2788
17757 4 2 1 1 1740 1792 1793 3548
17758 4 2 1 1 1666 1701 1702 3170
17759 4 2 1 1 1202 1245 1019 3147
17760 4 2 1 1 1597 1596 1600 3243
17761 4 2 1 1 1745 1744 1743 3869
17762 4 2 1 1 1319 1331 3836 3848
17763 4 2 1 1 580 581 561 3741
17764 4 2 1 1 1160 1126 1162 3370
17765 4 2 1 1 927 774 926 3792
17766 4 2 1 1 399 289 268 3890
17767 4 2 1 1 1897 3236 3709 2659
17768 4 2 1 1 429 198 318 3080
17769 4 2 1 1 2963 2349 3612 1863
17770 4 2 1 1 829 871 939 3267
17771 4 2 1 1 820 852 834 3652
17772 4 2 1 1 600 473 586 3473
17773 4 2 1 1 2089 3612 3208 1863
17774 4 2 1 1 1775 1779 1719 3056
17775 4 2 1 1 2523 3101 3488 3839
17776 4 2 1 1 3964 4031 3799 936
17777 4 2 1 1 2632 733 101 478
17778 4 2 1 1 748 3008 4023 3801
17779 4 2 1 1 3231 3364 2088 3685
17780 4 2 1 1 587 588 597 3602
17781 4 2 1 1 1160 1024 1194 3048
17782 4 2 1 1 346 2769 345 2457
17783 4 2 1 1 1301 1304 1485 3554
17784 4 2 1 1 1046 1199 1198 3175
17785 4 2 1 1 295 280 297 3609
17786 4 2 1 1 2137 3396 2953 2412
17787 4 2 1 1 2144 3670 3096 3681
17788 4 2 1 1 966 866 831 3061
17789 4 2 1 1 200 368 423 3519
17790 4 2 1 1 271 3213 283 272
17791 4 2 1 1 3176 751 131 4037
17792 4 2 1 1 1767 3003 1618 1763
17793 4 2 1 1 804 808 805 3374
17794 4 2 1 1 2422 3741 3320 3893
17795 4 2 1 1 2018 3099 3530 3841
17796 4 2 1 1 789 954 963 3711
17797 4 2 1 1 1414 1413 1412 3215
17798 4 2 1 1 1094 1125 1100 3532
17799 4 2 1 1 3958 4035 3373 470
17800 4 2 1 1 2398 3598 3038 3657
17801 4 2 1 1 2027 3593 3254 3887
17802 4 2 1 1 2006 3361 3008 3778
17803 4 2 1 1 2008 2850 2716 2430
17804 4 2 1 1 1061 1235 1226 3874
17805 4 2 1 1 980 741 878 3799
17806 4 2 1 1 789 918 771 3885
17807 4 2 1 1 1391 1430 1480 2734
17808 4 2 1 1 2038 2590 3286 3840
17809 4 2 1 1 1367 1366 1372 3624
17810 4 2 1 1 327 307 435 3265
17811 4 2 1 1 1527 1461 1470 2435
17812 4 2 1 1 1021 1153 1159 3356
17813 4 2 1 1 1444 1445 1383 3467
17814 4 2 1 1 2912 1859 2369 2200
17815 4 2 1 1 1678 3798 1645 3498
17816 4 2 1 1 1385 1374 1361 3817
17817 4 2 1 1 1640 1652 1742 3775
17818 4 2 1 1 893 986 845 3545
17819 4 2 1 1 1767 1763 1778 2708
17820 4 2 1 1 269 293 387 3793
17821 4 2 1 1 271 3213 272 3687
17822 4 2 1 1 949 796 813 3899
17823 4 2 1 1 1032 159 2802 1268
17824 4 2 1 1 2060 3808 2767 3810
17825 4 2 1 1 382 3255 440 3582
17826 4 2 1 1 1713 1754 1714 3779
17827 4 2 1 1 2157 2955 2101 3842
17828 4 2 1 1 1813 1723 1725 3363
17829 4 2 1 1 1176 1174 1278 2750
17830 4 2 1 1 827 803 840 3594
17831 4 2 1 1 986 3545 740 2693
17832 4 2 1 1 1364 1381 1382 3859
17833 4 2 1 1 1137 1265 1163 3196
17834 4 2 1 1 682 677 658 3426
17835 4 2 1 1 1789 1687 1794 3509
17836 4 2 1 1 1215 1039 1041 3396
17837 4 2 1 1 1349 1366 1367 3533
17838 4 2 1 1 1678 1679 1827 3498
17839 4 2 1 1 260 275 262 3227
17840 4 2 1 1 1717 1752 1751 2416
17841 4 2 1 1 1703 1667 1831 3112
17842 4 2 1 1 1055 1222 1059 3888
17843 4 2 1 1 2785 3777 2237 3859
17844 4 2 1 1 4018 457 62 371
17845 4 2 1 1 801 807 806 2356
17846 4 2 1 1 1235 1133 1226 3874
17847 4 2 1 1 271 265 278 3687
17848 4 2 1 1 1687 1686 1685 3509
17849 4 2 1 1 1624 1757 1632 3581
17850 4 2 1 1 1371 1340 1505 2357
17851 4 2 1 1 326 3454 312 2680
17852 4 2 1 1 1228 1225 1216 3288
17853 4 2 1 1 1719 1718 1714 3724
17854 4 2 1 1 771 773 772 3357
17855 4 2 1 1 1133 1132 1134 3815
17856 4 2 1 1 360 348 342 3255
17857 4 2 1 1 1895 3325 3669 3720
17858 4 2 1 1 1553 1457 1456 3902
17859 4 2 1 1 3023 3578 2150 3686
17860 4 2 1 1 398 291 289 3591
17861 4 2 1 1 233 230 232 3606
17862 4 2 1 1 1695 1676 1699 3603
17863 4 2 1 1 245 402 263 3847
17864 4 2 1 1 1637 1768 1613 3445
17865 4 2 1 1 740 3545 986 893
17866 4 2 1 1 1109 1111 1144 2983
17867 4 2 1 1 1184 1124 1260 3587
17868 4 2 1 1 227 226 228 3432
17869 4 2 1 1 1319 1350 1331 3848
17870 4 2 1 1 565 672 563 2277
17871 4 2 1 1 571 2842 569 2830
17872 4 2 1 1 3744 2715 2948 3507
17873 4 2 1 1 1529 1355 1356 3565
17874 4 2 1 1 3208 3612 2349 1863
17875 4 2 1 1 1153 1211 1140 3121
17876 4 2 1 1 1287 1433 1405 3856
17877 4 2 1 1 946 814 797 3450
17878 4 2 1 1 725 734 593 3430
17879 4 2 1 1 493 635 531 2451
17880 4 2 1 1 1334 1488 1323 3311
17881 4 2 1 1 633 632 583 3373
17882 4 2 1 1 882 883 879 3433
17883 4 2 1 1 1686 1802 1684 3852
17884 4 2 1 1 1659 1761 1585 3898
17885 4 2 1 1 361 217 219 3725
17886 4 2 1 1 1385 1501 1396 3903
17887 4 2 1 1 138 979 139 3801
17888 4 2 1 1 613 657 612 2935
17889 4 2 1 1 468 664 666 3294
17890 4 2 1 1 1243 1244 1151 3866
17891 4 2 1 1 887 2966 749 21
17892 4 2 1 1 3739 903 973 2410
17893 4 2 1 1 564 666 490 3814
17894 4 2 1 1 578 686 579 3494
17895 4 2 1 1 1308 1472 1503 3740
17896 4 2 1 1 1267 3944 1247 173
17897 4 2 1 1 1775 1632 1757 3581
17898 4 2 1 1 853 822 828 3805
17899 4 2 1 1 736 3541 584 608
17900 4 2 1 1 349 346 351 3214
17901 4 2 1 1 1595 1594 1596 2144
17902 4 2 1 1 1420 1528 1543 2956
17903 4 2 1 1 1326 1478 1324 3693
17904 4 2 1 1 1121 1150 1252 3402
17905 4 2 1 1 1556 1434 1405 3369
17906 4 2 1 1 1888 3277 3585 3809
17907 4 2 1 1 1831 1682 1693 3737
17908 4 2 1 1 579 686 692 3494
17909 4 2 1 1 402 344 385 3723
17910 4 2 1 1 546 558 557 3552
17911 4 2 1 1 849 3330 848 2161
17912 4 2 1 1 148 1568 1699 3603
17913 4 2 1 1 599 585 586 3134
17914 4 2 1 1 4009 4029 2802 448
17915 4 2 1 1 2005 2101 3574 3748
17916 4 2 1 1 1035 1036 1037 3854
17917 4 2 1 1 671 559 561 3550
17918 4 2 1 1 597 483 730 3343
17919 4 2 1 1 1635 1625 1765 3675
17920 4 2 1 1 1810 1789 1724 3389
17921 4 2 1 1 311 296 319 3377
17922 4 2 1 1 792 791 790 3518
17923 4 2 1 1 1254 1139 1196 2897
17924 4 2 1 1 744 134 133 3856
17925 4 2 1 1 1867 3742 2871 3821
17926 4 2 1 1 196 4034 457 63
17927 4 2 1 1 1151 1244 1155 3117
17928 4 2 1 1 1500 1475 1447 3414
17929 4 2 1 1 1558 1786 1788 3497
17930 4 2 1 1 451 207 325 3072
17931 4 2 1 1 3744 2948 2715 2119
17932 4 2 1 1 412 418 379 3510
17933 4 2 1 1 979 921 748 3801
17934 4 2 1 1 799 812 822 3440
17935 4 2 1 1 536 549 534 3697
17936 4 2 1 1 957 795 799 3835
17937 4 2 1 1 1601 1606 1731 3892
17938 4 2 1 1 1629 2790 1644 1769
17939 4 2 1 1 3964 741 153 936
17940 4 2 1 1 544 565 563 2277
17941 4 2 1 1 1252 1208 1120 3384
17942 4 2 1 1 289 291 270 3591
17943 4 2 1 1 395 335 288 3583
17944 4 2 1 1 499 501 500 2145
17945 4 2 1 1 4021 4038 2620 1270
17946 4 2 1 1 447 2768 211 9
17947 4 2 1 1 2669 1815 1735 174
17948 4 2 1 1 3946 210 38 449
17949 4 2 1 1 98 723 484 2620
17950 4 2 1 1 2390 4025 3271 419
17951 4 2 1 1 1603 1609 1606 3305
17952 4 2 1 1 954 861 963 3711
17953 4 2 1 1 1249 174 1269 2669
17954 4 2 1 1 2043 3492 3157 2355
17955 4 2 1 1 1442 1441 1439 3136
17956 4 2 1 1 856 941 946 3284
17957 4 2 1 1 764 763 765 3571
17958 4 2 1 1 1357 1353 1496 3546
17959 4 2 1 1 1177 1274 1173 3620
17960 4 2 1 1 778 918 959 3666
17961 4 2 1 1 1903 2032 3612 3763
17962 4 2 1 1 1177 1172 1142 3620
17963 4 2 1 1 1742 1807 1743 3211
17964 4 2 1 1 3955 720 83 700
17965 4 2 1 1 4001 723 701 113
17966 4 2 1 1 648 647 712 3209
17967 4 2 1 1 567 543 661 3825
17968 4 2 1 1 240 237 244 3860
17969 4 2 1 1 1318 1319 1317 3836
17970 4 2 1 1 1030 188 4021 1270
17971 4 2 1 1 1546 1287 134 3856
17972 4 2 1 1 483 128 3963 722
17973 4 2 1 1 532 518 524 3482
17974 4 2 1 1 139 979 748 3801
17975 4 2 1 1 581 580 596 3741
17976 4 2 1 1 3946 4040 2669 449
17977 4 2 1 1 3955 720 700 2788
17978 4 2 1 1 4001 723 113 4038
17979 4 2 1 1 2620 1818 1796 98
17980 4 2 1 1 1267 3944 173 4022
17981 4 2 1 1 994 157 758 3649
17982 4 2 1 1 673 683 636 3658
17983 4 2 1 1 1904 2567 3230 3716
17984 4 2 1 1 852 932 834 2922
17985 4 2 1 1 1424 1387 1375 3811
17986 4 2 1 1 1523 1552 1415 3416
17987 4 2 1 1 604 473 600 3473
17988 4 2 1 1 1355 1353 1354 3217
17989 4 2 1 1 276 275 309 3863
17990 4 2 1 1 1329 1501 1494 3660
17991 4 2 1 1 1531 1421 1442 3586
17992 4 2 1 1 498 679 668 3394
17993 4 2 1 1 373 271 278 3687
17994 4 2 1 1 1262 1238 1138 3448
17995 4 2 1 1 1653 1681 1680 2985
17996 4 2 1 1 3008 3778 3361 3801
17997 4 2 1 1 1515 1554 1474 3343
17998 4 2 1 1 587 598 736 3674
17999 4 2 1 1 391 353 352 3819
18000 4 2 1 1 3952 997 23 759
18001 4 2 1 1 317 316 315 3289
18002 4 2 1 1 1790 1793 1716 3630
18003 4 2 1 1 1356 1355 1354 3766
18004 4 2 1 1 2256 3626 3263 3719
18005 4 2 1 1 617 663 615 3376
18006 4 2 1 1 1344 1336 1335 3562
18007 4 2 1 1 581 601 709 3893
18008 4 2 1 1 1664 1738 1668 3350
18009 4 2 1 1 444 206 356 3607
18010 4 2 1 1 1068 1221 1085 3833
18011 4 2 1 1 454 306 322 3245
18012 4 2 1 1 589 591 707 3359
18013 4 2 1 1 585 593 570 3430
18014 4 2 1 1 196 4034 63 3961
18015 4 2 1 1 1330 1471 1342 3465
18016 4 2 1 1 1674 1684 1672 3063
18017 4 2 1 1 1656 1766 1654 3564
18018 4 2 1 1 920 152 936 3956
18019 4 2 1 1 2788 720 640 84
18020 4 2 1 1 2731 1267 1029 99
18021 4 2 1 1 752 890 888 3257
18022 4 2 1 1 3966 998 758 2788
18023 4 2 1 1 617 698 697 3732
18024 4 2 1 1 1116 1246 1129 3770
18025 4 2 1 1 341 259 387 3393
18026 4 2 1 1 1073 1072 1078 2351
18027 4 2 1 1 1081 1217 1093 3346
18028 4 2 1 1 845 848 846 3330
18029 4 2 1 1 800 806 906 3671
18030 4 2 1 1 406 350 410 3592
18031 4 2 1 1 1766 1669 1654 3564
18032 4 2 1 1 1832 3639 3636 3641
18033 4 2 1 1 3636 3639 2378 3641
18034 4 2 1 1 1661 1662 1670 3638
18035 4 2 1 1 426 446 23 3952
18036 4 2 1 1 316 305 315 3289
18037 4 2 1 1 568 713 644 2288
18038 4 2 1 1 829 939 812 3406
18039 4 2 1 1 588 573 724 3602
18040 4 2 1 1 887 1008 881 3452
18041 4 2 1 1 854 825 855 3477
18042 4 2 1 1 748 4023 139 3801
18043 4 2 1 1 410 437 378 3851
18044 4 2 1 1 1429 1467 1299 3853
18045 4 2 1 1 1478 1477 1324 3693
18046 4 2 1 1 378 443 376 3851
18047 4 2 1 1 329 436 302 3752
18048 4 2 1 1 1289 1547 139 3801
18049 4 2 1 1 618 655 676 3807
18050 4 2 1 1 366 24 446 2538
18051 4 2 1 1 862 864 889 2180
18052 4 2 1 1 3936 721 485 69
18053 4 2 1 1 1644 1631 1645 3798
18054 4 2 1 1 3559 3628 2617 3649
18055 4 2 1 1 1514 1415 1552 3416
18056 4 2 1 1 2788 720 84 3987
18057 4 2 1 1 448 209 68 3965
18058 4 2 1 1 2731 722 99 602
18059 4 2 1 1 1316 1315 1314 3476
18060 4 2 1 1 709 561 581 3893
18061 4 2 1 1 39 4009 328 448
18062 4 2 1 1 1012 1264 1166 3497
18063 4 2 1 1 1438 1486 1487 3679
18064 4 2 1 1 575 691 566 3459
18065 4 2 1 1 249 398 394 3491
18066 4 2 1 1 1246 1175 1271 3388
18067 4 2 1 1 3954 995 975 143
18068 4 2 1 1 2788 3628 3559 3649
18069 4 2 1 1 1143 1211 1153 3121
18070 4 2 1 1 795 798 799 3835
18071 4 2 1 1 574 559 671 3550
18072 4 2 1 1 1454 1503 1472 3740
18073 4 2 1 1 1497 1505 1398 3830
18074 4 2 1 1 529 537 519 3615
18075 4 2 1 1 549 536 550 3697
18076 4 2 1 1 424 423 368 3519
18077 4 2 1 1 1304 1305 1485 3554
18078 4 2 1 1 324 310 331 3492
18079 4 2 1 1 1483 1437 1440 3897
18080 4 2 1 1 1358 1443 1361 3698
18081 4 2 1 1 1651 1672 1671 3691
18082 4 2 1 1 585 558 586 3134
18083 4 2 1 1 3954 995 143 4024
18084 4 2 1 1 1133 1134 1135 3815
18085 4 2 1 1 301 292 417 3531
18086 4 2 1 1 1753 1596 1594 2144
18087 4 2 1 1 1118 1114 1167 3441
18088 4 2 1 1 1005 930 873 3668
18089 4 2 1 1 1712 1793 1792 3548
18090 4 2 1 1 157 1825 1578 3649
18091 4 2 1 1 1456 1455 1400 3299
18092 4 2 1 1 1055 1052 1222 3888
18093 4 2 1 1 2538 1816 1580 24
18094 4 2 1 1 3936 721 69 4024
18095 4 2 1 1 1424 1375 1388 3811
18096 4 2 1 1 224 223 222 3667
18097 4 2 1 1 1179 1191 1082 3644
18098 4 2 1 1 313 314 299 3391
18099 4 2 1 1 447 2768 9 3976
18100 4 2 1 1 1543 1525 1421 3586
18101 4 2 1 1 858 819 817 3558
18102 4 2 1 1 1553 1456 1298 3902
18103 4 2 1 1 1504 1512 1510 3528
18104 4 2 1 1 1461 1527 1400 2435
18105 4 2 1 1 1352 1392 1495 3662
18106 4 2 1 1 479 695 719 3306
18107 4 2 1 1 1716 1814 1790 3630
18108 4 2 1 1 410 350 437 3592
18109 4 2 1 1 1302 1535 1425 3431
18110 4 2 1 1 837 902 872 3249
18111 4 2 1 1 3311 3730 2432 3764
18112 4 2 1 1 707 465 589 3359
18113 4 2 1 1 1319 1331 1317 3836
18114 4 2 1 1 534 535 527 3608
18115 4 2 1 1 1389 1305 1307 3342
18116 4 2 1 1 1678 1645 1679 3498
18117 4 2 1 1 441 318 198 3080
18118 4 2 1 1 295 297 298 3609
18119 4 2 1 1 1681 1696 1695 3694
18120 4 2 1 1 1729 1717 1809 2249
18121 4 2 1 1 940 881 1008 3395
18122 4 2 1 1 897 992 894 3333
18123 4 2 1 1 832 906 806 3671
18124 4 2 1 1 1509 1398 1505 3830
18125 4 2 1 1 4018 457 371 2987
18126 4 2 1 1 497 498 496 3521
18127 4 2 1 1 1783 1670 1791 3529
18128 4 2 1 1 532 661 543 3825
18129 4 2 1 1 1177 1173 1172 3620
18130 4 2 1 1 488 489 490 3816
18131 4 2 1 1 1147 1149 1105 3400
18132 4 2 1 1 501 499 658 2145
18133 4 2 1 1 1674 1673 1781 3295
18134 4 2 1 1 195 374 376 3739
18135 4 2 1 1 1628 1709 1710 3831
18136 4 2 1 1 225 227 384 3663
18137 4 2 1 1 826 964 950 3834
18138 4 2 1 1 1134 1237 1161 3595
18139 4 2 1 1 744 910 991 3856
18140 4 2 1 1 1691 1822 1699 3333
18141 4 2 1 1 718 628 630 3522
18142 4 2 1 1 902 837 844 3249
18143 4 2 1 1 869 871 829 3267
18144 4 2 1 1 961 819 860 3858
18145 4 2 1 1 961 825 818 3699
18146 4 2 1 1 1131 1231 1130 3650
18147 4 2 1 1 1531 1357 1496 3546
18148 4 2 1 1 587 573 588 3602
18149 4 2 1 1 1208 1192 1120 3384
18150 4 2 1 1 1150 1121 1123 3402
18151 4 2 1 1 1218 1220 1069 3728
18152 4 2 1 1 1720 1715 1718 3724
18153 4 2 1 1 667 666 564 3814
18154 4 2 1 1 572 571 569 2830
18155 4 2 1 1 1098 1099 1075 3841
18156 4 2 1 1 823 866 952 3300
18157 4 2 1 1 438 374 195 3739
18158 4 2 1 1 834 821 820 3652
18159 4 2 1 1 1042 1056 1044 3659
18160 4 2 1 1 234 237 240 3860
18161 4 2 1 1 721 3995 702 114
18162 4 2 1 1 821 835 836 3420
18163 4 2 1 1 487 630 628 3522
18164 4 2 1 1 1463 1464 1462 3341
18165 4 2 1 1 1777 1617 1781 2887
18166 4 2 1 1 1723 1582 1725 3363
18167 4 2 1 1 1105 1104 1147 3400
18168 4 2 1 1 852 935 912 3688
18169 4 2 1 1 3851 443 15 378
18170 4 2 1 1 258 269 387 3793
18171 4 2 1 1 1811 1690 1698 3314
18172 4 2 1 1 1745 1812 1747 3271
18173 4 2 1 1 672 523 668 3642
18174 4 2 1 1 442 45 329 3967
18175 4 2 1 1 104 103 467 3924
18176 4 2 1 1 1016 163 164 3914
18177 4 2 1 1 3947 89 88 688
18178 4 2 1 1 822 853 917 3805
18179 4 2 1 1 73 74 469 3931
18180 4 2 1 1 414 29 28 4025
18181 4 2 1 1 157 3966 758 3649
18182 4 2 1 1 949 915 796 3899
18183 4 2 1 1 1179 1180 1148 3539
18184 4 2 1 1 716 467 595 3536
18185 4 2 1 1 1037 1186 1035 3854
18186 4 2 1 1 1362 1529 1356 3565
18187 4 2 1 1 717 652 650 3218
18188 4 2 1 1 3975 76 75 652
18189 4 2 1 1 31 30 189 4011
18190 4 2 1 1 1012 181 180 4004
18191 4 2 1 1 1450 1316 1481 3718
18192 4 2 1 1 4012 51 50 365
18193 4 2 1 1 367 21 20 2966
18194 4 2 1 1 846 895 842 3504
18195 4 2 1 1 178 179 3977 1169
18196 4 2 1 1 105 106 3983 603
18197 4 2 1 1 91 90 3926 463
18198 4 2 1 1 3973 166 165 1183
18199 4 2 1 1 1350 1351 1331 3848
18200 4 2 1 1 489 551 491 3762
18201 4 2 1 1 402 245 238 3847
18202 4 2 1 1 1022 186 185 3971
18203 4 2 1 1 170 171 1197 3909
18204 4 2 1 1 873 1004 835 3668
18205 4 2 1 1 1004 836 835 3420
18206 4 2 1 1 475 95 96 4008
18207 4 2 1 1 35 201 36 3920
18208 4 2 1 1 1469 1381 1343 3777
18209 4 2 1 1 1023 161 162 3986
18210 4 2 1 1 1013 184 183 3992
18211 4 2 1 1 447 3935 54 428
18212 4 2 1 1 1310 1311 1309 3701
18213 4 2 1 1 10 11 3943 380
18214 4 2 1 1 593 585 725 3430
18215 4 2 1 1 1246 1116 1175 3388
18216 4 2 1 1 1122 1242 1123 3838
18217 4 2 1 1 1762 1761 1659 3898
18218 4 2 1 1 307 327 326 3265
18219 4 2 1 1 1382 1381 1398 3859
18220 4 2 1 1 1794 1687 1685 3509
18221 4 2 1 1 1771 1754 1713 3779
18222 4 2 1 1 111 110 639 3990
18223 4 2 1 1 81 80 3910 641
18224 4 2 1 1 285 397 287 3481
18225 4 2 1 1 886 885 884 3559
18226 4 2 1 1 3906 115 116 481
18227 4 2 1 1 3915 94 93 468
18228 4 2 1 1 3993 108 109 703
18229 4 2 1 1 254 338 339 3773
18230 4 2 1 1 1518 1429 1299 3853
18231 4 2 1 1 870 869 830 3873
18232 4 2 1 1 1440 1464 1483 3897
18233 4 2 1 1 461 284 312 3454
18234 4 2 1 1 168 169 1251 3916
18235 4 2 1 1 33 194 34 3994
18236 4 2 1 1 79 78 3917 704
18237 4 2 1 1 1129 1086 1116 3770
18238 4 2 1 1 771 769 789 3885
18239 4 2 1 1 1249 175 174 2669
18240 4 2 1 1 1820 1829 1688 3321
18241 4 2 1 1 940 977 756 3705
18242 4 2 1 1 868 881 940 3395
18243 4 2 1 1 973 903 999 2410
18244 4 2 1 1 546 557 545 3552
18245 4 2 1 1 852 912 988 3688
18246 4 2 1 1 160 161 1205 3907
18247 4 2 1 1 897 148 149 3962
18248 4 2 1 1 330 58 59 3913
18249 4 2 1 1 177 178 3904 1018
18250 4 2 1 1 4000 176 177 1196
18251 4 2 1 1 4026 87 86 642
18252 4 2 1 1 1605 1610 1611 3857
18253 4 2 1 1 456 209 323 3431
18254 4 2 1 1 1337 1334 1336 3764
18255 4 2 1 1 323 314 313 3391
18256 4 2 1 1 721 3995 114 4024
18257 4 2 1 1 211 3935 428 460
18258 4 2 1 1 1354 1358 1356 3766
18259 4 2 1 1 145 146 756 3925
18260 4 2 1 1 275 358 309 3863
18261 4 2 1 1 424 347 343 2337
18262 4 2 1 1 3501 1886 2335 2420
18263 4 2 1 1 77 78 708 4039
18264 4 2 1 1 3938 140 141 925
18265 4 2 1 1 1207 1124 1184 3587
18266 4 2 1 1 997 4027 144 977
18267 4 2 1 1 1156 1157 1158 3483
18268 4 2 1 1 293 301 422 3879
18269 4 2 1 1 3048 101 478 2632
18270 4 2 1 1 1216 1047 1049 3850
18271 4 2 1 1 889 967 965 3880
18272 4 2 1 1 644 573 569 3419
18273 4 2 1 1 2802 160 159 1032
18274 4 2 1 1 3944 173 172 1247
18275 4 2 1 1 299 370 295 3623
18276 4 2 1 1 777 944 790 3768
18277 4 2 1 1 1243 1209 1244 3866
18278 4 2 1 1 3970 168 167 1255
18279 4 2 1 1 1323 1447 1322 3776
18280 4 2 1 1 503 504 506 3786
18281 4 2 1 1 638 92 93 3915
18282 4 2 1 1 707 108 107 4036
18283 4 2 1 1 884 994 758 3649
18284 4 2 1 1 376 410 378 3851
$EndElements
