$MeshFormat
2.2 0 8
$EndMeshFormat
$PhysicalNames
1
3 1 "tissue"
$EndPhysicalNames
$Nodes
1242
1 0 0 0.08
2 0 0 0
3 0 0.08 0.08
4 0 0.08 0
5 0.08 0 0.08
6 0.08 0 0
7 0.08 0.08 0.08
8 0.08 0.08 0
9 0 0 0.01142857142857141
10 0 0 0.0228571428571428
11 0 0 0.03428571428571419
12 0 0 0.04571428571428559
13 0 0 0.05714285714285704
14 0 0 0.06857142857142852
15 0 0.01142857142857141 0.08
16 0 0.0228571428571428 0.08
17 0 0.03428571428571419 0.08
18 0 0.04571428571428559 0.08
19 0 0.05714285714285704 0.08
20 0 0.06857142857142852 0.08
21 0 0.08 0.01142857142857141
22 0 0.08 0.0228571428571428
23 0 0.08 0.03428571428571419
24 0 0.08 0.04571428571428559
25 0 0.08 0.05714285714285704
26 0 0.08 0.06857142857142852
27 0 0.01142857142857141 0
28 0 0.0228571428571428 0
29 0 0.03428571428571419 0
30 0 0.04571428571428559 0
31 0 0.05714285714285704 0
32 0 0.06857142857142852 0
33 0.08 0 0.01142857142857141
34 0.08 0 0.0228571428571428
35 0.08 0 0.03428571428571419
36 0.08 0 0.04571428571428559
37 0.08 0 0.05714285714285704
38 0.08 0 0.06857142857142852
39 0.08 0.01142857142857141 0.08
40 0.08 0.0228571428571428 0.08
41 0.08 0.03428571428571419 0.08
42 0.08 0.04571428571428559 0.08
43 0.08 0.05714285714285704 0.08
44 0.08 0.06857142857142852 0.08
45 0.08 0.08 0.01142857142857141
46 0.08 0.08 0.0228571428571428
47 0.08 0.08 0.03428571428571419
48 0.08 0.08 0.04571428571428559
49 0.08 0.08 0.05714285714285704
50 0.08 0.08 0.06857142857142852
51 0.08 0.01142857142857141 0
52 0.08 0.0228571428571428 0
53 0.08 0.03428571428571419 0
54 0.08 0.04571428571428559 0
55 0.08 0.05714285714285704 0
56 0.08 0.06857142857142852 0
57 0.01142857142857141 0 0
58 0.0228571428571428 0 0
59 0.03428571428571419 0 0
60 0.04571428571428559 0 0
61 0.05714285714285704 0 0
62 0.06857142857142852 0 0
63 0.01142857142857141 0 0.08
64 0.0228571428571428 0 0.08
65 0.03428571428571419 0 0.08
66 0.04571428571428559 0 0.08
67 0.05714285714285704 0 0.08
68 0.06857142857142852 0 0.08
69 0.01142857142857141 0.08 0
70 0.0228571428571428 0.08 0
71 0.03428571428571419 0.08 0
72 0.04571428571428559 0.08 0
73 0.05714285714285704 0.08 0
74 0.06857142857142852 0.08 0
75 0.01142857142857141 0.08 0.08
76 0.0228571428571428 0.08 0.08
77 0.03428571428571419 0.08 0.08
78 0.04571428571428559 0.08 0.08
79 0.05714285714285704 0.08 0.08
80 0.06857142857142852 0.08 0.08
81 0 0.0397078969803599 0.009832045981348941
82 0 0.03991082957416321 0.06996909340914348
83 0 0.06921624058144235 0.03924814491767438
84 0 0.01120685053612115 0.03968654573665948
85 0 0.07039402435542953 0.06320420468348693
86 0 0.009703288536842608 0.06308249696987302
87 0 0.06282839513497147 0.009488627306479491
88 0 0.009598089394970158 0.01654597073959284
89 0 0.05142857142857132 0.07010256681389217
90 0 0.0457142857142856 0.0597102619684789
91 0 0.03384838301845384 0.05981975923737902
92 0 0.03958769659249584 0.04940432564319445
93 0 0.05116370123218368 0.04900858634418612
94 0 0.04534860916430506 0.03889412710546482
95 0 0.03344451914088176 0.0390853136494655
96 0 0.03925830571783796 0.02863176159473191
97 0 0.05125696558589867 0.02845299613481786
98 0 0.02804300904927047 0.02938806529837574
99 0 0.05897206539161659 0.05885885542793782
100 0 0.02812282878526878 0.04924077513744807
101 0 0.02082127870606096 0.05891345730927563
102 0 0.05689755261783871 0.03859768209204144
103 0 0.0629901695818809 0.02854029243690706
104 0 0.06995441594471659 0.05197938841745038
105 0 0.0284602610958897 0.07005643686851064
106 0 0.01003235824674879 0.05206831005203797
107 0 0.05127271696442129 0.009671900762647701
108 0 0.02822641417063546 0.009609657611929565
109 0 0.01026580922397711 0.02718579790453309
110 0 0.02297161907759245 0.03934165687184019
111 0 0.0629030431706587 0.07079595794201486
112 0 0.01708739004789642 0.07079104524167919
113 0 0.06996024316240905 0.01800232798405933
114 0 0.01714285714285711 0.009150185861511166
115 0 0.02070724111882383 0.02033914648231442
116 0 0.0572385231190382 0.01893970502505768
117 0 0.04512264828464785 0.01948208552543465
118 0 0.03312473359751197 0.0197153239904433
119 0 0.0611441653398111 0.04770798261846054
120 0 0.07260022603821104 0.02857142857142849
121 0 0.01863098707035843 0.04785014902145227
122 0 0.07169189411937073 0.07169189411937073
123 0 0.008308105880629199 0.008308105880629199
124 0 0.008308105880629212 0.07169189411937077
125 0 0.07169189411937078 0.008308105880629217
126 0 0.018638905801157 0.03118824245874458
127 0.08 0.0397078969803599 0.009832045981348932
128 0.08 0.03991082957416321 0.06996909340914348
129 0.08 0.06921624058144234 0.03924814491767438
130 0.08 0.01117452789189271 0.03972240442208787
131 0.08 0.07039402435542953 0.06320420468348693
132 0.08 0.009703288536842606 0.063082496969873
133 0.08 0.06282839513497147 0.009488627306479491
134 0.08 0.01649709664477618 0.00960128498567212
135 0.08 0.05142857142857132 0.07010256681389217
136 0.08 0.0457142857142856 0.0597102619684789
137 0.08 0.03384838301845383 0.05981975923737903
138 0.08 0.03958769659249583 0.04940432564319445
139 0.08 0.05116370123218369 0.04900858634418612
140 0.08 0.04534860916430506 0.03889412710546482
141 0.08 0.03344451914088176 0.03908531364946549
142 0.08 0.03925830571783797 0.02863176159473192
143 0.08 0.05125696558589867 0.02845299613481788
144 0.08 0.02733625583180682 0.02940709793755109
145 0.08 0.0589720653916166 0.05885885542793782
146 0.08 0.02812282878526878 0.04924077513744807
147 0.08 0.02082127870606096 0.05891345730927563
148 0.08 0.05689755261783871 0.03859768209204145
149 0.08 0.0629901695818809 0.02854029243690707
150 0.08 0.06995441594471659 0.05197938841745038
151 0.08 0.0284602610958897 0.07005643686851064
152 0.08 0.01002697113937738 0.05207428649960936
153 0.08 0.05127271696442129 0.009671900762647699
154 0.08 0.009552562627620562 0.02788291119667579
155 0.08 0.02752328827247985 0.01023466144365049
156 0.08 0.02281073001571059 0.03939264055894062
157 0.08 0.0629030431706587 0.07079595794201486
158 0.08 0.01708739004789641 0.07079104524167919
159 0.08 0.06996024316240905 0.01800232798405934
160 0.08 0.009150185861511164 0.01714285714285711
161 0.08 0.0572385231190382 0.01893970502505768
162 0.08 0.04512264828464785 0.01948208552543465
163 0.08 0.03293592339275107 0.01997449436452594
164 0.08 0.01975375878858555 0.02118361430726273
165 0.08 0.06114416533981109 0.04770798261846054
166 0.08 0.07260022603821104 0.0285714285714285
167 0.08 0.01859126730766208 0.04786871278547231
168 0.08 0.07169189411937073 0.07169189411937073
169 0.08 0.008308105880629198 0.008308105880629198
170 0.08 0.008308105880629212 0.07169189411937078
171 0.08 0.07169189411937078 0.008308105880629217
172 0.08 0.01818212409164388 0.03137839113687806
173 0.009832045981348932 0 0.0397078969803599
174 0.06996909340914348 0 0.03991082957416321
175 0.03924814491767438 0 0.06921624058144234
176 0.03972240442208787 0 0.01117452789189271
177 0.07068660943097407 0 0.062877851865708
178 0.063082496969873 0 0.009703288536842606
179 0.00960128498567212 0 0.01649709664477618
180 0.009488627306479491 0 0.06282839513497149
181 0.06997233626733922 0 0.05149044263413852
182 0.0596970909540834 0 0.04569615646361264
183 0.0598175640683131 0 0.033845361476675
184 0.04940176461261755 0 0.03958417146042053
185 0.04899386268589632 0 0.05113842607695233
186 0.03889124632398704 0 0.04534380911642062
187 0.0390844066807897 0 0.03344313161088847
188 0.02863176159473192 0 0.03925830571783797
189 0.02845299613481788 0 0.05125696558589867
190 0.02940702081436437 0 0.02733613784456249
191 0.04923983127606163 0 0.02812150641796087
192 0.05891300887635385 0 0.02082065814761999
193 0.03859474801874685 0 0.05689254008398609
194 0.0285398034246913 0 0.06298933415957214
195 0.05876337089178109 0 0.0590427747618005
196 0.05190563069036689 0 0.07004216580359045
197 0.07005632217662933 0 0.02846010308446131
198 0.009671900762647699 0 0.05127271696442129
199 0.05207421176078907 0 0.01002686771297056
200 0.02788291119667579 0 0.009552562627620562
201 0.01023466144365049 0 0.02752328827247985
202 0.03939231923339913 0 0.02281025870161967
203 0.06285714285714276 0 0.07084981413848877
204 0.07079102081067809 0 0.01708735626987556
205 0.01800227808485364 0 0.06996015791523469
206 0.01714285714285711 0 0.009150185861511164
207 0.01893961520648744 0 0.05723836967412435
208 0.01948208552543465 0 0.04512264828464785
209 0.01997448151066149 0 0.03293590372821035
210 0.02118360512593098 0 0.01975374474248504
211 0.04770798261846054 0 0.06114416533981109
212 0.0285714285714285 0 0.07260022603821104
213 0.04786835511373832 0 0.01859076377441276
214 0.07169189411937073 0 0.07169189411937073
215 0.008308105880629198 0 0.008308105880629198
216 0.07169189411937078 0 0.008308105880629212
217 0.008308105880629205 0 0.0716918941193708
218 0.03137833290401236 0 0.01818203789915306
219 0.009832045981348932 0.08 0.0397078969803599
220 0.06996909340914348 0.08 0.03991082957416321
221 0.03924814491767438 0.08 0.06921624058144234
222 0.03972240442208787 0.08 0.01117452789189271
223 0.07068660943097407 0.08 0.062877851865708
224 0.009488627306479491 0.08 0.06282839513497147
225 0.063082496969873 0.08 0.009703288536842606
226 0.00960128498567212 0.08 0.01649709664477618
227 0.06997233626733922 0.08 0.05149044263413852
228 0.0596970909540834 0.08 0.04569615646361264
229 0.0598175640683131 0.08 0.033845361476675
230 0.04940176461261755 0.08 0.03958417146042053
231 0.04899386268589632 0.08 0.05113842607695233
232 0.03889124632398704 0.08 0.04534380911642062
233 0.0390844066807897 0.08 0.03344313161088847
234 0.02863176159473192 0.08 0.03925830571783797
235 0.02845299613481788 0.08 0.05125696558589867
236 0.02940702081436437 0.08 0.02733613784456249
237 0.04923983127606163 0.08 0.02812150641796087
238 0.05891300887635385 0.08 0.02082065814761999
239 0.03859474801874685 0.08 0.05689254008398609
240 0.0285398034246913 0.08 0.06298933415957214
241 0.05876337089178109 0.08 0.0590427747618005
242 0.05190563069036689 0.08 0.07004216580359045
243 0.07005632217662933 0.08 0.02846010308446131
244 0.009671900762647699 0.08 0.05127271696442129
245 0.05207421176078907 0.08 0.01002686771297056
246 0.02788291119667579 0.08 0.009552562627620562
247 0.01023466144365049 0.08 0.02752328827247985
248 0.03939231923339913 0.08 0.02281025870161967
249 0.06285714285714276 0.08 0.07084981413848877
250 0.07079102081067809 0.08 0.01708735626987556
251 0.01800227808485365 0.08 0.06996015791523469
252 0.01714285714285711 0.08 0.009150185861511164
253 0.01893961520648744 0.08 0.05723836967412435
254 0.01948208552543465 0.08 0.04512264828464785
255 0.01997448151066149 0.08 0.03293590372821035
256 0.02118360512593098 0.08 0.01975374474248504
257 0.04770798261846054 0.08 0.06114416533981109
258 0.0285714285714285 0.08 0.07260022603821104
259 0.04786835511373832 0.08 0.01859076377441276
260 0.07169189411937073 0.08 0.07169189411937073
261 0.008308105880629198 0.08 0.008308105880629198
262 0.07169189411937078 0.08 0.008308105880629212
263 0.008308105880629217 0.08 0.07169189411937078
264 0.03137833290401236 0.08 0.01818203789915306
265 0.03943331075556521 0.009492155551535745 0
266 0.03915243641840017 0.07030948657323116 0
267 0.070011561774148 0.03999205210427897 0
268 0.01079422209908245 0.03943841045613597 0
269 0.06270925971156938 0.07156347713334991 0
270 0.008825650285611365 0.06273254919550963 0
271 0.06331969633096451 0.009695570213452635 0
272 0.01660130192880547 0.009455985449048843 0
273 0.0698566042382669 0.05120834144501353 0
274 0.05993191988496608 0.04511136292169418 0
275 0.06040469309674873 0.03436272378048989 0
276 0.05103240678912552 0.03980002701160393 0
277 0.05051418887605012 0.04982726496482842 0
278 0.04264820194473798 0.04447668937515036 0
279 0.04297192955716271 0.03531230491275924 0
280 0.035031379386208 0.03977907049486764 0
281 0.03452580840698686 0.0486190129264974 0
282 0.03491270030964887 0.0303204300014872 0
283 0.04260806906322623 0.02660229951653333 0
284 0.02725321925213164 0.03496833915593113 0
285 0.0267276856341082 0.02702080518548046 0
286 0.05946032567224986 0.05554216753691639 0
287 0.01867494164152175 0.03088781878891856 0
288 0.05019031360489971 0.05921915802188735 0
289 0.07024994693240935 0.02857758587360077 0
290 0.0596987405127085 0.02146940008549663 0
291 0.04214308914390743 0.0535287349333862 0
292 0.03374624243034904 0.06010801202240101 0
293 0.02610881198539223 0.05304978356287331 0
294 0.02492236795256604 0.06252270874146219 0
295 0.009437350349577718 0.05138485332669594 0
296 0.05110319265247151 0.01139671724068544 0
297 0.02766250613241106 0.009645929830275004 0
298 0.05113585781370231 0.02968123410845325 0
299 0.05009930786324217 0.02054064934383655 0
300 0.05066376113271746 0.06988857608883453 0
301 0.01851185268152457 0.02034861653454319 0
302 0.02688325277327954 0.04359954342403385 0
303 0.06861272523002238 0.0628249557098907 0
304 0.07082671298257552 0.01705606272314891 0
305 0.01750268178286047 0.06935320738963544 0
306 0.01848581915322305 0.04714983511859481 0
307 0.008910045227032308 0.02817857073838311 0
308 0.03387808594461475 0.01920136059607847 0
309 0.008718455183200951 0.01675940304492212 0
310 0.02869500170219775 0.07079147410520994 0
311 0.01754711358487181 0.05769882288912855 0
312 0.04212392532672327 0.06210834194165862 0
313 0.07179640890917879 0.07201991094282667 0
314 0.008308105880629212 0.07169189411937077 0
315 0.07169189411937078 0.008308105880629217 0
316 0.008287531261843369 0.008287531261843369 0
317 0.04342439325582397 0.0174466364497339 0
318 0.02041829098384769 0.03920878938872287 0
319 0.05702816805653617 0.06399026508596865 0
320 0.007837044522420759 0.04001509038513763 0.08
321 0.07066790696510883 0.03955667820431333 0.08
322 0.03779605640705649 0.07021976526103839 0.08
323 0.03831413691302005 0.0090021179433592 0.08
324 0.06209461019232482 0.07021163895049365 0.08
325 0.01025914630336324 0.06126074490187583 0.08
326 0.06067033255830318 0.010633165980946 0.08
327 0.01714285714285711 0.009897433186107836 0.08
328 0.05319891460642943 0.0702202451373711 0.08
329 0.04578071943551349 0.06240404211292291 0.08
330 0.05724171860160404 0.06241724469034195 0.08
331 0.06391381564345648 0.0614152327956031 0.08
332 0.06245928701635044 0.05347444440213146 0.08
333 0.05453956610542864 0.0539583018347704 0.08
334 0.05228206185665218 0.007585691758798065 0.08
335 0.04588846639630101 0.01701346408325489 0.08
336 0.05797955459930478 0.01806690688390088 0.08
337 0.06382983379477022 0.01886714097612152 0.08
338 0.06367633267142817 0.02701186066871757 0.08
339 0.05406266964859331 0.02701387882672588 0.08
340 0.008452536531242234 0.05288580814466835 0.08
341 0.01807574295621406 0.04536421107815571 0.08
342 0.01716404033556871 0.05798616301568485 0.08
343 0.0186065638025262 0.06393160943067612 0.08
344 0.02656881643382852 0.06275465094674548 0.08
345 0.02595175305069224 0.05359573743807292 0.08
346 0.03046137466048081 0.00882483233519224 0.08
347 0.02397064084176882 0.01844823097688033 0.08
348 0.03414556196201916 0.0150444550893185 0.08
349 0.009458042900166507 0.02664537892871396 0.08
350 0.01760746456070412 0.03428571428571418 0.08
351 0.07161842266426803 0.04972209055695804 0.08
352 0.0299282366140621 0.07137468997113136 0.08
353 0.07218208862084549 0.03004667414660428 0.08
354 0.009007098747690779 0.01720455387698176 0.08
355 0.0640143040293111 0.04525376941630824 0.08
356 0.06267262428219572 0.0385119262515269 0.08
357 0.05812848555928015 0.04250736785711137 0.08
358 0.05702093517773955 0.03705817330846893 0.08
359 0.05313627376467767 0.04047040702340714 0.08
360 0.05205804290786423 0.03552854680857163 0.08
361 0.04834666154162787 0.0389003488571773 0.08
362 0.04726456903506895 0.0340382975490372 0.08
363 0.04359358198086154 0.03742353833142297 0.08
364 0.04466321310099305 0.04227459602154861 0.08
365 0.03991576054398326 0.04080787091857552 0.08
366 0.03882765732866744 0.03593435642591809 0.08
367 0.0410095731730116 0.045686390034477 0.08
368 0.03514878278287142 0.03932043991360635 0.08
369 0.03405596324643371 0.03444246725163437 0.08
370 0.03773414825498151 0.03105580833514301 0.08
371 0.03037757205786742 0.03782912562093126 0.08
372 0.02928395886074562 0.03295043212877218 0.08
373 0.03147137292220022 0.04270796866722966 0.08
374 0.04571105041376284 0.04716113452683475 0.08
375 0.04210945669285198 0.050571499013018 0.08
376 0.03733634422383639 0.04907816946408597 0.08
377 0.03843084256686173 0.05395792920215052 0.08
378 0.02669938966069508 0.04121597641604376 0.08
379 0.05402591513974288 0.04556153406237086 0.08
380 0.02800211806616738 0.04599166564199088 0.08
381 0.04660698656500252 0.05211854459545839 0.08
382 0.03374177373992999 0.05239596058922606 0.08
383 0.03483403423862708 0.05730444228892782 0.08
384 0.03941382258025489 0.0586951707172875 0.08
385 0.0359804661019157 0.06278741158749111 0.08
386 0.05542350324530453 0.03198161355306234 0.08
387 0.05879966189604247 0.04830049932193597 0.08
388 0.02576344802250006 0.03630172562786926 0.08
389 0.0243431866128166 0.03113157459334867 0.08
390 0.02816202320576382 0.0280170963451529 0.08
391 0.0212721268241634 0.03949066113645906 0.08
392 0.02320925141289745 0.02521346892039272 0.08
393 0.02344046822972413 0.04519044541673783 0.08
394 0.02085829397465408 0.0490082693206593 0.08
395 0.01503779362779625 0.03991372947000242 0.08
396 0.03295752405534481 0.02955459908730761 0.08
397 0.03669379319312663 0.02623412954965244 0.08
398 0.04142124516279045 0.02767849594546445 0.08
399 0.0403189243398462 0.02279024002396412 0.08
400 0.04481877065914867 0.02456898283828469 0.08
401 0.04298672031137216 0.05527063684324743 0.08
402 0.04751281212751834 0.05741901496379367 0.08
403 0.03190689131067034 0.02480312453173927 0.08
404 0.03624119985292548 0.0441979671317138 0.08
405 0.03263050606042986 0.04750264679040431 0.08
406 0.04250418322339579 0.0325484454422129 0.08
407 0.04607349283214601 0.02922448907653197 0.08
408 0.05073695564029902 0.03060565255477107 0.08
409 0.02727326866338166 0.02324285653213314 0.08
410 0.01673514252043274 0.02094379453570828 0.08
411 0.04936206457845903 0.04385099037466055 0.08
412 0.05009139981531194 0.04871002887754614 0.08
413 0.06047778762846037 0.03289656693169907 0.08
414 0.04926270411241754 0.02569750923793969 0.08
415 0.05325887823875426 0.02189236848588384 0.08
416 0.02932777603179912 0.05074033796669156 0.08
417 0.01776662429600992 0.02920904714645759 0.08
418 0.02927235087206509 0.05652923197688722 0.08
419 0.0502721112854517 0.06305941232148411 0.08
420 0.04135220539015901 0.06364183571908 0.08
421 0.03172488487045898 0.06106717516424059 0.08
422 0.0544885680887827 0.04972043792382546 0.08
423 0.04055331936093059 0.01683445869353448 0.08
424 0.03571320803187498 0.02097941428322979 0.08
425 0.03048227847245345 0.01972757783773658 0.08
426 0.01585127162311321 0.05162478037456183 0.08
427 0.0660498021683151 0.03347143715293389 0.08
428 0.07096168080745383 0.0106710150160738 0.08
429 0.01056524887421079 0.07107704547070025 0.08
430 0.07121305738790513 0.0695168481011202 0.08
431 0.008366294943644291 0.008366294943644293 0.08
432 0.05203989059130705 0.01556069594148149 0.08
433 0.02147345054119658 0.03424057547718058 0.08
434 0.02851105695092201 0.0147784918876445 0.08
435 0.05089661142167454 0.05323592541055492 0.08
436 0.02488525697453089 0.04977329109568227 0.08
437 0.05827959959716753 0.02845129153215575 0.08
438 0.05843936913870869 0.02358854661414344 0.08
439 0.05767122586374142 0.05242709857269082 0.08
440 0.05799432484309736 0.05686359109391219 0.08
441 0.03208093272095791 0.06587699646726185 0.08
442 0.02389382009804324 0.01131618042871223 0.08
443 0.04568571547314928 0.06825755009198274 0.08
444 0.01087573154346442 0.04591965086113525 0.08
445 0.04579869347208274 0.01099940473673802 0.08
446 0.01128449498451626 0.03405911241695665 0.08
447 0.04814095552293855 0.02091341206880954 0.08
448 0.05261781281922386 0.05766083521242905 0.08
449 0.02330448984484383 0.05820734756070672 0.08
450 0.04338400070257173 0.05933792187920057 0.08
451 0.043944087255833 0.02042411154156954 0.08
452 0.01293174869832185 0.05593937410919771 0.08
453 0.07153409711866335 0.05997381692834972 0.08
454 0.01999243000172363 0.07152299930320888 0.08
455 0.0717749893157496 0.02014706751553856 0.08
456 0.02144878854635228 0.05357946270252698 0.08
457 0.0382855800038979 0.0388645368929712 0.04032547860505675
458 0.05409254484142525 0.05227993587632249 0.05695476305013707
459 0.02327195839965301 0.05142838234802145 0.05590659858983118
460 0.05214846866783183 0.02960013794335517 0.05818571562450279
461 0.02956657369267756 0.02102592529111686 0.05745540728437683
462 0.03847085565108633 0.04061271632001848 0.0617277454278265
463 0.03927645255486574 0.05759179555241997 0.06292458246952076
464 0.02217248762620944 0.03887192636834182 0.05984314997410414
465 0.05958064621228566 0.04222717212468248 0.03771446889600801
466 0.04796810109659522 0.05878673897545247 0.03518650689520661
467 0.02213294787721328 0.05718180257608058 0.03065751655699446
468 0.04716108180597298 0.0383486638815955 0.01905900328667636
469 0.02294292690000553 0.03489420673299398 0.02368535956270482
470 0.03839525134969148 0.05331557678816153 0.04666890106746002
471 0.04948003064814011 0.02163341481783053 0.03206141611405227
472 0.03030551543097385 0.02450977407670596 0.03828615408548006
473 0.0216210420423446 0.03425720454614421 0.0458414345743672
474 0.04163987447374225 0.02225316040928755 0.04701375854698368
475 0.03775626818312472 0.03069813004719028 0.02848722653967748
476 0.03769560501939296 0.04838312251681504 0.02778825009789468
477 0.05342147638336397 0.0401281628137745 0.06763925586895597
478 0.0637912106308396 0.03977010846448278 0.05437225931135344
479 0.04105015176941302 0.02710534150252595 0.06782549300056946
480 0.04801090020900101 0.04604894902247663 0.0410398456424412
481 0.02452131735394145 0.04011801250075753 0.03448572044496724
482 0.0448295689585483 0.05705108994301613 0.01590617545749129
483 0.0623508741332316 0.05109279434244109 0.02613287301990189
484 0.03570808793691286 0.06423291701867485 0.02729043237521506
485 0.05380814911833649 0.02287657777657788 0.04421944772698951
486 0.02583324526837751 0.01705251712540064 0.01785204697411867
487 0.06346360416170772 0.02966430665778416 0.02369503530318704
488 0.029574948873696 0.04688408374460029 0.06872891592770294
489 0.02546585975351276 0.04693693076424779 0.01596941205322976
490 0.01663774987420283 0.04577686363185259 0.02504676640424234
491 0.047891232242286 0.03706710554468844 0.03322020592618916
492 0.05597343495515509 0.05219022051013903 0.06941088797272164
493 0.04760798768188406 0.02576032091291606 0.0160431269624825
494 0.03561989823527833 0.03289337355854009 0.01256740451707466
495 0.06457334631649767 0.05880497213616077 0.04333343143705867
496 0.04567551238635623 0.0387252343304727 0.05239142217082072
497 0.01330467879408614 0.0491558802466771 0.06745953576392681
498 0.06339928591666211 0.02993962278114996 0.06454684569988532
499 0.02869466264467745 0.04094554532591549 0.05215755172681567
500 0.01943671529010009 0.04680475425648053 0.04507481758139511
501 0.01803163705610299 0.02902129452422731 0.03427329505132592
502 0.01673077558869886 0.01816185173668454 0.04738727968296494
503 0.02682250317505728 0.05988337509028627 0.0448440174911128
504 0.03836340145669959 0.04532899504854215 0.01443540113236711
505 0.0498002389869394 0.05929274689173818 0.04696192950512253
506 0.03747870300427799 0.03058919916240236 0.05337395597845312
507 0.04098620753800257 0.04915967780531261 0.06914136399757201
508 0.03053614518375145 0.02736620897777071 0.06949021161280619
509 0.06710584847489041 0.01735932351576019 0.03675414262353054
510 0.03381919656249013 0.01581870129309138 0.06887524829984988
511 0.04801980197771237 0.04705703104800976 0.03006270049794075
512 0.04244618096488783 0.04966455083418891 0.05518011700218048
513 0.05053054369494458 0.06461054249927015 0.06459693013311422
514 0.0472436370157335 0.01439116337903967 0.0585801818436584
515 0.0644262640518688 0.01355185896195231 0.05497047645500138
516 0.05242122326512164 0.01181594702407369 0.04267909259900109
517 0.0140270300232818 0.01995310861226641 0.06340293918057464
518 0.0330318997246643 0.0395200275718922 0.02334897290331639
519 0.05171669446233314 0.02702642289997797 0.06916091317516486
520 0.03166869382683454 0.06210853285831556 0.05316853862194028
521 0.02611705943744625 0.06127838391224102 0.0669115964365085
522 0.04242125247979177 0.02919561610607599 0.03721009152233747
523 0.05761208145019669 0.03934740518544577 0.02874825976391612
524 0.05943908578030471 0.01447875912544663 0.01993635162046877
525 0.03086803155375428 0.04892845996242449 0.04019700160806201
526 0.04302975989219175 0.03780249386964129 0.07083600114606878
527 0.0641321495151128 0.0444708874381352 0.0662909954970131
528 0.009715774090866465 0.04069876050142085 0.03713414325479385
529 0.0488682024572091 0.02959981688452872 0.02623675571828599
530 0.05509429777498788 0.03062728080278588 0.01669941230635403
531 0.06365818551687902 0.04310414468414547 0.01867716466597623
532 0.04792175211248303 0.0374999425449721 0.01120190679333057
533 0.05593962119352908 0.04791877094926095 0.0127242955462262
534 0.01581077958700768 0.04070620353308191 0.05641141633359533
535 0.02981989872115423 0.03158641870864868 0.03842121399351766
536 0.03130867295104527 0.03591233021088499 0.06964534383735778
537 0.03792850423541579 0.07001213026345335 0.04114953561015957
538 0.02152683366632222 0.06454948046827835 0.01924921368865344
539 0.015574475885692 0.03758759221663124 0.01053049179829724
540 0.03470952676897363 0.05393079491587051 0.01932321399742263
541 0.06124187521521272 0.06397763670258869 0.01179624485109303
542 0.06160935372211371 0.06799350525029051 0.02860100113308187
543 0.03877267794112946 0.05882312818083604 0.03707392774329402
544 0.03752950899549688 0.01888180685849187 0.02922804236573317
545 0.02814944044762822 0.0255042224816152 0.027205431204641
546 0.01470938712896544 0.01396654416657305 0.02712930547673414
547 0.028524595916397 0.0244639102450055 0.04618242869914298
548 0.02997303026932236 0.00964348727790044 0.04605468029350483
549 0.01024397869602872 0.03314903776985886 0.05365039152344225
550 0.03455045297165786 0.06678766092105715 0.01209293079177374
551 0.02499902919361932 0.03235757430258078 0.05732873010307545
552 0.05694175228905583 0.02997911582542478 0.03368191136899094
553 0.06919394239064305 0.02889870077314876 0.04234623797796179
554 0.04213911032873589 0.01443434375414389 0.03880851031868687
555 0.04718515513780924 0.0582585940550252 0.07012786215799217
556 0.04606455137611016 0.02549031877044144 0.05441020914053211
557 0.02470948063893153 0.04722794533470343 0.02607402137346257
558 0.06335052648799071 0.03467788362753742 0.03295851918011111
559 0.0169485087120663 0.06867139472151387 0.05803947387667707
560 0.02739038542234884 0.03930567503395309 0.01754468276949347
561 0.02773367191633876 0.0228859765936294 0.009839578152761109
562 0.05020706449756739 0.03815180144101762 0.0440069779935168
563 0.03243627081004407 0.04997578880941398 0.05918604446470925
564 0.04370520100030606 0.05643646045992665 0.02507980061572944
565 0.04931256271739682 0.06862283076266139 0.02483020910036291
566 0.05676981346158388 0.04830533813739462 0.03621933597771551
567 0.06014916922586191 0.04654402491780193 0.04625473903288019
568 0.06749849971406587 0.04858086244259564 0.05872773263801487
569 0.04737299959847558 0.06171374460105158 0.05827892363902995
570 0.04587090372811781 0.01739814131730454 0.07183132395530968
571 0.04710184599536498 0.03473452192823501 0.0615258908394099
572 0.06803511644226519 0.06482552058728074 0.06833523243805573
573 0.06179335829204303 0.06356346159746291 0.05330091399230388
574 0.0317768836961888 0.0640788032549236 0.03608928305792408
575 0.03363104711458541 0.03122312035522222 0.06064666978044461
576 0.0369818299537381 0.03757710990814508 0.03103918660771204
577 0.05444973268992463 0.05596928975586644 0.02428343603831119
578 0.04129807767033107 0.04755686819210384 0.04829747660841406
579 0.03794949604261525 0.02058968355884593 0.009869364227014257
580 0.0416781061416119 0.04815899229735564 0.03780470128629512
581 0.01033014996132765 0.05719966997082001 0.05260095125543306
582 0.05765861249268755 0.0159833251257611 0.07226385659480973
583 0.0542802495628302 0.0453743665810082 0.05521334102917202
584 0.05338774896876573 0.03475434948897058 0.07325911374572765
585 0.03249475575884738 0.05681287358673254 0.007525005821812774
586 0.02851188298942262 0.03969120149864575 0.06019668943886539
587 0.007737698320365877 0.02481988779489293 0.04614323947504196
588 0.03909624644879564 0.01579156504432822 0.05607257150904865
589 0.05749409600551622 0.03560550845471434 0.05005431401820385
590 0.06921202821499935 0.02702607515742843 0.05535749928442134
591 0.03455907742352381 0.05259629932649244 0.07078279712817277
592 0.01408646537320677 0.06734710266852321 0.03671993119143926
593 0.01106057568892576 0.03271262409979067 0.02724617997986696
594 0.03773060777144752 0.06356043415515872 0.07141427108963196
595 0.03300652787551193 0.06945138585391269 0.06506175384024114
596 0.04535884466117115 0.01376808248307604 0.02265940102827664
597 0.04395886936017253 0.02925744392441761 0.04891322850500418
598 0.05279283607371452 0.01972403168028751 0.051117899130021
599 0.04868069573684236 0.05250210238305599 0.02172379082541244
600 0.0277801727156668 0.03532202508775204 0.03210043625896775
601 0.0401831980110678 0.0451081532374196 0.02152482780090623
602 0.01246313212574859 0.0553221547052781 0.01384859621778951
603 0.03610595090230959 0.02497948930561185 0.02117892654316337
604 0.02344094267989396 0.05736430304868495 0.02308625078250571
605 0.02120219909958792 0.04609291424998333 0.06149254445707523
606 0.04729977940815534 0.05369682382501067 0.06383461852824955
607 0.0190184713901461 0.04351762495387226 0.0712923647231611
608 0.06216734672048253 0.02118830427997632 0.06347231324475959
609 0.06931272469091376 0.04766872212407857 0.03942305295950466
610 0.04346627776058064 0.03215690060719991 0.01849925963725364
611 0.02755534330965878 0.03803061580493886 0.04224740353465347
612 0.04081579411356506 0.06548956903073884 0.05014095771832836
613 0.02805216428414888 0.05198705905121237 0.04824441435763881
614 0.04903806086270084 0.0455011336832909 0.06991236639979358
615 0.04508132160008353 0.009550837012075897 0.0102388265908127
616 0.03568891969405819 0.03061377074964261 0.07141394245784027
617 0.02437221836179604 0.03592748636107317 0.0706903139861746
618 0.01245086016524961 0.03339018200310796 0.07172938014064455
619 0.03048968878820056 0.01510238644503582 0.02812947671195877
620 0.05410863663098838 0.05191386272669314 0.04334486426165804
621 0.05569253620835167 0.06352984392362362 0.03893910966624735
622 0.0465283686589394 0.04257015040700738 0.06245683743544257
623 0.04308705084285387 0.0266231919257281 0.01131805942603617
624 0.03558296783482332 0.02380086410889766 0.04222016286202585
625 0.02184916441050569 0.01036614577824144 0.03966632223603339
626 0.01099293961817844 0.05469384118795719 0.0376679880621203
627 0.02930030926847748 0.01024908334175481 0.05847793036612858
628 0.0567996870655313 0.03562132980081569 0.06120512330242214
629 0.04995878268330609 0.04311035850588665 0.03437360048825994
630 0.04720398841887944 0.02322997826038088 0.04181474233110034
631 0.03754166396714215 0.0397287574549768 0.05376384877713031
632 0.04539826361964176 0.02721286006732658 0.07426068842351354
633 0.05447627251864732 0.03929236361667084 0.01678446685823141
634 0.06040867867709111 0.03938617673752802 0.007820119988359206
635 0.02390497268662077 0.04997121150756437 0.03687738285173785
636 0.05115763032575359 0.06653129522253695 0.05280973193643987
637 0.01106372282581795 0.01102694617280894 0.01225094698522668
638 0.02168284013273555 0.05132341901182536 0.07262295891485351
639 0.01329813320950592 0.05796082819055557 0.07119373349726538
640 0.01722129903901656 0.02235290747221167 0.02200383889063957
641 0.04722829814035685 0.0274117135413478 0.06240391851856059
642 0.04877310707782893 0.04742921948099025 0.05234800912542324
643 0.05988692685274962 0.04035952420634905 0.0729259545361672
644 0.04885726422064485 0.04357156639206616 0.01410246315234668
645 0.0543703595447764 0.05683199758202995 0.01564184496234412
646 0.04321790473013819 0.05773404226499679 0.04414846339187573
647 0.01919248548394651 0.0260188741001345 0.05485828469256077
648 0.02216562839036897 0.02561303244007909 0.06267906005244829
649 0.03456199233351333 0.02323337207532204 0.05060591330818526
650 0.04889885551319108 0.03107021317268108 0.0402112606817503
651 0.04310260836679572 0.04166208828365551 0.03648408871663354
652 0.0363569391047276 0.04517143291931518 0.07363072533642794
653 0.05636304324276723 0.01777011527599371 0.0369346146395353
654 0.02193215156653571 0.03827480837036655 0.0520728727685246
655 0.0152175181679571 0.03754036496051828 0.04826006439428872
656 0.03847255248603001 0.02560472314747673 0.03344224808232669
657 0.03219598344296806 0.0570942070443298 0.03025220803506374
658 0.04109815407536001 0.0394826470841295 0.01809857043525696
659 0.03537330277237314 0.03877072800135114 0.01320194015537538
660 0.03086661637809293 0.04405527193319787 0.009116731674031354
661 0.04114871466618724 0.02417731584279585 0.02635908107075666
662 0.05834914287891294 0.04835065348734771 0.06210035950976143
663 0.04065292896350991 0.03677323515937754 0.02413792644167938
664 0.03390909834086579 0.02348853270005633 0.06310327764003618
665 0.02590152584978933 0.01852657515262606 0.06301179806403391
666 0.03210860808485694 0.05552530052272463 0.04202082982221989
667 0.03809947362262072 0.05795107790976897 0.05319101771156815
668 0.05465946098890917 0.04139311095570504 0.04848903528624741
669 0.0387953826444403 0.06302221273344644 0.05947398995073089
670 0.02905661530179419 0.03260547509840525 0.02052871811398623
671 0.05400718855293727 0.02315582634062332 0.02555871725545062
672 0.07150910287594707 0.03798716352736377 0.04413908744430981
673 0.01979154959840096 0.02281226427951097 0.07184136440614629
674 0.06579977541254006 0.02698114706247531 0.008100603074566169
675 0.03197547268665068 0.04421126402820463 0.01740855760761019
676 0.02217574628377584 0.04290977769810581 0.02165056688103448
677 0.05946082338943503 0.02403931777621817 0.05464193635532107
678 0.01397246119195074 0.0553275852783589 0.02450655093791895
679 0.04419694827612331 0.01186148539542962 0.04689834653030757
680 0.06192528894394486 0.04457243895782293 0.03027535952163128
681 0.04068426427009079 0.03358104736123416 0.04430541452759743
682 0.04273653342514754 0.02091412531315073 0.06126912914983542
683 0.03921077220531122 0.008023318058608215 0.06273743954120829
684 0.0508561351691036 0.05084657755901899 0.03526538181919271
685 0.04450386022372058 0.05357874202557081 0.04971239866065474
686 0.02048246055528529 0.03954493051795339 0.04123326036127538
687 0.03584120182941729 0.04813241204971373 0.06535479407676428
688 0.03893419896951731 0.02364115249402195 0.07379119229866178
689 0.06401515376925179 0.02423902633086453 0.07229442250163758
690 0.05326147434786899 0.03599680404517078 0.02402973198615539
691 0.01953197086215074 0.03574436927668136 0.02978952700709834
692 0.02885867000543141 0.03435393479691728 0.04940290410936778
693 0.03091543030309606 0.04294432302086931 0.02957161963704394
694 0.06035322207842022 0.05557952512723324 0.06236424181113761
695 0.06751940249605623 0.05629064494984028 0.01154480365728993
696 0.02308616334226843 0.02830085026607539 0.04143049482462243
697 0.01990884894113323 0.02021787255838722 0.03670745881570017
698 0.04537678925385668 0.07074471062588999 0.01046108296689038
699 0.03586339027479041 0.03238411184791391 0.03518348006967579
700 0.03524143500291267 0.04742865853130894 0.051765655600455
701 0.0521875253055124 0.03321860531705614 0.06473418201900684
702 0.04330391511996957 0.0638515693104772 0.06656285228942792
703 0.04491084349514111 0.026647032440192 0.03160760116302402
704 0.05561397666509187 0.02190671034536907 0.01057457657070205
705 0.05614688704416839 0.06208806295517308 0.07199666557794865
706 0.009293263901376182 0.03914192453291768 0.06238416247178671
707 0.07029222664840816 0.05440825447825341 0.06825860570919777
708 0.026578546494243 0.04200018821434452 0.07368609581828317
709 0.0559826514477043 0.05559986252229452 0.03581156746002805
710 0.02721933709179236 0.03366859260487724 0.0642863842730847
711 0.03090075671842439 0.02124330288728844 0.07444432362062769
712 0.02441613954698736 0.01272009225826398 0.07136592893437033
713 0.04216982698572666 0.05357360708158192 0.07444320758957745
714 0.04625351985932806 0.06506969413874142 0.04205453000543408
715 0.05298471805380806 0.04895279041565841 0.02630188728172929
716 0.04498346105697968 0.04117950835988747 0.02929019745161853
717 0.04800594882229798 0.05318577397423059 0.00838949212760421
718 0.05399250469258703 0.03594376124408649 0.03440448106069633
719 0.01289476907898201 0.02429812934567765 0.01072588572773451
720 0.03596705070980037 0.06149112841993329 0.04487006255210384
721 0.02356203586187026 0.06919998318423816 0.04989168380530264
722 0.05410590108394978 0.009498442952394695 0.03144136845520486
723 0.0287853473059426 0.0493052171301582 0.03280134920655577
724 0.06027606543183437 0.04813106222586056 0.05401773660399
725 0.03186052121965303 0.05977871697084988 0.07456742983444563
726 0.04090356501102226 0.06532952182429984 0.03379938190387514
727 0.04891861961313008 0.03887284473219436 0.07415415762952843
728 0.02878306748228183 0.0253294145420899 0.01995823228946277
729 0.06195436658161951 0.0479900798688289 0.07382704359927178
730 0.07148578887127702 0.02320313442550406 0.06624272232082812
731 0.02193102642511451 0.05384389273754406 0.06501844380122912
732 0.01794539127848934 0.05845121172674544 0.05969722305399783
733 0.03119969550487687 0.03548510823021368 0.006936275158890675
734 0.02496377787980085 0.01611973631855527 0.04872766813151031
735 0.02062871463147161 0.0546971245886226 0.0490406101802363
736 0.05138364010511431 0.03545652049849807 0.05610878141069155
737 0.02343766987345605 0.04670745245306153 0.05034316100555349
738 0.04846561348109253 0.02939177960265533 0.008258314930937235
739 0.04019497550925637 0.03338278862595536 0.06101917530080665
740 0.05217030713655078 0.02583804617369698 0.02020927761701289
741 0.03055396094900715 0.05453838573316425 0.06458437981735718
742 0.02171113833969062 0.04594094814541048 0.03218832076811041
743 0.06301207099684247 0.05910788024582805 0.03375390475152655
744 0.04115950157363459 0.02088553857299854 0.04050382884157545
745 0.03292419030513803 0.01570009666387254 0.03902576422630665
746 0.05609757223837147 0.03567291836429573 0.04221740283981929
747 0.03745390585027412 0.01731215963598675 0.0225304303132228
748 0.03553695185752442 0.00925005360820578 0.0252743821221836
749 0.02182938329539984 0.06979712896850392 0.07154506410074113
750 0.01882307806006338 0.009319375194709338 0.06241206083638839
751 0.03268919375822416 0.03590373728863871 0.05652711269485577
752 0.04476364346618664 0.03877887914203403 0.04219844483507724
753 0.03722935154905382 0.03563674665660109 0.06683370879192184
754 0.03446792679721952 0.0475537716072053 0.02311987281739129
755 0.02590785198630919 0.04045280455264461 0.02678884083245476
756 0.0600753036572222 0.0546404135601038 0.05042054740258007
757 0.06787819155493127 0.01222907944124165 0.01169923433615882
758 0.04622242749993526 0.06491053925215449 0.07391965062395743
759 0.03014631949005603 0.04781671578926209 0.07490207304730974
760 0.07055963388043478 0.04412927644188014 0.02913023189151135
761 0.02017949147119085 0.05029490338757178 0.02112571966307512
762 0.05102964581712847 0.0532282074929396 0.07439257599825733
763 0.03036765845789246 0.05332986456967657 0.05484647145950026
764 0.06077900432312711 0.0324833457989633 0.05607286579200491
765 0.02577902984079337 0.02807148697364246 0.03328174427751505
766 0.04096261376947948 0.05146780195211361 0.01983825995697731
767 0.03213156564568328 0.0385736414696486 0.03622943337682148
768 0.06870772652756646 0.01188865587701069 0.0661986125947118
769 0.02194313750749831 0.0594688997308741 0.008364875956913197
770 0.03991324365616519 0.05987500838254399 0.021700712942771
771 0.05221625441961532 0.05090580768487126 0.06421572688119226
772 0.04276720872663566 0.04351152128770577 0.07405254009919408
773 0.02478612949536215 0.04072612194871161 0.06674143924406822
774 0.03437128237659235 0.04336510835498669 0.0462523406087804
775 0.05213803657048902 0.03323758519078077 0.02918993706735203
776 0.05257751011243125 0.02857510113179541 0.05178222737487937
777 0.05208258506489568 0.05700216824985195 0.0665340596523917
778 0.04336284555687342 0.03497123131699872 0.02971495638805264
779 0.03526201345262066 0.02355786160869958 0.05729205793671655
780 0.05242385719917403 0.05266346021299684 0.05024848819945352
781 0.0565023768553609 0.02705401905393268 0.07507710583322855
782 0.04273297116328298 0.05273869127414409 0.03238684661874425
783 0.05860125303642162 0.03595274678257239 0.02198271304769222
784 0.05478718053217465 0.04438001752401423 0.03104788482270602
785 0.03492428824277816 0.02904936528297401 0.04575754006820735
786 0.04774846139022047 0.02203174104544783 0.02215021830214128
787 0.05120424444338834 0.01913547625836477 0.06538337679492813
788 0.009586855093951017 0.04729508227256186 0.04499996717325531
789 0.04200538493224921 0.05200936727573921 0.06233259949688783
790 0.02766536766810478 0.05382554046551893 0.06997483178936116
791 0.0396800980088754 0.06980916354108617 0.02022417058086583
792 0.04255650829616305 0.03506898914347349 0.03695347840684972
793 0.01178587106557224 0.02353217697781402 0.03129066625856169
794 0.07133388990515079 0.06230519265600287 0.02158733385089028
795 0.04542299487286272 0.01866085623023379 0.05229785716471881
796 0.07026260309000998 0.03763813776087058 0.06140731454990957
797 0.02043302241330622 0.0283412213688924 0.02799992382307442
798 0.0233369942554554 0.02120508020552762 0.02980837301190186
799 0.02841450558380042 0.03152149477068103 0.07503095132244181
800 0.03795123287030734 0.03745634914634303 0.07386571023052622
801 0.02209706083149965 0.03427556181212564 0.03684337612296366
802 0.02502160711068618 0.01928235150084461 0.04228270571702052
803 0.03540660748542063 0.04478026733120723 0.03457447588454493
804 0.0280653528178495 0.04534003499434924 0.04546776289229005
805 0.06779757036908717 0.02609223815549161 0.03184272067563388
806 0.07085842039742732 0.0173857299540217 0.02373961526247209
807 0.02712611185803518 0.06234534985933577 0.02831654604528816
808 0.04253912877958493 0.04329539690518579 0.06662483365102267
809 0.0629528606957997 0.03448974946082782 0.04249655024121961
810 0.06668127722572328 0.04080579310593905 0.07434236572594616
811 0.06908140493873023 0.0438143581367299 0.04995032897929949
812 0.0506333479578398 0.06337192239226627 0.009823399338818111
813 0.04363758194382275 0.01449738319990193 0.03053152618976577
814 0.05253879368902006 0.0418332028963583 0.009245299161060693
815 0.04624694909036801 0.04386797798997782 0.006341456865761162
816 0.0686009564612535 0.06973225318262577 0.04189291647285835
817 0.03454674314119888 0.07082280419693174 0.05316460830086577
818 0.05765706714754976 0.05026212355277266 0.01963387006385861
819 0.05952249975986523 0.02697575967989176 0.03995229213742736
820 0.04192390275276083 0.04575220533625572 0.03200143692292801
821 0.07141961127348122 0.035612081405153 0.0234725562570216
822 0.02242144127684489 0.04095439720905086 0.04672230612369659
823 0.02691376794895502 0.04585282407190347 0.05769998447596945
824 0.02301640589556522 0.04039396231376405 0.008974372100644484
825 0.04570205858547421 0.03224471950241301 0.05506458716294536
826 0.05436504928280539 0.04414748532066377 0.04203154166743628
827 0.07019727645312737 0.05953173979648509 0.05315361986715046
828 0.03037844268836111 0.02805658169719255 0.05344909354505684
829 0.02725248091313063 0.05721260119701527 0.05966861557811225
830 0.02477044862141627 0.05944489486846926 0.05274229005238542
831 0.02553397942898782 0.06858186537252996 0.05937085521540407
832 0.04078911663167212 0.05955894606120987 0.008047275885652452
833 0.02979840573403914 0.07115899465127132 0.02267621755895962
834 0.05848399941468743 0.03513180024275414 0.06723215882463719
835 0.03492719340160421 0.03703902726387589 0.04748716830215358
836 0.0192648788477653 0.05740488607584567 0.03955630512370637
837 0.04681438065219905 0.008971948283348177 0.07100955714461418
838 0.04367303297591889 0.04897264545780248 0.02601197166200304
839 0.03768541232746311 0.04506082195324354 0.05703924944739019
840 0.0518423521460667 0.01701393986946057 0.02732996993713669
841 0.02399088913958637 0.05810146476322292 0.07468772851165854
842 0.04662741012578665 0.031558334625355 0.06798905447583307
843 0.01833958747381617 0.03352451376094303 0.05359011292707575
844 0.03944815185231153 0.07267185009946003 0.07019197653029342
845 0.05754624827306126 0.05179597845106927 0.03096577654118832
846 0.03546522496356298 0.02480998358261418 0.0271027891838063
847 0.04303937323912561 0.05050918822890796 0.04351342735146658
848 0.05668303165797325 0.04594212268818407 0.06861640180341837
849 0.03017119404465463 0.007779079341747298 0.03410811553564881
850 0.03041914655072662 0.04088212922228328 0.06552543507085001
851 0.05125021644371641 0.04193626535022767 0.02581812643391106
852 0.0394383887433474 0.02942558945818864 0.02296988270883242
853 0.03936063647981653 0.02777563502300722 0.01640758003945846
854 0.05593732555561343 0.02720122427753826 0.06269812784443227
855 0.04322833459605804 0.04422286364279333 0.05425386695357146
856 0.0461316473181832 0.03319710563008244 0.07422844690837403
857 0.04761936855043256 0.04920464976997072 0.05891419716169539
858 0.02059196071347139 0.03371361890868478 0.01560649715940364
859 0.05286162488223709 0.05906169897964512 0.05358467896735852
860 0.06101140706001553 0.01816064661162618 0.04594043494785834
861 0.03272120312441848 0.06172601089859958 0.0211427689919747
862 0.0287038055546318 0.05715265072350664 0.01539974179888601
863 0.03276205114437235 0.05070564561767302 0.01355538003153873
864 0.0383999854771911 0.05312580057613321 0.04049366166579664
865 0.03846950136873198 0.0428504255006056 0.02677156685255093
866 0.02869683204839843 0.0265038322248846 0.06244435421107827
867 0.01726876589187543 0.04778722756672687 0.03903578225656568
868 0.0376835805451739 0.01560340180128416 0.04765920161282872
869 0.0515968077165031 0.02117630473731761 0.07443161070358346
870 0.0476593536486766 0.04244077056870896 0.04794560355687304
871 0.0653383670693625 0.03458702697411723 0.04903850666780455
872 0.01516525885541136 0.03183472769410538 0.06091094495930355
873 0.04317424825539126 0.02103885790942274 0.03274645968802321
874 0.0159920495739168 0.02893738350069841 0.0479903886384536
875 0.0290199254632459 0.03214642288739104 0.01384033008714737
876 0.05783294171384949 0.03396162406766911 0.0282010730267418
877 0.05512941270950279 0.02984672956445811 0.02479372815912609
878 0.03700167351519861 0.05471087749919575 0.02586594013668806
879 0.05305259845243994 0.01067797328993485 0.05176635818591122
880 0.01689486733201509 0.04213984169287022 0.0642224340798864
881 0.03352876302055709 0.05968685960816127 0.06691633971385735
882 0.04715331204966251 0.01927325578601518 0.008448987894981519
883 0.01565199909556843 0.03894238931330009 0.02165368377193148
884 0.0477807769455793 0.06566492163506651 0.03238106971599901
885 0.02724551779382559 0.05580953986203309 0.03575155645076501
886 0.04913837109951243 0.06022597078114781 0.02701994626549117
887 0.05620057905052723 0.06349405345429474 0.02166817065147815
888 0.06292631960811614 0.05856926162392615 0.02195067785406753
889 0.0480815161868005 0.05382826521732471 0.02875657356284749
890 0.05092519124648093 0.02226478618685711 0.05794519694558122
891 0.03268103344312327 0.01036202502789226 0.01197966524799704
892 0.01533346224685443 0.0339777450194023 0.04081425398649575
893 0.05146207675632284 0.0274722070696965 0.03171311933806721
894 0.06104632033768795 0.03293806427575803 0.07451642738248079
895 0.07089498803313778 0.03337736518058335 0.07203873712300864
896 0.03474211693112954 0.01732087480606826 0.06167497867333006
897 0.04549474465707041 0.04908543886270723 0.07515112164601541
898 0.05429322592702516 0.03445225119417652 0.009937562650516282
899 0.03329637433426659 0.0276937797360057 0.01595288207746862
900 0.03586202051432263 0.02806079125021617 0.008396332970904271
901 0.01781244072351197 0.04576032776801717 0.01531998183190671
902 0.009707007299712097 0.04705983444525998 0.01802141140274179
903 0.0481141943923643 0.05306051301763551 0.04377410485125837
904 0.06071649465606991 0.0510328148618271 0.04108220004200001
905 0.01117027243583765 0.06823082842151634 0.01072405770622634
906 0.05609065596262783 0.01052204579077207 0.008852156852506302
907 0.03968225190906195 0.05264064449938682 0.01319491172175119
908 0.06187003250646744 0.03989247381011676 0.04568570311560021
909 0.02882350957121866 0.04448832351198957 0.02265982915551021
910 0.0430501147334845 0.05470424688963267 0.06698915640787866
911 0.03375114447340499 0.07194200171881258 0.03173242606452829
912 0.02651998961661694 0.02585759249610601 0.07524728281864955
913 0.02118246869403594 0.04937765052334256 0.007885493507211041
914 0.03187003723334202 0.02139377694001397 0.03174098243743097
915 0.03576721977062185 0.0517519180375391 0.03426910345777553
916 0.01957813540466596 0.03043411826092662 0.06676957476904645
917 0.0213561685811291 0.03168098851614273 0.07452600589683075
918 0.05734560762919577 0.02961674290905195 0.06946367741872887
919 0.03397739943771055 0.05702616406404157 0.05970108989355544
920 0.05414343176242895 0.04732077541071215 0.04801611688992676
921 0.05900628015596097 0.04302946122257032 0.05900813687582416
922 0.009804148292335467 0.06895705522625423 0.02327732659283223
923 0.02395500414058767 0.05166778748723828 0.04294728286080171
924 0.05219354997833121 0.03969769229620929 0.06029027299890526
925 0.05722990933467414 0.05381705267828354 0.07560935043346484
926 0.04770787667805625 0.01789663218946665 0.04506054215755097
927 0.03753884056289887 0.01928308193446708 0.03534273020983111
928 0.05084162666658542 0.03556053547932245 0.04975800345697617
929 0.01222877380814141 0.04807888479219106 0.03229180398813042
930 0.04752834987639021 0.05209379624033037 0.06960431677766336
931 0.0282825992600753 0.03051276828176949 0.04498667562572449
932 0.02395661563386934 0.02929178168949828 0.050392826011541
933 0.06264450938293305 0.03828587887889044 0.06130129246306998
934 0.04813742712312076 0.03769524703310473 0.06752402682881585
935 0.03207664500192318 0.02976022099683708 0.03055070934262582
936 0.04135115729191426 0.03526609131529065 0.05170572183079201
937 0.03244633632255518 0.01894318448137418 0.04568875400442055
938 0.04860987984181701 0.05072969553238309 0.01553202990542702
939 0.04797640973692936 0.06230187234881081 0.0196981265690764
940 0.009866728568142165 0.04195835456212915 0.07303648341136172
941 0.05428932907690483 0.06251746397262938 0.0306337216079934
942 0.01801061441096685 0.04069204507221651 0.03556451399103766
943 0.04370331595328898 0.03882981560601932 0.05798021817453808
944 0.0395604886886466 0.01625790741518278 0.07461435360877852
945 0.05159192126090575 0.01773829168490654 0.01765406456961538
946 0.03348271270334126 0.03793384942631067 0.06275822070947074
947 0.007906526550543084 0.03636589196597772 0.04494928971767376
948 0.03521095301832137 0.02900974686582666 0.06593479498150545
949 0.01559664095535962 0.05056412841835685 0.0752076969218749
950 0.02290631674278585 0.04706122123206868 0.06746442411817459
951 0.04349511904340365 0.05936641410206586 0.07558363474155404
952 0.03899431803125419 0.05919437221011088 0.03002147281410945
953 0.04548496801052073 0.05852986067881361 0.06317493112930318
954 0.0163699662607188 0.04936630978357155 0.05199813502764057
955 0.04251169906198368 0.0270322120771863 0.04319054611380815
956 0.009663920512353274 0.01119463675821237 0.03955859684548534
957 0.04509797211363435 0.07267169131015158 0.04680660985113595
958 0.04408630024654952 0.07302506429241981 0.03644686872001861
959 0.04841564962606722 0.05466945162166603 0.05436578705182841
960 0.01970439433475358 0.008660018716752597 0.05073492033475947
961 0.06213224492412663 0.05070806820325672 0.06691312622059772
962 0.02021444591397604 0.0411881240453908 0.02752178470815454
963 0.0565006491978912 0.05971653889638506 0.04711544895199758
964 0.05682408327688394 0.06969593949841811 0.04637280173900513
965 0.0378736307305925 0.04648516955714633 0.04169507490107577
966 0.04803798371510499 0.02463791561545395 0.04729663017093884
967 0.04430907852834413 0.07011112429405839 0.05857210820476107
968 0.04953559625718015 0.03201810134071156 0.02048455906749034
969 0.02168408820681056 0.01796333156164123 0.05581567798439799
970 0.02704851105259319 0.04971924186934747 0.06238331280612309
971 0.03624153279199244 0.03335539453835799 0.01889332247687518
972 0.03396718858858736 0.04972456639110419 0.045496635055185
973 0.05718969763750131 0.03898726615572723 0.05544360108222452
974 0.03848443159655811 0.04959836227468545 0.007197616044323037
975 0.01784616189026035 0.05314956146980299 0.03332431590586887
976 0.04869137970155659 0.01747128240396241 0.03712851639194169
977 0.04785075809273959 0.03640287216205267 0.02638715572172013
978 0.04597321786811497 0.04775831026743863 0.03549951285161619
979 0.01737473898945188 0.06260153314859879 0.04709964553653419
980 0.009567824611029174 0.01069974294223257 0.05529047882179654
981 0.03352395615508271 0.0273037003046628 0.07563967432864462
982 0.04019269186664706 0.03101441455546338 0.07536850614527811
983 0.06749983005734843 0.03952543578972388 0.03762937666102741
984 0.03147687790445077 0.06644897498525389 0.07341270321201382
985 0.05758521302682557 0.02310617418811737 0.03268433568704102
986 0.05061031411346151 0.05641409127462357 0.06044112469225751
987 0.04136254227121105 0.02250856986124197 0.01946593034348925
988 0.05116367190080132 0.04552488515185682 0.01972959167494456
989 0.02757227055322358 0.03053663603503016 0.02633582169994893
990 0.03693181091067853 0.05812825364559144 0.01509533112510584
991 0.06035434971267555 0.02394742822024815 0.01872558512038178
992 0.05469643197715853 0.04321440410536075 0.07516882500367383
993 0.01738539231238775 0.06226798877278601 0.03060773638673176
994 0.0566235638833127 0.05683963404043149 0.007320525314290857
995 0.0509534840854598 0.02929643870749652 0.07578520763846658
996 0.05109268862450961 0.05726059644410171 0.04058690791866332
997 0.008253464422636114 0.02524658657603001 0.02200359955169869
998 0.04578324676756682 0.02361548240638614 0.0691575984180525
999 0.02262973731014047 0.07121858878393207 0.02975609290029494
1000 0.03202050496855098 0.01643501608743177 0.05295257841120869
1001 0.02113334628083019 0.0444927403852843 0.05531093436679745
1002 0.03763694880789046 0.04980065877580048 0.07590530623083072
1003 0.0246658243462721 0.009551784396161731 0.02492160829110353
1004 0.03352831873618339 0.04111243769783818 0.07546148849051108
1005 0.01995581312191688 0.0380212718172447 0.07506260877804671
1006 0.00851917047846772 0.03247911461907076 0.03511414540850537
1007 0.0364984047844879 0.04156849435710387 0.06834892363980979
1008 0.07208868792693578 0.03531891651357005 0.0529698490112707
1009 0.0432937762575038 0.06389488460769206 0.02651967314700526
1010 0.02922917026403157 0.04743663453772085 0.05286221829619435
1011 0.04127848248476997 0.04638283232675112 0.06096384743662164
1012 0.01813984668251873 0.0369236428800106 0.06802884559596845
1013 0.05672509069416711 0.07203924666427818 0.05772315549646188
1014 0.0702514595336154 0.07144419684798127 0.0574868955921164
1015 0.03009229222242408 0.06959606986431909 0.04437690624263538
1016 0.02222209031277694 0.07236077575734519 0.04028822170330055
1017 0.04854406595625535 0.03277955825793526 0.0147494049340763
1018 0.04490652078187012 0.02750908362749937 0.0219971570370383
1019 0.01607746596216942 0.0301431189575625 0.02168284383488818
1020 0.04186881241740744 0.03395767315594807 0.0133633104211906
1021 0.04118163730029001 0.06344323811806149 0.01523246241901321
1022 0.04042109935487789 0.03472960992487906 0.006943719290532268
1023 0.02860621717597397 0.0507725409864697 0.02067358619678885
1024 0.03277077843191935 0.04275573206460264 0.05697829108357452
1025 0.03758968635414966 0.05732293145011026 0.07577369966449232
1026 0.03282125742475498 0.05555981767633179 0.04909958274148166
1027 0.01588201091980363 0.02474001618746513 0.04124562526258099
1028 0.03071943660442936 0.05405660017580941 0.07580801046415338
1029 0.03774288492877971 0.05145948901200966 0.05872013484954205
1030 0.02863339313427829 0.04397732636593959 0.03686282759371848
1031 0.06559911177594994 0.00856986944498332 0.026314130292297
1032 0.04359683841160678 0.05574151424098323 0.05751343001289904
1033 0.02476890567739405 0.06951948697098395 0.009302327861120173
1034 0.05616441083992774 0.06163269779658712 0.06016301720477684
1035 0.01985765412254769 0.05134718395607862 0.02761492370223216
1036 0.03132014955364108 0.02117708328421996 0.0246499946130658
1037 0.01025976675404322 0.06834311676483293 0.06776166534217828
1038 0.04601216876514752 0.04340165793755306 0.02371528180337085
1039 0.05838378931711154 0.02925906115153567 0.008632722799029069
1040 0.04836037051506001 0.0425139023452336 0.05618094058948747
1041 0.0443444392178485 0.02164201584043492 0.07609945445806436
1042 0.02261401096523931 0.03095407494409621 0.007424182582898653
1043 0.01722554295310718 0.04346711748281236 0.04975093742191471
1044 0.04998945488446581 0.03885608019441257 0.03865041510702859
1045 0.03479389603874902 0.02440557711202535 0.07009986787860276
1046 0.05248754645772706 0.04536504207860147 0.06228409632434018
1047 0.0616717643758337 0.07283463030194597 0.06974530811272883
1048 0.03338367878255772 0.03471110763137737 0.04210043085209152
1049 0.07258549749581733 0.04497674693459321 0.06960026887896846
1050 0.04604331021330824 0.0485944223662261 0.06490541964213331
1051 0.0245146707951771 0.02047514913279171 0.02357366500525645
1052 0.0373651172048418 0.02972483075079597 0.03993046517102347
1053 0.03856104251355156 0.05244826217145926 0.05253264700902909
1054 0.04420849252134888 0.01917054720772872 0.02660602506305058
1055 0.04117485197536016 0.03131796350255458 0.03267311316578936
1056 0.06306005773054163 0.03374835936755883 0.0159240035690864
1057 0.04274636140317954 0.01722619750792112 0.01547086230505828
1058 0.04054685074996951 0.007550803561688785 0.01827764271946259
1059 0.06721476923311148 0.05128076582389697 0.04770674125977041
1060 0.02531769004175777 0.02504546475679412 0.05709693937861266
1061 0.02705029368826565 0.02223084416768726 0.051837846009723
1062 0.01403036630569579 0.0406096587247251 0.02995655556187526
1063 0.06221314723568452 0.008545720431805735 0.04122570978078515
1064 0.06429312802251214 0.05134572184090262 0.03461720951413859
1065 0.07232718904119464 0.05804055428534021 0.04012356367780855
1066 0.0511871953299125 0.05948779504305824 0.07585253455489027
1067 0.06871209209084037 0.04675786007705146 0.00800878310880415
1068 0.007744501624651672 0.04271562738350163 0.02656921229074002
1069 0.0407662745568895 0.04077175296108582 0.04767694708431732
1070 0.05184474145340089 0.008132516088932789 0.02093739251185621
1071 0.05925226868982167 0.02684685031619598 0.02805120564220637
1072 0.06168839515116065 0.01883459164521472 0.02761631881184976
1073 0.03671510566882081 0.053745719691391 0.06490915531745375
1074 0.04267616868755 0.03748254336790054 0.06499692809428884
1075 0.04317784733808919 0.04448877756413865 0.04320886386596548
1076 0.008439637446405112 0.03535458084195165 0.01636531756553586
1077 0.04625967647747318 0.02495809742208797 0.03658800430327149
1078 0.03073936366695682 0.05531974571685897 0.02376336122569262
1079 0.06943641765327861 0.06975775223656767 0.01052652754401801
1080 0.05255599552552233 0.02430482637179206 0.0373102381732797
1081 0.009896493743787274 0.009966780619181844 0.07119889196604343
1082 0.01512331990547395 0.04853780857355532 0.05901510296841905
1083 0.008610047303172667 0.04384072430158307 0.05340642644461847
1084 0.03428489720183264 0.02072405886548124 0.01673639890515407
1085 0.04360847442728818 0.03768390265554347 0.07641836419507449
1086 0.02160694350170155 0.05472667871865439 0.0157883728481892
1087 0.02643356817245202 0.05357719655231379 0.02748351422860793
1088 0.02604869010937173 0.02264671035039391 0.06974576827547206
1089 0.02780873785137938 0.03777360584447385 0.07588531815282597
1090 0.03423389284059872 0.03334483322694393 0.02489924667485375
1091 0.01062327547378666 0.02424303558922557 0.07190508246647132
1092 0.0635203886578846 0.03789705919753077 0.02526682116542603
1093 0.02333817669705691 0.0270525875686259 0.02325562593675507
1094 0.03497401137170463 0.007648306651393898 0.07189538275727053
1095 0.04517264039873431 0.06080674878138156 0.05233230503015537
1096 0.06329191124925453 0.05644741387154562 0.07301676446688944
1097 0.04037461202156982 0.02293535503495885 0.05369176246914485
1098 0.02965117681877405 0.03600394140645984 0.02643964859578605
1099 0.01528013652430373 0.05339626522709064 0.04469285894395433
1100 0.008468148681422294 0.06008166548283912 0.04332147249714711
1101 0.01082568434852355 0.07029016258281374 0.0495828377232945
1102 0.05011188393389945 0.03640661880127413 0.005206084962079062
1103 0.0268060832043529 0.04435289965865937 0.06310379183599645
1104 0.04403550014779227 0.006503774331048877 0.02705089566137995
1105 0.0451489821450115 0.007687522862624735 0.03638808556506339
1106 0.008104836555753643 0.05314880935212116 0.06050006278433179
1107 0.02328058460314846 0.06368583879348072 0.03823500382992464
1108 0.04505444062091365 0.05317778136296467 0.03870421129669947
1109 0.02359338890044394 0.04485896415418016 0.03999179588692417
1110 0.02320293398698499 0.04581711194619425 0.07580191308924655
1111 0.04102231445919444 0.03257630905585164 0.0692099240202553
1112 0.03567910875189464 0.04844148791847677 0.01806847948971981
1113 0.05929721825934642 0.04289086048259624 0.05133389550157474
1114 0.07207895574934632 0.009937665014676965 0.04889800457915366
1115 0.05830223191745665 0.04134477105470607 0.06489651533146901
1116 0.06684583507520951 0.07024657989088751 0.02047193039573175
1117 0.07055695252557605 0.0208612555800167 0.04787643574481155
1118 0.06069027799008173 0.02854228007975805 0.04783851363499076
1119 0.04474799570864211 0.0457360587903914 0.01828263789733603
1120 0.03082315272473051 0.02104612402511034 0.06745995202013617
1121 0.006780439369900413 0.02786902022745038 0.06128319658479638
1122 0.03714730726002314 0.01199376163615339 0.03328660379178615
1123 0.04166436946956121 0.0144819929470545 0.06594618254152092
1124 0.03252792577654057 0.03747144857075703 0.01816686064472167
1125 0.01534512349006568 0.03530154539308966 0.03426515549364281
1126 0.05199426264408331 0.04015895190300522 0.0530191912495092
1127 0.03864437087554061 0.0212734116699465 0.0668459969914706
1128 0.04373810813547759 0.04721111118972039 0.0121258035335876
1129 0.04982425174150404 0.0470745437492382 0.01034316950514097
1130 0.05500663206970454 0.04731657212162062 0.005457370530996736
1131 0.05647015685389579 0.01650682209761967 0.05900157035133326
1132 0.03148994770852621 0.04996054242597507 0.02777814161399121
1133 0.07197915392212839 0.05445578702511387 0.02997368883350565
1134 0.03383179867553111 0.03432742284691157 0.07612854247011441
1135 0.0540119683708767 0.007899970943530418 0.0629582787114057
1136 0.06486366499624469 0.03756963077395688 0.06808513248445476
1137 0.02320715957236737 0.03191061130954127 0.03070743380019174
1138 0.04496212312511599 0.03274087571019092 0.0235652224240167
1139 0.05505742075201402 0.07212934784805546 0.01843611031245262
1140 0.0397705744688297 0.02708816149195401 0.06039644400719259
1141 0.03285007098704518 0.02844564050474374 0.02371675585650767
1142 0.04423312607119839 0.05948753385502007 0.03072509255620088
1143 0.02586950057124269 0.01581981331177673 0.03428858016282079
1144 0.0522418395155224 0.03084702815218791 0.04581450095007431
1145 0.03988842568192649 0.007610176727837742 0.05309256287076519
1146 0.05194021752509985 0.03834290269764076 0.0295910788192978
1147 0.03650847968810898 0.04147864206605278 0.01972464947493034
1148 0.04309221386820776 0.07200454986692428 0.0283900530171955
1149 0.01145916281649365 0.04578119650817313 0.007549849765721634
1150 0.04711882561722975 0.03150370303389538 0.03275514908555163
1151 0.03696427351575109 0.008396112005724011 0.04115719429779748
1152 0.05365794534703539 0.0722686142721761 0.03422799331216315
1153 0.04291263019615086 0.02950168633496225 0.02759912718606475
1154 0.06507141544716628 0.04448302320007211 0.04321386383617409
1155 0.03104678682966105 0.04223309153137042 0.07087082371241615
1156 0.02102392336681522 0.04011007441545981 0.01657391592295063
1157 0.07082974986600536 0.04998553189276586 0.02002397104425096
1158 0.04806240117380774 0.04359375667415689 0.07606142280539219
1159 0.03317209647239253 0.04466348176115752 0.06192693349809249
1160 0.05287501748666967 0.05567887435176375 0.03061460319048491
1161 0.04921506421891326 0.07258715349486564 0.07064466448823888
1162 0.03287117277976511 0.04180083203351936 0.04062801504959077
1163 0.007931754265708966 0.05986958714005587 0.0308492426558355
1164 0.07176087827427852 0.03622446061499773 0.01180525048742715
1165 0.02828916815743243 0.05130821821091493 0.008158626744820562
1166 0.03189655541661574 0.01519222430683121 0.07522854451912381
1167 0.03124844006020936 0.06272755644498597 0.06115224732624437
1168 0.02367892234419116 0.05139808855421141 0.03143604945673098
1169 0.03913750158880153 0.05718139442166269 0.07009044729293253
1170 0.02551478862432719 0.05134532022901264 0.07640874400772334
1171 0.07324263242244526 0.0341572931320789 0.03414307303344646
1172 0.04727736214503839 0.05540888029084257 0.07606577598999832
1173 0.02269759402904908 0.02686662798541945 0.01702947657432059
1174 0.07171225564049485 0.0654854732867713 0.03168046188987537
1175 0.01216917048458504 0.02257776091840978 0.05496412253474635
1176 0.04564508492903449 0.03567988176821642 0.04719186049249927
1177 0.05844387206080957 0.05832581279750253 0.02830458713171878
1178 0.02192865699598037 0.02323543940225382 0.04778875812097202
1179 0.02193490075178604 0.01063999886543919 0.009933398746882014
1180 0.04694601515708323 0.02414510798794475 0.02747072472416372
1181 0.05712379375370528 0.0722194899060865 0.00795834798790066
1182 0.05385565624560271 0.04896144873352138 0.07604622578314854
1183 0.07204904170821862 0.02593899634653646 0.01710032881206954
1184 0.05732106657386114 0.04308494036702439 0.02378634876240414
1185 0.03858112922943109 0.04229398008546381 0.006796664349873506
1186 0.04288296357861528 0.04085804422061683 0.0126759746504633
1187 0.05818893769759248 0.05686991393476914 0.04153918698835563
1188 0.01507565423512801 0.04171193937299102 0.0427798669163918
1189 0.057228537860555 0.02360723652723718 0.06858164514923559
1190 0.02510010894212368 0.02917742772572183 0.06949085815382321
1191 0.04775680654225428 0.04867600281534472 0.04675886211408691
1192 0.004754353793595611 0.06583802871648707 0.004827563447025688
1193 0.07438841058794834 0.05497264317667887 0.005229091855306656
1194 0.07208359075711029 0.00792580975073239 0.03527875107719813
1195 0.007241495835028868 0.006910305915766927 0.02249477416893487
1196 0.005174542081563678 0.07298265862490404 0.05710721244048916
1197 0.03396593249627749 0.07422312009150063 0.006575456017759176
1198 0.004841746376838063 0.005030519140346056 0.06301477583947135
1199 0.007619889731369411 0.03464587677507448 0.00671953366939127
1200 0.01445341099490961 0.07454466935529724 0.004842433103131049
1201 0.00486519215045962 0.0148014916834061 0.005198434672826061
1202 0.07426121169836292 0.005781022385070657 0.01797828712777467
1203 0.031125228472549 0.07335762250045083 0.07445944415651502
1204 0.07511538034919567 0.004984511099225841 0.06268255310456351
1205 0.006998850568138665 0.05085144067363464 0.07463040663101918
1206 0.004749098705485665 0.01709615411287417 0.07553345307087823
1207 0.07519696573946848 0.04052295592534384 0.004552734894592142
1208 0.07469449747198144 0.07515974998259667 0.01734834559335468
1209 0.006217354949966427 0.07324104528464472 0.03373993381249556
1210 0.05526730708261639 0.005783758496996168 0.07365803337727557
1211 0.01463462090113539 0.004953488231394695 0.005114550146589868
1212 0.07430420970883177 0.01806638669701596 0.005885177350433579
1213 0.005065826744443655 0.07466728241887155 0.01428076284654388
1214 0.06554358122443128 0.005249131788259912 0.005122905800512341
1215 0.07381497385909136 0.07354336663046947 0.06790087886809228
1216 0.07435246826455311 0.04072817655502885 0.07528164411276501
1217 0.005340935554384511 0.06238858932824095 0.07526410229783216
1218 0.01895360301761104 0.005627158598192102 0.07539660775355388
1219 0.005407970762616055 0.03148411440034541 0.07542525807884447
1220 0.07564164959751689 0.05379628840407678 0.07474505886849188
1221 0.07448907328014266 0.02595371014713144 0.07441173818454053
1222 0.06603782698834157 0.0754491815301877 0.004954508366796425
1223 0.02632656407842499 0.005233987990627022 0.07597693777427854
1224 0.005097205502652634 0.02503794398959546 0.004921130923191829
1225 0.07490388238238253 0.06250239978208628 0.07498292126185237
1226 0.02470713353464489 0.005142372551258931 0.004917382162880143
1227 0.07419756703472036 0.005975888177951416 0.005864511205980525
1228 0.07382465963263551 0.02884428105557923 0.006304790841822942
1229 0.07444118418406366 0.06525539848923098 0.005019893147436815
1230 0.005023939740187479 0.07394074095443602 0.0745321942573348
1231 0.007355708279446936 0.05651429980307491 0.006099153914278034
1232 0.06417961064177918 0.007740157490383039 0.07391664212722326
1233 0.005561852714374827 0.005567104863179849 0.005220012339283572
1234 0.07454675179065413 0.07457921895018324 0.005685408654355291
1235 0.07403038489067913 0.006197737272633241 0.07395342858128835
1236 0.07495367395087302 0.004470714477262455 0.02789670771077311
1237 0.07179912547529753 0.07387719036057837 0.03149026851161764
1238 0.07513143295524184 0.06954430080697159 0.07437530582418149
1239 0.004688247496157413 0.0750646095055635 0.06595883422952389
1240 0.00558755075807112 0.07433240877393343 0.005507476741760004
1241 0.07538722043207377 0.01542964271316485 0.07448727474815599
1242 0.0696738167885325 0.07354071087561356 0.07462244473118917
$EndNodes
$Elements
5869
1 4 2 1 1 1230 75 3 429
2 4 2 1 1 456 638 342 841
3 4 2 1 1 1028 1002 759 591
4 4 2 1 1 599 818 715 988
5 4 2 1 1 1230 75 429 1037
6 4 2 1 1 652 759 405 1002
7 4 2 1 1 459 732 735 954
8 4 2 1 1 551 751 575 828
9 4 2 1 1 575 751 506 828
10 4 2 1 1 478 589 973 1113
11 4 2 1 1 492 762 777 930
12 4 2 1 1 785 828 692 931
13 4 2 1 1 459 613 830 763
14 4 2 1 1 551 828 575 866
15 4 2 1 1 485 650 630 966
16 4 2 1 1 1145 879 514 1135
17 4 2 1 1 938 818 599 988
18 4 2 1 1 497 880 706 1082
19 4 2 1 1 593 691 501 797
20 4 2 1 1 555 777 762 930
21 4 2 1 1 519 869 781 995
22 4 2 1 1 544 813 747 1054
23 4 2 1 1 452 340 639 949
24 4 2 1 1 1081 431 1 63
25 4 2 1 1 706 1082 534 1083
26 4 2 1 1 460 736 776 825
27 4 2 1 1 863 1023 675 1112
28 4 2 1 1 1081 980 180 1198
29 4 2 1 1 754 675 1023 1112
30 4 2 1 1 459 613 763 1010
31 4 2 1 1 478 908 589 1113
32 4 2 1 1 776 825 736 928
33 4 2 1 1 513 705 555 777
34 4 2 1 1 458 662 771 1046
35 4 2 1 1 459 735 732 830
36 4 2 1 1 459 737 613 1010
37 4 2 1 1 744 976 873 1077
38 4 2 1 1 547 828 785 931
39 4 2 1 1 513 702 555 758
40 4 2 1 1 589 668 973 1113
41 4 2 1 1 458 771 857 1046
42 4 2 1 1 1028 1002 591 1025
43 4 2 1 1 63 1081 327 1218
44 4 2 1 1 499 751 692 835
45 4 2 1 1 745 802 548 937
46 4 2 1 1 1057 786 987 596
47 4 2 1 1 1095 1032 667 685
48 4 2 1 1 763 823 563 970
49 4 2 1 1 74 1234 1222 313
50 4 2 1 1 499 631 751 835
51 4 2 1 1 795 926 879 679
52 4 2 1 1 570 998 869 787
53 4 2 1 1 1234 1222 313 1079
54 4 2 1 1 540 1023 863 1112
55 4 2 1 1 1132 909 754 693
56 4 2 1 1 861 878 657 1078
57 4 2 1 1 386 894 781 584
58 4 2 1 1 479 682 641 998
59 4 2 1 1 492 614 848 1182
60 4 2 1 1 485 650 966 1144
61 4 2 1 1 497 731 638 950
62 4 2 1 1 700 1026 763 1053
63 4 2 1 1 584 781 386 995
64 4 2 1 1 1095 1032 685 959
65 4 2 1 1 873 976 471 1077
66 4 2 1 1 589 908 668 1113
67 4 2 1 1 613 830 763 1026
68 4 2 1 1 649 624 474 937
69 4 2 1 1 74 1234 313 8
70 4 2 1 1 522 792 650 1150
71 4 2 1 1 510 712 627 1094
72 4 2 1 1 458 662 1046 583
73 4 2 1 1 580 480 651 978
74 4 2 1 1 540 754 1023 1112
75 4 2 1 1 474 556 597 1097
76 4 2 1 1 610 623 493 853
77 4 2 1 1 526 982 800 1111
78 4 2 1 1 480 684 620 826
79 4 2 1 1 620 684 566 826
80 4 2 1 1 693 754 518 909
81 4 2 1 1 800 982 616 1111
82 4 2 1 1 780 724 920 756
83 4 2 1 1 834 894 584 918
84 4 2 1 1 180 1081 205 750
85 4 2 1 1 459 823 763 970
86 4 2 1 1 474 597 556 966
87 4 2 1 1 632 414 869 995
88 4 2 1 1 580 651 480 1075
89 4 2 1 1 1201 316 1233 27
90 4 2 1 1 1233 2 27 316
91 4 2 1 1 780 724 756 458
92 4 2 1 1 623 1017 610 493
93 4 2 1 1 781 584 894 918
94 4 2 1 1 635 867 836 975
95 4 2 1 1 1201 316 637 1233
96 4 2 1 1 878 915 782 952
97 4 2 1 1 479 982 632 1111
98 4 2 1 1 1192 314 1240 905
99 4 2 1 1 414 632 869 1041
100 4 2 1 1 649 624 937 547
101 4 2 1 1 480 620 684 903
102 4 2 1 1 560 733 660 659
103 4 2 1 1 490 929 678 1068
104 4 2 1 1 599 818 645 577
105 4 2 1 1 714 646 720 543
106 4 2 1 1 1192 314 32 1240
107 4 2 1 1 546 486 640 1051
108 4 2 1 1 643 834 894 584
109 4 2 1 1 495 621 743 1187
110 4 2 1 1 586 551 464 499
111 4 2 1 1 1143 1003 798 619
112 4 2 1 1 1240 32 4 314
113 4 2 1 1 495 963 573 964
114 4 2 1 1 337 689 768 582
115 4 2 1 1 62 1227 315 1214
116 4 2 1 1 479 982 1111 616
117 4 2 1 1 761 902 602 901
118 4 2 1 1 533 644 633 988
119 4 2 1 1 460 825 776 556
120 4 2 1 1 366 982 800 1085
121 4 2 1 1 563 823 763 1010
122 4 2 1 1 528 1062 1006 1068
123 4 2 1 1 107 81 30 1149
124 4 2 1 1 365 652 772 800
125 4 2 1 1 462 753 739 1074
126 4 2 1 1 136 707 568 1049
127 4 2 1 1 457 576 699 767
128 4 2 1 1 591 759 652 1002
129 4 2 1 1 1214 1227 315 757
130 4 2 1 1 506 692 785 828
131 4 2 1 1 974 1128 907 504
132 4 2 1 1 62 1227 1214 216
133 4 2 1 1 1238 1242 7 1215
134 4 2 1 1 706 880 497 940
135 4 2 1 1 953 513 555 777
136 4 2 1 1 367 652 772 365
137 4 2 1 1 519 787 869 998
138 4 2 1 1 1238 1242 1215 572
139 4 2 1 1 651 965 457 1075
140 4 2 1 1 324 1242 1047 80
141 4 2 1 1 672 811 140 609
142 4 2 1 1 62 61 178 1214
143 4 2 1 1 474 795 556 1097
144 4 2 1 1 522 1055 792 1150
145 4 2 1 1 540 770 766 990
146 4 2 1 1 324 1242 80 430
147 4 2 1 1 7 80 1242 430
148 4 2 1 1 736 825 571 943
149 4 2 1 1 432 837 570 582
150 4 2 1 1 268 295 30 1149
151 4 2 1 1 457 699 576 792
152 4 2 1 1 782 878 476 915
153 4 2 1 1 599 715 818 577
154 4 2 1 1 661 987 786 1054
155 4 2 1 1 866 1190 710 648
156 4 2 1 1 499 692 611 835
157 4 2 1 1 651 965 1075 580
158 4 2 1 1 756 780 620 920
159 4 2 1 1 645 939 887 812
160 4 2 1 1 571 924 736 943
161 4 2 1 1 469 600 691 1137
162 4 2 1 1 685 646 667 1095
163 4 2 1 1 469 989 600 1137
164 4 2 1 1 481 755 693 600
165 4 2 1 1 263 3 26 1230
166 4 2 1 1 458 1046 857 583
167 4 2 1 1 724 694 756 458
168 4 2 1 1 415 781 869 995
169 4 2 1 1 1028 1002 1025 382
170 4 2 1 1 515 590 147 1117
171 4 2 1 1 474 556 795 966
172 4 2 1 1 575 551 710 751
173 4 2 1 1 575 828 779 866
174 4 2 1 1 1064 709 904 743
175 4 2 1 1 459 731 605 970
176 4 2 1 1 476 782 838 878
177 4 2 1 1 463 881 594 669
178 4 2 1 1 504 601 658 1119
179 4 2 1 1 419 758 705 1066
180 4 2 1 1 97 902 678 1068
181 4 2 1 1 1230 1239 26 263
182 4 2 1 1 598 514 1131 890
183 4 2 1 1 519 632 869 995
184 4 2 1 1 1230 1239 263 1037
185 4 2 1 1 366 406 982 1085
186 4 2 1 1 663 716 576 778
187 4 2 1 1 459 763 823 1010
188 4 2 1 1 600 469 691 755
189 4 2 1 1 554 1105 679 1151
190 4 2 1 1 680 784 566 845
191 4 2 1 1 631 751 462 1024
192 4 2 1 1 39 1235 428 1241
193 4 2 1 1 513 555 705 758
194 4 2 1 1 469 883 691 962
195 4 2 1 1 39 1235 1241 170
196 4 2 1 1 491 792 650 1044
197 4 2 1 1 496 825 736 943
198 4 2 1 1 710 773 617 536
199 4 2 1 1 499 611 774 835
200 4 2 1 1 657 915 878 952
201 4 2 1 1 482 939 812 1021
202 4 2 1 1 512 855 700 578
203 4 2 1 1 488 970 687 1159
204 4 2 1 1 1235 1241 768 428
205 4 2 1 1 459 605 823 970
206 4 2 1 1 40 1241 455 1221
207 4 2 1 1 479 632 688 998
208 4 2 1 1 526 800 982 1085
209 4 2 1 1 512 855 839 700
210 4 2 1 1 974 1128 717 907
211 4 2 1 1 504 658 601 1147
212 4 2 1 1 567 756 620 920
213 4 2 1 1 724 756 567 920
214 4 2 1 1 597 825 776 928
215 4 2 1 1 776 736 764 589
216 4 2 1 1 438 869 781 582
217 4 2 1 1 469 797 989 1137
218 4 2 1 1 491 650 792 1150
219 4 2 1 1 470 578 700 972
220 4 2 1 1 455 1221 1241 730
221 4 2 1 1 627 712 194 1094
222 4 2 1 1 479 739 842 641
223 4 2 1 1 560 675 660 489
224 4 2 1 1 736 943 924 1040
225 4 2 1 1 705 762 555 777
226 4 2 1 1 492 762 705 777
227 4 2 1 1 608 582 787 1131
228 4 2 1 1 594 881 463 1169
229 4 2 1 1 710 850 536 946
230 4 2 1 1 472 802 745 937
231 4 2 1 1 469 691 797 1137
232 4 2 1 1 415 781 438 869
233 4 2 1 1 808 934 622 614
234 4 2 1 1 480 580 847 1108
235 4 2 1 1 575 710 551 866
236 4 2 1 1 472 656 624 927
237 4 2 1 1 477 622 934 614
238 4 2 1 1 1023 489 909 557
239 4 2 1 1 162 127 163 1164
240 4 2 1 1 612 520 720 667
241 4 2 1 1 688 981 397 982
242 4 2 1 1 509 553 156 805
243 4 2 1 1 339 781 415 995
244 4 2 1 1 795 879 926 598
245 4 2 1 1 1241 39 40 455
246 4 2 1 1 685 780 505 959
247 4 2 1 1 39 1241 428 455
248 4 2 1 1 705 762 492 925
249 4 2 1 1 510 665 627 712
250 4 2 1 1 428 455 1241 768
251 4 2 1 1 455 730 1241 768
252 4 2 1 1 923 867 1099 836
253 4 2 1 1 935 535 699 600
254 4 2 1 1 1081 15 354 1206
255 4 2 1 1 938 818 988 533
256 4 2 1 1 938 818 533 645
257 4 2 1 1 756 458 1034 859
258 4 2 1 1 1109 923 635 867
259 4 2 1 1 476 601 754 766
260 4 2 1 1 764 776 677 460
261 4 2 1 1 736 496 943 1040
262 4 2 1 1 475 576 699 1055
263 4 2 1 1 15 431 1 1081
264 4 2 1 1 693 755 557 909
265 4 2 1 1 1203 595 844 984
266 4 2 1 1 637 215 9 1233
267 4 2 1 1 303 695 541 994
268 4 2 1 1 650 552 819 1080
269 4 2 1 1 578 470 700 1053
270 4 2 1 1 682 779 664 1140
271 4 2 1 1 342 639 638 949
272 4 2 1 1 625 1003 546 1143
273 4 2 1 1 551 692 751 828
274 4 2 1 1 598 514 890 795
275 4 2 1 1 1233 9 2 215
276 4 2 1 1 617 917 799 1089
277 4 2 1 1 485 650 819 1080
278 4 2 1 1 586 710 551 751
279 4 2 1 1 347 912 711 1088
280 4 2 1 1 506 751 692 828
281 4 2 1 1 1213 261 1240 21
282 4 2 1 1 741 970 687 488
283 4 2 1 1 780 724 458 583
284 4 2 1 1 467 678 604 1035
285 4 2 1 1 459 735 613 737
286 4 2 1 1 468 690 633 851
287 4 2 1 1 460 628 764 736
288 4 2 1 1 261 21 4 1240
289 4 2 1 1 492 848 729 1182
290 4 2 1 1 504 675 660 659
291 4 2 1 1 1012 710 617 916
292 4 2 1 1 827 707 145 572
293 4 2 1 1 779 828 575 506
294 4 2 1 1 763 829 563 919
295 4 2 1 1 555 762 705 1066
296 4 2 1 1 366 800 982 1134
297 4 2 1 1 424 688 711 981
298 4 2 1 1 470 847 578 965
299 4 2 1 1 500 954 788 1043
300 4 2 1 1 115 546 637 997
301 4 2 1 1 479 998 688 1127
302 4 2 1 1 536 616 753 800
303 4 2 1 1 741 563 829 919
304 4 2 1 1 776 825 597 556
305 4 2 1 1 1081 980 1198 86
306 4 2 1 1 471 840 653 976
307 4 2 1 1 69 1240 1200 261
308 4 2 1 1 482 564 766 599
309 4 2 1 1 486 748 1003 891
310 4 2 1 1 470 965 578 972
311 4 2 1 1 357 729 643 992
312 4 2 1 1 570 944 335 1041
313 4 2 1 1 526 772 727 614
314 4 2 1 1 552 746 650 819
315 4 2 1 1 1144 819 650 746
316 4 2 1 1 564 838 782 878
317 4 2 1 1 342 638 639 841
318 4 2 1 1 460 628 736 701
319 4 2 1 1 133 1193 153 695
320 4 2 1 1 1213 261 905 1240
321 4 2 1 1 90 706 497 940
322 4 2 1 1 482 564 599 939
323 4 2 1 1 457 965 774 1069
324 4 2 1 1 475 778 576 1055
325 4 2 1 1 767 576 699 600
326 4 2 1 1 480 629 684 826
327 4 2 1 1 566 684 629 826
328 4 2 1 1 518 754 693 865
329 4 2 1 1 261 1240 1200 905
330 4 2 1 1 1006 1062 593 1068
331 4 2 1 1 694 777 705 1034
332 4 2 1 1 576 457 651 803
333 4 2 1 1 774 965 578 1069
334 4 2 1 1 628 764 736 973
335 4 2 1 1 459 763 829 970
336 4 2 1 1 462 751 739 946
337 4 2 1 1 497 639 638 731
338 4 2 1 1 477 701 584 934
339 4 2 1 1 710 850 946 586
340 4 2 1 1 1202 216 1227 33
341 4 2 1 1 457 576 767 803
342 4 2 1 1 457 792 681 1052
343 4 2 1 1 1012 710 916 464
344 4 2 1 1 503 830 613 1026
345 4 2 1 1 1081 14 86 1198
346 4 2 1 1 526 808 772 614
347 4 2 1 1 467 1035 604 1087
348 4 2 1 1 616 981 688 982
349 4 2 1 1 216 33 6 1227
350 4 2 1 1 537 543 720 574
351 4 2 1 1 470 578 685 1053
352 4 2 1 1 613 737 923 804
353 4 2 1 1 796 811 1008 478
354 4 2 1 1 1202 216 757 1227
355 4 2 1 1 516 679 554 1105
356 4 2 1 1 462 631 739 751
357 4 2 1 1 536 616 800 1134
358 4 2 1 1 473 686 655 822
359 4 2 1 1 638 488 759 1110
360 4 2 1 1 468 633 690 968
361 4 2 1 1 753 800 616 1111
362 4 2 1 1 631 462 839 1024
363 4 2 1 1 889 599 715 838
364 4 2 1 1 1132 909 693 557
365 4 2 1 1 692 931 828 932
366 4 2 1 1 563 687 741 970
367 4 2 1 1 1185 1128 815 974
368 4 2 1 1 641 998 682 787
369 4 2 1 1 555 1169 713 951
370 4 2 1 1 467 975 678 1035
371 4 2 1 1 476 838 601 766
372 4 2 1 1 367 652 365 404
373 4 2 1 1 488 1159 1007 850
374 4 2 1 1 497 1082 706 1106
375 4 2 1 1 669 1095 1032 667
376 4 2 1 1 600 576 699 935
377 4 2 1 1 1037 75 429 749
378 4 2 1 1 580 480 847 1075
379 4 2 1 1 938 818 645 599
380 4 2 1 1 576 651 457 792
381 4 2 1 1 712 1218 1223 442
382 4 2 1 1 710 916 648 1190
383 4 2 1 1 1186 1185 815 1022
384 4 2 1 1 224 25 1196 1239
385 4 2 1 1 633 690 530 783
386 4 2 1 1 1196 224 1239 1037
387 4 2 1 1 500 923 737 804
388 4 2 1 1 563 829 763 970
389 4 2 1 1 553 590 871 1118
390 4 2 1 1 26 25 224 1239
391 4 2 1 1 599 838 564 766
392 4 2 1 1 1239 224 26 263
393 4 2 1 1 588 514 679 795
394 4 2 1 1 1084 853 603 987
395 4 2 1 1 678 975 929 1035
396 4 2 1 1 654 464 551 499
397 4 2 1 1 685 959 505 1095
398 4 2 1 1 576 865 716 663
399 4 2 1 1 678 902 490 1068
400 4 2 1 1 727 360 362 584
401 4 2 1 1 263 1239 224 1037
402 4 2 1 1 461 779 828 866
403 4 2 1 1 501 691 593 1125
404 4 2 1 1 503 520 830 1026
405 4 2 1 1 736 764 589 973
406 4 2 1 1 56 8 313 1234
407 4 2 1 1 744 873 554 927
408 4 2 1 1 464 710 586 773
409 4 2 1 1 676 469 755 962
410 4 2 1 1 566 684 620 709
411 4 2 1 1 373 708 380 759
412 4 2 1 1 706 1012 618 872
413 4 2 1 1 486 719 1179 637
414 4 2 1 1 1229 1234 56 313
415 4 2 1 1 133 695 794 1079
416 4 2 1 1 1229 1234 313 1079
417 4 2 1 1 259 222 245 698
418 4 2 1 1 505 714 621 996
419 4 2 1 1 605 880 773 950
420 4 2 1 1 39 1235 170 5
421 4 2 1 1 630 976 744 1077
422 4 2 1 1 1117 1118 677 590
423 4 2 1 1 479 641 682 1140
424 4 2 1 1 538 550 861 862
425 4 2 1 1 741 790 591 881
426 4 2 1 1 675 518 560 1124
427 4 2 1 1 762 925 705 1066
428 4 2 1 1 68 5 1235 428
429 4 2 1 1 622 571 934 1074
430 4 2 1 1 467 975 836 993
431 4 2 1 1 535 765 696 801
432 4 2 1 1 299 704 738 882
433 4 2 1 1 479 982 616 688
434 4 2 1 1 477 934 924 701
435 4 2 1 1 1232 1235 428 68
436 4 2 1 1 461 665 866 1060
437 4 2 1 1 518 755 693 909
438 4 2 1 1 82 618 706 940
439 4 2 1 1 1232 1235 768 428
440 4 2 1 1 373 708 759 1004
441 4 2 1 1 1238 44 7 430
442 4 2 1 1 492 930 777 771
443 4 2 1 1 773 880 607 950
444 4 2 1 1 459 830 613 735
445 4 2 1 1 870 1069 578 1075
446 4 2 1 1 595 594 881 669
447 4 2 1 1 666 613 923 525
448 4 2 1 1 563 741 829 970
449 4 2 1 1 1083 1043 788 954
450 4 2 1 1 827 707 572 694
451 4 2 1 1 1098 935 600 989
452 4 2 1 1 543 864 782 1108
453 4 2 1 1 685 1032 667 1053
454 4 2 1 1 543 915 657 952
455 4 2 1 1 554 873 744 976
456 4 2 1 1 1238 1242 572 430
457 4 2 1 1 482 766 770 990
458 4 2 1 1 1225 1238 430 44
459 4 2 1 1 386 360 584 995
460 4 2 1 1 367 652 404 1002
461 4 2 1 1 866 1190 648 1088
462 4 2 1 1 701 842 641 519
463 4 2 1 1 710 464 586 551
464 4 2 1 1 751 946 462 1024
465 4 2 1 1 474 744 624 955
466 4 2 1 1 1225 1238 572 430
467 4 2 1 1 842 998 641 519
468 4 2 1 1 1238 1242 430 7
469 4 2 1 1 476 754 878 766
470 4 2 1 1 916 917 1091 673
471 4 2 1 1 551 586 751 499
472 4 2 1 1 622 934 808 1074
473 4 2 1 1 617 708 536 773
474 4 2 1 1 462 1024 946 1159
475 4 2 1 1 470 1026 700 1053
476 4 2 1 1 660 824 560 489
477 4 2 1 1 617 916 710 1190
478 4 2 1 1 739 751 575 946
479 4 2 1 1 459 605 731 1082
480 4 2 1 1 349 618 1091 1219
481 4 2 1 1 95 528 947 1006
482 4 2 1 1 780 724 583 920
483 4 2 1 1 504 658 659 1186
484 4 2 1 1 1208 243 1237 46
485 4 2 1 1 1022 738 279 1102
486 4 2 1 1 470 1026 1053 667
487 4 2 1 1 512 700 1053 578
488 4 2 1 1 229 1237 220 816
489 4 2 1 1 354 410 327 1081
490 4 2 1 1 621 743 709 941
491 4 2 1 1 562 746 650 1044
492 4 2 1 1 348 423 323 944
493 4 2 1 1 629 480 684 978
494 4 2 1 1 347 409 711 912
495 4 2 1 1 492 614 771 848
496 4 2 1 1 479 982 688 632
497 4 2 1 1 493 882 945 1057
498 4 2 1 1 589 668 908 746
499 4 2 1 1 760 1171 983 558
500 4 2 1 1 47 46 1237 243
501 4 2 1 1 1208 243 1116 1237
502 4 2 1 1 542 1237 1174 1116
503 4 2 1 1 549 534 843 655
504 4 2 1 1 889 599 838 564
505 4 2 1 1 477 622 924 934
506 4 2 1 1 622 571 924 934
507 4 2 1 1 941 1152 565 884
508 4 2 1 1 1098 935 989 1090
509 4 2 1 1 685 667 470 1053
510 4 2 1 1 870 578 1069 855
511 4 2 1 1 682 998 479 1127
512 4 2 1 1 485 630 650 1080
513 4 2 1 1 473 892 874 655
514 4 2 1 1 468 851 633 988
515 4 2 1 1 333 762 448 925
516 4 2 1 1 907 938 766 1128
517 4 2 1 1 501 797 765 798
518 4 2 1 1 542 1237 1116 243
519 4 2 1 1 1028 1002 382 759
520 4 2 1 1 499 611 692 822
521 4 2 1 1 660 675 504 863
522 4 2 1 1 341 1005 607 1110
523 4 2 1 1 1129 717 533 1130
524 4 2 1 1 989 1090 935 1141
525 4 2 1 1 526 982 856 1085
526 4 2 1 1 650 746 562 1144
527 4 2 1 1 526 772 808 1007
528 4 2 1 1 504 1119 658 1186
529 4 2 1 1 1202 197 1236 1031
530 4 2 1 1 1202 197 34 1236
531 4 2 1 1 654 843 551 464
532 4 2 1 1 681 792 752 650
533 4 2 1 1 493 882 704 945
534 4 2 1 1 602 678 116 902
535 4 2 1 1 489 675 863 1023
536 4 2 1 1 693 576 767 600
537 4 2 1 1 251 559 749 1037
538 4 2 1 1 484 657 861 878
539 4 2 1 1 1195 115 546 637
540 4 2 1 1 502 697 956 1027
541 4 2 1 1 691 755 469 962
542 4 2 1 1 526 800 772 1007
543 4 2 1 1 543 646 864 1108
544 4 2 1 1 1194 197 1236 35
545 4 2 1 1 786 987 596 1054
546 4 2 1 1 343 1037 749 639
547 4 2 1 1 526 800 753 1111
548 4 2 1 1 510 711 688 1045
549 4 2 1 1 605 464 773 880
550 4 2 1 1 515 1131 879 1135
551 4 2 1 1 1194 197 1031 1236
552 4 2 1 1 35 34 197 1236
553 4 2 1 1 463 669 953 1032
554 4 2 1 1 405 759 652 1004
555 4 2 1 1 518 909 675 560
556 4 2 1 1 982 981 1134 616
557 4 2 1 1 463 594 702 669
558 4 2 1 1 584 856 727 934
559 4 2 1 1 760 1171 558 821
560 4 2 1 1 710 536 617 1190
561 4 2 1 1 1203 595 984 749
562 4 2 1 1 156 805 553 1171
563 4 2 1 1 474 868 649 937
564 4 2 1 1 1204 214 1235 768
565 4 2 1 1 1204 214 38 1235
566 4 2 1 1 1098 935 1090 576
567 4 2 1 1 684 996 466 1108
568 4 2 1 1 688 998 632 1041
569 4 2 1 1 1189 869 582 781
570 4 2 1 1 929 678 97 1163
571 4 2 1 1 1169 951 702 594
572 4 2 1 1 616 479 688 1045
573 4 2 1 1 507 808 772 1007
574 4 2 1 1 866 1190 1088 508
575 4 2 1 1 727 856 526 934
576 4 2 1 1 38 5 1235 214
577 4 2 1 1 1208 262 1234 1079
578 4 2 1 1 526 727 934 614
579 4 2 1 1 782 864 580 1108
580 4 2 1 1 547 828 931 932
581 4 2 1 1 1208 262 45 1234
582 4 2 1 1 1234 45 8 262
583 4 2 1 1 504 659 658 1147
584 4 2 1 1 466 996 646 1108
585 4 2 1 1 660 675 560 659
586 4 2 1 1 522 656 744 1052
587 4 2 1 1 624 744 656 1052
588 4 2 1 1 705 758 555 1066
589 4 2 1 1 391 708 1005 1110
590 4 2 1 1 542 1139 565 1152
591 4 2 1 1 74 1234 8 262
592 4 2 1 1 1234 262 1222 1079
593 4 2 1 1 563 687 970 1159
594 4 2 1 1 600 469 755 1098
595 4 2 1 1 756 694 827 573
596 4 2 1 1 664 779 682 896
597 4 2 1 1 1193 303 273 695
598 4 2 1 1 708 759 488 1110
599 4 2 1 1 1211 316 1233 637
600 4 2 1 1 1073 563 919 1029
601 4 2 1 1 739 641 479 1140
602 4 2 1 1 609 760 140 983
603 4 2 1 1 613 503 666 923
604 4 2 1 1 1211 316 57 1233
605 4 2 1 1 780 859 505 959
606 4 2 1 1 57 2 1233 316
607 4 2 1 1 448 925 762 1066
608 4 2 1 1 475 778 663 576
609 4 2 1 1 840 985 653 1072
610 4 2 1 1 633 851 690 1184
611 4 2 1 1 699 576 475 935
612 4 2 1 1 1210 326 1232 582
613 4 2 1 1 544 748 747 813
614 4 2 1 1 1019 1093 640 1173
615 4 2 1 1 567 908 826 465
616 4 2 1 1 520 612 669 667
617 4 2 1 1 587 1006 892 1027
618 4 2 1 1 486 1179 719 561
619 4 2 1 1 1210 326 67 1232
620 4 2 1 1 484 657 878 952
621 4 2 1 1 866 1190 508 710
622 4 2 1 1 527 961 707 568
623 4 2 1 1 883 1062 962 490
624 4 2 1 1 1164 1056 634 674
625 4 2 1 1 457 752 681 792
626 4 2 1 1 575 751 739 506
627 4 2 1 1 475 935 576 1090
628 4 2 1 1 1232 67 68 326
629 4 2 1 1 68 1232 326 428
630 4 2 1 1 580 915 820 803
631 4 2 1 1 917 1005 388 1089
632 4 2 1 1 820 915 476 803
633 4 2 1 1 1019 858 1076 883
634 4 2 1 1 680 760 609 983
635 4 2 1 1 481 686 611 1109
636 4 2 1 1 337 1232 768 428
637 4 2 1 1 337 1232 428 326
638 4 2 1 1 463 667 669 1032
639 4 2 1 1 362 360 408 995
640 4 2 1 1 476 693 754 865
641 4 2 1 1 607 1005 708 1110
642 4 2 1 1 569 953 669 1032
643 4 2 1 1 469 676 883 962
644 4 2 1 1 537 234 233 911
645 4 2 1 1 479 641 842 998
646 4 2 1 1 775 877 552 893
647 4 2 1 1 761 902 901 490
648 4 2 1 1 270 1231 1192 31
649 4 2 1 1 410 712 327 1081
650 4 2 1 1 503 520 1026 720
651 4 2 1 1 761 489 1023 557
652 4 2 1 1 1195 115 637 88
653 4 2 1 1 490 678 929 1035
654 4 2 1 1 270 1231 31 295
655 4 2 1 1 496 855 870 1069
656 4 2 1 1 311 1231 602 905
657 4 2 1 1 377 1002 382 1025
658 4 2 1 1 724 921 583 1113
659 4 2 1 1 367 652 1002 772
660 4 2 1 1 391 1005 708 1089
661 4 2 1 1 1095 1032 959 569
662 4 2 1 1 1194 509 1031 1063
663 4 2 1 1 921 973 583 1113
664 4 2 1 1 558 760 680 983
665 4 2 1 1 709 743 621 1187
666 4 2 1 1 467 807 604 993
667 4 2 1 1 485 860 819 1118
668 4 2 1 1 1073 563 1029 687
669 4 2 1 1 30 31 1231 295
670 4 2 1 1 944 711 1166 424
671 4 2 1 1 689 498 894 895
672 4 2 1 1 617 1005 917 1089
673 4 2 1 1 1231 30 295 1149
674 4 2 1 1 1231 1149 311 602
675 4 2 1 1 355 643 729 810
676 4 2 1 1 540 907 766 1112
677 4 2 1 1 781 894 689 918
678 4 2 1 1 1205 497 949 940
679 4 2 1 1 485 677 860 1118
680 4 2 1 1 747 813 596 1054
681 4 2 1 1 3 20 1230 429
682 4 2 1 1 1083 1043 954 534
683 4 2 1 1 580 864 782 915
684 4 2 1 1 543 782 864 915
685 4 2 1 1 609 811 139 1059
686 4 2 1 1 885 915 666 525
687 4 2 1 1 561 1084 891 579
688 4 2 1 1 682 779 588 896
689 4 2 1 1 497 605 731 950
690 4 2 1 1 1230 263 3 75
691 4 2 1 1 606 777 555 930
692 4 2 1 1 1217 1230 20 429
693 4 2 1 1 1217 1230 429 1037
694 4 2 1 1 106 121 101 980
695 4 2 1 1 490 676 883 901
696 4 2 1 1 471 653 840 985
697 4 2 1 1 493 610 853 1018
698 4 2 1 1 648 673 665 1088
699 4 2 1 1 589 478 871 908
700 4 2 1 1 659 1022 733 1185
701 4 2 1 1 519 869 632 998
702 4 2 1 1 641 556 890 682
703 4 2 1 1 692 751 506 835
704 4 2 1 1 846 852 603 1141
705 4 2 1 1 725 591 790 881
706 4 2 1 1 814 1129 533 1130
707 4 2 1 1 897 1182 614 762
708 4 2 1 1 1230 263 75 1037
709 4 2 1 1 279 738 298 1102
710 4 2 1 1 115 637 719 997
711 4 2 1 1 1223 65 212 1094
712 4 2 1 1 533 633 644 814
713 4 2 1 1 278 974 1185 815
714 4 2 1 1 820 865 576 803
715 4 2 1 1 1215 7 50 260
716 4 2 1 1 476 820 838 782
717 4 2 1 1 473 696 931 932
718 4 2 1 1 547 931 696 932
719 4 2 1 1 607 880 773 1012
720 4 2 1 1 648 866 665 1060
721 4 2 1 1 595 702 594 669
722 4 2 1 1 260 1215 7 1242
723 4 2 1 1 607 708 617 773
724 4 2 1 1 610 663 658 971
725 4 2 1 1 777 930 606 771
726 4 2 1 1 543 885 657 915
727 4 2 1 1 294 310 305 1033
728 4 2 1 1 935 1090 475 1141
729 4 2 1 1 370 397 981 982
730 4 2 1 1 1015 520 721 503
731 4 2 1 1 616 982 800 1134
732 4 2 1 1 546 1003 486 1051
733 4 2 1 1 469 691 883 1019
734 4 2 1 1 827 707 694 568
735 4 2 1 1 508 536 710 1190
736 4 2 1 1 715 988 818 1184
737 4 2 1 1 1047 1215 1242 572
738 4 2 1 1 1204 181 1114 37
739 4 2 1 1 37 36 181 1114
740 4 2 1 1 1191 620 920 480
741 4 2 1 1 543 666 885 915
742 4 2 1 1 529 671 877 893
743 4 2 1 1 691 797 593 1019
744 4 2 1 1 1191 620 480 903
745 4 2 1 1 467 678 975 993
746 4 2 1 1 693 476 754 1132
747 4 2 1 1 480 847 903 1108
748 4 2 1 1 590 608 515 730
749 4 2 1 1 529 671 740 877
750 4 2 1 1 1204 181 768 1114
751 4 2 1 1 617 799 917 1190
752 4 2 1 1 1229 695 133 1079
753 4 2 1 1 504 675 659 1147
754 4 2 1 1 553 871 809 1118
755 4 2 1 1 656 744 624 927
756 4 2 1 1 40 158 1241 1221
757 4 2 1 1 766 907 482 938
758 4 2 1 1 661 747 987 1054
759 4 2 1 1 280 660 281 302
760 4 2 1 1 708 773 607 950
761 4 2 1 1 601 504 766 1119
762 4 2 1 1 457 699 792 1052
763 4 2 1 1 684 903 996 1108
764 4 2 1 1 572 694 573 827
765 4 2 1 1 404 405 652 1004
766 4 2 1 1 613 666 503 1026
767 4 2 1 1 1241 1221 158 730
768 4 2 1 1 832 974 907 585
769 4 2 1 1 499 751 631 1024
770 4 2 1 1 603 987 747 1084
771 4 2 1 1 529 740 671 786
772 4 2 1 1 620 684 903 996
773 4 2 1 1 133 695 161 794
774 4 2 1 1 689 1221 730 895
775 4 2 1 1 529 877 775 893
776 4 2 1 1 69 1240 261 4
777 4 2 1 1 251 559 1037 224
778 4 2 1 1 1193 303 1229 55
779 4 2 1 1 483 1064 845 680
780 4 2 1 1 956 960 502 980
781 4 2 1 1 505 621 714 964
782 4 2 1 1 518 1124 675 1147
783 4 2 1 1 543 782 915 952
784 4 2 1 1 666 525 923 885
785 4 2 1 1 641 682 890 787
786 4 2 1 1 303 55 56 1229
787 4 2 1 1 687 1029 1011 1159
788 4 2 1 1 912 917 799 1190
789 4 2 1 1 617 708 607 1005
790 4 2 1 1 793 956 697 1027
791 4 2 1 1 472 624 745 927
792 4 2 1 1 56 303 1229 313
793 4 2 1 1 774 835 611 1162
794 4 2 1 1 1191 620 903 780
795 4 2 1 1 86 517 1081 980
796 4 2 1 1 303 1229 313 1079
797 4 2 1 1 522 681 792 1052
798 4 2 1 1 488 638 759 790
799 4 2 1 1 88 9 123 637
800 4 2 1 1 477 834 628 1115
801 4 2 1 1 540 863 907 1112
802 4 2 1 1 560 875 659 1124
803 4 2 1 1 835 1048 611 1162
804 4 2 1 1 986 513 953 777
805 4 2 1 1 299 704 882 906
806 4 2 1 1 555 777 606 953
807 4 2 1 1 1191 620 780 920
808 4 2 1 1 630 744 474 955
809 4 2 1 1 504 601 1112 1147
810 4 2 1 1 543 537 726 574
811 4 2 1 1 505 959 859 1095
812 4 2 1 1 1193 303 695 1229
813 4 2 1 1 488 638 950 1110
814 4 2 1 1 1077 1150 703 522
815 4 2 1 1 488 950 708 1110
816 4 2 1 1 358 894 386 584
817 4 2 1 1 303 695 1229 1079
818 4 2 1 1 619 1003 798 1051
819 4 2 1 1 723 915 885 525
820 4 2 1 1 1140 825 739 641
821 4 2 1 1 796 811 478 568
822 4 2 1 1 1169 702 951 555
823 4 2 1 1 705 925 440 1066
824 4 2 1 1 789 857 1032 606
825 4 2 1 1 455 689 730 768
826 4 2 1 1 476 865 820 803
827 4 2 1 1 816 227 1014 48
828 4 2 1 1 362 727 856 1085
829 4 2 1 1 650 955 630 966
830 4 2 1 1 1098 935 576 600
831 4 2 1 1 935 535 600 765
832 4 2 1 1 1194 806 1031 509
833 4 2 1 1 480 903 684 1108
834 4 2 1 1 227 48 49 1014
835 4 2 1 1 397 688 424 981
836 4 2 1 1 824 875 858 1042
837 4 2 1 1 631 506 751 835
838 4 2 1 1 505 621 963 996
839 4 2 1 1 665 673 712 1088
840 4 2 1 1 805 821 558 1171
841 4 2 1 1 586 946 751 1024
842 4 2 1 1 522 792 681 650
843 4 2 1 1 463 910 702 1169
844 4 2 1 1 1208 171 159 1079
845 4 2 1 1 645 939 812 482
846 4 2 1 1 463 702 594 1169
847 4 2 1 1 875 899 561 900
848 4 2 1 1 600 989 469 1098
849 4 2 1 1 410 1081 354 1091
850 4 2 1 1 477 628 924 1115
851 4 2 1 1 589 776 736 928
852 4 2 1 1 488 773 708 950
853 4 2 1 1 827 707 568 145
854 4 2 1 1 1212 289 1228 52
855 4 2 1 1 635 836 867 923
856 4 2 1 1 610 1017 623 1020
857 4 2 1 1 508 1088 866 1120
858 4 2 1 1 729 810 527 1049
859 4 2 1 1 839 943 855 1011
860 4 2 1 1 1011 1029 839 1159
861 4 2 1 1 52 53 289 1228
862 4 2 1 1 649 547 937 1061
863 4 2 1 1 563 1029 687 1159
864 4 2 1 1 679 795 514 879
865 4 2 1 1 432 570 869 582
866 4 2 1 1 267 1228 53 1164
867 4 2 1 1 719 486 561 1173
868 4 2 1 1 461 665 664 866
869 4 2 1 1 1219 618 82 940
870 4 2 1 1 526 934 808 614
871 4 2 1 1 267 1228 1164 674
872 4 2 1 1 986 513 777 1034
873 4 2 1 1 410 354 349 1091
874 4 2 1 1 399 944 688 1041
875 4 2 1 1 457 681 1048 1052
876 4 2 1 1 538 861 604 862
877 4 2 1 1 432 837 582 334
878 4 2 1 1 622 855 943 1011
879 4 2 1 1 377 376 382 1002
880 4 2 1 1 473 822 692 611
881 4 2 1 1 715 599 988 1038
882 4 2 1 1 464 1001 823 499
883 4 2 1 1 921 1046 924 1115
884 4 2 1 1 522 703 1055 1150
885 4 2 1 1 1212 1183 674 757
886 4 2 1 1 890 556 795 682
887 4 2 1 1 531 1067 1157 1164
888 4 2 1 1 773 880 464 1012
889 4 2 1 1 807 1078 861 657
890 4 2 1 1 475 699 656 1055
891 4 2 1 1 693 767 576 803
892 4 2 1 1 664 575 948 1140
893 4 2 1 1 1212 289 674 1228
894 4 2 1 1 366 982 370 1134
895 4 2 1 1 654 1001 464 499
896 4 2 1 1 706 872 618 1121
897 4 2 1 1 475 656 699 935
898 4 2 1 1 669 1032 1095 569
899 4 2 1 1 949 639 1205 340
900 4 2 1 1 734 548 802 937
901 4 2 1 1 668 583 642 1126
902 4 2 1 1 820 838 716 865
903 4 2 1 1 481 767 611 600
904 4 2 1 1 553 860 509 1117
905 4 2 1 1 1205 19 18 340
906 4 2 1 1 1205 1217 19 340
907 4 2 1 1 935 535 765 472
908 4 2 1 1 469 797 691 1019
909 4 2 1 1 789 1032 857 512
910 4 2 1 1 688 998 570 1127
911 4 2 1 1 1205 1217 340 639
912 4 2 1 1 614 992 848 1182
913 4 2 1 1 815 1129 814 1130
914 4 2 1 1 638 790 731 841
915 4 2 1 1 552 650 746 718
916 4 2 1 1 824 875 1042 733
917 4 2 1 1 561 891 1084 486
918 4 2 1 1 715 988 851 1038
919 4 2 1 1 1205 949 444 940
920 4 2 1 1 388 799 917 1089
921 4 2 1 1 474 868 795 1097
922 4 2 1 1 298 290 275 1039
923 4 2 1 1 749 352 1203 76
924 4 2 1 1 159 171 133 1079
925 4 2 1 1 172 509 805 806
926 4 2 1 1 528 867 788 1188
927 4 2 1 1 753 800 526 1007
928 4 2 1 1 482 645 938 717
929 4 2 1 1 498 854 628 764
930 4 2 1 1 77 76 1203 352
931 4 2 1 1 190 188 187 849
932 4 2 1 1 1203 352 749 984
933 4 2 1 1 690 633 530 968
934 4 2 1 1 457 1048 835 1162
935 4 2 1 1 658 663 610 468
936 4 2 1 1 186 679 1105 1151
937 4 2 1 1 668 920 642 583
938 4 2 1 1 347 673 912 1088
939 4 2 1 1 1011 855 857 622
940 4 2 1 1 463 667 919 669
941 4 2 1 1 838 889 564 782
942 4 2 1 1 581 979 1099 1100
943 4 2 1 1 308 900 561 579
944 4 2 1 1 473 801 696 892
945 4 2 1 1 567 908 668 826
946 4 2 1 1 603 747 661 846
947 4 2 1 1 659 875 971 1124
948 4 2 1 1 414 400 632 1041
949 4 2 1 1 984 1203 322 844
950 4 2 1 1 1073 563 687 741
951 4 2 1 1 315 6 51 1227
952 4 2 1 1 903 646 685 505
953 4 2 1 1 1084 853 987 579
954 4 2 1 1 473 801 892 686
955 4 2 1 1 522 656 699 1055
956 4 2 1 1 921 924 973 628
957 4 2 1 1 664 779 575 1140
958 4 2 1 1 62 1227 216 6
959 4 2 1 1 586 946 1024 1159
960 4 2 1 1 888 818 577 645
961 4 2 1 1 468 968 977 1138
962 4 2 1 1 287 539 719 1042
963 4 2 1 1 468 968 690 977
964 4 2 1 1 721 1107 979 1016
965 4 2 1 1 522 699 656 1052
966 4 2 1 1 1057 786 596 945
967 4 2 1 1 216 1227 1214 757
968 4 2 1 1 248 233 236 911
969 4 2 1 1 915 878 1132 657
970 4 2 1 1 471 873 813 976
971 4 2 1 1 1038 865 716 838
972 4 2 1 1 720 817 537 1015
973 4 2 1 1 614 762 492 930
974 4 2 1 1 476 754 601 865
975 4 2 1 1 613 737 735 923
976 4 2 1 1 362 727 1085 361
977 4 2 1 1 358 643 894 584
978 4 2 1 1 461 779 896 1000
979 4 2 1 1 547 624 472 785
980 4 2 1 1 646 714 466 543
981 4 2 1 1 485 966 776 1144
982 4 2 1 1 459 1082 731 732
983 4 2 1 1 656 522 744 1077
984 4 2 1 1 563 763 919 1029
985 4 2 1 1 1212 1227 315 51
986 4 2 1 1 638 731 639 841
987 4 2 1 1 457 681 835 1048
988 4 2 1 1 1212 1227 757 315
989 4 2 1 1 942 892 528 1125
990 4 2 1 1 487 558 876 1071
991 4 2 1 1 247 23 22 1209
992 4 2 1 1 22 247 1209 922
993 4 2 1 1 493 738 704 882
994 4 2 1 1 415 869 414 995
995 4 2 1 1 562 928 870 1176
996 4 2 1 1 247 592 1209 922
997 4 2 1 1 235 721 817 831
998 4 2 1 1 266 71 1197 72
999 4 2 1 1 72 1197 266 698
1000 4 2 1 1 410 712 347 327
1001 4 2 1 1 386 408 360 995
1002 4 2 1 1 172 509 156 805
1003 4 2 1 1 598 776 677 485
1004 4 2 1 1 583 924 921 1046
1005 4 2 1 1 438 781 689 582
1006 4 2 1 1 266 1197 550 698
1007 4 2 1 1 503 735 613 830
1008 4 2 1 1 580 915 803 965
1009 4 2 1 1 883 1068 490 902
1010 4 2 1 1 341 1005 940 607
1011 4 2 1 1 921 973 924 583
1012 4 2 1 1 79 249 80 1047
1013 4 2 1 1 785 835 681 1048
1014 4 2 1 1 463 919 1029 1073
1015 4 2 1 1 503 520 721 830
1016 4 2 1 1 1091 1219 618 105
1017 4 2 1 1 484 878 770 952
1018 4 2 1 1 632 998 869 1041
1019 4 2 1 1 481 611 801 600
1020 4 2 1 1 457 835 774 1162
1021 4 2 1 1 1141 852 971 1090
1022 4 2 1 1 857 789 1011 1050
1023 4 2 1 1 528 94 788 929
1024 4 2 1 1 146 672 553 1008
1025 4 2 1 1 633 988 851 1184
1026 4 2 1 1 628 834 701 854
1027 4 2 1 1 636 964 505 714
1028 4 2 1 1 464 710 916 551
1029 4 2 1 1 335 869 570 1041
1030 4 2 1 1 510 1045 688 1127
1031 4 2 1 1 692 499 822 654
1032 4 2 1 1 720 537 817 612
1033 4 2 1 1 17 446 1219 940
1034 4 2 1 1 739 825 571 641
1035 4 2 1 1 563 839 1029 1159
1036 4 2 1 1 788 867 528 929
1037 4 2 1 1 1011 857 855 512
1038 4 2 1 1 745 624 937 744
1039 4 2 1 1 446 618 1219 940
1040 4 2 1 1 760 1064 609 1133
1041 4 2 1 1 648 916 710 551
1042 4 2 1 1 974 1128 815 717
1043 4 2 1 1 477 584 701 834
1044 4 2 1 1 790 950 638 731
1045 4 2 1 1 654 737 499 822
1046 4 2 1 1 614 492 771 930
1047 4 2 1 1 474 679 795 868
1048 4 2 1 1 785 1048 681 1052
1049 4 2 1 1 564 770 878 952
1050 4 2 1 1 254 244 219 1101
1051 4 2 1 1 789 857 606 1050
1052 4 2 1 1 599 482 645 938
1053 4 2 1 1 398 688 632 1041
1054 4 2 1 1 903 646 847 685
1055 4 2 1 1 921 924 628 1115
1056 4 2 1 1 562 870 752 1176
1057 4 2 1 1 59 1226 297 58
1058 4 2 1 1 836 979 503 1107
1059 4 2 1 1 94 929 528 1068
1060 4 2 1 1 696 765 501 801
1061 4 2 1 1 610 971 658 1020
1062 4 2 1 1 481 755 691 962
1063 4 2 1 1 754 865 518 1147
1064 4 2 1 1 481 611 767 1030
1065 4 2 1 1 1226 59 297 891
1066 4 2 1 1 448 440 925 1066
1067 4 2 1 1 842 739 571 641
1068 4 2 1 1 614 492 762 1182
1069 4 2 1 1 521 881 595 984
1070 4 2 1 1 525 803 915 965
1071 4 2 1 1 473 692 822 654
1072 4 2 1 1 597 776 966 1144
1073 4 2 1 1 537 817 612 957
1074 4 2 1 1 807 1078 604 861
1075 4 2 1 1 506 739 631 751
1076 4 2 1 1 640 486 719 1173
1077 4 2 1 1 373 759 405 1004
1078 4 2 1 1 481 686 801 611
1079 4 2 1 1 1226 891 297 1179
1080 4 2 1 1 570 998 688 1041
1081 4 2 1 1 424 711 403 981
1082 4 2 1 1 466 714 646 996
1083 4 2 1 1 110 126 98 793
1084 4 2 1 1 646 996 903 1108
1085 4 2 1 1 537 714 720 543
1086 4 2 1 1 527 729 707 961
1087 4 2 1 1 735 737 500 923
1088 4 2 1 1 643 584 358 992
1089 4 2 1 1 272 1226 1211 58
1090 4 2 1 1 353 427 321 895
1091 4 2 1 1 607 1005 940 1012
1092 4 2 1 1 790 950 731 970
1093 4 2 1 1 612 669 667 1095
1094 4 2 1 1 272 1226 58 297
1095 4 2 1 1 232 537 817 1015
1096 4 2 1 1 856 982 406 1085
1097 4 2 1 1 137 136 138 1008
1098 4 2 1 1 197 204 192 1031
1099 4 2 1 1 1239 25 1196 85
1100 4 2 1 1 671 529 786 1180
1101 4 2 1 1 741 731 829 970
1102 4 2 1 1 567 826 668 920
1103 4 2 1 1 1084 853 579 899
1104 4 2 1 1 862 863 540 1023
1105 4 2 1 1 624 474 955 785
1106 4 2 1 1 642 870 668 1126
1107 4 2 1 1 341 395 444 940
1108 4 2 1 1 694 705 492 1096
1109 4 2 1 1 116 678 602 922
1110 4 2 1 1 472 745 624 937
1111 4 2 1 1 459 829 731 970
1112 4 2 1 1 555 606 910 953
1113 4 2 1 1 671 893 529 1180
1114 4 2 1 1 573 694 572 1034
1115 4 2 1 1 89 639 497 1106
1116 4 2 1 1 343 1037 639 325
1117 4 2 1 1 97 116 678 902
1118 4 2 1 1 1094 66 837 323
1119 4 2 1 1 96 528 1006 1068
1120 4 2 1 1 1196 1239 85 1037
1121 4 2 1 1 614 848 1046 771
1122 4 2 1 1 100 91 101 1121
1123 4 2 1 1 536 708 617 1089
1124 4 2 1 1 224 1037 1196 1101
1125 4 2 1 1 715 784 511 851
1126 4 2 1 1 44 43 453 1225
1127 4 2 1 1 576 865 693 803
1128 4 2 1 1 338 1221 353 455
1129 4 2 1 1 575 751 710 946
1130 4 2 1 1 668 870 642 920
1131 4 2 1 1 351 355 729 810
1132 4 2 1 1 398 688 1041 399
1133 4 2 1 1 915 1132 878 476
1134 4 2 1 1 1069 870 1176 752
1135 4 2 1 1 576 792 778 651
1136 4 2 1 1 391 708 378 1089
1137 4 2 1 1 430 44 453 1225
1138 4 2 1 1 661 747 544 846
1139 4 2 1 1 1225 453 430 572
1140 4 2 1 1 1220 1225 453 43
1141 4 2 1 1 412 381 762 897
1142 4 2 1 1 620 480 826 920
1143 4 2 1 1 599 482 938 766
1144 4 2 1 1 692 1048 931 611
1145 4 2 1 1 648 673 1088 1190
1146 4 2 1 1 538 602 1086 678
1147 4 2 1 1 897 1182 1158 614
1148 4 2 1 1 513 705 1034 1047
1149 4 2 1 1 1220 1225 707 453
1150 4 2 1 1 710 751 586 946
1151 4 2 1 1 696 765 535 472
1152 4 2 1 1 471 813 840 976
1153 4 2 1 1 159 1208 45 171
1154 4 2 1 1 616 948 479 1045
1155 4 2 1 1 848 1046 662 1115
1156 4 2 1 1 595 881 521 1167
1157 4 2 1 1 153 695 1067 1157
1158 4 2 1 1 710 850 586 773
1159 4 2 1 1 656 744 873 1077
1160 4 2 1 1 538 807 604 861
1161 4 2 1 1 30 31 107 1231
1162 4 2 1 1 453 572 1225 707
1163 4 2 1 1 462 739 631 943
1164 4 2 1 1 1212 51 52 134
1165 4 2 1 1 29 28 307 1224
1166 4 2 1 1 309 1224 28 1201
1167 4 2 1 1 654 1043 822 655
1168 4 2 1 1 563 700 763 1029
1169 4 2 1 1 156 553 509 1117
1170 4 2 1 1 593 797 501 793
1171 4 2 1 1 251 831 749 559
1172 4 2 1 1 1073 563 741 919
1173 4 2 1 1 1224 1199 307 29
1174 4 2 1 1 309 1224 1201 719
1175 4 2 1 1 527 1049 810 1136
1176 4 2 1 1 597 966 650 1144
1177 4 2 1 1 836 975 626 993
1178 4 2 1 1 557 755 693 742
1179 4 2 1 1 648 665 866 1088
1180 4 2 1 1 398 632 688 982
1181 4 2 1 1 535 801 696 611
1182 4 2 1 1 518 865 663 1147
1183 4 2 1 1 546 640 637 997
1184 4 2 1 1 378 708 391 1110
1185 4 2 1 1 516 184 679 1105
1186 4 2 1 1 708 1005 617 1089
1187 4 2 1 1 1224 1199 719 307
1188 4 2 1 1 589 908 809 746
1189 4 2 1 1 584 842 856 934
1190 4 2 1 1 1195 9 637 179
1191 4 2 1 1 484 861 770 878
1192 4 2 1 1 469 676 560 1156
1193 4 2 1 1 637 1233 9 123
1194 4 2 1 1 568 139 1059 827
1195 4 2 1 1 469 858 560 670
1196 4 2 1 1 536 800 753 1007
1197 4 2 1 1 684 709 466 996
1198 4 2 1 1 1195 9 179 10
1199 4 2 1 1 747 846 603 1036
1200 4 2 1 1 607 773 617 1012
1201 4 2 1 1 492 771 662 848
1202 4 2 1 1 467 604 678 993
1203 4 2 1 1 473 654 822 655
1204 4 2 1 1 235 817 721 1015
1205 4 2 1 1 210 1195 546 637
1206 4 2 1 1 1235 170 768 1241
1207 4 2 1 1 380 759 708 1110
1208 4 2 1 1 882 906 704 945
1209 4 2 1 1 303 541 695 1079
1210 4 2 1 1 828 866 551 1060
1211 4 2 1 1 778 792 576 1055
1212 4 2 1 1 115 637 114 719
1213 4 2 1 1 909 489 676 557
1214 4 2 1 1 1081 1 14 217
1215 4 2 1 1 596 615 945 1070
1216 4 2 1 1 188 1151 849 548
1217 4 2 1 1 476 601 838 865
1218 4 2 1 1 1081 63 1 217
1219 4 2 1 1 664 508 866 1120
1220 4 2 1 1 595 240 817 831
1221 4 2 1 1 481 611 1030 1109
1222 4 2 1 1 14 1081 180 1198
1223 4 2 1 1 461 664 665 896
1224 4 2 1 1 747 596 987 1054
1225 4 2 1 1 1057 786 945 493
1226 4 2 1 1 210 637 546 1003
1227 4 2 1 1 982 1134 981 370
1228 4 2 1 1 1223 65 346 64
1229 4 2 1 1 858 1019 719 1173
1230 4 2 1 1 64 346 1223 442
1231 4 2 1 1 823 1159 970 1103
1232 4 2 1 1 225 238 245 1139
1233 4 2 1 1 242 1013 241 1047
1234 4 2 1 1 609 1059 139 1065
1235 4 2 1 1 346 65 1223 1094
1236 4 2 1 1 871 1008 478 764
1237 4 2 1 1 346 1223 442 712
1238 4 2 1 1 346 1223 712 1094
1239 4 2 1 1 460 628 701 854
1240 4 2 1 1 668 870 562 928
1241 4 2 1 1 566 680 845 1064
1242 4 2 1 1 285 900 561 308
1243 4 2 1 1 687 808 507 1007
1244 4 2 1 1 627 194 712 750
1245 4 2 1 1 1195 9 10 88
1246 4 2 1 1 531 1157 821 1164
1247 4 2 1 1 302 733 660 824
1248 4 2 1 1 517 673 648 916
1249 4 2 1 1 74 269 1222 73
1250 4 2 1 1 470 720 666 1026
1251 4 2 1 1 588 514 795 682
1252 4 2 1 1 112 1081 517 1091
1253 4 2 1 1 468 1119 1186 658
1254 4 2 1 1 210 1195 637 179
1255 4 2 1 1 774 631 499 835
1256 4 2 1 1 727 477 934 614
1257 4 2 1 1 625 802 548 745
1258 4 2 1 1 460 628 854 764
1259 4 2 1 1 649 937 1000 1061
1260 4 2 1 1 789 1029 687 1073
1261 4 2 1 1 1212 1183 757 134
1262 4 2 1 1 73 269 1222 1181
1263 4 2 1 1 473 874 696 932
1264 4 2 1 1 112 16 15 1206
1265 4 2 1 1 1222 269 1079 1181
1266 4 2 1 1 639 521 841 731
1267 4 2 1 1 623 738 1017 493
1268 4 2 1 1 75 749 76 454
1269 4 2 1 1 722 840 653 1072
1270 4 2 1 1 749 75 429 454
1271 4 2 1 1 601 865 754 1147
1272 4 2 1 1 749 352 76 454
1273 4 2 1 1 385 725 594 1025
1274 4 2 1 1 353 321 41 895
1275 4 2 1 1 766 907 540 990
1276 4 2 1 1 1038 658 1119 468
1277 4 2 1 1 525 666 864 915
1278 4 2 1 1 483 531 760 680
1279 4 2 1 1 749 1203 258 76
1280 4 2 1 1 470 685 578 847
1281 4 2 1 1 555 910 606 930
1282 4 2 1 1 744 745 624 927
1283 4 2 1 1 662 921 583 724
1284 4 2 1 1 570 998 682 1127
1285 4 2 1 1 617 536 799 1190
1286 4 2 1 1 478 724 811 1113
1287 4 2 1 1 920 826 870 480
1288 4 2 1 1 37 38 132 1204
1289 4 2 1 1 1159 823 586 1103
1290 4 2 1 1 752 650 792 1044
1291 4 2 1 1 443 758 322 844
1292 4 2 1 1 398 632 982 407
1293 4 2 1 1 398 632 407 400
1294 4 2 1 1 638 639 497 949
1295 4 2 1 1 708 950 607 1110
1296 4 2 1 1 648 916 673 1190
1297 4 2 1 1 600 935 765 989
1298 4 2 1 1 545 765 935 989
1299 4 2 1 1 500 822 686 1109
1300 4 2 1 1 567 620 826 920
1301 4 2 1 1 1109 525 804 1030
1302 4 2 1 1 459 823 605 1001
1303 4 2 1 1 591 1002 652 507
1304 4 2 1 1 807 885 657 574
1305 4 2 1 1 500 804 822 1109
1306 4 2 1 1 223 249 241 1047
1307 4 2 1 1 420 1025 594 951
1308 4 2 1 1 620 709 684 996
1309 4 2 1 1 857 1011 789 512
1310 4 2 1 1 739 1140 575 506
1311 4 2 1 1 341 940 1005 395
1312 4 2 1 1 706 1106 1082 1083
1313 4 2 1 1 659 660 504 1185
1314 4 2 1 1 823 1024 563 1159
1315 4 2 1 1 643 729 527 848
1316 4 2 1 1 329 419 402 1066
1317 4 2 1 1 611 499 774 804
1318 4 2 1 1 657 885 543 574
1319 4 2 1 1 414 869 447 1041
1320 4 2 1 1 40 41 1221 353
1321 4 2 1 1 577 1160 845 1177
1322 4 2 1 1 1221 353 41 895
1323 4 2 1 1 567 620 756 904
1324 4 2 1 1 1075 578 870 1191
1325 4 2 1 1 1221 455 40 353
1326 4 2 1 1 466 709 621 996
1327 4 2 1 1 318 306 268 1149
1328 4 2 1 1 463 702 910 953
1329 4 2 1 1 338 1221 455 689
1330 4 2 1 1 540 770 861 878
1331 4 2 1 1 175 211 193 683
1332 4 2 1 1 523 690 783 876
1333 4 2 1 1 655 686 473 892
1334 4 2 1 1 457 752 651 1075
1335 4 2 1 1 140 672 609 983
1336 4 2 1 1 848 992 729 1182
1337 4 2 1 1 469 676 755 560
1338 4 2 1 1 636 859 505 963
1339 4 2 1 1 545 797 765 989
1340 4 2 1 1 541 794 695 1079
1341 4 2 1 1 642 870 855 578
1342 4 2 1 1 1077 1150 522 650
1343 4 2 1 1 1186 1185 1022 659
1344 4 2 1 1 43 42 351 1220
1345 4 2 1 1 470 864 847 965
1346 4 2 1 1 351 1220 42 1049
1347 4 2 1 1 834 918 701 854
1348 4 2 1 1 470 685 847 646
1349 4 2 1 1 453 43 351 1220
1350 4 2 1 1 651 803 580 820
1351 4 2 1 1 351 707 1220 1049
1352 4 2 1 1 667 646 612 1095
1353 4 2 1 1 1186 1185 659 504
1354 4 2 1 1 526 856 842 934
1355 4 2 1 1 1202 806 757 1031
1356 4 2 1 1 114 637 1201 719
1357 4 2 1 1 578 774 700 972
1358 4 2 1 1 560 489 824 1156
1359 4 2 1 1 756 1034 458 694
1360 4 2 1 1 519 641 701 854
1361 4 2 1 1 718 746 552 558
1362 4 2 1 1 552 893 877 1071
1363 4 2 1 1 465 746 718 558
1364 4 2 1 1 839 855 512 1011
1365 4 2 1 1 779 682 588 1097
1366 4 2 1 1 582 570 869 787
1367 4 2 1 1 610 1020 853 971
1368 4 2 1 1 1077 976 1080 630
1369 4 2 1 1 870 928 668 1126
1370 4 2 1 1 584 934 727 477
1371 4 2 1 1 351 453 1220 707
1372 4 2 1 1 389 799 912 917
1373 4 2 1 1 667 919 763 1029
1374 4 2 1 1 453 572 707 1096
1375 4 2 1 1 690 783 876 877
1376 4 2 1 1 660 733 560 824
1377 4 2 1 1 905 1033 256 538
1378 4 2 1 1 1219 17 16 349
1379 4 2 1 1 641 787 519 998
1380 4 2 1 1 325 452 340 639
1381 4 2 1 1 662 848 771 1046
1382 4 2 1 1 621 505 963 964
1383 4 2 1 1 668 589 973 1126
1384 4 2 1 1 881 591 1073 1169
1385 4 2 1 1 481 755 962 742
1386 4 2 1 1 381 762 897 1172
1387 4 2 1 1 868 554 744 679
1388 4 2 1 1 461 649 779 1000
1389 4 2 1 1 747 1036 603 1084
1390 4 2 1 1 499 611 822 804
1391 4 2 1 1 653 985 471 1080
1392 4 2 1 1 858 875 560 670
1393 4 2 1 1 824 489 901 1156
1394 4 2 1 1 567 811 724 1113
1395 4 2 1 1 1215 168 7 1238
1396 4 2 1 1 457 1069 752 1075
1397 4 2 1 1 544 927 914 1122
1398 4 2 1 1 193 627 683 1145
1399 4 2 1 1 855 857 622 1040
1400 4 2 1 1 494 853 1020 971
1401 4 2 1 1 536 773 708 1155
1402 4 2 1 1 523 465 718 558
1403 4 2 1 1 481 691 942 962
1404 4 2 1 1 152 130 36 1114
1405 4 2 1 1 701 842 571 641
1406 4 2 1 1 484 791 770 861
1407 4 2 1 1 503 666 923 885
1408 4 2 1 1 1219 446 17 349
1409 4 2 1 1 501 798 765 697
1410 4 2 1 1 105 706 618 1121
1411 4 2 1 1 729 925 492 1182
1412 4 2 1 1 16 1219 349 1091
1413 4 2 1 1 133 153 161 695
1414 4 2 1 1 654 534 1043 655
1415 4 2 1 1 479 948 616 1111
1416 4 2 1 1 566 826 629 465
1417 4 2 1 1 548 627 189 1145
1418 4 2 1 1 1123 588 514 683
1419 4 2 1 1 678 761 604 1035
1420 4 2 1 1 877 968 690 530
1421 4 2 1 1 523 783 690 1184
1422 4 2 1 1 690 783 633 1184
1423 4 2 1 1 642 870 578 1191
1424 4 2 1 1 560 875 733 659
1425 4 2 1 1 494 733 875 659
1426 4 2 1 1 349 618 1219 446
1427 4 2 1 1 659 675 1124 1147
1428 4 2 1 1 675 754 518 1147
1429 4 2 1 1 761 902 490 678
1430 4 2 1 1 543 864 666 915
1431 4 2 1 1 1141 971 852 603
1432 4 2 1 1 585 862 550 1033
1433 4 2 1 1 496 870 928 1176
1434 4 2 1 1 804 1030 611 1109
1435 4 2 1 1 555 910 702 953
1436 4 2 1 1 747 748 596 813
1437 4 2 1 1 755 909 676 557
1438 4 2 1 1 591 1002 713 1025
1439 4 2 1 1 477 1046 848 1115
1440 4 2 1 1 635 1030 723 525
1441 4 2 1 1 489 863 660 1165
1442 4 2 1 1 955 1052 624 785
1443 4 2 1 1 337 689 455 768
1444 4 2 1 1 1093 545 798 1051
1445 4 2 1 1 823 970 1159 563
1446 4 2 1 1 611 1030 804 1162
1447 4 2 1 1 692 828 551 932
1448 4 2 1 1 508 799 536 1190
1449 4 2 1 1 476 878 838 766
1450 4 2 1 1 712 327 1081 1218
1451 4 2 1 1 327 63 1218 64
1452 4 2 1 1 535 696 931 611
1453 4 2 1 1 457 651 752 792
1454 4 2 1 1 1032 685 512 1053
1455 4 2 1 1 752 1069 870 1075
1456 4 2 1 1 264 1197 550 1033
1457 4 2 1 1 596 945 615 1057
1458 4 2 1 1 883 901 676 1156
1459 4 2 1 1 883 1062 593 691
1460 4 2 1 1 403 912 981 711
1461 4 2 1 1 63 327 1081 431
1462 4 2 1 1 64 1218 327 442
1463 4 2 1 1 75 251 76 749
1464 4 2 1 1 499 737 823 1010
1465 4 2 1 1 475 661 846 852
1466 4 2 1 1 1032 512 685 959
1467 4 2 1 1 1202 806 1031 154
1468 4 2 1 1 650 893 552 1080
1469 4 2 1 1 579 853 987 623
1470 4 2 1 1 325 19 20 1217
1471 4 2 1 1 718 784 523 1146
1472 4 2 1 1 20 325 1217 429
1473 4 2 1 1 665 461 627 969
1474 4 2 1 1 514 890 795 682
1475 4 2 1 1 221 257 242 1161
1476 4 2 1 1 471 893 671 1180
1477 4 2 1 1 495 816 573 827
1478 4 2 1 1 554 873 813 927
1479 4 2 1 1 515 768 1131 1135
1480 4 2 1 1 1034 569 859 986
1481 4 2 1 1 281 660 974 1165
1482 4 2 1 1 518 754 675 909
1483 4 2 1 1 629 566 784 684
1484 4 2 1 1 947 874 655 549
1485 4 2 1 1 622 857 1011 1050
1486 4 2 1 1 1194 509 1063 1114
1487 4 2 1 1 897 1182 762 412
1488 4 2 1 1 180 205 1081 217
1489 4 2 1 1 1064 709 743 845
1490 4 2 1 1 720 646 612 667
1491 4 2 1 1 500 737 822 804
1492 4 2 1 1 681 1052 955 785
1493 4 2 1 1 505 620 780 903
1494 4 2 1 1 1109 525 1030 635
1495 4 2 1 1 1217 325 19 340
1496 4 2 1 1 588 779 649 1000
1497 4 2 1 1 1217 429 325 1037
1498 4 2 1 1 1217 325 639 1037
1499 4 2 1 1 266 698 550 832
1500 4 2 1 1 251 559 224 253
1501 4 2 1 1 325 340 1217 639
1502 4 2 1 1 303 286 695 994
1503 4 2 1 1 805 487 821 1183
1504 4 2 1 1 660 913 824 489
1505 4 2 1 1 498 689 894 918
1506 4 2 1 1 264 550 833 1033
1507 4 2 1 1 1047 1242 260 80
1508 4 2 1 1 377 713 1002 1025
1509 4 2 1 1 613 763 700 1026
1510 4 2 1 1 1127 1140 682 664
1511 4 2 1 1 625 734 548 802
1512 4 2 1 1 466 621 714 996
1513 4 2 1 1 1056 1164 821 1183
1514 4 2 1 1 555 713 1169 910
1515 4 2 1 1 511 820 716 629
1516 4 2 1 1 779 575 1140 506
1517 4 2 1 1 511 820 629 978
1518 4 2 1 1 716 629 820 651
1519 4 2 1 1 789 1011 687 1029
1520 4 2 1 1 629 978 820 651
1521 4 2 1 1 588 896 779 1000
1522 4 2 1 1 220 228 229 816
1523 4 2 1 1 710 850 773 536
1524 4 2 1 1 864 915 580 965
1525 4 2 1 1 537 911 726 574
1526 4 2 1 1 707 729 527 1049
1527 4 2 1 1 79 1047 80 324
1528 4 2 1 1 741 790 731 970
1529 4 2 1 1 339 415 414 995
1530 4 2 1 1 41 42 1216 321
1531 4 2 1 1 646 847 470 864
1532 4 2 1 1 947 874 549 587
1533 4 2 1 1 807 885 1087 657
1534 4 2 1 1 567 756 724 1059
1535 4 2 1 1 41 321 1216 895
1536 4 2 1 1 857 1032 986 959
1537 4 2 1 1 351 1216 1049 42
1538 4 2 1 1 457 681 752 1069
1539 4 2 1 1 359 992 727 1158
1540 4 2 1 1 481 942 742 962
1541 4 2 1 1 141 553 672 1171
1542 4 2 1 1 351 1216 42 321
1543 4 2 1 1 83 119 102 1100
1544 4 2 1 1 718 629 784 1146
1545 4 2 1 1 758 594 322 844
1546 4 2 1 1 471 671 893 985
1547 4 2 1 1 1144 819 746 1118
1548 4 2 1 1 115 118 98 997
1549 4 2 1 1 1144 819 1118 485
1550 4 2 1 1 710 948 866 575
1551 4 2 1 1 1199 539 1076 719
1552 4 2 1 1 251 831 559 253
1553 4 2 1 1 1194 509 1114 130
1554 4 2 1 1 494 659 1020 1022
1555 4 2 1 1 190 210 209 1003
1556 4 2 1 1 321 810 1216 895
1557 4 2 1 1 728 899 670 1141
1558 4 2 1 1 457 835 681 1069
1559 4 2 1 1 457 774 965 1162
1560 4 2 1 1 460 776 890 556
1561 4 2 1 1 198 960 956 980
1562 4 2 1 1 223 49 50 1215
1563 4 2 1 1 482 907 766 990
1564 4 2 1 1 560 659 675 1124
1565 4 2 1 1 628 498 834 854
1566 4 2 1 1 223 50 260 1215
1567 4 2 1 1 517 665 648 673
1568 4 2 1 1 518 663 865 576
1569 4 2 1 1 547 932 696 1178
1570 4 2 1 1 259 791 565 1148
1571 4 2 1 1 875 1124 560 670
1572 4 2 1 1 544 813 873 927
1573 4 2 1 1 710 948 575 536
1574 4 2 1 1 232 817 537 957
1575 4 2 1 1 687 741 591 1073
1576 4 2 1 1 530 633 783 1056
1577 4 2 1 1 919 1073 881 741
1578 4 2 1 1 591 881 725 1169
1579 4 2 1 1 495 743 621 816
1580 4 2 1 1 1215 223 49 1014
1581 4 2 1 1 668 583 973 1113
1582 4 2 1 1 1064 709 845 566
1583 4 2 1 1 1109 923 867 500
1584 4 2 1 1 1014 1215 1047 572
1585 4 2 1 1 638 759 790 1170
1586 4 2 1 1 459 1001 605 1082
1587 4 2 1 1 795 868 588 1097
1588 4 2 1 1 847 965 580 1075
1589 4 2 1 1 676 490 883 962
1590 4 2 1 1 1014 1047 1215 223
1591 4 2 1 1 527 796 1049 1136
1592 4 2 1 1 1020 659 971 658
1593 4 2 1 1 885 574 807 1107
1594 4 2 1 1 569 859 959 1095
1595 4 2 1 1 774 631 835 1069
1596 4 2 1 1 481 693 767 600
1597 4 2 1 1 1109 923 500 804
1598 4 2 1 1 595 881 594 984
1599 4 2 1 1 373 380 405 759
1600 4 2 1 1 538 604 807 993
1601 4 2 1 1 465 908 809 983
1602 4 2 1 1 373 708 1004 1089
1603 4 2 1 1 488 790 741 970
1604 4 2 1 1 62 61 1214 271
1605 4 2 1 1 508 616 799 981
1606 4 2 1 1 870 920 668 826
1607 4 2 1 1 657 723 885 1087
1608 4 2 1 1 491 778 792 651
1609 4 2 1 1 885 1087 723 1168
1610 4 2 1 1 1214 315 62 271
1611 4 2 1 1 508 616 981 1045
1612 4 2 1 1 511 851 784 629
1613 4 2 1 1 444 340 426 949
1614 4 2 1 1 825 936 597 506
1615 4 2 1 1 73 1222 225 1181
1616 4 2 1 1 473 843 874 932
1617 4 2 1 1 565 887 886 939
1618 4 2 1 1 1214 757 271 906
1619 4 2 1 1 290 674 704 757
1620 4 2 1 1 1038 658 468 663
1621 4 2 1 1 457 1048 699 1052
1622 4 2 1 1 832 974 585 291
1623 4 2 1 1 1020 853 900 623
1624 4 2 1 1 623 853 610 1020
1625 4 2 1 1 582 570 787 837
1626 4 2 1 1 588 795 679 868
1627 4 2 1 1 1212 1183 134 155
1628 4 2 1 1 649 547 828 785
1629 4 2 1 1 396 370 981 1134
1630 4 2 1 1 1111 856 842 526
1631 4 2 1 1 601 766 504 1112
1632 4 2 1 1 490 929 742 1035
1633 4 2 1 1 495 573 816 964
1634 4 2 1 1 612 646 720 714
1635 4 2 1 1 212 194 712 1094
1636 4 2 1 1 1214 271 61 906
1637 4 2 1 1 144 142 163 821
1638 4 2 1 1 1201 316 309 637
1639 4 2 1 1 700 972 774 804
1640 4 2 1 1 123 1201 114 637
1641 4 2 1 1 739 948 575 1140
1642 4 2 1 1 1222 225 262 74
1643 4 2 1 1 732 735 979 830
1644 4 2 1 1 72 300 73 1181
1645 4 2 1 1 72 698 300 1181
1646 4 2 1 1 662 1046 921 1115
1647 4 2 1 1 508 799 616 536
1648 4 2 1 1 625 502 734 802
1649 4 2 1 1 140 760 609 1133
1650 4 2 1 1 703 873 1077 656
1651 4 2 1 1 599 838 766 1119
1652 4 2 1 1 1213 21 22 226
1653 4 2 1 1 614 1046 848 477
1654 4 2 1 1 867 500 788 1188
1655 4 2 1 1 1213 261 21 226
1656 4 2 1 1 518 693 755 1098
1657 4 2 1 1 527 643 848 1115
1658 4 2 1 1 672 140 811 138
1659 4 2 1 1 733 875 561 900
1660 4 2 1 1 22 1213 226 922
1661 4 2 1 1 785 472 535 1052
1662 4 2 1 1 638 1110 759 1170
1663 4 2 1 1 517 648 872 916
1664 4 2 1 1 941 1152 884 621
1665 4 2 1 1 520 669 817 1167
1666 4 2 1 1 692 611 835 1048
1667 4 2 1 1 461 779 664 896
1668 4 2 1 1 1186 1022 815 532
1669 4 2 1 1 633 818 533 988
1670 4 2 1 1 929 975 742 1035
1671 4 2 1 1 1213 1240 125 21
1672 4 2 1 1 124 86 112 1081
1673 4 2 1 1 1094 944 837 1123
1674 4 2 1 1 694 705 572 1034
1675 4 2 1 1 545 1036 914 798
1676 4 2 1 1 226 1213 905 922
1677 4 2 1 1 234 236 233 911
1678 4 2 1 1 398 632 400 1041
1679 4 2 1 1 557 962 755 742
1680 4 2 1 1 394 456 638 949
1681 4 2 1 1 611 686 822 1109
1682 4 2 1 1 554 813 873 976
1683 4 2 1 1 555 713 930 1172
1684 4 2 1 1 661 747 603 987
1685 4 2 1 1 521 741 731 829
1686 4 2 1 1 584 701 834 918
1687 4 2 1 1 529 690 877 968
1688 4 2 1 1 650 491 1044 718
1689 4 2 1 1 304 51 52 1212
1690 4 2 1 1 765 914 545 935
1691 4 2 1 1 1212 304 51 315
1692 4 2 1 1 304 315 1212 757
1693 4 2 1 1 734 502 960 969
1694 4 2 1 1 469 560 858 1156
1695 4 2 1 1 1212 289 52 304
1696 4 2 1 1 525 915 864 965
1697 4 2 1 1 237 233 248 1148
1698 4 2 1 1 536 617 799 1089
1699 4 2 1 1 505 780 685 903
1700 4 2 1 1 521 731 790 841
1701 4 2 1 1 529 977 778 1150
1702 4 2 1 1 603 846 661 852
1703 4 2 1 1 144 821 805 1171
1704 4 2 1 1 493 987 786 1018
1705 4 2 1 1 802 696 1027 1178
1706 4 2 1 1 1212 1228 155 52
1707 4 2 1 1 1139 939 812 887
1708 4 2 1 1 489 863 862 1023
1709 4 2 1 1 672 811 609 1154
1710 4 2 1 1 649 828 779 506
1711 4 2 1 1 550 862 585 990
1712 4 2 1 1 645 939 482 599
1713 4 2 1 1 540 878 861 1078
1714 4 2 1 1 105 82 618 706
1715 4 2 1 1 461 664 779 866
1716 4 2 1 1 700 839 512 1029
1717 4 2 1 1 474 795 679 926
1718 4 2 1 1 304 1212 674 757
1719 4 2 1 1 238 1152 1139 542
1720 4 2 1 1 462 943 839 1011
1721 4 2 1 1 86 517 980 101
1722 4 2 1 1 484 657 807 861
1723 4 2 1 1 433 388 917 1005
1724 4 2 1 1 579 615 1057 891
1725 4 2 1 1 484 807 574 911
1726 4 2 1 1 504 1128 1119 1186
1727 4 2 1 1 272 1211 57 58
1728 4 2 1 1 914 935 765 472
1729 4 2 1 1 461 779 649 828
1730 4 2 1 1 492 705 925 1096
1731 4 2 1 1 1211 1233 215 637
1732 4 2 1 1 272 1226 297 1179
1733 4 2 1 1 566 709 620 904
1734 4 2 1 1 816 827 495 1065
1735 4 2 1 1 544 747 661 1054
1736 4 2 1 1 523 680 465 558
1737 4 2 1 1 272 1226 1179 1211
1738 4 2 1 1 580 651 820 978
1739 4 2 1 1 457 774 835 1069
1740 4 2 1 1 272 637 1211 1179
1741 4 2 1 1 651 629 480 1044
1742 4 2 1 1 611 822 804 1109
1743 4 2 1 1 603 728 1036 1141
1744 4 2 1 1 1211 1233 57 215
1745 4 2 1 1 521 731 741 790
1746 4 2 1 1 649 624 547 785
1747 4 2 1 1 772 800 652 1007
1748 4 2 1 1 581 735 732 954
1749 4 2 1 1 401 951 713 1025
1750 4 2 1 1 512 855 642 857
1751 4 2 1 1 843 534 654 655
1752 4 2 1 1 772 614 897 1158
1753 4 2 1 1 775 876 552 877
1754 4 2 1 1 672 809 553 871
1755 4 2 1 1 872 1091 618 1121
1756 4 2 1 1 335 570 445 944
1757 4 2 1 1 544 846 747 1036
1758 4 2 1 1 1062 1068 883 593
1759 4 2 1 1 575 779 664 866
1760 4 2 1 1 759 1110 380 1170
1761 4 2 1 1 66 334 67 1210
1762 4 2 1 1 590 553 871 1008
1763 4 2 1 1 1135 1232 582 1210
1764 4 2 1 1 694 492 705 777
1765 4 2 1 1 529 775 977 1150
1766 4 2 1 1 1150 792 778 1055
1767 4 2 1 1 606 930 910 1050
1768 4 2 1 1 487 805 1071 1072
1769 4 2 1 1 102 119 93 1100
1770 4 2 1 1 474 795 926 966
1771 4 2 1 1 518 576 693 1098
1772 4 2 1 1 506 631 739 936
1773 4 2 1 1 652 759 591 488
1774 4 2 1 1 640 719 637 997
1775 4 2 1 1 700 972 613 1026
1776 4 2 1 1 944 711 424 688
1777 4 2 1 1 589 871 809 908
1778 4 2 1 1 767 535 699 1048
1779 4 2 1 1 953 986 606 1032
1780 4 2 1 1 478 973 921 1113
1781 4 2 1 1 334 1210 66 837
1782 4 2 1 1 334 582 1210 837
1783 4 2 1 1 767 535 1048 611
1784 4 2 1 1 866 1088 665 1120
1785 4 2 1 1 631 839 462 943
1786 4 2 1 1 585 769 862 1033
1787 4 2 1 1 529 877 740 968
1788 4 2 1 1 477 622 614 1046
1789 4 2 1 1 346 442 434 712
1790 4 2 1 1 407 414 400 632
1791 4 2 1 1 1210 1232 67 203
1792 4 2 1 1 540 907 863 990
1793 4 2 1 1 331 705 572 1096
1794 4 2 1 1 475 576 663 1090
1795 4 2 1 1 481 801 686 942
1796 4 2 1 1 680 531 760 1092
1797 4 2 1 1 1209 23 24 219
1798 4 2 1 1 649 779 588 1097
1799 4 2 1 1 462 943 622 1074
1800 4 2 1 1 349 618 446 417
1801 4 2 1 1 634 814 633 533
1802 4 2 1 1 1159 586 823 1024
1803 4 2 1 1 162 1157 1067 1164
1804 4 2 1 1 213 192 199 1070
1805 4 2 1 1 499 700 774 804
1806 4 2 1 1 219 24 1209 1101
1807 4 2 1 1 218 891 748 1058
1808 4 2 1 1 551 751 692 499
1809 4 2 1 1 1209 247 23 219
1810 4 2 1 1 219 1209 592 1101
1811 4 2 1 1 818 988 633 1184
1812 4 2 1 1 45 46 250 1208
1813 4 2 1 1 264 1197 1033 246
1814 4 2 1 1 1208 1234 171 1079
1815 4 2 1 1 1208 1234 45 171
1816 4 2 1 1 507 897 772 614
1817 4 2 1 1 857 986 1032 606
1818 4 2 1 1 341 391 1005 1110
1819 4 2 1 1 532 1022 815 1102
1820 4 2 1 1 250 1079 1208 1116
1821 4 2 1 1 1123 588 683 896
1822 4 2 1 1 1208 243 46 250
1823 4 2 1 1 515 147 590 730
1824 4 2 1 1 481 742 942 1109
1825 4 2 1 1 112 1091 517 1121
1826 4 2 1 1 1012 710 464 773
1827 4 2 1 1 521 725 881 984
1828 4 2 1 1 727 772 526 1085
1829 4 2 1 1 434 348 346 1166
1830 4 2 1 1 366 406 370 982
1831 4 2 1 1 530 738 704 493
1832 4 2 1 1 767 535 611 600
1833 4 2 1 1 649 828 547 1061
1834 4 2 1 1 461 828 649 1061
1835 4 2 1 1 487 876 558 1092
1836 4 2 1 1 466 621 709 941
1837 4 2 1 1 523 690 876 1146
1838 4 2 1 1 1057 1084 747 987
1839 4 2 1 1 507 910 930 1050
1840 4 2 1 1 345 1028 1170 841
1841 4 2 1 1 462 622 808 1074
1842 4 2 1 1 498 918 834 854
1843 4 2 1 1 139 1059 827 1065
1844 4 2 1 1 846 935 475 1141
1845 4 2 1 1 465 746 826 1044
1846 4 2 1 1 1208 1237 166 46
1847 4 2 1 1 481 691 801 942
1848 4 2 1 1 395 350 618 1005
1849 4 2 1 1 267 53 54 1207
1850 4 2 1 1 1207 1067 267 1164
1851 4 2 1 1 923 1099 867 500
1852 4 2 1 1 855 870 642 1040
1853 4 2 1 1 383 725 1025 1028
1854 4 2 1 1 318 824 539 1042
1855 4 2 1 1 401 402 381 1172
1856 4 2 1 1 785 931 692 1048
1857 4 2 1 1 565 1139 237 1152
1858 4 2 1 1 616 536 799 1134
1859 4 2 1 1 53 1207 267 1164
1860 4 2 1 1 529 690 775 877
1861 4 2 1 1 501 696 801 892
1862 4 2 1 1 671 786 740 945
1863 4 2 1 1 496 870 855 1040
1864 4 2 1 1 627 712 665 750
1865 4 2 1 1 267 1207 54 1067
1866 4 2 1 1 550 832 698 1021
1867 4 2 1 1 478 921 724 1113
1868 4 2 1 1 920 1113 724 583
1869 4 2 1 1 717 938 907 1128
1870 4 2 1 1 463 919 667 1029
1871 4 2 1 1 666 720 503 1026
1872 4 2 1 1 338 1221 689 895
1873 4 2 1 1 591 790 741 488
1874 4 2 1 1 627 207 960 189
1875 4 2 1 1 443 78 328 1161
1876 4 2 1 1 359 727 361 1158
1877 4 2 1 1 668 1113 920 583
1878 4 2 1 1 667 520 763 919
1879 4 2 1 1 523 784 718 465
1880 4 2 1 1 776 764 736 460
1881 4 2 1 1 1081 354 15 431
1882 4 2 1 1 1206 16 15 354
1883 4 2 1 1 1065 1133 743 1174
1884 4 2 1 1 15 1081 112 1206
1885 4 2 1 1 390 799 981 912
1886 4 2 1 1 1145 879 1135 185
1887 4 2 1 1 606 771 857 986
1888 4 2 1 1 700 613 972 804
1889 4 2 1 1 699 935 656 472
1890 4 2 1 1 470 864 965 972
1891 4 2 1 1 571 622 943 1074
1892 4 2 1 1 572 1013 573 1034
1893 4 2 1 1 565 887 542 941
1894 4 2 1 1 519 787 641 854
1895 4 2 1 1 511 784 715 684
1896 4 2 1 1 1206 16 354 1091
1897 4 2 1 1 536 753 946 1007
1898 4 2 1 1 716 778 663 977
1899 4 2 1 1 491 977 775 1150
1900 4 2 1 1 520 763 830 1026
1901 4 2 1 1 458 857 771 986
1902 4 2 1 1 842 571 739 1074
1903 4 2 1 1 136 568 139 811
1904 4 2 1 1 481 693 755 742
1905 4 2 1 1 558 805 487 821
1906 4 2 1 1 498 628 933 764
1907 4 2 1 1 210 891 1179 1003
1908 4 2 1 1 550 791 264 833
1909 4 2 1 1 115 88 114 637
1910 4 2 1 1 716 820 511 838
1911 4 2 1 1 843 874 932 647
1912 4 2 1 1 489 660 863 675
1913 4 2 1 1 929 97 678 1068
1914 4 2 1 1 589 668 928 1126
1915 4 2 1 1 644 532 633 468
1916 4 2 1 1 654 534 464 1001
1917 4 2 1 1 530 898 633 1056
1918 4 2 1 1 569 986 953 1032
1919 4 2 1 1 40 158 1221 151
1920 4 2 1 1 567 724 811 1059
1921 4 2 1 1 1217 122 111 20
1922 4 2 1 1 1195 115 88 109
1923 4 2 1 1 897 1182 412 1158
1924 4 2 1 1 574 1015 911 1016
1925 4 2 1 1 1206 354 1081 1091
1926 4 2 1 1 1199 30 81 1149
1927 4 2 1 1 18 444 1205 340
1928 4 2 1 1 1119 1128 644 1186
1929 4 2 1 1 403 912 711 409
1930 4 2 1 1 464 872 916 1012
1931 4 2 1 1 560 909 675 489
1932 4 2 1 1 532 644 815 1186
1933 4 2 1 1 888 818 645 695
1934 4 2 1 1 463 1029 667 1032
1935 4 2 1 1 644 532 468 1186
1936 4 2 1 1 518 971 1124 1147
1937 4 2 1 1 1205 444 18 940
1938 4 2 1 1 24 25 104 1196
1939 4 2 1 1 571 460 825 736
1940 4 2 1 1 603 728 1141 899
1941 4 2 1 1 687 789 507 1011
1942 4 2 1 1 717 482 907 938
1943 4 2 1 1 1205 444 949 340
1944 4 2 1 1 412 381 435 762
1945 4 2 1 1 842 934 571 1074
1946 4 2 1 1 536 850 773 1155
1947 4 2 1 1 712 194 205 750
1948 4 2 1 1 37 38 1204 177
1949 4 2 1 1 1204 1235 170 768
1950 4 2 1 1 97 103 102 1163
1951 4 2 1 1 1204 1235 38 170
1952 4 2 1 1 556 825 597 506
1953 4 2 1 1 399 424 688 944
1954 4 2 1 1 1189 869 781 519
1955 4 2 1 1 543 885 666 574
1956 4 2 1 1 537 234 911 1015
1957 4 2 1 1 507 897 614 930
1958 4 2 1 1 699 576 792 1055
1959 4 2 1 1 773 464 605 1103
1960 4 2 1 1 478 589 764 973
1961 4 2 1 1 1204 181 37 177
1962 4 2 1 1 714 726 466 543
1963 4 2 1 1 1204 1114 152 37
1964 4 2 1 1 650 1044 746 718
1965 4 2 1 1 613 700 763 1010
1966 4 2 1 1 744 955 630 1077
1967 4 2 1 1 359 584 727 992
1968 4 2 1 1 153 1067 162 1157
1969 4 2 1 1 352 1203 77 322
1970 4 2 1 1 1189 869 519 787
1971 4 2 1 1 632 842 479 1111
1972 4 2 1 1 508 948 616 1045
1973 4 2 1 1 897 930 713 1172
1974 4 2 1 1 1203 77 322 844
1975 4 2 1 1 566 629 784 465
1976 4 2 1 1 571 460 736 701
1977 4 2 1 1 664 866 665 1120
1978 4 2 1 1 499 1024 631 700
1979 4 2 1 1 984 322 1203 352
1980 4 2 1 1 414 632 407 995
1981 4 2 1 1 503 613 735 923
1982 4 2 1 1 113 125 21 1213
1983 4 2 1 1 482 564 939 770
1984 4 2 1 1 689 1221 455 730
1985 4 2 1 1 473 686 822 611
1986 4 2 1 1 687 507 808 1011
1987 4 2 1 1 724 920 567 1113
1988 4 2 1 1 1150 778 792 491
1989 4 2 1 1 323 445 66 837
1990 4 2 1 1 757 524 192 1031
1991 4 2 1 1 211 175 196 837
1992 4 2 1 1 520 612 720 817
1993 4 2 1 1 736 973 589 1126
1994 4 2 1 1 765 801 600 1137
1995 4 2 1 1 1123 896 1127 682
1996 4 2 1 1 1184 784 715 851
1997 4 2 1 1 737 954 500 1043
1998 4 2 1 1 516 554 926 976
1999 4 2 1 1 518 663 971 1147
2000 4 2 1 1 583 921 662 1046
2001 4 2 1 1 34 33 204 1202
2002 4 2 1 1 624 472 785 1052
2003 4 2 1 1 479 842 632 998
2004 4 2 1 1 491 778 977 1150
2005 4 2 1 1 251 831 253 240
2006 4 2 1 1 300 288 319 812
2007 4 2 1 1 1202 216 33 204
2008 4 2 1 1 512 700 1029 1053
2009 4 2 1 1 423 335 944 1041
2010 4 2 1 1 1202 1227 169 33
2011 4 2 1 1 466 646 543 1108
2012 4 2 1 1 462 808 622 1011
2013 4 2 1 1 662 921 724 568
2014 4 2 1 1 388 799 1089 372
2015 4 2 1 1 710 948 536 508
2016 4 2 1 1 411 992 1158 1182
2017 4 2 1 1 492 662 694 961
2018 4 2 1 1 187 1151 1105 1122
2019 4 2 1 1 576 820 716 865
2020 4 2 1 1 359 361 411 1158
2021 4 2 1 1 505 646 714 996
2022 4 2 1 1 493 786 740 1018
2023 4 2 1 1 640 719 1019 1173
2024 4 2 1 1 1199 1076 108 719
2025 4 2 1 1 1228 1183 674 1212
2026 4 2 1 1 555 758 702 951
2027 4 2 1 1 470 972 700 1026
2028 4 2 1 1 123 114 88 637
2029 4 2 1 1 139 609 140 811
2030 4 2 1 1 672 871 553 1008
2031 4 2 1 1 526 1074 842 1111
2032 4 2 1 1 508 616 948 536
2033 4 2 1 1 465 718 746 1044
2034 4 2 1 1 960 969 502 980
2035 4 2 1 1 564 878 782 952
2036 4 2 1 1 407 856 632 982
2037 4 2 1 1 257 231 241 1013
2038 4 2 1 1 705 758 328 1161
2039 4 2 1 1 527 568 707 1049
2040 4 2 1 1 536 946 850 1007
2041 4 2 1 1 507 772 808 614
2042 4 2 1 1 516 554 679 926
2043 4 2 1 1 1202 1236 154 1031
2044 4 2 1 1 984 841 749 521
2045 4 2 1 1 1111 856 526 982
2046 4 2 1 1 790 950 970 488
2047 4 2 1 1 615 945 882 1057
2048 4 2 1 1 540 770 878 766
2049 4 2 1 1 685 470 667 646
2050 4 2 1 1 642 512 857 959
2051 4 2 1 1 388 799 372 389
2052 4 2 1 1 1202 1236 34 154
2053 4 2 1 1 512 642 685 959
2054 4 2 1 1 347 711 712 1088
2055 4 2 1 1 568 1059 139 811
2056 4 2 1 1 163 164 144 1183
2057 4 2 1 1 136 707 1049 135
2058 4 2 1 1 555 713 910 930
2059 4 2 1 1 165 827 816 1065
2060 4 2 1 1 515 879 195 1135
2061 4 2 1 1 1202 757 204 1031
2062 4 2 1 1 586 464 823 499
2063 4 2 1 1 296 60 61 906
2064 4 2 1 1 684 466 782 1108
2065 4 2 1 1 60 296 615 906
2066 4 2 1 1 461 969 665 1060
2067 4 2 1 1 309 28 27 1201
2068 4 2 1 1 1140 825 641 556
2069 4 2 1 1 523 680 784 465
2070 4 2 1 1 1180 1018 786 661
2071 4 2 1 1 689 894 338 895
2072 4 2 1 1 144 805 821 1183
2073 4 2 1 1 524 757 704 991
2074 4 2 1 1 311 769 602 913
2075 4 2 1 1 513 705 777 1034
2076 4 2 1 1 1201 316 27 309
2077 4 2 1 1 718 552 876 558
2078 4 2 1 1 606 910 789 1050
2079 4 2 1 1 309 1224 719 307
2080 4 2 1 1 612 720 537 714
2081 4 2 1 1 111 89 99 1106
2082 4 2 1 1 204 216 178 757
2083 4 2 1 1 96 1006 593 1068
2084 4 2 1 1 309 1224 307 28
2085 4 2 1 1 842 1074 739 1111
2086 4 2 1 1 407 632 856 995
2087 4 2 1 1 32 31 1192 87
2088 4 2 1 1 1194 806 509 172
2089 4 2 1 1 564 878 770 766
2090 4 2 1 1 545 1051 1036 798
2091 4 2 1 1 1139 939 887 565
2092 4 2 1 1 1062 883 1068 490
2093 4 2 1 1 140 760 1171 983
2094 4 2 1 1 740 530 704 493
2095 4 2 1 1 796 527 933 1136
2096 4 2 1 1 528 788 94 947
2097 4 2 1 1 588 679 514 1145
2098 4 2 1 1 804 1030 525 1162
2099 4 2 1 1 839 1024 462 1159
2100 4 2 1 1 638 841 456 1170
2101 4 2 1 1 501 801 765 1137
2102 4 2 1 1 393 341 394 1110
2103 4 2 1 1 633 814 634 898
2104 4 2 1 1 627 510 683 896
2105 4 2 1 1 694 986 1034 458
2106 4 2 1 1 262 225 1222 1079
2107 4 2 1 1 485 776 677 1118
2108 4 2 1 1 1201 1233 123 27
2109 4 2 1 1 546 637 640 486
2110 4 2 1 1 483 1184 715 818
2111 4 2 1 1 571 622 924 943
2112 4 2 1 1 1201 637 309 719
2113 4 2 1 1 510 711 1045 1120
2114 4 2 1 1 788 954 500 1099
2115 4 2 1 1 1084 853 899 603
2116 4 2 1 1 725 383 418 1028
2117 4 2 1 1 718 876 523 558
2118 4 2 1 1 522 955 744 1077
2119 4 2 1 1 1200 69 70 305
2120 4 2 1 1 514 890 682 787
2121 4 2 1 1 653 860 819 485
2122 4 2 1 1 497 638 607 950
2123 4 2 1 1 851 988 715 1184
2124 4 2 1 1 570 944 688 1127
2125 4 2 1 1 664 866 508 948
2126 4 2 1 1 905 256 1033 252
2127 4 2 1 1 69 1200 314 305
2128 4 2 1 1 314 305 1200 905
2129 4 2 1 1 1117 1118 590 553
2130 4 2 1 1 491 977 716 1146
2131 4 2 1 1 1200 305 70 1033
2132 4 2 1 1 305 1200 905 1033
2133 4 2 1 1 403 397 424 981
2134 4 2 1 1 59 615 265 891
2135 4 2 1 1 598 890 776 556
2136 4 2 1 1 584 918 781 519
2137 4 2 1 1 562 668 928 746
2138 4 2 1 1 589 928 668 746
2139 4 2 1 1 161 695 153 1157
2140 4 2 1 1 740 968 877 530
2141 4 2 1 1 682 998 570 787
2142 4 2 1 1 745 937 868 744
2143 4 2 1 1 1012 710 773 617
2144 4 2 1 1 499 1010 823 1024
2145 4 2 1 1 1111 856 982 632
2146 4 2 1 1 577 939 887 645
2147 4 2 1 1 688 711 981 1045
2148 4 2 1 1 881 1073 591 741
2149 4 2 1 1 656 1052 699 472
2150 4 2 1 1 729 492 1096 961
2151 4 2 1 1 280 660 733 1185
2152 4 2 1 1 579 1084 899 561
2153 4 2 1 1 857 959 512 1032
2154 4 2 1 1 874 1027 696 1178
2155 4 2 1 1 511 716 838 1038
2156 4 2 1 1 547 624 937 472
2157 4 2 1 1 795 556 598 966
2158 4 2 1 1 507 910 789 1073
2159 4 2 1 1 458 756 780 859
2160 4 2 1 1 824 913 901 489
2161 4 2 1 1 533 938 644 988
2162 4 2 1 1 743 709 941 1177
2163 4 2 1 1 597 955 650 966
2164 4 2 1 1 547 937 802 472
2165 4 2 1 1 598 966 776 485
2166 4 2 1 1 603 728 899 1084
2167 4 2 1 1 279 1022 815 1185
2168 4 2 1 1 711 508 912 981
2169 4 2 1 1 675 909 754 1023
2170 4 2 1 1 783 877 690 530
2171 4 2 1 1 504 1112 675 1147
2172 4 2 1 1 633 898 634 1056
2173 4 2 1 1 59 60 265 615
2174 4 2 1 1 1199 29 30 268
2175 4 2 1 1 268 30 1199 1149
2176 4 2 1 1 307 29 1199 268
2177 4 2 1 1 864 847 1108 646
2178 4 2 1 1 208 548 625 960
2179 4 2 1 1 352 344 454 749
2180 4 2 1 1 496 928 870 1126
2181 4 2 1 1 688 1045 479 1127
2182 4 2 1 1 473 696 874 892
2183 4 2 1 1 622 943 462 1011
2184 4 2 1 1 209 546 625 1003
2185 4 2 1 1 712 205 194 212
2186 4 2 1 1 1217 19 20 111
2187 4 2 1 1 589 1118 776 1144
2188 4 2 1 1 790 1028 841 1170
2189 4 2 1 1 626 788 94 929
2190 4 2 1 1 418 841 725 1028
2191 4 2 1 1 505 903 646 996
2192 4 2 1 1 786 987 661 1018
2193 4 2 1 1 477 924 622 1046
2194 4 2 1 1 653 722 516 976
2195 4 2 1 1 287 1199 719 539
2196 4 2 1 1 680 760 558 1092
2197 4 2 1 1 140 1171 760 142
2198 4 2 1 1 1047 1215 223 260
2199 4 2 1 1 533 645 695 994
2200 4 2 1 1 287 1199 539 268
2201 4 2 1 1 554 976 516 1105
2202 4 2 1 1 619 747 1036 544
2203 4 2 1 1 1199 539 268 1149
2204 4 2 1 1 473 931 696 611
2205 4 2 1 1 950 605 970 1103
2206 4 2 1 1 543 726 952 574
2207 4 2 1 1 642 857 855 1040
2208 4 2 1 1 458 780 642 959
2209 4 2 1 1 147 730 515 768
2210 4 2 1 1 761 676 490 901
2211 4 2 1 1 1111 856 632 842
2212 4 2 1 1 173 11 12 956
2213 4 2 1 1 950 970 605 731
2214 4 2 1 1 709 845 684 1160
2215 4 2 1 1 320 17 18 940
2216 4 2 1 1 359 411 992 1158
2217 4 2 1 1 507 910 713 930
2218 4 2 1 1 994 1130 1067 533
2219 4 2 1 1 105 618 1091 1121
2220 4 2 1 1 157 1215 131 572
2221 4 2 1 1 497 731 605 1082
2222 4 2 1 1 526 934 842 1074
2223 4 2 1 1 287 539 1042 318
2224 4 2 1 1 1120 896 665 664
2225 4 2 1 1 678 490 761 1035
2226 4 2 1 1 320 446 17 940
2227 4 2 1 1 474 955 597 966
2228 4 2 1 1 507 789 910 1050
2229 4 2 1 1 580 1108 978 782
2230 4 2 1 1 660 974 504 1185
2231 4 2 1 1 185 516 679 879
2232 4 2 1 1 630 976 926 744
2233 4 2 1 1 569 636 859 1095
2234 4 2 1 1 1140 825 556 506
2235 4 2 1 1 775 876 690 1146
2236 4 2 1 1 1183 991 757 806
2237 4 2 1 1 527 662 921 1115
2238 4 2 1 1 527 729 643 810
2239 4 2 1 1 1057 1084 987 579
2240 4 2 1 1 490 901 883 902
2241 4 2 1 1 736 924 628 973
2242 4 2 1 1 595 521 831 1167
2243 4 2 1 1 517 980 750 1081
2244 4 2 1 1 180 13 14 1198
2245 4 2 1 1 625 849 209 1003
2246 4 2 1 1 636 963 505 964
2247 4 2 1 1 684 978 1108 782
2248 4 2 1 1 1184 784 851 523
2249 4 2 1 1 690 876 775 877
2250 4 2 1 1 188 1151 548 186
2251 4 2 1 1 14 180 1081 217
2252 4 2 1 1 1180 1018 661 1153
2253 4 2 1 1 188 625 548 849
2254 4 2 1 1 502 980 969 1175
2255 4 2 1 1 1198 180 13 980
2256 4 2 1 1 540 878 754 766
2257 4 2 1 1 1081 180 980 750
2258 4 2 1 1 515 730 608 768
2259 4 2 1 1 157 572 145 707
2260 4 2 1 1 747 987 596 1057
2261 4 2 1 1 1077 1150 650 893
2262 4 2 1 1 650 1077 893 1080
2263 4 2 1 1 471 840 671 985
2264 4 2 1 1 754 766 601 1112
2265 4 2 1 1 324 1242 430 572
2266 4 2 1 1 498 894 834 918
2267 4 2 1 1 82 706 90 940
2268 4 2 1 1 578 965 774 972
2269 4 2 1 1 438 336 869 582
2270 4 2 1 1 701 842 584 934
2271 4 2 1 1 250 243 238 1116
2272 4 2 1 1 113 21 22 1213
2273 4 2 1 1 512 642 855 578
2274 4 2 1 1 484 833 807 911
2275 4 2 1 1 657 885 723 915
2276 4 2 1 1 191 1104 187 1105
2277 4 2 1 1 538 678 604 993
2278 4 2 1 1 467 604 807 1087
2279 4 2 1 1 310 1197 71 70
2280 4 2 1 1 418 383 382 1028
2281 4 2 1 1 73 300 269 1181
2282 4 2 1 1 568 694 662 961
2283 4 2 1 1 510 688 944 1127
2284 4 2 1 1 542 621 743 816
2285 4 2 1 1 474 630 926 744
2286 4 2 1 1 550 585 292 832
2287 4 2 1 1 756 827 694 568
2288 4 2 1 1 531 634 1067 1164
2289 4 2 1 1 461 866 828 1060
2290 4 2 1 1 70 310 1197 1033
2291 4 2 1 1 466 684 889 1160
2292 4 2 1 1 571 460 701 641
2293 4 2 1 1 617 1005 607 1012
2294 4 2 1 1 1197 71 266 310
2295 4 2 1 1 659 971 875 494
2296 4 2 1 1 875 1124 670 971
2297 4 2 1 1 543 952 657 574
2298 4 2 1 1 767 535 600 699
2299 4 2 1 1 1197 310 550 1033
2300 4 2 1 1 302 1165 913 660
2301 4 2 1 1 584 842 701 519
2302 4 2 1 1 760 1171 821 142
2303 4 2 1 1 475 846 661 656
2304 4 2 1 1 511 889 838 782
2305 4 2 1 1 671 877 893 1071
2306 4 2 1 1 845 715 684 1160
2307 4 2 1 1 509 722 653 1072
2308 4 2 1 1 521 790 741 881
2309 4 2 1 1 1197 310 266 550
2310 4 2 1 1 460 854 701 641
2311 4 2 1 1 477 924 1046 1115
2312 4 2 1 1 547 931 785 472
2313 4 2 1 1 337 1232 326 582
2314 4 2 1 1 559 1037 224 1101
2315 4 2 1 1 384 951 401 1025
2316 4 2 1 1 759 1004 708 1155
2317 4 2 1 1 24 25 1196 244
2318 4 2 1 1 599 1038 838 1119
2319 4 2 1 1 24 244 1196 1101
2320 4 2 1 1 1127 1140 664 948
2321 4 2 1 1 198 208 956 960
2322 4 2 1 1 265 297 59 891
2323 4 2 1 1 590 515 608 677
2324 4 2 1 1 144 805 156 1171
2325 4 2 1 1 729 848 643 992
2326 4 2 1 1 665 969 648 1060
2327 4 2 1 1 161 794 695 1157
2328 4 2 1 1 165 150 816 827
2329 4 2 1 1 462 808 687 1007
2330 4 2 1 1 244 25 1196 224
2331 4 2 1 1 546 697 625 1143
2332 4 2 1 1 811 1059 609 1154
2333 4 2 1 1 606 857 771 1050
2334 4 2 1 1 491 775 977 1146
2335 4 2 1 1 892 942 801 1125
2336 4 2 1 1 546 798 1003 1051
2337 4 2 1 1 573 495 756 963
2338 4 2 1 1 333 448 440 925
2339 4 2 1 1 1069 1176 870 496
2340 4 2 1 1 345 1028 841 418
2341 4 2 1 1 432 570 445 335
2342 4 2 1 1 681 785 506 835
2343 4 2 1 1 1109 525 635 923
2344 4 2 1 1 237 230 233 958
2345 4 2 1 1 383 725 421 385
2346 4 2 1 1 620 505 780 963
2347 4 2 1 1 244 224 1196 1101
2348 4 2 1 1 1140 1097 682 779
2349 4 2 1 1 649 624 785 474
2350 4 2 1 1 615 882 579 1057
2351 4 2 1 1 181 515 768 1114
2352 4 2 1 1 1195 11 10 201
2353 4 2 1 1 494 875 899 971
2354 4 2 1 1 251 75 1037 749
2355 4 2 1 1 1202 806 154 160
2356 4 2 1 1 513 1013 967 1161
2357 4 2 1 1 832 974 291 717
2358 4 2 1 1 381 713 1172 897
2359 4 2 1 1 914 472 765 798
2360 4 2 1 1 10 179 1195 201
2361 4 2 1 1 510 627 665 896
2362 4 2 1 1 1208 262 250 45
2363 4 2 1 1 411 1158 412 1182
2364 4 2 1 1 440 925 705 1096
2365 4 2 1 1 564 770 952 1009
2366 4 2 1 1 1042 1173 858 719
2367 4 2 1 1 1225 572 157 707
2368 4 2 1 1 543 864 646 720
2369 4 2 1 1 470 646 864 720
2370 4 2 1 1 670 899 875 971
2371 4 2 1 1 504 766 1119 1128
2372 4 2 1 1 333 762 925 1182
2373 4 2 1 1 373 378 708 1089
2374 4 2 1 1 91 92 90 1083
2375 4 2 1 1 11 201 1195 956
2376 4 2 1 1 1195 201 546 956
2377 4 2 1 1 210 1195 179 201
2378 4 2 1 1 90 497 706 1106
2379 4 2 1 1 656 624 1052 472
2380 4 2 1 1 468 1186 1119 644
2381 4 2 1 1 47 48 220 816
2382 4 2 1 1 1152 1148 565 884
2383 4 2 1 1 693 865 476 803
2384 4 2 1 1 765 472 696 697
2385 4 2 1 1 193 194 175 683
2386 4 2 1 1 765 600 801 535
2387 4 2 1 1 462 687 808 1011
2388 4 2 1 1 460 890 776 677
2389 4 2 1 1 648 969 647 1060
2390 4 2 1 1 816 227 48 220
2391 4 2 1 1 652 1002 772 507
2392 4 2 1 1 594 725 385 984
2393 4 2 1 1 256 905 538 922
2394 4 2 1 1 333 435 762 1182
2395 4 2 1 1 701 918 584 519
2396 4 2 1 1 702 758 513 1161
2397 4 2 1 1 648 665 517 969
2398 4 2 1 1 690 851 523 1184
2399 4 2 1 1 508 981 711 1045
2400 4 2 1 1 232 817 235 1015
2401 4 2 1 1 834 584 643 477
2402 4 2 1 1 825 936 739 943
2403 4 2 1 1 401 713 377 1025
2404 4 2 1 1 700 563 763 1010
2405 4 2 1 1 415 438 336 869
2406 4 2 1 1 500 822 737 1043
2407 4 2 1 1 186 548 1145 1151
2408 4 2 1 1 492 848 662 961
2409 4 2 1 1 507 713 897 930
2410 4 2 1 1 341 607 940 949
2411 4 2 1 1 542 887 565 1139
2412 4 2 1 1 129 1237 816 47
2413 4 2 1 1 332 439 440 925
2414 4 2 1 1 463 669 702 953
2415 4 2 1 1 615 906 882 945
2416 4 2 1 1 540 766 754 1112
2417 4 2 1 1 538 862 604 1086
2418 4 2 1 1 387 729 992 1182
2419 4 2 1 1 378 380 373 708
2420 4 2 1 1 684 782 466 889
2421 4 2 1 1 491 778 716 977
2422 4 2 1 1 675 1112 754 1147
2423 4 2 1 1 720 574 666 503
2424 4 2 1 1 693 481 767 1030
2425 4 2 1 1 95 528 1006 96
2426 4 2 1 1 816 1014 150 48
2427 4 2 1 1 723 885 635 525
2428 4 2 1 1 752 792 651 1044
2429 4 2 1 1 605 950 773 1103
2430 4 2 1 1 760 1064 1133 483
2431 4 2 1 1 1194 1236 154 35
2432 4 2 1 1 365 800 368 1004
2433 4 2 1 1 150 816 827 1014
2434 4 2 1 1 628 924 736 701
2435 4 2 1 1 748 849 619 1003
2436 4 2 1 1 626 867 788 929
2437 4 2 1 1 1140 1097 779 506
2438 4 2 1 1 593 1019 797 793
2439 4 2 1 1 529 740 786 1018
2440 4 2 1 1 728 899 875 670
2441 4 2 1 1 620 826 566 904
2442 4 2 1 1 688 981 616 1045
2443 4 2 1 1 1205 497 940 89
2444 4 2 1 1 518 663 576 1090
2445 4 2 1 1 552 985 819 1080
2446 4 2 1 1 608 768 689 582
2447 4 2 1 1 572 705 694 1096
2448 4 2 1 1 664 896 682 1127
2449 4 2 1 1 639 731 497 732
2450 4 2 1 1 598 926 795 966
2451 4 2 1 1 520 669 612 817
2452 4 2 1 1 826 1044 629 465
2453 4 2 1 1 476 838 820 865
2454 4 2 1 1 796 498 933 764
2455 4 2 1 1 571 842 701 934
2456 4 2 1 1 462 946 753 1007
2457 4 2 1 1 693 1132 723 803
2458 4 2 1 1 525 804 774 972
2459 4 2 1 1 496 936 825 943
2460 4 2 1 1 461 649 1000 1061
2461 4 2 1 1 669 817 595 967
2462 4 2 1 1 441 725 984 385
2463 4 2 1 1 303 541 319 994
2464 4 2 1 1 638 607 950 1110
2465 4 2 1 1 174 36 35 1194
2466 4 2 1 1 754 1112 601 1147
2467 4 2 1 1 1038 865 838 601
2468 4 2 1 1 458 642 780 583
2469 4 2 1 1 492 925 762 1182
2470 4 2 1 1 693 476 1132 803
2471 4 2 1 1 608 730 590 498
2472 4 2 1 1 660 863 504 974
2473 4 2 1 1 696 932 874 1178
2474 4 2 1 1 589 871 764 1118
2475 4 2 1 1 746 1118 589 1144
2476 4 2 1 1 174 36 1194 1114
2477 4 2 1 1 494 899 875 900
2478 4 2 1 1 549 1083 534 655
2479 4 2 1 1 1197 222 550 698
2480 4 2 1 1 185 516 184 679
2481 4 2 1 1 764 776 1118 677
2482 4 2 1 1 706 1012 872 880
2483 4 2 1 1 235 817 240 831
2484 4 2 1 1 709 684 845 566
2485 4 2 1 1 256 833 538 1033
2486 4 2 1 1 904 756 1187 620
2487 4 2 1 1 1194 1236 1031 154
2488 4 2 1 1 668 562 870 826
2489 4 2 1 1 140 609 1065 1133
2490 4 2 1 1 404 365 368 1004
2491 4 2 1 1 496 631 855 1069
2492 4 2 1 1 620 963 756 1187
2493 4 2 1 1 761 902 678 602
2494 4 2 1 1 608 768 582 1131
2495 4 2 1 1 467 885 807 1107
2496 4 2 1 1 783 531 633 1184
2497 4 2 1 1 784 629 718 465
2498 4 2 1 1 174 1194 1063 1114
2499 4 2 1 1 97 626 929 1163
2500 4 2 1 1 350 917 618 1005
2501 4 2 1 1 550 861 862 990
2502 4 2 1 1 864 1108 847 580
2503 4 2 1 1 457 965 803 1162
2504 4 2 1 1 563 839 700 1029
2505 4 2 1 1 98 593 96 1006
2506 4 2 1 1 872 880 1012 464
2507 4 2 1 1 183 1194 1031 1063
2508 4 2 1 1 172 805 144 806
2509 4 2 1 1 692 835 785 1048
2510 4 2 1 1 307 301 287 719
2511 4 2 1 1 776 890 598 677
2512 4 2 1 1 458 859 986 1034
2513 4 2 1 1 147 1114 515 1117
2514 4 2 1 1 12 13 198 980
2515 4 2 1 1 661 852 475 1153
2516 4 2 1 1 567 668 908 1113
2517 4 2 1 1 52 53 1228 155
2518 4 2 1 1 357 643 358 992
2519 4 2 1 1 702 758 594 951
2520 4 2 1 1 506 785 692 835
2521 4 2 1 1 484 726 911 574
2522 4 2 1 1 653 840 722 976
2523 4 2 1 1 635 742 1030 1109
2524 4 2 1 1 98 793 593 1006
2525 4 2 1 1 869 998 570 1041
2526 4 2 1 1 124 15 1 1081
2527 4 2 1 1 505 859 636 1095
2528 4 2 1 1 883 1062 691 962
2529 4 2 1 1 765 797 545 798
2530 4 2 1 1 1215 49 50 131
2531 4 2 1 1 116 678 922 1163
2532 4 2 1 1 527 848 662 1115
2533 4 2 1 1 151 128 137 895
2534 4 2 1 1 807 1078 657 1087
2535 4 2 1 1 721 1107 1016 1015
2536 4 2 1 1 710 948 508 866
2537 4 2 1 1 848 992 614 477
2538 4 2 1 1 12 198 956 980
2539 4 2 1 1 273 54 55 1193
2540 4 2 1 1 530 968 633 1017
2541 4 2 1 1 892 801 942 686
2542 4 2 1 1 656 846 544 914
2543 4 2 1 1 1143 798 1003 546
2544 4 2 1 1 648 969 517 647
2545 4 2 1 1 576 778 716 651
2546 4 2 1 1 502 956 625 960
2547 4 2 1 1 1153 1150 703 529
2548 4 2 1 1 492 777 694 771
2549 4 2 1 1 605 534 880 1082
2550 4 2 1 1 467 993 836 1107
2551 4 2 1 1 17 1219 82 940
2552 4 2 1 1 90 497 89 940
2553 4 2 1 1 1199 539 1149 1076
2554 4 2 1 1 1193 273 54 1067
2555 4 2 1 1 1203 595 749 258
2556 4 2 1 1 583 668 973 1126
2557 4 2 1 1 1193 303 55 273
2558 4 2 1 1 311 913 602 1149
2559 4 2 1 1 420 1025 951 384
2560 4 2 1 1 700 1010 613 804
2561 4 2 1 1 523 851 690 1146
2562 4 2 1 1 264 550 222 791
2563 4 2 1 1 663 778 475 1153
2564 4 2 1 1 649 597 474 785
2565 4 2 1 1 1193 695 273 1067
2566 4 2 1 1 538 550 862 1033
2567 4 2 1 1 816 964 573 1014
2568 4 2 1 1 324 572 705 1047
2569 4 2 1 1 835 936 681 1069
2570 4 2 1 1 1193 1229 133 55
2571 4 2 1 1 633 1017 968 468
2572 4 2 1 1 540 862 1023 1078
2573 4 2 1 1 87 1231 31 1192
2574 4 2 1 1 658 971 663 1147
2575 4 2 1 1 572 1034 705 1047
2576 4 2 1 1 1142 1009 884 886
2577 4 2 1 1 991 530 487 1056
2578 4 2 1 1 500 737 735 954
2579 4 2 1 1 457 767 699 1048
2580 4 2 1 1 69 1240 314 1200
2581 4 2 1 1 975 993 678 1163
2582 4 2 1 1 569 959 986 1032
2583 4 2 1 1 714 957 964 1152
2584 4 2 1 1 676 469 883 1156
2585 4 2 1 1 604 678 538 1086
2586 4 2 1 1 562 826 746 1044
2587 4 2 1 1 727 614 772 1158
2588 4 2 1 1 644 633 532 814
2589 4 2 1 1 594 702 595 844
2590 4 2 1 1 571 460 641 825
2591 4 2 1 1 32 31 270 1192
2592 4 2 1 1 210 1195 201 546
2593 4 2 1 1 631 506 835 936
2594 4 2 1 1 573 827 816 1014
2595 4 2 1 1 1192 1240 125 905
2596 4 2 1 1 524 906 192 1070
2597 4 2 1 1 1021 861 770 791
2598 4 2 1 1 492 694 662 771
2599 4 2 1 1 758 844 443 1161
2600 4 2 1 1 419 329 443 758
2601 4 2 1 1 522 792 699 1052
2602 4 2 1 1 156 172 130 509
2603 4 2 1 1 1153 1150 529 778
2604 4 2 1 1 474 679 868 744
2605 4 2 1 1 845 577 715 1160
2606 4 2 1 1 494 1020 900 1022
2607 4 2 1 1 724 694 458 662
2608 4 2 1 1 548 849 745 1151
2609 4 2 1 1 560 824 858 1156
2610 4 2 1 1 1202 806 160 757
2611 4 2 1 1 1192 1240 32 125
2612 4 2 1 1 857 1046 771 1050
2613 4 2 1 1 597 936 825 1176
2614 4 2 1 1 642 583 1040 1126
2615 4 2 1 1 371 372 1089 1134
2616 4 2 1 1 671 840 786 945
2617 4 2 1 1 94 528 96 1068
2618 4 2 1 1 635 867 742 1109
2619 4 2 1 1 607 940 880 1012
2620 4 2 1 1 471 893 1077 1080
2621 4 2 1 1 87 1231 1192 905
2622 4 2 1 1 812 939 698 1021
2623 4 2 1 1 472 914 656 927
2624 4 2 1 1 589 928 736 1126
2625 4 2 1 1 685 903 780 1191
2626 4 2 1 1 87 602 905 116
2627 4 2 1 1 591 725 1025 1169
2628 4 2 1 1 825 739 936 506
2629 4 2 1 1 845 1160 709 1177
2630 4 2 1 1 544 914 619 1122
2631 4 2 1 1 680 523 1092 558
2632 4 2 1 1 87 602 116 107
2633 4 2 1 1 471 893 703 1077
2634 4 2 1 1 883 1068 902 1076
2635 4 2 1 1 799 1089 372 1134
2636 4 2 1 1 867 942 686 1188
2637 4 2 1 1 807 1078 1087 604
2638 4 2 1 1 749 251 76 258
2639 4 2 1 1 166 1116 794 1174
2640 4 2 1 1 466 889 886 1160
2641 4 2 1 1 712 327 1218 442
2642 4 2 1 1 474 630 955 966
2643 4 2 1 1 240 595 749 831
2644 4 2 1 1 776 928 589 1144
2645 4 2 1 1 593 883 691 1019
2646 4 2 1 1 567 826 620 904
2647 4 2 1 1 815 291 974 717
2648 4 2 1 1 157 1215 572 1238
2649 4 2 1 1 746 819 809 1118
2650 4 2 1 1 568 724 756 1059
2651 4 2 1 1 478 811 724 568
2652 4 2 1 1 676 962 755 557
2653 4 2 1 1 460 556 890 641
2654 4 2 1 1 297 561 301 1179
2655 4 2 1 1 182 195 515 879
2656 4 2 1 1 566 784 680 465
2657 4 2 1 1 258 595 240 844
2658 4 2 1 1 1020 900 853 494
2659 4 2 1 1 838 889 511 715
2660 4 2 1 1 462 739 943 1074
2661 4 2 1 1 517 712 673 1081
2662 4 2 1 1 301 561 308 285
2663 4 2 1 1 720 1015 574 503
2664 4 2 1 1 65 66 1094 323
2665 4 2 1 1 34 33 1202 160
2666 4 2 1 1 276 815 814 1130
2667 4 2 1 1 1057 786 493 987
2668 4 2 1 1 700 839 563 1024
2669 4 2 1 1 663 475 852 1153
2670 4 2 1 1 267 634 1164 1067
2671 4 2 1 1 466 709 684 1160
2672 4 2 1 1 723 1030 635 742
2673 4 2 1 1 337 582 438 689
2674 4 2 1 1 727 360 584 359
2675 4 2 1 1 938 988 1119 644
2676 4 2 1 1 488 708 773 1155
2677 4 2 1 1 552 893 650 718
2678 4 2 1 1 689 730 498 895
2679 4 2 1 1 1019 1076 858 719
2680 4 2 1 1 371 1089 1004 1134
2681 4 2 1 1 598 514 795 879
2682 4 2 1 1 611 804 774 1162
2683 4 2 1 1 628 834 498 933
2684 4 2 1 1 513 758 705 1161
2685 4 2 1 1 507 1011 789 1050
2686 4 2 1 1 542 743 621 941
2687 4 2 1 1 568 707 694 961
2688 4 2 1 1 381 435 762 1172
2689 4 2 1 1 537 911 233 958
2690 4 2 1 1 468 690 851 977
2691 4 2 1 1 789 910 606 953
2692 4 2 1 1 1144 819 485 650
2693 4 2 1 1 489 913 901 1086
2694 4 2 1 1 590 1008 871 764
2695 4 2 1 1 506 649 828 785
2696 4 2 1 1 625 548 849 745
2697 4 2 1 1 75 263 251 1037
2698 4 2 1 1 478 811 908 1113
2699 4 2 1 1 867 942 742 1109
2700 4 2 1 1 714 958 957 1152
2701 4 2 1 1 458 642 857 959
2702 4 2 1 1 218 748 891 1003
2703 4 2 1 1 411 379 992 1182
2704 4 2 1 1 986 513 1034 569
2705 4 2 1 1 279 815 1022 1102
2706 4 2 1 1 633 818 531 533
2707 4 2 1 1 1094 66 65 175
2708 4 2 1 1 109 11 10 1195
2709 4 2 1 1 380 708 378 1110
2710 4 2 1 1 551 932 1060 647
2711 4 2 1 1 145 139 568 827
2712 4 2 1 1 561 899 728 1084
2713 4 2 1 1 529 703 893 1150
2714 4 2 1 1 713 1169 910 507
2715 4 2 1 1 607 880 497 950
2716 4 2 1 1 386 894 437 781
2717 4 2 1 1 615 1070 199 906
2718 4 2 1 1 199 1070 615 213
2719 4 2 1 1 582 1131 768 1135
2720 4 2 1 1 621 714 964 1152
2721 4 2 1 1 807 1087 885 467
2722 4 2 1 1 15 112 1081 124
2723 4 2 1 1 345 1028 418 416
2724 4 2 1 1 484 807 657 574
2725 4 2 1 1 597 955 474 785
2726 4 2 1 1 345 1028 416 1170
2727 4 2 1 1 521 725 790 881
2728 4 2 1 1 592 979 836 1107
2729 4 2 1 1 496 936 631 1069
2730 4 2 1 1 544 661 873 1054
2731 4 2 1 1 491 716 629 1146
2732 4 2 1 1 331 324 572 705
2733 4 2 1 1 500 686 822 1188
2734 4 2 1 1 280 660 302 733
2735 4 2 1 1 97 678 116 1163
2736 4 2 1 1 358 643 356 894
2737 4 2 1 1 681 936 597 1176
2738 4 2 1 1 386 437 894 413
2739 4 2 1 1 891 561 1179 486
2740 4 2 1 1 796 933 498 1136
2741 4 2 1 1 253 721 235 831
2742 4 2 1 1 111 85 122 1037
2743 4 2 1 1 837 66 1094 175
2744 4 2 1 1 733 1185 660 659
2745 4 2 1 1 950 970 488 1103
2746 4 2 1 1 497 607 638 949
2747 4 2 1 1 404 373 405 1004
2748 4 2 1 1 581 1037 559 1101
2749 4 2 1 1 1022 900 283 623
2750 4 2 1 1 607 497 940 949
2751 4 2 1 1 301 719 561 1042
2752 4 2 1 1 578 1075 847 1191
2753 4 2 1 1 860 1114 509 1117
2754 4 2 1 1 533 717 994 1130
2755 4 2 1 1 592 922 993 1163
2756 4 2 1 1 412 762 435 1182
2757 4 2 1 1 517 712 1081 750
2758 4 2 1 1 760 1064 483 680
2759 4 2 1 1 283 900 1022 282
2760 4 2 1 1 517 673 916 1091
2761 4 2 1 1 1020 971 659 494
2762 4 2 1 1 461 896 627 1000
2763 4 2 1 1 484 657 952 574
2764 4 2 1 1 914 1122 927 745
2765 4 2 1 1 1173 728 875 670
2766 4 2 1 1 1173 875 728 561
2767 4 2 1 1 500 822 1043 1188
2768 4 2 1 1 527 643 1115 1136
2769 4 2 1 1 99 1196 85 1037
2770 4 2 1 1 267 634 275 674
2771 4 2 1 1 149 1133 1174 794
2772 4 2 1 1 205 1081 63 1218
2773 4 2 1 1 663 1138 610 468
2774 4 2 1 1 691 501 797 1137
2775 4 2 1 1 550 698 222 791
2776 4 2 1 1 345 456 841 1170
2777 4 2 1 1 587 980 956 502
2778 4 2 1 1 253 559 721 831
2779 4 2 1 1 161 1133 149 794
2780 4 2 1 1 762 930 897 1172
2781 4 2 1 1 1077 1080 976 471
2782 4 2 1 1 474 597 649 1097
2783 4 2 1 1 1135 768 203 195
2784 4 2 1 1 1135 1232 1210 203
2785 4 2 1 1 547 802 696 472
2786 4 2 1 1 429 454 343 749
2787 4 2 1 1 1175 549 872 647
2788 4 2 1 1 1175 872 549 1121
2789 4 2 1 1 286 695 994 1067
2790 4 2 1 1 593 118 1068 1076
2791 4 2 1 1 946 1007 1159 850
2792 4 2 1 1 734 937 547 1061
2793 4 2 1 1 717 815 1130 1129
2794 4 2 1 1 725 841 790 1028
2795 4 2 1 1 724 694 662 568
2796 4 2 1 1 545 914 765 798
2797 4 2 1 1 1211 215 206 637
2798 4 2 1 1 463 1029 789 1073
2799 4 2 1 1 1182 333 439 925
2800 4 2 1 1 620 780 756 963
2801 4 2 1 1 1182 439 333 422
2802 4 2 1 1 496 855 631 943
2803 4 2 1 1 814 815 276 1102
2804 4 2 1 1 681 835 506 936
2805 4 2 1 1 769 305 905 1033
2806 4 2 1 1 769 305 1033 294
2807 4 2 1 1 83 23 24 1209
2808 4 2 1 1 915 803 1132 476
2809 4 2 1 1 482 564 770 766
2810 4 2 1 1 495 816 621 964
2811 4 2 1 1 224 251 263 1037
2812 4 2 1 1 496 631 936 943
2813 4 2 1 1 631 1024 839 700
2814 4 2 1 1 620 903 505 996
2815 4 2 1 1 940 1005 618 1012
2816 4 2 1 1 796 478 1008 764
2817 4 2 1 1 458 857 642 583
2818 4 2 1 1 1132 803 915 723
2819 4 2 1 1 623 1020 1017 738
2820 4 2 1 1 750 969 960 980
2821 4 2 1 1 811 871 908 672
2822 4 2 1 1 390 799 912 389
2823 4 2 1 1 438 415 339 781
2824 4 2 1 1 643 834 1115 1136
2825 4 2 1 1 713 1025 951 1169
2826 4 2 1 1 764 776 589 1118
2827 4 2 1 1 639 521 731 732
2828 4 2 1 1 1186 1022 532 1020
2829 4 2 1 1 128 136 137 796
2830 4 2 1 1 623 283 579 900
2831 4 2 1 1 623 579 283 882
2832 4 2 1 1 538 550 833 861
2833 4 2 1 1 389 417 433 917
2834 4 2 1 1 571 825 739 943
2835 4 2 1 1 270 305 314 905
2836 4 2 1 1 544 619 914 1036
2837 4 2 1 1 525 774 804 1162
2838 4 2 1 1 631 855 839 943
2839 4 2 1 1 363 406 366 1085
2840 4 2 1 1 1017 1020 532 738
2841 4 2 1 1 1127 1140 948 479
2842 4 2 1 1 1101 581 99 119
2843 4 2 1 1 1101 99 581 1037
2844 4 2 1 1 597 785 649 506
2845 4 2 1 1 916 1091 917 618
2846 4 2 1 1 153 695 1193 1067
2847 4 2 1 1 772 800 526 1085
2848 4 2 1 1 815 277 291 717
2849 4 2 1 1 394 1110 638 1170
2850 4 2 1 1 1184 784 523 680
2851 4 2 1 1 410 349 417 1091
2852 4 2 1 1 628 834 933 1115
2853 4 2 1 1 805 806 487 1183
2854 4 2 1 1 729 1096 492 925
2855 4 2 1 1 661 544 873 656
2856 4 2 1 1 633 531 818 1184
2857 4 2 1 1 377 713 375 1002
2858 4 2 1 1 824 1149 901 913
2859 4 2 1 1 815 291 277 278
2860 4 2 1 1 939 791 698 1021
2861 4 2 1 1 1039 991 674 1056
2862 4 2 1 1 126 546 115 997
2863 4 2 1 1 1106 639 111 89
2864 4 2 1 1 561 875 728 899
2865 4 2 1 1 89 1217 1205 639
2866 4 2 1 1 851 1038 511 715
2867 4 2 1 1 696 501 765 697
2868 4 2 1 1 465 908 983 1154
2869 4 2 1 1 1211 316 637 272
2870 4 2 1 1 1179 1003 891 486
2871 4 2 1 1 575 866 664 948
2872 4 2 1 1 812 887 541 1139
2873 4 2 1 1 468 633 644 988
2874 4 2 1 1 1120 896 664 1127
2875 4 2 1 1 605 464 534 1001
2876 4 2 1 1 1034 569 513 636
2877 4 2 1 1 292 266 550 832
2878 4 2 1 1 471 985 893 1080
2879 4 2 1 1 573 859 636 963
2880 4 2 1 1 994 1067 695 533
2881 4 2 1 1 479 948 739 1140
2882 4 2 1 1 539 824 318 1149
2883 4 2 1 1 681 650 752 1176
2884 4 2 1 1 587 956 980 121
2885 4 2 1 1 471 671 840 1180
2886 4 2 1 1 595 702 669 967
2887 4 2 1 1 186 679 184 1105
2888 4 2 1 1 550 698 791 1021
2889 4 2 1 1 805 819 552 985
2890 4 2 1 1 144 806 805 1183
2891 4 2 1 1 1106 111 639 1037
2892 4 2 1 1 531 821 1056 1164
2893 4 2 1 1 978 782 684 511
2894 4 2 1 1 520 763 1026 667
2895 4 2 1 1 116 602 905 922
2896 4 2 1 1 94 97 626 929
2897 4 2 1 1 501 593 1006 1125
2898 4 2 1 1 902 107 116 602
2899 4 2 1 1 557 1023 761 1087
2900 4 2 1 1 902 116 107 117
2901 4 2 1 1 670 1090 989 1141
2902 4 2 1 1 474 926 630 966
2903 4 2 1 1 294 769 585 1033
2904 4 2 1 1 434 712 347 1166
2905 4 2 1 1 876 1092 523 558
2906 4 2 1 1 757 192 524 906
2907 4 2 1 1 1181 1139 812 541
2908 4 2 1 1 812 1139 1181 698
2909 4 2 1 1 317 579 615 882
2910 4 2 1 1 562 752 650 1176
2911 4 2 1 1 713 591 1169 507
2912 4 2 1 1 224 1101 253 559
2913 4 2 1 1 728 1093 670 1173
2914 4 2 1 1 867 836 626 1099
2915 4 2 1 1 789 953 606 1032
2916 4 2 1 1 556 682 641 1140
2917 4 2 1 1 639 343 841 749
2918 4 2 1 1 712 1088 711 1120
2919 4 2 1 1 364 361 1085 1158
2920 4 2 1 1 659 1124 971 1147
2921 4 2 1 1 727 1085 361 1158
2922 4 2 1 1 799 396 390 981
2923 4 2 1 1 350 417 618 917
2924 4 2 1 1 555 930 762 1172
2925 4 2 1 1 146 167 147 1117
2926 4 2 1 1 658 663 601 1147
2927 4 2 1 1 1145 211 1135 683
2928 4 2 1 1 543 666 864 720
2929 4 2 1 1 470 864 666 720
2930 4 2 1 1 690 529 775 977
2931 4 2 1 1 703 873 661 1180
2932 4 2 1 1 889 684 715 1160
2933 4 2 1 1 184 722 516 1063
2934 4 2 1 1 547 734 802 937
2935 4 2 1 1 1145 211 683 193
2936 4 2 1 1 475 663 852 1090
2937 4 2 1 1 699 1052 535 472
2938 4 2 1 1 144 172 156 805
2939 4 2 1 1 1015 520 503 720
2940 4 2 1 1 259 698 565 791
2941 4 2 1 1 290 704 299 906
2942 4 2 1 1 687 591 652 507
2943 4 2 1 1 463 910 789 953
2944 4 2 1 1 703 529 893 1180
2945 4 2 1 1 496 736 825 928
2946 4 2 1 1 473 801 686 611
2947 4 2 1 1 253 1101 224 244
2948 4 2 1 1 130 1117 509 1114
2949 4 2 1 1 229 1237 816 542
2950 4 2 1 1 626 993 975 1163
2951 4 2 1 1 732 979 735 581
2952 4 2 1 1 468 977 663 1138
2953 4 2 1 1 26 25 1239 85
2954 4 2 1 1 682 514 787 1123
2955 4 2 1 1 590 498 764 677
2956 4 2 1 1 492 961 694 1096
2957 4 2 1 1 274 267 273 1067
2958 4 2 1 1 891 561 579 308
2959 4 2 1 1 287 539 318 268
2960 4 2 1 1 811 871 672 1008
2961 4 2 1 1 1165 585 281 293
2962 4 2 1 1 95 94 92 947
2963 4 2 1 1 493 853 987 1018
2964 4 2 1 1 161 1133 794 1157
2965 4 2 1 1 78 443 844 1161
2966 4 2 1 1 90 93 1106 1083
2967 4 2 1 1 606 953 777 986
2968 4 2 1 1 1199 108 1076 81
2969 4 2 1 1 1165 281 585 974
2970 4 2 1 1 459 731 829 732
2971 4 2 1 1 639 521 732 749
2972 4 2 1 1 627 588 683 1145
2973 4 2 1 1 536 1004 1089 1134
2974 4 2 1 1 687 591 741 488
2975 4 2 1 1 824 875 733 560
2976 4 2 1 1 463 953 789 1032
2977 4 2 1 1 509 553 805 819
2978 4 2 1 1 639 521 749 841
2979 4 2 1 1 472 802 1143 745
2980 4 2 1 1 824 875 560 858
2981 4 2 1 1 658 1020 659 1186
2982 4 2 1 1 162 142 143 760
2983 4 2 1 1 499 1010 700 804
2984 4 2 1 1 183 1194 1063 174
2985 4 2 1 1 396 370 397 981
2986 4 2 1 1 538 602 678 922
2987 4 2 1 1 65 175 212 1094
2988 4 2 1 1 838 601 766 1119
2989 4 2 1 1 347 392 409 912
2990 4 2 1 1 257 239 231 967
2991 4 2 1 1 692 932 551 654
2992 4 2 1 1 358 413 386 894
2993 4 2 1 1 532 815 644 814
2994 4 2 1 1 1194 806 172 154
2995 4 2 1 1 607 940 497 880
2996 4 2 1 1 267 1164 634 674
2997 4 2 1 1 694 986 777 1034
2998 4 2 1 1 454 344 343 749
2999 4 2 1 1 1021 861 791 550
3000 4 2 1 1 193 189 627 1145
3001 4 2 1 1 104 119 83 1101
3002 4 2 1 1 681 1176 1069 936
3003 4 2 1 1 1212 289 304 674
3004 4 2 1 1 892 947 655 1188
3005 4 2 1 1 162 821 760 1157
3006 4 2 1 1 470 646 720 667
3007 4 2 1 1 394 436 1110 1170
3008 4 2 1 1 635 885 723 1168
3009 4 2 1 1 521 595 749 984
3010 4 2 1 1 665 627 461 896
3011 4 2 1 1 1069 1176 681 752
3012 4 2 1 1 518 865 693 576
3013 4 2 1 1 721 1107 1015 503
3014 4 2 1 1 504 863 675 1112
3015 4 2 1 1 634 1039 674 1056
3016 4 2 1 1 633 634 531 1056
3017 4 2 1 1 264 1197 246 222
3018 4 2 1 1 517 916 872 1091
3019 4 2 1 1 610 1138 968 468
3020 4 2 1 1 369 372 371 1134
3021 4 2 1 1 534 1082 706 880
3022 4 2 1 1 1195 9 88 637
3023 4 2 1 1 586 499 823 1024
3024 4 2 1 1 453 331 572 1096
3025 4 2 1 1 618 940 395 1005
3026 4 2 1 1 881 919 741 1167
3027 4 2 1 1 240 844 239 221
3028 4 2 1 1 240 239 844 595
3029 4 2 1 1 551 499 692 654
3030 4 2 1 1 1180 1018 1153 529
3031 4 2 1 1 257 844 967 1161
3032 4 2 1 1 1179 1003 486 637
3033 4 2 1 1 1241 730 158 768
3034 4 2 1 1 535 699 1048 1052
3035 4 2 1 1 1211 206 57 58
3036 4 2 1 1 293 585 294 769
3037 4 2 1 1 516 722 653 1063
3038 4 2 1 1 931 1048 535 611
3039 4 2 1 1 888 1157 818 695
3040 4 2 1 1 374 772 897 1158
3041 4 2 1 1 112 517 101 1121
3042 4 2 1 1 967 844 239 595
3043 4 2 1 1 110 956 793 587
3044 4 2 1 1 531 783 633 1056
3045 4 2 1 1 298 704 738 299
3046 4 2 1 1 872 916 618 1091
3047 4 2 1 1 1096 351 729 707
3048 4 2 1 1 126 793 546 997
3049 4 2 1 1 797 798 501 793
3050 4 2 1 1 87 602 107 1231
3051 4 2 1 1 854 498 918 1189
3052 4 2 1 1 1185 1128 974 504
3053 4 2 1 1 396 981 799 1134
3054 4 2 1 1 1056 1092 487 821
3055 4 2 1 1 470 666 972 1026
3056 4 2 1 1 613 972 666 1026
3057 4 2 1 1 95 528 96 94
3058 4 2 1 1 298 704 299 290
3059 4 2 1 1 689 608 582 1189
3060 4 2 1 1 524 192 1031 1070
3061 4 2 1 1 579 987 1057 623
3062 4 2 1 1 546 637 486 1003
3063 4 2 1 1 432 335 447 869
3064 4 2 1 1 497 639 732 1106
3065 4 2 1 1 1152 1148 884 958
3066 4 2 1 1 466 714 621 884
3067 4 2 1 1 603 1036 846 1141
3068 4 2 1 1 290 304 674 757
3069 4 2 1 1 381 713 897 375
3070 4 2 1 1 661 873 703 656
3071 4 2 1 1 347 712 673 1088
3072 4 2 1 1 494 853 899 900
3073 4 2 1 1 984 841 521 725
3074 4 2 1 1 917 1005 617 1012
3075 4 2 1 1 796 590 498 764
3076 4 2 1 1 919 881 1073 463
3077 4 2 1 1 709 621 996 1187
3078 4 2 1 1 484 833 791 861
3079 4 2 1 1 89 1217 639 111
3080 4 2 1 1 462 1007 753 1074
3081 4 2 1 1 591 725 790 1028
3082 4 2 1 1 615 596 1058 1070
3083 4 2 1 1 810 894 643 1136
3084 4 2 1 1 311 1231 905 270
3085 4 2 1 1 790 950 488 638
3086 4 2 1 1 789 1073 687 507
3087 4 2 1 1 491 718 775 1146
3088 4 2 1 1 499 700 1010 1024
3089 4 2 1 1 87 602 1231 905
3090 4 2 1 1 700 563 1010 1024
3091 4 2 1 1 561 301 1042 285
3092 4 2 1 1 367 897 772 1002
3093 4 2 1 1 663 852 610 1138
3094 4 2 1 1 273 303 286 695
3095 4 2 1 1 619 747 544 748
3096 4 2 1 1 579 899 853 900
3097 4 2 1 1 481 942 686 1109
3098 4 2 1 1 367 897 1002 375
3099 4 2 1 1 460 854 641 890
3100 4 2 1 1 459 829 763 830
3101 4 2 1 1 256 264 833 1033
3102 4 2 1 1 524 840 722 1072
3103 4 2 1 1 328 705 419 758
3104 4 2 1 1 483 743 845 1064
3105 4 2 1 1 652 1004 759 1155
3106 4 2 1 1 466 543 726 1142
3107 4 2 1 1 730 796 498 895
3108 4 2 1 1 643 894 834 1136
3109 4 2 1 1 953 513 569 702
3110 4 2 1 1 191 722 1070 1104
3111 4 2 1 1 467 1087 885 1168
3112 4 2 1 1 420 1025 384 385
3113 4 2 1 1 953 513 702 555
3114 4 2 1 1 488 773 850 1155
3115 4 2 1 1 995 407 362 856
3116 4 2 1 1 594 758 420 951
3117 4 2 1 1 503 735 836 923
3118 4 2 1 1 995 362 407 408
3119 4 2 1 1 800 1004 652 1007
3120 4 2 1 1 725 594 1025 1169
3121 4 2 1 1 485 776 1118 1144
3122 4 2 1 1 436 380 1110 1170
3123 4 2 1 1 761 676 901 489
3124 4 2 1 1 539 858 719 1042
3125 4 2 1 1 761 676 489 557
3126 4 2 1 1 637 719 640 486
3127 4 2 1 1 488 759 708 1155
3128 4 2 1 1 899 971 1141 603
3129 4 2 1 1 721 830 520 831
3130 4 2 1 1 1015 520 720 817
3131 4 2 1 1 1140 825 506 739
3132 4 2 1 1 1141 971 899 670
3133 4 2 1 1 605 823 970 1103
3134 4 2 1 1 1081 712 205 750
3135 4 2 1 1 529 893 775 1150
3136 4 2 1 1 489 675 1023 909
3137 4 2 1 1 1201 1233 637 123
3138 4 2 1 1 414 447 400 1041
3139 4 2 1 1 1080 485 976 653
3140 4 2 1 1 544 748 813 1122
3141 4 2 1 1 1056 1092 821 531
3142 4 2 1 1 519 854 701 918
3143 4 2 1 1 591 713 1002 507
3144 4 2 1 1 614 1046 622 1050
3145 4 2 1 1 938 1119 988 599
3146 4 2 1 1 603 852 661 987
3147 4 2 1 1 494 875 733 900
3148 4 2 1 1 357 387 729 992
3149 4 2 1 1 417 618 917 1091
3150 4 2 1 1 105 82 1219 618
3151 4 2 1 1 971 610 663 852
3152 4 2 1 1 147 1114 768 515
3153 4 2 1 1 717 812 288 832
3154 4 2 1 1 643 810 356 894
3155 4 2 1 1 151 1221 41 895
3156 4 2 1 1 338 781 437 894
3157 4 2 1 1 808 934 526 1074
3158 4 2 1 1 768 1114 147 152
3159 4 2 1 1 811 871 1008 478
3160 4 2 1 1 525 864 666 972
3161 4 2 1 1 130 1117 1114 167
3162 4 2 1 1 829 741 919 1167
3163 4 2 1 1 682 1123 570 1127
3164 4 2 1 1 838 1038 599 715
3165 4 2 1 1 1139 939 565 698
3166 4 2 1 1 886 889 564 599
3167 4 2 1 1 776 556 597 966
3168 4 2 1 1 1171 672 140 983
3169 4 2 1 1 105 17 16 1219
3170 4 2 1 1 491 716 778 651
3171 4 2 1 1 540 1023 754 1078
3172 4 2 1 1 513 1034 1013 1047
3173 4 2 1 1 769 538 602 1086
3174 4 2 1 1 1057 1084 579 891
3175 4 2 1 1 1038 865 601 663
3176 4 2 1 1 1126 924 736 973
3177 4 2 1 1 963 996 621 1187
3178 4 2 1 1 1171 140 672 141
3179 4 2 1 1 487 991 1056 1183
3180 4 2 1 1 487 558 821 1092
3181 4 2 1 1 1057 1084 891 747
3182 4 2 1 1 372 396 799 1134
3183 4 2 1 1 636 859 573 1034
3184 4 2 1 1 663 852 1090 971
3185 4 2 1 1 625 1143 802 745
3186 4 2 1 1 1096 332 453 331
3187 4 2 1 1 595 817 669 1167
3188 4 2 1 1 1163 1209 83 592
3189 4 2 1 1 474 926 679 744
3190 4 2 1 1 293 585 769 1165
3191 4 2 1 1 799 912 508 981
3192 4 2 1 1 607 949 341 1110
3193 4 2 1 1 337 438 338 689
3194 4 2 1 1 478 724 921 568
3195 4 2 1 1 653 722 509 1063
3196 4 2 1 1 182 879 515 1063
3197 4 2 1 1 553 558 809 983
3198 4 2 1 1 538 833 807 861
3199 4 2 1 1 203 67 68 1232
3200 4 2 1 1 924 943 622 1040
3201 4 2 1 1 499 822 737 804
3202 4 2 1 1 536 1004 800 1007
3203 4 2 1 1 432 336 582 869
3204 4 2 1 1 417 917 673 1091
3205 4 2 1 1 576 820 803 651
3206 4 2 1 1 1093 798 545 797
3207 4 2 1 1 538 769 862 1086
3208 4 2 1 1 253 721 559 1101
3209 4 2 1 1 364 367 374 772
3210 4 2 1 1 341 426 394 949
3211 4 2 1 1 187 1151 1122 849
3212 4 2 1 1 681 650 597 955
3213 4 2 1 1 487 805 558 1071
3214 4 2 1 1 581 732 559 1037
3215 4 2 1 1 292 585 550 1033
3216 4 2 1 1 1180 1018 529 786
3217 4 2 1 1 109 1195 546 956
3218 4 2 1 1 630 1077 650 1080
3219 4 2 1 1 571 736 924 701
3220 4 2 1 1 495 609 904 1064
3221 4 2 1 1 333 422 435 1182
3222 4 2 1 1 209 625 546 956
3223 4 2 1 1 465 809 746 558
3224 4 2 1 1 767 1030 611 1162
3225 4 2 1 1 1096 351 707 453
3226 4 2 1 1 614 1158 992 1182
3227 4 2 1 1 210 1179 206 637
3228 4 2 1 1 733 1022 494 900
3229 4 2 1 1 733 494 1022 659
3230 4 2 1 1 1094 837 944 323
3231 4 2 1 1 717 482 832 907
3232 4 2 1 1 473 801 611 696
3233 4 2 1 1 252 69 70 1200
3234 4 2 1 1 375 377 401 713
3235 4 2 1 1 381 713 375 401
3236 4 2 1 1 365 800 772 1085
3237 4 2 1 1 941 1152 621 542
3238 4 2 1 1 1102 275 634 898
3239 4 2 1 1 827 1059 495 1065
3240 4 2 1 1 710 866 648 551
3241 4 2 1 1 458 859 780 959
3242 4 2 1 1 394 949 638 1110
3243 4 2 1 1 487 1071 991 1072
3244 4 2 1 1 661 846 544 656
3245 4 2 1 1 355 643 810 356
3246 4 2 1 1 614 897 762 930
3247 4 2 1 1 392 912 673 917
3248 4 2 1 1 761 604 1035 1087
3249 4 2 1 1 471 703 893 1180
3250 4 2 1 1 1123 1127 896 510
3251 4 2 1 1 1102 634 275 276
3252 4 2 1 1 79 1161 242 1047
3253 4 2 1 1 478 796 933 764
3254 4 2 1 1 627 896 588 1000
3255 4 2 1 1 233 230 232 958
3256 4 2 1 1 1146 851 784 523
3257 4 2 1 1 546 640 798 1051
3258 4 2 1 1 657 915 723 1132
3259 4 2 1 1 364 772 374 1158
3260 4 2 1 1 290 757 704 906
3261 4 2 1 1 373 1004 371 1089
3262 4 2 1 1 642 1040 870 1126
3263 4 2 1 1 969 1000 627 734
3264 4 2 1 1 372 369 396 1134
3265 4 2 1 1 1123 588 896 682
3266 4 2 1 1 511 978 629 684
3267 4 2 1 1 916 917 617 1012
3268 4 2 1 1 1146 784 851 629
3269 4 2 1 1 511 851 716 1038
3270 4 2 1 1 522 650 681 955
3271 4 2 1 1 388 799 389 917
3272 4 2 1 1 669 520 667 919
3273 4 2 1 1 649 868 474 1097
3274 4 2 1 1 904 1187 743 709
3275 4 2 1 1 843 464 654 534
3276 4 2 1 1 598 556 776 966
3277 4 2 1 1 725 881 594 1169
3278 4 2 1 1 1039 991 1056 530
3279 4 2 1 1 101 517 1175 1121
3280 4 2 1 1 681 597 650 1176
3281 4 2 1 1 496 870 1040 1126
3282 4 2 1 1 458 959 857 986
3283 4 2 1 1 743 1187 904 495
3284 4 2 1 1 933 1115 834 1136
3285 4 2 1 1 259 238 237 1139
3286 4 2 1 1 843 932 551 647
3287 4 2 1 1 805 985 552 1071
3288 4 2 1 1 583 857 1040 1046
3289 4 2 1 1 879 1063 516 860
3290 4 2 1 1 371 1004 368 1134
3291 4 2 1 1 821 1157 531 760
3292 4 2 1 1 929 1163 975 678
3293 4 2 1 1 521 749 595 831
3294 4 2 1 1 306 913 311 1149
3295 4 2 1 1 870 826 562 480
3296 4 2 1 1 697 501 793 1027
3297 4 2 1 1 97 929 94 1068
3298 4 2 1 1 975 1163 929 626
3299 4 2 1 1 515 195 768 1135
3300 4 2 1 1 544 873 656 927
3301 4 2 1 1 542 1237 816 1174
3302 4 2 1 1 729 848 492 961
3303 4 2 1 1 839 1011 512 1029
3304 4 2 1 1 570 1123 944 1127
3305 4 2 1 1 1095 967 669 569
3306 4 2 1 1 650 1150 491 718
3307 4 2 1 1 465 908 826 746
3308 4 2 1 1 301 561 719 1179
3309 4 2 1 1 613 972 804 525
3310 4 2 1 1 542 238 1116 1139
3311 4 2 1 1 774 631 1069 700
3312 4 2 1 1 490 1035 742 557
3313 4 2 1 1 491 718 629 1044
3314 4 2 1 1 1080 976 485 630
3315 4 2 1 1 502 1178 1027 874
3316 4 2 1 1 1209 247 219 592
3317 4 2 1 1 466 884 621 941
3318 4 2 1 1 379 411 412 1182
3319 4 2 1 1 904 1187 756 495
3320 4 2 1 1 553 819 860 1118
3321 4 2 1 1 1042 1173 719 561
3322 4 2 1 1 1027 1178 502 802
3323 4 2 1 1 734 1000 937 1061
3324 4 2 1 1 158 151 147 730
3325 4 2 1 1 829 830 459 732
3326 4 2 1 1 386 781 339 995
3327 4 2 1 1 552 877 876 1071
3328 4 2 1 1 1117 1118 553 860
3329 4 2 1 1 1077 650 955 630
3330 4 2 1 1 795 890 598 556
3331 4 2 1 1 1152 1148 958 237
3332 4 2 1 1 507 808 1011 1050
3333 4 2 1 1 1015 1016 574 1107
3334 4 2 1 1 108 1199 719 1224
3335 4 2 1 1 1092 1184 531 783
3336 4 2 1 1 636 957 964 714
3337 4 2 1 1 761 676 557 490
3338 4 2 1 1 146 672 1008 138
3339 4 2 1 1 711 508 1120 1088
3340 4 2 1 1 510 712 1094 1166
3341 4 2 1 1 238 1152 542 229
3342 4 2 1 1 638 949 607 1110
3343 4 2 1 1 557 761 1035 1087
3344 4 2 1 1 292 310 294 1033
3345 4 2 1 1 732 1037 581 1106
3346 4 2 1 1 384 401 377 1025
3347 4 2 1 1 593 883 1019 1076
3348 4 2 1 1 627 683 588 896
3349 4 2 1 1 136 707 135 145
3350 4 2 1 1 562 650 1144 1176
3351 4 2 1 1 126 546 793 956
3352 4 2 1 1 605 497 880 950
3353 4 2 1 1 538 862 769 1033
3354 4 2 1 1 483 1184 818 531
3355 4 2 1 1 592 1016 979 1107
3356 4 2 1 1 1077 955 650 522
3357 4 2 1 1 539 901 883 1156
3358 4 2 1 1 487 876 783 877
3359 4 2 1 1 1015 235 1016 721
3360 4 2 1 1 562 650 752 1044
3361 4 2 1 1 506 681 597 785
3362 4 2 1 1 730 796 590 498
3363 4 2 1 1 666 864 470 972
3364 4 2 1 1 1193 54 55 153
3365 4 2 1 1 1185 1128 504 1186
3366 4 2 1 1 112 101 105 1121
3367 4 2 1 1 1184 784 680 715
3368 4 2 1 1 598 516 879 926
3369 4 2 1 1 507 1007 772 652
3370 4 2 1 1 508 664 1045 1120
3371 4 2 1 1 686 892 655 1188
3372 4 2 1 1 577 889 886 599
3373 4 2 1 1 692 931 473 611
3374 4 2 1 1 949 342 456 638
3375 4 2 1 1 949 456 342 426
3376 4 2 1 1 610 853 852 971
3377 4 2 1 1 888 1157 695 794
3378 4 2 1 1 159 794 166 1116
3379 4 2 1 1 817 831 520 1167
3380 4 2 1 1 627 683 510 1094
3381 4 2 1 1 711 912 508 1088
3382 4 2 1 1 500 686 867 1109
3383 4 2 1 1 713 897 375 1002
3384 4 2 1 1 888 818 483 577
3385 4 2 1 1 527 796 568 1049
3386 4 2 1 1 172 1194 154 130
3387 4 2 1 1 536 1089 799 1134
3388 4 2 1 1 471 976 653 1080
3389 4 2 1 1 881 1073 463 1169
3390 4 2 1 1 642 685 780 1191
3391 4 2 1 1 512 685 642 578
3392 4 2 1 1 505 859 780 963
3393 4 2 1 1 901 913 602 1086
3394 4 2 1 1 403 912 409 390
3395 4 2 1 1 596 813 722 840
3396 4 2 1 1 508 664 948 1045
3397 4 2 1 1 155 127 53 1164
3398 4 2 1 1 537 234 1015 232
3399 4 2 1 1 893 985 552 1080
3400 4 2 1 1 568 811 724 1059
3401 4 2 1 1 444 341 940 949
3402 4 2 1 1 403 912 390 981
3403 4 2 1 1 347 673 392 912
3404 4 2 1 1 210 546 209 1003
3405 4 2 1 1 797 798 640 1093
3406 4 2 1 1 459 823 737 1010
3407 4 2 1 1 1047 1215 260 1242
3408 4 2 1 1 552 805 558 819
3409 4 2 1 1 518 971 670 1124
3410 4 2 1 1 604 761 678 1086
3411 4 2 1 1 527 921 662 568
3412 4 2 1 1 670 1090 1141 971
3413 4 2 1 1 843 874 549 655
3414 4 2 1 1 613 666 972 525
3415 4 2 1 1 441 725 385 421
3416 4 2 1 1 586 464 773 1103
3417 4 2 1 1 468 988 644 1119
3418 4 2 1 1 690 968 529 977
3419 4 2 1 1 514 837 683 1135
3420 4 2 1 1 811 871 478 908
3421 4 2 1 1 635 836 923 885
3422 4 2 1 1 441 725 421 344
3423 4 2 1 1 681 506 597 936
3424 4 2 1 1 528 947 892 1188
3425 4 2 1 1 590 608 498 677
3426 4 2 1 1 406 1085 362 856
3427 4 2 1 1 1213 1240 905 125
3428 4 2 1 1 683 896 510 1123
3429 4 2 1 1 258 240 595 749
3430 4 2 1 1 743 845 709 1177
3431 4 2 1 1 538 833 256 999
3432 4 2 1 1 867 788 500 1099
3433 4 2 1 1 484 952 726 574
3434 4 2 1 1 678 993 922 1163
3435 4 2 1 1 588 514 683 1145
3436 4 2 1 1 1232 214 203 768
3437 4 2 1 1 951 1025 594 1169
3438 4 2 1 1 480 1075 870 1191
3439 4 2 1 1 911 999 574 1016
3440 4 2 1 1 689 918 498 1189
3441 4 2 1 1 1071 552 558 876
3442 4 2 1 1 924 934 571 701
3443 4 2 1 1 338 689 781 894
3444 4 2 1 1 716 851 511 629
3445 4 2 1 1 1071 558 552 805
3446 4 2 1 1 586 1103 850 1159
3447 4 2 1 1 571 943 739 1074
3448 4 2 1 1 947 549 655 1083
3449 4 2 1 1 671 945 740 991
3450 4 2 1 1 1108 480 978 684
3451 4 2 1 1 661 475 656 1153
3452 4 2 1 1 668 826 908 746
3453 4 2 1 1 526 856 727 1085
3454 4 2 1 1 519 918 781 1189
3455 4 2 1 1 886 889 577 1160
3456 4 2 1 1 1108 978 480 580
3457 4 2 1 1 518 670 560 1124
3458 4 2 1 1 358 584 359 992
3459 4 2 1 1 78 844 221 1161
3460 4 2 1 1 456 394 638 1170
3461 4 2 1 1 522 699 792 1055
3462 4 2 1 1 473 931 692 932
3463 4 2 1 1 484 807 833 861
3464 4 2 1 1 537 726 714 543
3465 4 2 1 1 660 913 489 1165
3466 4 2 1 1 528 929 1062 1068
3467 4 2 1 1 991 674 757 704
3468 4 2 1 1 1218 63 205 64
3469 4 2 1 1 462 808 1007 1074
3470 4 2 1 1 463 789 1029 1032
3471 4 2 1 1 658 610 1020 468
3472 4 2 1 1 540 861 862 1078
3473 4 2 1 1 502 802 697 1027
3474 4 2 1 1 1183 757 991 674
3475 4 2 1 1 275 674 634 1039
3476 4 2 1 1 618 916 872 1012
3477 4 2 1 1 1205 497 89 639
3478 4 2 1 1 602 761 901 1086
3479 4 2 1 1 473 932 692 654
3480 4 2 1 1 769 602 538 905
3481 4 2 1 1 538 602 922 905
3482 4 2 1 1 605 464 880 534
3483 4 2 1 1 343 1037 325 429
3484 4 2 1 1 249 223 260 1047
3485 4 2 1 1 513 1047 1013 1161
3486 4 2 1 1 939 698 791 565
3487 4 2 1 1 829 520 831 1167
3488 4 2 1 1 195 181 515 768
3489 4 2 1 1 1133 888 794 1157
3490 4 2 1 1 1133 888 1157 483
3491 4 2 1 1 462 1007 687 1159
3492 4 2 1 1 1126 924 973 583
3493 4 2 1 1 191 722 1104 1105
3494 4 2 1 1 99 1196 1037 1101
3495 4 2 1 1 612 957 817 967
3496 4 2 1 1 264 1197 222 550
3497 4 2 1 1 809 558 465 983
3498 4 2 1 1 746 558 809 819
3499 4 2 1 1 592 836 626 993
3500 4 2 1 1 338 1221 895 353
3501 4 2 1 1 785 931 535 472
3502 4 2 1 1 136 568 796 1049
3503 4 2 1 1 1178 969 502 734
3504 4 2 1 1 910 1169 1073 507
3505 4 2 1 1 619 486 1003 1051
3506 4 2 1 1 496 1040 736 1126
3507 4 2 1 1 681 955 597 785
3508 4 2 1 1 625 956 208 960
3509 4 2 1 1 741 829 521 1167
3510 4 2 1 1 312 812 698 832
3511 4 2 1 1 482 812 717 832
3512 4 2 1 1 564 886 599 939
3513 4 2 1 1 337 438 582 336
3514 4 2 1 1 210 1179 637 1003
3515 4 2 1 1 238 1152 229 237
3516 4 2 1 1 409 392 390 912
3517 4 2 1 1 482 812 645 717
3518 4 2 1 1 670 560 469 1098
3519 4 2 1 1 1205 497 639 949
3520 4 2 1 1 24 104 83 1101
3521 4 2 1 1 1211 637 206 1179
3522 4 2 1 1 906 945 615 1070
3523 4 2 1 1 656 935 914 472
3524 4 2 1 1 526 1074 1007 808
3525 4 2 1 1 516 926 598 485
3526 4 2 1 1 1036 728 545 1141
3527 4 2 1 1 497 732 731 1082
3528 4 2 1 1 553 819 509 860
3529 4 2 1 1 986 513 569 953
3530 4 2 1 1 322 441 352 984
3531 4 2 1 1 469 560 755 1098
3532 4 2 1 1 890 677 854 1131
3533 4 2 1 1 582 787 1131 1135
3534 4 2 1 1 741 521 881 1167
3535 4 2 1 1 1007 1074 526 753
3536 4 2 1 1 799 390 396 372
3537 4 2 1 1 448 1172 1066 762
3538 4 2 1 1 459 737 823 1001
3539 4 2 1 1 634 898 814 1102
3540 4 2 1 1 711 1120 508 1045
3541 4 2 1 1 1207 53 54 127
3542 4 2 1 1 496 928 825 1176
3543 4 2 1 1 1049 351 729 810
3544 4 2 1 1 680 983 465 558
3545 4 2 1 1 459 954 1001 1082
3546 4 2 1 1 483 1184 531 680
3547 4 2 1 1 1083 1043 534 655
3548 4 2 1 1 1049 729 351 707
3549 4 2 1 1 670 989 1090 1098
3550 4 2 1 1 1098 600 693 755
3551 4 2 1 1 1098 693 600 576
3552 4 2 1 1 292 550 310 1033
3553 4 2 1 1 1120 896 1127 510
3554 4 2 1 1 846 914 656 935
3555 4 2 1 1 515 1063 879 860
3556 4 2 1 1 1188 655 822 1043
3557 4 2 1 1 1229 55 56 133
3558 4 2 1 1 284 302 318 824
3559 4 2 1 1 645 541 812 887
3560 4 2 1 1 542 888 743 1177
3561 4 2 1 1 889 715 577 1160
3562 4 2 1 1 761 1023 604 1087
3563 4 2 1 1 1188 822 655 686
3564 4 2 1 1 491 629 718 1146
3565 4 2 1 1 780 859 756 963
3566 4 2 1 1 598 514 879 1131
3567 4 2 1 1 640 1019 797 1093
3568 4 2 1 1 676 489 560 1156
3569 4 2 1 1 548 734 625 960
3570 4 2 1 1 1163 1209 592 922
3571 4 2 1 1 208 548 960 189
3572 4 2 1 1 949 452 342 639
3573 4 2 1 1 643 1115 834 477
3574 4 2 1 1 344 449 343 841
3575 4 2 1 1 752 870 562 480
3576 4 2 1 1 636 505 1095 714
3577 4 2 1 1 459 735 737 954
3578 4 2 1 1 949 342 452 426
3579 4 2 1 1 166 794 149 1174
3580 4 2 1 1 1083 1043 655 788
3581 4 2 1 1 589 928 746 1144
3582 4 2 1 1 696 931 547 472
3583 4 2 1 1 535 931 696 472
3584 4 2 1 1 27 123 1201 114
3585 4 2 1 1 86 517 101 112
3586 4 2 1 1 480 870 920 1191
3587 4 2 1 1 642 920 870 1191
3588 4 2 1 1 539 858 883 1076
3589 4 2 1 1 688 944 570 1041
3590 4 2 1 1 848 1115 643 477
3591 4 2 1 1 109 546 126 956
3592 4 2 1 1 642 578 685 1191
3593 4 2 1 1 832 974 717 907
3594 4 2 1 1 765 1137 989 797
3595 4 2 1 1 290 704 674 1039
3596 4 2 1 1 604 1023 862 1078
3597 4 2 1 1 725 418 383 421
3598 4 2 1 1 1022 280 279 282
3599 4 2 1 1 103 1209 1163 922
3600 4 2 1 1 857 1040 642 583
3601 4 2 1 1 522 955 681 1052
3602 4 2 1 1 143 760 1133 1157
3603 4 2 1 1 572 1013 1034 1047
3604 4 2 1 1 527 810 643 1136
3605 4 2 1 1 388 1005 391 1089
3606 4 2 1 1 670 469 989 1098
3607 4 2 1 1 627 207 189 194
3608 4 2 1 1 162 821 1157 1164
3609 4 2 1 1 913 1086 489 1165
3610 4 2 1 1 989 1137 765 600
3611 4 2 1 1 824 901 1149 539
3612 4 2 1 1 114 1224 719 1201
3613 4 2 1 1 106 12 956 980
3614 4 2 1 1 995 842 856 584
3615 4 2 1 1 739 936 631 943
3616 4 2 1 1 885 574 1107 503
3617 4 2 1 1 478 764 589 871
3618 4 2 1 1 518 670 971 1090
3619 4 2 1 1 1036 545 728 1051
3620 4 2 1 1 732 954 459 1082
3621 4 2 1 1 944 711 688 510
3622 4 2 1 1 598 485 677 860
3623 4 2 1 1 136 811 138 1008
3624 4 2 1 1 486 1036 747 1084
3625 4 2 1 1 1204 214 177 38
3626 4 2 1 1 406 362 1085 363
3627 4 2 1 1 625 734 502 960
3628 4 2 1 1 495 904 609 1059
3629 4 2 1 1 548 189 627 960
3630 4 2 1 1 608 689 498 1189
3631 4 2 1 1 505 646 685 1095
3632 4 2 1 1 944 711 510 1166
3633 4 2 1 1 642 780 685 959
3634 4 2 1 1 534 1082 954 1083
3635 4 2 1 1 1126 924 583 1040
3636 4 2 1 1 796 811 568 136
3637 4 2 1 1 577 939 645 599
3638 4 2 1 1 117 902 97 1068
3639 4 2 1 1 502 587 874 1027
3640 4 2 1 1 620 904 709 1187
3641 4 2 1 1 510 1120 1045 1127
3642 4 2 1 1 796 811 136 1008
3643 4 2 1 1 552 876 775 718
3644 4 2 1 1 767 693 1030 803
3645 4 2 1 1 790 841 638 1170
3646 4 2 1 1 172 1194 130 509
3647 4 2 1 1 227 964 816 1014
3648 4 2 1 1 1194 806 154 1031
3649 4 2 1 1 789 512 1011 1029
3650 4 2 1 1 237 230 958 1152
3651 4 2 1 1 654 534 1001 1043
3652 4 2 1 1 286 319 288 994
3653 4 2 1 1 591 1025 725 1028
3654 4 2 1 1 562 826 668 746
3655 4 2 1 1 1120 896 510 665
3656 4 2 1 1 536 1004 708 1089
3657 4 2 1 1 562 1144 928 1176
3658 4 2 1 1 465 809 908 746
3659 4 2 1 1 129 1065 165 816
3660 4 2 1 1 724 694 568 756
3661 4 2 1 1 796 498 895 1136
3662 4 2 1 1 397 399 424 688
3663 4 2 1 1 643 992 848 477
3664 4 2 1 1 740 786 493 945
3665 4 2 1 1 567 908 465 1154
3666 4 2 1 1 364 365 772 1085
3667 4 2 1 1 944 837 1123 570
3668 4 2 1 1 131 572 1215 1014
3669 4 2 1 1 786 840 671 1180
3670 4 2 1 1 239 595 817 967
3671 4 2 1 1 256 226 905 922
3672 4 2 1 1 662 961 527 568
3673 4 2 1 1 256 226 252 905
3674 4 2 1 1 529 968 740 1018
3675 4 2 1 1 1142 884 1009 726
3676 4 2 1 1 593 691 1062 1125
3677 4 2 1 1 717 1130 815 277
3678 4 2 1 1 944 837 570 445
3679 4 2 1 1 759 790 591 488
3680 4 2 1 1 704 945 740 493
3681 4 2 1 1 1123 588 682 514
3682 4 2 1 1 259 565 237 1148
3683 4 2 1 1 771 1046 614 1050
3684 4 2 1 1 400 399 398 1041
3685 4 2 1 1 460 825 556 641
3686 4 2 1 1 944 837 445 323
3687 4 2 1 1 366 800 365 1085
3688 4 2 1 1 538 256 922 999
3689 4 2 1 1 723 693 557 1132
3690 4 2 1 1 723 557 693 742
3691 4 2 1 1 900 1020 623 1022
3692 4 2 1 1 193 627 194 683
3693 4 2 1 1 608 730 689 768
3694 4 2 1 1 297 561 1179 891
3695 4 2 1 1 727 992 614 1158
3696 4 2 1 1 92 549 947 1083
3697 4 2 1 1 1096 351 453 332
3698 4 2 1 1 554 679 926 744
3699 4 2 1 1 427 894 810 895
3700 4 2 1 1 510 944 1123 1127
3701 4 2 1 1 579 900 853 623
3702 4 2 1 1 127 162 1067 1164
3703 4 2 1 1 524 806 757 991
3704 4 2 1 1 490 761 1035 557
3705 4 2 1 1 487 783 876 1092
3706 4 2 1 1 880 534 872 706
3707 4 2 1 1 464 916 872 551
3708 4 2 1 1 504 766 907 1112
3709 4 2 1 1 390 799 389 372
3710 4 2 1 1 161 1133 1157 143
3711 4 2 1 1 38 132 1204 170
3712 4 2 1 1 753 948 616 536
3713 4 2 1 1 184 516 722 1105
3714 4 2 1 1 619 747 748 486
3715 4 2 1 1 108 1199 1224 29
3716 4 2 1 1 873 1054 661 1180
3717 4 2 1 1 738 530 1017 493
3718 4 2 1 1 407 406 856 982
3719 4 2 1 1 551 932 828 1060
3720 4 2 1 1 1067 1130 634 533
3721 4 2 1 1 668 567 920 1113
3722 4 2 1 1 516 976 722 1105
3723 4 2 1 1 531 818 695 533
3724 4 2 1 1 488 1007 1159 687
3725 4 2 1 1 533 695 645 818
3726 4 2 1 1 540 863 862 990
3727 4 2 1 1 544 656 914 927
3728 4 2 1 1 702 953 669 569
3729 4 2 1 1 839 855 631 700
3730 4 2 1 1 399 423 944 1041
3731 4 2 1 1 1096 729 332 925
3732 4 2 1 1 518 560 670 1098
3733 4 2 1 1 511 629 784 684
3734 4 2 1 1 706 1012 880 940
3735 4 2 1 1 807 574 911 999
3736 4 2 1 1 942 892 686 1188
3737 4 2 1 1 1198 13 14 86
3738 4 2 1 1 503 830 721 979
3739 4 2 1 1 721 1016 979 1101
3740 4 2 1 1 662 694 458 771
3741 4 2 1 1 760 1064 680 609
3742 4 2 1 1 145 827 572 1014
3743 4 2 1 1 210 209 546 201
3744 4 2 1 1 209 208 188 625
3745 4 2 1 1 257 844 1161 221
3746 4 2 1 1 763 829 520 830
3747 4 2 1 1 596 748 747 1058
3748 4 2 1 1 215 179 206 637
3749 4 2 1 1 269 541 1079 1181
3750 4 2 1 1 595 594 844 984
3751 4 2 1 1 760 531 821 1092
3752 4 2 1 1 866 1060 648 551
3753 4 2 1 1 346 1094 712 1166
3754 4 2 1 1 838 878 564 766
3755 4 2 1 1 705 328 1047 1161
3756 4 2 1 1 593 793 98 997
3757 4 2 1 1 712 327 442 347
3758 4 2 1 1 656 873 744 927
3759 4 2 1 1 552 985 893 1071
3760 4 2 1 1 498 834 894 1136
3761 4 2 1 1 511 684 889 782
3762 4 2 1 1 251 831 240 749
3763 4 2 1 1 118 81 117 1076
3764 4 2 1 1 183 1194 197 1031
3765 4 2 1 1 640 719 997 1019
3766 4 2 1 1 629 978 651 480
3767 4 2 1 1 542 888 887 1116
3768 4 2 1 1 1044 629 491 651
3769 4 2 1 1 496 936 1069 1176
3770 4 2 1 1 275 634 898 1039
3771 4 2 1 1 320 395 446 940
3772 4 2 1 1 99 1196 1101 104
3773 4 2 1 1 504 907 863 1112
3774 4 2 1 1 312 292 291 832
3775 4 2 1 1 632 998 842 519
3776 4 2 1 1 308 900 579 283
3777 4 2 1 1 398 688 399 397
3778 4 2 1 1 942 892 1188 528
3779 4 2 1 1 652 1007 1004 1155
3780 4 2 1 1 536 1004 1007 1155
3781 4 2 1 1 483 743 888 1177
3782 4 2 1 1 666 720 543 574
3783 4 2 1 1 336 337 326 582
3784 4 2 1 1 109 115 126 546
3785 4 2 1 1 587 892 874 1027
3786 4 2 1 1 103 1209 922 120
3787 4 2 1 1 1007 488 850 1155
3788 4 2 1 1 825 928 597 1176
3789 4 2 1 1 424 425 403 711
3790 4 2 1 1 383 725 385 1025
3791 4 2 1 1 509 653 819 985
3792 4 2 1 1 398 688 397 982
3793 4 2 1 1 1127 1140 479 682
3794 4 2 1 1 311 305 270 905
3795 4 2 1 1 282 900 1022 733
3796 4 2 1 1 883 901 539 902
3797 4 2 1 1 469 1019 858 1173
3798 4 2 1 1 520 829 763 919
3799 4 2 1 1 614 992 727 477
3800 4 2 1 1 597 928 776 1144
3801 4 2 1 1 507 897 713 1002
3802 4 2 1 1 1004 652 365 800
3803 4 2 1 1 481 1030 742 1109
3804 4 2 1 1 946 1159 1007 462
3805 4 2 1 1 495 904 743 1064
3806 4 2 1 1 466 726 714 884
3807 4 2 1 1 1004 365 652 404
3808 4 2 1 1 466 884 886 1142
3809 4 2 1 1 577 887 941 1177
3810 4 2 1 1 420 322 443 758
3811 4 2 1 1 535 931 785 1048
3812 4 2 1 1 259 248 791 1148
3813 4 2 1 1 469 883 858 1019
3814 4 2 1 1 801 942 691 1125
3815 4 2 1 1 627 1000 588 1145
3816 4 2 1 1 1202 197 1031 204
3817 4 2 1 1 615 596 1057 1058
3818 4 2 1 1 770 484 952 1009
3819 4 2 1 1 838 1038 601 1119
3820 4 2 1 1 239 957 967 817
3821 4 2 1 1 847 903 685 1191
3822 4 2 1 1 564 939 770 1009
3823 4 2 1 1 143 760 140 1133
3824 4 2 1 1 471 840 813 1054
3825 4 2 1 1 466 726 884 1142
3826 4 2 1 1 721 1107 503 979
3827 4 2 1 1 676 909 755 560
3828 4 2 1 1 517 969 980 1175
3829 4 2 1 1 529 977 968 1138
3830 4 2 1 1 229 1237 542 243
3831 4 2 1 1 895 1136 1049 796
3832 4 2 1 1 1034 569 636 859
3833 4 2 1 1 914 1036 619 798
3834 4 2 1 1 363 361 362 1085
3835 4 2 1 1 472 798 914 1143
3836 4 2 1 1 151 137 147 730
3837 4 2 1 1 679 879 516 926
3838 4 2 1 1 697 802 696 1027
3839 4 2 1 1 468 1186 1020 658
3840 4 2 1 1 476 878 754 1132
3841 4 2 1 1 540 754 878 1078
3842 4 2 1 1 551 843 654 932
3843 4 2 1 1 532 1020 1017 468
3844 4 2 1 1 265 579 891 615
3845 4 2 1 1 755 909 518 560
3846 4 2 1 1 509 819 805 985
3847 4 2 1 1 588 868 649 1097
3848 4 2 1 1 706 1012 940 618
3849 4 2 1 1 975 885 635 1168
3850 4 2 1 1 518 971 663 1090
3851 4 2 1 1 248 833 791 911
3852 4 2 1 1 1049 1136 895 810
3853 4 2 1 1 573 756 694 1034
3854 4 2 1 1 364 374 411 1158
3855 4 2 1 1 181 1063 515 1114
3856 4 2 1 1 466 886 941 1160
3857 4 2 1 1 473 843 932 654
3858 4 2 1 1 186 1145 679 1151
3859 4 2 1 1 441 725 344 984
3860 4 2 1 1 500 954 735 1099
3861 4 2 1 1 713 951 401 1172
3862 4 2 1 1 118 593 98 997
3863 4 2 1 1 813 1104 722 1105
3864 4 2 1 1 622 808 614 1050
3865 4 2 1 1 612 1095 646 714
3866 4 2 1 1 518 670 1090 1098
3867 4 2 1 1 955 1052 744 624
3868 4 2 1 1 1038 977 851 716
3869 4 2 1 1 138 811 672 1008
3870 4 2 1 1 281 291 585 974
3871 4 2 1 1 387 379 422 1182
3872 4 2 1 1 526 753 1074 1111
3873 4 2 1 1 889 599 577 715
3874 4 2 1 1 590 730 137 796
3875 4 2 1 1 851 977 690 1146
3876 4 2 1 1 153 127 162 1067
3877 4 2 1 1 573 859 756 1034
3878 4 2 1 1 185 679 186 1145
3879 4 2 1 1 557 723 1087 1168
3880 4 2 1 1 769 305 294 311
3881 4 2 1 1 367 897 375 374
3882 4 2 1 1 129 1237 47 166
3883 4 2 1 1 1055 656 475 1153
3884 4 2 1 1 1077 1150 893 703
3885 4 2 1 1 266 310 292 550
3886 4 2 1 1 744 1052 955 522
3887 4 2 1 1 510 665 712 1120
3888 4 2 1 1 503 1107 1015 574
3889 4 2 1 1 432 837 334 445
3890 4 2 1 1 366 365 363 1085
3891 4 2 1 1 189 186 548 1145
3892 4 2 1 1 145 139 136 568
3893 4 2 1 1 330 440 448 1066
3894 4 2 1 1 852 1141 475 1090
3895 4 2 1 1 565 886 887 941
3896 4 2 1 1 488 773 950 1103
3897 4 2 1 1 716 820 576 651
3898 4 2 1 1 468 1020 1186 532
3899 4 2 1 1 1073 1169 591 507
3900 4 2 1 1 601 663 865 1147
3901 4 2 1 1 572 827 573 1014
3902 4 2 1 1 233 232 537 958
3903 4 2 1 1 1203 595 258 844
3904 4 2 1 1 545 914 846 935
3905 4 2 1 1 1223 212 712 1094
3906 4 2 1 1 112 1206 1081 1091
3907 4 2 1 1 553 809 672 983
3908 4 2 1 1 355 643 356 357
3909 4 2 1 1 316 272 309 637
3910 4 2 1 1 144 142 821 1171
3911 4 2 1 1 475 1141 852 846
3912 4 2 1 1 575 946 710 536
3913 4 2 1 1 520 1026 720 667
3914 4 2 1 1 703 656 1055 1153
3915 4 2 1 1 138 139 140 811
3916 4 2 1 1 1212 169 51 134
3917 4 2 1 1 852 853 610 1018
3918 4 2 1 1 87 1231 107 31
3919 4 2 1 1 537 574 720 1015
3920 4 2 1 1 96 593 118 1068
3921 4 2 1 1 394 426 456 949
3922 4 2 1 1 938 1128 717 1129
3923 4 2 1 1 810 895 894 1136
3924 4 2 1 1 507 772 897 1002
3925 4 2 1 1 590 553 146 1117
3926 4 2 1 1 1117 1118 860 677
3927 4 2 1 1 548 734 627 1000
3928 4 2 1 1 511 1038 838 715
3929 4 2 1 1 1221 151 730 895
3930 4 2 1 1 604 862 861 1078
3931 4 2 1 1 152 1204 132 768
3932 4 2 1 1 371 368 369 1134
3933 4 2 1 1 599 766 938 1119
3934 4 2 1 1 118 593 997 1076
3935 4 2 1 1 89 497 90 1106
3936 4 2 1 1 697 501 798 793
3937 4 2 1 1 55 133 1193 153
3938 4 2 1 1 588 1000 868 1145
3939 4 2 1 1 311 1231 270 295
3940 4 2 1 1 590 146 553 1008
3941 4 2 1 1 657 723 1087 1132
3942 4 2 1 1 483 577 845 1177
3943 4 2 1 1 499 737 1001 823
3944 4 2 1 1 499 1001 737 654
3945 4 2 1 1 521 790 725 841
3946 4 2 1 1 517 980 969 750
3947 4 2 1 1 828 1060 932 1061
3948 4 2 1 1 549 872 843 534
3949 4 2 1 1 774 1069 578 700
3950 4 2 1 1 704 738 530 1039
3951 4 2 1 1 187 748 849 1122
3952 4 2 1 1 784 845 715 684
3953 4 2 1 1 591 790 759 1028
3954 4 2 1 1 770 791 484 1009
3955 4 2 1 1 522 656 703 1077
3956 4 2 1 1 505 963 620 996
3957 4 2 1 1 469 858 670 1173
3958 4 2 1 1 279 282 283 1022
3959 4 2 1 1 478 933 796 568
3960 4 2 1 1 588 682 795 1097
3961 4 2 1 1 577 939 599 886
3962 4 2 1 1 585 832 550 990
3963 4 2 1 1 522 703 656 1055
3964 4 2 1 1 1199 81 1076 1149
3965 4 2 1 1 850 946 586 1159
3966 4 2 1 1 671 740 877 991
3967 4 2 1 1 448 333 435 762
3968 4 2 1 1 332 351 355 729
3969 4 2 1 1 303 319 286 994
3970 4 2 1 1 586 751 499 1024
3971 4 2 1 1 858 883 469 1156
3972 4 2 1 1 535 1048 785 1052
3973 4 2 1 1 471 703 873 1077
3974 4 2 1 1 600 801 691 1137
3975 4 2 1 1 564 782 889 1142
3976 4 2 1 1 669 1095 612 967
3977 4 2 1 1 469 670 1093 1173
3978 4 2 1 1 373 371 378 1089
3979 4 2 1 1 544 813 927 1122
3980 4 2 1 1 528 892 947 1006
3981 4 2 1 1 722 840 813 976
3982 4 2 1 1 210 891 1003 218
3983 4 2 1 1 696 802 547 1178
3984 4 2 1 1 600 691 801 481
3985 4 2 1 1 554 927 1122 745
3986 4 2 1 1 427 338 894 895
3987 4 2 1 1 809 908 672 983
3988 4 2 1 1 665 750 517 969
3989 4 2 1 1 182 516 185 879
3990 4 2 1 1 530 898 738 1017
3991 4 2 1 1 358 357 356 643
3992 4 2 1 1 367 897 374 772
3993 4 2 1 1 194 683 627 1094
3994 4 2 1 1 914 619 1122 745
3995 4 2 1 1 642 920 780 583
3996 4 2 1 1 471 873 703 1180
3997 4 2 1 1 791 911 484 1148
3998 4 2 1 1 245 1139 698 1181
3999 4 2 1 1 1130 1067 286 994
4000 4 2 1 1 335 447 869 1041
4001 4 2 1 1 483 715 845 577
4002 4 2 1 1 665 1088 712 1120
4003 4 2 1 1 213 615 1058 1070
4004 4 2 1 1 852 987 853 1018
4005 4 2 1 1 187 1104 748 1122
4006 4 2 1 1 544 873 813 1054
4007 4 2 1 1 190 209 849 1003
4008 4 2 1 1 908 567 811 1154
4009 4 2 1 1 723 557 1087 1132
4010 4 2 1 1 577 941 1160 1177
4011 4 2 1 1 791 833 484 911
4012 4 2 1 1 515 608 677 1131
4013 4 2 1 1 469 1093 1019 1173
4014 4 2 1 1 245 72 73 1181
4015 4 2 1 1 157 145 135 707
4016 4 2 1 1 595 844 702 967
4017 4 2 1 1 471 813 873 1054
4018 4 2 1 1 595 831 817 1167
4019 4 2 1 1 1135 1232 203 768
4020 4 2 1 1 425 711 424 1166
4021 4 2 1 1 437 338 438 781
4022 4 2 1 1 559 979 581 1101
4023 4 2 1 1 587 1027 956 793
4024 4 2 1 1 956 1027 587 502
4025 4 2 1 1 625 697 502 802
4026 4 2 1 1 1145 879 185 679
4027 4 2 1 1 872 916 648 551
4028 4 2 1 1 786 1054 840 1180
4029 4 2 1 1 1145 879 679 514
4030 4 2 1 1 622 943 855 1040
4031 4 2 1 1 723 742 635 1168
4032 4 2 1 1 302 1165 660 281
4033 4 2 1 1 867 626 836 975
4034 4 2 1 1 738 882 493 623
4035 4 2 1 1 1145 683 1135 514
4036 4 2 1 1 515 677 590 1117
4037 4 2 1 1 625 697 546 956
4038 4 2 1 1 364 365 367 772
4039 4 2 1 1 306 824 913 1149
4040 4 2 1 1 645 695 541 888
4041 4 2 1 1 590 796 1008 764
4042 4 2 1 1 520 817 721 831
4043 4 2 1 1 523 876 718 1146
4044 4 2 1 1 564 886 939 1009
4045 4 2 1 1 139 827 165 1065
4046 4 2 1 1 240 239 595 817
4047 4 2 1 1 408 386 339 995
4048 4 2 1 1 1064 709 566 904
4049 4 2 1 1 1145 211 193 185
4050 4 2 1 1 137 796 730 895
4051 4 2 1 1 173 12 198 956
4052 4 2 1 1 498 933 834 1136
4053 4 2 1 1 283 623 882 738
4054 4 2 1 1 600 755 691 481
4055 4 2 1 1 564 889 886 1142
4056 4 2 1 1 727 360 359 361
4057 4 2 1 1 274 276 275 634
4058 4 2 1 1 641 854 787 890
4059 4 2 1 1 489 1086 862 1165
4060 4 2 1 1 482 832 907 990
4061 4 2 1 1 362 727 584 856
4062 4 2 1 1 182 516 879 1063
4063 4 2 1 1 652 1007 687 507
4064 4 2 1 1 220 1237 243 47
4065 4 2 1 1 232 235 234 1015
4066 4 2 1 1 887 542 941 1177
4067 4 2 1 1 503 836 735 979
4068 4 2 1 1 579 1057 882 623
4069 4 2 1 1 812 832 482 1021
4070 4 2 1 1 820 915 782 476
4071 4 2 1 1 829 831 830 732
4072 4 2 1 1 649 779 1097 506
4073 4 2 1 1 791 833 550 861
4074 4 2 1 1 627 734 960 969
4075 4 2 1 1 364 1085 772 1158
4076 4 2 1 1 1197 71 222 72
4077 4 2 1 1 1038 977 716 663
4078 4 2 1 1 259 565 698 1139
4079 4 2 1 1 801 611 535 600
4080 4 2 1 1 820 782 915 580
4081 4 2 1 1 788 867 626 1099
4082 4 2 1 1 575 739 753 948
4083 4 2 1 1 269 541 1181 319
4084 4 2 1 1 602 678 761 1086
4085 4 2 1 1 540 861 770 990
4086 4 2 1 1 674 1056 991 1183
4087 4 2 1 1 374 897 412 1158
4088 4 2 1 1 483 845 715 680
4089 4 2 1 1 676 490 962 557
4090 4 2 1 1 209 546 201 956
4091 4 2 1 1 157 1238 572 1225
4092 4 2 1 1 701 628 477 834
4093 4 2 1 1 270 1231 905 1192
4094 4 2 1 1 745 868 548 1151
4095 4 2 1 1 471 840 1054 1180
4096 4 2 1 1 166 1237 1116 1174
4097 4 2 1 1 129 1237 166 1174
4098 4 2 1 1 787 514 890 1131
4099 4 2 1 1 501 1006 593 793
4100 4 2 1 1 456 436 394 1170
4101 4 2 1 1 590 796 137 1008
4102 4 2 1 1 596 813 748 1104
4103 4 2 1 1 110 1006 587 793
4104 4 2 1 1 489 901 761 1086
4105 4 2 1 1 612 636 1095 714
4106 4 2 1 1 486 728 1036 1084
4107 4 2 1 1 1220 157 707 1225
4108 4 2 1 1 545 728 1051 1093
4109 4 2 1 1 302 1165 281 293
4110 4 2 1 1 663 977 778 1138
4111 4 2 1 1 347 409 425 711
4112 4 2 1 1 234 911 1015 1016
4113 4 2 1 1 184 182 183 1063
4114 4 2 1 1 550 990 832 1021
4115 4 2 1 1 291 717 288 832
4116 4 2 1 1 603 728 1084 1036
4117 4 2 1 1 654 737 822 1043
4118 4 2 1 1 711 712 510 1166
4119 4 2 1 1 687 1007 652 488
4120 4 2 1 1 715 845 784 680
4121 4 2 1 1 1133 888 483 743
4122 4 2 1 1 253 254 721 1101
4123 4 2 1 1 517 712 750 665
4124 4 2 1 1 610 968 1017 468
4125 4 2 1 1 356 810 427 894
4126 4 2 1 1 567 904 756 1059
4127 4 2 1 1 573 756 495 827
4128 4 2 1 1 867 929 742 942
4129 4 2 1 1 487 806 805 1072
4130 4 2 1 1 378 391 393 1110
4131 4 2 1 1 569 959 859 986
4132 4 2 1 1 458 859 959 986
4133 4 2 1 1 1186 1022 1020 659
4134 4 2 1 1 166 159 149 794
4135 4 2 1 1 253 235 240 831
4136 4 2 1 1 148 1133 1065 149
4137 4 2 1 1 847 864 580 965
4138 4 2 1 1 742 962 942 1062
4139 4 2 1 1 418 382 416 1028
4140 4 2 1 1 909 560 676 489
4141 4 2 1 1 701 477 628 924
4142 4 2 1 1 330 705 440 1066
4143 4 2 1 1 887 888 541 1116
4144 4 2 1 1 671 985 840 1072
4145 4 2 1 1 1038 865 663 716
4146 4 2 1 1 182 515 181 1063
4147 4 2 1 1 796 933 527 568
4148 4 2 1 1 618 1005 917 1012
4149 4 2 1 1 686 942 867 1109
4150 4 2 1 1 1159 1103 488 970
4151 4 2 1 1 1036 1051 619 798
4152 4 2 1 1 1049 895 1216 810
4153 4 2 1 1 689 582 781 1189
4154 4 2 1 1 578 965 847 1075
4155 4 2 1 1 704 757 524 906
4156 4 2 1 1 130 35 1194 154
4157 4 2 1 1 517 872 647 1175
4158 4 2 1 1 577 887 886 941
4159 4 2 1 1 646 903 847 1108
4160 4 2 1 1 186 188 189 548
4161 4 2 1 1 553 809 819 1118
4162 4 2 1 1 693 481 1030 742
4163 4 2 1 1 967 1013 257 1161
4164 4 2 1 1 370 398 397 982
4165 4 2 1 1 883 1068 1076 593
4166 4 2 1 1 157 1215 1238 168
4167 4 2 1 1 880 872 534 464
4168 4 2 1 1 110 121 956 587
4169 4 2 1 1 542 238 243 1116
4170 4 2 1 1 781 918 689 1189
4171 4 2 1 1 1132 909 557 1023
4172 4 2 1 1 765 797 501 1137
4173 4 2 1 1 938 1119 766 1128
4174 4 2 1 1 721 979 559 1101
4175 4 2 1 1 433 388 389 917
4176 4 2 1 1 559 830 732 979
4177 4 2 1 1 771 614 930 1050
4178 4 2 1 1 552 775 893 718
4179 4 2 1 1 787 890 854 1131
4180 4 2 1 1 947 549 100 587
4181 4 2 1 1 659 971 658 1147
4182 4 2 1 1 598 677 890 1131
4183 4 2 1 1 512 1053 685 578
4184 4 2 1 1 516 653 485 860
4185 4 2 1 1 627 750 665 969
4186 4 2 1 1 1159 488 1103 850
4187 4 2 1 1 107 30 1231 1149
4188 4 2 1 1 584 781 995 519
4189 4 2 1 1 651 965 580 803
4190 4 2 1 1 552 558 746 819
4191 4 2 1 1 581 954 1082 1083
4192 4 2 1 1 1132 909 1023 754
4193 4 2 1 1 129 1065 816 1174
4194 4 2 1 1 752 480 562 1044
4195 4 2 1 1 622 1046 857 1050
4196 4 2 1 1 387 992 379 1182
4197 4 2 1 1 610 1017 1020 468
4198 4 2 1 1 995 842 584 519
4199 4 2 1 1 542 243 238 229
4200 4 2 1 1 651 965 803 457
4201 4 2 1 1 419 705 330 1066
4202 4 2 1 1 567 826 904 465
4203 4 2 1 1 644 1119 938 1128
4204 4 2 1 1 255 254 219 1016
4205 4 2 1 1 546 798 697 1143
4206 4 2 1 1 935 535 472 699
4207 4 2 1 1 584 995 362 856
4208 4 2 1 1 947 874 587 892
4209 4 2 1 1 851 716 977 1146
4210 4 2 1 1 603 853 852 987
4211 4 2 1 1 602 913 901 1149
4212 4 2 1 1 770 939 791 1009
4213 4 2 1 1 584 362 995 360
4214 4 2 1 1 557 1023 1087 1132
4215 4 2 1 1 653 860 516 1063
4216 4 2 1 1 368 800 366 1134
4217 4 2 1 1 286 273 695 1067
4218 4 2 1 1 803 1030 767 1162
4219 4 2 1 1 457 803 767 1162
4220 4 2 1 1 146 672 138 141
4221 4 2 1 1 517 712 665 673
4222 4 2 1 1 1169 702 555 910
4223 4 2 1 1 464 872 843 551
4224 4 2 1 1 140 609 139 1065
4225 4 2 1 1 593 1019 997 1076
4226 4 2 1 1 664 948 1045 1127
4227 4 2 1 1 743 1065 1064 1133
4228 4 2 1 1 485 1080 819 653
4229 4 2 1 1 644 533 814 1129
4230 4 2 1 1 247 999 592 922
4231 4 2 1 1 348 944 323 1166
4232 4 2 1 1 777 771 606 986
4233 4 2 1 1 467 885 975 1168
4234 4 2 1 1 387 925 729 1182
4235 4 2 1 1 489 1023 862 1086
4236 4 2 1 1 728 670 989 1141
4237 4 2 1 1 708 1004 536 1155
4238 4 2 1 1 739 1074 753 1111
4239 4 2 1 1 807 538 993 999
4240 4 2 1 1 381 713 401 1172
4241 4 2 1 1 267 634 1067 274
4242 4 2 1 1 210 891 218 200
4243 4 2 1 1 299 882 296 906
4244 4 2 1 1 317 579 882 283
4245 4 2 1 1 1015 520 817 721
4246 4 2 1 1 111 1217 639 1037
4247 4 2 1 1 549 874 647 1175
4248 4 2 1 1 368 1004 800 1134
4249 4 2 1 1 649 1097 597 506
4250 4 2 1 1 502 969 647 1175
4251 4 2 1 1 575 753 946 536
4252 4 2 1 1 248 911 791 1148
4253 4 2 1 1 548 937 734 1000
4254 4 2 1 1 1065 129 149 1174
4255 4 2 1 1 816 48 150 129
4256 4 2 1 1 470 720 1026 667
4257 4 2 1 1 533 1129 938 717
4258 4 2 1 1 134 806 1183 757
4259 4 2 1 1 185 184 186 679
4260 4 2 1 1 396 369 370 1134
4261 4 2 1 1 311 602 769 905
4262 4 2 1 1 579 899 900 561
4263 4 2 1 1 893 985 671 1071
4264 4 2 1 1 619 748 544 1122
4265 4 2 1 1 718 876 775 1146
4266 4 2 1 1 304 271 315 757
4267 4 2 1 1 627 960 750 969
4268 4 2 1 1 1220 157 1225 43
4269 4 2 1 1 580 978 820 782
4270 4 2 1 1 119 581 1100 1101
4271 4 2 1 1 575 948 753 536
4272 4 2 1 1 621 884 714 1152
4273 4 2 1 1 166 1208 159 1116
4274 4 2 1 1 81 29 30 1199
4275 4 2 1 1 1069 1075 965 578
4276 4 2 1 1 1069 965 1075 457
4277 4 2 1 1 266 312 698 832
4278 4 2 1 1 331 330 324 705
4279 4 2 1 1 693 1030 723 742
4280 4 2 1 1 479 1045 948 1127
4281 4 2 1 1 195 181 182 515
4282 4 2 1 1 778 663 1138 1153
4283 4 2 1 1 585 862 769 1165
4284 4 2 1 1 501 696 892 1027
4285 4 2 1 1 322 594 385 984
4286 4 2 1 1 586 823 464 1103
4287 4 2 1 1 898 738 532 1102
4288 4 2 1 1 605 464 823 1103
4289 4 2 1 1 1204 181 177 768
4290 4 2 1 1 167 1114 147 1117
4291 4 2 1 1 1222 313 269 74
4292 4 2 1 1 156 553 141 1171
4293 4 2 1 1 294 585 292 1033
4294 4 2 1 1 650 597 1144 1176
4295 4 2 1 1 122 1239 1230 1037
4296 4 2 1 1 207 960 198 980
4297 4 2 1 1 635 742 867 975
4298 4 2 1 1 553 156 146 1117
4299 4 2 1 1 11 173 201 956
4300 4 2 1 1 558 760 821 1092
4301 4 2 1 1 546 697 798 793
4302 4 2 1 1 284 733 302 824
4303 4 2 1 1 545 989 935 1141
4304 4 2 1 1 11 1195 109 956
4305 4 2 1 1 150 129 165 816
4306 4 2 1 1 283 1022 623 738
4307 4 2 1 1 515 768 608 1131
4308 4 2 1 1 1029 1053 763 667
4309 4 2 1 1 694 986 458 771
4310 4 2 1 1 1164 1056 531 634
4311 4 2 1 1 757 806 524 1031
4312 4 2 1 1 661 1153 703 1180
4313 4 2 1 1 713 591 1025 1169
4314 4 2 1 1 466 889 782 1142
4315 4 2 1 1 206 1226 1211 1179
4316 4 2 1 1 511 838 820 782
4317 4 2 1 1 763 1053 1029 700
4318 4 2 1 1 743 816 1065 1174
4319 4 2 1 1 114 1224 1201 28
4320 4 2 1 1 1038 977 663 468
4321 4 2 1 1 192 178 199 906
4322 4 2 1 1 84 11 109 956
4323 4 2 1 1 428 337 455 768
4324 4 2 1 1 937 744 474 868
4325 4 2 1 1 341 391 395 1005
4326 4 2 1 1 148 1133 149 143
4327 4 2 1 1 969 1000 734 1061
4328 4 2 1 1 462 687 1011 1159
4329 4 2 1 1 478 921 933 568
4330 4 2 1 1 1193 1229 695 133
4331 4 2 1 1 557 1035 742 1168
4332 4 2 1 1 508 912 799 1190
4333 4 2 1 1 661 987 852 1018
4334 4 2 1 1 45 46 1208 159
4335 4 2 1 1 787 837 514 1135
4336 4 2 1 1 937 474 744 624
4337 4 2 1 1 703 1153 529 1180
4338 4 2 1 1 146 590 137 1008
4339 4 2 1 1 622 1040 857 1046
4340 4 2 1 1 807 911 833 999
4341 4 2 1 1 888 1157 483 818
4342 4 2 1 1 957 230 964 1152
4343 4 2 1 1 696 472 802 697
4344 4 2 1 1 636 967 1095 569
4345 4 2 1 1 633 531 634 533
4346 4 2 1 1 507 930 614 1050
4347 4 2 1 1 753 946 739 575
4348 4 2 1 1 384 450 401 951
4349 4 2 1 1 527 662 848 961
4350 4 2 1 1 459 954 737 1001
4351 4 2 1 1 466 941 709 1160
4352 4 2 1 1 824 901 539 1156
4353 4 2 1 1 159 133 794 1079
4354 4 2 1 1 921 933 527 1115
4355 4 2 1 1 778 977 529 1138
4356 4 2 1 1 984 841 725 344
4357 4 2 1 1 122 1239 1037 85
4358 4 2 1 1 525 723 915 803
4359 4 2 1 1 256 246 264 1033
4360 4 2 1 1 466 886 889 1142
4361 4 2 1 1 618 917 916 1012
4362 4 2 1 1 523 876 783 1092
4363 4 2 1 1 554 927 745 744
4364 4 2 1 1 287 1199 268 307
4365 4 2 1 1 501 892 801 1125
4366 4 2 1 1 788 947 528 1188
4367 4 2 1 1 695 794 541 888
4368 4 2 1 1 739 946 753 462
4369 4 2 1 1 667 1053 763 1026
4370 4 2 1 1 487 991 806 1072
4371 4 2 1 1 528 942 867 1188
4372 4 2 1 1 610 968 1018 493
4373 4 2 1 1 771 930 606 1050
4374 4 2 1 1 98 118 96 593
4375 4 2 1 1 309 637 301 719
4376 4 2 1 1 347 711 425 1166
4377 4 2 1 1 480 847 1075 1191
4378 4 2 1 1 503 923 836 885
4379 4 2 1 1 605 1001 534 1082
4380 4 2 1 1 495 963 621 1187
4381 4 2 1 1 232 957 537 958
4382 4 2 1 1 598 860 677 1131
4383 4 2 1 1 1015 1016 235 234
4384 4 2 1 1 761 1023 489 1086
4385 4 2 1 1 1145 211 185 1135
4386 4 2 1 1 432 837 445 570
4387 4 2 1 1 577 888 887 1177
4388 4 2 1 1 1076 997 108 719
4389 4 2 1 1 1122 1151 1105 554
4390 4 2 1 1 1056 1092 531 783
4391 4 2 1 1 116 97 117 902
4392 4 2 1 1 1152 1148 237 565
4393 4 2 1 1 447 414 415 869
4394 4 2 1 1 1178 969 734 1061
4395 4 2 1 1 947 874 892 655
4396 4 2 1 1 736 928 496 1126
4397 4 2 1 1 202 218 748 1058
4398 4 2 1 1 631 936 835 1069
4399 4 2 1 1 546 640 997 793
4400 4 2 1 1 621 963 495 964
4401 4 2 1 1 227 964 1014 1013
4402 4 2 1 1 475 778 1055 1153
4403 4 2 1 1 862 1023 604 1086
4404 4 2 1 1 440 705 331 1096
4405 4 2 1 1 823 464 605 1001
4406 4 2 1 1 228 241 231 1013
4407 4 2 1 1 293 769 913 1165
4408 4 2 1 1 957 958 230 1152
4409 4 2 1 1 1045 1120 664 1127
4410 4 2 1 1 629 1044 718 465
4411 4 2 1 1 190 849 748 1003
4412 4 2 1 1 788 1188 1043 655
4413 4 2 1 1 1043 1188 788 500
4414 4 2 1 1 180 198 13 980
4415 4 2 1 1 729 707 961 1096
4416 4 2 1 1 1002 404 405 652
4417 4 2 1 1 1078 1087 1023 1132
4418 4 2 1 1 393 380 378 1110
4419 4 2 1 1 852 1138 663 1153
4420 4 2 1 1 90 89 82 940
4421 4 2 1 1 697 793 546 956
4422 4 2 1 1 540 862 861 990
4423 4 2 1 1 547 802 734 1178
4424 4 2 1 1 752 651 1075 480
4425 4 2 1 1 90 1106 706 1083
4426 4 2 1 1 644 938 533 1129
4427 4 2 1 1 1194 197 35 174
4428 4 2 1 1 121 106 956 980
4429 4 2 1 1 306 318 824 1149
4430 4 2 1 1 570 787 837 1123
4431 4 2 1 1 619 747 486 1036
4432 4 2 1 1 598 516 485 860
4433 4 2 1 1 887 888 542 1177
4434 4 2 1 1 874 892 696 1027
4435 4 2 1 1 420 1025 385 594
4436 4 2 1 1 1002 405 404 376
4437 4 2 1 1 651 480 752 1044
4438 4 2 1 1 671 991 877 1071
4439 4 2 1 1 1118 764 590 871
4440 4 2 1 1 713 555 951 1172
4441 4 2 1 1 630 485 926 976
4442 4 2 1 1 539 719 858 1076
4443 4 2 1 1 1118 590 764 677
4444 4 2 1 1 875 670 858 1173
4445 4 2 1 1 1200 252 905 1033
4446 4 2 1 1 849 1143 1003 625
4447 4 2 1 1 851 629 716 1146
4448 4 2 1 1 561 728 486 1084
4449 4 2 1 1 1049 1216 895 128
4450 4 2 1 1 554 926 976 744
4451 4 2 1 1 418 345 449 841
4452 4 2 1 1 1003 1143 849 619
4453 4 2 1 1 578 1069 855 700
4454 4 2 1 1 631 855 1069 700
4455 4 2 1 1 407 406 362 856
4456 4 2 1 1 97 94 96 1068
4457 4 2 1 1 346 323 65 1094
4458 4 2 1 1 501 696 1027 697
4459 4 2 1 1 813 554 927 1122
4460 4 2 1 1 382 1002 405 759
4461 4 2 1 1 405 1002 382 376
4462 4 2 1 1 488 850 773 1103
4463 4 2 1 1 285 900 308 282
4464 4 2 1 1 392 673 417 917
4465 4 2 1 1 530 1039 898 1056
4466 4 2 1 1 322 420 385 594
4467 4 2 1 1 298 738 898 1102
4468 4 2 1 1 347 434 442 712
4469 4 2 1 1 231 636 957 964
4470 4 2 1 1 829 831 520 830
4471 4 2 1 1 588 649 868 1000
4472 4 2 1 1 691 942 1062 1125
4473 4 2 1 1 486 1036 728 1051
4474 4 2 1 1 537 726 911 958
4475 4 2 1 1 565 886 884 1009
4476 4 2 1 1 222 1197 246 71
4477 4 2 1 1 524 704 906 945
4478 4 2 1 1 564 1009 952 1142
4479 4 2 1 1 782 564 952 1142
4480 4 2 1 1 493 987 853 623
4481 4 2 1 1 388 391 378 1089
4482 4 2 1 1 483 1184 680 715
4483 4 2 1 1 553 146 156 141
4484 4 2 1 1 319 269 300 1181
4485 4 2 1 1 380 416 759 1170
4486 4 2 1 1 475 935 846 656
4487 4 2 1 1 403 425 409 711
4488 4 2 1 1 586 773 850 1103
4489 4 2 1 1 694 961 707 1096
4490 4 2 1 1 609 465 680 983
4491 4 2 1 1 176 891 218 1058
4492 4 2 1 1 581 979 735 1099
4493 4 2 1 1 422 412 435 1182
4494 4 2 1 1 687 591 507 1073
4495 4 2 1 1 231 967 636 1013
4496 4 2 1 1 538 833 550 1033
4497 4 2 1 1 207 750 960 980
4498 4 2 1 1 517 872 648 647
4499 4 2 1 1 206 1226 1179 200
4500 4 2 1 1 904 609 1059 1154
4501 4 2 1 1 280 278 281 1185
4502 4 2 1 1 1208 243 250 1116
4503 4 2 1 1 376 367 404 1002
4504 4 2 1 1 509 653 985 1072
4505 4 2 1 1 769 305 311 905
4506 4 2 1 1 549 843 872 647
4507 4 2 1 1 592 993 922 999
4508 4 2 1 1 805 806 509 1072
4509 4 2 1 1 491 651 792 1044
4510 4 2 1 1 615 296 882 906
4511 4 2 1 1 886 577 941 1160
4512 4 2 1 1 1135 1232 768 582
4513 4 2 1 1 1231 311 1149 295
4514 4 2 1 1 103 1209 120 83
4515 4 2 1 1 742 975 635 1168
4516 4 2 1 1 100 101 121 587
4517 4 2 1 1 444 395 320 940
4518 4 2 1 1 381 402 435 1172
4519 4 2 1 1 302 293 306 913
4520 4 2 1 1 840 945 1070 596
4521 4 2 1 1 581 954 788 1099
4522 4 2 1 1 518 755 560 1098
4523 4 2 1 1 38 5 170 1235
4524 4 2 1 1 572 694 707 1096
4525 4 2 1 1 1213 261 226 905
4526 4 2 1 1 79 1161 1047 328
4527 4 2 1 1 604 1023 761 1086
4528 4 2 1 1 1021 861 550 990
4529 4 2 1 1 500 867 686 1188
4530 4 2 1 1 445 334 66 837
4531 4 2 1 1 616 948 753 1111
4532 4 2 1 1 515 860 677 1117
4533 4 2 1 1 382 759 416 1028
4534 4 2 1 1 1220 707 135 1049
4535 4 2 1 1 161 153 162 1157
4536 4 2 1 1 351 1216 321 810
4537 4 2 1 1 297 301 272 1179
4538 4 2 1 1 329 951 758 1066
4539 4 2 1 1 652 488 1007 1155
4540 4 2 1 1 141 140 142 1171
4541 4 2 1 1 285 900 282 733
4542 4 2 1 1 106 12 84 956
4543 4 2 1 1 464 843 872 534
4544 4 2 1 1 836 993 592 1107
4545 4 2 1 1 145 572 131 1014
4546 4 2 1 1 211 837 196 1135
4547 4 2 1 1 322 844 594 984
4548 4 2 1 1 542 794 743 888
4549 4 2 1 1 128 151 41 895
4550 4 2 1 1 91 706 549 1083
4551 4 2 1 1 722 813 596 1104
4552 4 2 1 1 572 573 1013 1014
4553 4 2 1 1 969 1000 1061 461
4554 4 2 1 1 884 1009 726 1148
4555 4 2 1 1 210 190 218 1003
4556 4 2 1 1 382 405 416 759
4557 4 2 1 1 278 974 815 291
4558 4 2 1 1 472 1143 914 745
4559 4 2 1 1 922 993 538 999
4560 4 2 1 1 1195 88 10 109
4561 4 2 1 1 566 845 784 684
4562 4 2 1 1 483 818 715 577
4563 4 2 1 1 842 739 479 1111
4564 4 2 1 1 553 558 805 819
4565 4 2 1 1 728 1093 989 670
4566 4 2 1 1 1230 3 26 122
4567 4 2 1 1 381 412 374 897
4568 4 2 1 1 613 1010 737 804
4569 4 2 1 1 532 1020 1022 738
4570 4 2 1 1 399 423 424 944
4571 4 2 1 1 661 1018 852 1153
4572 4 2 1 1 335 423 451 1041
4573 4 2 1 1 574 999 807 1107
4574 4 2 1 1 289 290 304 674
4575 4 2 1 1 640 798 797 793
4576 4 2 1 1 238 1152 237 1139
4577 4 2 1 1 512 1029 1032 1053
4578 4 2 1 1 667 1032 1029 1053
4579 4 2 1 1 1217 122 1230 1037
4580 4 2 1 1 564 886 1009 1142
4581 4 2 1 1 532 814 633 898
4582 4 2 1 1 942 962 691 1062
4583 4 2 1 1 223 241 227 1014
4584 4 2 1 1 764 498 854 677
4585 4 2 1 1 807 833 538 999
4586 4 2 1 1 128 796 895 1049
4587 4 2 1 1 537 911 574 1015
4588 4 2 1 1 509 1031 722 1072
4589 4 2 1 1 1223 205 712 212
4590 4 2 1 1 532 1017 633 468
4591 4 2 1 1 565 884 886 941
4592 4 2 1 1 168 7 50 1215
4593 4 2 1 1 542 743 941 1177
4594 4 2 1 1 754 1078 1023 1132
4595 4 2 1 1 140 141 138 672
4596 4 2 1 1 504 907 766 1128
4597 4 2 1 1 423 445 323 944
4598 4 2 1 1 742 942 929 1062
4599 4 2 1 1 997 1019 719 1076
4600 4 2 1 1 86 1198 13 980
4601 4 2 1 1 242 1013 1047 1161
4602 4 2 1 1 152 167 130 1114
4603 4 2 1 1 1210 326 582 334
4604 4 2 1 1 100 587 549 1121
4605 4 2 1 1 254 1016 721 1101
4606 4 2 1 1 159 133 161 794
4607 4 2 1 1 689 730 608 498
4608 4 2 1 1 1139 939 698 812
4609 4 2 1 1 297 561 891 308
4610 4 2 1 1 565 939 886 1009
4611 4 2 1 1 463 919 881 669
4612 4 2 1 1 849 619 1143 745
4613 4 2 1 1 365 366 368 800
4614 4 2 1 1 836 923 735 1099
4615 4 2 1 1 1021 861 990 770
4616 4 2 1 1 928 1144 597 1176
4617 4 2 1 1 357 358 359 992
4618 4 2 1 1 809 871 672 908
4619 4 2 1 1 278 279 815 1185
4620 4 2 1 1 212 65 1223 64
4621 4 2 1 1 1220 135 42 1049
4622 4 2 1 1 77 76 258 1203
4623 4 2 1 1 740 968 530 493
4624 4 2 1 1 155 163 127 1164
4625 4 2 1 1 775 690 977 1146
4626 4 2 1 1 544 914 846 1036
4627 4 2 1 1 973 933 478 921
4628 4 2 1 1 377 375 376 1002
4629 4 2 1 1 712 1218 1081 205
4630 4 2 1 1 191 192 213 1070
4631 4 2 1 1 756 963 495 1187
4632 4 2 1 1 56 8 1234 171
4633 4 2 1 1 47 46 166 1237
4634 4 2 1 1 491 629 716 651
4635 4 2 1 1 302 824 660 913
4636 4 2 1 1 533 938 645 717
4637 4 2 1 1 723 1030 693 803
4638 4 2 1 1 547 734 1061 1178
4639 4 2 1 1 649 937 868 1000
4640 4 2 1 1 213 202 191 1104
4641 4 2 1 1 157 1238 1225 44
4642 4 2 1 1 787 514 1131 1135
4643 4 2 1 1 804 923 613 525
4644 4 2 1 1 527 1115 933 1136
4645 4 2 1 1 345 456 449 841
4646 4 2 1 1 93 581 1106 1083
4647 4 2 1 1 135 136 128 1049
4648 4 2 1 1 294 293 292 585
4649 4 2 1 1 300 698 312 812
4650 4 2 1 1 1056 1092 783 487
4651 4 2 1 1 363 364 361 1085
4652 4 2 1 1 545 846 914 1036
4653 4 2 1 1 292 585 291 832
4654 4 2 1 1 529 778 1138 1153
4655 4 2 1 1 490 962 742 1062
4656 4 2 1 1 545 797 989 1093
4657 4 2 1 1 468 851 988 1038
4658 4 2 1 1 1153 1150 778 1055
4659 4 2 1 1 559 830 721 831
4660 4 2 1 1 758 322 594 420
4661 4 2 1 1 423 335 445 944
4662 4 2 1 1 11 84 12 956
4663 4 2 1 1 116 905 113 922
4664 4 2 1 1 234 254 255 1016
4665 4 2 1 1 788 954 581 1083
4666 4 2 1 1 545 728 1093 989
4667 4 2 1 1 108 1199 29 81
4668 4 2 1 1 1126 924 1040 736
4669 4 2 1 1 134 806 757 160
4670 4 2 1 1 786 840 596 945
4671 4 2 1 1 448 1172 762 435
4672 4 2 1 1 639 1037 732 1106
4673 4 2 1 1 984 841 344 749
4674 4 2 1 1 735 979 836 1099
4675 4 2 1 1 229 542 816 1152
4676 4 2 1 1 556 795 682 1097
4677 4 2 1 1 364 363 365 1085
4678 4 2 1 1 47 48 816 129
4679 4 2 1 1 769 602 913 1086
4680 4 2 1 1 562 746 928 1144
4681 4 2 1 1 829 831 521 1167
4682 4 2 1 1 628 933 921 1115
4683 4 2 1 1 79 1161 328 78
4684 4 2 1 1 661 656 703 1153
4685 4 2 1 1 541 319 812 1181
4686 4 2 1 1 819 985 653 1080
4687 4 2 1 1 180 750 207 980
4688 4 2 1 1 155 163 1164 1183
4689 4 2 1 1 592 1016 219 1101
4690 4 2 1 1 908 811 567 1113
4691 4 2 1 1 483 845 743 1177
4692 4 2 1 1 444 426 341 949
4693 4 2 1 1 952 543 782 1142
4694 4 2 1 1 545 728 989 1141
4695 4 2 1 1 557 742 723 1168
4696 4 2 1 1 1153 1150 1055 703
4697 4 2 1 1 426 340 452 949
4698 4 2 1 1 85 111 99 1037
4699 4 2 1 1 430 331 324 572
4700 4 2 1 1 587 947 892 1006
4701 4 2 1 1 298 898 275 1102
4702 4 2 1 1 1038 658 663 601
4703 4 2 1 1 654 1001 737 1043
4704 4 2 1 1 727 992 584 477
4705 4 2 1 1 640 797 1019 793
4706 4 2 1 1 103 97 116 1163
4707 4 2 1 1 995 842 519 632
4708 4 2 1 1 1038 977 468 851
4709 4 2 1 1 743 1065 816 495
4710 4 2 1 1 1122 1151 554 745
4711 4 2 1 1 545 935 846 1141
4712 4 2 1 1 548 868 937 1000
4713 4 2 1 1 443 329 420 758
4714 4 2 1 1 146 156 167 1117
4715 4 2 1 1 193 189 194 627
4716 4 2 1 1 539 858 824 1156
4717 4 2 1 1 541 695 645 994
4718 4 2 1 1 54 127 153 1067
4719 4 2 1 1 743 542 816 1174
4720 4 2 1 1 634 814 533 1130
4721 4 2 1 1 102 788 626 1100
4722 4 2 1 1 164 160 154 806
4723 4 2 1 1 231 957 230 964
4724 4 2 1 1 1196 25 104 85
4725 4 2 1 1 979 1016 592 1101
4726 4 2 1 1 107 1231 602 1149
4727 4 2 1 1 1213 113 905 922
4728 4 2 1 1 617 917 916 1190
4729 4 2 1 1 298 898 738 1039
4730 4 2 1 1 295 268 306 1149
4731 4 2 1 1 99 581 1037 1106
4732 4 2 1 1 252 246 256 1033
4733 4 2 1 1 610 1017 968 493
4734 4 2 1 1 343 1037 429 749
4735 4 2 1 1 840 1070 945 524
4736 4 2 1 1 1092 1184 783 523
4737 4 2 1 1 821 1164 163 1183
4738 4 2 1 1 695 818 531 1157
4739 4 2 1 1 206 179 210 637
4740 4 2 1 1 653 509 819 860
4741 4 2 1 1 92 549 1083 91
4742 4 2 1 1 878 1078 754 1132
4743 4 2 1 1 113 125 1213 905
4744 4 2 1 1 137 590 147 730
4745 4 2 1 1 756 904 495 1059
4746 4 2 1 1 1209 23 22 120
4747 4 2 1 1 416 436 345 1170
4748 4 2 1 1 747 748 486 891
4749 4 2 1 1 433 350 391 1005
4750 4 2 1 1 129 1237 1174 816
4751 4 2 1 1 774 631 700 499
4752 4 2 1 1 517 647 969 1175
4753 4 2 1 1 725 594 881 984
4754 4 2 1 1 176 60 59 615
4755 4 2 1 1 259 222 698 791
4756 4 2 1 1 69 1240 4 314
4757 4 2 1 1 419 448 402 1066
4758 4 2 1 1 236 234 255 999
4759 4 2 1 1 392 389 390 912
4760 4 2 1 1 661 1054 786 1180
4761 4 2 1 1 41 42 128 1216
4762 4 2 1 1 828 932 547 1061
4763 4 2 1 1 458 583 724 662
4764 4 2 1 1 589 809 871 1118
4765 4 2 1 1 496 825 936 1176
4766 4 2 1 1 277 994 717 1130
4767 4 2 1 1 213 191 1070 1104
4768 4 2 1 1 1217 122 1037 111
4769 4 2 1 1 162 760 143 1157
4770 4 2 1 1 894 895 498 1136
4771 4 2 1 1 276 814 634 1130
4772 4 2 1 1 615 891 176 1058
4773 4 2 1 1 944 1094 323 1166
4774 4 2 1 1 126 115 98 997
4775 4 2 1 1 321 356 355 810
4776 4 2 1 1 210 1179 200 206
4777 4 2 1 1 902 1068 117 1076
4778 4 2 1 1 721 830 559 979
4779 4 2 1 1 252 1200 70 1033
4780 4 2 1 1 588 868 679 1145
4781 4 2 1 1 714 726 537 958
4782 4 2 1 1 228 230 229 1152
4783 4 2 1 1 1039 991 530 704
4784 4 2 1 1 1133 888 743 794
4785 4 2 1 1 1135 1210 582 837
4786 4 2 1 1 877 991 740 530
4787 4 2 1 1 993 999 592 1107
4788 4 2 1 1 594 758 702 844
4789 4 2 1 1 524 840 671 945
4790 4 2 1 1 401 951 402 1172
4791 4 2 1 1 645 887 577 888
4792 4 2 1 1 147 152 132 768
4793 4 2 1 1 276 279 298 1102
4794 4 2 1 1 536 800 1004 1134
4795 4 2 1 1 924 1040 622 1046
4796 4 2 1 1 799 981 616 1134
4797 4 2 1 1 153 1193 54 1067
4798 4 2 1 1 758 951 555 1066
4799 4 2 1 1 605 880 497 1082
4800 4 2 1 1 711 510 712 1120
4801 4 2 1 1 486 619 1036 1051
4802 4 2 1 1 280 302 284 733
4803 4 2 1 1 647 932 1060 1061
4804 4 2 1 1 507 614 808 1050
4805 4 2 1 1 482 990 770 1021
4806 4 2 1 1 598 879 516 860
4807 4 2 1 1 114 1224 28 108
4808 4 2 1 1 669 967 702 569
4809 4 2 1 1 566 465 680 1064
4810 4 2 1 1 461 969 1060 1061
4811 4 2 1 1 752 1075 870 480
4812 4 2 1 1 29 28 1224 108
4813 4 2 1 1 995 842 632 856
4814 4 2 1 1 199 60 176 615
4815 4 2 1 1 168 44 7 1238
4816 4 2 1 1 102 94 626 788
4817 4 2 1 1 678 538 922 993
4818 4 2 1 1 511 715 889 684
4819 4 2 1 1 208 625 209 956
4820 4 2 1 1 440 331 705 330
4821 4 2 1 1 487 806 991 1183
4822 4 2 1 1 209 625 188 849
4823 4 2 1 1 267 1228 674 289
4824 4 2 1 1 706 534 549 1083
4825 4 2 1 1 171 45 8 1234
4826 4 2 1 1 301 719 637 1179
4827 4 2 1 1 1240 21 4 125
4828 4 2 1 1 68 5 214 1235
4829 4 2 1 1 854 677 608 1131
4830 4 2 1 1 525 1030 723 803
4831 4 2 1 1 72 222 1197 698
4832 4 2 1 1 722 1031 524 1072
4833 4 2 1 1 969 1000 461 627
4834 4 2 1 1 733 561 875 1042
4835 4 2 1 1 90 92 93 1083
4836 4 2 1 1 573 963 636 964
4837 4 2 1 1 356 321 427 810
4838 4 2 1 1 548 868 745 937
4839 4 2 1 1 213 615 176 1058
4840 4 2 1 1 542 1116 887 1139
4841 4 2 1 1 1202 154 34 160
4842 4 2 1 1 72 266 300 698
4843 4 2 1 1 252 70 246 1033
4844 4 2 1 1 290 271 757 906
4845 4 2 1 1 405 380 416 759
4846 4 2 1 1 59 200 1226 58
4847 4 2 1 1 1135 1210 837 196
4848 4 2 1 1 24 1196 104 1101
4849 4 2 1 1 593 1062 1006 1125
4850 4 2 1 1 619 849 748 1122
4851 4 2 1 1 247 999 922 256
4852 4 2 1 1 249 242 241 1047
4853 4 2 1 1 525 965 864 972
4854 4 2 1 1 941 1152 542 565
4855 4 2 1 1 513 636 967 1013
4856 4 2 1 1 432 570 335 869
4857 4 2 1 1 521 829 731 732
4858 4 2 1 1 500 735 923 1099
4859 4 2 1 1 234 999 911 1016
4860 4 2 1 1 548 1000 627 1145
4861 4 2 1 1 525 1162 1030 803
4862 4 2 1 1 527 933 921 568
4863 4 2 1 1 265 60 296 615
4864 4 2 1 1 904 465 609 1154
4865 4 2 1 1 471 1054 873 1180
4866 4 2 1 1 531 1067 695 1157
4867 4 2 1 1 555 762 1066 1172
4868 4 2 1 1 98 96 95 1006
4869 4 2 1 1 157 131 145 572
4870 4 2 1 1 460 764 854 677
4871 4 2 1 1 227 964 1013 228
4872 4 2 1 1 258 77 1203 844
4873 4 2 1 1 453 331 430 572
4874 4 2 1 1 192 722 1031 1070
4875 4 2 1 1 448 1172 435 402
4876 4 2 1 1 173 198 208 956
4877 4 2 1 1 1022 280 282 733
4878 4 2 1 1 74 1234 262 1222
4879 4 2 1 1 106 13 12 980
4880 4 2 1 1 740 1018 968 493
4881 4 2 1 1 255 256 236 999
4882 4 2 1 1 487 877 783 530
4883 4 2 1 1 596 840 722 1070
4884 4 2 1 1 438 339 437 781
4885 4 2 1 1 622 1011 808 1050
4886 4 2 1 1 583 1040 924 1046
4887 4 2 1 1 231 957 636 967
4888 4 2 1 1 108 115 114 719
4889 4 2 1 1 402 450 329 951
4890 4 2 1 1 541 812 319 994
4891 4 2 1 1 386 437 339 781
4892 4 2 1 1 258 240 221 844
4893 4 2 1 1 466 886 884 941
4894 4 2 1 1 774 965 525 972
4895 4 2 1 1 685 578 847 1191
4896 4 2 1 1 288 994 812 717
4897 4 2 1 1 1140 1097 506 556
4898 4 2 1 1 276 634 814 1102
4899 4 2 1 1 386 360 358 584
4900 4 2 1 1 129 1065 148 165
4901 4 2 1 1 300 812 319 1181
4902 4 2 1 1 546 798 640 793
4903 4 2 1 1 1232 214 768 1235
4904 4 2 1 1 527 848 729 961
4905 4 2 1 1 136 139 138 811
4906 4 2 1 1 502 647 874 1175
4907 4 2 1 1 1220 157 135 707
4908 4 2 1 1 501 1006 793 1027
4909 4 2 1 1 513 705 1047 1161
4910 4 2 1 1 666 574 885 503
4911 4 2 1 1 318 268 539 1149
4912 4 2 1 1 284 282 280 733
4913 4 2 1 1 265 308 297 891
4914 4 2 1 1 581 954 732 1082
4915 4 2 1 1 489 862 863 1165
4916 4 2 1 1 603 852 853 971
4917 4 2 1 1 126 793 110 956
4918 4 2 1 1 589 746 809 1118
4919 4 2 1 1 501 691 801 1137
4920 4 2 1 1 457 767 1048 1162
4921 4 2 1 1 490 742 962 557
4922 4 2 1 1 609 465 904 1064
4923 4 2 1 1 837 787 514 1123
4924 4 2 1 1 627 207 194 750
4925 4 2 1 1 383 1025 382 1028
4926 4 2 1 1 105 91 706 1121
4927 4 2 1 1 341 393 391 1110
4928 4 2 1 1 753 948 739 1111
4929 4 2 1 1 259 245 238 1139
4930 4 2 1 1 788 947 655 1083
4931 4 2 1 1 484 726 952 1009
4932 4 2 1 1 1200 261 905 252
4933 4 2 1 1 158 39 40 1241
4934 4 2 1 1 211 683 837 1135
4935 4 2 1 1 196 195 211 1135
4936 4 2 1 1 479 739 948 1111
4937 4 2 1 1 814 815 644 1129
4938 4 2 1 1 573 1013 636 1034
4939 4 2 1 1 633 898 530 1017
4940 4 2 1 1 487 876 877 1071
4941 4 2 1 1 733 1042 285 561
4942 4 2 1 1 636 1013 513 1034
4943 4 2 1 1 44 43 1225 157
4944 4 2 1 1 39 1235 5 428
4945 4 2 1 1 107 602 902 1149
4946 4 2 1 1 787 854 519 1189
4947 4 2 1 1 815 279 276 1102
4948 4 2 1 1 83 592 1100 1163
4949 4 2 1 1 714 884 726 958
4950 4 2 1 1 1130 286 1067 274
4951 4 2 1 1 259 698 245 1139
4952 4 2 1 1 188 1151 186 187
4953 4 2 1 1 337 1232 582 768
4954 4 2 1 1 301 287 719 1042
4955 4 2 1 1 258 221 77 844
4956 4 2 1 1 537 234 232 233
4957 4 2 1 1 338 689 438 781
4958 4 2 1 1 176 615 59 891
4959 4 2 1 1 499 737 1010 804
4960 4 2 1 1 276 277 815 1130
4961 4 2 1 1 528 1006 1062 1125
4962 4 2 1 1 329 402 951 1066
4963 4 2 1 1 368 366 369 1134
4964 4 2 1 1 621 816 542 1152
4965 4 2 1 1 884 958 714 1152
4966 4 2 1 1 407 398 406 982
4967 4 2 1 1 132 152 37 1204
4968 4 2 1 1 103 1209 83 1163
4969 4 2 1 1 813 840 596 1054
4970 4 2 1 1 722 1031 509 1063
4971 4 2 1 1 157 1238 44 168
4972 4 2 1 1 184 183 722 1063
4973 4 2 1 1 347 712 711 1166
4974 4 2 1 1 277 276 274 1130
4975 4 2 1 1 184 516 182 1063
4976 4 2 1 1 1096 351 332 729
4977 4 2 1 1 110 1006 95 587
4978 4 2 1 1 623 1022 1020 738
4979 4 2 1 1 683 510 1094 1123
4980 4 2 1 1 463 789 910 1073
4981 4 2 1 1 521 831 829 732
4982 4 2 1 1 320 18 444 940
4983 4 2 1 1 611 1048 767 1162
4984 4 2 1 1 973 933 921 628
4985 4 2 1 1 167 152 147 1114
4986 4 2 1 1 727 360 361 362
4987 4 2 1 1 1022 280 733 1185
4988 4 2 1 1 89 1205 18 940
4989 4 2 1 1 290 674 275 1039
4990 4 2 1 1 199 60 615 906
4991 4 2 1 1 1194 36 35 130
4992 4 2 1 1 570 682 787 1123
4993 4 2 1 1 469 797 1019 1093
4994 4 2 1 1 204 757 192 1031
4995 4 2 1 1 112 16 1206 1091
4996 4 2 1 1 190 187 748 849
4997 4 2 1 1 823 1010 563 1024
4998 4 2 1 1 324 705 328 1047
4999 4 2 1 1 806 1031 509 1072
5000 4 2 1 1 836 979 592 1100
5001 4 2 1 1 532 898 633 1017
5002 4 2 1 1 502 874 647 1178
5003 4 2 1 1 1116 1139 225 1181
5004 4 2 1 1 672 983 908 1154
5005 4 2 1 1 374 375 381 897
5006 4 2 1 1 1109 525 923 804
5007 4 2 1 1 295 306 311 1149
5008 4 2 1 1 559 830 831 732
5009 4 2 1 1 836 1099 979 1100
5010 4 2 1 1 892 501 1006 1125
5011 4 2 1 1 252 226 261 905
5012 4 2 1 1 284 287 285 1042
5013 4 2 1 1 443 328 758 1161
5014 4 2 1 1 619 914 798 1143
5015 4 2 1 1 680 465 609 1064
5016 4 2 1 1 846 1036 545 1141
5017 4 2 1 1 627 734 548 960
5018 4 2 1 1 648 551 1060 647
5019 4 2 1 1 726 543 952 1142
5020 4 2 1 1 468 1038 988 1119
5021 4 2 1 1 301 637 272 1179
5022 4 2 1 1 1042 1173 561 875
5023 4 2 1 1 798 1051 640 1093
5024 4 2 1 1 317 299 283 882
5025 4 2 1 1 17 82 18 940
5026 4 2 1 1 124 1 14 1081
5027 4 2 1 1 863 907 585 990
5028 4 2 1 1 237 229 230 1152
5029 4 2 1 1 117 97 96 1068
5030 4 2 1 1 410 712 1081 673
5031 4 2 1 1 182 184 185 516
5032 4 2 1 1 780 920 642 1191
5033 4 2 1 1 916 917 673 1190
5034 4 2 1 1 208 548 189 188
5035 4 2 1 1 233 958 911 1148
5036 4 2 1 1 862 863 585 990
5037 4 2 1 1 392 389 912 917
5038 4 2 1 1 170 1241 158 768
5039 4 2 1 1 1195 115 109 546
5040 4 2 1 1 86 13 106 980
5041 4 2 1 1 524 945 906 1070
5042 4 2 1 1 1207 127 54 1067
5043 4 2 1 1 549 706 91 1121
5044 4 2 1 1 726 911 958 1148
5045 4 2 1 1 110 1006 793 98
5046 4 2 1 1 57 2 215 1233
5047 4 2 1 1 574 1016 999 1107
5048 4 2 1 1 473 843 654 655
5049 4 2 1 1 247 999 256 255
5050 4 2 1 1 868 1145 548 1151
5051 4 2 1 1 486 748 619 1003
5052 4 2 1 1 635 975 836 885
5053 4 2 1 1 104 99 119 1101
5054 4 2 1 1 726 1009 484 1148
5055 4 2 1 1 1092 1184 523 680
5056 4 2 1 1 524 945 671 991
5057 4 2 1 1 461 1060 828 1061
5058 4 2 1 1 593 997 1019 793
5059 4 2 1 1 79 1161 78 242
5060 4 2 1 1 434 346 712 1166
5061 4 2 1 1 134 806 160 164
5062 4 2 1 1 248 236 833 911
5063 4 2 1 1 460 854 890 677
5064 4 2 1 1 1232 214 1235 68
5065 4 2 1 1 553 558 983 1171
5066 4 2 1 1 328 324 330 705
5067 4 2 1 1 195 177 181 768
5068 4 2 1 1 298 704 290 1039
5069 4 2 1 1 220 1237 47 816
5070 4 2 1 1 192 722 1070 191
5071 4 2 1 1 369 366 370 1134
5072 4 2 1 1 1038 658 601 1119
5073 4 2 1 1 581 1082 732 1106
5074 4 2 1 1 1208 46 166 159
5075 4 2 1 1 99 1196 104 85
5076 4 2 1 1 187 1105 1104 1122
5077 4 2 1 1 815 276 279 278
5078 4 2 1 1 868 1000 548 1145
5079 4 2 1 1 123 2 27 1233
5080 4 2 1 1 472 1143 802 697
5081 4 2 1 1 775 1150 893 718
5082 4 2 1 1 772 1085 727 1158
5083 4 2 1 1 726 484 911 1148
5084 4 2 1 1 467 807 993 1107
5085 4 2 1 1 577 939 886 887
5086 4 2 1 1 877 991 487 1071
5087 4 2 1 1 1209 83 592 1101
5088 4 2 1 1 466 543 782 1108
5089 4 2 1 1 585 974 863 1165
5090 4 2 1 1 562 826 1044 480
5091 4 2 1 1 472 914 927 745
5092 4 2 1 1 234 255 999 1016
5093 4 2 1 1 537 957 612 714
5094 4 2 1 1 862 1086 769 1165
5095 4 2 1 1 973 933 628 764
5096 4 2 1 1 553 809 558 819
5097 4 2 1 1 180 207 198 980
5098 4 2 1 1 402 951 1066 1172
5099 4 2 1 1 357 379 387 992
5100 4 2 1 1 22 120 113 922
5101 4 2 1 1 259 237 248 1148
5102 4 2 1 1 549 706 872 534
5103 4 2 1 1 298 275 898 1039
5104 4 2 1 1 297 561 308 301
5105 4 2 1 1 422 379 412 1182
5106 4 2 1 1 581 788 93 1100
5107 4 2 1 1 287 1199 307 719
5108 4 2 1 1 532 815 814 1102
5109 4 2 1 1 807 999 993 1107
5110 4 2 1 1 592 993 626 1163
5111 4 2 1 1 413 358 356 894
5112 4 2 1 1 480 903 847 1191
5113 4 2 1 1 738 898 530 1039
5114 4 2 1 1 456 342 449 841
5115 4 2 1 1 170 1241 39 158
5116 4 2 1 1 159 1079 794 1116
5117 4 2 1 1 495 1059 609 1065
5118 4 2 1 1 130 1117 156 509
5119 4 2 1 1 1122 1151 745 849
5120 4 2 1 1 100 549 91 1121
5121 4 2 1 1 525 803 965 1162
5122 4 2 1 1 742 1035 975 1168
5123 4 2 1 1 359 411 379 992
5124 4 2 1 1 115 719 108 997
5125 4 2 1 1 83 120 23 1209
5126 4 2 1 1 219 247 255 592
5127 4 2 1 1 539 902 901 1149
5128 4 2 1 1 393 436 380 1110
5129 4 2 1 1 502 697 625 956
5130 4 2 1 1 759 1028 790 1170
5131 4 2 1 1 520 919 669 1167
5132 4 2 1 1 629 1044 826 480
5133 4 2 1 1 1185 1128 1186 815
5134 4 2 1 1 644 1128 815 1186
5135 4 2 1 1 893 1150 650 718
5136 4 2 1 1 158 730 147 768
5137 4 2 1 1 306 318 302 824
5138 4 2 1 1 165 145 150 827
5139 4 2 1 1 1210 196 66 837
5140 4 2 1 1 157 1215 168 131
5141 4 2 1 1 582 837 787 1135
5142 4 2 1 1 491 1150 775 718
5143 4 2 1 1 452 325 342 639
5144 4 2 1 1 760 531 483 1157
5145 4 2 1 1 145 150 827 1014
5146 4 2 1 1 66 1210 67 196
5147 4 2 1 1 349 354 16 1091
5148 4 2 1 1 355 357 387 729
5149 4 2 1 1 443 322 78 844
5150 4 2 1 1 335 451 447 1041
5151 4 2 1 1 912 673 917 1190
5152 4 2 1 1 3 20 122 1230
5153 4 2 1 1 694 986 771 777
5154 4 2 1 1 110 1006 98 95
5155 4 2 1 1 820 978 511 782
5156 4 2 1 1 524 1031 806 1072
5157 4 2 1 1 979 1100 581 1101
5158 4 2 1 1 867 929 626 975
5159 4 2 1 1 495 609 1064 1065
5160 4 2 1 1 525 965 774 1162
5161 4 2 1 1 555 1066 951 1172
5162 4 2 1 1 603 853 899 971
5163 4 2 1 1 100 587 95 947
5164 4 2 1 1 105 91 82 706
5165 4 2 1 1 640 1019 997 793
5166 4 2 1 1 439 387 422 1182
5167 4 2 1 1 509 860 653 1063
5168 4 2 1 1 239 957 817 232
5169 4 2 1 1 206 1226 200 58
5170 4 2 1 1 52 155 1212 134
5171 4 2 1 1 146 147 590 1117
5172 4 2 1 1 125 32 4 1240
5173 4 2 1 1 473 843 655 874
5174 4 2 1 1 549 872 706 1121
5175 4 2 1 1 502 734 802 1178
5176 4 2 1 1 62 1227 6 315
5177 4 2 1 1 22 113 1213 922
5178 4 2 1 1 469 989 797 1093
5179 4 2 1 1 70 305 310 1033
5180 4 2 1 1 791 939 770 1021
5181 4 2 1 1 192 757 178 906
5182 4 2 1 1 1227 6 51 169
5183 4 2 1 1 255 219 592 1016
5184 4 2 1 1 1076 108 997 118
5185 4 2 1 1 123 9 2 1233
5186 4 2 1 1 483 531 818 1157
5187 4 2 1 1 254 219 1016 1101
5188 4 2 1 1 494 899 853 971
5189 4 2 1 1 299 738 283 882
5190 4 2 1 1 559 732 581 979
5191 4 2 1 1 128 796 137 895
5192 4 2 1 1 182 181 174 1063
5193 4 2 1 1 566 904 826 465
5194 4 2 1 1 1227 33 6 169
5195 4 2 1 1 162 143 161 1157
5196 4 2 1 1 95 947 587 1006
5197 4 2 1 1 513 967 636 569
5198 4 2 1 1 264 791 248 833
5199 4 2 1 1 342 639 343 841
5200 4 2 1 1 314 1240 905 1200
5201 4 2 1 1 1221 151 158 730
5202 4 2 1 1 637 215 179 9
5203 4 2 1 1 87 113 116 905
5204 4 2 1 1 964 1013 573 1014
5205 4 2 1 1 615 1058 1057 891
5206 4 2 1 1 496 855 943 1040
5207 4 2 1 1 596 748 1058 1104
5208 4 2 1 1 787 854 608 1131
5209 4 2 1 1 290 299 296 906
5210 4 2 1 1 74 1222 225 73
5211 4 2 1 1 553 983 672 1171
5212 4 2 1 1 259 237 565 1139
5213 4 2 1 1 627 207 750 960
5214 4 2 1 1 416 1028 759 1170
5215 4 2 1 1 592 999 255 1016
5216 4 2 1 1 999 1016 592 1107
5217 4 2 1 1 759 488 652 1155
5218 4 2 1 1 137 146 147 590
5219 4 2 1 1 114 1224 108 719
5220 4 2 1 1 95 528 94 947
5221 4 2 1 1 1092 1184 680 531
5222 4 2 1 1 467 836 975 885
5223 4 2 1 1 439 925 387 1182
5224 4 2 1 1 596 840 786 1054
5225 4 2 1 1 210 891 200 1179
5226 4 2 1 1 608 498 854 1189
5227 4 2 1 1 78 221 242 1161
5228 4 2 1 1 863 907 504 974
5229 4 2 1 1 70 1197 246 1033
5230 4 2 1 1 341 949 394 1110
5231 4 2 1 1 107 902 81 1149
5232 4 2 1 1 1212 169 134 757
5233 4 2 1 1 332 729 387 925
5234 4 2 1 1 1228 1183 1212 155
5235 4 2 1 1 608 787 582 1189
5236 4 2 1 1 86 517 112 1081
5237 4 2 1 1 501 801 691 1125
5238 4 2 1 1 621 964 816 1152
5239 4 2 1 1 1204 214 768 177
5240 4 2 1 1 483 888 577 1177
5241 4 2 1 1 239 957 232 231
5242 4 2 1 1 531 695 1067 533
5243 4 2 1 1 384 420 450 951
5244 4 2 1 1 462 1011 839 1159
5245 4 2 1 1 567 465 904 1154
5246 4 2 1 1 207 189 208 960
5247 4 2 1 1 364 411 361 1158
5248 4 2 1 1 985 1071 805 1072
5249 4 2 1 1 257 844 221 239
5250 4 2 1 1 626 836 592 1100
5251 4 2 1 1 101 1175 517 980
5252 4 2 1 1 351 1216 810 1049
5253 4 2 1 1 92 549 91 100
5254 4 2 1 1 565 791 939 1009
5255 4 2 1 1 265 579 615 317
5256 4 2 1 1 510 1094 944 1166
5257 4 2 1 1 278 974 291 281
5258 4 2 1 1 410 417 673 1091
5259 4 2 1 1 683 837 514 1123
5260 4 2 1 1 518 1090 576 1098
5261 4 2 1 1 93 581 99 1106
5262 4 2 1 1 22 1209 120 922
5263 4 2 1 1 813 976 554 1105
5264 4 2 1 1 248 264 222 791
5265 4 2 1 1 1208 1237 1116 166
5266 4 2 1 1 139 165 148 1065
5267 4 2 1 1 565 1009 884 1148
5268 4 2 1 1 132 1204 170 768
5269 4 2 1 1 630 966 926 485
5270 4 2 1 1 756 495 827 1059
5271 4 2 1 1 317 615 296 882
5272 4 2 1 1 332 925 440 1096
5273 4 2 1 1 277 994 1130 286
5274 4 2 1 1 521 831 732 749
5275 4 2 1 1 528 929 867 942
5276 4 2 1 1 313 269 303 1079
5277 4 2 1 1 160 169 1202 757
5278 4 2 1 1 292 312 266 832
5279 4 2 1 1 483 743 1064 1133
5280 4 2 1 1 1204 1114 768 152
5281 4 2 1 1 698 832 812 1021
5282 4 2 1 1 197 192 183 1031
5283 4 2 1 1 547 1061 932 1178
5284 4 2 1 1 280 660 1185 281
5285 4 2 1 1 178 1214 61 906
5286 4 2 1 1 636 964 231 1013
5287 4 2 1 1 330 419 328 705
5288 4 2 1 1 568 756 827 1059
5289 4 2 1 1 236 911 234 999
5290 4 2 1 1 131 1215 49 1014
5291 4 2 1 1 302 1165 293 913
5292 4 2 1 1 89 18 82 940
5293 4 2 1 1 277 994 286 288
5294 4 2 1 1 732 1037 639 749
5295 4 2 1 1 512 1029 789 1032
5296 4 2 1 1 984 344 352 749
5297 4 2 1 1 557 1087 1035 1168
5298 4 2 1 1 1202 197 204 34
5299 4 2 1 1 401 402 951 450
5300 4 2 1 1 1212 169 757 1227
5301 4 2 1 1 105 101 91 1121
5302 4 2 1 1 472 765 798 697
5303 4 2 1 1 17 82 1219 105
5304 4 2 1 1 40 41 151 1221
5305 4 2 1 1 178 757 1214 906
5306 4 2 1 1 81 902 1076 1149
5307 4 2 1 1 173 209 201 956
5308 4 2 1 1 702 513 967 1161
5309 4 2 1 1 612 957 636 714
5310 4 2 1 1 149 1133 1065 1174
5311 4 2 1 1 813 748 1104 1122
5312 4 2 1 1 278 280 279 1185
5313 4 2 1 1 1079 1116 225 1181
5314 4 2 1 1 482 832 990 1021
5315 4 2 1 1 1018 1138 852 1153
5316 4 2 1 1 508 1088 912 1190
5317 4 2 1 1 954 1001 534 1043
5318 4 2 1 1 22 226 247 922
5319 4 2 1 1 308 900 283 282
5320 4 2 1 1 424 944 348 1166
5321 4 2 1 1 1082 1106 581 1083
5322 4 2 1 1 737 1001 954 1043
5323 4 2 1 1 519 854 918 1189
5324 4 2 1 1 655 947 788 1188
5325 4 2 1 1 109 126 84 956
5326 4 2 1 1 360 359 358 584
5327 4 2 1 1 259 248 222 791
5328 4 2 1 1 349 618 417 1091
5329 4 2 1 1 273 267 54 1067
5330 4 2 1 1 102 94 97 626
5331 4 2 1 1 344 343 749 841
5332 4 2 1 1 206 1226 58 1211
5333 4 2 1 1 72 245 222 698
5334 4 2 1 1 1214 315 271 757
5335 4 2 1 1 539 824 858 1042
5336 4 2 1 1 1216 42 128 1049
5337 4 2 1 1 1039 991 704 674
5338 4 2 1 1 769 1086 913 1165
5339 4 2 1 1 42 135 128 1049
5340 4 2 1 1 83 1100 102 1163
5341 4 2 1 1 238 225 250 1116
5342 4 2 1 1 1223 205 212 64
5343 4 2 1 1 1212 169 1227 51
5344 4 2 1 1 187 202 748 1104
5345 4 2 1 1 269 541 319 303
5346 4 2 1 1 837 683 1094 1123
5347 4 2 1 1 344 725 418 841
5348 4 2 1 1 516 485 653 976
5349 4 2 1 1 726 958 884 1148
5350 4 2 1 1 566 904 465 1064
5351 4 2 1 1 200 891 1226 1179
5352 4 2 1 1 467 975 1035 1168
5353 4 2 1 1 108 81 118 1076
5354 4 2 1 1 581 1099 788 1100
5355 4 2 1 1 446 350 417 618
5356 4 2 1 1 854 498 608 677
5357 4 2 1 1 1214 178 216 757
5358 4 2 1 1 317 579 283 308
5359 4 2 1 1 1197 246 71 70
5360 4 2 1 1 227 964 228 816
5361 4 2 1 1 1140 1097 556 682
5362 4 2 1 1 636 612 1095 967
5363 4 2 1 1 1202 216 204 757
5364 4 2 1 1 722 976 813 1105
5365 4 2 1 1 112 105 1091 1121
5366 4 2 1 1 747 1057 596 1058
5367 4 2 1 1 541 887 1116 1139
5368 4 2 1 1 118 117 1068 1076
5369 4 2 1 1 267 1228 289 53
5370 4 2 1 1 265 579 317 308
5371 4 2 1 1 883 902 539 1076
5372 4 2 1 1 598 926 966 485
5373 4 2 1 1 380 436 416 1170
5374 4 2 1 1 451 423 399 1041
5375 4 2 1 1 395 618 446 940
5376 4 2 1 1 1065 149 129 148
5377 4 2 1 1 528 892 1006 1125
5378 4 2 1 1 411 374 412 1158
5379 4 2 1 1 687 591 488 652
5380 4 2 1 1 791 484 1009 1148
5381 4 2 1 1 289 267 275 674
5382 4 2 1 1 186 184 187 1105
5383 4 2 1 1 517 1091 872 1121
5384 4 2 1 1 788 1099 626 1100
5385 4 2 1 1 196 1210 67 203
5386 4 2 1 1 531 1067 634 533
5387 4 2 1 1 274 286 277 1130
5388 4 2 1 1 202 176 218 1058
5389 4 2 1 1 529 1138 1018 1153
5390 4 2 1 1 414 407 408 995
5391 4 2 1 1 164 154 172 806
5392 4 2 1 1 281 974 660 1185
5393 4 2 1 1 173 208 209 956
5394 4 2 1 1 290 271 304 757
5395 4 2 1 1 433 917 350 1005
5396 4 2 1 1 740 991 704 530
5397 4 2 1 1 266 312 300 698
5398 4 2 1 1 84 121 106 956
5399 4 2 1 1 881 669 919 1167
5400 4 2 1 1 634 898 1039 1056
5401 4 2 1 1 528 1062 942 1125
5402 4 2 1 1 844 78 77 322
5403 4 2 1 1 539 1076 902 1149
5404 4 2 1 1 503 885 836 1107
5405 4 2 1 1 131 49 150 1014
5406 4 2 1 1 490 742 929 1062
5407 4 2 1 1 187 1151 186 1105
5408 4 2 1 1 747 1058 748 891
5409 4 2 1 1 1228 1183 155 1164
5410 4 2 1 1 200 59 1226 891
5411 4 2 1 1 329 758 419 1066
5412 4 2 1 1 1178 969 1061 647
5413 4 2 1 1 843 874 647 549
5414 4 2 1 1 879 1131 514 1135
5415 4 2 1 1 350 446 395 618
5416 4 2 1 1 747 486 1084 891
5417 4 2 1 1 434 425 348 1166
5418 4 2 1 1 813 1104 1105 1122
5419 4 2 1 1 533 645 994 717
5420 4 2 1 1 388 378 371 1089
5421 4 2 1 1 674 1164 1056 1183
5422 4 2 1 1 193 185 186 1145
5423 4 2 1 1 432 447 415 869
5424 4 2 1 1 722 840 524 1070
5425 4 2 1 1 647 1060 969 1061
5426 4 2 1 1 1042 1173 875 858
5427 4 2 1 1 199 176 213 615
5428 4 2 1 1 93 119 99 581
5429 4 2 1 1 619 914 1143 745
5430 4 2 1 1 852 1018 610 1138
5431 4 2 1 1 868 554 679 1151
5432 4 2 1 1 493 882 1057 623
5433 4 2 1 1 536 1007 850 1155
5434 4 2 1 1 466 782 543 1142
5435 4 2 1 1 319 812 288 994
5436 4 2 1 1 187 191 202 1104
5437 4 2 1 1 116 922 103 1163
5438 4 2 1 1 384 383 385 1025
5439 4 2 1 1 190 209 188 849
5440 4 2 1 1 901 902 602 1149
5441 4 2 1 1 742 929 867 975
5442 4 2 1 1 278 276 277 815
5443 4 2 1 1 293 769 311 913
5444 4 2 1 1 1210 326 334 67
5445 4 2 1 1 872 551 648 647
5446 4 2 1 1 501 892 1006 1027
5447 4 2 1 1 815 1128 644 1129
5448 4 2 1 1 439 333 440 925
5449 4 2 1 1 559 1037 732 749
5450 4 2 1 1 383 377 382 1025
5451 4 2 1 1 556 597 1097 506
5452 4 2 1 1 213 1070 1058 1104
5453 4 2 1 1 1192 125 87 905
5454 4 2 1 1 740 945 704 991
5455 4 2 1 1 572 1014 1013 1047
5456 4 2 1 1 843 551 872 647
5457 4 2 1 1 311 293 294 769
5458 4 2 1 1 1178 969 647 502
5459 4 2 1 1 610 1018 968 1138
5460 4 2 1 1 529 968 1018 1138
5461 4 2 1 1 97 102 626 1163
5462 4 2 1 1 318 287 284 1042
5463 4 2 1 1 973 933 764 478
5464 4 2 1 1 542 794 888 1116
5465 4 2 1 1 92 549 100 947
5466 4 2 1 1 433 391 388 1005
5467 4 2 1 1 420 758 329 951
5468 4 2 1 1 747 1057 1058 891
5469 4 2 1 1 844 77 78 221
5470 4 2 1 1 79 324 328 1047
5471 4 2 1 1 988 1038 599 1119
5472 4 2 1 1 620 996 963 1187
5473 4 2 1 1 406 398 370 982
5474 4 2 1 1 223 241 1014 1047
5475 4 2 1 1 735 830 503 979
5476 4 2 1 1 190 748 218 1003
5477 4 2 1 1 515 1114 860 1117
5478 4 2 1 1 672 609 983 1154
5479 4 2 1 1 524 1031 722 1070
5480 4 2 1 1 134 806 164 1183
5481 4 2 1 1 1192 314 905 270
5482 4 2 1 1 647 932 1061 1178
5483 4 2 1 1 73 225 245 1181
5484 4 2 1 1 733 824 284 1042
5485 4 2 1 1 863 974 660 1165
5486 4 2 1 1 371 373 368 1004
5487 4 2 1 1 102 93 788 1100
5488 4 2 1 1 338 437 413 894
5489 4 2 1 1 162 163 142 821
5490 4 2 1 1 612 817 669 967
5491 4 2 1 1 117 81 107 902
5492 4 2 1 1 183 1194 174 197
5493 4 2 1 1 225 262 250 1079
5494 4 2 1 1 336 326 432 582
5495 4 2 1 1 312 288 812 832
5496 4 2 1 1 673 912 1088 1190
5497 4 2 1 1 282 284 285 733
5498 4 2 1 1 735 954 581 1099
5499 4 2 1 1 143 142 140 760
5500 4 2 1 1 300 312 288 812
5501 4 2 1 1 192 204 178 757
5502 4 2 1 1 240 235 239 817
5503 4 2 1 1 657 1078 878 1132
5504 4 2 1 1 136 707 145 568
5505 4 2 1 1 487 991 877 530
5506 4 2 1 1 194 175 683 1094
5507 4 2 1 1 151 137 730 895
5508 4 2 1 1 509 985 805 1072
5509 4 2 1 1 517 1121 872 1175
5510 4 2 1 1 722 596 1070 1104
5511 4 2 1 1 174 183 182 1063
5512 4 2 1 1 257 967 231 1013
5513 4 2 1 1 148 140 139 1065
5514 4 2 1 1 991 1071 671 1072
5515 4 2 1 1 549 587 874 1175
5516 4 2 1 1 182 185 195 879
5517 4 2 1 1 228 816 964 1152
5518 4 2 1 1 178 61 199 906
5519 4 2 1 1 563 1024 839 1159
5520 4 2 1 1 554 813 1105 1122
5521 4 2 1 1 284 285 733 1042
5522 4 2 1 1 269 541 303 1079
5523 4 2 1 1 585 907 832 990
5524 4 2 1 1 465 983 609 1154
5525 4 2 1 1 235 721 254 1016
5526 4 2 1 1 132 158 147 768
5527 4 2 1 1 524 704 945 991
5528 4 2 1 1 101 587 1121 1175
5529 4 2 1 1 309 301 307 719
5530 4 2 1 1 769 905 538 1033
5531 4 2 1 1 142 144 141 1171
5532 4 2 1 1 609 1064 1065 1133
5533 4 2 1 1 95 100 110 587
5534 4 2 1 1 43 42 1220 135
5535 4 2 1 1 195 879 185 1135
5536 4 2 1 1 91 90 706 1083
5537 4 2 1 1 968 1017 530 493
5538 4 2 1 1 53 127 1207 1164
5539 4 2 1 1 619 849 1122 745
5540 4 2 1 1 244 254 253 1101
5541 4 2 1 1 119 1100 83 1101
5542 4 2 1 1 626 1099 836 1100
5543 4 2 1 1 191 187 184 1105
5544 4 2 1 1 247 999 255 592
5545 4 2 1 1 539 883 858 1156
5546 4 2 1 1 901 489 676 1156
5547 4 2 1 1 515 860 879 1131
5548 4 2 1 1 516 926 485 976
5549 4 2 1 1 162 142 760 821
5550 4 2 1 1 94 788 92 947
5551 4 2 1 1 127 1067 1207 1164
5552 4 2 1 1 717 1128 815 1129
5553 4 2 1 1 35 34 1236 154
5554 4 2 1 1 241 1013 227 1014
5555 4 2 1 1 128 136 796 1049
5556 4 2 1 1 296 61 271 906
5557 4 2 1 1 144 156 141 1171
5558 4 2 1 1 355 643 357 729
5559 4 2 1 1 524 806 991 1072
5560 4 2 1 1 672 908 811 1154
5561 4 2 1 1 92 947 788 1083
5562 4 2 1 1 396 397 403 981
5563 4 2 1 1 495 1064 743 1065
5564 4 2 1 1 298 704 1039 738
5565 4 2 1 1 211 683 175 837
5566 4 2 1 1 770 939 482 1021
5567 4 2 1 1 306 824 302 913
5568 4 2 1 1 89 1217 111 19
5569 4 2 1 1 208 198 207 960
5570 4 2 1 1 190 187 202 748
5571 4 2 1 1 230 957 232 958
5572 4 2 1 1 281 291 292 585
5573 4 2 1 1 64 1218 1223 205
5574 4 2 1 1 709 1160 941 1177
5575 4 2 1 1 944 1094 510 1123
5576 4 2 1 1 860 1063 509 1114
5577 4 2 1 1 404 368 373 1004
5578 4 2 1 1 1173 1051 486 728
5579 4 2 1 1 634 1067 274 1130
5580 4 2 1 1 448 1172 402 1066
5581 4 2 1 1 194 212 175 1094
5582 4 2 1 1 83 1100 592 1101
5583 4 2 1 1 337 338 455 689
5584 4 2 1 1 300 698 812 1181
5585 4 2 1 1 794 1079 541 1116
5586 4 2 1 1 984 352 344 441
5587 4 2 1 1 208 548 188 625
5588 4 2 1 1 541 645 812 994
5589 4 2 1 1 671 840 524 1072
5590 4 2 1 1 93 788 581 1083
5591 4 2 1 1 16 112 105 1091
5592 4 2 1 1 463 1073 910 1169
5593 4 2 1 1 849 1143 625 745
5594 4 2 1 1 59 200 176 891
5595 4 2 1 1 146 672 141 553
5596 4 2 1 1 121 110 100 587
5597 4 2 1 1 137 796 136 1008
5598 4 2 1 1 450 420 329 951
5599 4 2 1 1 227 228 220 816
5600 4 2 1 1 81 902 117 1076
5601 4 2 1 1 1013 1014 241 1047
5602 4 2 1 1 296 271 290 906
5603 4 2 1 1 408 339 414 995
5604 4 2 1 1 929 942 528 1062
5605 4 2 1 1 748 202 1058 1104
5606 4 2 1 1 487 1056 821 1183
5607 4 2 1 1 794 1116 542 1174
5608 4 2 1 1 952 1009 726 1142
5609 4 2 1 1 584 992 643 477
5610 4 2 1 1 1229 171 1234 1079
5611 4 2 1 1 410 673 1081 1091
5612 4 2 1 1 285 287 301 1042
5613 4 2 1 1 227 49 223 1014
5614 4 2 1 1 279 1022 283 738
5615 4 2 1 1 116 113 103 922
5616 4 2 1 1 89 1217 19 1205
5617 4 2 1 1 898 1017 532 738
5618 4 2 1 1 417 392 410 673
5619 4 2 1 1 520 829 919 1167
5620 4 2 1 1 205 207 180 750
5621 4 2 1 1 101 980 587 1175
5622 4 2 1 1 702 967 513 569
5623 4 2 1 1 702 967 844 1161
5624 4 2 1 1 278 974 281 1185
5625 4 2 1 1 174 1063 181 1114
5626 4 2 1 1 119 581 93 1100
5627 4 2 1 1 237 958 233 1148
5628 4 2 1 1 260 80 249 1047
5629 4 2 1 1 332 355 387 729
5630 4 2 1 1 126 98 793 997
5631 4 2 1 1 1208 1079 159 1116
5632 4 2 1 1 1058 1070 596 1104
5633 4 2 1 1 277 994 288 717
5634 4 2 1 1 793 1006 587 1027
5635 4 2 1 1 541 888 794 1116
5636 4 2 1 1 836 885 467 1107
5637 4 2 1 1 541 887 645 888
5638 4 2 1 1 1173 1051 728 1093
5639 4 2 1 1 322 385 441 984
5640 4 2 1 1 312 291 288 832
5641 4 2 1 1 285 900 733 561
5642 4 2 1 1 1229 171 1079 133
5643 4 2 1 1 432 415 336 869
5644 4 2 1 1 272 301 309 637
5645 4 2 1 1 189 193 186 1145
5646 4 2 1 1 164 806 144 1183
5647 4 2 1 1 756 859 573 963
5648 4 2 1 1 99 89 90 1106
5649 4 2 1 1 190 202 218 748
5650 4 2 1 1 236 833 911 999
5651 4 2 1 1 256 833 236 999
5652 4 2 1 1 126 110 84 956
5653 4 2 1 1 517 1081 673 1091
5654 4 2 1 1 172 144 164 806
5655 4 2 1 1 225 1116 238 1139
5656 4 2 1 1 299 317 296 882
5657 4 2 1 1 541 1139 1116 1181
5658 4 2 1 1 604 1023 1078 1087
5659 4 2 1 1 541 1116 1079 1181
5660 4 2 1 1 155 53 1228 1164
5661 4 2 1 1 447 451 400 1041
5662 4 2 1 1 1194 36 130 1114
5663 4 2 1 1 608 854 787 1189
5664 4 2 1 1 743 794 542 1174
5665 4 2 1 1 321 355 351 810
5666 4 2 1 1 110 121 84 956
5667 4 2 1 1 493 1057 987 623
5668 4 2 1 1 515 677 860 1131
5669 4 2 1 1 202 213 176 1058
5670 4 2 1 1 403 390 396 981
5671 4 2 1 1 427 353 338 895
5672 4 2 1 1 228 227 241 1013
5673 4 2 1 1 469 989 1093 670
5674 4 2 1 1 235 253 254 721
5675 4 2 1 1 421 418 344 725
5676 4 2 1 1 868 554 1151 745
5677 4 2 1 1 257 844 239 967
5678 4 2 1 1 89 19 18 1205
5679 4 2 1 1 549 1121 587 1175
5680 4 2 1 1 1189 869 787 582
5681 4 2 1 1 1223 1218 64 442
5682 4 2 1 1 345 436 456 1170
5683 4 2 1 1 1014 48 49 150
5684 4 2 1 1 66 196 175 837
5685 4 2 1 1 598 879 860 1131
5686 4 2 1 1 1228 1183 1164 674
5687 4 2 1 1 798 1143 472 697
5688 4 2 1 1 158 132 170 768
5689 4 2 1 1 205 63 1081 217
5690 4 2 1 1 192 722 191 183
5691 4 2 1 1 258 251 240 749
5692 4 2 1 1 467 1035 1087 1168
5693 4 2 1 1 561 486 728 1173
5694 4 2 1 1 1209 24 83 1101
5695 4 2 1 1 60 199 61 906
5696 4 2 1 1 1173 1051 1093 640
5697 4 2 1 1 183 1031 722 1063
5698 4 2 1 1 145 165 139 827
5699 4 2 1 1 82 91 90 706
5700 4 2 1 1 697 802 625 1143
5701 4 2 1 1 532 738 1022 1102
5702 4 2 1 1 213 1058 202 1104
5703 4 2 1 1 102 93 94 788
5704 4 2 1 1 148 1133 143 140
5705 4 2 1 1 1022 280 1185 279
5706 4 2 1 1 203 195 196 1135
5707 4 2 1 1 805 558 553 1171
5708 4 2 1 1 595 669 881 1167
5709 4 2 1 1 7 80 260 1242
5710 4 2 1 1 346 348 323 1166
5711 4 2 1 1 264 236 256 833
5712 4 2 1 1 357 359 379 992
5713 4 2 1 1 1202 1227 757 169
5714 4 2 1 1 118 115 108 997
5715 4 2 1 1 41 1216 128 895
5716 4 2 1 1 229 1237 243 220
5717 4 2 1 1 175 837 683 1094
5718 4 2 1 1 645 812 994 717
5719 4 2 1 1 233 911 248 1148
5720 4 2 1 1 203 177 195 768
5721 4 2 1 1 427 810 321 895
5722 4 2 1 1 96 118 117 1068
5723 4 2 1 1 191 184 722 1105
5724 4 2 1 1 286 274 273 1067
5725 4 2 1 1 195 185 211 1135
5726 4 2 1 1 276 634 274 1130
5727 4 2 1 1 281 292 293 585
5728 4 2 1 1 1081 86 14 124
5729 4 2 1 1 232 239 235 817
5730 4 2 1 1 83 102 103 1163
5731 4 2 1 1 245 225 1139 1181
5732 4 2 1 1 113 87 125 905
5733 4 2 1 1 163 144 821 1183
5734 4 2 1 1 194 207 205 750
5735 4 2 1 1 1223 1218 712 205
5736 4 2 1 1 245 698 72 1181
5737 4 2 1 1 317 265 296 615
5738 4 2 1 1 732 1082 497 1106
5739 4 2 1 1 36 174 181 1114
5740 4 2 1 1 376 375 367 1002
5741 4 2 1 1 1217 122 20 1230
5742 4 2 1 1 111 99 1037 1106
5743 4 2 1 1 200 218 176 891
5744 4 2 1 1 228 231 964 1013
5745 4 2 1 1 434 347 425 1166
5746 4 2 1 1 265 579 308 891
5747 4 2 1 1 502 874 587 1175
5748 4 2 1 1 37 36 1114 152
5749 4 2 1 1 1229 171 133 56
5750 4 2 1 1 239 957 231 967
5751 4 2 1 1 150 145 131 1014
5752 4 2 1 1 1232 214 68 203
5753 4 2 1 1 267 634 274 275
5754 4 2 1 1 347 410 392 673
5755 4 2 1 1 155 164 163 1183
5756 4 2 1 1 231 232 230 957
5757 4 2 1 1 242 1013 1161 257
5758 4 2 1 1 432 326 334 582
5759 4 2 1 1 101 980 121 587
5760 4 2 1 1 226 256 247 922
5761 4 2 1 1 275 290 289 674
5762 4 2 1 1 206 57 215 1211
5763 4 2 1 1 410 712 673 347
5764 4 2 1 1 567 1059 811 1154
5765 4 2 1 1 679 1145 868 1151
5766 4 2 1 1 159 161 149 794
5767 4 2 1 1 534 1001 954 1082
5768 4 2 1 1 192 722 183 1031
5769 4 2 1 1 413 356 427 894
5770 4 2 1 1 324 1242 572 1047
5771 4 2 1 1 612 636 957 967
5772 4 2 1 1 276 298 275 1102
5773 4 2 1 1 585 907 863 974
5774 4 2 1 1 502 587 980 1175
5775 4 2 1 1 388 371 372 1089
5776 4 2 1 1 343 342 325 639
5777 4 2 1 1 306 293 311 913
5778 4 2 1 1 138 146 137 1008
5779 4 2 1 1 714 537 957 958
5780 4 2 1 1 93 99 90 1106
5781 4 2 1 1 1229 171 56 1234
5782 4 2 1 1 1192 125 32 87
5783 4 2 1 1 573 964 636 1013
5784 4 2 1 1 635 923 525 885
5785 4 2 1 1 794 743 1133 1174
5786 4 2 1 1 148 1133 140 1065
5787 4 2 1 1 236 264 248 833
5788 4 2 1 1 644 1128 938 1129
5789 4 2 1 1 505 646 1095 714
5790 4 2 1 1 814 898 532 1102
5791 4 2 1 1 16 105 1219 1091
5792 4 2 1 1 585 863 862 1165
5793 4 2 1 1 559 732 831 749
5794 4 2 1 1 524 991 671 1072
5795 4 2 1 1 291 277 288 717
5796 4 2 1 1 394 436 393 1110
5797 4 2 1 1 102 1100 626 1163
5798 4 2 1 1 1173 1051 640 486
5799 4 2 1 1 620 709 996 1187
5800 4 2 1 1 164 155 134 1183
5801 4 2 1 1 192 906 199 1070
5802 4 2 1 1 113 120 103 922
5803 4 2 1 1 515 1063 860 1114
5804 4 2 1 1 592 1100 979 1101
5805 4 2 1 1 162 163 821 1164
5806 4 2 1 1 1192 314 270 32
5807 4 2 1 1 395 391 350 1005
5808 4 2 1 1 1135 1210 196 203
5809 4 2 1 1 92 788 93 1083
5810 4 2 1 1 490 1062 929 1068
5811 4 2 1 1 483 1133 760 1157
5812 4 2 1 1 122 1239 85 26
5813 4 2 1 1 166 149 129 1174
5814 4 2 1 1 657 1087 1078 1132
5815 4 2 1 1 242 249 79 1047
5816 4 2 1 1 565 791 1009 1148
5817 4 2 1 1 1211 316 272 57
5818 4 2 1 1 327 431 354 1081
5819 4 2 1 1 567 904 1059 1154
5820 4 2 1 1 332 387 439 925
5821 4 2 1 1 392 417 389 917
5822 4 2 1 1 647 874 932 1178
5823 4 2 1 1 702 844 758 1161
5824 4 2 1 1 451 399 400 1041
5825 4 2 1 1 332 440 331 1096
5826 4 2 1 1 184 183 191 722
5827 4 2 1 1 419 330 448 1066
5828 4 2 1 1 449 344 418 841
5829 4 2 1 1 283 298 279 738
5830 4 2 1 1 383 384 377 1025
5831 4 2 1 1 228 964 230 1152
5832 4 2 1 1 487 530 783 1056
5833 4 2 1 1 228 229 816 1152
5834 4 2 1 1 671 1071 985 1072
5835 4 2 1 1 122 1239 26 1230
5836 4 2 1 1 1215 168 131 50
5837 4 2 1 1 298 283 299 738
5838 4 2 1 1 413 427 338 894
5839 4 2 1 1 1208 262 1079 250
5840 4 2 1 1 1201 28 27 114
5841 4 2 1 1 100 101 587 1121
5842 4 2 1 1 868 554 745 744
5843 4 2 1 1 160 33 1202 169
5844 4 2 1 1 188 1151 187 849
5845 4 2 1 1 161 1133 143 149
5846 4 2 1 1 425 424 348 1166
5847 4 2 1 1 1220 157 43 135
5848 4 2 1 1 449 342 343 841
5849 4 2 1 1 1222 313 1079 269
5850 4 2 1 1 1200 261 252 69
5851 4 2 1 1 203 214 177 768
5852 4 2 1 1 225 1079 250 1116
5853 4 2 1 1 318 284 824 1042
5854 4 2 1 1 106 101 86 980
5855 4 2 1 1 134 169 160 757
5856 4 2 1 1 235 254 234 1016
5857 4 2 1 1 242 1013 257 241
5858 4 2 1 1 225 1222 1079 1181
5859 4 2 1 1 443 328 419 758
5860 4 2 1 1 92 100 95 947
5861 4 2 1 1 626 1100 592 1163
5862 4 2 1 1 424 423 348 944
5863 4 2 1 1 178 62 1214 216
5864 4 2 1 1 350 433 417 917
5865 4 2 1 1 231 230 228 964
5866 4 2 1 1 219 244 24 1101
5867 4 2 1 1 130 1117 167 156
5868 4 2 1 1 93 92 94 788
5869 4 2 1 1 346 323 1094 1166
$EndElements
