$MeshFormat
2.2 0 8
$EndMeshFormat
$PhysicalNames
1
3 1 "tissue"
$EndPhysicalNames
$Nodes
1271
1 0 0 0.08
2 0 0 0
3 0 0.08 0.08
4 0 0.08 0
5 0.08 0 0.08
6 0.08 0 0
7 0.08 0.08 0.08
8 0.08 0.08 0
9 0.04 0.04 0.08
10 0 0 0.01142857142857141
11 0 0 0.0228571428571428
12 0 0 0.03428571428571419
13 0 0 0.04571428571428559
14 0 0 0.05714285714285704
15 0 0 0.06857142857142852
16 0 0.01142857142857141 0.08
17 0 0.0228571428571428 0.08
18 0 0.03428571428571419 0.08
19 0 0.04571428571428559 0.08
20 0 0.05714285714285704 0.08
21 0 0.06857142857142852 0.08
22 0 0.08 0.01142857142857141
23 0 0.08 0.0228571428571428
24 0 0.08 0.03428571428571419
25 0 0.08 0.04571428571428559
26 0 0.08 0.05714285714285704
27 0 0.08 0.06857142857142852
28 0 0.01142857142857141 0
29 0 0.0228571428571428 0
30 0 0.03428571428571419 0
31 0 0.04571428571428559 0
32 0 0.05714285714285704 0
33 0 0.06857142857142852 0
34 0.08 0 0.01142857142857141
35 0.08 0 0.0228571428571428
36 0.08 0 0.03428571428571419
37 0.08 0 0.04571428571428559
38 0.08 0 0.05714285714285704
39 0.08 0 0.06857142857142852
40 0.08 0.01142857142857141 0.08
41 0.08 0.0228571428571428 0.08
42 0.08 0.03428571428571419 0.08
43 0.08 0.04571428571428559 0.08
44 0.08 0.05714285714285704 0.08
45 0.08 0.06857142857142852 0.08
46 0.08 0.08 0.01142857142857141
47 0.08 0.08 0.0228571428571428
48 0.08 0.08 0.03428571428571419
49 0.08 0.08 0.04571428571428559
50 0.08 0.08 0.05714285714285704
51 0.08 0.08 0.06857142857142852
52 0.08 0.01142857142857141 0
53 0.08 0.0228571428571428 0
54 0.08 0.03428571428571419 0
55 0.08 0.04571428571428559 0
56 0.08 0.05714285714285704 0
57 0.08 0.06857142857142852 0
58 0.01142857142857141 0 0
59 0.0228571428571428 0 0
60 0.03428571428571419 0 0
61 0.04571428571428559 0 0
62 0.05714285714285704 0 0
63 0.06857142857142852 0 0
64 0.01142857142857141 0 0.08
65 0.0228571428571428 0 0.08
66 0.03428571428571419 0 0.08
67 0.04571428571428559 0 0.08
68 0.05714285714285704 0 0.08
69 0.06857142857142852 0 0.08
70 0.01142857142857141 0.08 0
71 0.0228571428571428 0.08 0
72 0.03428571428571419 0.08 0
73 0.04571428571428559 0.08 0
74 0.05714285714285704 0.08 0
75 0.06857142857142852 0.08 0
76 0.01142857142857141 0.08 0.08
77 0.0228571428571428 0.08 0.08
78 0.03428571428571419 0.08 0.08
79 0.04571428571428559 0.08 0.08
80 0.05714285714285704 0.08 0.08
81 0.06857142857142852 0.08 0.08
82 0 0.0397078969803599 0.009832045981348932
83 0 0.03991082957416321 0.06996909340914348
84 0 0.06921624058144234 0.03924814491767438
85 0 0.01117452789189271 0.03972240442208787
86 0 0.07039402435542953 0.06320420468348693
87 0 0.009703288536842606 0.063082496969873
88 0 0.01649709664477618 0.00960128498567212
89 0 0.06282839513497149 0.009488627306479491
90 0 0.05142857142857132 0.07010256681389217
91 0 0.0457142857142856 0.0597102619684789
92 0 0.03384838301845383 0.05981975923737903
93 0 0.03958769659249583 0.04940432564319445
94 0 0.05116370123218369 0.04900858634418612
95 0 0.04534860916430506 0.03889412710546482
96 0 0.03344451914088176 0.03908531364946549
97 0 0.03925830571783797 0.02863176159473192
98 0 0.05125696558589867 0.02845299613481788
99 0 0.02733625583180682 0.02940709793755109
100 0 0.0589720653916166 0.05885885542793782
101 0 0.02812282878526878 0.04924077513744807
102 0 0.02082127870606096 0.05891345730927563
103 0 0.05689755261783871 0.03859768209204145
104 0 0.0629901695818809 0.02854029243690707
105 0 0.06995441594471659 0.05197938841745038
106 0 0.0284602610958897 0.07005643686851064
107 0 0.01002697113937738 0.05207428649960936
108 0 0.05127271696442129 0.009671900762647699
109 0 0.009552562627620562 0.02788291119667579
110 0 0.02752328827247985 0.01023466144365049
111 0 0.02281073001571059 0.03939264055894062
112 0 0.0629030431706587 0.07079595794201486
113 0 0.01708739004789641 0.07079104524167919
114 0 0.06996024316240905 0.01800232798405934
115 0 0.009150185861511164 0.01714285714285711
116 0 0.0572385231190382 0.01893970502505768
117 0 0.04512264828464785 0.01948208552543465
118 0 0.03293592339275107 0.01997449436452594
119 0 0.01975375878858555 0.02118361430726273
120 0 0.06114416533981109 0.04770798261846054
121 0 0.07260022603821104 0.0285714285714285
122 0 0.01859126730766208 0.04786871278547231
123 0 0.07169189411937073 0.07169189411937073
124 0 0.008308105880629198 0.008308105880629198
125 0 0.008308105880629212 0.07169189411937078
126 0 0.0716918941193708 0.008308105880629205
127 0 0.01818212409164388 0.03137839113687806
128 0.08 0.0397078969803599 0.009832045981348932
129 0.08 0.03991082957416321 0.06996909340914348
130 0.08 0.06921624058144234 0.03924814491767438
131 0.08 0.01117452789189271 0.03972240442208787
132 0.08 0.07039402435542953 0.06320420468348693
133 0.08 0.009703288536842606 0.063082496969873
134 0.08 0.06282839513497147 0.009488627306479491
135 0.08 0.01649709664477618 0.00960128498567212
136 0.08 0.05142857142857132 0.07010256681389217
137 0.08 0.0457142857142856 0.0597102619684789
138 0.08 0.03384838301845383 0.05981975923737903
139 0.08 0.03958769659249583 0.04940432564319445
140 0.08 0.05116370123218369 0.04900858634418612
141 0.08 0.04534860916430506 0.03889412710546482
142 0.08 0.03344451914088176 0.03908531364946549
143 0.08 0.03925830571783797 0.02863176159473192
144 0.08 0.05125696558589867 0.02845299613481788
145 0.08 0.02733625583180682 0.02940709793755109
146 0.08 0.0589720653916166 0.05885885542793782
147 0.08 0.02812282878526878 0.04924077513744807
148 0.08 0.02082127870606096 0.05891345730927563
149 0.08 0.05689755261783871 0.03859768209204145
150 0.08 0.0629901695818809 0.02854029243690707
151 0.08 0.06995441594471659 0.05197938841745038
152 0.08 0.0284602610958897 0.07005643686851064
153 0.08 0.01002697113937738 0.05207428649960936
154 0.08 0.05127271696442129 0.009671900762647699
155 0.08 0.009552562627620562 0.02788291119667579
156 0.08 0.02752328827247985 0.01023466144365049
157 0.08 0.02281073001571059 0.03939264055894062
158 0.08 0.0629030431706587 0.07079595794201486
159 0.08 0.01708739004789641 0.07079104524167919
160 0.08 0.06996024316240905 0.01800232798405934
161 0.08 0.009150185861511164 0.01714285714285711
162 0.08 0.0572385231190382 0.01893970502505768
163 0.08 0.04512264828464785 0.01948208552543465
164 0.08 0.03293592339275107 0.01997449436452594
165 0.08 0.01975375878858555 0.02118361430726273
166 0.08 0.06114416533981109 0.04770798261846054
167 0.08 0.07260022603821104 0.0285714285714285
168 0.08 0.01859126730766208 0.04786871278547231
169 0.08 0.07169189411937073 0.07169189411937073
170 0.08 0.008308105880629198 0.008308105880629198
171 0.08 0.008308105880629212 0.07169189411937078
172 0.08 0.07169189411937078 0.008308105880629217
173 0.08 0.01818212409164388 0.03137839113687806
174 0.009832045981348935 0 0.0397078969803599
175 0.06996909340914348 0 0.03991082957416321
176 0.03924814491767438 0 0.06921624058144234
177 0.03972240442208787 0 0.01117452789189271
178 0.07068660943097407 0 0.062877851865708
179 0.009488627306479491 0 0.06282839513497147
180 0.063082496969873 0 0.009703288536842606
181 0.009601284985672122 0 0.01649709664477618
182 0.06997233626733922 0 0.05149044263413852
183 0.0596970909540834 0 0.04569615646361264
184 0.0598175640683131 0 0.033845361476675
185 0.04940176461261755 0 0.03958417146042053
186 0.04899386268589632 0 0.05113842607695233
187 0.03889124632398704 0 0.04534380911642062
188 0.0390844066807897 0 0.03344313161088847
189 0.02863176159473192 0 0.03925830571783797
190 0.02845299613481788 0 0.05125696558589867
191 0.02940702081436437 0 0.0273361378445625
192 0.04923983127606163 0 0.02812150641796087
193 0.05891300887635385 0 0.02082065814761999
194 0.03859474801874685 0 0.05689254008398609
195 0.0285398034246913 0 0.06298933415957214
196 0.05876337089178109 0 0.0590427747618005
197 0.05190563069036689 0 0.07004216580359045
198 0.07005632217662933 0 0.02846010308446131
199 0.009671900762647699 0 0.05127271696442129
200 0.05207421176078907 0 0.01002686771297056
201 0.02788291119667579 0 0.009552562627620562
202 0.01023466144365049 0 0.02752328827247985
203 0.03939231923339913 0 0.02281025870161967
204 0.06285714285714276 0 0.07084981413848877
205 0.07079102081067809 0 0.01708735626987556
206 0.01800227808485365 0 0.06996015791523469
207 0.01714285714285711 0 0.009150185861511164
208 0.01893961520648744 0 0.05723836967412435
209 0.01948208552543465 0 0.04512264828464785
210 0.01997448151066149 0 0.03293590372821036
211 0.02118360512593098 0 0.01975374474248504
212 0.04770798261846054 0 0.06114416533981109
213 0.0285714285714285 0 0.07260022603821104
214 0.04786835511373832 0 0.01859076377441276
215 0.07169189411937073 0 0.07169189411937073
216 0.008308105880629198 0 0.008308105880629198
217 0.07169189411937078 0 0.008308105880629212
218 0.008308105880629217 0 0.07169189411937078
219 0.03137833290401236 0 0.01818203789915306
220 0.009832045981348932 0.08 0.0397078969803599
221 0.06996909340914348 0.08 0.03991082957416321
222 0.03924814491767438 0.08 0.06921624058144234
223 0.03972240442208787 0.08 0.01117452789189271
224 0.07068660943097407 0.08 0.062877851865708
225 0.009488627306479491 0.08 0.06282839513497147
226 0.063082496969873 0.08 0.009703288536842606
227 0.00960128498567212 0.08 0.01649709664477618
228 0.06997233626733922 0.08 0.05149044263413852
229 0.0596970909540834 0.08 0.04569615646361264
230 0.0598175640683131 0.08 0.033845361476675
231 0.04940176461261755 0.08 0.03958417146042053
232 0.04899386268589632 0.08 0.05113842607695233
233 0.03889124632398704 0.08 0.04534380911642062
234 0.0390844066807897 0.08 0.03344313161088847
235 0.02863176159473192 0.08 0.03925830571783797
236 0.02845299613481788 0.08 0.05125696558589867
237 0.02940702081436437 0.08 0.02733613784456249
238 0.04923983127606163 0.08 0.02812150641796087
239 0.05891300887635385 0.08 0.02082065814761999
240 0.03859474801874685 0.08 0.05689254008398609
241 0.0285398034246913 0.08 0.06298933415957214
242 0.05876337089178109 0.08 0.0590427747618005
243 0.05190563069036689 0.08 0.07004216580359045
244 0.07005632217662933 0.08 0.02846010308446131
245 0.009671900762647699 0.08 0.05127271696442129
246 0.05207421176078907 0.08 0.01002686771297056
247 0.02788291119667579 0.08 0.009552562627620562
248 0.01023466144365049 0.08 0.02752328827247985
249 0.03939231923339913 0.08 0.02281025870161967
250 0.06285714285714276 0.08 0.07084981413848877
251 0.07079102081067809 0.08 0.01708735626987556
252 0.01800227808485365 0.08 0.06996015791523469
253 0.01714285714285711 0.08 0.009150185861511164
254 0.01893961520648744 0.08 0.05723836967412435
255 0.01948208552543465 0.08 0.04512264828464785
256 0.01997448151066149 0.08 0.03293590372821035
257 0.02118360512593098 0.08 0.01975374474248504
258 0.04770798261846054 0.08 0.06114416533981109
259 0.0285714285714285 0.08 0.07260022603821104
260 0.04786835511373832 0.08 0.01859076377441276
261 0.07169189411937073 0.08 0.07169189411937073
262 0.008308105880629198 0.08 0.008308105880629198
263 0.07169189411937078 0.08 0.008308105880629212
264 0.008308105880629217 0.08 0.07169189411937078
265 0.03137833290401236 0.08 0.01818203789915306
266 0.03943331075556521 0.009492155551535745 0
267 0.03915243641840017 0.07030948657323116 0
268 0.070011561774148 0.03999205210427897 0
269 0.01079422209908245 0.03943841045613597 0
270 0.06270925971156938 0.07156347713334991 0
271 0.008825650285611365 0.06273254919550963 0
272 0.06331969633096451 0.009695570213452635 0
273 0.01660130192880547 0.009455985449048843 0
274 0.0698566042382669 0.05120834144501353 0
275 0.05993191988496608 0.04511136292169418 0
276 0.06040469309674873 0.03436272378048989 0
277 0.05103240678912552 0.03980002701160393 0
278 0.05051418887605012 0.04982726496482842 0
279 0.04264820194473798 0.04447668937515036 0
280 0.04297192955716271 0.03531230491275924 0
281 0.035031379386208 0.03977907049486764 0
282 0.03452580840698686 0.0486190129264974 0
283 0.03491270030964887 0.0303204300014872 0
284 0.04260806906322623 0.02660229951653333 0
285 0.02725321925213164 0.03496833915593113 0
286 0.0267276856341082 0.02702080518548046 0
287 0.05946032567224986 0.05554216753691639 0
288 0.01867494164152175 0.03088781878891856 0
289 0.05019031360489971 0.05921915802188735 0
290 0.07024994693240935 0.02857758587360077 0
291 0.0596987405127085 0.02146940008549663 0
292 0.04214308914390743 0.0535287349333862 0
293 0.03374624243034904 0.06010801202240101 0
294 0.02610881198539223 0.05304978356287331 0
295 0.02492236795256604 0.06252270874146219 0
296 0.009437350349577718 0.05138485332669594 0
297 0.05110319265247151 0.01139671724068544 0
298 0.02766250613241106 0.009645929830275004 0
299 0.05113585781370231 0.02968123410845325 0
300 0.05009930786324217 0.02054064934383655 0
301 0.05066376113271746 0.06988857608883453 0
302 0.01851185268152457 0.02034861653454319 0
303 0.02688325277327954 0.04359954342403385 0
304 0.06861272523002238 0.0628249557098907 0
305 0.07082671298257552 0.01705606272314891 0
306 0.01750268178286047 0.06935320738963544 0
307 0.01848581915322305 0.04714983511859481 0
308 0.008910045227032308 0.02817857073838311 0
309 0.03387808594461475 0.01920136059607847 0
310 0.008718455183200951 0.01675940304492212 0
311 0.02869500170219775 0.07079147410520994 0
312 0.01754711358487181 0.05769882288912855 0
313 0.04212392532672327 0.06210834194165862 0
314 0.07179640890917879 0.07201991094282667 0
315 0.008308105880629212 0.07169189411937077 0
316 0.07169189411937078 0.008308105880629217 0
317 0.008287531261843369 0.008287531261843369 0
318 0.04342439325582397 0.0174466364497339 0
319 0.02041829098384769 0.03920878938872287 0
320 0.05702816805653617 0.06399026508596865 0
321 0.008745881166683199 0.02702512253432931 0.08
322 0.02761345427347268 0.07037360116079049 0.08
323 0.0700975091117914 0.02779597468599514 0.08
324 0.07068369880312453 0.05308630832936823 0.08
325 0.03829698889625267 0.008989077967404151 0.08
326 0.05142857142857132 0.07010256681389214 0.08
327 0.01074917888512108 0.05337280239276743 0.08
328 0.01552066971514602 0.009109519270472112 0.08
329 0.06124999967338474 0.01026595328654972 0.08
330 0.007475616572541062 0.0414920906586024 0.08
331 0.0173125069925363 0.03470998145875277 0.08
332 0.01779421128116419 0.04500063386475339 0.08
333 0.04232734798185753 0.07189466807680404 0.08
334 0.03498753533285649 0.06255945116038217 0.08
335 0.04557934628090628 0.06280906372303277 0.08
336 0.07187612887881394 0.04011055194333427 0.08
337 0.06255945116038217 0.03498753533285649 0.08
338 0.06200378753568725 0.0462396417889966 0.08
339 0.0529458920286037 0.008595030915117149 0.08
340 0.04584738756781216 0.0178103188878056 0.08
341 0.0575609959287968 0.01897861573890488 0.08
342 0.0304568508861577 0.00944501552046316 0.08
343 0.02352021568389003 0.01890105014378774 0.08
344 0.03479684300198571 0.0160258582260775 0.08
345 0.06704766085541458 0.01951210716090986 0.08
346 0.009482878352230852 0.06225713434915503 0.08
347 0.01721264945545687 0.0585581479459569 0.08
348 0.01769738912886962 0.06654258703470051 0.08
349 0.07029834474510327 0.06235745687951429 0.08
350 0.06122640928288531 0.05714285714285703 0.08
351 0.06049563997721819 0.06716390236198448 0.08
352 0.05547977875854537 0.0625336817268963 0.08
353 0.04868610271789593 0.05689256675200519 0.08
354 0.009473188631479144 0.01689530633189557 0.08
355 0.06169421444361987 0.02553014655488586 0.08
356 0.05508070094291107 0.02599779173133764 0.08
357 0.05843636520554148 0.03051316658789444 0.08
358 0.05299164616865523 0.03110171657220924 0.08
359 0.04953441034430917 0.02731493098868926 0.08
360 0.04797143888136832 0.03213378263223107 0.08
361 0.05132232936880628 0.0358452927080932 0.08
362 0.0445592786923218 0.02847588103059121 0.08
363 0.04325096546880479 0.0330890496644974 0.08
364 0.03970734470596555 0.02956698909405202 0.08
365 0.04106944699589171 0.02488047197753349 0.08
366 0.03626197335446878 0.02594282818862557 0.08
367 0.03481053184946372 0.03071388719409966 0.08
368 0.03139712976456763 0.0270601670219745 0.08
369 0.02993573208861879 0.03184095258324138 0.08
370 0.02652544905834638 0.02818443378304495 0.08
371 0.03320284945743332 0.03545412177576893 0.08
372 0.02844947994930034 0.03661542074344307 0.08
373 0.03171253705884234 0.04022756227501101 0.08
374 0.02697864688483544 0.04139437034569201 0.08
375 0.03038699344899001 0.04505090078272564 0.08
376 0.0256609169787507 0.04622001714304323 0.08
377 0.02897170890597174 0.0498466965781062 0.08
378 0.03382711655343695 0.04871715139354619 0.08
379 0.03237006185713585 0.05350014940690764 0.08
380 0.03724025969055733 0.05237512778884912 0.08
381 0.03874688307841523 0.04778848149718262 0.08
382 0.0421122815713122 0.05125066232240373 0.08
383 0.04362678721561384 0.04669662517984239 0.08
384 0.04054834309474871 0.05580153120989501 0.08
385 0.04689786491033798 0.04994831422270428 0.08
386 0.04844225863757837 0.04535996868781526 0.08
387 0.0517946780939726 0.04877370428600493 0.08
388 0.05330640299267193 0.0441932819240172 0.08
389 0.0276672560860394 0.05446801896291505 0.08
390 0.05080765849480968 0.02208116931894492 0.08
391 0.02380593372987336 0.03780995391540727 0.08
392 0.02368067736658059 0.06217030030388335 0.08
393 0.05678249941399616 0.04774896340313119 0.08
394 0.05559638589933065 0.05255326832193529 0.08
395 0.04450019490848901 0.04151460770778635 0.08
396 0.03124409805237351 0.05828982290877869 0.08
397 0.0240678404712749 0.05091689465638265 0.08
398 0.03585808166823368 0.04352278994671833 0.08
399 0.02249555603216758 0.04283550494511458 0.08
400 0.02529139959551354 0.03303552178295535 0.08
401 0.02103607075071037 0.02951881258005815 0.08
402 0.03849571567881648 0.03497512535404047 0.08
403 0.04980332580173656 0.04053540793085297 0.08
404 0.05460456356063324 0.03943458767661472 0.08
405 0.05809658419331723 0.04268373389215542 0.08
406 0.03591385638072341 0.0571545131289898 0.08
407 0.04657468359598022 0.03670441672969603 0.08
408 0.02794071849080598 0.02336251628823275 0.08
409 0.0329261624981942 0.02201299977371854 0.08
410 0.03780629807843733 0.02099177257833369 0.08
411 0.01677455066609645 0.02316712550252685 0.08
412 0.04567104385686924 0.02349342434434319 0.08
413 0.02311558460906491 0.02452753642905544 0.08
414 0.04536615641046952 0.05421309406823786 0.08
415 0.05154868238284641 0.01571197221637638 0.08
416 0.05598587325110019 0.03483531824135333 0.08
417 0.06388634933394194 0.04034345549673142 0.08
418 0.06013921759351712 0.0513389468388241 0.08
419 0.02885882033546382 0.01693029419720823 0.08
420 0.04078562761736676 0.01596801646092934 0.08
421 0.03916800895844126 0.06022542397419751 0.08
422 0.03585383677266517 0.03883591987030775 0.08
423 0.04220808104607097 0.02039777386249471 0.08
424 0.05902483423794803 0.03828396040059755 0.08
425 0.01956931140451893 0.0393626699174501 0.08
426 0.00990883880227105 0.07108171442334203 0.08
427 0.02984039993147296 0.06349476269373232 0.08
428 0.02149774805824705 0.04721057390306121 0.08
429 0.01812385817911711 0.0510184916477193 0.08
430 0.04043457041457962 0.04398196366341277 0.08
431 0.02292030641007065 0.05597533912824388 0.08
432 0.05011582746684342 0.05257796091980396 0.08
433 0.05431425666589882 0.05728920232284359 0.08
434 0.06861700730588402 0.07136426448100641 0.08
435 0.07136456836859323 0.01137959032237484 0.08
436 0.0350439523611718 0.06893259796790605 0.08
437 0.06854957718910831 0.03464658188910016 0.08
438 0.01065236998231238 0.03470189498791527 0.08
439 0.01490427591166774 0.02982458741271647 0.08
440 0.04383651870167887 0.05880752898261505 0.08
441 0.04107455515088999 0.06462369306288417 0.08
442 0.008084691187760029 0.008137323802073989 0.08
443 0.01424171583346391 0.04030748359578094 0.08
444 0.04259984714667641 0.03710835973471521 0.08
445 0.04657917643931769 0.0671371175552516 0.08
446 0.06426742342208865 0.03069468101014642 0.08
447 0.04575816711364173 0.01159329724346038 0.08
448 0.01246964771544523 0.04624212979265408 0.08
449 0.02137832588914722 0.03445338631417009 0.08
450 0.01769435466240658 0.01613077382843582 0.08
451 0.04966912109746383 0.06161000885049949 0.08
452 0.006223007750805068 0.04806953127053838 0.08
453 0.0173402285910059 0.07433061440650481 0.08
454 0.06482889627891282 0.05038625230533075 0.08
455 0.06887981013841341 0.04598008259634113 0.08
456 0.05605261933804723 0.01322494196042336 0.08
457 0.02315134235670116 0.01175277549339451 0.08
458 0.02698455023577817 0.0588340866432522 0.08
459 0.04233212731018023 0.0406387870445146 0.04054877371995618
460 0.02258402999162209 0.03629590458108177 0.05683998010422615
461 0.04507957767158591 0.02445901612689359 0.05714616038718426
462 0.03401977202372444 0.05773753462928968 0.05898256742527098
463 0.05767164009225533 0.03993108314242924 0.05917542949583812
464 0.03969433766314531 0.04012068667515221 0.06344205922354766
465 0.05616768013697448 0.02603475808909855 0.04199286823835774
466 0.05144085081507705 0.0542868506670214 0.06136735504917455
467 0.0303130124748934 0.02513025100873873 0.03762152608355
468 0.0453515907908521 0.02895756701835935 0.0228839709195724
469 0.02378035242046704 0.04217936352492314 0.0261786373071503
470 0.02457612553231233 0.0463404624499668 0.04204812753088301
471 0.04315019789846546 0.05249901008909299 0.02227849364304224
472 0.03811219939058173 0.06342678330472855 0.03932480462673684
473 0.05633657140165148 0.05332946161571749 0.04426980785274927
474 0.0559930733643695 0.04301989712478604 0.02706732897596775
475 0.02644138647004693 0.02199738483971934 0.01750671483418084
476 0.02117807709170921 0.04400485172618561 0.06680105657503112
477 0.03441972733257319 0.03755449907268754 0.02993319815014103
478 0.02033939650056055 0.03381790587122688 0.03936590314228487
479 0.03075568755053726 0.02785656420636965 0.06562084040798739
480 0.0282997767457181 0.02202492850433525 0.0540296752870618
481 0.0246051938688422 0.06331417223317551 0.02397766489721282
482 0.03317428025175667 0.04974026388825822 0.0316466671571899
483 0.04253102240932137 0.02726803601105482 0.04539043272258226
484 0.05067839550575721 0.03249140769358209 0.06702889410441472
485 0.03508580333354801 0.03883856572441875 0.01840193673990358
486 0.05781021088889614 0.02666863534319166 0.05540848512639901
487 0.05096188877442826 0.01210447837257854 0.0465283656354412
488 0.04731431845118498 0.01638347732506673 0.03134154721143921
489 0.05871378089096878 0.0646423407407023 0.02272396753416021
490 0.05591167108416147 0.03928143455388928 0.04302827692499301
491 0.03279698936987794 0.03448779736880406 0.04609103884964874
492 0.04491809534608748 0.05178308215140711 0.0508563794736256
493 0.05779368266966805 0.01416776724665308 0.06396571161403866
494 0.05028247521611704 0.04989875487812139 0.03291336475705046
495 0.06469202603143355 0.0292905784991085 0.06629933464701981
496 0.01779524638888636 0.02147967634358285 0.06546485546587526
497 0.04706278357959286 0.03517546736614762 0.05286471621875244
498 0.03184946860197912 0.04439992303243585 0.05263461531260382
499 0.06445262419753248 0.0263144941281406 0.02145666406230601
500 0.04864517803251164 0.03435091296819815 0.03474456263262709
501 0.03880234082171934 0.05461686093949813 0.06856134138735016
502 0.03985706825416742 0.06794943156386067 0.06697932578561645
503 0.0523264517585436 0.04491424007786187 0.06963890506597689
504 0.0641325635504736 0.0514886298243931 0.06441482291746485
505 0.04140689884956969 0.06482377425076527 0.05083189719714657
506 0.01462033091559112 0.01902984466089522 0.04203463025895874
507 0.05378647746238441 0.04126681678500532 0.01384456697817498
508 0.01020954796626503 0.05718126061156054 0.05402085248866798
509 0.02053836192354258 0.06429971414081989 0.03911768184932249
510 0.02283073405511447 0.03566740174930738 0.06846232241090834
511 0.01909690072166449 0.0491698235420723 0.05493009452555241
512 0.02751192243388419 0.05693966077493532 0.06941646880701102
513 0.04054143223641831 0.0180936193133947 0.06811832370181849
514 0.03584680722433377 0.02264641214025266 0.02683061921071864
515 0.04659756180596839 0.04098425689523315 0.02427475019988317
516 0.04457822191771587 0.01195249543741858 0.01416831408866072
517 0.04518333948801405 0.06472589670572804 0.02834406254449583
518 0.03585010157444346 0.05053838378953731 0.0432937763047995
519 0.03678493933752919 0.03108568182761048 0.05471650646265108
520 0.01843133991180442 0.02299468293694561 0.03035669527210591
521 0.02211758976389725 0.05262087407371219 0.03109561453637016
522 0.03847108896880888 0.01536569071657246 0.04832805429688799
523 0.0543907981684581 0.04877687891745257 0.0218847645206201
524 0.02926442995070317 0.05141906705356364 0.02115593354636744
525 0.01636861753709267 0.0526487526185626 0.0173300583652921
526 0.02006569443571195 0.02733610747730377 0.04901505856977394
527 0.02652966758933514 0.01567661344485535 0.06598034524676946
528 0.0314034758587403 0.04363834500483189 0.0689655378599999
529 0.02513713914975172 0.04267289825085335 0.01285666493376474
530 0.04731899915606515 0.04527229122090051 0.05823365700634645
531 0.05274697795815102 0.03584033850019787 0.02308323411189801
532 0.06944111036772774 0.03916681507718718 0.02052519629987433
533 0.03111383046122542 0.04166078190960913 0.03877365165157173
534 0.06205593159000566 0.06666030895177349 0.05756399739077672
535 0.02563217758624856 0.01039400177748488 0.04441120572588711
536 0.06937660873478771 0.03538249668708571 0.04921580482921131
537 0.06639205044599607 0.04593159288578792 0.05098959585050188
538 0.06511806209728353 0.03487806824525925 0.03579879083971389
539 0.06312554157251526 0.04658335643257825 0.03923068939528852
540 0.01803802139167983 0.04186810622730718 0.05995726921970915
541 0.0404491542230979 0.03239841755937773 0.07049947586513958
542 0.05196383663078098 0.06180193797182653 0.01387471458268703
543 0.03747921176437407 0.06629751647555802 0.01793295923793157
544 0.06307425093998792 0.05066284119929498 0.01052581424821292
545 0.02233979196841509 0.03918161409788515 0.04604982199427336
546 0.009716205648968586 0.03381064851318187 0.05246840744431761
547 0.009740525988514114 0.04278673374492759 0.04145071139210676
548 0.02731451778842558 0.03199968090020447 0.0208574524093913
549 0.01389041257688342 0.03251016735070856 0.01757875067624773
550 0.06948104091173692 0.0159534292814665 0.04825435209403266
551 0.0115886921482924 0.04485777628521308 0.02883118542077769
552 0.02959823528759558 0.05731752999426231 0.0377116184653832
553 0.02671491753669394 0.05730580189922631 0.04769123375902084
554 0.02593057024669139 0.02457128867200931 0.0325344623037545
555 0.05065888834720342 0.02483354301399287 0.02882380016756753
556 0.06147350802954405 0.0134441457690536 0.03357594124449938
557 0.03759055410331644 0.02816334049775435 0.01349312118757102
558 0.0436006057567042 0.03686662166660046 0.01305417499963835
559 0.0554334437160852 0.02648802035859018 0.01400219258166519
560 0.03616987897890213 0.05880361508813301 0.02808270928213663
561 0.05058300482165572 0.06234501603916014 0.03989764166478368
562 0.0399050783442358 0.02883880583033589 0.0349252148402261
563 0.04028349308238179 0.04789910368958259 0.01186656491887175
564 0.04971223148096554 0.04857270358909545 0.04283233178224666
565 0.05509977398027876 0.05095785761072733 0.05522225785491423
566 0.02487879410061274 0.0305003279136954 0.01185336652244545
567 0.01069479182727473 0.05588533627370575 0.06922836064579004
568 0.03908402836964867 0.04929772842625618 0.05717472417535861
569 0.04270580585576275 0.04338174095841525 0.07183208273445839
570 0.05425042090937102 0.05878352752013503 0.05337037475275631
571 0.05780275285871892 0.05256284198116084 0.03210178404130652
572 0.06827497419950625 0.06023654465628651 0.03934593711511478
573 0.04101011261275961 0.04192008269862538 0.03316686501683267
574 0.01714799658453607 0.03286231429922073 0.02728761145862005
575 0.02230487930674326 0.04577253153680604 0.03485787296556826
576 0.03208359948043311 0.03889292004920466 0.06308151047534347
577 0.02691081060630959 0.01785976557323334 0.03065967587288117
578 0.06046153117747528 0.0321932132575945 0.03102616638294205
579 0.05180017454396035 0.03262448039539875 0.04108084189639028
580 0.03878008893474937 0.01385219720185066 0.03397154226110885
581 0.04189956394237058 0.04411255225355973 0.05090645327449311
582 0.03696568436756564 0.0133887554370269 0.05661822207788129
583 0.04776160369974216 0.05226743662955222 0.0740466952043312
584 0.04801900370904037 0.04144891109352803 0.03225900804872773
585 0.03118596675232383 0.06882911130316846 0.03395219721776647
586 0.01185678309127661 0.05771742604591724 0.0418056432419914
587 0.03599489273508202 0.02611126675852571 0.04977255107353513
588 0.03361357609650147 0.0119905783899827 0.01856910263777727
589 0.06211948663403911 0.03993584929296179 0.06945704259004905
590 0.07066687637720992 0.0406076443332673 0.05849378921254636
591 0.03081033545708932 0.04195696630314618 0.0263898623388
592 0.04201837923092821 0.0574805680516456 0.05938277856103909
593 0.04789697335333755 0.02491951996952495 0.05036675597958908
594 0.03830172266171283 0.03339429691958892 0.03998270868859891
595 0.0258426421759616 0.0691705615520113 0.05670703600872839
596 0.04629588016184551 0.02562288689660612 0.07376228888757953
597 0.03369122963290955 0.04550130925788207 0.06119550572571129
598 0.01216854768939003 0.0667336369798303 0.03188607310322818
599 0.04890342967851731 0.02666087459113332 0.03930830434722726
600 0.03740833407926182 0.05648704377973185 0.01435684058746285
601 0.02079810815793925 0.05635572817843364 0.00845431439489306
602 0.04563413720602045 0.03099507733573365 0.0579525412754849
603 0.03695684917721943 0.06096043704266742 0.07200049627180034
604 0.03057019086596986 0.07123165980781899 0.04720093662779171
605 0.02385338101954568 0.02593057443692673 0.07234403285077463
606 0.02362099220681748 0.029070821218591 0.0634531383977306
607 0.01729821160011605 0.04307026504501189 0.07356503370636214
608 0.0279060248626627 0.0317215365033023 0.03696696430928811
609 0.05276579138780749 0.04506046109594782 0.05002681567805079
610 0.05053150517789793 0.06776928495106824 0.0646807866132845
611 0.04461004917498882 0.06217748539166217 0.07118842489050073
612 0.04475717434428998 0.05512115121991033 0.04234379245939206
613 0.03073517896073296 0.05045239722447621 0.07188596926250011
614 0.0314613923595913 0.04628815457910648 0.01556834079597219
615 0.03485944609576925 0.03883427356280908 0.01048855916290828
616 0.02573184182928756 0.03565172053728448 0.03097737987430605
617 0.06633934699971347 0.04840865201313759 0.02804800374118512
618 0.05248605043880874 0.05190885480743106 0.01359928451602248
619 0.02641772283587137 0.05435533217393856 0.05826346245604656
620 0.05678550548260152 0.01911495314331058 0.0194995248222045
621 0.05682733452076947 0.05910743923923805 0.07291604016533902
622 0.03621147739471937 0.02772075287539106 0.02177858487529927
623 0.01526695923677144 0.02724000483376847 0.05734381151928541
624 0.0395794450098769 0.05437914502299868 0.03319487328199695
625 0.03114309534214604 0.03389899864857465 0.07186792210559642
626 0.03753154447524338 0.05840437398781895 0.04911458171270707
627 0.06068145846416416 0.03362566159170784 0.01489789854946067
628 0.05002804412537933 0.03542161155755631 0.06064427571069971
629 0.04549977537486986 0.02443210677673853 0.02677659746022416
630 0.008315525098292646 0.03330112631933736 0.070555922417727
631 0.02120501498174888 0.0263207783799916 0.03694241273499634
632 0.03908963601336711 0.0355599026545733 0.02517740503302072
633 0.02021863935538687 0.01249047832583134 0.05706635504356625
634 0.03482605419383239 0.02356227220485959 0.05891466250368144
635 0.04056382410267238 0.03307865942032588 0.04887453358144042
636 0.05575982242803708 0.06794537316675096 0.04842953851675703
637 0.04658962704500191 0.03636554578544732 0.07210717861045998
638 0.05623147108664324 0.04829848788757021 0.06270883827642183
639 0.02036577422251548 0.05371742249843298 0.07437710811220803
640 0.05173841456278742 0.02631403355343932 0.06146889644765019
641 0.05516817592307886 0.02226781765450627 0.06898270109438222
642 0.06260734302721475 0.02466819243455188 0.03463830743308459
643 0.04473761697908885 0.0456706231753247 0.01850710735921139
644 0.03956395957299171 0.02658208263679136 0.06444023814680022
645 0.01007364144954693 0.01005104358102768 0.0134943406176873
646 0.05741104342047112 0.03173583448146922 0.06114533124601644
647 0.05554437928094635 0.03433023684344585 0.05382473648320018
648 0.0696461643002267 0.01898649838246663 0.06163659796719756
649 0.03932076889932995 0.0473054051929029 0.02530006827847354
650 0.03355776590486993 0.04116190589062863 0.04575720734218362
651 0.03234679728042971 0.02068513889751855 0.07133923583294928
652 0.02900844733665268 0.03222096657512924 0.05711783760586017
653 0.04361533065829493 0.01659163218414289 0.04176280371185172
654 0.06118537904369668 0.03012049978783796 0.04898040455827015
655 0.05638375316778761 0.03496187842105164 0.07125503634657201
656 0.02891340430765182 0.05487331486912844 0.02738813858758816
657 0.02547770082746147 0.04443063645671666 0.07294421185901676
658 0.04870364180737639 0.05561677350173504 0.0269653034376632
659 0.04782218949016387 0.04765072085166638 0.06403096279632185
660 0.06508048173589462 0.03706272565329311 0.02907050921508513
661 0.02480914519619327 0.0432381796010184 0.06034185773985594
662 0.03323981193318667 0.008958588871459793 0.0730107652340896
663 0.04441745772501347 0.03506609701930925 0.04232212467093074
664 0.03838427549131361 0.06018661064046 0.06429753195813395
665 0.04028846813087151 0.07181686812311712 0.02871451028742005
666 0.0455350436927649 0.01331846645862075 0.06251102681188545
667 0.04805556884156438 0.01748032026501091 0.07129835870584798
668 0.04569962864220323 0.02953665782504939 0.01192615887413738
669 0.04259069885029268 0.02452057066841587 0.01841018715631659
670 0.03365617584887919 0.02015748165549239 0.01376011231894859
671 0.05712568861921968 0.03590568042567904 0.03765472806052421
672 0.01283558514237398 0.06799587273767577 0.0160580507681249
673 0.01074814877002639 0.0265871631835322 0.03783596887406995
674 0.05117124878984163 0.01541631861590571 0.05618751317821109
675 0.02599589363874102 0.05034521415352793 0.0504065440469824
676 0.04122995081906585 0.01675213243949584 0.02432266199948896
677 0.04930258372053088 0.04237358022264685 0.04452701037831488
678 0.05429641487324691 0.04935992767757182 0.03791090933647693
679 0.05064551349644943 0.02487266406437863 0.0211995436762007
680 0.05348308002363464 0.01808843301467306 0.03885474123393309
681 0.0351691906280513 0.06574612449811254 0.05877853739501196
682 0.01312552170997418 0.05072118758451725 0.06101453086808793
683 0.06892319640749332 0.06881001672264259 0.01147531895727635
684 0.04966149421125535 0.03057076142282762 0.01793242967267282
685 0.0371517247234998 0.02572847850422891 0.07532085856864984
686 0.03593604786426415 0.0505863417990244 0.05093519589593876
687 0.05913173985658684 0.04805794323811402 0.07452913127027233
688 0.03675078958319988 0.02667360093775186 0.03998437209629314
689 0.04980267482626698 0.04517219409675113 0.02777369841517342
690 0.07039073699003527 0.009749278880691626 0.01438123526556703
691 0.04003378950084016 0.04671567879676293 0.03772821404134751
692 0.03192921965732093 0.03408911932391345 0.01488595139139222
693 0.05987071245662399 0.02304660402140076 0.06387000855612615
694 0.06722352595403169 0.06533824927196755 0.0706831974372545
695 0.03112549708669972 0.02690183866859342 0.04456972843591946
696 0.02111617842962159 0.05680260811472904 0.02433659552487047
697 0.02829100548512687 0.03980296612903561 0.02010824789335267
698 0.0692387316112083 0.05519236128251508 0.05464495643353331
699 0.0130245163594752 0.03759301700231447 0.03401007832964458
700 0.040328936796387 0.02135192705474613 0.008800301227194343
701 0.05371913412284104 0.0339237893422599 0.008887708119177154
702 0.04865830210053224 0.04074745653588826 0.008305198992944424
703 0.03701378829746636 0.05038940029863848 0.0188168810126576
704 0.04499509028667214 0.07109476004289059 0.0367522293816055
705 0.05895288167418021 0.04115720655762416 0.02087282982255043
706 0.03231118120501416 0.0709676482701668 0.07141452566400447
707 0.02938839128716372 0.0380077900163715 0.05089871933660265
708 0.02360790986700877 0.0475979983273999 0.01892558066940805
709 0.02013000644756682 0.04096180706693606 0.01851934751166251
710 0.03675719140614029 0.05275107928252654 0.02658476387491144
711 0.02780654584678275 0.0473577904897645 0.02921977848982369
712 0.03591877112703682 0.03854642372954552 0.05715319747479904
713 0.03740927256534591 0.03365454790631495 0.06325074034548951
714 0.0104711710647339 0.04391461433538543 0.05563773586858987
715 0.04300830475642639 0.02874636980843986 0.05257284138790224
716 0.04535580608574068 0.02264052735197726 0.06529554318676491
717 0.0680462995125426 0.02428791474906898 0.04453592337885302
718 0.04853118206605241 0.05134152902646371 0.05693262570149756
719 0.04809000152217688 0.02228962666205828 0.04433034491409598
720 0.02797596292609902 0.05193636109668414 0.03515810645674893
721 0.02138967085711359 0.05461381497296562 0.03865675062772067
722 0.01992928367134692 0.05325404908499127 0.04651964560851796
723 0.05107709635222569 0.05807829698389746 0.0455453145878548
724 0.04329399258433995 0.06295837267010973 0.04342416494508554
725 0.06040831905547182 0.03830795558169991 0.04908845945069847
726 0.06272708764623713 0.03407394118229079 0.05532715171003176
727 0.05517876708814083 0.04580441029942024 0.007427774882746019
728 0.0620131028996451 0.04846749173275266 0.05766360507945802
729 0.05656952135023779 0.02088794761077428 0.04817309198565863
730 0.03138870268717761 0.05442547439528108 0.06436235807808711
731 0.05780460162996996 0.06877873779782993 0.03684299039607387
732 0.009850505415515987 0.04770381472288391 0.008909527936899581
733 0.04465617757519339 0.05076437681847811 0.02906460763761885
734 0.02667799090460067 0.06080968369974293 0.06158997898596461
735 0.02258806865965721 0.07075252731455507 0.06653993393614886
736 0.06798728650163752 0.02508640026349973 0.05297291036626045
737 0.04667189116553126 0.07207984582979156 0.07244167050920498
738 0.05099164468970208 0.03849469986535053 0.0281195621377681
739 0.04320492522195403 0.05647165432206794 0.008239910382503596
740 0.03738595459994139 0.03946653529172896 0.07441754077959316
741 0.03433447246400889 0.02782274977785452 0.0344765089979073
742 0.0561925219054981 0.04241840727293049 0.07392957781159804
743 0.05148826817042231 0.02920003256961677 0.07360239124486688
744 0.05967845800446578 0.02673099222191203 0.07328125491494865
745 0.03219575230632955 0.05862432772286149 0.04313223157198021
746 0.04289871772135059 0.04783094219303975 0.04437640357751812
747 0.02550780789428653 0.06908423772799924 0.01319438595452552
748 0.03632477867839362 0.02992256768527886 0.02836980021504694
749 0.05607725894012419 0.02929830346658036 0.02081947958434844
750 0.05754852151939997 0.04269816877379477 0.03772619876214915
751 0.03247937634090429 0.05945426915871075 0.02096193116901956
752 0.0422434979237199 0.05768241062075356 0.02727425072780169
753 0.04668605833026612 0.06070965272585949 0.02174018467888765
754 0.06711384092541875 0.02098717232384993 0.0114896625087444
755 0.04220470042607421 0.02215578308985177 0.05008899237944832
756 0.02815751529995899 0.02011754726215758 0.007203304829949236
757 0.06048189281997389 0.04977691238500711 0.0254963772723212
758 0.06767003463131092 0.05767799615481733 0.02077245482040136
759 0.03804160604368131 0.04904542309233748 0.07447552591610612
760 0.05715935622143525 0.0546735912982222 0.06378341849468189
761 0.05669595312573983 0.03801697814294143 0.0659013276834111
762 0.01025235228263408 0.06992864631271296 0.04509935109270086
763 0.04225348643271708 0.05465249371366833 0.0744458427855197
764 0.04561840318138632 0.03693169978177838 0.06632501540333487
765 0.05292872343430569 0.05160129542578465 0.06896064549481808
766 0.02370027871267048 0.02015235468872809 0.04658053482268613
767 0.04700392948088076 0.07005563025359139 0.02028735890079329
768 0.01855110545353247 0.04528540064994718 0.04742526104705459
769 0.04048940813279227 0.03504645711678582 0.03200008550173014
770 0.05017850109904516 0.02931539075249455 0.05485412119610503
771 0.0504474406893154 0.05466599300121328 0.0397076624336099
772 0.05792377254453272 0.05830742690784149 0.03631519141046218
773 0.04843199974753262 0.03146489856647932 0.02825258558257412
774 0.04378015778682581 0.04073336041428423 0.05645069076366806
775 0.02424602386918143 0.06115605879990055 0.03284548803013842
776 0.04526763585468742 0.05441644943098154 0.06617960580275849
777 0.01766895239114471 0.04061975909540649 0.04045469964325587
778 0.01727434233412194 0.03386335368480098 0.04670821444561331
779 0.04178617684454303 0.007610766056637196 0.04083766621386745
780 0.02266778382681046 0.01634815526861834 0.03691124275709239
781 0.02892856755923696 0.02513625333298459 0.06023653725214681
782 0.009964443080766808 0.01014474387904209 0.03355441153489412
783 0.02745563395468613 0.04363181994372346 0.0476541679850742
784 0.01557573484822693 0.01099797448599594 0.07083202668085589
785 0.007917734586298762 0.03693754002805488 0.02524739956971893
786 0.03726493333647791 0.04420885815144757 0.06942044263792459
787 0.02663514293308997 0.04176327664924062 0.06637394674760301
788 0.02117915144584174 0.02781292805466347 0.02161839810955534
789 0.07003863585377462 0.04125142305148127 0.04111385424540495
790 0.03821905400686067 0.03369926938823243 0.01821972351284652
791 0.03441665169282765 0.01086563253759383 0.00829963842796122
792 0.0237929861797017 0.0167666121270421 0.07316453843689755
793 0.05641696642483204 0.04663339018535661 0.04374720483379997
794 0.0440640549217884 0.009326811838144097 0.05251542403665858
795 0.02610868403215114 0.03312070192377213 0.04481895243117296
796 0.03929208094795471 0.06380221288427097 0.03209562289139951
797 0.04792870380665201 0.03769496320578571 0.01874400388999352
798 0.05516467622296962 0.0146781929668286 0.0102648738156397
799 0.05301295998833803 0.05659901341377654 0.02124858806275769
800 0.03188573717607366 0.0616591104755535 0.05237939638943481
801 0.05120085713144617 0.04104146020018225 0.05606168976592833
802 0.05214148148998582 0.05139656380037207 0.04860512187053734
803 0.01093567898578765 0.02742062862383163 0.02523890728686731
804 0.01690230749648415 0.04617472416234455 0.02233827441741638
805 0.03568391512628929 0.02001080943241024 0.05311146252088341
806 0.03132232832410874 0.0197841428856148 0.04509822014123108
807 0.008508353219686272 0.04464891464853101 0.06951158791490668
808 0.03410563891187311 0.02205504871819425 0.06496286491257815
809 0.01767609517930409 0.0392104240709821 0.05233600014127203
810 0.02689116349585213 0.02311534710065882 0.06718950891190816
811 0.02831927881121875 0.05279951501537129 0.04282193004603974
812 0.03183496469051354 0.02799922597021658 0.01767531217030305
813 0.03890678465616537 0.04205140417988592 0.01498011549552595
814 0.03004950612263524 0.026443846773412 0.02452626891783491
815 0.05122051823787183 0.04776061876645069 0.07541408430815191
816 0.03630049128028181 0.01919701984922921 0.04052771093154844
817 0.03734955710546856 0.02163876487551712 0.03468644434634162
818 0.04677682101030612 0.0468004737827106 0.0488141120985613
819 0.02559219977400685 0.03701544567199372 0.07506660848699696
820 0.02200693393532966 0.03088427501079153 0.07509461031965715
821 0.01487689926994605 0.02384518387599507 0.07327249789388576
822 0.0445293536261144 0.03851289985775161 0.03570575329538803
823 0.04247792478674916 0.008615942883015518 0.07121910085388741
824 0.02284655231975492 0.07183310592007321 0.02765614485624312
825 0.02381205197046113 0.05475771155368307 0.06550372369732502
826 0.04154999545659805 0.03089027830466187 0.006233004157561881
827 0.0634135365810219 0.03604611146597138 0.06207069841434994
828 0.06622624509329583 0.0160098400696448 0.07137296977954355
829 0.06421630735896845 0.03472738770673746 0.07405511610943681
830 0.06305024080001551 0.0360195355058457 0.04289475153790797
831 0.03239995068948162 0.05052413711208506 0.05637798620697465
832 0.01621278902515721 0.04857670937615456 0.04078166214853866
833 0.03437086694977368 0.05266618845969991 0.03785913845243071
834 0.01740538866443665 0.03299243377799754 0.0623229649580436
835 0.05171138841633209 0.04241328628358646 0.02100959577713967
836 0.0708849117486179 0.04485712961971675 0.0703354792678408
837 0.04717374548785912 0.04475517448955477 0.03771975307653516
838 0.04727614841791974 0.07121686769949388 0.0453113975315769
839 0.05014039837338769 0.0697460407115541 0.05546302221231559
840 0.04646325990514457 0.05739744249432918 0.03285861404845367
841 0.04920552165706438 0.00962203419087892 0.02352762870333116
842 0.03311820853277436 0.05201258932391351 0.008175655920612798
843 0.03994002505204299 0.05767797316998566 0.02057410577075291
844 0.0189061559113681 0.04639151521936108 0.02926846473905934
845 0.01407934154509884 0.05398445611315536 0.02696810511245925
846 0.03536945526616322 0.05436504949126165 0.0751085862398035
847 0.053979401708984 0.02957849464990301 0.03399275438456879
848 0.04758173684758477 0.02993035366687844 0.0461879878781836
849 0.01837826969896996 0.02553047330309999 0.009789149753781779
850 0.06263257697805676 0.04190224332615142 0.01408087280753955
851 0.03334721980010856 0.03352325104750428 0.006494446734924197
852 0.07086072018519338 0.04417473277047173 0.01005017311818192
853 0.05225790840790875 0.06216750584528606 0.02922260218697877
854 0.04712050979839841 0.04773186693297427 0.02386208270217474
855 0.03694744072308181 0.0392201660116366 0.03750503975308752
856 0.05448277081393898 0.03231910152340099 0.02801744554034994
857 0.05691469283761604 0.02513623843511347 0.02661767970285904
858 0.0225993063122349 0.05929397829899307 0.05332087640741501
859 0.05618444095042156 0.02926013731125807 0.06733535699717783
860 0.04439505210123165 0.007254927159711005 0.03103006684888388
861 0.04421575161851823 0.05098292141849282 0.06035034210913943
862 0.04308550985666634 0.05775734807890114 0.05286767196596763
863 0.03124037991219768 0.02744267770939656 0.07470331052814319
864 0.04399549422598672 0.05205347204850957 0.01518859709470984
865 0.04238948356342598 0.02080326315367342 0.07579107985061138
866 0.02386548906627094 0.042396850970143 0.05298730416118369
867 0.06584500238768981 0.06111422845718487 0.04957892297137362
868 0.02983693517968265 0.009003172710354531 0.03401031375225081
869 0.03088589192079715 0.04672634362325832 0.04173520771241267
870 0.06499819185915949 0.04327908227287602 0.0339163453026542
871 0.02949289781103835 0.03411703221811806 0.06565832811255
872 0.02552094439928143 0.04995819120248979 0.01324457015606352
873 0.01850077112207463 0.06126375575608824 0.04644199471563779
874 0.06984509394290062 0.07058538135805577 0.04553834600082599
875 0.04548037014787959 0.03175027778834415 0.07548211296582559
876 0.04640509154672542 0.06091867561773161 0.0633826510278877
877 0.0252187334589782 0.03863489990600513 0.03796456928443834
878 0.01764468884251611 0.03824505386718913 0.009764082896128004
879 0.0341303543949191 0.04499757656066021 0.02134208977540994
880 0.03487456493043813 0.03693558515945865 0.0690974636490182
881 0.06137631183955143 0.0338663638068998 0.02317980863718708
882 0.04580046953302826 0.02908711657942014 0.03283026210465075
883 0.04498297885132158 0.02251135812061513 0.03499403573081115
884 0.03381678142164049 0.04318134011252921 0.03318386838432034
885 0.03960215240918372 0.02007269870729554 0.0603639778173834
886 0.07003982653789048 0.03207718296295127 0.01346277660254491
887 0.04201810757609215 0.03843871778159413 0.02011290968211272
888 0.03552246795826037 0.03595383546927397 0.05117402207987298
889 0.07028453275977022 0.05119937033628336 0.04329538695531211
890 0.02102971026990675 0.03452591404254238 0.01899155718327649
891 0.05393112451083919 0.007727755718009203 0.05596215536162282
892 0.03332598905687224 0.03395765088240525 0.02317763462960316
893 0.02987755370838051 0.04341675959480097 0.007192217367828276
894 0.0652626347324427 0.05366458368196486 0.073562250389981
895 0.01302414202921584 0.04861270961910873 0.0744776463816573
896 0.0577730864004392 0.04675457070487328 0.01670933036766532
897 0.0591046383956983 0.054735721624029 0.01834237133602941
898 0.02399623063114342 0.03744785285069002 0.06258088933399153
899 0.01842909276990086 0.05891202899418355 0.06167409850577711
900 0.02267681181855106 0.02848666378462659 0.05594163124188741
901 0.06242183816662361 0.04320586013089436 0.04463941895585253
902 0.04689164026821988 0.04286090467658206 0.07556273037245512
903 0.03290654009424342 0.06184045117705998 0.009651046740925644
904 0.04370590294522561 0.02980823730673487 0.03942794681292431
905 0.0228431916678621 0.03609996548371688 0.02465845778123987
906 0.02836842408752461 0.03974175294580023 0.043923888754997
907 0.0305431950359273 0.01467916862973588 0.05133919795732432
908 0.02960065947540241 0.008203035991953794 0.05813181626496645
909 0.04631801380698791 0.06781362059572908 0.008246655218105973
910 0.03567186345364382 0.05899265448486581 0.0362555622573037
911 0.02832499436719335 0.05541046685771328 0.07521431847441627
912 0.03087636010776334 0.06232067383159658 0.07486063746570398
913 0.02279094142768224 0.01193973733184298 0.01171284058136442
914 0.02822401040951822 0.04570603961468144 0.02287884218160198
915 0.04670197069073517 0.04107809576757636 0.06242627957169755
916 0.03839345236852149 0.02264117573064915 0.04521507902027948
917 0.01712147942691812 0.02047270782554765 0.01999813928607558
918 0.02178711042147418 0.06167022078228959 0.07213440440542397
919 0.04422121095283817 0.04851648134688959 0.07575443943372684
920 0.02362440083458651 0.03387515968759522 0.05101752596641929
921 0.03633158735620037 0.0330677396820924 0.0755434961088909
922 0.03002585218880635 0.03071568001318562 0.03032695168359448
923 0.06365155400785776 0.04385200155927917 0.07492584365453379
924 0.05576377898972081 0.04509833020252723 0.05608810849973975
925 0.05898251251604243 0.0466691802045937 0.05031535054149286
926 0.05295307709657385 0.02337663195298033 0.03422369341685982
927 0.06026946964889375 0.01729905823078847 0.05507615503335563
928 0.04916831742108512 0.01896796106309023 0.02333825859885167
929 0.04091718096345303 0.03397165248825445 0.05591511749666411
930 0.03985965195726571 0.02831153454549888 0.0587687308109703
931 0.02233021673018774 0.03125626487446658 0.03315891944210798
932 0.03126951443821545 0.04082047086256285 0.01379050361563046
933 0.0524183766726717 0.009239316511805581 0.03487934390313195
934 0.01809491764964874 0.02794341549151381 0.04255634757791436
935 0.01113083138744374 0.02574722258084106 0.04871574222763682
936 0.009851349998166239 0.01780127547832698 0.05574664730586629
937 0.00801360713720059 0.02573982477282589 0.06324446521491939
938 0.03706504180467783 0.07094272508106167 0.04088543452751194
939 0.04243940878035911 0.04087324920809918 0.04679811287407434
940 0.01819943391957661 0.03032503350831205 0.06922382362057726
941 0.06309069073169023 0.05191433567759157 0.04584530512744539
942 0.01968361986339171 0.03902278677257721 0.03215196020203699
943 0.01627575308598724 0.03924673518081626 0.02469467172942442
944 0.04889086668086412 0.02215180596944911 0.01487850323466022
945 0.04946126663518967 0.02520007224144319 0.006773680386968872
946 0.05910445304356333 0.03102971101385682 0.03853583973855954
947 0.01014818973440973 0.04871942527577869 0.04705079392249555
948 0.03139236955274148 0.05455255606321626 0.05250899925534801
949 0.02460206571161175 0.02212054808502374 0.02573395463193806
950 0.00920287717276575 0.03728535634306927 0.06171110677900787
951 0.0488550452103105 0.05221333927498732 0.02060672594948217
952 0.04580934023160686 0.03474818110593608 0.02366383125866837
953 0.0382916701528203 0.05469970583975323 0.05420682901974765
954 0.06881960048204896 0.03683870294454658 0.06633554955956968
955 0.053392638319517 0.02950088589317777 0.04896899742673425
956 0.03248654804543778 0.03599254221190629 0.04078997112033651
957 0.03845695986261535 0.0573557741638898 0.04297679994238404
958 0.04413870458883421 0.04720042412120218 0.05484341058083679
959 0.03150133661482941 0.04845832575382263 0.04762543340553115
960 0.01938463044196663 0.03713669556402557 0.0749685198018996
961 0.008204086273895251 0.05176127841116458 0.03523816822123451
962 0.05307274323083246 0.03829784413030501 0.04952576711920432
963 0.05807472052783634 0.03741375573160893 0.0273874781797485
964 0.03800805811056897 0.05315651889747806 0.06132847889179049
965 0.05056753931644715 0.03914541946296105 0.03861153843219722
966 0.02111057998450699 0.04939671528628969 0.06226757344666169
967 0.05270010255630508 0.0558078989814955 0.03276545048388738
968 0.04236781906851549 0.03752607948975265 0.07579503776519778
969 0.04616844360745567 0.02849049525237071 0.06318564625458327
970 0.03553056012361906 0.0446074895912572 0.008830085940592489
971 0.02893264453661196 0.04009670816573077 0.05715360630335861
972 0.04015732145451877 0.06651197146538866 0.07513664639488886
973 0.05448379252548948 0.03761341244847468 0.03270678847554696
974 0.05561112669118987 0.01722780312092336 0.02899283862996821
975 0.04183281595659585 0.02383719900289432 0.04013797534840439
976 0.04097856026748734 0.03842571140517757 0.06895072996452958
977 0.0590715708631603 0.04692718259518673 0.03246110934426307
978 0.056497672610548 0.06907484092316307 0.07240866691141003
979 0.07134966788167517 0.02973172905555202 0.06072260983464624
980 0.03139235964622373 0.06373958310803046 0.06625638613249789
981 0.03188930592819703 0.02341588189543416 0.03060268121101455
982 0.03275015134983393 0.04840365762766066 0.02531651107764044
983 0.05082774507408701 0.02942871101246609 0.02405560940771157
984 0.03704226735520095 0.04428878835748264 0.04238868778310868
985 0.02788933631085893 0.04111935992176026 0.0319277391114376
986 0.03498906070862608 0.007341905785340485 0.04988533184930935
987 0.02990940269440777 0.01942574997610595 0.02440679560658787
988 0.03402695390374339 0.01608550486547737 0.02835835296810044
989 0.0462733445305159 0.04162316120833953 0.01441394902988758
990 0.06964393208430747 0.07110839464444335 0.02767097725419883
991 0.06301433068549893 0.01764527939131162 0.0409982607680341
992 0.07069072418435698 0.03118703741291058 0.02778113773924392
993 0.05855574234974899 0.04542626347012486 0.06837439533073915
994 0.07146307864738499 0.01962099744620205 0.03664253576054276
995 0.03189687678768734 0.06806651503469521 0.02565476675015301
996 0.03133236389788552 0.04540635038959368 0.07554571312363491
997 0.03060228644291488 0.01791770876916193 0.05952917356948825
998 0.03345264606992187 0.0268947439655848 0.0552558457266844
999 0.05358677396364393 0.06125399810723419 0.06041546711224473
1000 0.06723438432048962 0.05726397318421553 0.02991146824634499
1001 0.03307106813638704 0.05681331836303834 0.07006155477201974
1002 0.04298375410023806 0.05838136620796155 0.03768483234811299
1003 0.02294229712424137 0.01169985020567636 0.02520204916160026
1004 0.03922820139402144 0.04789814715287242 0.03165127677660183
1005 0.02104619056961423 0.04798706653073936 0.075084512503777
1006 0.05209717146615349 0.05990648647797113 0.067106378218159
1007 0.04821498822851918 0.05784719996633586 0.07606319951983205
1008 0.05935052636139905 0.009173906652642073 0.04366212949022331
1009 0.02527617747983111 0.05912284360894549 0.04198748329972075
1010 0.03971898454947369 0.06381516910378091 0.02474178285116006
1011 0.01221930540510571 0.06892773462315255 0.05708495973571177
1012 0.05277827861105198 0.04267257455832939 0.06306165186769147
1013 0.05120894646005524 0.03829126242757112 0.06839927304336517
1014 0.03061889862985344 0.05464462357702584 0.01464682499498025
1015 0.04124585974932354 0.04050486979484651 0.00778411203440741
1016 0.06019751489050315 0.02813034927875038 0.006703639323805842
1017 0.04077614598673635 0.02025838218545105 0.02972386140481927
1018 0.05261937326792897 0.04414119120465765 0.03998709604270306
1019 0.02826670039601315 0.0365296862896047 0.02620465439054636
1020 0.04281333250174053 0.06126193283292328 0.01448480428677523
1021 0.04676212830830463 0.04857728224783729 0.006393095795651175
1022 0.0524882424728027 0.05549560948436453 0.006296299245491482
1023 0.01613065733420971 0.03831556557028813 0.06824797740375763
1024 0.01796831836291386 0.05150554059563672 0.0681304691172839
1025 0.04242218326536946 0.03060987117247163 0.02790800973704964
1026 0.0253532204709603 0.03691366941712853 0.01459431223007536
1027 0.07185814248162897 0.04097085628078271 0.03134566597471344
1028 0.07189899923751082 0.04936329655992097 0.05994111546508925
1029 0.01061837132524857 0.03398001034374983 0.04173094711661914
1030 0.03681076150892989 0.01709658344611345 0.07446746235895575
1031 0.05741176412575748 0.05620405545029577 0.02649737980218059
1032 0.06302664866726265 0.04325300520195352 0.06366054195812886
1033 0.06053150912245506 0.06095672173841483 0.06600375874055274
1034 0.0380147642684615 0.03723067557557308 0.04490010419170382
1035 0.03277992046604554 0.05460561724467695 0.04712105130259252
1036 0.05707994906467921 0.03349990577967969 0.04500249027388643
1037 0.03350057782379891 0.05514241629439601 0.03249871676857532
1038 0.02510988424134202 0.03716147598509743 0.006223912034342332
1039 0.0623274611410466 0.0399489496462138 0.03888410517020575
1040 0.04027790140196452 0.0252375575531044 0.02483410958823094
1041 0.05446382230854589 0.03531927817530013 0.01737280801487669
1042 0.024728893710152 0.05808636849493135 0.01737523014044239
1043 0.03100729315384331 0.03703057115314012 0.03503098328359094
1044 0.05192374321559964 0.03474450721568323 0.0754860171404679
1045 0.0352501296250391 0.02142036678289755 0.02066686782023184
1046 0.01339349548879992 0.009667040212705978 0.04801091441515482
1047 0.04031994363631131 0.05312142188293076 0.04721769154094193
1048 0.04520211700965193 0.02949090341697775 0.06931954696074534
1049 0.03522571631994571 0.01375691965482002 0.0651137818176208
1050 0.03754230476762993 0.006893587820315445 0.0621535093087989
1051 0.03079718907664749 0.06047339919662738 0.03099972712111985
1052 0.06111444410728607 0.03387444081452614 0.06785792159004955
1053 0.06364827879631728 0.04242946282537655 0.02634801089467955
1054 0.06919217849851338 0.02479314714946598 0.07244682198786377
1055 0.07163445575732104 0.04937509415166998 0.03469900275029871
1056 0.02703905809110887 0.04734434987036498 0.05688745253912378
1057 0.03755403604328422 0.04612559998841714 0.04812565301622013
1058 0.02217191889127548 0.04961142889433792 0.02523166428658149
1059 0.05252311866598242 0.07178117709701505 0.02947415496991913
1060 0.03831753485338154 0.03436060218196568 0.01218921626301622
1061 0.06768965123719742 0.008118280951398086 0.06599158566893278
1062 0.01787873218166022 0.03231439799376726 0.05342544396861206
1063 0.01220366552040991 0.03913250605286649 0.07488359222871467
1064 0.05965012039089698 0.07259541123695634 0.06522520667130816
1065 0.008403429319113857 0.03428094054249362 0.008434522460814494
1066 0.00971682846632438 0.02214723061343052 0.01221017445824494
1067 0.01859397274385494 0.0461901890659823 0.01364764761940526
1068 0.05998547954311713 0.03982232292044377 0.03247554225618311
1069 0.03719865117408359 0.03063008607284356 0.04439617739684282
1070 0.006519236921907734 0.04085859097566861 0.03437456885851918
1071 0.03490913703745423 0.0294385569574268 0.06964774665390304
1072 0.04773759774370624 0.04616019284877856 0.01197251434642735
1073 0.04257916497276221 0.06568950432040038 0.05938188175226893
1074 0.06393556835453711 0.02700071799219171 0.05941546161536165
1075 0.03406668318101337 0.04679728935071945 0.03735537170764477
1076 0.04821118014508573 0.06311846745102705 0.0493497296150052
1077 0.05023175417215384 0.02229620773125412 0.07516930329697546
1078 0.05588026784719595 0.01780899673949525 0.07440243922763023
1079 0.0389899337345241 0.06094886492705395 0.05592907320765018
1080 0.04331456581018694 0.03664087956829428 0.05997942920327089
1081 0.01886806194076231 0.02142761030181549 0.05248786622433382
1082 0.03808433080945182 0.04478901714790393 0.05452042813540765
1083 0.0111003551514364 0.0420246719346519 0.01734841346417209
1084 0.04723873230336342 0.05294477746727489 0.04630532258145327
1085 0.008689354958318248 0.01257298149382476 0.06575311493823408
1086 0.03771960141076565 0.0717987447354351 0.05231703042079303
1087 0.04210758844999706 0.07320470019716459 0.06066397988540859
1088 0.04495910274086419 0.03689805222032874 0.02944419964898123
1089 0.04742674994292275 0.04189453553848767 0.06889449696475207
1090 0.02577332073282116 0.05056961189978685 0.07580560430057001
1091 0.02026784974370908 0.07073277077705033 0.04957949550343291
1092 0.06366543102071907 0.02974483728642081 0.04210017274987722
1093 0.04494595704121104 0.04645870386439863 0.03275866263767665
1094 0.02733102953682577 0.02689076598814692 0.05013129211057454
1095 0.04394733075341135 0.03224201857545331 0.01715272102789903
1096 0.0361804822710679 0.008099132483711292 0.02644365826738747
1097 0.02236793528918866 0.02172295608478406 0.05963933804181953
1098 0.04994560653364367 0.02545918495056652 0.06828562046560466
1099 0.06097201180185143 0.0526069479333359 0.03939009115144529
1100 0.04522630588700823 0.05097312046110156 0.03690162697744681
1101 0.0594867166413947 0.007950719495161898 0.02155443316721291
1102 0.04719548422196667 0.04201229826142471 0.05157064405745872
1103 0.04721471604398148 0.05666691539400954 0.05816878124733303
1104 0.05413816416439716 0.008890057879824734 0.07166235024361675
1105 0.03527076337292415 0.03302942420458644 0.03536857159084152
1106 0.02530801659042605 0.02785028538968104 0.04215522466304512
1107 0.0250094396759565 0.0499374013293727 0.06951471656903424
1108 0.05859821134469861 0.03754113295937616 0.07605320933820375
1109 0.04184394428057049 0.0449019853569051 0.06001174225874869
1110 0.03865669739622626 0.01697732671452985 0.01584895645487759
1111 0.07125114385863197 0.03033964845747842 0.03904535259351578
1112 0.04192617137874086 0.027723925455947 0.07569007001396827
1113 0.04057287731629546 0.04087231598944848 0.02691754834048319
1114 0.0274707504014239 0.02270708809990711 0.07586605443415645
1115 0.03515242263197348 0.06426539548682478 0.04567995063684611
1116 0.04253079200419497 0.01750293467548282 0.05522044983053819
1117 0.02989695979282738 0.06410962813533225 0.03985391760032888
1118 0.06028987188649423 0.05359159387696887 0.05156060727336244
1119 0.06021876461380504 0.05719529005971991 0.057989867711698
1120 0.04068659952262221 0.03865581548745853 0.05216277675520838
1121 0.05689042263320254 0.04065648267401099 0.05310459200516534
1122 0.00793975652005845 0.06159101698360354 0.008291865765496091
1123 0.04722894737710181 0.04743129024726218 0.07054381457857183
1124 0.01278901517782127 0.03989125762470178 0.04758894682412119
1125 0.03378314221351789 0.02992953865883981 0.06030166687051327
1126 0.04926190002520899 0.03611854994667849 0.0461581360139617
1127 0.03918503660621742 0.02443158232514165 0.05480312862543425
1128 0.02854187396492806 0.04558930931819782 0.03566839252040473
1129 0.02297039767264022 0.07245669281609123 0.04048354032833985
1130 0.03143460801799183 0.02651004536805081 0.01063791583973192
1131 0.02791349531241602 0.04852761011655082 0.06376902037693168
1132 0.04896099446995667 0.03589024005295694 0.01330363916681849
1133 0.05301369582579736 0.0503970081930563 0.02747104236537701
1134 0.04789423464955841 0.02012296799652655 0.05897290322871454
1135 0.05142846254141401 0.01945230066448285 0.06395088288930405
1136 0.02843082170081361 0.03869809554826283 0.07043169021814835
1137 0.02272390019777537 0.04638337511390642 0.006706491789252989
1138 0.01494358670671173 0.04536560795765735 0.06609180685616456
1139 0.05656739246051842 0.07162215256420959 0.009660638678730285
1140 0.04028043978993694 0.04372037374032819 0.07616442835090668
1141 0.04202489220606747 0.04921634876619218 0.06974088440112028
1142 0.02679228695333303 0.03122151700203448 0.07007952762342545
1143 0.0503149864618188 0.04688273711967076 0.01744572316948653
1144 0.06797145285779453 0.01794523900021975 0.02640376975410698
1145 0.03206506204427589 0.03800863563065083 0.07562291863963154
1146 0.03608076044831769 0.04062270342906078 0.02406571684569451
1147 0.03503676393136463 0.05001390155986373 0.06763062791460059
1148 0.03208713998454673 0.03038544500094021 0.04054115037906234
1149 0.06244276082662002 0.03818821129127724 0.007105540632168595
1150 0.07364696131044235 0.04545528754412882 0.05013871058241403
1151 0.05181634685409718 0.0474970251871674 0.05889092728159426
1152 0.06435953618151774 0.04698869658746413 0.01949371123968776
1153 0.07251444461293322 0.0485431641811683 0.02175437835252809
1154 0.05955142940880796 0.05236407147704724 0.06932566801771155
1155 0.01445648867092804 0.04447123742835147 0.03534871814459146
1156 0.04706783759889986 0.03515740688723688 0.006151768908377473
1157 0.04293452985993966 0.03275795966729633 0.06362949073992974
1158 0.02421122100954395 0.02982798090855634 0.02730086966349533
1159 0.05520141182861926 0.05292704785499384 0.07555702158987775
1160 0.03215927455482068 0.03108903030157966 0.05014862446390107
1161 0.04060406478445986 0.06013742116307638 0.07618463021271604
1162 0.05627498804621806 0.04230572594700852 0.04743369257200059
1163 0.06367515296435027 0.04722038662021565 0.06977249750802161
1164 0.007368649323477014 0.05109892070192684 0.0215511051449266
1165 0.02509802844022167 0.02231211763968493 0.04018707913850492
1166 0.02468783899704253 0.007585279425734896 0.06876809167741763
1167 0.02808422500596304 0.0322253702155087 0.07579655172688987
1168 0.03663471529622687 0.04112622548390181 0.05067070712480024
1169 0.04680083280224823 0.06203166186314229 0.0562111386511734
1170 0.06125864873029681 0.06082271935351906 0.0100330797905885
1171 0.07065058242352869 0.05768905806620237 0.06543828337472551
1172 0.06278681754029701 0.04147931844745716 0.05524350220987687
1173 0.04984077186959224 0.04771798240676298 0.05358663791664034
1174 0.04404334332453723 0.0444064617904027 0.02813726079139402
1175 0.01573698695439788 0.03084431396321267 0.03454814973291089
1176 0.006886269377427013 0.03182229992775357 0.03258415849292298
1177 0.01936892854631076 0.007575203783226276 0.03858708500173776
1178 0.07155095448940049 0.05625780044151499 0.008668044928516314
1179 0.03540490809255206 0.04478104260555587 0.02843266098670744
1180 0.02227817808450318 0.04241490603904685 0.07651446574206096
1181 0.04422289092506268 0.05776584150739444 0.047532320054707
1182 0.03970888801404482 0.02558462198140259 0.03060539696567506
1183 0.04024112717978456 0.05305795811208888 0.0397509963701761
1184 0.0466679448642234 0.06427050515954953 0.03470427217165788
1185 0.02641189122560865 0.06434429005537662 0.04662089407415856
1186 0.01687877636906502 0.05780051289662426 0.03376261643463208
1187 0.04013776999608908 0.04830793500863745 0.06429224414240527
1188 0.07182880225347792 0.06999164730050511 0.0615437257542739
1189 0.04863208817119943 0.05546789363318971 0.05177786338121823
1190 0.06451757715297994 0.0518247966343308 0.0342630137924832
1191 0.01470491553062164 0.03634076213610605 0.05703687463111615
1192 0.01080292832494075 0.06784970098996812 0.06870782168947545
1193 0.04081178371187533 0.04414124957302056 0.02169570945704411
1194 0.04941865885338433 0.05699599733234671 0.07123685337442949
1195 0.05065216780382648 0.06363780358779665 0.07455235676457547
1196 0.02237517053557335 0.04020376928474619 0.0714658488681835
1197 0.0335080713912264 0.07285952617889394 0.06173611016442166
1198 0.05968686870898016 0.06058105639972806 0.04407477052241819
1199 0.02049201798163478 0.02280722719636776 0.07627811276530143
1200 0.05619245978128 0.03169588028842011 0.07583224913745122
1201 0.04255778389681434 0.01496617265978741 0.07519421353281833
1202 0.04065568094799121 0.03107131792844807 0.02269190388629548
1203 0.07054523606190553 0.008818275131691221 0.03479583461601711
1204 0.04734724777403007 0.0184334381341999 0.0509444179394581
1205 0.04091861332094 0.04900845576180825 0.05153020826713203
1206 0.04175764537739918 0.03422483723463218 0.0368431047582232
1207 0.04036177108149509 0.02424606893713941 0.07054857367782956
1208 0.06937372289414445 0.007557759161255587 0.05319396156377929
1209 0.03420336158278784 0.01230982749929739 0.04219982238478579
1210 0.04322550940369971 0.05296194235046938 0.05593955462597804
1211 0.03083723295888735 0.01778279164343428 0.03628963352758884
1212 0.04324016804796603 0.04368553814392856 0.06642076158030649
1213 0.03539068546472406 0.02620686914641529 0.00507327531779471
1214 0.07245334316905942 0.03299648414230875 0.0729066843399275
1215 0.04739622136167208 0.05674862199391228 0.01662043434230226
1216 0.02922818621324515 0.03731042183483262 0.01055494136542158
1217 0.05336678978292651 0.04382820764825868 0.03304880001051222
1218 0.05142443731119966 0.03990674621995741 0.075086191264595
1219 0.03609205639049041 0.07169890022666553 0.008796832844058161
1220 0.008238711425492613 0.01942108892797268 0.02821399258995734
1221 0.01624151473557485 0.05086380505935202 0.03422444874473135
1222 0.05218892558665868 0.02291006664759781 0.0545105892406566
1223 0.05490931474772521 0.02065286204203838 0.05927492880973205
1224 0.03976780742685603 0.04768953837930748 0.005153883966856543
1225 0.01474015790555798 0.03212337162460899 0.07492066117936598
1226 0.04315251460795688 0.006667489472913249 0.006048161680745048
1227 0.007695888165272258 0.006943244639881701 0.056203205803188
1228 0.005379085795099478 0.07474875490574628 0.05493978207044768
1229 0.03926861913272629 0.07377720646900632 0.07449816724043687
1230 0.0178023062391886 0.07450295894049311 0.005643397826378785
1231 0.004160926747925921 0.04116076961194585 0.07463228433286846
1232 0.07385359305167244 0.03583276057376846 0.005841574127492256
1233 0.004986507107601912 0.06219571174975214 0.07496635039306454
1234 0.0630729269514255 0.00543027676983242 0.006661645753598763
1235 0.07499088677888792 0.004225349148457814 0.06515404741991629
1236 0.005503487838165054 0.07427203464537517 0.03570316498334457
1237 0.004489423273930923 0.01439577824730522 0.005499588637800888
1238 0.07512854129330641 0.07485178280808344 0.01474127407237253
1239 0.01462645023973591 0.00478149414064847 0.005374586462733847
1240 0.07392764658869935 0.01446010591203663 0.005814804200046047
1241 0.02543923123241209 0.07536948789248547 0.07486483608836804
1242 0.006540036739598037 0.015636005766396 0.07363311101737709
1243 0.07594306636599076 0.03961241589182612 0.07543603800059683
1244 0.07394220022442183 0.06237286630349587 0.07514729469298481
1245 0.004823364553822989 0.07513652248059806 0.01518929573714206
1246 0.07462855589926329 0.0656894427680936 0.005082100374803012
1247 0.06541804943415733 0.07352654920245645 0.07236626635940288
1248 0.01616860232731204 0.004883903433100406 0.07526940831273361
1249 0.07444393036443893 0.01587179340356051 0.07574271001490589
1250 0.06583327557266933 0.07526293469426737 0.005172883452613851
1251 0.07474535339359831 0.005249101907837216 0.00570554343761144
1252 0.004280863277783877 0.005080436134121503 0.06535351777242135
1253 0.006000678436492604 0.07354918306561416 0.02430557024708508
1254 0.02475784123355966 0.00531380690825193 0.005222749125526544
1255 0.07316215737106865 0.006097757762584032 0.07439309252983935
1256 0.005758187094638451 0.02490510410274852 0.07382938135135172
1257 0.0170265029187903 0.07330115506618101 0.07437043287476856
1258 0.005042422576490521 0.07472032862196187 0.06515125130350405
1259 0.07396719608774706 0.05295074391981835 0.07387217337381934
1260 0.07452091647304604 0.0251868232747747 0.005459501346873563
1261 0.005112894012251267 0.05135561722914905 0.07454918038453441
1262 0.06500633008505406 0.006280568080798611 0.07442366266556588
1263 0.07447800099570842 0.07447415513787425 0.005699019753591474
1264 0.005895626247790589 0.07418418445556599 0.006456316287383465
1265 0.07313478530019892 0.07346453937204303 0.07427091838210018
1266 0.02786979244779013 0.07518260445923942 0.00526301122259528
1267 0.05278256321476626 0.006356619214600261 0.005118588095200323
1268 0.005378793777692086 0.00533842201264227 0.005459213623316586
1269 0.005988416823495649 0.006498534146241038 0.0740801182636453
1270 0.004614026026086957 0.02457414404885156 0.005516137154086712
1271 0.005985039562823879 0.07382666597853255 0.07443412524600214
$EndNodes
$Elements
6039
1 4 2 1 1 739 600 903 842
2 4 2 1 1 562 594 1105 688
3 4 2 1 1 483 599 719 975
4 4 2 1 1 499 559 754 620
5 4 2 1 1 579 490 671 965
6 4 2 1 1 562 594 688 904
7 4 2 1 1 1100 678 564 837
8 4 2 1 1 307 294 601 1137
9 4 2 1 1 506 673 111 935
10 4 2 1 1 579 490 965 1126
11 4 2 1 1 521 775 696 1186
12 4 2 1 1 1071 808 1207 651
13 4 2 1 1 1100 678 837 494
14 4 2 1 1 485 614 813 932
15 4 2 1 1 462 664 592 1079
16 4 2 1 1 1042 708 525 872
17 4 2 1 1 562 904 688 975
18 4 2 1 1 597 661 576 787
19 4 2 1 1 879 813 614 703
20 4 2 1 1 781 810 606 1097
21 4 2 1 1 641 744 1077 1078
22 4 2 1 1 490 579 1036 1126
23 4 2 1 1 485 615 813 1060
24 4 2 1 1 651 1071 685 1207
25 4 2 1 1 1071 808 651 479
26 4 2 1 1 574 905 890 943
27 4 2 1 1 516 841 676 1096
28 4 2 1 1 733 752 624 840
29 4 2 1 1 295 306 601 747
30 4 2 1 1 481 696 672 1042
31 4 2 1 1 606 1142 479 871
32 4 2 1 1 563 703 614 813
33 4 2 1 1 1071 808 479 644
34 4 2 1 1 1071 808 644 1207
35 4 2 1 1 813 932 614 970
36 4 2 1 1 467 688 695 806
37 4 2 1 1 40 1255 435 1249
38 4 2 1 1 435 1249 1255 828
39 4 2 1 1 1185 1115 745 1117
40 4 2 1 1 641 744 743 1077
41 4 2 1 1 1255 5 40 435
42 4 2 1 1 612 723 561 724
43 4 2 1 1 460 809 866 920
44 4 2 1 1 203 516 588 1096
45 4 2 1 1 730 1107 512 825
46 4 2 1 1 1262 828 1255 1061
47 4 2 1 1 81 434 1247 1265
48 4 2 1 1 606 479 1142 810
49 4 2 1 1 496 606 605 810
50 4 2 1 1 467 688 806 816
51 4 2 1 1 678 750 539 793
52 4 2 1 1 576 661 597 971
53 4 2 1 1 1265 434 1247 694
54 4 2 1 1 635 587 519 1160
55 4 2 1 1 7 434 81 1265
56 4 2 1 1 524 656 710 751
57 4 2 1 1 725 925 1121 1172
58 4 2 1 1 883 555 882 926
59 4 2 1 1 651 1071 479 863
60 4 2 1 1 738 474 963 531
61 4 2 1 1 666 716 667 1135
62 4 2 1 1 474 531 705 963
63 4 2 1 1 840 733 1100 624
64 4 2 1 1 883 555 926 488
65 4 2 1 1 490 1036 962 1126
66 4 2 1 1 543 995 265 747
67 4 2 1 1 1069 904 688 594
68 4 2 1 1 637 743 1044 875
69 4 2 1 1 580 883 1017 817
70 4 2 1 1 615 932 813 970
71 4 2 1 1 469 711 575 985
72 4 2 1 1 488 653 580 779
73 4 2 1 1 500 584 965 973
74 4 2 1 1 637 743 875 1048
75 4 2 1 1 545 866 809 920
76 4 2 1 1 637 743 1048 484
77 4 2 1 1 484 655 1013 1044
78 4 2 1 1 3 264 76 1271
79 4 2 1 1 469 575 942 985
80 4 2 1 1 571 1000 757 1031
81 4 2 1 1 500 965 671 973
82 4 2 1 1 306 672 601 747
83 4 2 1 1 465 599 847 926
84 4 2 1 1 137 140 139 1150
85 4 2 1 1 898 652 971 576
86 4 2 1 1 541 921 875 968
87 4 2 1 1 583 763 414 1007
88 4 2 1 1 467 741 688 817
89 4 2 1 1 580 868 779 1209
90 4 2 1 1 583 414 432 1007
91 4 2 1 1 1045 475 812 670
92 4 2 1 1 576 713 871 1125
93 4 2 1 1 1217 837 678 494
94 4 2 1 1 479 871 713 1125
95 4 2 1 1 409 685 651 863
96 4 2 1 1 750 793 678 1018
97 4 2 1 1 484 1013 637 1044
98 4 2 1 1 485 813 790 1060
99 4 2 1 1 513 667 666 716
100 4 2 1 1 540 511 682 966
101 4 2 1 1 461 716 644 885
102 4 2 1 1 1271 27 3 264
103 4 2 1 1 561 723 612 771
104 4 2 1 1 730 512 1107 613
105 4 2 1 1 1271 1258 27 264
106 4 2 1 1 414 763 583 919
107 4 2 1 1 156 164 128 886
108 4 2 1 1 658 752 733 840
109 4 2 1 1 883 555 488 629
110 4 2 1 1 462 592 664 964
111 4 2 1 1 362 875 596 1112
112 4 2 1 1 1195 335 445 611
113 4 2 1 1 502 603 980 664
114 4 2 1 1 883 719 599 975
115 4 2 1 1 1271 1258 264 1192
116 4 2 1 1 685 865 410 1030
117 4 2 1 1 1042 525 708 696
118 4 2 1 1 576 871 652 1125
119 4 2 1 1 912 406 846 603
120 4 2 1 1 490 793 750 1018
121 4 2 1 1 566 812 475 1130
122 4 2 1 1 476 1005 657 1107
123 4 2 1 1 516 676 588 1096
124 4 2 1 1 485 615 692 932
125 4 2 1 1 172 46 8 1263
126 4 2 1 1 690 754 272 798
127 4 2 1 1 467 688 816 817
128 4 2 1 1 534 229 874 636
129 4 2 1 1 499 559 620 749
130 4 2 1 1 460 866 707 920
131 4 2 1 1 494 658 733 840
132 4 2 1 1 562 882 769 1206
133 4 2 1 1 1248 442 1269 64
134 4 2 1 1 1019 985 477 591
135 4 2 1 1 560 710 656 751
136 4 2 1 1 725 654 647 1036
137 4 2 1 1 688 904 483 975
138 4 2 1 1 478 877 608 931
139 4 2 1 1 1069 904 594 663
140 4 2 1 1 1264 22 4 126
141 4 2 1 1 486 726 646 1074
142 4 2 1 1 500 769 882 1206
143 4 2 1 1 608 877 616 931
144 4 2 1 1 693 744 641 828
145 4 2 1 1 687 742 393 815
146 4 2 1 1 479 652 871 1125
147 4 2 1 1 462 953 592 964
148 4 2 1 1 562 904 882 1206
149 4 2 1 1 486 640 646 770
150 4 2 1 1 505 839 838 1086
151 4 2 1 1 592 664 776 876
152 4 2 1 1 222 258 243 737
153 4 2 1 1 606 460 652 900
154 4 2 1 1 635 519 587 715
155 4 2 1 1 1159 583 432 1007
156 4 2 1 1 748 892 632 1202
157 4 2 1 1 409 651 685 1030
158 4 2 1 1 507 618 1072 1143
159 4 2 1 1 445 611 335 972
160 4 2 1 1 501 603 664 1001
161 4 2 1 1 559 679 684 944
162 4 2 1 1 474 705 531 835
163 4 2 1 1 385 414 583 919
164 4 2 1 1 214 798 516 841
165 4 2 1 1 500 882 904 1206
166 4 2 1 1 599 465 719 680
167 4 2 1 1 359 743 596 875
168 4 2 1 1 563 1021 864 1072
169 4 2 1 1 385 583 815 919
170 4 2 1 1 478 699 777 942
171 4 2 1 1 366 685 409 863
172 4 2 1 1 748 892 814 922
173 4 2 1 1 442 64 1 1269
174 4 2 1 1 1248 442 784 1269
175 4 2 1 1 589 836 1032 1163
176 4 2 1 1 555 488 629 928
177 4 2 1 1 776 964 861 1187
178 4 2 1 1 984 1057 939 746
179 4 2 1 1 984 939 1057 650
180 4 2 1 1 1129 762 509 1091
181 4 2 1 1 531 705 881 1041
182 4 2 1 1 521 1058 711 844
183 4 2 1 1 833 910 745 957
184 4 2 1 1 1234 1101 690 798
185 4 2 1 1 1242 784 1269 1085
186 4 2 1 1 477 884 985 1043
187 4 2 1 1 277 280 299 1156
188 4 2 1 1 808 781 1125 634
189 4 2 1 1 651 1071 863 685
190 4 2 1 1 742 761 655 1013
191 4 2 1 1 204 178 196 1061
192 4 2 1 1 592 861 776 964
193 4 2 1 1 564 746 1100 837
194 4 2 1 1 584 500 738 973
195 4 2 1 1 490 750 793 901
196 4 2 1 1 86 112 100 1192
197 4 2 1 1 648 979 495 1054
198 4 2 1 1 618 507 896 1143
199 4 2 1 1 638 728 565 760
200 4 2 1 1 495 744 693 1054
201 4 2 1 1 612 746 564 1084
202 4 2 1 1 611 501 776 763
203 4 2 1 1 75 1263 1250 314
204 4 2 1 1 494 771 678 967
205 4 2 1 1 560 751 656 1051
206 4 2 1 1 930 885 461 644
207 4 2 1 1 605 810 606 1142
208 4 2 1 1 559 1041 684 749
209 4 2 1 1 611 501 763 603
210 4 2 1 1 622 892 748 1202
211 4 2 1 1 363 921 875 1112
212 4 2 1 1 884 985 591 477
213 4 2 1 1 196 186 212 891
214 4 2 1 1 742 1013 655 1218
215 4 2 1 1 1263 314 683 1250
216 4 2 1 1 592 776 664 964
217 4 2 1 1 75 1263 314 8
218 4 2 1 1 501 964 776 1187
219 4 2 1 1 518 811 745 833
220 4 2 1 1 486 646 647 770
221 4 2 1 1 549 574 788 890
222 4 2 1 1 1239 317 1268 645
223 4 2 1 1 637 743 484 1044
224 4 2 1 1 539 793 750 901
225 4 2 1 1 532 1027 660 992
226 4 2 1 1 574 788 890 905
227 4 2 1 1 477 769 855 1105
228 4 2 1 1 382 759 763 919
229 4 2 1 1 998 781 634 1125
230 4 2 1 1 565 760 728 1119
231 4 2 1 1 1239 317 58 1268
232 4 2 1 1 380 763 759 846
233 4 2 1 1 345 341 355 828
234 4 2 1 1 370 605 820 1167
235 4 2 1 1 565 570 718 466
236 4 2 1 1 320 542 1022 1170
237 4 2 1 1 481 598 696 775
238 4 2 1 1 465 717 654 729
239 4 2 1 1 655 742 589 761
240 4 2 1 1 656 711 482 720
241 4 2 1 1 101 935 673 1029
242 4 2 1 1 513 808 651 1207
243 4 2 1 1 713 871 1071 880
244 4 2 1 1 661 787 597 1131
245 4 2 1 1 641 744 693 859
246 4 2 1 1 1234 1101 798 200
247 4 2 1 1 477 985 616 1043
248 4 2 1 1 471 703 649 710
249 4 2 1 1 1151 801 924 1012
250 4 2 1 1 359 596 362 875
251 4 2 1 1 379 613 377 911
252 4 2 1 1 317 1268 2 58
253 4 2 1 1 1122 315 33 1264
254 4 2 1 1 503 761 742 1013
255 4 2 1 1 580 883 817 653
256 4 2 1 1 485 813 615 932
257 4 2 1 1 725 830 654 1036
258 4 2 1 1 484 761 655 859
259 4 2 1 1 502 610 876 1073
260 4 2 1 1 751 903 600 1014
261 4 2 1 1 1264 33 4 315
262 4 2 1 1 498 650 707 783
263 4 2 1 1 1217 837 494 584
264 4 2 1 1 564 837 678 1018
265 4 2 1 1 177 588 516 791
266 4 2 1 1 930 885 644 634
267 4 2 1 1 359 596 743 1077
268 4 2 1 1 60 201 1254 59
269 4 2 1 1 461 644 716 969
270 4 2 1 1 614 563 813 970
271 4 2 1 1 519 587 998 1160
272 4 2 1 1 295 306 312 601
273 4 2 1 1 476 787 661 1131
274 4 2 1 1 576 871 713 880
275 4 2 1 1 479 606 652 781
276 4 2 1 1 747 751 481 1042
277 4 2 1 1 555 679 928 629
278 4 2 1 1 315 672 1264 1122
279 4 2 1 1 1234 316 1251 63
280 4 2 1 1 500 584 822 965
281 4 2 1 1 795 707 545 920
282 4 2 1 1 601 306 1122 672
283 4 2 1 1 697 890 548 905
284 4 2 1 1 575 711 469 844
285 4 2 1 1 684 952 983 531
286 4 2 1 1 498 707 650 1168
287 4 2 1 1 316 63 6 1251
288 4 2 1 1 377 613 379 996
289 4 2 1 1 133 828 648 1061
290 4 2 1 1 518 833 745 957
291 4 2 1 1 561 771 840 967
292 4 2 1 1 1157 929 930 713
293 4 2 1 1 618 864 1021 1072
294 4 2 1 1 405 687 923 742
295 4 2 1 1 295 747 601 903
296 4 2 1 1 418 687 393 1159
297 4 2 1 1 519 929 713 930
298 4 2 1 1 1234 316 690 1251
299 4 2 1 1 1026 548 890 566
300 4 2 1 1 916 695 688 806
301 4 2 1 1 459 594 663 1034
302 4 2 1 1 81 1265 1247 261
303 4 2 1 1 644 808 634 885
304 4 2 1 1 462 730 734 619
305 4 2 1 1 493 641 693 1135
306 4 2 1 1 479 781 808 810
307 4 2 1 1 104 845 1164 672
308 4 2 1 1 707 866 545 920
309 4 2 1 1 209 1046 535 1177
310 4 2 1 1 434 1247 80 81
311 4 2 1 1 606 781 479 810
312 4 2 1 1 589 836 829 954
313 4 2 1 1 159 648 828 1054
314 4 2 1 1 503 742 761 993
315 4 2 1 1 179 633 1227 1085
316 4 2 1 1 514 748 622 814
317 4 2 1 1 459 663 594 1206
318 4 2 1 1 1031 757 758 1000
319 4 2 1 1 482 711 656 982
320 4 2 1 1 469 591 711 985
321 4 2 1 1 1105 855 1206 769
322 4 2 1 1 463 924 801 1012
323 4 2 1 1 646 770 640 628
324 4 2 1 1 491 707 906 795
325 4 2 1 1 1188 1247 694 1265
326 4 2 1 1 478 631 608 1106
327 4 2 1 1 521 696 845 1186
328 4 2 1 1 377 911 613 1090
329 4 2 1 1 484 655 761 1013
330 4 2 1 1 75 1263 263 1250
331 4 2 1 1 478 608 631 931
332 4 2 1 1 462 730 619 831
333 4 2 1 1 1227 633 936 1085
334 4 2 1 1 519 888 635 1160
335 4 2 1 1 519 587 1127 998
336 4 2 1 1 412 362 596 1112
337 4 2 1 1 710 560 752 843
338 4 2 1 1 825 730 1107 1131
339 4 2 1 1 644 716 513 885
340 4 2 1 1 719 729 593 1204
341 4 2 1 1 480 998 587 1094
342 4 2 1 1 748 814 514 981
343 4 2 1 1 491 707 650 906
344 4 2 1 1 679 928 669 944
345 4 2 1 1 725 647 654 726
346 4 2 1 1 806 816 688 916
347 4 2 1 1 516 798 620 841
348 4 2 1 1 701 684 1041 1132
349 4 2 1 1 776 861 592 1103
350 4 2 1 1 388 393 742 815
351 4 2 1 1 603 980 664 1001
352 4 2 1 1 1247 694 351 978
353 4 2 1 1 379 846 613 911
354 4 2 1 1 469 591 985 1019
355 4 2 1 1 571 772 1099 1190
356 4 2 1 1 612 771 564 1100
357 4 2 1 1 1058 656 711 524
358 4 2 1 1 519 715 635 929
359 4 2 1 1 484 646 761 859
360 4 2 1 1 40 171 1255 1249
361 4 2 1 1 101 546 935 1029
362 4 2 1 1 472 745 910 957
363 4 2 1 1 650 707 491 888
364 4 2 1 1 497 770 715 848
365 4 2 1 1 939 1057 581 746
366 4 2 1 1 997 810 808 781
367 4 2 1 1 435 41 40 1249
368 4 2 1 1 766 934 526 1106
369 4 2 1 1 883 719 975 653
370 4 2 1 1 528 1147 613 786
371 4 2 1 1 480 587 806 1094
372 4 2 1 1 419 662 651 1030
373 4 2 1 1 598 672 481 696
374 4 2 1 1 596 716 667 1207
375 4 2 1 1 1249 828 345 1054
376 4 2 1 1 654 729 717 736
377 4 2 1 1 613 846 379 996
378 4 2 1 1 528 613 996 786
379 4 2 1 1 479 810 651 863
380 4 2 1 1 1255 1249 171 828
381 4 2 1 1 668 558 826 1060
382 4 2 1 1 511 714 809 540
383 4 2 1 1 592 953 462 1079
384 4 2 1 1 486 726 1074 736
385 4 2 1 1 3 21 1271 426
386 4 2 1 1 109 127 85 782
387 4 2 1 1 695 806 587 1094
388 4 2 1 1 484 743 655 1044
389 4 2 1 1 938 665 704 796
390 4 2 1 1 1271 1233 426 21
391 4 2 1 1 354 411 450 821
392 4 2 1 1 898 971 652 460
393 4 2 1 1 1057 939 1168 650
394 4 2 1 1 1105 1206 855 594
395 4 2 1 1 512 613 911 1107
396 4 2 1 1 409 366 410 685
397 4 2 1 1 1271 1233 1192 426
398 4 2 1 1 605 606 496 940
399 4 2 1 1 108 89 116 1122
400 4 2 1 1 469 575 844 942
401 4 2 1 1 684 952 797 1095
402 4 2 1 1 557 826 700 1213
403 4 2 1 1 564 1100 746 612
404 4 2 1 1 478 608 795 1106
405 4 2 1 1 468 1040 669 629
406 4 2 1 1 462 681 664 1079
407 4 2 1 1 511 714 768 809
408 4 2 1 1 474 757 977 1053
409 4 2 1 1 635 715 497 929
410 4 2 1 1 524 656 751 1042
411 4 2 1 1 808 1125 781 479
412 4 2 1 1 1244 434 1265 694
413 4 2 1 1 903 1014 751 1042
414 4 2 1 1 589 761 742 993
415 4 2 1 1 787 528 597 1131
416 4 2 1 1 559 1041 749 627
417 4 2 1 1 460 1062 920 900
418 4 2 1 1 517 753 1010 767
419 4 2 1 1 982 703 649 879
420 4 2 1 1 1215 843 864 471
421 4 2 1 1 499 559 749 627
422 4 2 1 1 588 1045 475 987
423 4 2 1 1 1244 434 45 1265
424 4 2 1 1 667 865 596 1207
425 4 2 1 1 730 825 734 619
426 4 2 1 1 521 656 696 775
427 4 2 1 1 434 7 45 1265
428 4 2 1 1 658 733 471 854
429 4 2 1 1 605 792 496 810
430 4 2 1 1 916 695 806 587
431 4 2 1 1 1238 263 1263 683
432 4 2 1 1 1238 263 46 1263
433 4 2 1 1 200 1267 516 798
434 4 2 1 1 668 669 557 700
435 4 2 1 1 466 861 776 1103
436 4 2 1 1 538 578 671 1068
437 4 2 1 1 812 1045 622 814
438 4 2 1 1 1 16 1269 125
439 4 2 1 1 1159 432 583 815
440 4 2 1 1 704 731 561 1184
441 4 2 1 1 565 1189 570 802
442 4 2 1 1 627 881 705 1041
443 4 2 1 1 513 667 716 1207
444 4 2 1 1 912 918 706 980
445 4 2 1 1 597 568 831 964
446 4 2 1 1 552 745 811 833
447 4 2 1 1 684 797 952 531
448 4 2 1 1 511 619 675 858
449 4 2 1 1 363 364 921 1112
450 4 2 1 1 561 771 612 1002
451 4 2 1 1 463 1012 761 1032
452 4 2 1 1 709 890 697 905
453 4 2 1 1 759 996 613 786
454 4 2 1 1 465 654 717 1092
455 4 2 1 1 1263 46 8 263
456 4 2 1 1 487 729 927 1008
457 4 2 1 1 99 97 96 1176
458 4 2 1 1 1013 628 761 484
459 4 2 1 1 480 781 652 900
460 4 2 1 1 524 872 708 1042
461 4 2 1 1 614 970 893 842
462 4 2 1 1 877 795 956 906
463 4 2 1 1 541 1112 1207 1048
464 4 2 1 1 574 803 788 520
465 4 2 1 1 110 82 118 1065
466 4 2 1 1 495 693 744 859
467 4 2 1 1 486 646 726 647
468 4 2 1 1 506 520 631 780
469 4 2 1 1 613 1147 759 786
470 4 2 1 1 525 696 672 845
471 4 2 1 1 877 956 795 608
472 4 2 1 1 497 715 635 848
473 4 2 1 1 484 761 646 628
474 4 2 1 1 340 865 412 1077
475 4 2 1 1 471 753 658 951
476 4 2 1 1 468 952 684 1095
477 4 2 1 1 143 1027 532 992
478 4 2 1 1 75 1263 8 263
479 4 2 1 1 1237 317 1268 28
480 4 2 1 1 710 751 560 843
481 4 2 1 1 1237 317 645 1268
482 4 2 1 1 471 752 658 753
483 4 2 1 1 561 1076 838 724
484 4 2 1 1 798 945 559 1016
485 4 2 1 1 460 866 809 540
486 4 2 1 1 409 685 410 1030
487 4 2 1 1 2 28 1268 317
488 4 2 1 1 104 1253 598 672
489 4 2 1 1 743 744 356 1077
490 4 2 1 1 930 885 634 1127
491 4 2 1 1 565 1189 802 1173
492 4 2 1 1 462 734 800 619
493 4 2 1 1 587 1094 998 1160
494 4 2 1 1 468 669 679 629
495 4 2 1 1 589 829 836 923
496 4 2 1 1 551 942 943 844
497 4 2 1 1 410 685 365 865
498 4 2 1 1 707 783 650 906
499 4 2 1 1 488 653 933 680
500 4 2 1 1 597 528 787 576
501 4 2 1 1 1245 262 1264 22
502 4 2 1 1 1107 787 1131 528
503 4 2 1 1 912 406 603 334
504 4 2 1 1 235 585 938 1129
505 4 2 1 1 580 883 653 488
506 4 2 1 1 168 717 550 736
507 4 2 1 1 719 729 680 465
508 4 2 1 1 607 1005 657 476
509 4 2 1 1 104 1253 672 114
510 4 2 1 1 771 772 678 967
511 4 2 1 1 517 665 767 1010
512 4 2 1 1 498 675 831 959
513 4 2 1 1 731 853 561 1184
514 4 2 1 1 1161 406 334 603
515 4 2 1 1 902 919 815 1123
516 4 2 1 1 494 733 658 1133
517 4 2 1 1 1036 490 830 671
518 4 2 1 1 1100 678 494 771
519 4 2 1 1 262 22 4 1264
520 4 2 1 1 513 865 667 1207
521 4 2 1 1 138 536 979 590
522 4 2 1 1 77 1241 259 78
523 4 2 1 1 495 1054 979 1214
524 4 2 1 1 370 605 413 820
525 4 2 1 1 945 701 299 1156
526 4 2 1 1 661 898 476 540
527 4 2 1 1 203 516 177 588
528 4 2 1 1 385 583 432 815
529 4 2 1 1 668 558 1060 1095
530 4 2 1 1 1245 262 672 1264
531 4 2 1 1 847 946 671 579
532 4 2 1 1 488 555 974 928
533 4 2 1 1 281 1015 615 851
534 4 2 1 1 602 770 715 497
535 4 2 1 1 494 840 771 967
536 4 2 1 1 1058 656 524 696
537 4 2 1 1 797 952 887 1095
538 4 2 1 1 1133 977 474 757
539 4 2 1 1 587 635 715 483
540 4 2 1 1 640 486 646 693
541 4 2 1 1 1261 20 19 452
542 4 2 1 1 479 781 652 1125
543 4 2 1 1 745 811 518 1035
544 4 2 1 1 174 209 210 1177
545 4 2 1 1 769 855 573 477
546 4 2 1 1 745 833 552 910
547 4 2 1 1 805 806 587 916
548 4 2 1 1 612 561 1002 724
549 4 2 1 1 1261 1231 452 19
550 4 2 1 1 1261 1231 807 452
551 4 2 1 1 152 648 1054 979
552 4 2 1 1 404 1108 1044 1218
553 4 2 1 1 740 996 1140 786
554 4 2 1 1 796 517 704 1184
555 4 2 1 1 609 564 818 802
556 4 2 1 1 452 807 1261 895
557 4 2 1 1 845 1186 961 1221
558 4 2 1 1 533 855 650 956
559 4 2 1 1 249 665 543 767
560 4 2 1 1 633 907 480 997
561 4 2 1 1 506 935 122 936
562 4 2 1 1 318 516 297 798
563 4 2 1 1 970 281 1015 615
564 4 2 1 1 688 817 562 975
565 4 2 1 1 253 70 71 1230
566 4 2 1 1 739 903 600 1020
567 4 2 1 1 483 916 975 719
568 4 2 1 1 1208 178 1235 1061
569 4 2 1 1 512 734 730 825
570 4 2 1 1 687 815 393 1159
571 4 2 1 1 578 946 538 671
572 4 2 1 1 1235 1208 38 178
573 4 2 1 1 669 676 629 1040
574 4 2 1 1 989 563 643 1072
575 4 2 1 1 5 1255 69 435
576 4 2 1 1 469 711 591 914
577 4 2 1 1 42 129 152 1214
578 4 2 1 1 507 701 627 1041
579 4 2 1 1 748 814 892 622
580 4 2 1 1 356 1077 744 1078
581 4 2 1 1 103 598 586 961
582 4 2 1 1 894 1033 504 1154
583 4 2 1 1 1262 1255 435 69
584 4 2 1 1 519 652 1125 712
585 4 2 1 1 638 504 993 1032
586 4 2 1 1 795 545 707 906
587 4 2 1 1 769 882 562 1025
588 4 2 1 1 1227 633 1046 936
589 4 2 1 1 921 1167 625 863
590 4 2 1 1 1001 846 912 911
591 4 2 1 1 507 701 1041 1132
592 4 2 1 1 561 1076 724 723
593 4 2 1 1 367 685 366 863
594 4 2 1 1 335 1007 1161 611
595 4 2 1 1 608 931 616 922
596 4 2 1 1 741 467 688 1148
597 4 2 1 1 685 863 367 921
598 4 2 1 1 644 541 1071 1207
599 4 2 1 1 471 843 864 703
600 4 2 1 1 113 125 87 1085
601 4 2 1 1 568 964 597 1187
602 4 2 1 1 647 654 486 955
603 4 2 1 1 1239 645 207 913
604 4 2 1 1 612 564 771 1084
605 4 2 1 1 705 507 627 1041
606 4 2 1 1 675 948 831 959
607 4 2 1 1 658 854 471 951
608 4 2 1 1 249 995 543 665
609 4 2 1 1 486 729 654 736
610 4 2 1 1 318 700 516 798
611 4 2 1 1 1269 1 15 218
612 4 2 1 1 327 429 448 895
613 4 2 1 1 499 749 620 857
614 4 2 1 1 633 766 480 907
615 4 2 1 1 568 953 831 964
616 4 2 1 1 336 829 417 923
617 4 2 1 1 214 798 841 1101
618 4 2 1 1 1239 216 207 645
619 4 2 1 1 469 709 697 905
620 4 2 1 1 519 635 888 929
621 4 2 1 1 84 586 598 762
622 4 2 1 1 257 247 265 747
623 4 2 1 1 609 564 802 793
624 4 2 1 1 469 708 697 709
625 4 2 1 1 377 1090 613 996
626 4 2 1 1 1269 1252 218 15
627 4 2 1 1 701 702 507 727
628 4 2 1 1 1269 1252 1085 218
629 4 2 1 1 527 496 792 810
630 4 2 1 1 499 559 627 754
631 4 2 1 1 1071 1142 863 625
632 4 2 1 1 469 942 616 985
633 4 2 1 1 525 845 672 1164
634 4 2 1 1 533 650 855 984
635 4 2 1 1 3 1271 76 426
636 4 2 1 1 1133 977 757 571
637 4 2 1 1 681 734 462 980
638 4 2 1 1 511 675 619 1056
639 4 2 1 1 695 1094 587 1160
640 4 2 1 1 831 953 462 964
641 4 2 1 1 738 500 584 1088
642 4 2 1 1 758 990 489 1000
643 4 2 1 1 502 610 1073 1087
644 4 2 1 1 1257 1271 426 76
645 4 2 1 1 761 1012 993 1032
646 4 2 1 1 476 1024 1005 1107
647 4 2 1 1 483 719 599 848
648 4 2 1 1 915 801 628 774
649 4 2 1 1 516 203 841 1096
650 4 2 1 1 620 754 690 798
651 4 2 1 1 541 1207 1112 685
652 4 2 1 1 467 1106 695 1148
653 4 2 1 1 191 210 189 868
654 4 2 1 1 1230 262 1264 672
655 4 2 1 1 506 631 520 673
656 4 2 1 1 559 1041 627 701
657 4 2 1 1 938 665 796 585
658 4 2 1 1 637 541 968 976
659 4 2 1 1 1192 1257 1271 426
660 4 2 1 1 459 594 855 1206
661 4 2 1 1 285 303 319 1038
662 4 2 1 1 576 1125 652 712
663 4 2 1 1 507 618 727 1072
664 4 2 1 1 655 743 484 859
665 4 2 1 1 747 903 751 1042
666 4 2 1 1 576 713 1125 712
667 4 2 1 1 620 841 798 1101
668 4 2 1 1 592 664 876 1073
669 4 2 1 1 524 708 696 1042
670 4 2 1 1 398 740 996 1140
671 4 2 1 1 468 669 1095 684
672 4 2 1 1 494 689 733 1133
673 4 2 1 1 460 866 661 971
674 4 2 1 1 470 811 675 959
675 4 2 1 1 273 310 317 645
676 4 2 1 1 1239 317 645 273
677 4 2 1 1 412 596 359 1077
678 4 2 1 1 637 764 541 976
679 4 2 1 1 483 904 599 975
680 4 2 1 1 1187 776 1141 659
681 4 2 1 1 918 1257 735 1192
682 4 2 1 1 217 34 6 1251
683 4 2 1 1 555 928 679 857
684 4 2 1 1 1251 690 217 34
685 4 2 1 1 482 711 884 1128
686 4 2 1 1 948 959 675 1035
687 4 2 1 1 548 890 697 1026
688 4 2 1 1 550 648 148 736
689 4 2 1 1 1151 801 1012 530
690 4 2 1 1 524 710 656 982
691 4 2 1 1 1151 801 530 1173
692 4 2 1 1 545 809 866 768
693 4 2 1 1 310 1270 1237 1066
694 4 2 1 1 615 893 851 1216
695 4 2 1 1 689 584 738 1217
696 4 2 1 1 310 1270 1066 308
697 4 2 1 1 531 881 705 963
698 4 2 1 1 715 929 602 497
699 4 2 1 1 1270 29 30 308
700 4 2 1 1 598 586 961 1186
701 4 2 1 1 471 733 658 752
702 4 2 1 1 1240 272 690 754
703 4 2 1 1 559 679 749 684
704 4 2 1 1 470 721 832 722
705 4 2 1 1 538 789 870 1039
706 4 2 1 1 30 1270 308 1065
707 4 2 1 1 611 502 610 876
708 4 2 1 1 912 406 334 396
709 4 2 1 1 748 922 814 981
710 4 2 1 1 613 730 512 1001
711 4 2 1 1 805 885 634 997
712 4 2 1 1 654 729 486 955
713 4 2 1 1 308 1065 1270 1066
714 4 2 1 1 833 1037 482 720
715 4 2 1 1 571 1031 967 772
716 4 2 1 1 861 1187 659 776
717 4 2 1 1 855 884 477 1043
718 4 2 1 1 398 996 740 1145
719 4 2 1 1 462 730 664 980
720 4 2 1 1 1088 882 769 1025
721 4 2 1 1 650 956 855 1034
722 4 2 1 1 755 805 587 916
723 4 2 1 1 186 487 779 794
724 4 2 1 1 672 696 598 845
725 4 2 1 1 708 914 524 1058
726 4 2 1 1 1157 929 713 1080
727 4 2 1 1 1146 697 892 591
728 4 2 1 1 592 664 1073 1079
729 4 2 1 1 524 1058 914 711
730 4 2 1 1 345 329 341 828
731 4 2 1 1 483 904 663 848
732 4 2 1 1 541 644 1048 1207
733 4 2 1 1 597 831 730 964
734 4 2 1 1 502 603 706 980
735 4 2 1 1 1015 1072 989 702
736 4 2 1 1 583 432 414 385
737 4 2 1 1 731 990 489 1059
738 4 2 1 1 688 562 817 741
739 4 2 1 1 362 359 412 596
740 4 2 1 1 345 435 329 828
741 4 2 1 1 513 808 644 885
742 4 2 1 1 685 1071 541 1207
743 4 2 1 1 1242 784 1085 821
744 4 2 1 1 1184 472 704 796
745 4 2 1 1 462 734 730 980
746 4 2 1 1 1242 442 16 1269
747 4 2 1 1 606 871 652 898
748 4 2 1 1 418 350 454 894
749 4 2 1 1 1208 133 648 1061
750 4 2 1 1 635 1126 663 939
751 4 2 1 1 904 579 663 848
752 4 2 1 1 883 555 629 882
753 4 2 1 1 436 333 441 972
754 4 2 1 1 1 16 442 1269
755 4 2 1 1 571 678 967 494
756 4 2 1 1 596 412 865 1077
757 4 2 1 1 179 784 633 1085
758 4 2 1 1 589 742 655 1108
759 4 2 1 1 670 557 669 700
760 4 2 1 1 566 475 548 788
761 4 2 1 1 627 749 499 881
762 4 2 1 1 645 216 10 1268
763 4 2 1 1 160 758 990 683
764 4 2 1 1 1268 216 2 58
765 4 2 1 1 549 788 574 803
766 4 2 1 1 2 28 124 1268
767 4 2 1 1 1268 10 2 216
768 4 2 1 1 93 1029 547 1124
769 4 2 1 1 585 472 938 1117
770 4 2 1 1 539 870 789 1039
771 4 2 1 1 805 1127 885 1116
772 4 2 1 1 668 1060 557 1095
773 4 2 1 1 765 659 503 1123
774 4 2 1 1 910 1002 1183 624
775 4 2 1 1 485 697 692 892
776 4 2 1 1 659 1123 765 776
777 4 2 1 1 272 1267 1234 798
778 4 2 1 1 576 652 871 898
779 4 2 1 1 272 1267 798 297
780 4 2 1 1 589 836 954 1032
781 4 2 1 1 561 731 704 838
782 4 2 1 1 549 574 890 943
783 4 2 1 1 593 729 719 955
784 4 2 1 1 1226 297 1267 61
785 4 2 1 1 500 822 663 965
786 4 2 1 1 523 757 705 896
787 4 2 1 1 1226 297 516 1267
788 4 2 1 1 101 111 673 935
789 4 2 1 1 1144 1203 1101 690
790 4 2 1 1 503 1013 742 1218
791 4 2 1 1 1066 913 302 849
792 4 2 1 1 546 935 623 937
793 4 2 1 1 670 475 812 1130
794 4 2 1 1 585 938 472 796
795 4 2 1 1 340 667 865 1077
796 4 2 1 1 62 1267 297 61
797 4 2 1 1 333 79 326 737
798 4 2 1 1 335 972 611 1161
799 4 2 1 1 580 883 488 1017
800 4 2 1 1 504 728 638 760
801 4 2 1 1 1146 697 591 879
802 4 2 1 1 150 990 758 1000
803 4 2 1 1 1267 297 516 798
804 4 2 1 1 887 1095 952 1202
805 4 2 1 1 460 707 866 971
806 4 2 1 1 723 724 612 1181
807 4 2 1 1 588 516 791 1110
808 4 2 1 1 460 661 898 971
809 4 2 1 1 1230 311 1266 747
810 4 2 1 1 465 680 599 926
811 4 2 1 1 1230 311 71 1266
812 4 2 1 1 496 810 527 1097
813 4 2 1 1 801 924 609 1173
814 4 2 1 1 214 798 1101 200
815 4 2 1 1 311 1266 72 71
816 4 2 1 1 969 930 602 461
817 4 2 1 1 504 1119 1033 1171
818 4 2 1 1 715 755 593 461
819 4 2 1 1 72 1266 311 1219
820 4 2 1 1 697 890 709 1026
821 4 2 1 1 653 975 916 719
822 4 2 1 1 512 911 639 1107
823 4 2 1 1 626 800 745 1035
824 4 2 1 1 671 578 946 847
825 4 2 1 1 482 884 1075 1128
826 4 2 1 1 1266 747 311 1219
827 4 2 1 1 1230 262 672 253
828 4 2 1 1 104 845 672 598
829 4 2 1 1 1082 774 958 1109
830 4 2 1 1 560 656 710 1037
831 4 2 1 1 463 628 761 1012
832 4 2 1 1 498 831 686 959
833 4 2 1 1 553 948 675 1035
834 4 2 1 1 531 749 684 1041
835 4 2 1 1 261 51 7 1265
836 4 2 1 1 1188 1265 51 261
837 4 2 1 1 688 816 817 975
838 4 2 1 1 583 815 919 1123
839 4 2 1 1 608 1105 956 1148
840 4 2 1 1 1188 1247 1265 261
841 4 2 1 1 93 547 947 1124
842 4 2 1 1 934 1106 766 1165
843 4 2 1 1 744 828 693 1054
844 4 2 1 1 1264 672 126 1122
845 4 2 1 1 840 1100 733 494
846 4 2 1 1 4 70 1264 315
847 4 2 1 1 471 643 703 864
848 4 2 1 1 558 797 887 1095
849 4 2 1 1 763 776 583 1141
850 4 2 1 1 635 1126 939 497
851 4 2 1 1 638 463 728 1032
852 4 2 1 1 622 748 514 1040
853 4 2 1 1 468 684 952 983
854 4 2 1 1 478 795 608 877
855 4 2 1 1 921 1167 863 369
856 4 2 1 1 343 411 413 1199
857 4 2 1 1 805 885 1127 634
858 4 2 1 1 1230 1264 70 315
859 4 2 1 1 831 948 686 959
860 4 2 1 1 668 557 669 1095
861 4 2 1 1 497 770 848 955
862 4 2 1 1 551 942 844 1155
863 4 2 1 1 489 758 683 990
864 4 2 1 1 707 888 650 1168
865 4 2 1 1 518 957 745 1035
866 4 2 1 1 563 703 643 864
867 4 2 1 1 41 323 42 1214
868 4 2 1 1 1230 1264 315 672
869 4 2 1 1 1026 548 566 692
870 4 2 1 1 790 812 622 892
871 4 2 1 1 544 1149 852 850
872 4 2 1 1 57 8 314 1263
873 4 2 1 1 1263 1250 683 263
874 4 2 1 1 440 1007 763 1161
875 4 2 1 1 334 603 912 972
876 4 2 1 1 606 510 834 940
877 4 2 1 1 964 1147 597 1187
878 4 2 1 1 681 800 505 1079
879 4 2 1 1 1071 1142 625 871
880 4 2 1 1 553 811 675 722
881 4 2 1 1 482 720 711 1128
882 4 2 1 1 522 805 582 1116
883 4 2 1 1 712 1082 597 1109
884 4 2 1 1 460 661 866 540
885 4 2 1 1 507 702 701 1132
886 4 2 1 1 524 708 872 614
887 4 2 1 1 544 1149 850 727
888 4 2 1 1 847 579 599 465
889 4 2 1 1 519 587 715 1127
890 4 2 1 1 188 580 1096 868
891 4 2 1 1 1246 1263 57 314
892 4 2 1 1 1246 1263 314 683
893 4 2 1 1 480 633 997 1097
894 4 2 1 1 752 796 624 840
895 4 2 1 1 461 885 1116 1134
896 4 2 1 1 459 663 939 1034
897 4 2 1 1 921 1167 369 1145
898 4 2 1 1 620 798 690 1101
899 4 2 1 1 513 716 644 1207
900 4 2 1 1 514 1040 676 1045
901 4 2 1 1 676 1040 669 1045
902 4 2 1 1 733 854 658 1133
903 4 2 1 1 484 764 628 1157
904 4 2 1 1 78 1229 79 333
905 4 2 1 1 507 727 618 896
906 4 2 1 1 739 909 903 1020
907 4 2 1 1 132 151 146 1188
908 4 2 1 1 467 806 695 1165
909 4 2 1 1 1143 864 643 951
910 4 2 1 1 800 505 626 1115
911 4 2 1 1 726 1121 725 647
912 4 2 1 1 552 775 721 1009
913 4 2 1 1 593 715 770 848
914 4 2 1 1 846 1161 763 603
915 4 2 1 1 444 363 402 968
916 4 2 1 1 593 1204 729 1222
917 4 2 1 1 998 781 1125 652
918 4 2 1 1 440 414 763 1007
919 4 2 1 1 608 1106 467 1148
920 4 2 1 1 588 475 1045 670
921 4 2 1 1 720 833 811 869
922 4 2 1 1 814 922 548 1158
923 4 2 1 1 461 1116 885 1127
924 4 2 1 1 854 951 658 1133
925 4 2 1 1 651 792 419 1114
926 4 2 1 1 589 923 836 1163
927 4 2 1 1 1133 1217 977 494
928 4 2 1 1 741 1105 608 1148
929 4 2 1 1 126 33 4 1264
930 4 2 1 1 133 828 1061 171
931 4 2 1 1 696 708 524 1058
932 4 2 1 1 1229 79 333 737
933 4 2 1 1 599 904 483 848
934 4 2 1 1 1045 475 987 814
935 4 2 1 1 539 789 870 1055
936 4 2 1 1 1229 737 333 972
937 4 2 1 1 610 611 876 1006
938 4 2 1 1 1227 208 633 179
939 4 2 1 1 1004 833 1075 691
940 4 2 1 1 1229 502 972 706
941 4 2 1 1 533 650 869 906
942 4 2 1 1 496 606 810 1097
943 4 2 1 1 1068 977 870 1053
944 4 2 1 1 419 651 662 792
945 4 2 1 1 855 884 691 573
946 4 2 1 1 559 679 944 620
947 4 2 1 1 1234 316 272 690
948 4 2 1 1 619 831 730 1131
949 4 2 1 1 465 946 847 579
950 4 2 1 1 639 825 512 1107
951 4 2 1 1 584 494 689 1093
952 4 2 1 1 190 535 633 908
953 4 2 1 1 746 837 691 1100
954 4 2 1 1 559 754 620 798
955 4 2 1 1 775 995 585 1051
956 4 2 1 1 1004 833 691 624
957 4 2 1 1 459 855 822 1206
958 4 2 1 1 725 537 925 1172
959 4 2 1 1 481 995 775 1051
960 4 2 1 1 564 473 771 802
961 4 2 1 1 541 740 921 968
962 4 2 1 1 524 751 710 703
963 4 2 1 1 922 748 741 981
964 4 2 1 1 1262 68 69 329
965 4 2 1 1 1203 1144 556 994
966 4 2 1 1 764 1080 628 1157
967 4 2 1 1 459 691 746 837
968 4 2 1 1 503 687 765 815
969 4 2 1 1 101 935 546 937
970 4 2 1 1 656 751 481 1051
971 4 2 1 1 448 330 895 1063
972 4 2 1 1 511 866 809 768
973 4 2 1 1 514 1017 676 1040
974 4 2 1 1 606 834 496 940
975 4 2 1 1 486 770 647 955
976 4 2 1 1 657 787 528 1136
977 4 2 1 1 1256 937 630 821
978 4 2 1 1 471 733 649 854
979 4 2 1 1 933 974 556 1101
980 4 2 1 1 493 693 641 828
981 4 2 1 1 624 560 752 710
982 4 2 1 1 494 584 837 1093
983 4 2 1 1 668 1095 669 684
984 4 2 1 1 502 737 610 1087
985 4 2 1 1 675 811 470 722
986 4 2 1 1 69 1262 329 435
987 4 2 1 1 196 493 1104 1061
988 4 2 1 1 836 894 504 1163
989 4 2 1 1 1262 68 329 1104
990 4 2 1 1 1262 828 329 435
991 4 2 1 1 1262 1104 828 1061
992 4 2 1 1 846 1161 603 406
993 4 2 1 1 610 978 1033 1064
994 4 2 1 1 463 801 628 1012
995 4 2 1 1 81 1247 250 261
996 4 2 1 1 47 48 244 990
997 4 2 1 1 469 985 616 1019
998 4 2 1 1 97 1070 96 1176
999 4 2 1 1 418 894 687 1159
1000 4 2 1 1 667 716 596 1098
1001 4 2 1 1 524 696 656 1042
1002 4 2 1 1 608 1043 956 1105
1003 4 2 1 1 125 1 15 1269
1004 4 2 1 1 662 66 342 65
1005 4 2 1 1 705 627 507 850
1006 4 2 1 1 662 65 342 1166
1007 4 2 1 1 638 728 504 1032
1008 4 2 1 1 463 628 646 761
1009 4 2 1 1 548 697 692 1026
1010 4 2 1 1 468 669 1040 1202
1011 4 2 1 1 1058 656 696 521
1012 4 2 1 1 501 776 763 1141
1013 4 2 1 1 1217 965 973 750
1014 4 2 1 1 829 836 1214 954
1015 4 2 1 1 638 765 993 1154
1016 4 2 1 1 175 1208 37 1203
1017 4 2 1 1 1251 6 52 170
1018 4 2 1 1 1143 864 951 618
1019 4 2 1 1 658 840 967 853
1020 4 2 1 1 879 614 524 703
1021 4 2 1 1 569 637 976 1089
1022 4 2 1 1 536 142 147 1111
1023 4 2 1 1 1115 1117 604 938
1024 4 2 1 1 1251 63 6 217
1025 4 2 1 1 1083 549 118 1065
1026 4 2 1 1 503 742 687 815
1027 4 2 1 1 671 965 750 973
1028 4 2 1 1 1232 54 55 128
1029 4 2 1 1 1234 180 217 690
1030 4 2 1 1 745 800 553 1035
1031 4 2 1 1 998 781 652 480
1032 4 2 1 1 471 643 864 951
1033 4 2 1 1 575 832 777 470
1034 4 2 1 1 667 596 1077 1098
1035 4 2 1 1 357 829 744 1200
1036 4 2 1 1 875 921 541 1112
1037 4 2 1 1 814 892 812 548
1038 4 2 1 1 790 812 892 692
1039 4 2 1 1 510 940 820 960
1040 4 2 1 1 783 869 650 906
1041 4 2 1 1 765 1006 776 1194
1042 4 2 1 1 38 37 182 1208
1043 4 2 1 1 564 818 802 1084
1044 4 2 1 1 676 1017 629 1040
1045 4 2 1 1 477 748 632 769
1046 4 2 1 1 602 930 715 461
1047 4 2 1 1 536 736 147 979
1048 4 2 1 1 1208 182 38 178
1049 4 2 1 1 620 1144 499 857
1050 4 2 1 1 697 708 529 709
1051 4 2 1 1 790 813 558 1060
1052 4 2 1 1 1246 56 57 134
1053 4 2 1 1 971 597 576 712
1054 4 2 1 1 838 938 505 1086
1055 4 2 1 1 470 777 768 832
1056 4 2 1 1 404 742 1108 1218
1057 4 2 1 1 1261 327 20 452
1058 4 2 1 1 814 812 892 622
1059 4 2 1 1 534 1064 694 1188
1060 4 2 1 1 327 452 1261 895
1061 4 2 1 1 286 849 756 566
1062 4 2 1 1 124 10 2 1268
1063 4 2 1 1 857 974 620 1144
1064 4 2 1 1 601 525 872 1042
1065 4 2 1 1 507 705 835 1041
1066 4 2 1 1 237 665 585 995
1067 4 2 1 1 993 1012 638 1032
1068 4 2 1 1 522 805 755 916
1069 4 2 1 1 459 663 677 939
1070 4 2 1 1 658 752 517 753
1071 4 2 1 1 628 1080 602 1157
1072 4 2 1 1 480 805 587 998
1073 4 2 1 1 1261 1233 20 327
1074 4 2 1 1 592 876 776 1103
1075 4 2 1 1 576 787 661 898
1076 4 2 1 1 1133 977 571 494
1077 4 2 1 1 503 687 742 993
1078 4 2 1 1 697 591 469 1019
1079 4 2 1 1 863 605 370 1167
1080 4 2 1 1 657 787 1136 1196
1081 4 2 1 1 1240 170 690 1251
1082 4 2 1 1 763 1007 611 1161
1083 4 2 1 1 1240 272 754 305
1084 4 2 1 1 1133 1217 474 977
1085 4 2 1 1 335 1161 1007 440
1086 4 2 1 1 1261 1233 327 567
1087 4 2 1 1 327 895 1261 567
1088 4 2 1 1 965 459 677 837
1089 4 2 1 1 598 672 248 824
1090 4 2 1 1 956 1105 594 1148
1091 4 2 1 1 495 646 859 1052
1092 4 2 1 1 559 1041 701 684
1093 4 2 1 1 915 801 774 530
1094 4 2 1 1 305 1260 1240 53
1095 4 2 1 1 697 469 591 914
1096 4 2 1 1 494 733 689 1093
1097 4 2 1 1 53 54 290 1260
1098 4 2 1 1 1251 34 6 170
1099 4 2 1 1 305 1260 53 290
1100 4 2 1 1 463 646 628 647
1101 4 2 1 1 548 922 814 892
1102 4 2 1 1 1036 490 671 579
1103 4 2 1 1 1260 1232 54 290
1104 4 2 1 1 482 1075 720 1128
1105 4 2 1 1 473 802 925 1118
1106 4 2 1 1 290 754 1260 886
1107 4 2 1 1 1100 678 771 564
1108 4 2 1 1 666 1134 716 1135
1109 4 2 1 1 1151 801 1173 924
1110 4 2 1 1 649 854 733 1174
1111 4 2 1 1 778 795 545 920
1112 4 2 1 1 1260 1232 290 886
1113 4 2 1 1 503 765 687 993
1114 4 2 1 1 551 1083 1164 804
1115 4 2 1 1 459 822 663 1206
1116 4 2 1 1 846 911 396 912
1117 4 2 1 1 166 867 572 889
1118 4 2 1 1 638 993 504 1154
1119 4 2 1 1 1240 170 1251 52
1120 4 2 1 1 177 516 1226 791
1121 4 2 1 1 211 210 191 1003
1122 4 2 1 1 12 202 11 782
1123 4 2 1 1 166 867 698 1188
1124 4 2 1 1 863 370 605 1114
1125 4 2 1 1 345 323 41 1054
1126 4 2 1 1 463 628 801 647
1127 4 2 1 1 712 707 498 1168
1128 4 2 1 1 1082 774 1109 712
1129 4 2 1 1 477 616 985 1019
1130 4 2 1 1 726 1121 1172 725
1131 4 2 1 1 486 693 927 1074
1132 4 2 1 1 561 772 771 967
1133 4 2 1 1 691 884 855 1075
1134 4 2 1 1 468 679 669 684
1135 4 2 1 1 634 808 644 1125
1136 4 2 1 1 1157 929 1080 602
1137 4 2 1 1 309 700 284 1213
1138 4 2 1 1 11 202 645 782
1139 4 2 1 1 239 990 1059 489
1140 4 2 1 1 525 872 708 1067
1141 4 2 1 1 324 44 43 1259
1142 4 2 1 1 895 332 607 1005
1143 4 2 1 1 764 976 637 1089
1144 4 2 1 1 386 919 902 383
1145 4 2 1 1 513 716 666 885
1146 4 2 1 1 889 1190 1099 572
1147 4 2 1 1 369 367 863 921
1148 4 2 1 1 688 1105 741 1148
1149 4 2 1 1 455 1259 43 836
1150 4 2 1 1 1259 1244 324 44
1151 4 2 1 1 653 883 817 975
1152 4 2 1 1 498 971 597 1056
1153 4 2 1 1 657 1136 819 1196
1154 4 2 1 1 478 778 777 1029
1155 4 2 1 1 481 751 747 995
1156 4 2 1 1 894 1259 836 1171
1157 4 2 1 1 624 752 560 796
1158 4 2 1 1 894 1259 1171 1244
1159 4 2 1 1 713 929 519 712
1160 4 2 1 1 27 26 225 1258
1161 4 2 1 1 769 822 573 855
1162 4 2 1 1 208 633 179 784
1163 4 2 1 1 1115 1117 938 472
1164 4 2 1 1 522 806 805 916
1165 4 2 1 1 480 587 805 806
1166 4 2 1 1 520 631 931 1175
1167 4 2 1 1 888 929 635 1120
1168 4 2 1 1 592 964 953 1210
1169 4 2 1 1 614 703 563 842
1170 4 2 1 1 253 672 1230 747
1171 4 2 1 1 506 631 673 934
1172 4 2 1 1 599 579 904 848
1173 4 2 1 1 734 980 735 918
1174 4 2 1 1 471 710 752 843
1175 4 2 1 1 473 802 793 925
1176 4 2 1 1 648 495 979 1074
1177 4 2 1 1 565 728 638 924
1178 4 2 1 1 331 401 439 1225
1179 4 2 1 1 1146 697 879 485
1180 4 2 1 1 1146 697 485 892
1181 4 2 1 1 1209 535 189 986
1182 4 2 1 1 504 1033 1119 760
1183 4 2 1 1 1258 225 27 264
1184 4 2 1 1 1045 475 814 812
1185 4 2 1 1 1215 843 471 753
1186 4 2 1 1 653 817 816 975
1187 4 2 1 1 1258 225 264 1192
1188 4 2 1 1 1120 1082 712 774
1189 4 2 1 1 667 1098 1135 716
1190 4 2 1 1 470 768 722 832
1191 4 2 1 1 904 883 882 599
1192 4 2 1 1 225 1258 1011 1192
1193 4 2 1 1 759 763 501 846
1194 4 2 1 1 515 797 643 835
1195 4 2 1 1 1234 1101 200 180
1196 4 2 1 1 1252 14 15 87
1197 4 2 1 1 1258 1228 26 225
1198 4 2 1 1 681 734 980 595
1199 4 2 1 1 588 676 516 1110
1200 4 2 1 1 788 814 548 1158
1201 4 2 1 1 1258 1228 225 1011
1202 4 2 1 1 322 1257 77 1241
1203 4 2 1 1 1161 334 406 421
1204 4 2 1 1 946 579 465 1036
1205 4 2 1 1 461 716 885 1134
1206 4 2 1 1 579 965 663 1126
1207 4 2 1 1 746 1100 691 1183
1208 4 2 1 1 383 919 902 1140
1209 4 2 1 1 402 921 740 968
1210 4 2 1 1 664 980 730 1001
1211 4 2 1 1 541 644 713 1157
1212 4 2 1 1 500 973 671 847
1213 4 2 1 1 453 1257 76 77
1214 4 2 1 1 386 919 383 385
1215 4 2 1 1 426 1257 76 453
1216 4 2 1 1 322 77 1257 453
1217 4 2 1 1 382 759 919 381
1218 4 2 1 1 393 815 387 1159
1219 4 2 1 1 526 795 778 920
1220 4 2 1 1 87 936 1085 1227
1221 4 2 1 1 511 540 682 714
1222 4 2 1 1 713 1080 929 712
1223 4 2 1 1 232 636 839 838
1224 4 2 1 1 133 828 171 159
1225 4 2 1 1 576 898 661 971
1226 4 2 1 1 522 794 779 653
1227 4 2 1 1 668 826 557 1060
1228 4 2 1 1 541 713 644 1071
1229 4 2 1 1 811 833 518 869
1230 4 2 1 1 545 777 768 470
1231 4 2 1 1 1192 348 1257 426
1232 4 2 1 1 606 871 510 1142
1233 4 2 1 1 148 736 648 979
1234 4 2 1 1 544 287 1022 1170
1235 4 2 1 1 1013 628 484 764
1236 4 2 1 1 683 990 239 489
1237 4 2 1 1 635 1126 497 848
1238 4 2 1 1 348 1257 426 453
1239 4 2 1 1 513 885 666 1049
1240 4 2 1 1 484 637 764 1048
1241 4 2 1 1 524 614 1014 703
1242 4 2 1 1 534 229 228 874
1243 4 2 1 1 822 855 769 1206
1244 4 2 1 1 614 1014 703 842
1245 4 2 1 1 160 758 683 162
1246 4 2 1 1 773 983 952 531
1247 4 2 1 1 725 1121 925 1162
1248 4 2 1 1 566 286 851 1130
1249 4 2 1 1 107 936 1227 1046
1250 4 2 1 1 411 343 450 1199
1251 4 2 1 1 135 1240 690 754
1252 4 2 1 1 855 984 650 1034
1253 4 2 1 1 485 790 632 892
1254 4 2 1 1 810 863 1114 651
1255 4 2 1 1 643 703 563 813
1256 4 2 1 1 601 1122 306 312
1257 4 2 1 1 1256 18 17 321
1258 4 2 1 1 912 918 980 512
1259 4 2 1 1 437 336 42 1214
1260 4 2 1 1 1082 774 581 958
1261 4 2 1 1 562 741 688 1105
1262 4 2 1 1 638 659 765 466
1263 4 2 1 1 921 1167 1145 625
1264 4 2 1 1 474 689 738 1217
1265 4 2 1 1 963 973 738 856
1266 4 2 1 1 458 912 911 918
1267 4 2 1 1 566 851 286 1038
1268 4 2 1 1 490 750 671 965
1269 4 2 1 1 1043 1105 608 922
1270 4 2 1 1 1256 18 321 630
1271 4 2 1 1 359 360 743 875
1272 4 2 1 1 498 650 783 959
1273 4 2 1 1 1117 1129 509 1185
1274 4 2 1 1 716 461 640 1134
1275 4 2 1 1 478 777 699 1029
1276 4 2 1 1 1089 1218 637 1013
1277 4 2 1 1 730 825 619 1131
1278 4 2 1 1 894 1259 1244 324
1279 4 2 1 1 500 579 599 847
1280 4 2 1 1 833 869 720 1075
1281 4 2 1 1 443 331 438 1063
1282 4 2 1 1 75 1250 226 74
1283 4 2 1 1 479 652 606 871
1284 4 2 1 1 700 944 798 945
1285 4 2 1 1 288 849 566 878
1286 4 2 1 1 88 645 1237 1066
1287 4 2 1 1 469 697 708 914
1288 4 2 1 1 499 992 1144 165
1289 4 2 1 1 802 565 925 1118
1290 4 2 1 1 354 1256 1242 17
1291 4 2 1 1 611 1006 610 1195
1292 4 2 1 1 516 798 700 944
1293 4 2 1 1 635 1126 848 663
1294 4 2 1 1 938 665 585 234
1295 4 2 1 1 368 367 366 863
1296 4 2 1 1 564 473 802 793
1297 4 2 1 1 488 974 555 926
1298 4 2 1 1 610 1169 999 876
1299 4 2 1 1 846 1161 406 384
1300 4 2 1 1 551 942 1155 699
1301 4 2 1 1 643 471 703 1193
1302 4 2 1 1 790 812 692 557
1303 4 2 1 1 638 463 1032 1012
1304 4 2 1 1 705 963 881 1053
1305 4 2 1 1 354 1256 17 321
1306 4 2 1 1 492 802 818 1084
1307 4 2 1 1 496 606 623 834
1308 4 2 1 1 634 808 781 997
1309 4 2 1 1 519 1125 713 712
1310 4 2 1 1 747 751 543 995
1311 4 2 1 1 730 597 964 1147
1312 4 2 1 1 500 671 579 847
1313 4 2 1 1 473 678 772 1099
1314 4 2 1 1 619 831 675 948
1315 4 2 1 1 471 733 752 710
1316 4 2 1 1 321 1256 630 821
1317 4 2 1 1 39 5 1255 215
1318 4 2 1 1 507 727 702 1072
1319 4 2 1 1 374 657 819 1180
1320 4 2 1 1 1235 1255 215 39
1321 4 2 1 1 790 558 813 887
1322 4 2 1 1 471 710 843 703
1323 4 2 1 1 586 120 94 508
1324 4 2 1 1 1235 1255 1061 215
1325 4 2 1 1 918 1257 1192 348
1326 4 2 1 1 477 892 922 1019
1327 4 2 1 1 90 807 91 567
1328 4 2 1 1 205 35 34 690
1329 4 2 1 1 405 687 742 393
1330 4 2 1 1 460 707 652 920
1331 4 2 1 1 603 912 706 980
1332 4 2 1 1 474 738 963 973
1333 4 2 1 1 900 920 526 1062
1334 4 2 1 1 904 883 599 975
1335 4 2 1 1 525 1067 804 1083
1336 4 2 1 1 462 730 831 964
1337 4 2 1 1 756 1130 700 1213
1338 4 2 1 1 592 861 964 1210
1339 4 2 1 1 573 884 691 1004
1340 4 2 1 1 748 1105 922 741
1341 4 2 1 1 533 869 650 984
1342 4 2 1 1 382 759 381 380
1343 4 2 1 1 191 203 219 1096
1344 4 2 1 1 561 636 731 838
1345 4 2 1 1 536 725 654 726
1346 4 2 1 1 759 846 501 1147
1347 4 2 1 1 217 690 205 34
1348 4 2 1 1 398 740 422 1145
1349 4 2 1 1 525 708 696 1058
1350 4 2 1 1 713 644 479 1125
1351 4 2 1 1 611 610 502 737
1352 4 2 1 1 678 793 539 1099
1353 4 2 1 1 110 29 30 1270
1354 4 2 1 1 1015 1072 563 989
1355 4 2 1 1 60 1254 298 59
1356 4 2 1 1 249 995 665 237
1357 4 2 1 1 655 743 744 1200
1358 4 2 1 1 60 298 1254 791
1359 4 2 1 1 625 871 880 1071
1360 4 2 1 1 900 920 652 1094
1361 4 2 1 1 622 1040 669 1202
1362 4 2 1 1 574 699 942 943
1363 4 2 1 1 629 669 679 928
1364 4 2 1 1 90 83 91 807
1365 4 2 1 1 902 388 403 1218
1366 4 2 1 1 689 854 733 1133
1367 4 2 1 1 580 816 653 817
1368 4 2 1 1 365 865 685 1112
1369 4 2 1 1 448 452 327 895
1370 4 2 1 1 1254 791 298 913
1371 4 2 1 1 1247 250 80 81
1372 4 2 1 1 840 1002 624 1100
1373 4 2 1 1 552 775 1009 1117
1374 4 2 1 1 524 1014 872 1042
1375 4 2 1 1 692 697 548 892
1376 4 2 1 1 661 898 787 476
1377 4 2 1 1 495 827 646 1052
1378 4 2 1 1 665 517 796 1010
1379 4 2 1 1 649 703 471 1193
1380 4 2 1 1 273 1254 1239 59
1381 4 2 1 1 495 648 693 1074
1382 4 2 1 1 500 882 599 904
1383 4 2 1 1 484 646 859 640
1384 4 2 1 1 407 875 637 1044
1385 4 2 1 1 716 640 461 969
1386 4 2 1 1 484 628 646 640
1387 4 2 1 1 616 877 608 1043
1388 4 2 1 1 480 997 781 1097
1389 4 2 1 1 593 955 719 848
1390 4 2 1 1 312 296 307 601
1391 4 2 1 1 492 818 802 1173
1392 4 2 1 1 485 632 790 887
1393 4 2 1 1 512 730 734 980
1394 4 2 1 1 763 759 1141 919
1395 4 2 1 1 705 757 523 474
1396 4 2 1 1 368 366 409 863
1397 4 2 1 1 267 313 301 909
1398 4 2 1 1 488 926 680 974
1399 4 2 1 1 280 283 284 826
1400 4 2 1 1 273 1254 59 298
1401 4 2 1 1 500 599 882 847
1402 4 2 1 1 514 814 622 1045
1403 4 2 1 1 646 463 761 827
1404 4 2 1 1 609 565 802 1173
1405 4 2 1 1 847 882 926 599
1406 4 2 1 1 465 642 847 946
1407 4 2 1 1 467 695 688 1148
1408 4 2 1 1 713 1071 871 479
1409 4 2 1 1 1236 248 1253 24
1410 4 2 1 1 544 287 1170 1178
1411 4 2 1 1 1217 837 965 1018
1412 4 2 1 1 248 24 23 1253
1413 4 2 1 1 119 99 127 1220
1414 4 2 1 1 467 741 817 981
1415 4 2 1 1 712 888 707 1168
1416 4 2 1 1 1266 247 72 71
1417 4 2 1 1 281 851 615 893
1418 4 2 1 1 464 976 1157 764
1419 4 2 1 1 504 894 836 1171
1420 4 2 1 1 1236 248 598 1253
1421 4 2 1 1 597 831 498 1056
1422 4 2 1 1 472 938 704 796
1423 4 2 1 1 168 550 148 736
1424 4 2 1 1 227 1253 23 1245
1425 4 2 1 1 515 643 797 887
1426 4 2 1 1 541 764 637 1048
1427 4 2 1 1 479 644 808 1125
1428 4 2 1 1 227 1253 1245 672
1429 4 2 1 1 110 1065 118 1066
1430 4 2 1 1 591 879 697 914
1431 4 2 1 1 334 603 972 1161
1432 4 2 1 1 219 588 791 913
1433 4 2 1 1 351 621 978 694
1434 4 2 1 1 541 1048 875 1112
1435 4 2 1 1 129 836 590 954
1436 4 2 1 1 1226 318 516 297
1437 4 2 1 1 621 1033 894 1154
1438 4 2 1 1 248 598 1253 672
1439 4 2 1 1 678 772 571 967
1440 4 2 1 1 694 350 621 894
1441 4 2 1 1 171 5 40 1255
1442 4 2 1 1 179 14 15 1252
1443 4 2 1 1 464 712 774 1080
1444 4 2 1 1 471 854 649 1193
1445 4 2 1 1 724 626 505 1115
1446 4 2 1 1 887 790 1095 1202
1447 4 2 1 1 212 666 823 1104
1448 4 2 1 1 179 15 218 1252
1449 4 2 1 1 179 1252 218 1085
1450 4 2 1 1 378 375 377 996
1451 4 2 1 1 600 864 843 703
1452 4 2 1 1 713 479 644 1071
1453 4 2 1 1 660 1027 532 1053
1454 4 2 1 1 459 855 594 1034
1455 4 2 1 1 498 650 959 1057
1456 4 2 1 1 479 808 651 810
1457 4 2 1 1 1252 1227 179 14
1458 4 2 1 1 652 998 1094 1160
1459 4 2 1 1 1252 1227 1085 179
1460 4 2 1 1 229 731 636 838
1461 4 2 1 1 779 794 487 653
1462 4 2 1 1 412 596 865 1112
1463 4 2 1 1 568 953 964 1210
1464 4 2 1 1 410 365 685 366
1465 4 2 1 1 472 910 745 1117
1466 4 2 1 1 1144 1101 1203 556
1467 4 2 1 1 224 250 242 1064
1468 4 2 1 1 565 609 924 1173
1469 4 2 1 1 145 143 164 992
1470 4 2 1 1 485 790 813 887
1471 4 2 1 1 555 773 856 983
1472 4 2 1 1 360 743 875 1044
1473 4 2 1 1 839 1073 610 1087
1474 4 2 1 1 316 6 52 1251
1475 4 2 1 1 156 164 886 165
1476 4 2 1 1 584 973 738 1217
1477 4 2 1 1 265 824 747 995
1478 4 2 1 1 511 722 675 768
1479 4 2 1 1 185 487 186 1008
1480 4 2 1 1 369 371 921 1145
1481 4 2 1 1 786 597 1147 1187
1482 4 2 1 1 1245 262 227 672
1483 4 2 1 1 1001 912 846 603
1484 4 2 1 1 796 704 517 665
1485 4 2 1 1 510 871 606 898
1486 4 2 1 1 1240 1251 316 52
1487 4 2 1 1 1240 1251 690 316
1488 4 2 1 1 1089 1218 1013 503
1489 4 2 1 1 529 708 697 614
1490 4 2 1 1 75 270 1250 74
1491 4 2 1 1 315 306 672 1122
1492 4 2 1 1 74 270 1250 1139
1493 4 2 1 1 638 503 765 659
1494 4 2 1 1 937 940 834 630
1495 4 2 1 1 883 719 653 680
1496 4 2 1 1 595 735 734 980
1497 4 2 1 1 7 1265 81 261
1498 4 2 1 1 688 594 1105 1148
1499 4 2 1 1 488 653 779 933
1500 4 2 1 1 557 700 826 668
1501 4 2 1 1 331 820 401 1225
1502 4 2 1 1 1045 557 812 622
1503 4 2 1 1 270 683 1250 1139
1504 4 2 1 1 839 570 999 1169
1505 4 2 1 1 739 842 292 1224
1506 4 2 1 1 621 694 894 1033
1507 4 2 1 1 435 345 41 1249
1508 4 2 1 1 459 984 855 1034
1509 4 2 1 1 500 904 599 579
1510 4 2 1 1 93 546 1029 1124
1511 4 2 1 1 1249 345 41 1054
1512 4 2 1 1 1249 345 828 435
1513 4 2 1 1 328 64 1248 65
1514 4 2 1 1 699 1175 1029 1176
1515 4 2 1 1 1248 442 64 328
1516 4 2 1 1 468 1025 1040 629
1517 4 2 1 1 997 810 781 1097
1518 4 2 1 1 504 1032 836 1163
1519 4 2 1 1 477 1105 1043 922
1520 4 2 1 1 923 894 1163 687
1521 4 2 1 1 511 675 722 858
1522 4 2 1 1 506 631 934 1165
1523 4 2 1 1 502 876 611 664
1524 4 2 1 1 65 1248 328 457
1525 4 2 1 1 1144 754 690 620
1526 4 2 1 1 1249 41 40 159
1527 4 2 1 1 563 864 643 1072
1528 4 2 1 1 554 608 931 631
1529 4 2 1 1 328 457 1248 784
1530 4 2 1 1 846 1161 384 763
1531 4 2 1 1 464 1157 976 713
1532 4 2 1 1 589 655 761 1052
1533 4 2 1 1 147 717 168 736
1534 4 2 1 1 1248 1269 218 64
1535 4 2 1 1 763 1141 759 501
1536 4 2 1 1 242 636 534 839
1537 4 2 1 1 689 494 584 1217
1538 4 2 1 1 912 406 396 846
1539 4 2 1 1 374 819 657 996
1540 4 2 1 1 320 1139 542 1170
1541 4 2 1 1 152 129 138 1214
1542 4 2 1 1 545 783 707 906
1543 4 2 1 1 490 671 750 1039
1544 4 2 1 1 509 586 598 1186
1545 4 2 1 1 963 973 578 1068
1546 4 2 1 1 1115 1117 472 745
1547 4 2 1 1 712 929 774 1080
1548 4 2 1 1 502 706 603 972
1549 4 2 1 1 469 905 697 1019
1550 4 2 1 1 1071 1142 871 479
1551 4 2 1 1 481 696 656 775
1552 4 2 1 1 466 776 876 1103
1553 4 2 1 1 1227 208 179 199
1554 4 2 1 1 484 764 637 1013
1555 4 2 1 1 274 852 55 1178
1556 4 2 1 1 523 951 854 1133
1557 4 2 1 1 302 645 273 913
1558 4 2 1 1 532 1027 143 1153
1559 4 2 1 1 622 557 790 669
1560 4 2 1 1 446 744 829 1054
1561 4 2 1 1 462 953 800 1079
1562 4 2 1 1 723 570 636 1076
1563 4 2 1 1 904 883 975 562
1564 4 2 1 1 496 527 633 1097
1565 4 2 1 1 800 953 626 1079
1566 4 2 1 1 609 564 793 677
1567 4 2 1 1 472 910 585 796
1568 4 2 1 1 889 698 166 867
1569 4 2 1 1 716 1048 644 1207
1570 4 2 1 1 514 814 987 981
1571 4 2 1 1 213 195 206 1166
1572 4 2 1 1 1071 1142 479 863
1573 4 2 1 1 543 753 1010 843
1574 4 2 1 1 291 276 299 1016
1575 4 2 1 1 1248 64 218 206
1576 4 2 1 1 402 363 364 921
1577 4 2 1 1 274 55 56 1178
1578 4 2 1 1 32 33 1122 271
1579 4 2 1 1 1231 438 630 1063
1580 4 2 1 1 597 786 528 576
1581 4 2 1 1 320 1022 287 1170
1582 4 2 1 1 478 931 631 1175
1583 4 2 1 1 684 1041 797 531
1584 4 2 1 1 526 920 900 1094
1585 4 2 1 1 753 799 658 951
1586 4 2 1 1 916 695 587 1069
1587 4 2 1 1 596 865 667 1077
1588 4 2 1 1 73 301 74 1139
1589 4 2 1 1 561 840 771 1002
1590 4 2 1 1 465 955 654 1036
1591 4 2 1 1 578 671 973 847
1592 4 2 1 1 567 346 918 1192
1593 4 2 1 1 560 995 751 1051
1594 4 2 1 1 407 637 875 968
1595 4 2 1 1 300 284 318 945
1596 4 2 1 1 562 769 748 1105
1597 4 2 1 1 748 769 562 1025
1598 4 2 1 1 1057 1168 939 581
1599 4 2 1 1 627 532 705 881
1600 4 2 1 1 707 712 971 652
1601 4 2 1 1 674 891 487 927
1602 4 2 1 1 319 288 285 1038
1603 4 2 1 1 301 73 909 1139
1604 4 2 1 1 337 417 437 829
1605 4 2 1 1 685 541 921 1112
1606 4 2 1 1 486 729 736 927
1607 4 2 1 1 289 287 320 1022
1608 4 2 1 1 214 516 203 841
1609 4 2 1 1 1157 929 602 930
1610 4 2 1 1 507 702 989 1072
1611 4 2 1 1 413 820 605 1199
1612 4 2 1 1 497 635 929 1120
1613 4 2 1 1 510 940 960 1023
1614 4 2 1 1 475 566 849 788
1615 4 2 1 1 80 1247 434 351
1616 4 2 1 1 993 923 1163 687
1617 4 2 1 1 524 614 872 1014
1618 4 2 1 1 920 809 778 1062
1619 4 2 1 1 606 834 510 898
1620 4 2 1 1 275 277 276 1149
1621 4 2 1 1 1247 351 80 978
1622 4 2 1 1 515 738 689 584
1623 4 2 1 1 774 801 628 497
1624 4 2 1 1 525 1083 804 1164
1625 4 2 1 1 920 1160 795 707
1626 4 2 1 1 491 707 795 1160
1627 4 2 1 1 493 666 667 1135
1628 4 2 1 1 1002 957 910 1183
1629 4 2 1 1 641 667 1077 1098
1630 4 2 1 1 543 751 600 843
1631 4 2 1 1 548 697 905 1019
1632 4 2 1 1 915 801 530 1012
1633 4 2 1 1 1247 351 694 434
1634 4 2 1 1 304 56 57 1246
1635 4 2 1 1 790 812 557 622
1636 4 2 1 1 425 607 332 1180
1637 4 2 1 1 904 883 562 882
1638 4 2 1 1 656 482 1037 720
1639 4 2 1 1 327 639 895 567
1640 4 2 1 1 365 685 364 1112
1641 4 2 1 1 747 824 481 995
1642 4 2 1 1 533 984 855 1075
1643 4 2 1 1 287 289 278 1022
1644 4 2 1 1 650 888 491 1034
1645 4 2 1 1 515 835 643 854
1646 4 2 1 1 712 498 707 971
1647 4 2 1 1 57 304 1246 314
1648 4 2 1 1 739 864 563 1021
1649 4 2 1 1 513 651 808 1049
1650 4 2 1 1 707 888 712 652
1651 4 2 1 1 658 840 494 967
1652 4 2 1 1 1246 304 56 1178
1653 4 2 1 1 467 817 816 1211
1654 4 2 1 1 613 846 759 1147
1655 4 2 1 1 565 924 1151 1173
1656 4 2 1 1 1246 683 304 1178
1657 4 2 1 1 862 1189 1103 1210
1658 4 2 1 1 5 215 69 1255
1659 4 2 1 1 631 506 780 1165
1660 4 2 1 1 937 940 496 834
1661 4 2 1 1 561 724 704 1184
1662 4 2 1 1 470 675 783 959
1663 4 2 1 1 589 954 827 1032
1664 4 2 1 1 941 698 867 1118
1665 4 2 1 1 612 1002 771 1100
1666 4 2 1 1 1215 843 753 1020
1667 4 2 1 1 903 909 543 1020
1668 4 2 1 1 191 219 211 1003
1669 4 2 1 1 461 715 755 1127
1670 4 2 1 1 568 686 831 953
1671 4 2 1 1 566 549 788 890
1672 4 2 1 1 462 664 730 964
1673 4 2 1 1 504 836 1032 1028
1674 4 2 1 1 587 635 1069 1160
1675 4 2 1 1 837 1093 584 573
1676 4 2 1 1 711 884 591 1179
1677 4 2 1 1 482 884 711 1179
1678 4 2 1 1 715 770 602 461
1679 4 2 1 1 485 692 697 932
1680 4 2 1 1 241 236 240 1197
1681 4 2 1 1 459 746 691 984
1682 4 2 1 1 413 605 370 1114
1683 4 2 1 1 1073 1086 1087 839
1684 4 2 1 1 495 693 648 1054
1685 4 2 1 1 304 1246 314 683
1686 4 2 1 1 471 752 753 843
1687 4 2 1 1 1130 692 557 851
1688 4 2 1 1 650 1034 939 1168
1689 4 2 1 1 554 608 631 467
1690 4 2 1 1 822 584 500 1088
1691 4 2 1 1 96 547 1029 1070
1692 4 2 1 1 565 638 760 466
1693 4 2 1 1 249 995 237 265
1694 4 2 1 1 629 676 669 928
1695 4 2 1 1 196 493 1061 1208
1696 4 2 1 1 593 848 770 955
1697 4 2 1 1 338 393 418 687
1698 4 2 1 1 475 588 987 1003
1699 4 2 1 1 112 100 1192 567
1700 4 2 1 1 728 925 537 1172
1701 4 2 1 1 552 1037 833 720
1702 4 2 1 1 675 831 619 1056
1703 4 2 1 1 50 228 49 874
1704 4 2 1 1 388 815 742 1218
1705 4 2 1 1 1164 104 672 116
1706 4 2 1 1 462 664 681 980
1707 4 2 1 1 491 906 650 956
1708 4 2 1 1 847 857 856 578
1709 4 2 1 1 538 1092 642 1111
1710 4 2 1 1 259 706 1241 735
1711 4 2 1 1 1034 1120 939 1168
1712 4 2 1 1 498 831 675 1056
1713 4 2 1 1 693 493 1135 1223
1714 4 2 1 1 414 382 763 919
1715 4 2 1 1 488 779 580 860
1716 4 2 1 1 1244 894 694 1171
1717 4 2 1 1 196 182 183 1208
1718 4 2 1 1 666 891 493 1104
1719 4 2 1 1 600 563 864 703
1720 4 2 1 1 659 861 530 1109
1721 4 2 1 1 431 458 911 918
1722 4 2 1 1 228 874 50 1188
1723 4 2 1 1 319 1038 303 1137
1724 4 2 1 1 607 1005 332 1180
1725 4 2 1 1 634 885 808 997
1726 4 2 1 1 491 956 650 1034
1727 4 2 1 1 612 1100 746 1183
1728 4 2 1 1 973 847 500 856
1729 4 2 1 1 670 700 756 1130
1730 4 2 1 1 1184 472 796 1002
1731 4 2 1 1 465 926 847 642
1732 4 2 1 1 1188 51 50 224
1733 4 2 1 1 738 973 500 856
1734 4 2 1 1 600 563 703 842
1735 4 2 1 1 1209 189 535 868
1736 4 2 1 1 568 964 861 1210
1737 4 2 1 1 1188 261 51 224
1738 4 2 1 1 513 644 808 1207
1739 4 2 1 1 697 709 529 1026
1740 4 2 1 1 455 1259 836 894
1741 4 2 1 1 389 431 911 1090
1742 4 2 1 1 623 900 606 1097
1743 4 2 1 1 1245 22 23 227
1744 4 2 1 1 357 1108 829 1200
1745 4 2 1 1 1008 175 184 1203
1746 4 2 1 1 521 711 720 575
1747 4 2 1 1 1025 1040 629 1182
1748 4 2 1 1 533 650 906 956
1749 4 2 1 1 512 730 980 1001
1750 4 2 1 1 484 859 743 1098
1751 4 2 1 1 767 249 1219 543
1752 4 2 1 1 830 671 946 1036
1753 4 2 1 1 1245 262 22 227
1754 4 2 1 1 475 670 588 913
1755 4 2 1 1 598 961 845 1186
1756 4 2 1 1 872 601 842 1137
1757 4 2 1 1 900 1081 526 1094
1758 4 2 1 1 266 309 298 791
1759 4 2 1 1 539 750 678 977
1760 4 2 1 1 564 473 793 678
1761 4 2 1 1 639 911 431 1090
1762 4 2 1 1 768 809 714 1124
1763 4 2 1 1 666 667 513 823
1764 4 2 1 1 477 1043 616 922
1765 4 2 1 1 498 783 707 866
1766 4 2 1 1 492 953 862 1047
1767 4 2 1 1 570 534 839 999
1768 4 2 1 1 490 830 671 1039
1769 4 2 1 1 982 703 879 524
1770 4 2 1 1 614 872 842 893
1771 4 2 1 1 332 429 428 1005
1772 4 2 1 1 616 1043 608 922
1773 4 2 1 1 472 585 910 1117
1774 4 2 1 1 741 748 562 1182
1775 4 2 1 1 520 574 803 1175
1776 4 2 1 1 477 922 616 1019
1777 4 2 1 1 147 536 717 736
1778 4 2 1 1 624 1004 733 1100
1779 4 2 1 1 599 883 882 926
1780 4 2 1 1 667 1135 1098 641
1781 4 2 1 1 511 619 966 1056
1782 4 2 1 1 560 843 751 1010
1783 4 2 1 1 464 713 1080 1157
1784 4 2 1 1 565 609 802 925
1785 4 2 1 1 554 922 814 1158
1786 4 2 1 1 600 563 842 739
1787 4 2 1 1 464 1080 764 1157
1788 4 2 1 1 503 638 765 993
1789 4 2 1 1 430 383 395 1140
1790 4 2 1 1 3 21 123 1271
1791 4 2 1 1 431 911 639 918
1792 4 2 1 1 507 835 705 896
1793 4 2 1 1 1048 716 969 1098
1794 4 2 1 1 527 662 651 792
1795 4 2 1 1 433 1007 621 1159
1796 4 2 1 1 227 1253 672 248
1797 4 2 1 1 1107 787 528 657
1798 4 2 1 1 227 1253 248 23
1799 4 2 1 1 545 707 783 866
1800 4 2 1 1 521 1058 844 845
1801 4 2 1 1 521 844 711 575
1802 4 2 1 1 1245 1264 126 22
1803 4 2 1 1 708 709 469 804
1804 4 2 1 1 72 267 73 1219
1805 4 2 1 1 606 900 781 1097
1806 4 2 1 1 562 748 741 1105
1807 4 2 1 1 757 1031 523 1133
1808 4 2 1 1 888 1120 1034 1168
1809 4 2 1 1 448 895 607 1063
1810 4 2 1 1 518 869 833 1075
1811 4 2 1 1 104 1253 114 121
1812 4 2 1 1 869 906 783 470
1813 4 2 1 1 756 849 302 913
1814 4 2 1 1 357 1108 1200 416
1815 4 2 1 1 347 639 567 918
1816 4 2 1 1 533 906 869 470
1817 4 2 1 1 315 271 306 1122
1818 4 2 1 1 621 1006 765 1194
1819 4 2 1 1 267 909 73 1219
1820 4 2 1 1 44 45 1244 349
1821 4 2 1 1 902 919 569 1140
1822 4 2 1 1 568 686 953 1205
1823 4 2 1 1 1244 1265 169 694
1824 4 2 1 1 465 729 654 955
1825 4 2 1 1 483 688 916 1069
1826 4 2 1 1 568 1205 953 1210
1827 4 2 1 1 484 628 969 1157
1828 4 2 1 1 1244 324 44 349
1829 4 2 1 1 474 973 963 1068
1830 4 2 1 1 647 497 801 962
1831 4 2 1 1 525 804 708 1058
1832 4 2 1 1 144 758 1153 1000
1833 4 2 1 1 149 141 140 889
1834 4 2 1 1 1089 1218 503 902
1835 4 2 1 1 558 887 790 1095
1836 4 2 1 1 455 1259 894 324
1837 4 2 1 1 463 726 646 647
1838 4 2 1 1 722 832 768 947
1839 4 2 1 1 596 875 743 1048
1840 4 2 1 1 1244 894 324 349
1841 4 2 1 1 110 118 119 1066
1842 4 2 1 1 626 948 800 1035
1843 4 2 1 1 955 465 719 848
1844 4 2 1 1 602 770 640 461
1845 4 2 1 1 1132 1095 684 797
1846 4 2 1 1 503 659 638 1012
1847 4 2 1 1 654 955 647 1036
1848 4 2 1 1 564 473 678 771
1849 4 2 1 1 511 809 866 540
1850 4 2 1 1 574 520 931 1175
1851 4 2 1 1 654 725 536 830
1852 4 2 1 1 646 495 693 1074
1853 4 2 1 1 650 888 1034 1168
1854 4 2 1 1 374 657 376 996
1855 4 2 1 1 716 644 1048 969
1856 4 2 1 1 666 794 212 1050
1857 4 2 1 1 410 420 344 1030
1858 4 2 1 1 1011 899 735 1192
1859 4 2 1 1 624 796 560 910
1860 4 2 1 1 691 1004 884 1075
1861 4 2 1 1 1045 557 622 669
1862 4 2 1 1 515 643 887 1193
1863 4 2 1 1 611 501 603 664
1864 4 2 1 1 237 585 824 995
1865 4 2 1 1 593 770 715 461
1866 4 2 1 1 93 947 714 1124
1867 4 2 1 1 322 735 706 918
1868 4 2 1 1 340 423 412 865
1869 4 2 1 1 501 664 776 964
1870 4 2 1 1 1244 1265 45 169
1871 4 2 1 1 1004 1093 733 1100
1872 4 2 1 1 42 43 1243 336
1873 4 2 1 1 814 981 949 987
1874 4 2 1 1 761 655 859 1052
1875 4 2 1 1 701 727 507 1149
1876 4 2 1 1 613 512 911 1001
1877 4 2 1 1 1086 1087 240 1197
1878 4 2 1 1 1243 42 336 1214
1879 4 2 1 1 501 846 1001 1147
1880 4 2 1 1 476 661 966 1131
1881 4 2 1 1 490 725 962 1036
1882 4 2 1 1 473 772 678 771
1883 4 2 1 1 608 467 741 1148
1884 4 2 1 1 897 542 489 1170
1885 4 2 1 1 841 974 933 1101
1886 4 2 1 1 834 900 606 623
1887 4 2 1 1 834 900 460 606
1888 4 2 1 1 356 744 743 1200
1889 4 2 1 1 454 687 923 338
1890 4 2 1 1 638 765 760 466
1891 4 2 1 1 148 550 153 648
1892 4 2 1 1 834 900 623 1062
1893 4 2 1 1 541 637 875 1048
1894 4 2 1 1 602 640 770 628
1895 4 2 1 1 376 1005 657 1180
1896 4 2 1 1 689 835 515 854
1897 4 2 1 1 629 882 1025 1182
1898 4 2 1 1 469 905 616 942
1899 4 2 1 1 43 1243 336 836
1900 4 2 1 1 348 918 346 1192
1901 4 2 1 1 706 912 603 972
1902 4 2 1 1 496 633 527 784
1903 4 2 1 1 810 1114 863 605
1904 4 2 1 1 890 905 709 943
1905 4 2 1 1 531 684 749 983
1906 4 2 1 1 611 737 445 1195
1907 4 2 1 1 499 627 881 886
1908 4 2 1 1 597 1056 661 1131
1909 4 2 1 1 457 65 1248 1166
1910 4 2 1 1 809 540 714 1191
1911 4 2 1 1 497 962 647 955
1912 4 2 1 1 517 767 665 1059
1913 4 2 1 1 212 823 666 1050
1914 4 2 1 1 937 940 630 821
1915 4 2 1 1 480 766 633 1081
1916 4 2 1 1 478 934 778 1029
1917 4 2 1 1 993 923 687 742
1918 4 2 1 1 1204 674 729 1222
1919 4 2 1 1 566 549 890 878
1920 4 2 1 1 494 658 967 1133
1921 4 2 1 1 511 722 768 947
1922 4 2 1 1 409 863 651 1114
1923 4 2 1 1 336 836 1243 1214
1924 4 2 1 1 593 461 755 1204
1925 4 2 1 1 114 1253 672 1245
1926 4 2 1 1 552 811 720 833
1927 4 2 1 1 607 1024 476 1138
1928 4 2 1 1 807 895 330 1063
1929 4 2 1 1 79 80 326 737
1930 4 2 1 1 615 1015 813 1060
1931 4 2 1 1 511 866 675 1056
1932 4 2 1 1 486 927 736 1074
1933 4 2 1 1 326 737 80 978
1934 4 2 1 1 591 982 711 1179
1935 4 2 1 1 504 1033 760 1154
1936 4 2 1 1 376 996 657 1090
1937 4 2 1 1 517 752 658 840
1938 4 2 1 1 545 478 877 795
1939 4 2 1 1 609 677 962 1102
1940 4 2 1 1 618 864 739 1021
1941 4 2 1 1 380 384 763 846
1942 4 2 1 1 681 1073 664 1079
1943 4 2 1 1 559 679 620 749
1944 4 2 1 1 1014 524 751 1042
1945 4 2 1 1 640 969 602 461
1946 4 2 1 1 847 926 882 555
1947 4 2 1 1 961 104 98 103
1948 4 2 1 1 528 787 576 1136
1949 4 2 1 1 525 1122 732 1164
1950 4 2 1 1 527 651 808 810
1951 4 2 1 1 924 1012 638 1151
1952 4 2 1 1 705 523 835 474
1953 4 2 1 1 606 510 940 1142
1954 4 2 1 1 829 1108 655 1200
1955 4 2 1 1 481 751 656 1042
1956 4 2 1 1 186 487 794 891
1957 4 2 1 1 563 970 1224 1015
1958 4 2 1 1 470 869 811 959
1959 4 2 1 1 1242 1269 125 1085
1960 4 2 1 1 583 1159 765 1194
1961 4 2 1 1 383 902 395 1140
1962 4 2 1 1 294 903 601 842
1963 4 2 1 1 830 901 725 536
1964 4 2 1 1 1204 1134 1116 674
1965 4 2 1 1 405 687 393 338
1966 4 2 1 1 485 697 879 614
1967 4 2 1 1 322 706 436 912
1968 4 2 1 1 1211 535 868 1209
1969 4 2 1 1 1255 828 171 1061
1970 4 2 1 1 671 579 946 1036
1971 4 2 1 1 687 993 1154 1163
1972 4 2 1 1 647 955 770 497
1973 4 2 1 1 611 1007 763 1194
1974 4 2 1 1 633 527 997 1097
1975 4 2 1 1 555 974 928 857
1976 4 2 1 1 657 1005 376 1090
1977 4 2 1 1 219 588 177 791
1978 4 2 1 1 615 970 813 1015
1979 4 2 1 1 641 743 744 859
1980 4 2 1 1 593 755 715 483
1981 4 2 1 1 17 16 1242 354
1982 4 2 1 1 354 1256 321 821
1983 4 2 1 1 745 800 626 1115
1984 4 2 1 1 550 927 729 1008
1985 4 2 1 1 650 869 959 984
1986 4 2 1 1 573 855 884 477
1987 4 2 1 1 582 805 522 907
1988 4 2 1 1 190 633 535 1046
1989 4 2 1 1 730 831 597 1131
1990 4 2 1 1 751 843 710 703
1991 4 2 1 1 1192 252 1257 735
1992 4 2 1 1 765 1123 583 776
1993 4 2 1 1 637 541 875 968
1994 4 2 1 1 626 862 953 1047
1995 4 2 1 1 1073 1079 505 1169
1996 4 2 1 1 624 910 560 1037
1997 4 2 1 1 497 1126 962 955
1998 4 2 1 1 522 653 816 916
1999 4 2 1 1 467 981 817 1211
2000 4 2 1 1 545 478 795 778
2001 4 2 1 1 354 784 1242 821
2002 4 2 1 1 949 1158 814 788
2003 4 2 1 1 341 415 390 1078
2004 4 2 1 1 579 663 848 1126
2005 4 2 1 1 288 878 566 1038
2006 4 2 1 1 460 707 971 652
2007 4 2 1 1 239 1059 767 489
2008 4 2 1 1 490 830 725 1036
2009 4 2 1 1 657 607 476 1196
2010 4 2 1 1 617 1000 1055 1153
2011 4 2 1 1 763 1007 583 1194
2012 4 2 1 1 1045 557 669 670
2013 4 2 1 1 1242 1269 16 125
2014 4 2 1 1 407 360 875 1044
2015 4 2 1 1 610 1169 876 1073
2016 4 2 1 1 545 768 777 1124
2017 4 2 1 1 482 624 1004 710
2018 4 2 1 1 398 373 996 1145
2019 4 2 1 1 87 1227 1085 1252
2020 4 2 1 1 354 1256 821 1242
2021 4 2 1 1 338 455 417 923
2022 4 2 1 1 997 810 1097 527
2023 4 2 1 1 490 962 725 1162
2024 4 2 1 1 646 726 463 827
2025 4 2 1 1 589 655 829 1108
2026 4 2 1 1 511 866 661 540
2027 4 2 1 1 1229 502 706 222
2028 4 2 1 1 1187 1141 776 501
2029 4 2 1 1 475 756 670 913
2030 4 2 1 1 593 955 770 1222
2031 4 2 1 1 310 273 302 645
2032 4 2 1 1 740 921 422 1145
2033 4 2 1 1 965 459 837 822
2034 4 2 1 1 142 157 147 1111
2035 4 2 1 1 78 706 322 1241
2036 4 2 1 1 641 743 859 1098
2037 4 2 1 1 646 761 859 1052
2038 4 2 1 1 708 804 469 1058
2039 4 2 1 1 38 37 1208 153
2040 4 2 1 1 705 835 523 896
2041 4 2 1 1 783 470 545 768
2042 4 2 1 1 419 651 409 1030
2043 4 2 1 1 451 352 433 1195
2044 4 2 1 1 711 982 482 1179
2045 4 2 1 1 608 1105 741 922
2046 4 2 1 1 173 1203 994 1144
2047 4 2 1 1 459 691 837 573
2048 4 2 1 1 428 1005 376 1180
2049 4 2 1 1 574 931 616 942
2050 4 2 1 1 404 416 1044 1108
2051 4 2 1 1 719 955 729 465
2052 4 2 1 1 790 557 1060 1095
2053 4 2 1 1 704 561 838 724
2054 4 2 1 1 707 888 652 1160
2055 4 2 1 1 750 539 901 1039
2056 4 2 1 1 557 700 670 1130
2057 4 2 1 1 281 282 303 893
2058 4 2 1 1 514 622 1040 1045
2059 4 2 1 1 144 758 1000 150
2060 4 2 1 1 85 506 782 111
2061 4 2 1 1 661 1056 966 1131
2062 4 2 1 1 594 1034 956 1069
2063 4 2 1 1 77 322 1241 78
2064 4 2 1 1 606 460 834 898
2065 4 2 1 1 519 715 929 930
2066 4 2 1 1 486 726 736 654
2067 4 2 1 1 577 520 780 554
2068 4 2 1 1 602 929 715 930
2069 4 2 1 1 913 298 302 756
2070 4 2 1 1 655 744 859 1052
2071 4 2 1 1 813 970 563 1015
2072 4 2 1 1 530 801 774 1102
2073 4 2 1 1 602 969 628 1157
2074 4 2 1 1 790 669 557 1095
2075 4 2 1 1 624 752 733 710
2076 4 2 1 1 593 729 955 1222
2077 4 2 1 1 320 542 909 1022
2078 4 2 1 1 187 794 779 986
2079 4 2 1 1 380 759 378 846
2080 4 2 1 1 772 572 1099 1190
2081 4 2 1 1 405 388 393 742
2082 4 2 1 1 587 1069 635 483
2083 4 2 1 1 501 603 1001 846
2084 4 2 1 1 792 605 821 1199
2085 4 2 1 1 694 1033 978 1064
2086 4 2 1 1 144 758 150 162
2087 4 2 1 1 490 750 965 1018
2088 4 2 1 1 920 778 809 545
2089 4 2 1 1 803 917 788 520
2090 4 2 1 1 394 418 393 1159
2091 4 2 1 1 678 793 564 1018
2092 4 2 1 1 111 673 506 1220
2093 4 2 1 1 469 616 905 1019
2094 4 2 1 1 228 229 221 874
2095 4 2 1 1 538 870 789 1027
2096 4 2 1 1 552 910 1051 1117
2097 4 2 1 1 717 729 465 991
2098 4 2 1 1 609 565 924 925
2099 4 2 1 1 101 122 935 936
2100 4 2 1 1 583 776 763 1194
2101 4 2 1 1 732 1083 525 1164
2102 4 2 1 1 139 590 1150 536
2103 4 2 1 1 1231 438 1063 330
2104 4 2 1 1 566 548 475 812
2105 4 2 1 1 175 198 184 1203
2106 4 2 1 1 1241 1257 735 322
2107 4 2 1 1 72 223 247 1219
2108 4 2 1 1 639 911 512 918
2109 4 2 1 1 487 729 719 1204
2110 4 2 1 1 752 843 560 1010
2111 4 2 1 1 1241 735 1257 252
2112 4 2 1 1 498 675 783 866
2113 4 2 1 1 445 737 611 972
2114 4 2 1 1 725 647 962 1036
2115 4 2 1 1 1241 706 322 735
2116 4 2 1 1 902 388 1218 815
2117 4 2 1 1 644 930 634 1125
2118 4 2 1 1 265 824 995 237
2119 4 2 1 1 569 637 1089 902
2120 4 2 1 1 443 448 332 607
2121 4 2 1 1 674 1116 666 1134
2122 4 2 1 1 343 408 419 1114
2123 4 2 1 1 700 798 318 945
2124 4 2 1 1 1144 974 642 857
2125 4 2 1 1 510 898 834 1023
2126 4 2 1 1 491 956 1034 1069
2127 4 2 1 1 512 912 911 1001
2128 4 2 1 1 486 640 770 1222
2129 4 2 1 1 624 1037 560 710
2130 4 2 1 1 603 611 1161 763
2131 4 2 1 1 697 892 591 1019
2132 4 2 1 1 482 833 624 1037
2133 4 2 1 1 235 604 1129 938
2134 4 2 1 1 819 1145 372 1167
2135 4 2 1 1 643 797 887 989
2136 4 2 1 1 100 90 91 567
2137 4 2 1 1 92 546 950 937
2138 4 2 1 1 470 720 721 811
2139 4 2 1 1 552 721 720 811
2140 4 2 1 1 469 942 844 943
2141 4 2 1 1 1022 1170 542 618
2142 4 2 1 1 875 1048 596 1112
2143 4 2 1 1 566 475 756 1130
2144 4 2 1 1 456 1078 329 1104
2145 4 2 1 1 648 979 736 1074
2146 4 2 1 1 718 570 1103 466
2147 4 2 1 1 863 921 685 1071
2148 4 2 1 1 748 769 477 1105
2149 4 2 1 1 650 984 959 1057
2150 4 2 1 1 611 876 776 664
2151 4 2 1 1 847 946 642 578
2152 4 2 1 1 731 772 561 853
2153 4 2 1 1 521 1058 845 696
2154 4 2 1 1 826 668 945 1156
2155 4 2 1 1 185 184 192 933
2156 4 2 1 1 606 460 898 652
2157 4 2 1 1 114 126 1245 672
2158 4 2 1 1 902 407 637 1218
2159 4 2 1 1 527 496 784 792
2160 4 2 1 1 522 582 794 1116
2161 4 2 1 1 1014 751 524 703
2162 4 2 1 1 605 606 940 1142
2163 4 2 1 1 862 1103 592 1210
2164 4 2 1 1 507 1072 989 1143
2165 4 2 1 1 735 980 706 918
2166 4 2 1 1 491 795 956 1148
2167 4 2 1 1 698 867 534 1188
2168 4 2 1 1 710 982 649 1179
2169 4 2 1 1 661 966 511 540
2170 4 2 1 1 379 377 389 911
2171 4 2 1 1 367 364 685 921
2172 4 2 1 1 889 1190 572 1055
2173 4 2 1 1 910 1002 624 796
2174 4 2 1 1 999 1103 876 1169
2175 4 2 1 1 230 990 731 1059
2176 4 2 1 1 558 702 989 1132
2177 4 2 1 1 982 703 524 710
2178 4 2 1 1 599 719 465 848
2179 4 2 1 1 902 637 407 968
2180 4 2 1 1 677 609 818 1102
2181 4 2 1 1 938 665 234 704
2182 4 2 1 1 861 958 530 1109
2183 4 2 1 1 325 67 66 823
2184 4 2 1 1 242 1188 1064 534
2185 4 2 1 1 600 563 739 864
2186 4 2 1 1 608 956 795 1148
2187 4 2 1 1 325 66 662 823
2188 4 2 1 1 463 1121 924 1172
2189 4 2 1 1 600 703 1014 842
2190 4 2 1 1 484 743 1048 1098
2191 4 2 1 1 596 1048 743 1098
2192 4 2 1 1 536 717 654 1092
2193 4 2 1 1 570 1103 999 1169
2194 4 2 1 1 620 749 679 857
2195 4 2 1 1 507 989 702 1132
2196 4 2 1 1 516 669 928 944
2197 4 2 1 1 491 888 707 1160
2198 4 2 1 1 480 766 806 907
2199 4 2 1 1 486 726 654 647
2200 4 2 1 1 1240 53 52 305
2201 4 2 1 1 626 948 686 953
2202 4 2 1 1 253 227 262 672
2203 4 2 1 1 543 751 747 903
2204 4 2 1 1 829 836 923 336
2205 4 2 1 1 655 744 743 859
2206 4 2 1 1 506 526 766 934
2207 4 2 1 1 616 877 985 942
2208 4 2 1 1 517 753 752 1010
2209 4 2 1 1 1058 656 521 711
2210 4 2 1 1 877 956 608 1043
2211 4 2 1 1 471 643 854 1193
2212 4 2 1 1 978 610 243 1064
2213 4 2 1 1 561 1076 723 636
2214 4 2 1 1 562 1025 882 1182
2215 4 2 1 1 627 705 532 850
2216 4 2 1 1 485 932 697 614
2217 4 2 1 1 570 534 636 839
2218 4 2 1 1 1204 729 674 487
2219 4 2 1 1 586 120 508 762
2220 4 2 1 1 84 586 762 120
2221 4 2 1 1 288 849 878 1065
2222 4 2 1 1 305 52 1240 316
2223 4 2 1 1 561 840 853 967
2224 4 2 1 1 495 646 827 1074
2225 4 2 1 1 480 634 805 998
2226 4 2 1 1 501 603 846 763
2227 4 2 1 1 665 704 517 1059
2228 4 2 1 1 561 723 772 1198
2229 4 2 1 1 632 892 790 1202
2230 4 2 1 1 691 855 984 1075
2231 4 2 1 1 957 1002 612 1183
2232 4 2 1 1 311 747 295 903
2233 4 2 1 1 725 962 647 1121
2234 4 2 1 1 305 1260 290 754
2235 4 2 1 1 152 979 1054 1214
2236 4 2 1 1 997 1049 908 582
2237 4 2 1 1 135 1260 53 1240
2238 4 2 1 1 748 1182 741 981
2239 4 2 1 1 562 594 904 1206
2240 4 2 1 1 565 1151 638 466
2241 4 2 1 1 639 1005 1024 1107
2242 4 2 1 1 530 861 718 958
2243 4 2 1 1 1240 272 305 316
2244 4 2 1 1 1069 904 663 483
2245 4 2 1 1 747 601 903 1042
2246 4 2 1 1 989 1072 643 1143
2247 4 2 1 1 1240 272 316 690
2248 4 2 1 1 800 948 553 1035
2249 4 2 1 1 470 675 722 768
2250 4 2 1 1 1147 1141 759 786
2251 4 2 1 1 511 768 714 947
2252 4 2 1 1 469 844 711 1058
2253 4 2 1 1 464 774 712 1109
2254 4 2 1 1 273 1239 58 59
2255 4 2 1 1 757 896 523 897
2256 4 2 1 1 482 1037 624 710
2257 4 2 1 1 470 783 869 959
2258 4 2 1 1 446 744 357 829
2259 4 2 1 1 522 755 805 1116
2260 4 2 1 1 1239 1268 216 645
2261 4 2 1 1 907 908 535 986
2262 4 2 1 1 759 1140 996 786
2263 4 2 1 1 489 897 758 1031
2264 4 2 1 1 802 818 609 1173
2265 4 2 1 1 533 869 984 1075
2266 4 2 1 1 807 607 1023 1138
2267 4 2 1 1 1229 502 222 737
2268 4 2 1 1 529 872 614 893
2269 4 2 1 1 1204 1134 674 1222
2270 4 2 1 1 544 1170 1022 618
2271 4 2 1 1 982 703 710 649
2272 4 2 1 1 438 1063 331 1225
2273 4 2 1 1 273 1254 298 913
2274 4 2 1 1 709 890 878 1026
2275 4 2 1 1 638 504 760 1154
2276 4 2 1 1 879 813 703 1193
2277 4 2 1 1 740 398 9 1140
2278 4 2 1 1 711 985 884 1128
2279 4 2 1 1 509 1009 1117 1185
2280 4 2 1 1 473 570 802 1118
2281 4 2 1 1 751 843 543 1010
2282 4 2 1 1 774 1102 801 497
2283 4 2 1 1 561 1076 636 838
2284 4 2 1 1 409 651 419 1114
2285 4 2 1 1 675 498 783 959
2286 4 2 1 1 464 712 597 1109
2287 4 2 1 1 490 750 901 1039
2288 4 2 1 1 694 621 978 1033
2289 4 2 1 1 273 1254 913 1239
2290 4 2 1 1 378 846 759 996
2291 4 2 1 1 740 528 996 786
2292 4 2 1 1 614 529 893 932
2293 4 2 1 1 113 87 102 1085
2294 4 2 1 1 1239 1268 58 216
2295 4 2 1 1 492 1173 802 1189
2296 4 2 1 1 1138 1024 567 895
2297 4 2 1 1 273 645 1239 913
2298 4 2 1 1 221 48 49 874
2299 4 2 1 1 506 936 122 1046
2300 4 2 1 1 643 887 813 989
2301 4 2 1 1 221 48 874 990
2302 4 2 1 1 181 10 11 645
2303 4 2 1 1 800 626 505 1079
2304 4 2 1 1 1107 966 1024 825
2305 4 2 1 1 766 1094 695 1106
2306 4 2 1 1 686 948 831 953
2307 4 2 1 1 96 101 673 1029
2308 4 2 1 1 668 669 944 684
2309 4 2 1 1 1265 169 694 1188
2310 4 2 1 1 910 1002 796 472
2311 4 2 1 1 992 994 642 1144
2312 4 2 1 1 656 775 521 720
2313 4 2 1 1 258 610 737 1087
2314 4 2 1 1 398 422 373 1145
2315 4 2 1 1 763 776 611 1194
2316 4 2 1 1 1234 1101 180 690
2317 4 2 1 1 572 941 1099 889
2318 4 2 1 1 645 11 181 202
2319 4 2 1 1 478 934 1029 1175
2320 4 2 1 1 610 1169 1073 839
2321 4 2 1 1 645 1268 10 124
2322 4 2 1 1 498 971 712 597
2323 4 2 1 1 541 713 976 1157
2324 4 2 1 1 889 166 698 140
2325 4 2 1 1 471 854 643 951
2326 4 2 1 1 540 476 966 1138
2327 4 2 1 1 359 362 360 875
2328 4 2 1 1 462 831 948 953
2329 4 2 1 1 338 417 405 923
2330 4 2 1 1 530 801 1102 1173
2331 4 2 1 1 655 829 744 1052
2332 4 2 1 1 46 47 251 1238
2333 4 2 1 1 583 1007 1159 1194
2334 4 2 1 1 751 1014 600 703
2335 4 2 1 1 674 666 1135 1134
2336 4 2 1 1 1138 950 1023 807
2337 4 2 1 1 695 1069 688 1148
2338 4 2 1 1 880 464 976 713
2339 4 2 1 1 1238 1263 172 683
2340 4 2 1 1 599 465 579 848
2341 4 2 1 1 251 47 244 990
2342 4 2 1 1 1203 1144 155 690
2343 4 2 1 1 898 1023 510 476
2344 4 2 1 1 498 650 1057 1168
2345 4 2 1 1 1031 758 757 897
2346 4 2 1 1 1217 965 750 1018
2347 4 2 1 1 778 935 546 1029
2348 4 2 1 1 534 1033 1119 1171
2349 4 2 1 1 293 842 739 903
2350 4 2 1 1 286 302 309 756
2351 4 2 1 1 636 570 839 1076
2352 4 2 1 1 364 685 921 1112
2353 4 2 1 1 559 754 798 1016
2354 4 2 1 1 721 775 552 720
2355 4 2 1 1 30 82 110 1065
2356 4 2 1 1 770 955 486 1222
2357 4 2 1 1 766 806 695 1094
2358 4 2 1 1 793 802 609 925
2359 4 2 1 1 209 199 208 1046
2360 4 2 1 1 770 628 646 647
2361 4 2 1 1 1238 1263 46 172
2362 4 2 1 1 111 127 99 1220
2363 4 2 1 1 718 861 530 659
2364 4 2 1 1 687 993 765 1154
2365 4 2 1 1 251 683 1238 990
2366 4 2 1 1 641 828 744 1078
2367 4 2 1 1 633 208 908 1166
2368 4 2 1 1 1237 1268 124 28
2369 4 2 1 1 407 1044 637 1218
2370 4 2 1 1 389 911 377 1090
2371 4 2 1 1 346 347 567 918
2372 4 2 1 1 497 939 635 1120
2373 4 2 1 1 1048 716 1098 596
2374 4 2 1 1 644 541 1048 1157
2375 4 2 1 1 258 610 839 1064
2376 4 2 1 1 286 849 566 288
2377 4 2 1 1 619 825 966 1131
2378 4 2 1 1 1107 966 825 1131
2379 4 2 1 1 679 944 669 684
2380 4 2 1 1 1237 28 29 310
2381 4 2 1 1 46 47 1238 160
2382 4 2 1 1 382 380 384 763
2383 4 2 1 1 638 760 765 1154
2384 4 2 1 1 572 867 166 874
2385 4 2 1 1 650 869 783 959
2386 4 2 1 1 545 777 778 1124
2387 4 2 1 1 495 979 954 1214
2388 4 2 1 1 503 815 765 1123
2389 4 2 1 1 212 891 666 1104
2390 4 2 1 1 491 635 1069 1034
2391 4 2 1 1 1237 1268 645 124
2392 4 2 1 1 727 850 507 1149
2393 4 2 1 1 366 367 364 685
2394 4 2 1 1 953 1047 492 1205
2395 4 2 1 1 152 648 979 148
2396 4 2 1 1 493 667 641 1135
2397 4 2 1 1 561 636 723 1198
2398 4 2 1 1 147 736 148 979
2399 4 2 1 1 753 767 517 853
2400 4 2 1 1 88 1270 1066 1237
2401 4 2 1 1 620 928 679 944
2402 4 2 1 1 376 1005 397 1090
2403 4 2 1 1 133 828 159 648
2404 4 2 1 1 590 954 836 1032
2405 4 2 1 1 769 573 1088 1113
2406 4 2 1 1 708 709 804 1067
2407 4 2 1 1 741 1182 817 981
2408 4 2 1 1 670 756 700 791
2409 4 2 1 1 963 578 973 856
2410 4 2 1 1 529 697 932 614
2411 4 2 1 1 504 728 1028 1032
2412 4 2 1 1 591 1019 892 477
2413 4 2 1 1 467 695 1106 1165
2414 4 2 1 1 613 1001 846 1147
2415 4 2 1 1 561 772 731 1198
2416 4 2 1 1 143 532 164 992
2417 4 2 1 1 895 332 1005 429
2418 4 2 1 1 787 898 510 476
2419 4 2 1 1 490 725 830 901
2420 4 2 1 1 487 719 680 653
2421 4 2 1 1 789 1027 870 1055
2422 4 2 1 1 753 843 752 1010
2423 4 2 1 1 988 1045 987 514
2424 4 2 1 1 513 1030 651 1049
2425 4 2 1 1 820 960 940 1225
2426 4 2 1 1 597 971 661 1056
2427 4 2 1 1 494 733 1093 1100
2428 4 2 1 1 555 856 847 857
2429 4 2 1 1 620 559 798 944
2430 4 2 1 1 851 893 1038 1216
2431 4 2 1 1 88 1270 1237 29
2432 4 2 1 1 1237 645 310 1066
2433 4 2 1 1 744 829 655 1200
2434 4 2 1 1 24 25 1236 220
2435 4 2 1 1 200 177 214 516
2436 4 2 1 1 503 993 761 1012
2437 4 2 1 1 101 936 935 937
2438 4 2 1 1 808 997 885 1049
2439 4 2 1 1 1000 1031 571 772
2440 4 2 1 1 544 758 1152 1153
2441 4 2 1 1 663 677 939 1126
2442 4 2 1 1 625 921 863 1071
2443 4 2 1 1 520 803 673 1175
2444 4 2 1 1 692 790 557 1060
2445 4 2 1 1 220 762 1236 598
2446 4 2 1 1 1236 248 24 220
2447 4 2 1 1 582 885 805 997
2448 4 2 1 1 214 798 200 516
2449 4 2 1 1 920 1160 707 652
2450 4 2 1 1 1129 220 762 255
2451 4 2 1 1 588 913 219 1003
2452 4 2 1 1 665 1010 543 767
2453 4 2 1 1 220 25 1236 762
2454 4 2 1 1 686 948 626 1035
2455 4 2 1 1 997 810 527 808
2456 4 2 1 1 571 1031 757 1133
2457 4 2 1 1 1195 335 611 1007
2458 4 2 1 1 1236 1253 121 24
2459 4 2 1 1 148 153 133 648
2460 4 2 1 1 378 379 846 996
2461 4 2 1 1 626 862 505 1079
2462 4 2 1 1 1069 904 483 688
2463 4 2 1 1 601 1014 903 1042
2464 4 2 1 1 797 558 887 989
2465 4 2 1 1 224 1247 1064 1188
2466 4 2 1 1 473 793 678 1099
2467 4 2 1 1 993 1032 504 1163
2468 4 2 1 1 215 1235 39 178
2469 4 2 1 1 838 839 232 1086
2470 4 2 1 1 38 39 1235 178
2471 4 2 1 1 382 759 380 763
2472 4 2 1 1 493 828 1078 1104
2473 4 2 1 1 1235 178 215 1061
2474 4 2 1 1 565 1189 1173 718
2475 4 2 1 1 813 887 558 989
2476 4 2 1 1 106 18 17 1256
2477 4 2 1 1 720 869 470 1128
2478 4 2 1 1 531 963 738 856
2479 4 2 1 1 1257 252 76 77
2480 4 2 1 1 68 339 329 1104
2481 4 2 1 1 465 642 946 1092
2482 4 2 1 1 730 1001 613 1147
2483 4 2 1 1 418 1159 350 894
2484 4 2 1 1 471 951 864 1215
2485 4 2 1 1 804 845 844 1058
2486 4 2 1 1 748 1040 1025 1182
2487 4 2 1 1 755 483 593 719
2488 4 2 1 1 833 518 691 1183
2489 4 2 1 1 602 969 640 628
2490 4 2 1 1 558 1132 668 1156
2491 4 2 1 1 877 575 985 942
2492 4 2 1 1 566 756 286 1130
2493 4 2 1 1 558 702 1132 1156
2494 4 2 1 1 520 780 506 782
2495 4 2 1 1 674 1135 666 493
2496 4 2 1 1 272 1234 62 63
2497 4 2 1 1 621 765 760 1154
2498 4 2 1 1 374 819 391 1180
2499 4 2 1 1 930 885 1127 461
2500 4 2 1 1 532 128 164 886
2501 4 2 1 1 989 563 1015 813
2502 4 2 1 1 166 874 867 1188
2503 4 2 1 1 656 696 481 1042
2504 4 2 1 1 833 691 518 1075
2505 4 2 1 1 1234 316 63 272
2506 4 2 1 1 675 948 858 619
2507 4 2 1 1 82 1065 732 1083
2508 4 2 1 1 498 831 597 1082
2509 4 2 1 1 674 927 729 1222
2510 4 2 1 1 1208 133 1061 1235
2511 4 2 1 1 528 1136 880 1145
2512 4 2 1 1 1119 728 1118 698
2513 4 2 1 1 164 532 886 992
2514 4 2 1 1 965 459 822 663
2515 4 2 1 1 802 570 565 1118
2516 4 2 1 1 1234 1267 200 798
2517 4 2 1 1 281 851 893 1038
2518 4 2 1 1 609 1102 801 1173
2519 4 2 1 1 1119 1118 728 565
2520 4 2 1 1 718 565 1151 1173
2521 4 2 1 1 516 669 676 928
2522 4 2 1 1 591 884 711 985
2523 4 2 1 1 612 771 723 1084
2524 4 2 1 1 616 905 574 942
2525 4 2 1 1 485 879 1146 1193
2526 4 2 1 1 835 689 523 854
2527 4 2 1 1 1117 938 1129 604
2528 4 2 1 1 640 969 484 628
2529 4 2 1 1 613 1090 911 1107
2530 4 2 1 1 526 1094 766 1106
2531 4 2 1 1 765 815 583 1123
2532 4 2 1 1 233 240 236 1086
2533 4 2 1 1 1234 1267 62 200
2534 4 2 1 1 1234 1251 217 63
2535 4 2 1 1 537 889 698 1150
2536 4 2 1 1 651 662 527 1049
2537 4 2 1 1 93 546 101 1029
2538 4 2 1 1 894 836 923 1163
2539 4 2 1 1 467 922 608 741
2540 4 2 1 1 425 607 1180 960
2541 4 2 1 1 272 1234 690 798
2542 4 2 1 1 485 892 632 1146
2543 4 2 1 1 819 1136 996 1145
2544 4 2 1 1 360 358 743 1044
2545 4 2 1 1 480 900 1081 1097
2546 4 2 1 1 511 966 661 1056
2547 4 2 1 1 222 502 1197 1087
2548 4 2 1 1 546 93 714 1124
2549 4 2 1 1 715 848 593 483
2550 4 2 1 1 478 631 934 1175
2551 4 2 1 1 492 802 1084 1189
2552 4 2 1 1 117 1083 732 1164
2553 4 2 1 1 555 983 856 857
2554 4 2 1 1 65 457 342 1166
2555 4 2 1 1 216 181 207 645
2556 4 2 1 1 988 1045 514 676
2557 4 2 1 1 624 840 796 1002
2558 4 2 1 1 413 411 401 1199
2559 4 2 1 1 531 856 749 881
2560 4 2 1 1 649 982 879 1179
2561 4 2 1 1 1259 44 43 136
2562 4 2 1 1 651 527 808 1049
2563 4 2 1 1 511 661 866 1056
2564 4 2 1 1 611 501 664 776
2565 4 2 1 1 659 1089 503 1123
2566 4 2 1 1 570 565 1119 466
2567 4 2 1 1 533 906 877 956
2568 4 2 1 1 690 35 34 161
2569 4 2 1 1 288 269 308 1065
2570 4 2 1 1 1244 894 349 694
2571 4 2 1 1 251 239 683 990
2572 4 2 1 1 465 717 642 1092
2573 4 2 1 1 915 801 1012 628
2574 4 2 1 1 549 890 709 943
2575 4 2 1 1 474 738 973 1217
2576 4 2 1 1 1247 1064 694 978
2577 4 2 1 1 616 1019 922 1158
2578 4 2 1 1 545 478 778 777
2579 4 2 1 1 804 844 551 943
2580 4 2 1 1 681 1087 1086 1197
2581 4 2 1 1 705 850 507 896
2582 4 2 1 1 543 600 751 903
2583 4 2 1 1 621 765 1159 1194
2584 4 2 1 1 468 1040 1025 1202
2585 4 2 1 1 1250 314 683 270
2586 4 2 1 1 30 269 31 1065
2587 4 2 1 1 231 704 731 838
2588 4 2 1 1 535 766 633 907
2589 4 2 1 1 468 1095 669 1202
2590 4 2 1 1 740 996 528 1145
2591 4 2 1 1 485 632 887 1146
2592 4 2 1 1 31 269 732 1065
2593 4 2 1 1 1233 21 20 346
2594 4 2 1 1 470 721 720 575
2595 4 2 1 1 960 1023 940 1225
2596 4 2 1 1 480 900 652 1094
2597 4 2 1 1 346 1233 21 426
2598 4 2 1 1 492 953 1205 1210
2599 4 2 1 1 680 719 487 729
2600 4 2 1 1 446 437 323 1214
2601 4 2 1 1 705 896 757 1152
2602 4 2 1 1 204 68 69 1262
2603 4 2 1 1 481 747 672 824
2604 4 2 1 1 880 464 713 576
2605 4 2 1 1 1233 426 346 1192
2606 4 2 1 1 1215 843 1020 864
2607 4 2 1 1 500 663 904 579
2608 4 2 1 1 1249 159 171 828
2609 4 2 1 1 745 910 552 1117
2610 4 2 1 1 691 855 459 984
2611 4 2 1 1 491 795 906 956
2612 4 2 1 1 20 1233 346 327
2613 4 2 1 1 295 311 306 747
2614 4 2 1 1 1233 346 567 1192
2615 4 2 1 1 502 681 664 980
2616 4 2 1 1 739 864 618 1215
2617 4 2 1 1 1233 346 327 567
2618 4 2 1 1 692 851 615 1060
2619 4 2 1 1 594 1069 956 1148
2620 4 2 1 1 268 54 55 1232
2621 4 2 1 1 449 819 400 820
2622 4 2 1 1 510 834 940 1023
2623 4 2 1 1 605 496 821 940
2624 4 2 1 1 470 720 1128 575
2625 4 2 1 1 258 839 610 1087
2626 4 2 1 1 132 51 50 1188
2627 4 2 1 1 508 873 1011 858
2628 4 2 1 1 623 526 900 1081
2629 4 2 1 1 580 488 676 1017
2630 4 2 1 1 493 667 666 1104
2631 4 2 1 1 607 895 1005 1024
2632 4 2 1 1 1088 882 1025 773
2633 4 2 1 1 548 922 1019 1158
2634 4 2 1 1 235 255 256 1129
2635 4 2 1 1 422 740 402 921
2636 4 2 1 1 203 214 177 516
2637 4 2 1 1 918 1257 348 322
2638 4 2 1 1 1025 1040 748 1202
2639 4 2 1 1 667 823 666 1104
2640 4 2 1 1 538 1027 789 1111
2641 4 2 1 1 1174 1088 573 1113
2642 4 2 1 1 268 1232 55 852
2643 4 2 1 1 641 1098 859 640
2644 4 2 1 1 574 616 931 1158
2645 4 2 1 1 666 1116 885 1134
2646 4 2 1 1 591 914 711 982
2647 4 2 1 1 574 931 942 1175
2648 4 2 1 1 1149 1232 852 886
2649 4 2 1 1 601 872 525 1067
2650 4 2 1 1 862 953 492 1210
2651 4 2 1 1 54 268 290 1232
2652 4 2 1 1 152 648 148 159
2653 4 2 1 1 632 769 748 1025
2654 4 2 1 1 834 900 1062 460
2655 4 2 1 1 253 1230 247 747
2656 4 2 1 1 490 725 901 1162
2657 4 2 1 1 657 613 1090 996
2658 4 2 1 1 1130 692 851 566
2659 4 2 1 1 468 952 1095 1202
2660 4 2 1 1 555 983 679 629
2661 4 2 1 1 545 478 777 877
2662 4 2 1 1 550 717 729 736
2663 4 2 1 1 625 1145 819 1167
2664 4 2 1 1 491 635 1160 1069
2665 4 2 1 1 53 54 1260 156
2666 4 2 1 1 480 806 766 1094
2667 4 2 1 1 692 790 485 892
2668 4 2 1 1 643 515 854 1193
2669 4 2 1 1 1149 1232 886 290
2670 4 2 1 1 18 19 330 1231
2671 4 2 1 1 757 1000 571 1190
2672 4 2 1 1 965 459 663 677
2673 4 2 1 1 452 330 19 1231
2674 4 2 1 1 695 795 1094 1160
2675 4 2 1 1 481 824 775 995
2676 4 2 1 1 352 978 621 1195
2677 4 2 1 1 559 627 754 1016
2678 4 2 1 1 586 94 961 947
2679 4 2 1 1 717 991 465 642
2680 4 2 1 1 558 813 1015 1060
2681 4 2 1 1 653 779 522 1209
2682 4 2 1 1 902 968 395 1140
2683 4 2 1 1 203 177 219 588
2684 4 2 1 1 470 783 675 768
2685 4 2 1 1 819 960 391 1180
2686 4 2 1 1 460 920 652 900
2687 4 2 1 1 731 1059 853 1184
2688 4 2 1 1 114 126 672 1122
2689 4 2 1 1 728 925 565 1118
2690 4 2 1 1 552 1051 775 1117
2691 4 2 1 1 1147 1141 786 1187
2692 4 2 1 1 767 1219 249 223
2693 4 2 1 1 87 1227 1252 14
2694 4 2 1 1 574 905 616 1158
2695 4 2 1 1 640 486 693 1223
2696 4 2 1 1 539 941 889 1099
2697 4 2 1 1 557 851 692 1060
2698 4 2 1 1 572 941 1198 1099
2699 4 2 1 1 452 330 1231 807
2700 4 2 1 1 473 723 802 570
2701 4 2 1 1 526 920 1094 795
2702 4 2 1 1 836 1028 590 1032
2703 4 2 1 1 913 302 298 273
2704 4 2 1 1 935 936 623 937
2705 4 2 1 1 497 1102 962 1126
2706 4 2 1 1 1231 438 330 18
2707 4 2 1 1 893 932 615 970
2708 4 2 1 1 486 927 693 1223
2709 4 2 1 1 1256 937 821 1242
2710 4 2 1 1 835 523 689 474
2711 4 2 1 1 330 1231 807 1063
2712 4 2 1 1 528 996 1136 1145
2713 4 2 1 1 795 1106 608 1148
2714 4 2 1 1 558 1015 702 1156
2715 4 2 1 1 389 397 431 1090
2716 4 2 1 1 580 676 988 1017
2717 4 2 1 1 805 885 582 1116
2718 4 2 1 1 506 673 520 1220
2719 4 2 1 1 746 818 564 1084
2720 4 2 1 1 1230 70 71 306
2721 4 2 1 1 697 708 914 614
2722 4 2 1 1 207 1254 1239 913
2723 4 2 1 1 590 537 728 1028
2724 4 2 1 1 695 806 766 1165
2725 4 2 1 1 748 1025 562 1182
2726 4 2 1 1 496 623 606 1097
2727 4 2 1 1 641 859 693 640
2728 4 2 1 1 505 800 681 1086
2729 4 2 1 1 385 382 414 919
2730 4 2 1 1 574 549 785 943
2731 4 2 1 1 576 871 880 1136
2732 4 2 1 1 570 1119 999 466
2733 4 2 1 1 432 387 815 1159
2734 4 2 1 1 613 528 657 1107
2735 4 2 1 1 1107 787 657 476
2736 4 2 1 1 693 828 648 1054
2737 4 2 1 1 632 769 1088 1113
2738 4 2 1 1 232 636 838 229
2739 4 2 1 1 1089 1218 902 637
2740 4 2 1 1 70 1230 315 306
2741 4 2 1 1 1230 1266 247 747
2742 4 2 1 1 587 1069 695 1160
2743 4 2 1 1 540 1023 898 476
2744 4 2 1 1 482 833 720 1075
2745 4 2 1 1 93 547 95 947
2746 4 2 1 1 502 603 611 972
2747 4 2 1 1 1138 950 807 714
2748 4 2 1 1 1230 1266 71 247
2749 4 2 1 1 623 900 526 1062
2750 4 2 1 1 322 706 912 918
2751 4 2 1 1 1230 672 306 747
2752 4 2 1 1 372 1145 369 1167
2753 4 2 1 1 633 784 208 1166
2754 4 2 1 1 733 854 689 1174
2755 4 2 1 1 111 506 782 1220
2756 4 2 1 1 315 306 1230 672
2757 4 2 1 1 887 952 632 1202
2758 4 2 1 1 413 1114 343 1199
2759 4 2 1 1 548 890 788 905
2760 4 2 1 1 18 438 321 630
2761 4 2 1 1 780 577 868 1003
2762 4 2 1 1 342 344 325 662
2763 4 2 1 1 1229 78 436 333
2764 4 2 1 1 665 767 238 1059
2765 4 2 1 1 609 962 801 1102
2766 4 2 1 1 718 1103 1189 1210
2767 4 2 1 1 619 825 899 966
2768 4 2 1 1 614 932 893 970
2769 4 2 1 1 677 962 1102 1126
2770 4 2 1 1 309 266 318 791
2771 4 2 1 1 533 884 855 1043
2772 4 2 1 1 184 556 1203 1101
2773 4 2 1 1 471 753 951 1215
2774 4 2 1 1 1181 505 626 862
2775 4 2 1 1 1265 7 45 169
2776 4 2 1 1 203 588 219 1096
2777 4 2 1 1 514 817 1182 981
2778 4 2 1 1 625 880 1136 1145
2779 4 2 1 1 235 604 938 233
2780 4 2 1 1 549 803 118 1066
2781 4 2 1 1 224 1247 1188 261
2782 4 2 1 1 678 977 571 1099
2783 4 2 1 1 646 693 495 859
2784 4 2 1 1 1111 994 642 992
2785 4 2 1 1 802 570 723 1189
2786 4 2 1 1 1248 64 206 65
2787 4 2 1 1 618 727 544 896
2788 4 2 1 1 666 885 716 1134
2789 4 2 1 1 313 903 739 909
2790 4 2 1 1 543 600 903 1020
2791 4 2 1 1 270 1170 304 683
2792 4 2 1 1 1234 180 62 63
2793 4 2 1 1 574 785 699 943
2794 4 2 1 1 646 693 486 1074
2795 4 2 1 1 493 648 693 828
2796 4 2 1 1 236 254 255 1091
2797 4 2 1 1 294 903 842 293
2798 4 2 1 1 279 278 292 1021
2799 4 2 1 1 721 775 509 1009
2800 4 2 1 1 553 811 745 1035
2801 4 2 1 1 527 792 651 810
2802 4 2 1 1 545 809 768 1124
2803 4 2 1 1 478 795 778 934
2804 4 2 1 1 562 769 1105 1206
2805 4 2 1 1 563 970 614 842
2806 4 2 1 1 1229 436 78 706
2807 4 2 1 1 374 391 399 1180
2808 4 2 1 1 569 637 902 968
2809 4 2 1 1 766 526 1081 1094
2810 4 2 1 1 1000 149 572 1055
2811 4 2 1 1 556 994 991 1203
2812 4 2 1 1 878 890 566 1026
2813 4 2 1 1 666 212 794 891
2814 4 2 1 1 540 950 834 1023
2815 4 2 1 1 521 775 721 720
2816 4 2 1 1 140 1028 698 1150
2817 4 2 1 1 327 639 567 347
2818 4 2 1 1 590 726 1172 536
2819 4 2 1 1 1229 333 436 972
2820 4 2 1 1 793 901 539 941
2821 4 2 1 1 109 782 645 1220
2822 4 2 1 1 824 585 235 1129
2823 4 2 1 1 114 1253 1245 23
2824 4 2 1 1 220 248 256 598
2825 4 2 1 1 190 633 208 908
2826 4 2 1 1 525 672 1122 1164
2827 4 2 1 1 534 229 636 242
2828 4 2 1 1 582 986 794 1050
2829 4 2 1 1 466 861 718 659
2830 4 2 1 1 370 413 401 820
2831 4 2 1 1 911 912 512 918
2832 4 2 1 1 702 558 989 1015
2833 4 2 1 1 1229 436 706 972
2834 4 2 1 1 415 667 340 1077
2835 4 2 1 1 482 982 710 1179
2836 4 2 1 1 725 925 901 1162
2837 4 2 1 1 528 880 740 1145
2838 4 2 1 1 480 781 900 1097
2839 4 2 1 1 581 939 1120 1168
2840 4 2 1 1 152 41 42 1214
2841 4 2 1 1 1134 1135 674 1223
2842 4 2 1 1 571 772 678 1099
2843 4 2 1 1 242 1188 534 228
2844 4 2 1 1 152 159 41 1054
2845 4 2 1 1 879 813 1193 485
2846 4 2 1 1 272 754 291 798
2847 4 2 1 1 82 732 117 1083
2848 4 2 1 1 35 198 690 205
2849 4 2 1 1 304 1170 320 287
2850 4 2 1 1 658 753 517 853
2851 4 2 1 1 1247 1064 978 250
2852 4 2 1 1 547 95 947 961
2853 4 2 1 1 72 311 267 1219
2854 4 2 1 1 464 713 576 712
2855 4 2 1 1 686 1047 953 1205
2856 4 2 1 1 969 930 461 644
2857 4 2 1 1 695 1106 795 1148
2858 4 2 1 1 36 35 198 1203
2859 4 2 1 1 1189 1169 1076 862
2860 4 2 1 1 392 347 348 918
2861 4 2 1 1 883 719 680 599
2862 4 2 1 1 142 789 1027 1111
2863 4 2 1 1 757 897 523 1031
2864 4 2 1 1 517 796 752 840
2865 4 2 1 1 1159 432 433 1007
2866 4 2 1 1 222 1197 502 706
2867 4 2 1 1 198 35 690 1203
2868 4 2 1 1 502 681 980 1197
2869 4 2 1 1 700 791 516 1110
2870 4 2 1 1 654 717 536 736
2871 4 2 1 1 635 848 483 663
2872 4 2 1 1 526 778 795 934
2873 4 2 1 1 741 562 817 1182
2874 4 2 1 1 1044 1108 1200 655
2875 4 2 1 1 541 713 880 976
2876 4 2 1 1 550 717 168 994
2877 4 2 1 1 933 1101 192 841
2878 4 2 1 1 509 775 585 1117
2879 4 2 1 1 709 529 878 1067
2880 4 2 1 1 1230 311 747 306
2881 4 2 1 1 460 1062 834 1191
2882 4 2 1 1 163 532 143 1153
2883 4 2 1 1 570 1118 867 1119
2884 4 2 1 1 480 1081 633 1097
2885 4 2 1 1 638 565 924 1151
2886 4 2 1 1 25 26 1228 245
2887 4 2 1 1 529 932 697 1026
2888 4 2 1 1 532 128 886 852
2889 4 2 1 1 642 946 538 578
2890 4 2 1 1 684 701 559 668
2891 4 2 1 1 245 1228 762 1011
2892 4 2 1 1 25 245 1228 762
2893 4 2 1 1 635 483 1069 663
2894 4 2 1 1 487 729 674 927
2895 4 2 1 1 1238 683 160 990
2896 4 2 1 1 523 474 757 1133
2897 4 2 1 1 481 751 995 1051
2898 4 2 1 1 593 483 848 719
2899 4 2 1 1 911 1090 639 1107
2900 4 2 1 1 1008 927 891 1208
2901 4 2 1 1 30 31 82 1065
2902 4 2 1 1 245 26 1228 225
2903 4 2 1 1 509 598 775 1186
2904 4 2 1 1 674 493 927 1223
2905 4 2 1 1 245 225 1228 1011
2906 4 2 1 1 645 782 202 1003
2907 4 2 1 1 580 779 653 1209
2908 4 2 1 1 532 852 850 1152
2909 4 2 1 1 497 1102 939 1120
2910 4 2 1 1 1044 1200 1108 416
2911 4 2 1 1 553 858 675 948
2912 4 2 1 1 446 357 337 829
2913 4 2 1 1 639 397 1005 1090
2914 4 2 1 1 13 174 12 782
2915 4 2 1 1 608 631 467 1106
2916 4 2 1 1 474 963 705 1053
2917 4 2 1 1 569 637 968 976
2918 4 2 1 1 88 28 29 1237
2919 4 2 1 1 414 382 384 763
2920 4 2 1 1 568 831 686 1082
2921 4 2 1 1 88 115 124 645
2922 4 2 1 1 166 572 149 889
2923 4 2 1 1 969 930 644 1157
2924 4 2 1 1 969 930 1157 602
2925 4 2 1 1 519 888 712 929
2926 4 2 1 1 135 754 690 165
2927 4 2 1 1 941 698 1118 537
2928 4 2 1 1 371 422 921 1145
2929 4 2 1 1 520 673 631 1175
2930 4 2 1 1 238 704 665 1059
2931 4 2 1 1 554 608 922 931
2932 4 2 1 1 496 834 623 937
2933 4 2 1 1 705 881 532 1053
2934 4 2 1 1 1242 784 442 1269
2935 4 2 1 1 397 639 431 1090
2936 4 2 1 1 1045 557 670 812
2937 4 2 1 1 503 638 993 1012
2938 4 2 1 1 174 782 13 1046
2939 4 2 1 1 700 826 668 945
2940 4 2 1 1 548 892 697 1019
2941 4 2 1 1 74 226 246 1139
2942 4 2 1 1 498 675 866 1056
2943 4 2 1 1 701 668 684 1132
2944 4 2 1 1 850 852 544 1152
2945 4 2 1 1 327 639 347 429
2946 4 2 1 1 464 1080 713 712
2947 4 2 1 1 760 999 466 1006
2948 4 2 1 1 116 1122 672 1164
2949 4 2 1 1 500 773 738 856
2950 4 2 1 1 1144 754 620 499
2951 4 2 1 1 1117 1129 938 585
2952 4 2 1 1 567 1261 807 895
2953 4 2 1 1 484 859 1098 640
2954 4 2 1 1 774 581 958 1102
2955 4 2 1 1 962 1126 1036 955
2956 4 2 1 1 291 300 297 798
2957 4 2 1 1 296 32 31 732
2958 4 2 1 1 600 843 751 703
2959 4 2 1 1 530 774 958 1102
2960 4 2 1 1 1029 1175 673 1176
2961 4 2 1 1 380 406 384 846
2962 4 2 1 1 233 938 838 1086
2963 4 2 1 1 460 540 809 1191
2964 4 2 1 1 257 248 672 824
2965 4 2 1 1 493 891 674 927
2966 4 2 1 1 1132 1095 797 558
2967 4 2 1 1 296 32 732 1122
2968 4 2 1 1 480 652 998 1094
2969 4 2 1 1 136 137 129 836
2970 4 2 1 1 553 800 745 1185
2971 4 2 1 1 400 820 819 1167
2972 4 2 1 1 531 856 881 963
2973 4 2 1 1 236 595 604 1086
2974 4 2 1 1 997 908 1049 527
2975 4 2 1 1 649 854 1174 1193
2976 4 2 1 1 621 1154 894 1159
2977 4 2 1 1 923 894 687 454
2978 4 2 1 1 732 1122 108 1164
2979 4 2 1 1 512 825 639 918
2980 4 2 1 1 803 1175 574 1176
2981 4 2 1 1 899 966 825 1024
2982 4 2 1 1 487 891 186 1008
2983 4 2 1 1 496 633 936 1097
2984 4 2 1 1 880 921 740 1145
2985 4 2 1 1 625 921 880 1145
2986 4 2 1 1 376 399 428 1180
2987 4 2 1 1 14 13 1227 199
2988 4 2 1 1 9 402 740 968
2989 4 2 1 1 751 543 995 1010
2990 4 2 1 1 452 448 330 895
2991 4 2 1 1 649 1113 1004 1179
2992 4 2 1 1 489 799 897 1031
2993 4 2 1 1 185 183 184 1008
2994 4 2 1 1 1227 179 14 199
2995 4 2 1 1 1004 1113 573 1179
2996 4 2 1 1 697 914 879 614
2997 4 2 1 1 644 930 713 1157
2998 4 2 1 1 777 1155 575 942
2999 4 2 1 1 1269 784 218 1085
3000 4 2 1 1 522 816 806 916
3001 4 2 1 1 546 714 93 950
3002 4 2 1 1 713 519 930 1125
3003 4 2 1 1 1227 199 13 1046
3004 4 2 1 1 462 800 681 1079
3005 4 2 1 1 561 731 636 1198
3006 4 2 1 1 488 680 933 974
3007 4 2 1 1 1133 1217 494 689
3008 4 2 1 1 646 827 761 1052
3009 4 2 1 1 492 1047 862 1181
3010 4 2 1 1 461 1116 755 1204
3011 4 2 1 1 369 367 368 863
3012 4 2 1 1 541 976 764 1157
3013 4 2 1 1 110 119 88 1066
3014 4 2 1 1 731 704 1059 1184
3015 4 2 1 1 1227 208 199 1046
3016 4 2 1 1 594 688 1069 1148
3017 4 2 1 1 950 83 92 630
3018 4 2 1 1 634 781 480 997
3019 4 2 1 1 491 956 1069 1148
3020 4 2 1 1 475 814 812 548
3021 4 2 1 1 284 700 318 945
3022 4 2 1 1 448 607 443 1063
3023 4 2 1 1 761 827 463 1032
3024 4 2 1 1 470 720 811 869
3025 4 2 1 1 503 1012 761 1013
3026 4 2 1 1 801 962 497 1102
3027 4 2 1 1 642 538 946 1092
3028 4 2 1 1 176 212 194 1050
3029 4 2 1 1 562 594 1206 1105
3030 4 2 1 1 238 230 231 1059
3031 4 2 1 1 776 876 611 1006
3032 4 2 1 1 640 461 770 1222
3033 4 2 1 1 643 854 835 1143
3034 4 2 1 1 465 680 926 642
3035 4 2 1 1 460 898 661 540
3036 4 2 1 1 368 863 409 1114
3037 4 2 1 1 1227 208 1046 633
3038 4 2 1 1 469 709 905 943
3039 4 2 1 1 867 874 534 1188
3040 4 2 1 1 499 754 627 886
3041 4 2 1 1 506 535 766 1046
3042 4 2 1 1 691 1093 1004 1100
3043 4 2 1 1 449 819 820 960
3044 4 2 1 1 610 1169 839 999
3045 4 2 1 1 587 805 755 1127
3046 4 2 1 1 527 633 908 1166
3047 4 2 1 1 565 728 924 925
3048 4 2 1 1 506 934 766 1165
3049 4 2 1 1 1008 175 183 184
3050 4 2 1 1 543 747 265 1219
3051 4 2 1 1 147 168 148 736
3052 4 2 1 1 551 942 699 943
3053 4 2 1 1 529 709 708 1067
3054 4 2 1 1 472 704 938 724
3055 4 2 1 1 421 384 406 1161
3056 4 2 1 1 676 488 841 928
3057 4 2 1 1 37 36 175 1203
3058 4 2 1 1 878 1067 529 1137
3059 4 2 1 1 229 231 731 838
3060 4 2 1 1 920 1160 652 1094
3061 4 2 1 1 460 809 920 1062
3062 4 2 1 1 147 717 536 1111
3063 4 2 1 1 613 911 846 1001
3064 4 2 1 1 629 883 882 1182
3065 4 2 1 1 902 388 815 386
3066 4 2 1 1 543 753 843 1020
3067 4 2 1 1 706 980 735 1197
3068 4 2 1 1 222 243 79 737
3069 4 2 1 1 539 901 889 941
3070 4 2 1 1 902 388 386 403
3071 4 2 1 1 189 986 779 1209
3072 4 2 1 1 131 1208 1203 37
3073 4 2 1 1 387 385 432 815
3074 4 2 1 1 518 691 984 1075
3075 4 2 1 1 513 666 823 1049
3076 4 2 1 1 90 1233 1261 567
3077 4 2 1 1 624 833 691 1183
3078 4 2 1 1 35 155 690 1203
3079 4 2 1 1 945 701 1156 668
3080 4 2 1 1 998 781 480 634
3081 4 2 1 1 1226 1267 200 61
3082 4 2 1 1 365 364 685 366
3083 4 2 1 1 495 829 744 1054
3084 4 2 1 1 516 676 669 1110
3085 4 2 1 1 566 756 475 849
3086 4 2 1 1 60 266 1226 61
3087 4 2 1 1 488 883 653 680
3088 4 2 1 1 105 762 1011 508
3089 4 2 1 1 553 675 858 722
3090 4 2 1 1 790 887 632 1202
3091 4 2 1 1 572 150 149 1000
3092 4 2 1 1 595 735 980 1197
3093 4 2 1 1 277 702 701 727
3094 4 2 1 1 1000 731 772 572
3095 4 2 1 1 281 280 1015 851
3096 4 2 1 1 497 774 1102 1120
3097 4 2 1 1 545 778 809 1124
3098 4 2 1 1 524 982 656 711
3099 4 2 1 1 1120 1082 774 581
3100 4 2 1 1 664 681 502 1073
3101 4 2 1 1 568 597 831 1082
3102 4 2 1 1 636 534 570 867
3103 4 2 1 1 691 1004 624 1100
3104 4 2 1 1 541 740 880 921
3105 4 2 1 1 765 776 1006 466
3106 4 2 1 1 554 631 931 520
3107 4 2 1 1 516 928 620 944
3108 4 2 1 1 683 239 1139 489
3109 4 2 1 1 543 753 1020 767
3110 4 2 1 1 649 1004 1113 1174
3111 4 2 1 1 525 732 1067 1083
3112 4 2 1 1 234 585 237 665
3113 4 2 1 1 631 1106 934 1165
3114 4 2 1 1 60 1226 266 791
3115 4 2 1 1 288 566 286 1038
3116 4 2 1 1 880 464 576 786
3117 4 2 1 1 699 1155 777 942
3118 4 2 1 1 718 659 530 1151
3119 4 2 1 1 498 959 686 1057
3120 4 2 1 1 640 969 716 1098
3121 4 2 1 1 884 1004 482 1075
3122 4 2 1 1 538 1068 660 578
3123 4 2 1 1 90 1231 83 807
3124 4 2 1 1 882 883 562 1182
3125 4 2 1 1 785 1164 551 1083
3126 4 2 1 1 691 459 855 573
3127 4 2 1 1 388 387 393 815
3128 4 2 1 1 1226 1267 516 200
3129 4 2 1 1 496 936 623 1097
3130 4 2 1 1 480 805 634 997
3131 4 2 1 1 516 841 620 928
3132 4 2 1 1 589 923 742 1108
3133 4 2 1 1 1226 318 297 266
3134 4 2 1 1 529 872 708 614
3135 4 2 1 1 1143 864 618 1072
3136 4 2 1 1 710 656 482 1037
3137 4 2 1 1 500 663 822 1206
3138 4 2 1 1 473 925 793 941
3139 4 2 1 1 632 1088 952 1113
3140 4 2 1 1 360 358 359 743
3141 4 2 1 1 700 1130 557 1213
3142 4 2 1 1 792 821 605 496
3143 4 2 1 1 1004 833 624 482
3144 4 2 1 1 1269 64 1 218
3145 4 2 1 1 340 865 667 1201
3146 4 2 1 1 621 1159 1007 1194
3147 4 2 1 1 717 642 1092 1111
3148 4 2 1 1 916 1069 587 483
3149 4 2 1 1 1262 828 1104 329
3150 4 2 1 1 540 834 898 1023
3151 4 2 1 1 746 691 518 1183
3152 4 2 1 1 1024 1138 966 476
3153 4 2 1 1 530 915 659 1109
3154 4 2 1 1 1024 966 1138 682
3155 4 2 1 1 590 1028 728 1032
3156 4 2 1 1 777 877 575 470
3157 4 2 1 1 541 740 968 976
3158 4 2 1 1 923 894 454 455
3159 4 2 1 1 84 103 104 598
3160 4 2 1 1 615 932 893 1216
3161 4 2 1 1 1214 1054 41 323
3162 4 2 1 1 1214 41 1054 152
3163 4 2 1 1 623 950 834 1191
3164 4 2 1 1 190 194 187 986
3165 4 2 1 1 585 775 824 995
3166 4 2 1 1 519 998 930 1125
3167 4 2 1 1 67 1104 68 197
3168 4 2 1 1 776 1006 611 1194
3169 4 2 1 1 699 574 1175 1176
3170 4 2 1 1 827 954 590 1032
3171 4 2 1 1 374 1145 819 996
3172 4 2 1 1 501 664 730 1001
3173 4 2 1 1 517 840 658 853
3174 4 2 1 1 862 1047 626 1181
3175 4 2 1 1 68 1104 67 339
3176 4 2 1 1 185 487 1008 933
3177 4 2 1 1 125 16 1242 113
3178 4 2 1 1 395 902 407 968
3179 4 2 1 1 533 956 877 1043
3180 4 2 1 1 712 929 888 1120
3181 4 2 1 1 526 920 778 1062
3182 4 2 1 1 568 958 861 1109
3183 4 2 1 1 544 1152 852 1153
3184 4 2 1 1 600 543 843 1020
3185 4 2 1 1 649 1146 879 1193
3186 4 2 1 1 527 784 633 1166
3187 4 2 1 1 507 850 727 896
3188 4 2 1 1 493 1061 828 1104
3189 4 2 1 1 207 1254 913 201
3190 4 2 1 1 670 756 475 1130
3191 4 2 1 1 369 371 367 921
3192 4 2 1 1 695 1069 491 1160
3193 4 2 1 1 249 543 265 1219
3194 4 2 1 1 226 239 246 1139
3195 4 2 1 1 835 896 507 1143
3196 4 2 1 1 1242 442 354 16
3197 4 2 1 1 72 73 223 1219
3198 4 2 1 1 937 940 821 496
3199 4 2 1 1 930 998 634 1125
3200 4 2 1 1 548 905 788 1158
3201 4 2 1 1 78 222 79 1229
3202 4 2 1 1 1104 196 204 197
3203 4 2 1 1 516 620 798 944
3204 4 2 1 1 695 491 1069 1148
3205 4 2 1 1 279 1156 702 1015
3206 4 2 1 1 713 930 644 1125
3207 4 2 1 1 632 952 887 1113
3208 4 2 1 1 777 1029 778 1124
3209 4 2 1 1 492 818 746 1084
3210 4 2 1 1 511 675 866 768
3211 4 2 1 1 303 294 307 1137
3212 4 2 1 1 573 1113 1004 1174
3213 4 2 1 1 941 698 537 889
3214 4 2 1 1 583 815 765 1159
3215 4 2 1 1 605 1114 413 1199
3216 4 2 1 1 519 652 998 1125
3217 4 2 1 1 498 597 712 1082
3218 4 2 1 1 105 120 84 762
3219 4 2 1 1 272 1267 297 62
3220 4 2 1 1 44 45 158 1244
3221 4 2 1 1 706 241 1197 735
3222 4 2 1 1 232 636 229 242
3223 4 2 1 1 759 846 613 996
3224 4 2 1 1 726 1121 647 463
3225 4 2 1 1 568 1082 958 1109
3226 4 2 1 1 721 1009 873 722
3227 4 2 1 1 552 910 833 1037
3228 4 2 1 1 558 826 1015 1156
3229 4 2 1 1 920 1160 1094 795
3230 4 2 1 1 534 242 839 1064
3231 4 2 1 1 1088 882 773 500
3232 4 2 1 1 1164 961 98 551
3233 4 2 1 1 170 690 1251 34
3234 4 2 1 1 515 887 952 1113
3235 4 2 1 1 228 534 874 1188
3236 4 2 1 1 534 1119 698 1171
3237 4 2 1 1 1133 1217 689 474
3238 4 2 1 1 396 846 379 911
3239 4 2 1 1 558 1015 826 1060
3240 4 2 1 1 680 556 933 974
3241 4 2 1 1 889 1190 1055 539
3242 4 2 1 1 647 962 1036 955
3243 4 2 1 1 633 908 907 997
3244 4 2 1 1 500 904 663 1206
3245 4 2 1 1 693 648 927 1074
3246 4 2 1 1 649 879 703 1193
3247 4 2 1 1 710 482 656 982
3248 4 2 1 1 492 718 958 1173
3249 4 2 1 1 1164 961 551 845
3250 4 2 1 1 555 773 847 856
3251 4 2 1 1 270 1170 683 1139
3252 4 2 1 1 352 621 433 1195
3253 4 2 1 1 527 908 633 997
3254 4 2 1 1 961 104 103 598
3255 4 2 1 1 630 950 807 1023
3256 4 2 1 1 459 939 677 746
3257 4 2 1 1 916 695 1069 688
3258 4 2 1 1 706 241 735 259
3259 4 2 1 1 549 878 849 1065
3260 4 2 1 1 819 625 1136 1145
3261 4 2 1 1 939 1102 581 1120
3262 4 2 1 1 552 1051 1037 720
3263 4 2 1 1 993 923 742 589
3264 4 2 1 1 768 832 547 947
3265 4 2 1 1 575 877 777 942
3266 4 2 1 1 530 958 718 1173
3267 4 2 1 1 765 815 687 1159
3268 4 2 1 1 635 848 715 483
3269 4 2 1 1 491 795 695 1160
3270 4 2 1 1 1027 1153 1053 617
3271 4 2 1 1 403 407 902 1218
3272 4 2 1 1 381 378 380 759
3273 4 2 1 1 528 880 576 786
3274 4 2 1 1 484 1048 764 1157
3275 4 2 1 1 550 736 729 927
3276 4 2 1 1 526 934 506 935
3277 4 2 1 1 1088 882 500 769
3278 4 2 1 1 1036 1126 579 955
3279 4 2 1 1 630 940 834 1023
3280 4 2 1 1 112 21 20 1233
3281 4 2 1 1 478 934 631 1106
3282 4 2 1 1 793 941 539 1099
3283 4 2 1 1 117 732 108 1164
3284 4 2 1 1 651 810 792 1114
3285 4 2 1 1 459 677 837 746
3286 4 2 1 1 1048 716 596 1207
3287 4 2 1 1 1138 950 714 540
3288 4 2 1 1 219 791 201 913
3289 4 2 1 1 510 1136 819 1142
3290 4 2 1 1 841 860 676 1096
3291 4 2 1 1 308 849 1065 1066
3292 4 2 1 1 578 847 973 856
3293 4 2 1 1 518 959 869 984
3294 4 2 1 1 817 988 1211 981
3295 4 2 1 1 280 826 1015 851
3296 4 2 1 1 936 1081 623 1097
3297 4 2 1 1 307 294 312 601
3298 4 2 1 1 522 779 794 986
3299 4 2 1 1 611 610 737 1195
3300 4 2 1 1 610 839 534 999
3301 4 2 1 1 374 1145 996 373
3302 4 2 1 1 698 1119 504 1171
3303 4 2 1 1 361 404 1044 1218
3304 4 2 1 1 468 952 773 983
3305 4 2 1 1 1053 1153 1027 532
3306 4 2 1 1 966 1056 619 1131
3307 4 2 1 1 454 687 338 418
3308 4 2 1 1 564 677 818 746
3309 4 2 1 1 138 536 590 139
3310 4 2 1 1 621 1007 433 1195
3311 4 2 1 1 108 116 117 1164
3312 4 2 1 1 508 858 1011 899
3313 4 2 1 1 464 597 786 1187
3314 4 2 1 1 481 672 598 824
3315 4 2 1 1 133 159 148 648
3316 4 2 1 1 531 749 856 983
3317 4 2 1 1 501 730 664 964
3318 4 2 1 1 561 853 772 967
3319 4 2 1 1 1139 260 909 767
3320 4 2 1 1 1033 894 1171 694
3321 4 2 1 1 871 787 510 1136
3322 4 2 1 1 279 702 1021 1015
3323 4 2 1 1 590 726 536 979
3324 4 2 1 1 509 762 586 873
3325 4 2 1 1 816 817 580 1211
3326 4 2 1 1 544 1149 727 275
3327 4 2 1 1 888 635 1034 1120
3328 4 2 1 1 500 847 773 856
3329 4 2 1 1 489 683 758 1170
3330 4 2 1 1 625 880 871 1136
3331 4 2 1 1 785 1164 1083 117
3332 4 2 1 1 538 642 992 1111
3333 4 2 1 1 680 642 974 926
3334 4 2 1 1 974 642 680 556
3335 4 2 1 1 1213 286 756 1130
3336 4 2 1 1 460 809 1062 1191
3337 4 2 1 1 1213 756 286 309
3338 4 2 1 1 842 872 614 1014
3339 4 2 1 1 548 1019 905 1158
3340 4 2 1 1 554 1211 1165 780
3341 4 2 1 1 530 1102 958 1173
3342 4 2 1 1 571 1000 772 1190
3343 4 2 1 1 1165 1211 554 467
3344 4 2 1 1 828 329 1078 1104
3345 4 2 1 1 1219 293 313 903
3346 4 2 1 1 478 1029 699 1175
3347 4 2 1 1 540 682 714 1138
3348 4 2 1 1 543 767 909 1219
3349 4 2 1 1 612 746 1047 1183
3350 4 2 1 1 544 727 618 1022
3351 4 2 1 1 871 787 1136 576
3352 4 2 1 1 817 883 562 975
3353 4 2 1 1 492 958 718 1210
3354 4 2 1 1 663 965 677 1126
3355 4 2 1 1 498 686 831 1082
3356 4 2 1 1 674 1135 493 1223
3357 4 2 1 1 313 293 1219 267
3358 4 2 1 1 1217 1068 750 973
3359 4 2 1 1 947 832 961 586
3360 4 2 1 1 519 652 888 1160
3361 4 2 1 1 566 549 878 849
3362 4 2 1 1 535 907 633 908
3363 4 2 1 1 703 813 643 1193
3364 4 2 1 1 1159 433 432 394
3365 4 2 1 1 414 384 440 763
3366 4 2 1 1 520 577 949 554
3367 4 2 1 1 1011 100 105 508
3368 4 2 1 1 744 495 859 1052
3369 4 2 1 1 313 909 1219 903
3370 4 2 1 1 469 711 914 1058
3371 4 2 1 1 519 715 930 1127
3372 4 2 1 1 351 621 694 350
3373 4 2 1 1 800 619 734 858
3374 4 2 1 1 1192 252 735 225
3375 4 2 1 1 198 690 1101 1203
3376 4 2 1 1 569 919 902 1123
3377 4 2 1 1 894 923 836 455
3378 4 2 1 1 137 590 1028 1150
3379 4 2 1 1 582 794 666 1050
3380 4 2 1 1 500 738 773 1088
3381 4 2 1 1 699 785 551 943
3382 4 2 1 1 823 1030 513 1049
3383 4 2 1 1 555 679 983 857
3384 4 2 1 1 581 1102 774 1120
3385 4 2 1 1 577 988 868 1003
3386 4 2 1 1 357 1108 416 337
3387 4 2 1 1 628 915 774 1080
3388 4 2 1 1 233 704 838 938
3389 4 2 1 1 792 810 605 1114
3390 4 2 1 1 623 546 937 950
3391 4 2 1 1 861 1109 659 1187
3392 4 2 1 1 1219 909 313 267
3393 4 2 1 1 870 1053 1027 660
3394 4 2 1 1 653 522 816 1209
3395 4 2 1 1 509 1129 1091 1185
3396 4 2 1 1 569 968 902 1140
3397 4 2 1 1 868 988 580 1096
3398 4 2 1 1 881 963 856 578
3399 4 2 1 1 1027 1053 870 617
3400 4 2 1 1 1000 149 1055 144
3401 4 2 1 1 113 937 1085 102
3402 4 2 1 1 271 312 306 1122
3403 4 2 1 1 113 937 102 106
3404 4 2 1 1 535 806 766 907
3405 4 2 1 1 606 652 781 900
3406 4 2 1 1 952 738 1088 773
3407 4 2 1 1 686 568 1082 1205
3408 4 2 1 1 560 751 995 1010
3409 4 2 1 1 518 1047 686 1057
3410 4 2 1 1 197 823 1104 212
3411 4 2 1 1 509 873 721 1009
3412 4 2 1 1 586 94 947 508
3413 4 2 1 1 503 902 815 1123
3414 4 2 1 1 197 823 212 176
3415 4 2 1 1 439 401 411 821
3416 4 2 1 1 9 402 422 740
3417 4 2 1 1 1068 977 1053 474
3418 4 2 1 1 463 924 728 1172
3419 4 2 1 1 952 738 773 531
3420 4 2 1 1 711 1128 720 575
3421 4 2 1 1 552 811 745 1009
3422 4 2 1 1 113 1256 1242 937
3423 4 2 1 1 563 842 739 1224
3424 4 2 1 1 708 524 914 614
3425 4 2 1 1 425 607 960 443
3426 4 2 1 1 999 1103 570 466
3427 4 2 1 1 804 1067 709 1083
3428 4 2 1 1 954 979 138 1214
3429 4 2 1 1 949 1158 788 520
3430 4 2 1 1 526 506 766 1081
3431 4 2 1 1 726 827 646 1074
3432 4 2 1 1 960 443 607 1063
3433 4 2 1 1 538 946 830 671
3434 4 2 1 1 400 819 372 1167
3435 4 2 1 1 819 1136 625 1142
3436 4 2 1 1 459 822 855 573
3437 4 2 1 1 463 801 924 1121
3438 4 2 1 1 609 924 801 1121
3439 4 2 1 1 989 563 813 643
3440 4 2 1 1 1066 1220 917 803
3441 4 2 1 1 386 385 387 815
3442 4 2 1 1 504 1154 993 1163
3443 4 2 1 1 649 1004 733 710
3444 4 2 1 1 530 659 915 1012
3445 4 2 1 1 236 604 595 1091
3446 4 2 1 1 674 794 666 1116
3447 4 2 1 1 260 249 223 767
3448 4 2 1 1 721 521 575 1221
3449 4 2 1 1 988 1045 676 588
3450 4 2 1 1 469 844 804 943
3451 4 2 1 1 140 698 889 1150
3452 4 2 1 1 135 53 52 1240
3453 4 2 1 1 281 893 615 970
3454 4 2 1 1 523 896 835 1143
3455 4 2 1 1 554 949 814 981
3456 4 2 1 1 1004 710 649 1179
3457 4 2 1 1 589 829 923 1108
3458 4 2 1 1 941 1099 473 1198
3459 4 2 1 1 205 217 180 690
3460 4 2 1 1 820 400 370 1167
3461 4 2 1 1 820 370 400 401
3462 4 2 1 1 623 546 950 1191
3463 4 2 1 1 544 1149 275 852
3464 4 2 1 1 466 876 776 1006
3465 4 2 1 1 411 821 401 1199
3466 4 2 1 1 1011 100 508 1192
3467 4 2 1 1 927 493 693 1223
3468 4 2 1 1 589 829 655 1052
3469 4 2 1 1 507 835 797 1041
3470 4 2 1 1 927 693 493 648
3471 4 2 1 1 238 665 249 767
3472 4 2 1 1 586 832 722 947
3473 4 2 1 1 1235 171 133 1061
3474 4 2 1 1 1235 171 39 133
3475 4 2 1 1 173 1203 1144 155
3476 4 2 1 1 1073 1086 839 505
3477 4 2 1 1 1087 1086 232 839
3478 4 2 1 1 288 308 849 1065
3479 4 2 1 1 1087 232 1086 240
3480 4 2 1 1 597 528 786 1147
3481 4 2 1 1 777 832 575 1155
3482 4 2 1 1 394 393 387 1159
3483 4 2 1 1 478 795 934 1106
3484 4 2 1 1 156 1232 1260 886
3485 4 2 1 1 746 518 691 984
3486 4 2 1 1 592 1103 862 1169
3487 4 2 1 1 131 550 168 994
3488 4 2 1 1 708 469 914 1058
3489 4 2 1 1 537 889 901 941
3490 4 2 1 1 632 477 769 1113
3491 4 2 1 1 628 1080 774 497
3492 4 2 1 1 817 1211 988 580
3493 4 2 1 1 1038 303 281 285
3494 4 2 1 1 189 779 986 187
3495 4 2 1 1 945 701 668 559
3496 4 2 1 1 518 746 1047 1057
3497 4 2 1 1 129 590 138 954
3498 4 2 1 1 1038 281 303 893
3499 4 2 1 1 580 676 488 860
3500 4 2 1 1 470 832 721 575
3501 4 2 1 1 1204 522 653 794
3502 4 2 1 1 586 721 873 722
3503 4 2 1 1 589 761 993 1032
3504 4 2 1 1 886 754 627 1016
3505 4 2 1 1 1139 909 260 246
3506 4 2 1 1 855 956 533 1043
3507 4 2 1 1 514 817 988 1017
3508 4 2 1 1 967 1031 658 853
3509 4 2 1 1 541 880 713 1071
3510 4 2 1 1 470 811 721 722
3511 4 2 1 1 733 689 1093 1174
3512 4 2 1 1 541 685 921 1071
3513 4 2 1 1 106 102 92 937
3514 4 2 1 1 1029 1070 699 1176
3515 4 2 1 1 469 804 709 943
3516 4 2 1 1 837 1093 691 1100
3517 4 2 1 1 239 990 230 1059
3518 4 2 1 1 753 853 799 489
3519 4 2 1 1 298 791 756 913
3520 4 2 1 1 38 39 133 1235
3521 4 2 1 1 491 695 795 1148
3522 4 2 1 1 356 744 341 1078
3523 4 2 1 1 130 572 166 874
3524 4 2 1 1 591 879 914 982
3525 4 2 1 1 1132 1095 558 668
3526 4 2 1 1 744 828 341 1078
3527 4 2 1 1 4 70 262 1264
3528 4 2 1 1 816 916 653 975
3529 4 2 1 1 693 859 646 640
3530 4 2 1 1 745 811 553 1009
3531 4 2 1 1 568 958 1205 1210
3532 4 2 1 1 447 415 339 1104
3533 4 2 1 1 1166 792 342 662
3534 4 2 1 1 109 645 119 1220
3535 4 2 1 1 342 792 1166 457
3536 4 2 1 1 400 369 370 1167
3537 4 2 1 1 398 759 1140 996
3538 4 2 1 1 195 190 208 908
3539 4 2 1 1 159 828 1249 1054
3540 4 2 1 1 807 607 1138 895
3541 4 2 1 1 813 887 643 1193
3542 4 2 1 1 670 791 588 913
3543 4 2 1 1 666 794 582 1116
3544 4 2 1 1 241 595 1197 735
3545 4 2 1 1 502 980 706 1197
3546 4 2 1 1 489 758 1000 1031
3547 4 2 1 1 548 922 892 1019
3548 4 2 1 1 555 857 926 974
3549 4 2 1 1 680 933 556 1008
3550 4 2 1 1 516 676 841 928
3551 4 2 1 1 754 290 1016 886
3552 4 2 1 1 718 958 861 1210
3553 4 2 1 1 597 831 1056 1131
3554 4 2 1 1 234 233 235 938
3555 4 2 1 1 612 1047 746 1084
3556 4 2 1 1 536 726 654 736
3557 4 2 1 1 377 376 397 1090
3558 4 2 1 1 856 983 749 857
3559 4 2 1 1 475 849 913 917
3560 4 2 1 1 518 959 984 1057
3561 4 2 1 1 560 656 1037 1051
3562 4 2 1 1 419 662 342 792
3563 4 2 1 1 586 721 509 873
3564 4 2 1 1 865 340 420 1201
3565 4 2 1 1 478 931 1175 942
3566 4 2 1 1 807 607 895 1063
3567 4 2 1 1 162 758 683 1178
3568 4 2 1 1 207 645 211 913
3569 4 2 1 1 498 1057 686 1082
3570 4 2 1 1 935 1029 934 673
3571 4 2 1 1 296 732 601 1122
3572 4 2 1 1 961 1186 586 1221
3573 4 2 1 1 1217 1068 973 474
3574 4 2 1 1 1107 966 1131 476
3575 4 2 1 1 934 1029 935 778
3576 4 2 1 1 109 11 645 782
3577 4 2 1 1 553 873 858 1185
3578 4 2 1 1 724 626 957 1181
3579 4 2 1 1 462 800 948 619
3580 4 2 1 1 584 822 965 837
3581 4 2 1 1 936 937 102 1085
3582 4 2 1 1 604 800 595 1185
3583 4 2 1 1 121 84 104 598
3584 4 2 1 1 1235 171 1061 1255
3585 4 2 1 1 513 667 865 1201
3586 4 2 1 1 783 906 545 470
3587 4 2 1 1 542 618 799 1215
3588 4 2 1 1 371 422 402 921
3589 4 2 1 1 509 586 762 598
3590 4 2 1 1 705 1053 757 474
3591 4 2 1 1 725 726 536 1172
3592 4 2 1 1 545 866 783 768
3593 4 2 1 1 569 759 1141 786
3594 4 2 1 1 631 780 520 554
3595 4 2 1 1 134 154 162 1178
3596 4 2 1 1 632 769 1025 1088
3597 4 2 1 1 116 114 104 672
3598 4 2 1 1 894 1154 687 1159
3599 4 2 1 1 358 357 356 1200
3600 4 2 1 1 221 731 990 874
3601 4 2 1 1 1008 1203 550 1208
3602 4 2 1 1 833 957 518 1183
3603 4 2 1 1 673 1175 803 1176
3604 4 2 1 1 18 19 1231 83
3605 4 2 1 1 440 353 414 1007
3606 4 2 1 1 952 1088 515 1113
3607 4 2 1 1 226 683 239 1139
3608 4 2 1 1 98 95 97 1070
3609 4 2 1 1 221 731 874 229
3610 4 2 1 1 233 236 604 1086
3611 4 2 1 1 682 91 714 807
3612 4 2 1 1 682 91 807 567
3613 4 2 1 1 641 667 493 1078
3614 4 2 1 1 1130 692 566 812
3615 4 2 1 1 562 883 817 1182
3616 4 2 1 1 630 1023 807 1063
3617 4 2 1 1 829 836 336 1214
3618 4 2 1 1 604 595 800 1086
3619 4 2 1 1 834 950 630 1023
3620 4 2 1 1 586 509 721 1186
3621 4 2 1 1 378 377 379 996
3622 4 2 1 1 1204 522 794 1116
3623 4 2 1 1 1027 1153 1055 144
3624 4 2 1 1 766 1106 695 1165
3625 4 2 1 1 819 820 510 1142
3626 4 2 1 1 1055 1153 1027 617
3627 4 2 1 1 168 153 148 550
3628 4 2 1 1 864 951 618 1215
3629 4 2 1 1 518 686 959 1057
3630 4 2 1 1 188 580 868 779
3631 4 2 1 1 631 673 934 1175
3632 4 2 1 1 475 913 588 1003
3633 4 2 1 1 580 653 816 1209
3634 4 2 1 1 523 854 689 1133
3635 4 2 1 1 322 912 392 918
3636 4 2 1 1 388 742 404 1218
3637 4 2 1 1 530 958 774 1109
3638 4 2 1 1 259 1241 252 735
3639 4 2 1 1 490 901 830 1039
3640 4 2 1 1 519 712 888 652
3641 4 2 1 1 566 548 890 788
3642 4 2 1 1 622 669 790 1202
3643 4 2 1 1 915 1013 1012 1089
3644 4 2 1 1 662 651 1030 1049
3645 4 2 1 1 502 1073 876 664
3646 4 2 1 1 515 689 854 1174
3647 4 2 1 1 291 945 798 1016
3648 4 2 1 1 550 994 131 1203
3649 4 2 1 1 680 729 487 1008
3650 4 2 1 1 555 773 983 629
3651 4 2 1 1 475 788 814 548
3652 4 2 1 1 415 341 456 1078
3653 4 2 1 1 1066 1220 803 119
3654 4 2 1 1 739 600 864 1020
3655 4 2 1 1 348 1257 453 322
3656 4 2 1 1 431 639 347 918
3657 4 2 1 1 564 837 677 746
3658 4 2 1 1 626 953 686 1047
3659 4 2 1 1 498 866 707 971
3660 4 2 1 1 518 1047 746 1183
3661 4 2 1 1 287 727 544 1022
3662 4 2 1 1 681 800 595 1086
3663 4 2 1 1 645 782 1003 1220
3664 4 2 1 1 521 656 720 711
3665 4 2 1 1 1011 858 595 899
3666 4 2 1 1 291 945 1016 299
3667 4 2 1 1 1253 24 23 121
3668 4 2 1 1 114 89 126 1122
3669 4 2 1 1 532 881 627 886
3670 4 2 1 1 1185 1115 1117 604
3671 4 2 1 1 466 718 861 1103
3672 4 2 1 1 769 477 573 1113
3673 4 2 1 1 758 1170 683 1178
3674 4 2 1 1 155 1144 165 690
3675 4 2 1 1 697 932 692 1026
3676 4 2 1 1 547 777 699 1155
3677 4 2 1 1 475 917 913 1003
3678 4 2 1 1 1078 341 329 828
3679 4 2 1 1 766 1046 633 1081
3680 4 2 1 1 560 796 752 1010
3681 4 2 1 1 642 857 847 578
3682 4 2 1 1 897 542 1170 618
3683 4 2 1 1 503 1089 902 1123
3684 4 2 1 1 446 1054 829 1214
3685 4 2 1 1 638 463 1012 924
3686 4 2 1 1 628 915 764 1013
3687 4 2 1 1 285 286 851 1038
3688 4 2 1 1 497 929 774 1120
3689 4 2 1 1 551 1083 804 943
3690 4 2 1 1 189 779 188 868
3691 4 2 1 1 359 743 356 1077
3692 4 2 1 1 96 547 1070 95
3693 4 2 1 1 1078 329 341 456
3694 4 2 1 1 1238 263 683 251
3695 4 2 1 1 619 1056 831 1131
3696 4 2 1 1 473 925 941 1118
3697 4 2 1 1 570 867 534 1119
3698 4 2 1 1 613 657 1090 1107
3699 4 2 1 1 372 371 369 1145
3700 4 2 1 1 141 889 789 1150
3701 4 2 1 1 640 1098 716 1135
3702 4 2 1 1 253 257 672 747
3703 4 2 1 1 709 878 529 1026
3704 4 2 1 1 669 668 944 700
3705 4 2 1 1 235 604 233 236
3706 4 2 1 1 842 893 872 1137
3707 4 2 1 1 464 1109 597 1187
3708 4 2 1 1 893 932 529 1216
3709 4 2 1 1 538 870 660 1068
3710 4 2 1 1 111 1176 673 1220
3711 4 2 1 1 820 1142 819 1167
3712 4 2 1 1 626 686 1035 1047
3713 4 2 1 1 320 909 542 1139
3714 4 2 1 1 149 166 130 572
3715 4 2 1 1 577 987 988 1003
3716 4 2 1 1 558 668 826 1156
3717 4 2 1 1 640 1134 461 1222
3718 4 2 1 1 188 860 203 1096
3719 4 2 1 1 460 834 898 540
3720 4 2 1 1 628 761 1012 1013
3721 4 2 1 1 769 822 500 1088
3722 4 2 1 1 531 773 983 856
3723 4 2 1 1 282 293 294 842
3724 4 2 1 1 666 582 885 1116
3725 4 2 1 1 805 806 522 907
3726 4 2 1 1 1192 252 225 264
3727 4 2 1 1 669 1095 790 1202
3728 4 2 1 1 534 867 636 874
3729 4 2 1 1 510 787 476 1196
3730 4 2 1 1 518 984 869 1075
3731 4 2 1 1 281 1224 970 1015
3732 4 2 1 1 1237 317 310 645
3733 4 2 1 1 557 670 812 1130
3734 4 2 1 1 371 373 422 1145
3735 4 2 1 1 525 601 732 1122
3736 4 2 1 1 1008 891 927 487
3737 4 2 1 1 144 758 162 1153
3738 4 2 1 1 572 150 1000 990
3739 4 2 1 1 488 779 860 933
3740 4 2 1 1 308 302 849 1066
3741 4 2 1 1 1237 124 645 88
3742 4 2 1 1 879 982 591 1179
3743 4 2 1 1 609 564 677 818
3744 4 2 1 1 1246 172 1263 683
3745 4 2 1 1 901 925 793 1162
3746 4 2 1 1 625 819 1142 1167
3747 4 2 1 1 676 1045 669 1110
3748 4 2 1 1 759 919 381 1140
3749 4 2 1 1 322 706 78 436
3750 4 2 1 1 676 488 629 1017
3751 4 2 1 1 917 1003 520 1220
3752 4 2 1 1 78 706 1241 259
3753 4 2 1 1 518 959 686 1035
3754 4 2 1 1 667 1077 415 1078
3755 4 2 1 1 572 150 990 130
3756 4 2 1 1 1217 837 1018 678
3757 4 2 1 1 568 1109 861 1187
3758 4 2 1 1 208 633 190 1046
3759 4 2 1 1 518 1035 686 1047
3760 4 2 1 1 743 1077 596 1098
3761 4 2 1 1 744 829 495 1052
3762 4 2 1 1 587 715 755 483
3763 4 2 1 1 726 979 827 1074
3764 4 2 1 1 551 1083 943 785
3765 4 2 1 1 483 916 688 975
3766 4 2 1 1 607 895 1024 1138
3767 4 2 1 1 552 910 1037 1051
3768 4 2 1 1 993 923 589 1163
3769 4 2 1 1 452 330 807 895
3770 4 2 1 1 775 1051 585 1117
3771 4 2 1 1 1138 950 540 1023
3772 4 2 1 1 1213 851 286 1130
3773 4 2 1 1 585 1051 910 1117
3774 4 2 1 1 143 145 142 992
3775 4 2 1 1 702 727 277 1021
3776 4 2 1 1 576 652 971 712
3777 4 2 1 1 873 1091 1011 858
3778 4 2 1 1 413 401 820 1199
3779 4 2 1 1 84 586 120 103
3780 4 2 1 1 257 672 747 824
3781 4 2 1 1 602 1080 628 497
3782 4 2 1 1 492 746 818 1205
3783 4 2 1 1 183 891 186 196
3784 4 2 1 1 587 755 715 1127
3785 4 2 1 1 1004 1093 691 573
3786 4 2 1 1 473 772 771 723
3787 4 2 1 1 145 1111 992 994
3788 4 2 1 1 756 791 670 913
3789 4 2 1 1 1143 864 1072 643
3790 4 2 1 1 589 827 761 1032
3791 4 2 1 1 541 921 880 1071
3792 4 2 1 1 658 799 753 853
3793 4 2 1 1 679 983 749 684
3794 4 2 1 1 411 321 439 821
3795 4 2 1 1 583 919 763 1141
3796 4 2 1 1 1114 368 370 408
3797 4 2 1 1 666 674 493 891
3798 4 2 1 1 92 546 937 101
3799 4 2 1 1 321 821 630 1225
3800 4 2 1 1 92 546 101 93
3801 4 2 1 1 791 516 318 700
3802 4 2 1 1 460 834 540 1191
3803 4 2 1 1 1189 1169 862 1103
3804 4 2 1 1 112 1233 567 1192
3805 4 2 1 1 698 728 537 1028
3806 4 2 1 1 94 100 91 508
3807 4 2 1 1 135 170 161 690
3808 4 2 1 1 417 923 829 1108
3809 4 2 1 1 514 987 814 1045
3810 4 2 1 1 425 391 960 1180
3811 4 2 1 1 231 731 704 1059
3812 4 2 1 1 1034 1069 594 663
3813 4 2 1 1 1226 318 266 791
3814 4 2 1 1 583 765 776 1194
3815 4 2 1 1 194 794 986 1050
3816 4 2 1 1 462 948 831 619
3817 4 2 1 1 118 117 785 1083
3818 4 2 1 1 509 585 775 824
3819 4 2 1 1 222 737 502 1087
3820 4 2 1 1 722 832 586 721
3821 4 2 1 1 515 1174 854 1193
3822 4 2 1 1 532 128 852 163
3823 4 2 1 1 492 718 1173 1189
3824 4 2 1 1 725 901 925 537
3825 4 2 1 1 947 961 832 547
3826 4 2 1 1 908 986 582 1050
3827 4 2 1 1 415 340 390 1077
3828 4 2 1 1 582 1049 908 1050
3829 4 2 1 1 506 1046 766 1081
3830 4 2 1 1 312 601 294 295
3831 4 2 1 1 334 441 421 1161
3832 4 2 1 1 833 910 624 1037
3833 4 2 1 1 699 777 547 1029
3834 4 2 1 1 313 292 289 739
3835 4 2 1 1 179 218 784 1085
3836 4 2 1 1 789 901 830 536
3837 4 2 1 1 429 347 431 639
3838 4 2 1 1 691 1093 837 573
3839 4 2 1 1 547 768 777 832
3840 4 2 1 1 628 1012 915 1013
3841 4 2 1 1 522 582 907 986
3842 4 2 1 1 670 791 700 1110
3843 4 2 1 1 380 378 379 846
3844 4 2 1 1 884 533 1075 1128
3845 4 2 1 1 109 119 127 1220
3846 4 2 1 1 478 1175 699 942
3847 4 2 1 1 260 223 909 767
3848 4 2 1 1 1131 1107 613 730
3849 4 2 1 1 660 881 963 1053
3850 4 2 1 1 158 1244 169 694
3851 4 2 1 1 613 1107 1131 528
3852 4 2 1 1 1181 505 862 1076
3853 4 2 1 1 390 1077 356 1078
3854 4 2 1 1 613 1147 1131 730
3855 4 2 1 1 726 1121 463 1172
3856 4 2 1 1 635 1034 939 663
3857 4 2 1 1 549 878 709 890
3858 4 2 1 1 1131 1147 613 528
3859 4 2 1 1 464 1187 786 1212
3860 4 2 1 1 501 1147 964 1187
3861 4 2 1 1 1089 659 1012 915
3862 4 2 1 1 395 403 407 902
3863 4 2 1 1 733 1004 624 710
3864 4 2 1 1 958 1102 818 1173
3865 4 2 1 1 506 520 782 1220
3866 4 2 1 1 533 855 884 1075
3867 4 2 1 1 488 933 841 974
3868 4 2 1 1 1068 977 750 870
3869 4 2 1 1 537 925 728 1118
3870 4 2 1 1 1089 1012 659 503
3871 4 2 1 1 843 864 600 1020
3872 4 2 1 1 1250 683 263 226
3873 4 2 1 1 292 739 293 842
3874 4 2 1 1 939 1126 1102 497
3875 4 2 1 1 185 487 933 779
3876 4 2 1 1 458 396 911 912
3877 4 2 1 1 619 966 899 511
3878 4 2 1 1 540 966 682 1138
3879 4 2 1 1 224 1247 261 250
3880 4 2 1 1 723 612 1084 1181
3881 4 2 1 1 724 472 957 1115
3882 4 2 1 1 621 760 1006 1033
3883 4 2 1 1 1102 1126 939 677
3884 4 2 1 1 9 444 402 968
3885 4 2 1 1 240 258 222 1087
3886 4 2 1 1 461 930 715 1127
3887 4 2 1 1 682 91 567 508
3888 4 2 1 1 747 903 311 1219
3889 4 2 1 1 440 335 451 1007
3890 4 2 1 1 1262 828 435 1255
3891 4 2 1 1 545 777 470 877
3892 4 2 1 1 522 794 582 986
3893 4 2 1 1 153 168 131 550
3894 4 2 1 1 1083 118 549 785
3895 4 2 1 1 1083 118 82 1065
3896 4 2 1 1 1083 82 118 117
3897 4 2 1 1 750 671 973 1068
3898 4 2 1 1 486 955 729 1222
3899 4 2 1 1 484 1098 969 640
3900 4 2 1 1 1140 381 383 919
3901 4 2 1 1 605 821 820 940
3902 4 2 1 1 1107 966 476 1024
3903 4 2 1 1 200 177 1226 61
3904 4 2 1 1 539 870 750 977
3905 4 2 1 1 598 775 481 824
3906 4 2 1 1 105 120 762 508
3907 4 2 1 1 505 724 838 1076
3908 4 2 1 1 818 958 581 1102
3909 4 2 1 1 818 939 1102 581
3910 4 2 1 1 752 796 517 1010
3911 4 2 1 1 780 868 535 1177
3912 4 2 1 1 529 1038 878 1137
3913 4 2 1 1 25 26 105 1228
3914 4 2 1 1 485 887 813 1193
3915 4 2 1 1 748 922 1105 477
3916 4 2 1 1 731 489 853 1059
3917 4 2 1 1 509 775 598 824
3918 4 2 1 1 532 163 852 1153
3919 4 2 1 1 400 391 372 819
3920 4 2 1 1 464 764 915 1212
3921 4 2 1 1 896 897 757 1152
3922 4 2 1 1 641 493 828 1078
3923 4 2 1 1 503 1012 1013 1089
3924 4 2 1 1 573 1004 1093 1174
3925 4 2 1 1 509 1009 775 1117
3926 4 2 1 1 1140 383 381 430
3927 4 2 1 1 1195 1194 1007 611
3928 4 2 1 1 523 951 799 618
3929 4 2 1 1 1256 937 106 630
3930 4 2 1 1 514 988 676 1017
3931 4 2 1 1 484 969 1048 1157
3932 4 2 1 1 615 692 932 1216
3933 4 2 1 1 817 981 514 988
3934 4 2 1 1 233 604 938 1086
3935 4 2 1 1 514 817 1017 1182
3936 4 2 1 1 534 999 570 1119
3937 4 2 1 1 574 785 549 803
3938 4 2 1 1 174 13 199 1046
3939 4 2 1 1 855 956 594 1034
3940 4 2 1 1 1106 795 1094 695
3941 4 2 1 1 818 1102 609 1173
3942 4 2 1 1 294 842 601 1137
3943 4 2 1 1 519 930 998 1127
3944 4 2 1 1 645 1003 917 1220
3945 4 2 1 1 350 433 352 621
3946 4 2 1 1 632 1025 952 1088
3947 4 2 1 1 291 945 299 300
3948 4 2 1 1 555 857 847 926
3949 4 2 1 1 97 95 96 1070
3950 4 2 1 1 510 820 819 960
3951 4 2 1 1 1235 171 1255 39
3952 4 2 1 1 488 883 629 1017
3953 4 2 1 1 1120 1082 581 1168
3954 4 2 1 1 498 1082 712 1168
3955 4 2 1 1 1113 1174 515 1193
3956 4 2 1 1 1106 1094 795 526
3957 4 2 1 1 407 361 1044 1218
3958 4 2 1 1 1181 1189 1076 862
3959 4 2 1 1 534 694 1033 1171
3960 4 2 1 1 480 1094 1081 900
3961 4 2 1 1 1111 994 157 717
3962 4 2 1 1 320 909 289 1022
3963 4 2 1 1 17 16 113 1242
3964 4 2 1 1 536 142 1111 789
3965 4 2 1 1 412 865 365 1112
3966 4 2 1 1 1039 1068 750 870
3967 4 2 1 1 590 726 979 827
3968 4 2 1 1 1000 572 772 1190
3969 4 2 1 1 638 463 924 728
3970 4 2 1 1 378 759 398 996
3971 4 2 1 1 740 976 880 786
3972 4 2 1 1 789 889 539 901
3973 4 2 1 1 354 784 328 442
3974 4 2 1 1 166 698 146 1188
3975 4 2 1 1 580 988 868 1211
3976 4 2 1 1 721 575 832 1221
3977 4 2 1 1 1081 1094 480 766
3978 4 2 1 1 611 737 502 972
3979 4 2 1 1 548 692 892 812
3980 4 2 1 1 194 190 195 908
3981 4 2 1 1 711 575 985 1128
3982 4 2 1 1 799 951 753 1215
3983 4 2 1 1 624 1100 1002 1183
3984 4 2 1 1 465 729 680 991
3985 4 2 1 1 234 704 233 938
3986 4 2 1 1 612 724 957 1181
3987 4 2 1 1 235 585 237 234
3988 4 2 1 1 501 730 964 1147
3989 4 2 1 1 502 611 603 664
3990 4 2 1 1 908 1049 527 1166
3991 4 2 1 1 235 585 234 938
3992 4 2 1 1 842 294 893 1137
3993 4 2 1 1 625 880 921 1071
3994 4 2 1 1 440 763 384 1161
3995 4 2 1 1 676 580 988 1096
3996 4 2 1 1 597 730 1131 1147
3997 4 2 1 1 740 9 398 422
3998 4 2 1 1 639 1024 825 1107
3999 4 2 1 1 549 917 849 788
4000 4 2 1 1 518 984 746 1057
4001 4 2 1 1 674 794 487 891
4002 4 2 1 1 515 584 689 1174
4003 4 2 1 1 883 1017 817 1182
4004 4 2 1 1 701 945 1016 559
4005 4 2 1 1 85 506 111 122
4006 4 2 1 1 449 425 391 960
4007 4 2 1 1 527 997 808 1049
4008 4 2 1 1 513 823 667 1201
4009 4 2 1 1 96 101 111 673
4010 4 2 1 1 336 455 836 923
4011 4 2 1 1 156 1232 886 128
4012 4 2 1 1 541 880 740 976
4013 4 2 1 1 617 758 757 1000
4014 4 2 1 1 950 83 91 92
4015 4 2 1 1 899 1192 508 567
4016 4 2 1 1 331 443 425 960
4017 4 2 1 1 897 542 618 799
4018 4 2 1 1 820 821 605 1199
4019 4 2 1 1 757 977 617 1190
4020 4 2 1 1 526 935 506 1081
4021 4 2 1 1 549 917 788 803
4022 4 2 1 1 526 934 795 1106
4023 4 2 1 1 1231 630 18 83
4024 4 2 1 1 105 100 120 508
4025 4 2 1 1 94 947 95 961
4026 4 2 1 1 518 811 869 959
4027 4 2 1 1 1004 833 482 1075
4028 4 2 1 1 633 784 496 1085
4029 4 2 1 1 501 1001 730 1147
4030 4 2 1 1 1045 1040 669 622
4031 4 2 1 1 528 740 880 786
4032 4 2 1 1 500 882 773 847
4033 4 2 1 1 877 906 533 470
4034 4 2 1 1 377 996 376 1090
4035 4 2 1 1 569 968 740 976
4036 4 2 1 1 376 996 377 375
4037 4 2 1 1 739 909 542 1022
4038 4 2 1 1 750 1018 678 1217
4039 4 2 1 1 355 828 744 1054
4040 4 2 1 1 981 987 514 988
4041 4 2 1 1 1115 800 1086 604
4042 4 2 1 1 682 807 714 1138
4043 4 2 1 1 612 1047 1084 1181
4044 4 2 1 1 577 868 988 1211
4045 4 2 1 1 145 994 992 1144
4046 4 2 1 1 276 268 275 1149
4047 4 2 1 1 1115 1086 800 505
4048 4 2 1 1 167 150 130 990
4049 4 2 1 1 885 997 582 1049
4050 4 2 1 1 107 1227 13 1046
4051 4 2 1 1 238 234 665 704
4052 4 2 1 1 1209 779 189 868
4053 4 2 1 1 587 755 916 483
4054 4 2 1 1 1195 335 1007 451
4055 4 2 1 1 30 308 269 1065
4056 4 2 1 1 804 844 469 1058
4057 4 2 1 1 429 639 397 1005
4058 4 2 1 1 334 912 436 972
4059 4 2 1 1 434 349 351 694
4060 4 2 1 1 628 647 770 497
4061 4 2 1 1 381 398 759 1140
4062 4 2 1 1 517 1059 704 1184
4063 4 2 1 1 158 1259 1244 1171
4064 4 2 1 1 515 738 584 1088
4065 4 2 1 1 579 1036 955 465
4066 4 2 1 1 714 947 768 1124
4067 4 2 1 1 1119 728 504 760
4068 4 2 1 1 537 728 698 1118
4069 4 2 1 1 566 549 849 788
4070 4 2 1 1 509 775 721 1186
4071 4 2 1 1 55 128 154 852
4072 4 2 1 1 978 243 610 737
4073 4 2 1 1 522 916 755 653
4074 4 2 1 1 505 1086 938 1115
4075 4 2 1 1 290 1149 1016 886
4076 4 2 1 1 660 881 532 992
4077 4 2 1 1 1119 504 728 698
4078 4 2 1 1 736 927 648 1074
4079 4 2 1 1 1192 1257 264 1271
4080 4 2 1 1 32 108 732 1122
4081 4 2 1 1 852 1152 532 1153
4082 4 2 1 1 187 794 986 194
4083 4 2 1 1 200 516 1226 177
4084 4 2 1 1 190 535 209 1046
4085 4 2 1 1 429 895 639 1005
4086 4 2 1 1 510 820 940 1142
4087 4 2 1 1 818 939 581 746
4088 4 2 1 1 280 1015 826 1156
4089 4 2 1 1 823 513 1030 1201
4090 4 2 1 1 381 398 378 759
4091 4 2 1 1 634 998 930 1127
4092 4 2 1 1 839 1076 570 1169
4093 4 2 1 1 721 811 552 1009
4094 4 2 1 1 639 825 1024 918
4095 4 2 1 1 962 1121 725 1162
4096 4 2 1 1 617 1000 757 1190
4097 4 2 1 1 32 108 31 732
4098 4 2 1 1 568 861 964 1187
4099 4 2 1 1 423 420 410 865
4100 4 2 1 1 963 1053 474 1068
4101 4 2 1 1 889 1190 539 1099
4102 4 2 1 1 1226 297 61 266
4103 4 2 1 1 1226 318 791 516
4104 4 2 1 1 86 1228 1258 1011
4105 4 2 1 1 825 619 899 734
4106 4 2 1 1 492 746 1047 1084
4107 4 2 1 1 138 536 139 147
4108 4 2 1 1 701 1016 945 299
4109 4 2 1 1 636 731 229 874
4110 4 2 1 1 542 1020 739 1215
4111 4 2 1 1 419 344 662 1030
4112 4 2 1 1 1238 172 160 683
4113 4 2 1 1 783 866 675 768
4114 4 2 1 1 144 1055 1000 1153
4115 4 2 1 1 500 822 769 1206
4116 4 2 1 1 195 662 1050 1166
4117 4 2 1 1 521 720 721 575
4118 4 2 1 1 14 13 107 1227
4119 4 2 1 1 539 977 678 1099
4120 4 2 1 1 835 854 523 1143
4121 4 2 1 1 635 1069 1034 663
4122 4 2 1 1 918 1257 322 735
4123 4 2 1 1 138 536 147 979
4124 4 2 1 1 1058 845 525 804
4125 4 2 1 1 1257 264 1271 76
4126 4 2 1 1 184 556 1101 933
4127 4 2 1 1 574 788 905 1158
4128 4 2 1 1 1058 525 845 696
4129 4 2 1 1 135 1260 1240 754
4130 4 2 1 1 464 786 597 576
4131 4 2 1 1 844 942 575 1155
4132 4 2 1 1 745 957 472 1115
4133 4 2 1 1 90 1233 567 112
4134 4 2 1 1 158 1244 694 1171
4135 4 2 1 1 232 233 838 1086
4136 4 2 1 1 807 607 1063 1023
4137 4 2 1 1 331 820 1225 960
4138 4 2 1 1 693 1135 641 640
4139 4 2 1 1 1204 522 1116 755
4140 4 2 1 1 623 1062 546 1191
4141 4 2 1 1 1000 731 572 990
4142 4 2 1 1 160 990 47 1238
4143 4 2 1 1 861 1103 718 1210
4144 4 2 1 1 604 1129 1117 1185
4145 4 2 1 1 1122 1264 33 126
4146 4 2 1 1 757 758 617 1152
4147 4 2 1 1 678 571 977 494
4148 4 2 1 1 887 1146 1113 1193
4149 4 2 1 1 1066 913 849 917
4150 4 2 1 1 142 789 141 1027
4151 4 2 1 1 190 535 908 986
4152 4 2 1 1 491 635 1034 888
4153 4 2 1 1 1111 994 717 642
4154 4 2 1 1 1147 1141 1187 501
4155 4 2 1 1 577 780 520 1003
4156 4 2 1 1 464 976 764 1212
4157 4 2 1 1 307 878 1137 732
4158 4 2 1 1 131 36 37 1203
4159 4 2 1 1 1066 302 645 310
4160 4 2 1 1 581 1205 818 746
4161 4 2 1 1 633 766 535 1046
4162 4 2 1 1 348 346 426 1192
4163 4 2 1 1 773 531 738 856
4164 4 2 1 1 880 464 786 976
4165 4 2 1 1 341 744 355 828
4166 4 2 1 1 1246 172 683 134
4167 4 2 1 1 526 935 623 1062
4168 4 2 1 1 698 867 1118 1119
4169 4 2 1 1 652 998 1160 519
4170 4 2 1 1 660 992 538 578
4171 4 2 1 1 196 493 1208 891
4172 4 2 1 1 137 590 129 836
4173 4 2 1 1 649 1174 1113 1193
4174 4 2 1 1 989 797 835 643
4175 4 2 1 1 490 901 793 1162
4176 4 2 1 1 835 797 989 507
4177 4 2 1 1 405 404 742 1108
4178 4 2 1 1 835 1143 989 643
4179 4 2 1 1 739 542 909 1020
4180 4 2 1 1 31 108 82 732
4181 4 2 1 1 569 759 919 1141
4182 4 2 1 1 468 983 679 684
4183 4 2 1 1 475 849 756 913
4184 4 2 1 1 538 830 789 1039
4185 4 2 1 1 538 992 1027 1111
4186 4 2 1 1 680 556 991 1008
4187 4 2 1 1 571 1099 977 1190
4188 4 2 1 1 720 1075 869 1128
4189 4 2 1 1 884 1004 573 1179
4190 4 2 1 1 481 775 656 1051
4191 4 2 1 1 189 535 190 986
4192 4 2 1 1 649 733 1004 1174
4193 4 2 1 1 989 1143 835 507
4194 4 2 1 1 1001 980 912 603
4195 4 2 1 1 660 870 538 1027
4196 4 2 1 1 114 672 116 1122
4197 4 2 1 1 917 949 788 520
4198 4 2 1 1 1001 912 980 512
4199 4 2 1 1 909 767 223 1219
4200 4 2 1 1 32 33 89 1122
4201 4 2 1 1 589 827 954 1052
4202 4 2 1 1 525 708 804 1067
4203 4 2 1 1 163 164 143 532
4204 4 2 1 1 131 155 36 1203
4205 4 2 1 1 355 744 446 1054
4206 4 2 1 1 1229 502 737 972
4207 4 2 1 1 777 547 1029 1124
4208 4 2 1 1 588 988 987 1003
4209 4 2 1 1 277 299 276 701
4210 4 2 1 1 491 635 888 1160
4211 4 2 1 1 518 811 959 1035
4212 4 2 1 1 727 1021 702 1072
4213 4 2 1 1 138 954 590 979
4214 4 2 1 1 185 487 779 186
4215 4 2 1 1 212 794 891 186
4216 4 2 1 1 1231 438 18 630
4217 4 2 1 1 800 948 619 858
4218 4 2 1 1 407 360 363 875
4219 4 2 1 1 931 922 554 1158
4220 4 2 1 1 1180 374 376 399
4221 4 2 1 1 1132 1095 668 684
4222 4 2 1 1 473 723 570 1198
4223 4 2 1 1 201 791 1254 913
4224 4 2 1 1 539 1055 870 1190
4225 4 2 1 1 739 1021 563 1224
4226 4 2 1 1 113 1256 937 106
4227 4 2 1 1 1180 376 374 657
4228 4 2 1 1 464 1109 1187 1212
4229 4 2 1 1 1217 965 837 584
4230 4 2 1 1 520 949 577 1003
4231 4 2 1 1 236 604 1091 1129
4232 4 2 1 1 196 493 891 1104
4233 4 2 1 1 887 1113 515 1193
4234 4 2 1 1 550 729 717 991
4235 4 2 1 1 676 629 488 928
4236 4 2 1 1 242 1188 228 224
4237 4 2 1 1 468 679 983 629
4238 4 2 1 1 786 1141 569 1212
4239 4 2 1 1 281 285 851 1038
4240 4 2 1 1 361 360 407 1044
4241 4 2 1 1 533 470 869 1128
4242 4 2 1 1 616 922 931 1158
4243 4 2 1 1 1184 472 1002 724
4244 4 2 1 1 136 836 1259 1171
4245 4 2 1 1 346 347 327 567
4246 4 2 1 1 785 803 574 1176
4247 4 2 1 1 482 1004 884 1179
4248 4 2 1 1 489 1031 1000 772
4249 4 2 1 1 605 940 820 1142
4250 4 2 1 1 155 165 1144 173
4251 4 2 1 1 495 827 979 1074
4252 4 2 1 1 226 239 683 251
4253 4 2 1 1 573 1093 584 1174
4254 4 2 1 1 486 729 927 1222
4255 4 2 1 1 515 887 797 952
4256 4 2 1 1 785 1164 117 97
4257 4 2 1 1 464 786 976 1212
4258 4 2 1 1 1192 252 264 1257
4259 4 2 1 1 638 1151 659 466
4260 4 2 1 1 589 1032 993 1163
4261 4 2 1 1 174 1046 209 1177
4262 4 2 1 1 450 457 328 784
4263 4 2 1 1 794 1116 674 1204
4264 4 2 1 1 623 935 526 1081
4265 4 2 1 1 277 727 701 1149
4266 4 2 1 1 719 653 487 1204
4267 4 2 1 1 313 293 739 903
4268 4 2 1 1 988 1096 868 1003
4269 4 2 1 1 1138 567 1024 682
4270 4 2 1 1 618 1021 727 1072
4271 4 2 1 1 623 937 834 950
4272 4 2 1 1 475 814 788 949
4273 4 2 1 1 86 1228 1011 105
4274 4 2 1 1 528 576 880 1136
4275 4 2 1 1 157 173 131 994
4276 4 2 1 1 1002 1100 612 1183
4277 4 2 1 1 686 959 948 1035
4278 4 2 1 1 631 467 1106 1165
4279 4 2 1 1 858 873 553 722
4280 4 2 1 1 1049 1050 662 1166
4281 4 2 1 1 688 916 816 975
4282 4 2 1 1 640 1222 486 1223
4283 4 2 1 1 793 925 901 941
4284 4 2 1 1 121 1236 84 598
4285 4 2 1 1 731 874 636 1198
4286 4 2 1 1 641 1077 743 1098
4287 4 2 1 1 205 690 180 1101
4288 4 2 1 1 197 823 176 67
4289 4 2 1 1 599 883 926 680
4290 4 2 1 1 1083 1067 878 732
4291 4 2 1 1 617 1055 1000 1190
4292 4 2 1 1 227 257 248 672
4293 4 2 1 1 533 985 884 1043
4294 4 2 1 1 487 933 680 1008
4295 4 2 1 1 746 939 984 459
4296 4 2 1 1 626 724 957 1115
4297 4 2 1 1 107 122 936 1046
4298 4 2 1 1 666 794 674 891
4299 4 2 1 1 67 823 447 1104
4300 4 2 1 1 643 951 854 1143
4301 4 2 1 1 615 851 692 1216
4302 4 2 1 1 485 1146 887 1193
4303 4 2 1 1 508 899 682 511
4304 4 2 1 1 96 547 95 93
4305 4 2 1 1 561 771 772 723
4306 4 2 1 1 374 1145 373 372
4307 4 2 1 1 569 919 759 1140
4308 4 2 1 1 1034 939 984 650
4309 4 2 1 1 534 839 610 1064
4310 4 2 1 1 192 1101 193 214
4311 4 2 1 1 1034 984 939 459
4312 4 2 1 1 682 91 508 714
4313 4 2 1 1 767 853 753 489
4314 4 2 1 1 1083 878 1067 709
4315 4 2 1 1 604 595 1091 1185
4316 4 2 1 1 636 839 838 1076
4317 4 2 1 1 800 553 948 858
4318 4 2 1 1 624 691 1100 1183
4319 4 2 1 1 112 90 100 567
4320 4 2 1 1 219 1096 588 1003
4321 4 2 1 1 537 889 789 901
4322 4 2 1 1 114 22 23 1245
4323 4 2 1 1 770 461 593 1222
4324 4 2 1 1 797 1041 835 531
4325 4 2 1 1 764 1013 915 1089
4326 4 2 1 1 549 118 803 785
4327 4 2 1 1 830 1036 946 1092
4328 4 2 1 1 657 1180 607 1196
4329 4 2 1 1 612 1047 957 1183
4330 4 2 1 1 629 1017 883 1182
4331 4 2 1 1 101 92 102 937
4332 4 2 1 1 1195 335 451 445
4333 4 2 1 1 884 985 533 1128
4334 4 2 1 1 660 532 881 1053
4335 4 2 1 1 842 893 282 970
4336 4 2 1 1 1031 853 967 772
4337 4 2 1 1 555 773 882 847
4338 4 2 1 1 597 1131 528 1147
4339 4 2 1 1 107 13 85 1046
4340 4 2 1 1 550 927 1008 1208
4341 4 2 1 1 533 869 1075 1128
4342 4 2 1 1 857 881 749 856
4343 4 2 1 1 469 905 942 943
4344 4 2 1 1 535 1209 907 986
4345 4 2 1 1 203 860 841 1096
4346 4 2 1 1 666 1049 582 1050
4347 4 2 1 1 595 1011 1091 858
4348 4 2 1 1 609 925 924 1121
4349 4 2 1 1 535 907 1209 806
4350 4 2 1 1 505 1076 839 1169
4351 4 2 1 1 30 110 1270 1065
4352 4 2 1 1 522 907 1209 986
4353 4 2 1 1 509 873 1009 1185
4354 4 2 1 1 522 1209 907 806
4355 4 2 1 1 492 1189 862 1210
4356 4 2 1 1 160 758 162 150
4357 4 2 1 1 204 1262 1061 1104
4358 4 2 1 1 158 132 146 1188
4359 4 2 1 1 764 1089 915 1212
4360 4 2 1 1 568 597 1082 1109
4361 4 2 1 1 640 1134 1222 1223
4362 4 2 1 1 275 274 544 852
4363 4 2 1 1 542 753 799 489
4364 4 2 1 1 594 663 904 1206
4365 4 2 1 1 952 738 531 515
4366 4 2 1 1 674 487 794 1204
4367 4 2 1 1 774 929 712 1120
4368 4 2 1 1 156 754 135 165
4369 4 2 1 1 274 287 544 1178
4370 4 2 1 1 160 758 150 990
4371 4 2 1 1 941 698 889 867
4372 4 2 1 1 699 785 574 1176
4373 4 2 1 1 1185 1115 604 800
4374 4 2 1 1 786 1187 1141 1212
4375 4 2 1 1 679 928 620 857
4376 4 2 1 1 589 761 827 1052
4377 4 2 1 1 277 701 702 1156
4378 4 2 1 1 571 977 757 1190
4379 4 2 1 1 573 1113 477 1179
4380 4 2 1 1 1144 754 499 165
4381 4 2 1 1 659 1141 1123 776
4382 4 2 1 1 284 299 280 826
4383 4 2 1 1 590 1032 728 1172
4384 4 2 1 1 538 830 1092 1111
4385 4 2 1 1 636 867 570 1198
4386 4 2 1 1 86 1228 105 26
4387 4 2 1 1 588 791 670 1110
4388 4 2 1 1 458 392 912 918
4389 4 2 1 1 665 995 543 1010
4390 4 2 1 1 467 806 1165 1211
4391 4 2 1 1 607 657 1005 1180
4392 4 2 1 1 748 1040 622 1202
4393 4 2 1 1 1130 692 812 557
4394 4 2 1 1 87 1227 14 107
4395 4 2 1 1 589 954 829 1052
4396 4 2 1 1 538 789 830 1111
4397 4 2 1 1 1248 442 328 784
4398 4 2 1 1 492 958 818 1173
4399 4 2 1 1 734 899 858 619
4400 4 2 1 1 436 912 706 972
4401 4 2 1 1 500 579 965 663
4402 4 2 1 1 370 863 1167 369
4403 4 2 1 1 251 47 990 1238
4404 4 2 1 1 257 227 253 672
4405 4 2 1 1 586 94 103 961
4406 4 2 1 1 543 753 767 1010
4407 4 2 1 1 632 1025 748 1202
4408 4 2 1 1 158 694 169 1188
4409 4 2 1 1 559 668 944 684
4410 4 2 1 1 258 243 610 1064
4411 4 2 1 1 820 605 1142 1167
4412 4 2 1 1 42 43 129 1243
4413 4 2 1 1 204 215 178 1061
4414 4 2 1 1 950 83 630 807
4415 4 2 1 1 36 198 175 1203
4416 4 2 1 1 863 1142 605 1167
4417 4 2 1 1 506 535 1046 1177
4418 4 2 1 1 9 968 740 1140
4419 4 2 1 1 514 1182 748 981
4420 4 2 1 1 680 991 729 1008
4421 4 2 1 1 766 806 780 1165
4422 4 2 1 1 336 417 455 923
4423 4 2 1 1 666 582 1049 885
4424 4 2 1 1 626 1047 957 1181
4425 4 2 1 1 689 474 523 1133
4426 4 2 1 1 628 764 915 1080
4427 4 2 1 1 319 878 1038 1137
4428 4 2 1 1 141 1027 789 1055
4429 4 2 1 1 988 1045 588 987
4430 4 2 1 1 554 467 631 1165
4431 4 2 1 1 1188 1247 1064 694
4432 4 2 1 1 908 1050 1049 1166
4433 4 2 1 1 827 1032 590 1172
4434 4 2 1 1 800 858 595 1185
4435 4 2 1 1 258 610 243 737
4436 4 2 1 1 745 957 626 1035
4437 4 2 1 1 550 648 736 927
4438 4 2 1 1 757 897 758 1152
4439 4 2 1 1 275 544 287 727
4440 4 2 1 1 1147 1141 501 759
4441 4 2 1 1 252 1241 77 1257
4442 4 2 1 1 1217 965 584 973
4443 4 2 1 1 368 409 408 1114
4444 4 2 1 1 346 348 347 918
4445 4 2 1 1 140 1028 1150 137
4446 4 2 1 1 647 962 801 1121
4447 4 2 1 1 85 122 107 1046
4448 4 2 1 1 224 1247 250 1064
4449 4 2 1 1 572 874 130 990
4450 4 2 1 1 659 1151 718 466
4451 4 2 1 1 305 1260 754 1240
4452 4 2 1 1 211 645 202 1003
4453 4 2 1 1 374 1145 372 819
4454 4 2 1 1 292 739 1021 1022
4455 4 2 1 1 1244 434 694 349
4456 4 2 1 1 88 1270 29 110
4457 4 2 1 1 93 101 96 1029
4458 4 2 1 1 459 837 822 573
4459 4 2 1 1 489 731 853 772
4460 4 2 1 1 536 654 830 1092
4461 4 2 1 1 965 579 500 671
4462 4 2 1 1 731 772 572 1198
4463 4 2 1 1 36 155 35 1203
4464 4 2 1 1 92 630 937 950
4465 4 2 1 1 676 841 488 860
4466 4 2 1 1 374 376 375 996
4467 4 2 1 1 210 189 868 1177
4468 4 2 1 1 361 404 416 1044
4469 4 2 1 1 895 332 429 448
4470 4 2 1 1 834 937 630 950
4471 4 2 1 1 534 229 242 228
4472 4 2 1 1 536 142 789 139
4473 4 2 1 1 145 1144 992 165
4474 4 2 1 1 1195 1194 611 1006
4475 4 2 1 1 406 379 396 846
4476 4 2 1 1 270 301 320 1139
4477 4 2 1 1 505 839 1073 1169
4478 4 2 1 1 1107 787 476 1131
4479 4 2 1 1 464 915 764 1080
4480 4 2 1 1 42 323 437 1214
4481 4 2 1 1 639 1005 895 1024
4482 4 2 1 1 559 701 627 1016
4483 4 2 1 1 496 623 936 937
4484 4 2 1 1 595 800 734 858
4485 4 2 1 1 222 1229 78 706
4486 4 2 1 1 1088 822 573 769
4487 4 2 1 1 583 1123 1141 776
4488 4 2 1 1 1088 573 822 584
4489 4 2 1 1 289 909 739 1022
4490 4 2 1 1 253 71 247 1230
4491 4 2 1 1 527 662 792 1166
4492 4 2 1 1 93 714 91 950
4493 4 2 1 1 842 903 601 1014
4494 4 2 1 1 188 580 779 860
4495 4 2 1 1 505 838 724 938
4496 4 2 1 1 492 718 1189 1210
4497 4 2 1 1 672 601 525 1122
4498 4 2 1 1 123 112 86 1192
4499 4 2 1 1 1242 937 821 1085
4500 4 2 1 1 188 580 860 1096
4501 4 2 1 1 939 1034 635 1120
4502 4 2 1 1 797 835 515 531
4503 4 2 1 1 173 1203 155 131
4504 4 2 1 1 1231 630 83 807
4505 4 2 1 1 313 289 301 909
4506 4 2 1 1 326 352 451 1195
4507 4 2 1 1 588 1045 676 1110
4508 4 2 1 1 803 917 520 1220
4509 4 2 1 1 455 1259 324 43
4510 4 2 1 1 610 999 534 1033
4511 4 2 1 1 523 897 799 1031
4512 4 2 1 1 627 1149 507 850
4513 4 2 1 1 507 1149 627 701
4514 4 2 1 1 211 913 645 1003
4515 4 2 1 1 372 391 374 819
4516 4 2 1 1 1113 1146 477 1179
4517 4 2 1 1 265 824 237 257
4518 4 2 1 1 1018 837 965 677
4519 4 2 1 1 412 423 365 865
4520 4 2 1 1 530 774 915 1109
4521 4 2 1 1 499 578 642 992
4522 4 2 1 1 308 310 302 1066
4523 4 2 1 1 659 1123 1141 1212
4524 4 2 1 1 87 936 1227 107
4525 4 2 1 1 183 891 196 1208
4526 4 2 1 1 461 755 1116 1127
4527 4 2 1 1 464 774 915 1080
4528 4 2 1 1 405 742 923 1108
4529 4 2 1 1 530 659 1012 1151
4530 4 2 1 1 682 567 899 508
4531 4 2 1 1 573 477 884 1179
4532 4 2 1 1 334 972 441 1161
4533 4 2 1 1 283 280 281 851
4534 4 2 1 1 187 185 188 779
4535 4 2 1 1 818 939 746 677
4536 4 2 1 1 357 1108 337 829
4537 4 2 1 1 321 439 821 1225
4538 4 2 1 1 310 1270 308 29
4539 4 2 1 1 441 972 335 1161
4540 4 2 1 1 1089 1123 659 1212
4541 4 2 1 1 573 584 837 822
4542 4 2 1 1 714 540 950 1191
4543 4 2 1 1 764 1048 541 1157
4544 4 2 1 1 544 758 1153 1178
4545 4 2 1 1 259 222 78 706
4546 4 2 1 1 358 356 743 1200
4547 4 2 1 1 952 738 515 1088
4548 4 2 1 1 304 1170 287 1178
4549 4 2 1 1 645 10 11 115
4550 4 2 1 1 592 1103 861 1210
4551 4 2 1 1 510 819 1136 1196
4552 4 2 1 1 466 659 765 776
4553 4 2 1 1 642 538 992 578
4554 4 2 1 1 397 429 431 639
4555 4 2 1 1 698 534 867 1119
4556 4 2 1 1 555 882 773 629
4557 4 2 1 1 999 1006 760 1033
4558 4 2 1 1 633 496 936 1085
4559 4 2 1 1 475 788 917 949
4560 4 2 1 1 1236 248 220 598
4561 4 2 1 1 192 1101 184 193
4562 4 2 1 1 813 989 558 1015
4563 4 2 1 1 587 998 805 1127
4564 4 2 1 1 276 291 290 1016
4565 4 2 1 1 620 1101 690 1144
4566 4 2 1 1 183 891 1208 1008
4567 4 2 1 1 117 82 108 732
4568 4 2 1 1 746 1057 581 1205
4569 4 2 1 1 572 874 731 1198
4570 4 2 1 1 415 667 1078 1104
4571 4 2 1 1 149 889 572 1055
4572 4 2 1 1 585 910 1051 796
4573 4 2 1 1 376 397 1005 428
4574 4 2 1 1 630 940 1023 1225
4575 4 2 1 1 949 981 577 987
4576 4 2 1 1 548 566 692 812
4577 4 2 1 1 830 901 789 1039
4578 4 2 1 1 482 710 1004 1179
4579 4 2 1 1 547 832 777 1155
4580 4 2 1 1 755 653 916 719
4581 4 2 1 1 475 849 917 788
4582 4 2 1 1 358 743 1044 1200
4583 4 2 1 1 574 942 699 1175
4584 4 2 1 1 449 819 960 391
4585 4 2 1 1 698 1028 537 1150
4586 4 2 1 1 1174 1088 1113 515
4587 4 2 1 1 1231 630 807 1063
4588 4 2 1 1 449 819 391 400
4589 4 2 1 1 926 974 857 642
4590 4 2 1 1 156 1232 128 54
4591 4 2 1 1 467 922 741 981
4592 4 2 1 1 445 335 441 972
4593 4 2 1 1 223 265 247 1219
4594 4 2 1 1 490 1018 965 677
4595 4 2 1 1 466 861 659 776
4596 4 2 1 1 146 166 140 698
4597 4 2 1 1 632 1113 887 1146
4598 4 2 1 1 617 977 870 1190
4599 4 2 1 1 799 618 951 1215
4600 4 2 1 1 504 728 698 1028
4601 4 2 1 1 251 244 239 990
4602 4 2 1 1 968 407 363 875
4603 4 2 1 1 1113 1146 649 1193
4604 4 2 1 1 1262 215 1061 1255
4605 4 2 1 1 1073 1086 505 681
4606 4 2 1 1 187 794 194 186
4607 4 2 1 1 305 291 272 754
4608 4 2 1 1 111 96 673 1176
4609 4 2 1 1 543 909 903 1219
4610 4 2 1 1 968 363 407 444
4611 4 2 1 1 60 177 1226 791
4612 4 2 1 1 626 953 862 1079
4613 4 2 1 1 193 180 200 1101
4614 4 2 1 1 780 782 520 1003
4615 4 2 1 1 85 506 122 1046
4616 4 2 1 1 220 245 25 762
4617 4 2 1 1 609 925 1121 1162
4618 4 2 1 1 405 404 388 742
4619 4 2 1 1 1181 1076 1189 723
4620 4 2 1 1 493 1208 891 927
4621 4 2 1 1 750 870 539 1039
4622 4 2 1 1 226 263 251 683
4623 4 2 1 1 609 793 925 1162
4624 4 2 1 1 99 803 785 1176
4625 4 2 1 1 463 647 801 1121
4626 4 2 1 1 90 1233 112 20
4627 4 2 1 1 638 1012 659 1151
4628 4 2 1 1 353 440 451 1007
4629 4 2 1 1 574 942 905 943
4630 4 2 1 1 952 1025 632 1202
4631 4 2 1 1 92 546 93 950
4632 4 2 1 1 520 673 803 1220
4633 4 2 1 1 641 1077 667 1078
4634 4 2 1 1 86 1228 26 1258
4635 4 2 1 1 85 506 1046 782
4636 4 2 1 1 536 1092 830 1111
4637 4 2 1 1 579 465 955 848
4638 4 2 1 1 287 275 274 544
4639 4 2 1 1 871 787 576 898
4640 4 2 1 1 386 387 388 815
4641 4 2 1 1 1006 621 978 1195
4642 4 2 1 1 938 1086 604 1115
4643 4 2 1 1 1230 311 306 71
4644 4 2 1 1 976 1089 764 1212
4645 4 2 1 1 94 714 93 947
4646 4 2 1 1 723 1084 802 1189
4647 4 2 1 1 458 389 431 911
4648 4 2 1 1 415 1078 456 1104
4649 4 2 1 1 521 844 575 1221
4650 4 2 1 1 211 219 913 1003
4651 4 2 1 1 871 787 898 510
4652 4 2 1 1 207 181 211 645
4653 4 2 1 1 1248 1166 784 457
4654 4 2 1 1 626 957 745 1115
4655 4 2 1 1 60 201 177 791
4656 4 2 1 1 592 953 862 1210
4657 4 2 1 1 57 8 1263 172
4658 4 2 1 1 505 938 724 1115
4659 4 2 1 1 623 834 1062 1191
4660 4 2 1 1 654 465 1036 1092
4661 4 2 1 1 582 908 907 986
4662 4 2 1 1 1250 683 226 1139
4663 4 2 1 1 592 862 953 1079
4664 4 2 1 1 958 1082 568 1205
4665 4 2 1 1 544 896 850 1152
4666 4 2 1 1 1144 1101 974 620
4667 4 2 1 1 1258 86 1011 1192
4668 4 2 1 1 678 977 750 1217
4669 4 2 1 1 767 1139 239 489
4670 4 2 1 1 540 834 950 1191
4671 4 2 1 1 410 865 420 1030
4672 4 2 1 1 870 1055 617 1190
4673 4 2 1 1 780 1003 868 1177
4674 4 2 1 1 545 470 906 877
4675 4 2 1 1 430 395 9 1140
4676 4 2 1 1 824 235 585 237
4677 4 2 1 1 212 1104 196 891
4678 4 2 1 1 836 1028 504 1171
4679 4 2 1 1 727 1021 618 1022
4680 4 2 1 1 626 1035 957 1047
4681 4 2 1 1 468 1025 952 1202
4682 4 2 1 1 700 668 944 945
4683 4 2 1 1 1037 1051 656 720
4684 4 2 1 1 1008 175 1203 1208
4685 4 2 1 1 537 1150 590 536
4686 4 2 1 1 109 127 782 1220
4687 4 2 1 1 184 556 933 1008
4688 4 2 1 1 80 737 243 978
4689 4 2 1 1 125 1252 1085 1269
4690 4 2 1 1 398 373 375 996
4691 4 2 1 1 569 1141 1123 1212
4692 4 2 1 1 395 968 9 1140
4693 4 2 1 1 242 1188 224 1064
4694 4 2 1 1 480 806 805 907
4695 4 2 1 1 1144 974 1101 556
4696 4 2 1 1 634 805 998 1127
4697 4 2 1 1 269 296 31 732
4698 4 2 1 1 354 784 442 1242
4699 4 2 1 1 512 980 734 918
4700 4 2 1 1 525 732 601 1067
4701 4 2 1 1 131 1208 37 153
4702 4 2 1 1 957 1047 518 1183
4703 4 2 1 1 401 821 820 1199
4704 4 2 1 1 536 830 789 1111
4705 4 2 1 1 536 142 139 147
4706 4 2 1 1 858 899 508 511
4707 4 2 1 1 131 1208 153 550
4708 4 2 1 1 520 917 949 1003
4709 4 2 1 1 90 20 19 1261
4710 4 2 1 1 830 946 538 1092
4711 4 2 1 1 778 1029 546 1124
4712 4 2 1 1 340 412 390 1077
4713 4 2 1 1 466 876 999 1103
4714 4 2 1 1 518 957 1035 1047
4715 4 2 1 1 281 1224 1015 279
4716 4 2 1 1 669 1045 670 1110
4717 4 2 1 1 467 922 981 554
4718 4 2 1 1 524 914 879 982
4719 4 2 1 1 539 889 789 1055
4720 4 2 1 1 551 961 98 1070
4721 4 2 1 1 131 1208 550 1203
4722 4 2 1 1 304 1170 1178 683
4723 4 2 1 1 568 861 958 1210
4724 4 2 1 1 492 1084 1047 1181
4725 4 2 1 1 749 983 679 857
4726 4 2 1 1 213 66 662 65
4727 4 2 1 1 488 860 841 933
4728 4 2 1 1 207 211 201 913
4729 4 2 1 1 826 1060 1015 851
4730 4 2 1 1 279 280 277 1156
4731 4 2 1 1 1218 1108 655 742
4732 4 2 1 1 539 789 901 1039
4733 4 2 1 1 1033 1171 894 504
4734 4 2 1 1 260 239 238 767
4735 4 2 1 1 1204 522 755 653
4736 4 2 1 1 18 106 83 630
4737 4 2 1 1 636 874 867 1198
4738 4 2 1 1 510 1136 787 1196
4739 4 2 1 1 283 284 826 1213
4740 4 2 1 1 463 728 1032 1172
4741 4 2 1 1 279 702 277 1021
4742 4 2 1 1 472 724 938 1115
4743 4 2 1 1 854 951 523 1143
4744 4 2 1 1 570 718 1103 1189
4745 4 2 1 1 464 915 774 1109
4746 4 2 1 1 879 1146 649 1179
4747 4 2 1 1 591 1146 879 1179
4748 4 2 1 1 119 645 88 1066
4749 4 2 1 1 463 827 726 1172
4750 4 2 1 1 454 687 418 894
4751 4 2 1 1 550 729 991 1008
4752 4 2 1 1 300 318 798 945
4753 4 2 1 1 556 680 991 642
4754 4 2 1 1 633 1081 936 1097
4755 4 2 1 1 125 1252 1269 15
4756 4 2 1 1 542 767 753 489
4757 4 2 1 1 546 623 935 1062
4758 4 2 1 1 619 899 858 511
4759 4 2 1 1 542 753 1020 1215
4760 4 2 1 1 522 779 986 1209
4761 4 2 1 1 467 922 554 608
4762 4 2 1 1 62 200 1267 61
4763 4 2 1 1 581 958 818 1205
4764 4 2 1 1 440 421 441 1161
4765 4 2 1 1 1218 655 1108 1044
4766 4 2 1 1 157 168 717 994
4767 4 2 1 1 1217 1068 474 977
4768 4 2 1 1 1066 1220 119 645
4769 4 2 1 1 661 971 866 1056
4770 4 2 1 1 593 461 1204 1222
4771 4 2 1 1 1242 125 113 1085
4772 4 2 1 1 872 893 529 1137
4773 4 2 1 1 432 394 387 1159
4774 4 2 1 1 932 1026 529 1216
4775 4 2 1 1 767 1059 853 489
4776 4 2 1 1 475 814 949 987
4777 4 2 1 1 498 866 971 1056
4778 4 2 1 1 463 1032 827 1172
4779 4 2 1 1 590 726 827 1172
4780 4 2 1 1 947 511 722 508
4781 4 2 1 1 152 138 148 979
4782 4 2 1 1 146 698 1028 1171
4783 4 2 1 1 616 905 1019 1158
4784 4 2 1 1 560 995 1051 796
4785 4 2 1 1 615 1015 1060 851
4786 4 2 1 1 173 1144 145 165
4787 4 2 1 1 219 177 201 791
4788 4 2 1 1 567 807 1261 90
4789 4 2 1 1 554 814 922 981
4790 4 2 1 1 175 1208 183 182
4791 4 2 1 1 476 540 966 661
4792 4 2 1 1 879 914 524 614
4793 4 2 1 1 499 886 881 992
4794 4 2 1 1 521 721 775 1186
4795 4 2 1 1 739 618 542 1215
4796 4 2 1 1 158 1259 1171 136
4797 4 2 1 1 258 839 242 1064
4798 4 2 1 1 66 176 662 823
4799 4 2 1 1 1120 1082 1168 712
4800 4 2 1 1 734 735 595 899
4801 4 2 1 1 758 1000 617 1153
4802 4 2 1 1 960 1063 1023 1225
4803 4 2 1 1 370 863 369 368
4804 4 2 1 1 566 1026 692 1216
4805 4 2 1 1 350 694 349 894
4806 4 2 1 1 575 470 877 1128
4807 4 2 1 1 232 636 242 839
4808 4 2 1 1 1000 731 990 489
4809 4 2 1 1 180 62 200 1234
4810 4 2 1 1 865 420 340 423
4811 4 2 1 1 493 1208 927 648
4812 4 2 1 1 358 356 359 743
4813 4 2 1 1 655 1044 743 1200
4814 4 2 1 1 727 850 544 896
4815 4 2 1 1 274 544 852 1178
4816 4 2 1 1 681 734 595 800
4817 4 2 1 1 141 789 139 1150
4818 4 2 1 1 731 874 572 990
4819 4 2 1 1 1005 1090 657 1107
4820 4 2 1 1 857 881 856 578
4821 4 2 1 1 551 844 804 845
4822 4 2 1 1 714 807 91 950
4823 4 2 1 1 881 886 532 992
4824 4 2 1 1 189 187 188 779
4825 4 2 1 1 588 670 1045 1110
4826 4 2 1 1 468 773 952 1025
4827 4 2 1 1 1198 1118 867 570
4828 4 2 1 1 545 906 795 877
4829 4 2 1 1 173 994 145 1144
4830 4 2 1 1 681 734 800 462
4831 4 2 1 1 585 1051 995 796
4832 4 2 1 1 682 966 899 1024
4833 4 2 1 1 575 877 985 1128
4834 4 2 1 1 816 806 467 1211
4835 4 2 1 1 188 192 203 860
4836 4 2 1 1 637 1013 764 1089
4837 4 2 1 1 590 1172 537 536
4838 4 2 1 1 206 208 179 784
4839 4 2 1 1 1217 1068 977 750
4840 4 2 1 1 294 903 293 295
4841 4 2 1 1 1260 754 156 886
4842 4 2 1 1 478 777 877 942
4843 4 2 1 1 609 801 962 1121
4844 4 2 1 1 363 875 362 1112
4845 4 2 1 1 537 1172 590 728
4846 4 2 1 1 1047 1057 746 1205
4847 4 2 1 1 565 718 1151 466
4848 4 2 1 1 774 1080 929 497
4849 4 2 1 1 356 355 341 744
4850 4 2 1 1 801 647 628 497
4851 4 2 1 1 1100 771 840 1002
4852 4 2 1 1 1100 840 771 494
4853 4 2 1 1 1262 215 1255 69
4854 4 2 1 1 1218 503 815 742
4855 4 2 1 1 396 379 389 911
4856 4 2 1 1 233 704 231 838
4857 4 2 1 1 537 1028 590 1150
4858 4 2 1 1 732 1067 878 1137
4859 4 2 1 1 558 790 1060 1095
4860 4 2 1 1 1066 913 917 645
4861 4 2 1 1 572 150 130 149
4862 4 2 1 1 506 782 780 1177
4863 4 2 1 1 468 773 1025 629
4864 4 2 1 1 857 881 578 499
4865 4 2 1 1 292 278 289 1022
4866 4 2 1 1 258 232 839 1087
4867 4 2 1 1 13 782 85 1046
4868 4 2 1 1 565 1189 718 570
4869 4 2 1 1 551 785 699 1070
4870 4 2 1 1 443 960 331 1063
4871 4 2 1 1 282 842 970 1224
4872 4 2 1 1 506 934 673 935
4873 4 2 1 1 1155 575 844 1221
4874 4 2 1 1 740 968 569 1140
4875 4 2 1 1 808 885 513 1049
4876 4 2 1 1 467 554 981 1211
4877 4 2 1 1 1000 731 489 772
4878 4 2 1 1 818 939 677 1102
4879 4 2 1 1 673 1029 934 1175
4880 4 2 1 1 425 607 443 332
4881 4 2 1 1 198 1101 184 1203
4882 4 2 1 1 569 1123 1089 1212
4883 4 2 1 1 344 419 409 1030
4884 4 2 1 1 667 823 447 1201
4885 4 2 1 1 882 1025 773 629
4886 4 2 1 1 1218 815 503 902
4887 4 2 1 1 115 88 119 645
4888 4 2 1 1 899 1024 825 918
4889 4 2 1 1 805 1116 755 1127
4890 4 2 1 1 133 1208 153 38
4891 4 2 1 1 176 823 212 1050
4892 4 2 1 1 119 109 115 645
4893 4 2 1 1 94 714 947 508
4894 4 2 1 1 648 927 550 1208
4895 4 2 1 1 254 595 735 1011
4896 4 2 1 1 405 687 338 923
4897 4 2 1 1 740 569 976 786
4898 4 2 1 1 25 1228 105 762
4899 4 2 1 1 299 276 701 1016
4900 4 2 1 1 552 775 1051 720
4901 4 2 1 1 621 760 1033 1154
4902 4 2 1 1 766 780 506 1165
4903 4 2 1 1 850 896 705 1152
4904 4 2 1 1 1172 925 924 728
4905 4 2 1 1 446 337 437 829
4906 4 2 1 1 208 784 206 1166
4907 4 2 1 1 139 590 137 1150
4908 4 2 1 1 529 708 872 1067
4909 4 2 1 1 405 424 404 1108
4910 4 2 1 1 567 682 899 1024
4911 4 2 1 1 516 669 944 700
4912 4 2 1 1 949 1158 520 554
4913 4 2 1 1 241 595 735 254
4914 4 2 1 1 90 1231 807 1261
4915 4 2 1 1 155 35 690 161
4916 4 2 1 1 413 408 343 1114
4917 4 2 1 1 450 1199 792 821
4918 4 2 1 1 510 476 1023 1196
4919 4 2 1 1 530 718 1151 1173
4920 4 2 1 1 1108 405 417 923
4921 4 2 1 1 1172 924 925 1121
4922 4 2 1 1 476 787 657 1196
4923 4 2 1 1 706 241 259 222
4924 4 2 1 1 687 1154 894 1163
4925 4 2 1 1 106 18 1256 630
4926 4 2 1 1 96 1029 673 1176
4927 4 2 1 1 505 838 839 1076
4928 4 2 1 1 225 1011 735 1192
4929 4 2 1 1 291 798 754 1016
4930 4 2 1 1 524 914 982 711
4931 4 2 1 1 877 533 985 1128
4932 4 2 1 1 357 744 356 1200
4933 4 2 1 1 649 1146 1113 1179
4934 4 2 1 1 593 755 719 1204
4935 4 2 1 1 816 580 1209 1211
4936 4 2 1 1 1181 505 1076 724
4937 4 2 1 1 1236 25 84 762
4938 4 2 1 1 249 995 265 543
4939 4 2 1 1 431 392 458 918
4940 4 2 1 1 512 734 825 918
4941 4 2 1 1 793 1018 490 677
4942 4 2 1 1 415 1077 390 1078
4943 4 2 1 1 585 995 665 796
4944 4 2 1 1 529 1026 878 1038
4945 4 2 1 1 466 999 876 1006
4946 4 2 1 1 299 826 945 1156
4947 4 2 1 1 88 1270 110 1066
4948 4 2 1 1 358 416 357 1200
4949 4 2 1 1 195 662 1166 213
4950 4 2 1 1 738 835 689 474
4951 4 2 1 1 152 138 979 1214
4952 4 2 1 1 166 151 874 1188
4953 4 2 1 1 958 581 1082 1205
4954 4 2 1 1 191 868 188 1096
4955 4 2 1 1 138 147 148 979
4956 4 2 1 1 1000 149 144 150
4957 4 2 1 1 701 1132 702 1156
4958 4 2 1 1 544 897 896 1152
4959 4 2 1 1 533 877 985 1043
4960 4 2 1 1 517 853 767 1059
4961 4 2 1 1 738 835 474 531
4962 4 2 1 1 564 1018 793 677
4963 4 2 1 1 303 893 294 1137
4964 4 2 1 1 738 835 531 515
4965 4 2 1 1 580 988 817 1017
4966 4 2 1 1 130 48 167 990
4967 4 2 1 1 907 908 582 997
4968 4 2 1 1 572 941 889 867
4969 4 2 1 1 495 829 1054 1214
4970 4 2 1 1 1141 1187 659 1212
4971 4 2 1 1 523 799 897 618
4972 4 2 1 1 738 835 515 689
4973 4 2 1 1 515 952 797 531
4974 4 2 1 1 758 897 544 1152
4975 4 2 1 1 549 917 803 1066
4976 4 2 1 1 473 941 793 1099
4977 4 2 1 1 601 872 842 1014
4978 4 2 1 1 569 1212 976 786
4979 4 2 1 1 771 723 1084 802
4980 4 2 1 1 104 845 598 961
4981 4 2 1 1 852 886 850 1149
4982 4 2 1 1 174 199 209 1046
4983 4 2 1 1 241 595 254 236
4984 4 2 1 1 221 731 229 230
4985 4 2 1 1 739 542 618 1022
4986 4 2 1 1 508 899 1011 1192
4987 4 2 1 1 734 918 735 899
4988 4 2 1 1 902 1089 569 1123
4989 4 2 1 1 877 470 533 1128
4990 4 2 1 1 302 288 308 849
4991 4 2 1 1 104 845 961 1164
4992 4 2 1 1 961 104 1164 98
4993 4 2 1 1 857 881 499 749
4994 4 2 1 1 179 218 206 784
4995 4 2 1 1 160 1238 46 172
4996 4 2 1 1 310 1270 29 1237
4997 4 2 1 1 1026 1038 529 1216
4998 4 2 1 1 826 557 1060 851
4999 4 2 1 1 260 238 249 767
5000 4 2 1 1 566 692 851 1216
5001 4 2 1 1 1198 1118 570 473
5002 4 2 1 1 222 258 737 1087
5003 4 2 1 1 721 832 586 1221
5004 4 2 1 1 160 47 990 167
5005 4 2 1 1 322 392 348 918
5006 4 2 1 1 1066 1220 645 917
5007 4 2 1 1 1039 1068 870 538
5008 4 2 1 1 1207 1048 1112 596
5009 4 2 1 1 549 1065 849 1066
5010 4 2 1 1 145 1111 994 157
5011 4 2 1 1 645 109 115 11
5012 4 2 1 1 564 771 1084 802
5013 4 2 1 1 201 211 219 913
5014 4 2 1 1 660 1068 963 578
5015 4 2 1 1 489 758 897 1170
5016 4 2 1 1 668 559 944 945
5017 4 2 1 1 488 841 928 974
5018 4 2 1 1 414 353 432 1007
5019 4 2 1 1 577 780 868 1211
5020 4 2 1 1 670 700 669 1110
5021 4 2 1 1 676 860 580 1096
5022 4 2 1 1 185 860 779 933
5023 4 2 1 1 919 1123 569 1141
5024 4 2 1 1 206 65 213 1166
5025 4 2 1 1 445 441 333 972
5026 4 2 1 1 558 989 797 1132
5027 4 2 1 1 72 247 1266 1219
5028 4 2 1 1 156 886 754 165
5029 4 2 1 1 272 1267 62 1234
5030 4 2 1 1 820 821 401 1225
5031 4 2 1 1 870 1027 617 1055
5032 4 2 1 1 526 778 934 935
5033 4 2 1 1 326 445 333 737
5034 4 2 1 1 657 1136 996 819
5035 4 2 1 1 193 205 180 1101
5036 4 2 1 1 492 818 958 1205
5037 4 2 1 1 507 797 989 1132
5038 4 2 1 1 996 1136 657 528
5039 4 2 1 1 95 961 547 1070
5040 4 2 1 1 24 25 84 1236
5041 4 2 1 1 510 871 1136 1142
5042 4 2 1 1 526 778 935 1062
5043 4 2 1 1 1174 1088 515 584
5044 4 2 1 1 129 954 138 1214
5045 4 2 1 1 546 809 714 1191
5046 4 2 1 1 884 477 591 1179
5047 4 2 1 1 544 1153 852 1178
5048 4 2 1 1 816 1209 806 1211
5049 4 2 1 1 560 1010 995 796
5050 4 2 1 1 537 789 1150 536
5051 4 2 1 1 362 365 364 1112
5052 4 2 1 1 760 1006 765 621
5053 4 2 1 1 662 823 176 1050
5054 4 2 1 1 514 1040 748 1182
5055 4 2 1 1 1066 913 645 302
5056 4 2 1 1 27 26 1258 86
5057 4 2 1 1 111 99 1176 1220
5058 4 2 1 1 84 121 24 1236
5059 4 2 1 1 686 1057 1047 1205
5060 4 2 1 1 245 762 255 1091
5061 4 2 1 1 1149 1232 290 268
5062 4 2 1 1 1204 1134 1222 461
5063 4 2 1 1 94 93 95 947
5064 4 2 1 1 1030 325 823 1201
5065 4 2 1 1 726 736 536 979
5066 4 2 1 1 525 804 845 1164
5067 4 2 1 1 1204 1134 461 1116
5068 4 2 1 1 685 1112 865 1207
5069 4 2 1 1 865 1112 596 1207
5070 4 2 1 1 420 1030 865 1201
5071 4 2 1 1 247 747 1266 1219
5072 4 2 1 1 765 1006 760 466
5073 4 2 1 1 625 1142 863 1167
5074 4 2 1 1 160 134 162 683
5075 4 2 1 1 549 709 878 1083
5076 4 2 1 1 551 845 804 1164
5077 4 2 1 1 156 1232 54 1260
5078 4 2 1 1 1039 1068 538 671
5079 4 2 1 1 544 896 897 618
5080 4 2 1 1 778 809 546 1062
5081 4 2 1 1 495 954 827 1052
5082 4 2 1 1 612 957 1047 1181
5083 4 2 1 1 1133 799 658 1031
5084 4 2 1 1 1133 799 1031 523
5085 4 2 1 1 1133 799 523 951
5086 4 2 1 1 1133 799 951 658
5087 4 2 1 1 66 176 213 662
5088 4 2 1 1 1198 1118 473 941
5089 4 2 1 1 886 992 499 165
5090 4 2 1 1 325 447 67 823
5091 4 2 1 1 574 788 1158 520
5092 4 2 1 1 639 1024 567 918
5093 4 2 1 1 549 118 1065 1066
5094 4 2 1 1 124 28 88 1237
5095 4 2 1 1 383 386 395 902
5096 4 2 1 1 275 268 274 852
5097 4 2 1 1 521 845 844 1221
5098 4 2 1 1 617 1053 977 757
5099 4 2 1 1 662 1030 823 1049
5100 4 2 1 1 370 863 368 1114
5101 4 2 1 1 424 337 416 1108
5102 4 2 1 1 553 873 1009 722
5103 4 2 1 1 618 1021 739 1022
5104 4 2 1 1 549 917 1066 849
5105 4 2 1 1 425 449 331 960
5106 4 2 1 1 603 611 972 1161
5107 4 2 1 1 937 1085 496 821
5108 4 2 1 1 566 878 1026 1038
5109 4 2 1 1 546 714 809 1124
5110 4 2 1 1 692 1026 932 1216
5111 4 2 1 1 878 1065 549 1083
5112 4 2 1 1 447 339 67 1104
5113 4 2 1 1 639 1090 1005 1107
5114 4 2 1 1 254 735 225 1011
5115 4 2 1 1 510 960 819 1196
5116 4 2 1 1 1195 1194 1006 621
5117 4 2 1 1 492 1047 746 1205
5118 4 2 1 1 977 1053 617 870
5119 4 2 1 1 745 1009 553 1185
5120 4 2 1 1 362 363 360 875
5121 4 2 1 1 542 1139 489 1170
5122 4 2 1 1 207 1254 201 59
5123 4 2 1 1 135 1260 754 156
5124 4 2 1 1 321 630 438 1225
5125 4 2 1 1 152 648 159 1054
5126 4 2 1 1 468 983 773 629
5127 4 2 1 1 547 777 768 1124
5128 4 2 1 1 331 1063 960 1225
5129 4 2 1 1 577 987 981 988
5130 4 2 1 1 388 404 403 1218
5131 4 2 1 1 208 190 209 1046
5132 4 2 1 1 644 1048 969 1157
5133 4 2 1 1 716 1134 640 1135
5134 4 2 1 1 636 570 723 1198
5135 4 2 1 1 134 162 683 1178
5136 4 2 1 1 1184 472 724 704
5137 4 2 1 1 160 172 134 683
5138 4 2 1 1 100 91 508 567
5139 4 2 1 1 502 1087 681 1197
5140 4 2 1 1 1189 1169 1103 570
5141 4 2 1 1 139 1150 789 536
5142 4 2 1 1 243 250 978 1064
5143 4 2 1 1 259 252 241 735
5144 4 2 1 1 204 68 1262 1104
5145 4 2 1 1 566 1038 1026 1216
5146 4 2 1 1 507 1041 797 1132
5147 4 2 1 1 48 130 874 990
5148 4 2 1 1 506 535 1177 780
5149 4 2 1 1 90 1233 20 1261
5150 4 2 1 1 953 948 800 626
5151 4 2 1 1 953 800 948 462
5152 4 2 1 1 571 494 967 1133
5153 4 2 1 1 722 873 586 508
5154 4 2 1 1 416 404 424 1108
5155 4 2 1 1 1213 286 851 283
5156 4 2 1 1 198 690 205 1101
5157 4 2 1 1 521 721 1186 1221
5158 4 2 1 1 595 858 734 899
5159 4 2 1 1 602 628 770 497
5160 4 2 1 1 642 499 857 578
5161 4 2 1 1 449 400 401 820
5162 4 2 1 1 282 292 842 1224
5163 4 2 1 1 660 870 1053 1068
5164 4 2 1 1 909 1020 542 767
5165 4 2 1 1 1042 672 525 696
5166 4 2 1 1 1243 836 129 1214
5167 4 2 1 1 214 193 200 1101
5168 4 2 1 1 140 1028 137 146
5169 4 2 1 1 657 819 1180 1196
5170 4 2 1 1 194 986 908 1050
5171 4 2 1 1 532 128 163 164
5172 4 2 1 1 660 963 881 578
5173 4 2 1 1 610 978 737 1195
5174 4 2 1 1 1042 525 672 601
5175 4 2 1 1 609 1162 962 677
5176 4 2 1 1 660 538 992 1027
5177 4 2 1 1 892 477 632 1146
5178 4 2 1 1 572 941 867 1198
5179 4 2 1 1 517 853 1059 1184
5180 4 2 1 1 823 1049 666 1050
5181 4 2 1 1 1008 175 1208 183
5182 4 2 1 1 455 338 454 923
5183 4 2 1 1 539 977 1099 1190
5184 4 2 1 1 212 794 186 194
5185 4 2 1 1 480 907 805 997
5186 4 2 1 1 760 1119 565 466
5187 4 2 1 1 662 527 1049 1166
5188 4 2 1 1 570 1076 723 1189
5189 4 2 1 1 98 551 97 1164
5190 4 2 1 1 202 211 181 645
5191 4 2 1 1 714 508 682 511
5192 4 2 1 1 286 849 288 302
5193 4 2 1 1 123 27 3 1271
5194 4 2 1 1 949 1158 554 814
5195 4 2 1 1 785 1164 97 551
5196 4 2 1 1 915 1089 659 1212
5197 4 2 1 1 43 336 455 836
5198 4 2 1 1 454 324 455 894
5199 4 2 1 1 135 1260 156 53
5200 4 2 1 1 724 723 1076 1181
5201 4 2 1 1 66 67 176 823
5202 4 2 1 1 537 1172 725 536
5203 4 2 1 1 1053 1152 617 1153
5204 4 2 1 1 134 683 1246 1178
5205 4 2 1 1 385 383 382 919
5206 4 2 1 1 563 1021 1072 1015
5207 4 2 1 1 657 613 996 528
5208 4 2 1 1 595 1086 236 1197
5209 4 2 1 1 498 1057 1082 1168
5210 4 2 1 1 123 1233 1192 1271
5211 4 2 1 1 798 944 559 945
5212 4 2 1 1 12 11 109 782
5213 4 2 1 1 586 120 103 94
5214 4 2 1 1 567 639 895 1024
5215 4 2 1 1 1091 858 873 1185
5216 4 2 1 1 488 926 883 680
5217 4 2 1 1 25 105 84 762
5218 4 2 1 1 897 542 799 489
5219 4 2 1 1 999 1033 760 1119
5220 4 2 1 1 141 789 889 1055
5221 4 2 1 1 464 576 597 712
5222 4 2 1 1 270 1170 1139 320
5223 4 2 1 1 508 873 762 1011
5224 4 2 1 1 1242 937 1085 113
5225 4 2 1 1 789 889 537 1150
5226 4 2 1 1 723 1181 1084 1189
5227 4 2 1 1 648 828 493 1061
5228 4 2 1 1 142 1027 992 1111
5229 4 2 1 1 931 942 877 616
5230 4 2 1 1 931 877 942 478
5231 4 2 1 1 191 188 203 1096
5232 4 2 1 1 492 1181 862 1189
5233 4 2 1 1 252 77 1241 259
5234 4 2 1 1 509 1091 873 1185
5235 4 2 1 1 282 842 294 893
5236 4 2 1 1 642 994 556 1144
5237 4 2 1 1 1159 433 350 621
5238 4 2 1 1 673 1176 803 1220
5239 4 2 1 1 337 417 829 1108
5240 4 2 1 1 123 1258 1271 1192
5241 4 2 1 1 194 195 176 1050
5242 4 2 1 1 1195 1194 621 1007
5243 4 2 1 1 350 433 1159 394
5244 4 2 1 1 616 985 877 1043
5245 4 2 1 1 457 419 342 792
5246 4 2 1 1 331 820 960 449
5247 4 2 1 1 550 991 717 994
5248 4 2 1 1 314 270 304 683
5249 4 2 1 1 311 903 293 1219
5250 4 2 1 1 133 1208 38 1235
5251 4 2 1 1 196 178 182 1208
5252 4 2 1 1 350 894 1159 621
5253 4 2 1 1 811 1009 721 722
5254 4 2 1 1 343 792 450 1199
5255 4 2 1 1 141 149 144 1055
5256 4 2 1 1 656 1051 775 720
5257 4 2 1 1 379 406 380 846
5258 4 2 1 1 549 785 943 1083
5259 4 2 1 1 444 395 407 968
5260 4 2 1 1 684 797 1041 1132
5261 4 2 1 1 477 1146 591 1179
5262 4 2 1 1 114 1253 23 121
5263 4 2 1 1 174 202 12 782
5264 4 2 1 1 1011 100 1192 86
5265 4 2 1 1 307 878 732 269
5266 4 2 1 1 571 967 1031 1133
5267 4 2 1 1 623 936 935 1081
5268 4 2 1 1 245 1011 762 1091
5269 4 2 1 1 544 897 1170 618
5270 4 2 1 1 418 350 1159 394
5271 4 2 1 1 585 824 509 1129
5272 4 2 1 1 1248 206 218 784
5273 4 2 1 1 610 1006 978 1195
5274 4 2 1 1 852 1153 154 1178
5275 4 2 1 1 235 604 236 1129
5276 4 2 1 1 98 97 551 1070
5277 4 2 1 1 505 1073 681 1079
5278 4 2 1 1 279 280 1156 1015
5279 4 2 1 1 973 671 578 1068
5280 4 2 1 1 457 784 792 1166
5281 4 2 1 1 85 12 109 782
5282 4 2 1 1 542 799 753 1215
5283 4 2 1 1 111 782 127 1220
5284 4 2 1 1 243 242 250 1064
5285 4 2 1 1 324 454 350 894
5286 4 2 1 1 322 427 392 912
5287 4 2 1 1 465 991 680 642
5288 4 2 1 1 191 868 1096 1003
5289 4 2 1 1 103 94 95 961
5290 4 2 1 1 625 1136 871 1142
5291 4 2 1 1 681 595 980 1197
5292 4 2 1 1 747 1042 672 601
5293 4 2 1 1 495 829 954 1052
5294 4 2 1 1 210 868 1003 1177
5295 4 2 1 1 659 1109 915 1212
5296 4 2 1 1 365 423 410 865
5297 4 2 1 1 433 432 353 1007
5298 4 2 1 1 113 1256 106 17
5299 4 2 1 1 674 1222 1134 1223
5300 4 2 1 1 85 13 12 782
5301 4 2 1 1 255 245 220 762
5302 4 2 1 1 872 1014 601 1042
5303 4 2 1 1 492 1084 1181 1189
5304 4 2 1 1 534 1171 698 1188
5305 4 2 1 1 123 1258 1192 86
5306 4 2 1 1 99 118 785 803
5307 4 2 1 1 107 122 102 936
5308 4 2 1 1 672 1042 747 481
5309 4 2 1 1 279 277 702 1156
5310 4 2 1 1 158 1171 694 1188
5311 4 2 1 1 1248 1269 784 218
5312 4 2 1 1 111 935 122 506
5313 4 2 1 1 158 169 132 1188
5314 4 2 1 1 136 1028 836 1171
5315 4 2 1 1 207 1254 59 1239
5316 4 2 1 1 1228 105 762 1011
5317 4 2 1 1 490 1162 793 677
5318 4 2 1 1 687 1154 765 1159
5319 4 2 1 1 561 840 1002 1184
5320 4 2 1 1 122 935 111 101
5321 4 2 1 1 733 1093 1004 1174
5322 4 2 1 1 456 329 339 1104
5323 4 2 1 1 123 1233 1271 21
5324 4 2 1 1 290 1149 268 276
5325 4 2 1 1 936 1046 506 1081
5326 4 2 1 1 552 1009 745 1117
5327 4 2 1 1 143 1027 144 1153
5328 4 2 1 1 438 630 1063 1225
5329 4 2 1 1 591 477 892 1146
5330 4 2 1 1 162 1153 758 1178
5331 4 2 1 1 137 590 836 1028
5332 4 2 1 1 820 940 821 1225
5333 4 2 1 1 420 325 1030 1201
5334 4 2 1 1 532 1152 1053 1153
5335 4 2 1 1 710 649 471 733
5336 4 2 1 1 780 554 631 1165
5337 4 2 1 1 928 974 620 857
5338 4 2 1 1 811 1035 675 959
5339 4 2 1 1 895 332 448 607
5340 4 2 1 1 1198 1118 941 867
5341 4 2 1 1 497 848 1126 955
5342 4 2 1 1 499 642 1144 992
5343 4 2 1 1 307 878 269 319
5344 4 2 1 1 759 569 1140 786
5345 4 2 1 1 584 1093 689 1174
5346 4 2 1 1 899 966 682 511
5347 4 2 1 1 870 977 539 1190
5348 4 2 1 1 675 1035 811 553
5349 4 2 1 1 60 1254 201 791
5350 4 2 1 1 962 1162 490 677
5351 4 2 1 1 236 595 254 1091
5352 4 2 1 1 1040 1182 1017 629
5353 4 2 1 1 620 928 841 974
5354 4 2 1 1 265 747 247 1219
5355 4 2 1 1 367 402 364 921
5356 4 2 1 1 43 129 1243 836
5357 4 2 1 1 495 827 954 979
5358 4 2 1 1 717 1092 536 1111
5359 4 2 1 1 287 278 727 1022
5360 4 2 1 1 238 234 249 665
5361 4 2 1 1 760 999 1119 466
5362 4 2 1 1 494 1093 837 1100
5363 4 2 1 1 1040 1017 1182 514
5364 4 2 1 1 740 1140 569 786
5365 4 2 1 1 1186 598 696 845
5366 4 2 1 1 739 1020 864 1215
5367 4 2 1 1 129 137 138 590
5368 4 2 1 1 567 1024 899 918
5369 4 2 1 1 493 1078 667 1104
5370 4 2 1 1 592 876 1103 1169
5371 4 2 1 1 260 223 246 909
5372 4 2 1 1 506 535 780 766
5373 4 2 1 1 1236 1253 598 121
5374 4 2 1 1 784 792 496 821
5375 4 2 1 1 1186 696 598 775
5376 4 2 1 1 658 1031 799 853
5377 4 2 1 1 717 991 642 994
5378 4 2 1 1 1030 823 325 662
5379 4 2 1 1 543 1020 909 767
5380 4 2 1 1 583 1123 919 1141
5381 4 2 1 1 254 225 245 1011
5382 4 2 1 1 793 1162 609 677
5383 4 2 1 1 154 128 163 852
5384 4 2 1 1 141 142 139 789
5385 4 2 1 1 158 1259 136 44
5386 4 2 1 1 654 1036 830 1092
5387 4 2 1 1 952 1025 773 1088
5388 4 2 1 1 270 1170 320 304
5389 4 2 1 1 532 850 705 1152
5390 4 2 1 1 551 97 785 1070
5391 4 2 1 1 326 445 737 1195
5392 4 2 1 1 865 1030 513 1201
5393 4 2 1 1 564 837 1018 677
5394 4 2 1 1 1041 531 705 835
5395 4 2 1 1 285 288 286 1038
5396 4 2 1 1 537 901 925 941
5397 4 2 1 1 785 699 1070 1176
5398 4 2 1 1 1105 855 1043 956
5399 4 2 1 1 633 1046 936 1081
5400 4 2 1 1 140 889 141 1150
5401 4 2 1 1 660 1053 963 1068
5402 4 2 1 1 80 243 250 978
5403 4 2 1 1 104 1253 121 598
5404 4 2 1 1 796 1002 840 1184
5405 4 2 1 1 210 1003 782 1177
5406 4 2 1 1 1149 1232 268 852
5407 4 2 1 1 492 1205 958 1210
5408 4 2 1 1 228 50 224 1188
5409 4 2 1 1 1257 264 76 252
5410 4 2 1 1 561 853 840 1184
5411 4 2 1 1 830 538 671 1039
5412 4 2 1 1 175 1208 182 37
5413 4 2 1 1 167 48 47 990
5414 4 2 1 1 659 1187 1109 1212
5415 4 2 1 1 1105 1043 855 477
5416 4 2 1 1 266 298 60 791
5417 4 2 1 1 487 653 794 1204
5418 4 2 1 1 210 202 782 1003
5419 4 2 1 1 265 824 257 747
5420 4 2 1 1 595 858 1091 1185
5421 4 2 1 1 867 874 572 1198
5422 4 2 1 1 749 1041 881 627
5423 4 2 1 1 537 725 901 536
5424 4 2 1 1 136 1028 1171 146
5425 4 2 1 1 495 954 829 1214
5426 4 2 1 1 309 283 286 1213
5427 4 2 1 1 609 1121 962 1162
5428 4 2 1 1 232 231 229 838
5429 4 2 1 1 1129 762 1091 255
5430 4 2 1 1 627 886 1016 1149
5431 4 2 1 1 235 256 824 1129
5432 4 2 1 1 836 954 129 1214
5433 4 2 1 1 136 1028 146 137
5434 4 2 1 1 210 211 202 1003
5435 4 2 1 1 1248 65 206 1166
5436 4 2 1 1 342 325 66 662
5437 4 2 1 1 845 961 551 1221
5438 4 2 1 1 881 1041 749 531
5439 4 2 1 1 288 878 269 1065
5440 4 2 1 1 221 244 48 990
5441 4 2 1 1 293 311 295 903
5442 4 2 1 1 145 1111 157 142
5443 4 2 1 1 336 437 417 829
5444 4 2 1 1 309 756 700 1213
5445 4 2 1 1 230 731 231 1059
5446 4 2 1 1 612 957 724 1002
5447 4 2 1 1 450 792 784 821
5448 4 2 1 1 517 796 840 1184
5449 4 2 1 1 772 1099 572 1198
5450 4 2 1 1 489 799 1031 853
5451 4 2 1 1 472 724 957 1002
5452 4 2 1 1 336 437 829 1214
5453 4 2 1 1 893 1038 529 1137
5454 4 2 1 1 847 926 857 642
5455 4 2 1 1 484 1048 969 1098
5456 4 2 1 1 239 244 230 990
5457 4 2 1 1 254 252 225 735
5458 4 2 1 1 128 852 1232 886
5459 4 2 1 1 523 897 896 618
5460 4 2 1 1 381 382 383 919
5461 4 2 1 1 154 852 163 1153
5462 4 2 1 1 702 1072 1021 1015
5463 4 2 1 1 486 1222 927 1223
5464 4 2 1 1 221 731 230 990
5465 4 2 1 1 709 549 943 1083
5466 4 2 1 1 960 1180 819 1196
5467 4 2 1 1 409 419 408 1114
5468 4 2 1 1 1218 1044 1013 655
5469 4 2 1 1 1104 196 1061 204
5470 4 2 1 1 546 809 778 1124
5471 4 2 1 1 588 1096 988 1003
5472 4 2 1 1 136 43 1259 836
5473 4 2 1 1 73 246 223 909
5474 4 2 1 1 1013 1044 1218 637
5475 4 2 1 1 586 873 762 508
5476 4 2 1 1 360 361 358 1044
5477 4 2 1 1 732 1065 878 1083
5478 4 2 1 1 386 919 385 815
5479 4 2 1 1 508 858 722 873
5480 4 2 1 1 166 146 151 1188
5481 4 2 1 1 458 396 389 911
5482 4 2 1 1 510 1023 960 1196
5483 4 2 1 1 274 304 287 1178
5484 4 2 1 1 736 979 726 1074
5485 4 2 1 1 790 892 622 1202
5486 4 2 1 1 547 699 1070 1155
5487 4 2 1 1 694 1171 534 1188
5488 4 2 1 1 99 785 97 1176
5489 4 2 1 1 257 256 248 824
5490 4 2 1 1 473 723 771 802
5491 4 2 1 1 542 1139 909 767
5492 4 2 1 1 275 268 852 1149
5493 4 2 1 1 428 429 397 1005
5494 4 2 1 1 592 862 1079 1169
5495 4 2 1 1 667 447 823 1104
5496 4 2 1 1 947 508 714 511
5497 4 2 1 1 574 1158 931 520
5498 4 2 1 1 621 765 1154 1159
5499 4 2 1 1 332 1005 428 1180
5500 4 2 1 1 184 556 1008 1203
5501 4 2 1 1 134 1246 56 1178
5502 4 2 1 1 678 494 977 1217
5503 4 2 1 1 522 806 816 1209
5504 4 2 1 1 658 1031 967 1133
5505 4 2 1 1 553 1009 811 722
5506 4 2 1 1 386 919 815 902
5507 4 2 1 1 557 851 826 1213
5508 4 2 1 1 879 813 485 614
5509 4 2 1 1 592 1073 876 1169
5510 4 2 1 1 918 1192 735 899
5511 4 2 1 1 560 1051 910 796
5512 4 2 1 1 893 529 1038 1216
5513 4 2 1 1 292 1021 278 1022
5514 4 2 1 1 1208 133 153 648
5515 4 2 1 1 340 667 447 1201
5516 4 2 1 1 157 717 147 1111
5517 4 2 1 1 82 31 732 1065
5518 4 2 1 1 1236 762 84 598
5519 4 2 1 1 700 826 284 1213
5520 4 2 1 1 535 780 766 806
5521 4 2 1 1 209 190 189 535
5522 4 2 1 1 363 362 364 1112
5523 4 2 1 1 546 714 950 1191
5524 4 2 1 1 1208 648 153 550
5525 4 2 1 1 569 1089 976 1212
5526 4 2 1 1 425 399 391 1180
5527 4 2 1 1 1129 220 255 256
5528 4 2 1 1 250 1247 80 978
5529 4 2 1 1 296 271 32 1122
5530 4 2 1 1 1073 1086 681 1087
5531 4 2 1 1 145 1111 142 992
5532 4 2 1 1 701 668 1132 1156
5533 4 2 1 1 910 624 1183 833
5534 4 2 1 1 167 160 150 990
5535 4 2 1 1 96 547 93 1029
5536 4 2 1 1 319 269 288 878
5537 4 2 1 1 991 994 550 1203
5538 4 2 1 1 1002 910 957 472
5539 4 2 1 1 597 1109 568 1187
5540 4 2 1 1 1006 978 621 1033
5541 4 2 1 1 343 419 457 792
5542 4 2 1 1 144 1027 141 1055
5543 4 2 1 1 312 296 601 1122
5544 4 2 1 1 610 978 1006 1033
5545 4 2 1 1 278 277 275 727
5546 4 2 1 1 712 1120 888 1168
5547 4 2 1 1 447 340 415 667
5548 4 2 1 1 68 204 197 1104
5549 4 2 1 1 450 784 354 821
5550 4 2 1 1 161 165 135 690
5551 4 2 1 1 162 154 1153 1178
5552 4 2 1 1 1183 957 910 833
5553 4 2 1 1 249 265 223 1219
5554 4 2 1 1 256 248 824 598
5555 4 2 1 1 183 891 1008 186
5556 4 2 1 1 188 779 185 860
5557 4 2 1 1 1000 1055 572 1190
5558 4 2 1 1 412 365 362 1112
5559 4 2 1 1 163 144 162 1153
5560 4 2 1 1 1181 505 724 626
5561 4 2 1 1 195 662 213 176
5562 4 2 1 1 754 886 499 165
5563 4 2 1 1 595 1011 254 1091
5564 4 2 1 1 106 92 630 937
5565 4 2 1 1 99 803 1176 1220
5566 4 2 1 1 527 792 784 1166
5567 4 2 1 1 450 354 784 328
5568 4 2 1 1 212 196 1104 197
5569 4 2 1 1 50 151 132 1188
5570 4 2 1 1 753 542 1020 767
5571 4 2 1 1 407 403 361 1218
5572 4 2 1 1 590 954 827 979
5573 4 2 1 1 895 1138 807 567
5574 4 2 1 1 84 586 103 598
5575 4 2 1 1 90 1231 1261 19
5576 4 2 1 1 669 700 516 1110
5577 4 2 1 1 961 1155 551 1221
5578 4 2 1 1 840 853 517 1184
5579 4 2 1 1 319 878 288 1038
5580 4 2 1 1 298 309 302 756
5581 4 2 1 1 580 868 1209 1211
5582 4 2 1 1 1174 1088 584 573
5583 4 2 1 1 681 1086 595 1197
5584 4 2 1 1 283 826 851 1213
5585 4 2 1 1 534 1033 999 1119
5586 4 2 1 1 320 301 909 1139
5587 4 2 1 1 80 351 326 978
5588 4 2 1 1 447 667 415 1104
5589 4 2 1 1 439 321 438 1225
5590 4 2 1 1 1144 754 165 690
5591 4 2 1 1 73 909 223 1219
5592 4 2 1 1 755 916 483 719
5593 4 2 1 1 1024 476 1005 607
5594 4 2 1 1 862 1076 505 1169
5595 4 2 1 1 721 586 1186 1221
5596 4 2 1 1 662 1049 823 1050
5597 4 2 1 1 278 277 727 1021
5598 4 2 1 1 260 239 767 1139
5599 4 2 1 1 229 231 230 731
5600 4 2 1 1 320 301 289 909
5601 4 2 1 1 50 874 151 1188
5602 4 2 1 1 343 419 792 1114
5603 4 2 1 1 1142 863 810 479
5604 4 2 1 1 299 280 826 1156
5605 4 2 1 1 1142 810 863 605
5606 4 2 1 1 921 968 363 875
5607 4 2 1 1 191 210 868 1003
5608 4 2 1 1 547 961 832 1155
5609 4 2 1 1 284 826 700 945
5610 4 2 1 1 139 137 590 138
5611 4 2 1 1 326 737 978 1195
5612 4 2 1 1 921 363 968 402
5613 4 2 1 1 915 1109 464 1212
5614 4 2 1 1 389 377 397 1090
5615 4 2 1 1 537 901 789 536
5616 4 2 1 1 111 99 96 1176
5617 4 2 1 1 1108 417 405 424
5618 4 2 1 1 158 1259 44 1244
5619 4 2 1 1 304 274 56 1178
5620 4 2 1 1 780 1165 806 1211
5621 4 2 1 1 198 205 193 1101
5622 4 2 1 1 496 937 936 1085
5623 4 2 1 1 956 1105 855 594
5624 4 2 1 1 118 803 119 1066
5625 4 2 1 1 313 739 289 909
5626 4 2 1 1 113 1256 17 1242
5627 4 2 1 1 355 357 446 744
5628 4 2 1 1 451 433 1007 1195
5629 4 2 1 1 946 1036 465 1092
5630 4 2 1 1 278 1021 727 1022
5631 4 2 1 1 281 1224 279 282
5632 4 2 1 1 291 945 300 798
5633 4 2 1 1 119 803 99 1220
5634 4 2 1 1 371 402 367 921
5635 4 2 1 1 173 1203 131 994
5636 4 2 1 1 245 254 1011 1091
5637 4 2 1 1 1014 842 903 600
5638 4 2 1 1 493 1208 648 1061
5639 4 2 1 1 607 1023 960 1063
5640 4 2 1 1 605 792 1114 1199
5641 4 2 1 1 106 92 83 630
5642 4 2 1 1 1091 1129 604 1185
5643 4 2 1 1 94 91 714 508
5644 4 2 1 1 101 102 122 936
5645 4 2 1 1 832 575 1155 1221
5646 4 2 1 1 458 427 396 912
5647 4 2 1 1 351 621 350 352
5648 4 2 1 1 535 868 189 1177
5649 4 2 1 1 1126 677 490 965
5650 4 2 1 1 296 732 307 601
5651 4 2 1 1 292 289 739 1022
5652 4 2 1 1 213 65 662 1166
5653 4 2 1 1 279 281 280 1015
5654 4 2 1 1 451 433 353 1007
5655 4 2 1 1 290 1149 276 1016
5656 4 2 1 1 252 254 241 735
5657 4 2 1 1 585 509 1117 1129
5658 4 2 1 1 929 1080 602 497
5659 4 2 1 1 192 841 860 933
5660 4 2 1 1 762 873 509 1091
5661 4 2 1 1 1126 490 677 962
5662 4 2 1 1 477 1113 632 1146
5663 4 2 1 1 192 841 203 860
5664 4 2 1 1 627 850 532 886
5665 4 2 1 1 277 299 701 1156
5666 4 2 1 1 560 1037 910 1051
5667 4 2 1 1 607 476 1023 1138
5668 4 2 1 1 127 111 85 782
5669 4 2 1 1 918 1192 899 567
5670 4 2 1 1 699 551 1070 1155
5671 4 2 1 1 547 768 947 1124
5672 4 2 1 1 395 386 403 902
5673 4 2 1 1 313 293 292 739
5674 4 2 1 1 87 936 107 102
5675 4 2 1 1 253 247 257 747
5676 4 2 1 1 805 907 582 997
5677 4 2 1 1 309 318 700 791
5678 4 2 1 1 1207 651 1030 685
5679 4 2 1 1 157 131 168 994
5680 4 2 1 1 844 845 551 1221
5681 4 2 1 1 1030 651 1207 513
5682 4 2 1 1 192 860 185 933
5683 4 2 1 1 48 130 49 874
5684 4 2 1 1 269 878 732 1065
5685 4 2 1 1 586 947 722 508
5686 4 2 1 1 194 190 908 986
5687 4 2 1 1 192 1101 214 841
5688 4 2 1 1 237 235 256 824
5689 4 2 1 1 509 1129 824 598
5690 4 2 1 1 734 899 825 918
5691 4 2 1 1 331 820 449 401
5692 4 2 1 1 1023 476 540 1138
5693 4 2 1 1 1030 865 1207 685
5694 4 2 1 1 473 1099 772 1198
5695 4 2 1 1 258 240 232 1087
5696 4 2 1 1 960 1023 607 1196
5697 4 2 1 1 935 936 506 1081
5698 4 2 1 1 1207 865 1030 513
5699 4 2 1 1 197 823 67 1104
5700 4 2 1 1 174 210 782 1177
5701 4 2 1 1 238 231 704 1059
5702 4 2 1 1 748 477 892 922
5703 4 2 1 1 1239 207 58 59
5704 4 2 1 1 187 189 190 986
5705 4 2 1 1 588 676 988 1096
5706 4 2 1 1 748 892 477 632
5707 4 2 1 1 577 981 949 554
5708 4 2 1 1 933 680 653 487
5709 4 2 1 1 894 1154 504 1163
5710 4 2 1 1 185 184 933 1008
5711 4 2 1 1 1039 1068 671 750
5712 4 2 1 1 950 83 807 91
5713 4 2 1 1 249 234 237 665
5714 4 2 1 1 146 698 1171 1188
5715 4 2 1 1 209 535 189 1177
5716 4 2 1 1 399 332 428 1180
5717 4 2 1 1 862 505 1079 1169
5718 4 2 1 1 640 1135 1134 1223
5719 4 2 1 1 164 145 992 165
5720 4 2 1 1 92 93 91 950
5721 4 2 1 1 232 233 231 838
5722 4 2 1 1 162 154 163 1153
5723 4 2 1 1 506 1046 782 1177
5724 4 2 1 1 1129 220 256 598
5725 4 2 1 1 45 169 158 1244
5726 4 2 1 1 674 927 1222 1223
5727 4 2 1 1 579 1126 848 955
5728 4 2 1 1 55 154 56 1178
5729 4 2 1 1 344 325 662 1030
5730 4 2 1 1 1211 535 1209 806
5731 4 2 1 1 145 173 157 994
5732 4 2 1 1 556 991 1008 1203
5733 4 2 1 1 303 282 294 893
5734 4 2 1 1 694 534 1033 1064
5735 4 2 1 1 784 496 1085 821
5736 4 2 1 1 722 858 508 511
5737 4 2 1 1 745 1117 1009 1185
5738 4 2 1 1 563 970 842 1224
5739 4 2 1 1 532 705 1053 1152
5740 4 2 1 1 757 1053 705 1152
5741 4 2 1 1 89 108 32 1122
5742 4 2 1 1 475 987 949 1003
5743 4 2 1 1 610 1033 534 1064
5744 4 2 1 1 1023 476 607 1196
5745 4 2 1 1 566 851 1038 1216
5746 4 2 1 1 381 430 398 1140
5747 4 2 1 1 762 1011 873 1091
5748 4 2 1 1 850 852 532 886
5749 4 2 1 1 653 779 933 487
5750 4 2 1 1 236 1091 255 1129
5751 4 2 1 1 844 551 1155 1221
5752 4 2 1 1 99 119 118 803
5753 4 2 1 1 100 508 1192 567
5754 4 2 1 1 780 782 1003 1177
5755 4 2 1 1 147 157 168 717
5756 4 2 1 1 446 829 437 1214
5757 4 2 1 1 195 908 208 1166
5758 4 2 1 1 191 189 188 868
5759 4 2 1 1 1248 1166 206 784
5760 4 2 1 1 1060 692 485 615
5761 4 2 1 1 949 987 577 1003
5762 4 2 1 1 457 784 450 792
5763 4 2 1 1 344 420 325 1030
5764 4 2 1 1 312 271 296 1122
5765 4 2 1 1 1189 1169 570 1076
5766 4 2 1 1 563 1224 1021 1015
5767 4 2 1 1 412 359 390 1077
5768 4 2 1 1 245 255 254 1091
5769 4 2 1 1 521 1186 845 1221
5770 4 2 1 1 91 93 94 714
5771 4 2 1 1 56 154 134 1178
5772 4 2 1 1 427 458 392 912
5773 4 2 1 1 1023 1063 630 1225
5774 4 2 1 1 241 595 236 1197
5775 4 2 1 1 101 102 936 937
5776 4 2 1 1 125 1252 15 87
5777 4 2 1 1 1144 642 974 556
5778 4 2 1 1 529 1067 872 1137
5779 4 2 1 1 267 301 73 909
5780 4 2 1 1 390 356 341 1078
5781 4 2 1 1 95 98 961 1070
5782 4 2 1 1 49 130 151 874
5783 4 2 1 1 557 1130 851 1213
5784 4 2 1 1 1060 485 692 790
5785 4 2 1 1 821 940 630 1225
5786 4 2 1 1 502 1073 681 1087
5787 4 2 1 1 292 1021 739 1224
5788 4 2 1 1 275 727 277 1149
5789 4 2 1 1 623 1081 900 1097
5790 4 2 1 1 1129 762 598 509
5791 4 2 1 1 554 931 1158 520
5792 4 2 1 1 222 1197 240 1087
5793 4 2 1 1 601 1067 732 1137
5794 4 2 1 1 610 1006 999 1033
5795 4 2 1 1 309 700 756 791
5796 4 2 1 1 1246 172 134 57
5797 4 2 1 1 359 356 390 1077
5798 4 2 1 1 372 369 400 1167
5799 4 2 1 1 125 1252 87 1085
5800 4 2 1 1 285 283 281 851
5801 4 2 1 1 824 1129 256 598
5802 4 2 1 1 1211 535 806 780
5803 4 2 1 1 73 246 909 1139
5804 4 2 1 1 165 161 155 690
5805 4 2 1 1 340 447 420 1201
5806 4 2 1 1 439 401 821 1225
5807 4 2 1 1 94 120 100 508
5808 4 2 1 1 553 858 800 1185
5809 4 2 1 1 294 903 295 601
5810 4 2 1 1 307 601 732 1137
5811 4 2 1 1 239 238 767 1059
5812 4 2 1 1 443 438 330 1063
5813 4 2 1 1 334 396 427 912
5814 4 2 1 1 207 58 216 1239
5815 4 2 1 1 334 427 436 912
5816 4 2 1 1 236 1086 240 1197
5817 4 2 1 1 292 282 279 1224
5818 4 2 1 1 40 171 1249 159
5819 4 2 1 1 556 991 994 642
5820 4 2 1 1 577 554 780 1211
5821 4 2 1 1 233 232 240 1086
5822 4 2 1 1 297 272 291 798
5823 4 2 1 1 553 1009 873 1185
5824 4 2 1 1 706 241 222 1197
5825 4 2 1 1 475 949 917 1003
5826 4 2 1 1 277 701 276 1149
5827 4 2 1 1 195 1050 908 1166
5828 4 2 1 1 547 1070 961 1155
5829 4 2 1 1 281 282 893 970
5830 4 2 1 1 267 311 293 1219
5831 4 2 1 1 542 1139 767 489
5832 4 2 1 1 641 1135 1098 640
5833 4 2 1 1 1246 172 57 1263
5834 4 2 1 1 89 33 126 1122
5835 4 2 1 1 345 355 323 1054
5836 4 2 1 1 1129 220 598 762
5837 4 2 1 1 709 943 804 1083
5838 4 2 1 1 543 903 747 1219
5839 4 2 1 1 283 309 284 1213
5840 4 2 1 1 782 520 1003 1220
5841 4 2 1 1 757 617 1053 1152
5842 4 2 1 1 1211 535 780 868
5843 4 2 1 1 735 1011 595 899
5844 4 2 1 1 1185 1115 800 745
5845 4 2 1 1 642 857 499 1144
5846 4 2 1 1 561 1002 724 1184
5847 4 2 1 1 234 231 233 704
5848 4 2 1 1 1135 640 693 1223
5849 4 2 1 1 413 370 408 1114
5850 4 2 1 1 1262 215 69 204
5851 4 2 1 1 411 354 321 821
5852 4 2 1 1 60 1226 177 61
5853 4 2 1 1 546 935 778 1062
5854 4 2 1 1 330 448 443 1063
5855 4 2 1 1 87 936 102 1085
5856 4 2 1 1 191 1096 219 1003
5857 4 2 1 1 704 838 938 724
5858 4 2 1 1 410 344 409 1030
5859 4 2 1 1 1122 315 271 33
5860 4 2 1 1 159 1249 41 1054
5861 4 2 1 1 617 1152 758 1153
5862 4 2 1 1 286 849 302 756
5863 4 2 1 1 523 896 1143 618
5864 4 2 1 1 258 242 243 1064
5865 4 2 1 1 123 1258 86 27
5866 4 2 1 1 537 941 925 1118
5867 4 2 1 1 1239 317 273 58
5868 4 2 1 1 445 333 737 972
5869 4 2 1 1 307 319 303 1137
5870 4 2 1 1 174 210 202 782
5871 4 2 1 1 627 1016 701 1149
5872 4 2 1 1 174 782 1046 1177
5873 4 2 1 1 620 974 841 1101
5874 4 2 1 1 446 323 1054 1214
5875 4 2 1 1 194 908 195 1050
5876 4 2 1 1 118 117 97 785
5877 4 2 1 1 395 444 9 968
5878 4 2 1 1 355 446 323 1054
5879 4 2 1 1 187 186 185 779
5880 4 2 1 1 358 1044 416 1200
5881 4 2 1 1 361 403 404 1218
5882 4 2 1 1 283 285 286 851
5883 4 2 1 1 610 876 999 1006
5884 4 2 1 1 140 141 139 1150
5885 4 2 1 1 1265 51 7 169
5886 4 2 1 1 645 124 10 115
5887 4 2 1 1 913 917 645 1003
5888 4 2 1 1 283 826 280 851
5889 4 2 1 1 995 1010 665 796
5890 4 2 1 1 592 1079 1073 1169
5891 4 2 1 1 140 1028 146 698
5892 4 2 1 1 123 1258 27 1271
5893 4 2 1 1 1188 169 132 51
5894 4 2 1 1 279 1021 1224 1015
5895 4 2 1 1 108 1122 116 1164
5896 4 2 1 1 550 1008 991 1203
5897 4 2 1 1 170 690 34 161
5898 4 2 1 1 544 897 758 1170
5899 4 2 1 1 933 192 1101 184
5900 4 2 1 1 378 398 375 996
5901 4 2 1 1 198 193 184 1101
5902 4 2 1 1 1230 262 253 70
5903 4 2 1 1 701 1016 276 1149
5904 4 2 1 1 291 754 290 1016
5905 4 2 1 1 1234 1251 690 217
5906 4 2 1 1 1232 128 55 852
5907 4 2 1 1 1244 434 349 45
5908 4 2 1 1 473 772 723 1198
5909 4 2 1 1 547 699 1029 1070
5910 4 2 1 1 581 1082 1057 1168
5911 4 2 1 1 307 878 319 1137
5912 4 2 1 1 303 1038 893 1137
5913 4 2 1 1 269 307 296 732
5914 4 2 1 1 683 489 1139 1170
5915 4 2 1 1 421 440 384 1161
5916 4 2 1 1 63 1234 180 217
5917 4 2 1 1 1230 262 70 1264
5918 4 2 1 1 144 143 141 1027
5919 4 2 1 1 351 621 352 978
5920 4 2 1 1 183 185 186 1008
5921 4 2 1 1 39 5 171 1255
5922 4 2 1 1 577 988 981 1211
5923 4 2 1 1 351 349 350 694
5924 4 2 1 1 523 1143 951 618
5925 4 2 1 1 415 456 339 1104
5926 4 2 1 1 961 1070 551 1155
5927 4 2 1 1 1057 1082 581 1205
5928 4 2 1 1 258 232 242 839
5929 4 2 1 1 350 349 324 894
5930 4 2 1 1 284 300 299 945
5931 4 2 1 1 196 1061 178 1208
5932 4 2 1 1 326 351 352 978
5933 4 2 1 1 653 719 755 1204
5934 4 2 1 1 151 50 49 874
5935 4 2 1 1 357 355 356 744
5936 4 2 1 1 129 43 136 836
5937 4 2 1 1 850 886 627 1149
5938 4 2 1 1 645 216 181 10
5939 4 2 1 1 1240 170 52 135
5940 4 2 1 1 212 794 194 1050
5941 4 2 1 1 195 662 176 1050
5942 4 2 1 1 55 852 154 1178
5943 4 2 1 1 123 1233 21 112
5944 4 2 1 1 1262 215 204 1061
5945 4 2 1 1 222 79 1229 737
5946 4 2 1 1 163 143 144 1153
5947 4 2 1 1 1270 1065 110 1066
5948 4 2 1 1 960 607 1180 1196
5949 4 2 1 1 187 794 186 779
5950 4 2 1 1 499 881 578 992
5951 4 2 1 1 195 208 206 1166
5952 4 2 1 1 228 221 49 874
5953 4 2 1 1 141 889 149 1055
5954 4 2 1 1 230 244 221 990
5955 4 2 1 1 279 277 278 1021
5956 4 2 1 1 438 331 439 1225
5957 4 2 1 1 89 114 116 1122
5958 4 2 1 1 238 231 234 704
5959 4 2 1 1 74 301 270 1139
5960 4 2 1 1 326 451 445 1195
5961 4 2 1 1 210 209 189 1177
5962 4 2 1 1 96 1070 1029 1176
5963 4 2 1 1 686 1082 1057 1205
5964 4 2 1 1 489 853 1031 772
5965 4 2 1 1 416 358 361 1044
5966 4 2 1 1 682 807 1138 567
5967 4 2 1 1 1240 170 135 690
5968 4 2 1 1 214 203 192 841
5969 4 2 1 1 222 240 1197 241
5970 4 2 1 1 158 146 136 1171
5971 4 2 1 1 90 1231 19 83
5972 4 2 1 1 809 546 1062 1191
5973 4 2 1 1 300 318 297 798
5974 4 2 1 1 142 141 143 1027
5975 4 2 1 1 281 1224 282 970
5976 4 2 1 1 192 188 185 860
5977 4 2 1 1 97 785 1070 1176
5978 4 2 1 1 140 166 149 889
5979 4 2 1 1 275 287 278 727
5980 4 2 1 1 872 1067 601 1137
5981 4 2 1 1 116 98 117 1164
5982 4 2 1 1 504 1028 698 1171
5983 4 2 1 1 334 436 441 972
5984 4 2 1 1 419 344 342 662
5985 4 2 1 1 117 98 97 1164
5986 4 2 1 1 123 1233 112 1192
5987 4 2 1 1 832 961 586 1221
5988 4 2 1 1 372 373 371 1145
5989 4 2 1 1 158 146 1171 1188
5990 4 2 1 1 164 992 886 165
5991 4 2 1 1 1188 169 51 1265
5992 4 2 1 1 345 828 355 1054
5993 4 2 1 1 1250 314 270 75
5994 4 2 1 1 832 1155 961 1221
5995 4 2 1 1 284 299 826 945
5996 4 2 1 1 544 1170 758 1178
5997 4 2 1 1 284 309 318 700
5998 4 2 1 1 343 1114 792 1199
5999 4 2 1 1 151 130 166 874
6000 4 2 1 1 246 73 74 1139
6001 4 2 1 1 103 95 98 961
6002 4 2 1 1 399 425 332 1180
6003 4 2 1 1 337 424 417 1108
6004 4 2 1 1 327 639 429 895
6005 4 2 1 1 279 1021 292 1224
6006 4 2 1 1 239 230 238 1059
6007 4 2 1 1 290 291 305 754
6008 4 2 1 1 375 373 374 996
6009 4 2 1 1 457 450 343 792
6010 4 2 1 1 118 97 99 785
6011 4 2 1 1 236 255 235 1129
6012 4 2 1 1 440 441 335 1161
6013 4 2 1 1 1245 1264 672 126
6014 4 2 1 1 282 292 293 842
6015 4 2 1 1 1237 317 28 310
6016 4 2 1 1 565 1118 570 1119
6017 4 2 1 1 136 1028 137 836
6018 4 2 1 1 981 554 577 1211
6019 4 2 1 1 74 1250 226 1139
6020 4 2 1 1 447 823 325 1201
6021 4 2 1 1 142 143 992 1027
6022 4 2 1 1 326 978 352 1195
6023 4 2 1 1 256 257 237 824
6024 4 2 1 1 129 42 1243 1214
6025 4 2 1 1 1238 263 251 46
6026 4 2 1 1 660 578 881 992
6027 4 2 1 1 420 447 325 1201
6028 4 2 1 1 260 246 239 1139
6029 4 2 1 1 114 126 22 1245
6030 4 2 1 1 79 243 80 737
6031 4 2 1 1 431 347 392 918
6032 4 2 1 1 274 268 55 852
6033 4 2 1 1 104 98 116 1164
6034 4 2 1 1 411 1199 450 821
6035 4 2 1 1 322 436 427 912
6036 4 2 1 1 309 756 298 791
6037 4 2 1 1 1011 100 86 105
6038 4 2 1 1 398 430 9 1140
6039 4 2 1 1 1250 226 263 75
$EndElements
